sleeper_id,gsis_id
1,00-0029041
10,00-0024331
100,00-0018227
1000,00-0027560
1001,00-0027917
1002,00-0027239
1003,00-0027606
1004,00-0027890
1005,00-0027679
1006,00-0027573
1007,00-0026699
1008,00-0027682
1009,00-0027595
101,00-0026407
1010,00-0026759
1011,00-0026950
1013,00-0027833
1014,00-0027583
1015,00-0026072
1017,00-0024030
1018,00-0026791
1019,00-0023013
102,00-0021940
1020,00-0028825
10210,00-0038564
10211,00-0038777
10212,00-0038589
10213,00-0038563
10214,00-0039074
10215,00-0038998
10216,00-0038636
10217,00-0038582
10218,00-0038618
10219,00-0038611
1022,00-0027253
10220,00-0038394
10221,00-0038647
10222,00-0039146
10223,00-0038396
10224,00-0038643
10225,00-0039062
10226,00-0038619
10227,00-0039050
10228,00-0038576
10229,00-0039067
1023,00-0027953
10231,00-0039041
10232,00-0038559
10233,00-0038637
10234,00-0038573
10235,00-0039021
10236,00-0038933
1024,00-0027235
1025,00-0029416
1026,00-0029429
1027,00-0029653
1028,00-0029412
1029,00-0029567
103,00-0026184
1030,00-0029435
1031,00-0029419
1032,00-0029409
1033,00-0029438
1034,00-0029239
1035,00-0029570
1036,00-0029240
1037,00-0029669
1038,00-0029585
1039,00-0029410
104,00-0026173
1040,00-0029272
1041,00-0029280
1042,00-0029287
1043,00-0029542
1044,00-0029561
10444,00-0038979
1045,00-0029660
1046,00-0029580
1047,00-0029107
1048,00-0029615
1049,00-0029701
105,00-0026280
1050,00-0026577
1051,00-0029559
1052,00-0029607
1053,00-0029040
1054,00-0028995
1055,00-0029268
1056,00-0029294
1057,00-0029378
1058,00-0029259
1059,00-0029384
106,00-0025838
1060,00-0029300
1061,00-0029388
1062,00-0029309
1063,00-0029252
1064,00-0028912
1065,00-0029414
10651,00-0038656
1066,00-0029215
1067,00-0029293
1068,00-0029560
1069,00-0029214
107,00-0022120
1071,00-0029632
1072,00-0029258
1073,00-0029590
1074,00-0029592
1075,00-0029428
1076,00-0029065
1077,00-0029269
1078,00-0028932
1079,00-0028924
108,00-0026364
1080,00-0029266
1081,00-0029279
1082,00-0029675
1083,00-0029253
1084,00-0029314
1085,00-0029677
10857,00-0039107
10859,00-0039065
1086,00-0029303
10860,00-0038911
10861,00-0038727
10862,00-0038583
10863,00-0038612
10865,00-0038495
10866,00-0038579
10867,00-0038752
10869,00-0038762
10870,00-0038518
10871,00-0038547
10872,00-0039006
10873,00-0039013
10874,00-0038995
10875,00-0038546
10877,00-0038545
10878,00-0039000
10879,00-0039063
1088,00-0029316
10880,00-0039018
10881,00-0039147
10882,00-0039151
10883,00-0039142
10885,00-0039112
10888,00-0038386
10889,00-0038541
1089,00-0028952
10891,00-0039169
10892,00-0039108
10894,00-0038549
10897,00-0039071
10898,00-0039111
10899,00-0039070
109,00-0026028
1090,00-0028954
10900,00-0039133
10901,00-0039110
10903,00-0039149
10904,00-0039148
10905,00-0039141
10906,00-0039156
10908,00-0039155
10909,00-0039143
1091,00-0029218
10911,00-0039047
10913,00-0039167
10914,00-0038553
10916,00-0039138
10917,00-0039137
10918,00-0038565
10919,00-0039002
1092,00-0029594
10921,00-0039068
10923,00-0038557
10924,00-0038937
10925,00-0038978
10926,00-0039054
10927,00-0038560
10928,00-0038939
10929,00-0039003
1093,00-0029566
10930,00-0038552
10931,00-0038561
10932,00-0039007
10933,00-0038556
10934,00-0038980
10935,00-0038504
10936,00-0038554
10937,00-0038562
10938,00-0038535
10939,00-0038578
1094,00-0029544
10940,00-0038577
10941,00-0038940
10942,00-0038575
10943,00-0038574
10944,00-0038505
10945,00-0038572
10947,00-0038570
10949,00-0038982
1095,00-0029529
10952,00-0038387
10954,00-0038568
10955,00-0038567
10957,00-0039031
10958,00-0039009
1096,00-0029589
10962,00-0039140
10963,00-0039072
10966,00-0038603
10967,00-0038602
10969,00-0038600
1097,00-0029708
10970,00-0038599
10971,00-0038983
10972,00-0038395
10973,00-0039076
10974,00-0038596
10975,00-0038392
10976,00-0038381
10978,00-0038594
1098,00-0029679
10980,00-0039049
10982,00-0038591
10983,00-0038391
10984,00-0038390
10985,00-0038588
10986,00-0038587
10988,00-0038585
10989,00-0038584
1099,00-0029421
10990,00-0038388
10991,00-0038581
10992,00-0038580
10993,00-0038403
10994,00-0038614
10995,00-0039134
10996,00-0039135
10997,00-0038613
10998,00-0039053
10999,00-0039051
11,00-0025824
110,00-0024333
1100,00-0029417
11000,00-0038399
11001,00-0038401
11002,00-0038985
11003,00-0038617
11004,00-0038404
11006,00-0038624
11007,00-0038610
11008,00-0038402
11009,00-0038398
1101,00-0029413
11010,00-0038626
11011,00-0038605
11014,00-0038984
11015,00-0038623
11017,00-0038625
11018,00-0038616
11019,00-0038620
1102,00-0029415
11020,00-0038604
11021,00-0039061
11022,00-0038414
11024,00-0038507
11025,00-0038648
11026,00-0038413
11027,00-0038646
11029,00-0038986
1103,00-0029643
11030,00-0038412
11031,00-0038644
11032,00-0038642
11033,00-0038641
11034,00-0038640
11035,00-0038506
11036,00-0038411
11037,00-0038639
11038,00-0038638
1104,00-0029673
11040,00-0039060
11041,00-0038635
11042,00-0038408
11043,00-0038634
11046,00-0038632
1105,00-0029689
11050,00-0038628
11051,00-0039059
11052,00-0038407
11053,00-0038627
11054,00-0038405
11056,00-0038728
11058,00-0038905
1106,00-0029547
11062,00-0038724
11065,00-0038658
11066,00-0039178
11068,00-0038839
1107,00-0029697
11070,00-0038830
11076,00-0038811
1108,00-0025920
11082,00-0038809
11084,00-0038801
11086,00-0038807
1109,00-0029554
11096,00-0038850
11098,00-0038851
11099,00-0038969
111,00-0024243
1110,00-0029608
11104,00-0038910
11105,00-0038902
11107,00-0038906
11108,00-0038908
1111,00-0029668
11114,00-0038862
11119,00-0038861
1112,00-0027187
11121,00-0038866
11122,00-0038865
1113,00-0029692
11132,00-0038674
11133,00-0038671
11135,00-0038666
11139,00-0038667
1114,00-0029707
11145,00-0038354
1115,00-0029050
11150,00-0038368
11157,00-0038840
1116,00-0029600
11160,00-0038841
11168,00-0038359
11169,00-0038385
1117,00-0029610
11170,00-0038949
11173,00-0038877
1118,00-0029620
11184,00-0038702
11185,00-0038703
11186,00-0038930
11192,00-0038904
11193,00-0038463
11199,00-0038705
112,00-0022824
1120,00-0029061
11201,00-0038710
11209,00-0038468
1121,00-0029563
11210,00-0038465
11214,00-0038744
11216,00-0038749
1122,00-0028946
11225,00-0038758
1123,00-0029683
11230,00-0038764
11232,00-0038883
11233,00-0038765
11237,00-0038896
1124,00-0029568
11247,00-0038887
1125,00-0028943
11251,00-0038890
11256,00-0038416
11257,00-0038891
11258,00-0038423
1126,00-0029682
11261,00-0038428
1127,00-0029577
11270,00-0038714
11272,00-0038719
11273,00-0038489
11276,00-0038484
11277,00-0038490
11278,00-0038487
1128,00-0029586
11280,00-0038488
11281,00-0038429
11288,00-0038437
1129,00-0029524
11290,00-0038475
11292,00-0038476
11297,00-0038479
11299,00-0038440
1130,00-0029298
11304,00-0038498
11305,00-0038493
11306,00-0038496
11309,00-0038494
1131,00-0029688
11311,00-0038492
11315,00-0038513
11319,00-0038514
11320,00-0038519
11325,00-0038521
11328,00-0038778
1133,00-0029274
11335,00-0038539
11336,00-0038782
11338,00-0038653
11339,00-0038657
1134,00-0029699
11343,00-0038663
11345,00-0038661
11347,00-0038651
11348,00-0038660
1135,00-0029628
11350,00-0038711
11352,00-0038715
11353,00-0038717
1136,00-0029627
1137,00-0029702
11370,00-0038685
11371,00-0038720
11376,00-0039677
11377,00-0038679
11378,00-0038678
1138,00-0029129
11381,00-0038456
11382,00-0038447
11384,00-0038458
1139,00-0029275
11391,00-0038684
11394,00-0038682
11395,00-0038696
11396,00-0038694
114,00-0023560
1141,00-0029249
11421,00-0038824
11425,00-0038827
11427,00-0038820
11429,00-0038823
1143,00-0029256
11432,00-0038958
11433,00-0038783
11435,00-0038797
11436,00-0038795
11439,00-0038794
1144,00-0029000
11440,00-0038788
11441,00-0038791
1145,00-0029676
11454,00-0038853
11455,00-0038848
11458,00-0038845
1146,00-0029641
11467,00-0038920
1147,00-0029634
11470,00-0038922
11472,00-0038957
11474,00-0038953
11479,00-0038961
1148,00-0029647
11481,00-0038966
11483,00-0038965
11487,00-0038655
11489,00-0038523
1149,00-0029137
11495,00-0038680
115,00-0022581
1150,00-0029250
11505,00-0038734
11506,00-0038740
11508,00-0038735
1151,00-0029493
11510,00-0038738
11511,00-0038741
11512,00-0038742
11514,00-0038737
1152,00-0029276
11520,00-0038181
11528,00-0039043
11533,00-0037692
11535,00-0038348
11539,00-0039172
1154,00-0029209
1155,00-0029216
11556,00-0039801
11557,00-0039398
11559,00-0039917
1156,00-0029213
11560,00-0039918
11561,00-0039238
11562,00-0039376
11563,00-0039732
11564,00-0039851
11565,00-0039923
11566,00-0039910
11567,00-0039797
11568,00-0039573
11569,00-0040692
1157,00-0029217
11570,00-0039796
11571,00-0039798
11573,00-0039471
11574,00-0039407
11575,00-0039875
11576,00-0039794
11577,00-0039746
11579,00-0039373
1158,00-0029234
11580,00-0039647
11581,00-0039811
11582,00-0039325
11583,00-0039344
11584,00-0039361
11586,00-0039738
11588,00-0039405
11589,00-0039921
1159,00-0029672
11590,00-0039393
11592,00-0039814
11593,00-0039530
11595,00-0039824
11596,00-0039912
11597,00-0039847
11598,00-0039399
11599,00-0039359
1160,00-0029212
11600,00-0039356
11603,00-0039793
11604,00-0039338
11605,00-0039420
11606,00-0039613
11608,00-0039451
1161,00-0029407
11610,00-0039880
11615,00-0039747
11616,00-0039365
11617,00-0039920
11618,00-0039855
11619,00-0039907
1162,00-0029267
11620,00-0039919
11621,00-0039415
11623,00-0039751
11624,00-0039894
11625,00-0039890
11626,00-0039342
11627,00-0039868
11628,00-0039849
11629,00-0039792
1163,00-0029312
11630,00-0039739
11631,00-0039893
11632,00-0039337
11633,00-0039379
11635,00-0039915
11636,00-0039236
11637,00-0039901
11638,00-0039916
1164,00-0029262
11640,00-0039810
11643,00-0039874
11644,00-0039703
11645,00-0039853
11646,00-0039491
11647,00-0039391
11648,00-0039577
11649,00-0039266
1165,00-0029281
11650,00-0039355
11651,00-0039363
11652,00-0039228
11654,00-0039230
11655,00-0039384
11656,00-0039232
11658,00-0039854
1166,00-0029604
11661,00-0039903
11662,00-0039888
11663,00-0039911
11665,00-0039852
11667,00-0039924
11668,00-0039309
11669,00-0039340
1167,00-0028996
11674,00-0039861
11675,00-0039860
11676,00-0039898
11677,00-0039734
11678,00-0039841
11679,00-0039902
1168,00-0029139
11682,00-0039872
11685,00-0039343
11686,00-0039867
11687,00-0039850
11688,00-0039908
11689,00-0039862
1169,00-0029665
11691,00-0039886
11692,00-0039895
11693,00-0039807
11694,00-0039900
11695,00-0039733
11697,00-0039345
11698,00-0039889
11699,00-0039906
117,00-0022080
1170,00-0029141
11700,00-0039821
11701,00-0039346
11703,00-0039740
11705,00-0039846
11706,00-0039873
1171,00-0029545
11710,00-0039838
11712,00-0039812
11713,00-0039354
11714,00-0039809
11716,00-0039737
11717,00-0039823
1172,00-0029187
11720,00-0039352
11721,00-0039837
11722,00-0039791
11724,00-0039347
11725,00-0039353
11726,00-0039834
11727,00-0039741
11728,00-0039825
11729,00-0039364
1173,00-0029051
11730,00-0039234
11731,00-0039360
11732,00-0039745
11734,00-0039815
11736,00-0039743
11738,00-0039357
11739,00-0039813
1174,00-0029284
11740,00-0039859
11741,00-0039856
11742,00-0039858
11743,00-0039835
11744,00-0039864
11747,00-0039388
11748,00-0039386
11749,00-0039369
1175,00-0029261
11750,00-0039381
11751,00-0039836
11752,00-0039826
11753,00-0039795
11754,00-0039877
11755,00-0039789
11757,00-0039878
11759,00-0039879
1176,00-0029130
11760,00-0039840
11761,00-0039374
11762,00-0039816
11763,00-0039818
11764,00-0039375
11765,00-0039371
11766,00-0039372
11767,00-0039367
11769,00-0039387
1177,00-0029408
11770,00-0039370
11771,00-0039380
11772,00-0039378
11773,00-0039385
11775,00-0039383
11777,00-0039377
11778,00-0039368
11779,00-0039366
1178,00-0029201
11781,00-0039883
11783,00-0039410
11785,00-0039752
11786,00-0039409
11787,00-0039831
11789,00-0039750
1179,00-0029257
11790,00-0039406
11792,00-0039404
11794,00-0039403
11795,00-0039402
11796,00-0039401
11797,00-0039881
11798,00-0039400
11799,00-0039749
118,00-0019646
1180,00-0029270
11800,00-0039748
11801,00-0039800
11802,00-0039397
11804,00-0039396
11805,00-0039395
11806,00-0039394
11807,00-0039829
11808,00-0039392
11809,00-0039390
1181,00-0029248
11811,00-0039389
11815,00-0039437
11816,00-0039412
11819,00-0039421
1182,00-0029285
11820,00-0039754
11821,00-0039884
11822,00-0039802
11825,00-0039418
11826,00-0039413
11827,00-0039423
11828,00-0039433
11829,00-0039427
1183,00-0029304
11830,00-0039239
11831,00-0039414
11834,00-0039424
11835,00-0039436
11836,00-0039417
11837,00-0039416
11839,00-0039432
1184,00-0029254
11841,00-0039235
11842,00-0039435
11843,00-0039429
11844,00-0039425
11846,00-0039431
11847,00-0039430
1185,00-0029205
11851,00-0039534
11855,00-0039539
11857,00-0039455
1186,00-0029657
11860,00-0039454
11861,00-0039457
11864,00-0039661
11872,00-0039660
1188,00-0029661
11885,00-0039543
11886,00-0039541
1189,00-0029667
11893,00-0039622
11895,00-0039623
11896,00-0039610
11897,00-0039614
11898,00-0039611
11899,00-0039620
119,00-0024303
1190,00-0029208
11900,00-0039617
11901,00-0039621
11905,00-0039714
11906,00-0039709
11907,00-0039707
11908,00-0039715
1191,00-0029658
1192,00-0029562
11921,00-0039521
11923,00-0039696
11924,00-0039699
11925,00-0039701
11929,00-0039718
1193,00-0029418
11930,00-0039720
11931,00-0039464
11934,00-0039681
1194,00-0029087
11941,00-0039730
11942,00-0039686
11943,00-0039684
11946,00-0039683
11947,00-0039678
11949,00-0039649
1195,00-0029613
11951,00-0039241
11959,00-0039650
1196,00-0029422
11963,00-0039244
11964,00-0039259
11969,00-0039473
1197,00-0029630
11974,00-0039640
1198,00-0028878
11986,00-0039587
11989,00-0039595
1199,00-0028871
11990,00-0039585
11993,00-0039586
11994,00-0039589
11998,00-0039311
12,00-0025446
120,00-0016919
1200,00-0028957
12005,00-0039477
12007,00-0039529
12009,00-0039501
1201,00-0029614
12011,00-0039601
12013,00-0039503
12015,00-0039498
1202,00-0028872
12029,00-0039278
1203,00-0029681
12030,00-0039284
12031,00-0039289
12036,00-0039466
12037,00-0039465
1204,00-0029690
12045,00-0039305
12048,00-0039299
1205,00-0028899
12050,00-0039306
12056,00-0039285
12057,00-0039637
12058,00-0039632
1206,00-0029626
12062,00-0039631
12068,00-0039702
1207,00-0028870
12070,00-0039263
12076,00-0039634
12079,00-0039518
1208,00-0029640
12080,00-0039516
12083,00-0039515
12087,00-0039526
12089,00-0039532
1209,00-0029575
12096,00-0039510
121,00-0025524
1210,00-0029578
12102,00-0039267
1211,00-0029587
12111,00-0039565
12114,00-0039552
12115,00-0039692
1212,00-0029687
12124,00-0039483
12128,00-0039450
1213,00-0029606
12130,00-0039440
12132,00-0039772
12133,00-0039773
12137,00-0039770
12138,00-0039783
12139,00-0039777
1214,00-0029576
12140,00-0039774
12142,00-0039776
12146,00-0039486
12147,00-0039481
1215,00-0029572
1216,00-0029530
12160,00-0039453
12161,00-0039448
12163,00-0039323
12164,00-0039318
1217,00-0029343
12171,00-0039603
12172,00-0039606
1218,00-0029639
12182,00-0039312
12183,00-0039324
12185,00-0039576
1219,00-0029638
12190,00-0039575
12196,00-0039725
122,00-0023921
1220,00-0029546
1221,00-0029531
12210,00-0039626
12212,00-0039728
1222,00-0029528
12224,00-0039562
12227,00-0039775
1223,00-0028903
12230,00-0039780
12234,00-0039292
12238,00-0039291
1224,00-0029292
12242,00-0039296
12243,00-0039245
1225,00-0029260
12255,00-0039313
12256,00-0039316
1226,00-0029654
12269,00-0039333
1227,00-0029278
12270,00-0039334
1228,00-0029297
1229,00-0029277
1230,00-0029295
1231,00-0029308
12319,00-0039764
1232,00-0029273
1233,00-0029255
1234,00-0029263
12345,00-0039697
1235,00-0029619
12356,00-0039652
12357,00-0039648
1236,00-0029048
12370,00-0039914
12374,00-0039458
1238,00-0028845
12385,00-0039934
12389,00-0039489
12391,00-0039494
12397,00-0039763
124,00-0026275
1240,00-0029617
12402,00-0039766
1241,00-0029142
12412,00-0039757
1242,00-0029193
12420,00-0039865
12421,00-0039869
12427,00-0037799
1243,00-0029146
12436,00-0039944
12438,00-0039945
1244,00-0029664
1245,00-0029134
12455,00-0040078
12457,00-0040586
1246,00-0028994
12460,00-0040438
12462,00-0040651
12467,00-0040177
12469,00-0040162
1247,00-0029033
12470,00-0040206
12471,00-0040179
12472,00-0040466
12473,00-0040187
12474,00-0040583
12475,00-0040653
12476,00-0040202
12477,00-0040589
12478,00-0040551
12479,00-0040332
1248,00-0029666
12480,00-0040244
12481,00-0040715
12482,00-0040009
12483,00-0040729
12484,00-0040130
12485,00-0040237
12486,00-0040704
12487,00-0040737
12489,00-0040730
1249,00-0029291
12490,00-0040719
12491,00-0040556
12492,00-0040134
12493,00-0040189
12494,00-0040014
12495,00-0040198
12496,00-0040154
12497,00-0040648
12498,00-0040736
12499,00-0040170
125,00-0026190
1250,00-0028841
12500,00-0040234
12501,00-0040667
12502,00-0040584
12503,00-0040782
12504,00-0040142
12505,00-0040646
12506,00-0040663
12507,00-0040666
12508,00-0040691
12509,00-0040727
1251,00-0029138
12510,00-0040673
12511,00-0040203
12512,00-0040784
12514,00-0040129
12515,00-0040400
12516,00-0040205
12517,00-0040126
12518,00-0040128
12519,00-0040735
1252,00-0029622
12520,00-0040522
12521,00-0040739
12522,00-0040676
12523,00-0040218
12524,00-0040668
12526,00-0040124
12527,00-0040122
12529,00-0040734
1253,00-0029123
12530,00-0040718
12531,00-0040644
12532,00-0040315
12533,00-0040242
12534,00-0040236
12535,00-0040669
12536,00-0040138
12538,00-0040398
12539,00-0040582
1254,00-0029691
12540,00-0040705
12541,00-0040581
12542,00-0040563
12543,00-0040208
12544,00-0040238
12545,00-0040743
12547,00-0040131
12548,00-0040003
1255,00-0029670
12552,00-0040706
12554,00-0040672
12556,00-0040725
12557,00-0040720
12559,00-0040008
1256,00-0029694
12560,00-0040756
12561,00-0040678
12562,00-0040746
12564,00-0040127
12565,00-0040751
12566,00-0040708
12567,00-0040688
12568,00-0040577
12571,00-0040722
12573,00-0040685
12574,00-0040677
12576,00-0040747
12578,00-0040579
12579,00-0040137
1258,00-0029111
12580,00-0040132
12581,00-0040694
12583,00-0040752
12584,00-0040641
12585,00-0040578
12587,00-0040171
12588,00-0040141
1259,00-0029693
12590,00-0040721
12591,00-0040148
12593,00-0040160
12594,00-0040744
12595,00-0040731
12596,00-0040709
12597,00-0040733
126,00-0026393
1260,00-0029143
12601,00-0040133
12602,00-0040660
12603,00-0040546
12604,00-0040749
12605,00-0040143
12609,00-0040249
1261,00-0029678
12610,00-0040136
12611,00-0040159
12612,00-0040724
12614,00-0040011
12615,00-0040748
12616,00-0040741
12617,00-0040738
12618,00-0040642
12619,00-0040643
1262,00-0029623
12620,00-0040144
12621,00-0040580
12622,00-0040670
12623,00-0040640
12625,00-0040139
12626,00-0040149
12628,00-0040153
1263,00-0029264
12630,00-0040135
12631,00-0040152
12632,00-0040145
12634,00-0040172
12635,00-0040169
12636,00-0040168
12637,00-0040167
12638,00-0040166
12639,00-0040165
1264,00-0029597
12640,00-0040069
12641,00-0040164
12643,00-0040161
12644,00-0040010
12645,00-0040158
12646,00-0040157
12647,00-0040156
12648,00-0040645
12649,00-0040711
1265,00-0029612
12650,00-0040155
12651,00-0040662
12652,00-0040710
12653,00-0040723
12654,00-0040716
12655,00-0040196
12656,00-0040649
12657,00-0040195
12658,00-0040194
12659,00-0040588
1266,00-0029621
12661,00-0040192
12662,00-0040191
12665,00-0040188
12666,00-0040186
12667,00-0040013
12668,00-0040185
12669,00-0040012
1267,00-0029709
12670,00-0040184
12671,00-0040183
12672,00-0040072
12673,00-0040182
12675,00-0040178
12676,00-0040585
12677,00-0040176
12678,00-0040071
12679,00-0040175
12680,00-0040647
12682,00-0040174
12683,00-0040173
12684,00-0040216
12687,00-0040197
12688,00-0040222
12689,00-0040199
1269,00-0029091
12690,00-0040220
12691,00-0040207
12693,00-0040223
12694,00-0040221
12695,00-0040077
12696,00-0040076
12697,00-0040018
12699,00-0040075
127,00-0020578
1270,00-0029684
12700,00-0040215
12701,00-0040214
12702,00-0040213
12704,00-0040016
12705,00-0040211
12706,00-0040761
12708,00-0040209
1271,00-0022684
12710,00-0040204
12711,00-0040074
12712,00-0040201
12713,00-0040200
12714,00-0040073
12715,00-0040225
12716,00-0040243
12717,00-0040251
12718,00-0040590
1272,00-0028834
12720,00-0040248
12721,00-0040239
12722,00-0040228
12723,00-0040235
12724,00-0040229
12725,00-0040250
12726,00-0040252
12730,00-0040020
12731,00-0040233
12732,00-0040241
12733,00-0040231
12734,00-0040232
12735,00-0040240
12736,00-0040230
12737,00-0040019
12738,00-0040021
12739,00-0040022
1274,00-0028892
12743,00-0040247
12746,00-0040275
1275,00-0029510
1276,00-0028906
12761,00-0040375
12765,00-0040363
1277,00-0029696
12772,00-0040445
12773,00-0040464
12775,00-0040494
12777,00-0040443
1278,00-0028942
12781,00-0040449
12787,00-0040429
1279,00-0028666
12790,00-0040416
12797,00-0040260
128,00-0023496
12803,00-0040461
1281,00-0029463
12817,00-0040081
1282,00-0029053
12826,00-0040476
12829,00-0040352
1283,00-0029329
12835,00-0040460
12838,00-0040471
1284,00-0029004
12840,00-0040468
12849,00-0040048
1285,00-0029595
12853,00-0040043
12855,00-0040045
1286,00-0029553
12860,00-0040311
12863,00-0040298
12866,00-0040301
12868,00-0040028
1287,00-0028787
12879,00-0040496
1288,00-0028171
12883,00-0040552
12884,00-0040553
12889,00-0040432
1289,00-0029400
12897,00-0040547
12898,00-0040330
129,00-0026294
1290,00-0029159
12909,00-0040337
1291,00-0029479
12910,00-0040329
12917,00-0040326
1292,00-0028345
12925,00-0040405
12927,00-0040041
12928,00-0040039
1293,00-0029441
12935,00-0040388
12938,00-0040390
12939,00-0040394
1294,00-0029574
12940,00-0040526
12942,00-0040507
12948,00-0040501
12954,00-0040393
12955,00-0040527
12956,00-0040289
12957,00-0040296
1296,00-0028958
12961,00-0040279
12969,00-0040568
1297,00-0028835
12971,00-0040534
12972,00-0040531
12978,00-0040574
1298,00-0027539
12981,00-0040571
12984,00-0040566
1299,00-0028415
12993,00-0040486
13,00-0024417
130,00-0024535
1300,00-0029118
13000,00-0040613
1301,00-0028374
13011,00-0040597
13019,00-0040489
1302,00-0028836
13024,00-0040100
1303,00-0027925
1304,00-0028876
13047,00-0040067
13048,00-0040056
1305,00-0028581
1306,00-0028249
1307,00-0029588
13072,00-0040630
13074,00-0040558
13075,00-0040506
13079,00-0040277
1308,00-0029492
131,00-0026166
1310,00-0029144
13101,00-0040259
13104,00-0040255
1311,00-0029191
1312,00-0029319
13120,00-0040317
13121,00-0040509
13122,00-0040488
1313,00-0028362
13130,00-0040066
1314,00-0029315
1315,00-0028941
13150,00-0040024
13151,00-0040058
13165,00-0040261
1317,00-0028961
13172,00-0040636
13174,00-0040118
13176,00-0040318
13179,00-0040265
1318,00-0029076
13187,00-0040625
13189,00-0040617
1319,00-0029220
13199,00-0040621
132,00-0024410
1320,00-0028722
13202,00-0040629
1321,00-0029155
13215,00-0040654
13217,00-0040656
1322,00-0029006
1323,00-0029391
1324,00-0029317
1325,00-0029508
1326,00-0029520
13264,00-0040785
13268,00-0040876
13269,00-0041562
1327,00-0029010
13272,00-0041561
13273,00-0040887
13274,00-0041489
13275,00-0041568
13276,00-0041511
13277,00-0041326
13278,00-0041510
13279,00-0041438
1328,00-0029310
13281,00-0041029
13282,00-0041116
13285,00-0041042
13286,00-0041512
13287,00-0041027
13288,00-0040886
13289,00-0041565
1329,00-0028237
13293,00-0040870
13294,00-0040867
13295,00-0041123
13296,00-0041523
13297,00-0041070
13298,00-0041547
13299,00-0041503
133,00-0022897
1330,00-0029311
13301,00-0041040
13302,00-0040888
13303,00-0041056
13305,00-0040878
13306,00-0041092
13307,00-0041472
13308,00-0041094
1331,00-0029165
13311,00-0041525
13313,00-0040895
13314,00-0041453
13315,00-0041415
13316,00-0041257
13317,00-0041048
13318,00-0041248
13319,00-0041041
1332,00-0029740
13320,00-0041044
13321,00-0041422
13322,00-0041558
13325,00-0040934
13329,00-0040894
1333,00-0030147
13330,00-0041032
13333,00-0041132
13335,00-0040891
13336,00-0041293
13337,00-0041013
13338,00-0041529
13339,00-0041277
1334,00-0030148
13342,00-0040955
13343,00-0041185
13345,00-0041496
13346,00-0041037
13347,00-0041104
13348,00-0041217
13349,00-0041483
1335,00-0030149
13350,00-0040981
13353,00-0041047
13356,00-0041216
1336,00-0030150
13365,00-0041479
1337,00-0030142
13375,00-0041028
13377,00-0041509
13379,00-0041502
1338,00-0030533
13380,00-0041550
13381,00-0040872
13388,00-0041039
1339,00-0030061
13391,00-0041495
13392,00-0040953
13394,00-0041100
134,00-0025411
1340,00-0030561
13400,00-0041077
13401,00-0040939
13402,00-0041443
13403,00-0041129
13404,00-0040906
13405,00-0041096
13408,00-0041084
13409,00-0041158
1341,00-0030111
13410,00-0041004
13411,00-0041051
13412,00-0041446
13413,00-0040890
13414,00-0041052
13415,00-0041149
13416,00-0040998
13417,00-0041035
13418,00-0041178
13419,00-0040959
1342,00-0030507
13420,00-0041067
13421,00-0041395
13422,00-0040901
13423,00-0041490
13424,00-0041125
13425,00-0041251
13429,00-0041579
1343,00-0030114
13432,00-0041357
13433,00-0041398
13434,00-0041524
13435,00-0041087
13437,00-0041312
1344,00-0030080
13445,00-0041033
1345,00-0030401
13453,00-0041522
13454,00-0041391
13455,00-0041036
13457,00-0041569
13458,00-0041441
1346,00-0030068
13460,00-0041494
13464,00-0041046
13466,00-0041553
13468,00-0040869
13469,00-0041464
1347,00-0030049
13470,00-0041393
13472,00-0041552
13476,00-0041045
13477,00-0041069
13478,00-0041068
13479,00-0041527
1348,00-0030098
13480,00-0040880
13481,00-0041518
13482,00-0041066
13484,00-0041526
13485,00-0041063
13488,00-0041444
13489,00-0041060
1349,00-0030526
13490,00-0041465
13491,00-0041397
13492,00-0040877
13493,00-0041059
13494,00-0041442
13496,00-0040875
135,00-0023742
1350,00-0030084
13500,00-0041497
13501,00-0041557
13503,00-0041555
13504,00-0041549
13506,00-0041091
13508,00-0040889
1351,00-0028488
13512,00-0041085
13513,00-0041083
13514,00-0040885
13518,00-0041080
13519,00-0041079
1352,00-0030431
13520,00-0041078
13524,00-0041075
13527,00-0041072
1353,00-0030433
13531,00-0041102
13533,00-0041099
1354,00-0030384
13541,00-0041467
13542,00-0041109
13544,00-0040896
13547,00-0041447
1355,00-0030395
13551,00-0041093
13552,00-0041484
13554,00-0041106
13555,00-0041112
13556,00-0041114
13557,00-0041117
13558,00-0041534
1356,00-0030555
13562,00-0040908
13563,00-0040904
13565,00-0040903
13566,00-0041531
13569,00-0041115
1357,00-0030422
13571,00-0040902
13572,00-0041449
13573,00-0041402
13575,00-0041448
13577,00-0041133
13579,00-0041134
1358,00-0030390
13580,00-0041131
13582,00-0040900
13584,00-0040907
13588,00-0041122
1359,00-0030484
13591,00-0040922
13593,00-0041301
13595,00-0041191
13600,00-0040919
13601,00-0041279
13607,00-0041372
1361,00-0030426
1362,00-0030474
13621,00-0041342
1363,00-0030475
13633,00-0041381
13635,00-0041382
1364,00-0030421
13643,00-0041329
1365,00-0030540
13650,00-0041218
1366,00-0030383
1367,00-0030411
13670,00-0041368
13674,00-0041179
1368,00-0030083
1369,00-0030112
13696,00-0041272
137,00-0026177
13706,00-0041148
13708,00-0041152
1371,00-0030592
1372,00-0030573
13725,00-0040937
13726,00-0040930
1373,00-0030565
13733,00-0040978
13739,00-0041455
1374,00-0030066
1375,00-0029897
1376,00-0030458
1377,00-0030559
13770,00-0040948
13771,00-0040944
13776,00-0040912
13778,00-0040964
1378,00-0029895
13787,00-0041227
1379,00-0029892
138,00-0022924
1380,00-0029894
1381,00-0030442
13810,00-0041403
13816,00-0041156
1382,00-0029893
13826,00-0041199
13827,00-0041314
13828,00-0041316
1383,00-0030511
1384,00-0029815
1386,00-0030456
13860,00-0041305
1387,00-0030288
1388,00-0030549
13895,00-0041006
139,00-0026243
1390,00-0030290
13906,00-0040946
13915,00-0041321
1392,00-0030449
1393,00-0030126
1394,00-0030281
13946,00-0041244
13949,00-0041139
1395,00-0030471
1396,00-0029853
13964,00-0041323
13965,00-0026836
1397,00-0029741
13971,00-0041338
13981,00-0041292
1399,00-0022888
14,00-0025431
140,00-0025945
1400,00-0029844
1402,00-0030553
14026,00-0041436
14034,00-0041451
14035,00-0041459
1404,00-0030556
1405,00-0030558
1407,00-0029963
1408,00-0030496
1409,00-0030466
141,00-0030222
1410,00-0030499
1411,00-0030524
1412,00-0030412
1413,00-0030460
1414,00-0030500
1415,00-0030434
1416,00-0030488
1417,00-0030502
1418,00-0030521
1419,00-0030486
142,00-0021678
1420,00-0030491
1421,00-0030593
1422,00-0030489
1423,00-0030541
1424,00-0030105
1425,00-0030108
1426,00-0030564
1427,00-0030473
1428,00-0030097
1429,00-0030566
143,00-0026178
1430,00-0030106
1433,00-0029822
1434,00-0029825
1436,00-0030129
1438,00-0030082
1439,00-0030071
144,00-0026349
1440,00-0030563
1441,00-0030117
1442,00-0029747
1443,00-0030538
1444,00-0030557
1445,00-0030539
1446,00-0030435
1448,00-0030451
1449,00-0030547
145,00-0026163
1450,00-0030550
1451,00-0029854
1453,00-0029799
1454,00-0030522
1455,00-0030394
1456,00-0030091
1457,00-0030096
1458,00-0030086
1459,00-0030523
146,00-0024061
1460,00-0030577
1461,00-0030109
1462,00-0030462
1463,00-0030280
1464,00-0030584
1465,00-0030508
1466,00-0030506
1467,00-0030094
1468,00-0029755
1469,00-0029762
147,00-0026189
1470,00-0030517
1471,00-0030516
1472,00-0030572
1473,00-0030512
1474,00-0030515
1475,00-0030529
1476,00-0030513
1477,00-0030514
1478,00-0030579
1479,00-0030279
148,00-0026237
1480,00-0030505
1482,00-0030278
1484,00-0030286
1485,00-0030544
1486,00-0030546
1487,00-0030388
1488,00-0030403
1489,00-0030543
149,00-0026282
1490,00-0030542
1491,00-0030128
1492,00-0030063
1494,00-0030069
1495,00-0030586
1496,00-0030585
1497,00-0030087
1498,00-0030420
1499,00-0030289
15,00-0025398
150,00-0024257
1500,00-0030472
1501,00-0030423
1502,00-0030404
1503,00-0030134
1504,00-0030275
1505,00-0030135
1506,00-0030140
1507,00-0030064
1508,00-0030027
1509,00-0030441
151,00-0026266
1510,00-0030046
1511,00-0030048
1512,00-0030047
1513,00-0030059
1514,00-0030095
1515,00-0030124
1516,00-0030092
1517,00-0030107
1518,00-0030062
1519,00-0030065
152,00-0025413
1520,00-0030110
1521,00-0030074
1522,00-0030119
1523,00-0030093
1524,00-0030116
1525,00-0030090
1526,00-0030576
1527,00-0030485
1528,00-0030104
1529,00-0030076
153,00-0026330
1530,00-0030113
1531,00-0030574
1532,00-0030385
1533,00-0030405
1534,00-0030392
1535,00-0030578
1536,00-0030575
1537,00-0029770
1538,00-0029786
1539,00-0029792
154,00-0024279
1540,00-0030528
1541,00-0030424
1542,00-0030427
1543,00-0030425
1544,00-0030569
1545,00-0030562
1546,00-0030465
1547,00-0030463
1548,00-0030455
1549,00-0030448
155,00-0022811
1550,00-0029857
1551,00-0029729
1552,00-0030067
1553,00-0030070
1554,00-0030101
1555,00-0030085
1556,00-0030060
1557,00-0030469
1558,00-0030386
1559,00-0030520
156,00-0025557
1560,00-0030391
1561,00-0030387
1562,00-0030402
1563,00-0029794
1564,00-0029795
1565,00-0029764
1567,00-0030525
1568,00-0030532
157,00-0024218
1570,00-0030530
1571,00-0030535
1572,00-0030527
1573,00-0030536
1574,00-0030590
1575,00-0030287
1576,00-0030459
1577,00-0030382
1578,00-0030503
1579,00-0030282
158,00-0021235
1580,00-0030504
1582,00-0030457
1583,00-0030127
1584,00-0030120
1585,00-0030088
1586,00-0030518
1587,00-0030470
1588,00-0030100
1589,00-0030450
159,00-0021146
1590,00-0030548
1592,00-0029738
1593,00-0030210
1595,00-0030077
1596,00-0030432
1597,00-0030118
1599,00-0030487
16,00-0026195
160,00-0025421
1600,00-0030123
1601,00-0030414
1602,00-0030081
1603,00-0030089
1604,00-0029848
1605,00-0029860
1606,00-0029876
1608,00-0030170
1609,00-0030171
161,00-0030251
1610,00-0030175
1611,00-0029863
1612,00-0030151
1614,00-0030154
1616,00-0030160
1617,00-0030161
1618,00-0030162
1619,00-0030155
1620,00-0030312
1621,00-0030313
1623,00-0030317
1624,00-0030320
1625,00-0030322
1626,00-0029869
1627,00-0029868
1628,00-0029883
1629,00-0029886
1630,00-0029927
1631,00-0029934
1633,00-0029901
1635,00-0029910
1636,00-0029878
1637,00-0029879
1638,00-0029888
1639,00-0029889
164,00-0024339
1640,00-0029890
1641,00-0030079
1642,00-0030443
1643,00-0030023
1644,00-0030024
1646,00-0029972
1648,00-0029974
1649,00-0029975
165,00-0029601
1650,00-0029977
1652,00-0029981
1653,00-0029992
1654,00-0029999
1655,00-0030000
1656,00-0030001
1657,00-0030010
1658,00-0030011
1659,00-0030017
166,00-0023176
1660,00-0030020
1661,00-0029940
1662,00-0029942
1663,00-0029946
1664,00-0029951
1665,00-0029952
1666,00-0029955
1667,00-0029958
1668,00-0029959
167,00-0019596
1670,00-0030025
1671,00-0030039
1672,00-0030041
1673,00-0030043
1674,00-0030228
1675,00-0030400
1676,00-0030231
1678,00-0030240
1679,00-0030241
168,00-0023096
1680,00-0030246
1681,00-0030247
1682,00-0030248
1683,00-0030263
1684,00-0030300
1685,00-0030309
1686,00-0030294
1688,00-0030033
1689,00-0030035
169,00-0020337
1691,00-0030034
1692,00-0029891
1693,00-0029931
1694,00-0029984
1695,00-0030519
1696,00-0032769
1697,00-0030121
1698,00-0029104
1699,00-0028984
17,00-0023853
170,00-0026232
1700,00-0030196
1701,00-0030202
1702,00-0030273
1703,00-0028908
1704,00-0028795
1706,00-0030181
1707,00-0028347
1708,00-0028846
1709,00-0029731
171,00-0025425
1710,00-0030052
1713,00-0030551
1715,00-0029534
1716,00-0029068
1717,00-0030258
1718,00-0029119
172,00-0024239
1720,00-0030348
1721,00-0029714
1722,00-0029164
1724,00-0030187
1728,00-0027282
1729,00-0029629
173,00-0027616
1730,00-0028240
1732,00-0030235
1733,00-0029299
1734,00-0030224
1735,00-0030131
1736,00-0030259
1737,00-0028986
1738,00-0029495
1739,00-0029432
174,00-0023656
1740,00-0028698
1741,00-0030410
1742,00-0029394
1743,00-0029336
1744,00-0030254
1745,00-0028284
1746,00-0029655
1747,00-0030419
1749,00-0030272
175,00-0026176
1750,00-0028907
1753,00-0028830
1755,00-0030221
1756,00-0030072
1758,00-0028918
1759,00-0028838
176,00-0026281
1761,00-0030583
1762,00-0029744
1763,00-0026722
1764,00-0030380
1765,00-0030274
177,00-0022427
1770,00-0030050
1771,00-0028627
1772,00-0029367
1773,00-0029112
1774,00-0030197
1775,00-0030219
1777,00-0030216
1778,00-0030370
178,00-0022787
1780,00-0030371
1785,00-0030615
1786,00-0028974
1787,00-0028987
1788,00-0031089
1789,00-0030706
179,00-0024217
1790,00-0030707
1792,00-0030709
1793,00-0030710
1794,00-0030711
1796,00-0031179
1798,00-0030990
180,00-0026160
1800,00-0031299
1802,00-0031312
1803,00-0031371
1805,00-0030648
1806,00-0031173
1807,00-0029151
1808,00-0031171
1809,00-0031016
181,00-0025430
1811,00-0031029
1813,00-0031026
1814,00-0031335
1815,00-0030908
1817,00-0031325
1818,00-0031307
1819,00-0030860
182,00-0026069
1820,00-0031317
1821,00-0031315
1822,00-0031417
1823,00-0030864
1825,00-0031382
1826,00-0030869
1827,00-0031286
1828,00-0031208
1829,00-0030621
183,00-0026145
1830,00-0030871
1831,00-0031313
1832,00-0031433
1833,00-0030874
1834,00-0031218
1835,00-0031425
1836,00-0031067
1837,00-0031345
1838,00-0030682
184,00-0025394
1840,00-0031185
1841,00-0030685
1843,00-0031081
1844,00-0031156
1845,00-0030687
1847,00-0031192
1848,00-0031062
1849,00-0031042
185,00-0022123
1851,00-0031328
1852,00-0031017
1853,00-0031024
1854,00-0031023
1855,00-0031056
1856,00-0031018
1857,00-0030946
1858,00-0031414
1859,00-0031343
186,00-0023445
1860,00-0031031
1861,00-0031000
1862,00-0031053
1864,00-0031338
1865,00-0030691
1866,00-0031025
1868,00-0030992
187,00-0023448
1870,00-0030694
1871,00-0030695
1872,00-0031170
1874,00-0030697
1875,00-0031296
1876,00-0030699
1877,00-0030700
1879,00-0030703
188,00-0022803
1880,00-0031066
1881,00-0031177
1883,00-0030998
1884,00-0031306
1885,00-0031304
1886,00-0030777
1887,00-0031380
1889,00-0031290
189,00-0026175
1891,00-0030780
1892,00-0031301
1893,00-0030781
1895,00-0031288
1897,00-0030785
1898,00-0031291
1899,00-0030653
19,00-0026158
1900,00-0031426
1901,00-0030656
1902,00-0031331
1903,00-0031228
1904,00-0031438
1905,00-0031361
1906,00-0030659
1907,00-0031409
1908,00-0031229
1909,00-0031232
191,00-0026233
1910,00-0030661
1911,00-0030663
1912,00-0031375
1913,00-0031253
1914,00-0031392
1915,00-0031194
1916,00-0031373
1918,00-0031314
1919,00-0030881
192,00-0025569
1920,00-0030883
1921,00-0031193
1923,00-0031340
1924,00-0031365
1925,00-0031412
1928,00-0030789
1929,00-0031112
193,00-0025435
1930,00-0031059
1932,00-0031054
1933,00-0031442
1934,00-0030792
1935,00-0031266
1936,00-0031113
1937,00-0031413
1938,00-0030796
194,00-0020498
1940,00-0031263
1941,00-0031135
1942,00-0031098
1944,00-0031075
1945,00-0031136
1946,00-0031138
1947,00-0031364
1948,00-0031140
1949,00-0031142
195,00-0023503
1950,00-0031039
1951,00-0031302
1952,00-0031087
1954,00-0031049
1955,00-0031074
1956,00-0031085
1957,00-0031064
1958,00-0031410
1959,00-0031225
196,00-0026151
1960,00-0031151
1961,00-0031152
1963,00-0030649
1964,00-0031028
1965,00-0031105
1969,00-0030650
197,00-0026343
1971,00-0031339
1972,00-0030634
1973,00-0030995
1974,00-0030850
1975,00-0030854
1976,00-0030855
1977,00-0030652
1978,00-0030856
1979,00-0031407
198,00-0024264
1980,00-0031191
1981,00-0031103
1982,00-0031259
1984,00-0030821
1985,00-0030822
1986,00-0031243
1987,00-0031431
1988,00-0031369
1989,00-0030824
199,00-0023177
1990,00-0030825
1992,00-0031428
1993,00-0030827
1994,00-0031264
1995,00-0031309
1997,00-0030829
1998,00-0030677
1999,00-0031101
20,00-0022740
200,00-0024221
2000,00-0031354
2001,00-0031102
2002,00-0030671
2003,00-0030670
2004,00-0031344
2005,00-0031350
2006,00-0031349
2007,00-0030673
2008,00-0031372
2009,00-0031353
201,00-0024466
2011,00-0030705
2012,00-0031169
2013,00-0030675
2014,00-0031022
2015,00-0031297
2016,00-0030997
2017,00-0031015
2019,00-0031287
202,00-0024270
2020,00-0031203
2022,00-0030665
2023,00-0031060
2024,00-0030668
2025,00-0030669
2026,00-0031158
2027,00-0031254
2028,00-0031280
2029,00-0031269
203,00-0025460
2030,00-0031272
2031,00-0031346
2032,00-0031161
2033,00-0031270
2034,00-0031367
2036,00-0031040
2037,00-0031347
2038,00-0031165
2039,00-0031166
2040,00-0031167
2042,00-0031258
2043,00-0030994
2045,00-0030916
2046,00-0030917
2047,00-0031116
2048,00-0030999
2049,00-0030920
205,00-0022712
2050,00-0031277
2051,00-0030921
2052,00-0031002
2053,00-0030923
2055,00-0031334
2057,00-0031245
2058,00-0030952
2059,00-0030954
2061,00-0031027
2062,00-0031348
2063,00-0030957
2064,00-0031411
2065,00-0030958
2066,00-0031402
2067,00-0031097
2068,00-0031276
207,00-0023894
2070,00-0030963
2073,00-0030968
2074,00-0031310
2075,00-0030970
2076,00-0030971
2078,00-0031235
2079,00-0031070
208,00-0021206
2080,00-0031403
2082,00-0031035
2083,00-0031188
2084,00-0031241
2085,00-0030775
2086,00-0031238
2088,00-0031055
2089,00-0030776
209,00-0023494
2090,00-0031088
2091,00-0031052
2092,00-0030644
2093,00-0031068
2094,00-0031092
2095,00-0031009
2096,00-0031047
2098,00-0031330
2099,00-0031300
21,00-0026261
210,00-0025828
2100,00-0031008
2101,00-0031078
2102,00-0031006
2104,00-0031057
2105,00-0031127
2106,00-0031076
2107,00-0031043
2108,00-0031041
2109,00-0031128
211,00-0022839
2110,00-0034641
2111,00-0031134
2112,00-0031095
2113,00-0031079
2114,00-0031209
2115,00-0031048
2116,00-0031063
2117,00-0030722
2118,00-0031387
212,00-0023173
2121,00-0031189
2122,00-0031176
2123,00-0030725
2126,00-0031071
2127,00-0030730
2128,00-0031284
2129,00-0030647
2130,00-0031360
2131,00-0031065
2132,00-0031021
2133,00-0031381
2134,00-0031058
2135,00-0031333
2138,00-0031080
2139,00-0030754
214,00-0021977
2140,00-0031001
2141,00-0031019
2142,00-0030756
2143,00-0030757
2144,00-0030758
2146,00-0031384
2147,00-0030761
2148,00-0031172
2149,00-0030629
215,00-0025631
2151,00-0031256
2152,00-0031237
2153,00-0030932
2154,00-0030933
2155,00-0031283
2156,00-0031267
2159,00-0031077
2160,00-0030937
2161,00-0031376
2162,00-0031090
2163,00-0031242
2164,00-0031244
2165,00-0030944
2167,00-0031181
2168,00-0031285
217,00-0024223
2170,00-0031281
2171,00-0030737
2172,00-0031279
2174,00-0030741
2175,00-0030743
2176,00-0031195
2177,00-0030746
2178,00-0031383
2179,00-0031183
218,00-0026153
2180,00-0031196
2181,00-0030750
2182,00-0031359
2183,00-0031262
2184,00-0031261
2185,00-0031118
2187,00-0031336
2189,00-0031190
219,00-0023750
2190,00-0031120
2191,00-0031121
2192,00-0031122
2193,00-0031123
2194,00-0031362
2195,00-0030640
2196,00-0030801
2197,00-0031236
2198,00-0030802
2199,00-0031255
22,00-0025433
220,00-0024248
2201,00-0031240
2202,00-0030805
2203,00-0030806
2204,00-0031239
2205,00-0030807
2207,00-0031073
2208,00-0031072
221,00-0025549
2210,00-0030814
2212,00-0030833
2214,00-0031273
2215,00-0031180
2216,00-0031408
2217,00-0031187
2218,00-0030836
2219,00-0030626
222,00-0026314
2220,00-0031182
2221,00-0030839
2222,00-0031418
2223,00-0031390
2224,00-0031393
2225,00-0030975
2226,00-0031397
2227,00-0031388
2228,00-0031394
2229,00-0031395
223,00-0022921
2230,00-0031389
2231,00-0031391
2232,00-0031399
2234,00-0031386
2236,00-0030985
2237,00-0030986
2238,00-0031051
2240,00-0031366
2241,00-0030889
2242,00-0030896
2243,00-0030892
2244,00-0031050
2245,00-0031044
2247,00-0031268
225,00-0023298
2250,00-0031265
2251,00-0031260
2252,00-0030897
2253,00-0031186
2254,00-0030832
2255,00-0031326
2257,00-0031045
2258,00-0031061
2259,00-0030993
226,00-0021190
2260,00-0031337
2261,00-0030767
2262,00-0031271
2263,00-0031003
2264,00-0031020
2265,00-0030768
2266,00-0031305
2267,00-0031298
2268,00-0031213
2269,00-0030769
227,00-0025624
2270,00-0031282
2271,00-0030770
2272,00-0030898
2273,00-0030899
2274,00-0030771
2275,00-0031175
2276,00-0031327
2277,00-0031308
2278,00-0031084
2279,00-0031257
228,00-0024204
2280,00-0031091
2281,00-0031184
2282,00-0031332
2283,00-0030786
2285,00-0031155
2287,00-0031404
2289,00-0029390
229,00-0004091
2291,00-0028411
2292,00-0028702
2295,00-0031320
2296,00-0029328
2297,00-0031459
23,00-0022127
230,00-0025414
2300,00-0029357
2301,00-0031352
2302,00-0031467
2303,00-0031450
2304,00-0031462
2305,00-0029008
2306,00-0031503
2307,00-0032268
2308,00-0032052
2309,00-0031544
231,00-0025689
2310,00-0032053
2311,00-0031933
2312,00-0031545
2313,00-0032240
2314,00-0032259
2315,00-0032241
2316,00-0031546
2317,00-0032143
2318,00-0032203
2319,00-0031547
232,00-0023500
2320,00-0032144
2321,00-0031548
2322,00-0032164
2323,00-0032165
2324,00-0032145
2325,00-0031549
2326,00-0032233
2327,00-0032146
2328,00-0032221
2329,00-0032222
233,00-0025708
2330,00-0031550
2331,00-0032054
2332,00-0032239
2333,00-0032234
2334,00-0032208
2335,00-0032251
2336,00-0032102
2337,00-0032261
2338,00-0032262
2339,00-0032217
234,00-0029302
2340,00-0032265
2341,00-0032209
2342,00-0031934
2343,00-0031935
2344,00-0031551
2345,00-0032218
2346,00-0032055
2347,00-0031552
2348,00-0031553
2349,00-0032056
235,00-0022045
2350,00-0031554
2351,00-0032057
2352,00-0031555
2353,00-0032103
2354,00-0031936
2355,00-0032195
2356,00-0031556
2357,00-0031557
2358,00-0032196
2359,00-0032104
236,00-0024338
2360,00-0031558
2361,00-0032105
2362,00-0032242
2363,00-0032127
2364,00-0032147
2365,00-0032197
2366,00-0032243
2367,00-0031937
2368,00-0032210
2369,00-0031559
237,00-0026207
2370,00-0032271
2371,00-0032263
2372,00-0032255
2373,00-0032256
2374,00-0032211
2375,00-0031560
2376,00-0031561
2377,00-0032244
2378,00-0032058
2379,00-0031562
238,00-0025513
2380,00-0032148
2381,00-0032128
2382,00-0032257
2383,00-0032059
2384,00-0032060
2385,00-0031563
2386,00-0032149
2387,00-0031564
2388,00-0032106
2389,00-0032129
239,00-0021706
2390,00-0032214
2391,00-0032187
2392,00-0032166
2393,00-0031565
2394,00-0032245
2395,00-0031938
2396,00-0032204
2397,00-0032227
2398,00-0032269
2399,00-0032200
24,00-0026143
240,00-0025389
2400,00-0031939
2401,00-0032061
2402,00-0031940
2403,00-0032150
2404,00-0032167
2405,00-0032107
2406,00-0031566
2407,00-0031567
2408,00-0031568
2409,00-0032108
241,00-0026323
2410,00-0031941
2411,00-0031569
2412,00-0031570
2413,00-0032130
2414,00-0031571
2415,00-0031572
2417,00-0031942
2418,00-0031574
2419,00-0031575
242,00-0024183
2420,00-0032198
2421,00-0032131
2422,00-0032062
2423,00-0031943
2424,00-0032246
2425,00-0032168
2426,00-0031944
2427,00-0031576
2428,00-0032188
2429,00-0032109
243,00-0024463
2430,00-0031577
2431,00-0032063
2432,00-0032215
2433,00-0032151
2434,00-0031578
2435,00-0031580
2436,00-0032064
2437,00-0032132
2438,00-0031581
2439,00-0032169
2440,00-0031582
2441,00-0032133
2442,00-0032170
2443,00-0032201
2444,00-0031945
2445,00-0031584
2446,00-0031585
2447,00-0031586
2448,00-0031587
2449,00-0031588
245,00-0024253
2450,00-0031589
2451,00-0031946
2452,00-0031590
2453,00-0031591
2454,00-0031592
2456,00-0032110
2457,00-0031947
2458,00-0032152
2459,00-0031594
246,00-0023564
2460,00-0032134
2461,00-0032111
2462,00-0032112
2463,00-0032135
2464,00-0032205
2465,00-0032113
2466,00-0031948
2467,00-0032136
2468,00-0032065
2469,00-0032228
247,00-0026224
2470,00-0031949
2471,00-0031595
2472,00-0031596
2473,00-0031597
2474,00-0031598
2475,00-0031950
2476,00-0031951
2477,00-0031599
2478,00-0031600
2479,00-0032114
248,00-0022864
2480,00-0031602
2481,00-0032153
2482,00-0032154
2483,00-0031952
2485,00-0032115
2487,00-0031953
2488,00-0031954
2489,00-0032189
249,00-0024232
2490,00-0031955
2491,00-0032067
2492,00-0032137
2493,00-0032116
2494,00-0031605
2495,00-0032117
2496,00-0032068
2497,00-0031606
2498,00-0032069
2499,00-0031533
25,00-0026286
250,00-0025464
2500,00-0031607
2501,00-0031608
2503,00-0031609
2504,00-0032138
2505,00-0031610
2506,00-0031611
2507,00-0031612
2508,00-0031613
251,00-0024103
2510,00-0031614
2511,00-0031615
2512,00-0031616
2513,00-0031956
2514,00-0031617
2515,00-0031618
2516,00-0032247
2517,00-0031619
2518,00-0032171
2519,00-0032120
252,00-0022455
2520,00-0032121
2521,00-0031958
2522,00-0031620
2523,00-0032248
2524,00-0031621
2525,00-0031622
2526,00-0032249
2528,00-0032139
2529,00-0031959
253,00-0025465
2530,00-0032122
2531,00-0031624
2532,00-0031960
2533,00-0032070
2534,00-0031625
2535,00-0031961
2536,00-0031626
2537,00-0031962
2538,00-0032219
2539,00-0031627
254,00-0025401
2540,00-0032140
2541,00-0032212
2542,00-0032155
2543,00-0032071
2544,00-0032123
2545,00-0032141
2546,00-0031628
2547,00-0031629
2548,00-0031630
2549,00-0032156
255,00-0025753
2550,00-0032157
2552,00-0031631
2553,00-0032072
2554,00-0031632
2555,00-0032190
2556,00-0031768
2558,00-0031642
2559,00-0031968
2560,00-0031665
2562,00-0031826
2563,00-0031931
2564,00-0031486
2566,00-0031526
2568,00-0031518
257,00-0025940
2571,00-0031723
2572,00-0031796
2575,00-0031862
2579,00-0031719
258,00-0023437
2580,00-0032080
2581,00-0032082
2583,00-0032160
2584,00-0032101
2585,00-0031897
2586,00-0031510
2587,00-0031504
2588,00-0031806
2589,00-0031843
259,00-0022073
2591,00-0031534
2592,00-0031583
2593,00-0031747
2594,00-0031875
2595,00-0032006
2596,00-0031864
2598,00-0031793
2599,00-0032298
26,00-0024258
260,00-0026300
2601,00-0021175
2602,00-0031972
2603,00-0031684
2604,00-0031996
2606,00-0031640
2609,00-0027384
261,00-0024220
2611,00-0032250
2612,00-0031895
2613,00-0032094
2614,00-0032162
2617,00-0031898
2618,00-0030500
2619,00-0031994
2621,00-0031682
2623,00-0031680
2625,00-0031978
2627,00-0031676
263,00-0022059
2630,00-0031866
2633,00-0031531
2634,00-0032048
2638,00-0031529
2639,00-0008884
264,00-0024267
2640,00-0031657
2642,00-0032181
2643,00-0031844
2644,00-0031542
2645,00-0032007
2649,00-0031656
265,00-0022923
2650,00-0031543
2652,00-0032090
2653,00-0032089
2654,00-0031710
2655,00-0032081
266,00-0026283
2664,00-0031700
2667,00-0031989
2668,00-0031713
2669,00-0031702
2671,00-0032087
2672,00-0031714
2673,00-0031868
2676,00-0031728
2677,00-0031740
2679,00-0031870
268,00-0023436
2682,00-0034641
2683,00-0031718
2685,00-0031697
2686,00-0031922
2687,00-0031932
2688,00-0031928
2689,00-0031427
269,00-0026345
2690,00-0031696
2694,00-0031929
2696,00-0031919
2697,00-0032050
2699,00-0031912
27,00-0026150
270,00-0023310
2704,00-0031902
2707,00-0031915
2708,00-0031525
2709,00-0031857
2711,00-0031800
2714,00-0031884
2717,00-0031888
2718,00-0031886
2719,00-0031799
272,00-0026164
2720,00-0031491
2721,00-0031854
2723,00-0032029
2724,00-0031856
2726,00-0032176
2729,00-0031731
273,00-0025555
2731,00-0031743
2732,00-0031732
2735,00-0031729
2736,00-0031982
2741,00-0031981
2742,00-0031733
2747,00-0031492
2749,00-0031687
275,00-0022874
2750,00-0031763
2751,00-0032098
2753,00-0031645
2755,00-0031690
276,00-0024405
2761,00-0031688
2766,00-0031830
2769,00-0031834
277,00-0023752
2772,00-0031831
2773,00-0031816
2774,00-0032100
2778,00-0031838
2779,00-0031829
278,00-0025423
2784,00-0031755
2785,00-0031885
2786,00-0031493
2789,00-0031757
279,00-0024272
2792,00-0031754
2796,00-0031500
2798,00-0031509
28,00-0025407
280,00-0025512
2801,00-0031511
2803,00-0031818
2804,00-0032045
2805,00-0032035
2806,00-0031815
281,00-0026105
2811,00-0031814
2813,00-0032290
2815,00-0032041
2816,00-0032034
2818,00-0031363
282,00-0025420
2821,00-0031787
2822,00-0032009
2823,00-0031846
2824,00-0032008
2825,00-0031791
2826,00-0031785
2827,00-0031795
283,00-0025412
2830,00-0031848
2831,00-0032273
2833,00-0031847
2835,00-0031706
2839,00-0031999
284,00-0024389
2841,00-0032267
2843,00-0031707
2849,00-0032032
285,00-0025489
2850,00-0032024
2851,00-0032031
2853,00-0031474
2859,00-0031636
286,00-0025410
2860,00-0031904
2861,00-0031907
2863,00-0031738
2865,00-0031861
2869,00-0031357
287,00-0024318
2884,00-0031890
2885,00-0031878
2887,00-0031514
289,00-0020531
2890,00-0031746
2892,00-0031900
2894,00-0034956
2896,00-0031894
29,00-0026292
290,00-0025424
2907,00-0032001
2909,00-0031671
291,00-0026162
292,00-0023954
293,00-0024275
294,00-0010346
2944,00-0031744
295,00-0025534
2953,00-0031646
2956,00-0031489
296,00-0022161
2961,00-0031852
2963,00-0031716
2964,00-0031722
2966,00-0031765
2967,00-0031766
297,00-0026182
2975,00-0031502
298,00-0025402
2980,00-0031782
2982,00-0032043
2983,00-0032042
2985,00-0031921
2986,00-0031923
2988,00-0032066
2989,00-0032297
2990,00-0031420
2991,00-0031698
2992,00-0032192
2993,00-0031957
2999,00-0031911
3,00-0025434
3000,00-0031914
3005,00-0031832
3008,00-0031876
301,00-0025473
3013,00-0032272
3014,00-0031821
3016,00-0031512
3017,00-0031893
302,00-0023234
3022,00-0031991
3023,00-0031678
303,00-0026327
3034,00-0031764
3035,00-0031771
3036,00-0031788
3038,00-0031734
304,00-0025820
3040,00-0031997
3041,00-0032319
3043,00-0032004
3044,00-0031647
3045,00-0031711
3048,00-0031484
305,00-0020535
3054,00-0032078
3057,00-0031779
306,00-0024242
3063,00-0031801
3069,00-0032044
307,00-0019714
3074,00-0032324
309,00-0026180
31,00-0024341
310,00-0023465
3106,00-0028370
3108,00-0032014
311,00-0025612
3118,00-0032322
312,00-0026293
313,00-0024354
314,00-0024227
3144,00-0032320
3149,00-0032332
315,00-0026170
3154,00-0030396
3155,00-0032951
3156,00-0033156
3157,00-0033127
3159,00-0032380
316,00-0022414
3160,00-0033055
3161,00-0032950
3162,00-0032965
3163,00-0033106
3164,00-0033045
3166,00-0032968
3167,00-0033052
3168,00-0032953
317,00-0025970
3170,00-0033108
3171,00-0032893
3172,00-0032378
3174,00-0033072
3175,00-0033057
3176,00-0033058
3177,00-0032966
3178,00-0032760
3179,00-0033151
318,00-0026142
3180,00-0032761
3181,00-0032382
3182,00-0033096
3183,00-0032967
3184,00-0033107
3185,00-0032381
3186,00-0033120
3187,00-0032383
3188,00-0032759
3189,00-0032379
319,00-0026205
3190,00-0033147
3191,00-0032888
3192,00-0033103
3193,00-0032384
3194,00-0032758
3195,00-0032952
3196,00-0033074
3197,00-0033073
3198,00-0032764
3199,00-0032765
32,00-0026267
320,00-0022930
3200,00-0032385
3201,00-0033102
3202,00-0032392
3203,00-0033069
3204,00-0032393
3205,00-0033104
3206,00-0033125
3207,00-0033066
3208,00-0032411
3209,00-0032972
321,00-0026186
3210,00-0033098
3211,00-0032417
3212,00-0032810
3213,00-0032462
3214,00-0033090
3215,00-0033050
3216,00-0032386
3217,00-0033046
3218,00-0032889
3219,00-0032766
322,00-0021547
3220,00-0032387
3221,00-0032969
3222,00-0032388
3223,00-0032767
3224,00-0032389
3225,00-0033009
3226,00-0032768
3227,00-0033059
3228,00-0033053
3229,00-0032390
323,00-0026213
3230,00-0032939
3231,00-0032890
3232,00-0033064
3233,00-0033132
3234,00-0033129
3236,00-0033131
3237,00-0033124
3238,00-0033123
3239,00-0033117
3240,00-0033083
3241,00-0033093
3242,00-0033118
3243,00-0033091
3244,00-0033122
3245,00-0033097
3246,00-0032891
3247,00-0032391
3248,00-0032954
3249,00-0033037
325,00-0029289
3250,00-0033065
3251,00-0032970
3252,00-0033084
3253,00-0033060
3254,00-0032892
3255,00-0032955
3256,00-0033109
3257,00-0033119
3258,00-0032394
3259,00-0032395
326,00-0026144
3260,00-0032396
3261,00-0032397
3262,00-0032971
3263,00-0033075
3264,00-0032894
3265,00-0033010
3266,00-0032770
3267,00-0032771
3268,00-0033038
3269,00-0032398
3270,00-0033121
3271,00-0033110
3272,00-0032399
3273,00-0032400
3274,00-0032773
3275,00-0033079
3276,00-0032401
3277,00-0032402
3278,00-0033111
3279,00-0032403
328,00-0026298
3280,00-0032404
3281,00-0033051
3282,00-0032405
3283,00-0033085
3284,00-0032774
3285,00-0032406
3286,00-0032775
3287,00-0032776
3288,00-0032777
3289,00-0033076
329,00-0023449
3290,00-0032407
3291,00-0032408
3292,00-0032409
3293,00-0032410
3294,00-0033077
3295,00-0032412
3296,00-0033080
3297,00-0032778
3298,00-0032973
3299,00-0032413
33,00-0026171
330,00-0023534
3300,00-0032940
3301,00-0033011
3303,00-0032415
3304,00-0032416
3305,00-0032779
3306,00-0032780
3307,00-0032418
3308,00-0032781
3309,00-0032782
331,00-0022942
3310,00-0032974
3311,00-0032419
3312,00-0032975
3313,00-0032783
3314,00-0032420
3315,00-0032421
3316,00-0032422
3317,00-0033039
3318,00-0032784
3319,00-0032423
332,00-0027018
3320,00-0032785
3321,00-0033040
3322,00-0032424
3323,00-0032786
3324,00-0032976
3325,00-0032425
3326,00-0032787
3327,00-0032426
3328,00-0032977
3329,00-0032978
333,00-0023682
3331,00-0032895
3332,00-0032956
3333,00-0033112
3334,00-0032788
3335,00-0032896
3336,00-0032341
3337,00-0032428
3338,00-0033078
3339,00-0032789
334,00-0027027
3340,00-0032429
3341,00-0032790
3342,00-0032791
3343,00-0032792
3344,00-0032430
3345,00-0033047
3346,00-0033113
3347,00-0032431
3348,00-0032957
3350,00-0033056
3351,00-0032432
3352,00-0032793
3353,00-0032794
3354,00-0032897
3355,00-0032795
3356,00-0032433
3357,00-0032434
3358,00-0032435
3359,00-0032796
3360,00-0032797
3361,00-0032798
3362,00-0032436
3363,00-0032437
3364,00-0032438
3366,00-0032440
3367,00-0033048
3368,00-0032441
3369,00-0032442
337,00-0027115
3370,00-0032443
3371,00-0033049
3372,00-0033054
3373,00-0032958
3374,00-0032942
3375,00-0032444
3376,00-0032445
3377,00-0032799
3378,00-0032446
3380,00-0032447
3381,00-0032800
3382,00-0032448
3383,00-0032943
3384,00-0032365
3385,00-0032801
3386,00-0033061
3387,00-0032802
3388,00-0032803
339,00-0027077
3390,00-0032449
3391,00-0032450
3392,00-0032804
3393,00-0032451
3394,00-0032452
3395,00-0032805
3396,00-0032959
3397,00-0032806
3398,00-0032453
3399,00-0032454
34,00-0024813
340,00-0026344
3400,00-0032807
3401,00-0032366
3402,00-0032808
3403,00-0032455
3404,00-0032456
3405,00-0032979
3406,00-0032809
3407,00-0032900
3408,00-0032930
341,00-0024102
3412,00-0032996
3415,00-0032580
3416,00-0032581
3417,00-0032820
3418,00-0032351
3419,00-0032361
342,00-0023368
3420,00-0032550
3421,00-0032344
3422,00-0032692
3423,00-0032688
3424,00-0032946
3426,00-0032875
3427,00-0033001
3428,00-0032860
343,00-0027010
3432,00-0032874
3433,00-0032543
3436,00-0032994
3438,00-0032916
3439,00-0032701
344,00-0027150
3440,00-0032658
3441,00-0032575
3444,00-0032627
3445,00-0032980
3446,00-0032727
3447,00-0032963
345,00-0026625
3451,00-0032726
3453,00-0032377
3456,00-0032614
3457,00-0032621
346,00-0027057
3461,00-0032747
3463,00-0032611
3464,00-0032681
3465,00-0032661
3467,00-0032669
3469,00-0032751
3470,00-0032679
3471,00-0032672
3472,00-0032634
3473,00-0032518
3474,00-0032517
3475,00-0032995
3476,00-0032935
3478,00-0032465
3479,00-0032871
348,00-0026899
3481,00-0032606
3484,00-0032685
3485,00-0032523
3486,00-0032702
3487,00-0032676
3488,00-0032577
349,00-0026016
3490,00-0032616
3491,00-0032964
3492,00-0032694
3494,00-0032718
3495,00-0032901
3496,00-0032725
3497,00-0032347
35,00-0025579
350,00-0026898
3500,00-0032716
3502,00-0032655
3503,00-0032626
3504,00-0032582
3505,00-0032915
3506,00-0032650
3507,00-0032879
3508,00-0032877
3509,00-0032499
351,00-0026500
3511,00-0032981
3513,00-0032998
3514,00-0032997
3515,00-0032653
3516,00-0032817
3517,00-0032839
3519,00-0032659
352,00-0027069
3520,00-0032559
3521,00-0032714
3523,00-0032567
3526,00-0032667
3527,00-0032848
3528,00-0032663
353,00-0027103
3530,00-0032983
3532,00-0032902
3537,00-0032905
354,00-0027044
3540,00-0033003
3543,00-0032911
3544,00-0032989
3545,00-0032520
3546,00-0032521
3547,00-0032515
3548,00-0032524
355,00-0025439
3550,00-0032525
3552,00-0032739
3553,00-0032529
3555,00-0032537
3557,00-0032769
3558,00-0032762
3559,00-0032772
356,00-0027014
3560,00-0032763
3561,00-0032583
3562,00-0032479
3563,00-0032470
3564,00-0032472
3565,00-0032687
3568,00-0032609
357,00-0026721
3573,00-0032593
3575,00-0032491
3576,00-0032497
358,00-0026982
3582,00-0032355
3583,00-0032358
3584,00-0032349
3589,00-0032353
359,00-0026997
3590,00-0032354
3592,00-0032749
3594,00-0032741
3595,00-0032745
3597,00-0032750
3598,00-0032753
36,00-0007091
360,00-0026561
3600,00-0032756
3601,00-0032827
3603,00-0032486
3604,00-0032485
3605,00-0032496
361,00-0027008
3610,00-0032503
3612,00-0032508
3613,00-0032511
3614,00-0032881
3616,00-0032883
3619,00-0032885
362,00-0026957
3620,00-0032482
3621,00-0032876
3622,00-0032488
3623,00-0032484
3629,00-0032528
3631,00-0032459
3633,00-0032463
3634,00-0032464
3637,00-0032480
3639,00-0032876
364,00-0026334
3642,00-0032729
3643,00-0032697
3644,00-0032740
3645,00-0032867
3648,00-0032914
365,00-0026901
3650,00-0032362
3652,00-0033114
3653,00-0029793
3657,00-0032371
3658,00-0032375
3659,00-0032369
366,00-0027006
3664,00-0032602
3667,00-0032592
3668,00-0032599
3669,00-0032596
367,00-0027061
3673,00-0032584
3676,00-0032566
3678,00-0032569
368,00-0027136
3680,00-0032573
3681,00-0032574
3685,00-0032666
3688,00-0032540
3691,00-0032546
3692,00-0032549
3695,00-0032986
37,00-0025470
370,00-0023367
3702,00-0032707
3703,00-0032708
3705,00-0032710
3709,00-0032552
371,00-0027022
3710,00-0032553
3714,00-0032560
3715,00-0032562
3716,00-0032628
3717,00-0032630
3718,00-0032631
372,00-0027109
3720,00-0032633
3721,00-0032635
3722,00-0032636
3723,00-0032638
3728,00-0032649
3729,00-0032652
373,00-0026991
3730,00-0032728
3731,00-0032730
3734,00-0032734
3735,00-0032735
374,00-0023578
3742,00-0032670
3743,00-0032671
3745,00-0032674
3747,00-0032677
3748,00-0032680
375,00-0027081
3751,00-0032757
3758,00-0032620
376,00-0024707
3760,00-0032622
3761,00-0032617
3762,00-0032625
3763,00-0032578
3764,00-0032637
3765,00-0032641
3766,00-0032643
3767,00-0032646
3768,00-0032656
377,00-0027003
3774,00-0032689
3777,00-0032909
3778,00-0032962
378,00-0027145
3780,00-0032838
3781,00-0032856
3783,00-0032841
3784,00-0032859
3785,00-0032660
3786,00-0032466
3788,00-0032475
379,00-0027032
3793,00-0032719
3796,00-0032723
3797,00-0032724
380,00-0027155
3800,00-0032829
3802,00-0032815
3803,00-0032813
3805,00-0032835
3808,00-0032830
381,00-0027046
3810,00-0032844
3813,00-0032849
3817,00-0032832
3818,00-0032851
3819,00-0032852
3824,00-0032864
3827,00-0032870
3828,00-0032922
383,00-0026994
3831,00-0032921
3832,00-0032918
3834,00-0032926
3836,00-0032929
3837,00-0032931
3838,00-0032933
384,00-0027083
3840,00-0032937
3841,00-0032934
3842,00-0032932
3846,00-0032945
385,00-0026516
3851,00-0033005
3852,00-0033006
3859,00-0033035
386,00-0022097
3864,00-0033021
3865,00-0033022
3867,00-0033024
3868,00-0033025
387,00-0026988
3878,00-0033043
388,00-0023541
3882,00-0033063
3886,00-0033070
3888,00-0033082
3889,00-0033087
389,00-0023662
3891,00-0033086
3893,00-0033092
3894,00-0033095
3895,00-0033094
3899,00-0033115
39,00-0024237
390,00-0026980
3909,00-0033138
391,00-0026968
3912,00-0033140
3917,00-0033143
392,00-0016960
3921,00-0033149
393,00-0024408
3931,00-0033161
3934,00-0033164
394,00-0026983
3946,00-0033176
395,00-0027023
3957,00-0033193
396,00-0027089
3969,00-0033856
397,00-0027135
3973,00-0033868
3976,00-0033869
398,00-0027045
3980,00-0033201
3986,00-0033187
399,00-0026992
3990,00-0033185
3991,00-0033188
4,00-0023462
40,00-0026201
400,00-0027082
4001,00-0033191
4017,00-0033537
4018,00-0033897
402,00-0027079
4026,00-0033899
4029,00-0033893
403,00-0026165
4030,00-0033887
4032,00-0033523
4033,00-0033885
4034,00-0033280
4035,00-0033906
4036,00-0033871
4037,00-0033921
4038,00-0033460
4039,00-0033908
404,00-0009311
4040,00-0033857
4042,00-0033286
4046,00-0033873
405,00-0026780
4050,00-0033215
4051,00-0033597
4053,00-0033538
4054,00-0033217
4055,00-0033879
4056,00-0033883
4057,00-0033882
4058,00-0033870
4059,00-0033874
406,00-0027139
4061,00-0033550
4062,00-0033218
4063,00-0033875
4064,00-0033889
4065,00-0033876
4066,00-0033881
4067,00-0033539
4068,00-0033536
4069,00-0033540
4070,00-0033886
4071,00-0033281
4072,00-0033884
4073,00-0033541
4074,00-0033877
4075,00-0033880
4076,00-0033888
4077,00-0033872
4078,00-0033878
4079,00-0033524
408,00-0023566
4080,00-0033891
4081,00-0033890
4082,00-0033282
4083,00-0033543
4084,00-0033283
4085,00-0033896
4086,00-0033782
4087,00-0033545
4088,00-0033544
4089,00-0033895
4090,00-0033461
4091,00-0033894
4092,00-0033546
4093,00-0033892
4094,00-0033542
4095,00-0034019
4096,00-0033898
4097,00-0033525
4098,00-0033923
4099,00-0033549
41,00-0021231
410,00-0026951
4100,00-0033915
4101,00-0033913
4102,00-0033904
4103,00-0033285
4104,00-0033284
4105,00-0033912
4106,00-0033905
4107,00-0033548
4108,00-0033919
4109,00-0033903
411,00-0026995
4110,00-0033547
4111,00-0033925
4112,00-0033917
4113,00-0033907
4114,00-0033902
4115,00-0033909
4116,00-0033922
4117,00-0033920
4118,00-0033914
4119,00-0033916
412,00-0022531
4120,00-0033900
4121,00-0033924
4122,00-0033910
4123,00-0033901
4124,00-0033783
4125,00-0033911
4126,00-0033918
4127,00-0033936
4128,00-0033933
4129,00-0033928
4130,00-0033552
4131,00-0033932
4132,00-0033929
4133,00-0033927
4134,00-0033462
4135,00-0033935
4136,00-0033551
4137,00-0033553
4138,00-0033930
4139,00-0033937
414,00-0026989
4140,00-0033926
4141,00-0033931
4142,00-0033934
4143,00-0033938
4144,00-0033858
4145,00-0033939
4146,00-0033839
4147,00-0033526
4148,00-0033463
4149,00-0033948
415,00-0026210
4150,00-0033950
4151,00-0033564
4152,00-0033951
4153,00-0033953
4154,00-0033942
4155,00-0033511
4156,00-0033287
4157,00-0033556
4158,00-0033784
4159,00-0033786
416,00-0024226
4160,00-0033859
4161,00-0033558
4162,00-0033562
4163,00-0033557
4164,00-0033559
4165,00-0033560
4166,00-0033563
4167,00-0033785
4168,00-0033952
4169,00-0033464
4170,00-0033945
4171,00-0033943
4172,00-0033944
4173,00-0033940
4174,00-0033947
4175,00-0033840
4176,00-0033946
4177,00-0033555
4178,00-0033561
4179,00-0033949
418,00-0027009
4180,00-0033941
4181,00-0033554
4182,00-0033527
4183,00-0033958
4184,00-0033966
4185,00-0033788
4186,00-0033789
4187,00-0033567
4188,00-0033512
4189,00-0033576
419,00-0027050
4190,00-0033290
4191,00-0033571
4192,00-0033289
4193,00-0033565
4194,00-0033959
4195,00-0033787
4196,00-0033569
4197,00-0033466
4198,00-0033572
4199,00-0033293
42,00-0024306
4200,00-0033291
4201,00-0033575
4202,00-0033568
4203,00-0033570
4204,00-0033841
4205,00-0033468
4206,00-0033465
4207,00-0033860
4208,00-0033957
4209,00-0033960
421,00-0026498
4210,00-0033574
4211,00-0033961
4212,00-0033956
4213,00-0033577
4214,00-0033573
4215,00-0033467
4216,00-0033566
4217,00-0033288
4218,00-0033292
4219,00-0033955
422,00-0026784
4220,00-0033954
4221,00-0033528
4222,00-0033585
4223,00-0033792
4224,00-0033294
4225,00-0033580
4226,00-0033296
4227,00-0033303
4228,00-0033790
4229,00-0033798
423,00-0026946
4230,00-0033791
4231,00-0033962
4232,00-0033596
4233,00-0033862
4234,00-0033591
4236,00-0033590
4237,00-0033586
4238,00-0033579
4239,00-0033581
424,00-0027078
4240,00-0033582
4241,00-0033595
4242,00-0033301
4243,00-0033305
4244,00-0033304
4245,00-0033592
4246,00-0033587
4248,00-0033470
4249,00-0033974
425,00-0027002
4250,00-0033967
4251,00-0033963
4252,00-0033471
4253,00-0033469
4254,00-0033968
4255,00-0033973
4256,00-0033969
4257,00-0033977
4258,00-0033300
4259,00-0033964
426,00-0026985
4260,00-0033965
4261,00-0033520
4262,00-0033299
4263,00-0033295
4264,00-0033976
4265,00-0033975
4266,00-0033970
4267,00-0033972
4268,00-0033584
4269,00-0033521
427,00-0026930
4270,00-0033531
4271,00-0033588
4272,00-0033578
4273,00-0033594
4274,00-0033589
4275,00-0033583
4276,00-0033861
4277,00-0033302
4278,00-0033297
4279,00-0033298
428,00-0027108
4280,00-0033971
4281,00-0033794
4282,00-0033793
4283,00-0033797
4284,00-0033795
4285,00-0033530
4286,00-0033532
4287,00-0033533
4288,00-0033529
429,00-0026998
4292,00-0033220
4293,00-0033221
4294,00-0033222
4296,00-0033226
4299,00-0033229
4302,00-0033232
4303,00-0033233
4304,00-0033234
4309,00-0033240
431,00-0026952
4311,00-0033242
4313,00-0033245
4314,00-0033246
4315,00-0033248
4317,00-0033254
4318,00-0033253
4319,00-0033251
432,00-0027031
4321,00-0033256
4323,00-0033258
4324,00-0033259
4325,00-0033260
4326,00-0033261
4327,00-0033262
433,00-0027062
4330,00-0033266
4331,00-0033269
4332,00-0033270
4334,00-0033273
4335,00-0033275
4337,00-0033279
4339,00-0033277
4340,00-0033272
4341,00-0033274
4342,00-0033366
4344,00-0033367
4345,00-0033368
4346,00-0033369
4349,00-0033373
435,00-0027090
4350,00-0033374
4351,00-0033375
4352,00-0033420
4353,00-0033376
4354,00-0033377
4355,00-0033379
4357,00-0033408
4358,00-0033409
4359,00-0033410
4360,00-0033412
4361,00-0033337
4362,00-0033338
4363,00-0033339
4368,00-0033344
4369,00-0033345
437,00-0027019
4370,00-0033346
4371,00-0033347
4372,00-0033348
4374,00-0033350
4375,00-0033351
4376,00-0033352
4377,00-0033353
438,00-0026321
4381,00-0033357
4382,00-0033358
4383,00-0033359
4386,00-0033362
4387,00-0033364
4389,00-0033399
439,00-0026027
4390,00-0033400
4392,00-0033402
4393,00-0033403
4395,00-0033405
4396,00-0033407
4398,00-0033413
4399,00-0033414
44,00-0024495
440,00-0027035
4400,00-0033415
4401,00-0033417
4402,00-0033324
4403,00-0033325
4404,00-0033326
4409,00-0033332
441,00-0026944
4410,00-0033333
4413,00-0033336
4415,00-0033381
4416,00-0033382
4417,00-0033383
4418,00-0033384
4420,00-0033386
4421,00-0033387
4423,00-0033389
4424,00-0033390
4425,00-0033391
4426,00-0033392
4427,00-0033393
4430,00-0033396
4431,00-0033397
4433,00-0033453
4435,00-0033455
4439,00-0033435
444,00-0026990
4442,00-0033438
4443,00-0033439
4444,00-0033440
4445,00-0033441
4447,00-0033443
4449,00-0033445
445,00-0027114
4450,00-0033446
4451,00-0033449
4452,00-0033450
4453,00-0033306
4454,00-0033307
4455,00-0033308
4456,00-0033309
4457,00-0033310
446,00-0026945
4460,00-0033315
4461,00-0033316
4462,00-0033317
4464,00-0033319
4467,00-0033323
4468,00-0033421
4469,00-0033423
447,00-0026814
4470,00-0033424
4472,00-0033426
4476,00-0033430
4478,00-0033432
448,00-0026993
4480,00-0033434
4484,00-0033507
4485,00-0033508
4489,00-0033474
449,00-0022922
4491,00-0033481
4492,00-0033482
4493,00-0033483
4496,00-0033486
45,00-0026003
450,00-0023679
4500,00-0033500
4501,00-0033501
4502,00-0033502
4503,00-0033503
4505,00-0033505
4507,00-0033490
451,00-0024796
4511,00-0033477
4512,00-0033493
4513,00-0033494
4517,00-0033513
4518,00-0033514
4519,00-0033515
452,00-0027041
4520,00-0033517
4522,00-0033599
4524,00-0033602
4526,00-0033604
4527,00-0033606
4528,00-0033607
4529,00-0033608
453,00-0027011
4531,00-0033611
4532,00-0033612
4533,00-0033613
4534,00-0033614
4536,00-0033627
4539,00-0033618
454,00-0027140
4541,00-0033620
4543,00-0033628
4544,00-0033622
4545,00-0033623
4547,00-0033626
4548,00-0033630
4549,00-0033631
455,00-0026986
4551,00-0033633
4552,00-0033635
4553,00-0033636
4558,00-0033642
4564,00-0033649
4566,00-0033651
4567,00-0033652
4569,00-0033655
457,00-0021684
4570,00-0033657
4571,00-0033658
4572,00-0033659
4573,00-0033661
4574,00-0033662
4575,00-0033663
4576,00-0033664
458,00-0026373
4581,00-0033678
4583,00-0033667
4587,00-0033671
4588,00-0033672
4589,00-0033673
459,00-0025999
4590,00-0033674
4591,00-0033675
4592,00-0033676
4593,00-0033745
4594,00-0033746
4595,00-0033747
4596,00-0033748
4597,00-0033750
4598,00-0033752
46,00-0025406
460,00-0027025
4601,00-0033756
4602,00-0033757
4603,00-0033758
4604,00-0033598
4605,00-0033763
4606,00-0033765
4607,00-0033766
461,00-0020245
4611,00-0033770
4612,00-0033771
4614,00-0033773
4616,00-0033776
4617,00-0033535
4619,00-0033779
462,00-0005106
4622,00-0033681
4623,00-0033683
4625,00-0033686
4626,00-0033687
4627,00-0033688
463,00-0027038
4631,00-0033692
4632,00-0033693
4635,00-0033760
4636,00-0033762
4637,00-0033710
4638,00-0033711
4642,00-0033715
4643,00-0033716
4644,00-0033717
4646,00-0033719
4647,00-0033720
4649,00-0033744
465,00-0026996
4650,00-0033735
4651,00-0033725
4652,00-0033726
4654,00-0033729
4656,00-0033731
4658,00-0033734
466,00-0027001
4660,00-0033696
4661,00-0033697
4663,00-0033699
4664,00-0033700
4666,00-0033702
4668,00-0033704
4669,00-0033705
4670,00-0033706
4673,00-0033736
4675,00-0033738
4676,00-0033739
4677,00-0033740
4678,00-0033742
4679,00-0033741
468,00-0022847
4681,00-0033815
4684,00-0033826
4685,00-0033827
4689,00-0033819
469,00-0026008
4692,00-0033829
4693,00-0033831
4696,00-0033838
47,00-0025701
470,00-0027064
4701,00-0033816
4702,00-0033809
4707,00-0033800
4709,00-0033804
471,00-0026844
4716,00-0033863
4717,00-0033853
4718,00-0033854
4719,00-0033855
472,00-0027017
4720,00-0033845
4724,00-0033849
473,00-0024349
4733,00-0034010
4735,00-0034009
4736,00-0034008
474,00-0027005
4741,00-0034011
475,00-0026910
4750,00-0033992
4752,00-0033994
4753,00-0033995
476,00-0027067
4760,00-0033996
4761,00-0033997
4765,00-0033998
477,00-0019435
4771,00-0029685
4773,00-0033682
4776,00-0034002
478,00-0027060
4781,00-0033313
4785,00-0033641
4789,00-0034005
479,00-0026316
4791,00-0034007
4793,00-0034012
4799,00-0034018
48,00-0020712
480,00-0026857
4806,00-0033268
4809,00-0034026
4811,00-0033452
4813,00-0034025
4819,00-0034030
482,00-0027033
4820,00-0033363
4825,00-0026966
4828,00-0034034
4829,00-0034035
483,00-0026832
4831,00-0034038
484,00-0024110
4840,00-0033425
4841,00-0034045
4846,00-0033199
4848,00-0034051
4854,00-0034054
4859,00-0033447
486,00-0026533
4860,00-0034058
4863,00-0034343
4864,00-0034057
4865,00-0033196
4866,00-0034844
487,00-0026502
4878,00-0034052
4879,00-0033411
488,00-0026942
4881,00-0034796
4892,00-0034855
4899,00-0032338
49,00-0023252
490,00-0026544
4901,00-0009889
4903,00-0030752
4906,00-0034063
491,00-0026035
4914,00-0027048
4915,00-0025560
4918,00-0033189
492,00-0025604
493,00-0026725
494,00-0025697
4942,00-0034747
4943,00-0034869
4947,00-0034762
4948,00-0034752
4949,00-0034358
495,00-0026618
4950,00-0034775
4951,00-0034777
4954,00-0034064
4958,00-0030332
4959,00-0034067
496,00-0026937
4960,00-0034874
4961,00-0026907
4962,00-0034845
4963,00-0034789
4964,00-0034856
4965,00-0034344
4966,00-0034847
4967,00-0034832
4968,00-0034673
4969,00-0034773
497,00-0025825
4970,00-0034342
4971,00-0034790
4972,00-0034771
4973,00-0034830
4974,00-0034858
4975,00-0034842
4976,00-0034333
4977,00-0034833
4978,00-0034743
4979,00-0034728
498,00-0026071
4980,00-0034674
4981,00-0034837
4982,00-0034843
4983,00-0034827
4984,00-0034857
4985,00-0034750
4986,00-0034759
4987,00-0034345
4988,00-0034791
4989,00-0034261
499,00-0026138
4990,00-0034846
4991,00-0034347
4992,00-0034860
4993,00-0034829
4994,00-0034799
4995,00-0034365
4996,00-0034369
4997,00-0034679
4998,00-0034370
4999,00-0034381
5,00-0022165
50,00-0025592
500,00-0020972
5000,00-0034681
5001,00-0034383
5002,00-0034746
5003,00-0034755
5004,00-0034378
5005,00-0034267
5006,00-0034268
5007,00-0034366
5008,00-0034798
5009,00-0034766
501,00-0026369
5010,00-0034159
5011,00-0034160
5012,00-0034753
5013,00-0034353
5014,00-0034803
5015,00-0034834
5016,00-0034835
5017,00-0034675
5018,00-0034346
5019,00-0034770
502,00-0026931
5020,00-0034800
5021,00-0034360
5022,00-0034351
5023,00-0034768
5024,00-0034676
5025,00-0034779
5026,00-0034765
5027,00-0034817
5028,00-0034744
5029,00-0034751
503,00-0026858
5030,00-0034828
5031,00-0034754
5032,00-0034364
5033,00-0034781
5034,00-0034824
5035,00-0034818
5036,00-0034361
5037,00-0034774
5038,00-0034764
5039,00-0034352
5040,00-0034263
5041,00-0034815
5042,00-0034363
5043,00-0034760
5044,00-0034357
5045,00-0034348
5046,00-0034838
5047,00-0034158
5048,00-0034780
5049,00-0034782
505,00-0027677
5050,00-0034362
5051,00-0034356
5052,00-0034816
5053,00-0034678
5054,00-0034778
5055,00-0034355
5056,00-0034797
5057,00-0034359
5058,00-0034354
5059,00-0034831
506,00-0027322
5060,00-0034836
5061,00-0034350
5062,00-0034785
5063,00-0034677
5064,00-0034745
5065,00-0034763
5066,00-0034262
5067,00-0034825
5068,00-0034349
5069,00-0034404
507,00-0027861
5070,00-0034271
5071,00-0034277
5072,00-0034809
5073,00-0034810
5074,00-0034806
5075,00-0034807
5076,00-0034808
5077,00-0034394
5078,00-0034388
5079,00-0034683
508,00-0027744
5080,00-0034273
5081,00-0034682
5082,00-0034276
5083,00-0034408
5084,00-0034398
5085,00-0034403
5086,00-0034272
5087,00-0034162
5088,00-0034402
5089,00-0034401
509,00-0027678
5090,00-0034275
5091,00-0034274
5092,00-0034393
5093,00-0034405
5094,00-0034439
5095,00-0034161
5096,00-0034407
5097,00-0034399
5098,00-0034391
5099,00-0034396
51,00-0024268
510,00-0027883
5100,00-0034400
5101,00-0034406
5102,00-0034395
5103,00-0034409
5104,00-0034392
5106,00-0034390
5107,00-0034331
5108,00-0034412
511,00-0027356
5110,00-0034411
5111,00-0034426
5112,00-0034432
5113,00-0034418
5115,00-0034427
5116,00-0034433
5117,00-0034420
5118,00-0034416
5119,00-0034794
512,00-0027878
5120,00-0034423
5121,00-0034419
5122,00-0034414
5123,00-0034164
5124,00-0034732
5125,00-0034698
5126,00-0034442
5127,00-0034577
5128,00-0034438
5129,00-0034859
513,00-0027232
5130,00-0034686
5131,00-0034440
5132,00-0034081
5133,00-0034270
5134,00-0034317
5135,00-0034170
5136,00-0034457
5137,00-0034286
5138,00-0034099
5139,00-0034339
514,00-0027838
5140,00-0034180
5141,00-0034881
5142,00-0034131
5144,00-0034156
5145,00-0034149
5146,00-0034140
5147,00-0034139
5149,00-0034153
515,00-0027656
5151,00-0034508
5152,00-0034538
5153,00-0034514
5154,00-0034487
5155,00-0034493
5156,00-0034491
5157,00-0034477
5158,00-0034473
5159,00-0034481
5160,00-0034476
5161,00-0034490
5162,00-0034578
5163,00-0034597
5164,00-0034068
5165,00-0034531
5166,00-0034256
5168,00-0034551
517,00-0027236
5170,00-0034109
5171,00-0034193
5172,00-0034190
5174,00-0034121
5175,00-0034499
5176,00-0034748
5178,00-0034496
5179,00-0034463
518,00-0027647
5180,00-0034460
5181,00-0034468
5182,00-0034118
5183,00-0034204
5184,00-0034122
5185,00-0034521
5186,00-0034519
5187,00-0034517
5188,00-0034523
5189,00-0034173
519,00-0027668
5191,00-0034325
5192,00-0034596
5193,00-0034591
5194,00-0034101
5195,00-0034670
5196,00-0034672
5197,00-0034660
5198,00-0034671
5199,00-0034297
52,00-0023630
520,00-0027739
5200,00-0034290
5201,00-0034632
5202,00-0034628
5204,00-0034625
5205,00-0034630
5206,00-0034626
5209,00-0034208
521,00-0027321
5210,00-0034220
5211,00-0034222
5212,00-0034215
5213,00-0034210
5214,00-0034213
5215,00-0034217
5217,00-0034619
5218,00-0034612
5219,00-0034620
522,00-0027667
5220,00-0034614
5222,00-0034446
5223,00-0034243
5226,00-0034234
5227,00-0034233
5228,00-0034126
5229,00-0034093
523,00-0027712
5230,00-0034084
5231,00-0034549
5233,00-0034169
5235,00-0034575
5236,00-0034642
5237,00-0034478
5239,00-0034144
524,00-0027879
5240,00-0034148
5241,00-0034132
5242,00-0034133
5244,00-0034141
5245,00-0034146
5247,00-0034147
5248,00-0034184
5249,00-0034196
525,00-0027557
5250,00-0034510
5252,00-0034535
5253,00-0034532
5255,00-0034647
5256,00-0034640
5257,00-0034177
5259,00-0034624
526,00-0027756
5260,00-0034631
5261,00-0034633
5262,00-0034087
5263,00-0034291
5264,00-0034292
5265,00-0034574
5266,00-0034565
5267,00-0034560
5268,00-0034557
5269,00-0034735
527,00-0027714
5271,00-0034449
5272,00-0034450
5274,00-0034221
5275,00-0034207
5276,00-0034214
5277,00-0034319
5278,00-0034205
5279,00-0034206
528,00-0027720
5280,00-0034322
5283,00-0034244
5284,00-0034115
5285,00-0034073
5286,00-0034608
5288,00-0034611
5289,00-0034652
529,00-0027662
5290,00-0034653
5292,00-0034667
5293,00-0034669
5295,00-0034103
5296,00-0034119
5297,00-0034285
5298,00-0034281
5299,00-0034280
53,00-0022999
530,00-0027873
5300,00-0034266
5301,00-0034265
5302,00-0034387
5303,00-0034372
5304,00-0034804
5305,00-0034811
5306,00-0034812
5307,00-0034813
5309,00-0034441
531,00-0027860
5310,00-0034772
5311,00-0034848
5312,00-0034379
5313,00-0034380
5314,00-0034437
5315,00-0034428
5316,00-0034436
5317,00-0034435
5318,00-0034385
5319,00-0034269
532,00-0027694
5320,00-0034287
5321,00-0034168
5322,00-0034284
5323,00-0034279
5325,00-0034421
5326,00-0034425
5327,00-0034731
5328,00-0034278
5329,00-0034680
533,00-0027688
5330,00-0034373
5331,00-0034410
5332,00-0034413
5333,00-0034264
5334,00-0034368
5335,00-0034165
5336,00-0034166
5337,00-0034167
5338,00-0034422
5339,00-0034434
534,00-0027776
5340,00-0034430
5341,00-0034376
5342,00-0034382
5343,00-0034793
5344,00-0034792
5345,00-0034424
5346,00-0034431
5347,00-0034367
5348,00-0034375
5349,00-0034687
535,00-0027653
5350,00-0034685
5351,00-0034371
5353,00-0034225
5358,00-0034563
5359,00-0034524
536,00-0027793
5360,00-0034335
5361,00-0034377
5362,00-0034429
5363,00-0034417
5364,00-0034338
5365,00-0034334
5366,00-0034397
5367,00-0034336
5368,00-0034337
5369,00-0034389
537,00-0027870
5370,00-0034730
5371,00-0034320
5372,00-0034384
5373,00-0034283
5374,00-0034386
5375,00-0034374
5376,00-0034415
5377,00-0034729
5378,00-0034163
5379,00-0034756
538,00-0027685
5380,00-0034282
5381,00-0034684
5382,00-0034767
5383,00-0034489
5384,00-0034504
5385,00-0034472
5386,00-0034479
5387,00-0034069
5388,00-0034071
539,00-0027816
5390,00-0034076
5391,00-0034072
5392,00-0034074
5393,00-0034077
5394,00-0034078
5395,00-0034621
5398,00-0034137
5399,00-0034209
54,00-0026240
540,00-0027705
5400,00-0034216
5402,00-0034223
5403,00-0034219
5404,00-0034212
5405,00-0034610
5406,00-0034615
5407,00-0034618
5408,00-0034609
5409,00-0034613
541,00-0027893
5410,00-0034617
5411,00-0034484
5412,00-0034546
5413,00-0034576
5414,00-0034552
5415,00-0034542
5416,00-0034545
5417,00-0034544
5418,00-0034548
5419,00-0034543
542,00-0027819
5420,00-0034568
5421,00-0034541
5422,00-0034547
5423,00-0034571
5424,00-0034540
5425,00-0034106
5426,00-0034082
5429,00-0034080
543,00-0027718
5430,00-0034102
5431,00-0034100
5432,00-0034104
5433,00-0034105
5434,00-0034098
5435,00-0034095
5436,00-0034096
5438,00-0034097
5439,00-0034112
544,00-0027872
5440,00-0034108
5442,00-0034111
5443,00-0034107
5445,00-0034091
5446,00-0034089
5447,00-0034086
5448,00-0034088
5449,00-0034085
545,00-0027743
5450,00-0034090
5451,00-0034120
5452,00-0034116
5453,00-0034117
5454,00-0034114
5456,00-0034182
5457,00-0034195
5458,00-0034873
546,00-0027684
5460,00-0034202
5461,00-0034198
5462,00-0034876
5463,00-0034200
5464,00-0034201
5465,00-0034192
5466,00-0034805
5467,00-0034875
5468,00-0034340
5469,00-0034124
5470,00-0034125
5471,00-0034123
5472,00-0034849
5473,00-0034520
5474,00-0034130
5475,00-0034128
5476,00-0034522
5477,00-0034518
5478,00-0034525
5479,00-0034516
548,00-0027224
5480,00-0034526
5482,00-0034178
5483,00-0034185
5485,00-0034194
5487,00-0034550
5488,00-0034558
5489,00-0034556
549,00-0027831
5491,00-0034564
5492,00-0034562
5493,00-0034573
5494,00-0034569
5495,00-0034559
5496,00-0034554
5497,00-0034138
5499,00-0034155
55,00-0022054
550,00-0027881
5500,00-0034143
5501,00-0034228
5502,00-0034230
5503,00-0034142
5504,00-0034134
5505,00-0034154
5506,00-0034157
5507,00-0034136
5508,00-0034145
5509,00-0034579
5510,00-0034581
5511,00-0034580
5512,00-0034582
5513,00-0034583
5516,00-0034474
5517,00-0034480
5518,00-0034471
5519,00-0034488
552,00-0027829
5520,00-0034485
5521,00-0034492
5522,00-0034482
5523,00-0034475
5525,00-0034187
5526,00-0034203
5527,00-0034224
5528,00-0034255
5529,00-0034259
5531,00-0034250
5532,00-0034251
5534,00-0034248
5535,00-0034252
5536,00-0034253
5538,00-0034254
5539,00-0034258
554,00-0027862
5541,00-0034186
5542,00-0034181
5544,00-0034191
5545,00-0034179
5546,00-0034188
5547,00-0034306
5549,00-0034301
555,00-0027124
5550,00-0034294
5551,00-0034295
5553,00-0034231
5555,00-0034229
5556,00-0034236
5557,00-0034232
5558,00-0034240
5559,00-0034238
556,00-0027658
5560,00-0034237
5561,00-0034239
5562,00-0034241
5563,00-0034246
5564,00-0034242
5565,00-0034171
5567,00-0034307
5568,00-0034308
5569,00-0034311
557,00-0027737
5570,00-0034309
5572,00-0034318
5573,00-0034305
5574,00-0034288
5576,00-0034296
5577,00-0034289
5578,00-0034299
5579,00-0034300
558,00-0027690
5580,00-0034302
5581,00-0034303
5582,00-0034312
5583,00-0034310
5584,00-0034260
5585,00-0033774
5586,00-0034314
5587,00-0034315
5588,00-0034313
5589,00-0034321
559,00-0027876
5590,00-0034330
5591,00-0034326
5592,00-0034328
5594,00-0034324
5595,00-0034327
5596,00-0034329
5597,00-0034697
5599,00-0034448
56,00-0025405
560,00-0027874
5600,00-0034447
5601,00-0034454
5602,00-0034451
5603,00-0034453
5604,00-0034455
5605,00-0034341
5608,00-0034528
5609,00-0034494
561,00-0027290
5610,00-0034495
5611,00-0034497
5613,00-0034461
5614,00-0034658
5615,00-0034657
5616,00-0034665
5617,00-0034651
5618,00-0034666
5619,00-0034654
5621,00-0034627
5623,00-0034511
5624,00-0034509
5625,00-0034512
5626,00-0034602
5627,00-0034604
5628,00-0034605
5629,00-0034603
563,00-0027858
5630,00-0034600
5631,00-0034585
5632,00-0034599
5633,00-0034595
5634,00-0034607
5635,00-0034589
5636,00-0034587
5637,00-0034592
5639,00-0034606
564,00-0027651
5640,00-0034534
5641,00-0034537
5642,00-0034533
5643,00-0034530
5645,00-0034445
5646,00-0034500
5647,00-0034502
565,00-0027695
5650,00-0034467
5651,00-0034470
5655,00-0034527
5656,00-0034459
5657,00-0034458
5658,00-0034515
5659,00-0034586
566,00-0027842
5660,00-0034590
5661,00-0034593
5662,00-0034594
5664,00-0034588
5665,00-0034584
5666,00-0034656
5667,00-0034664
5668,00-0034668
5669,00-0034659
567,00-0027709
5670,00-0034655
5671,00-0034662
5673,00-0034622
5674,00-0034623
5676,00-0034566
5677,00-0034513
5678,00-0034505
5679,00-0034506
568,00-0027657
5680,00-0034539
5681,00-0034443
5682,00-0034444
5683,00-0034456
5684,00-0034650
5685,00-0034643
5686,00-0034636
5688,00-0034644
5689,00-0034638
569,00-0027674
5691,00-0034639
5692,00-0034648
5693,00-0034645
5694,00-0034637
5695,00-0034646
5696,00-0034696
57,00-0022736
570,00-0027581
5700,00-0034708
5701,00-0034718
5702,00-0034702
5703,00-0034715
5705,00-0034705
5709,00-0034737
571,00-0027864
5710,00-0034733
5711,00-0034738
5712,00-0034695
5713,00-0034701
5714,00-0034703
5715,00-0034699
5716,00-0034690
5717,00-0034689
5718,00-0034725
5719,00-0034724
572,00-0027710
5720,00-0034713
5721,00-0034721
5722,00-0034710
5723,00-0034712
5725,00-0034719
5726,00-0034720
5727,00-0034723
5728,00-0034722
5729,00-0031879
573,00-0027745
5730,00-0034692
5731,00-0034691
5732,00-0034693
5733,00-0034716
5734,00-0034709
5735,00-0034711
5736,00-0034726
5737,00-0034727
5739,00-0034734
574,00-0027902
5741,00-0034736
5742,00-0034742
5747,00-0034761
5748,00-0034769
5749,00-0034776
575,00-0027416
5750,00-0034783
5751,00-0034784
5752,00-0034786
5753,00-0034787
5754,00-0034788
5756,00-0034795
5757,00-0034801
5758,00-0034814
5759,00-0034802
576,00-0027663
5760,00-0034819
5763,00-0034820
5764,00-0034821
5766,00-0034839
5767,00-0034840
5768,00-0034841
5769,00-0034850
577,00-0027422
5770,00-0034852
5771,00-0034851
5773,00-0034854
5774,00-0034863
5775,00-0034862
5776,00-0034861
5777,00-0032604
5778,00-0034866
5779,00-0034864
578,00-0027778
5780,00-0034865
5781,00-0034867
5782,00-0034868
5783,00-0034871
5784,00-0034872
5785,00-0034870
5787,00-0034878
5788,00-0034879
5789,00-0034880
579,00-0027885
5791,00-0034883
5792,00-0034465
5794,00-0034886
5795,00-0034884
5798,00-0034888
5799,00-0034892
58,00-0025418
580,00-0027652
5800,00-0034890
5801,00-0034893
5804,00-0034894
5805,00-0034896
5806,00-0034899
5807,00-0034898
5808,00-0034897
5809,00-0034900
581,00-0027835
5815,00-0034641
5816,00-0035717
5817,00-0022177
582,00-0027758
5820,00-0025860
5822,00-0034887
5823,00-0034909
5824,00-0034908
5825,00-0034906
5826,00-0034905
5827,00-0034903
5828,00-0031319
583,00-0027865
5830,00-0034902
5831,00-0034901
5832,00-0034904
5833,00-0026234
5834,00-0022817
5839,00-0034967
584,00-0027725
5840,00-0035642
5841,00-0035230
5842,00-0035692
5843,00-0035525
5844,00-0035229
5845,00-0035232
5846,00-0035640
5847,00-0035683
5848,00-0035662
5849,00-0035228
585,00-0027297
5850,00-0035700
5851,00-0035528
5852,00-0035684
5853,00-0035695
5854,00-0035704
5855,00-0035588
5856,00-0035238
5857,00-0035644
5858,00-0035233
5859,00-0035676
586,00-0027722
5860,00-0035693
5861,00-0035636
5862,00-0035713
5863,00-0035246
5864,00-0035236
5865,00-0035678
5866,00-0035532
5867,00-0035702
5868,00-0035694
5869,00-0035266
587,00-0027215
5870,00-0035710
5871,00-0035248
5872,00-0035719
5873,00-0035590
5874,00-0035235
5875,00-0035242
5876,00-0034974
5877,00-0035526
5878,00-0035624
5879,00-0035651
588,00-0026905
5880,00-0035639
5881,00-0035677
5882,00-0035663
5883,00-0035244
5884,00-0035297
5885,00-0035652
5886,00-0035529
5887,00-0034976
5888,00-0035270
5889,00-0035256
589,00-0027609
5890,00-0035657
5891,00-0035252
5892,00-0035685
5893,00-0035253
5894,00-0035697
5895,00-0035630
5896,00-0035326
5897,00-0035470
5898,00-0035686
59,00-0025580
590,00-0027603
5900,00-0035267
5901,00-0035234
5902,00-0035022
5903,00-0035251
5904,00-0035668
5905,00-0035650
5906,00-0035689
5907,00-0035271
5908,00-0035632
591,00-0027680
5910,00-0034978
5911,00-0034971
5912,00-0035402
5913,00-0035679
5914,00-0035665
5915,00-0035527
5916,00-0035664
5917,00-0035140
5918,00-0035299
5919,00-0035442
592,00-0027880
5920,00-0035655
5921,00-0035150
5923,00-0035281
5924,00-0035070
5925,00-0035302
5926,00-0035312
5927,00-0035659
5928,00-0035292
5929,00-0035474
5930,00-0035290
5932,00-0035323
5933,00-0035294
5934,00-0035279
5935,00-0035314
5936,00-0035649
5937,00-0035216
5938,00-0035406
5939,00-0035338
594,00-0027855
5940,00-0035608
5941,00-0035154
5942,00-0035531
5943,00-0035274
5944,00-0035687
5945,00-0035343
5946,00-0035699
5947,00-0034960
5948,00-0035666
5949,00-0035007
595,00-0027808
5950,00-0035730
5951,00-0034980
5952,00-0034944
5953,00-0035595
5954,00-0035319
5955,00-0034983
5956,00-0035295
5957,00-0035539
5958,00-0034926
5959,00-0035681
596,00-0027875
5960,00-0035386
5961,00-0035505
5962,00-0035287
5963,00-0035383
5964,00-0035300
5965,00-0035703
5966,00-0035048
5967,00-0035261
5968,00-0035155
5969,00-0035698
597,00-0027676
5970,00-0035500
5971,00-0034969
5973,00-0035249
5974,00-0035146
5975,00-0035309
5976,00-0035454
5977,00-0035313
5978,00-0035538
5979,00-0035533
598,00-0026664
5980,00-0035311
5981,00-0035667
5982,00-0035139
5983,00-0034977
5984,00-0035520
5985,00-0034981
5986,00-0035257
5987,00-0034972
5988,00-0035416
5989,00-0035247
599,00-0027664
5990,00-0034962
5991,00-0034973
5993,00-0035670
5995,00-0034975
5996,00-0035404
5997,00-0035090
5998,00-0035069
5999,00-0035586
6,00-0025472
60,00-0026227
600,00-0027768
6000,00-0035382
6001,00-0035631
6002,00-0035273
6003,00-0035254
6004,00-0035127
6005,00-0035026
6006,00-0035278
6007,00-0035268
6008,00-0035084
6009,00-0035285
601,00-0027753
6010,00-0034940
6011,00-0035289
6012,00-0035594
6013,00-0035288
6014,00-0035147
6015,00-0035626
6016,00-0035058
6017,00-0035475
6018,00-0035222
6019,00-0035450
602,00-0027440
6020,00-0035115
6021,00-0034961
6022,00-0035005
6023,00-0034979
6024,00-0034951
6025,00-0035277
6026,00-0035455
6027,00-0035415
6028,00-0035220
6029,00-0035003
603,00-0027822
6030,00-0035305
6031,00-0035512
6032,00-0035120
6033,00-0035219
6034,00-0034998
6036,00-0034965
6037,00-0034955
6038,00-0035578
6039,00-0035537
604,00-0027888
6040,00-0035356
6042,00-0035088
6043,00-0035513
6044,00-0035061
6045,00-0035589
6046,00-0034931
6047,00-0035002
6048,00-0034985
6049,00-0035361
605,00-0027701
6050,00-0035418
6051,00-0035306
6054,00-0035446
6055,00-0035615
6056,00-0034982
6057,00-0035223
6058,00-0035536
6059,00-0035592
606,00-0027796
6060,00-0035239
6061,00-0035458
6062,00-0035502
6063,00-0035457
6064,00-0035107
6065,00-0035672
6066,00-0035381
6067,00-0035331
6068,00-0035184
6069,00-0035399
6070,00-0035307
6072,00-0035467
6073,00-0035490
6074,00-0035329
6075,00-0035562
6076,00-0035591
6077,00-0035141
6079,00-0035158
608,00-0027686
6080,00-0035612
6081,00-0035603
6082,00-0034945
6083,00-0035269
6084,00-0035258
6085,00-0035497
6086,00-0035134
6087,00-0035456
6088,00-0035006
6089,00-0035428
609,00-0026855
6090,00-0035339
6093,00-0035280
6094,00-0035062
6096,00-0035023
6097,00-0035153
6098,00-0035143
6099,00-0034923
61,00-0024429
610,00-0027871
6102,00-0035384
6103,00-0034984
6104,00-0034948
6105,00-0035363
6107,00-0034943
6108,00-0035760
6109,00-0035125
611,00-0027659
6110,00-0035117
6111,00-0035100
6112,00-0035724
6113,00-0035225
6114,00-0035468
6115,00-0035489
6116,00-0035265
6118,00-0035718
6119,00-0035707
612,00-0027774
6120,00-0035231
6121,00-0035237
6122,00-0035629
6123,00-0035638
6124,00-0035647
6125,00-0035643
6126,00-0034970
6127,00-0035241
6128,00-0035637
6129,00-0035674
613,00-0027681
6130,00-0035250
6131,00-0035144
6132,00-0035708
6133,00-0035654
6134,00-0035128
6135,00-0035284
6136,00-0035264
6137,00-0035308
6138,00-0035370
6139,00-0035671
614,00-0027840
6140,00-0035255
6141,00-0035262
6142,00-0035320
6143,00-0035534
6144,00-0035291
6145,00-0035625
6146,00-0034988
6147,00-0035283
6148,00-0035350
6149,00-0035535
6150,00-0035245
6151,00-0035243
6152,00-0035530
6153,00-0034995
6154,00-0035359
6155,00-0035121
6156,00-0035217
6157,00-0035260
6158,00-0034994
6159,00-0035303
616,00-0027696
6160,00-0035016
6161,00-0035546
6163,00-0035018
6164,00-0035660
6165,00-0035126
6167,00-0035275
6168,00-0035597
6169,00-0027452
617,00-0027882
6171,00-0035164
6173,00-0034941
6174,00-0035004
6175,00-0035596
6176,00-0034986
6177,00-0035656
6178,00-0035148
6179,00-0035240
618,00-0027654
6181,00-0035259
6183,00-0035272
6184,00-0035095
6185,00-0035282
6186,00-0034992
6187,00-0035716
6188,00-0035218
6189,00-0035379
619,00-0027856
6192,00-0034913
6195,00-0034915
6196,00-0035728
6197,00-0035727
6198,00-0034916
62,00-0023579
620,00-0027450
6202,00-0035726
6203,00-0035725
6204,00-0034917
6205,00-0034918
6206,00-0034919
6208,00-0034921
6209,00-0034922
621,00-0027854
6210,00-0034968
6211,00-0035646
6213,00-0035688
6214,00-0035680
6215,00-0035263
6216,00-0035142
6217,00-0035276
6218,00-0034987
6219,00-0035145
622,00-0027732
6220,00-0035286
6221,00-0034989
6222,00-0034990
6223,00-0035593
6224,00-0034991
6225,00-0035469
6226,00-0035197
6227,00-0035353
6228,00-0035060
6229,00-0035324
623,00-0027648
6230,00-0035452
6231,00-0035161
6233,00-0035436
6234,00-0035215
6235,00-0035507
6236,00-0035212
6237,00-0035037
6238,00-0035034
6239,00-0035480
624,00-0027787
6243,00-0035422
6244,00-0035375
6246,00-0035427
6247,00-0035432
6248,00-0035438
6249,00-0035426
625,00-0027256
6251,00-0035429
6252,00-0035434
6253,00-0035440
6254,00-0035542
6255,00-0035430
6256,00-0035435
6257,00-0035437
6258,00-0035346
6259,00-0035405
626,00-0027825
6261,00-0035019
6263,00-0035170
6266,00-0035188
6267,00-0035224
6268,00-0035189
6269,00-0035163
627,00-0027691
6271,00-0035208
6272,00-0034997
6273,00-0035540
6279,00-0035102
628,00-0027886
6281,00-0035106
6283,00-0035633
6284,00-0034993
6285,00-0035293
6286,00-0034996
6288,00-0035296
6289,00-0035696
629,00-0027877
6290,00-0035298
6291,00-0035301
6292,00-0035149
6293,00-0035304
6294,00-0034999
6296,00-0035000
6297,00-0035001
6298,00-0035310
6299,00-0035598
63,00-0022397
630,00-0027610
6300,00-0035315
6301,00-0035669
6302,00-0035316
6303,00-0035317
6304,00-0035541
6305,00-0035709
6306,00-0035112
6307,00-0035444
6308,00-0035067
6309,00-0035453
6310,00-0035365
6311,00-0035342
6312,00-0035511
6314,00-0035357
6315,00-0035352
6316,00-0035354
6317,00-0035394
6318,00-0035396
6319,00-0035398
632,00-0027894
6320,00-0035325
6321,00-0035135
6322,00-0035182
6323,00-0034959
6324,00-0034964
6325,00-0035501
6326,00-0035509
6327,00-0035506
6328,00-0035499
633,00-0027375
6330,00-0035508
6331,00-0035123
6332,00-0035130
6333,00-0035133
6334,00-0035448
6335,00-0035462
6336,00-0035445
6337,00-0035451
6338,00-0035459
6339,00-0035449
634,00-0027863
6340,00-0035461
6342,00-0035460
6343,00-0035077
6344,00-0035368
6345,00-0035204
6346,00-0035195
6347,00-0035198
6348,00-0035202
6349,00-0035207
635,00-0027869
6350,00-0035193
6351,00-0035441
6353,00-0035617
6354,00-0035108
6355,00-0035098
6356,00-0035482
6357,00-0035194
6358,00-0035200
6359,00-0035206
636,00-0027378
6360,00-0035201
6361,00-0035366
6363,00-0035374
6364,00-0035376
6365,00-0035367
6369,00-0035362
637,00-0027887
6370,00-0035443
6371,00-0035483
6372,00-0035494
6373,00-0035491
6374,00-0035484
6377,00-0035493
6378,00-0035486
6379,00-0035099
638,00-0027608
6380,00-0035101
6381,00-0035104
6382,00-0035110
6383,00-0035113
6385,00-0035606
6386,00-0035602
6387,00-0035621
6388,00-0035604
6389,00-0035605
639,00-0027733
6390,00-0035607
6392,00-0035614
6395,00-0034930
6396,00-0034932
6398,00-0034933
64,00-0024313
640,00-0027783
6400,00-0034939
6401,00-0034927
6402,00-0034928
6403,00-0034950
6404,00-0035618
6405,00-0035318
6406,00-0034924
6409,00-0034929
641,00-0027859
6410,00-0034938
6411,00-0035205
6412,00-0035203
6414,00-0035372
6415,00-0035364
6416,00-0035378
6417,00-0035492
6418,00-0035487
6419,00-0035227
642,00-0027891
6420,00-0035417
6421,00-0035414
6422,00-0035421
6423,00-0035423
6424,00-0035613
6426,00-0035623
6427,00-0035021
6429,00-0035044
643,00-0027866
6430,00-0035076
6431,00-0035080
6432,00-0035103
6433,00-0035122
6435,00-0034946
6436,00-0034954
6437,00-0034937
6438,00-0034949
6439,00-0035025
644,00-0027711
6441,00-0035027
6445,00-0035015
6446,00-0035013
6447,00-0035046
6448,00-0035043
6449,00-0035038
645,00-0022750
6450,00-0035040
6451,00-0035039
6452,00-0035042
6453,00-0035045
6455,00-0035051
6456,00-0034963
6457,00-0034957
6458,00-0034958
6459,00-0035114
646,00-0022927
6460,00-0035109
6461,00-0035118
6462,00-0035057
6463,00-0035064
6464,00-0035054
6465,00-0035074
6466,00-0035053
6467,00-0035073
6468,00-0035078
6469,00-0035083
647,00-0023516
6471,00-0035411
6472,00-0035419
6473,00-0035420
6474,00-0035611
6476,00-0034966
6478,00-0034947
648,00-0024334
6483,00-0035111
6484,00-0035116
6485,00-0035166
6486,00-0035124
6487,00-0035119
6488,00-0035131
649,00-0024234
6491,00-0035086
6492,00-0035097
6493,00-0035092
6494,00-0035094
6495,00-0035096
6496,00-0035171
6497,00-0035174
6498,00-0035177
6499,00-0035175
65,00-0024345
650,00-0025565
6500,00-0035178
6501,00-0035009
6506,00-0035176
6508,00-0035049
6509,00-0035105
651,00-0024240
6510,00-0035179
6512,00-0035072
6513,00-0035066
6516,00-0035065
6517,00-0035085
6518,00-0035082
6519,00-0035181
652,00-0026253
6520,00-0035075
6521,00-0035091
6523,00-0035156
6525,00-0035093
6527,00-0035151
6528,00-0035192
6529,00-0035345
6530,00-0035014
6531,00-0035008
6532,00-0035041
6533,00-0035052
6534,00-0035332
6535,00-0035322
6536,00-0035334
6537,00-0035335
6538,00-0035340
6539,00-0034935
6540,00-0035385
6541,00-0035389
6542,00-0035390
6543,00-0035391
6544,00-0035136
6545,00-0035071
6547,00-0035214
6548,00-0035209
6549,00-0035401
655,00-0022084
6550,00-0035152
6551,00-0035157
6552,00-0035031
6553,00-0035187
6554,00-0035035
6555,00-0035190
6556,00-0035191
6557,00-0035510
6558,00-0035395
6559,00-0035439
656,00-0021998
6560,00-0035431
6561,00-0035424
6562,00-0035425
6563,00-0035433
6564,00-0035403
6565,00-0035515
6566,00-0035355
6567,00-0035400
6568,00-0035504
6569,00-0035463
657,00-0023441
6570,00-0035336
6571,00-0035349
6572,00-0035344
6575,00-0035496
6576,00-0035503
6579,00-0035172
658,00-0023482
6580,00-0035517
6581,00-0035521
6582,00-0035554
6583,00-0035555
6584,00-0035557
6585,00-0035551
6587,00-0035560
6588,00-0035544
6589,00-0035545
659,00-0026932
6590,00-0035552
6591,00-0035553
6592,00-0035569
6593,00-0035587
6594,00-0035408
6595,00-0035577
6597,00-0035337
6598,00-0035341
6599,00-0035348
66,00-0026262
660,00-0026367
6601,00-0035519
6602,00-0035518
6603,00-0035055
6604,00-0035063
6605,00-0035479
6606,00-0035471
6607,00-0035481
6608,00-0035221
6609,00-0035036
661,00-0023506
6610,00-0035020
6611,00-0035412
6612,00-0035413
6613,00-0035132
6614,00-0035047
6616,00-0035027
6618,00-0035718
6619,00-0035079
662,00-0022055
6620,00-0035081
6622,00-0035017
6624,00-0035056
6626,00-0035524
6627,00-0035409
6628,00-0035548
663,00-0022943
6630,00-0035162
6632,00-0035472
6633,00-0035328
6634,00-0035485
6635,00-0035407
6636,00-0035388
6637,00-0035387
6638,00-0035180
6639,00-0035137
664,00-0022900
6640,00-0035210
6641,00-0035211
6644,00-0035392
6645,00-0035393
6648,00-0035477
6649,00-0035476
665,00-0026296
6650,00-0035358
6651,00-0035330
6652,00-0035333
6654,00-0035522
6656,00-0035373
6657,00-0035600
6658,00-0035566
6659,00-0035567
666,00-0026903
6660,00-0035565
6661,00-0035574
6662,00-0035572
6664,00-0035583
6665,00-0035547
6666,00-0035549
6667,00-0035543
6668,00-0035568
667,00-0026564
6670,00-0035550
6671,00-0035563
6672,00-0035564
6673,00-0035571
6674,00-0035558
6675,00-0035561
6679,00-0035579
668,00-0022695
6680,00-0035581
6681,00-0035582
6682,00-0035573
6683,00-0035575
6684,00-0035576
6685,00-0035610
6687,00-0035609
6689,00-0035622
669,00-0026796
6692,00-0035601
6693,00-0035627
6694,00-0035628
6695,00-0035634
6697,00-0035635
6699,00-0035645
67,00-0026217
670,00-0021570
6701,00-0035653
6705,00-0035658
6706,00-0035673
6707,00-0035675
6708,00-0035682
6709,00-0035690
671,00-0025409
6710,00-0035691
6711,00-0035705
6712,00-0035701
6713,00-0035706
6714,00-0035714
6718,00-0030755
672,00-0027072
6723,00-0035723
6724,00-0035327
6725,00-0035729
6727,00-0035733
673,00-0023460
6730,00-0035735
6732,00-0035736
6735,00-0029981
6736,00-0027037
6737,00-0035740
6738,00-0023439
6739,00-0035742
674,00-0026192
6740,00-0035743
6741,00-0035741
6743,00-0035744
6744,00-0033733
6745,00-0035336
6747,00-0035746
6748,00-0035747
675,00-0023443
6753,00-0035715
676,00-0027029
6760,00-0035754
6763,00-0035750
6768,00-0036212
6769,00-0027602
677,00-0024278
6770,00-0036442
6777,00-0022119
6778,00-0035752
678,00-0023259
6781,00-0036356
6782,00-0036321
6783,00-0036407
6784,00-0036220
6785,00-0036274
6786,00-0036358
6788,00-0036388
6789,00-0036357
679,00-0022121
6790,00-0036275
6791,00-0036281
6792,00-0036260
6794,00-0036322
6795,00-0036289
6797,00-0036355
6798,00-0036387
6799,00-0036282
68,00-0026235
6800,00-0036286
6801,00-0036410
6802,00-0036192
6803,00-0036261
6804,00-0036264
6805,00-0036412
6806,00-0036158
6807,00-0036323
6809,00-0036361
681,00-0026714
6811,00-0036441
6812,00-0036288
6813,00-0036223
6814,00-0036268
6815,00-0036418
6817,00-0036287
6818,00-0036130
6819,00-0036252
682,00-0026852
6820,00-0036360
6822,00-0036197
6823,00-0036226
6824,00-0036233
6825,00-0036366
6826,00-0036290
6827,00-0036379
6828,00-0036265
6829,00-0036416
683,00-0024277
6830,00-0036160
6831,00-0036213
6832,00-0035887
6833,00-0036241
6834,00-0035787
6836,00-0036285
6837,00-0036419
6838,00-0036291
6839,00-0036292
684,00-0021140
6840,00-0036359
6841,00-0036266
6842,00-0036324
6843,00-0036423
6845,00-0036251
6846,00-0036008
6847,00-0036331
6848,00-0036193
6849,00-0036255
685,00-0027084
6850,00-0036232
6851,00-0036249
6853,00-0036415
6854,00-0036216
6855,00-0036329
6856,00-0036299
6857,00-0036254
6858,00-0036337
686,00-0020679
6860,00-0036298
6861,00-0036089
6864,00-0036341
6865,00-0036244
6866,00-0036382
6867,00-0036280
6868,00-0036335
6869,00-0036422
687,00-0026635
6870,00-0036365
6871,00-0036330
6872,00-0036231
6873,00-0035869
6874,00-0036350
6876,00-0036114
6878,00-0036336
6879,00-0035978
688,00-0024276
6880,00-0036294
6882,00-0036394
6885,00-0036450
6886,00-0036326
6887,00-0036237
6888,00-0036411
689,00-0027055
6890,00-0036270
6891,00-0036314
6892,00-0036279
6893,00-0036227
6894,00-0035771
6895,00-0036277
6896,00-0036375
6897,00-0036296
6898,00-0035988
69,00-0020494
690,00-0027812
6900,00-0036224
6901,00-0036348
6902,00-0036010
6904,00-0036389
6906,00-0036340
6908,00-0036269
6909,00-0036364
691,00-0023645
6910,00-0036413
6911,00-0036221
6912,00-0036393
6913,00-0036377
6915,00-0036426
6916,00-0035970
6917,00-0036346
6918,00-0036020
6919,00-0036023
692,00-0019770
6920,00-0036165
6921,00-0036159
6923,00-0036199
6925,00-0035862
6926,00-0036424
6927,00-0036271
6928,00-0036307
6929,00-0036353
693,00-0013126
6931,00-0036425
6932,00-0036140
6933,00-0036007
6935,00-0036303
6936,00-0036320
6937,00-0036343
6938,00-0036414
6939,00-0035819
694,00-0026727
6941,00-0036338
6943,00-0036196
6945,00-0036328
6946,00-0036087
6947,00-0036395
6948,00-0036371
6949,00-0036409
695,00-0025396
6950,00-0036313
6951,00-0036383
6955,00-0035831
6956,00-0036194
6957,00-0036133
6958,00-0036378
6959,00-0035912
696,00-0021577
6960,00-0036427
6961,00-0036344
6962,00-0036030
6963,00-0035973
6964,00-0036032
6965,00-0036239
6966,00-0035868
6967,00-0035987
6968,00-0036431
6969,00-0036166
697,00-0024332
6970,00-0036438
6972,00-0036262
6973,00-0036096
6974,00-0035880
6975,00-0035802
6977,00-0036428
698,00-0024296
6981,00-0035965
6983,00-0036390
6984,00-0035860
6985,00-0036228
6986,00-0036127
6988,00-0036435
6989,00-0036219
699,00-0025608
6990,00-0036368
6992,00-0036006
6994,00-0036152
6995,00-0036352
6996,00-0035806
6997,00-0036235
6999,00-0035841
70,00-0025415
700,00-0025442
7000,00-0036434
7002,00-0036040
7004,00-0036373
7005,00-0036069
7006,00-0036276
7008,00-0036092
7009,00-0035934
701,00-0027675
7011,00-0036402
7012,00-0036300
7013,00-0036022
7014,00-0035895
7015,00-0036154
7016,00-0036293
7018,00-0035763
7019,00-0036076
702,00-0027777
7020,00-0036400
7021,00-0036139
7023,00-0036362
7024,00-0036351
7027,00-0035808
7030,00-0036403
7032,00-0036439
7036,00-0036421
7038,00-0036027
7039,00-0035891
704,00-0025408
7040,00-0036381
7042,00-0036162
7044,00-0036253
7045,00-0036370
7046,00-0035830
7048,00-0036117
7049,00-0036259
705,00-0027826
7050,00-0036332
7051,00-0035995
7052,00-0036304
7053,00-0036306
7055,00-0036033
7058,00-0036302
706,00-0026340
7062,00-0035849
7064,00-0036297
7065,00-0036129
7066,00-0036345
7068,00-0036028
7069,00-0036380
707,00-0025900
7075,00-0036429
7078,00-0036111
708,00-0027442
7080,00-0035947
7081,00-0036301
7082,00-0036225
7083,00-0035993
7084,00-0036312
7085,00-0036308
7086,00-0036398
7087,00-0035924
7088,00-0036078
709,00-0026935
7090,00-0036309
7091,00-0036034
7093,00-0036000
7094,00-0035758
7095,00-0035759
7098,00-0036457
71,00-0024324
7101,00-0035957
7103,00-0035825
7105,00-0035761
7106,00-0036145
7107,00-0036278
7109,00-0036245
711,00-0025942
7111,00-0036420
7113,00-0036333
7114,00-0036372
7117,00-0036374
7119,00-0036283
712,00-0027660
7120,00-0036305
7121,00-0036161
7122,00-0036081
7124,00-0036311
7125,00-0036430
7127,00-0036401
7128,00-0036238
713,00-0027736
7130,00-0036164
7131,00-0036250
7133,00-0036222
7134,00-0036229
7135,00-0036247
7136,00-0036349
7137,00-0036315
7138,00-0036316
714,00-0027762
7141,00-0036319
7143,00-0036384
7144,00-0036432
7145,00-0036444
7146,00-0036243
7147,00-0036385
7148,00-0036404
7149,00-0036433
7150,00-0036240
7151,00-0036405
7152,00-0036436
7154,00-0036440
7155,00-0036167
7159,00-0036052
716,00-0027567
7160,00-0036205
7169,00-0036043
717,00-0027531
7170,00-0035925
7173,00-0035786
7175,00-0035789
718,00-0027551
7185,00-0035790
7188,00-0035783
719,00-0027265
7194,00-0036191
7197,00-0036157
72,00-0021931
720,00-0027867
7200,00-0036124
7202,00-0036156
7203,00-0036188
7204,00-0036187
7208,00-0036189
721,00-0027904
7210,00-0035864
7215,00-0035821
7216,00-0035956
722,00-0027763
7222,00-0035946
7224,00-0036037
7226,00-0035950
7227,00-0036208
723,00-0024315
7231,00-0036204
7232,00-0036209
7233,00-0035876
7234,00-0035883
724,00-0026738
7244,00-0036110
7251,00-0036118
7253,00-0036029
7254,00-0036137
7259,00-0036011
7261,00-0036013
7268,00-0035961
727,00-0027772
7271,00-0035962
7276,00-0036065
7277,00-0036068
7279,00-0035848
728,00-0027818
7281,00-0035850
7283,00-0035857
7288,00-0035823
7289,00-0035822
729,00-0027248
7293,00-0036101
7296,00-0035833
730,00-0027325
7301,00-0035890
7302,00-0035879
7307,00-0035889
7308,00-0036083
731,00-0027607
7311,00-0036085
7312,00-0036084
7314,00-0036168
7316,00-0035898
7318,00-0035908
732,00-0027868
7324,00-0035906
7325,00-0035903
7326,00-0035927
7327,00-0035910
7328,00-0035897
7329,00-0035900
733,00-0027704
7335,00-0035939
7337,00-0036080
7339,00-0035935
734,00-0027857
7341,00-0035928
7342,00-0035933
7344,00-0035944
7346,00-0035942
7347,00-0036077
735,00-0026019
7351,00-0035844
7352,00-0035838
7356,00-0035845
7357,00-0035976
736,00-0027218
7362,00-0035985
7364,00-0035984
7366,00-0035979
737,00-0027809
738,00-0025630
7381,00-0035816
739,00-0025479
7390,00-0036148
7391,00-0036151
7392,00-0036149
7398,00-0035923
74,00-0022247
7404,00-0036005
7405,00-0035998
7406,00-0036002
7407,00-0036142
7410,00-0036447
7412,00-0036449
7419,00-0035795
742,00-0026839
7421,00-0035804
7427,00-0036059
743,00-0023624
7433,00-0036056
7436,00-0036176
7438,00-0036183
7439,00-0036173
744,00-0027247
7443,00-0036181
7444,00-0036180
7446,00-0036177
7449,00-0036106
745,00-0025399
7451,00-0036045
7456,00-0036050
7458,00-0036100
7459,00-0036086
746,00-0027509
7462,00-0036136
7466,00-0035835
7467,00-0035859
747,00-0027844
7474,00-0036203
748,00-0027702
749,00-0027125
7491,00-0036058
7496,00-0036182
7499,00-0036453
75,00-0026206
750,00-0026307
7502,00-0036456
7504,00-0036090
7508,00-0027468
7509,00-0028905
751,00-0027170
7511,00-0029265
7515,00-0031385
7516,00-0036458
7518,00-0036459
7519,00-0036465
752,00-0027730
7520,00-0036462
7521,00-0036463
7523,00-0036971
7525,00-0036912
7526,00-0036613
7527,00-0036972
7528,00-0036893
7529,00-0036569
753,00-0027043
7530,00-0036951
7531,00-0036825
7533,00-0036999
7534,00-0036657
7535,00-0037004
7536,00-0036590
7537,00-0036755
7538,00-0037013
7539,00-0036578
754,00-0027723
7540,00-0036991
7541,00-0036647
7543,00-0036973
7546,00-0036536
7547,00-0036963
7548,00-0036495
755,00-0024330
7550,00-0036721
7551,00-0036493
7552,00-0036818
7553,00-0036970
7554,00-0037011
7556,00-0036571
7559,00-0036635
756,00-0027421
7560,00-0036734
7561,00-0036567
7562,00-0036849
7563,00-0036827
7564,00-0036900
7565,00-0036955
7567,00-0036919
7568,00-0036556
7569,00-0036554
757,00-0026964
7571,00-0036550
7572,00-0036669
7573,00-0036782
7574,00-0036650
7576,00-0036753
7579,00-0036676
758,00-0019536
7581,00-0036946
7583,00-0036879
7585,00-0036898
7586,00-0036907
7587,00-0036626
7588,00-0036997
7589,00-0036929
759,00-0027750
7591,00-0036945
7593,00-0036984
7594,00-0036555
7595,00-0036630
7596,00-0036980
7597,00-0036510
7599,00-0036670
76,00-0024307
760,00-0026578
7600,00-0036894
7601,00-0036936
7602,00-0036876
7603,00-0036572
7605,00-0036928
7606,00-0036913
7607,00-0036924
7608,00-0036906
7609,00-0036654
761,00-0022101
7610,00-0037012
7611,00-0036875
7612,00-0036620
7617,00-0036469
7618,00-0036470
7619,00-0036471
762,00-0027791
7622,00-0036474
7625,00-0036967
7626,00-0036940
7627,00-0036914
7628,00-0036901
7629,00-0036926
763,00-0023001
7630,00-0036996
7632,00-0036615
7633,00-0036479
7634,00-0036614
7635,00-0036934
7637,00-0036933
764,00-0024297
7640,00-0036932
7641,00-0036874
7642,00-0036944
7646,00-0036553
7647,00-0036927
7648,00-0036621
7649,00-0036480
765,00-0027244
7651,00-0036915
7653,00-0036552
7655,00-0036617
7658,00-0036935
7659,00-0036962
7661,00-0036954
7662,00-0036961
7664,00-0036981
7666,00-0036998
7667,00-0036974
7668,00-0036899
7669,00-0036937
767,00-0026512
7670,00-0036988
7671,00-0036625
7672,00-0036994
7673,00-0037003
7674,00-0037007
7676,00-0036989
7677,00-0036990
7678,00-0036902
7679,00-0036624
768,00-0025516
7680,00-0036993
7681,00-0036995
7682,00-0036992
7683,00-0037000
7685,00-0036987
7686,00-0037008
7687,00-0036986
7688,00-0036978
769,00-0026739
7693,00-0036982
7694,00-0037005
7695,00-0036942
7696,00-0036916
7698,00-0036941
77,00-0025503
770,00-0027914
7700,00-0036632
7701,00-0036853
7703,00-0036918
7704,00-0036870
7707,00-0036885
7708,00-0036884
7709,00-0036938
771,00-0027503
7710,00-0036878
7711,00-0036883
7712,00-0036904
7713,00-0036877
7715,00-0036629
7716,00-0036628
7717,00-0036917
7718,00-0036851
7719,00-0036868
772,00-0026672
7720,00-0036842
7721,00-0036867
7722,00-0036903
7723,00-0036895
7724,00-0036882
7726,00-0036964
7727,00-0036850
7729,00-0036627
773,00-0027759
7730,00-0036956
7731,00-0036881
7732,00-0036673
774,00-0027245
7741,00-0036829
7746,00-0036841
775,00-0025944
7750,00-0036672
7751,00-0036671
7752,00-0036939
7753,00-0036847
7754,00-0036668
7755,00-0036667
7756,00-0036909
7757,00-0036862
776,00-0026257
7760,00-0036666
7761,00-0036846
7762,00-0036889
7763,00-0036665
7764,00-0036664
7765,00-0036952
7767,00-0036662
7769,00-0036861
7770,00-0036922
7771,00-0036860
7772,00-0036576
7775,00-0036908
7776,00-0036661
7779,00-0036925
778,00-0027817
7780,00-0036897
7782,00-0036658
7783,00-0036845
7784,00-0036656
7786,00-0036573
7787,00-0036888
7788,00-0036896
7789,00-0036858
779,00-0027495
7791,00-0036505
7793,00-0036652
7794,00-0036857
7795,00-0036570
7796,00-0036504
7797,00-0036651
7799,00-0036568
78,00-0025637
780,00-0026515
7801,00-0036649
7802,00-0036921
7804,00-0036920
7805,00-0036872
7806,00-0036503
7807,00-0036648
7808,00-0036565
7809,00-0036950
781,00-0027853
7810,00-0036949
7811,00-0036564
7812,00-0036646
7813,00-0036645
7814,00-0036644
7815,00-0036643
7816,00-0036502
7817,00-0036855
7818,00-0036642
7819,00-0036563
782,00-0027905
7820,00-0036562
7821,00-0036844
7822,00-0036641
7823,00-0036871
7824,00-0036561
7825,00-0036481
7826,00-0036639
7827,00-0036638
7828,00-0036637
783,00-0027195
7830,00-0036559
7832,00-0036558
7833,00-0036843
7835,00-0036501
7836,00-0036634
7837,00-0036633
7839,00-0036854
784,00-0027547
7840,00-0036948
7841,00-0036500
7842,00-0036887
7844,00-0036705
7846,00-0036704
7849,00-0036711
7852,00-0036691
7853,00-0036695
7854,00-0036692
7859,00-0036766
786,00-0027992
7860,00-0036773
7862,00-0036776
7863,00-0036768
7865,00-0036775
7866,00-0036767
7867,00-0036543
787,00-0028129
7876,00-0036507
7877,00-0036517
7878,00-0036511
788,00-0028087
7880,00-0036788
7889,00-0036748
789,00-0028028
7890,00-0036750
7891,00-0036754
7892,00-0036752
7895,00-0036724
79,00-0030132
790,00-0028054
7901,00-0036541
7903,00-0036696
7904,00-0036548
7907,00-0036792
7909,00-0036539
791,00-0028424
7912,00-0036546
7915,00-0036598
7918,00-0036819
7921,00-0036813
7922,00-0036816
7930,00-0036611
7931,00-0036780
7933,00-0036714
7936,00-0036716
794,00-0028497
7941,00-0036774
7942,00-0036764
7943,00-0036640
7944,00-0036482
7945,00-0036863
7946,00-0036741
795,00-0027941
7956,00-0036810
7957,00-0036802
7961,00-0036757
797,00-0028144
7970,00-0036587
7972,00-0036583
7974,00-0036589
798,00-0028038
7982,00-0036824
7984,00-0036729
7987,00-0036730
7989,00-0036527
799,00-0028006
7992,00-0036519
7993,00-0036523
7996,00-0036526
8,00-0026194
800,00-0027972
8000,00-0036677
8001,00-0036682
8002,00-0036679
8003,00-0036678
8004,00-0036683
8005,00-0036491
8009,00-0036508
801,00-0028112
8013,00-0036497
8018,00-0036718
802,00-0028453
8020,00-0036728
8024,00-0036725
8025,00-0036727
8029,00-0036689
803,00-0028454
8031,00-0036688
8037,00-0036537
8040,00-0036488
8041,00-0036534
8042,00-0036515
8044,00-0036506
805,00-0028169
8051,00-0036799
8054,00-0036700
8055,00-0036703
8056,00-0036873
8058,00-0036582
8059,00-0036586
806,00-0028000
8061,00-0036746
8068,00-0036910
807,00-0028173
8076,00-0036959
8079,00-0026225
808,00-0028076
8084,00-0036530
8085,00-0036698
8089,00-0037015
809,00-0027971
81,00-0022805
810,00-0028012
8104,00-0037034
8107,00-0037031
811,00-0028011
8110,00-0038041
8111,00-0038129
8112,00-0037238
8114,00-0038092
8115,00-0037436
8116,00-0038098
8117,00-0037666
8118,00-0037257
8119,00-0037741
812,00-0028097
8121,00-0037816
8122,00-0037157
8123,00-0037617
8125,00-0037837
8126,00-0038117
8127,00-0038046
8129,00-0037258
813,00-0027955
8130,00-0037744
8131,00-0037838
8132,00-0037263
8134,00-0037261
8135,00-0037742
8136,00-0037256
8137,00-0037247
8138,00-0037248
8139,00-0038040
814,00-0027994
8140,00-0037216
8142,00-0037664
8143,00-0037267
8144,00-0037239
8145,00-0037805
8146,00-0037740
8147,00-0037614
8148,00-0037240
8149,00-0037111
815,00-0028292
8150,00-0037840
8151,00-0038134
8152,00-0037131
8153,00-0038045
8154,00-0037746
8155,00-0038120
8157,00-0038108
8158,00-0037139
8159,00-0038122
816,00-0028032
8160,00-0038102
8161,00-0038128
8162,00-0037077
8164,00-0038132
8166,00-0037564
8167,00-0038124
8168,00-0038090
817,00-0028091
8170,00-0037282
8171,00-0037273
8172,00-0037252
8174,00-0037286
8175,00-0037604
8176,00-0037828
8177,00-0037086
8178,00-0037355
8179,00-0037265
818,00-0028064
8180,00-0037291
8181,00-0037304
8183,00-0037834
8184,00-0037400
8185,00-0037460
8186,00-0037187
8188,00-0038104
8189,00-0037087
819,00-0027968
8190,00-0037546
8191,00-0037173
8192,00-0037164
8193,00-0037068
8194,00-0037410
8195,00-0037557
8196,00-0037566
8197,00-0037569
8198,00-0037366
8199,00-0037201
82,00-0023545
820,00-0028102
8200,00-0037231
8201,00-0037390
8202,00-0037300
8204,00-0037091
8205,00-0037197
8206,00-0037327
8207,00-0037120
8208,00-0037085
8209,00-0037183
821,00-0028278
8210,00-0037809
8211,00-0037827
8212,00-0037209
8213,00-0037042
8214,00-0037078
8215,00-0037369
8217,00-0037466
8218,00-0037389
8219,00-0037755
822,00-0028061
8220,00-0037509
8221,00-0037299
8223,00-0037745
8224,00-0037165
8225,00-0038115
8226,00-0037437
8227,00-0037277
8228,00-0037228
8229,00-0037343
823,00-0028103
8230,00-0037276
8233,00-0037226
8235,00-0037098
8236,00-0037486
8239,00-0037182
8240,00-0037115
8241,00-0037175
8246,00-0037495
8247,00-0037233
8249,00-0037539
825,00-0027965
8250,00-0037524
8253,00-0037487
8254,00-0037594
8255,00-0037429
8258,00-0038097
8259,00-0037224
826,00-0027996
8261,00-0038039
8262,00-0037260
8263,00-0037503
8264,00-0037321
8265,00-0037235
8266,00-0037074
8267,00-0037615
8268,00-0037245
8269,00-0037073
827,00-0028118
8270,00-0037075
8271,00-0037842
8272,00-0037813
8273,00-0038099
8274,00-0037203
8275,00-0037137
8276,00-0038119
8278,00-0037823
8279,00-0038126
828,00-0028039
8280,00-0037249
8281,00-0037314
8282,00-0037264
8283,00-0037822
8285,00-0037184
8286,00-0037743
8287,00-0038142
8288,00-0037375
8289,00-0037236
829,00-0027973
8290,00-0037190
8291,00-0037751
8292,00-0037285
8293,00-0038136
8294,00-0037193
8295,00-0037804
8296,00-0037242
8297,00-0037179
8298,00-0037136
8299,00-0037318
83,00-0026289
830,00-0027942
8300,00-0038130
8301,00-0037178
8303,00-0038125
8305,00-0037313
8306,00-0037283
8307,00-0038093
8308,00-0037237
8309,00-0037281
831,00-0027918
8310,00-0037758
8311,00-0037254
8312,00-0037325
8313,00-0038091
8314,00-0037246
8316,00-0038107
8318,00-0037603
8319,00-0037759
832,00-0028105
8321,00-0037833
8322,00-0037330
8323,00-0038135
8324,00-0038113
8325,00-0038116
8327,00-0037043
8328,00-0037544
8329,00-0037244
833,00-0028040
8330,00-0037841
8331,00-0037270
8332,00-0037280
8333,00-0038121
8334,00-0037289
8336,00-0037080
8339,00-0038038
834,00-0028694
8340,00-0037393
8341,00-0037753
8342,00-0037274
8343,00-0038133
8344,00-0037094
8347,00-0038106
8348,00-0037667
8349,00-0037457
835,00-0027997
8351,00-0037826
8353,00-0037354
8355,00-0037611
8358,00-0038096
8359,00-0037253
836,00-0027975
8360,00-0038127
8361,00-0037984
8362,00-0037819
8363,00-0037109
8364,00-0037191
8365,00-0038111
8367,00-0037271
8368,00-0037665
8369,00-0037312
837,00-0028075
8370,00-0037294
8371,00-0037811
8372,00-0037808
8373,00-0037195
8374,00-0037079
8375,00-0037832
8376,00-0037251
8377,00-0037752
8379,00-0037070
838,00-0027959
8380,00-0037262
8381,00-0037839
8382,00-0037083
8383,00-0037815
8384,00-0037268
8385,00-0037192
8386,00-0038105
8388,00-0037810
8389,00-0038101
839,00-0028066
8390,00-0037250
8391,00-0037082
8392,00-0037616
8394,00-0038100
8395,00-0038123
8396,00-0037259
8397,00-0037578
8398,00-0037663
8399,00-0037561
840,00-0028707
8400,00-0037756
8402,00-0037760
8403,00-0037406
8405,00-0037090
8406,00-0037130
8408,00-0037525
841,00-0028100
8411,00-0037039
8413,00-0037324
8414,00-0037132
8415,00-0037041
8416,00-0037387
8419,00-0037581
842,00-0028001
8423,00-0037329
8428,00-0037331
843,00-0027969
8431,00-0037507
8435,00-0037420
844,00-0027977
845,00-0028189
846,00-0028015
8466,00-0038042
8467,00-0038094
847,00-0028080
8470,00-0038043
8473,00-0037269
8475,00-0037272
8476,00-0037275
8478,00-0037830
8481,00-0037307
8483,00-0037084
8484,00-0037311
8486,00-0037284
8487,00-0037288
8489,00-0037292
849,00-0028533
8490,00-0037309
8492,00-0037298
8494,00-0037310
8495,00-0037303
8496,00-0037301
8498,00-0037293
85,00-0023509
850,00-0028536
8500,00-0037306
8503,00-0037296
8506,00-0037198
8508,00-0037097
8509,00-0037096
851,00-0027998
8510,00-0037844
8512,00-0037328
8515,00-0037747
8516,00-0037095
8517,00-0037323
8519,00-0037320
852,00-0028082
8520,00-0037843
8521,00-0037319
8523,00-0037317
8525,00-0037316
8526,00-0037315
8527,00-0037093
8528,00-0037500
853,00-0028543
8530,00-0037499
8532,00-0037493
8536,00-0037606
8537,00-0037608
8538,00-0037607
854,00-0028152
8540,00-0037602
8542,00-0037461
8546,00-0037464
8547,00-0037459
855,00-0027980
8552,00-0037181
856,00-0027949
8564,00-0037046
8569,00-0037364
857,00-0028090
8577,00-0037471
8578,00-0037468
858,00-0027960
8583,00-0037475
859,00-0027987
8595,00-0037172
86,00-0025542
860,00-0028400
8602,00-0037119
8618,00-0037526
862,00-0027948
8620,00-0037527
8625,00-0037551
8628,00-0037553
863,00-0028409
8635,00-0037560
864,00-0028410
8641,00-0037061
865,00-0028059
8650,00-0037071
8654,00-0037585
8659,00-0037587
866,00-0028052
8663,00-0037580
8665,00-0037168
8666,00-0037549
8670,00-0037542
8674,00-0037547
8676,00-0037545
868,00-0028142
8680,00-0037596
8683,00-0037141
8687,00-0037149
869,00-0028224
8691,00-0037153
8698,00-0037112
87,00-0024369
870,00-0028005
8702,00-0037106
871,00-0027940
8710,00-0037208
8714,00-0037129
8719,00-0037222
872,00-0028127
8725,00-0037202
8726,00-0037205
873,00-0027983
8731,00-0037174
8732,00-0037185
8733,00-0037633
8736,00-0037051
8739,00-0037057
874,00-0028067
8745,00-0037055
8746,00-0037638
8748,00-0035916
8749,00-0037450
875,00-0028024
8752,00-0037384
8755,00-0037380
8756,00-0037382
8758,00-0037383
876,00-0028311
8763,00-0037377
8765,00-0037373
877,00-0028056
8776,00-0037431
878,00-0028008
8783,00-0037422
8788,00-0037415
879,00-0027993
8794,00-0037341
8795,00-0037332
8799,00-0037340
88,00-0024421
880,00-0028137
8800,00-0037563
8801,00-0037570
8809,00-0037609
881,00-0028073
882,00-0028179
8820,00-0037456
883,00-0028030
8833,00-0037395
8834,00-0037392
8836,00-0037401
8838,00-0037512
8839,00-0037517
884,00-0028051
8840,00-0037506
8841,00-0037515
8844,00-0037516
8849,00-0037348
885,00-0028119
8850,00-0037356
8854,00-0037447
8857,00-0037353
886,00-0028063
8860,00-0037155
8861,00-0037156
8869,00-0037491
887,00-0028086
8870,00-0037481
8871,00-0037488
8874,00-0037621
888,00-0028767
8885,00-0037654
8887,00-0037627
8889,00-0037639
889,00-0028019
8893,00-0037645
8898,00-0037662
8899,00-0037660
89,00-0026197
890,00-0027986
8901,00-0037661
891,00-0028020
8914,00-0037711
8915,00-0038137
8917,00-0037801
892,00-0028172
8921,00-0037708
8925,00-0037593
8928,00-0038147
893,00-0027988
8931,00-0038149
8932,00-0038152
8938,00-0038150
894,00-0027956
895,00-0028121
896,00-0028595
897,00-0028027
899,00-0028660
9,00-0022017
90,00-0024235
900,00-0028662
901,00-0027978
902,00-0028114
903,00-0028664
904,00-0028009
905,00-0027947
906,00-0028613
907,00-0028081
908,00-0027957
909,00-0028620
91,00-0021429
911,00-0028368
912,00-0028495
913,00-0028202
914,00-0028017
915,00-0028043
916,00-0027979
917,00-0027954
918,00-0028093
919,00-0028116
92,00-0022044
920,00-0028115
922,00-0028339
9220,00-0038397
9221,00-0039139
9222,00-0039136
9224,00-0038597
9225,00-0038555
9226,00-0039040
9227,00-0038389
9228,00-0039150
9229,00-0039164
923,00-0028031
9230,00-0038400
9231,00-0038598
924,00-0027991
926,00-0028357
927,00-0027951
928,00-0028002
929,00-0028069
93,00-0024249
930,00-0028600
931,00-0028601
933,00-0028124
934,00-0028156
935,00-0028079
936,00-0028198
937,00-0028044
938,00-0028260
939,00-0028110
94,00-0024348
940,00-0028263
941,00-0027950
942,00-0028267
943,00-0027981
944,00-0028130
945,00-0028792
946,00-0028029
947,00-0027944
9479,00-0038558
948,00-0028168
9480,00-0038935
9481,00-0039144
9482,00-0039066
9483,00-0038406
9484,00-0038996
9486,00-0038393
9487,00-0038606
9488,00-0038543
9489,00-0038590
949,00-0028083
9490,00-0038941
9492,00-0039052
9493,00-0039075
9494,00-0038976
9495,00-0038821
9497,00-0038938
9498,00-0038483
9499,00-0038477
95,00-0026156
950,00-0028334
9500,00-0038997
9501,00-0038621
9502,00-0038977
9503,00-0038843
9504,00-0038608
9505,00-0038622
9506,00-0038951
9508,00-0039032
9509,00-0038542
951,00-0028738
9510,00-0038409
9511,00-0038454
9512,00-0039046
952,00-0028035
953,00-0028003
954,00-0027939
955,00-0028564
956,00-0027966
957,00-0027962
958,00-0028532
959,00-0027989
96,00-0023459
960,00-0028125
961,00-0027958
962,00-0028022
963,00-0028042
964,00-0027985
965,00-0028394
966,00-0028016
967,00-0027952
968,00-0028050
969,00-0028041
97,00-0025495
970,00-0028122
971,00-0028007
972,00-0027943
973,00-0028074
974,00-0027976
975,00-0028359
9753,00-0039165
9754,00-0038544
9756,00-0038994
9757,00-0038551
9758,00-0039163
976,00-0028018
977,00-0028479
978,00-0028053
979,00-0028128
98,00-0026188
980,00-0027974
981,00-0028101
982,00-0028149
983,00-0028177
984,00-0028238
985,00-0028256
986,00-0027945
987,00-0028241
988,00-0028434
989,00-0027963
99,00-0025506
990,00-0028045
991,00-0028441
992,00-0028442
993,00-0028111
994,00-0028443
995,00-0028445
996,00-0028092
997,00-0028180
998,00-0028037
999,00-0027708
9997,00-0039064
9998,00-0038550
9999,00-0039152
