rush_yd,rush_td,rush_2pt,rec_yd,rec_td,rec_2pt,rec,fum,fum_lost,season,week,espn_id,espn_total,pass_yd,pass_td,pass_2pt,pass_int
65.83510873,0.616894452,0.02442777,33.77520352,0.199094533,0.011331566,3.604247262,0.12125173,0.058337092,2025,1,4429795,18.41926089,,,,
63.64895869,0.434357264,0.0144,34.83354126,0.192007659,0.008129714,4.206375886,0.178746308,0.086218758,2025,1,3117251,17.69015333,,,,
1.311311495,0.007633465,0.000439008,87.7871816,0.708708073,0.026744698,6.61536426,0.086539473,0.048169815,2025,1,4362628,19.78357658,,,,
4.350997024,0.042398461,0.002323409,78.98813226,0.364746632,0.019807129,6.032346414,0.08215838,0.045060534,2025,1,4426515,16.76543591,,,,
81.60003519,0.693005246,0.031299801,29.52580373,0.135409301,0.008443003,3.731025105,0.156475902,0.074730367,2025,1,4430807,19.74824915,,,,
,,,62.66125007,0.382963599,0.02904873,6.446755405,0.056850175,0.031836098,2025,1,4361307,15.00658727,,,,
1.765580058,0.014296363,0.000566107,74.52802135,0.426495817,0.024274225,6.969099284,0.088751793,0.049364488,2025,1,4374302,17.19942211,,,,
2.556616887,0.018133704,0.001098766,88.28316953,0.444462198,0.023408966,7.187295908,0.108803305,0.060298371,2025,1,4241389,18.97814268,,,,
2.527262783,0.014629034,0.000763,65.55450762,0.428571712,0.024107738,5.231689331,0.073721535,0.040760031,2025,1,4430878,14.66923626,,,,
97.17180642,0.768366861,0.036545273,14.7387274,0.070951712,0.005049414,1.923490064,0.219883337,0.103024762,2025,1,4242335,18.03339673,,,,
63.21413147,0.630640207,0.020307208,16.83769707,0.107038348,0.005815694,2.252538498,0.124674691,0.059049432,2025,1,4379399,14.62123362,,,,
104.8594676,0.759248219,0.024877921,22.73137217,0.154584221,0.01044574,2.754276417,0.159605816,0.075298774,2025,1,3929630,20.92061681,,,,
59.64814402,0.491592107,0.0278,32.49803925,0.200150656,0.010761337,4.355554677,0.116564113,0.056497951,2025,1,4429160,17.68783435,,,,
31.72679874,0.633075537,0.0204,,,,,0.523975371,0.249839023,2025,1,3918298,20.83450195,237.8772664,1.505542455,0.081704884,0.696141672
43.72474486,0.935537053,0.0307,,,,,0.561877787,0.267068001,2025,1,4040715,23.43107971,219.2234121,1.513114905,0.102147529,0.561196126
84.40684224,0.857246221,0.033597008,10.07355913,0.065614754,0.00301524,1.136155003,0.155481852,0.072458512,2025,1,3043078,16.05377246,,,,
73.2991612,0.496387026,0.026992261,28.32931749,0.130884175,0.007360231,3.682223854,0.16172662,0.077414393,2025,1,4890973,17.52979457,,,,
,,,93.26546688,0.627906638,0.024018408,7.194856709,0.097233985,0.054451031,2025,1,4262921,20.23054598,,,,
0.634148654,0.005906969,0.000357918,62.69830114,0.417116187,0.021968704,4.394982296,0.090113862,0.050242341,2025,1,4426354,13.21291677,,,,
78.94967756,0.667402815,0.036573248,12.9500699,0.106887601,0.005804403,2.039566867,0.238061429,0.111828382,2025,1,4430737,15.74268265,,,,
37.30058345,0.175463831,0.008639503,,,,,0.638368702,0.304662207,2025,1,4431452,17.97164124,214.1104158,1.595113805,0.092010172,0.682453438
,,,84.59355286,0.483622296,0.025470782,6.095769022,0.064995095,0.036397253,2025,1,4258173,17.43672114,,,,
72.90988996,0.557634004,0.032070112,24.92888045,0.154472334,0.005829362,3.643956486,0.17299425,0.08268365,2025,1,4362238,17.6154692,,,,
,,,72.54860139,0.495295151,0.030882505,5.806809035,0.076251909,0.042701069,2025,1,4426502,16.01181895,,,,
,,,78.85161319,0.567905565,0.038375158,5.289561352,0.071806994,0.040211917,2025,1,4047646,16.58037854,,,,
68.83958884,0.656621006,0.0334,18.98755745,0.101637055,0.005816314,2.466158505,0.194959795,0.09215993,2025,1,4047365,15.69768227,,,,
76.03756845,0.505381209,0.0339,25.11415106,0.162242353,0.007873227,3.214374277,0.153317921,0.07314107,2025,1,4596448,17.27660191,,,,
,,,66.28383454,0.588909019,0.022223811,5.352617382,0.078290078,0.043842443,2025,1,4239993,15.47328169,,,,
1.231590471,0.010500665,0.000499435,40.43953892,0.311134846,0.022142507,3.825283776,0.04719756,0.026110573,2025,1,4431459,9.91652052,,,,
4.232841775,0.043280053,0.00171,64.53020558,0.313170455,0.017824255,3.920709849,0.05455908,0.029882615,2025,1,4426388,12.91646091,,,,
65.97499655,0.433085169,0.021324285,19.52292517,0.12274072,0.00708623,2.448663214,0.13569284,0.064427092,2025,1,4432710,14.31654947,,,,
3.463872856,0.02870264,0.001124908,68.87477548,0.416157098,0.019123956,4.682084307,0.058234772,0.031986859,2025,1,4429615,14.56316758,,,,
36.41511583,0.187447856,0.0103,22.20656484,0.096301464,0.005235938,2.78275452,0.085916748,0.041684345,2025,1,4239996,10.29738969,,,,
,,,65.85826179,0.500118081,0.027158314,4.867939397,0.051137511,0.028637006,2025,1,16800,14.45286668,,,,
57.64256002,0.460499413,0.023593665,16.44765182,0.06758465,0.003895083,2.145990593,0.149158545,0.070508524,2025,1,4259545,12.6414126,,,,
20.42318346,0.092137906,0.00483,8.715105059,0.049216946,0.002784046,1.25912064,0.051540665,0.024837301,2025,1,4038815,4.98799409,,,,
,,,72.19143877,0.371163294,0.021901661,5.755621413,0.112119634,0.062786995,2025,1,4612826,15.12293239,,,,
,,,57.87616481,0.556773638,0.029355881,4.287466235,0.068942674,0.038607897,2025,1,3128429,13.39903851,,,,
45.19979954,0.385485476,0.0234,16.40206638,0.070311607,0.003703177,2.483061199,0.125127349,0.059743768,2025,1,4361579,11.31605511,,,,
3.027649065,0.047008228,0.00258,,,,,0.424503282,0.203332446,2025,1,12483,14.92738863,248.2025063,1.539014198,0.083596832,0.759245731
11.11817325,0.137905058,0.008356012,,,,,0.533240226,0.255242373,2025,1,2577417,16.5299373,265.6833507,1.50223463,0.079071625,0.862026724
,,,60.23909952,0.260729865,0.015184669,4.895040449,0.087554484,0.049030511,2025,1,4361370,12.41794791,,,,
55.60052083,0.264590024,0.01175014,22.83792175,0.095525491,0.006347525,2.758205146,0.213022395,0.101589575,2025,1,4427366,12.60138067,,,,
,,,48.0823886,0.343248655,0.01795534,4.952663948,0.06459315,0.036172164,2025,1,15847,11.78566509,,,,
,,,42.93372871,0.275081374,0.017151797,3.155857149,0.027020447,0.01513145,2025,1,4360248,9.10447296,,,,
1.330237505,0.012738854,0.000722,63.08250029,0.225653021,0.012132501,5.120399215,0.065160073,0.036206011,2025,1,4372016,12.94704322,,,,
61.08182644,0.353933207,0.015653734,22.69113381,0.099023946,0.005351207,3.190851354,0.194322777,0.092963919,2025,1,4569987,14.19640998,,,,
,,,66.29336915,0.401121874,0.022690188,4.848428912,0.051514085,0.028847888,2025,1,4685472,13.87354367,,,,
,,,58.89456528,0.40692686,0.027497322,5.100748598,0.061130327,0.034232983,2025,1,4241478,13.41990896,,,,
0.873685795,0.009100305,0.000448082,53.59277369,0.32738909,0.018901261,4.708340647,0.059026588,0.032879921,2025,1,2976212,12.14842181,,,,
66.09988568,0.528058929,0.0275,20.27538728,0.093137995,0.005239138,2.688761599,0.113002891,0.053678602,2025,1,4567048,15.01457351,,,,
12.56571411,0.152950745,0.0088,,,,,0.51897915,0.248345899,2025,1,3915511,19.98439198,267.3909968,2.173006543,0.081956325,0.638025397
51.66042771,0.255024129,0.00999485,,,,,0.571409663,0.271910934,2025,1,3916387,22.00042418,236.6871458,1.840522446,0.084518318,0.592801727
53.86004175,0.337240799,0.019570788,20.26776719,0.135082812,0.007122239,2.618093552,0.11866659,0.056733983,2025,1,4568490,12.8078662,,,,
,,,38.50007761,0.190454345,0.010030863,4.062987775,0.081259755,0.045505463,2025,1,4242355,8.98692041,,,,
,,,63.04717875,0.381724764,0.016162444,5.047308513,0.043700035,0.02447202,2025,1,3040151,13.62690782,,,,
62.90792583,0.611759672,0.029544593,17.88369708,0.096667122,0.005704148,2.454921707,0.137572981,0.06529709,2025,1,4685382,14.72817806,,,,
,,,54.32410655,0.253029503,0.018007329,5.117659392,0.088548891,0.049587379,2025,1,4035687,12.00742697,,,,
1.680479363,0.011130085,0.000746913,59.9026715,0.469322708,0.02277509,4.372891926,0.049276756,0.027313463,2025,1,4567750,13.45588056,,,,
7.277521869,0.099242724,0.00435,52.24112239,0.284707108,0.01794706,3.720141706,0.105641362,0.05591336,2025,1,3126486,11.91126252,,,,
0.773378786,0.013097598,0.000429,40.4458787,0.251077706,0.016966107,3.750354247,0.064969816,0.036119377,2025,1,3121023,9.42159928,,,,
25.55656715,0.21296526,0.012358819,,,,,0.340498627,0.162541069,2025,1,4426338,18.52411248,227.3809701,1.758588935,0.092692802,0.666475723
0.774954241,0.006311304,0.000277,63.27651124,0.427068805,0.026921103,4.791977205,0.066756447,0.03719741,2025,1,3121422,13.77916979,,,,
,,,70.50335175,0.603427268,0.029282858,5.399090886,0.05090134,0.02850475,2025,1,16737,16.07288989,,,,
48.46949749,0.572145556,0.022655805,16.15192487,0.055881817,0.003180542,2.152875281,0.111996881,0.053245359,2025,1,4035538,12.33132173,,,,
,,,30.08773631,0.179653497,0.013627159,2.654293343,0.046211245,0.025878297,2025,1,4360761,6.71770368,,,,
1.712671986,0.009911893,0.000544,77.63541771,0.47630797,0.025896999,5.526196339,0.087259008,0.048475089,2025,1,4432773,16.33656031,,,,
15.15254452,0.148986712,0.00719523,,,,,0.447624318,0.214048673,2025,1,4038941,16.55577426,248.9310402,1.421601032,0.083838925,0.631418583
,,,65.5525534,0.445831859,0.033817442,4.712151098,0.086280544,0.048317105,2025,1,4432708,13.91567827,,,,
0.776874338,0.0057306,0.000372824,44.05215549,0.160211357,0.012221427,4.243568566,0.04113702,0.022923764,2025,1,4569587,9.70255026,,,,
,,,62.60481646,0.277690313,0.011757566,4.662626198,0.079777113,0.044675183,2025,1,3886598,12.52552049,,,,
0.733318476,0.005744438,0.000312368,57.86822271,0.297445741,0.016726769,5.162287594,0.065922975,0.036771742,2025,1,3916433,12.80385758,,,,
,,,34.33674773,0.366522973,0.02116059,3.171438918,0.023054966,0.012910781,2025,1,3046439,8.82135715,,,,
19.51441733,0.131016529,0.00879,,,,,0.590506883,0.282327545,2025,1,3052587,19.02224083,250.5236106,2.043444002,0.099151328,0.788424036
25.24004925,0.074468668,0.00382,,,,,0.543191558,0.259521593,2025,1,4431611,15.46510328,219.2083422,1.353139159,0.077995189,0.672765583
3.842163524,0.035230515,0.001395057,,,,,0.463322077,0.221927619,2025,1,3046779,15.27788528,258.765899,1.502306476,0.085316361,0.709691813
61.8127213,0.405327934,0.0264,19.07621605,0.094629796,0.007218659,2.4151176,0.246612464,0.11714685,2025,1,4360516,13.34324133,,,,
14.70182386,0.238427804,0.007930972,,,,,0.463535159,0.221646564,2025,1,4361741,16.85459745,265.6343916,1.301003509,0.05498251,0.785157646
2.818299629,0.01485563,0.000761127,60.14711898,0.342800597,0.019756509,5.069157052,0.073462436,0.040469488,2025,1,3915416,13.47367057,,,,
26.13143381,0.207872174,0.009193757,9.887040385,0.03386527,0.001830063,1.397007586,0.060657945,0.028992003,2025,1,4371733,6.47411447,,,,
46.19586615,0.266148798,0.0155,23.24592683,0.179463813,0.006864771,3.015990381,0.156937159,0.075704654,2025,1,3042519,12.53131158,,,,
0.744522219,0.005999288,0.000307,57.31858051,0.399342315,0.023015158,4.108467594,0.08471076,0.047183885,2025,1,4431299,12.30134203,,,,
59.42573905,0.312315034,0.018518149,18.26690327,0.062375384,0.003360208,2.940787402,0.132753641,0.063290627,2025,1,3916148,12.8788736,,,,
0.995984164,0.015144255,0.00059353,46.96579364,0.456267994,0.0209672,4.27573861,0.062821409,0.034792249,2025,1,3116365,11.87558285,,,,
,,,14.92183742,0.079279715,0.005320976,1.450614852,0.016684417,0.009343273,2025,1,5083076,3.41087269,,,,
,,,66.14564958,0.38934942,0.021040257,4.64109471,0.092821894,0.051980261,2025,1,4047650,13.53232418,,,,
50.55261434,0.474605862,0.023368684,11.88537642,0.096480061,0.005570115,1.666205957,0.199190575,0.09414724,2025,1,4569173,11.21135969,,,,
12.25412589,0.078781997,0.004773472,13.83275412,0.067736508,0.003567457,1.850056524,0.038287939,0.019129862,2025,1,4429059,5.31728569,,,,
,,,49.41566183,0.308043213,0.018177061,4.266064015,0.074254909,0.041582749,2025,1,15818,11.0110401,,,,
1.068326028,0.011176691,0.000608,67.7647259,0.320047861,0.017997792,6.44090935,0.041522724,0.023039529,2025,1,4432665,15.30379238,,,,
53.64370622,0.371754658,0.019247249,33.89127393,0.104822732,0.00610478,4.177626201,0.109314125,0.052959303,2025,1,3054850,15.73826001,,,,
7.40032984,0.099877549,0.005750484,71.25811601,0.537643741,0.028124148,5.337160364,0.062187156,0.033637839,2025,1,4683062,17.03025027,,,,
,,,53.97888603,0.252984017,0.013745332,4.867678589,0.074172726,0.041536726,2025,1,4373678,11.73972256,,,,
18.04689933,0.250169669,0.0137,,,,,0.505245133,0.241587072,2025,1,4360310,17.97906537,253.9048542,1.582560023,0.086085065,0.771396414
9.621648564,0.117097623,0.005957191,,,,,0.457023638,0.21868951,2025,1,4036378,14.92023319,234.6551711,1.467681495,0.083900787,0.877923583
1.399362089,0.005987138,0.000266,64.00020288,0.263556149,0.017512909,5.095370159,0.104633483,0.058065755,2025,1,4569618,13.17477269,,,,
,,,40.60696166,0.214120369,0.01163376,3.436560076,0.050503228,0.028281808,2025,1,4385690,8.75001436,,,,
0.08546777,0.000695453,3.67e-05,,,,,0.005661992,0.002711915,2025,1,2578570,0.13238673,2.085944864,0.012876398,0.001052427,0.00608999
12.92948822,0.112717467,0.005775074,3.098630634,0.017893414,0.001031245,0.47183326,0.030967865,0.014632214,2025,1,4608686,2.87112813,,,,
36.27496381,0.277796439,0.014485427,13.26342505,0.035176692,0.001978736,1.769137061,0.043715583,0.020900289,2025,1,4426385,8.59309448,,,,
74.70165385,0.503140788,0.026382925,17.11319749,0.075048327,0.004245245,2.85342858,0.192865975,0.091555195,2025,1,4241416,15.38728835,,,,
,,,37.45194811,0.25544418,0.014618128,3.11912742,0.058714036,0.03287986,2025,1,4361432,8.36201185,,,,
,,,32.27810971,0.153846208,0.008959863,3.222111757,0.058723963,0.032885419,2025,1,3929645,7.32669686,,,,
,,,30.54146995,0.195852754,0.011556909,2.13796922,0.032250021,0.018060012,2025,1,4429025,6.35507853,,,,
,,,49.93336015,0.231860816,0.008869038,4.945883382,0.054508659,0.030524849,2025,1,4036133,11.28851267,,,,
,,,34.88675234,0.15555606,0.008192622,3.193940189,0.027962978,0.015659268,2025,1,3117256,7.60175649,,,,
22.26376861,0.202996301,0.011687582,,,,,0.439972985,0.210294317,2025,1,3139477,19.81354612,262.959308,1.891460343,0.098918909,0.763643294
0.855442478,0.005814976,0.000337455,20.8819883,0.174448019,0.009197769,1.464866148,0.030218926,0.016662788,2025,1,4431280,4.70673007,,,,
,,,46.35247926,0.373868948,0.02127894,4.455985648,0.027251533,0.015260859,2025,1,4430027,11.34720342,,,,
,,,76.10041654,0.290455545,0.019494357,5.549164049,0.074006737,0.041443773,2025,1,4241463,14.85999614,,,,
18.74688979,0.215407979,0.012402188,9.118871261,0.073215643,0.003829911,1.366431357,0.032354793,0.015626907,2025,1,3059915,5.88681158,,,,
47.46316386,0.415075836,0.0182,,,,,0.415465417,0.197711186,2025,1,4426348,20.96000492,226.4780764,1.520857902,0.095859226,0.631498614
14.26448581,0.05488541,0.003325556,,,,,0.512749173,0.245367383,2025,1,4432577,16.47056734,271.3425352,1.376220524,0.072413355,0.65904013
3.072861042,0.022964248,0.001188952,52.11124685,0.238791123,0.013906977,3.472404208,0.079367715,0.043453957,2025,1,4032473,10.62019167,,,,
53.84500845,0.401046805,0.0231,18.33253026,0.114592916,0.005994356,2.572821817,0.112969682,0.053912283,2025,1,4361529,12.83776016,,,,
,,,37.46817034,0.265267367,0.015288063,3.484578147,0.040078284,0.022443839,2025,1,4723086,8.80974383,,,,
29.43410502,0.164402721,0.011032673,14.16314422,0.093240895,0.004524754,1.939579991,0.094829772,0.045769493,2025,1,4697815,7.80132638,,,,
47.25531465,0.234726277,0.013683329,7.098372693,0.034289363,0.001311622,1.035861804,0.131806705,0.061843224,2025,1,4360569,7.99510783,,,,
1.577669479,0.011884257,0.000395313,66.29867189,0.266679124,0.011291346,4.626606619,0.091906816,0.051000844,2025,1,4428209,13.02818723,,,,
6.928857538,0.04421521,0.002249392,47.28718521,0.28094203,0.016077276,3.875160443,0.097424778,0.052565719,2025,1,4362249,11.21385495,,,,
,,,19.48450612,0.141597248,0.010077039,1.447386633,0.02305128,0.012908717,2025,1,4360078,4.24036338,,,,
13.93338089,0.103207936,0.005381678,,,,,0.545624822,0.260801948,2025,1,3912547,15.32881695,232.8688996,1.477997529,0.083129699,0.790166855
46.62601285,0.364088932,0.015967791,9.765134288,0.059190972,0.003731217,1.397838345,0.103939075,0.048958477,2025,1,4575131,9.52085554,,,,
0.802938302,0.005159874,0.000269057,55.60387055,0.361561466,0.020338321,4.52562615,0.070025141,0.039013512,2025,1,2977187,12.33167081,,,,
,,,45.75460267,0.277040168,0.019716094,4.418396233,0.041655585,0.023327127,2025,1,4688813,10.68383008,,,,
,,,46.52340975,0.359497457,0.024128207,4.439283065,0.041784384,0.023399255,2025,1,3123076,11.25117069,,,,
1.498708567,0.013003685,0.000666243,13.0888568,0.085006195,0.004899133,1.173814194,0.015171883,0.008226232,2025,1,4685278,3.2157091,,,,
,,,34.85364788,0.175154629,0.013361347,3.11820902,0.038140148,0.021358483,2025,1,4429148,7.63951531,,,,
18.93160306,0.13251051,0.007261491,5.254823937,0.02941578,0.001597389,0.76283594,0.039242974,0.018597567,2025,1,4429096,4.13459701,,,,
,,,22.70859569,0.17582878,0.009890607,2.176933999,0.026627011,0.014911126,2025,1,4576297,5.49342721,,,,
,,,57.71040773,0.461185108,0.025057481,3.447202694,0.064998808,0.036399332,2025,1,4635008,11.96438641,,,,
2.768254327,0.021887846,0.001190205,25.21031541,0.100132024,0.005630893,1.821143563,0.034482219,0.01860891,2025,1,4428718,5.47380413,,,,
34.64973726,0.310599806,0.0148,,,,,0.518972293,0.247163474,2025,1,3917792,17.14242658,205.7878623,1.298844746,0.092434773,0.673431028
0.389677242,0.005046919,0.000293,41.02279107,0.206265796,0.010875361,4.548246849,0.06329456,0.035258839,2025,1,3051876,9.91085701,,,,
49.33165988,0.404058968,0.0245,8.204947086,0.031772166,0.001673335,1.010095274,0.097093592,0.04546154,2025,1,3128720,9.34272836,,,,
12.5394034,0.091337826,0.00465,4.902352391,0.027851891,0.001593861,0.700295261,0.023920897,0.011457769,2025,1,4887558,3.14981133,,,,
45.71833812,0.318146452,0.018462703,14.48711633,0.092902444,0.00489828,2.163034421,0.067538437,0.032276624,2025,1,4241985,10.63382396,,,,
,,,31.851238,0.349977912,0.02206153,3.622256198,0.034772237,0.019472453,2025,1,15835,8.91334362,,,,
1.662375964,0.014403685,0.000685,21.75985544,0.168520574,0.011993089,1.613300516,0.035666641,0.019448617,2025,1,4597500,5.04047015,,,,
39.05687823,0.239639486,0.0126,9.842625287,0.053138874,0.004030714,1.319091284,0.100374893,0.047498587,2025,1,4429275,7.90662805,,,,
,,,34.8235181,0.242478493,0.013183624,3.524660719,0.043111633,0.024142514,2025,1,4430539,8.44110571,,,,
,,,57.78994579,0.388671382,0.02224223,4.159811979,0.044197597,0.024750654,2025,1,4701936,12.29770339,,,,
,,,44.99914049,0.232026816,0.012220083,3.259000181,0.034626559,0.019390873,2025,1,4877706,9.13764555,,,,
15.34958987,0.103076269,0.00534,3.466846621,0.01708791,0.000995184,0.498753557,0.034600937,0.016325507,2025,1,4682652,3.08231363,,,,
14.70089205,0.107928242,0.007021636,5.023406218,0.012175013,0.000928748,0.742802391,0.043658734,0.020874401,2025,1,4040761,3.4570762,,,,
,,,11.78520589,0.071112467,0.003866405,1.007439225,0.018995793,0.010637644,2025,1,4432620,2.68715987,,,,
32.36546263,0.229477168,0.0104,5.458780747,0.020129804,0.001255128,0.780615818,0.035481677,0.016670646,2025,1,4373626,6.05158695,,,,
40.88653993,0.303083514,0.0197,13.98936947,0.059974909,0.004025305,1.878712187,0.090523655,0.043181795,2025,1,5081397,9.50812869,,,,
13.46088766,0.121351389,0.007074159,,,,,0.554912783,0.265509282,2025,1,4433970,16.25991091,245.3494423,1.637925756,0.062648545,0.901516876
1.65960078,0.010986778,0.000602806,57.12202601,0.388299717,0.021111965,4.604252754,0.051666437,0.028658535,2025,1,4685415,12.89438844,,,,
,,,3.15747598,0.030232363,0.001641732,0.331960293,0.003248279,0.001819036,2025,1,4242557,0.82883326,,,,
21.58371879,0.14291514,0.009297827,9.469801132,0.046386387,0.0035385,1.245251378,0.049525089,0.023802892,2025,1,4696981,5.4657874,,,,
,,,35.73553657,0.326116946,0.015825662,3.304872064,0.059238079,0.033173324,2025,1,4243331,8.80199807,,,,
1.412994055,0.01166982,0.00075922,91.50196216,0.509901278,0.038896877,6.59576047,0.094161757,0.052400455,2025,1,4595348,18.99367796,,,,
,,,19.15674067,0.124574846,0.00719212,1.441656376,0.027183184,0.015222583,2025,1,4429022,4.08943859,,,,
6.388338374,0.065235356,0.002885225,,,,,0.389129236,0.186394241,2025,1,8439,12.95300987,218.922548,1.156089835,0.062457375,0.613333549
36.45494121,0.313800024,0.0166,,,,,0.539865152,0.257618203,2025,1,3917315,18.29588394,222.680212,1.374590014,0.104190311,0.68930154
0.668849952,0.00407447,0.000242,9.018668574,0.044007443,0.002370713,0.79899621,0.009702286,0.005311977,2025,1,4431268,2.12243459,,,,
2.623095516,0.019562807,0.001159941,55.624378,0.307221444,0.016550246,3.623188098,0.062771739,0.034449547,2025,1,3925357,11.37681824,,,,
0.737705239,0.006443997,0.000419236,36.57466172,0.192452021,0.014680847,2.377111104,0.049827887,0.027664501,2025,1,3916945,7.27790907,,,,
,,,42.19418173,0.241900096,0.01384305,3.759653664,0.044621357,0.02498796,2025,1,4572680,9.40935859,,,,
,,,58.02123893,0.389732423,0.020386906,4.117617138,0.070873429,0.03968912,2025,1,4241372,12.22140314,,,,
2.828616636,0.01898218,0.001075324,69.33523064,0.376720181,0.020254806,5.484168713,0.070354943,0.038847715,2025,1,3116406,15.04824693,,,,
22.0581488,0.203955952,0.006784314,2.855921353,0.013281194,0.000562333,0.36646624,0.056095565,0.026157482,2025,1,4241474,4.12515646,,,,
45.09989483,0.361659171,0.0161,,,,,0.793187192,0.377053798,2025,1,4362887,15.48612236,185.4171347,0.8483192,0.056382355,0.707790727
67.34771859,0.583837309,0.030810863,19.89759523,0.098235944,0.007451438,2.596753606,0.17172252,0.081595258,2025,1,3045147,15.33159459,,,,
19.02672711,0.10504088,0.00576322,3.682100925,0.019484184,0.001059361,0.49429155,0.037979502,0.017875987,2025,1,4882093,3.55851853,,,,
8.553686826,0.05321135,0.00357,1.930622306,0.009326386,0.000452587,0.247506337,0.020573509,0.009706035,2025,1,4430871,1.72793292,,,,
2.852573624,0.015870014,0.000832,43.61747738,0.242857787,0.013737692,3.589077994,0.06127016,0.033598189,2025,1,4430034,9.78867195,,,,
50.46685309,0.367922117,0.02018658,5.531285339,0.022351904,0.001215279,0.738697986,0.19722846,0.091981456,2025,1,4429013,8.58458392,,,,
17.25693251,0.211006598,0.01106444,,,,,0.529830423,0.253517555,2025,1,4685720,15.59334342,229.24523,1.323198465,0.074887352,0.769920475
,,,18.49325467,0.093316176,0.005247606,1.864899383,0.022810382,0.012773814,2025,1,4429086,4.25966949,,,,
0.120104737,0.001368966,6e-05,,,,,0.004560882,0.002183421,2025,1,2576980,0.15014075,2.261467723,0.015186331,0.000968275,0.00954893
,,,2.508250638,0.020903521,0.001014397,0.205853706,0.002187176,0.001224818,2025,1,4608810,0.62967271,,,,
25.36296885,0.198017327,0.008757897,4.93508459,0.027098723,0.001464402,0.707691877,0.055872882,0.026281972,2025,1,4819231,5.05755018,,,,
34.86550383,0.380834584,0.0167,24.12316931,0.135645485,0.008550674,2.951600282,0.167083373,0.081261076,2025,1,3068267,11.89468891,,,,
,,,1.950752517,0.014631329,0.000988685,0.159671413,0.003193428,0.00178832,2025,1,4567096,0.48327298,,,,
1.390706165,0.011196047,0.000634,15.57034485,0.075719058,0.004071125,1.397650353,0.030747227,0.016779067,2025,1,4569603,3.74001278,,,,
1.141051263,0.019722802,0.000872,31.8657922,0.173546506,0.00937837,3.200486259,0.057429965,0.0317026,2025,1,3054212,7.61939999,,,,
5.194021742,0.03123348,0.001648285,4.001048122,0.015891725,0.001205426,0.580047271,0.010631091,0.005253441,2025,1,4362478,1.82797678,,,,
,,,29.04494554,0.136847156,0.007395155,2.230201041,0.044604021,0.024978252,2025,1,4243389,6.06233107,,,,
5.84851383,0.049287797,0.00279211,,,,,0.577985311,0.276828702,2025,1,4241479,15.39284982,264.8490415,1.458307791,0.078274177,0.769318171
6.996572205,0.037802718,0.002193771,35.70492316,0.262066494,0.013817452,2.492117831,0.077400435,0.040588436,2025,1,4686472,8.80630398,,,,
59.66985899,0.38268707,0.0248,21.59748703,0.069888521,0.004690672,3.012300045,0.080435312,0.038567692,2025,1,4372019,13.86975889,,,,
,,,31.3578051,0.149272233,0.009918915,3.118724743,0.035870378,0.020087412,2025,1,4808766,7.13074966,,,,
,,,44.73799764,0.328561965,0.015098636,3.111508894,0.035599346,0.019935634,2025,1,4360939,9.54794845,,,,
,,,25.9894747,0.121020468,0.006519462,2.197239576,0.023345456,0.013073456,2025,1,4883647,5.50981987,,,,
9.466697693,0.099809561,0.006477627,,,,,0.593778961,0.284245241,2025,1,11252,14.83690096,259.1199815,1.281736026,0.086025623,0.91627278
0.014659428,0.00023582,1.07e-05,,,,,0.006293095,0.00301849,2025,1,14880,0.14230668,2.543199938,0.014445233,0.000842823,0.007959689
,,,52.90224512,0.262488697,0.01761732,3.880076306,0.073452063,0.041133155,2025,1,4369863,10.70013933,,,,
10.19474637,0.06428909,0.002519604,20.32181573,0.125819772,0.005781883,2.437205147,0.034102609,0.017460395,2025,1,4038441,6.65050975,,,,
,,,34.32966032,0.146730487,0.00790448,3.441723931,0.039585391,0.022167819,2025,1,4360635,7.72759021,,,,
13.26842993,0.080777283,0.00465,8.002311594,0.047747371,0.001801855,0.973125264,0.025398578,0.012304454,2025,1,3116389,3.86031414,,,,
16.85992262,0.097527356,0.005303289,,,,,0.529965682,0.253496154,2025,1,15864,15.02547587,249.8766517,1.176106354,0.066078029,0.797461171
31.13579346,0.226644249,0.0128,9.734820141,0.046997954,0.002526901,1.333828361,0.074011571,0.035139324,2025,1,4711533,7.02507409,,,,
16.27797047,0.133346448,0.007906534,,,,,0.54102461,0.258685179,2025,1,4688380,13.66629509,219.1528523,1.117503385,0.060145247,0.815360742
0.900259166,0.005882082,0.000289622,37.22782122,0.235716606,0.013608704,3.239832411,0.067673236,0.037609353,2025,1,4427095,8.45659852,,,,
25.11220438,0.109308813,0.004854279,7.096648481,0.027594721,0.001833628,0.982692017,0.033513641,0.015855714,2025,1,4685247,5.00754489,,,,
,,,17.54502134,0.16340287,0.006166376,1.467748805,0.022140136,0.012398476,2025,1,4368003,4.19078836,,,,
,,,30.24997997,0.17078581,0.009229184,3.554061057,0.071081221,0.039805484,2025,1,4361411,7.54449931,,,,
25.06406041,0.235935054,0.0114,5.158111622,0.027356115,0.001614234,0.77638351,0.041549915,0.019566416,2025,1,4241457,5.36634136,,,,
,,,10.27029015,0.103446386,0.005972304,0.78443508,0.011965506,0.006700683,2025,1,2991662,2.43100125,,,,
0.168223814,0.000570653,2.53e-05,,,,,0.005469163,0.002616128,2025,1,14163,0.11186416,1.915499466,0.00876378,0.000569519,0.008079608
,,,44.67235776,0.352392317,0.013479556,4.702701143,0.073478491,0.041147955,2025,1,16460,11.23089202,,,,
10.91515988,0.157576514,0.00712,,,,,0.580214683,0.277648372,2025,1,4360423,14.83564369,235.4385605,1.337277776,0.083439432,0.804553512
,,,19.96844764,0.096434742,0.005616271,1.976404908,0.037266147,0.020869042,2025,1,4569559,4.52233658,,,,
,,,15.5314605,0.09111465,0.005185836,1.237996149,0.013153589,0.00736601,2025,1,5123663,3.33381715,,,,
22.46488756,0.186148255,0.005994149,3.366136672,0.023985741,0.001303213,0.491103663,0.050365509,0.02356698,2025,1,4429501,4.35181795,,,,
,,,26.35415632,0.225001573,0.008490942,2.785064378,0.028878632,0.016172034,2025,1,3116164,6.75588926,,,,
,,,8.271814162,0.052951815,0.003030237,0.867833689,0.010614845,0.005944313,2025,1,4428085,2.00717804,,,,
1.772173699,0.01143221,0.000767188,23.72761392,0.208760714,0.01013065,1.979133499,0.033511024,0.018370505,2025,1,2976592,5.83620647,,,,
4.416472377,0.017938919,0.000797,1.384621115,0.008178022,0.000543417,0.201864105,0.011511804,0.005475969,2025,1,4695404,0.98396076,,,,
0.920563194,0.007395699,0.000364,13.63912014,0.105125655,0.006069254,1.108321293,0.013303979,0.007297411,2025,1,4613202,3.23804044,,,,
,,,11.02209316,0.106809647,0.005803268,1.047476484,0.012175054,0.00681803,2025,1,3930086,2.78883576,,,,
,,,26.56695586,0.273671198,0.012576203,2.239649748,0.039936358,0.02236436,2025,1,15795,6.51985221,,,,
3.416697981,0.033843355,0.00148,1.5301919,0.007864356,0.000495745,0.230966478,0.009382533,0.00452119,2025,1,3127586,0.97105864,,,,
9.26085697,0.065724826,0.003343666,6.38143057,0.033492002,0.001916624,0.97011385,0.022976333,0.011263216,2025,1,3149687,3.11824372,,,,
0.1146991,0.000889595,4.5257e-05,,,,,0.00614029,0.002939314,2025,1,4242512,0.13530541,2.118491365,0.013250382,0.000847483,0.007656051
15.82151306,0.128744681,0.00422,4.617218752,0.030379295,0.002052824,0.614746936,0.036718179,0.017440166,2025,1,4431545,3.69059165,,,,
0.705735662,0.006865985,0.000331589,27.16917313,0.16201354,0.00956012,2.119883166,0.02377052,0.013186794,2025,1,4686612,5.91469103,,,,
,,,1.189814406,0.007883968,0.000428129,0.103713572,0.001101947,0.00061709,2025,1,4710855,0.26965,,,,
,,,30.22408951,0.175986785,0.009561856,2.555242888,0.041924948,0.023477971,2025,1,4242433,6.60684432,,,,
1.81098039,0.012710081,0.000670749,13.77590035,0.075398523,0.005719163,1.320554099,0.032001451,0.017361776,2025,1,4037235,3.50318229,,,,
,,,20.00344856,0.125834875,0.007078382,1.519829031,0.016148035,0.0090429,2025,1,4597703,4.47129035,,,,
13.1106777,0.108557871,0.006250257,3.880321165,0.024176669,0.001264682,0.546645566,0.02983016,0.01417023,2025,1,4596602,3.08060926,,,,
0.046614034,0.000464187,2.81e-05,,,,,0.005134441,0.002461254,2025,1,4242546,0.13337071,2.485155211,0.012604443,0.000731448,0.010315991
,,,23.97693933,0.157828115,0.00825599,2.192038071,0.04343855,0.024325588,2025,1,3120348,5.5057075,,,,
,,,10.89252774,0.054372574,0.003057625,0.875245653,0.0092994,0.005207664,2025,1,4603186,2.28667919,,,,
,,,2.289109369,0.018991476,0.001080909,0.235262299,0.002302075,0.001289162,2025,1,4242392,0.57776619,,,,
,,,24.4486541,0.203052187,0.010705923,1.946186996,0.020678047,0.011579706,2025,1,4600981,5.60816396,,,,
9.303518465,0.052042131,0.00315,20.14752313,0.129716252,0.006831904,1.578613501,0.062571296,0.031940023,2025,1,3676833,5.85755058,,,,
,,,20.17386194,0.149383661,0.00563733,2.076294758,0.017777234,0.009955251,2025,1,4036131,4.98181628,,,,
,,,6.83799604,0.05072111,0.002902582,0.507228955,0.010144579,0.005680964,2025,1,4428850,1.49006605,,,,
25.02868051,0.144658953,0.007489582,5.346079095,0.018581836,0.001082189,0.744236055,0.04790905,0.022570653,2025,1,4599739,4.76328667,,,,
0.741064312,0.006100098,0.000312538,16.53488863,0.089233098,0.00514274,1.639476197,0.035330932,0.019531181,2025,1,3917914,3.91184886,,,,
1.30328912,0.011167296,0.000650996,14.62995181,0.105818217,0.004047712,1.243887828,0.027739798,0.015105722,2025,1,4382466,3.52568099,,,,
0.041324202,0.00038005,1.26e-05,,,,,0.003992174,0.001913224,2025,1,4241464,0.11425764,2.182823732,0.010690865,0.000555379,0.009823299
,,,25.28329838,0.181445825,0.012056802,2.076288814,0.037560418,0.021033834,2025,1,3115306,5.67632954,,,,
,,,26.41762321,0.165121661,0.008895226,2.537566549,0.039274797,0.021993886,2025,1,2577327,6.14489952,,,,
7.602263704,0.055164983,0.001776364,8.208802996,0.049480673,0.002688424,0.875048925,0.019101702,0.009407691,2025,1,3915411,3.10025579,,,,
0.941775571,0.011712107,0.000566,0.882749316,0.003616384,0.000213396,0.131194066,0.003607074,0.00178858,2025,1,4372071,0.44106274,,,,
,,,24.84242122,0.125852491,0.006628233,1.964114318,0.020868523,0.011686373,2025,1,4586312,5.36975296,,,,
,,,13.56581692,0.110753546,0.005793519,1.011591779,0.019074091,0.010681491,2025,1,4362921,3.05983731,,,,
,,,26.89598744,0.218560819,0.011868684,2.976828955,0.028962505,0.016219003,2025,1,2573401,6.96985397,,,,
,,,6.453868436,0.046630058,0.002939415,0.602736585,0.011364913,0.006364351,2025,1,4426948,1.53459183,,,,
0.050224208,0.00063653,3.66e-05,,,,,0.006195581,0.002969236,2025,1,4038524,0.16419403,2.593343909,0.018653864,0.000999181,0.009646835
11.37478388,0.090777327,0.003019583,0.89683285,0.004166291,0.000176403,0.122348703,0.037619051,0.017466453,2025,1,4372561,1.97820153,,,,
,,,3.088684105,0.021709243,0.001173157,0.321982772,0.003938309,0.002205453,2025,1,4430802,0.75914585,,,,
,,,9.57023287,0.060036972,0.00346009,1.195018286,0.014244867,0.007977125,2025,1,4258595,2.50360553,,,,
,,,31.35723816,0.255685711,0.013747244,2.168615371,0.033705955,0.018875335,2025,1,3929785,6.82908527,,,,
,,,30.61560416,0.190792451,0.010373439,2.327775215,0.046555504,0.026071082,2025,1,4361577,6.50392505,,,,
26.25669479,0.165542972,0.010030398,7.038330196,0.024191133,0.001274067,1.039266629,0.074591458,0.03537026,2025,1,4360238,5.52577972,,,,
1.459628666,0.012697129,0.000696,30.15403527,0.117822736,0.006398223,2.470948509,0.04302521,0.023681176,2025,1,4360797,6.38339419,,,,
0.065700308,0.000514437,3e-05,,,,,0.005963794,0.002857246,2025,1,2573079,0.15492371,2.459801618,0.016421364,0.000632814,0.007289402
,,,19.07058447,0.0971423,0.00411306,0.991885253,0.016592532,0.009291818,2025,1,3051738,3.47187798,,,,
,,,17.6452106,0.118658809,0.006910581,1.50094276,0.021187754,0.011865142,2025,1,16731,3.96806675,,,,
16.77940792,0.222635869,0.0114,5.07744689,0.020886783,0.001203761,0.83771116,0.031385474,0.01494704,2025,1,4426386,4.480674,,,,
15.60385437,0.178417115,0.011607528,,,,,0.511807028,0.244711236,2025,1,14881,16.01778155,249.8792206,1.235305806,0.09423302,0.642628624
,,,35.79346846,0.159634196,0.00897698,2.849351003,0.030274077,0.016953483,2025,1,4432775,7.37134802,,,,
,,,15.40617829,0.089463984,0.004819491,1.544760371,0.017767242,0.009949656,2025,1,4686728,3.61237097,,,,
28.42220125,0.169682322,0.010281475,10.14554151,0.031823122,0.001676062,1.668962487,0.088186114,0.04233638,2025,1,4045163,6.67633974,,,,
,,,30.10737552,0.134898919,0.007104678,2.138193686,0.040316759,0.022577385,2025,1,4686422,5.92844134,,,,
,,,25.96203419,0.1451209,0.008209028,2.586320509,0.031634392,0.01771526,2025,1,4431588,6.03507086,,,,
,,,20.91564915,0.156916971,0.008264514,1.785713064,0.031828807,0.017824132,2025,1,4249417,4.83404747,,,,
,,,21.19622654,0.152387321,0.008571993,1.878228989,0.021602671,0.012097496,2025,1,4678006,4.90569516,,,,
18.5189471,0.074742852,0.003869741,,,,,0.646131655,0.308998372,2025,1,4426339,14.08687918,238.3178417,1.075795469,0.062653346,0.790728809
3.751848682,0.025660441,0.001158962,37.31264473,0.131093116,0.008173881,3.470509369,0.080008627,0.043744987,2025,1,3728262,8.55194194,,,,
6.221868455,0.032423588,0.001700178,1.783466358,0.009174673,0.000518982,0.251379175,0.013693995,0.006505418,2025,1,4685350,1.40326865,,,,
0.818815578,0.007716423,0.000338,2.176208927,0.01509771,0.000951713,0.192803231,0.003509391,0.001819171,2025,1,4602667,0.74387136,,,,
,,,16.60084801,0.099206683,0.005344337,1.28078816,0.019321532,0.010820058,2025,1,3930066,3.52567162,,,,
5.929856976,0.047934702,0.00228,3.071764401,0.019023849,0.001353869,0.46109562,0.015193893,0.00736738,2025,1,4874509,1.8106236,,,,
0.12055632,0.001028875,4.97e-05,,,,,0.003176275,0.001520192,2025,1,4383351,0.14559308,2.373193148,0.013552885,0.000846858,0.0103059
,,,6.939881634,0.053828701,0.003637374,0.552951271,0.00729833,0.004087065,2025,1,4361409,1.56920486,,,,
0.063017486,0.000611518,2.70462e-05,,,,,0.005464477,0.002618133,2025,1,3116407,0.12075453,2.150574875,0.011356792,0.000630883,0.008445043
0.992105295,0.009741171,0.000324,5.383703153,0.026905058,0.001139176,0.688429326,0.009460719,0.005047702,2025,1,16002,1.53896809,,,,
1.790626491,0.011721751,0.00071,3.96897404,0.022633355,0.001192024,0.495611919,0.004155022,0.002132937,2025,1,2983509,1.27735058,,,,
,,,10.21749774,0.047211388,0.003168663,0.878460159,0.009333554,0.00522679,2025,1,4808839,2.17960861,,,,
0.086787096,0.001081747,6.22e-05,,,,,0.004923668,0.002358341,2025,1,3886812,0.17587335,2.546179966,0.020692042,0.000827842,0.010552405
0.051423201,0.000792193,4.30774e-05,,,,,0.004846104,0.002321275,2025,1,4240703,0.12753299,2.295230387,0.01080307,0.000667455,0.007145149
,,,18.07122825,0.150025241,0.007847822,2.01142593,0.017221828,0.009644223,2025,1,4240472,4.7155622,,,,
6.108017417,0.038594404,0.00224,1.683110656,0.00950799,0.000501309,0.24018815,0.014471528,0.006871717,2025,1,4362748,1.30003671,,,,
,,,29.60440068,0.169892653,0.009610287,2.967573124,0.059351462,0.033236819,2025,1,3135321,6.9353756,,,,
,,,27.22230571,0.126256232,0.007958804,2.254447179,0.034357058,0.019239953,2025,1,3121409,5.71255884,,,,
,,,18.08731894,0.093926631,0.00507575,1.550931142,0.029243617,0.016376425,2025,1,4431492,3.90139547,,,,
1.290006779,0.011440697,0.000596564,,,,,0.008494578,0.004001245,2025,1,4432734,0.32951097,2.324879368,0.014755796,0.000839694,0.007623337
0.049800401,0.000382082,2e-05,,,,,0.004422366,0.00211953,2025,1,14012,0.13696828,2.433860255,0.014048188,0.000756438,0.010641114
,,,6.150592344,0.049880669,0.003144324,0.647750366,0.007922912,0.004436831,2025,1,4690923,1.559718,,,,
1.146790649,0.007325745,0.000401938,1.831015094,0.009742092,0.00052968,0.251968468,0.00418697,0.00213267,2025,1,4911851,0.64986436,,,,
,,,6.66052986,0.031583834,0.00179761,0.610349802,0.012124924,0.006789957,2025,1,2973405,1.62976827,,,,
,,,1.197012651,0.007214204,0.000391968,0.092287732,0.001740133,0.000974475,2025,1,4241476,0.25415517,,,,
,,,12.12674706,0.103018417,0.003887632,0.995907887,0.018778363,0.010515884,2025,1,4690070,2.81393219,,,,
,,,12.05636362,0.107808593,0.006098389,1.194581773,0.01711907,0.009586679,2025,1,4372780,3.04054491,,,,
,,,0.872122158,0.003729852,0.000220092,0.129631597,0.00115937,0.000649247,2025,1,4373684,0.2423567,,,,
,,,6.761604409,0.050870355,0.002679243,0.764669839,0.009353004,0.005237682,2025,1,4372096,1.74118273,,,,
1.996836715,0.011602036,0.000571262,0.884762889,0.005501352,0.000317611,0.112966323,0.006307797,0.003032464,2025,1,4360294,0.55121613,,,,
3.446602517,0.028532279,0.000934903,0.819845723,0.004035749,0.000272708,0.1026561,0.0062775,0.002959571,2025,1,4239934,0.72137077,,,,
0.77688123,0.005428964,0.000298,13.92691706,0.086090131,0.004675021,1.229686229,0.025659573,0.014122041,2025,1,4569382,3.31779848,,,,
0.028428239,0.000852856,2.75e-05,,,,,0.004288887,0.002054987,2025,1,3039707,0.11986731,2.122390531,0.013432763,0.000825302,0.012214178
,,,1.322699946,0.01038589,0.000391935,0.105781364,0.001994563,0.001116955,2025,1,4257188,0.43135198,,,,
,,,0.977312567,0.006591232,0.00037987,0.102934308,0.002039799,0.001142287,2025,1,4039050,0.43082862,,,,
,,,9.472592923,0.082893616,0.00317081,0.947858301,0.014691261,0.008227106,2025,1,3921690,2.3827543,,,,
,,,1.057279097,0.009170667,0.000498002,0.109944159,0.001344774,0.000753073,2025,1,4426553,0.27022145,,,,
,,,14.4960313,0.113044862,0.006526456,1.457600583,0.016767036,0.00938954,2025,1,3043275,3.58018952,,,,
0.014627774,0.000400712,2.2e-05,,,,,0.004321666,0.002072278,2025,1,16760,0.14738974,2.5746172,0.015964272,0.000844412,0.010510677
17.98430314,0.093945064,0.005108493,5.435935854,0.019517961,0.001097586,0.791176632,0.075256539,0.035761529,2025,1,4361777,3.75685378,,,,
0.068291034,0.001051791,6.37e-05,,,,,0.005518702,0.002643832,2025,1,4360698,0.15022745,2.520277943,0.01425023,0.000798703,0.008653688
,,,4.328368489,0.019988142,0.001524758,0.497871505,0.006235775,0.003492034,2025,1,4361516,1.04686705,,,,
1.454048802,0.011401831,0.00058,5.618343428,0.039206773,0.002243659,0.482099002,0.007768064,0.004085535,2025,1,4431487,1.4906713,,,,
,,,4.91014869,0.036456995,0.002463513,0.479269584,0.005862151,0.003282805,2025,1,4241374,1.18754264,,,,
,,,9.890293017,0.05444422,0.002867396,0.969426336,0.011857468,0.006640182,2025,1,4426496,2.27788859,,,,
1.35885046,0.011012023,0.000667246,1.89134413,0.007484255,0.000394181,0.279619146,0.005471246,0.002766853,2025,1,4383396,0.71235002,,,,
1.198059244,0.00950353,0.00037246,0.797311315,0.005606878,0.000257657,0.10771248,0.003478827,0.001696594,2025,1,4690013,0.42788169,,,,
,,,8.300473189,0.061319862,0.004651262,0.884573282,0.010819594,0.006058973,2025,1,4426844,2.08000995,,,,
0.80238387,0.005394504,0.000295615,,,,,0.002473197,0.001137671,2025,1,4386544,0.17073942,,,,
,,,10.61856023,0.040406134,0.001710819,0.731975714,0.014639514,0.008198128,2025,1,4430191,2.02368032,,,,
,,,20.23469174,0.132498688,0.007818503,2.098148746,0.022744191,0.012736747,2025,1,3915486,4.90737356,,,,
1.895978851,0.015786293,0.000894279,3.763624867,0.013943511,0.000749689,0.538054694,0.011965669,0.006145395,2025,1,3917668,1.27370664,,,,
,,,5.880896882,0.03215984,0.001747334,0.545741899,0.007357591,0.004120251,2025,1,4372414,1.32223919,,,,
0.015084667,0.000184607,7.23509e-06,,,,,0.006277116,0.003009727,2025,1,2972515,0.14073691,2.219797084,0.017261547,0.00085372,0.007792662
1.888061743,0.009449016,0.000550829,0.884510092,0.004514519,0.000172687,0.132982763,0.002627442,0.00126809,2025,1,4242431,0.5489478,,,,
,,,20.75369549,0.107914146,0.00610436,1.707299734,0.029724087,0.016645489,2025,1,4212909,4.4098579,,,,
0.058580999,0.000504982,3.39e-05,,,,,0.003380937,0.001620349,2025,1,16728,0.17443103,2.499816088,0.020390231,0.001001529,0.007465044
,,,23.33200798,0.112006577,0.006609301,2.558242551,0.020796303,0.01164593,2025,1,3127292,5.55395855,,,,
0.077455662,0.001043715,5.35e-05,,,,,0.005447728,0.00260879,2025,1,4434153,0.13653858,2.243145458,0.01384659,0.00078783,0.009595265
,,,18.11330971,0.084912197,0.005699009,1.489556061,0.028086358,0.01572836,2025,1,4428678,3.79104551,,,,
,,,1.211780995,0.007493363,0.00044217,0.107369614,0.001140792,0.000638843,2025,1,4430870,0.27314467,,,,
10.46358506,0.061471911,0.003644865,6.639383025,0.025674791,0.00138312,0.998638223,0.0324161,0.015804546,2025,1,4367567,3.31929327,,,,
0.112105254,0.001545119,7.61e-05,,,,,0.006981091,0.00334251,2025,1,3044720,0.13848091,1.972379582,0.014694147,0.000929396,0.007591136
,,,2.20740492,0.011691538,0.000495026,0.219550203,0.002685412,0.001503831,2025,1,4040612,0.50849311,,,,
,,,7.771984327,0.087102486,0.004592477,0.720992019,0.008541591,0.004783291,2025,1,3911853,2.02064934,,,,
3.026485973,0.022960983,0.00111,2.411328735,0.014713015,0.000868188,0.219997528,0.016136221,0.007862657,2025,1,4362477,1.10762251,,,,
,,,3.473292443,0.026072112,0.000997299,0.317528178,0.003373706,0.001889275,2025,1,4565185,0.90351423,,,,
,,,1.039073845,0.00832248,0.000452184,0.107894307,0.001240959,0.000694937,2025,1,4573699,0.26128383,,,,
,,,1.132599,0.007175071,0.000405871,0.113329148,0.001303468,0.000729942,2025,1,4683243,0.26902577,,,,
,,,0.96439195,0.006901481,0.000491157,0.095630074,0.001803155,0.001009767,2025,1,4429684,0.24306872,,,,
,,,3.2078566,0.034815265,0.002477695,0.270402031,0.004677918,0.002619634,2025,1,2998565,0.799919,,,,
0.095629588,0.000946032,5.36e-05,,,,,0.005443761,0.002607873,2025,1,4361259,0.13359335,2.219863998,0.012222982,0.000790648,0.007974517
,,,4.013603672,0.014579459,0.000968783,0.446522368,0.005461606,0.003058499,2025,1,4361372,0.93132406,,,,
,,,3.949201582,0.033724925,0.002125915,0.414609737,0.007943982,0.00444863,2025,1,4048228,1.00744402,,,,
,,,1.063437567,0.007101789,0.00047989,0.081462475,0.000982264,0.000550068,2025,1,4039160,0.23030253,,,,
,,,4.137136196,0.025728134,0.001604193,0.431252381,0.005274832,0.002953906,2025,1,4035020,0.99677458,,,,
,,,1.122545275,0.007922546,0.000430751,0.114168581,0.001396445,0.000782009,2025,1,4239944,0.27329271,,,,
,,,1.085205223,0.004646861,0.000251114,0.091444728,0.00137939,0.000772459,2025,1,3914397,0.22684015,,,,
,,,3.015692689,0.00970368,0.000524382,0.293345503,0.004424946,0.00247797,2025,1,4035656,0.64934668,,,,
,,,22.07625189,0.148925573,0.008007159,2.112977904,0.025844736,0.014473052,2025,1,4365395,5.20190874,,,,
,,,19.18671201,0.068846052,0.004574716,1.702507842,0.01808898,0.010129829,2025,1,4429105,4.02362273,,,,
0.087312541,0.000589143,3.42e-05,,,,,0.005172839,0.002476918,2025,1,3892775,0.15008829,2.225507205,0.017212313,0.000936291,0.008585654
,,,15.02017642,0.142640773,0.006554871,1.398477035,0.017105371,0.009579008,2025,1,4241263,3.75074284,,,,
,,,6.745700134,0.043898767,0.002737164,0.634999187,0.012699984,0.007111991,2025,1,3061612,1.65635346,,,,
,,,7.387753597,0.052641002,0.003992949,0.692159854,0.010124525,0.005669734,2025,1,3059722,1.74369466,,,,
,,,1.201480936,0.007984334,0.00036691,0.089480712,0.001687206,0.000944835,2025,1,4241424,0.28655302,,,,
0.039755692,0.000512158,2.03e-05,,,,,0.006421819,0.003077456,2025,1,3115293,0.11100557,2.038574869,0.01183527,0.000861781,0.010353037
0.090310531,0.001085762,3.55766e-05,,,,,0.003037942,0.001455229,2025,1,4426875,0.12988857,2.001302098,0.013813306,0.001031793,0.010133524
,,,1.050907614,0.008113544,0.000464308,0.091428047,0.001723924,0.000965397,2025,1,4689334,0.24424343,,,,
,,,3.306109726,0.027940921,0.001054414,0.395014742,0.005494202,0.003076753,2025,1,3127310,0.88937176,,,,
,,,9.194696083,0.089869358,0.004361141,0.904613889,0.011064719,0.006196243,2025,1,4372505,2.35992164,,,,
,,,1.320518027,0.00677024,0.00036401,0.103175404,0.001096229,0.000613888,2025,1,4043016,0.30972941,,,,
,,,5.391885197,0.037502563,0.002039025,0.591309489,0.005786047,0.003240187,2025,1,3052096,1.35326406,,,,
,,,6.168629397,0.03378348,0.001900366,0.45016493,0.008488095,0.004753333,2025,1,4241983,1.26424662,,,,
,,,2.458351699,0.017329568,0.000912715,0.251890532,0.003080981,0.001725349,2025,1,4360967,0.60015944,,,,
,,,1.722597632,0.012343126,0.000711367,0.224846433,0.001925135,0.001078076,2025,1,3052897,0.47048235,,,,
,,,11.2819653,0.043841837,0.002913224,0.925449006,0.017449824,0.009771902,2025,1,4427278,2.42373229,,,,
,,,0.904687101,0.005221683,0.000293727,0.115541947,0.00166816,0.000934169,2025,1,4691688,0.23610391,,,,
,,,2.415685922,0.012965293,0.000870185,0.219437502,0.00438875,0.0024577,2025,1,2580216,0.69929527,,,,
,,,8.617535387,0.076060196,0.004278489,0.833614413,0.010196294,0.005709925,2025,1,2975863,2.14913566,,,,
,,,0.983701662,0.008534032,0.000607341,0.097738696,0.001195484,0.000669471,2025,1,4722908,0.24722035,,,,
0.058710389,0.000468863,2.57248e-05,,,,,0.005102361,0.002445239,2025,1,3059989,0.15715898,2.68639853,0.016744016,0.000869546,0.011496152
,,,18.3303374,0.119964869,0.006450053,1.803912937,0.022064431,0.012356081,2025,1,4047422,4.34550644,,,,
,,,0.976595837,0.00694338,0.000375217,0.106853839,0.001306975,0.000731906,2025,1,4241961,0.24549482,,,,
,,,4.647381845,0.021915683,0.0012397,0.391332665,0.007378782,0.004132118,2025,1,4360763,0.98197511,,,,
,,,1.058810632,0.007296068,0.000519239,0.088837082,0.00167507,0.000938039,2025,1,4061956,0.23770117,,,,
,,,24.25481122,0.139418544,0.008692986,2.007666162,0.037855594,0.021199133,2025,1,4428796,5.24564825,,,,
,,,2.279461475,0.020389463,0.001075034,0.177412693,0.002676167,0.001498654,2025,1,3122168,0.52691918,,,,
,,,11.46314956,0.056091001,0.002954127,0.790660604,0.013903307,0.007785852,2025,1,3118892,2.26422532,,,,
,,,1.143640195,0.007897836,0.000602472,0.111214051,0.001360307,0.000761772,2025,1,2531358,0.27268243,,,,
,,,3.182515904,0.02820992,0.001487368,0.329488206,0.004030111,0.002256862,2025,1,4360231,0.81556653,,,,
0.050543919,0.000410327,2.43e-05,,,,,0.005547003,0.00265777,2025,1,2574511,0.10794268,2.00963829,0.01024754,0.000607528,0.008521941
,,,2.141589285,0.014478955,0.001098264,0.217818695,0.002664234,0.001491971,2025,1,4696700,0.51813414,,,,
,,,10.24338865,0.080624085,0.003912491,0.779934559,0.014706074,0.008235401,2025,1,4369466,2.27976031,,,,
,,,2.210831896,0.011051407,0.000595347,0.200573876,0.003781925,0.002117878,2025,1,4362617,0.48502005,,,,
,,,8.920530067,0.049657796,0.002892025,0.899864977,0.010349902,0.005795945,2025,1,4432731,2.08432992,,,,
64.43988087,0.640126318,0.0253,29.61777205,0.20141623,0.011426521,3.655891837,0.119009319,0.057342284,2025,2,4429795,18.07282489,,,,
85.31309302,0.74436454,0.02449201,32.19562059,0.252212486,0.010563127,4.160524884,0.205710864,0.098578902,2025,2,3117251,21.76924087,,,,
1.364815128,0.010272481,0.000591,85.13622704,0.733336566,0.02769799,6.792464937,0.088838377,0.049451161,2025,2,4362628,19.86424509,,,,
5.109034868,0.043057286,0.002342117,90.3493642,0.498662148,0.026879612,6.978764811,0.094131908,0.051708588,2025,2,4426515,19.7324316,,,,
68.09943111,0.490321096,0.024,33.75619939,0.182006739,0.010893071,3.962630092,0.14623642,0.070191003,2025,2,4430807,18.11542229,,,,
,,,64.47971142,0.403746119,0.030481746,6.743031953,0.059462865,0.033299204,2025,2,4361307,15.60941689,,,,
1.812470758,0.012700693,0.000501,72.90120045,0.44153855,0.025048873,6.763143664,0.086350053,0.048007347,2025,2,4374302,16.9207149,,,,
3.131811498,0.024923471,0.00149,85.35917787,0.503980117,0.02619108,6.840002431,0.104978289,0.058043634,2025,2,4241389,18.80456979,,,,
2.277139781,0.011571175,0.000563,70.06130889,0.271317887,0.016797023,5.566511153,0.077946552,0.043141811,2025,2,4430878,14.44818482,,,,
86.92161085,0.534465079,0.025625753,13.54919499,0.073943012,0.005304812,2.003644341,0.22257925,0.104343159,2025,2,4242335,15.56022228,,,,
73.80397437,0.57596098,0.018486319,17.40775137,0.123090901,0.006666178,2.129704197,0.136433454,0.06436581,2025,2,4379399,15.37036143,,,,
85.08722579,0.615740605,0.020358364,23.38056198,0.150933006,0.010291366,3.09066935,0.14996946,0.071095676,2025,2,3929630,18.4605579,,,,
70.5438179,0.520248219,0.029291447,31.75567765,0.223801257,0.011959385,4.021410325,0.116278982,0.056145965,2025,2,4429160,18.68893847,,,,
32.58743406,0.715854182,0.022976398,,,,,0.502892871,0.23961883,2025,2,3918298,21.76264579,236.1061414,1.574393215,0.085263696,0.641771877
39.27252261,0.767266038,0.0254,,,,,0.585972894,0.278615724,2025,2,4040715,20.68844789,215.0554787,1.247615941,0.085068687,0.557134721
102.5173355,0.842858242,0.032941155,10.35349181,0.08559714,0.003922554,1.156410038,0.191672678,0.089122994,2025,2,3043078,17.91476449,,,,
75.2151025,0.578899666,0.031265426,24.46177716,0.116911824,0.006529876,3.223140437,0.160547323,0.076495377,2025,2,4890973,17.29253319,,,,
0.805287239,0.007927702,0.000377217,87.94063162,0.659796217,0.027288655,6.871670495,0.094650853,0.052826025,2025,2,4262921,19.70478159,,,,
0.792083414,0.006940966,0.000415,54.05886543,0.407878102,0.021196805,3.86219742,0.079853432,0.044456973,2025,2,4426354,11.79262238,,,,
95.34226562,0.773930807,0.0421,14.33181345,0.127143304,0.006853463,1.988077571,0.250420056,0.117454778,2025,2,4430737,18.23152751,,,,
32.74530308,0.159975206,0.00833,,,,,0.690940951,0.329961722,2025,2,4431452,17.71685913,235.8372813,1.506727582,0.084664866,0.761115142
,,,82.73668387,0.455486592,0.025418929,5.91226831,0.06303855,0.035301588,2025,2,4258173,16.90075293,,,,
76.36266152,0.565330942,0.032540826,24.74248496,0.150040221,0.005666992,3.57689407,0.179379266,0.08556359,2025,2,4362238,17.88965815,,,,
,,,70.33972036,0.417832592,0.025007207,5.887967639,0.07731764,0.043297879,2025,2,4426502,15.39439388,,,,
,,,76.43638177,0.458820292,0.031284659,5.423700087,0.073627958,0.041231656,2025,2,4047646,15.80231002,,,,
86.22348469,0.78222674,0.039469563,20.13028545,0.106815634,0.00606271,2.409372936,0.217329227,0.102392801,2025,2,4047365,18.27101914,,,,
70.29247844,0.463394578,0.032300405,22.07761883,0.132130955,0.006347384,3.188128805,0.151986716,0.072507366,2025,2,4596448,15.93458658,,,,
,,,59.29520535,0.546158698,0.020628316,4.900060876,0.071670758,0.040135625,2025,2,4239993,14.06940898,,,,
0.75593289,0.010856509,0.000521,44.74071384,0.321906373,0.023094174,4.277486072,0.052303181,0.028979264,2025,2,4431459,10.81437986,,,,
4.223924875,0.048797621,0.00193,63.40517755,0.345951567,0.019626139,3.868753736,0.054167329,0.029638994,2025,2,4426388,12.9854214,,,,
51.3979916,0.325147658,0.016936387,20.85063775,0.115698147,0.00650122,2.739041284,0.110291473,0.05298063,2025,2,4432710,12.62403584,,,,
4.019812025,0.031237711,0.001220853,61.80954884,0.502936741,0.023047459,4.345908174,0.055688012,0.030442068,2025,2,4429615,14.12301346,,,,
57.00386678,0.331745533,0.018508358,23.72407296,0.082655635,0.004569724,3.073145389,0.119903601,0.057543977,2025,2,4239996,13.56658258,,,,
,,,70.00558256,0.544559762,0.029353652,4.865758893,0.051114605,0.028624179,2025,2,16800,15.13648467,,,,
63.19300851,0.488397361,0.024505754,19.82453795,0.079663726,0.004686847,2.517307433,0.153361328,0.072769795,2025,2,4259545,14.14432421,,,,
20.79661231,0.096565601,0.005097159,11.90333103,0.068358531,0.003892484,1.715315652,0.057083546,0.02779593,2025,2,4038815,5.9387482,,,,
,,,67.16262511,0.352380996,0.020782144,5.470701449,0.106569386,0.059678856,2025,2,4612826,14.22627051,,,,
,,,61.76100374,0.460759557,0.024340706,4.822817956,0.077551156,0.043428648,2025,2,3128429,13.72734579,,,,
64.78227715,0.502996768,0.0301,15.66974272,0.094272343,0.00489919,2.525004615,0.166896945,0.078994694,2025,2,4361579,14.07023426,,,,
4.574625136,0.060769814,0.003305596,,,,,0.417261952,0.199855489,2025,2,12483,16.97393391,261.330532,1.797629092,0.096898417,0.651798949
13.07178686,0.121243943,0.00724889,,,,,0.495233141,0.236948336,2025,2,2577417,16.78641875,245.6875657,1.684737981,0.087553271,0.7717329
,,,61.75097687,0.246351695,0.014358373,4.963370415,0.088776658,0.049714929,2025,2,4361370,12.54821116,,,,
68.32445584,0.368226127,0.0157,27.38765859,0.130642089,0.008698211,2.969338187,0.238444399,0.113559211,2025,2,4427366,15.36173693,,,,
,,,50.42944238,0.37548688,0.019735476,5.012471702,0.065373169,0.036608974,2025,2,15847,12.27631822,,,,
,,,41.79625205,0.181448055,0.010859634,3.165745095,0.027105108,0.01517886,2025,2,4360248,8.42613418,,,,
1.462711431,0.009729451,0.000547796,65.60740291,0.289292087,0.015459052,4.728363925,0.060450491,0.033562431,2025,2,4372016,13.19598942,,,,
64.37782818,0.365591786,0.019211377,22.93878677,0.113400778,0.005414101,3.335948655,0.196227129,0.094002507,2025,2,4569987,14.80798948,,,,
,,,63.01030429,0.410388697,0.023368425,4.734491342,0.050303509,0.028169965,2025,2,4685472,13.48957687,,,,
,,,56.4381074,0.30891877,0.021063625,5.112317598,0.061268976,0.034310627,2025,2,4241478,12.58476695,,,,
0.800941527,0.007731837,0.000402738,45.19584858,0.240149277,0.013494282,4.002468814,0.050240717,0.027979728,2025,2,2976212,10.06259509,,,,
45.41676327,0.286014866,0.013910903,18.88058337,0.055948735,0.003463731,2.598306196,0.086665422,0.041506267,2025,2,4567048,11.0338452,,,,
57.97399,0.362948773,0.0142,,,,,0.51691801,0.24561829,2025,2,3916387,22.76225026,206.1993562,1.954241754,0.089554617,0.503837649
27.61377248,0.165315198,0.010047154,12.64512302,0.07301455,0.003857165,1.77517806,0.068485476,0.032959314,2025,2,4568490,7.19474211,,,,
,,,38.44554067,0.271992044,0.014135013,4.067859156,0.081357183,0.045560023,2025,2,4242355,9.48366347,,,,
72.0634405,0.676384902,0.0326,16.81447346,0.095538817,0.00563453,2.260533864,0.144298664,0.068231468,2025,2,4685382,15.7236837,,,,
,,,51.79726537,0.212107035,0.015216961,5.386363161,0.093198169,0.052190975,2025,2,4035687,11.76724388,,,,
1.485482419,0.009760286,0.00068,61.29672106,0.490289208,0.023552801,4.728072658,0.052890751,0.029353277,2025,2,4567750,14.01739261,,,,
7.621952819,0.124693874,0.005477113,57.70615553,0.281583569,0.017777533,4.226137593,0.112368089,0.060003059,2025,2,3126486,13.20091008,,,,
22.78383797,0.158507295,0.009633398,,,,,0.371353851,0.177340048,2025,2,4426338,16.60374515,238.5357337,1.39346327,0.07361297,0.781278741
0.697229755,0.006551683,0.000288,68.42443166,0.343287704,0.02167317,5.007665379,0.069492223,0.038747958,2025,2,3121422,13.98713027,,,,
,,,64.04953097,0.472902122,0.02271755,4.841412633,0.045643682,0.025560462,2025,2,16737,14.07929864,,,,
55.68070098,0.598374607,0.023617563,15.70872632,0.053905644,0.003058115,2.102138641,0.124145335,0.058792953,2025,2,4035538,13.09380433,,,,
,,,31.74836898,0.234246973,0.017685017,2.886656268,0.050256684,0.028143743,2025,2,4360761,7.44738355,,,,
1.463075488,0.012523722,0.000698709,83.55840597,0.399892551,0.022108581,5.760388678,0.090280707,0.050218336,2025,2,4432773,16.68459437,,,,
17.09982547,0.152078489,0.007340587,,,,,0.436313715,0.208520135,2025,2,4038941,17.63030238,251.0876626,1.546850234,0.091227576,0.507337298
,,,63.09238303,0.491533305,0.037109443,4.74993073,0.086972297,0.048704487,2025,2,4432708,13.98747678,,,,
0.80821382,0.0066299,0.000433208,43.38319366,0.157745943,0.012085734,4.521017369,0.043753647,0.024388985,2025,2,4569587,10.00695743,,,,
,,,50.9846806,0.365687181,0.015315658,4.518767338,0.077315701,0.043296792,2025,2,3886598,11.75743622,,,,
0.714410343,0.007145056,0.000385893,65.02435883,0.328569494,0.018351592,5.608737693,0.071485535,0.03988809,2025,2,3916433,14.1564907,,,,
,,,40.18661304,0.328963527,0.018484863,3.68390589,0.026780375,0.01499701,2025,2,3046439,9.68403206,,,,
15.72800004,0.099474272,0.00693,,,,,0.610902243,0.292103501,2025,2,3052587,17.06845113,236.149661,1.836119299,0.088204578,0.756930146
26.70080694,0.155458499,0.007800263,,,,,0.579807769,0.277104551,2025,2,4431611,16.8710434,246.1825758,1.299622043,0.07646052,0.703595977
2.575895885,0.050545856,0.002,,,,,0.45818558,0.219494904,2025,2,3046779,15.31929496,251.3729712,1.585422503,0.089942424,0.697596834
64.5749032,0.393674043,0.0257,22.22661517,0.088273795,0.006763113,2.807466707,0.252799683,0.120594888,2025,2,4360516,14.20970202,,,,
5.613613227,0.044810652,0.00225,62.89122124,0.310376692,0.018260358,4.994713554,0.07932344,0.043067498,2025,2,3915416,13.93330078,,,,
36.71427127,0.262757726,0.0138,12.98834293,0.05092055,0.002431103,1.980120979,0.083465727,0.039938279,2025,2,4371733,8.80679747,,,,
49.49140877,0.287080968,0.01365992,25.43151898,0.19488899,0.008060456,3.179462093,0.153951891,0.074521872,2025,2,3042519,13.46203362,,,,
0.682788383,0.006385782,0.000320412,65.30478934,0.386311622,0.022727829,4.612948905,0.09454277,0.052715572,2025,2,4431299,13.51105244,,,,
1.471427873,0.014762783,0.000965,,,,,0.013652001,0.006474002,2025,2,4689114,0.47762466,4.713666242,0.024474706,0.001889687,0.018831134
71.08129189,0.391610289,0.0231,18.09653276,0.074679003,0.003997348,2.765814126,0.144704654,0.06865577,2025,2,3916148,14.4020375,,,,
0.759563699,0.009754408,0.000381,34.99250635,0.410223776,0.018798817,3.12525068,0.047697401,0.026249178,2025,2,3116365,9.20744807,,,,
0.593819291,0.009640515,0.000644,35.38743034,0.124833717,0.008624064,3.591877237,0.043648937,0.024209751,2025,2,5083076,7.96811622,,,,
,,,67.80996456,0.537565165,0.02566501,4.757527553,0.095150551,0.053284309,2025,2,4047650,14.7111904,,,,
53.94050314,0.432785074,0.022543037,13.79383971,0.080346014,0.004514741,1.910157078,0.202371674,0.09597944,2025,2,4569173,11.62987457,,,,
15.60893382,0.10449108,0.005638653,3.724321313,0.018658112,0.001041236,0.510268155,0.033281552,0.015728034,2025,2,4429059,3.16526853,,,,
,,,57.03494874,0.358120239,0.021120623,5.115760015,0.089044678,0.04986502,2025,2,15818,12.91283953,,,,
0.90155302,0.011812229,0.000638,72.82340215,0.30301576,0.01692434,6.625000256,0.042629255,0.023661118,2025,2,4432665,15.87539415,,,,
54.1332572,0.384578125,0.019926543,28.5453433,0.086737372,0.005055405,3.980298388,0.107302937,0.051907814,2025,2,3054850,15.02503169,,,,
,,,53.79624356,0.269369057,0.014588097,4.735689093,0.072161496,0.040410438,2025,2,4373678,11.68824409,,,,
17.59283884,0.229802705,0.0128,,,,,0.545302562,0.260821174,2025,2,4360310,17.53830372,273.8724531,1.381090806,0.076355404,0.875063102
12.40679165,0.165633079,0.008357507,,,,,0.451186835,0.215828285,2025,2,4036378,17.62267685,252.2548044,1.7552556,0.099625917,0.759632819
10.23870027,0.076772534,0.00513,5.746036461,0.020908118,0.001444425,0.847247308,0.026943729,0.013089024,2025,2,4685702,3.0194897,,,,
1.473853968,0.008766044,0.000375,70.49215051,0.423777813,0.028215324,5.304249349,0.108743937,0.060363813,2025,2,4569618,15.03543396,,,,
,,,33.43088723,0.188959081,0.010233371,3.091038508,0.045425489,0.025438274,2025,2,4385690,7.53867191,,,,
14.74804878,0.141341095,0.00709191,5.228777843,0.025670375,0.001510262,0.773347783,0.0363135,0.017338507,2025,2,4608686,3.7565866,,,,
49.78475628,0.305670853,0.014866912,13.29512629,0.03164682,0.001959223,1.832388914,0.062599508,0.029615179,2025,2,4426385,10.14035512,,,,
72.46956975,0.512324347,0.027,19.20989174,0.064689233,0.003683546,3.098372738,0.197346448,0.093859734,2025,2,4241416,15.60725599,,,,
,,,43.69053885,0.34486014,0.019573792,3.355599925,0.063165362,0.035372603,2025,2,4361432,9.76388503,,,,
,,,39.51056958,0.220247361,0.012836907,3.91897992,0.071424596,0.039997774,2025,2,3929645,9.13908331,,,,
,,,54.73969698,0.406029318,0.023946126,3.634223639,0.054820148,0.030699283,2025,2,4429025,11.53230893,,,,
,,,48.41463055,0.276978415,0.011455611,4.706196036,0.051867061,0.029045554,2025,2,4036133,11.1757177,,,,
,,,35.73069148,0.218169499,0.012175188,3.25746199,0.028519112,0.015970703,2025,2,3117256,8.1327071,,,,
25.74475376,0.194795622,0.0113,,,,,0.454753268,0.217308404,2025,2,3139477,19.41308041,259.9739294,1.72321648,0.090571732,0.701559224
,,,35.65007308,0.183363239,0.009686594,2.480827291,0.046777295,0.026195285,2025,2,4431280,7.11423265,,,,
,,,44.89630156,0.372580179,0.021136804,4.410982438,0.026976306,0.015106732,2025,2,4430027,11.14886781,,,,
,,,71.64495943,0.181003738,0.012504537,5.364654533,0.071546016,0.040065769,2025,2,4241463,13.56194044,,,,
32.40790636,0.372275198,0.0215,12.17700281,0.089265145,0.004691749,1.90564558,0.057005922,0.027259902,2025,2,3059915,9.13274825,,,,
46.56280198,0.355424398,0.0156,,,,,0.438766089,0.208942995,2025,2,4426348,20.76748321,243.891767,1.447760858,0.09140312,0.68787887
15.44255365,0.121893729,0.006577753,,,,,0.496623422,0.237570452,2025,2,4432577,16.86448034,265.4933429,1.403837552,0.078342694,0.677030655
2.99594458,0.023217842,0.0012,52.78474921,0.262445997,0.015296414,3.981202509,0.088917674,0.048864535,2025,2,4032473,11.32952399,,,,
44.87433516,0.326827198,0.018907006,15.69871071,0.099725087,0.00524152,2.329770097,0.095401966,0.045647276,2025,2,4361529,10.90591089,,,,
,,,31.35122517,0.191803932,0.01128438,2.907689158,0.033443128,0.018728151,2025,2,4723086,7.17962973,,,,
24.47904854,0.136100947,0.009486765,12.65706894,0.078232958,0.003758201,1.926712392,0.090524502,0.04377482,2025,2,4697815,6.86765586,,,,
72.57179079,0.430490362,0.020483643,7.100785177,0.034639918,0.00143268,0.975630039,0.181386102,0.084579265,2025,2,4360569,11.61313143,,,,
1.871689714,0.01621752,0.000533609,60.35065425,0.364146877,0.015251147,4.77954226,0.095357366,0.052876465,2025,2,4428209,13.21229962,,,,
5.974379041,0.060273978,0.003041302,47.30684471,0.316517344,0.017965093,3.721532403,0.090443974,0.049047293,2025,2,4362249,11.2895857,,,,
,,,29.56456895,0.192001152,0.013774527,2.163130299,0.034450313,0.019292175,2025,2,4360078,6.26147081,,,,
11.02915098,0.095849958,0.004661854,,,,,0.546940902,0.261455073,2025,2,3912547,12.82196385,227.7371111,0.932823496,0.057750184,0.656601676
40.61431353,0.338108104,0.0149,8.626915291,0.045727191,0.002886946,1.239038405,0.091410649,0.043065154,2025,2,4575131,8.41802864,,,,
0.743766394,0.004602102,0.000224,46.36050475,0.199921819,0.012376963,3.73370433,0.058062317,0.032320367,2025,2,2977187,9.63336616,,,,
,,,34.41007295,0.181510379,0.013021899,3.572882422,0.033684282,0.018863198,2025,2,4688813,8.13407172,,,,
,,,49.50929944,0.21109549,0.012634028,3.856856323,0.040337661,0.02258909,2025,2,4040655,10.05551108,,,,
,,,47.61904241,0.220849614,0.015257267,4.417451827,0.041578899,0.023284184,2025,2,3123076,10.48949792,,,,
,,,11.99327754,0.066175324,0.003893286,1.076263743,0.011435197,0.006403711,2025,2,4685278,2.69924962,,,,
,,,32.80793263,0.184875043,0.014164235,2.991476032,0.036590023,0.020490413,2025,2,4429148,7.3698332,,,,
23.79549669,0.164493074,0.00895,7.413127229,0.037210336,0.002005766,1.025157146,0.045145259,0.021500305,2025,2,4429096,5.33634492,,,,
,,,27.76740201,0.154738958,0.009579736,2.68658389,0.032860757,0.018402024,2025,2,4576297,6.37498326,,,,
,,,60.15358793,0.464751968,0.025169361,3.702885719,0.069819845,0.039099113,2025,2,4635008,12.48073882,,,,
2.844834299,0.020662746,0.001115961,36.21451082,0.172733613,0.009647691,2.450984499,0.043919476,0.023900127,2025,2,4428718,7.54137414,,,,
34.44227109,0.396058158,0.019,,,,,0.514895632,0.245277327,2025,2,3917792,16.49264105,192.7094653,1.106851664,0.079407639,0.591800451
,,,37.91323533,0.143153852,0.007562439,4.267676339,0.057643736,0.032280492,2025,2,3051876,8.87001088,,,,
63.43774438,0.471262958,0.0254,9.762757483,0.037001063,0.002064885,1.214747368,0.118036135,0.055256889,2025,2,3128720,11.53191167,,,,
7.413416595,0.054497904,0.002749853,1.792962397,0.012343168,0.000700581,0.239491462,0.011938131,0.005646856,2025,2,4887558,1.55709795,,,,
55.55255931,0.349348659,0.0212,13.06856568,0.075546859,0.00399094,2.05596525,0.082359719,0.039034571,2025,2,4241985,11.4419356,,,,
,,,32.985193,0.355022588,0.022414042,3.864386301,0.037096591,0.020774091,2025,2,15835,9.29729903,,,,
1.511329748,0.009997366,0.000479,14.14091785,0.084754463,0.006080446,1.140399275,0.026593384,0.014383239,2025,2,4597500,3.25918942,,,,
46.95507454,0.332060574,0.0174,12.14240679,0.055801986,0.0042129,1.689708912,0.116215948,0.05515807,2025,2,4429275,9.86260807,,,,
,,,36.64196916,0.217172757,0.012006679,3.801021224,0.046491916,0.026035473,2025,2,4430539,8.74142709,,,,
,,,49.41489401,0.372875144,0.021163885,3.507843912,0.0372705,0.02087148,2025,2,4701936,10.70576555,,,,
,,,31.52152872,0.164894627,0.009202125,2.293142921,0.02436442,0.013644075,2025,2,4877706,6.42642165,,,,
11.16410164,0.079528794,0.004120707,3.524610252,0.01948882,0.001135887,0.516279138,0.025196649,0.012013909,2025,2,4682652,2.56640738,,,,
16.84755873,0.104199944,0.00681,3.493529255,0.009919948,0.000760019,0.485065633,0.043496721,0.020525281,2025,2,4040761,3.17912926,,,,
,,,7.145729443,0.040066985,0.002215155,0.684587144,0.012908248,0.007228619,2025,2,4432620,1.76369973,,,,
22.99981052,0.150411604,0.007367656,3.561184689,0.019369749,0.001159276,0.535969739,0.02781357,0.013033916,2025,2,4373626,4.20247541,,,,
43.31132735,0.279022758,0.0186,22.54744376,0.081080823,0.005601421,3.170891844,0.112650965,0.054420199,2025,2,5081397,11.85992889,,,,
14.22439532,0.164668398,0.00784,,,,,0.519607536,0.248587789,2025,2,4433970,16.82313177,238.3598966,1.740450896,0.071983687,0.879864697
,,,63.06946116,0.346973005,0.019182855,5.236955417,0.055642141,0.031159599,2025,2,4685415,13.62236219,,,,
20.29042063,0.134752857,0.00880496,7.357764103,0.035954526,0.002754663,0.980977254,0.043454736,0.020793773,2025,2,4696981,4.75271773,,,,
,,,33.20770763,0.292590314,0.014055625,3.152748138,0.056511338,0.031646349,2025,2,4243331,8.19537334,,,,
1.481381647,0.011356148,0.000742028,85.57218964,0.554934304,0.042516392,6.238283465,0.089239948,0.049643978,2025,2,4595348,18.33097019,,,,
,,,45.69264909,0.291037824,0.016353771,3.301690333,0.062255096,0.034862854,2025,2,4429022,9.58180802,,,,
5.966072067,0.052318382,0.00275,,,,,0.401502927,0.192365968,2025,2,8439,14.26242816,227.1826051,1.476333202,0.070484676,0.706541884
37.60817137,0.344256649,0.0181,,,,,0.546225883,0.260622108,2025,2,3917315,19.20852504,217.9458105,1.524659307,0.115107678,0.596936391
2.885735362,0.018601473,0.0011,18.80628161,0.103553677,0.005542924,1.639195395,0.02238536,0.012038895,2025,2,4431268,4.74032112,,,,
2.715971469,0.020026345,0.00118,63.72007853,0.421961285,0.022586348,4.262992574,0.072784971,0.040040021,2025,2,3925357,13.52789601,,,,
0.784206548,0.005823046,0.000380487,36.27991815,0.169003501,0.012948234,2.454810495,0.051380345,0.028533686,2025,2,3916945,7.18112832,,,,
,,,43.88397348,0.268386618,0.015233259,3.846987172,0.045657873,0.025568409,2025,2,4572680,9.82623993,,,,
,,,62.59371353,0.397130473,0.020873056,4.500379828,0.077461634,0.043378515,2025,2,4241372,13.0995691,,,,
,,,22.58708916,0.215337382,0.009018729,2.338684292,0.028605448,0.016019051,2025,2,4259147,5.87617286,,,,
2.757872107,0.022495353,0.001266552,66.20666101,0.346622261,0.018522635,5.053319193,0.065381338,0.036050423,2025,2,3116406,14.13988049,,,,
36.13956222,0.302838089,0.009964357,5.506113152,0.03338189,0.001398096,0.720631248,0.084646401,0.039632521,2025,2,4241474,6.84821052,,,,
54.02707774,0.524002476,0.022400035,,,,,0.810740073,0.385344934,2025,2,4362887,19.24511732,200.8317441,1.131689906,0.07534844,0.653930889
71.79006454,0.609092121,0.031993137,20.26568338,0.124027057,0.009363709,2.851174032,0.175568348,0.083619361,2025,2,3045147,16.37557686,,,,
23.25046725,0.138975997,0.00775,3.784685321,0.017543358,0.000969907,0.546280362,0.046858247,0.022002851,2025,2,4882093,4.29179073,,,,
5.219362672,0.032439686,0.00226,1.74421802,0.011554574,0.000555065,0.247795545,0.014654465,0.006983558,2025,2,4430871,1.30026361,,,,
2.776636085,0.018972441,0.001001449,38.3531392,0.196074658,0.011164918,3.206835838,0.055392376,0.030317818,2025,2,4430034,8.61319482,,,,
9.533613098,0.082184018,0.002717268,2.217187485,0.011633857,0.000793254,0.30934954,0.044780856,0.02112533,2025,2,4429013,2.08779597,,,,
20.30305995,0.138454209,0.007308225,,,,,0.536853403,0.256806224,2025,2,4685720,14.48354686,220.1482035,1.226197768,0.069822369,0.871506171
,,,21.98663053,0.121321663,0.006776179,2.169451222,0.026535486,0.014859872,2025,2,4429086,5.08057887,,,,
13.73987217,0.103074635,0.005416439,1.670025744,0.010097777,0.000482099,0.242467948,0.028820609,0.013456351,2025,2,4819231,2.54592744,,,,
,,,0.964427561,0.004359554,0.000297256,0.088244332,0.001764887,0.000988337,2025,2,4567096,0.28401561,,,,
4.4315134,0.037251238,0.0021,37.86302936,0.169202451,0.00904176,2.853571373,0.067275764,0.036327409,2025,2,4569603,8.3750281,,,,
0.669642369,0.011206118,0.000588867,36.69184249,0.245317537,0.011712212,3.799785509,0.067245698,0.037207432,2025,2,3054212,9.02703922,,,,
,,,37.54740817,0.219092802,0.010460162,2.839411626,0.056788233,0.03180141,2025,2,4243389,7.97103139,,,,
6.114273546,0.036678647,0.00207,,,,,0.579392859,0.277532064,2025,2,4241479,16.18307545,281.2602248,1.570665172,0.083932456,0.906867126
5.909316775,0.032749337,0.001990365,36.63474889,0.192170683,0.010151868,2.623040047,0.0759419,0.040179354,2025,2,4686472,8.47990587,,,,
26.43050374,0.141800686,0.009472682,9.113595916,0.025974743,0.00179445,1.411563341,0.040114662,0.019187251,2025,2,4372019,5.95784764,,,,
,,,31.11989342,0.18833412,0.012539373,2.978320005,0.034255497,0.019183078,2025,2,4808766,7.20793266,,,,
,,,41.1734392,0.365657068,0.016756514,2.706909546,0.03097025,0.01734334,2025,2,4360939,9.01783822,,,,
,,,45.08986805,0.236913131,0.012681264,3.630912066,0.038578087,0.021603729,2025,2,4883647,9.54455273,,,,
4.204058446,0.042479956,0.00284,,,,,0.612871465,0.293788345,2025,2,11252,12.12571281,262.3457478,0.896905786,0.061962212,1.09462678
,,,52.49671802,0.192570302,0.013303607,3.997885281,0.075682254,0.042382062,2025,2,4369863,10.34681999,,,,
16.73822083,0.091481508,0.003575342,16.75372165,0.119825386,0.00549109,2.071994566,0.041858774,0.020762521,2025,2,4038441,6.68530599,,,,
,,,39.51903502,0.174363641,0.009333173,3.671545816,0.042228714,0.02364808,2025,2,4360635,8.64211735,,,,
18.62253058,0.139121111,0.00801,10.66541099,0.063065953,0.00238199,1.38533176,0.035958292,0.017425018,2025,2,3116389,5.51413025,,,,
17.11933582,0.079992562,0.00432,,,,,0.540234562,0.258425449,2025,2,15864,16.14886752,270.444655,1.288271817,0.071953848,0.831935852
32.16961721,0.240472102,0.0135,7.922270659,0.041033856,0.002192748,1.081512665,0.069417635,0.032819165,2025,2,4711533,6.74731437,,,,
16.41923999,0.143388189,0.008447701,,,,,0.540466542,0.258466246,2025,2,4688380,14.96378672,234.0538375,1.28888673,0.068990319,0.854195192
1.616356431,0.010293897,0.000536,40.08994333,0.244801301,0.013755685,3.506991297,0.075238833,0.041623846,2025,2,4427095,9.15551414,,,,
,,,17.15152777,0.136766956,0.005728054,1.645761818,0.030161993,0.016890716,2025,2,3045523,4.15998901,,,,
19.93832857,0.118010327,0.00504,4.480736099,0.024068868,0.001602516,0.607036657,0.024710752,0.0116384,2025,2,4685247,3.89208053,,,,
,,,15.99042864,0.217018331,0.008196743,1.482353541,0.02236044,0.012521847,2025,2,4368003,4.37544658,,,,
,,,28.04241066,0.173761284,0.008295897,2.953574614,0.059071492,0.033080036,2025,2,4361411,6.75237511,,,,
30.51747411,0.262241749,0.012657993,6.668154383,0.04274123,0.002520722,0.991164645,0.047579936,0.022465671,2025,2,4241457,6.52630546,,,,
,,,14.56359913,0.107545158,0.006043094,1.142972176,0.017434509,0.009763325,2025,2,2991662,3.23762278,,,,
,,,29.80350062,0.270547501,0.011189633,3.150179822,0.049220746,0.027563618,2025,2,16460,7.72236892,,,,
13.06475658,0.184878889,0.009055978,,,,,0.625779539,0.299264835,2025,2,4360423,14.67182109,241.6518581,1.171522711,0.070115428,0.836203108
,,,12.93770817,0.069384918,0.004044034,1.279071035,0.024117553,0.013505829,2025,2,4569559,2.97086377,,,,
,,,14.94926388,0.11028717,0.006256689,1.249663014,0.013277548,0.007435427,2025,2,5123663,3.40430535,,,,
21.51378317,0.18151066,0.005825853,1.631949226,0.010283249,0.000556905,0.231652521,0.043538746,0.020215958,2025,2,4429501,3.67047481,,,,
,,,17.7715435,0.223140949,0.008427993,1.880891688,0.019503168,0.010921774,2025,2,3116164,4.99241897,,,,
,,,4.448235217,0.031080733,0.0017641,0.447096441,0.005468628,0.003062432,2025,2,4428085,1.0759523,,,,
1.539246122,0.008794452,0.000613008,32.19202072,0.283019513,0.013595858,2.61843194,0.042833103,0.023613324,2025,2,2976592,7.7247615,,,,
4.673998245,0.025631862,0.00109571,2.964408805,0.018686034,0.001244125,0.412173599,0.0134624,0.006561335,2025,2,4695404,1.48776931,,,,
0.831104855,0.006477887,0.000337,4.764216225,0.034133521,0.001918004,0.408395776,0.005693577,0.003052962,2025,2,4613202,1.21015102,,,,
,,,12.51486273,0.139840112,0.007573257,1.20281151,0.013980547,0.007829107,2025,2,3930086,3.29319576,,,,
,,,25.62466853,0.294289724,0.013486051,2.002902565,0.035714796,0.020000286,2025,2,15795,6.31902129,,,,
10.20353216,0.105945813,0.004653614,1.644078456,0.008481217,0.000535454,0.251006256,0.024235074,0.011371165,2025,2,3127586,2.1106073,,,,
14.7017119,0.1075387,0.005426183,8.799736476,0.045802643,0.002599696,1.215602733,0.031612089,0.015411308,2025,2,3149687,4.47185877,,,,
,,,3.811177364,0.026481247,0.001561767,0.310139857,0.003295206,0.001845315,2025,2,4686612,0.84966498,,,,
,,,1.233607814,0.009658495,0.000520626,0.105787702,0.001123984,0.000629431,2025,2,4710855,0.28691154,,,,
,,,39.84904635,0.252897382,0.013696048,3.141765704,0.051548275,0.028867034,2025,2,4242433,8.61507466,,,,
1.840093563,0.013374509,0.000702509,4.22955393,0.028423553,0.002145902,0.445580226,0.014551687,0.007584936,2025,2,4037235,1.40714948,,,,
,,,22.28439447,0.079699746,0.004934133,1.657223977,0.017607843,0.009860392,2025,2,4597703,4.56111039,,,,
4.32275643,0.033987779,0.00197,1.907839145,0.011859408,0.000623327,0.274298059,0.011034355,0.005300782,2025,2,4596602,1.22043699,,,,
,,,43.8606196,0.24631757,0.012946376,4.15711829,0.082379588,0.046132569,2025,2,3120348,9.95688528,,,,
,,,11.43751112,0.059983712,0.00335027,0.887993411,0.009434844,0.005283512,2025,2,4603186,2.38802931,,,,
,,,2.285410298,0.0237433,0.001346978,0.234802848,0.002297579,0.001286644,2025,2,4242392,0.60598495,,,,
,,,2.377901773,0.015236997,0.00080493,0.208228785,0.002212411,0.00123895,2025,2,4600981,0.53663128,,,,
8.289579916,0.047630002,0.002847686,17.90509198,0.139009956,0.007224136,1.454345766,0.055181746,0.028292295,2025,2,3676833,5.36325559,,,,
,,,31.24181269,0.250055529,0.009444552,3.35307794,0.028709051,0.016077069,2025,2,4036131,7.96508335,,,,
,,,25.89587521,0.195619475,0.011103095,1.805387132,0.036107743,0.020220336,2025,2,4428850,5.55141102,,,,
25.18974124,0.160804099,0.00833,3.67934949,0.01822947,0.001062487,0.514743723,0.045242031,0.021179626,2025,2,4599739,4.54413093,,,,
,,,24.20912673,0.10670984,0.006278048,2.185781828,0.043715637,0.024480756,2025,2,3917914,5.21170013,,,,
0.812275588,0.006428486,0.000305881,30.33996734,0.215161164,0.008898897,2.247850951,0.044874213,0.024880578,2025,2,4382466,6.66244354,,,,
9.924578544,0.110444461,0.00363,,,,,0.390912424,0.186979793,2025,2,4241464,14.615565,215.1765271,1.57230191,0.065850923,0.855575302
,,,21.50668634,0.122843142,0.006575432,2.193629474,0.033951564,0.019012876,2025,2,2577327,5.05737607,,,,
12.62229614,0.088487326,0.00284,9.054667844,0.063652014,0.003447173,1.065659832,0.027781656,0.013535721,2025,2,3915411,4.16538923,,,,
,,,18.72952982,0.099098234,0.005530286,1.472539186,0.015645585,0.008761528,2025,2,4586312,4.02077254,,,,
,,,37.55724267,0.269942655,0.014188104,2.608533496,0.049185262,0.027543747,2025,2,4362921,7.99644096,,,,
,,,24.90114299,0.194039513,0.0104594,2.507192187,0.024393261,0.013660226,2025,2,2573401,6.15578391,,,,
0.733006481,0.007344936,0.000323,,,,,0.002334769,0.001073994,2025,2,4426948,0.16581663,,,,
,,,3.220371214,0.023106542,0.001103177,0.332115709,0.004062249,0.00227486,2025,2,4430802,0.79055612,,,,
,,,22.10360982,0.121714362,0.007160808,2.560786041,0.030525103,0.017094058,2025,2,4258595,5.48237069,,,,
,,,20.38022989,0.174858979,0.009344031,1.354761995,0.021056545,0.011791665,2025,2,3929785,4.43759919,,,,
2.829102918,0.017614941,0.000983,39.31398148,0.18889158,0.010443117,2.897798631,0.06694166,0.036588761,2025,2,4361577,8.30259091,,,,
14.90131927,0.10167185,0.005486519,3.386107401,0.011737287,0.000655012,0.494847151,0.041159314,0.019437141,2025,2,4360238,2.97853942,,,,
,,,23.05717808,0.130702675,0.007045326,1.82349472,0.028704065,0.016074277,2025,2,4360797,4.89612668,,,,
,,,7.008814834,0.055546963,0.00232641,0.515120605,0.00861708,0.004825565,2025,2,3051738,1.54451296,,,,
,,,28.98216136,0.184138989,0.010732365,2.642574731,0.037303369,0.020889887,2025,2,16731,6.62629376,,,,
20.21677511,0.18579344,0.0121,,,,,0.501719174,0.239776767,2025,2,14881,15.89448223,232.7987706,1.20875792,0.092594654,0.566017101
,,,34.71595785,0.168942697,0.009435957,2.655518457,0.028214625,0.01580019,2025,2,4432775,7.12878596,,,,
,,,15.78791907,0.097066683,0.005195694,1.586853261,0.018251379,0.010220772,2025,2,4686728,3.73847691,,,,
25.06871933,0.15180149,0.00908,7.523758855,0.027248426,0.001416059,1.24921663,0.074164677,0.035441169,2025,2,4045163,5.53482972,,,,
1.515006997,0.011558807,0.000623748,29.3521977,0.129051363,0.007201853,2.107156865,0.044190856,0.024300948,2025,2,4686422,6.00575166,,,,
,,,24.39166657,0.155891965,0.008876828,2.487494504,0.030425609,0.017038341,2025,2,4431588,5.84649393,,,,
,,,16.36701992,0.15068199,0.007830714,1.415451643,0.025229214,0.01412836,2025,2,4249417,3.97090849,,,,
,,,17.94137448,0.087113728,0.005393125,1.625910945,0.018700605,0.010472339,2025,2,4678006,3.93306613,,,,
19.21753806,0.105644616,0.005473873,,,,,0.671395748,0.321097692,2025,2,4426339,14.59253437,236.0586985,1.130660213,0.065899451,0.723163592
3.228082779,0.022732443,0.00111351,29.25026084,0.088491499,0.005296201,2.708156828,0.063636167,0.03468895,2025,2,3728262,6.61980916,,,,
3.001332312,0.01764591,0.000931,,,,,0.005724843,0.002633428,2025,2,4685350,0.55138913,,,,
,,,14.53526407,0.084597743,0.005341005,1.256225991,0.013347279,0.007474476,2025,2,4602667,3.26539178,,,,
,,,2.222256161,0.011795958,0.000631403,0.190088189,0.002867605,0.001605859,2025,2,3930066,0.48121624,,,,
3.19027567,0.020569288,0.000986,0.702878956,0.004428481,0.000317708,0.111467464,0.007557282,0.003567775,2025,2,4874509,0.64644121,,,,
,,,17.03521345,0.10827924,0.007383019,1.434225857,0.018930154,0.010600886,2025,2,4361409,3.78148671,,,,
1.259588764,0.012257884,0.000403,5.243378462,0.030573095,0.001280458,0.689769063,0.009778103,0.005195053,2025,2,16002,1.59028647,,,,
7.033607264,0.049538139,0.002673227,13.43524096,0.067682143,0.003777076,1.71479189,0.015071198,0.00769957,2025,2,2983509,4.46289767,,,,
,,,10.15663383,0.032387763,0.00223749,0.927381759,0.009853341,0.005517871,2025,2,4808839,2.13107136,,,,
,,,19.84682089,0.123590924,0.006495901,2.147224714,0.018384537,0.010295341,2025,2,4240472,4.86633887,,,,
1.940756337,0.011924226,0.000725,12.76369511,0.065218445,0.003445318,1.72158799,0.019597251,0.010554451,2025,2,4362748,3.64263809,,,,
,,,35.34104307,0.107667767,0.006130837,3.26405361,0.065281072,0.0365574,2025,2,3135321,7.38503339,,,,
,,,27.70748494,0.140424227,0.008865561,2.195692986,0.033461663,0.018738531,2025,2,3121409,5.7901229,,,,
,,,8.935199009,0.060456713,0.002886389,0.79670291,0.01502225,0.00841246,2025,2,4431492,2.04230755,,,,
,,,16.44292191,0.098605663,0.006565211,1.278358739,0.016872885,0.009448816,2025,2,3128390,3.5089629,,,,
,,,2.217633494,0.014791725,0.000933863,0.226604721,0.002771699,0.001552152,2025,2,4690923,0.53595504,,,,
12.0437765,0.080453924,0.004488591,7.643586694,0.035472962,0.001961169,1.095311093,0.031093795,0.015201516,2025,2,4911851,3.77497943,,,,
,,,7.609119117,0.035999863,0.002042304,0.721056157,0.014324164,0.008021532,2025,2,2973405,1.77151168,,,,
,,,2.215886044,0.016938598,0.000917336,0.186736603,0.003521016,0.001971769,2025,2,4241476,0.50794093,,,,
,,,2.406469183,0.023033529,0.000869972,0.216518683,0.004082573,0.002286241,2025,2,4690070,0.59264224,,,,
,,,10.37664221,0.109218626,0.006219146,1.090821531,0.015632123,0.008753989,2025,2,4372780,2.77914062,,,,
,,,0.893406933,0.005344875,0.000315221,0.124957493,0.001117567,0.000625837,2025,2,4373684,0.24577572,,,,
,,,6.34893716,0.059364729,0.003085095,0.686343774,0.008394964,0.00470118,2025,2,4372096,1.67441509,,,,
3.540325073,0.020906077,0.00109,1.863521741,0.009905743,0.000556616,0.245007138,0.01169975,0.005665739,2025,2,4360294,1.01951976,,,,
6.801042006,0.059673267,0.00197,1.535074226,0.00567408,0.000386887,0.208381329,0.013669319,0.006433879,2025,2,4239934,1.42628365,,,,
1.778165587,0.013499439,0.000734307,10.27696555,0.073706275,0.003973023,0.86190841,0.021496125,0.011513391,2025,2,4569382,2.67136544,,,,
,,,9.328862328,0.088438691,0.003657755,0.897884425,0.013916695,0.007793349,2025,2,3921690,2.35349882,,,,
,,,13.82621784,0.137568348,0.007415409,1.356554775,0.016592602,0.009291857,2025,2,4426553,3.56127175,,,,
,,,8.836412667,0.05414707,0.00304259,0.935240121,0.010758232,0.00602461,2025,2,3043275,2.13808357,,,,
15.98450505,0.091073693,0.004918741,3.78050659,0.016793055,0.000937943,0.535420257,0.064324563,0.030363164,2025,2,4361777,3.1569462,,,,
,,,5.256651815,0.02526651,0.001935798,0.614021334,0.007690536,0.0043067,2025,2,4361516,1.28674657,,,,
,,,2.403408871,0.019375811,0.001099745,0.199537457,0.002120066,0.001187237,2025,2,4431487,0.67502298,,,,
,,,20.00479776,0.109609497,0.007473723,2.006781597,0.024545804,0.01374565,2025,2,4241374,4.6530225,,,,
1.653556682,0.012358685,0.000738897,1.774645204,0.010146575,0.000527302,0.255674333,0.005787359,0.002890849,2025,2,4383396,0.73042978,,,,
2.84077286,0.019751764,0.000772,,,,,0.005986297,0.002753697,2025,2,4690013,0.49160225,,,,
,,,10.23204184,0.082353782,0.006217489,1.115154411,0.013639931,0.007638361,2025,2,4426844,2.62999954,,,,
,,,1.25221301,0.008655069,0.000466538,0.100585473,0.001896592,0.001062091,2025,2,4386544,0.33513415,,,,
,,,16.04530379,0.104001245,0.006133613,1.573804902,0.017060239,0.009553734,2025,2,3915486,3.79595311,,,,
2.029094858,0.01662415,0.000936,5.837549598,0.020440505,0.00109229,0.803591975,0.01525169,0.007973399,2025,2,3917668,1.80115673,,,,
1.507097806,0.012580067,0.000404,3.962018851,0.026370475,0.001428134,0.347665176,0.008528968,0.004392041,2025,2,4372414,1.12338528,,,,
,,,9.232954986,0.042878516,0.002654567,0.789728726,0.014890748,0.008338819,2025,2,4360405,1.95931982,,,,
,,,6.540663282,0.04723973,0.00269,0.587159666,0.010222449,0.005724572,2025,2,4212909,1.53743632,,,,
,,,20.73766479,0.103764982,0.00611968,2.296489151,0.018668474,0.010454346,2025,2,3127292,4.98466879,,,,
,,,7.6338876,0.017296968,0.001194951,0.667703068,0.01258989,0.007050338,2025,2,4428678,1.52349526,,,,
,,,4.825207248,0.034067103,0.002009153,0.405622195,0.004309696,0.00241343,2025,2,4430870,1.09185098,,,,
18.76645914,0.120389635,0.00709,7.040062592,0.035442806,0.001897149,1.013077193,0.048796593,0.023352486,2025,2,4367567,4.50128334,,,,
,,,14.14864828,0.118649078,0.004969244,1.535226692,0.018778014,0.010515688,2025,2,4040612,3.6513887,,,,
,,,9.168471072,0.081999529,0.004331818,0.899641593,0.010658052,0.005968509,2025,2,3911853,2.30549389,,,,
4.52098562,0.029427788,0.001420433,2.355003839,0.018380183,0.001083996,0.220550122,0.019743649,0.009523179,2025,2,4362477,1.30492651,,,,
,,,2.089240227,0.018240378,0.000987836,0.205500565,0.002363589,0.00132361,2025,2,4573699,0.52325771,,,,
,,,2.172049336,0.014719952,0.000838186,0.221853734,0.002551677,0.001428939,2025,2,4683243,0.52626407,,,,
,,,2.857063508,0.028564263,0.002049254,0.278738896,0.004822145,0.002700401,2025,2,2998565,0.73465573,,,,
,,,6.854397862,0.03353988,0.002233101,0.740378803,0.00905589,0.005071298,2025,2,4361372,1.62162028,,,,
,,,6.298636956,0.035482811,0.002240176,0.661140868,0.012667553,0.00709383,2025,2,4048228,1.49452832,,,,
,,,2.573949647,0.019307181,0.00101478,0.227064119,0.004281413,0.002397591,2025,2,4372716,0.69151117,,,,
,,,16.03095486,0.083712823,0.005707958,1.393205463,0.01679909,0.00940749,2025,2,4039160,3.49162222,,,,
,,,4.270796991,0.023229329,0.001390271,0.453040741,0.005541335,0.003103148,2025,2,4035020,1.01621706,,,,
,,,2.309137212,0.015148142,0.000837485,0.246350148,0.003013214,0.0016874,2025,2,4239944,0.56653269,,,,
,,,2.222736349,0.014079926,0.000672219,0.19408812,0.002927706,0.001639516,2025,2,3914397,0.49898412,,,,
,,,4.091284873,0.02113672,0.001009132,0.410359249,0.00619003,0.003466417,2025,2,4035656,0.94155669,,,,
,,,15.18828823,0.091001672,0.004862904,1.445985789,0.017686471,0.009904424,2025,2,4365395,3.5012084,,,,
,,,18.4038469,0.091938082,0.00612128,1.540264231,0.016365157,0.009164488,2025,2,4429105,4.04022201,,,,
,,,9.266097784,0.111025487,0.005087827,0.865045968,0.010580747,0.005925218,2025,2,4241263,2.45641349,,,,
,,,11.75566114,0.104526532,0.007891472,1.209541191,0.017692488,0.009907793,2025,2,3059722,3.00870066,,,,
,,,6.225881996,0.064686434,0.002964305,0.482263113,0.009093323,0.005092261,2025,2,4241424,1.50457518,,,,
,,,22.68572998,0.122097356,0.008129299,1.818009354,0.027423613,0.015357223,2025,2,2310331,4.80543664,,,,
,,,2.189106436,0.020487047,0.001162817,0.216174425,0.002644122,0.001480708,2025,2,4379401,0.55744117,,,,
,,,2.298943342,0.021091843,0.001197144,0.197053563,0.003715548,0.002080707,2025,2,4689334,0.55182963,,,,
,,,4.170509014,0.039722282,0.001500303,0.506781612,0.007048751,0.003947301,2025,2,3127310,1.15745821,,,,
,,,4.362658075,0.039722097,0.001908193,0.453039691,0.005541322,0.00310314,2025,2,4372505,1.12539459,,,,
,,,5.517008475,0.027295851,0.001458623,0.423468991,0.004499317,0.002519617,2025,2,4043016,1.19420062,,,,
,,,6.681423679,0.037273831,0.002060732,0.771978535,0.00755392,0.004230195,2025,2,3052096,1.65962416,,,,
,,,2.234785927,0.020163699,0.001047877,0.226825941,0.002774405,0.001553667,2025,2,4360967,0.57034835,,,,
,,,0.843561989,0.003959728,0.000245143,0.112161633,0.001619356,0.000906839,2025,2,4691688,0.21899559,,,,
,,,1.069899904,0.005597559,0.000346539,0.101664534,0.001243502,0.000696361,2025,2,2975863,0.24157305,,,,
,,,0.946788913,0.007636507,0.000547858,0.095377653,0.001166605,0.000653299,2025,2,4722908,0.23569548,,,,
,,,24.98210697,0.187116252,0.009999029,2.404037959,0.029404817,0.016466697,2025,2,4047422,6.01278483,,,,
,,,1.024232327,0.007397409,0.000353175,0.110390636,0.001350235,0.000756132,2025,2,4241961,0.25642805,,,,
,,,8.849472755,0.05194861,0.002958067,0.804899581,0.015176802,0.008499009,2025,2,4360763,1.99085743,,,,
1.656081229,0.009601302,0.00046,,,,,0.00509056,0.002341658,2025,2,4061956,0.32720092,,,,
,,,12.2159023,0.072504666,0.003830229,0.982310388,0.01481758,0.008297845,2025,2,3122168,2.63038458,,,,
,,,25.66884872,0.125569292,0.007007532,1.682719084,0.029589636,0.016570196,2025,2,3118892,4.98467438,,,,
,,,4.337013713,0.030494894,0.001610964,0.45800516,0.005602057,0.003137152,2025,2,4360231,1.07177112,,,,
,,,2.291211876,0.017058378,0.00081946,0.190300671,0.003588219,0.002009402,2025,2,4369466,0.51948704,,,,
,,,11.44543544,0.07648934,0.004268571,1.190007169,0.020105567,0.011259118,2025,2,4040774,2.78003666,,,,
,,,4.343230273,0.023635589,0.001377578,0.465854639,0.005698067,0.003190918,2025,2,4034862,1.03851512,,,,
,,,2.265117398,0.010267405,0.000549584,0.196088621,0.003697353,0.002070518,2025,2,4362617,0.48126072,,,,
60.40739292,0.589872538,0.0238,32.22847415,0.186861835,0.010411914,4.01769536,0.112431719,0.054573697,2025,3,4429795,17.90393474,,,,
69.7165655,0.670514472,0.0305,35.19309022,0.303907128,0.015541005,4.723098851,0.196499382,0.094875985,2025,3,3117251,20.96811406,,,,
1.310148501,0.007766235,0.00041269,88.01687583,0.423410797,0.020442008,6.636567668,0.086720804,0.048280027,2025,3,4362628,18.10377364,,,,
4.711064105,0.044770365,0.002157506,93.5122473,0.342411556,0.01706457,7.40390779,0.09765014,0.05383918,2025,3,4426515,19.48267625,,,,
80.04016788,0.611358115,0.025309235,38.38718675,0.225278505,0.012364066,4.203349666,0.156827412,0.075240378,2025,3,4430807,20.99491069,,,,
,,,68.01383486,0.321787328,0.017448,7.394899194,0.065211302,0.036518329,2025,3,4361307,16.09058799,,,,
0.806586837,0.006573387,0.000265,86.53593018,0.507557809,0.028281047,7.716774738,0.096119245,0.053669581,2025,3,4374302,19.48810455,,,,
1.554717889,0.014921005,0.000734,93.20290065,0.511304785,0.024909351,7.437817321,0.109643814,0.06104224,2025,3,4241389,20.00302814,,,,
,,,72.78947641,0.391194196,0.021200434,5.871264713,0.076853103,0.043037738,2025,3,4430878,15.45573092,,,,
112.2562626,0.661011145,0.024061075,13.57285765,0.084828011,0.005210016,1.819007148,0.243506727,0.113789487,2025,3,4242335,18.71433732,,,,
81.66994943,0.757575635,0.0383,17.28187934,0.129510169,0.011965921,2.049282614,0.147175682,0.069246573,2025,3,4379399,17.23290701,,,,
88.46406083,0.689269391,0.02153308,20.73212434,0.139177761,0.010131162,2.807593034,0.153382761,0.072472563,2025,3,3929630,18.62032782,,,,
63.39500835,0.423176519,0.030388724,41.31729411,0.222674544,0.013899207,5.02022991,0.112356438,0.055001686,2025,3,4429160,19.34810302,,,,
36.4217015,0.839034203,0.042409801,,,,,0.483576461,0.230262894,2025,3,3918298,23.95536956,229.4744041,1.809350575,0.167172551,0.554401593
37.15556392,0.851593357,0.026604152,,,,,0.575231378,0.273433409,2025,3,4040715,20.53210348,204.496808,1.233106391,0.089761474,0.553177686
89.22372774,0.756736212,0.035069479,12.01096944,0.08920256,0.004459544,1.352638448,0.168671973,0.078704478,2025,3,3043078,16.47784189,,,,
67.92567181,0.495318788,0.025554557,21.56281946,0.102176972,0.005003255,2.946543934,0.156380565,0.074351805,2025,3,4890973,15.39690764,,,,
0.715115149,0.006065383,0.000618,83.42848708,0.59530892,0.050425815,6.991264979,0.096172236,0.053687486,2025,3,4262921,19.01112168,,,,
,,,59.31029086,0.497698629,0.024246497,4.097592134,0.081951843,0.045893032,2025,3,4426354,12.97368592,,,,
74.47449836,0.645104639,0.0311,14.64248898,0.116388298,0.005800377,2.14849779,0.215900973,0.101758487,2025,3,4430737,15.50513793,,,,
35.79108747,0.235018617,0.0139,,,,,0.719362289,0.343173837,2025,3,4431452,18.01319683,234.057513,1.385481928,0.088403098,0.708765186
,,,84.13672788,0.444814539,0.036559687,5.781120976,0.061640214,0.03451852,2025,3,4258173,16.86938933,,,,
80.85767615,0.446004602,0.023700238,22.45091655,0.092623687,0.004471814,3.184868521,0.18400005,0.087354968,2025,3,4362238,16.63399169,,,,
,,,70.80558575,0.474738777,0.026055311,5.641551316,0.074081833,0.041485827,2025,3,4426502,15.54163752,,,,
,,,70.51544516,0.423582048,0.030833795,5.201759485,0.070615064,0.039544436,2025,3,4047646,14.77924101,,,,
85.22576026,0.705802112,0.0347,16.60089651,0.093227688,0.004548355,2.032824741,0.241967748,0.113348099,2025,3,4047365,16.86782973,,,,
82.18144059,0.508877504,0.0397,23.64638353,0.161652368,0.008265695,3.347507074,0.167862482,0.079939869,2025,3,4596448,17.89395437,,,,
,,,59.21088284,0.283161067,0.013670839,4.47132279,0.065399819,0.036623899,2025,3,4239993,12.04719936,,,,
2.873815917,0.041764102,0.00152,46.47820627,0.33997069,0.020880519,4.418874328,0.061049948,0.033165396,2025,3,4431459,11.62456954,,,,
3.882382335,0.045146591,0.00182,65.87703568,0.315191343,0.017562416,3.792653072,0.052555287,0.02880457,2025,3,4426388,12.91316417,,,,
26.67445755,0.183872121,0.010875624,19.13891462,0.099857662,0.006371593,2.515195639,0.071729646,0.035058592,2025,3,4432710,8.7933269,,,,
5.185663129,0.039562519,0.001833449,72.47244448,0.48220485,0.024107086,5.060409347,0.065830867,0.035901145,2025,3,4429615,15.9386431,,,,
59.34698613,0.2978606,0.016217164,19.41648431,0.083689659,0.003960611,2.637684575,0.122253746,0.058286622,2025,3,4239996,12.73034348,,,,
,,,79.68729964,0.532134926,0.026519706,5.31924228,0.05587843,0.031291921,2025,3,16800,16.47271337,,,,
72.51185628,0.673425941,0.029894479,19.69888934,0.091879569,0.004782396,2.448008861,0.168490198,0.079667863,2025,3,4259545,16.17538051,,,,
28.56276952,0.136095904,0.011657333,8.088448921,0.051323029,0.003994061,1.189432896,0.06877095,0.032700769,2025,3,4038815,5.96145996,,,,
,,,69.833174,0.322499075,0.016050112,5.746894929,0.111949642,0.062691799,2025,3,4612826,14.57488141,,,,
,,,53.31707781,0.413653071,0.019501457,4.804838082,0.077262039,0.043266742,2025,3,3128429,12.57297372,,,,
67.96000375,0.630499823,0.031,20.08183408,0.10432059,0.00508221,3.00929447,0.168001345,0.079928912,2025,3,4361579,16.13914133,,,,
3.32185045,0.054809886,0.002641316,,,,,0.457916321,0.219418482,2025,3,12483,15.97056845,278.0889133,1.48562745,0.07403837,0.741576822
13.65018589,0.143018205,0.007031033,,,,,0.511594899,0.244809465,2025,3,2577417,18.46034196,271.009073,1.797629092,0.087575503,0.753379645
,,,62.37017732,0.219691378,0.011140885,5.141735205,0.091966956,0.051501495,2025,3,4361370,12.61860999,,,,
64.75906146,0.406166705,0.0271,30.73834705,0.126482415,0.01030257,3.33342603,0.235111951,0.112501395,2025,3,4427366,15.93504395,,,,
,,,46.24001273,0.372364538,0.023046126,4.517308809,0.058915203,0.032992514,2025,3,15847,11.35715853,,,,
,,,46.23126972,0.231426409,0.012701484,3.447620692,0.029518526,0.016530375,2025,3,4360248,9.45242834,,,,
1.156511985,0.007184113,0.000516,65.20253264,0.222408935,0.013882628,4.703955028,0.059498484,0.033094798,2025,3,4372016,12.68159744,,,,
72.35290467,0.421863081,0.0302,25.31668459,0.115984632,0.006593984,3.270046638,0.221085715,0.105363611,2025,3,4569987,16.13279059,,,,
,,,61.50228217,0.373946209,0.029101243,4.788405545,0.050876343,0.028490752,2025,3,4685472,13.184876,,,,
,,,54.09977979,0.355072337,0.025846769,4.924945833,0.059023404,0.033053106,2025,3,4241478,12.45250516,,,,
0.706583208,0.006441608,0.000381007,47.85782704,0.214915938,0.013713087,4.295209514,0.053708682,0.029931111,2025,3,2976212,10.44953778,,,,
80.54146976,0.632952484,0.026948606,17.70494023,0.072862876,0.003948741,2.421719724,0.132576596,0.062513937,2025,3,4567048,16.4215177,,,,
54.18091495,0.354206826,0.0164,,,,,0.568180997,0.270393927,2025,3,3916387,23.63530932,240.0910957,1.96470808,0.098222542,0.536978256
23.42331933,0.141621216,0.007681227,12.07105296,0.065809936,0.003102575,1.864737721,0.059957897,0.029110084,2025,3,4568490,6.68180983,,,,
,,,47.70403011,0.301008037,0.014664277,4.887974286,0.097759486,0.054745312,2025,3,4242355,11.38684345,,,,
52.12033212,0.498158393,0.024,15.1912192,0.078953826,0.003929369,2.065243568,0.116504408,0.055285933,2025,3,4685382,12.20743689,,,,
,,,45.90912383,0.228864411,0.014056528,4.599066092,0.079575871,0.044562488,2025,3,4035687,10.50425302,,,,
1.71448369,0.011348812,0.000884359,47.10073928,0.469202691,0.023991523,3.69322874,0.04215574,0.02331566,2025,3,4567750,11.4622905,,,,
7.339383931,0.093764964,0.00465,55.32736027,0.255963137,0.018251764,4.262181624,0.1115456,0.059695621,2025,3,3126486,12.61856364,,,,
0.407596675,0.006449376,0.000201481,37.61859737,0.178369806,0.012984068,4.075843034,0.070256218,0.039092099,2025,3,3121023,8.93741843,,,,
24.68723826,0.157674243,0.008551908,,,,,0.378632521,0.180815435,2025,3,4426338,16.03573013,223.110191,1.456133641,0.068648658,0.965385809
0.804516386,0.005860873,0.000291,62.64620866,0.303901709,0.021670083,4.690545083,0.065427622,0.036448788,2025,3,3121422,12.86694567,,,,
,,,63.29917546,0.600761348,0.030718451,4.722783828,0.044525278,0.024934156,2025,3,16737,14.67001405,,,,
50.6106079,0.58444216,0.0236,17.25267516,0.051327347,0.002859952,2.293497736,0.113071477,0.053852465,2025,3,4035538,12.84264606,,,,
,,,31.18094933,0.194241639,0.010532199,2.899082987,0.050473033,0.028264898,2025,3,4360761,7.14849436,,,,
1.574711622,0.01162497,0.000632927,74.05315376,0.43131256,0.020411856,5.164309214,0.081627071,0.045338513,2025,3,4432773,15.33828747,,,,
20.21746823,0.155532739,0.007484899,,,,,0.465996841,0.222550313,2025,3,4038941,18.42705376,265.2998043,1.530296273,0.076159681,0.497777646
,,,59.08670358,0.392889495,0.021303312,4.507078259,0.082525614,0.046214344,2025,3,4432708,12.72544152,,,,
0.706061199,0.00567555,0.000277,52.01742475,0.196122895,0.009888912,5.153311559,0.049644651,0.027694958,2025,3,4569587,11.6475505,,,,
0.684864869,0.007002158,0.000361256,67.38255397,0.358899475,0.017574075,5.70338844,0.072608431,0.040522832,2025,3,3916433,14.66227912,,,,
,,,37.89875768,0.304895603,0.019454397,3.446469347,0.025054316,0.014030417,2025,3,3046439,9.07722669,,,,
18.29499565,0.104168941,0.00812,,,,,0.584110307,0.279213101,2025,3,3052587,18.58739811,224.3500508,2.17720438,0.111325979,0.622910203
30.95779487,0.201030748,0.00892,,,,,0.565330516,0.269973189,2025,3,4431611,19.15325788,239.8616613,1.663758284,0.086599779,0.532119431
2.909110112,0.05154179,0.00208,,,,,0.490177962,0.234856749,2025,3,3046779,16.42759101,281.584806,1.579021862,0.087982868,0.737711336
36.28456842,0.220147161,0.010733661,20.33740009,0.081831285,0.004126099,2.643777984,0.171707507,0.083041366,2025,3,4360516,10.07571785,,,,
6.200331453,0.056299878,0.0025,53.97069285,0.361333412,0.018807656,4.456629714,0.073408539,0.039637914,2025,3,3915416,12.94480937,,,,
29.69804905,0.215872594,0.0155,24.91709855,0.085210535,0.004844408,3.36064916,0.082360302,0.040506282,2025,3,4371733,10.65693325,,,,
,,,70.27612601,0.577104946,0.030038715,4.885117514,0.09770235,0.054713316,2025,3,4431299,15.32859059,,,,
1.892647594,0.016716426,0.000815,,,,,0.011451269,0.005368308,2025,3,4689114,0.40179155,2.286807106,0.011910127,0.000650671,0.009690843
83.97629099,0.394986428,0.0223,14.32003465,0.058379571,0.00274309,2.228886011,0.159221585,0.07492751,2025,3,3916148,14.68315173,,,,
1.10451345,0.015318065,0.00071,35.55779652,0.397387159,0.019866756,3.208033464,0.048215008,0.026601399,2025,3,3116365,9.33971852,,,,
0.57005842,0.007651239,0.000385823,35.47504693,0.110383465,0.005756333,3.883149506,0.047066015,0.026116617,2025,3,5083076,8.15716134,,,,
,,,67.39833409,0.53431179,0.030376813,4.606613535,0.092132271,0.051594072,2025,3,4047650,14.51231317,,,,
49.46287998,0.36698057,0.0217,18.40650466,0.095960231,0.00612291,2.431078086,0.210690241,0.100593698,2025,3,4569173,11.85568178,,,,
22.11956046,0.13738775,0.010919079,11.39694013,0.050125095,0.004119824,1.49634466,0.055570786,0.026789858,2025,3,4429059,5.95103988,,,,
,,,59.90620929,0.357216688,0.017777936,5.296333935,0.092187739,0.051625134,2025,3,15818,13.3649966,,,,
0.864027604,0.011575989,0.000597,68.56423046,0.275537112,0.013492106,6.271676227,0.040381463,0.022411051,2025,3,4432665,14.92160475,,,,
65.10417456,0.347092094,0.0178,26.08098849,0.07373743,0.003739338,3.866790665,0.126457222,0.06064611,2025,3,3054850,15.43540657,,,,
,,,49.63052726,0.30864172,0.028516543,4.304382429,0.06558933,0.036730025,2025,3,4373678,11.10459251,,,,
16.56124464,0.185821562,0.010117145,,,,,0.518127137,0.247792753,2025,3,4360310,16.24528826,244.4222328,1.438694801,0.068086196,0.865967633
10.73226815,0.124287072,0.006119003,,,,,0.43217297,0.206696524,2025,3,4036378,15.99942502,232.2336881,1.627018882,0.079378348,0.692974466
48.19652819,0.279980966,0.0141,10.84901151,0.037989666,0.001981104,1.690423287,0.114989702,0.054281742,2025,3,4685702,9.42943577,,,,
1.296892276,0.009213808,0.000614,76.632142,0.352131056,0.028682683,5.769423629,0.117178651,0.065150723,2025,3,4569618,15.66178416,,,,
,,,37.55592339,0.267008895,0.024669933,3.366912289,0.049479694,0.027708628,2025,3,4385690,8.71978861,,,,
21.04032078,0.217681086,0.009663219,10.81060916,0.059596416,0.003102035,1.470200684,0.052766421,0.025478407,2025,3,4608686,6.29492438,,,,
67.63854452,0.441566391,0.037822494,18.78892033,0.07993126,0.006220411,3.006154294,0.187439772,0.08921098,2025,3,4241416,14.69250054,,,,
,,,46.85720318,0.373585012,0.018226316,3.4957662,0.065803833,0.036850147,2025,3,4361432,10.38748893,,,,
,,,46.44893504,0.238056319,0.012072199,4.577947345,0.083434477,0.046723307,2025,3,3929645,10.58407855,,,,
1.344713182,0.011776262,0.000567,61.51247747,0.409358184,0.02037291,3.872474186,0.06193542,0.034331695,2025,3,4429025,12.65985436,,,,
,,,43.07188902,0.208389945,0.017651731,4.565000308,0.05031094,0.028174127,2025,3,4036133,10.10281009,,,,
,,,37.40247633,0.176479665,0.014505014,3.390387964,0.029682881,0.016622413,2025,3,3117256,8.18606479,,,,
31.35618338,0.235453082,0.016,,,,,0.437697943,0.209030622,2025,3,3139477,19.81082513,246.2810596,1.733539056,0.107290991,0.681505523
2.807401388,0.017413157,0.000944452,49.32630955,0.264339997,0.012462171,3.998870537,0.083957191,0.046160387,2025,3,4431280,10.83946703,,,,
,,,49.64785265,0.345664187,0.019260358,4.821215519,0.029485175,0.016511698,2025,3,4430027,11.86626323,,,,
,,,62.4215251,0.139878289,0.007294444,5.020892269,0.066961411,0.03749839,2025,3,4241463,12.04367662,,,,
39.29765286,0.370266226,0.0252,11.71516527,0.087985223,0.00544552,1.829376182,0.062995491,0.029973593,2025,3,3059915,9.68317254,,,,
16.91225995,0.101655715,0.008079227,,,,,0.502410938,0.24026014,2025,3,4432577,15.76340379,260.5782155,1.186909424,0.097553098,0.72626359
3.055127518,0.018010623,0.000922,46.27451669,0.22662677,0.011492589,3.662285939,0.083020389,0.045513951,2025,3,4032473,10.12376627,,,,
49.80926002,0.301667642,0.020549918,15.02050649,0.097530723,0.006036304,2.213318367,0.099235478,0.0473226,2025,3,4361529,11.05263445,,,,
,,,7.134763869,0.049481685,0.002462601,0.702795503,0.008083285,0.00452664,2025,3,4595342,1.70924752,,,,
,,,18.03039136,0.133360573,0.006941511,1.788469961,0.020570297,0.011519366,2025,3,4723086,4.38305983,,,,
30.38285346,0.18911029,0.014736467,10.44902388,0.076011362,0.003886654,1.587231749,0.096581093,0.046184927,2025,3,4697815,7.20857578,,,,
73.18744475,0.383220515,0.039059492,18.84558648,0.084161276,0.007128905,2.760790475,0.219575064,0.104235138,2025,3,4360569,14.65808686,,,,
1.581674816,0.015286168,0.00069492,54.72100635,0.337957152,0.017282234,4.423912552,0.088349814,0.048982433,2025,3,4428209,12.11396403,,,,
,,,25.41153486,0.1959451,0.012034671,1.782491329,0.028388204,0.015897394,2025,3,4360078,5.49233997,,,,
10.83182866,0.118528815,0.005046487,,,,,0.50201297,0.239963996,2025,3,3912547,14.05076313,217.3302438,1.34074345,0.072660443,0.744261021
57.85519176,0.446393195,0.0221,10.22109726,0.051328863,0.003660067,1.453714456,0.125100192,0.05873842,2025,3,4575131,11.185019,,,,
,,,48.46481878,0.299813441,0.016248133,3.892568923,0.058504722,0.032762644,2025,3,2977187,10.50644443,,,,
,,,36.78338356,0.23241793,0.01427478,3.620870497,0.034136702,0.019116553,2025,3,4688813,8.68493289,,,,
,,,50.07650252,0.32934621,0.018075663,3.581455329,0.037457328,0.020976103,2025,3,4040655,10.56037196,,,,
,,,41.80248512,0.179539723,0.009362728,4.170205659,0.039251715,0.021980961,2025,3,3123076,9.40349404,,,,
,,,11.26069391,0.084976928,0.004423108,0.991796921,0.010537746,0.005901138,2025,3,4685278,2.68735035,,,,
,,,27.86972007,0.162400279,0.00818855,2.646083735,0.032365382,0.018124614,2025,3,4429148,6.38843729,,,,
18.81588214,0.153929958,0.00742,7.63894755,0.032073814,0.001598444,1.102901824,0.039669236,0.01903696,2025,3,4429096,4.92376597,,,,
,,,19.87093668,0.18195088,0.009860672,1.923134869,0.023522685,0.013172704,2025,3,4576297,4.99592775,,,,
,,,57.77389436,0.521460997,0.048179698,3.648564888,0.068795597,0.038525534,2025,3,4635008,12.57584663,,,,
2.723264944,0.020415881,0.001053299,37.58718404,0.168601675,0.008255845,2.566918424,0.045382281,0.024747896,2025,3,4428718,7.75626143,,,,
34.16879048,0.536668432,0.0195,,,,,0.47814569,0.227725538,2025,3,3917792,18.19397405,194.0854145,1.284257095,0.078877254,0.54863199
64.6723149,0.440668298,0.035022716,11.8119993,0.039045274,0.003209164,1.428845859,0.127414927,0.05974038,2025,3,3128720,11.91590771,,,,
2.269212874,0.014784616,0.000727888,1.646470581,0.012037969,0.000587304,0.224497517,0.005075186,0.002480177,2025,3,4887558,0.79696874,,,,
60.49105154,0.40197698,0.0218,10.70640917,0.059347124,0.002797889,1.889538817,0.084112542,0.039747852,2025,3,4241985,11.74914959,,,,
,,,34.4817753,0.340621372,0.024288423,4.050252458,0.038880834,0.021773267,2025,3,15835,9.54821453,,,,
1.817665818,0.01343788,0.000489,16.76000238,0.112965916,0.006938207,1.208239946,0.028369958,0.01532838,2025,3,4597500,3.8093772,,,,
26.35208639,0.210795854,0.010457596,1.688468209,0.008742424,0.000623389,0.246271319,0.060564522,0.028091226,2025,3,4362619,4.33513196,,,,
29.11492792,0.197994284,0.008434167,18.09895352,0.070083374,0.003800071,2.630351386,0.09500119,0.046344948,2025,3,4429275,8.89449206,,,,
,,,30.76806364,0.214410345,0.010146964,3.334782667,0.040789153,0.022841926,2025,3,4430539,7.67373518,,,,
4.863631403,0.034335699,0.00169,36.98515312,0.273023661,0.013320169,2.763612382,0.038257446,0.020534736,2025,3,4701936,8.8148068,,,,
,,,18.6348425,0.077313511,0.006354463,1.453996425,0.01544857,0.008651199,2025,3,4877706,3.77717627,,,,
4.745319834,0.029613065,0.00144,1.642452678,0.004608055,0.000232347,0.248585038,0.014632358,0.006995728,2025,3,4040761,1.08242865,,,,
,,,11.0171368,0.063282082,0.002994823,1.081247362,0.020387484,0.011416991,2025,3,4432620,2.79672997,,,,
39.00027484,0.300703058,0.012448619,3.59231585,0.014125238,0.000775242,0.512890351,0.042320325,0.019696703,2025,3,4373626,6.64928951,,,,
15.33291617,0.089487295,0.004512506,9.114579867,0.043077225,0.002246413,1.436914073,0.044351168,0.021580089,2025,3,5081397,4.64857846,,,,
,,,52.420531,0.300051893,0.014199948,4.479364676,0.047592813,0.026651975,2025,3,4685415,11.52353353,,,,
,,,6.911890824,0.059831984,0.002981813,0.745509181,0.007294913,0.004085151,2025,3,4242557,1.79367609,,,,
42.17028437,0.33843016,0.0165,14.76572639,0.075582811,0.003811038,2.00508947,0.099477794,0.047404353,2025,3,4696981,10.13120974,,,,
,,,27.63718169,0.309238834,0.015812165,2.632969496,0.047194582,0.026428966,2025,3,4243331,7.23213507,,,,
1.28545155,0.009721471,0.000473987,94.62825405,0.59199318,0.029849492,6.643192693,0.094612911,0.052673327,2025,3,4595348,19.80264746,,,,
,,,40.06518714,0.246577049,0.01573328,2.953212021,0.055684355,0.031183239,2025,3,4429022,8.40976311,,,,
5.824089969,0.051188486,0.003665094,,,,,0.417792195,0.200185545,2025,3,8439,15.31298874,250.8383227,1.55527066,0.088420595,0.813003504
35.51960239,0.285233741,0.0122,,,,,0.60134066,0.286998126,2025,3,3917315,17.84602644,228.4265845,1.307688566,0.070905682,0.6966345
7.521873592,0.043610004,0.002465656,22.73824955,0.125925815,0.005916895,2.013644939,0.034216441,0.017879041,2025,3,4431268,6.25164522,,,,
1.42674413,0.009458004,0.000535,62.10730029,0.398473121,0.018723116,4.212767426,0.068529958,0.03800544,2025,3,3925357,12.97807597,,,,
0.683542786,0.004984839,0.000243,32.29539232,0.156397457,0.007885876,2.131375692,0.044777591,0.024850985,2025,3,3916945,6.36530076,,,,
,,,49.89138791,0.30832168,0.015042275,4.316637801,0.05123191,0.02868987,2025,3,4572680,11.12976148,,,,
,,,55.23317132,0.377388749,0.023357081,4.252239879,0.073190589,0.04098673,2025,3,4241372,12.00656221,,,,
,,,24.18730754,0.23442765,0.011988009,2.585775959,0.031627732,0.01771153,2025,3,4259147,6.40045957,,,,
2.183331815,0.016610307,0.001192803,70.46762937,0.244323963,0.01525055,5.334082922,0.067428668,0.037324168,2025,3,3116406,14.13359633,,,,
32.57213062,0.300616038,0.013666209,7.130649659,0.043772393,0.002238404,0.973048498,0.087650427,0.041257874,2025,3,4241474,6.96126659,,,,
57.26677361,0.493515555,0.021022792,17.1528679,0.096640863,0.005240075,2.544440828,0.157499186,0.075000087,2025,3,3045147,13.43402705,,,,
31.09661658,0.178272416,0.00971,5.248885447,0.029644146,0.001402908,0.780337975,0.065160787,0.030613992,2025,3,4882093,5.65113847,,,,
3.688851969,0.022850251,0.001780612,1.714493174,0.013288393,0.000679469,0.237591685,0.010381571,0.00500804,2025,3,4430871,1.05126709,,,,
8.823414839,0.082282719,0.00257,1.415857278,0.007839668,0.000570673,0.199541811,0.039407687,0.018466913,2025,3,4429013,1.73458886,,,,
19.4678916,0.12931248,0.011076297,,,,,0.531538891,0.254266203,2025,3,4685720,14.63424227,210.9744698,1.35060755,0.105106985,0.833852462
,,,18.97691042,0.096954757,0.004747541,1.931798562,0.023628654,0.013232047,2025,3,4429086,4.39487313,,,,
28.97630731,0.237829799,0.0118,,,,,0.488245577,0.232958889,2025,3,2576980,17.0417552,234.162909,1.308903285,0.093332948,0.821115972
5.256600193,0.042967914,0.00308,,,,,0.01054749,0.004851846,2025,3,4819231,0.78020221,,,,
,,,1.818576404,0.011354925,0.000826559,0.16597068,0.003319414,0.001858872,2025,3,4567096,0.55595762,,,,
8.310750602,0.062055567,0.004456272,35.22267351,0.103065589,0.00643329,2.62098757,0.073748721,0.038866421,2025,3,4569603,8.0571893,,,,
8.135936731,0.048349787,0.003472046,4.232942705,0.017715833,0.001105811,0.589465094,0.024258321,0.011746628,2025,3,4682745,2.20905122,,,,
,,,40.64465629,0.258314864,0.014685774,4.051469273,0.066900045,0.037464025,2025,3,3054212,9.62203158,,,,
,,,41.78770901,0.259971519,0.014779959,2.933754984,0.0586751,0.032858056,2025,3,4243389,8.72675318,,,,
5.750176264,0.031571721,0.002267196,,,,,0.644961605,0.309061576,2025,3,4241479,15.88223162,308.9021027,1.268122529,0.079155421,0.93627632
3.565335086,0.019672265,0.00107,27.81022475,0.153122875,0.007218898,2.335458566,0.060322793,0.032419402,2025,3,4686472,6.65918719,,,,
14.16706901,0.062072444,0.00313,17.3234568,0.044650215,0.002328442,2.807379422,0.033093729,0.016683934,2025,3,4372019,6.62214767,,,,
,,,26.16128895,0.141034408,0.011487897,2.491529666,0.02865662,0.016047707,2025,3,4808766,5.94550139,,,,
,,,46.59497873,0.186989191,0.015368801,3.474187546,0.061743388,0.034576297,2025,3,3895856,9.21883757,,,,
,,,44.85823068,0.350870969,0.017541252,2.9748107,0.034035357,0.0190598,2025,3,4360939,9.56372249,,,,
,,,46.10729871,0.232550427,0.010926882,3.839096814,0.04079003,0.022842417,2025,3,4883647,9.82237218,,,,
4.194231883,0.033659158,0.0017,,,,,0.601184751,0.288162503,2025,3,11252,10.6568604,238.5419716,0.771493901,0.040232255,1.057805853
,,,47.64653073,0.181790251,0.00948009,3.86966524,0.073254976,0.041022786,2025,3,4369863,9.66390643,,,,
14.49272212,0.081366179,0.003770759,19.46915182,0.122668441,0.006132619,2.441860329,0.04092946,0.020604133,2025,3,4038441,7.04193393,,,,
,,,42.68428127,0.166420932,0.007819645,4.137366578,0.047586406,0.026648388,2025,3,4360635,9.36791681,,,,
9.961981062,0.058432669,0.003105054,8.414613171,0.035898515,0.001733158,1.074143933,0.021177777,0.010427362,2025,3,3116389,3.5486453,,,,
16.67122145,0.075184071,0.003878907,,,,,0.548836487,0.262565654,2025,3,15864,15.24937181,263.159742,1.222947951,0.059883561,0.951944939
7.45253407,0.052052146,0.003737916,4.194538633,0.017587687,0.001097813,0.592537034,0.018466315,0.008980502,2025,3,4711533,2.16728156,,,,
12.86360331,0.082364308,0.004656777,,,,,0.524675917,0.251012338,2025,3,4688380,14.12957626,229.2453964,1.20130494,0.056445896,0.630023101
2.140154594,0.012852426,0.00076,26.89008673,0.150680892,0.009614458,2.443354239,0.056055807,0.03067238,2025,3,4427095,6.28846444,,,,
,,,30.59370915,0.254065751,0.01299225,3.019237595,0.055333781,0.030986917,2025,3,3045523,7.56847168,,,,
22.4170963,0.158946713,0.010596248,3.353657546,0.012916748,0.001052128,0.450886153,0.026774283,0.012517797,2025,3,4685247,4.05811146,,,,
,,,16.691743,0.091141365,0.004400248,1.354363768,0.020429789,0.011440682,2025,3,4368003,3.55684479,,,,
,,,31.3326115,0.181682309,0.010329043,3.149276872,0.062985537,0.035271901,2025,3,4361411,7.32440816,,,,
29.81065045,0.24684272,0.0119,6.856680274,0.039752792,0.001978414,1.030029419,0.048283519,0.022812018,2025,3,4241457,6.39974036,,,,
,,,19.59027945,0.138251587,0.008821384,1.568471225,0.023924927,0.013397959,2025,3,2991662,4.34848554,,,,
35.30685848,0.149047519,0.00994,,,,,0.637700396,0.30406337,2025,3,14163,15.72024695,224.5114053,1.05029658,0.085551454,0.743041354
,,,20.83301011,0.176152242,0.014921027,2.476912852,0.038701124,0.021672629,2025,3,16460,5.60464411,,,,
12.40527349,0.20011446,0.008284414,,,,,0.570700679,0.272954447,2025,3,4360423,16.21726921,243.0165635,1.436400181,0.078834625,0.666798672
,,,11.12308755,0.070384239,0.0039218,0.910110661,0.009669837,0.005415109,2025,3,5123663,2.44199323,,,,
23.36737768,0.215040269,0.01086942,1.644185023,0.011071438,0.001022931,0.222548113,0.047392413,0.021981251,2025,3,4429501,4.06145083,,,,
,,,26.96031735,0.23157392,0.011180244,2.758994871,0.028608314,0.016020656,2025,3,3116164,6.8355453,,,,
,,,12.57745062,0.085689874,0.004180603,1.264137341,0.015462205,0.008658835,2025,3,4428085,3.02747318,,,,
1.773513645,0.010334795,0.000805342,32.80419028,0.36478226,0.018652242,2.739878577,0.045012231,0.024797079,2025,3,2976592,8.43886031,,,,
4.111657037,0.026952906,0.0018,10.4156519,0.045804076,0.003730951,1.372467263,0.020886248,0.01083515,2025,3,4695404,3.3630154,,,,
,,,4.779582334,0.031183113,0.001989693,0.412075637,0.004378264,0.002451828,2025,3,4613202,1.07632408,,,,
,,,14.57368993,0.171460103,0.015841829,1.329717626,0.015455606,0.008655139,2025,3,3930086,3.83062862,,,,
,,,18.0706149,0.191079069,0.009552703,1.451569191,0.025883684,0.014494863,2025,3,15795,4.39590478,,,,
14.20352346,0.113776516,0.00564446,15.3224591,0.072127013,0.005143105,2.225219471,0.049798775,0.024884653,2025,3,3127586,6.26635873,,,,
6.742229526,0.043761616,0.002154508,9.751636455,0.051568905,0.002515923,1.366147752,0.02175357,0.010984102,2025,3,3149687,3.57546433,,,,
,,,20.91020849,0.126429622,0.006292141,1.747987887,0.018572201,0.010400433,2025,3,4686612,4.58986008,,,,
,,,5.291832731,0.030888761,0.001539386,0.452683337,0.004809716,0.002693441,2025,3,4710855,1.16501827,,,,
,,,31.82790493,0.245791911,0.022709618,2.499240453,0.041006092,0.022963412,2025,3,4242433,7.15735482,,,,
1.416165157,0.009758322,0.000415685,9.041928607,0.049658089,0.002692568,0.976076216,0.024224487,0.013095417,2025,3,4037235,2.47999042,,,,
,,,23.24261177,0.155740312,0.008440213,1.693363127,0.017991818,0.010075418,2025,3,4597703,5.02318633,,,,
4.095836416,0.026057157,0.001775041,1.826816837,0.011671586,0.00072237,0.260408526,0.009748079,0.004697702,2025,3,4596602,1.12148425,,,,
,,,32.98869998,0.195620229,0.012107191,3.117739471,0.061782724,0.034598325,2025,3,3120348,7.54698058,,,,
,,,5.227283165,0.026522956,0.001298738,0.450234846,0.004783701,0.002678873,2025,3,4603186,1.12946663,,,,
,,,7.483585615,0.055999774,0.003120299,0.774596363,0.007579536,0.00424454,2025,3,4242392,1.85690489,,,,
,,,8.683013942,0.058322506,0.002749584,0.883967153,0.009392065,0.005259556,2025,3,4600981,2.09743144,,,,
9.619143964,0.064234788,0.003157898,16.82610394,0.13175698,0.006418835,1.33299835,0.056811745,0.0287994,2025,3,3676833,5.2821821,,,,
,,,23.72846561,0.101113674,0.004881705,2.498226334,0.021389812,0.011978295,2025,3,4036131,5.46412636,,,,
,,,40.16433481,0.284466453,0.013878436,2.758087544,0.055161751,0.03089058,2025,3,4428850,8.44875345,,,,
26.1305778,0.129504584,0.006627307,6.849441437,0.026694582,0.001353723,0.989968926,0.052541746,0.024877512,2025,3,4599739,5.2774175,,,,
0.761391374,0.007733357,0.000343296,35.95653833,0.215165298,0.011199504,3.111141532,0.064704424,0.035986318,2025,3,3917914,8.0731494,,,,
0.721732011,0.004916432,0.000501104,37.92861681,0.242376259,0.020530552,3.166003212,0.0620541,0.034514551,2025,3,4382466,8.48946645,,,,
7.821933794,0.099024682,0.004501729,,,,,0.40695816,0.194702089,2025,3,4241464,14.4299576,212.6295018,1.645526111,0.084147846,0.916151679
,,,18.56294627,0.096674761,0.004542472,1.970292529,0.030494901,0.017077144,2025,3,2577327,4.38237038,,,,
11.05202958,0.086047196,0.00435,8.974851842,0.069842513,0.006453006,1.017231185,0.024919144,0.012184603,2025,3,3915411,3.98406137,,,,
,,,13.01891874,0.055974639,0.004600603,1.01948932,0.010831975,0.006065906,2025,3,4586312,2.81959828,,,,
,,,39.48650367,0.295166604,0.018268246,2.665352764,0.050256619,0.028143707,2025,3,4362921,8.39985007,,,,
,,,27.50884513,0.164017674,0.008174055,2.94789022,0.028680951,0.016061333,2025,3,2573401,6.66786222,,,,
0.845199014,0.006570486,0.000325962,16.51100196,0.07457101,0.005317377,1.403803124,0.029124366,0.016044153,2025,3,4426948,3.64755904,,,,
,,,3.521039477,0.027723998,0.001576171,0.345636975,0.004227634,0.002367475,2025,3,4430802,0.8626139,,,,
,,,19.85772037,0.140341142,0.007304854,2.226917224,0.026545317,0.014865378,2025,3,4258595,5.04031707,,,,
,,,29.27314519,0.181440908,0.011325429,1.987391869,0.030889268,0.01729799,2025,3,3929785,5.99222271,,,,
4.610985095,0.02394664,0.0013,38.01602461,0.229938338,0.010881826,2.970050299,0.074223478,0.040082901,2025,3,4361577,8.70222099,,,,
,,,21.72532086,0.085181786,0.004245156,1.716988033,0.027027518,0.01513541,2025,3,4360797,4.37954433,,,,
13.75392979,0.128406439,0.0131,,,,,0.5861796,0.280331702,2025,3,2573079,14.56895923,222.2306925,1.451076046,0.122913819,0.998624249
,,,25.03279783,0.193537961,0.009897019,1.639074408,0.027418891,0.015354579,2025,3,3051738,5.29339284,,,,
,,,22.46419693,0.131882529,0.006687964,2.16917179,0.030620673,0.017147577,2025,3,16731,5.18677743,,,,
19.23499264,0.165632549,0.008075705,,,,,0.526575394,0.251685653,2025,3,14881,16.26673561,245.486462,1.278540286,0.064416445,0.619855783
,,,34.54097552,0.160608493,0.007864446,2.576673294,0.027376903,0.015331066,2025,3,4432775,6.98020856,,,,
,,,12.92811093,0.073711017,0.003463471,1.365344109,0.015703665,0.008794053,2025,3,4686728,3.09017474,,,,
25.24503291,0.193211521,0.0095,6.892337253,0.023324787,0.001136319,1.072133904,0.070025513,0.033349269,2025,3,4045163,5.55686967,,,,
1.432011882,0.009161745,0.000728142,23.37893922,0.077353647,0.006357762,1.675013002,0.035910962,0.019677367,2025,3,4686422,4.65096554,,,,
,,,29.66028019,0.219570432,0.017087411,3.084026895,0.037722052,0.021124349,2025,3,4431588,7.36039963,,,,
,,,15.3608004,0.13445795,0.006550418,1.29710297,0.02311975,0.01294706,2025,3,4249417,3.68918464,,,,
,,,19.01555796,0.132849823,0.007199682,1.703674764,0.019595015,0.010973208,2025,3,4678006,4.39529965,,,,
18.74582564,0.075776315,0.00388,,,,,0.646501306,0.309118315,2025,3,4426339,13.21608256,220.981579,0.971193726,0.049250715,0.671130379
1.99938242,0.01642451,0.000679948,24.22372115,0.1075183,0.005900977,2.108578451,0.047765918,0.026189479,2025,3,3728262,5.48573361,,,,
3.039643967,0.020275444,0.00174,1.631268761,0.010327247,0.000803687,0.239467279,0.00787227,0.003817654,2025,3,4685350,1.05558137,,,,
,,,31.61178934,0.158135523,0.011276047,2.597199303,0.02759499,0.015453194,2025,3,4602667,6.76746826,,,,
,,,6.464457525,0.032473003,0.001525814,0.551407587,0.008318346,0.004658274,2025,3,3930066,1.38664604,,,,
2.651992506,0.018454403,0.000671748,1.43123631,0.009911671,0.000608761,0.210186956,0.006585363,0.003201661,2025,3,4874509,0.78503798,,,,
,,,13.14217155,0.088823145,0.0064657,1.150507407,0.015185393,0.00850382,2025,3,4361409,3.05650781,,,,
1.067452362,0.011576048,0.000526255,5.070340701,0.030470141,0.001558162,0.697955847,0.009698988,0.005166934,2025,3,16002,1.55810345,,,,
6.558035773,0.038587107,0.00307,5.476919037,0.024054515,0.001977061,0.716073903,0.010386678,0.005098085,2025,3,2983509,2.29559127,,,,
,,,6.944242812,0.021018442,0.00109608,0.693909138,0.007372717,0.004128722,2025,3,4808839,1.52291699,,,,
15.12624741,0.194749854,0.0103,,,,,0.504492758,0.241286342,2025,3,3886812,15.75784833,256.963104,1.312913383,0.063386635,1.065786907
,,,26.2502608,0.163503424,0.01011944,2.737819452,0.023441209,0.013127077,2025,3,4240472,6.3384688,,,,
1.963124274,0.011771591,0.000638,14.2322354,0.066531403,0.003136588,2.090249544,0.022752786,0.012335712,2025,3,4362748,4.16308123,,,,
,,,37.79643814,0.191034054,0.014866653,3.668595091,0.073371902,0.041088265,2025,3,3135321,8.54393801,,,,
,,,10.04323312,0.056165729,0.003193147,0.796223523,0.01501321,0.008407398,2025,3,4431492,2.12750931,,,,
,,,16.1150755,0.085794922,0.006988388,1.269417498,0.016754871,0.009382728,2025,3,3128390,3.3913481,,,,
10.14529396,0.068011827,0.00693,4.972483522,0.031129186,0.002636807,0.751614345,0.026674112,0.012886563,2025,3,4257364,2.85230066,,,,
,,,6.352748883,0.043512234,0.003102693,0.665130715,0.008135498,0.004555879,2025,3,4690923,1.55878744,,,,
7.503926179,0.043619619,0.00237,5.122842897,0.028545177,0.0013509,0.778370871,0.020567736,0.010099575,2025,3,4911851,2.4618222,,,,
0.810975716,0.00561121,0.000226476,11.43616502,0.046035329,0.002565082,1.053148228,0.02347011,0.012888386,2025,3,2973405,2.63053469,,,,
,,,2.190013608,0.017065357,0.001576731,0.167737352,0.003162775,0.001771154,2025,3,4241476,0.48882541,,,,
,,,5.123236205,0.02213548,0.001068687,0.406212805,0.007659355,0.004289239,2025,3,4690070,1.0451104,,,,
,,,11.91546406,0.136689525,0.010637453,1.280178847,0.018345727,0.010273607,2025,3,4372780,3.2930743,,,,
,,,7.109975894,0.061915365,0.003016345,0.722577937,0.00883816,0.004949369,2025,3,4372096,1.80143507,,,,
14.28004063,0.08063458,0.004769355,3.745720401,0.018705483,0.001193536,0.493605261,0.044585112,0.02108102,2025,3,4360294,3.01018401,,,,
7.848239679,0.073266363,0.002288874,1.474787425,0.005723769,0.00041665,0.20044597,0.015179822,0.007123151,2025,3,4239934,1.59825502,,,,
1.42661818,0.011931009,0.000575,13.98228062,0.066493078,0.003313778,1.163553514,0.02634711,0.014313612,2025,3,4569382,3.21751071,,,,
,,,6.545264592,0.059398261,0.005031347,0.694844687,0.010769695,0.006031029,2025,3,3921690,1.70404575,,,,
,,,7.187759679,0.056205572,0.002801085,0.729970452,0.008928581,0.005000005,2025,3,4426553,1.78181781,,,,
,,,15.6846529,0.084454371,0.005388759,1.664722122,0.019149591,0.010723771,2025,3,3043275,3.72974941,,,,
13.50700356,0.078411335,0.004045409,5.521721894,0.019530067,0.00095632,0.800034536,0.059436768,0.028497236,2025,3,4361777,3.34396126,,,,
,,,7.555134664,0.040182042,0.00220533,0.568589494,0.010504264,0.005882388,2025,3,3047876,1.5581183,,,,
,,,4.216898709,0.021514451,0.001084802,0.504685898,0.006321124,0.00353983,2025,3,4361516,1.05071922,,,,
4.982293366,0.032579657,0.001603988,6.859223888,0.054499586,0.002658904,0.559401008,0.014837915,0.007419799,2025,3,4431487,2.34876033,,,,
,,,2.740115542,0.017958684,0.001307266,0.288602527,0.003530021,0.001976812,2025,3,4241374,0.66912009,,,,
1.108384499,0.009865078,0.000485,2.025102886,0.010617793,0.000517269,0.272630104,0.004685494,0.002399156,2025,3,4383396,0.70620589,,,,
1.231341233,0.008935038,0.000414,,,,,0.002588576,0.001190745,2025,3,4690013,0.2836669,,,,
,,,8.758250691,0.05762122,0.003124346,0.976145044,0.011939648,0.006686203,2025,3,4426844,2.19088872,,,,
,,,10.00534717,0.076877818,0.004758068,0.8700181,0.009243858,0.00517656,2025,3,5082630,2.33122694,,,,
,,,12.84143076,0.092185783,0.004714137,1.129867062,0.022597341,0.012654511,2025,3,4430191,3.07395275,,,,
,,,19.01137531,0.112062697,0.005577129,1.855332222,0.02011203,0.011262737,2025,3,3915486,4.41800572,,,,
1.619223981,0.012275079,0.000881486,8.37253616,0.021472404,0.001340294,1.176822122,0.018416996,0.009874209,2025,3,3917668,2.36366418,,,,
4.881018997,0.062432487,0.00316,5.954729614,0.047229135,0.004363673,0.490665562,0.019227151,0.009505996,2025,3,4372414,2.22875311,,,,
,,,5.360361939,0.038932375,0.002109907,0.453935073,0.008559183,0.004793142,2025,3,4360405,1.21842525,,,,
,,,21.88578855,0.175302679,0.013642406,1.887522699,0.032861769,0.018402591,2025,3,4212909,5.13830492,,,,
,,,2.24668676,0.014805319,0.000700661,0.210813847,0.002782504,0.001558202,2025,3,3134353,0.52267256,,,,
,,,6.96509276,0.013166626,0.00068662,0.64055214,0.012077945,0.006763649,2025,3,4428678,1.40422571,,,,
10.44574313,0.061268763,0.00346,3.332717218,0.016696294,0.000784511,0.503174176,0.026085593,0.01244939,2025,3,4367567,2.33309079,,,,
,,,15.88984104,0.135863098,0.006947679,1.764967908,0.021588077,0.012089323,2025,3,4040612,4.15941731,,,,
,,,21.72930321,0.195782933,0.009230084,2.408841261,0.028537537,0.015981021,2025,3,3911853,5.74372331,,,,
4.04319978,0.025613408,0.00123,4.943696401,0.034541705,0.001719069,0.454938803,0.023105552,0.011538432,2025,3,4362477,1.81890572,,,,
,,,8.463166539,0.044162903,0.002239568,0.831850046,0.015684967,0.008783582,2025,3,4573697,1.93047009,,,,
,,,2.066804781,0.020268336,0.001872666,0.198530366,0.00228342,0.001278715,2025,3,4573699,0.52806876,,,,
,,,2.092995994,0.016181872,0.001259306,0.215268497,0.002475936,0.001386524,2025,3,4683243,0.52147029,,,,
21.49129425,0.142169365,0.006053008,4.800220571,0.02886991,0.00156458,0.626350656,0.051166528,0.024096784,2025,3,4429835,4.36835221,,,,
,,,5.809399304,0.063132444,0.003877505,0.53526183,0.009259957,0.005185576,2025,3,2998565,1.49262448,,,,
,,,3.796063092,0.014116444,0.000691234,0.537064089,0.004803273,0.002689833,2025,3,4366963,1.03985194,,,,
18.18489714,0.124088501,0.0126,6.605354865,0.054159958,0.004587635,0.98485329,0.047887972,0.022888183,2025,3,4240021,4.52323415,,,,
,,,11.81689301,0.103465169,0.005172581,0.871506581,0.016432712,0.009202319,2025,3,4696882,2.66636122,,,,
,,,9.744921972,0.050582165,0.004120148,1.050242036,0.01284596,0.007193737,2025,3,4361372,2.32241905,,,,
,,,0.939353145,0.005204249,0.000378833,0.084759924,0.001022024,0.000572333,2025,3,4039160,0.20956073,,,,
,,,2.144847098,0.0137847,0.000756552,0.21535959,0.002634155,0.001475127,2025,3,4035020,0.51118495,,,,
,,,2.094694792,0.015802745,0.000747865,0.232907654,0.002848793,0.001595324,2025,3,4239944,0.53557369,,,,
,,,2.47645339,0.015275709,0.000868458,0.20579222,0.003104256,0.001738383,2025,3,3914397,0.54343416,,,,
,,,2.278082657,0.01171334,0.000665929,0.209491229,0.003160053,0.00176963,2025,3,4035656,0.50545553,,,,
,,,16.58596289,0.071542672,0.004465649,1.577612462,0.019296453,0.010806014,2025,3,4365395,3.65329345,,,,
1.38780688,0.010231941,0.000682,23.16689749,0.104673124,0.008526104,1.938647318,0.023155534,0.01271134,2025,3,4429105,5.07715367,,,,
,,,8.561468604,0.092782512,0.004638518,0.809671461,0.009903438,0.005545925,2025,3,4241263,2.22096018,,,,
1.112038062,0.008739302,0.000352731,,,,,0.002911205,0.001339154,2025,3,4421446,0.16174357,,,,
,,,6.075239851,0.045274024,0.002454855,0.656531723,0.009603376,0.005377891,2025,3,3059722,1.53010758,,,,
,,,17.2735263,0.13504735,0.006751483,1.273958661,0.024021156,0.013451847,2025,3,4241424,3.85711314,,,,
,,,28.18342292,0.130877666,0.010660584,2.231695055,0.033663821,0.01885174,2025,3,2310331,5.81980903,,,,
,,,2.034939995,0.019522287,0.000952446,0.202299555,0.002474412,0.001385671,2025,3,4379401,0.52212623,,,,
,,,8.864991049,0.071075767,0.003467616,0.709484083,0.013377693,0.007491508,2025,3,4689334,2.01474341,,,,
,,,6.366053472,0.031854879,0.001537934,0.725818661,0.010095305,0.005653371,2025,3,3127310,1.54558881,,,,
,,,4.109429115,0.047609895,0.002434415,0.427376297,0.005227422,0.002927356,2025,3,4372505,1.1231307,,,,
,,,12.34022779,0.039487522,0.002464787,0.926352761,0.009842408,0.005511748,2025,3,4043016,2.47745845,,,,
,,,4.017728737,0.027212536,0.001287833,0.486747283,0.004762891,0.002667219,2025,3,3052096,1.0491626,,,,
,,,2.495696889,0.021224177,0.001033983,0.24374386,0.002981335,0.001669548,2025,3,4360967,0.61946608,,,,
,,,0.790501798,0.004811652,0.000260763,0.104391776,0.001507177,0.000844019,2025,3,4691688,0.21118514,,,,
,,,0.998842414,0.007661054,0.000415184,0.094779249,0.001159286,0.0006492,2025,3,2975863,0.24019238,,,,
,,,0.960322482,0.008613983,0.000529059,0.091079191,0.001114029,0.000623856,2025,3,4722908,0.23863514,,,,
,,,21.69261974,0.126402471,0.007889964,2.098125477,0.02566307,0.014371319,2025,3,4047422,5.01351757,,,,
,,,1.122420052,0.008916236,0.000506908,0.116406322,0.001423816,0.000797337,2025,3,4241961,0.28160245,,,,
,,,17.61258271,0.096301242,0.007494356,1.464660612,0.027616941,0.015465487,2025,3,4360763,3.78851607,,,,
1.976561059,0.012921131,0.000470334,0.969347845,0.007606937,0.000467207,0.086811105,0.007224831,0.003487109,2025,3,4061956,0.56005143,,,,
,,,6.478319253,0.040261591,0.001898112,0.62949577,0.009495577,0.005317523,2025,3,3122168,1.51230922,,,,
17.18543861,0.117787377,0.005014919,3.184891106,0.019246607,0.001043053,0.417780503,0.037838988,0.017748597,2025,3,4808830,3.25463213,,,,
,,,12.40807954,0.084890062,0.004002097,1.454283236,0.01778796,0.009961258,2025,3,4360231,3.19298304,,,,
,,,7.514575353,0.055430163,0.003430645,0.612172973,0.011542841,0.006463991,2025,3,4689988,1.69044959,,,,
,,,11.0178562,0.079492535,0.004310256,1.181218994,0.014447995,0.008090877,2025,3,4696700,2.75278018,,,,
,,,6.348165395,0.054072143,0.002549203,0.751615293,0.009193328,0.005148264,2025,3,4383440,1.70590957,,,,
,,,1.107084087,0.006810323,0.00036908,0.085982059,0.001621237,0.000907893,2025,3,4401805,0.23651756,,,,
,,,13.5894344,0.134657229,0.006885365,1.10245149,0.020787299,0.011640887,2025,3,4369466,3.26037626,,,,
,,,8.725473621,0.054759347,0.004500717,0.915960203,0.015475452,0.008666253,2025,3,4040774,2.10914118,,,,
,,,1.969328546,0.019339054,0.000988948,0.209743194,0.002565459,0.001436657,2025,3,4360290,0.52188275,,,,
,,,2.030156594,0.010341815,0.000524449,0.223449785,0.00273311,0.001530542,2025,3,4034862,0.48657615,,,,
68.74944801,0.690821457,0.022347049,29.91391941,0.228765477,0.010216173,3.724919891,0.135820077,0.065124286,2025,4,4429795,19.04724411,,,,
78.61343091,0.591351947,0.023439509,41.3013168,0.324614077,0.012750423,4.834979785,0.215223739,0.10359546,2025,4,3117251,22.19312164,,,,
1.199774641,0.005794785,0.000252,82.30668237,0.302504352,0.011942641,6.471071324,0.084414866,0.047010112,2025,4,4362628,16.60410691,,,,
5.208572247,0.049475531,0.001907627,102.1211547,0.40992841,0.016345435,8.388668224,0.110410455,0.06089535,2025,4,4426515,21.79569599,,,,
74.68938048,0.502881698,0.0166,39.71683892,0.201159369,0.00918544,4.182156005,0.149840729,0.072010875,2025,4,4430807,19.75852748,,,,
,,,63.97216443,0.311840374,0.013494473,7.066521769,0.062315533,0.034896698,2025,4,4361307,15.29362001,,,,
0.911728099,0.00688078,0.000222583,71.95561124,0.583763351,0.026069613,6.61702466,0.082996748,0.046285799,2025,4,4374302,17.40982617,,,,
,,,81.48684041,0.328781365,0.015585855,6.389800478,0.083640581,0.046838726,2025,4,4430878,16.45087497,,,,
96.80238974,0.843136512,0.020707277,16.63108882,0.087202407,0.005420488,2.183575877,0.229908484,0.107890323,2025,4,4242335,18.95149213,,,,
86.63096226,0.832618908,0.035879538,16.60613167,0.125089421,0.010256348,2.003352727,0.159508829,0.074885176,2025,4,4379399,18.02002551,,,,
83.8550871,0.654504915,0.020014221,22.46623143,0.134226202,0.00996609,3.079950122,0.153513787,0.072718749,2025,4,3929630,18.3630418,,,,
63.77514449,0.361991452,0.0223,43.75836398,0.279255621,0.013680052,5.207905901,0.118436056,0.057922339,2025,4,4429160,19.76798061,,,,
33.92509804,0.783233528,0.033751404,,,,,0.470216028,0.223928359,2025,4,3918298,22.67300284,220.1105506,1.730329905,0.14187343,0.530231363
37.12429831,0.8810354,0.026941336,,,,,0.585022931,0.278077033,2025,4,4040715,20.45953857,207.9522417,1.136716746,0.084399476,0.543003935
93.15396619,0.767932027,0.034368588,11.62739133,0.084084859,0.003891725,1.343016545,0.17535794,0.081772088,2025,4,3043078,16.85086206,,,,
79.48060588,0.547745123,0.048791805,15.84108188,0.083832792,0.005929484,2.182140058,0.163730322,0.077105732,2025,4,4890973,15.46332744,,,,
0.681992671,0.00461109,0.00032731,78.84056077,0.398778558,0.022476178,6.357972774,0.087510691,0.04884732,2025,4,4262921,16.68078834,,,,
,,,68.46106704,0.415815123,0.022185272,5.231022958,0.104620459,0.058587457,2025,4,4426354,14.50197603,,,,
78.87386868,0.679071562,0.0262,15.66242529,0.13471968,0.005371796,2.309031452,0.229209207,0.108062891,2025,4,4430737,16.49848611,,,,
36.82391422,0.187519294,0.010921299,,,,,0.713752212,0.340471268,2025,4,4431452,17.25452484,216.9369267,1.43637565,0.07271515,0.740566186
,,,83.33868237,0.588500678,0.039322182,5.914773011,0.063065256,0.035316544,2025,4,4258173,17.78931859,,,,
61.51475294,0.314273227,0.013656137,22.93792376,0.076868855,0.003034724,3.297787539,0.151901112,0.072685714,2025,4,4362238,13.981926,,,,
,,,69.64715946,0.368753208,0.016838193,5.4501447,0.071568384,0.040078295,2025,4,4426502,14.58278969,,,,
,,,72.54977984,0.426150159,0.031640996,5.284839712,0.071742897,0.040176022,2025,4,4047646,15.0815446,,,,
79.2607767,0.813319657,0.0304,24.72954361,0.121037132,0.004884585,2.610254832,0.225529149,0.106366646,2025,4,4047365,18.47921548,,,,
75.74983171,0.440744653,0.0309,25.90618157,0.162264201,0.007105416,3.75184701,0.163497971,0.078261116,2025,4,4596448,17.45930406,,,,
,,,57.52635833,0.217707896,0.008594941,4.398904767,0.064340597,0.036030734,2025,4,4239993,11.40461439,,,,
1.522743505,0.029887497,0.000734031,51.85922662,0.286166253,0.01778805,4.742874939,0.060692255,0.03337351,2025,4,4431459,11.94929359,,,,
4.449780168,0.047486714,0.00154,50.56542972,0.322621296,0.014407572,2.951996517,0.043696601,0.023703507,2025,4,4426388,10.6598057,,,,
23.47237798,0.130254992,0.00759,15.66476787,0.086444783,0.004376185,2.211561986,0.061789296,0.030236991,2025,4,4432710,7.45745736,,,,
5.091600393,0.034845616,0.00156,65.75835305,0.407958542,0.018881671,4.632562704,0.060919662,0.033166921,2025,4,4429615,14.3505405,,,,
56.39936078,0.314524222,0.013841153,13.48627498,0.058332484,0.002231296,1.914603257,0.114980652,0.05437905,2025,4,4239996,11.06672987,,,,
,,,80.03465869,0.64890834,0.025874491,5.369643792,0.056407896,0.031588422,2025,4,16800,17.25661984,,,,
68.3227106,0.496599152,0.0208,21.65342506,0.112143807,0.004265862,2.664574514,0.159003915,0.075495469,2025,4,4259545,15.21798662,,,,
33.88106136,0.188421544,0.0137,8.681817989,0.052240282,0.003305776,1.242169928,0.084774064,0.040109471,2025,4,4038815,6.93226239,,,,
,,,54.52029414,0.337825376,0.012801253,4.749916638,0.092528482,0.05181595,2025,4,4612826,12.17309971,,,,
,,,54.68671454,0.585163789,0.022193348,4.782570733,0.076903979,0.043066228,2025,4,3128429,13.72250716,,,,
57.90749119,0.459875307,0.0248,17.09919986,0.08078117,0.004309974,3.224297884,0.157070159,0.075089777,2025,4,4361579,13.88109225,,,,
3.386607672,0.057852749,0.002230627,,,,,0.435195203,0.208502832,2025,4,12483,16.00005845,264.27721,1.643683412,0.065540029,0.78078283
10.43217207,0.095158295,0.005123378,,,,,0.530787036,0.254147632,2025,4,2577417,14.08181179,239.7987324,1.26251109,0.067359629,0.912529797
,,,71.39692608,0.285986883,0.010500888,6.336650961,0.113339656,0.063470208,2025,4,4361370,15.08932023,,,,
72.91649453,0.36173906,0.017974915,28.42015262,0.157079982,0.011679059,3.019219813,0.24590039,0.117054059,2025,4,4427366,16.09747861,,,,
,,,47.98799077,0.305874519,0.016511208,4.735812957,0.061764957,0.034588376,2025,4,15847,11.33533681,,,,
,,,44.72129662,0.1606129,0.007333986,3.286622271,0.028140058,0.015758432,2025,4,4360248,8.70632444,,,,
1.498933922,0.008173242,0.00050425,58.24443805,0.317091685,0.015533549,4.425671247,0.056901939,0.03156167,2025,4,4372016,12.32205026,,,,
,,,66.01473657,0.415854866,0.026315382,5.107874905,0.054270673,0.030391577,2025,4,4685472,14.19775937,,,,
,,,51.80405008,0.290291171,0.021553674,4.900343488,0.058728556,0.032887991,2025,4,4241478,11.80137489,,,,
,,,34.70887283,0.169522711,0.008581926,3.325737835,0.040457559,0.022656233,2025,4,2976212,7.78668077,,,,
56.49639664,0.468741315,0.014850501,16.87339948,0.055991993,0.002654296,2.304326122,0.100800379,0.047822773,2025,4,4567048,12.73173363,,,,
52.56907903,0.293365964,0.0131,,,,,0.57096537,0.271762168,2025,4,3916387,22.75772162,234.8119173,1.897732614,0.087833342,0.458095783
24.83725822,0.171733626,0.007168899,15.23839088,0.105151418,0.003988049,2.250610111,0.064920385,0.03170932,2025,4,4568490,7.91635509,,,,
,,,46.82716589,0.190343088,0.010155507,5.922663631,0.118453273,0.066333833,2025,4,4242355,11.6382081,,,,
73.08593722,0.682311112,0.028457347,19.71115854,0.115571919,0.004379379,2.73099354,0.164403213,0.077865429,2025,4,4685382,16.73687134,,,,
,,,54.11924301,0.167796728,0.010430219,5.288851394,0.091510961,0.051246138,2025,4,4035687,11.62834222,,,,
1.501692366,0.009215624,0.000646632,65.65844379,0.519928418,0.022767238,5.017635991,0.055866051,0.031029573,2025,4,4567750,14.89475845,,,,
6.99212453,0.07243798,0.00275,66.4146881,0.247494812,0.014651836,4.749565107,0.119280504,0.064212467,2025,4,3126486,13.99033049,,,,
0.377499642,0.006258197,0.000191371,36.94379197,0.15109742,0.011218752,3.913308557,0.06744838,0.037530353,2025,4,3121023,8.53911296,,,,
27.01629913,0.182148298,0.007603652,,,,,0.352780309,0.168321335,2025,4,4426338,18.15799656,214.4069845,1.896958874,0.071945442,0.816196766
54.72179695,0.613241783,0.019837462,12.50897069,0.048605919,0.002170636,1.647131776,0.124039573,0.058379347,2025,4,4035538,12.27182825,,,,
,,,26.60719789,0.1610224,0.006968028,2.567921752,0.044707516,0.025036209,2025,4,4360761,6.15982158,,,,
1.348787914,0.01099088,0.000483672,71.9202711,0.408803624,0.015637289,4.860459531,0.076610312,0.042572464,2025,4,4432773,14.65525145,,,,
19.95830576,0.139432764,0.005815363,,,,,0.44325847,0.211629421,2025,4,4038941,18.61780441,242.2447907,1.854696682,0.07028022,0.531916713
,,,52.42049308,0.332188106,0.014374994,4.124981869,0.075529344,0.042296432,2025,4,4432708,11.30630894,,,,
0.71386131,0.00427195,0.000170132,41.97856045,0.131198269,0.005403476,4.506889511,0.043533376,0.024274341,2025,4,4569587,9.58375739,,,,
,,,48.39566243,0.283360912,0.011130051,3.29503299,0.056377716,0.031571521,2025,4,3886598,9.79536977,,,,
0.78925638,0.007617683,0.000678565,66.81411832,0.427232705,0.030218123,5.60330801,0.071500569,0.039888225,2025,4,3916433,14.95665473,,,,
,,,44.78057274,0.416280439,0.021073801,4.188325231,0.030447282,0.017050478,2025,4,3046439,11.17291579,,,,
19.78155324,0.091736848,0.006436891,,,,,0.613374333,0.293246055,2025,4,3052587,17.50964619,228.9114978,1.871117678,0.081934704,0.633155965
31.14837485,0.159274348,0.006668514,,,,,0.543023549,0.259240927,2025,4,4431611,19.57653934,235.0457325,1.852412669,0.07046431,0.477774004
2.231309997,0.045473881,0.001471013,,,,,0.409170935,0.195939408,2025,4,3046779,15.10711684,228.0661645,1.723098049,0.076949844,0.589829562
13.87398385,0.184792569,0.00732,,,,,0.456763557,0.218369412,2025,4,4361741,17.30023962,256.3315932,1.667980699,0.065516132,0.921047073
8.818902735,0.061623338,0.00258,49.72074229,0.397380795,0.01511605,4.263158411,0.077414549,0.041225851,2025,4,3915416,12.82613411,,,,
46.89974995,0.243887808,0.0143002,19.56210229,0.063938601,0.003115644,2.972554837,0.107756806,0.051886049,2025,4,4371733,11.45013598,,,,
,,,69.51198877,0.619555984,0.023567419,4.824361045,0.096487221,0.054032844,2025,4,4431299,15.43451498,,,,
23.44888448,0.149992143,0.005973491,,,,,0.563808061,0.269396644,2025,4,4689114,14.02495819,223.9650299,1.057140345,0.043538935,0.991078629
77.26701885,0.359935681,0.0138,14.3469011,0.044105107,0.001901139,2.197622913,0.154324837,0.072651363,2025,4,3916148,13.67343319,,,,
1.083548086,0.013823593,0.000619,35.13325307,0.375992631,0.017402183,3.246432132,0.048677934,0.026867281,2025,4,3116365,9.1906014,,,,
0.65732814,0.010039457,0.000364,32.7828322,0.114174759,0.00505116,3.411906427,0.041659517,0.023087622,2025,4,5083076,7.46696083,,,,
,,,56.83897053,0.422621121,0.020593773,4.221632069,0.084432641,0.047282279,2025,4,4047650,12.39011084,,,,
47.50643796,0.30285195,0.0176,17.13271012,0.093480898,0.004732381,2.374380735,0.196856539,0.09414446,2025,4,4569173,11.07786447,,,,
38.89684799,0.235014625,0.0181,13.26999617,0.071370827,0.004768825,1.698594451,0.084692936,0.040351932,2025,4,4429059,8.72086337,,,,
,,,56.2973896,0.452663353,0.017152821,5.295341906,0.092170472,0.051615464,2025,4,15818,13.5745717,,,,
0.703040628,0.008395718,0.00074787,63.64356748,0.349554218,0.024723932,5.90854296,0.037624527,0.020920778,2025,4,4432665,14.50100143,,,,
65.94151095,0.295557992,0.015007413,21.31283072,0.065802714,0.002416149,3.348571164,0.118137421,0.056487201,2025,4,3054850,14.16716229,,,,
2.328601889,0.023829937,0.001355322,54.89828137,0.331374314,0.017887695,4.184684754,0.043191113,0.023813133,2025,4,4683062,12.03059835,,,,
,,,40.99073434,0.250625633,0.020549329,3.583868111,0.054610275,0.030581754,2025,4,4373678,9.16807049,,,,
0.716214929,0.004723425,0.000335284,47.29761022,0.332343659,0.018731738,3.941209388,0.038263657,0.02131696,2025,4,4429205,10.76150253,,,,
14.85882816,0.182354379,0.00802,,,,,0.54242372,0.259510096,2025,4,4360310,15.81081972,245.4418507,1.391144118,0.053213136,0.884612975
11.47961488,0.148741046,0.005564313,,,,,0.451738258,0.216081189,2025,4,4036378,18.59558067,269.7100644,1.849976357,0.07465781,0.686678484
69.0983115,0.486016559,0.0176,16.11090828,0.059141238,0.002616444,2.285913565,0.149746459,0.070758269,2025,4,4685702,13.98065267,,,,
0.742258765,0.005502153,0.000386069,45.63973595,0.335404967,0.014687108,4.042498591,0.044228233,0.024640102,2025,4,3116165,10.70817693,,,,
1.684508534,0.009686859,0.000481,73.67325418,0.405397534,0.030141725,5.701669555,0.116985787,0.064929906,2025,4,4569618,15.66242782,,,,
,,,39.49865661,0.285241745,0.023387577,3.497465541,0.051398287,0.028783041,2025,4,4385690,9.14934674,,,,
29.55890469,0.237360224,0.009937821,8.609701239,0.054196046,0.002061575,1.215782585,0.065141438,0.030962242,2025,4,4608686,6.74577711,,,,
50.33557665,0.372752233,0.0118,8.020179751,0.022583199,0.001070555,1.112650134,0.059843627,0.028025622,2025,4,4426385,9.29150623,,,,
58.05592297,0.353880298,0.025762958,20.16395517,0.091394971,0.005783493,3.110460262,0.175063855,0.083621759,2025,4,4241416,13.50456907,,,,
,,,48.50208218,0.387007169,0.015618096,3.407202828,0.064136728,0.035916568,2025,4,4361432,10.54054912,,,,
,,,47.12444818,0.243355789,0.008935556,5.012104142,0.091347116,0.051154385,2025,4,3929645,11.10265804,,,,
1.453710781,0.01185402,0.000494399,63.52720303,0.534621924,0.020258486,4.098682513,0.06566686,0.03638938,2025,4,4429025,13.84609057,,,,
,,,45.15379638,0.171480694,0.00966509,4.610849789,0.050816248,0.028457099,2025,4,4036133,10.11887357,,,,
,,,38.17348845,0.26833237,0.017929315,3.584495074,0.03138229,0.017574083,2025,4,3117256,9.0133766,,,,
29.82084246,0.224325041,0.0128,,,,,0.466464134,0.222851578,2025,4,3139477,19.30281305,261.5056299,1.514391652,0.081747363,0.649352408
1.687762353,0.012156588,0.000507468,43.64809186,0.375696698,0.014248946,3.547674722,0.071979414,0.039799856,2025,4,4431280,10.36019498,,,,
,,,38.27965348,0.349774977,0.015620196,3.793016879,0.023197006,0.012990323,2025,4,4430027,9.72550384,,,,
,,,58.79240064,0.160168388,0.007085946,4.482391537,0.059779666,0.033476613,2025,4,4241463,11.2714386,,,,
32.72477866,0.322082625,0.0183,10.3684697,0.067508619,0.003644138,1.674502691,0.052283257,0.024961673,2025,4,3059915,8.31671992,,,,
18.61564224,0.103219276,0.007934561,,,,,0.481827907,0.230360085,2025,4,4432577,17.36857355,251.8297883,1.610471852,0.107607806,0.705234917
,,,44.43713612,0.234689742,0.008617355,3.773798166,0.075475963,0.042266539,2025,4,4032473,9.6475779,,,,
39.6714852,0.231522443,0.01316778,13.5064558,0.075733771,0.004088134,2.068229399,0.080145093,0.03843127,2025,4,4361529,9.18932807,,,,
,,,22.09835831,0.205381048,0.007782526,2.242133794,0.025788165,0.014441372,2025,4,4595342,5.67161622,,,,
22.58480206,0.128290878,0.009001774,8.627035811,0.05956015,0.00260809,1.3688377,0.073721902,0.03542786,2025,4,4697815,5.57143566,,,,
77.47638774,0.352820306,0.025,16.13255115,0.056077393,0.003160665,2.262794997,0.216070789,0.10204043,2025,4,4360569,13.93502155,,,,
1.616281996,0.011885304,0.000471,65.93060208,0.314057721,0.012335782,4.304915789,0.086113679,0.047729436,2025,4,4428209,12.94769104,,,,
8.402239858,0.087436855,0.002770144,,,,,0.515649864,0.246710507,2025,4,3912547,13.01529572,235.0476775,1.068667025,0.050660077,0.82659201
36.74065503,0.271273648,0.010311031,10.45263201,0.049714832,0.002943147,1.421780174,0.082783568,0.03924658,2025,4,4575131,8.01723895,,,,
,,,51.94096336,0.232962156,0.011043553,4.063402847,0.06107233,0.034200505,2025,4,2977187,10.61057222,,,,
,,,38.67000305,0.168449698,0.010470807,3.701135141,0.034893418,0.019540314,2025,4,4688813,8.56161862,,,,
,,,53.74212711,0.273258236,0.012477654,3.633688441,0.038003617,0.021282026,2025,4,4040655,10.63084382,,,,
,,,41.8266295,0.188431992,0.008336345,3.980972794,0.037470577,0.020983523,2025,4,3123076,9.26992334,,,,
1.694565003,0.014846662,0.000621601,23.57200446,0.195615349,0.007441053,1.939353651,0.023464134,0.012854046,2025,4,4685278,5.77587874,,,,
,,,21.220611,0.111234841,0.004581271,2.157104682,0.02638447,0.014775303,2025,4,4429148,4.92688276,,,,
22.06263211,0.18055568,0.006961681,3.561507191,0.017079991,0.000681045,0.528275505,0.040778063,0.019135883,2025,4,4429096,4.34678406,,,,
0.797036911,0.01068254,0.000338,16.70962141,0.117891348,0.00558863,1.611435674,0.023121013,0.012606682,2025,4,4576297,4.12079673,,,,
,,,47.80574631,0.43142199,0.035373207,3.090440575,0.058271872,0.032632248,2025,4,4635008,10.46656506,,,,
3.89619708,0.027086463,0.00241,51.8304975,0.302626828,0.021404763,3.594049772,0.06339921,0.034585051,2025,4,4428718,11.1987976,,,,
29.8139763,0.577874774,0.0142,,,,,0.505287021,0.240878606,2025,4,3917792,17.63199603,216.160555,0.996451365,0.061939262,0.566359608
,,,23.9412343,0.154769,0.005869882,2.951757003,0.039869542,0.022326944,2025,4,3051876,6.24263031,,,,
67.9741575,0.461355484,0.035464821,13.21055375,0.055916053,0.003736174,1.633710509,0.127249487,0.059826225,2025,4,3128720,12.8179204,,,,
12.88277192,0.099054524,0.00370557,4.018287739,0.025850867,0.00104324,0.481734013,0.022772666,0.010787841,2025,4,4887558,2.93640308,,,,
82.1280911,0.629821727,0.026291463,13.60346378,0.096758102,0.003669718,2.249080301,0.109058335,0.051423869,2025,4,4241985,16.14166939,,,,
,,,36.98569559,0.317544402,0.018798813,4.197049699,0.040290029,0.022562416,2025,4,15835,9.79442046,,,,
0.767946146,0.007212377,0.000177,35.83344461,0.165464555,0.010285251,2.429090002,0.048318834,0.02680684,2025,4,4597500,7.09387949,,,,
34.7979278,0.246916306,0.00939,3.391719868,0.016382762,0.000969869,0.480971927,0.081109546,0.037762603,2025,4,4362619,5.82706763,,,,
58.20166812,0.414022391,0.014663328,20.31561588,0.075576827,0.003270486,3.049432584,0.17156988,0.081987865,2025,4,4429275,13.71517819,,,,
,,,33.42374932,0.212064012,0.008111734,3.804366806,0.046532838,0.026058389,2025,4,4430539,8.3844625,,,,
6.459334635,0.052290018,0.001956138,46.1394575,0.329674949,0.013304391,3.240583738,0.046136603,0.024665926,2025,4,4701936,10.81839163,,,,
,,,15.0769145,0.095601735,0.006387875,1.205880734,0.012812365,0.007174925,2025,4,4877706,3.28594689,,,,
28.15532017,0.127617183,0.0050824,14.04893009,0.033529712,0.001380941,2.19165282,0.091744926,0.044537657,2025,4,4040761,7.42944999,,,,
,,,36.20506635,0.174688473,0.006682069,3.287748895,0.061992223,0.034715645,2025,4,4432620,8.09892534,,,,
35.4590993,0.255688053,0.00846,5.577975152,0.01749874,0.000799036,0.769115373,0.040682793,0.019058017,2025,4,4373626,6.49341961,,,,
11.63803175,0.080103808,0.00290041,3.957403838,0.019623832,0.00086817,0.581459175,0.027176571,0.012978133,2025,4,5081397,2.72166947,,,,
,,,45.21911114,0.259218839,0.00991547,4.01098581,0.042616334,0.023865147,2025,4,4685415,10.11348922,,,,
,,,4.317633873,0.042720266,0.001703423,0.476271172,0.004660381,0.002609813,2025,4,4242557,1.16266638,,,,
2.639692956,0.01982023,0.000701968,,,,,0.008235444,0.003788304,2025,4,4427728,0.3769352,,,,
,,,20.53477268,0.120917388,0.005923448,1.856570829,0.020369623,0.011406989,2025,4,2576925,4.62512294,,,,
58.9943815,0.354974107,0.014136971,22.87334425,0.104092308,0.004287102,3.18705642,0.136894451,0.06558546,2025,4,4696981,14.03751671,,,,
,,,23.53464556,0.235887241,0.010329308,2.292807784,0.041097363,0.023014524,2025,4,4243331,6.03731135,,,,
1.30307789,0.007317289,0.000291414,83.99932118,0.503220939,0.020725445,6.033336274,0.086162211,0.047945892,2025,4,4595348,17.57522148,,,,
,,,32.37972866,0.221913463,0.011234158,2.479140159,0.046745483,0.02617747,2025,4,4429022,7.01994318,,,,
6.792695589,0.039086518,0.002291812,,,,,0.405665336,0.194307466,2025,4,8439,12.69382859,218.0159217,1.221927923,0.059542944,0.787021609
34.37507665,0.25666384,0.00909,,,,,0.58723842,0.280237246,2025,4,3917315,16.31465221,212.6374454,1.156197671,0.050032901,0.683189152
8.146534771,0.055470636,0.002125621,22.28741485,0.081174757,0.003499016,2.071858234,0.036523567,0.01900217,2025,4,4431268,6.07866984,,,,
1.315680834,0.008297693,0.000317965,57.43314828,0.252443104,0.010881492,3.818017614,0.062245084,0.034507046,2025,4,3925357,11.21237413,,,,
0.691703082,0.003752057,0.000149,34.02512436,0.143530373,0.005911381,2.494730662,0.051992661,0.028895015,2025,4,3916945,6.80581272,,,,
,,,54.57271347,0.336727702,0.013589013,4.411541937,0.052358277,0.029320635,2025,4,4572680,11.85909625,,,,
,,,42.58205259,0.227423101,0.012276374,3.45837332,0.059526364,0.033334764,2025,4,4241372,9.0405724,,,,
,,,28.20983455,0.233248823,0.009161713,2.578451607,0.031538144,0.017661361,2025,4,4259147,6.7827627,,,,
1.411235693,0.009448631,0.000583,70.05639514,0.375543531,0.018396962,5.282250471,0.065404419,0.036331728,2025,4,3116406,14.72176567,,,,
26.29118822,0.182503114,0.00723,5.967174113,0.032989125,0.00129577,0.724600924,0.067674726,0.03182938,2025,4,4241474,5.19857137,,,,
56.78781978,0.499998108,0.024845046,,,,,0.762252917,0.362191822,2025,4,4362887,19.51652784,193.7531705,1.204746854,0.089574171,0.627955904
26.11744975,0.185051695,0.008143503,5.36677487,0.029833969,0.00114119,0.816089715,0.058620577,0.027634819,2025,4,4882093,5.26313297,,,,
2.153852087,0.012370735,0.000868016,,,,,0.004705193,0.002164389,2025,4,4430871,0.38426074,,,,
,,,22.39218477,0.277241224,0.012831641,1.961371769,0.021737899,0.012173223,2025,4,4361050,5.86592803,,,,
18.44897192,0.157672347,0.0115,,,,,0.520485505,0.248964098,2025,4,4685720,15.34253811,219.7739717,1.384186664,0.087591618,0.745046865
,,,11.41660686,0.101435917,0.004441795,0.98566676,0.010472613,0.005864663,2025,4,4608810,2.73337381,,,,
35.48851524,0.192450173,0.0113,8.349912235,0.045220551,0.002203538,1.22298291,0.077811546,0.036796397,2025,4,4819231,7.01358322,,,,
,,,1.867632783,0.010128502,0.000752026,0.168510782,0.003370216,0.001887321,2025,4,4567096,0.45775008,,,,
14.28198043,0.084738491,0.00523,32.76648297,0.155060349,0.007596028,2.540582558,0.090206825,0.046285541,2025,4,4569603,8.77617323,,,,
3.105507361,0.016502017,0.00102,,,,,0.007457295,0.003430356,2025,4,4682745,0.40493893,,,,
,,,33.00241588,0.180208416,0.00878132,3.63163031,0.059967438,0.033581765,2025,4,3054212,7.9651055,,,,
19.73085244,0.135546387,0.004800613,9.321955884,0.036463321,0.001577901,1.477361159,0.037555392,0.018200383,2025,4,4362478,5.44481548,,,,
,,,44.7845711,0.243318905,0.011856611,3.344204216,0.066884084,0.037455087,2025,4,4243389,9.33592585,,,,
5.749661006,0.027678381,0.001707623,,,,,0.560401987,0.268436963,2025,4,4241479,15.62829458,269.8251307,1.542082228,0.075542849,0.853261483
1.431854808,0.009151116,0.000382,32.02620665,0.270440089,0.010256908,2.569985072,0.056794571,0.031265473,2025,4,4686472,7.75534863,,,,
6.45478489,0.033606726,0.00122,20.91894538,0.060347505,0.00266981,3.155861619,0.024076146,0.012717178,2025,4,4372019,6.49147959,,,,
,,,26.38991371,0.164026605,0.012195547,2.46779613,0.028383646,0.015894842,2025,4,4808766,6.08429854,,,,
,,,53.30781755,0.318117127,0.021255811,3.90825816,0.069457706,0.038896316,2025,4,3895856,11.11948035,,,,
,,,46.73800502,0.340332276,0.015751703,3.151016269,0.036051357,0.02018876,2025,4,4360939,9.85889031,,,,
,,,42.99256715,0.18017691,0.007766477,3.681800865,0.039118776,0.021906514,2025,4,4883647,9.03487097,,,,
3.924329029,0.03622011,0.001311463,,,,,0.601812289,0.288534919,2025,4,11252,11.62941631,250.987792,0.892076817,0.039466017,1.054270663
,,,41.09932541,0.177990621,0.007874413,3.355003807,0.06351214,0.035566799,2025,4,4369863,8.4791693,,,,
10.34406996,0.053159242,0.00238,21.21899861,0.125842941,0.005824428,2.635708692,0.035741999,0.018358936,2025,4,4038441,6.84666163,,,,
,,,43.63486877,0.094865357,0.004089146,4.192492364,0.048220442,0.027003448,2025,4,4360635,9.08061478,,,,
17.26986739,0.082211557,0.003572345,6.458041424,0.023508931,0.000928115,0.834759162,0.030485425,0.01455609,2025,4,3116389,3.89702878,,,,
17.37821846,0.072133268,0.00643,,,,,0.537943952,0.257336357,2025,4,15864,17.51449742,275.3461973,1.597093986,0.112962284,0.898339862
31.57991164,0.210170967,0.013,5.745597882,0.030782901,0.001507979,0.780777534,0.067741595,0.031801525,2025,4,4711533,5.9262526,,,,
11.47723274,0.070049263,0.00268427,,,,,0.537961157,0.25746717,2025,4,4688380,12.40301444,229.4272124,0.811000277,0.034957948,0.580332057
1.479790368,0.007391177,0.000430469,24.89370031,0.14427969,0.007304022,2.326997493,0.051378052,0.028287899,2025,4,4427095,5.83462095,,,,
,,,18.97808206,0.122971103,0.004830146,1.507704619,0.027631809,0.015473813,2025,4,3045523,4.12278411,,,,
30.81414901,0.171969106,0.00855,7.531721608,0.034395724,0.002557358,0.966848716,0.03636791,0.017161593,2025,4,4685247,6.06967213,,,,
,,,16.95693355,0.070559465,0.002785634,1.404221845,0.021181869,0.011861847,2025,4,4368003,3.50567876,,,,
,,,25.04217602,0.120862927,0.005889492,2.739878397,0.054797568,0.030686638,2025,4,4361411,5.92112527,,,,
,,,20.72866652,0.150566092,0.007622265,1.807004034,0.027563426,0.015435518,2025,4,2991662,4.76836673,,,,
,,,13.74748771,0.08784759,0.004951315,1.573766214,0.024589691,0.013770227,2025,4,16460,3.4586107,,,,
11.03914554,0.159662173,0.00528,,,,,0.576631365,0.275893414,2025,4,4360423,14.55226168,247.9357916,1.13895652,0.052007601,0.780456016
,,,10.04582241,0.06111502,0.002244026,1.159557415,0.021864061,0.012243874,2025,4,4569559,2.51140728,,,,
,,,9.19919144,0.076956926,0.00343673,0.730418628,0.007760627,0.004345951,2025,4,5123663,2.11046549,,,,
17.78607104,0.166989263,0.007195966,3.222118183,0.021548121,0.001766776,0.428599032,0.039757647,0.018636601,2025,4,4429501,3.64234454,,,,
,,,29.86016776,0.211005815,0.008330348,3.057688939,0.031705505,0.017755083,2025,4,3116164,7.29173114,,,,
,,,17.34935271,0.065488867,0.003494073,1.643003351,0.030979687,0.017348624,2025,4,5083754,3.74397872,,,,
,,,9.847618612,0.066062636,0.00266603,0.906178632,0.011083858,0.006206961,2025,4,4428085,2.28052725,,,,
0.776702726,0.004196332,0.000294,36.93917649,0.357304032,0.01564605,3.107542458,0.048199732,0.026812361,2025,4,2976592,9.02765994,,,,
2.701750684,0.014177975,0.000704508,3.01092673,0.015786084,0.001173712,0.390004193,0.00882876,0.004410033,2025,4,4695404,1.21312437,,,,
,,,4.500561007,0.03118294,0.001578607,0.400484276,0.004255106,0.00238286,2025,4,4613202,1.03614171,,,,
,,,14.24259333,0.16735746,0.013721994,1.290616163,0.015001121,0.008400628,2025,4,3930086,3.73005899,,,,
,,,13.26208806,0.132869747,0.006149651,1.086981999,0.01938254,0.010854223,2025,4,15795,3.20151194,,,,
16.79802263,0.12570401,0.004777972,8.320417838,0.037331257,0.002210032,1.207500226,0.045751621,0.022118669,2025,4,3127586,4.66850054,,,,
2.321321561,0.018144653,0.000679,9.852460801,0.047369141,0.001911633,1.221149196,0.012678495,0.006705823,2025,4,3149687,2.82371462,,,,
9.671051816,0.077565534,0.00237189,2.202264394,0.012059756,0.000895418,0.315846621,0.023551747,0.011116283,2025,4,4431545,2.09900071,,,,
,,,11.84894894,0.09573464,0.003627683,1.011569283,0.010747825,0.006018782,2025,4,4686612,2.76637362,,,,
,,,26.30812079,0.199977023,0.016396542,2.089791606,0.034288092,0.019201332,2025,4,4242433,5.91576224,,,,
1.316587987,0.011193741,0.000396,14.95070713,0.076180392,0.003296604,1.679444794,0.038110317,0.020889635,2025,4,4037235,3.91620125,,,,
,,,37.87516976,0.188104769,0.008917092,2.666064611,0.028326677,0.015862939,2025,4,4597703,7.64039912,,,,
5.380175862,0.033594813,0.00191,3.768580001,0.02068236,0.001116441,0.549963766,0.014269102,0.007014865,2025,4,4596602,1.83869848,,,,
,,,28.7880908,0.138629228,0.007483252,2.854076213,0.056557838,0.031672389,2025,4,3120348,6.51777639,,,,
,,,13.69263284,0.08555025,0.00605096,1.107723932,0.011769459,0.006590897,2025,4,4603186,2.98951964,,,,
,,,6.233818562,0.060638191,0.002707971,0.635199677,0.006215519,0.003480691,2025,4,4242392,1.62102904,,,,
,,,6.219517544,0.063485901,0.002407812,0.621633987,0.006604801,0.003698688,2025,4,4600981,1.622094,,,,
7.89925105,0.044412229,0.00239,29.73625495,0.160926422,0.008586019,2.616671789,0.078922196,0.041537554,2025,4,3676833,7.7092738,,,,
,,,46.39494168,0.323558332,0.013057549,2.900834426,0.058016689,0.032489346,2025,4,4428850,9.44434499,,,,
25.75682325,0.103589654,0.005259924,5.106734932,0.020783847,0.000763143,0.812342431,0.047128203,0.022260193,2025,4,4599739,4.74041793,,,,
3.466862737,0.027749252,0.001161808,32.5656406,0.227193623,0.008642265,2.906675528,0.068895737,0.03750539,2025,4,3917914,7.98599848,,,,
,,,26.73865474,0.126816471,0.0071477,2.174543574,0.041002155,0.022961207,2025,4,4382466,5.57876086,,,,
,,,23.95520327,0.238335186,0.017720467,1.959473539,0.03544721,0.019850437,2025,4,3115306,5.78168104,,,,
,,,22.74999761,0.066937356,0.002885317,2.45346395,0.037973112,0.021264943,2025,4,2577327,5.0943306,,,,
10.87033307,0.08506998,0.003665869,8.886517094,0.069004742,0.005657846,0.981028361,0.025072554,0.012229483,2025,4,3915411,3.90414047,,,,
19.02674405,0.165084932,0.006885245,3.373843973,0.023115594,0.000875922,0.500039198,0.050105905,0.023541633,2025,4,4372071,3.96392033,,,,
,,,7.349820658,0.048318203,0.003228505,0.603907574,0.006416459,0.003593217,2025,4,4586312,1.765895,,,,
,,,35.1957532,0.230696525,0.012453075,2.412024597,0.045479984,0.025468791,2025,4,4362921,7.29891851,,,,
,,,21.52395003,0.158662636,0.006326494,2.316040161,0.022533483,0.012618751,2025,4,2573401,5.40842107,,,,
1.589698882,0.011349838,0.000431,35.56670206,0.124617351,0.007377419,2.746706166,0.056745215,0.031281857,2025,4,4426948,7.26765229,,,,
,,,3.069185664,0.022118782,0.001077819,0.329674816,0.004032394,0.00225814,2025,4,4430802,0.76705163,,,,
,,,23.58185195,0.206163075,0.00784228,2.701679258,0.03220458,0.018034565,2025,4,4258595,6.27731033,,,,
,,,13.69632369,0.122046223,0.005978747,0.944549829,0.014680775,0.008221234,2025,4,3929785,3.04236216,,,,
,,,9.81205439,0.048968475,0.001952563,0.816210707,0.012848167,0.007194974,2025,4,4360797,2.08108117,,,,
13.91685221,0.102972505,0.007309326,,,,,0.590253071,0.282289335,2025,4,2573079,14.3579842,238.2684854,1.235386796,0.069629556,0.864360874
,,,22.85373357,0.136690846,0.005019025,2.356502397,0.033265087,0.018628449,2025,4,16731,5.43567798,,,,
,,,38.58143956,0.218871863,0.015480783,2.846741655,0.030246353,0.016937958,2025,4,4432775,8.01600044,,,,
,,,17.35162042,0.065149532,0.002808253,1.83319377,0.021084693,0.011807428,2025,4,4686728,3.94181145,,,,
12.89579346,0.067663269,0.00603,6.080645277,0.035166667,0.002487335,0.82587628,0.044392114,0.021398389,2025,4,2576414,3.31590766,,,,
20.57234189,0.135085597,0.00727,5.76158798,0.013940393,0.000743771,1.143341371,0.063850365,0.030584252,2025,4,4045163,4.64321303,,,,
,,,34.58807061,0.119307019,0.007063045,2.583454956,0.044352112,0.024837183,2025,4,2576581,6.72372586,,,,
1.661844226,0.010694508,0.000822,22.09722205,0.118206494,0.00789827,1.679432153,0.036451069,0.019934149,2025,4,4686422,4.80727703,,,,
,,,36.95436559,0.231145831,0.012332484,3.409448146,0.060770495,0.034031477,2025,4,4249417,8.5130745,,,,
,,,17.77093721,0.096847097,0.004591029,1.567319752,0.018026712,0.010094959,2025,4,4678006,3.91496399,,,,
18.97539027,0.062271397,0.003161926,,,,,0.698901224,0.334337348,2025,4,4426339,13.78049613,226.2559433,1.076644434,0.03953231,0.641340261
1.834619777,0.013641594,0.000451,27.66891427,0.087908853,0.004014138,2.282433804,0.050854015,0.027957715,2025,4,3728262,5.86373471,,,,
1.922079207,0.013091668,0.000953,1.741379543,0.010497922,0.000664311,0.249383875,0.006009243,0.002968796,2025,4,4685350,0.91629068,,,,
,,,35.02758755,0.172161424,0.010192056,2.703694477,0.02872649,0.016086835,2025,4,4602667,7.2951522,,,,
,,,8.630694177,0.026148155,0.001127109,0.739065414,0.011149288,0.006243601,2025,4,3930066,1.74908538,,,,
3.274391273,0.02962675,0.000728,1.55811365,0.00924377,0.000574591,0.226840318,0.008429947,0.004063829,2025,4,4874509,0.93801405,,,,
,,,15.56081536,0.08889158,0.006600064,1.3302135,0.017557309,0.009832093,2025,4,4361409,3.47085597,,,,
1.101266428,0.009074779,0.000359698,5.671666726,0.034022493,0.00133636,0.69519512,0.009675166,0.005153186,2025,4,16002,1.62441341,,,,
3.343297574,0.019353122,0.001487692,1.781883999,0.009857112,0.000658628,0.233792132,0.004449553,0.002151341,2025,4,2983509,0.92167925,,,,
,,,25.67188136,0.088598805,0.003919665,2.359791951,0.02507256,0.014040633,2025,4,4808839,5.44453438,,,,
13.68583953,0.157431515,0.00684,,,,,0.518203392,0.247922358,2025,4,3886812,14.10443934,258.184758,1.066030105,0.042086054,1.207965918
,,,24.40995563,0.116469214,0.006287047,2.623374233,0.022461329,0.012578344,2025,4,4240472,5.75119529,,,,
2.371802537,0.016428039,0.000685777,6.789047759,0.043381065,0.001645302,0.974549426,0.013540898,0.007100409,2025,4,4362748,2.24030802,,,,
,,,38.83182355,0.193923072,0.012271492,3.632879551,0.072657591,0.040688251,2025,4,3135321,8.62468682,,,,
,,,11.05583633,0.049558863,0.002414938,0.945826808,0.017834059,0.009987073,2025,4,4431492,2.33409035,,,,
,,,28.01539492,0.219708742,0.008629876,1.88631205,0.037726241,0.021126695,2025,4,3043116,5.98210636,,,,
2.66756938,0.014305127,0.000622,,,,,0.00510451,0.002348074,2025,4,4429299,0.34927055,,,,
,,,3.915703372,0.028697412,0.002133682,0.297741481,0.00392985,0.002200716,2025,4,3128390,0.86146602,,,,
1.097193662,0.008072909,0.000255763,,,,,0.003741001,0.001720861,2025,4,4432734,0.15532562,,,,
23.07512175,0.116231167,0.008250469,3.490873885,0.01342247,0.000756525,0.504018348,0.048430099,0.02269124,2025,4,4257364,3.91244924,,,,
,,,8.587721198,0.052209571,0.003090837,0.860448299,0.010524511,0.005893726,2025,4,4690923,2.02714987,,,,
3.618115661,0.023728824,0.00104,5.149613982,0.028067427,0.001073617,0.823045016,0.013912937,0.00707501,2025,4,4911851,2.04549896,,,,
0.917099291,0.00590288,0.000190949,9.409569963,0.051971912,0.002320954,0.859196114,0.020187608,0.010993138,2025,4,2973405,2.3307151,,,,
,,,6.552101323,0.048857067,0.004005895,0.493545767,0.009306063,0.005211395,2025,4,4241476,1.4397327,,,,
,,,7.816330184,0.024550334,0.000969228,0.628249192,0.011845967,0.006633741,2025,4,4690070,1.54616779,,,,
,,,18.87527297,0.20681139,0.013087067,2.02623712,0.029037187,0.016260825,2025,4,4372780,5.14905324,,,,
,,,6.390761083,0.04177862,0.002229044,0.767953756,0.009393171,0.005260176,2025,4,4372096,1.65188712,,,,
24.54788353,0.111933679,0.00652,5.187246849,0.027854597,0.001410112,0.71748239,0.07277223,0.034306468,2025,4,4360294,4.56561916,,,,
1.695929643,0.016399075,0.000501,0.762572212,0.002670837,0.000198306,0.102184232,0.003760261,0.00180131,2025,4,4239934,0.46034888,,,,
4.639287507,0.040463343,0.00156,18.24922549,0.102615105,0.004091662,1.539333994,0.043650447,0.0229817,2025,4,4569382,4.67619614,,,,
,,,6.86695057,0.04861996,0.002740345,0.69820917,0.010821843,0.006060232,2025,4,3921690,1.67026981,,,,
,,,4.874691357,0.025110354,0.00133973,0.466158076,0.008789654,0.004922206,2025,4,4692835,1.09735658,,,,
,,,8.994600273,0.080080508,0.00319312,0.93662155,0.011456219,0.006415483,2025,4,4426553,2.3104223,,,,
,,,16.96009982,0.094850037,0.004801693,1.841339395,0.021181251,0.011861501,2025,4,3043275,4.09288918,,,,
,,,3.799197909,0.016686397,0.000687239,0.4951755,0.006202008,0.003473124,2025,4,4361516,0.9698057,,,,
6.543499427,0.051221872,0.001916179,8.02217663,0.062647951,0.002528226,0.603530511,0.01811817,0.008975603,2025,4,4431487,2.84116814,,,,
,,,2.826536768,0.016483013,0.001223838,0.294527918,0.003602497,0.002017398,2025,4,4241374,0.67458795,,,,
0.892912119,0.006943339,0.000373833,1.781517322,0.007926175,0.000422891,0.288342038,0.004560464,0.002355694,2025,4,4383396,0.64200473,,,,
,,,8.250847554,0.052392829,0.002267229,0.945427911,0.011563933,0.006475803,2025,4,4426844,2.07675789,,,,
,,,6.497133806,0.049891908,0.001890559,0.654193184,0.007091535,0.003971259,2025,4,3915486,1.59928381,,,,
1.029784269,0.006982573,0.000431,7.589174832,0.026455298,0.001295981,1.033964044,0.015292123,0.008266527,2025,4,3917668,2.08381189,,,,
6.61511027,0.083311406,0.003590088,11.96435299,0.089465816,0.007335493,0.975087453,0.030351847,0.015276444,2025,4,4372414,3.86179939,,,,
,,,1.129774923,0.006241714,0.000295888,0.096153223,0.001813019,0.001015291,2025,4,4360405,0.24519007,,,,
,,,27.49183591,0.165878946,0.010496854,2.320076203,0.040392525,0.022619814,2025,4,4212909,6.04670302,,,,
,,,24.28355494,0.147505488,0.005642284,2.220203199,0.029304164,0.016410332,2025,4,3134353,5.51282953,,,,
,,,9.827465395,0.023599676,0.001044064,0.863715999,0.016285816,0.009120057,2025,4,4428678,1.97233881,,,,
,,,2.294667687,0.019443429,0.000736772,0.202831523,0.002155065,0.001206837,2025,4,4430870,0.54807562,,,,
8.639501911,0.046913578,0.001797716,,,,,0.018321166,0.008427736,2025,4,4367567,1.13265522,,,,
,,,13.86185957,0.103007703,0.00404601,1.320584151,0.01615263,0.009045473,2025,4,4040612,3.315244,,,,
,,,8.214160491,0.103842824,0.003938418,0.900637095,0.010669846,0.005975114,2025,4,3911853,2.3413181,,,,
,,,4.033478001,0.041740888,0.003422424,0.387016423,0.004451315,0.002492736,2025,4,4573699,1.04278653,,,,
,,,13.2910231,0.098478335,0.006231729,1.35686988,0.015606198,0.008739471,2025,4,4683243,3.27223892,,,,
,,,4.225058831,0.037871286,0.002354073,0.384937848,0.006659372,0.003729248,2025,4,2998565,1.0320969,,,,
3.311349862,0.020932116,0.001864582,5.922316855,0.024700572,0.001747069,0.813509733,0.01381069,0.007080486,2025,4,4366963,2.06563281,,,,
,,,6.994269406,0.05829729,0.002698191,0.520966781,0.009823101,0.005500936,2025,4,4696882,1.56483117,,,,
,,,5.119140704,0.031231766,0.002322114,0.535786172,0.00655343,0.003669921,2025,4,4361372,1.23256802,,,,
2.556560461,0.016490446,0.00093789,,,,,0.007477808,0.003439792,2025,4,4372716,0.46633235,,,,
,,,0.968566913,0.004718104,0.000350312,0.086610518,0.001044338,0.000584829,2025,4,4039160,0.2113344,,,,
,,,2.148191473,0.011901825,0.000543467,0.214251565,0.002620603,0.001467537,2025,4,4035020,0.49870252,,,,
,,,6.322871843,0.0462637,0.001769649,0.733872611,0.00897631,0.005026733,2025,4,4239944,1.63746483,,,,
,,,3.972626128,0.015386162,0.000749747,0.410850002,0.006197433,0.003470563,2025,4,4035656,0.89515175,,,,
,,,4.710614261,0.036470413,0.001786597,0.459639644,0.005622049,0.003148347,2025,4,4365395,1.14694825,,,,
1.797276596,0.010789309,0.000536124,9.734696536,0.057312414,0.004261237,0.789717268,0.011563042,0.006158066,2025,4,4429105,2.34910891,,,,
,,,2.038553695,0.021186384,0.000980576,0.198804425,0.002431662,0.001361731,2025,4,4241263,0.52907999,,,,
,,,9.648820296,0.07392672,0.003421573,0.715927718,0.013499191,0.007559547,2025,4,4241424,2.14462652,,,,
,,,12.00245781,0.072484148,0.005389271,0.951150985,0.014347559,0.008034633,2025,4,2310331,2.58138953,,,,
,,,7.227392942,0.068126989,0.002749339,0.658005811,0.008048351,0.004507076,2025,4,4379401,1.78620397,,,,
,,,10.4033892,0.081913492,0.003305708,0.766397486,0.014450825,0.008092462,2025,4,4689334,2.28902545,,,,
,,,15.61952866,0.061772072,0.002438714,1.750789311,0.024351472,0.013636824,2025,4,3127310,3.66162039,,,,
,,,2.066950999,0.021494849,0.000941242,0.22011312,0.002692298,0.001507687,2025,4,4372505,0.55471522,,,,
,,,7.965673727,0.040338112,0.001976066,0.613730343,0.006520825,0.003651662,2025,4,4043016,1.71626192,,,,
,,,12.93989757,0.069558091,0.004919836,1.213579026,0.015497667,0.008678694,2025,4,4045305,2.91780881,,,,
,,,4.064562149,0.026366101,0.001008539,0.513432318,0.005024008,0.002813445,2025,4,3052096,1.07460793,,,,
,,,4.562768622,0.029255045,0.001560865,0.516183098,0.006313656,0.003535647,2025,4,4360967,1.14420747,,,,
,,,5.83037812,0.04016399,0.001527806,0.684320777,0.005859154,0.003281126,2025,4,3052897,1.50499069,,,,
,,,2.053380432,0.014993165,0.00071075,0.197004356,0.002409645,0.001349401,2025,4,2975863,0.49108769,,,,
,,,4.757293499,0.038120708,0.001867441,0.459851486,0.00562464,0.003149799,2025,4,4047422,1.16188857,,,,
,,,0.973352301,0.007062791,0.000344161,0.111060491,0.001358428,0.00076072,2025,4,4241961,0.24997523,,,,
0.839519798,0.006939137,0.000170424,13.26437639,0.074256668,0.004615783,1.124105486,0.023712669,0.013027387,2025,4,4061956,3.05299265,,,,
,,,4.713288603,0.017863389,0.000815687,0.376341404,0.007096114,0.003973824,2025,4,4428796,0.94872152,,,,
,,,4.128807545,0.039765702,0.001508183,0.374806279,0.005653735,0.003166091,2025,4,3122168,1.02311483,,,,
,,,6.856335412,0.017264809,0.000681601,0.758237374,0.009496823,0.005318221,2025,4,3050481,1.53843733,,,,
23.72481478,0.126420598,0.00741,11.3647732,0.051630805,0.002515901,1.709994953,0.03305306,0.015969081,2025,4,4241401,6.31394622,,,,
,,,2.019940679,0.013647505,0.00056208,0.218184527,0.002668708,0.001494477,2025,4,2531358,0.50026903,,,,
,,,5.911349197,0.058504287,0.002218876,0.676354226,0.008272778,0.004632756,2025,4,4360231,1.61390551,,,,
,,,10.31334925,0.071710497,0.003103175,1.138945283,0.013930927,0.007801319,2025,4,4696700,2.5915147,,,,
,,,1.18741072,0.004270219,0.000202429,0.08512864,0.001605145,0.000898881,2025,4,4401805,0.27984402,,,,
,,,9.122720765,0.077837902,0.003408458,0.748644094,0.014116075,0.007905002,2025,4,4369466,2.11932309,,,,
,,,6.602644887,0.051368139,0.003250586,0.695589805,0.008508056,0.004764512,2025,4,4361988,1.66125968,,,,
,,,4.223408844,0.036251254,0.00242222,0.448963448,0.007585387,0.004247817,2025,4,4040774,1.08536106,,,,
,,,3.978311262,0.028219592,0.001036169,0.481282775,0.005886775,0.003296594,2025,4,4034862,1.044066,,,,
,,,6.485114302,0.038822923,0.00168001,0.604545182,0.011399015,0.006383449,2025,4,4360739,1.47688847,,,,
87.70056324,0.925121692,0.0294,28.279435,0.233493978,0.010663651,3.559438065,0.130850332,0.062412438,2025,5,4429795,22.06789034,,,,
63.28029874,0.355271208,0.0236,53.78706283,0.304678592,0.016048587,6.600948565,0.186969753,0.091709287,2025,5,3117251,22.16820012,,,,
1.069322537,0.005738226,0.000274725,78.17882891,0.329568257,0.012481543,6.215259771,0.10942522,0.060952001,2025,5,4362628,16.05840835,,,,
5.542595784,0.049561965,0.001982979,96.96388116,0.395198204,0.015668932,8.380877038,0.144055849,0.079362688,2025,5,4426515,21.18046819,,,,
,,,60.98003593,0.4602146,0.018170313,6.642943758,0.071550835,0.040068468,2025,5,4361307,15.46032864,,,,
1.044374655,0.008565405,0.000272,68.88944154,0.703732307,0.032139398,6.494004009,0.066670079,0.037170799,2025,5,4374302,17.7534111,,,,
1.614044918,0.011670464,0.000348072,76.08541261,0.351285462,0.017678088,6.027514592,0.113610208,0.063099923,2025,5,4430878,15.88804837,,,,
106.2682478,1.047017392,0.0257,21.08874843,0.122733673,0.007629185,2.93030457,0.19488234,0.091838566,2025,5,4242335,22.57263382,,,,
84.14591712,0.831263314,0.0356,19.5264904,0.127603046,0.01081082,2.388476466,0.193907126,0.091410905,2025,5,4379399,18.42403321,,,,
82.32852143,0.586443953,0.018020681,22.68211942,0.132272634,0.009869074,3.203931583,0.132389352,0.06279469,2025,5,3929630,17.95098332,,,,
74.54925924,0.400744122,0.026142378,37.85915445,0.246349127,0.01162106,4.599783767,0.177678517,0.085961812,2025,5,4429160,19.63147988,,,,
33.20422449,0.762605734,0.0326,,,,,0.454603933,0.216627775,2025,5,3918298,22.29365337,234.4441242,1.567325463,0.132787378,0.579494756
40.73733593,0.792200089,0.024343307,,,,,0.60321817,0.286684338,2025,5,4040715,19.327883,193.9241586,1.014851486,0.075719702,0.47904038
83.96695766,0.642099196,0.031,12.08119861,0.071065433,0.003399099,1.516819934,0.357114116,0.167059037,2025,5,3043078,15.14472346,,,,
75.73797486,0.40432002,0.036,18.68702303,0.104396677,0.006712553,2.580321823,0.203067101,0.095940326,2025,5,4890973,14.97402425,,,,
,,,74.29580474,0.440550999,0.028956892,6.251842811,0.096161493,0.053850436,2025,5,4262921,16.27748019,,,,
,,,76.83251457,0.580136019,0.030730901,5.369890109,0.107397802,0.060142769,2025,5,4426354,16.47797194,,,,
78.32307344,0.616296469,0.0247,14.40191153,0.130587603,0.005177575,2.23146632,0.219505573,0.103410023,2025,5,4430737,15.84400035,,,,
37.20838263,0.286700601,0.014734652,,,,,0.638525694,0.304657637,2025,5,4431452,18.73157935,224.3410746,1.527734861,0.074699056,0.690228545
,,,81.55134011,0.580283659,0.04284299,5.866877699,0.092323005,0.051700883,2025,5,4258173,17.48843388,,,,
56.25913118,0.323083241,0.015468033,24.93064816,0.090063221,0.003410911,3.445837825,0.179662229,0.086206001,2025,5,4362238,13.91378642,,,,
,,,67.84474129,0.351665541,0.026238332,4.822858489,0.080364572,0.04500416,2025,5,4047646,13.68191821,,,,
,,,63.62348074,0.293779643,0.011126142,4.726993532,0.072848375,0.04079509,2025,5,4239993,12.79460757,,,,
3.076811013,0.098731042,0.00242,43.45309585,0.294146556,0.018284294,4.250438652,0.064177951,0.03458105,2025,5,4431459,11.23463341,,,,
4.846882999,0.057200952,0.00182,55.06611132,0.411534868,0.018794764,3.05393288,0.059141528,0.032072296,2025,5,4426388,11.83629217,,,,
26.5006295,0.170100437,0.00874,17.26042496,0.100620015,0.004919846,2.57909426,0.074736104,0.03667923,2025,5,4432710,8.60295251,,,,
2.849684019,0.018453026,0.000890673,60.13852522,0.244751369,0.011706592,5.235335752,0.085132597,0.046962102,2025,5,4429615,13.04690337,,,,
73.77696806,0.362349087,0.0207,16.30659749,0.075202114,0.003877008,2.33294674,0.111374811,0.052753408,2025,5,4239996,13.9131977,,,,
,,,69.8171063,0.637758277,0.025286024,4.882189207,0.068925435,0.038598244,2025,5,16800,15.66564306,,,,
82.03980697,0.421981595,0.033849349,13.29728077,0.093536013,0.005687768,1.921340249,0.159739289,0.075094472,2025,5,4038815,14.53651407,,,,
,,,59.54672625,0.381885305,0.018451909,4.644924553,0.08846229,0.049538882,2025,5,4612826,12.8440805,,,,
,,,57.7170619,0.396902002,0.016521735,4.805779386,0.084532258,0.047338064,2025,5,3128429,12.89949693,,,,
74.63494702,0.726021073,0.033204225,16.81561758,0.086366018,0.004574971,2.741260905,0.199325335,0.094281946,2025,5,4361579,16.65289641,,,,
3.80331601,0.0621372,0.002486116,,,,,0.443737147,0.212492192,2025,5,12483,15.86070246,249.5606039,1.67240817,0.066308122,0.644406632
10.39349846,0.151091971,0.006910119,,,,,0.439888886,0.210599477,2025,5,2577417,16.83844168,250.4786443,1.639808513,0.086863756,0.731914304
,,,55.40217185,0.35219439,0.017733899,5.200813605,0.091258927,0.051104999,2025,5,4361370,12.78986693,,,,
80.22971686,0.490295225,0.026806959,30.43771366,0.171612563,0.017151205,3.131278832,0.173070156,0.082168597,2025,5,4427366,18.09761975,,,,
,,,39.23875302,0.237822072,0.011563996,3.878984149,0.045903098,0.025705735,2025,5,15847,9.20272041,,,,
,,,66.92550814,0.341495165,0.016109396,5.02246459,0.080591244,0.045131097,2025,5,4372016,13.70807299,,,,
,,,62.36039284,0.530672516,0.032269303,4.829126817,0.092701706,0.051912956,2025,5,4685472,14.21236189,,,,
,,,46.32177821,0.245529736,0.018319369,4.548566022,0.072215234,0.040440531,2025,5,4241478,10.61158794,,,,
,,,57.96907348,0.288641662,0.014113221,5.413063282,0.092116325,0.051585142,2025,5,2976212,12.86930676,,,,
62.70696624,0.614079126,0.0183,18.4923854,0.071672398,0.003606841,2.435683741,0.096155475,0.045504747,2025,5,4567048,14.62547024,,,,
23.309732,0.15871667,0.006150099,18.24840439,0.094002133,0.003913002,2.609254595,0.071044598,0.035008041,2025,5,4568490,8.27656311,,,,
,,,47.97277879,0.270308728,0.014318764,5.626853332,0.081687818,0.045745178,2025,5,4242355,11.98528475,,,,
75.77347382,0.745374699,0.0475,26.45128408,0.135618203,0.006552792,3.198953216,0.216940879,0.103016515,2025,5,4685382,18.61518897,,,,
,,,58.71239582,0.282260557,0.017545455,5.710792926,0.102828464,0.05758394,2025,5,4035687,13.19823088,,,,
2.093978178,0.010002927,0.00085226,64.19051163,0.474972614,0.02039597,4.752281747,0.09813287,0.054263776,2025,5,4567750,14.22714488,,,,
9.610351265,0.123257502,0.00579,61.36882086,0.277217666,0.020290399,5.016760656,0.136868958,0.072993242,2025,5,3126486,14.47010451,,,,
0.376908273,0.005462091,0.000167843,34.74706609,0.1690758,0.012615018,3.808956845,0.0504658,0.028080733,2025,5,3121023,8.33931788,,,,
22.83852357,0.209224971,0.008107241,,,,,0.398538831,0.190318315,2025,5,4426338,16.09125063,234.0613435,1.298584435,0.054055833,0.879466274
59.6001099,0.692187934,0.021993616,10.84487045,0.048746773,0.002226261,1.411759578,0.109459185,0.051413279,2025,5,4035538,12.85037105,,,,
,,,28.71116419,0.264994851,0.010462596,2.696551511,0.047273269,0.026473031,2025,5,4360761,7.12686417,,,,
1.531926275,0.011511576,0.000657,62.25123372,0.354934507,0.018298476,4.471499698,0.063134873,0.035050601,2025,5,4432773,13.01796995,,,,
17.23544982,0.120034324,0.007650814,,,,,0.468346731,0.223808029,2025,5,4038941,20.82429036,282.0056252,2.142308285,0.103511912,0.627994052
,,,54.26389171,0.527888277,0.020842223,4.302577167,0.077107341,0.043180111,2025,5,4432708,12.85365422,,,,
0.925524549,0.007886924,0.00034,45.7866243,0.236704119,0.017226684,4.547840192,0.063096269,0.035135426,2025,5,4569587,10.65313185,,,,
,,,65.2918652,0.339233884,0.021812242,5.440147449,0.08709071,0.048770797,2025,5,3916433,13.95311816,,,,
,,,43.57496355,0.428958252,0.020974043,4.196025846,0.040815907,0.022856908,2025,5,3046439,11.12458598,,,,
18.16879369,0.063900645,0.005444404,,,,,0.59146113,0.282761331,2025,5,3052587,15.68203777,217.8884333,1.633824179,0.070158632,0.685181462
3.279786812,0.054097159,0.00172,,,,,0.382774697,0.183290669,2025,5,3046779,16.70405687,231.788875,2.047890051,0.093526973,0.622806289
31.01050352,0.304984598,0.013154678,,,,,0.514201566,0.245109512,2025,5,4689114,16.18062124,206.3395745,1.185788122,0.086298447,0.734659698
67.80083898,0.318241624,0.011768847,12.78200182,0.036732719,0.001662576,1.929613371,0.166614548,0.078432149,2025,5,3916148,11.99214006,,,,
0.909620177,0.010923116,0.000527,34.01806101,0.282666866,0.013520111,3.690353433,0.04729181,0.026195806,2025,5,3116365,8.92161205,,,,
1.540364468,0.016373772,0.000511978,34.22591229,0.103138699,0.005441485,3.423983364,0.04658954,0.025506672,2025,5,5083076,7.67980945,,,,
38.68004147,0.26474373,0.013606204,16.82515955,0.097879856,0.004785865,2.486548652,0.152858677,0.073813911,2025,5,4569173,10.10600459,,,,
51.86356208,0.305774456,0.02978067,19.38895457,0.106063492,0.007830786,2.495747432,0.128186311,0.061191977,2025,5,4429059,12.04824974,,,,
,,,61.79832845,0.514083828,0.024839469,5.384120165,0.093217578,0.052201843,2025,5,15818,14.59619123,,,,
82.65211047,0.286607817,0.0231,21.89254486,0.095016476,0.004784325,3.461515089,0.17882772,0.085213166,2025,5,3054850,16.0957907,,,,
6.503770872,0.046600621,0.00285373,68.18564381,0.417035342,0.020278165,4.827619861,0.079138924,0.042890999,2025,5,4683062,15.0409469,,,,
,,,47.20135649,0.229482244,0.019442258,4.088135905,0.068792247,0.038523658,2025,5,4373678,10.21308315,,,,
0.706520538,0.004547968,0.000434,48.76770748,0.35116429,0.02308161,3.748903193,0.05206073,0.028985509,2025,5,4429205,10.82103374,,,,
16.27964337,0.169131381,0.00965,,,,,0.497064507,0.23774182,2025,5,4360310,15.21815708,228.3738181,1.34251009,0.069212456,0.81248495
81.6610033,0.416179875,0.013013177,15.08661424,0.056425377,0.002976941,2.175969015,0.148458181,0.069843582,2025,5,4685702,14.58257335,,,,
0.700315447,0.004078228,0.000347,57.45825913,0.379723084,0.016305826,5.130410178,0.055784288,0.031111783,2025,5,3116165,13.22162759,,,,
,,,75.68485317,0.466238911,0.046596583,5.627476254,0.112549525,0.063027734,2025,5,4569618,15.96350274,,,,
,,,35.28357057,0.220076772,0.018645405,3.126824757,0.045460358,0.025457801,2025,5,4385690,7.96321765,,,,
42.60471501,0.440617822,0.0131,9.101352015,0.019860125,0.000999441,1.31256449,0.077044976,0.036260279,2025,5,4426385,9.2037512,,,,
,,,31.34978137,0.219878033,0.011071428,3.431954477,0.041150731,0.023044409,2025,5,3929645,7.86334085,,,,
1.282893636,0.011115007,0.000708454,82.4147437,0.681111643,0.032909908,4.96128153,0.069824567,0.038786003,2025,5,4429025,17.47591188,,,,
,,,38.60257624,0.192151444,0.012629885,4.070582708,0.041769019,0.02339065,2025,5,4036133,9.06333147,,,,
,,,33.07320432,0.248089867,0.018316752,3.297929112,0.034208577,0.019156803,2025,5,3117256,8.09301464,,,,
26.57979195,0.169222843,0.0104,,,,,0.49278837,0.235385606,2025,5,3139477,17.66096535,247.1799757,1.440468287,0.070042154,0.68227809
1.32781752,0.009268579,0.000359147,50.78171709,0.269849077,0.011232937,3.819173814,0.061940999,0.034358001,2025,5,4431280,10.66093938,,,,
,,,38.67641432,0.398394546,0.018194647,3.832786183,0.031934501,0.01788332,2025,5,4430027,10.09226355,,,,
,,,54.73901821,0.113955572,0.006012172,3.967239996,0.062191506,0.034827243,2025,5,4241463,10.06888911,,,,
31.0691101,0.247291327,0.015143632,4.76386252,0.03278817,0.001594311,0.763078978,0.047433638,0.022219639,2025,5,3059915,6.01714383,,,,
47.66092516,0.313625256,0.014738363,,,,,0.381350859,0.181553125,2025,5,4426348,18.95132437,222.3400464,1.202115094,0.087986438,0.625502632
19.0500726,0.097709389,0.00952,,,,,0.393202803,0.187953798,2025,5,4432577,17.63535108,250.5709864,1.636387608,0.120816323,0.659723728
1.902083656,0.008613778,0.000694994,38.28435446,0.290751563,0.014640093,3.396701984,0.073580775,0.040640561,2025,5,4032473,9.27191675,,,,
32.89885097,0.155459604,0.00952,12.50611757,0.075287672,0.003660831,1.873149132,0.089716685,0.043035277,2025,5,4361529,7.74079075,,,,
,,,23.32441719,0.211435469,0.010216125,2.133655909,0.025396384,0.014221975,2025,5,4595342,5.72737074,,,,
53.49128701,0.247274533,0.021068058,23.92214664,0.150367268,0.006456975,3.721694043,0.18140234,0.087326657,2025,5,4697815,13.73407297,,,,
51.28934026,0.400827827,0.015970008,11.020617,0.056614573,0.002235271,1.759855584,0.113312609,0.053583478,2025,5,4240657,10.66774331,,,,
79.74779525,0.375182871,0.0358,10.94345367,0.048808787,0.003208143,1.641734738,0.235342486,0.110146786,2025,5,4360569,13.11877229,,,,
7.598395845,0.093006843,0.00277,,,,,0.560326293,0.268152181,2025,5,3912547,13.23461328,225.095317,1.183118478,0.059539248,0.711344046
29.21057423,0.279130675,0.0131,11.45644944,0.059984554,0.004390451,1.70550853,0.076318137,0.036627703,2025,5,4575131,7.77064377,,,,
,,,50.11738106,0.259774872,0.013072909,4.008345375,0.065153091,0.036485731,2025,5,2977187,10.53362907,,,,
,,,37.34038702,0.207308608,0.012886405,3.807204887,0.05115916,0.02864913,2025,5,4688813,8.75491979,,,,
,,,36.82102542,0.153579838,0.008102705,3.536818969,0.041571706,0.023280155,2025,5,3123076,8.11114364,,,,
,,,32.73797889,0.237590374,0.017291184,3.035305459,0.036128498,0.020231959,2025,5,4429148,7.72971804,,,,
28.0658386,0.212659767,0.00851,6.596710469,0.032698941,0.001296457,1.009163349,0.055007156,0.026023453,2025,5,4429096,5.96493968,,,,
0.771205335,0.013526027,0.000403,18.17702483,0.15796325,0.007949342,1.790686331,0.024767812,0.013524603,2025,5,4576297,4.70475449,,,,
,,,48.29143515,0.364729031,0.030900673,3.198152403,0.049114334,0.027504027,2025,5,4635008,10.2237594,,,,
5.939830416,0.029678779,0.002638945,48.23004812,0.237843247,0.015292972,3.404908071,0.05910589,0.031764041,2025,5,4428718,10.46672079,,,,
26.41844559,0.622727798,0.015294239,,,,,0.437873033,0.208817159,2025,5,3917792,18.2633242,210.2647937,1.208152443,0.075099349,0.566410763
,,,32.61716941,0.111897222,0.004657916,3.78418947,0.050263208,0.028147396,2025,5,3051876,7.67163678,,,,
48.26751877,0.322134599,0.031374054,13.02100069,0.056383817,0.00416288,1.687594881,0.074331788,0.035208314,2025,5,3128720,10.09017656,,,,
62.86386967,0.44018904,0.0171,10.87553005,0.05800838,0.0024147,1.826588629,0.067380816,0.031809859,2025,5,4241985,12.1668988,,,,
,,,32.95064021,0.308462824,0.022577327,4.040702774,0.043364534,0.024284139,2025,5,15835,9.18427612,,,,
,,,21.33631125,0.127766335,0.007942018,1.42143547,0.027286402,0.015280385,2025,5,4597500,4.30770787,,,,
30.89700131,0.276717349,0.013,1.587846398,0.008709378,0.000637466,0.245997986,0.06627074,0.030707118,2025,5,4362619,5.17465581,,,,
,,,35.37192978,0.215603688,0.011115344,4.165178389,0.052677861,0.029499602,2025,5,4430539,8.96061698,,,,
,,,15.14720861,0.104203358,0.00769345,1.247646267,0.02395028,0.013412157,2025,5,4877706,3.37677986,,,,
25.98306383,0.167364142,0.007218795,9.146972571,0.02947726,0.002145275,1.282476772,0.080185647,0.038259054,2025,5,4040761,5.99692882,,,,
,,,14.94974232,0.077646633,0.004003034,1.442847623,0.028856952,0.016159893,2025,5,4432620,3.64572681,,,,
19.16883187,0.112218945,0.004149953,11.00065365,0.034296689,0.001552318,1.494144909,0.051645759,0.025027047,2025,5,4428557,5.38923328,,,,
9.619632028,0.047004428,0.001469742,8.364817467,0.044634527,0.002354869,1.20787674,0.030451725,0.015085252,2025,5,5081397,3.53443814,,,,
,,,39.25575237,0.22795221,0.011751966,3.606337951,0.069228599,0.038768015,2025,5,4685415,8.8663211,,,,
3.524364149,0.02507819,0.00202,12.57084297,0.113205024,0.005700166,1.593637406,0.032362231,0.016800673,2025,5,2468609,4.15638305,2.327051193,0.016512926,0.00069396,0.009843505
,,,14.48749007,0.14710804,0.005832582,1.626493811,0.018876335,0.010570747,2025,5,4242557,3.94891333,,,,
2.184297933,0.016725319,0.00066638,,,,,0.006275034,0.002886515,2025,5,4427728,0.34824698,,,,
,,,33.21342613,0.271730433,0.012818375,2.978779945,0.024818982,0.01389863,2025,5,2576925,7.92899865,,,,
80.50840025,0.698625365,0.030133298,18.65493672,0.109226572,0.007949214,2.378313487,0.156112486,0.073508959,2025,5,4696981,17.07502791,,,,
,,,21.86841239,0.205463935,0.008822901,2.249792451,0.030381968,0.017013902,2025,5,4243331,5.6538393,,,,
,,,35.92983936,0.246879376,0.012071241,2.768027279,0.042508861,0.023804962,2025,5,4429022,7.81994203,,,,
38.20482208,0.267033421,0.010639296,,,,,0.471007793,0.224689077,2025,5,3917315,19.26617517,210.7370754,1.77434172,0.070055024,0.703893973
7.966402054,0.059943396,0.002216758,10.92292337,0.040990801,0.001855303,1.010720483,0.045789204,0.02300325,2025,5,4431268,3.61185347,,,,
1.320982399,0.008670492,0.000321,54.9728876,0.234403294,0.010609433,3.569120131,0.062548144,0.034649689,2025,5,3925357,10.61116133,,,,
0.895953741,0.006927091,0.000298781,44.60002345,0.255956146,0.018627795,3.098708475,0.064928378,0.036064471,2025,5,3916945,9.19304583,,,,
,,,36.58569354,0.193337172,0.009400937,2.937203206,0.053623744,0.030029297,2025,5,4241372,7.71595487,,,,
,,,31.32793044,0.152345114,0.0080246,3.24701736,0.038648453,0.021643133,2025,5,4259147,7.26766402,,,,
21.15818107,0.108657983,0.007208118,4.093861722,0.015316822,0.000806796,0.561265895,0.060442703,0.028389328,2025,5,4241474,3.79116618,,,,
59.50623033,0.700377878,0.038293257,,,,,0.762353553,0.362153473,2025,5,4362887,21.73863025,197.8694232,1.306300954,0.130553585,0.593863768
23.36048113,0.14616905,0.00834184,5.018021904,0.028980799,0.001494091,0.780251064,0.051492918,0.024382747,2025,5,4882093,4.68148586,,,,
33.79480126,0.155893121,0.0133,11.76011249,0.082215469,0.003530444,1.674537292,0.095675258,0.045640549,2025,5,4430871,7.69393582,,,,
,,,22.53490562,0.225679284,0.010794364,2.188035796,0.023746615,0.013298104,2025,5,4361050,5.79121858,,,,
3.332036084,0.021041907,0.00169,30.1337498,0.288226413,0.017526563,2.647146702,0.048853977,0.026538078,2025,5,4430034,7.83598218,,,,
18.08368294,0.150310285,0.012057174,,,,,0.496501246,0.237542126,2025,5,4685720,16.86329732,205.7827419,1.875383055,0.114038888,0.684981226
24.29459346,0.224103961,0.0102,7.781836711,0.042351242,0.002243425,1.073172663,0.058218315,0.027660638,2025,5,4685279,5.87888307,,,,
0.704519827,0.003459906,0.000295,8.671150281,0.070925682,0.003045645,0.77419237,0.017163787,0.00938151,2025,5,4608810,2.14644418,,,,
,,,5.254172237,0.026183551,0.001953597,0.502764453,0.010055289,0.005630962,2025,5,4567096,1.20504038,,,,
12.502293,0.071841786,0.00469,35.00842381,0.160368084,0.007565065,2.729113558,0.090072103,0.046672075,2025,5,4569603,8.98091189,,,,
42.45167576,0.302209843,0.012,18.65986744,0.106122718,0.004189965,2.665316513,0.073187607,0.035330573,2025,5,4362478,11.20136363,,,,
6.171881995,0.026936834,0.001757213,,,,,0.642558523,0.307752227,2025,5,4241479,15.50628676,259.7702475,1.603473621,0.075640872,0.81674927
1.175730402,0.009379754,0.000363455,37.54748427,0.190378003,0.007924815,2.953350663,0.063351129,0.035048221,2025,5,4686472,8.18896626,,,,
7.699463746,0.028164426,0.00088065,10.6244662,0.031351574,0.001654075,1.672846433,0.023500986,0.011970645,2025,5,4372019,3.91624006,,,,
,,,35.29931772,0.220413015,0.022028392,3.08659397,0.036738972,0.020573824,2025,5,4808766,7.94288497,,,,
,,,47.11077725,0.289646632,0.021384934,3.648709949,0.064446475,0.036090026,2025,5,3895856,10.06996128,,,,
,,,35.00983606,0.192468876,0.009205892,2.877302535,0.044092508,0.024691804,2025,5,4360939,7.50329157,,,,
,,,51.42643804,0.211256892,0.009561793,4.068562773,0.078101637,0.043736917,2025,5,4883647,10.41246168,,,,
13.14000326,0.066024911,0.003186827,26.1929596,0.12491864,0.005974927,3.498466808,0.063328532,0.032611362,2025,5,4038441,8.57740214,,,,
,,,38.81156511,0.076303527,0.003453608,3.599511387,0.041400202,0.023184113,2025,5,4360635,7.90012005,,,,
12.82500744,0.06822745,0.00327,6.833608605,0.026888633,0.001018337,0.859639471,0.036069551,0.017384107,2025,5,3116389,3.45682612,,,,
16.98224708,0.048763109,0.00434,,,,,0.397111061,0.189921771,2025,5,15864,15.12889918,252.4070374,1.337599321,0.086005676,1.059965387
28.35409784,0.181044119,0.011810339,7.541567919,0.038609969,0.001821353,1.025097244,0.068242919,0.032306157,2025,5,4711533,5.89703942,,,,
11.52702402,0.067707031,0.0025,,,,,0.528284568,0.252854137,2025,5,4688380,11.96083488,229.3081348,0.781371775,0.035366019,0.739932982
0.673667679,0.003843397,0.000198,11.14313615,0.071525798,0.003497275,1.136410307,0.024876035,0.013715797,2025,5,4427095,2.75091882,,,,
,,,43.63985757,0.15488203,0.008158229,4.110636914,0.08079488,0.045245133,2025,5,3045523,9.33187104,,,,
,,,20.65294348,0.10048665,0.003805671,1.655371803,0.025421704,0.014236154,2025,5,4368003,4.30339709,,,,
,,,16.23478489,0.132154919,0.006461755,1.438608711,0.019331246,0.010825498,2025,5,2991662,3.84679983,,,,
,,,6.92834548,0.058150374,0.003822155,0.857900778,0.014118982,0.00790663,2025,5,16460,1.89184122,,,,
,,,3.472009432,0.0310123,0.00156155,0.404183015,0.007758847,0.004344954,2025,5,4569559,0.93209555,,,,
,,,6.867871248,0.069719003,0.003184061,0.540283947,0.010371491,0.005808035,2025,5,5123663,1.64041074,,,,
10.18079315,0.096090572,0.004110067,3.40076978,0.020151195,0.001707255,0.460959638,0.024997335,0.011879417,2025,5,4429501,2.50510234,,,,
,,,19.15043232,0.153376884,0.005808752,1.957512179,0.019133187,0.010714584,2025,5,3116164,4.78351025,,,,
1.601538799,0.014143734,0.000647,29.04541649,0.147332246,0.007804468,2.419109402,0.051466668,0.028318479,2025,5,5083754,6.41428279,,,,
0.732753212,0.003416044,0.000291051,30.01784078,0.270156127,0.011600871,2.57217589,0.04319785,0.023998364,2025,5,2976592,7.26559543,,,,
31.02013092,0.210442348,0.011505964,12.75400719,0.067116087,0.006707678,1.521414793,0.077485397,0.037000426,2025,5,4695404,7.60224477,,,,
0.679806778,0.004881502,0.000251,6.954062266,0.050873459,0.002487473,0.629409321,0.014143901,0.007714432,2025,5,4613202,1.71774727,,,,
,,,15.25706859,0.153211595,0.012980435,1.380331485,0.011500823,0.006440461,2025,5,3930086,3.83869146,,,,
,,,11.34572969,0.097785306,0.004677125,1.2416374,0.021190394,0.011866621,2025,5,15795,2.94910241,,,,
10.75465351,0.10536755,0.004951595,10.74143649,0.041126195,0.003010151,1.722143368,0.034961394,0.01750432,2025,5,3127586,4.73255369,,,,
4.782281462,0.033862666,0.001040557,2.693355149,0.011072463,0.000826134,0.403282713,0.013657655,0.00664226,2025,5,4431545,1.47838394,,,,
,,,10.90860739,0.089737435,0.004335928,0.846278383,0.016245473,0.009097465,2025,5,4686612,2.46646966,,,,
,,,2.355489146,0.017257093,0.000684214,0.210608894,0.004042926,0.002264039,2025,5,4710855,0.54664752,,,,
,,,28.15110878,0.174996659,0.014826115,2.260042993,0.037252615,0.020861464,2025,5,4242433,6.11404713,,,,
6.322610391,0.055277299,0.0022,12.75266602,0.111053171,0.00438463,1.388053081,0.048459571,0.025067509,2025,5,4037235,4.36414457,,,,
,,,31.60855594,0.187119525,0.009416602,2.276705581,0.043704483,0.024474511,2025,5,4597703,6.5946649,,,,
11.45418876,0.059293035,0.003630988,9.232604681,0.053728468,0.002612524,1.248256466,0.035760943,0.017563512,2025,5,4596602,4.02647464,,,,
,,,37.47264052,0.191015695,0.009288056,3.610459418,0.066977978,0.037507667,2025,5,3120348,8.44914842,,,,
,,,15.41639902,0.083684452,0.005380788,1.271652072,0.024411104,0.013670218,2025,5,4603186,3.29946183,,,,
,,,4.186007253,0.047249893,0.002157899,0.427401908,0.004069808,0.002279093,2025,5,4242392,1.129367,,,,
,,,3.296165794,0.022331928,0.000929605,0.329019897,0.006315988,0.003536953,2025,5,4600981,0.78758015,,,,
,,,35.90482323,0.132136478,0.005004326,3.811825112,0.037179511,0.020820526,2025,5,4036131,8.1644779,,,,
38.22942431,0.134484963,0.010850782,3.057097689,0.016029979,0.000807151,0.47977584,0.05235881,0.024384634,2025,5,4599739,5.55507376,,,,
,,,19.5209659,0.142661873,0.009376995,1.606080077,0.030613171,0.017143376,2025,5,4382466,4.39942514,,,,
6.937463483,0.050090463,0.00332,,,,,0.591137342,0.282982762,2025,5,4241464,12.85443516,243.7800613,1.103898815,0.058146572,0.939609647
,,,20.41995305,0.215983759,0.021585726,1.562121499,0.02459584,0.01377367,2025,5,3115306,4.91629147,,,,
,,,25.26982515,0.067530948,0.003056549,2.533227615,0.039123543,0.021909184,2025,5,2577327,5.42872255,,,,
9.68841525,0.076159398,0.003257554,7.484258593,0.052910574,0.004482704,0.844926939,0.0294961,0.014365452,2025,5,3915411,3.35798058,,,,
9.168027361,0.085962301,0.00548,1.031458281,0.006328574,0.000305784,0.132562545,0.024423874,0.011365409,2025,5,4372071,1.72896077,,,,
0.747931318,0.00475539,0.000463,9.839540387,0.066680903,0.004923125,0.833816142,0.018332232,0.010033451,2025,5,4586312,2.46007859,,,,
,,,21.13318731,0.148988293,0.007244492,1.446391144,0.022212368,0.012438926,2025,5,4362921,4.44383697,,,,
,,,38.6005713,0.174235043,0.01275279,3.208081817,0.061583526,0.034486775,2025,5,4426948,8.15858251,,,,
,,,33.51006468,0.278368024,0.013131491,2.25047676,0.035556776,0.019911795,2025,5,3929785,7.25906676,,,,
4.479609794,0.023495736,0.001340897,36.03653145,0.22441315,0.011569511,2.974932012,0.073114066,0.039582334,2025,5,4361577,8.4625876,,,,
,,,10.25868418,0.053967071,0.002139702,0.78114034,0.012449392,0.00697166,2025,5,4360797,2.12147607,,,,
12.46115444,0.089590745,0.00854,,,,,0.519109079,0.248229885,2025,5,2573079,13.85845001,218.0822116,1.354812435,0.089050206,0.890074373
,,,22.91345287,0.088757658,0.004675205,1.52768878,0.02416561,0.013532742,2025,5,3051738,4.33450094,,,,
,,,19.94431784,0.1772556,0.008925278,2.115552294,0.030897164,0.017302412,2025,5,16731,5.15757941,,,,
,,,36.03054919,0.174912837,0.011246639,2.645754985,0.050788892,0.02844178,2025,5,4432775,7.26523464,,,,
,,,15.40148221,0.055081213,0.002493056,1.576441204,0.018763994,0.010507836,2025,5,4686728,3.43154274,,,,
13.30632653,0.075469988,0.006710557,7.206166903,0.044076116,0.00283403,1.024439766,0.04401473,0.021372492,2025,5,2576414,3.84013589,,,,
1.429011904,0.011546371,0.000542605,27.19837379,0.11399774,0.008343839,2.211117543,0.040098416,0.022079787,2025,5,2576581,5.80179009,,,,
0.777729457,0.004814801,0.000469,27.23043906,0.147452861,0.010886609,2.125669491,0.043131127,0.023920832,2025,5,4686422,5.81610187,,,,
,,,38.9589113,0.291036754,0.015416767,3.176120121,0.056429284,0.031600399,2025,5,4249417,8.96759624,,,,
,,,17.30875315,0.107511332,0.0054104,1.544559458,0.018384513,0.010295327,2025,5,4678006,3.91121831,,,,
22.14990529,0.054961092,0.00443448,,,,,0.539014067,0.257684013,2025,5,4426339,13.96712568,191.8932834,1.361688789,0.068702061,0.672621477
14.60687429,0.112693068,0.003523704,,,,,0.519368151,0.248398455,2025,5,4427238,10.96307307,212.8890178,0.620415568,0.03273245,0.880225575
31.17329052,0.207051589,0.01660869,10.22096479,0.071392424,0.004341253,1.442855809,0.072419282,0.034599936,2025,5,4685350,7.33589327,,,,
,,,32.50404457,0.184082609,0.013473563,2.825482168,0.054239002,0.030373841,2025,5,4602667,7.19184713,,,,
,,,8.7203578,0.024775691,0.001121384,0.728447929,0.009788489,0.005481554,2025,5,3930066,1.74067611,,,,
2.356486602,0.025627554,0.000629415,1.523226993,0.010365816,0.000644344,0.23016306,0.007143996,0.00349155,2025,5,4874509,0.82984746,,,,
,,,10.78800288,0.059416953,0.004433195,0.955359542,0.012837605,0.007189059,2025,5,4361409,2.45077212,,,,
0.886843388,0.005462141,0.000362346,9.90145783,0.039092182,0.002059135,1.358171481,0.013564796,0.007408702,2025,5,16002,2.6947113,,,,
,,,6.613299823,0.054292408,0.002152601,0.691771325,0.008233985,0.004611031,2025,5,4570037,1.6741561,,,,
,,,33.63254367,0.089250889,0.00470878,2.997889596,0.057548599,0.032227215,2025,5,4808839,6.8953839,,,,
12.38755765,0.159709871,0.007646319,,,,,0.394252784,0.188663059,2025,5,3886812,15.27550373,272.4634937,1.223092656,0.046321461,1.22670554
,,,15.70289266,0.07537165,0.003664914,1.671998635,0.013930973,0.007801345,2025,5,4240472,3.68661274,,,,
,,,8.987086906,0.041648716,0.0017337,1.259107387,0.011231578,0.006289684,2025,5,4362748,2.39889281,,,,
,,,25.17767726,0.206223403,0.012540098,2.519013209,0.050380264,0.028212948,2025,5,3135321,6.25756949,,,,
,,,41.51361185,0.22161409,0.011673262,3.346906891,0.066938138,0.037485357,2025,5,3043116,8.77809843,,,,
1.566958122,0.00943564,0.000452,,,,,0.003406205,0.001566855,2025,5,4429299,0.21116994,,,,
,,,8.155779727,0.0651655,0.006512733,0.561406481,0.007543877,0.004224571,2025,5,3128390,1.77275298,,,,
1.08352589,0.010218195,0.000305,,,,,0.003934637,0.001809933,2025,5,4432734,0.16675569,,,,
16.21793388,0.082068528,0.00783,11.24399232,0.055176126,0.003626661,1.630181943,0.052572749,0.025637631,2025,5,4257364,5.17286655,,,,
,,,2.010926743,0.014102223,0.001032184,0.220723216,0.002627214,0.00147124,2025,5,4690923,0.50562072,,,,
1.066064751,0.006103757,0.00034834,3.202154382,0.018229665,0.000939822,0.524596814,0.006703767,0.003551687,2025,5,4911851,1.14669191,,,,
1.049992578,0.00732579,0.00023277,18.97872385,0.135018682,0.006166292,1.728495138,0.037854491,0.020870056,2025,5,2973405,4.68104027,,,,
,,,2.313087261,0.014226488,0.0012053,0.177826773,0.003413629,0.001911632,2025,5,4241476,0.49317176,,,,
1.138617506,0.00721923,0.00034563,13.82196094,0.052416569,0.001985142,1.083961262,0.024473189,0.013338479,2025,5,4690070,2.91646649,,,,
,,,23.96748501,0.326778372,0.019870843,2.594112378,0.03518293,0.019702441,2025,5,4372780,6.95279792,,,,
,,,1.017201715,0.004933713,0.000238387,0.131407965,0.001172195,0.000656429,2025,5,4373684,0.26509063,,,,
,,,11.27345096,0.086295197,0.00457122,1.196357076,0.014239945,0.007974369,2025,5,4372096,2.83504326,,,,
22.57272449,0.131141046,0.006739845,3.380308975,0.019600514,0.000958373,0.499536562,0.074439285,0.034925679,2025,5,4360294,4.07713453,,,,
5.058217273,0.042427241,0.0013,,,,,0.008035247,0.003696214,2025,5,4239934,0.75580515,,,,
4.928016827,0.041552571,0.00166,17.46745795,0.103021416,0.004084623,1.500470223,0.044878155,0.023524309,2025,5,4569382,4.60209495,,,,
,,,6.207692276,0.055315702,0.003635835,0.640052069,0.009650551,0.005404309,2025,5,3921690,1.58943356,,,,
,,,15.62528096,0.103077503,0.00546021,1.380972407,0.026509658,0.014845408,2025,5,4692835,3.54389713,,,,
,,,10.59857323,0.100519117,0.003985411,1.138657113,0.013553157,0.007589768,2025,5,4426553,2.79477802,,,,
,,,15.06932146,0.090601009,0.004429964,1.690632118,0.020588657,0.011529648,2025,5,3043275,3.72751455,,,,
,,,11.18421549,0.066460914,0.004836845,1.308072446,0.015898029,0.008902896,2025,5,4361516,2.81754738,,,,
,,,3.592923338,0.019634806,0.001464985,0.375960824,0.00447497,0.002505983,2025,5,4241374,0.8510982,,,,
1.080251154,0.010282885,0.00047,3.786695739,0.014615837,0.000774228,0.531027769,0.007073603,0.003727549,2025,5,4383396,1.16233475,,,,
,,,6.309411283,0.05886512,0.002324128,0.694357114,0.008264763,0.004628267,2025,5,4426844,1.67409908,,,,
,,,2.358580032,0.015093753,0.000733927,0.2084941,0.00400233,0.002241305,2025,5,5082630,0.54528242,,,,
,,,22.85300732,0.067288632,0.00354435,1.904306795,0.038086136,0.021328236,2025,5,4430191,4.67946971,,,,
,,,10.33919423,0.076874388,0.003714412,0.919088045,0.012272444,0.006872569,2025,5,3915486,2.40826148,,,,
1.034999937,0.006636119,0.000433,5.540244401,0.019030669,0.000897736,0.770112045,0.012888376,0.006906061,2025,5,3917668,1.57082676,,,,
5.782813144,0.073784785,0.003155985,10.621908,0.064378251,0.005454272,0.866622395,0.034791371,0.017506196,2025,5,4372414,3.31919885,,,,
,,,27.56297494,0.13728093,0.009990934,1.883163199,0.036149898,0.020243943,2025,5,4692590,5.44359426,,,,
4.638843254,0.059874894,0.002889984,,,,,0.687561971,0.329046361,2025,5,2972515,13.13392996,220.2114349,1.357692812,0.064939193,0.712089003
,,,2.216804686,0.011199225,0.00056359,0.17991346,0.003453685,0.001934064,2025,5,4360405,0.46613953,,,,
,,,8.282484193,0.068855873,0.005833626,0.808864317,0.011952382,0.006693334,2025,5,3121427,2.14753484,,,,
,,,4.244580995,0.028241178,0.00145596,0.425700609,0.006537525,0.003661014,2025,5,3134353,1.01536847,,,,
,,,19.39462029,0.028079093,0.001481422,1.616887274,0.031038367,0.017381485,2025,5,4428678,3.69384573,,,,
,,,13.7498189,0.059923694,0.00315641,1.540417904,0.018335217,0.010267722,2025,5,4040612,3.26120353,,,,
,,,8.774369101,0.076504815,0.003184646,0.93294226,0.011028361,0.006175882,2025,5,3911853,2.26371659,,,,
,,,8.630586409,0.076703733,0.006498515,0.837155193,0.009964453,0.005580094,2025,5,4573699,2.16253587,,,,
,,,12.51045562,0.126729658,0.007706217,1.312901387,0.015627144,0.0087512,2025,5,4683243,3.32264773,,,,
,,,2.059036803,0.021689375,0.001348222,0.197374966,0.003007302,0.001684089,2025,5,2998565,0.53282236,,,,
3.114762033,0.015024956,0.001335972,5.543158916,0.02157577,0.00138729,0.765643453,0.013477688,0.006882711,2025,5,4366963,1.90640586,,,,
0.456984677,0.001983981,0.000189,1.571673473,0.010832841,0.00071203,0.235570706,0.003912844,0.002055265,2025,5,4012556,0.51313218,,,,
,,,4.010104134,0.027385958,0.001309885,0.381588425,0.007325113,0.004102063,2025,5,4696882,0.94152343,,,,
,,,7.092922516,0.047555918,0.004752806,0.696521775,0.008290528,0.004642696,2025,5,4361372,1.69158875,,,,
,,,3.920936627,0.020196861,0.001478269,0.432586116,0.008174668,0.004577814,2025,5,4048228,0.93987785,,,,
,,,7.903521179,0.066004452,0.003402828,0.943912365,0.011235158,0.006291688,2025,5,4239944,2.12480987,,,,
,,,11.79629943,0.08662526,0.004086385,1.134214903,0.013500282,0.007560158,2025,5,4365395,2.82700526,,,,
1.81020127,0.014043917,0.000768,8.024876195,0.052215202,0.005218462,0.639899754,0.018263861,0.009629751,2025,5,4429105,2.01415804,,,,
,,,2.004884724,0.016085532,0.00076938,0.221954768,0.002641873,0.001479449,2025,5,4241263,0.51760589,,,,
,,,9.628208622,0.104872623,0.004140608,1.035598991,0.015484909,0.008671549,2025,5,3059722,2.61900231,,,,
,,,12.87523025,0.074885548,0.003581817,1.178429898,0.022621577,0.012668083,2025,5,4241424,2.91181661,,,,
,,,8.247214178,0.082858352,0.004172132,0.860410845,0.011619283,0.006506798,2025,5,3843945,2.17791964,,,,
,,,9.366767301,0.044376321,0.001680638,1.037234448,0.013334206,0.007467156,2025,5,3127310,2.22894827,,,,
,,,15.91638331,0.078767059,0.003715689,1.214210976,0.012900873,0.007224489,2025,5,4043016,3.34373844,,,,
,,,24.14572747,0.14434884,0.009281419,2.237791882,0.026635889,0.014916098,2025,5,4045305,5.50789031,,,,
,,,3.833752505,0.025301694,0.001304417,0.485647498,0.004624435,0.002589683,2025,5,3052096,1.01838418,,,,
,,,2.386141216,0.018288969,0.000968801,0.239436382,0.002849953,0.001595973,2025,5,4360967,0.58660497,,,,
,,,14.72054517,0.095551826,0.006954003,1.213779753,0.023300166,0.013048093,2025,5,4431210,3.24757505,,,,
,,,1.987647276,0.016732289,0.000842036,0.192738434,0.002294118,0.001284706,2025,5,2975863,0.49107216,,,,
,,,4.674976156,0.03599466,0.001697981,0.455828471,0.005425615,0.003038344,2025,5,4047422,1.13675672,,,,
,,,19.19016574,0.153545136,0.009336821,1.71371584,0.032897124,0.018422389,2025,5,4360763,4.53670209,,,,
1.811527203,0.018124879,0.000445148,24.75159148,0.141881523,0.008819425,2.037069527,0.044582112,0.024418206,2025,5,4061956,5.6345457,,,,
,,,1.094417949,0.006324469,0.000263267,0.099475285,0.001527652,0.000855485,2025,5,3122168,0.24571978,,,,
,,,1.945303,0.017539981,0.001276512,0.192752739,0.002294289,0.001284802,2025,5,2531358,0.49256695,,,,
,,,7.784199083,0.046135169,0.00217634,0.641389715,0.006814703,0.003816234,2025,5,4567506,1.69352085,,,,
,,,14.36254206,0.090122397,0.005794738,1.356397351,0.016144866,0.009041125,2025,5,4035115,3.32731917,,,,
,,,8.411213234,0.083715787,0.003305289,0.892888754,0.010627836,0.005951588,2025,5,4696700,2.231293,,,,
,,,4.121936674,0.030737691,0.00127951,0.481930619,0.005736302,0.003212329,2025,5,4383440,1.07483599,,,,
7.572191779,0.042178026,0.00338,4.885219247,0.035796578,0.00217673,0.695667197,0.03862083,0.018934829,2025,5,4240631,2.38351973,,,,
,,,4.039350869,0.042482542,0.002583292,0.447410996,0.005325424,0.002982237,2025,5,4361988,1.10558384,,,,
,,,4.20852145,0.037583019,0.002774796,0.461904728,0.005498124,0.00307895,2025,5,4040774,1.10779188,,,,
,,,4.73613846,0.029888656,0.001921797,0.464429396,0.005527989,0.003095674,2025,5,5155825,1.11517322,,,,
,,,5.173663908,0.040299726,0.0019472,0.470307691,0.005597957,0.003134856,2025,5,4242558,1.22724473,,,,
,,,12.757419,0.067516446,0.004341209,1.061660616,0.02038003,0.011412817,2025,5,4361426,2.72889618,,,,
,,,15.58047016,0.100890675,0.00534437,1.346650986,0.025850811,0.014476454,2025,5,4426990,3.49246188,,,,
68.63276244,0.68904938,0.020355755,28.56008259,0.197352697,0.008767284,3.689547459,0.105714237,0.050917663,2025,6,4429795,18.68644603,,,,
66.19991286,0.596547709,0.036387967,52.9180097,0.387415909,0.018763969,6.391601362,0.180162745,0.088065235,2025,6,3117251,24.14610502,,,,
0.983925897,0.005380547,0.00031596,70.30897236,0.347366235,0.011472706,6.429853382,0.098307388,0.054788087,2025,6,4362628,15.59222038,,,,
3.933771396,0.040810479,0.001708883,99.77869756,0.65751687,0.022881282,8.312815482,0.104024152,0.057586133,2025,6,4426515,22.81078077,,,,
74.077518,0.535300895,0.015104187,42.67177951,0.24127984,0.011621762,4.437966138,0.184418837,0.089005523,2025,6,4430807,20.65268981,,,,
,,,63.70093231,0.20758377,0.008798389,6.675996946,0.071582488,0.040086193,2025,6,4361307,14.23090697,,,,
0.903967209,0.007274605,0.000214905,79.91561405,0.565187255,0.025108129,7.403692748,0.075256999,0.042005179,2025,6,4374302,18.88904453,,,,
1.68373263,0.011360922,0.000359935,86.01083975,0.442287546,0.018748332,6.536045863,0.121285339,0.067429595,2025,6,4430878,17.93395318,,,,
104.405104,1.25980403,0.050029464,21.3501555,0.109244161,0.014040517,2.759099359,0.192916362,0.090792333,2025,6,4242335,23.50056274,,,,
84.14396676,0.674758943,0.029460918,15.34836491,0.104723271,0.008698714,2.018916443,0.174300099,0.081971996,2025,6,4379399,16.56201969,,,,
86.54403987,0.562664721,0.019595406,20.0513769,0.137094765,0.008055992,2.834008282,0.130328407,0.061625233,2025,6,3929630,17.62759988,,,,
68.19294774,0.389161513,0.028530176,41.94534231,0.29576291,0.012195247,5.378024398,0.164663943,0.080366068,2025,6,4429160,20.42646865,,,,
36.62500923,0.679330442,0.029660516,,,,,0.481976041,0.22962333,2025,6,3918298,20.30364572,212.1131772,1.367215117,0.113566103,0.614075997
40.02645689,0.724406434,0.025228236,,,,,0.55255489,0.262695752,2025,6,4040715,20.45032142,194.3429158,1.374190648,0.080750484,0.435197744
70.5429843,0.62895839,0.026415182,13.33845277,0.066117455,0.003392835,1.621520079,0.291784284,0.136803151,2025,6,3043078,13.97383169,,,,
99.53764428,0.418923504,0.048724246,20.77934334,0.148206116,0.009184758,2.841117553,0.231184529,0.10897686,2025,6,4890973,18.1795616,,,,
,,,72.63783548,0.667534008,0.029640805,5.095701324,0.101914026,0.057071855,2025,6,4426354,16.31251735,,,,
90.57921537,0.795386174,0.033305718,20.31386387,0.191674497,0.006670184,2.852434545,0.280996975,0.132864413,2025,6,4430737,19.68574779,,,,
32.10459297,0.264864533,0.011409634,,,,,0.554068694,0.2643275,2025,6,4431452,17.89997809,226.1829142,1.424249433,0.073423064,0.649810255
46.44668719,0.275394581,0.016171911,25.92562484,0.095387562,0.003150431,4.303428874,0.205285705,0.099947193,2025,6,4362238,13.60952123,,,,
,,,73.54775897,0.379084066,0.018259399,6.008255842,0.10773909,0.06033389,2025,6,4426502,15.55623147,,,,
,,,66.20174717,0.445291176,0.026166295,4.821787565,0.080140438,0.044878646,2025,6,4047646,14.07840034,,,,
92.80642275,1.048151517,0.036373206,22.16337526,0.13944652,0.005397523,2.36448911,0.240599303,0.112965062,2025,6,4047365,20.85102029,,,,
,,,51.73935472,0.296898178,0.009805863,4.621125718,0.071127704,0.039831514,2025,6,4239993,11.51827696,,,,
2.280533976,0.0766793,0.003045096,43.82146705,0.245108888,0.031502421,4.038927128,0.058299859,0.031625371,2025,6,4431459,10.58723976,,,,
4.088454452,0.047139922,0.001392598,53.10249475,0.288407124,0.012812326,3.001051873,0.056548072,0.030782728,2025,6,4426388,10.70176633,,,,
36.73931569,0.253438701,0.010917441,22.87115558,0.121859762,0.006282128,3.149644439,0.106420505,0.051763,2025,6,4432710,11.37136213,,,,
2.664807988,0.018889304,0.000793319,66.46320896,0.187715229,0.009632656,5.802735404,0.093356909,0.051570542,2025,6,4429615,13.87533978,,,,
63.36760804,0.497609996,0.020940812,21.2947529,0.099601107,0.005352638,2.851032083,0.117735462,0.056007173,2025,6,4239996,14.84421535,,,,
,,,74.90323985,0.829175113,0.02885491,4.847957147,0.068405184,0.038306903,2025,6,16800,17.29623372,,,,
54.19697849,0.406279912,0.023699547,27.95619498,0.117921414,0.005500874,3.213094501,0.162176185,0.077826965,2025,6,4259545,14.48064817,,,,
88.10151319,0.538013893,0.040606962,20.17461391,0.150967977,0.008484764,2.841418006,0.138395533,0.065506519,2025,6,4038815,17.81312412,,,,
,,,69.96038946,0.504460446,0.023098893,5.841540344,0.109789426,0.061482079,2025,6,4612826,15.79563776,,,,
,,,54.72255376,0.565864109,0.028755375,4.462409404,0.077993381,0.043676293,2025,6,3128429,13.3020656,,,,
71.21980145,0.709399275,0.03493327,17.04127964,0.107102785,0.004755732,2.82574037,0.179828253,0.085252871,2025,6,4361579,16.46448057,,,,
3.713258499,0.063461361,0.002657358,,,,,0.466412372,0.223432958,2025,6,12483,19.87876149,273.6684662,2.406597904,0.083748492,0.592360929
10.59042579,0.145006056,0.007140599,,,,,0.446266628,0.213639248,2025,6,2577417,18.80123973,255.6507038,2.067428109,0.091800917,0.702982873
,,,65.17694112,0.382663779,0.017515399,5.869967606,0.102253427,0.057261919,2025,6,4361370,14.60685084,,,,
73.69394921,0.265468403,0.022561337,27.36512776,0.145335711,0.017051701,3.078624216,0.209122895,0.099547872,2025,6,4427366,15.53500693,,,,
,,,46.23596417,0.310853288,0.014726255,4.711449501,0.05530227,0.030969271,2025,6,15847,11.16913959,,,,
,,,45.41004861,0.161688815,0.007788089,3.596804629,0.029968319,0.016782259,2025,6,4360248,9.09074521,,,,
,,,75.37520531,0.447032126,0.018432558,5.716422186,0.091471682,0.051224142,2025,6,4372016,15.87296716,,,,
66.80433678,0.465673719,0.021943562,24.74327316,0.128477524,0.006978992,3.391937409,0.164678698,0.07857685,2025,6,4569987,16.01664479,,,,
,,,61.43152298,0.608385856,0.034192753,4.80534323,0.092245148,0.051657283,2025,6,4685472,14.56631688,,,,
,,,50.34863879,0.374976755,0.022034464,4.984781603,0.078882808,0.044174373,2025,6,4241478,12.2273087,,,,
,,,63.94326677,0.288597778,0.014877824,5.680990127,0.096201675,0.053872938,2025,6,2976212,13.73145297,,,,
64.72753474,0.548906541,0.017390376,16.54108596,0.06559979,0.00278074,2.121253795,0.084308626,0.039888574,2025,6,4567048,13.89794494,,,,
24.59506388,0.211030098,0.009199373,15.69974227,0.106170487,0.005395239,2.152206479,0.068213073,0.03329784,2025,6,4568490,8.1170715,,,,
,,,56.57502623,0.440105112,0.01954218,6.708816817,0.09595002,0.053732011,2025,6,4242355,14.94110353,,,,
,,,59.22272997,0.251276162,0.032295064,5.404591446,0.097005592,0.054323132,2025,6,4035687,12.79302623,,,,
2.288270969,0.017647114,0.00128025,71.36421768,0.682854568,0.03581285,5.151596409,0.106222824,0.058751694,2025,6,4567750,16.67934246,,,,
11.25225993,0.147292657,0.006622633,68.14152391,0.433728864,0.029473403,5.490031743,0.146166396,0.078216606,2025,6,3126486,16.85856722,,,,
,,,38.72271649,0.27987399,0.016446015,4.053964371,0.051596965,0.028894301,2025,6,3121023,9.58194555,,,,
25.15601652,0.275598097,0.012014067,,,,,0.35315149,0.168519285,2025,6,4426338,19.45534986,223.0777973,1.9542557,0.099308925,0.674452842
58.26408638,0.677823282,0.020024116,11.45753434,0.039500731,0.001754798,1.555955119,0.090067541,0.042427034,2025,6,4035538,12.79314281,,,,
,,,33.16079587,0.110148499,0.004668618,2.879154276,0.050341309,0.028191133,2025,6,4360761,6.81041183,,,,
1.378315726,0.016156039,0.000679891,65.6853223,0.40003342,0.021498096,4.528263083,0.064012219,0.035530456,2025,6,4432773,13.70674863,,,,
23.56586795,0.101892152,0.007020992,,,,,0.461131874,0.220394707,2025,6,4038941,20.11077855,261.1674873,2.081299041,0.095301234,0.702542867
,,,60.47195182,0.246246268,0.01043709,4.492223505,0.079944151,0.044768725,2025,6,4432708,11.95034355,,,,
1.491534605,0.006965931,0.000391747,52.99373984,0.166527498,0.009432779,5.170106132,0.072716642,0.040396964,2025,6,4569587,11.60036899,,,,
,,,49.26679525,0.33736387,0.016339765,4.187167465,0.07652538,0.042854213,2025,6,3886598,11.08702159,,,,
,,,55.73101064,0.472156152,0.029260872,4.807245348,0.076818973,0.043018625,2025,6,3916433,13.18779584,,,,
,,,41.36582856,0.403279139,0.020789891,3.734782658,0.036281236,0.020317492,2025,6,3046439,10.29294297,,,,
18.49145214,0.098248142,0.007127633,,,,,0.54882814,0.262363146,2025,6,3052587,19.27132013,230.8696628,2.244373276,0.117707938,0.559513732
30.79204529,0.152257357,0.008881636,,,,,0.559240099,0.266917743,2025,6,4431611,19.74562873,257.251122,1.72449292,0.080445255,0.547359367
3.081897552,0.047490846,0.001402965,,,,,0.46047084,0.220591631,2025,6,3046779,15.83661298,253.3368013,1.654996206,0.073522286,0.6154012
23.70734933,0.087366289,0.004913273,13.33762811,0.053610843,0.003036731,1.7919794,0.088223547,0.042735612,2025,6,4360516,6.35074799,,,,
7.405684371,0.048063036,0.002803664,48.23612286,0.320909447,0.01496999,3.986206485,0.088370565,0.047176456,2025,6,3915416,11.70774948,,,,
38.74908243,0.400383165,0.018866928,20.18747942,0.094605926,0.005139062,3.029491846,0.127240143,0.06151494,2025,6,4371733,11.91590718,,,,
,,,76.54678406,0.603963735,0.028174089,4.866602695,0.097332054,0.05450595,2025,6,4431299,16.09496936,,,,
27.21712285,0.152030076,0.00854981,,,,,0.646439974,0.308495535,2025,6,4689114,13.77430154,212.1339726,0.955385401,0.054116827,0.845936954
68.37740467,0.501481874,0.014711329,10.03948351,0.034091903,0.001604576,1.757172215,0.204511189,0.096042377,2025,6,3916148,12.65824985,,,,
0.818023402,0.011210291,0.000470813,37.38722037,0.251601429,0.012910993,3.993360165,0.050837833,0.028182591,2025,6,3116365,9.36249541,,,,
1.45435143,0.018975061,0.000611438,41.14700159,0.187143009,0.008397144,4.042717728,0.054132659,0.029712971,2025,6,5083076,9.49958178,,,,
,,,59.58467502,0.513005486,0.027866828,4.225570469,0.076404323,0.042786421,2025,6,4047650,13.23424878,,,,
57.62151109,0.481641527,0.02074779,17.0489206,0.091541817,0.004719174,2.358506307,0.323130079,0.153356849,2025,6,4569173,13.06753283,,,,
,,,66.1182493,0.612320367,0.028037723,6.052645009,0.104492802,0.058515969,2025,6,15818,16.28019426,,,,
46.78524113,0.158171883,0.013587537,29.96051668,0.132732551,0.006075473,4.336775031,0.134929327,0.065611687,2025,6,3054850,13.6684422,,,,
6.069537104,0.055736411,0.002796857,68.01473801,0.453969313,0.021506184,4.951240404,0.079518718,0.043231819,2025,6,4683062,15.3821447,,,,
0.832395844,0.007141436,0.000311805,45.26710952,0.201920067,0.016772251,4.087033732,0.070506927,0.03925785,2025,6,4373678,9.97583175,,,,
17.47153904,0.418432504,0.017608803,,,,,0.529078879,0.252785341,2025,6,4360310,17.94130259,241.9409747,1.536624931,0.082579376,0.924685365
13.63444156,0.160626956,0.005574115,,,,,0.402093622,0.192213152,2025,6,4036378,19.33856814,234.1835429,2.260871122,0.087510997,0.605911576
78.98966478,0.472214077,0.015216273,12.04600809,0.04681091,0.002100415,1.67844291,0.148973857,0.069725747,2025,6,4685702,13.795272,,,,
,,,74.58252929,0.273104111,0.032042295,5.875006938,0.117023914,0.065533392,2025,6,4569618,14.90799234,,,,
16.08469006,0.125012369,0.004342335,,,,,0.688637526,0.329400714,2025,6,2578570,13.36950903,237.9165054,0.845493512,0.035836044,0.663701909
23.56265793,0.177374066,0.01034677,7.574327745,0.041117023,0.001918053,0.990262954,0.0592023,0.028116399,2025,6,4608686,5.38476784,,,,
51.94453963,0.498020609,0.015778216,10.19905128,0.024970608,0.001058491,1.385353223,0.058975875,0.027746789,2025,6,4426385,10.71739642,,,,
,,,44.39366178,0.523342121,0.020256878,3.2864845,0.061259319,0.034305219,2025,6,4361432,10.85443612,,,,
,,,32.08899932,0.231875981,0.010613496,3.332816102,0.039815109,0.022296461,2025,6,3929645,7.91065711,,,,
29.05567169,0.278922773,0.013996364,,,,,0.489584873,0.233889981,2025,6,3139477,20.0523983,260.1042124,1.676844052,0.079438225,0.685132235
1.738199091,0.015530725,0.000677026,42.35779763,0.38578464,0.019604322,3.149598365,0.052587869,0.029027288,2025,6,4431280,9.95098435,,,,
,,,48.16455492,0.358826961,0.015940688,4.721390868,0.039338292,0.022029443,2025,6,4430027,11.67966914,,,,
,,,52.63298784,0.121555334,0.005454212,3.737526392,0.058528472,0.032775945,2025,6,4241463,9.67706171,,,,
30.56462243,0.352747572,0.017700898,5.023052522,0.035105174,0.00166306,0.815317247,0.045672519,0.021435408,2025,6,3059915,6.69826407,,,,
58.5741548,0.340906967,0.015327999,,,,,0.365510787,0.173873839,2025,6,4426348,22.57894032,232.7435956,1.625749438,0.110475397,0.525083568
1.626008009,0.006739628,0.000578958,43.08788271,0.302565536,0.013849119,3.597709608,0.077487622,0.042839725,2025,6,4032473,10.03419601,,,,
33.95617174,0.204648265,0.010269264,15.24577857,0.091665377,0.004342524,2.293112177,0.093683659,0.045237459,2025,6,4361529,8.93241097,,,,
,,,25.35058855,0.240521033,0.011013291,2.486763025,0.029599331,0.016575626,2025,6,4595342,6.45460483,,,,
,,,24.80683555,0.170450997,0.007951308,2.243573962,0.026704711,0.014954638,2025,6,4723086,5.73366184,,,,
63.67303706,0.576018634,0.041788572,24.95721836,0.181158887,0.009501022,3.749630801,0.200738585,0.096192938,2025,6,4697815,17.07121428,,,,
32.92062645,0.209235714,0.007267854,15.27027974,0.051133917,0.002167299,2.507937492,0.086427413,0.041811173,2025,6,4240657,8.82677386,,,,
,,,33.13800827,0.19651344,0.02525673,2.16989983,0.034628276,0.019391835,2025,6,4360078,6.67542527,,,,
45.59408639,0.299300512,0.020623635,12.02595088,0.062290677,0.002852247,1.641896493,0.118059139,0.056098481,2025,6,4430968,9.51131616,,,,
8.508825564,0.090384373,0.002863544,,,,,0.551115965,0.263821377,2025,6,3912547,15.30448985,252.2378536,1.465182997,0.062108323,0.827897757
65.11239555,0.64002415,0.028777028,12.53030002,0.072562506,0.004930878,1.700540325,0.126389537,0.059656115,2025,6,4575131,13.69177008,,,,
,,,58.74231354,0.312414804,0.013243096,4.468877071,0.072463901,0.040579784,2025,6,2977187,12.16483692,,,,
,,,35.55830318,0.139985777,0.017991558,3.38751597,0.045519608,0.02549098,2025,6,4688813,7.76946382,,,,
,,,44.77040062,0.216428999,0.009711212,4.13834718,0.048326184,0.027062663,2025,6,3123076,9.88053633,,,,
1.4308097,0.011636321,0.000678782,20.14052347,0.142193158,0.006633118,1.657247808,0.036329541,0.019892903,2025,6,4685278,4.77673028,,,,
,,,38.72011981,0.257308411,0.014574971,3.76424994,0.044804945,0.025090769,2025,6,4429148,9.16026364,,,,
29.47478321,0.251328183,0.010524027,7.53404761,0.044389203,0.001544724,1.032898105,0.054140004,0.0256415,2025,6,4429096,6.50302511,,,,
0.884083749,0.013165798,0.000417117,29.08590312,0.274112508,0.011619483,2.816019462,0.036795118,0.020277593,2025,6,4576297,7.52117739,,,,
,,,45.85843715,0.346604691,0.028790308,3.167706708,0.060379024,0.033812253,2025,6,4635008,9.82472869,,,,
7.391276811,0.033010228,0.003839361,43.50691209,0.328043039,0.020329769,3.173213632,0.058279978,0.031072783,2025,6,4428718,10.48236107,,,,
23.76752498,0.589758026,0.02342053,,,,,0.469131198,0.223826089,2025,6,3917792,17.16691946,212.6001759,1.041547647,0.133864064,0.648940447
,,,35.63669555,0.239104023,0.01215049,3.908643251,0.051664142,0.028931919,2025,6,3051876,8.87473802,,,,
18.62645651,0.140232459,0.004866381,5.249873751,0.036129362,0.001398451,0.65331572,0.038828496,0.018386413,2025,6,4887558,4.08821956,,,,
85.12298058,0.795527802,0.034679209,9.107715847,0.064681589,0.003286908,1.427470335,0.084790406,0.039640258,2025,6,4241985,16.01068651,,,,
,,,30.63164215,0.329452155,0.022387434,3.545268134,0.038047564,0.021306636,2025,6,15835,8.58831133,,,,
23.14332784,0.20831178,0.0093662,0.844615663,0.005103674,0.000346813,0.121972361,0.040489835,0.018734157,2025,6,4362619,3.78428608,,,,
7.745116409,0.061930497,0.002149127,42.38524933,0.431690312,0.016709333,3.146066748,0.085057392,0.045165706,2025,6,4701936,11.11549566,,,,
4.083081939,0.015179246,0.000853645,1.497983547,0.003744738,0.000212117,0.231251656,0.012754362,0.006113457,2025,6,4040761,0.95366345,,,,
0.651711405,0.00669,0.000281534,20.74125794,0.123420481,0.006632709,1.811685202,0.038588218,0.021373951,2025,6,4432620,4.9391156,,,,
22.18987117,0.186136664,0.005460452,8.488223953,0.031825257,0.001497894,1.283327691,0.056025602,0.026858295,2025,6,4428557,5.62059083,,,,
40.31931035,0.330208365,0.009317244,3.424842566,0.01157167,0.000557374,0.513537788,0.033954071,0.015802109,2025,6,4373626,6.9276747,,,,
4.139358279,0.024174211,0.000778972,8.579551128,0.042860605,0.001923164,1.197893723,0.019698439,0.010129835,2025,6,5081397,2.8576582,,,,
,,,41.94831387,0.25355446,0.013626207,3.686609972,0.07076953,0.039630937,2025,6,4685415,9.38619197,,,,
16.05511268,0.115400628,0.009913332,9.917338182,0.084018553,0.003845722,1.187239086,0.062010452,0.029960151,2025,6,2468609,5.09674433,2.47999864,0.016356473,0.00064642,0.009704242
33.42104798,0.220077404,0.007644443,11.8730765,0.034720256,0.00147161,1.642002674,0.117095899,0.05581016,2025,6,4427728,7.65746305,,,,
,,,39.47384531,0.366847345,0.015126284,3.653961473,0.030444546,0.017048946,2025,6,2576925,9.79938849,,,,
60.4864371,0.308769513,0.017364464,23.23713382,0.108801287,0.006162937,3.082274355,0.168719476,0.080571592,2025,6,4696981,13.85041987,,,,
,,,30.91062394,0.33122224,0.017371213,2.902846825,0.038863628,0.021763632,2025,6,4243331,7.97348382,,,,
,,,33.05979638,0.209408256,0.010795438,2.488376938,0.038214244,0.021399977,2025,6,4429022,7.03060503,,,,
6.912473929,0.070941461,0.003342916,,,,,0.394538553,0.188876622,2025,6,8439,13.38793647,208.534804,1.401905749,0.076152531,0.734814159
8.685611146,0.096256441,0.002823752,21.38935245,0.102536456,0.004826001,2.048499114,0.068579393,0.035478896,2025,6,4431268,6.36922501,,,,
1.440116631,0.013665867,0.000400898,57.12064341,0.287532192,0.013533045,4.137524162,0.071990855,0.039898488,2025,6,3925357,11.75075999,,,,
,,,44.50922812,0.38303266,0.014825953,3.80998498,0.041859527,0.023441335,2025,6,4572680,10.54297808,,,,
,,,45.16382141,0.264598709,0.012535007,3.540837337,0.064374343,0.036049632,2025,6,4241372,9.59948196,,,,
,,,32.11564952,0.270360337,0.013094539,3.361461278,0.04001065,0.022405964,2025,6,4259147,8.17762168,,,,
23.78971676,0.195418709,0.011920069,4.317520691,0.022259748,0.001078121,0.587326964,0.066410337,0.03115877,2025,6,4241474,4.66955352,,,,
53.15176845,0.379070736,0.032216047,,,,,0.781027101,0.371640958,2025,6,4362887,17.55480425,201.70475,0.898624543,0.105432293,0.625069975
18.58271807,0.195326606,0.008219887,5.442903181,0.030406287,0.001634057,0.783091272,0.051091482,0.02420062,2025,6,4882093,4.54223329,,,,
30.72698685,0.228094796,0.016547652,11.79803075,0.070188582,0.003681096,1.693026911,0.084209821,0.040352657,2025,6,4430871,7.72139079,,,,
,,,23.23755064,0.150777635,0.007737194,2.133335057,0.023108133,0.012940554,2025,6,4361050,5.35195927,,,,
3.200811957,0.023274169,0.001756634,27.74452531,0.327236558,0.018391484,2.433417843,0.045595092,0.024710766,2025,6,4430034,7.62309664,,,,
16.17590485,0.157106881,0.011857748,,,,,0.523461122,0.25046771,2025,6,4685720,17.77878357,203.3158794,2.169431305,0.121927272,0.686131297
20.14256941,0.178532086,0.008791537,9.956465464,0.061549828,0.002733024,1.390732969,0.0569923,0.027457029,2025,6,4685279,5.87519194,,,,
,,,33.94749395,0.276066844,0.017108655,3.396649902,0.032343594,0.018112412,2025,6,4429086,8.44664672,,,,
3.048228192,0.023987709,0.001740242,31.68202214,0.312546967,0.016391774,2.585961835,0.059415577,0.032295274,2025,6,4608810,8.05143698,,,,
2.173367681,0.020780822,0.000979238,,,,,0.005039417,0.002318132,2025,6,4819231,0.38594543,,,,
,,,1.716069717,0.012878696,0.000756781,0.166082081,0.003321642,0.001860119,2025,6,4567096,0.41284224,,,,
9.748982888,0.0592903,0.004346686,34.94043594,0.206399653,0.008510515,2.853679232,0.084548691,0.04439391,2025,6,4569603,9.03117988,,,,
,,,29.16056021,0.195060482,0.010595826,3.14251674,0.051778384,0.028995895,2025,6,3054212,7.19350247,,,,
6.250818527,0.033777476,0.001173269,9.022995517,0.029487718,0.00124983,1.323684413,0.023159132,0.011789973,2025,6,4362478,3.22838758,,,,
6.100332986,0.027298746,0.002001323,,,,,0.632126678,0.302806964,2025,6,4241479,16.83240348,263.9094182,1.917463881,0.079063143,0.870428846
3.142255172,0.030922595,0.001348,38.06823814,0.315108555,0.016012793,2.850356335,0.067996661,0.036979177,2025,6,4686472,9.15964216,,,,
12.73777124,0.056736901,0.001828247,14.41374306,0.043745904,0.001962887,2.138317666,0.035795803,0.017946739,2025,6,4372019,5.50862362,,,,
,,,43.5852409,0.161096266,0.018900829,4.218250307,0.0502088,0.028116928,2025,6,4808766,9.52624531,,,,
,,,38.85633372,0.154177936,0.007911681,3.071888983,0.0470744,0.026361664,2025,6,4360939,7.84693201,,,,
,,,39.82654962,0.220351782,0.010371119,3.628448885,0.069653048,0.039005707,2025,6,4883647,8.8777842,,,,
4.218065088,0.036463316,0.002141224,,,,,0.622345054,0.298332493,2025,6,11252,12.48993501,237.8260534,1.290709469,0.042629159,1.167918549
10.03923895,0.056226141,0.002361402,26.9853309,0.107566672,0.005519812,3.48337377,0.058251856,0.030253162,2025,6,4038441,8.13917543,,,,
,,,31.88316559,0.082230873,0.003870294,3.281975967,0.037748031,0.021138897,2025,6,4360635,6.9301371,,,,
19.9741652,0.10623849,0.00623861,8.363495692,0.036181069,0.001194977,1.225487722,0.055183797,0.026508444,2025,6,3116389,4.90538154,,,,
18.42728593,0.044405178,0.005164687,,,,,0.361270211,0.172694926,2025,6,15864,16.35754698,227.5271675,1.813900085,0.112412595,1.003802217
24.28752375,0.163404067,0.011979465,3.739492334,0.021649952,0.000892696,0.534442806,0.055523942,0.026017751,2025,6,4711533,4.42264318,,,,
11.24250241,0.096846064,0.002841049,,,,,0.455585594,0.217964931,2025,6,4688380,12.54514209,213.9748766,0.95873449,0.045123981,0.613058876
0.738804664,0.004505546,0.000194086,18.43679064,0.111415998,0.00574373,1.667503353,0.035858794,0.019830052,2025,6,4427095,4.25375435,,,,
,,,46.302995,0.301794429,0.014617007,4.320957088,0.083605288,0.046818961,2025,6,3045523,10.69982643,,,,
,,,24.39472883,0.149438023,0.004935594,2.411810243,0.037038402,0.020741505,2025,6,4368003,5.71727726,,,,
,,,15.87792137,0.098853021,0.005369767,1.698731021,0.024815197,0.013896511,2025,6,4361411,3.86324292,,,,
,,,14.01230418,0.106564355,0.005493617,1.173570206,0.015769802,0.008831089,2025,6,2991662,3.20792813,,,,
11.19079092,0.169926041,0.004794677,,,,,0.437078533,0.209128812,2025,6,4360423,14.17015339,240.182864,1.038399417,0.05001674,0.716149131
,,,7.868452369,0.064244461,0.002940616,0.826135207,0.015858797,0.008880926,2025,6,4569559,1.98698526,,,,
,,,7.454674882,0.058092863,0.002580743,0.605440036,0.011622251,0.006508461,2025,6,5123663,1.69191609,,,,
11.59379555,0.088561711,0.003866728,2.941024285,0.01824283,0.001515319,0.436022395,0.025871769,0.012259901,2025,6,4429501,2.51725893,,,,
,,,23.77405384,0.206463566,0.006819016,2.789131581,0.027223319,0.015245059,2025,6,3116164,6.38918497,,,,
7.45792305,0.062336448,0.003069662,39.46426767,0.252505714,0.011212122,3.213018724,0.085665816,0.045574105,2025,6,5083754,9.73396813,,,,
,,,8.520112271,0.080853346,0.003129571,0.816781765,0.007777563,0.004355435,2025,6,4428085,2.15166654,,,,
2.301269221,0.017596383,0.001276569,41.70090044,0.476688489,0.025000306,3.394754012,0.060190085,0.033097814,2025,6,2976592,10.74862735,,,,
19.91129375,0.083561442,0.007101628,14.67584969,0.061585821,0.007225636,1.901943368,0.04646436,0.022730874,2025,6,4695404,6.29555356,,,,
0.745975309,0.005711682,0.000246044,4.678359493,0.031615207,0.001629831,0.399036765,0.01006798,0.005397277,2025,6,4613202,1.15865457,,,,
,,,13.48137392,0.134253672,0.011151622,1.308975117,0.010906287,0.006107521,2025,6,3930086,3.47301074,,,,
,,,19.9355135,0.126732172,0.006503295,1.94381532,0.033117674,0.018545898,2025,6,15795,4.6745505,,,,
10.83343678,0.103950766,0.004673877,11.64332906,0.052004604,0.003533896,1.697692581,0.031077873,0.015693183,2025,6,3127586,4.86695102,,,,
2.821993551,0.022288119,0.000773448,6.720657011,0.043296965,0.001675885,0.877918362,0.010849475,0.00561726,2025,6,3149687,2.21964427,,,,
5.062919792,0.032659046,0.001137387,2.691934666,0.013915297,0.000817694,0.401683573,0.013672389,0.006647612,2025,6,4431545,1.5043747,,,,
,,,30.34542647,0.25440927,0.011649223,2.37604039,0.045611351,0.025542357,2025,6,4686612,6.91045653,,,,
,,,10.7747165,0.106968668,0.00372246,0.900948685,0.017294945,0.009685169,2025,6,4710855,2.60876353,,,,
,,,20.90538203,0.117276489,0.009741433,1.785450946,0.029375193,0.016450108,2025,6,4242433,4.56700473,,,,
3.496036071,0.02334023,0.000810729,12.08354754,0.035804121,0.001517549,1.267838298,0.037125507,0.01961341,2025,6,4037235,3.26922723,,,,
,,,32.41179729,0.220565102,0.009349637,2.250450758,0.043200486,0.024192272,2025,6,4597703,6.84117016,,,,
6.530619295,0.046165016,0.002316564,11.93220356,0.070172667,0.003324335,1.609176867,0.028147879,0.014383454,2025,6,4596602,4.2174427,,,,
,,,28.34721478,0.177123806,0.008391001,2.791581222,0.051626495,0.028910837,2025,6,3120348,6.64936881,,,,
,,,21.24449996,0.17964098,0.011132867,1.730249016,0.033214501,0.01860012,2025,6,4603186,4.91848639,,,,
,,,6.652877518,0.061392437,0.002727325,0.704286704,0.006706362,0.003755563,2025,6,4242392,1.7360496,,,,
,,,6.398638468,0.068602134,0.003486138,0.583054491,0.01119253,0.006267817,2025,6,4600981,1.62926327,,,,
,,,18.20807958,0.079869838,0.002637917,2.295963442,0.022394206,0.012540756,2025,6,4036131,4.57677575,,,,
,,,37.76741689,0.36703628,0.014206785,2.502941861,0.050058837,0.028032949,2025,6,4428850,8.45557046,,,,
38.4396611,0.128012011,0.010996695,3.441658644,0.016485851,0.000754595,0.500454912,0.063590551,0.029564147,2025,6,4599739,5.59000326,,,,
2.92959216,0.021709409,0.001266376,35.11535298,0.200718732,0.009363257,3.005563426,0.06952221,0.037991344,2025,6,3917914,8.09173875,,,,
6.661348465,0.075023186,0.004576233,,,,,0.525254308,0.251477393,2025,6,4241464,16.79447988,256.4188203,1.864601535,0.090309468,0.868818183
,,,18.64994761,0.153766579,0.018040864,1.564476711,0.024551487,0.013748833,2025,6,3115306,4.36130317,,,,
8.058536977,0.048300713,0.002028548,1.838630873,0.007992537,0.000410139,0.271505219,0.015557587,0.007350242,2025,6,4596334,1.64474449,,,,
,,,17.06603711,0.063450769,0.002986386,1.823936467,0.028156945,0.015767889,2025,6,2577327,3.88642513,,,,
11.13315511,0.070617066,0.00308324,6.554612519,0.048543805,0.004032234,0.796252533,0.030430452,0.014747536,2025,6,3915411,3.29742488,,,,
51.2357913,0.394905807,0.027211424,12.99389701,0.062012507,0.00283951,1.803135962,0.119099255,0.056523198,2025,6,4372071,10.92944144,,,,
,,,25.97260153,0.19528732,0.009251473,1.748784858,0.026856257,0.015039504,2025,6,4362921,5.50690188,,,,
,,,23.25724769,0.232183032,0.008079862,2.300415474,0.02237678,0.012530997,2025,6,2573401,6.01092691,,,,
,,,37.57558968,0.241411957,0.016404792,2.999281156,0.057575312,0.032242174,2025,6,4426948,8.26879635,,,,
,,,9.927221688,0.084586776,0.004594815,1.033479907,0.012301258,0.006888705,2025,6,4430802,2.52945955,,,,
,,,8.709242935,0.067186678,0.003414209,1.208813026,0.009016251,0.005049101,2025,6,4722893,2.47982563,,,,
,,,16.8749804,0.127218413,0.005934566,1.688257416,0.018234977,0.010211587,2025,6,4258595,4.13099309,,,,
,,,31.05381775,0.295541848,0.012186132,2.146173293,0.033908817,0.018988937,2025,6,3929785,7.01209574,,,,
3.345343821,0.028768514,0.001210659,37.55764201,0.257108731,0.013817216,2.982057088,0.071413713,0.038814422,2025,6,4361577,8.74193137,,,,
,,,14.67457634,0.10067772,0.00487619,1.011095255,0.015974965,0.008945981,2025,6,3051738,3.07490143,,,,
,,,15.80819639,0.133377482,0.006104993,1.623078694,0.023697354,0.013270519,2025,6,16731,3.99045778,,,,
,,,27.39692529,0.207449429,0.012856237,2.036964732,0.039102329,0.021897304,2025,6,4432775,6.004304,,,,
,,,24.6210197,0.123486712,0.005812049,2.818357226,0.033546216,0.018785881,2025,6,4686728,5.99631742,,,,
16.72345149,0.076471643,0.00889428,4.942059392,0.038880121,0.002409513,0.70797161,0.045768279,0.021824952,2025,6,2576414,3.60294967,,,,
1.866518208,0.015718381,0.000706736,30.72988267,0.188963885,0.012840761,2.393988489,0.043620807,0.02400068,2025,6,2576581,6.8619674,,,,
,,,28.689249,0.268781092,0.011934805,2.3962059,0.042572755,0.023840743,2025,6,4249417,6.95176591,,,,
,,,16.71080233,0.11143454,0.004723651,1.442423139,0.017168809,0.009614533,2025,6,4678006,3.7727821,,,,
17.53867401,0.037650228,0.003234291,,,,,0.505209412,0.24156829,2025,6,4426339,14.48902903,211.6482934,1.395895726,0.063995603,0.602448792
12.46383627,0.089659104,0.002889108,,,,,0.517955118,0.247759763,2025,6,4427238,11.43718169,215.522325,0.801871964,0.035980153,0.885718209
23.69161402,0.181389734,0.013690513,4.956325061,0.038717899,0.002176039,0.713563822,0.054139825,0.025540837,2025,6,4685350,4.9687617,,,,
,,,33.56564548,0.238842645,0.016230198,2.648670948,0.050844868,0.028473126,2025,6,4602667,7.47805712,,,,
,,,1.986820831,0.008027649,0.000377831,0.191688622,0.002575808,0.001442452,2025,6,3930066,0.43647536,,,,
4.66416064,0.052625797,0.002089881,1.535103057,0.009278608,0.001192526,0.214852674,0.012134258,0.005773413,2025,6,4874509,1.20154381,,,,
,,,12.79004379,0.098196124,0.005770222,1.104330021,0.01483939,0.008310058,2025,6,4361409,3.03679882,,,,
0.957028067,0.010469943,0.000638641,10.40630648,0.054681313,0.002648416,1.422362269,0.014121058,0.007709568,2025,6,16002,2.94113103,,,,
,,,6.833970736,0.02373992,0.001143484,0.569994255,0.010941821,0.00612742,2025,6,3871102,1.38615184,,,,
,,,4.902745208,0.047370328,0.001648465,0.476965504,0.005677204,0.003179234,2025,6,4570037,1.24855045,,,,
,,,24.64688674,0.099837643,0.004479735,1.949550998,0.037424303,0.02095761,2025,6,4808839,5.00085026,,,,
,,,14.16883788,0.078068399,0.003698385,1.529404094,0.012742886,0.007136016,2025,6,4240472,3.40815943,,,,
,,,18.65919097,0.192135127,0.010798458,1.912503628,0.038250073,0.021420041,2025,6,3135321,4.92418462,,,,
,,,19.7685409,0.112783443,0.006126478,1.580352082,0.030337024,0.016988733,2025,6,4431492,4.21298322,,,,
,,,31.95702044,0.284230448,0.01376632,2.631940815,0.052638816,0.029477737,2025,6,3043116,7.50299471,,,,
,,,1.049024887,0.008989602,0.000610875,0.109920637,0.001308358,0.000732681,2025,6,4690923,0.26855169,,,,
,,,1.738460445,0.00964719,0.000518447,0.262539845,0.002341926,0.001311479,2025,6,4911851,0.58132244,,,,
0.908723965,0.00621021,0.000183461,18.0289683,0.086236138,0.003830992,1.666329401,0.036107684,0.019942193,2025,6,2973405,4.1812223,,,,
,,,4.220213919,0.023433336,0.001946462,0.330254268,0.006339683,0.003550223,2025,6,4241476,0.88983552,,,,
1.048337675,0.006759556,0.000396939,6.87409531,0.033339428,0.001101124,0.656234181,0.016004106,0.00862162,2025,6,4690070,1.67524678,,,,
,,,17.6246773,0.270010311,0.015175231,1.908719621,0.027355633,0.015319155,2025,6,4372780,5.29168356,,,,
,,,13.88238044,0.127674232,0.005669175,1.481571631,0.017634784,0.009875479,2025,6,4372096,3.62790802,,,,
7.178453419,0.054460447,0.001896644,,,,,0.010730177,0.004935881,2025,6,4239934,1.03881283,,,,
3.515508059,0.03435307,0.001438488,22.42615596,0.1876721,0.006530902,1.741243398,0.044365408,0.023750643,2025,6,4569382,5.66815201,,,,
,,,18.5114239,0.10520253,0.005959089,1.568085073,0.031361701,0.017562553,2025,6,4039057,4.02806372,,,,
,,,7.131317512,0.082905927,0.002885088,0.71738842,0.008538899,0.004781783,2025,6,4426553,1.92438777,,,,
,,,10.76649196,0.059967121,0.003091432,1.141793807,0.013904859,0.007786721,2025,6,3043275,2.56922224,,,,
,,,5.010337442,0.019673276,0.000947606,0.381407273,0.007321635,0.004100116,2025,6,3047876,0.99436885,,,,
,,,20.11336352,0.087901283,0.004979078,2.404633055,0.028908989,0.016189034,2025,6,4361516,4.92172039,,,,
7.762632738,0.061324231,0.002128088,11.72654428,0.126650629,0.004902236,0.918366746,0.042293638,0.021218004,2025,6,4431487,4.06641861,,,,
,,,16.5960102,0.196647116,0.011052042,1.556074609,0.029870984,0.016727751,2025,6,4708486,4.38499291,,,,
1.000643807,0.009580282,0.000471766,1.95025743,0.009122873,0.000405087,0.275990247,0.004691237,0.00240416,2025,6,4383396,0.68036854,,,,
,,,11.7875872,0.047553199,0.002015531,1.263516601,0.015039329,0.008422024,2025,6,4426844,2.71517857,,,,
,,,2.646434417,0.026742167,0.000930615,0.225237171,0.004323736,0.002421292,2025,6,4386544,0.75213023,,,,
,,,10.1205415,0.078101097,0.003576195,0.960990944,0.012791925,0.007163478,2025,6,3915486,2.43481482,,,,
,,,5.547920859,0.022027613,0.000908269,0.796026905,0.010102992,0.005657675,2025,6,3917668,1.47375258,,,,
,,,30.72021549,0.100627033,0.005699915,1.975261519,0.037917851,0.021233997,2025,6,4692590,5.62097814,,,,
3.215434977,0.056050138,0.00235401,,,,,0.6808828,0.325947615,2025,6,2972515,12.57720283,244.3560902,1.131876872,0.058082558,0.934685251
,,,1.237189535,0.007166567,0.000303787,0.097301614,0.001867838,0.001045989,2025,6,4360405,0.26258488,,,,
,,,6.902645091,0.047738501,0.002565503,0.638758478,0.009809475,0.005493306,2025,6,3134353,1.60985736,,,,
,,,12.47803098,0.083541524,0.003825308,1.392163391,0.014914081,0.008351885,2025,6,3127292,3.13255608,,,,
,,,13.03124028,0.028766497,0.001290758,1.083079204,0.020791189,0.011643066,2025,6,4428678,2.53864649,,,,
,,,18.75928143,0.164759952,0.007544243,1.574385995,0.030222496,0.016924598,2025,6,4430870,4.55171548,,,,
2.085507908,0.017240069,0.00050575,1.553580374,0.005200897,0.000244786,0.252101889,0.006780373,0.003343853,2025,6,4367567,0.74564868,,,,
,,,14.45994691,0.105817761,0.005125141,1.60829961,0.019143196,0.01072019,2025,6,4040612,3.67851615,,,,
,,,6.289171076,0.077410758,0.003933763,0.634528519,0.00748422,0.004191163,2025,6,3911853,1.72759296,,,,
,,,4.254505634,0.014723063,0.000660627,0.381832592,0.0073298,0.004104688,2025,6,4613104,0.88892721,,,,
,,,5.758068898,0.050355072,0.004182684,0.592073543,0.007047306,0.003946492,2025,6,4573699,1.4706693,,,,
,,,12.31874219,0.149422098,0.008397882,1.298385166,0.015454361,0.008654442,2025,6,4683243,3.42668685,,,,
,,,2.0920892,0.01923066,0.002471605,0.183828069,0.002800895,0.001568501,2025,6,2998565,0.5103011,,,,
,,,8.944830945,0.039265438,0.004606869,0.981232115,0.011679366,0.006540445,2025,6,4361372,2.10774902,,,,
,,,6.032042091,0.054689547,0.003716347,0.643543549,0.012068355,0.006758279,2025,6,4048228,1.56911978,,,,
,,,1.820388276,0.011963845,0.000703022,0.16650972,0.001955561,0.001095114,2025,6,4039160,0.41959903,,,,
,,,2.032943298,0.011598965,0.000558689,0.215088497,0.002560146,0.001433682,2025,6,4035020,0.48629443,,,,
,,,25.93373338,0.211212021,0.011350692,2.85493715,0.033981618,0.019029706,2025,6,4239944,6.70112459,,,,
,,,13.07143274,0.084230228,0.004575447,1.048941158,0.01610869,0.009020867,2025,6,3914397,2.89172173,,,,
,,,16.21369946,0.090302862,0.004905317,1.518438705,0.023318809,0.013058533,2025,6,4035656,3.66593501,,,,
,,,11.80474052,0.102865996,0.004241493,1.191540575,0.014182616,0.007942265,2025,6,4365395,2.98218348,,,,
1.485307127,0.007137681,0.000606609,6.147971921,0.026031439,0.003054172,0.533767498,0.015161864,0.007999097,2025,6,4429105,1.48783376,,,,
,,,4.444843393,0.0277137,0.001422136,0.483649591,0.005756763,0.003223787,2025,6,4241263,1.09096481,,,,
,,,15.66437604,0.062193432,0.002636054,1.562974705,0.023346871,0.013074248,2025,6,3059722,3.48231287,,,,
,,,11.86900508,0.051482107,0.002641818,1.073689805,0.020610947,0.01154213,2025,6,4241424,2.55222653,,,,
,,,6.286591404,0.028302109,0.003320582,0.510744057,0.007843546,0.004392386,2025,6,2310331,1.30727924,,,,
3.354314646,0.023586948,0.001625285,3.015131708,0.018882168,0.000864601,0.399890542,0.019684256,0.009778011,2025,6,3916430,1.27759329,,,,
,,,6.274058977,0.07949759,0.003077094,0.591357358,0.007038782,0.003941718,2025,6,4379401,1.69420555,,,,
,,,4.473365272,0.049895338,0.001931287,0.347071672,0.006662516,0.003731009,2025,6,4689334,1.09035658,,,,
2.419171308,0.021537189,0.000938864,,,,,0.004901481,0.002254681,2025,6,3929914,0.36863803,,,,
,,,6.778306602,0.064288004,0.002942609,0.674264563,0.0091055,0.00509908,2025,6,3843945,1.73375091,,,,
,,,8.237648251,0.04576557,0.001511531,1.097019908,0.014042834,0.007863987,2025,6,3127310,2.18304404,,,,
,,,2.048246571,0.024755236,0.001298308,0.216018079,0.00257121,0.001439878,2025,6,4372505,0.56915881,,,,
,,,10.58639004,0.077054322,0.003177195,0.914863478,0.009720335,0.005443388,2025,6,4043016,2.48169055,,,,
,,,13.06876551,0.112851783,0.006993749,1.254604572,0.011946601,0.006690096,2025,6,4045305,3.23951473,,,,
,,,12.47480691,0.084545154,0.00454352,1.466771289,0.013966896,0.007821462,2025,6,3052096,3.21533575,,,,
,,,4.896876423,0.045327996,0.002012719,0.496482142,0.005909505,0.003309323,2025,6,4360967,1.25570055,,,,
,,,8.870308654,0.042556679,0.002410579,0.786301994,0.015094144,0.008452721,2025,6,4431210,1.91698705,,,,
,,,1.466660445,0.010137069,0.001189345,0.206603322,0.001842957,0.001032056,2025,6,3125107,0.41445501,,,,
,,,9.442227878,0.082282116,0.003392754,0.957702009,0.011399292,0.006383604,2025,6,4047422,2.38993673,,,,
3.3542667,0.026514684,0.002001214,10.25656044,0.101959473,0.005730368,0.941203238,0.028348761,0.014847199,2025,6,4360763,3.05964807,,,,
1.806183273,0.018912475,0.000751054,15.88231963,0.070909949,0.009113644,1.184998597,0.028244787,0.015267369,2025,6,4061956,3.49192753,,,,
,,,32.03117306,0.104778772,0.005046895,2.430930048,0.046665033,0.026132419,2025,6,4428796,6.22178089,,,,
,,,2.125371357,0.020695288,0.001051667,0.181259254,0.002783616,0.001558825,2025,6,3122168,0.51702729,,,,
,,,6.910157366,0.050605621,0.003136176,0.555986896,0.01067293,0.005976841,2025,6,3919510,1.54523703,,,,
,,,4.132055941,0.029105099,0.001648628,0.418791222,0.004984769,0.002791471,2025,6,2531358,1.00447312,,,,
,,,3.962630245,0.04364744,0.002218021,0.435005524,0.005177764,0.002899548,2025,6,4383440,1.09192683,,,,
,,,1.298870824,0.006631533,0.000281107,0.089358322,0.001715355,0.000960599,2025,6,4401805,0.31768394,,,,
,,,16.40840288,0.164958306,0.008651369,1.292951759,0.024819981,0.013899189,2025,6,4369466,3.91370024,,,,
4.78107493,0.031115768,0.002348484,3.195692507,0.026119738,0.001467992,0.463412714,0.025792234,0.012643312,2025,6,4240631,1.66109333,,,,
,,,4.880962891,0.020622331,0.000874073,0.487888059,0.005807212,0.003252039,2025,6,4259324,1.09511571,,,,
,,,10.35801857,0.107829153,0.006060258,1.059596364,0.012612116,0.007062785,2025,6,4361988,2.74070104,,,,
,,,2.221136654,0.01935758,0.001040291,0.236092507,0.002810151,0.001573685,2025,6,4244049,0.57335926,,,,
,,,10.55706608,0.087724467,0.003895268,0.930670124,0.017865488,0.010004673,2025,6,4426990,2.54920929,,,,
66.98754285,0.760949908,0.020522656,26.38483641,0.172811681,0.006806404,3.328152223,0.109314905,0.052334949,2025,7,4429795,18.22083391,,,,
76.3390931,0.57448451,0.031644728,41.99933809,0.320718651,0.015355919,5.495330123,0.176834808,0.085650569,2025,7,3117251,22.62776036,,,,
2.016523512,0.009360112,0.000715298,71.80483254,0.34068615,0.014643094,6.735760555,0.104640997,0.058052295,2025,7,4362628,16.13554593,,,,
80.5677029,0.672635658,0.017347174,46.28648128,0.249087085,0.010444805,4.630315444,0.187463664,0.090284186,2025,7,4430807,22.72603495,,,,
,,,61.93355049,0.52589572,0.018151674,6.97253944,0.074247302,0.041578489,2025,7,4361307,16.27637718,,,,
0.832109558,0.007487903,0.000201947,85.71772224,0.590944093,0.02327507,7.959306021,0.089579495,0.050011158,2025,7,4374302,20.15417689,,,,
1.440288457,0.012747742,0.000697314,87.64576654,0.614048956,0.022982391,6.787654944,0.086798866,0.048314923,2025,7,4241389,19.4100622,,,,
1.505887763,0.01043843,0.000300742,102.2025277,0.418060421,0.015948714,7.209578978,0.131941807,0.073413139,2025,7,4430878,20.04057226,,,,
113.5809367,1.229657819,0.046660812,21.10339898,0.099196098,0.011406517,2.990122424,0.18872919,0.089019972,2025,7,4242335,24.37475421,,,,
70.82660287,0.430434134,0.013807085,23.88725418,0.139300314,0.007872794,3.266990745,0.113921654,0.054329389,2025,7,3929630,16.09449012,,,,
82.8281105,0.498740665,0.029827359,37.56661795,0.290308006,0.011416434,4.859505403,0.183159865,0.088178037,2025,7,4429160,21.54423779,,,,
35.08776703,0.659124156,0.021142801,,,,,0.577015044,0.274716285,2025,7,4040715,19.85169944,230.1897414,1.118223175,0.063198286,0.463397079
74.62891473,0.300603019,0.02936439,26.34173585,0.133808957,0.008318321,3.799646216,0.17780094,0.085079616,2025,7,4890973,16.41308132,,,,
,,,81.7000639,0.570127376,0.035262549,6.615943836,0.101570304,0.05687937,2025,7,4262921,18.16616284,,,,
,,,70.96784666,0.666092454,0.024930255,4.719698435,0.094393969,0.052860622,2025,7,4426354,15.75966709,,,,
72.22531442,0.546223216,0.020882382,22.79447472,0.146697262,0.004660844,3.043874169,0.235118838,0.111814726,2025,7,4430737,16.53701295,,,,
31.55663267,0.286436978,0.01433236,,,,,0.554048741,0.264119,2025,7,4431452,19.93666141,229.264213,1.822588067,0.101175297,0.557980913
0.619360386,0.003789864,0.0003405,82.6760938,0.547367667,0.031783845,6.061058078,0.096861529,0.054067981,2025,7,4258173,17.65621741,,,,
45.46379504,0.228229855,0.017441286,19.41492526,0.073134026,0.003143387,3.240865352,0.17716544,0.085438204,2025,7,4362238,11.41189361,,,,
,,,79.4072199,0.458260655,0.019215944,6.161316742,0.109484067,0.061311078,2025,7,4426502,16.77030439,,,,
,,,75.4409982,0.331783379,0.018751302,5.421984707,0.08984564,0.050313558,2025,7,4047646,14.89603029,,,,
77.69686885,0.910555787,0.025776308,25.64396819,0.120201963,0.004576751,2.849111132,0.195214537,0.092414615,2025,7,4047365,19.24877222,,,,
,,,50.00232315,0.27795689,0.011946916,4.369241187,0.067113887,0.037583777,2025,7,4239993,10.98771112,,,,
1.711359417,0.048603688,0.001844324,52.09467477,0.296319692,0.034073676,4.997919404,0.066052383,0.036332997,2025,7,4431459,12.44897911,,,,
3.855659208,0.049381015,0.001331795,66.28128357,0.350696354,0.013812613,3.826384275,0.06913638,0.037841232,2025,7,4426388,13.19697312,,,,
40.57001744,0.302546322,0.015138418,21.14269344,0.12873465,0.007146303,2.760319934,0.089626241,0.043197895,2025,7,4432710,11.54886902,,,,
59.61844632,0.335972342,0.01710873,20.20946385,0.082988842,0.005237565,2.930311283,0.106857559,0.05104426,2025,7,4239996,13.37229347,,,,
,,,96.89736579,0.643037823,0.020430505,5.771098915,0.081396305,0.045581931,2025,7,16800,19.27090844,,,,
68.40281978,0.47619562,0.029261138,24.92417511,0.127108722,0.00736891,2.842584165,0.183880712,0.087272044,2025,7,4259545,15.69867971,,,,
77.95093883,0.370164726,0.026700458,16.41202467,0.124747041,0.006425394,2.296553059,0.172850441,0.081607128,2025,7,4038815,14.6421109,,,,
,,,64.33449732,0.334955451,0.01381888,5.664818446,0.104682876,0.058622411,2025,7,4612826,14.02115982,,,,
,,,55.168012,0.445337181,0.020979615,4.612294916,0.080550524,0.045108294,2025,7,3128429,12.75498584,,,,
72.17338764,0.633430826,0.034649288,23.49638201,0.150464388,0.005631524,3.451562598,0.169764088,0.081053629,2025,7,4361579,17.64484721,,,,
2.88019229,0.044973493,0.001719359,,,,,0.558698513,0.267705392,2025,7,12483,17.14675189,293.9887349,1.648985058,0.052391317,0.677084247
11.38777495,0.139195135,0.007614111,,,,,0.494742522,0.236850186,2025,7,2577417,21.79197114,294.8917373,2.428341871,0.090887058,0.713698055
,,,72.31988829,0.352427212,0.016488018,6.345152525,0.109877544,0.061531425,2025,7,4361370,15.60451581,,,,
79.09871607,0.385604117,0.034860911,24.74408884,0.138832496,0.017327328,2.807179663,0.233683439,0.110376251,2025,7,4427366,16.22788381,,,,
,,,40.77007432,0.377046586,0.015939969,4.44075419,0.051768775,0.028990514,2025,7,15847,10.75530805,,,,
,,,42.60610711,0.182563504,0.007655316,3.403028871,0.028353794,0.015878124,2025,7,4360248,8.74332499,,,,
,,,65.68712912,0.436736936,0.017174788,5.290073896,0.08438422,0.047255163,2025,7,4372016,14.42127367,,,,
71.63837295,0.561234844,0.026247684,23.42872386,0.137967115,0.006495841,2.931336798,0.155076807,0.073749907,2025,7,4569987,16.55533747,,,,
,,,53.57868865,0.504981718,0.026010289,4.145893981,0.079586116,0.044568225,2025,7,4685472,12.49863836,,,,
,,,55.71408149,0.269475518,0.015229868,5.32850566,0.084188598,0.047145615,2025,7,4241478,12.45515542,,,,
,,,60.6898864,0.390038232,0.021651757,5.271059714,0.08913194,0.049913887,2025,7,2976212,13.62610549,,,,
52.54751545,0.456271986,0.013145673,11.86510888,0.046538648,0.001775417,1.606984042,0.07554551,0.035587595,2025,7,4567048,11.02576927,,,,
19.04722237,0.124133791,0.005472007,19.31353936,0.106378645,0.005011446,2.789600648,0.062922952,0.031432957,2025,7,4568490,8.03539421,,,,
,,,52.59461497,0.458351723,0.017155014,5.815850551,0.082668137,0.046294157,2025,7,4242355,13.7693281,,,,
,,,57.10527308,0.381676946,0.018274585,5.029330481,0.056600118,0.031696066,2025,7,3040151,13.0045705,,,,
,,,58.30769306,0.232702793,0.026758395,5.570943716,0.099866059,0.055924993,2025,7,4035687,12.74223058,,,,
1.468303652,0.012810161,0.000855884,58.2618946,0.453896142,0.027697068,4.05435099,0.082565177,0.045762864,2025,7,4567750,12.79536681,,,,
,,,50.16876148,0.257013594,0.014525561,5.177296104,0.065167909,0.036494029,2025,7,3121023,11.69403888,,,,
24.13381182,0.18766373,0.008272503,,,,,0.357388516,0.170608936,2025,7,4426338,16.69425296,221.4710441,1.472865603,0.069385972,0.709474455
,,,63.98831119,0.520288072,0.031748351,4.476836228,0.060157304,0.03368809,2025,7,16737,13.9951063,,,,
48.65841438,0.638576461,0.01722227,12.68296676,0.042679326,0.001680979,1.61946043,0.082994794,0.039212486,2025,7,4035538,11.80270479,,,,
,,,27.79688986,0.216231148,0.007463376,2.58289257,0.044936939,0.025164686,2025,7,4360761,6.62575382,,,,
1.259810628,0.011185145,0.000569581,69.3100001,0.292679281,0.018471482,5.100254873,0.071311359,0.039656672,2025,7,4432773,13.94107528,,,,
16.89263723,0.068000429,0.004987985,,,,,0.465358183,0.222577625,2025,7,4038941,17.75756045,271.0793267,1.6313009,0.067300746,0.709902364
,,,55.21537125,0.434219919,0.014987417,4.419863713,0.078399757,0.043903864,2025,7,4432708,12.49095746,,,,
1.458320439,0.008714395,0.000317783,50.73070608,0.137419347,0.008188934,5.317545046,0.074811121,0.041558545,2025,7,4569587,11.34912049,,,,
,,,40.66691629,0.238207047,0.011405286,3.436884845,0.062724157,0.035125528,2025,7,3886598,8.88703427,,,,
,,,36.30366944,0.41496201,0.023035323,3.217746063,0.031197866,0.017470805,2025,7,3046439,9.3498361,,,,
18.27884443,0.103762107,0.00693265,,,,,0.582566933,0.278518316,2025,7,3052587,19.31801172,255.154584,2.000814305,0.122091124,0.529128432
28.7240684,0.228142446,0.014018834,,,,,0.484288494,0.230967502,2025,7,4431611,19.07091652,222.6387298,1.778414238,0.103100517,0.487317417
2.595079052,0.050273389,0.001355863,,,,,0.45036652,0.215746764,2025,7,3046779,16.83040045,271.0058196,1.748297378,0.068858873,0.642493013
0.722514687,0.005553256,0.000249279,53.8278328,0.559421286,0.023650016,4.945937149,0.101426974,0.056548283,2025,7,4428331,13.72819717,,,,
17.62942721,0.084550396,0.003083249,7.346223962,0.031247881,0.001862087,1.090842555,0.066635888,0.031953448,2025,7,4360516,4.30202551,,,,
10.00675693,0.070382727,0.004324859,39.21741512,0.310561724,0.018004284,3.351974585,0.08750755,0.045729262,2025,7,3915416,10.51556846,,,,
38.77140609,0.444401312,0.020783644,24.31687298,0.130635043,0.006150629,3.323658759,0.137538394,0.067028704,2025,7,4371733,13.06251556,,,,
,,,64.44143752,0.609950299,0.035360823,4.091483036,0.081829661,0.04582461,2025,7,4431299,14.17656101,,,,
30.79238877,0.251287485,0.009163553,,,,,0.607750847,0.28966234,2025,7,4689114,13.78124455,196.5525085,0.836721661,0.049860944,0.784725269
53.71228879,0.323460766,0.010195006,10.63951868,0.029174925,0.001105607,1.613424899,0.166104684,0.078127943,2025,7,3916148,10.03515113,,,,
1.079270577,0.012211461,0.000441912,47.48724846,0.344679768,0.011332662,4.767658615,0.06007129,0.033307621,2025,7,5083076,11.7241758,,,,
,,,69.65090635,0.750127985,0.035317925,4.381538414,0.078975544,0.044226304,2025,7,4047650,15.8316622,,,,
61.93848341,0.596803103,0.029862055,13.68660381,0.08400318,0.004663175,1.787922237,0.326021048,0.153417485,2025,7,4569173,13.25210048,,,,
35.7832331,0.227185613,0.020411467,16.28860635,0.083327596,0.00483856,2.09710599,0.105980746,0.050621818,2025,7,4429059,9.11942161,,,,
,,,57.19038683,0.388961422,0.016046944,5.541923717,0.099659936,0.055809564,2025,7,15818,13.51783969,,,,
55.52850135,0.171305798,0.011734967,33.24468361,0.127691188,0.005973928,4.8357854,0.131257712,0.064168202,2025,7,3054850,15.4176352,,,,
8.602730854,0.080058738,0.003593746,50.96252737,0.498800451,0.021087218,4.013288716,0.072465745,0.038727083,2025,7,4683062,13.41679143,,,,
0.721029463,0.005055064,0.000502839,51.20010909,0.442046309,0.027340696,4.053408523,0.056046362,0.031228078,2025,7,4429205,11.92284353,,,,
17.04801619,0.296103362,0.015078481,,,,,0.536625164,0.256525708,2025,7,4360310,15.08474348,232.7816068,1.080740351,0.068207341,0.849292107
15.53736119,0.158850137,0.004496781,,,,,0.439148411,0.209932933,2025,7,4036378,17.35772048,252.401655,1.6373535,0.062343072,0.759995248
104.6693876,0.580716737,0.021015137,8.745234362,0.049784426,0.001636853,1.267680968,0.156476087,0.072883645,2025,7,4685702,16.29581483,,,,
16.38669897,0.198229952,0.00646298,,,,,0.50139195,0.239791004,2025,7,2578570,16.58270884,217.255387,1.67949131,0.057968867,0.658031586
19.41237159,0.14574184,0.008955505,6.589197069,0.043154761,0.002501823,0.881074872,0.051289414,0.024379073,2025,7,4608686,4.59012189,,,,
47.46224113,0.49207869,0.014177302,7.956865588,0.018533241,0.00070703,1.123856452,0.060164348,0.028176855,2025,7,4426385,9.70444366,,,,
43.80066414,0.229229772,0.016534638,9.36483565,0.059988322,0.003089842,1.530500382,0.08234237,0.038950051,2025,7,4241416,8.54587978,,,,
,,,56.70618233,0.44799969,0.017057817,4.123782994,0.076263754,0.042707702,2025,7,4361432,12.44463845,,,,
,,,30.96252695,0.192881623,0.009023809,3.276523996,0.044852571,0.02511744,2025,7,3929645,7.49906117,,,,
2.250258264,0.013671599,0.001002843,70.73434038,0.443137912,0.018282042,4.91323954,0.083944728,0.046377328,2025,7,4429025,14.90058558,,,,
,,,38.45630343,0.242379476,0.014991243,4.195524781,0.042897869,0.024022807,2025,7,4036133,9.47850285,,,,
,,,37.47657142,0.248955547,0.014456032,3.761368895,0.038887354,0.021776919,2025,7,3117256,8.98914417,,,,
31.02294589,0.382577075,0.017173453,,,,,0.469679191,0.22412688,2025,7,3139477,22.03344846,228.8023488,2.166231394,0.091579294,0.481499922
1.56474845,0.010498385,0.000462785,37.08345841,0.246505375,0.011612747,2.95534094,0.060293479,0.033292629,2025,7,4431280,8.32133999,,,,
,,,54.16191589,0.399536882,0.015736258,5.193394925,0.043270996,0.024231758,2025,7,4430027,12.99095681,,,,
,,,56.57594569,0.341239756,0.011219558,4.041399487,0.063123739,0.035349294,2025,7,4241463,11.69984112,,,,
33.30560324,0.392524454,0.01761998,4.44291806,0.039877142,0.00168584,0.761785835,0.084456764,0.039524472,2025,7,3059915,7.09284224,,,,
50.47491809,0.292489226,0.013655699,,,,,0.485107503,0.23082765,2025,7,4426348,23.5702224,240.9632746,2.070524428,0.119056995,0.484691775
17.2545702,0.083881414,0.007536317,,,,,0.406548711,0.194378378,2025,7,4432577,17.72551171,262.88748,1.648771566,0.095738757,0.721176324
1.777963551,0.007248427,0.000496539,50.22715425,0.287265741,0.013439492,4.226336371,0.089427587,0.049552289,2025,7,4032473,11.28271562,,,,
50.94466013,0.317401905,0.014247813,15.04277252,0.113935747,0.004816732,2.362087529,0.103271978,0.049228955,2025,7,4361529,11.49125189,,,,
,,,30.63138231,0.223185722,0.009207722,3.182376991,0.037879054,0.02121227,2025,7,4595342,7.56162246,,,,
,,,20.90943296,0.178006365,0.010319614,1.987054141,0.023651419,0.013244795,2025,7,4723086,5.14080927,,,,
66.72716251,0.718556128,0.048008834,25.34283761,0.153153776,0.009345553,3.595717707,0.157545291,0.075251353,2025,7,4697815,18.00134121,,,,
33.8323488,0.340663208,0.011106795,19.08423436,0.106099744,0.00366211,3.213087174,0.095788573,0.046680426,2025,7,4240657,11.12402616,,,,
76.22629928,0.40964372,0.040748218,14.91100954,0.074238385,0.004591666,2.245907927,0.260915285,0.123195351,2025,7,4360569,14.11412051,,,,
,,,44.88256901,0.242674098,0.027904992,2.975445149,0.047359559,0.026521353,2025,7,4360078,8.92376192,,,,
49.91667993,0.302322141,0.022176012,20.27157345,0.096914279,0.003998283,2.868446333,0.146239537,0.070092428,2025,7,4430968,12.19871192,,,,
7.605699857,0.087823007,0.002530273,,,,,0.535742519,0.256408478,2025,7,3912547,14.8852237,252.2407976,1.333680307,0.050878974,0.7173995
73.02023994,0.883490157,0.041248275,13.59304495,0.086154746,0.004953974,1.707821065,0.226327316,0.106364347,2025,7,4575131,16.07267078,,,,
,,,52.03640436,0.27398672,0.010452402,3.919051792,0.063498186,0.035558984,2025,7,2977187,10.71807338,,,,
,,,50.14022568,0.287405047,0.012051567,3.472073058,0.04665584,0.02612727,2025,7,4040655,10.18360622,,,,
1.688458263,0.013662596,0.000839535,19.7376929,0.162807899,0.009438509,1.681791223,0.037781998,0.020608148,2025,7,4685278,4.9125974,,,,
,,,35.09379554,0.226612851,0.013504049,3.641515459,0.043344067,0.024272677,2025,7,4429148,8.49018086,,,,
26.21817241,0.184917788,0.007069498,6.230696258,0.022858283,0.00072625,0.82196943,0.049827207,0.02350709,2025,7,4429096,5.30383694,,,,
,,,30.76539389,0.276125952,0.010534013,2.965650227,0.035299408,0.019767669,2025,7,4576297,7.68140802,,,,
4.30624294,0.016926583,0.001653472,58.09188958,0.228759357,0.014220975,4.461390928,0.069062173,0.037763575,2025,7,4428718,12.18704271,,,,
25.45801623,0.65808368,0.024971759,,,,,0.473146883,0.225813401,2025,7,3917792,18.37875168,223.1680478,1.116449172,0.128380017,0.687813688
1.199596697,0.016460655,0.000725611,37.6457665,0.161175635,0.007592905,4.403628995,0.061086502,0.033879229,2025,7,3051876,9.30447563,,,,
41.21469795,0.306436258,0.027531733,13.7241817,0.054994112,0.003193328,1.773447482,0.074638011,0.035396955,2025,7,3128720,9.42854188,,,,
14.53457501,0.106030509,0.003001546,5.377043207,0.028597873,0.001088879,0.714501567,0.031327798,0.014982286,2025,7,4887558,3.50742138,,,,
73.9512331,0.529687566,0.023349434,7.449394462,0.044197069,0.002082102,1.238443581,0.074888788,0.035001205,2025,7,4241985,12.80465481,,,,
,,,39.45410164,0.491289822,0.028249602,4.310786813,0.046020574,0.025771522,2025,7,15835,11.21010407,,,,
1.70984143,0.018678563,0.00070878,32.92146825,0.151302963,0.017398263,2.143744199,0.046444702,0.025479774,2025,7,4597500,6.61324286,,,,
4.7566831,0.05470325,0.002553978,,,,,0.009035285,0.004156231,2025,7,4362619,0.8009221,,,,
8.245956697,0.061122501,0.001730276,49.61856071,0.321701622,0.012248954,3.608452749,0.094881718,0.05057251,2025,7,4701936,11.65573321,,,,
,,,32.88325063,0.198942769,0.011551954,2.675522684,0.051360324,0.028761781,2025,7,4877706,7.12444071,,,,
2.909450355,0.014064736,0.00051289,1.342417693,0.003306223,0.000197021,0.225099911,0.010363664,0.005006668,2025,7,4040761,0.80306167,,,,
,,,17.73140521,0.070552839,0.004452708,1.699279295,0.033985586,0.019031928,2025,7,4432620,4.0841584,,,,
22.30776581,0.150538307,0.004744745,19.03490037,0.062469645,0.002367337,2.468552455,0.068364635,0.033520015,2025,7,4428557,7.82985692,,,,
37.48664074,0.396405409,0.010223237,3.546090047,0.012676345,0.000531549,0.508888065,0.042145807,0.019614042,2025,7,4373626,7.05004581,,,,
14.19191563,0.077041841,0.002788011,6.982429826,0.046625573,0.001532994,1.018184218,0.033986134,0.016541869,2025,7,5081397,3.85408152,,,,
,,,45.47736097,0.19675239,0.012417374,4.17773642,0.080197375,0.04491053,2025,7,4685415,9.88228794,,,,
12.92572934,0.140018637,0.009591702,8.226923399,0.060222161,0.002817444,0.99206095,0.045811671,0.022285995,2025,7,2468609,4.4283906,2.559401804,0.014010568,0.000578887,0.010707416
,,,7.584201244,0.061376294,0.001950039,0.76193958,0.008842718,0.004951922,2025,7,4242557,1.8828471,,,,
40.93188391,0.474752247,0.01547856,10.76060506,0.053575524,0.001849198,1.606888814,0.136268952,0.064497286,2025,7,4427728,9.90207138,,,,
,,,32.91513958,0.359343561,0.014131275,3.127145281,0.026055151,0.014590885,2025,7,2576925,8.57449139,,,,
61.77862113,0.451735374,0.016473168,19.07953164,0.09274595,0.005526809,2.782358355,0.175729083,0.083440249,2025,7,4696981,14.01681903,,,,
,,,36.22512416,0.299525089,0.018277236,3.240745332,0.04293975,0.02404626,2025,7,4243331,8.65000423,,,,
,,,38.5955856,0.319626554,0.017743072,2.828060911,0.043430803,0.02432125,2025,7,4429022,8.59336844,,,,
8.11629808,0.087316949,0.004083616,,,,,0.370138635,0.177170226,2025,7,8439,17.43725709,232.4207984,2.071256172,0.097519986,0.669388895
5.94044913,0.05507795,0.001735976,34.53399396,0.125500758,0.004755952,2.86408961,0.075930773,0.040426168,2025,7,4431268,8.10941515,,,,
,,,42.33279256,0.245836291,0.009360342,3.7164667,0.040660466,0.022769861,2025,7,4572680,9.39901866,,,,
,,,27.08753889,0.260184482,0.010999523,2.430039743,0.044000049,0.024640027,2025,7,4241372,6.67378352,,,,
,,,4.066783197,0.032005139,0.001532397,0.465852542,0.005544929,0.00310516,2025,7,4259147,1.06156257,,,,
21.14487421,0.137578528,0.007578333,5.315764273,0.029674087,0.001420787,0.793846155,0.057331736,0.027194813,2025,7,4241474,4.40854631,,,,
47.50278413,0.451654807,0.040832287,,,,,0.712634549,0.338991384,2025,7,4362887,18.32547423,191.1570374,1.122335436,0.140075806,0.486514844
14.09536366,0.108736872,0.005537211,6.877631287,0.03322457,0.002096858,1.068651078,0.040870475,0.019753684,2025,7,4882093,4.02292793,,,,
25.19817909,0.222068204,0.014837026,9.218007755,0.044665568,0.002725525,1.243563467,0.067233289,0.032094199,2025,7,4430871,6.28470244,,,,
1.695545801,0.009994947,0.000720948,20.89031007,0.21971372,0.01131688,1.836286887,0.039334899,0.021487897,2025,7,4430034,5.45526234,,,,
3.118623144,0.02393087,0.000767633,,,,,0.01009539,0.004643879,2025,7,4429013,0.49312474,,,,
15.99484309,0.125969706,0.009086357,,,,,0.469633978,0.224617756,2025,7,4685720,15.26797035,181.0857174,1.799782252,0.092702081,0.648325634
16.43238607,0.127367005,0.0069671,6.799823717,0.042087253,0.001575226,0.859380361,0.041443438,0.019830572,2025,7,4685279,4.19503511,,,,
,,,44.3454917,0.213870287,0.013295386,4.698260367,0.044737794,0.025053165,2025,7,4429086,10.3936977,,,,
0.740866264,0.006632768,0.000443155,26.69998173,0.211821451,0.012925497,2.025052584,0.041241836,0.022858611,2025,7,4608810,6.06196878,,,,
13.94730689,0.142862573,0.006681359,,,,,0.028883149,0.013286249,2025,7,4819231,2.23945835,,,,
10.70210429,0.064619055,0.003864565,35.74646468,0.240092312,0.00944169,3.067797172,0.092792044,0.048491228,2025,7,4569603,9.6767528,,,,
,,,23.31722786,0.23721597,0.012218375,2.080166296,0.039931642,0.02236172,2025,7,4695883,5.81595421,,,,
,,,29.58557977,0.262459458,0.012357256,2.938122659,0.047985209,0.026871717,2025,7,3054212,7.44367446,,,,
5.480164114,0.025994071,0.001554584,,,,,0.541741974,0.259431771,2025,7,4241479,15.43098167,233.5022466,1.889375821,0.074300173,0.908859142
4.168105975,0.031523401,0.0013896,30.37821303,0.184722358,0.008702179,2.355730337,0.062165177,0.033307442,2025,7,4686472,7.20196426,,,,
15.95211808,0.066999896,0.002424611,14.34787816,0.07248418,0.002383194,2.271209357,0.036935038,0.018560394,2025,7,4372019,6.19388123,,,,
,,,41.75802625,0.187262484,0.02337175,4.139883665,0.049276022,0.027594572,2025,7,4808766,9.43211755,,,,
,,,51.6555794,0.202271309,0.007665234,4.036857794,0.077493017,0.043396089,2025,7,4883647,10.34662788,,,,
4.255175048,0.030820259,0.002355279,,,,,0.586712466,0.281253438,2025,7,11252,11.89866198,231.2765978,1.142429205,0.049102958,1.044223702
,,,43.56860424,0.094084057,0.003565391,4.046341913,0.046539476,0.026062106,2025,7,4360635,8.92394325,,,,
24.27808524,0.10653659,0.008141508,12.46796693,0.054097427,0.002325171,1.746629014,0.068376618,0.033045297,2025,7,3116389,6.36845144,,,,
16.25895201,0.034999552,0.003418929,,,,,0.405005406,0.193732679,2025,7,15864,13.7451589,250.6826392,1.10063038,0.068421405,1.143728004
20.1513013,0.139821435,0.00836207,3.3980492,0.021700063,0.00085336,0.489890627,0.051123288,0.023953708,2025,7,4711533,3.78582811,,,,
9.582764367,0.069417725,0.002187944,,,,,0.622162315,0.297802324,2025,7,4688380,12.81517501,252.2770407,0.839902051,0.031828764,0.749583187
0.821764202,0.005552287,0.000277818,24.03481313,0.186402672,0.010347563,1.956540915,0.041930541,0.023201131,2025,7,4427095,5.5698809,,,,
,,,45.10746302,0.242159509,0.011594529,4.308216582,0.08274658,0.046338085,2025,7,3045523,10.20461683,,,,
1.107740661,0.005862918,0.000448043,23.05935845,0.138222805,0.00594098,2.236422206,0.037195881,0.0205446,2025,7,4368003,5.4903193,,,,
,,,13.16830593,0.113624569,0.005349732,1.288601188,0.01879029,0.010522563,2025,7,4361411,3.27732973,,,,
,,,19.13470339,0.175985735,0.0097693,1.505415686,0.020228962,0.011328219,2025,7,2991662,4.4722166,,,,
,,,3.641755071,0.038443736,0.002377757,0.466183368,0.007672256,0.004296464,2025,7,16460,1.05738668,,,,
10.32591918,0.18837039,0.004858044,,,,,0.396706536,0.189796116,2025,7,4360423,15.60558224,248.15766,1.304880333,0.054716692,0.726558497
,,,6.171975466,0.042392611,0.001983304,0.640292684,0.012291295,0.006883125,2025,7,4569559,1.50237085,,,,
,,,13.3256704,0.101549113,0.003999638,1.071912152,0.020576823,0.011523021,2025,7,5123663,2.9992701,,,,
1.474954936,0.011380923,0.000622548,,,,,0.004543066,0.00208981,2025,7,5083754,0.21296651,,,,
,,,8.994601191,0.055136087,0.002099335,0.885283333,0.008429849,0.004720715,2025,7,4428085,2.11053981,,,,
2.215052408,0.019174638,0.001281114,32.90033274,0.299075379,0.018249794,2.535442613,0.046187849,0.025276871,2025,7,2976592,7.9462073,,,,
11.84540219,0.071039621,0.006422405,12.54067461,0.056457943,0.007046371,1.65492064,0.033872916,0.016762529,2025,7,4695404,4.92303501,,,,
0.829766596,0.007035093,0.000352013,7.121322134,0.060362656,0.003350845,0.565836434,0.013549232,0.007318847,2025,7,4613202,1.75845742,,,,
14.21052965,0.171502193,0.008007072,18.61490414,0.091797133,0.005278417,2.427141918,0.044633902,0.022513906,2025,7,3127586,7.27220042,,,,
2.389191103,0.01838061,0.000520324,6.930159479,0.033900364,0.001290774,0.957926895,0.010644537,0.005580084,2025,7,3149687,2.19629063,,,,
8.503294127,0.05417095,0.001737648,3.201147979,0.012214033,0.000690297,0.46421101,0.021249476,0.010188848,2025,7,4431545,2.08574926,,,,
,,,7.836913671,0.049539206,0.002043783,0.707483852,0.013581122,0.007605428,2025,7,4686612,1.77764597,,,,
,,,24.25094088,0.132405228,0.00420676,1.844463206,0.035406999,0.019827919,2025,7,4710855,5.03368234,,,,
3.728730832,0.040104905,0.001307558,13.04709861,0.097870264,0.003378064,1.492139496,0.042659585,0.022607688,2025,7,4037235,4.09164001,,,,
,,,29.01733568,0.187443284,0.007150831,1.966179354,0.037743507,0.021136364,2025,7,4597703,6.02239294,,,,
4.178465628,0.030992426,0.001391215,12.35393265,0.091904242,0.003885331,1.749796069,0.024558295,0.012857681,2025,7,4596602,4.18476786,,,,
,,,8.898809817,0.085608456,0.003619171,0.899924697,0.016567465,0.00927778,2025,7,3120348,2.2925766,,,,
,,,43.00278477,0.190547267,0.011845495,3.647334277,0.070015579,0.039208724,2025,7,4603186,9.0380179,,,,
,,,7.132216616,0.063609989,0.002505359,0.732693775,0.00697686,0.003907041,2025,7,4242392,1.82495621,,,,
,,,13.09386334,0.101431954,0.004778409,1.220950086,0.02343781,0.013125174,2025,7,4600981,3.12285261,,,,
8.752816489,0.051966735,0.002842631,18.66773846,0.170158399,0.006368624,1.441051806,0.057220567,0.029203565,2025,7,3676833,5.66631744,,,,
,,,31.53571925,0.124796607,0.005363906,3.873221274,0.037675898,0.021098503,2025,7,4036131,7.74509965,,,,
,,,34.997364,0.219038124,0.008339989,2.372242944,0.047444859,0.026569121,2025,7,4428850,7.15100237,,,,
42.95865496,0.130188895,0.008918335,5.395164652,0.02258479,0.001056611,0.784049618,0.043643512,0.020425712,2025,7,4599739,6.58767486,,,,
3.435004236,0.024701205,0.001517833,32.36075849,0.21591177,0.012517115,2.784926015,0.06715425,0.036460807,2025,7,3917914,7.76509842,,,,
,,,25.75772453,0.225547849,0.013950202,2.103778246,0.039562333,0.022154906,2025,7,4382466,6.01747239,,,,
8.295249815,0.065511378,0.003608609,,,,,0.533555234,0.255377175,2025,7,4241464,14.64007258,235.4864575,1.527290838,0.073126255,0.883978852
,,,36.91449225,0.316162582,0.039459441,3.109622374,0.048644885,0.027241135,2025,7,3115306,8.7237677,,,,
,,,25.94601327,0.068013109,0.002577411,2.493447573,0.038475927,0.021546519,2025,7,2577327,5.45920334,,,,
19.78778284,0.144409878,0.010592791,6.799578145,0.025915323,0.001069159,1.021378738,0.056792172,0.027088077,2025,7,4372071,4.72419001,,,,
1.216099303,0.007632723,0.000685761,29.81485822,0.188281965,0.010932916,2.449363228,0.051287364,0.028294076,2025,7,4586312,6.830819,,,,
,,,4.918660845,0.05369223,0.002269885,0.371496531,0.005705108,0.00319486,2025,7,4362921,1.18381665,,,,
,,,36.20362085,0.202068877,0.006420103,3.455256305,0.033522177,0.018772419,2025,7,2573401,8.26420902,,,,
,,,43.57009661,0.351593979,0.020216966,3.228751161,0.061980303,0.03470897,2025,7,4426948,9.80443374,,,,
,,,25.3254115,0.255622684,0.012035363,2.280764249,0.027147378,0.015202532,2025,7,4430802,6.34142117,,,,
3.5073334,0.017555273,0.000773863,5.935343404,0.032613505,0.001536406,1.05221724,0.013452334,0.006972382,2025,7,4722893,2.28852856,,,,
,,,14.45862059,0.130912697,0.007589439,1.487849811,0.016055305,0.008990971,2025,7,4258595,3.71680859,,,,
,,,22.30288873,0.242225555,0.00952558,1.614342993,0.025506077,0.014283403,2025,7,3929785,5.28914155,,,,
3.685005477,0.02330834,0.001186931,30.73927953,0.158828885,0.010023958,2.56472637,0.063693711,0.03442856,2025,7,4361577,7.05522288,,,,
1.416031824,0.012498638,0.000477829,43.13590951,0.167065981,0.005307996,2.801599283,0.048452657,0.026741778,2025,7,4360797,8.29354722,,,,
12.9466873,0.091827677,0.009134314,,,,,0.506804274,0.242479317,2025,7,2573079,16.10511248,234.600338,1.741555045,0.107715701,0.926438705
,,,12.33295567,0.086841896,0.004062827,1.282719319,0.018722264,0.010484468,2025,7,16731,3.02471738,,,,
3.309858791,0.035574362,0.002185964,,,,,0.006743244,0.003101892,2025,7,4426386,0.5427784,,,,
,,,35.97062927,0.142446421,0.008855275,2.698753246,0.051806266,0.029011509,2025,7,4432775,7.11155023,,,,
,,,27.18388482,0.129216097,0.004896748,2.751784047,0.032753812,0.018342135,2025,7,4686728,6.21944234,,,,
15.12068212,0.062588099,0.006113915,3.495356085,0.021017491,0.001306566,0.547335625,0.040217468,0.019093048,2025,7,2576414,2.96197612,,,,
5.044429433,0.052144468,0.002434514,47.12828013,0.366963055,0.021100702,3.40057106,0.068016813,0.036847695,2025,7,2576581,11.1076562,,,,
,,,34.20749155,0.19896838,0.011553441,2.730940524,0.052424145,0.029357521,2025,7,4686422,7.3112778,,,,
,,,23.60391539,0.244690268,0.012603356,2.517850033,0.029969352,0.016782837,2025,7,4431588,6.33881622,,,,
,,,17.04433367,0.173224583,0.006483384,1.356698916,0.024065191,0.013476507,2025,7,4249417,4.12151495,,,,
,,,15.98522946,0.100197751,0.003822474,1.386686513,0.01650539,0.009243018,2025,7,4678006,3.57599048,,,,
26.65840659,0.0520685,0.00356685,,,,,0.505007265,0.241241439,2025,7,4426339,15.27524751,223.4766106,1.223346145,0.057309832,0.59402182
10.48538941,0.070228397,0.002541445,,,,,0.393521224,0.188428133,2025,7,4427238,15.11770028,223.9846074,1.499082617,0.049288058,0.522553272
2.488465817,0.015829564,0.001141807,,,,,0.005209145,0.002396207,2025,7,4685350,0.48190814,,,,
4.91051885,0.056993664,0.002660913,42.07050158,0.365387467,0.021010104,3.011830748,0.072395059,0.039083349,2025,7,4602667,10.26618606,,,,
,,,37.33871431,0.115244501,0.004367283,2.761485589,0.03710735,0.020780116,2025,7,3930066,7.15497636,,,,
4.985766938,0.050075346,0.001900168,3.081880143,0.017723315,0.002037996,0.459785107,0.01393897,0.006822067,2025,7,4874509,1.66794196,,,,
,,,15.29605667,0.079244223,0.004478622,1.27813151,0.01717484,0.00961791,2025,7,4361409,3.34064709,,,,
1.062795688,0.009211775,0.000507419,6.858615024,0.036743782,0.001759282,1.019091735,0.010698674,0.005789342,2025,7,16002,2.08020347,,,,
,,,4.621696866,0.020352303,0.00085342,0.37517174,0.007201936,0.004033084,2025,7,3871102,0.95328612,,,,
,,,32.97586628,0.26080564,0.00857498,2.637423494,0.050628958,0.028352216,2025,7,4808839,7.47701691,,,,
,,,10.49728152,0.085760773,0.00362561,1.20011171,0.009999245,0.005599577,2025,7,4240472,2.76072057,,,,
3.220233156,0.018073705,0.000796716,6.921974314,0.046057402,0.002169741,1.004534382,0.015673476,0.008105871,2025,7,4362748,2.39367694,,,,
,,,14.32370114,0.122953082,0.005788942,1.044432477,0.020049313,0.011227615,2025,7,4431492,3.20417294,,,,
,,,23.30873978,0.184478229,0.008832766,1.928257571,0.038565151,0.021596485,2025,7,3043116,5.34149348,,,,
,,,20.48340041,0.136068659,0.01698238,1.55135391,0.020846255,0.011673903,2025,7,3128390,4.42727306,,,,
25.25871606,0.131968188,0.013127184,8.435411191,0.047401491,0.002931796,1.239997173,0.063466005,0.030300473,2025,7,4257364,5.65881899,,,,
,,,5.702616574,0.057837236,0.003325692,0.551375739,0.00656289,0.003675219,2025,7,4690923,1.46813516,,,,
2.51064925,0.018516275,0.000942905,3.253495219,0.015719419,0.000992079,0.536161019,0.010312905,0.005222206,2025,7,4911851,1.39679141,,,,
0.85086621,0.006505238,0.000175445,5.319207683,0.026469939,0.001042552,0.47944085,0.012361548,0.006645194,2025,7,2973405,1.3718364,,,,
,,,2.158834822,0.010308139,0.000443056,0.214411018,0.004115913,0.002304911,2025,7,4690070,0.48852822,,,,
,,,12.09499644,0.172830023,0.008902023,1.322522606,0.018649102,0.010443497,2025,7,4372780,3.56641204,,,,
,,,0.956789358,0.004075194,0.000168126,0.143551114,0.001280515,0.000717088,2025,7,4373684,0.26261707,,,,
,,,10.46955529,0.103968791,0.003891304,1.013849182,0.012067599,0.006757855,2025,7,4372096,2.67920296,,,,
2.917299426,0.023573536,0.000901228,34.41895696,0.144562111,0.004593007,2.669180387,0.060699055,0.033045423,2025,7,4569382,7.38876888,,,,
,,,2.518094284,0.018388828,0.001122099,0.196364393,0.003769484,0.002110911,2025,7,5097554,0.64192763,,,,
,,,39.96452607,0.191699705,0.011423546,3.31131919,0.066226384,0.037086775,2025,7,4039057,8.40838957,,,,
,,,8.913570129,0.091891121,0.005683493,0.907707122,0.013549897,0.007587943,2025,7,3921690,2.34695956,,,,
,,,10.48165186,0.072474044,0.002302635,1.006943442,0.011985401,0.006711825,2025,7,4426553,2.48145071,,,,
,,,8.554935672,0.062472376,0.003467959,0.876233121,0.010649373,0.005963649,2025,7,3043275,2.10185096,,,,
,,,12.56545357,0.053464812,0.003186013,1.638699105,0.019700775,0.011032434,2025,7,4361516,3.20086069,,,,
6.492144259,0.050270704,0.001423079,12.61404142,0.089296009,0.003399991,0.996762615,0.039624242,0.020140574,2025,7,4431487,3.83473784,,,,
1.795695363,0.010490734,0.00075671,10.97973813,0.116655972,0.006008644,1.041516496,0.025598361,0.01377458,2025,7,4708486,3.06859743,,,,
1.020619414,0.008632986,0.000472233,4.468126824,0.02322763,0.000869355,0.571400583,0.007208143,0.003825451,2025,7,4383396,1.30666138,,,,
,,,12.91139218,0.103324408,0.003566317,1.483894231,0.01766243,0.009890961,2025,7,4426844,3.38279681,,,,
,,,11.99091681,0.056439155,0.001793177,0.877768396,0.016849967,0.009435982,2025,7,4386544,2.50482105,,,,
,,,9.040725607,0.04795914,0.00229627,0.783768405,0.015675368,0.008778206,2025,7,4430191,2.09254123,,,,
0.990150034,0.007127206,0.000426245,5.189041371,0.022662249,0.000891199,0.729879237,0.012440555,0.006638042,2025,7,3917668,1.51622211,,,,
,,,22.44826502,0.06337889,0.003776801,1.62231507,0.031142561,0.017439834,2025,7,4692590,4.22091085,,,,
,,,2.411932051,0.01279429,0.000488093,0.195872456,0.00376004,0.002105623,2025,7,4360405,0.51069534,,,,
,,,6.636119994,0.033685652,0.002125958,0.653590722,0.010037256,0.005620863,2025,7,3134353,1.51259202,,,,
,,,9.947854869,0.046139871,0.001903541,1.176347039,0.012558303,0.00703265,2025,7,3127292,2.43804533,,,,
,,,28.11301252,0.156422135,0.005142974,2.252758525,0.043244787,0.024217081,2025,7,4428678,5.96558437,,,,
,,,2.016839171,0.01366831,0.000654435,0.238540155,0.002839285,0.00159,2025,7,4040612,0.5204378,,,,
,,,8.445158831,0.084845239,0.003997017,0.882258826,0.010406182,0.005827462,2025,7,3911853,2.23246005,,,,
3.291034577,0.015362919,0.001126905,,,,,0.011994928,0.005517667,2025,7,4362477,0.55783862,,,,
,,,5.432572913,0.061243858,0.003154511,0.571830521,0.006806359,0.003811561,2025,7,4683243,1.48141626,,,,
,,,4.315482052,0.021815333,0.002508536,0.388001377,0.007448218,0.004171002,2025,7,4429684,1.10180473,,,,
,,,6.4608815,0.054714881,0.006291641,0.587518078,0.008904428,0.00498648,2025,7,2998565,1.56474104,,,,
0.505106346,0.003280839,0.000326353,1.584391098,0.009479301,0.000586298,0.250268802,0.003986543,0.002105099,2025,7,4012556,0.53349949,,,,
,,,8.668117794,0.045986968,0.005739515,0.958931293,0.011413924,0.006391798,2025,7,4361372,2.10066151,,,,
,,,7.642444243,0.081904405,0.004709576,0.753352351,0.014127597,0.007911454,2025,7,4048228,2.00299265,,,,
,,,6.481441385,0.029192115,0.001649842,0.578780962,0.00679745,0.003806572,2025,7,4039160,1.39794373,,,,
,,,2.077994324,0.013177919,0.000552581,0.213253687,0.002538306,0.001421452,2025,7,4035020,0.49845009,,,,
,,,22.6247734,0.147422427,0.009304077,2.675673092,0.031847882,0.017834814,2025,7,4239944,5.80646352,,,,
,,,19.42392073,0.176851732,0.008326627,1.418278853,0.021780645,0.012197161,2025,7,3914397,4.41461505,,,,
,,,11.09247491,0.096358412,0.004536798,0.960098461,0.014744324,0.008256822,2025,7,4035656,2.64044578,,,,
,,,15.10286953,0.144155233,0.00566894,1.549804561,0.018446944,0.010330289,2025,7,4365395,3.91618741,,,,
1.498552211,0.009975903,0.000901881,24.64051287,0.122157539,0.015246169,2.073538548,0.045199817,0.024772357,2025,7,4429105,5.46419109,,,,
,,,16.5062452,0.142274583,0.004910711,1.734709378,0.025848686,0.014475264,2025,7,3059722,4.22053629,,,,
,,,18.51698285,0.099211431,0.012382324,1.489937074,0.022881107,0.01281342,2025,7,2310331,3.93664775,,,,
,,,4.395567944,0.040707665,0.001549965,0.42883299,0.005104294,0.002858405,2025,7,4379401,1.11015389,,,,
,,,4.791373947,0.034937813,0.001330275,0.37573755,0.007212797,0.004039166,2025,7,4689334,1.05927424,,,,
2.208447423,0.014829621,0.000653712,,,,,0.004475172,0.002058579,2025,7,3929914,0.30713093,,,,
,,,15.10194704,0.128485936,0.004224465,1.548860161,0.018435703,0.010323994,2025,7,4362018,3.81825802,,,,
,,,7.154740148,0.065049491,0.003043287,0.705594269,0.009497393,0.00531854,2025,7,3843945,1.80706552,,,,
,,,11.99933695,0.064320858,0.002764587,1.557881791,0.019859894,0.01112154,2025,7,3127310,3.12755113,,,,
,,,7.076796724,0.049618353,0.001951254,0.572381035,0.006081493,0.003405636,2025,7,4043016,1.61940485,,,,
,,,16.48950048,0.084522478,0.005254395,1.706295833,0.016247697,0.00909871,2025,7,4045305,3.85512112,,,,
,,,9.922077219,0.048886046,0.003085281,1.245293542,0.011857939,0.006640446,2025,7,3052096,2.52402041,,,,
,,,2.73754917,0.026717694,0.00099998,0.256968388,0.003058632,0.001712834,2025,7,4360967,0.68968476,,,,
,,,7.981588904,0.036846003,0.002195684,0.75317646,0.014458254,0.008096622,2025,7,4431210,1.76099109,,,,
,,,2.890741479,0.020195335,0.002520528,0.404804527,0.003610966,0.002022141,2025,7,3125107,0.81614286,,,,
,,,8.517249742,0.082533553,0.003245652,0.882497211,0.010504148,0.005882323,2025,7,4047422,2.22442736,,,,
,,,2.104901276,0.024656093,0.001160871,0.209171409,0.002489716,0.001394241,2025,7,4241961,0.56719735,,,,
,,,5.411407668,0.057715359,0.002972767,0.523006844,0.010039833,0.005622306,2025,7,4360763,1.40540589,,,,
,,,19.47184484,0.081357475,0.00341151,1.447064958,0.027778395,0.015555901,2025,7,4428796,3.85883751,,,,
,,,13.65504504,0.098555202,0.003240378,1.223355955,0.023483994,0.013151037,2025,7,4877203,3.19689701,,,,
,,,17.99187641,0.063118263,0.003923788,1.508562694,0.028958928,0.016217,2025,7,3919510,3.66263549,,,,
,,,5.971663881,0.052214745,0.002459811,0.690363041,0.008217222,0.004601644,2025,7,4383440,1.59675143,,,,
,,,2.375831642,0.01392765,0.0005278,0.244930606,0.002915349,0.001632595,2025,7,4360978,0.56394688,,,,
,,,5.070884141,0.041716993,0.002545601,0.381247283,0.007318564,0.004098396,2025,7,4369466,1.13572527,,,,
,,,11.15968362,0.092194931,0.005353457,1.231490682,0.014624131,0.008189513,2025,7,4040774,2.89534232,,,,
,,,4.656742676,0.035738599,0.002075223,0.480338797,0.005717355,0.003201719,2025,7,4362603,1.15834287,,,,
,,,8.833300426,0.058906303,0.002531863,0.985784386,0.01173355,0.006570788,2025,7,4700712,2.214784,,,,
0.409347093,0.002614065,0.00023486,,,,,0.00099175,0.000456205,2025,7,4373273,0.05620257,,,,
,,,2.376010326,0.01847652,0.000762265,0.25753924,0.003065427,0.001716639,2025,7,4242558,0.60417164,,,,
,,,4.953375067,0.022539859,0.001401205,0.456246685,0.00875828,0.004904637,2025,7,4361426,1.08004748,,,,
,,,23.18728472,0.177596584,0.010211961,1.752142853,0.033634783,0.018835478,2025,7,4245144,5.1200918,,,,
66.70061213,0.463789415,0.024751974,45.55863855,0.33640222,0.015137714,5.66900401,0.175027462,0.084801135,2025,8,3117251,21.61087599,,,,
2.424033697,0.016067,0.001082904,81.7668641,0.657200384,0.024912958,7.324028696,0.127068627,0.070424216,2025,8,4362628,19.69722007,,,,
96.76412299,0.750259796,0.018765499,52.26879198,0.326181385,0.011785536,5.487784254,0.195525086,0.094546317,2025,8,4430807,26.72689227,,,,
1.289664566,0.010602827,0.000516809,77.74016229,0.434312545,0.015384633,6.336255235,0.080827452,0.044981669,2025,8,4241389,16.8527057,,,,
114.9723946,1.402144571,0.059650707,22.34264558,0.111136628,0.011742111,2.872516702,0.194763077,0.091696186,2025,8,4242335,25.64824318,,,,
76.9031995,0.622146611,0.030823747,14.61194991,0.099256549,0.00718511,1.839800164,0.176875189,0.082936974,2025,8,4379399,15.23454583,,,,
76.15449993,0.529860643,0.016720107,22.3610708,0.15717724,0.007553006,2.986067263,0.116949979,0.055551373,2025,8,3929630,16.90038511,,,,
76.99625321,0.306480362,0.018873805,36.03196171,0.248199107,0.009666597,5.061881785,0.149938487,0.07290658,2025,8,4429160,19.60800774,,,,
33.27862294,0.564760818,0.027980615,,,,,0.549753272,0.261913756,2025,8,3918298,20.25059646,226.1169148,1.511749283,0.109434445,0.661513539
31.67612275,0.758426389,0.023932652,,,,,0.559410853,0.266479253,2025,8,4040715,21.82697754,233.5006062,1.526176413,0.073338986,0.506133869
94.28568811,0.658003583,0.025454394,11.66753365,0.069693107,0.003294118,1.365845928,0.276658622,0.129115692,2025,8,3043078,16.13393388,,,,
0.71823962,0.005964849,0.000533527,84.65977721,0.554538669,0.035992591,6.38206674,0.099624028,0.055612163,2025,8,4262921,18.24734544,,,,
,,,64.67472771,0.544463946,0.01928652,4.627741418,0.092497803,0.05179877,2025,8,4426354,14.29941537,,,,
31.35492255,0.248204504,0.011216072,,,,,0.542442186,0.258590217,2025,8,4431452,18.20841385,223.0782309,1.524004076,0.081396784,0.558918126
51.93535987,0.365371136,0.024625747,16.99158862,0.097024805,0.003677988,2.751540236,0.182167776,0.086974289,2025,8,4362238,12.30608162,,,,
75.24669451,0.956523572,0.023550853,25.31497286,0.109776227,0.004018263,2.896436472,0.179543156,0.085184391,2025,8,4047365,19.23991145,,,,
,,,52.09380967,0.488432827,0.018515368,4.32702869,0.066308476,0.037132747,2025,8,4239993,12.43152386,,,,
1.743301538,0.053834156,0.002290238,53.23061937,0.393535222,0.041578858,4.760229394,0.063893978,0.035057214,2025,8,4431459,12.96114752,,,,
29.75070682,0.215554313,0.009740648,14.66015452,0.085693785,0.00457689,2.034252346,0.069456453,0.033401655,2025,8,4432710,8.34480974,,,,
3.480879708,0.021403432,0.000827976,59.02832802,0.234997144,0.011107388,5.082884526,0.091364254,0.050269574,2025,8,4429615,12.79795233,,,,
70.58892932,0.56532762,0.027097164,18.61672054,0.095846037,0.006089842,2.189113081,0.155907248,0.073677375,2025,8,4259545,14.99985527,,,,
71.93857097,0.291535891,0.024554719,13.6609477,0.093998212,0.004495302,1.901135418,0.132360083,0.062536998,2025,8,4038815,12.74763484,,,,
,,,69.08807261,0.385291415,0.014650568,5.70403871,0.103385469,0.057895862,2025,8,4612826,14.84083387,,,,
,,,58.29938521,0.542701855,0.032895831,4.682835552,0.081410289,0.045589762,2025,8,3128429,13.74574534,,,,
64.90777284,0.546262278,0.026626229,20.90952052,0.137036953,0.004854253,3.576866972,0.16010739,0.076606752,2025,8,4361579,16.17236315,,,,
10.58496538,0.123736971,0.006031258,,,,,0.520978787,0.249350879,2025,8,2577417,18.25716942,261.4514487,1.937945743,0.068647759,0.708993069
,,,77.36797651,0.453638404,0.018973314,6.492610821,0.111899677,0.062663819,2025,8,4361370,16.86680989,,,,
99.16405919,0.389756296,0.042815919,23.57700561,0.157534041,0.019466544,2.576435966,0.231245596,0.108947186,2025,8,4427366,18.04707502,,,,
,,,45.96928844,0.36957697,0.013962217,4.135078851,0.048042359,0.026903721,2025,8,15847,10.92485251,,,,
,,,49.80011519,0.244204574,0.008823563,4.409978953,0.03674363,0.020576433,2025,8,4360248,10.83268418,,,,
,,,61.28057288,0.297066225,0.011569821,5.232005126,0.083421303,0.046715929,2025,8,4372016,13.07436955,,,,
66.66958283,0.48361104,0.024907398,24.2268608,0.138270191,0.005430885,3.535897251,0.157425279,0.075281816,2025,8,4569987,16.27109993,,,,
,,,61.36519438,0.483643932,0.023129433,4.427865272,0.084998941,0.047599407,2025,8,4685472,13.41955235,,,,
,,,75.43717113,0.455737971,0.021900064,6.450266429,0.101560422,0.056873836,2025,8,4241478,16.66114582,,,,
,,,58.94312555,0.286040449,0.015277369,5.283857973,0.08905581,0.049871254,2025,8,2976212,12.82757745,,,,
20.4664557,0.129740441,0.008885756,15.69864919,0.109237424,0.006621418,2.148936091,0.046981351,0.023144949,2025,8,4568490,7.24682372,,,,
,,,46.79904497,0.400962804,0.014203286,6.111931232,0.071134209,0.039835157,2025,8,4242355,13.14822681,,,,
,,,49.25075719,0.28588563,0.012864525,4.154242842,0.046751876,0.026181051,2025,8,3040151,10.76923529,,,,
,,,61.05249365,0.348408689,0.036811026,5.616012411,0.100241463,0.056135219,2025,8,4035687,13.77571152,,,,
1.555187296,0.010492098,0.000940864,76.82769636,0.639756249,0.043056922,5.147659319,0.103732946,0.057598793,2025,8,4567750,16.86297175,,,,
6.529376444,0.056226912,0.003088704,59.66411038,0.299552893,0.019767437,5.027791527,0.125160767,0.067629536,2025,8,3126486,13.70236438,,,,
,,,51.40980781,0.358965894,0.017249772,5.127052862,0.064305829,0.036011264,2025,8,3121023,12.38600402,,,,
26.7612939,0.313160454,0.021447956,,,,,0.406101585,0.193906533,2025,8,4426338,21.18655071,247.9531273,1.993246223,0.120820465,0.58355758
0.730152486,0.004290705,0.000235701,58.23899474,0.256905716,0.016953158,4.411560996,0.068729159,0.038301865,2025,8,3121422,11.83524023,,,,
19.7630599,0.08113613,0.005485385,,,,,0.447287289,0.213819135,2025,8,4038941,20.05668456,298.7427771,1.84701362,0.07023203,0.739910165
0.810359713,0.006120076,0.000253633,59.61273145,0.280345514,0.017874124,5.440198446,0.074859604,0.041745662,2025,8,4569587,13.15603929,,,,
,,,43.80585019,0.196471367,0.008840986,3.537651569,0.064206611,0.035955702,2025,8,3886598,9.04453336,,,,
,,,36.95269967,0.378083139,0.020193353,3.405135107,0.032931791,0.018441803,2025,8,3046439,9.37327701,,,,
17.33384372,0.075800784,0.006797329,,,,,0.569807524,0.272473329,2025,8,3052587,18.37853805,240.9399918,1.952142048,0.131383207,0.501146654
28.56336668,0.270677411,0.012974053,,,,,0.549725099,0.262167372,2025,8,4431611,18.39849916,214.9152653,1.647215294,0.10466036,0.496413921
0.730842808,0.005303467,0.000234923,73.2322607,0.670468916,0.025329589,5.878345803,0.119997661,0.066955616,2025,8,4428331,17.24967624,,,,
30.03720527,0.181989853,0.007542179,4.579354207,0.023641983,0.001507353,0.644379443,0.090455225,0.042365821,2025,8,4360516,5.27558183,,,,
9.793817131,0.074038521,0.003548799,38.19280565,0.301101005,0.019131282,3.338323855,0.083650832,0.043923612,2025,8,3915416,10.34754423,,,,
25.51490195,0.281675985,0.014507146,20.38677114,0.110295696,0.004332121,3.452527313,0.109215856,0.054045854,2025,8,4371733,10.40167239,,,,
39.50477437,0.188689287,0.016877354,18.95536943,0.146835613,0.009530434,2.521711004,0.118656492,0.057463273,2025,8,3042519,10.32189581,,,,
,,,60.87827578,0.548285559,0.034836833,3.854772667,0.077095453,0.043173454,2025,8,4431299,13.21767436,,,,
33.92664216,0.460425537,0.019081348,,,,,0.526315489,0.25077344,2025,8,4689114,17.84487929,211.4920367,1.284526752,0.081898189,0.81122941
41.15343994,0.201800241,0.007180868,16.86151875,0.038681786,0.0012111,2.603717728,0.132217785,0.063483893,2025,8,3916148,9.74141391,,,,
2.134816785,0.031171214,0.001205836,31.75279877,0.276880531,0.013087051,3.377424807,0.04689482,0.025602753,2025,8,3116365,8.5931131,,,,
0.587143858,0.008397313,0.00020069,44.48530577,0.11247029,0.004795682,4.4421834,0.055596724,0.030861915,2025,8,5083076,9.62437289,,,,
,,,64.89967309,0.630563106,0.02476684,4.459474891,0.080194352,0.044908837,2025,8,4047650,14.69465484,,,,
60.46359964,0.582454051,0.026320418,10.97304179,0.063381227,0.00338518,1.543948624,0.295940825,0.138747876,2025,8,4569173,12.36326376,,,,
45.00328141,0.24548764,0.029045042,18.80339423,0.121917526,0.008112988,2.276834042,0.096669478,0.046092758,2025,8,4429059,10.84661315,,,,
,,,69.82689084,0.46480636,0.017674095,6.311357394,0.112721244,0.063123897,2025,8,15818,15.99496103,,,,
53.3824309,0.159230283,0.011288103,30.33596425,0.116225181,0.004861089,4.395146601,0.131870584,0.063998996,2025,8,3054850,14.32749929,,,,
7.284953644,0.060942306,0.002699511,51.89703804,0.463213997,0.017499723,3.510000582,0.061863854,0.033173922,2025,8,4683062,12.54882019,,,,
0.723047762,0.006253017,0.000309801,53.61064359,0.275208819,0.019922169,4.562205264,0.078149838,0.043543179,2025,8,4373678,11.69725428,,,,
0.751945495,0.006111766,0.000546668,56.06009332,0.42979836,0.027896263,4.427224998,0.061044488,0.03402953,2025,8,4429205,12.71433044,,,,
15.89308552,0.150506865,0.003705675,,,,,0.522659957,0.249902964,2025,8,4036378,17.15280819,251.6343294,1.560326583,0.057114395,0.640927634
69.9059698,0.486040099,0.01161601,9.727401047,0.028437589,0.001212566,1.368775899,0.090778318,0.042368519,2025,8,4685702,12.36229323,,,,
1.70094514,0.020188913,0.000497077,32.21115243,0.251983381,0.009223632,2.0753695,0.037408323,0.020537999,2025,8,4248528,7.07896844,,,,
,,,43.75040791,0.256210849,0.018546919,3.912103002,0.055912533,0.031311019,2025,8,4385690,9.80035669,,,,
35.83789716,0.318828672,0.015282029,11.18400942,0.070818943,0.004499677,1.53425011,0.085579879,0.040735337,2025,8,4608686,8.5346812,,,,
58.15883415,0.254712306,0.021453239,16.08641148,0.091511276,0.004376368,2.491213896,0.100769051,0.048088982,2025,8,4241416,11.9512192,,,,
,,,56.01911163,0.40186248,0.014709826,4.236011716,0.077640857,0.04347888,2025,8,4361432,12.21079761,,,,
,,,40.99378144,0.246285598,0.010300834,4.051289258,0.054831124,0.030705429,2025,8,3929645,9.5890178,,,,
1.192139035,0.008182498,0.000553196,64.96916394,0.429289875,0.016323593,4.28987278,0.070964712,0.039405911,2025,8,4429025,13.48765107,,,,
,,,41.8852859,0.247568197,0.016068529,4.499518127,0.045847902,0.025674825,2025,8,4036133,10.15545531,,,,
,,,40.26887953,0.284741696,0.018948104,3.949203856,0.040597739,0.022734734,2025,8,3117256,9.67804273,,,,
33.82103793,0.377684804,0.01672999,,,,,0.464079167,0.221446141,2025,8,3139477,24.46158408,271.8530869,2.293322352,0.086639233,0.505063792
1.579884467,0.010554573,0.000722869,47.43250174,0.418085696,0.025342232,3.400171938,0.067956081,0.037596285,2025,8,4431280,10.8519838,,,,
,,,62.3663816,0.098793374,0.004212505,4.343704844,0.067777103,0.037955178,2025,8,4241463,11.1074059,,,,
33.48928336,0.36107115,0.015994069,5.583607963,0.041360821,0.001562567,0.744897607,0.077569341,0.036323238,2025,8,3059915,7.03129136,,,,
16.94248503,0.06263216,0.007410368,,,,,0.396995463,0.18990118,2025,8,4432577,17.32131944,246.9902342,1.71381818,0.114045835,0.678607078
1.612431195,0.006250493,0.000443108,55.75322041,0.32221785,0.013476682,4.432291972,0.092570782,0.051327988,2025,8,4032473,12.16513142,,,,
52.96450047,0.317359616,0.014057815,16.18696005,0.102996817,0.003891108,2.041843172,0.09922757,0.047122551,2025,8,4361529,11.42340257,,,,
,,,47.6299377,0.323980914,0.012319258,4.376866217,0.052096767,0.029174189,2025,8,4595342,11.05140961,,,,
,,,26.45099672,0.219296554,0.01393361,2.587760008,0.030801474,0.017248825,2025,8,4723086,6.54282457,,,,
71.16730872,0.579338614,0.051951377,21.8070216,0.149785831,0.010080897,3.246130701,0.158650218,0.075471561,2025,8,4697815,16.89561983,,,,
69.68815578,0.446525425,0.039939564,8.540557262,0.039894521,0.002589372,1.272157075,0.198579489,0.09301424,2025,8,4360569,11.91782145,,,,
,,,37.26120799,0.243757617,0.025754145,2.464525843,0.038984884,0.021831535,2025,8,4360078,7.66206956,,,,
58.36521199,0.393972112,0.026635343,17.97318377,0.080068858,0.00304459,2.345082722,0.154201063,0.07314509,2025,8,4430968,12.7403058,,,,
65.02173038,0.401325458,0.022045947,9.963282419,0.051270905,0.003383357,1.442817906,0.193690738,0.090848774,2025,8,4575131,11.53117042,,,,
,,,47.42248763,0.274427756,0.028994591,4.493623945,0.060382888,0.033814417,2025,8,4688813,10.87439559,,,,
,,,56.72152407,0.39472427,0.014262117,4.2381058,0.056949374,0.031891649,2025,8,4040655,12.24485076,,,,
,,,47.96546434,0.168334774,0.007177718,4.480924748,0.052161334,0.029210347,2025,8,3123076,10.24479457,,,,
1.838550526,0.017837692,0.000854993,19.3979447,0.151039209,0.009596692,1.654173735,0.03748433,0.020418205,2025,8,4685278,4.79954484,,,,
,,,39.62463584,0.313452115,0.019984917,3.679549936,0.043796782,0.024526198,2025,8,4429148,9.51480165,,,,
,,,47.4553229,0.368632151,0.026685017,3.258192854,0.061468637,0.034422437,2025,8,4635008,10.20166321,,,,
23.00026908,0.6389498,0.027182509,,,,,0.439528241,0.209704492,2025,8,3917792,20.67538998,239.2780755,1.516780556,0.160255041,0.531813546
1.221250781,0.016564462,0.001134479,39.58847905,0.223895303,0.013571396,4.368897161,0.060224142,0.03340404,2025,8,3051876,9.8568224,,,,
43.75019532,0.248596603,0.029412881,13.62147322,0.058488447,0.003892107,1.701664905,0.072125345,0.03419609,2025,8,3128720,9.28146186,,,,
19.19935818,0.141310656,0.003479252,7.096588672,0.035059344,0.001283317,0.968494847,0.0401499,0.01923693,2025,8,4887558,4.62842281,,,,
77.25249623,0.529794644,0.036284952,8.462647804,0.054074592,0.003277727,1.32277075,0.075125533,0.035147719,2025,8,4241985,13.40831649,,,,
,,,33.11602532,0.300760088,0.019847099,3.938981653,0.041944368,0.023488846,2025,8,15835,9.04897122,,,,
13.19863829,0.08547577,0.004695427,,,,,0.02613896,0.012023922,2025,8,4362619,1.81875146,,,,
8.128657082,0.061957515,0.001525475,43.00369443,0.253795605,0.009289967,3.317094026,0.088240386,0.046958194,2025,8,4701936,10.2892623,,,,
,,,40.83813233,0.285773971,0.019016796,3.244172866,0.062276343,0.034874752,2025,8,4877706,9.01255801,,,,
25.77598911,0.087171281,0.006179719,5.604932126,0.032158441,0.001345019,0.788123574,0.060232002,0.028409749,2025,8,4682652,4.66355872,,,,
5.535348221,0.032665053,0.001353733,1.418508266,0.004914824,0.000313357,0.221694715,0.01624079,0.00770619,2025,8,4040761,1.17745856,,,,
26.41582051,0.143069229,0.005090981,24.60230003,0.071276621,0.002231622,3.193761193,0.080380054,0.039636755,2025,8,4428557,9.51914404,,,,
40.91743902,0.409281182,0.010236942,5.457741661,0.022857435,0.000825881,0.817713523,0.041540203,0.019473205,2025,8,4373626,8.03234053,,,,
6.059230626,0.036826209,0.00088012,5.807942648,0.021578337,0.00092009,0.826445535,0.021654376,0.010698225,2025,8,5081397,2.44898796,,,,
17.69376301,0.198577698,0.014077508,6.334784501,0.049805545,0.002083105,0.761120361,0.063061963,0.029955135,2025,8,2468609,4.78056515,2.687380689,0.015680487,0.000588191,0.009587968
56.12322713,0.484093782,0.020062227,22.1934288,0.122042461,0.00778112,2.916224944,0.139663193,0.066750796,2025,8,4696981,14.3105831,,,,
,,,40.77978621,0.325718472,0.021921528,3.886225851,0.050788195,0.028441389,2025,8,4243331,9.90681358,,,,
,,,35.3626837,0.251534396,0.013434407,2.615272179,0.040162986,0.022491272,2025,8,4429022,7.6436952,,,,
6.835576652,0.07126352,0.003670282,,,,,0.403851499,0.193387572,2025,8,8439,16.21055943,228.8558454,1.956173349,0.07683328,0.832209274
5.066088857,0.03936845,0.001400889,42.76702892,0.145837524,0.004566072,3.543311198,0.085707262,0.046227212,2025,8,4431268,9.54746413,,,,
0.802344297,0.005905768,0.000244752,40.79374561,0.231311591,0.014747844,2.82097197,0.059034755,0.032797931,2025,8,3916945,8.36983444,,,,
,,,47.56863553,0.25102414,0.00918852,4.132245037,0.044760183,0.025065703,2025,8,4572680,10.36468106,,,,
,,,29.08849017,0.257228268,0.009717805,2.155255987,0.041443342,0.023208271,2025,8,4241372,6.58158568,,,,
,,,3.980770307,0.026830714,0.001207351,0.434236359,0.005168609,0.002894421,2025,8,4259147,0.99005973,,,,
19.50071766,0.102331114,0.005461309,3.458838536,0.017412317,0.000783534,0.495010275,0.056350962,0.026429918,2025,8,4241474,3.47054433,,,,
49.67094468,0.398624632,0.043790132,,,,,0.665243503,0.316609746,2025,8,4362887,19.39835645,196.7621969,1.346342242,0.166368042,0.510509757
26.87849979,0.181360541,0.016263252,6.90797417,0.03536743,0.002380301,0.986707913,0.066585017,0.031550103,2025,8,4430871,5.66190596,,,,
,,,20.03249208,0.163171262,0.007712462,1.824664929,0.02417674,0.013538974,2025,8,4361050,4.79592469,,,,
0.880892531,0.004605315,0.000387884,35.24597415,0.318831656,0.015247571,2.940644157,0.055679121,0.030934027,2025,8,4430034,8.46482551,,,,
3.284510532,0.029816567,0.000940882,1.627397113,0.007666239,0.000368394,0.223115912,0.013246433,0.006405041,2025,8,4429013,0.95218719,,,,
15.0719147,0.109703456,0.005347229,3.812554896,0.024199227,0.000857208,0.562118623,0.03971195,0.018768922,2025,8,4685279,3.26172924,,,,
35.37966777,0.26073653,0.014322998,,,,,0.622413229,0.296895647,2025,8,2576980,16.94081284,225.9933632,1.220361777,0.080531435,0.847556161
1.569127141,0.010865921,0.000974386,38.72825537,0.319010313,0.021470055,2.930266569,0.061167054,0.033761893,2025,8,4608810,8.91824132,,,,
4.797175305,0.047594775,0.002451272,,,,,0.011070203,0.005092293,2025,8,4819231,0.76029634,,,,
,,,23.08312944,0.152581724,0.007332173,1.923559947,0.038471199,0.021543871,2025,8,4567096,5.11995384,,,,
7.18825063,0.03120394,0.001921614,36.07272647,0.151155509,0.005887045,3.406687995,0.083880192,0.044933519,2025,8,4569603,8.96938909,,,,
,,,29.27690308,0.234650453,0.011221751,2.285560039,0.043874457,0.024569696,2025,8,4695883,6.59561518,,,,
,,,30.82269057,0.269472186,0.01058415,3.466166574,0.056244325,0.031496822,2025,8,3054212,8.1249254,,,,
,,,35.56667675,0.309904387,0.012172219,2.763420655,0.055268413,0.030950311,2025,8,4243389,8.20607884,,,,
6.716014796,0.019750403,0.001216278,,,,,0.687843951,0.329474831,2025,8,4241479,12.08954078,224.7470469,1.277506133,0.049754959,1.130821169
4.364733312,0.03077554,0.002107777,36.13435767,0.266882408,0.016177056,2.796479317,0.070711499,0.038120248,2025,8,4686472,8.7150806,,,,
5.327847027,0.025032712,0.000598264,15.95927774,0.039368617,0.00167866,2.464224939,0.026508503,0.013896537,2025,8,4372019,4.99199287,,,,
,,,38.68512545,0.223754378,0.027649417,3.678864534,0.043788624,0.024521629,2025,8,4808766,8.89731692,,,,
,,,31.20136754,0.176012767,0.008319429,2.453071913,0.037562564,0.021035036,2025,8,4360939,6.60484406,,,,
,,,55.0919877,0.20294453,0.006354053,4.212101629,0.080857062,0.045279955,2025,8,4883647,10.86325178,,,,
4.250954526,0.044311465,0.00298656,,,,,0.525823881,0.252016678,2025,8,11252,15.44100305,230.4002422,1.905026322,0.072215176,0.873153143
4.272847015,0.099685054,0.002493323,,,,,0.567272127,0.271790137,2025,8,14880,14.79023977,246.0390222,1.470806476,0.053142957,0.771317169
16.37032655,0.075261262,0.002911428,23.08197045,0.110387419,0.005217578,2.964046135,0.061512327,0.031201923,2025,8,4038441,7.97864809,,,,
,,,40.34375851,0.081413939,0.002549014,3.679856276,0.042324298,0.023701607,2025,8,4360635,8.16152658,,,,
31.99235657,0.199194689,0.013425576,10.2128994,0.05959163,0.002258982,1.377591482,0.081727376,0.038843754,2025,8,3116389,7.14019339,,,,
25.00658538,0.116628887,0.00718229,4.706956962,0.026207766,0.001020712,0.768753429,0.055666539,0.026292357,2025,8,4711533,4.56241887,,,,
8.585856042,0.050969244,0.001813692,,,,,0.70018431,0.335343927,2025,8,4688380,12.82731538,266.3274048,0.83458658,0.026130329,0.866104195
1.48845717,0.009601409,0.000433876,25.6829372,0.165729736,0.008851595,2.232296012,0.049955369,0.027444062,2025,8,4427095,5.96642514,,,,
,,,37.96476145,0.161488985,0.007266819,3.697836294,0.070820017,0.03965921,2025,8,3045523,8.40033357,,,,
1.332356045,0.010064483,0.000678339,20.60276555,0.211115023,0.008002886,1.947217941,0.033352371,0.018332452,2025,8,4368003,5.44938668,,,,
,,,20.08409061,0.165247808,0.006490494,2.168403581,0.031342924,0.017552037,2025,8,4361411,5.1470044,,,,
0.783464469,0.005633174,0.000254557,18.92937099,0.146633782,0.007831684,1.491182251,0.021821338,0.012041586,2025,8,2991662,4.36873284,,,,
,,,5.838789766,0.054859035,0.003560651,0.69739566,0.01147041,0.00642343,2025,8,16460,1.60500629,,,,
,,,4.350732538,0.031820434,0.001330882,0.434309693,0.00833717,0.004668815,2025,8,4569559,1.05384988,,,,
6.656875138,0.054318364,0.002691159,3.204357227,0.019636161,0.001421448,0.449167431,0.018917378,0.009070535,2025,8,4429501,1.86960116,,,,
0.661590336,0.004740143,0.000231047,,,,,0.002196154,0.001010231,2025,8,5083754,0.09309948,,,,
,,,8.920993577,0.049902614,0.001826642,0.898169268,0.008552551,0.004789429,2025,8,4428085,2.08398434,,,,
1.563904792,0.010465848,0.00093851,31.84706517,0.300041149,0.020193391,2.779644999,0.054912803,0.030287884,2025,8,2976592,7.96692401,,,,
22.23313238,0.109180567,0.011993819,15.05081125,0.076863511,0.009498054,1.792202346,0.046338899,0.022594848,2025,8,4695404,6.68223786,,,,
0.751816531,0.006088636,0.000275138,9.326792411,0.065107345,0.003477372,0.734244206,0.016642877,0.009065206,2025,8,4613202,2.15909479,,,,
,,,14.45042391,0.151687021,0.010980515,1.335710247,0.011129042,0.006232264,2025,8,3930086,3.70066527,,,,
,,,19.60042085,0.161297609,0.007623902,1.832769825,0.031173376,0.017457091,2025,8,15795,4.74175319,,,,
8.791633887,0.056090205,0.003081194,16.33821882,0.058309942,0.003847862,2.397793317,0.035449908,0.018253771,2025,8,3127586,5.57546604,,,,
2.379483811,0.018756897,0.000461819,5.144889192,0.025185901,0.000921908,0.722263664,0.008806912,0.004566602,2025,8,3149687,1.7322248,,,,
7.8193713,0.059308653,0.001871524,4.922141322,0.023377377,0.001123378,0.685095794,0.021203922,0.010364928,2025,8,4431545,2.4868338,,,,
,,,11.66681784,0.072512488,0.002757261,0.942888836,0.018100043,0.010136024,2025,8,4686612,2.53036562,,,,
5.320564283,0.036829274,0.001631396,15.18954006,0.099669446,0.003765404,1.731700109,0.026288683,0.013637517,2025,8,4596602,4.65217265,,,,
,,,13.2268181,0.112859057,0.004263693,1.156917213,0.021204862,0.011874723,2025,8,3120348,3.14209111,,,,
,,,14.35996146,0.139012841,0.008426253,1.260541902,0.024197829,0.013550784,2025,8,4600981,3.52100203,,,,
6.537822391,0.036052439,0.001757289,16.86021511,0.134661036,0.004770091,1.443711098,0.051755156,0.026694794,2025,8,3676833,4.95839705,,,,
,,,26.52745832,0.20729044,0.007857905,3.179248744,0.030844409,0.017272869,2025,8,4036131,7.05772329,,,,
5.606588479,0.047381675,0.002271088,31.28801616,0.202838547,0.012887906,2.784812529,0.073606509,0.039428619,2025,8,3917914,7.92899907,,,,
,,,21.8399465,0.186799783,0.012124327,1.751415543,0.032734709,0.018331437,2025,8,4382466,5.04465867,,,,
7.221227109,0.047914695,0.002557159,,,,,0.498302016,0.238414437,2025,8,4241464,13.04141268,226.3233607,1.259307261,0.056667382,0.856560942
2.729273446,0.013766962,0.000532565,,,,,0.003936228,0.001810665,2025,8,4596334,0.40328423,,,,
6.165946862,0.041071033,0.002034831,6.987950353,0.050656087,0.003666958,0.812046658,0.022569245,0.011144449,2025,8,3915411,2.74845395,,,,
1.34663202,0.006998999,0.000828091,44.15379123,0.310328346,0.020650764,3.404198957,0.069763228,0.038625911,2025,8,4586312,9.87945829,,,,
,,,8.790708295,0.083914461,0.003170197,0.537318966,0.008251659,0.004620929,2025,8,4362921,1.9171929,,,,
,,,9.308709124,0.046526656,0.003070285,0.780018555,0.014973525,0.008385174,2025,8,4426948,2.10875152,,,,
,,,21.93707945,0.230499728,0.009053416,2.293265597,0.027296179,0.01528586,2025,8,4430802,5.85822702,,,,
,,,28.67120768,0.236691648,0.009218416,2.252132744,0.035460171,0.019857696,2025,8,3929785,6.51906084,,,,
14.44159904,0.104801714,0.009374012,,,,,0.541465906,0.259072197,2025,8,2573079,16.73323105,247.0830587,1.748803391,0.1135069,0.980086239
,,,10.81679432,0.07994444,0.003343656,1.091469148,0.01592596,0.008918537,2025,8,16731,2.64208606,,,,
,,,28.51438212,0.124613035,0.003901548,2.925163723,0.034817507,0.019497804,2025,8,4686728,6.49400563,,,,
,,,19.70179511,0.089578715,0.005911282,1.547540131,0.025216551,0.014121268,2025,8,2576581,4.03943796,,,,
,,,39.24555277,0.273424292,0.018194988,2.968136601,0.056977449,0.031907372,2025,8,4686422,8.50731886,,,,
,,,25.4910531,0.246677722,0.011796934,2.632805355,0.031337637,0.017549077,2025,8,4431588,6.65130071,,,,
,,,17.77118981,0.158654251,0.005620002,1.538472218,0.0272464,0.015257984,2025,8,4249417,4.26487401,,,,
22.55300245,0.040503295,0.002871347,,,,,0.539673748,0.257909387,2025,8,4426339,15.70058729,238.3334252,1.390641872,0.058230894,0.757121466
7.71370589,0.05525117,0.001320463,,,,,0.262993524,0.125944956,2025,8,4427238,12.22041689,246.3989927,0.578357094,0.024660884,0.429440793
0.768043547,0.004694449,0.000257879,15.8588408,0.087702908,0.005787498,1.276517559,0.026866131,0.014808871,2025,8,4602667,3.5209208,,,,
,,,12.2823071,0.085557307,0.01057235,1.017312097,0.0195287,0.010936072,2025,8,4569371,2.89563242,,,,
,,,39.39429292,0.108230301,0.003388616,3.073653785,0.041302097,0.023129174,2025,8,3930066,7.62407577,,,,
,,,36.63342492,0.248188902,0.011926487,2.682033137,0.036039711,0.020182238,2025,8,4361409,7.87519337,,,,
34.05050987,0.207366551,0.008021825,,,,,0.668676799,0.318556995,2025,8,4035671,15.43781225,190.1213414,1.286240741,0.060795527,0.73970769
0.98135564,0.007054267,0.000376479,6.734388816,0.03219986,0.001448957,0.955070519,0.010218731,0.005510802,2025,8,16002,1.95506899,,,,
,,,24.19943787,0.132049506,0.004771193,2.080876872,0.039945283,0.022369358,2025,8,3871102,5.25897737,,,,
,,,1.867515005,0.010897604,0.00072518,0.245530018,0.001927034,0.001079139,2025,8,2983509,0.4970101,,,,
,,,20.03427891,0.057715208,0.00246095,1.63167176,0.031322175,0.017540418,2025,8,4808839,3.97010057,,,,
10.93146368,0.11776168,0.005009874,3.495821958,0.025856265,0.002731837,0.505558632,0.024985909,0.011923665,2025,8,2576336,2.8200452,,,,
,,,12.68837509,0.0920336,0.00347693,1.175496114,0.00979415,0.005484724,2025,8,4240472,2.99277824,,,,
,,,10.24127265,0.056766895,0.003440921,1.28155347,0.011431803,0.00640181,2025,8,4362748,2.68681975,,,,
,,,15.7962454,0.074380948,0.002896911,1.528990619,0.018199201,0.010191553,2025,8,4367209,3.54079216,,,,
,,,6.879268256,0.056643953,0.002224824,0.605785583,0.011628884,0.006512175,2025,8,4431492,1.62530862,,,,
,,,20.42008389,0.135840583,0.00611267,1.593558966,0.031871179,0.01784786,2025,8,3043116,4.42798047,,,,
,,,29.92473419,0.259323189,0.032044669,2.103490563,0.028265569,0.015828718,2025,8,3128390,6.68507902,,,,
7.482299664,0.053805279,0.00453177,,,,,0.374822716,0.179478946,2025,8,14012,15.71066368,219.8584115,1.866880618,0.089280329,0.730411601
,,,13.5955731,0.078456417,0.005679404,1.037828508,0.01992254,0.011156623,2025,8,4241476,2.85769608,,,,
,,,2.144521014,0.019179592,0.000727054,0.202733102,0.00389174,0.002179374,2025,8,4690070,0.52946072,,,,
,,,12.03116668,0.153105151,0.007321988,1.31122036,0.018417682,0.010313902,2025,8,4372780,3.42747011,,,,
,,,9.116460224,0.083909812,0.002972333,0.990299799,0.011787296,0.006600886,2025,8,4372096,2.39845899,,,,
7.890629252,0.055337482,0.003741211,1.122009968,0.005508654,0.000209465,0.145880837,0.018988857,0.00886969,2025,8,4362452,1.40288515,,,,
,,,19.41173945,0.143088915,0.009630181,1.536790828,0.029500806,0.016520451,2025,8,5097554,4.47960286,,,,
,,,17.29541541,0.126936747,0.008093167,1.409394075,0.028187881,0.015785214,2025,8,4039057,3.885916,,,,
,,,9.303239269,0.088509214,0.005744732,0.929862766,0.013813611,0.007735622,2025,8,3921690,2.387625,,,,
,,,12.24742508,0.081800217,0.004368935,1.301247925,0.015752274,0.008821274,2025,8,3043275,3.00830286,,,,
,,,16.78209215,0.11343768,0.004098713,1.563072794,0.030005324,0.016802981,2025,8,3047876,3.89729155,,,,
,,,15.60482023,0.107624732,0.006861882,1.835196709,0.021897278,0.012262476,2025,8,4361516,4.03120374,,,,
3.201293317,0.025560411,0.000629331,12.45011818,0.081120636,0.00296935,1.011990623,0.029252235,0.015398683,2025,8,4431487,3.30293326,,,,
,,,11.00479672,0.076432535,0.003672894,1.076658697,0.012815205,0.007176515,2025,8,4241374,2.62906474,,,,
4.65033946,0.023572081,0.001985367,13.78514574,0.122597902,0.005863032,1.200394623,0.036105443,0.018912826,2025,8,4708486,3.89978819,,,,
,,,2.050797666,0.014613015,0.000931689,0.187655044,0.003602296,0.002017286,2025,8,4424106,0.65044531,,,,
0.441960912,0.003590239,0.000174997,3.767573153,0.019745168,0.000699432,0.560614356,0.006021352,0.003269905,2025,8,4383396,1.11694825,,,,
1.441952326,0.008200142,0.000437633,11.18072875,0.045053486,0.002027355,0.913854049,0.023267941,0.012530961,2025,8,4430191,2.6115727,,,,
,,,8.42207177,0.047680597,0.001813038,0.773996102,0.010302803,0.00576957,2025,8,3915486,1.8946456,,,,
0.98772266,0.004771525,0.000293842,4.841960738,0.016808833,0.000654653,0.768052686,0.012377586,0.006656952,2025,8,3917668,1.46941326,,,,
1.866164814,0.020534953,0.001017388,12.39078309,0.073054146,0.005288337,1.00712831,0.024352531,0.012947876,2025,8,4372414,2.98171539,,,,
,,,8.992675659,0.046986622,0.002995749,0.645435863,0.012390026,0.006938414,2025,8,4692590,1.81906483,,,,
18.80017401,0.131809256,0.005098946,,,,,0.616861296,0.2944386,2025,8,2972515,13.83229849,210.1084525,1.286240741,0.060795527,0.97352363
,,,14.02154986,0.12040238,0.008715842,1.376696286,0.020326773,0.011382993,2025,8,3121427,3.53983071,,,,
,,,17.61705035,0.014940782,0.000637068,1.398592086,0.026847892,0.015034819,2025,8,4428678,3.22185431,,,,
,,,3.968543016,0.021722099,0.00097747,0.446568706,0.005315398,0.002976623,2025,8,4040612,0.9698977,,,,
,,,7.036830845,0.079070777,0.004792869,0.703755817,0.008300752,0.004648421,2025,8,3911853,1.88237146,,,,
2.324616619,0.012222745,0.000826345,,,,,0.008483828,0.003902561,2025,8,4362477,0.39314029,,,,
,,,2.280389938,0.011572955,0.000484036,0.202839394,0.00389378,0.002180517,2025,8,4573697,0.58934282,,,,
,,,10.03196513,0.011857421,0.000505595,0.850084752,0.016318542,0.009138383,2025,8,4613104,1.90759102,,,,
,,,2.037952962,0.018548701,0.001342727,0.202266205,0.002407525,0.001348214,2025,8,4573699,0.51740633,,,,
,,,10.69569024,0.105281824,0.005034921,1.096980838,0.013057094,0.007311973,2025,8,4683243,2.7940317,,,,
,,,9.48313087,0.08971389,0.009478697,0.81816298,0.012336065,0.006908196,2025,8,2998565,2.31022621,,,,
,,,1.778954184,0.014015936,0.000662478,0.170625843,0.003275397,0.001834222,2025,8,4696882,0.43035979,,,,
,,,12.66471396,0.088613166,0.010949964,1.308767515,0.015577939,0.008723646,2025,8,4361372,3.11178154,,,,
,,,3.80338651,0.029753954,0.001963458,0.422635003,0.007866553,0.00440527,2025,8,4048228,0.97682135,,,,
,,,6.307591122,0.048021418,0.001735103,0.690934815,0.008224028,0.004605456,2025,8,4035020,1.60429893,,,,
,,,1.040390944,0.008834312,0.000346988,0.106734511,0.001639132,0.000917914,2025,8,4035656,0.26268089,,,,
,,,32.06986782,0.223395263,0.027605041,2.500575586,0.048001975,0.026881106,2025,8,4429105,7.05064782,,,,
,,,3.897556335,0.030851199,0.001458215,0.407035193,0.00484484,0.002713111,2025,8,4241263,0.97951603,,,,
,,,4.664569947,0.032410766,0.001171061,0.446592227,0.008931845,0.005001833,2025,8,3061612,1.28355193,,,,
0.737942275,0.005150451,0.000609379,16.98782779,0.116918384,0.007780321,1.43953627,0.031090621,0.017180758,2025,8,3123075,3.97553383,,,,
,,,8.293851961,0.05076342,0.002399387,0.706486535,0.013561977,0.007594707,2025,8,4241424,1.90886906,,,,
,,,27.88401326,0.19369987,0.023935569,2.151134682,0.033035182,0.018499702,2025,8,2310331,6.11347696,,,,
8.449867519,0.06482024,0.004382314,8.044628637,0.03787446,0.001440163,0.993548315,0.056329861,0.027708697,2025,8,3916430,3.43460536,,,,
,,,4.347358339,0.037216058,0.001362261,0.436801248,0.005199138,0.002911517,2025,8,4379401,1.09187232,,,,
,,,9.55681452,0.063400196,0.002320709,0.763223916,0.014651129,0.008204632,2025,8,4689334,2.0879257,,,,
,,,1.552132902,0.012186285,0.000575998,0.223242783,0.001991386,0.001115176,2025,8,2975417,0.45054799,,,,
2.255160463,0.014919291,0.001021803,1.820506471,0.009433405,0.000571805,0.259004399,0.006705678,0.003315651,2025,8,3929914,0.80942018,,,,
,,,5.005981923,0.045625294,0.001908267,0.477901499,0.006432618,0.003602266,2025,8,3843945,1.24903326,,,,
,,,7.877529828,0.072486782,0.002747808,0.984045298,0.01254462,0.007024987,2025,8,3127310,2.19849581,,,,
,,,13.84425418,0.06044648,0.002354206,1.260969385,0.013397677,0.007502699,2025,8,4043016,3.0220458,,,,
,,,8.318599278,0.059643768,0.003802736,0.73509944,0.014111241,0.007902295,2025,8,4431210,1.91699546,,,,
,,,8.906496327,0.057989439,0.003684519,1.034761823,0.008621562,0.004828075,2025,8,3052897,2.27128838,,,,
,,,7.021666938,0.046048529,0.002212819,0.557773124,0.010707219,0.005996043,2025,8,4427278,1.57459796,,,,
,,,4.623618229,0.037601516,0.004646434,0.596592809,0.005321769,0.002980191,2025,8,3125107,1.28803661,,,,
,,,23.50116088,0.166549617,0.006486599,2.504513327,0.029810609,0.016693941,2025,8,4047422,5.83429843,,,,
,,,3.012343747,0.036441981,0.001431344,0.346223795,0.004121017,0.00230777,2025,8,4241961,0.8644658,,,,
,,,2.219924939,0.01658249,0.000793029,0.190465803,0.003656252,0.002047501,2025,8,4360763,0.50954089,,,,
1.981661488,0.019829659,0.000843603,4.989668458,0.02994449,0.003163777,0.352024646,0.012591081,0.006467657,2025,8,4061956,1.36096862,,,,
,,,29.83715818,0.156919441,0.005669789,2.233429913,0.042873748,0.024009299,2025,8,4428796,6.12311736,,,,
,,,12.40392513,0.024860704,0.001060049,1.094193655,0.021004547,0.011762546,2025,8,4877203,2.50499456,,,,
,,,12.18280565,0.092704838,0.003514228,1.503956219,0.018385725,0.010296006,2025,8,3050481,3.26538766,,,,
,,,16.26406501,0.047897113,0.001499625,1.422043294,0.02729807,0.015286919,2025,8,4057082,3.30897789,,,,
,,,8.878535188,0.094085027,0.005702957,0.969159134,0.011535664,0.006459972,2025,8,4383440,2.42031358,,,,
,,,2.488070864,0.013691731,0.000428679,0.258622845,0.003078324,0.001723862,2025,8,4360978,0.58707095,,,,
,,,4.630453465,0.03937369,0.002649931,0.377378636,0.0072443,0.004056808,2025,8,4369466,1.07404377,,,,
,,,15.67922919,0.142625338,0.009490987,1.669035852,0.019820043,0.011099224,2025,8,4040774,4.09001753,,,,
,,,2.176247966,0.017028215,0.000712201,0.236238987,0.002811895,0.001574661,2025,8,4034862,0.55438255,,,,
,,,4.646606414,0.039553342,0.002632073,0.464623572,0.005530301,0.003096968,2025,8,4362603,1.16582028,,,,
,,,15.52443895,0.108702578,0.007233601,1.274060844,0.024457344,0.013696112,2025,8,4430681,3.46644319,,,,
0.467794455,0.002406873,0.000284771,,,,,0.001025784,0.000471861,2025,8,4373273,0.06087356,,,,
81.49683326,0.784923971,0.018494526,25.53664774,0.169993238,0.005607431,2.816582923,0.120533269,0.057167088,2025,9,4429795,19.18648401,,,,
87.74965187,0.624274332,0.046106391,50.5268543,0.410868515,0.021899081,6.041640777,0.176306841,0.085623651,2025,9,3117251,26.04956812,,,,
1.298245916,0.009798952,0.000527042,96.70971149,0.78470805,0.027756685,8.712901066,0.14036612,0.078261158,2025,9,4362628,23.18449196,,,,
3.562568984,0.025779067,0.001067091,99.78369033,0.570016811,0.013865433,8.324319397,0.103712302,0.057443856,2025,9,4426515,22.15143393,,,,
59.15807655,0.380734126,0.008641245,54.01906933,0.200821925,0.007491554,5.553102495,0.193806935,0.094728737,2025,9,4430807,20.20807951,,,,
,,,77.21262256,0.601458657,0.01669249,7.474103423,0.078944559,0.044208953,2025,9,4361307,18.7511667,,,,
0.949833773,0.007245995,0.000170731,84.20307345,0.601064434,0.019826831,7.239249217,0.11126617,0.062073623,2025,9,4374302,19.32319039,,,,
1.553061102,0.013125805,0.000526631,82.81073472,0.609957589,0.021481827,6.824743638,0.086786613,0.048276206,2025,9,4241389,18.94938009,,,,
1.614524937,0.012894535,0.000313049,128.4490949,0.532167173,0.017418988,8.373184335,0.172762508,0.096217123,2025,9,4430878,24.49750639,,,,
93.71590363,1.261094945,0.053708855,25.49826749,0.120125638,0.010982123,3.173955011,0.160936024,0.076346611,2025,9,4242335,23.36363236,,,,
81.17077086,0.6629719,0.025197695,13.08689721,0.081061616,0.00641651,1.767271671,0.158590287,0.074413821,2025,9,4379399,15.57582834,,,,
76.01686309,0.417822572,0.0251,43.55438782,0.360869628,0.012180665,5.597765174,0.153719621,0.074876851,2025,9,4429160,22.15590709,,,,
39.25979744,0.779726064,0.029635192,,,,,0.566223266,0.269645193,2025,9,3918298,21.45982368,234.6263148,1.26299955,0.099973945,0.658215566
85.28225327,0.736471335,0.028198169,12.73772731,0.083394823,0.00344455,1.434791124,0.233511318,0.109188577,2025,9,3043078,16.00707441,,,,
78.59248393,0.370269558,0.036185956,18.71825071,0.109926957,0.00752445,2.546102619,0.188347747,0.088785918,2025,9,4890973,15.07317815,,,,
,,,89.27918626,0.342250734,0.021881334,6.748226064,0.103279434,0.057836483,2025,9,4262921,17.6604628,,,,
,,,60.67514396,0.609680545,0.02147207,4.605647659,0.091161387,0.051050377,2025,9,4426354,14.27449471,,,,
77.74916815,0.500280346,0.02070845,17.78395985,0.156612392,0.003809534,2.525310345,0.239589837,0.113132244,2025,9,4430737,15.84905105,,,,
35.12322134,0.268721239,0.013224777,,,,,0.558138371,0.266028649,2025,9,4431452,20.61623996,225.8354714,1.964824192,0.090485734,0.545624479
,,,77.26129424,0.516231481,0.03284282,5.720701752,0.089584367,0.050167245,2025,9,4258173,16.51193521,,,,
55.18178139,0.437357947,0.023523515,16.67232221,0.093327181,0.003301168,2.697022576,0.1617311,0.07735725,2025,9,4362238,12.96975057,,,,
,,,92.93325795,0.279323851,0.010420026,7.261383411,0.12858401,0.072007045,2025,9,4426502,18.11087427,,,,
72.37637852,1.040838774,0.033636034,21.66401967,0.109580544,0.004854115,2.505365624,0.177431957,0.083810722,2025,9,4047365,18.72596621,,,,
,,,53.13617998,0.52122366,0.018436718,4.509626046,0.069079971,0.038684784,2025,9,4239993,12.91191387,,,,
1.392942145,0.04640219,0.001976226,58.8140288,0.384413724,0.035143861,5.036615123,0.065712085,0.036222519,2025,9,4431459,13.64573684,,,,
2.197224416,0.023694411,0.000558292,56.69864624,0.321064681,0.010590704,3.076803414,0.053494863,0.029463205,2025,9,4426388,10.99972661,,,,
53.37126013,0.389389685,0.019163323,14.33722564,0.098217417,0.004523191,2.024073659,0.141556558,0.067147127,2025,9,4432710,11.66073233,,,,
3.386589544,0.023193655,0.000888044,75.17655308,0.406215697,0.016778383,5.772728031,0.101559351,0.056020648,2025,9,4429615,16.13147196,,,,
60.411744,0.343727844,0.019846053,20.80291949,0.10391865,0.005860176,2.922154652,0.107570581,0.051361267,2025,9,4239996,13.68102789,,,,
,,,69.78272243,0.765815937,0.018628169,4.604360622,0.06490675,0.03634778,2025,9,16800,16.14380527,,,,
62.96404596,0.252177386,0.016862783,13.07709855,0.081681534,0.004336922,2.092635,0.13641454,0.064534972,2025,9,4038815,11.65707535,,,,
,,,67.66105612,0.606380743,0.020741646,5.756214637,0.103122995,0.057748877,2025,9,4612826,16.08931425,,,,
,,,56.97086318,0.441689162,0.027683293,4.709320642,0.081629306,0.045712412,2025,9,3128429,13.02263769,,,,
70.80717616,0.679731364,0.027272032,15.87602634,0.120984733,0.004260908,2.796991253,0.151250634,0.07183851,2025,9,4361579,16.19299295,,,,
2.85918201,0.038913567,0.001610776,,,,,0.498188119,0.238646648,2025,9,12483,18.21305151,263.2511395,2.136219791,0.051962698,0.512133246
13.97132944,0.153190757,0.006146286,,,,,0.478981497,0.229089893,2025,9,2577417,18.8124991,242.7503776,2.148852151,0.075679476,0.763666914
1.17094216,0.002253898,0.000179175,72.58979777,0.179869954,0.008042205,6.046421449,0.082903135,0.046151015,2025,9,4361370,14.44156928,,,,
,,,50.38042473,0.375938109,0.013432194,4.838387096,0.055838679,0.03126966,2025,9,15847,12.09785929,,,,
,,,54.87563718,0.071340158,0.002661306,5.045970876,0.042042669,0.023543895,2025,9,4360248,10.92092036,,,,
,,,65.29761508,0.536015794,0.018092487,5.396156532,0.085852778,0.048077556,2025,9,4372016,15.08431067,,,,
66.10518354,0.412469967,0.030822994,25.50386639,0.127364149,0.005794811,3.468030561,0.148563471,0.07111828,2025,9,4569987,15.8028633,,,,
,,,58.19083219,0.343872965,0.018258108,5.066268633,0.097253968,0.054462222,2025,9,4685472,12.87874941,,,,
,,,56.29380323,0.420978387,0.01938725,5.028215418,0.084630519,0.047393091,2025,9,2976212,13.12968638,,,,
61.36037126,0.556060345,0.013499853,10.77178503,0.037727158,0.001234892,1.282951728,0.076799848,0.035993904,2025,9,4567048,12.01840206,,,,
56.16267381,0.300141156,0.011491867,,,,,0.579819379,0.276073191,2025,9,3916387,23.44229375,250.5876819,1.84738367,0.07630456,0.513304498
22.40536256,0.135506263,0.009940204,12.80576907,0.093816469,0.005880037,2.027014576,0.053545172,0.0260773,2025,9,4568490,7.03057673,,,,
,,,38.88886274,0.395722925,0.013936791,5.098328749,0.059337314,0.033228896,2025,9,4242355,11.32453436,,,,
,,,55.21838082,0.463364709,0.024697102,4.825131371,0.054121298,0.030307927,2025,9,3040151,13.11736406,,,,
,,,74.70390864,0.385897306,0.035279493,6.585234942,0.116982631,0.065510273,2025,9,4035687,16.31363808,,,,
5.299270241,0.07542955,0.004192149,59.62333306,0.4410066,0.028338602,4.897659078,0.122146228,0.065982583,2025,9,3126486,14.43105455,,,,
21.92423429,0.224106063,0.016439535,,,,,0.394759253,0.188542287,2025,9,4426338,16.63216276,212.6570583,1.526212443,0.095656833,0.686788656
52.90891051,0.583208658,0.013741672,17.03429007,0.057334544,0.001891249,1.954017668,0.092107756,0.043613111,2025,9,4035538,12.73806656,,,,
,,,36.91408137,0.248138635,0.006886677,2.899662763,0.04757696,0.026643097,2025,9,4360761,8.04164387,,,,
1.397918112,0.01293182,0.000746653,64.65894104,0.393592794,0.022195467,4.892642939,0.068837238,0.038239598,2025,9,4432773,13.90869958,,,,
26.75076323,0.081582586,0.004961614,,,,,0.393211279,0.187782437,2025,9,4038941,21.62898828,255.4145818,2.470480383,0.084504383,0.723917744
,,,64.15547711,0.438519298,0.012170378,4.27066198,0.075516739,0.042289374,2025,9,4432708,13.25907949,,,,
0.818753585,0.006994524,0.000282071,58.81374113,0.319076893,0.019259969,5.266298361,0.072583828,0.040465128,2025,9,4569587,13.14604416,,,,
,,,52.93332427,0.420858804,0.022431559,4.265671061,0.077007493,0.043124196,2025,9,3886598,12.04480504,,,,
,,,51.9725289,0.294713253,0.020172987,4.585381496,0.073143372,0.040960288,2025,9,3916433,11.5112713,,,,
,,,34.32260596,0.411665349,0.018958358,3.207690423,0.031003168,0.017361774,2025,9,3046439,9.11395228,,,,
29.47975234,0.281646856,0.013011415,,,,,0.545218894,0.260203856,2025,9,4431611,20.10884442,253.2276018,1.695223867,0.108116022,0.587629326
2.992144838,0.044100347,0.001039101,,,,,0.433618066,0.207656688,2025,9,3046779,16.7008392,263.7624157,1.74690383,0.057623718,0.557280789
0.670179656,0.004826948,0.00019696,78.17538104,0.650158104,0.02323002,6.735823928,0.136846342,0.076420965,2025,9,4428331,18.44791434,,,,
65.40603545,0.4393233,0.017716768,20.70972619,0.103242169,0.006231855,2.679832509,0.181299108,0.086003269,2025,9,4360516,14.4274802,,,,
13.00498451,0.09894447,0.004570999,51.60165384,0.352135985,0.022458121,3.973217155,0.101601261,0.05320007,2025,9,3915416,13.09070382,,,,
27.25391303,0.258558859,0.019321548,19.5027745,0.092899354,0.004226733,3.131324312,0.135465107,0.066707506,2025,9,4371733,9.91659235,,,,
34.43028905,0.133056137,0.013537448,23.87420961,0.156841496,0.010027447,3.207106048,0.125662947,0.061452974,2025,9,3042519,10.70448355,,,,
,,,73.9158201,0.536785173,0.034234462,4.354838526,0.086672395,0.048536541,2025,9,4431299,14.94081342,,,,
35.9436988,0.695771352,0.028058652,,,,,0.48876136,0.232717989,2025,9,4689114,21.10028984,224.8888883,1.478686885,0.089255801,0.680552076
49.06024312,0.230202681,0.007472047,12.61714709,0.039170481,0.001113101,2.089681275,0.128406973,0.06113153,2025,9,3916148,9.7719565,,,,
2.071024397,0.034684137,0.001327993,36.12683535,0.370347424,0.015296875,3.656085816,0.053553659,0.029313089,2025,9,3116365,9.88210071,,,,
,,,72.23642683,0.661474007,0.030095729,4.79986006,0.085989834,0.048154307,2025,9,4047650,15.95849763,,,,
35.90986431,0.222247566,0.025139733,18.19754694,0.120139407,0.007643309,2.32971719,0.086403001,0.041407917,2025,9,4429059,9.7798104,,,,
,,,53.6325771,0.570926265,0.019528903,5.230342213,0.093189118,0.052185906,2025,9,15818,13.95630351,,,,
,,,56.891405,0.284974698,0.019506387,5.301106109,0.044168438,0.024734325,2025,9,4432665,12.69080292,,,,
50.09184146,0.082670327,0.006571944,21.49715624,0.06251076,0.002794932,3.467018794,0.125158408,0.060166448,2025,9,3054850,11.39871194,,,,
5.182274113,0.041303292,0.001685352,50.81495593,0.413179303,0.014762814,3.690480941,0.059607671,0.032378597,2025,9,4683062,11.98681065,,,,
0.736382327,0.006730538,0.000255809,59.84903633,0.237947712,0.01883498,5.291993858,0.089648942,0.049994788,2025,9,4373678,12.76398418,,,,
0.536930124,0.003453561,0.000351374,59.09698018,0.310250981,0.019835473,4.738156302,0.064893838,0.036218043,2025,9,4429205,12.55342819,,,,
15.86798673,0.273589902,0.01579645,,,,,0.50017027,0.239150309,2025,9,4360310,16.91011031,231.3022001,1.494893756,0.084299983,0.642491528
13.49876726,0.136787984,0.004420478,,,,,0.466895394,0.223253312,2025,9,4036378,18.08753081,242.1593771,1.888089909,0.083637156,0.531858592
1.833702937,0.022911613,0.000740418,39.16615636,0.374609196,0.01659415,2.304141143,0.041345539,0.022696004,2025,9,4248528,8.77962105,,,,
,,,40.41925777,0.192180094,0.0152122,3.818575328,0.054426082,0.030478606,2025,9,4385690,8.98448286,,,,
20.89839916,0.191249587,0.005901149,,,,,0.61075978,0.292036427,2025,9,2578570,19.44421928,265.6321727,1.790111205,0.049681575,0.561041241
75.23469687,0.665865875,0.030761419,15.48568189,0.081094678,0.005171962,1.876900066,0.15356692,0.072315029,2025,9,4608686,15.36199396,,,,
46.4633218,0.591364251,0.01435695,12.37090655,0.036386664,0.001191015,1.516200945,0.055211056,0.026073332,2025,9,4426385,11.14653654,,,,
38.2975065,0.183485477,0.012269442,9.342075293,0.046325185,0.002459659,1.690343429,0.079580373,0.037779117,2025,9,4241416,7.78916555,,,,
,,,51.59394983,0.451681474,0.020008239,3.742494744,0.068301627,0.038248911,2025,9,4361432,11.59780714,,,,
,,,37.76648316,0.128162738,0.005730312,3.79707012,0.050835586,0.028467928,2025,9,3929645,8.29856363,,,,
1.678672591,0.010659195,0.000648261,52.4171106,0.53484433,0.018294697,3.665654447,0.062062573,0.034326969,2025,9,4429025,12.31912389,,,,
,,,41.36361062,0.146152453,0.009344058,4.549339159,0.046303549,0.025929987,2025,9,4036133,9.53066708,,,,
,,,33.87452338,0.234980536,0.01494954,3.536446573,0.036310156,0.020333687,2025,9,3117256,8.32397383,,,,
35.15391154,0.356314037,0.014539144,,,,,0.47778057,0.228088859,2025,9,3139477,23.27994134,264.8451875,2.096126875,0.074894196,0.543469
0.697858559,0.003946187,0.000289477,48.09507936,0.35972438,0.022546072,3.570775644,0.067679406,0.037682105,2025,9,4431280,10.60418773,,,,
,,,49.929384,0.38096499,0.012566587,4.539979899,0.037826788,0.021183001,2025,9,4430027,11.80247141,,,,
40.80715518,0.422390609,0.017235352,10.19134372,0.083750143,0.002992376,1.562274927,0.088810381,0.042121756,2025,9,3059915,9.65752727,,,,
41.45143269,0.3207036,0.017823747,,,,,0.527051139,0.250709598,2025,9,4426348,19.54092768,211.4261926,1.611958408,0.103582685,0.594316098
17.08052382,0.06271512,0.007094077,,,,,0.403708147,0.193071324,2025,9,4432577,16.94844516,247.8133762,1.660255655,0.105626021,0.769716579
1.219229822,0.002553727,0.000203011,54.09822038,0.143598555,0.006420467,4.407864268,0.092302215,0.051274747,2025,9,4032473,10.83362348,,,,
,,,43.65703349,0.452791246,0.015488018,4.237175648,0.050434064,0.028243076,2025,9,4595342,11.29544836,,,,
,,,28.82151589,0.21516347,0.013722446,2.5661709,0.030544504,0.017104922,2025,9,4723086,6.73334236,,,,
26.56347557,0.21510613,0.006637261,14.06973485,0.064198226,0.001781716,1.940978801,0.061759271,0.029983672,2025,9,4240657,7.63862859,,,,
37.39271031,0.200250463,0.020373959,5.071215009,0.017778298,0.001136631,0.821226813,0.120462181,0.05646603,2025,9,4360569,6.30906103,,,,
,,,46.51508002,0.268530446,0.024549583,2.84332043,0.044871034,0.025127779,2025,9,4360078,9.10603672,,,,
82.89301963,0.535027926,0.032538832,15.17216725,0.097483255,0.003334478,2.085381511,0.139429176,0.065631146,2025,9,4430968,15.63112961,,,,
9.329137662,0.113908671,0.002765438,,,,,0.57599681,0.275633195,2025,9,3912547,18.2548861,305.4258716,1.612498675,0.052780587,0.801757456
49.59059437,0.522290561,0.029027347,7.968550005,0.050652923,0.003254901,1.121369489,0.173428571,0.081081362,2025,9,4575131,10.2219246,,,,
,,,49.28063179,0.274513622,0.025096577,4.513828313,0.060654384,0.033966455,2025,9,4688813,11.09683943,,,,
,,,52.2345882,0.149519794,0.005577755,3.648568502,0.04902749,0.027455395,2025,9,4040655,9.72668681,,,,
,,,41.29566505,0.348952493,0.021063306,3.82935107,0.036463862,0.020419763,2025,9,4429148,10.05487962,,,,
27.92637317,0.168253061,0.006964615,5.392817321,0.029493989,0.00071743,0.754563655,0.04708981,0.022132477,2025,9,4429096,5.24530614,,,,
0.82071648,0.014239914,0.000345712,37.66207671,0.296549014,0.009706694,3.285996347,0.033812751,0.018682858,2025,9,4576297,8.98264233,,,,
,,,45.93105139,0.294988514,0.0233501,3.481423641,0.065069303,0.03643881,2025,9,4635008,9.81999844,,,,
4.584041434,0.020440843,0.001997657,43.31251279,0.205833267,0.014089193,3.259218245,0.054298431,0.02935684,2025,9,4428718,9.40037755,,,,
19.85541501,0.587265013,0.025011068,,,,,0.488822315,0.23355827,2025,9,3917792,21.72112593,277.4312361,1.590458177,0.145402825,0.566849524
0.524558011,0.006206552,0.000455288,31.46452156,0.131375144,0.008234063,3.900686439,0.052217633,0.029087225,2025,9,3051876,7.88566882,,,,
40.64234541,0.261540548,0.029584394,10.91166156,0.04730808,0.003009756,1.485793137,0.072178274,0.0340859,2025,9,3128720,8.4932101,,,,
30.68450772,0.234410109,0.007575262,10.31049802,0.062059223,0.002749052,1.359292082,0.077198545,0.036784877,2025,9,4887558,7.18672752,,,,
65.78269305,0.386592558,0.028358902,7.979323871,0.054627946,0.003423859,1.486030444,0.071407174,0.03351009,2025,9,4241985,11.5079845,,,,
,,,35.19042551,0.39435011,0.025340507,4.105411346,0.043571952,0.024400293,2025,9,15835,9.99358698,,,,
,,,3.008408676,0.016976276,0.001552005,0.191126002,0.003668926,0.002054598,2025,9,4597500,0.59291594,,,,
9.596026534,0.107218315,0.005958873,,,,,0.02349976,0.01080989,2025,9,4362619,1.59382851,,,,
6.997803125,0.056340893,0.001820728,32.65657057,0.246753979,0.010930518,2.56327406,0.07121844,0.037681038,2025,9,4701936,8.34030689,,,,
,,,19.79599534,0.146057354,0.009292218,1.746660863,0.033529549,0.018776547,2025,9,4877706,4.58452386,,,,
5.783565947,0.010748841,0.000854488,4.831747679,0.023110688,0.001033307,0.764943868,0.019764369,0.00977396,2025,9,4682652,2.0756237,,,,
24.3149279,0.162885213,0.006568738,7.943637561,0.029121565,0.001757822,1.157568495,0.075354291,0.035889633,2025,9,4040761,5.52868545,,,,
3.893018257,0.029759438,0.001718241,40.77630394,0.23578466,0.013296358,3.539916919,0.084606967,0.045999039,2025,9,4432620,9.74992496,,,,
38.26016559,0.215789334,0.007004211,17.04158133,0.065029231,0.001847925,2.392077752,0.087241838,0.04210492,2025,9,4428557,9.54296227,,,,
24.41993239,0.230132543,0.005223151,6.1169353,0.011761911,0.000438772,0.906934831,0.03327762,0.01571221,2025,9,4373626,5.39276375,,,,
14.50731919,0.103670325,0.010547666,,,,,0.895013721,0.428226708,2025,9,4433970,14.38657215,259.275182,1.210235207,0.077374736,1.120580607
14.72549751,0.093649178,0.007444717,3.754096111,0.018312768,0.000818786,0.483196789,0.057180997,0.026940729,2025,9,2468609,3.08490009,2.617795381,0.007852666,0.000298765,0.009452645
,,,4.477267122,0.052893131,0.001286604,0.470800621,0.005434172,0.003043136,2025,9,4242557,1.23251646,,,,
48.69793231,0.454206244,0.014014874,17.78240062,0.073274489,0.002033612,2.204946739,0.135760359,0.064799346,2025,9,4427728,11.97399472,,,,
,,,44.09513488,0.377745895,0.017396271,3.171267625,0.048701462,0.027272819,2025,9,4429022,9.82878739,,,,
6.018685306,0.053217614,0.003976838,,,,,0.415908483,0.199261775,2025,9,8439,17.4743836,260.0599468,2.007106167,0.091319268,0.840330908
14.64194273,0.030860794,0.002453304,,,,,0.588710177,0.281561501,2025,9,4360689,10.59074306,220.1394066,0.660357628,0.029577733,1.011050912
6.231251541,0.049265582,0.00159909,45.87536223,0.217767038,0.006188251,3.924887634,0.095479026,0.051454711,2025,9,4431268,10.8278266,,,,
0.810459916,0.006750128,0.000272215,49.08341807,0.29894483,0.018044767,3.286748196,0.068441069,0.038056388,2025,9,3916945,10.07263293,,,,
,,,50.16567833,0.337872964,0.014966837,4.291124775,0.04588986,0.025698322,2025,9,4572680,11.31467942,,,,
,,,22.64750179,0.189291565,0.00676335,1.826771799,0.035126931,0.019671081,2025,9,4241372,5.20238591,,,,
,,,2.130344723,0.022211392,0.001183856,0.237821572,0.002830732,0.00158521,2025,9,4259147,0.58339669,,,,
28.32135041,0.152017438,0.011227397,3.780472038,0.024015583,0.001280018,0.537264757,0.062051372,0.02909551,2025,9,4241474,4.77210694,,,,
22.99386179,0.182081038,0.010512939,7.065713355,0.041207467,0.00232377,1.080924748,0.060965766,0.029008466,2025,9,4882093,5.40808598,,,,
,,,22.44175147,0.216464811,0.008940889,1.973905451,0.025997595,0.014558653,2025,9,4361050,5.50631794,,,,
0.718541298,0.003620426,0.000242093,25.2818955,0.178755208,0.009491098,2.687199604,0.05075422,0.028190286,2025,9,4430034,6.3459209,,,,
15.55790801,0.103271945,0.006905664,,,,,0.53446321,0.255683763,2025,9,4685720,12.42448149,180.8389531,1.205137232,0.063987367,0.724783287
29.32145205,0.213024335,0.008546916,3.51860594,0.025516379,0.00089865,0.522563314,0.066103794,0.030873886,2025,9,4685279,5.22668381,,,,
,,,14.32282898,0.082530182,0.005649153,1.459046333,0.013893337,0.007780269,2025,9,4429086,3.38261469,,,,
6.326909952,0.037802871,0.00226868,40.85572263,0.348099627,0.011749631,3.74584482,0.087556366,0.047181026,2025,9,4569603,10.91623809,,,,
,,,27.351878,0.156888539,0.008330076,2.608237905,0.0500687,0.028038472,2025,9,4695883,6.24666015,,,,
14.00326615,0.070268585,0.004217054,3.519947517,0.020855678,0.000703955,0.523713194,0.036370859,0.01723364,2025,9,4682745,2.79911488,,,,
,,,35.03944507,0.268161398,0.012200801,3.656969904,0.059089377,0.033090051,2025,9,3054212,8.7296643,,,,
9.428870771,0.069079828,0.00213151,8.119405167,0.036300311,0.001007455,1.043864346,0.024572068,0.012197719,2025,9,4362478,3.41350327,,,,
,,,48.24668021,0.372964815,0.016969144,3.596157375,0.071923148,0.040276963,2025,9,4243389,10.67084197,,,,
6.216300796,0.02598867,0.001559669,,,,,0.632065955,0.302722764,2025,9,4241479,16.32976265,239.2201685,2.117582371,0.071476123,1.022120865
,,,41.40040717,0.257893247,0.016407255,3.441010864,0.060575988,0.033922553,2025,9,3895856,9.09498247,,,,
,,,42.06403774,0.295667592,0.01221229,2.846616009,0.043522798,0.024372767,2025,9,4360939,8.80385638,,,,
,,,47.96777534,0.241529818,0.006863514,3.718531131,0.0713823,0.039974088,2025,9,4883647,9.90015043,,,,
5.342366517,0.08182912,0.0044,,,,,0.527503201,0.252822091,2025,9,11252,17.28762858,249.5359767,2.103011012,0.074387683,0.898458547
9.243746398,0.04874301,0.001866283,23.27628957,0.129674742,0.005356101,2.897724945,0.046517296,0.024236129,2025,9,4038441,7.18743756,,,,
,,,37.84998963,0.10445156,0.002968183,3.584734639,0.041230245,0.023088937,2025,9,4360635,7.95728745,,,,
40.15899048,0.278387518,0.014973211,10.9576012,0.062346574,0.002205322,1.494549202,0.088311288,0.041968707,2025,9,3116389,8.64189074,,,,
15.16125883,0.037512719,0.003666069,,,,,0.410944887,0.196472895,2025,9,15864,13.01881312,224.1123678,1.187124949,0.081258159,1.111573125
33.32252787,0.217084973,0.013028011,7.216402927,0.050636968,0.001709182,1.038468479,0.078663175,0.037111402,2025,9,4711533,6.65602079,,,,
9.423097149,0.052304168,0.001697718,,,,,0.613844998,0.293982081,2025,9,4688380,12.63650956,234.5855547,1.055310167,0.029988581,0.857948227
3.240539043,0.023477335,0.001155407,21.44838172,0.177376507,0.008168692,1.820412922,0.047392384,0.025441322,2025,9,4427095,5.4634476,,,,
,,,37.94058172,0.274831314,0.014648368,3.5936929,0.068536259,0.038380305,2025,9,3045523,8.99108708,,,,
1.415497671,0.012302554,0.000661699,22.15775208,0.229500752,0.008117898,2.094492247,0.035525594,0.019558305,2025,9,4368003,5.88201564,,,,
,,,27.3906007,0.199213129,0.009063794,2.831897797,0.040723584,0.022805207,2025,9,4361411,6.73982782,,,,
0.876975753,0.00670098,0.00032978,26.69259895,0.244582049,0.011263698,2.117090525,0.030293302,0.016779751,2025,9,2991662,6.37217162,,,,
,,,8.075954181,0.047598638,0.003043154,0.990854683,0.016297075,0.009126362,2025,9,16460,2.07230571,,,,
8.280545058,0.124655363,0.002829212,,,,,0.50166538,0.240165876,2025,9,4360423,14.1454152,284.7350994,0.755062699,0.028167207,0.717573672
,,,7.959362828,0.027659576,0.001236693,0.854188459,0.016397318,0.009182498,2025,9,4569559,1.80062319,,,,
,,,7.787794812,0.065337498,0.002155236,0.553210274,0.010619629,0.005946992,2025,9,5123663,1.71671143,,,,
5.997868374,0.051245941,0.001947714,4.957877094,0.02677231,0.002119188,0.73446839,0.018195523,0.008964569,2025,9,4429501,2.28883771,,,,
1.632603182,0.012214059,0.00049005,7.169694885,0.058112348,0.002046633,0.646697821,0.017499776,0.009291322,2025,9,5083754,1.93583879,,,,
,,,6.349542775,0.045519473,0.002016387,0.633683189,0.006034061,0.003379074,2025,9,4428085,1.53918793,,,,
0.844239309,0.00725626,0.000357108,4.687357479,0.04203236,0.00193571,0.366716436,0.009675316,0.005154608,2025,9,4613202,1.21013985,,,,
,,,14.85204357,0.137011908,0.010845309,1.486863459,0.01238844,0.006937526,2025,9,3930086,3.80228183,,,,
,,,22.46098451,0.208402419,0.008607879,1.800703058,0.030602537,0.017137421,2025,9,15795,5.28096694,,,,
6.119791491,0.066688963,0.003706373,21.59847618,0.096873967,0.006225015,2.944122611,0.037339545,0.019546627,2025,9,3127586,6.67908048,,,,
,,,3.245997447,0.018967843,0.000840223,0.450813864,0.003217105,0.001801579,2025,9,3149687,0.88738315,,,,
,,,15.11758396,0.154886722,0.005298001,1.248174385,0.023960418,0.013417834,2025,9,4686612,3.67364345,,,,
,,,5.070399946,0.048504292,0.001179848,0.426532573,0.008187877,0.004585211,2025,9,4710855,1.21800359,,,,
42.01726931,0.318201944,0.015659908,7.975404845,0.060367448,0.002780092,1.098457137,0.095532229,0.044924679,2025,9,4427600,8.31869155,,,,
2.657221133,0.024615946,0.000759543,16.06503901,0.104397557,0.002897381,1.557665112,0.039257442,0.021173754,2025,9,4037235,4.30581136,,,,
,,,54.77977473,0.350279213,0.0114654,3.366265944,0.064620087,0.036187249,2025,9,4597703,11.06495184,,,,
24.87523885,0.159869635,0.006523368,16.13876927,0.107471631,0.00383994,2.069922405,0.065961664,0.032188792,2025,9,4596602,7.81030612,,,,
,,,15.36417587,0.120207939,0.004295006,1.487117624,0.027178813,0.015220135,2025,9,3120348,3.72365259,,,,
,,,15.95653571,0.087124675,0.005963644,1.357687945,0.02606268,0.014595101,2025,9,4603186,3.45951665,,,,
,,,9.399117163,0.08486834,0.002799484,0.896847155,0.008539962,0.004782379,2025,9,4242392,2.34222872,,,,
,,,25.9646015,0.205798051,0.012898591,2.338043904,0.044881956,0.025133896,2025,9,4600981,6.14600375,,,,
6.458089444,0.037307147,0.001496829,15.1635076,0.143815562,0.005064977,1.285989471,0.046913486,0.024152182,2025,9,3676833,4.68947448,,,,
,,,26.15222934,0.208492098,0.00737478,3.185386346,0.030844988,0.017273193,2025,9,4036131,7.03258104,,,,
3.829988682,0.033240918,0.001535651,38.75988663,0.20437409,0.013034334,3.279846631,0.076958859,0.041960768,2025,9,3917914,8.91177664,,,,
0.534364521,0.003020522,0.000307315,25.6351763,0.149633881,0.009566638,2.048074535,0.039983347,0.022220279,2025,9,4382466,5.55731838,,,,
10.24252671,0.053859655,0.003977857,,,,,0.489295923,0.23421458,2025,9,4241464,17.14237303,245.4213892,1.989038447,0.10601473,0.871251468
6.639140968,0.037880858,0.00145039,0.898314001,0.005486136,0.0002266,0.121801922,0.010307415,0.004828331,2025,9,4596334,1.17845756,,,,
,,,14.28396094,0.067786178,0.004639933,1.389947805,0.021429739,0.012000654,2025,9,2577327,3.21090533,,,,
5.332110686,0.03630902,0.001380004,7.17858853,0.047746284,0.003779403,0.897406658,0.020174375,0.010119076,2025,9,3915411,2.68242176,,,,
1.198066339,0.006915318,0.000782232,14.82697841,0.105756942,0.006728292,1.316766789,0.029448284,0.016073925,2025,9,4586312,3.63334793,,,,
,,,2.806798727,0.025522303,0.000911907,0.186638584,0.002866227,0.001605087,2025,9,4362921,0.61914151,,,,
,,,22.41304247,0.194864751,0.004740008,2.233747743,0.021630005,0.012112803,2025,9,2573401,5.63006611,,,,
,,,25.59273581,0.176485945,0.011340794,2.081256872,0.039952577,0.022373443,2025,9,4426948,5.79623503,,,,
,,,17.15936534,0.163804884,0.007452791,1.71172793,0.020374278,0.011409596,2025,9,4430802,4.40311776,,,,
,,,16.60953442,0.123440332,0.007872634,1.595160044,0.017197274,0.009630473,2025,9,4258595,3.993694,,,,
,,,30.29920546,0.366759126,0.012379457,2.306217804,0.036271122,0.020311829,2025,9,3929785,7.52178836,,,,
1.36286475,0.008973706,0.000518121,35.82554591,0.271931549,0.015334752,2.837507985,0.061353036,0.033897413,2025,9,4361577,8.25614433,,,,
,,,11.62765378,0.04093577,0.001830288,1.223221103,0.017832293,0.009986084,2025,9,16731,2.61576051,,,,
,,,16.8481782,0.079689634,0.005454719,1.260257838,0.024192376,0.013547731,2025,9,4432775,3.40766344,,,,
,,,24.78064805,0.178943622,0.005085012,2.643696346,0.03146727,0.017621671,2025,9,4686728,6.17117757,,,,
13.42110344,0.064554942,0.006308869,6.423427606,0.041841344,0.002864021,0.933908161,0.043940956,0.021223515,2025,9,2576414,3.59544234,,,,
0.672861842,0.005853859,0.00032534,29.31366227,0.190702868,0.012254358,2.175987079,0.037427924,0.020762529,2025,9,2576581,6.33860419,,,,
,,,21.67147367,0.152643044,0.009711202,1.849753141,0.028406837,0.015907829,2025,9,4686422,4.92111552,,,,
,,,21.35625753,0.167191499,0.008877117,2.590608606,0.03083538,0.017267813,2025,9,4431588,5.71341796,,,,
,,,4.492007793,0.050096518,0.001764327,0.412314364,0.0072798,0.004076688,2025,9,4249417,1.17265206,,,,
,,,27.66252106,0.169236998,0.005539495,2.246859147,0.026743814,0.014976536,2025,9,4678006,6.01036716,,,,
,,,23.07744911,0.171916736,0.010377157,1.964649314,0.039292986,0.022004072,2025,9,3728262,5.28167881,,,,
0.651532788,0.006398358,0.000356,24.54915824,0.187273307,0.012033978,1.949601344,0.039747363,0.022026314,2025,9,4602667,5.78217117,,,,
,,,36.70629203,0.154392975,0.004387361,2.958501455,0.039754742,0.022262656,2025,9,3930066,7.52078792,,,,
1.293669528,0.009525931,0.000703547,7.306242323,0.04393112,0.002341506,1.032515625,0.010859671,0.005869619,2025,9,16002,2.20788678,,,,
,,,13.4663143,0.019436587,0.000725071,1.131836835,0.021727159,0.012167209,2025,9,3871102,2.57277711,,,,
,,,7.336815634,0.071088846,0.001729208,0.691931726,0.008235894,0.004612101,2025,9,4570037,1.84659778,,,,
,,,3.548470507,0.020869053,0.001327696,0.498717767,0.003905704,0.002187194,2025,9,2983509,0.97716334,,,,
9.821784763,0.111713306,0.004757765,5.860048608,0.039291523,0.003592109,0.843660109,0.025637715,0.012509026,2025,9,2576336,3.36464964,,,,
,,,14.51727332,0.103750032,0.003706968,1.458814237,0.012154736,0.006806652,2025,9,4240472,3.52716339,,,,
1.949161538,0.010890042,0.00079885,6.73028177,0.036944074,0.002315505,0.961515796,0.012824802,0.006757107,2025,9,4362748,2.18000784,,,,
,,,14.461123,0.115630264,0.003902943,1.338484814,0.015931657,0.008921728,2025,9,4367209,3.46876173,,,,
,,,10.36384965,0.078551914,0.003573953,0.871981458,0.016738879,0.009373772,2025,9,4431492,2.36852047,,,,
,,,21.69574048,0.214257761,0.011419829,1.763816574,0.035276331,0.019754746,2025,9,3043116,5.20319735,,,,
19.98873409,0.130134574,0.00531005,1.80359746,0.01361039,0.000486297,0.259783761,0.028220681,0.013143727,2025,9,4241555,3.28753594,,,,
1.477489329,0.007265764,0.000739236,,,,,0.003252945,0.001496355,2025,9,4257364,0.18991508,,,,
,,,1.973176747,0.01807073,0.001161205,0.205205614,0.002442512,0.001367807,2025,9,4690923,0.51059866,,,,
1.853830728,0.014251775,0.000822865,5.038719425,0.029869083,0.001684376,0.815309356,0.01137867,0.005961466,2025,9,4911851,1.82372271,,,,
0.971005809,0.006239432,0.000147015,13.17346222,0.066276105,0.002186197,1.13635055,0.0258568,0.014166829,2025,9,2973405,3.11097425,,,,
,,,11.66400482,0.051792734,0.004099704,0.901385757,0.017303335,0.009689867,2025,9,4241476,2.36781892,,,,
,,,10.00433219,0.110222644,0.005852327,1.281954884,0.017937505,0.010045003,2025,9,4372780,2.93581202,,,,
,,,8.465436522,0.090549096,0.003189009,0.919084934,0.010939643,0.0061262,2025,9,4372096,2.30333738,,,,
30.26860636,0.188276863,0.011450448,7.757053231,0.053167821,0.00181864,1.043750091,0.068614498,0.032509807,2025,9,4362452,6.25831472,,,,
1.582041283,0.010758624,0.000445339,24.35840966,0.174821478,0.004252463,1.947111439,0.042588763,0.023328578,2025,9,4569382,5.62649225,,,,
,,,14.74699858,0.109682623,0.006995211,1.194316045,0.023886321,0.01337634,2025,9,4039050,3.55825054,,,,
,,,23.25582337,0.183396745,0.011070978,1.854385265,0.037087705,0.020769115,2025,9,4039057,5.2619298,,,,
,,,6.852014762,0.072108164,0.001754002,0.695050783,0.008273019,0.004632891,2025,9,4426553,1.80736187,,,,
,,,14.33010728,0.120776515,0.005562102,1.521868819,0.018351663,0.010276931,2025,9,3043275,3.67059318,,,,
,,,8.715793754,0.015449588,0.000576339,0.626142877,0.012071199,0.006759871,2025,9,3047876,1.57837132,,,,
5.055939669,0.042565857,0.00137557,4.738316815,0.039992795,0.00177157,0.381382425,0.02383082,0.011694293,2025,9,4431487,1.90969475,,,,
5.316923085,0.024568169,0.001642842,9.043178419,0.062848388,0.003336967,0.939338636,0.035334199,0.018056921,2025,9,4708486,2.8746239,,,,
1.122045212,0.009310141,0.000373539,3.477018039,0.021073279,0.000742171,0.521164173,0.007012094,0.003690456,2025,9,4383396,1.15840693,,,,
,,,10.44840446,0.072582232,0.0020144,1.023847786,0.012186609,0.006824501,2025,9,4426844,2.49488302,,,,
1.755407643,0.011043333,0.000815616,4.764496063,0.035421758,0.001887962,0.399012203,0.012983472,0.006770422,2025,9,4430191,1.46031001,,,,
1.0658122,0.007161704,0.000429798,5.370183096,0.026577865,0.0008971,0.778188106,0.012833112,0.006873597,2025,9,3917668,1.61347065,,,,
1.921065094,0.021949954,0.000834256,24.35644757,0.102384955,0.00810438,2.02801608,0.041668716,0.022679478,2025,9,4372414,5.37539312,,,,
,,,8.141822983,0.058132473,0.004601532,0.870719069,0.012856074,0.007199401,2025,9,3121427,2.02884007,,,,
19.50405638,0.103094564,0.004206701,3.80856312,0.026857745,0.000959622,0.523750216,0.041860942,0.019714375,2025,9,4242214,3.60673392,,,,
,,,2.141275821,0.018388855,0.000980117,0.243315344,0.002896123,0.001621829,2025,9,4040612,0.56656883,,,,
,,,12.13872539,0.125692222,0.007877881,1.311915712,0.015473956,0.008665415,2025,9,3911853,3.27877512,,,,
1.640477458,0.007946891,0.000483307,,,,,0.005431329,0.002498411,2025,9,4362477,0.32919694,,,,
,,,2.063430535,0.003887813,0.000173829,0.184456228,0.00354089,0.001982898,2025,9,4573697,0.50246406,,,,
,,,4.189287573,0.03298095,0.002610639,0.446645095,0.005316307,0.002977132,2025,9,4573699,1.06286697,,,,
,,,7.191405384,0.05735127,0.003045095,0.854715356,0.010173468,0.005697142,2025,9,4683243,1.91292822,,,,
,,,8.0518105,0.069362002,0.006341211,0.673272149,0.010151436,0.005684804,2025,9,2998565,1.89620623,,,,
,,,5.61667479,0.056541958,0.003633324,0.597658489,0.011043192,0.006184187,2025,9,4048228,1.49376759,,,,
,,,2.373503355,0.007408885,0.000276384,0.251899118,0.002998294,0.001679044,2025,9,4035020,0.53097664,,,,
,,,20.58892263,0.176719095,0.009965535,2.461794086,0.029302132,0.016409194,2025,9,4239944,5.5688876,,,,
13.85986496,0.119158394,0.005504834,11.43176113,0.062222831,0.003968376,1.419958869,0.040923031,0.020188515,2025,9,4037457,5.01705822,,,,
,,,2.346718654,0.018032999,0.000820465,0.228578078,0.003510296,0.001965765,2025,9,4035656,0.56924974,,,,
20.32657035,0.188144833,0.008691844,1.854749341,0.010324684,0.000658476,0.238978737,0.04013855,0.018676909,2025,9,4036032,3.63033663,,,,
,,,6.711333464,0.065336633,0.002698672,0.657882091,0.007830609,0.004385141,2025,9,4241263,1.7178693,,,,
,,,20.86500756,0.151241799,0.004197466,1.806079146,0.026886621,0.015056508,2025,9,3059722,4.77902061,,,,
,,,7.836922323,0.059105043,0.002441282,0.562928005,0.010806174,0.006051458,2025,9,4241424,1.77046899,,,,
,,,8.27454096,0.086771503,0.003843737,0.815019424,0.009700977,0.005432547,2025,9,4379401,2.16018112,,,,
,,,13.99410632,0.114280916,0.005062328,1.09022675,0.020928396,0.011719902,2025,9,4689334,3.16256033,,,,
,,,6.983676629,0.060888636,0.003245333,0.639777511,0.012281406,0.006877587,2025,9,4431466,1.69653648,,,,
,,,0.856933112,0.007288349,0.000301039,0.118292771,0.001055203,0.000590914,2025,9,2975417,0.24716427,,,,
0.958588232,0.005586848,0.000409829,,,,,0.002123911,0.000976999,2025,9,3929914,0.12830167,,,,
,,,4.622617968,0.030405462,0.001359465,0.446958763,0.006016125,0.00336903,2025,9,3843945,1.0877932,,,,
,,,8.466922983,0.079706537,0.002819379,1.071036631,0.013653586,0.007646008,2025,9,3127310,2.38667549,,,,
,,,4.808898015,0.04058756,0.001369978,0.416029572,0.004420274,0.002475353,2025,9,4043016,1.16370635,,,,
,,,16.28940354,0.109680949,0.006185123,1.972430765,0.018781888,0.010517857,2025,9,3052096,4.25128694,,,,
,,,24.68107608,0.138292694,0.004526621,1.674574831,0.032145758,0.018001625,2025,9,4241983,4.9463346,,,,
,,,2.213339087,0.023343176,0.000822113,0.234107737,0.002786527,0.001560455,2025,9,4360967,0.59409782,,,,
,,,13.50112443,0.111412902,0.006725053,1.102434102,0.021162733,0.011851131,2025,9,4431210,3.1113304,,,,
,,,11.59227105,0.104903191,0.003540865,1.05319849,0.011190131,0.006266474,2025,9,4036335,2.83668872,,,,
10.69244399,0.075935552,0.003737073,1.652851382,0.011082265,0.00051037,0.219037966,0.020435545,0.009566722,2025,9,3139602,1.96557525,,,,
,,,15.76435946,0.167502348,0.005653815,1.635619836,0.019468382,0.010902294,2025,9,4047422,4.20708711,,,,
,,,2.270219444,0.024639516,0.001121048,0.246134178,0.002929675,0.001640618,2025,9,4241961,0.62003148,,,,
1.580671527,0.016921865,0.000720686,5.699051554,0.03134764,0.002865863,0.415406411,0.012621071,0.006603122,2025,9,4061956,1.52494587,,,,
,,,10.50789261,0.076544995,0.004797531,0.934488665,0.014351032,0.008036578,2025,9,3122168,2.4384484,,,,
,,,15.28325745,0.123706161,0.004375733,1.898111094,0.023135831,0.012956065,2025,9,3050481,4.15212514,,,,
,,,2.230917173,0.012394395,0.000848391,0.197295302,0.003787354,0.002120918,2025,9,3919510,0.54014817,,,,
,,,11.74675897,0.054025442,0.001535232,1.095049516,0.021020976,0.011771747,2025,9,4057082,2.57396003,,,,
,,,6.188069968,0.059853906,0.003612873,0.627463157,0.00746854,0.004182383,2025,9,2531358,1.60445197,,,,
,,,4.276056782,0.03616539,0.002182998,0.421412279,0.005015967,0.002808942,2025,9,4590292,1.06489101,,,,
,,,9.048636545,0.05185976,0.001697483,0.627965562,0.006672073,0.003736361,2025,9,4431479,1.84008642,,,,
,,,6.325024948,0.058376512,0.003713933,0.719469251,0.008543802,0.004784529,2025,9,4040774,1.70031523,,,,
,,,6.878849867,0.039728725,0.002540002,0.726413893,0.008646327,0.004841943,2025,9,4433959,1.64829535,,,,
,,,1.946635565,0.009756211,0.000436212,0.220667783,0.002626555,0.001470871,2025,9,4034862,0.47186889,,,,
,,,11.81864664,0.042166813,0.001198248,1.012203004,0.019430624,0.010881149,2025,9,4362617,2.42821574,,,,
,,,20.25573079,0.132189508,0.007454425,1.985033881,0.038105445,0.021339049,2025,9,4244856,4.77698276,,,,
10.59473283,0.072625287,0.003574167,1.59314669,0.013112228,0.000603856,0.223792311,0.024040079,0.011258065,2025,9,4039274,1.94348127,,,,
74.26414521,0.739411678,0.015526207,26.59058332,0.154862054,0.004445117,2.839044324,0.108718613,0.051738447,2025,10,4429795,18.22949332,,,,
64.77769435,0.611179871,0.034419267,55.21103792,0.386512209,0.019853257,6.527456056,0.173509189,0.084569294,2025,10,3117251,24.45646622,,,,
3.446882163,0.03023113,0.001047115,101.7174346,0.617292116,0.013429889,8.705474496,0.107348724,0.059512716,2025,10,4426515,23.01980622,,,,
57.40658055,0.401590218,0.009977572,55.12045778,0.232732079,0.006192971,5.708982445,0.184666312,0.090435147,2025,10,4430807,20.62396885,,,,
,,,68.91006279,0.489053123,0.012788956,7.380569998,0.060086391,0.033648379,2025,10,4361307,17.16576017,,,,
0.923274618,0.007388752,0.000155149,99.94197805,0.687049245,0.01972087,8.149998023,0.120056289,0.067018394,2025,10,4374302,22.31203452,,,,
1.729406993,0.011792564,0.000267154,108.6374478,0.561550872,0.015361885,7.658011888,0.158319589,0.088101607,2025,10,4430878,21.99399485,,,,
97.12975248,1.076564014,0.049162129,19.32713983,0.100312622,0.008053254,2.576257903,0.16232946,0.076542351,2025,10,4242335,21.24883701,,,,
120.8008695,1.028392476,0.033194368,10.62041514,0.071608722,0.005671844,1.365700056,0.192368619,0.089576325,2025,10,4379399,21.01149148,,,,
69.27870682,0.497154925,0.014547012,20.86654148,0.164057131,0.006437147,3.184141942,0.113024996,0.053856855,2025,10,3929630,16.10317572,,,,
75.23402323,0.350236024,0.018716029,45.55146418,0.314846451,0.010579848,5.495275309,0.142862065,0.0696831,2025,10,4429160,21.48731845,,,,
39.01969542,0.887946922,0.028661078,,,,,0.485168341,0.230982692,2025,10,3918298,22.5203512,221.4423141,1.436566009,0.113784717,0.574481342
27.80745269,0.674697668,0.019742005,,,,,0.551379653,0.262783063,2025,10,4040715,21.44552315,234.7326852,1.613625063,0.063314176,0.441171014
80.51263401,0.781428486,0.026096157,13.69565218,0.081358833,0.003056288,1.367543773,0.226932735,0.105968632,2025,10,3043078,15.81745793,,,,
58.43713993,0.265971178,0.032709134,23.70736598,0.115764848,0.008261211,3.443269839,0.159675417,0.076182017,2025,10,4890973,13.88193124,,,,
,,,95.09911224,0.551059768,0.032484052,7.216197424,0.110275919,0.061754515,2025,10,4262921,19.97683633,,,,
73.21059873,0.575367018,0.019928969,16.778693,0.143606529,0.003124323,2.420775232,0.207599707,0.098142593,2025,10,4430737,15.58884509,,,,
32.9219393,0.253508243,0.011710488,,,,,0.664240823,0.316737956,2025,10,4431452,20.77372134,266.9478199,1.750004499,0.074687744,0.637146696
,,,70.21581389,0.533436943,0.037031417,5.531310185,0.086307932,0.048332442,2025,10,4258173,15.73319118,,,,
,,,94.0528735,0.546968173,0.014554754,7.249035567,0.127404629,0.071346592,2025,10,4426502,19.82591428,,,,
,,,81.92676527,0.52148076,0.02046146,5.908664637,0.097718881,0.054722573,2025,10,4047646,17.1642835,,,,
63.79057725,0.931566717,0.026954037,25.93797187,0.099598637,0.004313474,3.033013235,0.164134885,0.078088915,2025,10,4047365,18.10354946,,,,
0.702353995,0.020219694,0.000923348,51.54557439,0.410404786,0.032947935,4.630413454,0.058094579,0.032234974,2025,10,4431459,12.44376179,,,,
2.126626018,0.024100215,0.000506058,63.71025121,0.33433227,0.00959658,3.3859738,0.057822388,0.031917726,2025,10,4426388,12.07815026,,,,
49.31104114,0.37618953,0.017377593,23.42586923,0.12153254,0.005186839,3.012581425,0.140826381,0.067622526,2025,10,4432710,13.22959567,,,,
3.240679097,0.024938084,0.000832819,75.80958229,0.378418414,0.014215492,5.379759182,0.096234125,0.052992737,2025,10,4429615,15.63157346,,,,
56.53574025,0.334886137,0.01285432,18.65223625,0.085538737,0.005806763,2.722755936,0.12822146,0.061198489,2025,10,4239996,12.68241202,,,,
,,,70.75479175,0.767918478,0.016706936,4.829696259,0.068048648,0.038107243,2025,10,16800,16.47167969,,,,
62.79567533,0.505350163,0.023349918,18.08608664,0.082039561,0.005789867,2.034303681,0.121285865,0.057563757,2025,10,4259545,13.59317428,,,,
105.9607716,0.523303747,0.030230188,15.81284666,0.125075129,0.006277448,2.258230699,0.202557277,0.095004193,2025,10,4038815,18.22333087,,,,
,,,68.24985654,0.484202659,0.015377504,5.622043681,0.099989651,0.055994204,2025,10,4612826,15.27365189,,,,
,,,51.90109615,0.602564197,0.039683812,4.49729901,0.077897511,0.043622606,2025,10,3128429,13.29697422,,,,
3.056588422,0.046877468,0.001623693,,,,,0.497258725,0.238178786,2025,10,12483,19.54187726,275.0798991,2.316303828,0.050393814,0.477137556
1.430640205,0.003431667,0.000240921,68.3477098,0.302771129,0.011955204,5.822474782,0.080113746,0.044545351,2025,10,4361370,14.57494611,,,,
85.86415378,0.279524139,0.038990051,16.07745326,0.123412189,0.017802378,1.826515584,0.200333849,0.093913414,2025,10,4427366,14.36933829,,,,
,,,56.40952336,0.17676639,0.004703731,5.124624772,0.042698008,0.023910884,2025,10,4360248,11.78888914,,,,
,,,66.77667711,0.355937364,0.011960634,5.37714543,0.085334715,0.04778744,2025,10,4372016,14.12103371,,,,
69.38046451,0.429990481,0.025850636,21.45197187,0.092351558,0.00411823,3.127304342,0.140070573,0.066905664,2025,10,4569987,15.27442262,,,,
,,,50.71840636,0.491988587,0.024692621,4.241219647,0.081416023,0.045592973,2025,10,4685472,12.2253391,,,,
,,,63.75243236,0.416044972,0.016324452,6.093020333,0.095722485,0.053604592,2025,10,4241478,14.89249912,,,,
,,,64.53610661,0.359971467,0.015363079,5.423229166,0.091154968,0.051046782,2025,10,2976212,13.96770722,,,,
65.49910917,0.541863523,0.012275623,10.27866086,0.049225839,0.001346631,1.429329222,0.082666215,0.038766788,2025,10,4567048,12.50553733,,,,
50.41255661,0.291795274,0.009744635,,,,,0.542959463,0.258456703,2025,10,3916387,23.59304988,266.3774978,1.864105901,0.070026144,0.483734545
25.18061072,0.173058881,0.01511811,14.51570254,0.130308227,0.008581869,2.323581904,0.061891221,0.03012812,2025,10,4568490,8.17784614,,,,
,,,51.06082059,0.321993556,0.016539247,4.579855173,0.05116177,0.028650591,2025,10,3040151,11.59502588,,,,
,,,67.35605905,0.354300765,0.028443817,6.169667337,0.085347965,0.04779486,2025,10,4035687,14.99463175,,,,
1.313543752,0.012037404,0.000802785,74.31979955,0.47905858,0.038474447,5.15167051,0.103395779,0.057451396,2025,10,4567750,15.62796242,,,,
6.32660972,0.066789946,0.003170696,60.09620345,0.331505459,0.022621812,4.993855398,0.123637794,0.066786205,2025,10,3126486,13.98046065,,,,
,,,41.75220671,0.322055318,0.012636558,4.739926203,0.059242419,0.033175755,2025,10,3121023,10.80796639,,,,
21.01459255,0.221482117,0.019348276,,,,,0.350313803,0.167293191,2025,10,4426338,19.11600732,204.594834,2.173422269,0.143137745,0.595726364
55.64498123,0.669224242,0.014052407,19.68000582,0.061273784,0.001758786,2.104454492,0.126335886,0.059914326,2025,10,4035538,13.93507109,,,,
,,,33.09135152,0.16288582,0.004259536,2.826025704,0.046126602,0.025830897,2025,10,4360761,7.07055105,,,,
25.40058708,0.135186616,0.006992629,,,,,0.412901647,0.197245794,2025,10,4038941,20.12672663,255.1966978,2.093430807,0.066484022,0.784712312
,,,65.36203234,0.335825836,0.008781995,4.825796818,0.084488284,0.047313439,2025,10,4432708,13.30212418,,,,
0.857871358,0.006693889,0.000249418,65.7108197,0.289135084,0.016137108,5.700047965,0.07837422,0.043711557,2025,10,4569587,14.07931085,,,,
,,,55.92787206,0.316756562,0.016270248,4.440860471,0.079758175,0.044664578,2025,10,3886598,11.87950439,,,,
0.658261079,0.007699363,0.000295533,36.27663731,0.16917068,0.011484085,3.779909657,0.061947915,0.034515036,2025,10,3916433,8.49078692,,,,
,,,44.05562614,0.403430383,0.017217844,3.834806937,0.036975102,0.020706057,2025,10,3046439,10.65495342,,,,
14.99845744,0.09037359,0.006027095,,,,,0.605155664,0.289461939,2025,10,3052587,16.13192701,241.298858,1.436175033,0.115342973,0.49329549
29.41798643,0.239958061,0.011087364,,,,,0.507808902,0.242428708,2025,10,4431611,18.47628607,236.4256534,1.500751175,0.105914147,0.563908689
3.182434762,0.045127885,0.000947598,,,,,0.447559983,0.214390651,2025,10,3046779,18.67265905,302.9883003,1.841137435,0.052847497,0.54553119
49.01674965,0.28670878,0.010682946,24.50247841,0.106487334,0.005943234,2.851806875,0.131377681,0.063165647,2025,10,4360516,12.47329543,,,,
10.48230712,0.096410969,0.00445471,45.64773488,0.298084914,0.021037071,3.606527284,0.086086429,0.045452486,2025,10,3915416,11.54885937,,,,
24.96219774,0.183671419,0.011042158,18.2719778,0.070627097,0.003149472,3.068638859,0.113691254,0.056436248,2025,10,4371733,8.91101441,,,,
41.34596862,0.190580019,0.016008898,22.7839103,0.165106754,0.009732767,2.941424862,0.131209455,0.063678924,2025,10,3042519,11.41612087,,,,
,,,65.64712343,0.476590722,0.033634956,3.887506528,0.077371296,0.043327926,2025,10,4431299,13.29441726,,,,
39.62866566,0.66977604,0.024956269,,,,,0.463865586,0.221027831,2025,10,4689114,22.07271923,254.1586161,1.404097024,0.07836498,0.734181574
2.687192923,0.058450265,0.001951973,36.49449721,0.356459802,0.013390605,3.257228348,0.052097716,0.028115861,2025,10,3116365,9.6406852,,,,
1.682438096,0.020019156,0.000804514,43.41152127,0.202976397,0.009765876,4.316066979,0.057536409,0.031604057,2025,10,5083076,10.1228869,,,,
,,,61.75180922,0.491025398,0.02189628,4.215242374,0.075404354,0.042226438,2025,10,4047650,13.29790737,,,,
37.26622414,0.263686768,0.0252,18.42062107,0.12757059,0.008856004,2.250866357,0.085893324,0.041117196,2025,10,4429059,10.15524064,,,,
,,,51.15691968,0.441108295,0.014008896,4.844170794,0.08698454,0.048711342,2025,10,15818,12.53940564,,,,
0.81362293,0.005971097,0.000734326,67.80977947,0.328383622,0.023434113,6.933273315,0.059549968,0.033169739,2025,10,4432665,15.78531127,,,,
54.47213521,0.107823301,0.00757,22.92593731,0.081500949,0.003218142,3.457582048,0.154629294,0.074283663,2025,10,3054850,12.21042376,,,,
1.006246694,0.01040076,0.000335715,57.99792724,0.284573697,0.022539958,5.042892448,0.085460265,0.047600956,2025,10,4373678,12.70905035,,,,
0.660023522,0.005011849,0.000421,57.17812894,0.41637488,0.024544603,4.493362592,0.06176701,0.034450762,2025,10,4429205,12.78815989,,,,
16.48353861,0.36006532,0.013820801,,,,,0.494479485,0.236347914,2025,10,4360310,13.22683153,191.1733374,0.906410847,0.061531342,0.772789797
12.17085537,0.1210762,0.00350323,,,,,0.49050924,0.234657612,2025,10,4036378,16.98730399,265.5754678,1.505494869,0.065200817,0.641144903
92.50503653,0.608165692,0.024440487,8.144541248,0.036472895,0.001754833,1.209708667,0.100084381,0.046578362,2025,10,4685702,15.10437188,,,,
1.57613903,0.019277878,0.000557788,46.90497656,0.326864172,0.014156017,2.654668777,0.04628556,0.02551674,2025,10,4248528,9.55925077,,,,
,,,65.14220978,0.330178141,0.04762865,5.25599304,0.104381276,0.058453514,2025,10,4569618,13.73238714,,,,
,,,43.37288255,0.255195739,0.020213046,3.940862901,0.055282941,0.030958447,2025,10,4385690,9.78929279,,,,
13.51922784,0.188194121,0.004723912,,,,,0.640939115,0.306565121,2025,10,2578570,15.26679091,233.8894081,1.299794355,0.033990199,0.625134162
56.45217485,0.437046697,0.020193927,12.16205281,0.065223226,0.00460307,1.560785814,0.087891356,0.041543834,2025,10,4608686,11.40465644,,,,
46.13078365,0.51863154,0.011749315,8.122748359,0.03369797,0.000921848,1.170293426,0.05382652,0.025282166,2025,10,4426385,9.88582368,,,,
33.34107394,0.170846078,0.009869429,6.061593745,0.045060171,0.002261544,0.971889039,0.064662822,0.030417608,2025,10,4241416,6.18412029,,,,
,,,60.58033867,0.399765795,0.017313282,4.400203661,0.079540873,0.044542889,2025,10,4361432,12.84428435,,,,
,,,39.05589585,0.200301574,0.007909097,3.886777067,0.051710865,0.028958084,2025,10,3929645,8.95344612,,,,
0.665207519,0.004670219,0.000241571,51.82969233,0.469921909,0.01492397,3.6300693,0.058825075,0.032756238,2025,10,4429025,11.69348466,,,,
,,,39.64211969,0.226732785,0.013365519,4.281716053,0.043531312,0.024377535,2025,10,4036133,9.5854527,,,,
,,,37.981728,0.270686516,0.018791172,3.940649518,0.040315456,0.022576656,2025,10,3117256,9.35643245,,,,
3.887202632,0.025076342,0.00219,48.10409709,0.534315902,0.0351891,3.805081524,0.081916849,0.044567739,2025,10,4431280,12.34834768,,,,
,,,58.45841576,0.377224844,0.010827757,4.964417395,0.041363171,0.023163376,2025,10,4430027,13.0500288,,,,
,,,49.01868225,0.236234541,0.011366037,3.301685942,0.051517936,0.028850044,2025,10,4241463,9.5873554,,,,
1.771295521,0.015709143,0.000355882,48.49633846,0.314663184,0.008607982,3.271814614,0.071025045,0.03921515,2025,10,4032473,10.38678816,,,,
,,,45.59719461,0.406305125,0.012903602,4.51744595,0.053770053,0.03011123,2025,10,4595342,11.48200291,,,,
,,,31.9794442,0.234308723,0.016536125,2.906324963,0.034593274,0.019372234,2025,10,4723086,7.5053615,,,,
54.16060679,0.633788814,0.042267938,24.09145633,0.134258451,0.010782647,3.758234303,0.144840505,0.069491056,2025,10,4697815,16.16266526,,,,
43.60553949,0.313467482,0.026331559,7.155316901,0.030619725,0.001804982,1.091713444,0.130124912,0.061198628,2025,10,4360569,8.16963615,,,,
,,,54.33145968,0.306158568,0.024578887,3.262565629,0.051144844,0.028641113,2025,10,4360078,10.52588855,,,,
53.88040566,0.391182212,0.020234194,14.44876579,0.089825003,0.002852699,2.052941987,0.180994609,0.085722046,2025,10,4430968,11.65140812,,,,
8.123342916,0.089399939,0.002025307,,,,,0.534389664,0.255784754,2025,10,3912547,16.62803412,262.3366682,1.696923956,0.046421352,0.800643083
50.4609586,0.380034357,0.018041241,7.867229225,0.04160088,0.002838829,1.137766885,0.181785546,0.085244268,2025,10,4575131,9.37646869,,,,
,,,39.35179243,0.275813797,0.007545211,3.071420452,0.049725538,0.027846301,2025,10,2977187,8.6221943,,,,
,,,48.31290601,0.302727746,0.024303455,4.592791021,0.069544063,0.038944675,2025,10,4688813,11.21300166,,,,
,,,44.71341667,0.19765623,0.005259607,3.053400043,0.041029938,0.022976766,2025,10,4040655,8.67633077,,,,
,,,39.44076078,0.254164393,0.012228702,3.70723245,0.042977197,0.024067231,2025,10,3123076,9.15375183,,,,
1.933072415,0.017665384,0.000816237,13.86308289,0.088662419,0.006257269,1.160254514,0.027705983,0.01497202,2025,10,4685278,3.392115,,,,
,,,45.14338452,0.334772159,0.018684188,3.826369442,0.036435471,0.020403864,2025,10,4429148,10.3468615,,,,
29.973633,0.197543836,0.00684232,5.679837462,0.031073458,0.000676038,0.803785451,0.034757601,0.016346996,2025,10,4429096,5.72409699,,,,
1.673576292,0.037028037,0.00083885,28.73091966,0.311496647,0.008521357,2.82435927,0.044518521,0.024194972,2025,10,4576297,7.92746344,,,,
,,,40.40707152,0.309507264,0.024514847,3.029467419,0.056296298,0.031525927,2025,10,4635008,8.92066849,,,,
3.487865358,0.013438085,0.001652616,49.13134547,0.160620607,0.011462208,3.944087921,0.061622454,0.033646181,2025,10,4428718,10.22088535,,,,
17.77422803,0.484464836,0.022123462,,,,,0.556755092,0.266067107,2025,10,3917792,19.95281178,261.1879894,1.6237132,0.130354224,0.730646788
0.618660147,0.008181537,0.000714724,26.60949322,0.200606421,0.013211584,3.358706226,0.045505165,0.025295441,2025,10,3051876,7.31271104,,,,
44.72481746,0.342949026,0.032794495,8.96019632,0.041169433,0.002857999,1.228430252,0.074969564,0.035214326,2025,10,3128720,8.90449872,,,,
24.79616572,0.190577763,0.005514194,11.4497059,0.05227715,0.002264048,1.496802695,0.084029692,0.040371271,2025,10,4887558,6.51555328,,,,
78.28513974,0.521426338,0.04555086,6.577998575,0.056651711,0.003730981,1.252694512,0.085393936,0.039839929,2025,10,4241985,13.22861646,,,,
,,,35.26891442,0.302995437,0.020676298,4.196198206,0.044392083,0.024859566,2025,10,15835,9.53386573,,,,
29.3701245,0.246346568,0.011694726,,,,,0.05726084,0.026339987,2025,10,4362619,4.38731334,,,,
,,,15.48117395,0.135358522,0.009396646,1.468496633,0.028189805,0.015786291,2025,10,4877706,3.81672987,,,,
13.37594369,0.030259001,0.002124344,6.888182942,0.038317769,0.001513013,1.035974484,0.037181524,0.018027618,2025,10,4682652,3.5031906,,,,
47.66788955,0.276823957,0.0103,13.27967553,0.053634022,0.002993404,1.732029022,0.129742052,0.061503923,2025,10,4040761,9.71653837,,,,
3.744927571,0.029055107,0.001115256,43.40658365,0.13348859,0.00906182,4.079900833,0.094845995,0.051788959,2025,10,4432620,9.84800231,,,,
23.79482867,0.252269832,0.006267683,3.958808078,0.011447783,0.000304624,0.589931696,0.031345417,0.014682009,2025,10,4373626,4.93220966,,,,
11.60877339,0.065362666,0.002626744,11.74718357,0.069622466,0.003349771,1.699250397,0.038252631,0.019111987,2025,10,5081397,4.8825456,,,,
16.43465141,0.193381411,0.016244218,,,,,0.833528886,0.398524963,2025,10,4433970,17.65074206,263.9023126,1.708791638,0.10073041,1.001594969
22.20593134,0.175478477,0.012319528,3.948390011,0.026460564,0.00104482,0.491836144,0.072397763,0.033941044,2025,10,2468609,4.4157019,2.558014548,0.012384887,0.000420577,0.008331258
,,,7.065092145,0.083024513,0.001806292,0.760164255,0.008591548,0.004811267,2025,10,4242557,1.9590374,,,,
31.08110633,0.341933753,0.008582972,16.74549535,0.062145633,0.001625136,2.423078717,0.1189678,0.057227216,2025,10,4427728,9.55483802,,,,
,,,41.11279806,0.22273458,0.017888397,4.199334347,0.054470002,0.030503201,2025,10,4243331,9.62323203,,,,
6.685593947,0.047858367,0.002877201,,,,,0.41333453,0.198038264,2025,10,8439,15.0298233,243.7117877,1.550319043,0.069133327,0.81724925
14.74649591,0.038051422,0.002671413,,,,,0.444196073,0.212446718,2025,10,4360689,12.38166773,217.4377118,1.052746717,0.04163715,0.952604709
0.849751489,0.006457523,0.000241,55.01465102,0.324288703,0.018099089,3.564404826,0.073937493,0.041140057,2025,10,3916945,11.0916725,,,,
,,,2.087542832,0.016510626,0.000848071,0.23498772,0.002797001,0.001566321,2025,10,4259147,0.54144306,,,,
17.76860046,0.123112369,0.006933208,1.815855968,0.009605563,0.000493391,0.26614581,0.048117994,0.022406425,2025,10,4241474,3.05700446,,,,
47.92309316,0.277312109,0.038681501,,,,,0.628660842,0.298858939,2025,10,4362887,16.71978306,176.7152359,1.07436135,0.1549781,0.454337534
21.01559989,0.183329615,0.007036951,4.242678834,0.024138921,0.001638661,0.686827385,0.053396904,0.025175245,2025,10,4882093,4.45442475,,,,
21.76448485,0.239331068,0.015961201,6.894785195,0.027489395,0.002207745,1.054215951,0.080663463,0.038377572,2025,10,4430871,5.5546662,,,,
,,,35.17824584,0.322925978,0.012130889,2.719537073,0.035507195,0.019884029,2025,10,4361050,8.16034725,,,,
,,,20.54495404,0.241093136,0.012100324,2.013652605,0.036222943,0.020284848,2025,10,4430034,5.49929178,,,,
9.878392152,0.087531348,0.002561213,1.514131881,0.007746538,0.000303953,0.23737226,0.035190953,0.016512616,2025,10,4429013,1.94622739,,,,
13.76508611,0.095336707,0.005507407,,,,,0.449730161,0.215086545,2025,10,4685720,13.18209274,157.2084064,1.611384334,0.080874443,0.627390159
,,,26.35295935,0.114032226,0.008137568,2.769231456,0.026369187,0.014766745,2025,10,4429086,6.07615839,,,,
34.42771221,0.300243559,0.0143,,,,,0.668087819,0.318678111,2025,10,2576980,16.30169125,214.6317559,1.226592619,0.083702233,1.00523514
0.663154658,0.006227254,0.000415301,43.88983388,0.243749835,0.019576187,3.627310003,0.071882388,0.040029017,2025,10,4608810,9.54429233,,,,
2.941221271,0.020004284,0.001202639,1.79407996,0.010530803,0.0004696,0.263361361,0.008088776,0.003955762,2025,10,4819231,0.91574856,,,,
,,,7.363450758,0.048661305,0.00701946,0.641477788,0.012829556,0.007184551,2025,10,4567096,1.66979951,,,,
6.984959568,0.038546265,0.002059848,37.07861465,0.196053985,0.006588041,3.324037499,0.088142717,0.047193725,2025,10,4569603,9.23681208,,,,
,,,21.82084214,0.205563963,0.010317136,1.975111417,0.03791497,0.021232383,2025,10,4695883,5.36975091,,,,
,,,33.23631974,0.19706367,0.008787654,3.543434491,0.056897815,0.031862776,2025,10,3054212,8.00479824,,,,
33.43510177,0.252420419,0.006336073,11.58929588,0.046569404,0.001217811,1.794594943,0.084262703,0.040255296,2025,10,4362478,8.02779682,,,,
,,,46.2764369,0.269659002,0.012024895,3.558596344,0.071171927,0.039856279,2025,10,4243389,9.7567408,,,,
6.462219206,0.022466879,0.001200593,,,,,0.649820473,0.311295732,2025,10,4241479,13.768332,246.7584056,1.475265273,0.049573631,1.140102748
3.564388373,0.015906683,0.000639245,11.87970474,0.048268299,0.00232235,1.910082602,0.018560106,0.009857116,2025,10,4372019,3.82624096,,,,
,,,34.25871913,0.241276353,0.034804445,3.373042517,0.040148499,0.022483159,2025,10,4808766,8.27227712,,,,
,,,39.50991538,0.271393354,0.018840241,3.512866631,0.06164044,0.034518646,2025,10,3895856,9.06248748,,,,
,,,44.11300421,0.297280143,0.011167489,2.687721649,0.041032714,0.02297832,2025,10,4360939,8.86016727,,,,
,,,33.07850203,0.18174446,0.008744336,2.583867248,0.047883451,0.026814733,2025,10,4369863,6.94730942,,,,
4.918419547,0.029750854,0.000993543,23.23132047,0.11539896,0.004335024,2.538433272,0.0355996,0.018854152,2025,10,4038441,6.19819699,,,,
12.82135985,0.027475582,0.003378947,,,,,0.448866017,0.214694244,2025,10,15864,12.07284813,234.9934095,0.993120658,0.070871079,1.238675962
23.53134465,0.13295105,0.007104683,7.371715151,0.04058898,0.00136392,1.046409833,0.055709603,0.026559843,2025,10,4711533,5.14324351,,,,
1.314382862,0.010126554,0.000467783,41.96271074,0.267345777,0.011409944,3.102449167,0.066720853,0.036896491,2025,10,4427095,9.04671899,,,,
,,,29.80517541,0.141463655,0.007266302,2.973305268,0.05654886,0.031667362,2025,10,3045523,6.75529662,,,,
,,,25.75378804,0.151503412,0.006755987,2.771207088,0.039650498,0.022204279,2025,10,4361411,6.22575378,,,,
,,,34.7642046,0.241402496,0.010302721,2.629963014,0.035340021,0.019790412,2025,10,2991662,7.53675307,,,,
,,,4.142681054,0.035215657,0.002075904,0.474886099,0.007810686,0.004373984,2025,10,16460,1.09605839,,,,
8.777911118,0.139748489,0.003472073,,,,,0.547440949,0.262076504,2025,10,4360423,16.01117606,278.1391447,1.250255586,0.033269144,0.697741774
,,,26.23844589,0.141897289,0.005602948,2.507974411,0.048144005,0.026960643,2025,10,4569559,5.94175934,,,,
,,,8.865580234,0.068409164,0.001963598,0.59846881,0.011488429,0.00643352,2025,10,5123663,1.88684497,,,,
7.131343982,0.066010881,0.002130694,3.160873382,0.018793554,0.001488563,0.440887278,0.016217404,0.00781695,2025,10,4429501,2.06249857,,,,
,,,36.51963899,0.166998076,0.007232446,3.549486877,0.033798938,0.018927406,2025,10,4428085,8.18094331,,,,
1.321526894,0.012063773,0.000804544,31.91354159,0.230184509,0.01848672,2.876342307,0.056160355,0.031026379,2025,10,2976592,7.63135062,,,,
24.8271892,0.094048523,0.013118569,19.78792158,0.102197426,0.014742119,2.424436588,0.058119446,0.028465075,2025,10,4695404,8.06375059,,,,
,,,32.1028403,0.207546887,0.008857811,2.261348537,0.043409684,0.024309423,2025,10,4613202,6.68715667,,,,
,,,10.11069487,0.105367992,0.008345782,0.966323622,0.008051339,0.00450875,2025,10,3930086,2.61748753,,,,
,,,18.67595375,0.159106268,0.005976913,1.320906813,0.022448509,0.012571165,2025,10,15795,4.13054409,,,,
6.495008939,0.0515462,0.002447035,16.35958533,0.059406061,0.004053848,2.292052395,0.030343109,0.015800777,2025,10,3127586,5.2254296,,,,
,,,5.529172468,0.023872949,0.001033903,0.752881384,0.005372724,0.003008726,2025,10,3149687,1.44522828,,,,
2.966244785,0.023021496,0.000673621,3.036525885,0.015737338,0.00061749,0.485536361,0.010578831,0.005299374,2025,10,4431545,1.38352982,,,,
,,,17.41687654,0.147666134,0.004689641,1.551774609,0.02978844,0.016681526,2025,10,4686612,4.1562613,,,,
,,,5.377567828,0.052015946,0.001131666,0.443708899,0.0085176,0.004769856,2025,10,4710855,1.28650998,,,,
36.94225752,0.318412512,0.0147,11.4532392,0.054809991,0.002339214,1.487831331,0.094536819,0.044814123,2025,10,4427600,8.5136622,,,,
2.10691032,0.019987544,0.000501713,11.47518664,0.055275243,0.001445472,1.282021302,0.033383668,0.01792053,2025,10,4037235,3.21771772,,,,
8.086829769,0.0926516,0.008859808,,,,,0.502801343,0.240715119,2025,10,4242546,15.41724045,230.1423041,1.705667011,0.118408122,0.881038978
,,,24.52080802,0.097808438,0.006979806,2.196257714,0.042160176,0.023609699,2025,10,4603186,5.20304536,,,,
,,,10.77971835,0.08745915,0.002510403,0.981518979,0.009346224,0.005233885,2025,10,4242392,2.57904535,,,,
,,,26.81776152,0.316546414,0.020847187,2.454647001,0.047120313,0.026387375,2025,10,4600981,7.02586326,,,,
,,,19.30112904,0.104543801,0.004527642,1.346707831,0.026934157,0.015083128,2025,10,4428850,3.88368657,,,,
3.923628369,0.031317349,0.001447031,38.24595363,0.178130946,0.012571429,3.364768527,0.078616902,0.042893312,2025,10,3917914,8.78274279,,,,
,,,29.02858547,0.221492727,0.013056626,2.224879483,0.041462375,0.02321893,2025,10,4382466,6.43746178,,,,
6.700561928,0.050760186,0.002858616,,,,,0.524148976,0.250908262,2025,10,4241464,14.4461474,242.5871156,1.468265597,0.075417681,0.886806494
8.686751383,0.056374303,0.001882645,2.991959169,0.01624081,0.000610095,0.348380782,0.016321398,0.007756455,2025,10,4596334,1.98742151,,,,
,,,17.17468855,0.065306621,0.004660411,1.753814164,0.027039706,0.015142235,2025,10,2577327,3.8428731,,,,
10.55692628,0.085159449,0.00274877,8.644226939,0.062478415,0.004948668,1.018269557,0.029827631,0.014668252,2025,10,3915411,3.84243813,,,,
2.582249296,0.019784676,0.001891909,6.564733203,0.056259029,0.003905526,0.64145195,0.0212585,0.011010265,2025,10,4586312,2.08338593,,,,
,,,28.23940676,0.258625697,0.005626695,2.879961341,0.027835581,0.015587925,2025,10,2573401,7.23646574,,,,
,,,18.43986568,0.162777619,0.007258737,1.902876238,0.02264947,0.012683703,2025,10,4430802,4.71327679,,,,
,,,10.79417497,0.077710663,0.005484359,1.085464332,0.011680767,0.006541229,2025,10,4258595,2.62934047,,,,
,,,30.97510143,0.259456248,0.00871856,2.252398382,0.035347109,0.019794381,2025,10,3929785,6.88543037,,,,
1.949997222,0.013942451,0.000535169,40.55055068,0.242632121,0.016470986,3.108609374,0.068796177,0.03786346,2025,10,4361577,8.9010363,,,,
,,,32.19454462,0.174397414,0.006886247,3.145492218,0.045828358,0.02566388,2025,10,16731,7.3749879,,,,
2.788011035,0.030775834,0.00142201,,,,,0.004438003,0.002041481,2025,10,4426386,0.46233417,,,,
,,,15.25208907,0.053196853,0.003796234,1.218112766,0.023383344,0.013094672,2025,10,4432775,3.04452391,,,,
6.610447606,0.028683614,0.003527511,6.624863396,0.037410163,0.002669664,1.057735952,0.029933173,0.014912618,2025,10,2576414,2.83223682,,,,
,,,27.13505162,0.12651165,0.008633109,1.999071333,0.032574072,0.01824148,2025,10,2576581,5.45328765,,,,
,,,21.73308873,0.178058748,0.012360913,2.006347349,0.030811669,0.017254535,2025,10,4686422,5.23903747,,,,
,,,17.22632943,0.197162144,0.009895453,1.933814863,0.023017725,0.012889926,2025,10,4431588,4.83403772,,,,
,,,16.02780839,0.133257367,0.003645412,1.461695606,0.017398205,0.009742995,2025,10,4678006,3.85228508,,,,
9.763751127,0.061749188,0.002481528,,,,,0.249654806,0.119534895,2025,10,4427238,12.80819725,211.8438585,1.086887962,0.052293828,0.618530048
,,,23.47709027,0.118808284,0.006630887,1.921752301,0.038435046,0.021523626,2025,10,3728262,4.95353955,,,,
,,,37.13524887,0.196527491,0.013410964,2.940957802,0.056455715,0.0316152,2025,10,4602667,8.06250668,,,,
0.953743838,0.00378115,0.000527422,,,,,0.002889487,0.001329164,2025,10,4569371,0.23405361,,,,
,,,13.4227713,0.103693507,0.004068646,1.158863999,0.015572188,0.008720425,2025,10,4361409,3.1626872,,,,
0.919197991,0.008630507,0.000486036,8.909287691,0.042879089,0.002202491,1.269573881,0.012702428,0.006915916,2025,10,16002,2.55336065,,,,
,,,18.74424929,0.062373788,0.001659759,1.512527629,0.02903504,0.016259623,2025,10,3871102,3.73276356,,,,
,,,10.60820981,0.102474846,0.002229456,0.985379087,0.011728726,0.006568087,2025,10,4570037,2.65268148,,,,
,,,5.269805711,0.031971388,0.002219467,0.744450008,0.005823934,0.003261403,2025,10,2983509,1.46132864,,,,
9.988834411,0.09588947,0.004378867,3.54600768,0.0265109,0.002128336,0.546257431,0.023701237,0.011365053,2025,10,2576336,2.64614819,,,,
1.146975444,0.007178263,0.00062708,8.22173109,0.056523836,0.00372256,1.212529349,0.013390501,0.007241239,2025,10,4362748,2.56344549,,,,
,,,24.74561908,0.125677461,0.004223165,2.234951774,0.026602084,0.014897167,2025,10,4367209,5.44293244,,,,
,,,12.22796415,0.068772236,0.003066758,1.056088492,0.020273066,0.011352917,2025,10,4431492,2.6754812,,,,
,,,16.60375003,0.119243748,0.006124973,1.33532789,0.026706558,0.014955672,2025,10,3043116,3.69421198,,,,
1.341556683,0.008253754,0.000693323,,,,,0.002763484,0.001271203,2025,10,4257364,0.18259563,,,,
,,,1.984051047,0.014006681,0.000955811,0.206688223,0.002460159,0.001377689,2025,10,4690923,0.48835446,,,,
2.680288754,0.021081702,0.000809203,4.029867707,0.023061278,0.001565506,0.691281389,0.012075194,0.006171231,2025,10,4911851,1.69124933,,,,
0.943202895,0.006345249,0.000133238,14.96176754,0.070526924,0.002024385,1.230554895,0.027557026,0.015137342,2025,10,2973405,3.37660051,,,,
,,,4.388871689,0.024139833,0.001912021,0.346727452,0.006655909,0.003727309,2025,10,4241476,0.92699884,,,,
,,,7.436462701,0.112068067,0.005624631,0.86016099,0.012035636,0.006739956,2025,10,4372780,2.27430301,,,,
,,,1.766145507,0.010556637,0.000335262,0.26083516,0.00232672,0.001302963,2025,10,4373684,0.49891533,,,,
32.75671745,0.227239299,0.011754123,,,,,0.071275514,0.032786736,2025,10,4362452,4.59892631,,,,
1.54896431,0.012251549,0.000424357,11.14621283,0.085028748,0.001849897,0.928202054,0.022787242,0.012263942,2025,10,4569382,2.77317275,,,,
0.651414361,0.006123282,0.000408367,14.44115599,0.071458587,0.005739026,1.240607737,0.026066368,0.014372046,2025,10,5097554,3.30631943,,,,
,,,2.219726602,0.016171448,0.000634523,0.202253558,0.003882534,0.002174219,2025,10,4715355,0.51827811,,,,
,,,12.21538666,0.130719765,0.002843957,1.242746682,0.014792109,0.008283581,2025,10,4426553,3.23811529,,,,
,,,14.64722311,0.093964959,0.004010293,1.47129061,0.017707913,0.009916431,2025,10,3043275,3.4884578,,,,
,,,2.814338331,0.01022201,0.000272006,0.211271349,0.00407303,0.002280897,2025,10,3047876,0.55012686,,,,
,,,16.74867746,0.113459515,0.006332363,1.780584293,0.021194573,0.011868961,2025,10,4361516,4.12569573,,,,
5.687342272,0.04933398,0.001427434,10.59123899,0.061452513,0.00266142,0.854789301,0.035858654,0.018135866,2025,10,4431487,3.20678167,,,,
,,,6.241583748,0.046638051,0.001829948,0.68304616,0.008130131,0.004552873,2025,10,4241374,1.58180179,,,,
8.039743654,0.040231907,0.002324115,12.79567978,0.138000322,0.006926156,1.21004849,0.048936902,0.024833829,2025,10,4708486,4.33310709,,,,
,,,10.28183919,0.063511923,0.003544706,0.744733341,0.014296177,0.008005859,2025,10,4424106,2.30529421,,,,
,,,17.27720926,0.068354987,0.004664519,1.221055149,0.018751861,0.010501042,2025,10,4567156,3.34772795,,,,
,,,13.45871811,0.073377496,0.001918854,1.507671357,0.017945443,0.010049448,2025,10,4426844,3.27802096,,,,
,,,5.497266286,0.044523732,0.000968664,0.435986707,0.008369362,0.004686843,2025,10,4386544,1.40054309,,,,
,,,9.702032134,0.045700027,0.002347389,0.788684708,0.015773694,0.008833269,2025,10,4430191,2.13982491,,,,
0.974085378,0.00559918,0.000299211,5.50245645,0.019135315,0.000643008,0.782021979,0.012452612,0.006703347,2025,10,3917668,1.56688968,,,,
0.887262988,0.011312794,0.000365153,16.67083053,0.088537577,0.007012712,1.353470392,0.026117895,0.014355752,2025,10,4372414,3.6951162,,,,
,,,18.06308589,0.14543045,0.011518971,1.669095774,0.02463426,0.013795185,2025,10,3121427,4.34408264,,,,
,,,13.61682693,0.06932046,0.004705792,1.276389649,0.019601639,0.010976918,2025,10,3134353,3.04197005,,,,
,,,10.87708884,0.036336648,0.001748278,0.937085336,0.017988637,0.010073637,2025,10,4428678,2.22663859,,,,
,,,2.469896548,0.021657014,0.000687792,0.211031317,0.004051035,0.00226858,2025,10,4430870,0.62669826,,,,
,,,2.092706002,0.012777053,0.000656295,0.241436824,0.002873763,0.001609308,2025,10,4040612,0.52553932,,,,
,,,11.8265292,0.162025351,0.010670703,1.347954567,0.015830953,0.008865334,2025,10,3911853,3.50678853,,,,
0.648555052,0.003479456,0.000179977,,,,,0.002367972,0.001089267,2025,10,4362477,0.26131473,,,,
,,,15.58903636,0.060616158,0.002393486,1.356761093,0.026044888,0.014585137,2025,10,4573697,3.40042724,,,,
,,,8.005434373,0.070932767,0.005618304,0.805101107,0.009582921,0.005366436,2025,10,4573699,2.03199808,,,,
,,,4.791291547,0.055372816,0.002779129,0.520280475,0.006192771,0.003467952,2025,10,4683243,1.33043208,,,,
,,,3.558846929,0.02560499,0.002055608,0.509308443,0.003634535,0.00203534,2025,10,4429676,1.01895961,,,,
,,,5.067433964,0.048754338,0.003914074,0.428705479,0.006463918,0.003619794,2025,10,2998565,1.22873386,,,,
,,,1.75748799,0.00785125,0.000462818,0.273678884,0.002948228,0.001651007,2025,10,4012556,0.49423681,,,,
,,,4.885626883,0.030776331,0.004439528,0.519947962,0.006188813,0.003465735,2025,10,4361372,1.19527942,,,,
,,,11.50826269,0.085683972,0.005847043,1.192809515,0.021730432,0.012169042,2025,10,4048228,2.84566922,,,,
,,,2.325477676,0.012089133,0.00032169,0.243792337,0.0029018,0.001625008,2025,10,4035020,0.54634507,,,,
,,,2.370189864,0.016495818,0.000735597,0.224178494,0.003442731,0.001927929,2025,10,4035656,0.55787832,,,,
0.870768269,0.003813616,0.000531951,13.07542598,0.084328132,0.012164449,1.074223254,0.023510674,0.012877029,2025,10,4429105,2.99794991,,,,
,,,9.676904284,0.090981167,0.003417757,0.83987952,0.00999688,0.005598253,2025,10,4241263,2.34935996,,,,
,,,13.25726544,0.0746618,0.001952439,1.314616189,0.019570342,0.010959392,2025,10,3059722,3.07081623,,,,
,,,5.556230528,0.038695697,0.001453625,0.363888988,0.006985348,0.003911795,2025,10,4241424,1.16119646,,,,
,,,13.40308778,0.090136899,0.013002371,1.066348022,0.016376009,0.009170565,2025,10,2310331,2.95557441,,,,
,,,9.207118703,0.070848041,0.003068327,0.903961281,0.01075963,0.006025393,2025,10,4379401,2.24413107,,,,
,,,9.371034924,0.054823509,0.002816018,0.844457017,0.01621051,0.009077885,2025,10,4431466,2.09840563,,,,
,,,0.954147877,0.007239829,0.000271968,0.11247144,0.001003276,0.000561834,2025,10,2975417,0.25077193,,,,
2.250812073,0.014680958,0.001282502,,,,,0.005148823,0.002368458,2025,10,3929914,0.31113124,,,,
,,,4.807583615,0.038868757,0.00153477,0.456042379,0.006138391,0.003437499,2025,10,3843945,1.16636982,,,,
,,,4.419510238,0.02059728,0.001469863,0.468432256,0.004460508,0.002497884,2025,10,4045305,1.03202852,,,,
,,,15.48801676,0.074972393,0.005089471,1.850010112,0.017616174,0.009865057,2025,10,3052096,3.83955997,,,,
,,,2.690952285,0.01721828,0.000471026,0.177131882,0.003400289,0.001904162,2025,10,4241983,0.54676052,,,,
,,,9.378607813,0.052375108,0.001759971,0.905142041,0.009617046,0.005385546,2025,10,4036335,2.15025612,,,,
,,,2.721340779,0.023394573,0.003374699,0.36859921,0.003288005,0.001841283,2025,10,3125107,0.78425456,,,,
,,,2.137384516,0.019512431,0.000870117,0.240036223,0.002285674,0.001279977,2025,10,4241961,0.57009014,,,,
1.616830661,0.014629645,0.000668,8.142561888,0.048938485,0.003928858,0.615309198,0.016617591,0.008825262,2025,10,4061956,1.98573505,,,,
,,,10.02042464,0.113880211,0.007499949,0.968886903,0.014879289,0.008332402,2025,10,3122168,2.65293873,,,,
,,,4.245873731,0.021067863,0.001013646,0.376717435,0.007231607,0.0040497,2025,10,4877203,0.99291796,,,,
,,,7.503357547,0.039462108,0.001326053,0.610511322,0.011719601,0.006562977,2025,10,4567506,1.58745548,,,,
2.683211072,0.025071846,0.001672064,,,,,0.006276603,0.002887237,2025,10,4568024,0.41648744,,,,
,,,4.635487452,0.027241095,0.002187804,0.406459902,0.007802555,0.004369431,2025,10,4369466,1.02929776,,,,
,,,6.005227802,0.059762486,0.004148737,0.702794424,0.008326558,0.004662872,2025,10,4040774,1.66108345,,,,
,,,7.114970009,0.054338091,0.00320314,0.726207828,0.008643874,0.004840569,2025,10,4433959,1.76068652,,,,
,,,7.423477246,0.057491464,0.003902785,0.815042418,0.00970125,0.0054327,2025,10,4244049,1.8995353,,,,
1.803537872,0.014793574,0.001414635,,,,,0.004156587,0.00191203,2025,10,4373273,0.26823024,,,,
,,,2.261350215,0.022188031,0.000704656,0.234299072,0.002788804,0.001561731,2025,10,4242558,0.59192193,,,,
,,,7.486462067,0.026596202,0.001805473,0.673747016,0.012933497,0.007242758,2025,10,4244856,1.57143726,,,,
,,,11.87479222,0.071732253,0.002410433,1.177925112,0.014020554,0.00785151,2025,10,4428396,2.7852859,,,,
65.17335217,0.663284574,0.019287933,25.71422103,0.16712412,0.006240265,3.365749166,0.103634365,0.049707223,2025,11,4429795,17.3913366,,,,
79.00147238,0.572459573,0.039441066,61.53400556,0.426127754,0.025420878,6.249341682,0.18000518,0.087291502,2025,11,3117251,26.25430632,,,,
1.085063543,0.007512412,0.000549918,97.11134319,0.712649997,0.029340458,8.240666139,0.130626637,0.072832476,2025,11,4362628,22.29884707,,,,
3.065356575,0.030822577,0.000994741,91.26769394,0.524451574,0.01191854,7.813939598,0.096421887,0.053422046,2025,11,4426515,20.50041603,,,,
78.04252845,0.454190657,0.016925583,44.43659655,0.210855568,0.009514487,4.497460404,0.198988999,0.095710388,2025,11,4430807,20.60236562,,,,
,,,75.72221331,0.652817976,0.023856921,7.474708611,0.060332252,0.033786061,2025,11,4361307,18.94556952,,,,
0.763759683,0.00616174,0.00017918,86.15231771,0.616425858,0.023016789,7.832346915,0.113173181,0.063192322,2025,11,4374302,20.18247554,,,,
1.422553335,0.010792271,0.000433231,84.29902974,0.560547787,0.018338274,7.437974286,0.093844336,0.052228861,2025,11,4241389,19.37373623,,,,
1.524683237,0.010738737,0.000226951,119.6013993,0.424061572,0.012739474,8.409236576,0.168186198,0.093664344,2025,11,4430878,22.97369085,,,,
101.0749512,0.770219227,0.031627219,15.16248196,0.08032718,0.007167662,1.885494832,0.200269543,0.093859331,2025,11,4379399,18.50767369,,,,
64.92130888,0.478121212,0.014760401,21.59628293,0.172894047,0.006799779,3.032730409,0.113264758,0.053871502,2025,11,3929630,15.5289465,,,,
106.2314808,0.590280641,0.028982828,56.02073035,0.391306137,0.012826513,5.846448747,0.174599051,0.084390533,2025,11,4429160,27.88063615,,,,
34.75307129,0.707166589,0.029038113,,,,,0.521313313,0.248478292,2025,11,3918298,20.69748337,236.0827616,1.274871137,0.113757832,0.682996804
27.012198,0.677009703,0.020900421,,,,,0.556425999,0.265150574,2025,11,4040715,21.64482672,231.232287,1.711989786,0.067331137,0.438281944
72.98960827,0.55422046,0.024689702,17.22699336,0.090848197,0.00455252,1.859235501,0.206520049,0.097018876,2025,11,3043078,14.6212083,,,,
87.51400332,0.522360203,0.05477068,27.68970841,0.148840184,0.011053797,3.359440101,0.23210847,0.110292011,2025,11,4890973,18.82419853,,,,
,,,97.11970759,0.544980392,0.040241801,6.568037511,0.075055943,0.042031328,2025,11,4262921,19.54829157,,,,
,,,61.46616305,0.570071831,0.018649853,5.21235872,0.104247174,0.058378418,2025,11,4426354,14.70270288,,,,
58.93500425,0.583387779,0.01882775,15.16998801,0.133510025,0.003034112,2.305978661,0.1820047,0.086169386,2025,11,4430737,13.89405566,,,,
36.19097227,0.329666222,0.012999532,,,,,0.602540708,0.287104016,2025,11,4431452,22.42266038,248.39627,2.101270728,0.095778526,0.587307986
,,,70.36104192,0.656812024,0.066719849,5.33922311,0.083025641,0.046494359,2025,11,4258173,16.35884043,,,,
53.47328244,0.419546602,0.030711321,24.62892402,0.130899393,0.005389249,3.670768192,0.181812081,0.087454477,2025,11,4362238,14.68575699,,,,
,,,87.78477965,0.59310005,0.026762597,6.496779432,0.113211735,0.063398572,2025,11,4426502,18.76357375,,,,
,,,74.41254562,0.523577722,0.020591877,5.172974716,0.085469399,0.047862864,2025,11,4047646,15.70340964,,,,
97.58357557,0.990782371,0.029234704,25.57249386,0.106035618,0.004741431,3.13612952,0.215524795,0.102141239,2025,11,4047365,21.90200219,,,,
,,,58.42820493,0.519899348,0.021404736,4.644604218,0.070960031,0.039737617,2025,11,4239993,13.57202704,,,,
1.774549291,0.019987838,0.000581235,66.08774627,0.320989072,0.011985444,3.804283652,0.063446441,0.035124371,2025,11,4426388,12.59293328,,,,
56.58493068,0.552661029,0.021792753,19.07403655,0.121510047,0.005538579,2.45163705,0.134978255,0.064385243,2025,11,4432710,14.03006942,,,,
3.146349037,0.019073317,0.000849688,65.94152311,0.209050213,0.010475776,4.902691879,0.08605862,0.047332557,2025,11,4429615,13.11048009,,,,
66.87152335,0.412950491,0.0196,20.6990024,0.105428701,0.008529975,2.748992151,0.131628668,0.062729679,2025,11,4239996,14.55059447,,,,
,,,67.8113407,0.723026596,0.0164313,4.621981636,0.065083214,0.0364466,2025,11,16800,15.70296068,,,,
57.59104732,0.512429234,0.024142376,25.87465538,0.099376653,0.006787595,2.713120018,0.135768219,0.064744526,2025,11,4259545,14.6664785,,,,
112.1741257,0.506718359,0.025426982,18.82709556,0.110288045,0.006489711,2.733484562,0.186030152,0.087715719,2025,11,4038815,19.44007813,,,,
,,,68.5156672,0.469492211,0.01561352,5.63563514,0.077904412,0.043626471,2025,11,4612826,15.25018722,,,,
,,,58.00449805,0.402469934,0.028222253,5.062050942,0.087428327,0.048959863,2025,11,3128429,13.23815513,,,,
74.97529081,0.66660048,0.026759167,13.61358056,0.102354096,0.003348506,2.718881838,0.201846266,0.095421487,2025,11,4361579,16.0661968,,,,
1.745204427,0.044496451,0.00143604,,,,,0.490178909,0.234825568,2025,11,12483,18.04503015,260.7255722,2.16532674,0.049208611,0.565698506
12.80676603,0.117685607,0.004724222,,,,,0.467433673,0.223576649,2025,11,2577417,17.86265331,238.5528176,1.981457618,0.064823221,0.648190849
75.23368069,0.312784712,0.037586199,16.85064537,0.115728425,0.016991738,2.060714476,0.183632508,0.0863954,2025,11,4427366,13.78143898,,,,
,,,41.62888181,0.269195726,0.012794018,4.283440259,0.049217046,0.027561546,2025,11,15847,10.03326974,,,,
,,,49.5585322,0.20629136,0.009308535,4.160057507,0.034661302,0.019410329,2025,11,4360248,10.3343733,,,,
,,,76.93352356,0.578624545,0.01896657,5.69762966,0.090235977,0.050532147,2025,11,4372016,16.80198013,,,,
99.48518619,0.649892836,0.039756778,20.13904657,0.103155448,0.004654213,2.558127627,0.160017273,0.075608436,2025,11,4569987,18.98066972,,,,
,,,62.68858808,0.343900805,0.020236254,5.203358132,0.099885589,0.05593593,2025,11,4685472,13.46685642,,,,
,,,65.94180018,0.472789607,0.018594423,5.901377906,0.092577625,0.05184347,2025,11,4241478,15.26823947,,,,
,,,61.33822183,0.46864035,0.021361208,4.971477091,0.064288748,0.036001699,2025,11,2976212,13.88955839,,,,
52.83345513,0.453259898,0.00958,10.43867126,0.040411018,0.00121401,1.476763335,0.075545561,0.035513979,2025,11,4567048,10.71855353,,,,
46.7826056,0.207046894,0.009223633,,,,,0.556980246,0.265134485,2025,11,3916387,19.67671237,239.2482159,1.372812131,0.068793389,0.472735895
50.88680113,0.338834062,0.031552072,19.28356994,0.118187425,0.008287614,2.991444884,0.111260538,0.053314607,2025,11,4568490,12.7731708,,,,
,,,35.32403531,0.363658129,0.011897045,5.132318817,0.08451518,0.047328501,2025,11,4242355,10.77804021,,,,
,,,62.72728865,0.434039753,0.025892872,4.989262194,0.055344213,0.030992759,2025,11,3040151,13.8574938,,,,
0.765640004,0.005414431,0.000472053,81.01043098,0.566839118,0.047458692,4.95307367,0.097286831,0.054260046,2025,11,4567750,16.55411146,,,,
6.232932594,0.062678028,0.00393182,56.89740957,0.37868651,0.035308127,4.940316606,0.118971349,0.064375277,2025,11,3126486,13.88552369,,,,
,,,43.6355661,0.351944561,0.013841687,4.671645889,0.058122365,0.032548524,2025,11,3121023,11.11099219,,,,
18.42788648,0.189507291,0.017646832,,,,,0.387253477,0.185097088,2025,11,4426338,17.52846911,248.505183,1.55570746,0.10909031,0.753940277
42.8275357,0.516633802,0.015023413,11.7112162,0.039937421,0.001491228,1.588240612,0.101125586,0.047829807,2025,11,4035538,10.32158281,,,,
,,,47.47359664,0.349778874,0.012782502,3.818206658,0.061913126,0.03467135,2025,11,4360761,10.62209387,,,,
26.25461265,0.140593634,0.00671,,,,,0.410193886,0.195923598,2025,11,4038941,19.56706361,250.3316358,1.995943219,0.066377457,0.832062744
,,,71.4779828,0.19125677,0.011357913,6.60786178,0.063423481,0.035517149,2025,11,4569587,14.85655621,,,,
,,,71.80726818,0.432274919,0.02578759,4.48976878,0.086612658,0.048503088,2025,11,3886598,14.22100012,,,,
0.714345379,0.008621931,0.000409823,41.40450757,0.225780276,0.018267322,4.128761655,0.067408125,0.037573795,2025,11,3916433,9.71104889,,,,
,,,40.34762656,0.445091898,0.020287841,3.298313655,0.031783462,0.017798739,2025,11,3046439,10.0094459,,,,
15.95743613,0.071745287,0.006255051,,,,,0.588549847,0.281661155,2025,11,3052587,17.35321866,248.7995306,1.616464043,0.135338699,0.413119631
27.40193446,0.30776982,0.014500138,,,,,0.497206368,0.237272282,2025,11,4431611,19.54733554,252.2748186,1.507118215,0.102938748,0.466207821
2.28016783,0.038759612,0.001127107,,,,,0.469511246,0.22497442,2025,11,3046779,16.24539484,267.2377517,1.642506051,0.061329704,0.581049337
4.33426401,0.046382037,0.002042329,68.17193223,0.462418082,0.021977263,6.249619641,0.142677234,0.078130767,2025,11,4428331,16.44858563,,,,
50.17847469,0.489146279,0.017915757,17.50868964,0.07214672,0.004284482,2.506604176,0.140633267,0.067030031,2025,11,4360516,12.55713302,,,,
15.08832165,0.161513488,0.011127885,,,,,0.482996411,0.230955732,2025,11,4361741,19.00213562,286.4697163,1.766935606,0.105407483,0.893123911
7.144088503,0.072496029,0.003415548,40.16702897,0.247518841,0.01690596,2.943515244,0.070359159,0.037141996,2025,11,3915416,9.56293524,,,,
21.9664886,0.173907645,0.010638689,23.33999183,0.111998907,0.005053216,3.325162036,0.098223378,0.04962044,2025,11,4371733,9.57670517,,,,
56.58677633,0.271704612,0.025267304,27.62032342,0.166296119,0.012279442,3.092748786,0.157855967,0.076081155,2025,11,3042519,14.06856433,,,,
,,,73.41791202,0.522029697,0.03565552,4.116824076,0.080740864,0.045214884,2025,11,4431299,14.57380473,,,,
43.21166759,0.190472806,0.005391558,13.30421546,0.03409332,0.000914962,2.40752729,0.131038744,0.062590689,2025,11,3916148,9.29740601,,,,
2.581474153,0.046085049,0.002053021,34.50741594,0.298431311,0.014954778,3.282420398,0.0520808,0.028127518,2025,11,3116365,9.03754213,,,,
1.575419902,0.015882243,0.000706352,38.59342631,0.150891976,0.00681288,3.987638727,0.053201415,0.029219039,2025,11,5083076,8.96317305,,,,
,,,55.06693936,0.583578736,0.026330165,3.563965439,0.063614017,0.03562385,2025,11,4047650,12.55522442,,,,
66.90415016,0.451159147,0.058291557,17.39982137,0.119138204,0.012102219,1.979282046,0.11847547,0.055911175,2025,11,4429059,13.86355451,,,,
,,,49.39990567,0.413259413,0.013743431,4.774130263,0.084892097,0.047539574,2025,11,15818,12.12832902,,,,
2.321106033,0.022313026,0.002339573,73.70404927,0.491783647,0.03652291,6.48752465,0.058065603,0.032115536,2025,11,4432665,17.18964411,,,,
5.049711646,0.038994382,0.00171703,50.54675719,0.322966102,0.015349553,3.747371764,0.062237122,0.033664592,2025,11,4683062,11.44722953,,,,
0.860852374,0.008076007,0.000331622,62.40599457,0.224309578,0.020015334,5.162341894,0.086586701,0.048263089,2025,11,4373678,12.8706936,,,,
0.759673332,0.005779121,0.000537432,60.49064194,0.400444882,0.02956918,4.213622249,0.058126905,0.032400414,2025,11,4429205,12.77294619,,,,
20.45467865,0.428202081,0.02035356,,,,,0.542104783,0.259052701,2025,11,4360310,15.2292491,203.6652548,1.088428454,0.088062048,0.799410535
16.99212062,0.103744529,0.003061157,,,,,0.510305834,0.244029764,2025,11,4036378,16.33848409,240.7255088,1.470559577,0.065756735,0.578765033
85.70429069,0.468795192,0.020849356,9.720110854,0.039562837,0.00178629,1.51285654,0.094894871,0.044326395,2025,11,4685702,14.06457137,,,,
2.032569459,0.018969017,0.000559713,42.25298111,0.315975919,0.014129006,2.516708173,0.044355528,0.02439919,2025,11,4248528,8.9366819,,,,
15.78685379,0.168099875,0.007180618,,,,,0.683465537,0.326918436,2025,11,2578570,17.93361507,240.6197909,1.793354142,0.065537269,0.480768334
39.80620293,0.358377267,0.016884436,11.37410373,0.054809349,0.003743572,1.342748732,0.07713591,0.036440733,2025,11,4608686,8.91030764,,,,
38.56569593,0.488738921,0.010328931,6.598999999,0.021316206,0.000640372,0.965538778,0.050967935,0.023875893,2025,11,4426385,8.51786995,,,,
28.91920547,0.124616861,0.006253238,5.245430893,0.028637415,0.00168512,0.86410381,0.048322494,0.022825583,2025,11,4241416,5.18549299,,,,
,,,54.07671991,0.398689993,0.017827603,4.101057066,0.074035743,0.041460016,2025,11,4361432,11.89728563,,,,
0.663967122,0.005003717,0.000238721,56.2265076,0.478286746,0.015905992,3.997030898,0.064236702,0.035788796,2025,11,4429025,12.54823098,,,,
,,,37.3210913,0.184731052,0.013640693,3.723006928,0.037809506,0.021173323,2025,11,4036133,8.54943311,,,,
,,,41.80186892,0.309297694,0.031418876,4.153175146,0.042318835,0.023698548,2025,11,3117256,10.20570486,,,,
25.42382189,0.265166699,0.011676022,,,,,0.449738878,0.21476178,2025,11,3139477,18.01846912,232.2328167,1.550333528,0.073682428,0.679316692
2.467555241,0.015073587,0.001403645,57.29701725,0.395861381,0.027758844,4.437539873,0.08759027,0.048244128,2025,11,4431280,12.84375365,,,,
,,,55.32195525,0.230078912,0.010388226,3.670147063,0.057098682,0.031975262,2025,11,4241463,10.54114799,,,,
39.0455038,0.488801751,0.021523292,13.026384,0.103974594,0.004941582,2.179176291,0.113681364,0.053969598,2025,11,3059915,10.89101369,,,,
1.60909361,0.013260202,0.000280239,46.86435028,0.226227245,0.006796221,3.205237663,0.069469832,0.038366598,2025,11,4032473,9.57755776,,,,
,,,41.13297756,0.372295347,0.012381123,4.217376548,0.0501984,0.028111104,2025,11,4595342,10.53431242,,,,
,,,29.23068551,0.190218484,0.012992247,2.55673382,0.030432177,0.017042019,2025,11,4723086,6.61381773,,,,
51.93147233,0.428024182,0.03731692,22.67943698,0.127240111,0.010653198,3.388422546,0.110853478,0.053556671,2025,11,4697815,14.17285413,,,,
48.12999205,0.331035518,0.030784811,6.019080089,0.021908776,0.001617762,0.804887809,0.126063082,0.058960297,2025,11,4360569,8.28767534,,,,
1.696306092,0.01071068,0.00073794,47.04498845,0.2161336,0.012893565,3.087952087,0.051490382,0.028427773,2025,11,4428209,9.29491669,,,,
63.20478745,0.511200446,0.024388747,12.20501829,0.076238166,0.002535391,1.805653082,0.179067641,0.084261124,2025,11,4430968,12.76131936,,,,
6.242459659,0.077447659,0.001636767,,,,,0.603129643,0.288726924,2025,11,3912547,15.0125218,273.6646509,1.306042403,0.03923556,0.883678285
44.97001269,0.314386594,0.019721606,8.330910653,0.044435762,0.00414312,1.152969686,0.145605686,0.068513183,2025,11,4575131,8.55054524,,,,
,,,39.01566874,0.197399493,0.00593019,2.989087678,0.048355025,0.027078814,2025,11,2977187,8.03403226,,,,
,,,48.94235688,0.236998202,0.010694127,2.976559143,0.039997392,0.022398539,2025,11,4040655,9.27043122,,,,
,,,35.47318493,0.214255685,0.009673796,3.445322314,0.039860101,0.022321656,2025,11,3123076,8.2539292,,,,
1.611804586,0.015813853,0.000745047,27.94728146,0.157646929,0.010767555,2.170777399,0.047015727,0.025794339,2025,11,4685278,6.1690347,,,,
,,,43.81124279,0.284495997,0.016894987,4.338103996,0.041308312,0.023132655,2025,11,4429148,10.41482092,,,,
29.29947268,0.232493541,0.007503294,5.181393016,0.029184912,0.000663248,0.767969994,0.03763187,0.017653185,2025,11,4429096,5.76815,,,,
1.235432832,0.031267189,0.000660796,29.44738445,0.261209883,0.007847154,2.918464191,0.045021658,0.024513006,2025,11,4576297,7.71078624,,,,
4.805845613,0.025708931,0.002695641,50.28378212,0.275068507,0.020428297,3.696943429,0.059383184,0.032284017,2025,11,4428718,11.00551393,,,,
,,,34.0268267,0.135890588,0.009529006,4.105621722,0.053215255,0.029800543,2025,11,3051876,8.28450885,,,,
48.86743459,0.31091222,0.040171096,7.617240675,0.03496225,0.003551512,0.979351718,0.066694815,0.031259216,2025,11,3128720,8.72975085,,,,
26.7497394,0.147079744,0.004339836,8.608762733,0.042489102,0.001899919,1.188699962,0.06973699,0.03342122,2025,11,4887558,5.80944232,,,,
,,,37.53543587,0.315924167,0.029456266,4.310093249,0.045454031,0.025454257,2025,11,15835,9.96838586,,,,
,,,6.063271715,0.030600313,0.004492868,0.456163751,0.008756688,0.004903745,2025,11,4597500,1.24550205,,,,
51.01790435,0.435047468,0.027290715,1.633945254,0.009264442,0.000863802,0.233583911,0.094770597,0.043792624,2025,11,4362619,8.13586612,,,,
3.902277583,0.023451475,0.000691975,32.82122902,0.181766245,0.00812776,2.740358174,0.063242781,0.034352172,2025,11,4701936,7.60653984,,,,
,,,33.49298658,0.306216901,0.031105925,2.97878258,0.057181813,0.032021815,2025,11,4877706,8.16506286,,,,
37.8972517,0.420308828,0.015394476,11.9018279,0.046374013,0.002753952,1.853933128,0.090982665,0.043316194,2025,11,4040761,9.5860026,,,,
5.225580534,0.046946678,0.002231498,48.70564045,0.208446404,0.016864882,3.874711097,0.095076081,0.051484419,2025,11,4432620,10.91430046,,,,
32.08641553,0.153359825,0.004341031,18.2290978,0.061880225,0.001660678,2.736705,0.088328812,0.042871503,2025,11,4428557,8.98829105,,,,
35.37633564,0.394205033,0.014690197,3.702758017,0.012109292,0.00054641,0.511047585,0.041228145,0.019192881,2025,11,4373626,6.85001635,,,,
9.76284707,0.046496033,0.00206788,11.63673896,0.065122335,0.00294032,1.76647084,0.028085448,0.014179898,2025,11,5081397,4.62780982,,,,
18.57016706,0.189018318,0.017577852,,,,,0.834515771,0.399038324,2025,11,4433970,18.41078215,283.3504404,1.694767335,0.125143015,1.101408252
,,,11.06855944,0.129598562,0.002945221,1.214581572,0.01359004,0.007610422,2025,11,4242557,3.09005729,,,,
48.77725659,0.451501359,0.019286502,13.58126476,0.074915637,0.002737756,1.807137979,0.111580753,0.052819409,2025,11,4427728,11.157867,,,,
,,,42.61720923,0.227854906,0.019077187,4.066637012,0.051912354,0.029070918,2025,11,4243331,9.67686791,,,,
8.163625264,0.060109768,0.003677177,,,,,0.416002956,0.199292307,2025,11,8439,18.91429545,267.2725664,2.221748501,0.100241836,0.830427877
5.570543037,0.035515205,0.0010053,27.8594661,0.110519151,0.002966,2.564176975,0.069564999,0.036922189,2025,11,4431268,6.89288923,,,,
,,,46.11347904,0.18479463,0.004959329,3.056480175,0.050060975,0.028034146,2025,11,3925357,8.73176623,,,,
,,,17.64839507,0.117028936,0.005562014,1.497529732,0.028729487,0.016088513,2025,11,4241372,3.94424586,,,,
24.98002459,0.153175155,0.010553394,4.252071621,0.023117648,0.001379096,0.509210538,0.04704882,0.022036984,2025,11,4241474,4.53078154,,,,
44.28698383,0.321942296,0.038686632,,,,,0.653165909,0.310735975,2025,11,4362887,16.28289099,177.4802184,1.021750203,0.150017693,0.518413709
19.65709804,0.169902745,0.00807592,6.306137862,0.035396068,0.002863808,0.930922364,0.03801025,0.018149041,2025,11,4882093,4.77653746,,,,
50.14676339,0.387942486,0.033822432,10.81591625,0.044279895,0.003707341,1.515947988,0.134346152,0.063550745,2025,11,4430871,10.23175012,,,,
,,,36.59776926,0.272548707,0.013657768,2.952652682,0.03833456,0.021467353,2025,11,4361050,8.23311668,,,,
,,,19.16911973,0.145968057,0.00858924,1.892235219,0.034038805,0.019061731,2025,11,4430034,4.66491055,,,,
7.945935002,0.073388845,0.002265636,1.532316396,0.008130319,0.000319759,0.223994317,0.029621722,0.013930425,2025,11,4429013,1.66378673,,,,
15.04685941,0.090897172,0.004561194,,,,,0.516037897,0.246912636,2025,11,4685720,11.59625846,174.0960077,1.08999363,0.064138808,0.717410035
16.92491197,0.114625299,0.004601373,1.689380891,0.01202653,0.000393447,0.278201445,0.042812048,0.019941705,2025,11,4685279,2.87077594,,,,
,,,34.84750724,0.222533672,0.016526733,3.203329163,0.030502754,0.017081542,2025,11,4429086,8.0229763,,,,
39.78290692,0.315348294,0.019781934,,,,,0.584849622,0.278647391,2025,11,2576980,18.20724513,219.9405909,1.370752421,0.127806773,0.848535638
,,,42.1007468,0.291294313,0.024388661,3.282232822,0.063006956,0.035283896,2025,11,4608810,9.21994491,,,,
12.16807669,0.087239077,0.005336795,2.09378646,0.01355529,0.000611594,0.263383778,0.022594293,0.01062832,2025,11,4819231,2.28557283,,,,
,,,8.592393675,0.047073496,0.00691153,0.869229962,0.017384599,0.009735376,2025,11,4567096,2.00572161,,,,
9.086464329,0.060347184,0.002963052,40.00302463,0.32443249,0.01063448,3.251359948,0.092858594,0.049217673,2025,11,4569603,10.58231534,,,,
,,,25.60122584,0.131976046,0.007765904,2.370033976,0.04549605,0.025477788,2025,11,4695883,5.68778907,,,,
18.12722702,0.089777374,0.004408076,2.101046798,0.010256065,0.000336181,0.25273321,0.039258214,0.01829791,2025,11,4682745,2.84969192,,,,
,,,33.99225197,0.277918048,0.01253923,3.274351425,0.052468981,0.029382629,2025,11,3054212,8.30878411,,,,
39.32098021,0.245859019,0.010502207,16.36279904,0.089065815,0.003254868,2.266882381,0.087736895,0.04222483,2025,11,4362478,9.7901898,,,,
,,,52.58857675,0.431358457,0.019462223,3.70382911,0.074076582,0.041482886,2025,11,4243389,11.51694855,,,,
6.728084172,0.027777497,0.001363877,,,,,0.559339,0.26785715,2025,11,4241479,17.56665532,269.8441896,2.11941804,0.069471802,1.082487443
3.668441796,0.021249585,0.001978752,29.30213038,0.163199186,0.011443957,2.558146984,0.064662432,0.034861013,2025,11,4686472,7.05387573,,,,
3.331508328,0.012742608,0.000566719,8.70808008,0.03484479,0.001573267,1.472679945,0.015164681,0.007992851,2025,11,4372019,2.95085764,,,,
,,,34.07559052,0.205294839,0.030142258,3.783751638,0.045037069,0.025220759,2025,11,4808766,8.43411072,,,,
,,,27.71136918,0.216429132,0.021985162,2.467850483,0.043268878,0.024230571,2025,11,3895856,6.53421138,,,,
,,,39.8515501,0.152740584,0.004099095,3.158998569,0.060641306,0.033959131,2025,11,4883647,8.00247901,,,,
3.906571443,0.061464776,0.004499296,,,,,0.556057923,0.266545371,2025,11,11252,16.65522524,254.4367567,1.986538514,0.081787624,0.941013993
,,,30.96694961,0.162163677,0.007321805,2.489533456,0.045892108,0.02569958,2025,11,4369863,6.52366693,,,,
,,,30.61966885,0.051104415,0.001371488,3.108448654,0.035752186,0.020021224,2025,11,4360635,6.44068456,,,,
18.03577682,0.047498151,0.004980291,,,,,0.429331817,0.205270273,2025,11,15864,16.57997297,262.8550743,1.586884277,0.117851888,1.108398756
9.053659251,0.061611946,0.003025152,2.118370186,0.012609979,0.000413339,0.251337002,0.019620444,0.009249603,2025,11,4711533,1.80276707,,,,
7.627187916,0.035630584,0.001008566,,,,,0.69245948,0.331629572,2025,11,4688380,9.92236274,205.7261254,0.738527648,0.019819849,0.816996425
1.607191989,0.014851146,0.000586,32.94513084,0.273304156,0.012457542,2.463201881,0.054703078,0.03008982,2025,11,4427095,7.61471942,,,,
,,,14.95142217,0.079632581,0.004750524,1.151090553,0.02186268,0.012243101,2025,11,3045523,3.1096203,,,,
1.189549912,0.00919081,0.000672778,25.33559007,0.250020679,0.010293582,2.241974877,0.037592403,0.020735528,2025,11,4368003,6.43120947,,,,
,,,28.79232796,0.229911349,0.010373242,2.800576915,0.039873047,0.022328906,2025,11,4361411,7.03641648,,,,
,,,46.14294143,0.399665794,0.018217263,3.258718363,0.043788895,0.024521781,2025,11,2991662,10.25955623,,,,
,,,6.831001311,0.0492082,0.003633574,0.679956456,0.011169979,0.006255189,2025,11,16460,1.65335716,,,,
8.210876019,0.118457018,0.004414345,,,,,0.513793244,0.245982915,2025,11,4360423,15.64689017,253.0912779,1.347283648,0.060793806,0.524867858
,,,15.57294236,0.11733474,0.004381174,1.31475469,0.025238518,0.01413357,2025,11,5123663,3.55721857,,,,
8.416485868,0.071450281,0.002933936,5.158164108,0.027275163,0.002433786,0.671975133,0.020996033,0.010199947,2025,11,4429501,2.71533901,,,,
1.502405369,0.010083684,0.000404787,13.92804185,0.107718727,0.003524009,1.38510011,0.031694237,0.017238238,2025,11,5083754,3.60917441,,,,
,,,28.50491553,0.135296361,0.006049838,2.951281882,0.028102708,0.015737517,2025,11,4428085,6.59492024,,,,
2.344566943,0.01570237,0.001368998,30.58321418,0.235746904,0.019737946,2.753054599,0.055496862,0.030460674,2025,11,2976592,7.5372849,,,,
19.18250086,0.096468741,0.011592297,18.05965503,0.082382707,0.012095778,2.522740045,0.050856629,0.025194331,2025,11,4695404,7.31839581,,,,
,,,31.63641046,0.258600685,0.01178734,1.966614278,0.037751856,0.021141039,2025,11,4613202,6.66414804,,,,
,,,29.1562094,0.254682758,0.022725558,2.558355583,0.021316036,0.01193698,2025,11,3930086,7.02421303,,,,
,,,34.4345437,0.217056825,0.010876998,2.50050984,0.042425828,0.023758464,2025,11,15795,7.22166423,,,,
10.81071757,0.080025427,0.005020029,13.50832265,0.051070491,0.004761731,1.861350839,0.033222729,0.016767496,2025,11,3127586,5.0667349,,,,
,,,3.349489398,0.015684031,0.000701319,0.477048456,0.003404321,0.00190642,2025,11,3149687,0.90378138,,,,
7.930229556,0.064074518,0.001978088,4.643461184,0.024448099,0.000961523,0.691126226,0.018886863,0.00918116,2025,11,4431545,2.54193355,,,,
,,,16.66373667,0.136341201,0.004534188,1.570212666,0.030142384,0.016879735,2025,11,4686612,4.03074045,,,,
,,,7.702508383,0.071554277,0.001626123,0.66638969,0.012792263,0.007163667,2025,11,4710855,1.8552289,,,,
47.0681094,0.474311721,0.018703251,6.778551665,0.040557637,0.001848667,0.87785487,0.102440233,0.047905577,2025,11,4427600,9.29973581,,,,
,,,34.48297872,0.147612919,0.013171626,2.644588757,0.043430848,0.024321275,2025,11,4242433,6.95741085,,,,
3.893101922,0.043825441,0.001872064,40.58150444,0.284500026,0.010396917,3.98658494,0.092983036,0.050745367,2025,11,4037235,10.48695078,,,,
12.74437826,0.091314869,0.004020846,10.16821537,0.067094693,0.003188798,1.43963094,0.04636453,0.022611873,2025,11,4596602,4.72050199,,,,
10.77173857,0.129868193,0.016779487,,,,,0.471534801,0.225670753,2025,11,4242546,17.72866043,237.8807188,1.975243315,0.200647873,0.769928907
,,,8.746614795,0.054276186,0.002579575,0.932937026,0.017026374,0.00953477,2025,11,3120348,2.11979463,,,,
,,,7.838378222,0.051027974,0.003789654,0.633279962,0.012156677,0.006807739,2025,11,4603186,1.71757046,,,,
,,,20.56515114,0.171455432,0.006401992,2.18821657,0.020836645,0.011668521,2025,11,4242392,5.26348142,,,,
,,,19.35960858,0.137707729,0.009656429,1.712073868,0.032865604,0.018404738,2025,11,4600981,4.45765448,,,,
5.852079114,0.029598387,0.00118816,11.92729477,0.107673115,0.003522517,1.088489088,0.043046064,0.021978168,2025,11,3676833,3.88410921,,,,
,,,21.23148015,0.163944574,0.006749749,2.537721188,0.024542845,0.013743993,2025,11,4036131,5.63119616,,,,
,,,27.39021036,0.148847384,0.006655778,1.99723967,0.039944793,0.022369084,2025,11,4428850,5.5989744,,,,
3.28015505,0.028022661,0.001320248,28.02589433,0.127491706,0.008707901,2.353976606,0.058216389,0.031487492,2025,11,3917914,6.37628506,,,,
,,,37.94205268,0.25693708,0.018972446,2.623572982,0.048240684,0.027014783,2025,11,4382466,7.94458806,,,,
,,,20.09150931,0.19341511,0.011486087,2.088319095,0.041766382,0.023389174,2025,11,4242540,5.23525851,,,,
16.8317922,0.088782368,0.003955123,10.78140585,0.051004918,0.002555922,1.328714401,0.048234117,0.023434481,2025,11,4596334,4.93463431,,,,
,,,35.19577819,0.2054937,0.015261239,3.070979329,0.047248587,0.026459208,2025,11,2577327,7.80237141,,,,
7.646865554,0.05657093,0.002322951,9.61469145,0.057672339,0.005146152,1.042236027,0.025026563,0.01247884,2025,11,3915411,3.4796883,,,,
1.705969956,0.012032578,0.001554657,11.48179626,0.102063662,0.010367764,1.091596885,0.026152904,0.014125806,2025,11,4586312,3.16723627,,,,
9.641444906,0.178977669,0.00655534,,,,,0.568583573,0.272119615,2025,11,2969939,12.95430505,232.0999305,1.132686897,0.067265377,1.258426232
,,,10.04947211,0.077269714,0.003672384,0.68376943,0.010500713,0.005880399,2025,11,4362921,2.1481961,,,,
,,,21.99605215,0.196825269,0.004472996,2.305273062,0.022240625,0.01245475,2025,11,2573401,5.67045378,,,,
,,,17.89356763,0.196555545,0.00886828,1.678082011,0.019973799,0.011185328,2025,11,4430802,4.64266535,,,,
20.13619939,0.091669615,0.008536232,1.604988463,0.008250101,0.000578519,0.308242954,0.037515796,0.017487027,2025,11,4722893,3.06612548,,,,
,,,16.23725719,0.108026556,0.007378398,1.527324526,0.016420699,0.009195591,2025,11,4258595,3.796009,,,,
,,,33.21837603,0.348840108,0.011434531,2.255146528,0.035352275,0.019797274,2025,11,3929785,7.65423529,,,,
2.11836534,0.01563973,0.000743397,20.44818921,0.149683001,0.012110481,1.585882328,0.038310844,0.020794753,2025,11,4361577,4.86597931,,,,
,,,22.73276406,0.127143905,0.009442497,1.57829192,0.030297476,0.016966587,2025,11,4432775,4.60018158,,,,
,,,15.45821004,0.099508725,0.002670513,1.780419418,0.021191896,0.011867462,2025,11,4686728,3.90545807,,,,
8.527341627,0.048258792,0.005060046,8.045646905,0.048404906,0.003594849,1.044097865,0.029435781,0.014666477,2025,11,2576414,3.3396357,,,,
,,,27.49506657,0.142359426,0.013273366,2.074307322,0.033800012,0.018928007,2025,11,2576581,5.66755525,,,,
,,,15.62122194,0.137782881,0.01399617,1.298468391,0.019940704,0.011166794,2025,11,4686422,3.69347282,,,,
,,,22.1969058,0.161536279,0.009505326,2.576239144,0.034253132,0.019181754,2025,11,4431588,5.74670054,,,,
,,,2.142857043,0.023004364,0.000752586,0.222677879,0.003931589,0.00220169,2025,11,4249417,0.57219536,,,,
,,,16.33993649,0.10573207,0.003176357,1.516703796,0.018052954,0.010109654,2025,11,4678006,3.77169967,,,,
13.00622661,0.056631344,0.002518642,,,,,0.258363791,0.123660572,2025,11,4427238,12.85735186,214.9211741,1.011153115,0.04565428,0.640191497
,,,32.91037105,0.190084838,0.017723208,2.395584818,0.045986533,0.025752459,2025,11,4602667,7.0584503,,,,
0.833388923,0.004357963,0.000523681,15.07479286,0.061684894,0.009056837,1.354341645,0.028597753,0.015754811,2025,11,4569371,3.50443778,,,,
,,,14.29043802,0.043886599,0.001177784,1.332921962,0.017911084,0.010030207,2025,11,3930066,3.00805331,,,,
,,,20.29763274,0.13965696,0.012461709,1.351143909,0.025437555,0.014245031,2025,11,4243537,4.2159543,,,,
,,,11.05640724,0.092022037,0.00361915,0.897342711,0.012058006,0.006752483,2025,11,4361409,2.6013069,,,,
1.166277988,0.008862908,0.000610633,10.38869795,0.058619843,0.003496998,1.220514885,0.012504544,0.006779532,2025,11,16002,2.77589518,,,,
,,,12.12267762,0.049315301,0.002225266,0.920168209,0.01766389,0.009891778,2025,11,3871102,2.41346095,,,,
,,,13.00526341,0.11770002,0.002674818,1.143924308,0.013615851,0.007624877,2025,11,4570037,3.14111005,,,,
,,,5.688935536,0.033970985,0.003450818,0.739276992,0.005783465,0.00323874,2025,11,2983509,1.51257301,,,,
,,,18.02589284,0.093514951,0.004222266,1.392851606,0.026737695,0.014973109,2025,11,4808839,3.74186206,,,,
,,,10.51779975,0.059665425,0.002835708,1.121937806,0.009347906,0.005234827,2025,11,4240472,2.52715869,,,,
4.578892425,0.026949203,0.002509497,13.95700665,0.062890447,0.004410044,1.959288847,0.027512312,0.014403402,2025,11,4362748,4.36678101,,,,
,,,24.39611368,0.165866421,0.005436888,1.926679223,0.022932791,0.012842363,2025,11,4367209,5.34728417,,,,
,,,30.95540178,0.246480552,0.011120819,2.354599745,0.045199768,0.02531187,2025,11,4431492,6.90183513,,,,
,,,8.785285743,0.06337556,0.003780703,0.558838179,0.011176764,0.006258988,2025,11,3043116,1.81295874,,,,
21.17231569,0.164464905,0.012039031,5.727186242,0.036555127,0.001505008,0.833048264,0.055187099,0.026129167,2025,11,4429299,4.75477138,,,,
,,,21.09225912,0.159388526,0.023402098,1.706580975,0.022932112,0.012841983,2025,11,3128390,4.79386427,,,,
2.015129914,0.015739536,0.000748141,4.503540793,0.025918887,0.002097033,0.708953617,0.010244931,0.005345074,2025,11,4911851,1.68333017,,,,
0.792633356,0.005119185,0.000148863,32.50433906,0.137125856,0.005120157,2.987108993,0.062103448,0.034519086,2025,11,2973405,7.1956456,,,,
,,,17.29999001,0.068774092,0.006136771,1.228731398,0.023587183,0.013208822,2025,11,4241476,3.35785485,,,,
,,,2.368667206,0.020026293,0.000824501,0.213434139,0.004097161,0.00229441,2025,11,4690070,0.5676268,,,,
,,,6.513178799,0.070060033,0.004122563,0.762482716,0.010668891,0.005974579,2025,11,4372780,1.83073816,,,,
,,,1.691971693,0.010075,0.000335056,0.261530545,0.002332923,0.001306437,2025,11,4373684,0.48929675,,,,
,,,10.35131685,0.103009222,0.003369938,1.226897069,0.014603455,0.008177935,2025,11,4372096,2.87085389,,,,
22.09765072,0.16404433,0.007826354,,,,,0.04781229,0.021993654,2025,11,4362452,3.16695645,,,,
1.365924119,0.012462553,0.000402206,10.58287041,0.077410193,0.001759202,0.87845465,0.021612331,0.011627986,2025,11,4569382,2.60557431,,,,
1.546922495,0.011177848,0.000974531,12.37368663,0.069538951,0.005822159,0.972506048,0.023080175,0.012483739,2025,11,5097554,2.93783088,,,,
,,,8.018814498,0.062739678,0.004632749,0.728615607,0.010823976,0.006061427,2025,11,3921690,1.90436337,,,,
,,,9.017657792,0.100826158,0.002291347,0.95295012,0.011342732,0.00635193,2025,11,4426553,2.45185108,,,,
,,,15.42176931,0.096570458,0.005734902,1.875981712,0.022277555,0.012475431,2025,11,4361516,3.98468833,,,,
5.591341113,0.036739958,0.001084074,11.87386826,0.073551966,0.003288909,1.024728447,0.035627843,0.018355914,2025,11,4431487,3.48172335,,,,
,,,8.413907351,0.066183394,0.002602938,0.850223349,0.01012,0.0056672,2025,11,4241374,2.08285292,,,,
7.860928129,0.035296395,0.001771163,8.588696439,0.057133809,0.003361941,0.850280399,0.038726787,0.019446552,2025,11,4708486,3.02221718,,,,
,,,30.66899187,0.164183986,0.009750177,2.416636926,0.046390657,0.025978768,2025,11,4424106,6.59167329,,,,
,,,6.704436473,0.058569583,0.005949577,0.704309441,0.008383223,0.004694605,2025,11,4426496,1.72890193,,,,
0.98985789,0.007654236,0.000307262,1.668875848,0.009879122,0.000323195,0.277501796,0.004847768,0.002477513,2025,11,4383396,0.64500901,,,,
,,,18.77823073,0.145616628,0.00532149,1.968388479,0.023429246,0.013120378,2025,11,4426844,4.70493154,,,,
,,,7.92224497,0.061239156,0.001391704,0.619510496,0.011892353,0.006659718,2025,11,4386544,1.92274423,,,,
,,,4.870087812,0.039013318,0.001425723,0.424810817,0.008154826,0.004566702,2025,11,3886809,1.13983295,,,,
1.286798246,0.008762717,0.00043025,4.259886302,0.017460754,0.000572341,0.501049193,0.009663615,0.005066533,2025,11,3917668,1.20518559,,,,
,,,21.21791688,0.084243843,0.005002878,1.482813155,0.02846463,0.015940193,2025,11,4692590,4.14965017,,,,
,,,5.149576917,0.02629736,0.000790014,0.401407404,0.007705565,0.004315116,2025,11,4360405,1.06730245,,,,
2.611163907,0.028395737,0.001166003,26.88356278,0.163494332,0.014588738,2.432317872,0.041993149,0.022905307,2025,11,3121427,6.51993982,,,,
,,,21.42040098,0.123783877,0.010015047,2.00324669,0.030764052,0.017227869,2025,11,3134353,4.87437441,,,,
,,,4.32374783,0.012368823,0.000558461,0.389571343,0.007478356,0.004187879,2025,11,4428678,0.88909763,,,,
8.799210481,0.061072488,0.00268919,1.728364321,0.016444072,0.000781534,0.239123871,0.025266858,0.011831683,2025,11,4242214,1.74092479,,,,
,,,4.978687995,0.033613947,0.002005258,0.465751364,0.005543724,0.003104486,2025,11,4040612,1.16325179,,,,
,,,13.89349913,0.123728888,0.008676196,1.575889307,0.018469433,0.010342882,2025,11,3911853,3.70476698,,,,
0.647411959,0.003730254,0.000177966,2.321468406,0.019219405,0.000639164,0.222327682,0.00680069,0.003572973,2025,11,4362477,0.79930268,,,,
1.833050602,0.007837499,0.000348568,1.083820161,0.003637043,0.000164215,0.093834129,0.006427922,0.003136972,2025,11,4613104,0.51855944,,,,
,,,15.62105585,0.111065816,0.009910497,1.426578133,0.01698021,0.009508918,2025,11,4573699,3.65632997,,,,
,,,5.265766602,0.040493141,0.00238275,0.571809642,0.00680611,0.003811422,2025,11,4683243,1.3386672,,,,
3.130475469,0.025579137,0.000540585,,,,,0.007178693,0.003302199,2025,11,4429835,0.53749203,,,,
,,,1.987727542,0.007521155,0.000555368,0.26837076,0.002891045,0.001618985,2025,11,4012556,0.51021941,,,,
,,,7.355549333,0.042243189,0.002116861,0.520329134,0.009988431,0.005593521,2025,11,4696882,1.50265328,,,,
,,,8.929817892,0.072113551,0.002692655,0.901528054,0.010730668,0.006009174,2025,11,3120303,2.22084131,,,,
,,,8.105103223,0.043427095,0.00637615,0.979488428,0.011658611,0.006528822,2025,11,4361372,2.05056378,,,,
,,,11.82117932,0.092418317,0.008616937,1.220566202,0.022084476,0.012367307,2025,11,4048228,2.9502765,,,,
,,,6.543577022,0.038613874,0.001742383,0.633172206,0.007536494,0.004220436,2025,11,4035020,1.51445625,,,,
,,,17.79155556,0.167194404,0.005480418,1.590539411,0.018931801,0.010601809,2025,11,4365395,4.36311841,,,,
0.774091049,0.004334365,0.000520845,21.08125539,0.11318185,0.016617839,1.917727883,0.039412724,0.021811194,2025,11,4429105,4.8000528,,,,
,,,11.00049923,0.083350005,0.004176776,0.991943876,0.011806865,0.006611844,2025,11,4241263,2.58753569,,,,
,,,20.56428165,0.102320586,0.005127417,1.42710449,0.027395226,0.015341327,2025,11,4241424,4.08977037,,,,
,,,25.81271674,0.142239137,0.020884153,2.220646376,0.03410268,0.019097501,2025,11,2310331,5.65982618,,,,
,,,6.274838636,0.052222958,0.002335173,0.64434999,0.00766954,0.004294942,2025,11,4379401,1.58145426,,,,
,,,23.2500942,0.157645868,0.005761093,1.728463822,0.033180231,0.01858093,2025,11,4428811,4.97458478,,,,
,,,0.838234429,0.005958179,0.000298572,0.107131539,0.000955642,0.00053516,2025,11,2975417,0.22625608,,,,
1.79792638,0.011024054,0.001026555,1.776037879,0.007521781,0.000527447,0.286684202,0.006571271,0.003278515,2025,11,3929914,0.75208001,,,,
,,,6.313751207,0.055711113,0.002293678,0.781666703,0.009964695,0.005580229,2025,11,3127310,1.7409982,,,,
,,,6.618889578,0.053669844,0.004493516,0.670170238,0.007976872,0.004467048,2025,11,4372505,1.6543418,,,,
,,,2.517459869,0.016587782,0.001231912,0.231280345,0.002202299,0.001233287,2025,11,4045305,0.58260841,,,,
,,,17.57544961,0.094012582,0.007606325,1.88514026,0.01795069,0.010052387,2025,11,3052096,4.20234259,,,,
,,,5.358240412,0.029684915,0.000891781,0.399825768,0.007675203,0.004298114,2025,11,4241983,1.10714943,,,,
,,,2.142241693,0.021514696,0.000703851,0.250783782,0.002985018,0.00167161,2025,11,4360967,0.59223921,,,,
,,,13.00156246,0.102827138,0.003370542,0.990779564,0.010526936,0.005895084,2025,11,4036335,2.90312735,,,,
,,,2.672534811,0.02074892,0.003046444,0.414563088,0.003698015,0.002070888,2025,11,3125107,0.808359,,,,
7.27670921,0.068041902,0.002683056,3.586033821,0.023090492,0.001052493,0.44423849,0.015755386,0.007584632,2025,11,3139602,2.07002479,,,,
,,,29.80794994,0.146508467,0.013660216,2.072347879,0.036644659,0.020521009,2025,11,2574808,5.91943809,,,,
,,,2.410676084,0.027236169,0.001228854,0.24094691,0.002294346,0.001284834,2025,11,4241961,0.64538017,,,,
,,,1.067267267,0.004712085,0.000212754,0.097692892,0.001875349,0.001050195,2025,11,4877203,0.28619311,,,,
,,,13.29160965,0.096831991,0.003986662,1.593610221,0.019313929,0.0108158,2025,11,3050481,3.49061486,,,,
,,,6.547316881,0.070809669,0.003227593,0.587793818,0.006996366,0.003917965,2025,11,4361100,1.66618758,,,,
2.452041035,0.016403482,0.002119395,,,,,0.004831059,0.002222287,2025,11,3115349,0.34354701,,,,
,,,6.011932925,0.050301237,0.004069748,0.626755923,0.007460122,0.004177668,2025,11,4244049,1.5297376,,,,
,,,2.174382673,0.020735729,0.000689591,0.23547297,0.002802777,0.001569555,2025,11,4242558,0.57563948,,,,
,,,16.59045296,0.069677422,0.005637427,1.393585125,0.026751776,0.014980995,2025,11,4244856,3.45271582,,,,
87.73871513,0.76405086,0.02149284,30.12495824,0.201916501,0.007065006,3.486792542,0.110179634,0.052779075,2025,12,4429795,21.02343159,,,,
76.54733426,0.668111884,0.051619454,58.76857802,0.426447594,0.026976856,5.994959181,0.179729715,0.086933255,2025,12,3117251,26.08197939,,,,
5.478882421,0.050163633,0.001382992,92.71248681,0.511019425,0.010999432,7.631798893,0.126741479,0.069788394,2025,12,4426515,20.70657022,,,,
77.60557644,0.566429508,0.016261213,42.81900843,0.232371596,0.011718942,4.964963407,0.200008939,0.096425618,2025,12,4430807,21.66861759,,,,
,,,71.28123622,0.600508535,0.034565155,7.140315224,0.057116518,0.03198525,2025,12,4361307,17.87815587,,,,
1.018593216,0.007306537,0.000205534,85.29849751,0.743423214,0.026012185,7.120552207,0.102566101,0.057235541,2025,12,4374302,20.19731014,,,,
0.660979795,0.004845136,0.000191286,85.5031694,0.513715703,0.015440539,6.527587269,0.08069694,0.045044767,2025,12,4241389,18.19867134,,,,
4.275415069,0.025805896,0.000488618,103.6850868,0.530777696,0.01475082,7.338053185,0.147767055,0.081512674,2025,12,4430878,21.34495845,,,,
82.82756045,1.001357889,0.051025799,25.04081518,0.100787682,0.009810752,3.164743898,0.179885784,0.085383035,2025,12,4242335,20.52010792,,,,
82.09123104,0.648251991,0.028449476,13.70303435,0.082405719,0.007761334,1.90678472,0.185289067,0.086939341,2025,12,4379399,15.77359046,,,,
76.83743855,0.437793925,0.013474191,24.58998524,0.179942145,0.00667554,3.022365136,0.116406322,0.055303352,2025,12,3929630,16.80428869,,,,
32.93500568,0.694652221,0.030485817,,,,,0.531214256,0.25317797,2025,12,3918298,19.12924607,224.1189684,1.136345567,0.107026032,0.812508294
32.15675765,0.633225304,0.019489075,,,,,0.564904727,0.269101718,2025,12,4040715,22.41325479,246.6886848,1.656239065,0.06144358,0.366439162
86.44075937,0.890060318,0.035085175,12.79108061,0.089604435,0.004495944,1.429376135,0.21241848,0.099199307,2025,12,3043078,17.11692228,,,,
73.37325041,0.271164861,0.033081226,24.95585392,0.109938723,0.008058144,3.274761664,0.209866103,0.099838749,2025,12,4890973,15.28243284,,,,
,,,84.60373712,0.400930143,0.028054856,6.674990396,0.076155301,0.042646969,2025,12,4262921,17.51377074,,,,
,,,76.94493555,0.580445305,0.017446203,5.477057133,0.109541143,0.06134304,2025,12,4426354,16.56932084,,,,
66.32251393,0.597716325,0.016478806,17.55993735,0.134780641,0.002901084,2.314436025,0.171449994,0.081270839,2025,12,4430737,14.97840505,,,,
39.06470917,0.329584471,0.0119,,,,,0.607588895,0.289644438,2025,12,4431452,24.95807761,298.2856625,2.157652465,0.096469212,0.570703022
,,,72.5809454,0.589414934,0.06144111,5.628232004,0.08805913,0.049313113,2025,12,4258173,16.44939414,,,,
56.3066371,0.416975577,0.037803716,25.03885948,0.123971568,0.006321473,4.224557859,0.177323428,0.085729461,2025,12,4362238,15.52626184,,,,
,,,79.34245116,0.506465888,0.018789001,5.357561775,0.088227053,0.04940715,2025,12,4047646,16.27169392,,,,
,,,67.29468078,0.57104767,0.02911847,5.571001345,0.085019984,0.047611191,2025,12,4239993,15.692014,,,,
0.550932493,0.018453025,0.000940304,65.15479275,0.384998495,0.037476056,5.759419382,0.057036708,0.031721122,2025,12,4431459,14.7655975,,,,
2.31151839,0.022830895,0.000642236,64.81831558,0.397983502,0.01392534,3.676278999,0.061545342,0.03402209,2025,12,4426388,12.87686575,,,,
57.53154105,0.551453514,0.019967098,21.86896368,0.120836806,0.005402646,2.531658534,0.111629903,0.053483536,2025,12,4432710,14.46658158,,,,
3.68556317,0.029368145,0.001157659,60.66625943,0.352402407,0.017681953,4.520420872,0.079608831,0.043630794,2025,12,4429615,13.19874408,,,,
58.69821068,0.477230823,0.017370275,19.83949638,0.089380805,0.008079052,2.391954523,0.11589012,0.055163275,2025,12,4239996,13.5890271,,,,
,,,75.34281816,0.763370044,0.01643115,4.701428929,0.066195449,0.037069452,2025,12,16800,16.77640041,,,,
66.26193608,0.560193753,0.026186746,20.48023613,0.086356947,0.005943653,2.3279373,0.144528488,0.06839196,2025,12,4259545,14.8127516,,,,
92.26657892,0.5433861,0.047207406,22.50649434,0.143995016,0.010767462,3.137718271,0.179723926,0.085055856,2025,12,4038815,18.68989632,,,,
71.95466573,0.595447779,0.023508258,11.01103467,0.076541432,0.002300574,2.021824741,0.175464097,0.082553178,2025,12,4361579,14.24147336,,,,
2.944230311,0.048749023,0.001343992,,,,,0.467125469,0.223760226,2025,12,12483,19.6373592,283.7325807,2.243709193,0.048294694,0.468907446
11.62246907,0.104242009,0.004115471,,,,,0.509679832,0.243875709,2025,12,2577417,17.70881191,256.2005038,1.869721317,0.056197436,0.726053434
1.721652627,0.004912389,0.000330233,81.63357916,0.48289921,0.018258158,5.810174188,0.079972758,0.044422904,2025,12,4361370,17.02300993,,,,
76.67219036,0.351976573,0.051450668,17.19078289,0.112887294,0.014340265,2.080658866,0.166960245,0.078707026,2025,12,4427366,14.23471721,,,,
,,,50.88012531,0.331742162,0.015232334,4.779880769,0.044262657,0.024787088,2025,12,15847,11.84040676,,,,
,,,49.31900438,0.177473004,0.008950301,4.89149603,0.040755596,0.022823134,2025,12,4360248,10.86156283,,,,
71.51906986,0.397411719,0.022317058,19.37903244,0.077500965,0.003349472,2.511077643,0.13069909,0.062069384,2025,12,4569987,14.38100827,,,,
,,,72.38087055,0.522112876,0.039041843,5.974812988,0.091755778,0.051383236,2025,12,4685472,16.32331851,,,,
,,,66.84346807,0.438711949,0.016275448,5.504574809,0.086321907,0.048340268,2025,12,4241478,14.75934367,,,,
,,,77.41544252,0.491033363,0.021954231,5.898886519,0.075896012,0.042501767,2025,12,2976212,16.54753988,,,,
73.96658056,0.56376001,0.010674436,12.27812537,0.052702273,0.001464647,1.540846136,0.090813514,0.042567965,2025,12,4567048,13.80563266,,,,
46.96602445,0.27202731,0.01072301,,,,,0.512174291,0.243715355,2025,12,3916387,21.17471182,216.302588,1.898616707,0.095263969,0.569334041
,,,33.96497708,0.320867715,0.009644188,4.545072151,0.073188809,0.040985733,2025,12,4242355,9.80602506,,,,
,,,65.23587261,0.56030197,0.035444416,5.30759974,0.058610614,0.032821944,2025,12,3040151,15.19979176,,,,
,,,73.29351451,0.273875288,0.026659236,6.631758603,0.091608738,0.051300893,2025,12,4035687,15.55749647,,,,
,,,83.00093927,0.479132673,0.052600608,5.679097628,0.109018061,0.061050114,2025,12,4567750,16.83996858,,,,
,,,47.34798091,0.336333467,0.012477385,4.573540075,0.05677392,0.031793395,2025,12,3121023,11.28920695,,,,
63.3986723,0.621270994,0.017476426,11.7767038,0.0470693,0.001646943,1.545321949,0.110331321,0.052012548,2025,12,4035538,13.01003297,,,,
,,,60.49433567,0.354803448,0.020422418,4.87849662,0.077453371,0.043373888,2025,12,4360761,13.01289394,,,,
,,,66.72623428,0.230784461,0.013225469,6.075956342,0.058318154,0.032658166,2025,12,4569587,14.09596314,,,,
,,,67.59303795,0.501538625,0.031727077,4.305804747,0.082581399,0.046245584,2025,12,3886598,14.04748128,,,,
,,,47.85828139,0.203019612,0.018350764,4.459784257,0.070776293,0.039634724,2025,12,3916433,10.42302815,,,,
,,,49.28591749,0.466527019,0.020858546,3.723555459,0.035798187,0.020046985,2025,12,3046439,11.45388044,,,,
14.97822941,0.096302226,0.009103585,,,,,0.5995605,0.286873318,2025,12,3052587,14.56009867,225.8611822,1.192301575,0.130894408,0.520640282
26.09128687,0.273560447,0.012787822,,,,,0.502570515,0.239889176,2025,12,4431611,17.72722326,223.0912428,1.452884483,0.099997057,0.508753579
4.268645926,0.041212338,0.001159308,,,,,0.439667381,0.210656396,2025,12,3046779,17.75053788,264.6933648,1.984195364,0.069426481,0.589777789
4.41657727,0.055542283,0.002323912,73.15471181,0.553413762,0.025410649,6.339849297,0.143177696,0.078541439,2025,12,4428331,17.65288072,,,,
49.16181895,0.469218018,0.015936232,19.77064021,0.08524099,0.00488487,2.720438823,0.134277278,0.064213728,2025,12,4360516,12.85719954,,,,
13.06437225,0.160392575,0.012392202,,,,,0.443118741,0.21188895,2025,12,4361741,20.38537722,285.2289479,2.121524648,0.134206562,0.829895798
5.798386502,0.057685262,0.002696548,35.49811213,0.229436326,0.015791316,2.723263381,0.062533196,0.033181106,2025,12,3915416,8.54790629,,,,
22.91870484,0.160596223,0.00902,27.71533524,0.112056994,0.004842931,3.850909203,0.107154651,0.054072414,2025,12,4371733,10.53279681,,,,
55.67095203,0.219270826,0.022741673,24.1841215,0.159481529,0.011159628,3.381588599,0.185577744,0.08927559,2025,12,3042519,13.5337635,,,,
,,,65.95042284,0.500843754,0.034471358,3.762986842,0.073467663,0.041141891,2025,12,4431299,13.35168858,,,,
45.52193217,0.234518572,0.005946255,14.00410279,0.039546322,0.000977128,2.510095192,0.130971134,0.062589442,2025,12,3916148,9.99921193,,,,
3.803215893,0.081633978,0.003217919,33.05270813,0.44160959,0.022157965,3.215096866,0.05231531,0.02813365,2025,12,3116365,10.03601514,,,,
1.366253219,0.016959922,0.000685464,37.16929358,0.159207722,0.007198254,4.190956333,0.056237136,0.030857475,2025,12,5083076,9.05705136,,,,
,,,66.82544961,0.506061168,0.021871184,4.046475161,0.071967715,0.04030192,2025,12,4047650,13.73042766,,,,
59.08856795,0.669154149,0.0242,17.54189789,0.097913837,0.004377754,1.951516434,0.215848657,0.10236852,2025,12,4569173,14.0750894,,,,
69.66001626,0.469036439,0.062312125,14.58525779,0.097795852,0.010194322,1.730245224,0.073179184,0.034434138,2025,12,4429059,13.63384299,,,,
1.972433605,0.011590541,0.001414008,67.72842855,0.321441446,0.023560593,6.18880597,0.055313884,0.030600855,2025,12,4432665,15.1472896,,,,
69.12351021,0.154277881,0.010371267,24.07920189,0.093751672,0.0035447,3.061751937,0.164058484,0.078106236,2025,12,3054850,13.74615193,,,,
3.809449285,0.03497465,0.001463354,50.59541841,0.359701212,0.016516107,3.56081433,0.056102614,0.030592032,2025,12,4683062,11.34561313,,,,
,,,55.88120978,0.177937985,0.016758983,4.873684562,0.079548643,0.04454724,2025,12,4373678,11.51978548,,,,
,,,55.39976011,0.338064314,0.023655855,4.361097248,0.058602066,0.032817157,2025,12,4429205,11.91268454,,,,
19.73032705,0.481831983,0.017537749,,,,,0.5007725,0.239192038,2025,12,4360310,15.34701811,210.2062122,0.953768216,0.086210268,0.741319902
12.9071685,0.138477956,0.005285333,,,,,0.483815651,0.23132736,2025,12,4036378,17.4114783,242.8280979,1.674163651,0.08699471,0.427285087
79.57433921,0.508972166,0.020570958,10.05969079,0.047483303,0.002146861,1.692391437,0.106344839,0.049673455,2025,12,4685702,13.94342398,,,,
1.757387086,0.027552409,0.001051602,54.31130506,0.449127729,0.023338063,3.194741745,0.055047145,0.030369271,2025,12,4248528,11.65118458,,,,
,,,33.30042796,0.143213651,0.01572242,3.310380807,0.035172474,0.019696585,2025,12,3116165,7.49268718,,,,
13.86100659,0.147943583,0.010219372,,,,,0.650167098,0.311048206,2025,12,2578570,16.73763122,242.0020957,1.654412194,0.095227646,0.719910584
36.67895527,0.346450965,0.016195153,8.075502907,0.044011573,0.003029166,1.059215474,0.070230256,0.033061797,2025,12,4608686,7.85161556,,,,
49.75743252,0.536730593,0.010162651,6.524027436,0.023613134,0.000656232,0.863085406,0.056170983,0.0262236,2025,12,4426385,9.82396633,,,,
18.76738484,0.105128538,0.009133185,7.655557368,0.044372298,0.003318011,1.224609244,0.040550953,0.019498316,2025,12,4241416,4.84684421,,,,
,,,57.08735093,0.417675017,0.021703683,4.116116176,0.073925744,0.041398417,2025,12,4361432,12.36126501,,,,
,,,41.899024,0.256223184,0.00968766,3.562364116,0.047011783,0.026326599,2025,12,3929645,9.25756974,,,,
,,,33.64383184,0.134608687,0.009419165,4.013030209,0.040688745,0.022785697,2025,12,4036133,8.15940645,,,,
,,,42.96056734,0.265388696,0.027664341,4.338828546,0.033734764,0.018891468,2025,12,3117256,10.2456512,,,,
26.41610316,0.323324766,0.013528043,,,,,0.46022911,0.2198743,2025,12,3139477,21.06533733,262.5074117,1.896781859,0.087092987,0.688659473
,,,47.19057926,0.250309677,0.011317244,3.755594294,0.058344514,0.032672928,2025,12,4241463,9.93534091,,,,
49.05088701,0.685892045,0.028698009,15.46278438,0.117985496,0.005417444,2.308107541,0.115845013,0.054978628,2025,12,3059915,13.54407358,,,,
4.343766032,0.032069485,0.000607215,34.42071201,0.2201995,0.006119555,2.311695692,0.059640684,0.032058106,2025,12,4032473,7.83639531,,,,
,,,25.80085301,0.18820485,0.012953495,2.412183254,0.028711627,0.016078511,2025,12,4723086,6.11600362,,,,
31.55564526,0.267024369,0.025242189,20.17303389,0.116664673,0.012807794,3.399740194,0.089407826,0.043685848,2025,12,4697815,10.86582863,,,,
27.11129863,0.192980215,0.013330329,18.98525357,0.107703951,0.006199419,2.969051827,0.063106808,0.030896488,2025,12,4240657,9.36174656,,,,
27.3071226,0.1709595,0.0177,3.896549668,0.014816361,0.001036766,0.690088463,0.083070446,0.039028485,2025,12,4360569,4.88672342,,,,
1.704657659,0.011770954,0.000909444,49.88609041,0.306081447,0.019362556,3.260005441,0.054362459,0.030013153,2025,12,4428209,10.30814635,,,,
,,,61.52803191,0.256477284,0.0249657,3.729376367,0.058220683,0.032603582,2025,12,4360078,11.4073035,,,,
8.037870217,0.076767525,0.001453544,,,,,0.488622482,0.233773915,2025,12,3912547,15.16110536,248.7126245,1.54521557,0.04294302,0.933399685
,,,41.45531539,0.269425047,0.00748758,3.004663097,0.048550992,0.027188555,2025,12,2977187,8.72862697,,,,
,,,48.7136281,0.221222329,0.021533955,4.561193321,0.069021685,0.038652144,2025,12,4688813,10.73146469,,,,
,,,56.98692967,0.229601092,0.01157922,4.141715871,0.060788496,0.034041558,2025,12,4040655,11.17469271,,,,
,,,26.64043422,0.186737279,0.008442947,2.893620131,0.033443695,0.018728469,2025,12,3123076,6.65839818,,,,
1.651378864,0.015861163,0.000741444,33.95478753,0.193631228,0.013326974,2.807801674,0.059337852,0.032685372,2025,12,4685278,7.58970475,,,,
,,,40.48398859,0.28011437,0.016052398,4.008391463,0.038168722,0.021374484,2025,12,4429148,9.72784037,,,,
42.25998814,0.341557143,0.009416598,5.918371122,0.028765297,0.000619158,0.770609331,0.046810762,0.021876652,2025,12,4429096,7.85171391,,,,
2.688896026,0.056389325,0.001067696,29.60562036,0.288485649,0.008017292,2.874025243,0.059431751,0.031741413,2025,12,4576297,8.12897988,,,,
4.196092929,0.013404518,0.001635307,46.1714911,0.16702892,0.012242666,3.556776547,0.056863904,0.0309368,2025,12,4428718,9.64351792,,,,
15.85897286,0.443354022,0.022591816,,,,,0.635720804,0.303915323,2025,12,3917792,19.93395288,296.576877,1.386033259,0.134917567,0.721632387
32.77882395,0.200194188,0.026596069,7.170927078,0.031005698,0.00323206,0.957231717,0.044379401,0.020980528,2025,12,3128720,6.35827134,,,,
67.09429496,0.703908295,0.026866294,14.36656471,0.070088807,0.003642031,1.854736302,0.190840791,0.089716067,2025,12,4887558,14.5314294,,,,
,,,38.24700496,0.191920091,0.024379936,2.596633973,0.049845947,0.02791373,2025,12,4597500,7.56710143,,,,
,,,33.43063734,0.158592085,0.014334999,3.398707313,0.042820746,0.023979618,2025,12,4430539,7.67516232,,,,
,,,38.19912972,0.307523364,0.032056495,3.315168565,0.063639203,0.035637954,2025,12,4877706,8.9747388,,,,
13.92173885,0.036326212,0.002442015,9.755750066,0.053673576,0.002029369,1.244153059,0.038115512,0.018642954,2025,12,4682652,4.17670973,,,,
38.12083328,0.547207645,0.018585023,9.899413446,0.043430964,0.00248888,1.55675292,0.089154142,0.04223106,2025,12,4040761,9.86264693,,,,
4.391776428,0.043540354,0.001584784,39.59285174,0.13677772,0.012363218,3.136404281,0.077801481,0.04206149,2025,12,4432620,8.76421864,,,,
29.1519644,0.162469571,0.004119441,21.35964117,0.079898445,0.001974166,3.123423261,0.064730962,0.031758657,2025,12,4428557,9.57917181,,,,
30.44095468,0.381095745,0.010940601,5.226404185,0.017732219,0.00089427,0.84444591,0.038703745,0.018180357,2025,12,4373626,6.79247861,,,,
6.071938539,0.033064682,0.001336364,7.255843586,0.047258041,0.002136676,1.200299399,0.019992666,0.010053186,2025,12,5081397,3.09209669,,,,
14.50635797,0.129360958,0.013416671,,,,,0.784244196,0.375163253,2025,12,4433970,14.17655982,240.3108051,1.299444256,0.090927863,1.169756759
25.51421064,0.266000146,0.01788175,6.729427156,0.051764508,0.001957188,0.700361157,0.082634748,0.038871411,2025,12,2468609,5.94618896,2.622936906,0.015613507,0.000573377,0.008880606
,,,19.92841889,0.209942731,0.00451891,1.977187686,0.022017303,0.01232969,2025,12,4242557,5.2146458,,,,
46.95814464,0.437639736,0.030230466,15.23264162,0.083336382,0.004796826,2.096728766,0.11515338,0.05465904,2025,12,4427728,11.41952099,,,,
,,,40.9749794,0.183512495,0.020146547,4.315864433,0.054907172,0.030748016,2025,12,4243331,9.49468641,,,,
,,,46.92458569,0.354274545,0.015839708,2.903758644,0.044593301,0.024972248,2025,12,4429022,9.7047754,,,,
14.84107441,0.043980665,0.002956582,,,,,0.414866269,0.198361522,2025,12,4360689,15.96539729,252.1348446,1.50087837,0.05676436,0.80260012
4.394185281,0.033762956,0.000856065,44.88485606,0.205132262,0.005068498,3.907304989,0.090528508,0.049143721,2025,12,4431268,10.36497616,,,,
,,,50.03804546,0.25356613,0.014531009,3.493668082,0.069873362,0.039129083,2025,12,3916945,9.97151526,,,,
,,,22.52019826,0.169814596,0.007797238,1.838633785,0.035113927,0.019663799,2025,12,4241372,5.08673807,,,,
26.7217423,0.179467296,0.013865947,4.293039032,0.025574537,0.001617832,0.503025225,0.053525616,0.025009725,2025,12,4241474,4.87283541,,,,
38.48854416,0.369096546,0.013434398,5.018771152,0.02488153,0.00224902,0.67442704,0.067560278,0.031559013,2025,12,4882093,7.40177583,,,,
48.44950049,0.411825466,0.03893044,11.43789571,0.042868363,0.004706216,1.813256338,0.168986951,0.079979901,2025,12,4430871,10.51457864,,,,
,,,30.95978177,0.332340856,0.016675356,2.553118904,0.032966079,0.018461004,2025,12,4361050,7.64044092,,,,
,,,29.60698515,0.261877998,0.019582355,2.751537517,0.04913447,0.027515303,2025,12,4430034,7.26893412,,,,
10.58001382,0.075137374,0.002312539,0.86287634,0.00399621,0.000148252,0.112262057,0.031841309,0.014798254,2025,12,4429013,1.70751765,,,,
11.95671884,0.091948106,0.007988117,,,,,0.524011349,0.250838838,2025,12,4685720,14.46905774,204.6725359,1.535171761,0.114794976,0.681819883
,,,31.77405244,0.131137022,0.009611909,3.124026795,0.029747621,0.016658668,2025,12,4429086,7.07494665,,,,
2.464282639,0.018662327,0.001764176,20.75543342,0.124502281,0.01366823,1.868498416,0.044438011,0.024028324,2025,12,4608810,5.03344183,,,,
10.79133417,0.066505734,0.003734697,2.021213706,0.010688632,0.000461946,0.257164738,0.022596023,0.010623569,2025,12,4819231,1.98932827,,,,
10.94383885,0.071653207,0.002895984,,,,,0.486067949,0.232525226,2025,12,4432762,10.70291229,181.5726408,0.998283819,0.045135376,0.860642008
0.662030466,0.00437353,0.000639307,29.99512576,0.157498902,0.020007354,2.740643577,0.05699556,0.031699245,2025,12,4567096,6.75699462,,,,
,,,25.4764119,0.165705275,0.012390883,2.419656106,0.046448614,0.026011224,2025,12,4695883,5.93551226,,,,
,,,33.62031679,0.185972914,0.008037463,3.138590847,0.050293521,0.028164372,2025,12,3054212,7.57753219,,,,
,,,25.28442547,0.140925367,0.006090577,1.806812744,0.036136255,0.020236303,2025,12,4243389,5.17683324,,,,
5.200281074,0.022763696,0.000920033,7.663945788,0.035577954,0.001608585,1.41451269,0.018981185,0.009708064,2025,12,4372019,3.03712738,,,,
,,,36.8281943,0.213122242,0.027073281,4.060748971,0.048334101,0.027067096,2025,12,4808766,9.02359222,,,,
,,,21.99497394,0.165535858,0.017255597,1.963339648,0.034395928,0.019261719,2025,12,3895856,5.15294595,,,,
3.802458424,0.058175817,0.005274319,,,,,0.550289142,0.263805049,2025,12,11252,15.41369,232.8543476,1.887421223,0.096242084,0.934706126
2.178559745,0.058349847,0.001675123,,,,,0.437973916,0.209936973,2025,12,14880,12.34595351,240.5378157,0.966138381,0.048724197,0.700286196
,,,27.40545773,0.169516116,0.007664327,2.622204693,0.047981816,0.026869817,2025,12,4369863,6.34270218,,,,
4.237498918,0.030521402,0.001203119,15.17387531,0.091880002,0.004610121,1.828693583,0.026769713,0.014095715,2025,12,4038441,4.49838638,,,,
,,,34.93714225,0.075996507,0.001877755,3.488825406,0.040127134,0.022471195,2025,12,4360635,7.39839379,,,,
15.90991667,0.025320338,0.003088998,,,,,0.42838509,0.204834818,2025,12,15864,12.60143076,239.8164482,0.972751601,0.071299469,1.187767282
9.194177407,0.046867741,0.001188339,,,,,0.713139059,0.341508013,2025,12,4688380,10.82869825,213.0238445,0.826981752,0.02043343,0.789937118
3.237532433,0.028833282,0.001043999,29.29546093,0.212566672,0.009503912,1.994551501,0.050093748,0.027032227,2025,12,4427095,6.66460193,,,,
,,,2.925287989,0.019967044,0.001263105,0.226740055,0.004306477,0.002411627,2025,12,3045523,0.63688747,,,,
1.165529857,0.008826879,0.00080026,33.73104182,0.30872662,0.015742375,3.339466749,0.054307667,0.030109978,2025,12,4368003,8.70874422,,,,
,,,25.98014661,0.140370829,0.006066611,2.491404667,0.035413527,0.019831575,2025,12,4361411,5.90505037,,,,
,,,31.99840266,0.242844942,0.010857661,2.192388305,0.029460128,0.016497672,2025,12,2991662,6.8387982,,,,
38.93867049,0.127070563,0.018574717,,,,,0.645458058,0.307777354,2025,12,14163,15.44417889,209.7216036,1.115764015,0.141737402,0.893070634
,,,9.169326651,0.059143716,0.004138547,1.177988571,0.019339735,0.010830252,2025,12,16460,2.43691072,,,,
,,,33.34631293,0.217127357,0.008209468,2.587630212,0.049673108,0.02781694,2025,12,4569559,7.1871247,,,,
,,,12.6901665,0.117041683,0.004095258,1.022133126,0.019621246,0.010987898,2025,12,5123663,2.98013239,,,,
5.744036559,0.053201306,0.002334816,2.929482018,0.01733729,0.001632902,0.448675397,0.016074316,0.007755924,2025,12,4429501,1.84882856,,,,
,,,19.25066312,0.227738094,0.011612664,2.34650022,0.022903015,0.012825689,2025,12,3116164,5.63617505,,,,
1.393942803,0.009079028,0.00035844,12.04897182,0.085475941,0.002569115,1.048988339,0.024739018,0.013393625,2025,12,5083754,2.94033148,,,,
,,,17.31439791,0.091947216,0.004777861,1.756571164,0.022581666,0.012645733,2025,12,4428085,4.02455491,,,,
2.63078305,0.017566854,0.001660619,16.2184726,0.10240744,0.011242593,1.706061749,0.038215155,0.020607914,2025,12,2976592,4.29643167,,,,
15.3009803,0.08667086,0.012669234,17.20404616,0.076211598,0.009681289,2.326323301,0.039965351,0.020044176,2025,12,4695404,6.55978939,,,,
,,,10.28970307,0.074816226,0.003345053,0.594992881,0.011421704,0.006396154,2025,12,4613202,2.06706014,,,,
,,,20.31499014,0.180946196,0.01704231,1.927612887,0.016060733,0.00899401,2025,12,3930086,5.06130988,,,,
,,,31.4041782,0.300493895,0.01507742,2.268878389,0.038464486,0.021540112,2025,12,15795,7.2003482,,,,
30.66231012,0.331647532,0.012658098,12.36543138,0.057244525,0.002974602,1.624025823,0.065271952,0.031184038,2025,12,3149687,8.23077164,,,,
5.840905177,0.037021117,0.001139416,4.352143101,0.020030802,0.000743108,0.577078294,0.013042635,0.006411428,2025,12,4431545,2.00296815,,,,
,,,8.342076118,0.072899853,0.001569132,0.645199624,0.012385491,0.006935875,2025,12,4710855,1.90639987,,,,
,,,31.88925718,0.123234652,0.011606783,2.577770429,0.042257711,0.023664318,2025,12,4242433,6.48310499,,,,
3.573897446,0.038472835,0.002657555,30.30866439,0.207835997,0.011963,3.082856568,0.074502184,0.040436718,2025,12,4037235,8.00320131,,,,
14.30766252,0.115665036,0.004839473,9.898490358,0.066122589,0.003036097,1.273823339,0.044239929,0.021486652,2025,12,4596602,4.77478189,,,,
10.53727835,0.117118916,0.015559406,,,,,0.480636571,0.230147408,2025,12,4242546,16.48149055,233.4606518,1.728085033,0.180137041,0.73473753
,,,9.92264287,0.072205364,0.003315395,0.995138833,0.018161576,0.010170482,2025,12,3120348,2.40740453,,,,
,,,7.173180024,0.028780791,0.002109537,0.639244647,0.012271177,0.006871859,2025,12,4603186,1.52004675,,,,
,,,34.22800849,0.318970579,0.011160698,3.406737237,0.032439647,0.018166202,2025,12,4242392,8.73020855,,,,
3.396095919,0.016637339,0.000656842,15.06632261,0.117603529,0.00353476,1.391653877,0.039820368,0.021100677,2025,12,3676833,4.24716518,,,,
,,,24.97765107,0.180153691,0.009186273,3.348023372,0.036667605,0.020533859,2025,12,4036131,6.90498145,,,,
,,,29.98355745,0.176831691,0.00918872,2.11266782,0.042253356,0.02366188,2025,12,4428850,6.14418339,,,,
1.680146785,0.014047361,0.000656656,11.67596388,0.058959725,0.004057996,1.125834629,0.028182609,0.015215669,2025,12,3917914,2.87923018,,,,
,,,24.22565851,0.155336254,0.010869565,2.065880325,0.03789273,0.021219929,2025,12,4382466,5.40076497,,,,
,,,24.20586593,0.234558077,0.013441722,2.522466645,0.050449333,0.028251626,2025,12,4242540,6.32211389,,,,
18.67013638,0.128678642,0.005072367,3.225614055,0.021432816,0.001075401,0.410036546,0.040399995,0.018961152,2025,12,4596334,3.51573714,,,,
,,,31.69730989,0.099252695,0.007274894,3.014052292,0.046316096,0.025937014,2025,12,2577327,6.74319921,,,,
6.16838678,0.049219266,0.002160059,9.075061698,0.059268357,0.005582155,1.046002476,0.026543438,0.013281526,2025,12,3915411,3.21089644,,,,
1.47928919,0.010264631,0.00136367,6.633802686,0.05319817,0.005545422,0.646900863,0.016752732,0.008948072,2025,12,4586312,1.94953396,,,,
15.98845259,0.106521026,0.004205447,,,,,0.029084924,0.013379065,2025,12,4240603,2.22039218,,,,
9.346422295,0.249110329,0.00846063,,,,,0.590584796,0.282680127,2025,12,2969939,13.90976165,234.5735914,1.265535992,0.072523545,1.288419139
,,,11.45145923,0.097556519,0.004479423,0.726905039,0.011163151,0.006251364,2025,12,4362921,2.53248918,,,,
,,,28.93130555,0.223871819,0.009675395,2.584700702,0.03076506,0.017228433,2025,12,4430802,6.8067661,,,,
,,,18.23721225,0.12640165,0.008699792,1.872796415,0.02004542,0.011225435,2025,12,4258595,4.45040545,,,,
,,,15.63884543,0.077810414,0.00294197,1.086229758,0.020851669,0.011676934,2025,12,4372758,3.10005706,,,,
1.584921037,0.012927146,0.000470523,11.48237269,0.074844051,0.006765088,0.85495188,0.022123503,0.011886715,2025,12,4361577,2.70806869,,,,
,,,20.8011711,0.068233626,0.005001299,1.523689846,0.029249314,0.016379616,2025,12,4432775,3.99122608,,,,
,,,22.536607,0.164077434,0.004054098,2.553984806,0.030399456,0.017023695,2025,12,4686728,5.76697492,,,,
7.26542144,0.02489315,0.003036883,7.200975587,0.036728676,0.00269209,1.01640273,0.027818816,0.013887798,2025,12,2576414,2.87059068,,,,
,,,17.51152313,0.134828957,0.014054684,1.646547197,0.025286184,0.014160263,2025,12,4686422,4.20712809,,,,
,,,23.17596351,0.192913409,0.014425415,2.786960779,0.036316819,0.020337419,2025,12,4431588,6.25117358,,,,
,,,15.55537556,0.129087884,0.003587476,1.327170304,0.015796983,0.008846311,2025,12,4678006,3.64713449,,,,
2.276880985,0.014851802,0.001290271,,,,,0.00488312,0.002246235,2025,12,4685350,0.42038517,,,,
0.723054712,0.004572017,0.000668321,32.13314698,0.12604364,0.016011538,2.570681991,0.051442748,0.02859844,2025,12,4569371,6.78513396,,,,
,,,41.83403025,0.164777525,0.004071396,3.146129599,0.042275988,0.023674553,2025,12,3930066,8.28010746,,,,
,,,32.37310869,0.25192626,0.023727525,2.025805659,0.037946534,0.021250059,2025,12,4243537,6.78063102,,,,
,,,14.22677803,0.106170678,0.003938747,1.089851782,0.014644839,0.00820111,2025,12,4361409,3.14766333,,,,
10.6340443,0.076239881,0.004281328,,,,,0.580402471,0.277855396,2025,12,3116407,16.35807469,266.5753368,1.594407896,0.068907852,0.904690826
1.144686601,0.009732693,0.000751964,10.59900924,0.06398139,0.00404743,1.223356284,0.012607766,0.006825607,2025,12,16002,2.83629094,,,,
,,,28.33218085,0.085528316,0.004313356,2.490737068,0.047813111,0.026775342,2025,12,3871102,5.79346108,,,,
,,,20.0298645,0.166917711,0.003592818,1.620845351,0.019292525,0.010803814,2025,12,4570037,4.61142548,,,,
,,,5.351132127,0.031432776,0.003276579,0.738584743,0.005771944,0.003232288,2025,12,2983509,1.46253559,,,,
0.767805273,0.004252771,0.000171883,9.143222184,0.06288958,0.002843425,0.841362638,0.01871267,0.010222939,2025,12,4808839,2.22139803,,,,
5.556248604,0.057707385,0.002940572,6.186828823,0.036281485,0.003531668,0.905189377,0.019351182,0.009667172,2025,12,2576336,2.66335289,,,,
,,,14.55540655,0.091818978,0.004215977,1.430201929,0.01191634,0.006673151,2025,12,4240472,3.4320565,,,,
,,,34.44527549,0.176902707,0.007645462,2.488708869,0.047774177,0.026753539,2025,12,4431492,6.95769651,,,,
,,,20.91537953,0.177006404,0.011197334,1.304434639,0.026088693,0.014609668,2025,12,3043116,4.45187635,,,,
19.35505792,0.145162134,0.013160646,7.338211104,0.046247341,0.002358213,1.193913871,0.052794507,0.025350476,2025,12,4429299,5.02878795,,,,
,,,13.10643473,0.099777576,0.012674915,1.06865642,0.014360027,0.008041615,2025,12,3128390,2.98761115,,,,
2.242583812,0.019114895,0.000695745,3.205688994,0.016173851,0.00146194,0.456270884,0.008552018,0.004340934,2025,12,4911851,1.2798864,,,,
1.050302452,0.006044481,0.000170032,23.55170846,0.136572607,0.00477864,2.161025859,0.045898814,0.025419071,2025,12,2973405,5.54208408,,,,
,,,31.2099912,0.112039287,0.010552354,2.458650212,0.04719716,0.026430409,2025,12,4241476,6.22137694,,,,
,,,32.70361363,0.24092659,0.012285163,2.905562559,0.055776255,0.031234703,2025,12,4690070,7.58505438,,,,
,,,7.839202927,0.086487644,0.006467255,0.880878902,0.012278928,0.0068762,2025,12,4372780,2.18323117,,,,
,,,8.609196198,0.076658867,0.002304104,0.89587154,0.01066334,0.00597147,2025,12,4372096,2.20969103,,,,
,,,11.41048755,0.079191094,0.001704548,0.893651603,0.017154867,0.009606726,2025,12,4569382,2.52638547,,,,
,,,16.47334971,0.136757938,0.006973467,1.732450185,0.033256755,0.018623783,2025,12,4257188,4.55246866,,,,
1.296567095,0.009256373,0.000875018,,,,,0.004284812,0.001971013,2025,12,5097554,0.32184536,,,,
,,,4.418779525,0.033997053,0.002378924,0.499497188,0.007385247,0.004135738,2025,12,3921690,1.14203883,,,,
,,,15.14750241,0.152883483,0.003290739,1.444660479,0.01719544,0.009629446,2025,12,4426553,3.8644884,,,,
,,,13.66528855,0.096839054,0.0043297,1.207142847,0.014528727,0.008136087,2025,12,3043275,3.14747665,,,,
,,,39.53409705,0.13434781,0.006775416,2.972957906,0.057314659,0.032096209,2025,12,3047876,7.68332489,,,,
,,,10.73830336,0.074466994,0.004267449,1.299270031,0.01542902,0.008640251,2025,12,4361516,2.81156413,,,,
4.743408487,0.05322387,0.002031413,19.48554083,0.129626986,0.006735818,1.599470801,0.047366228,0.024858868,2025,12,4431487,5.149358,,,,
,,,9.123001919,0.064587925,0.002396099,0.850807283,0.010126951,0.005671092,2025,12,4241374,2.14435264,,,,
4.958501172,0.027804346,0.00241554,1.980693385,0.016335315,0.0012215,0.199717975,0.01959653,0.00939779,2025,12,4708486,1.1474711,,,,
,,,6.472392579,0.051960729,0.00541643,0.698003823,0.008308169,0.004652574,2025,12,4426496,1.65875477,,,,
0.931915604,0.006846311,0.000270292,3.51997001,0.018888031,0.00056771,0.520243442,0.006779309,0.003582554,2025,12,4383396,1.11452775,,,,
,,,11.59513843,0.087589509,0.005041635,1.238984977,0.016753808,0.009382132,2025,12,4426844,2.91579708,,,,
,,,17.34061779,0.123938914,0.002667722,1.254303395,0.024078072,0.013483721,2025,12,4386544,3.77286694,,,,
,,,7.543671196,0.049080252,0.00282505,0.608030376,0.011671976,0.006536307,2025,12,3886809,1.70607846,,,,
,,,16.71300763,0.057861361,0.005449638,1.352508409,0.023332148,0.013066003,2025,12,4372414,3.35636261,,,,
,,,12.71110011,0.063374006,0.003631748,0.91856316,0.017633079,0.009874524,2025,12,4692590,2.59184673,,,,
,,,31.32426307,0.164158843,0.014838173,2.619947171,0.040234781,0.022531477,2025,12,3134353,6.72300193,,,,
5.939258491,0.063549251,0.002425505,1.784483425,0.008142917,0.000423131,0.224727744,0.014447658,0.006840181,2025,12,4249836,1.41965345,,,,
2.339033655,0.018255927,0.000763836,4.066174465,0.036421181,0.001672322,0.509568268,0.009819329,0.004962115,2025,12,4242214,1.47335901,,,,
,,,5.012653132,0.040625636,0.002569957,0.464859569,0.00553311,0.003098541,2025,12,4040612,1.20896733,,,,
,,,23.48862831,0.124253719,0.004697966,1.655000431,0.031770001,0.017791201,2025,12,4573697,4.75011121,,,,
0.920320248,0.00418879,0.000169297,7.271962366,0.028954453,0.001309117,0.689219865,0.015792081,0.008587409,2025,12,4613104,1.71593536,,,,
,,,10.02982575,0.07338846,0.006912049,1.014166572,0.012071376,0.006759971,2025,12,4573699,2.45810266,,,,
3.486359299,0.032492134,0.001240138,12.05515012,0.072838902,0.003784934,0.879399069,0.027989399,0.014563251,2025,12,4259305,3.0978832,,,,
,,,6.043804933,0.051903498,0.003881169,0.667772993,0.007948338,0.00445107,2025,12,4683243,1.58264467,,,,
3.626991779,0.035170146,0.001792151,2.047520435,0.011810774,0.00114967,0.282175305,0.008591676,0.004153538,2025,12,4429676,1.12931541,,,,
7.483010233,0.052629058,0.000996498,,,,,0.014949002,0.006876541,2025,12,4429835,1.08631419,,,,
,,,11.55732218,0.087176784,0.008485857,0.956682352,0.014424627,0.008077791,2025,12,2998565,2.63667241,,,,
,,,0.769040178,0.003066198,0.000214555,0.138056969,0.00148723,0.000832849,2025,12,4012556,0.23216083,,,,
,,,1.106569066,0.01028121,0.000515864,0.080193052,0.001539416,0.000862073,2025,12,4696882,0.25188542,,,,
,,,2.205006258,0.021217976,0.000742411,0.218412281,0.002599708,0.001455836,2025,12,3120303,0.56486231,,,,
,,,14.88198397,0.078507065,0.009972886,1.76042887,0.020953954,0.011734214,2025,12,4361372,3.7167002,,,,
,,,2.052141062,0.011750995,0.000592625,0.235401657,0.002801928,0.00156908,2025,12,4035020,0.50924262,,,,
,,,7.30883524,0.059206163,0.001779535,0.654173605,0.013083472,0.007326744,2025,12,4426485,1.72954529,,,,
,,,8.619417233,0.0483402,0.006140738,0.772954811,0.014837927,0.008309239,2025,12,4429105,1.92099253,,,,
,,,7.979920968,0.089099605,0.004470614,0.729575829,0.008683962,0.004863019,2025,12,4241263,2.06160995,,,,
,,,16.2680501,0.07733335,0.003900068,1.58822919,0.031764584,0.017788167,2025,12,3061612,3.81357352,,,,
,,,18.8482419,0.159099516,0.007982892,1.322894157,0.025394766,0.014221069,2025,12,4241424,4.15051109,,,,
,,,1.094358526,0.010372375,0.000520439,0.083539415,0.001603654,0.000898046,2025,12,4690143,0.32076347,,,,
,,,8.488686295,0.074307671,0.003861256,0.838178348,0.009976632,0.005586914,2025,12,4379401,2.12970509,,,,
,,,26.56115458,0.16355412,0.009414143,2.055029312,0.039449104,0.022091498,2025,12,4428811,5.66815878,,,,
,,,6.932478314,0.046395916,0.002410875,0.562057131,0.010789457,0.006042096,2025,12,4689334,1.52670302,,,,
,,,15.87881094,0.14089339,0.005327103,1.311667873,0.017542175,0.009823618,2025,12,3843945,3.73637948,,,,
,,,8.653151461,0.079936277,0.004153736,0.839145541,0.009988144,0.005593361,2025,12,4360086,2.1814625,,,,
,,,6.046276881,0.051851711,0.002643987,0.840941513,0.010720331,0.006003386,2025,12,3127310,1.75024387,,,,
,,,2.313985556,0.010209703,0.000748337,0.225702163,0.002149182,0.001203542,2025,12,4045305,0.51750529,,,,
,,,6.034575682,0.026936947,0.002434807,0.608550604,0.005794743,0.003245056,2025,12,3052096,1.37216236,,,,
,,,5.188361593,0.030924388,0.000859418,0.310481898,0.005960125,0.00333767,2025,12,4241983,1.01006508,,,,
,,,2.223091266,0.020318631,0.000610709,0.230696988,0.00274593,0.001537721,2025,12,4360967,0.57313648,,,,
,,,3.418152168,0.025038428,0.001723309,0.398459207,0.003319934,0.001859163,2025,12,3052897,0.89032088,,,,
,,,1.515466625,0.011455406,0.0014552,0.231210128,0.002062457,0.001154976,2025,12,3125107,0.45214409,,,,
2.20633119,0.02648831,0.001487478,2.372835925,0.020056501,0.000866811,0.234740462,0.006569649,0.003245563,2025,12,4241961,0.97031689,,,,
,,,8.006551871,0.049468432,0.003699083,0.735876031,0.014126149,0.007910643,2025,12,4360763,1.82529189,,,,
1.474725852,0.013143605,0.000669754,3.05442313,0.013403139,0.001304672,0.211364472,0.008481132,0.004307064,2025,12,4061956,0.84492018,,,,
,,,1.772211327,0.010349693,0.00046794,0.187397237,0.003597347,0.002014514,2025,12,4877203,0.50005506,,,,
,,,22.89456137,0.06320334,0.001561656,2.017824758,0.038734911,0.02169155,2025,12,4057082,4.64726115,,,,
,,,10.57290364,0.034349917,0.000848733,0.96805681,0.018583177,0.010406579,2025,12,3916204,2.21282178,,,,
,,,2.308201567,0.018094846,0.000684156,0.216226502,0.002573691,0.001441267,2025,12,4034862,0.55416931,,,,
1.079077856,0.006992399,0.00092895,,,,,0.002014217,0.00092654,2025,12,3115349,0.14992016,,,,
,,,4.042864054,0.030884755,0.002791646,0.396328504,0.004717401,0.002641745,2025,12,4244049,0.98634804,,,,
,,,8.376409703,0.028118016,0.002541563,0.686647813,0.013181146,0.007381442,2025,12,4244856,1.68366512,,,,
73.95870572,0.703035376,0.018002417,34.09486231,0.222423105,0.006798129,4.654270734,0.118738353,0.057394525,2025,13,4429795,20.95032247,,,,
84.41182955,0.540219483,0.035007137,46.99988529,0.309194778,0.020720678,5.177728975,0.205726496,0.098714725,2025,13,3117251,23.33484221,,,,
1.078349421,0.007446007,0.000568171,99.15328197,0.623967574,0.03124185,7.783631293,0.122474302,0.068287604,2025,13,4362628,21.52555475,,,,
5.184287418,0.043467227,0.001093486,90.78983451,0.471146634,0.008404108,7.676289912,0.124854623,0.068779381,2025,13,4426515,20.2461157,,,,
78.14626677,0.529116422,0.020861106,39.79715929,0.240393943,0.014465715,4.382603698,0.187950287,0.090277729,2025,13,4430807,20.68906868,,,,
,,,75.03835777,0.429596979,0.024005702,7.271295804,0.05772051,0.032323485,2025,13,4361307,17.33760189,,,,
1.568669012,0.011940923,0.000305768,87.33202004,0.654885052,0.020015875,7.904064586,0.112387678,0.06257501,2025,13,4374302,20.71355261,,,,
0.644630817,0.00512665,0.000174773,94.34889477,0.540657692,0.014685212,7.269249144,0.089447765,0.049946556,2025,13,4241389,19.97549861,,,,
3.768158375,0.022982862,0.000390574,107.2594351,0.590843816,0.013448366,7.246061091,0.140478346,0.077502637,2025,13,4430878,21.90816111,,,,
96.50666441,0.900988259,0.048394475,19.60262364,0.097039102,0.008505707,2.75451193,0.188925539,0.089169631,2025,13,4242335,20.294052,,,,
92.17482775,0.725925344,0.03165134,17.16604,0.088640527,0.007863047,2.184452278,0.192054057,0.090249808,2025,13,4379399,17.90953344,,,,
78.91555483,0.467504853,0.01190159,26.44963259,0.179898756,0.006265817,3.407692466,0.13944084,0.066493043,2025,13,3929630,17.73566559,,,,
97.52389653,0.582332044,0.019762635,41.16614665,0.318433893,0.010817703,5.204104659,0.172890899,0.083061328,2025,13,4429160,24.37730862,,,,
34.22128361,0.732215021,0.031925578,,,,,0.515128335,0.245493991,2025,13,3918298,20.74778095,242.168677,1.285157132,0.1140026,0.854750758
36.16809469,0.741599264,0.018879398,,,,,0.56413315,0.268677973,2025,13,4040715,23.38710175,247.3620642,1.609532663,0.056059512,0.319659198
99.06530076,1.059900176,0.034818894,19.53329915,0.107576828,0.005504276,1.928659067,0.211564618,0.099244078,2025,13,3043078,20.68112527,,,,
63.8579873,0.195724688,0.025110468,29.78562032,0.128593315,0.009278973,4.286787949,0.180986875,0.087277646,2025,13,4890973,15.49605632,,,,
,,,69.97435184,0.18253352,0.014566005,5.92943281,0.067563469,0.037835543,2025,13,4262921,13.97731204,,,,
,,,87.78913638,0.598770843,0.016263667,6.786953962,0.135739079,0.076013884,2025,13,4426354,19.04257422,,,,
65.83700106,0.543885481,0.013682285,14.62414578,0.112127585,0.002000083,2.105970214,0.173206571,0.081819866,2025,13,4430737,13.9604603,,,,
40.77705047,0.307558147,0.009694519,,,,,0.582709721,0.277879648,2025,13,4431452,22.36544108,262.7623239,1.879334287,0.082141363,0.614357711
,,,78.37199814,0.463335525,0.0467957,5.82078923,0.089633152,0.050194565,2025,13,4258173,16.43356846,,,,
58.74607056,0.421458231,0.032159564,26.71792455,0.118955317,0.005956053,3.956527231,0.165918654,0.080064258,2025,13,4362238,15.66589075,,,,
,,,79.46683846,0.525055723,0.018287524,5.744122392,0.09424816,0.052778969,2025,13,4047646,16.77464769,,,,
68.99903737,1.027494255,0.03209746,26.42393048,0.093776935,0.005175955,3.156834683,0.203915381,0.096792699,2025,13,4047365,19.31310204,,,,
49.92884223,0.299147274,0.028104547,18.83256257,0.104493779,0.011291322,2.520079909,0.12109897,0.058014347,2025,13,4596448,11.78402775,,,,
0.317330561,0.008058146,0.000432824,56.84868902,0.381793101,0.033465067,5.22527619,0.050889426,0.02838475,2025,13,4431459,13.29335591,,,,
1.82163878,0.018633438,0.000477141,59.95765623,0.319814629,0.009774799,3.675920113,0.061194568,0.033860176,2025,13,4426388,11.83893554,,,,
75.19780547,0.624565037,0.019686871,20.16084884,0.126892094,0.00554616,2.672982502,0.120188624,0.057388131,2025,13,4432710,16.71175921,,,,
5.858396852,0.044031683,0.00144649,68.14589431,0.296928659,0.015192652,4.746486484,0.084775007,0.046153003,2025,13,4429615,14.13588793,,,,
70.82845849,0.49525265,0.018451858,21.1285685,0.094681539,0.006896259,2.471263023,0.127905081,0.060715693,2025,13,4239996,15.1392137,,,,
,,,73.24472117,0.723347422,0.012902756,4.870149887,0.068537874,0.03838121,2025,13,16800,16.48556163,,,,
48.77968266,0.396949686,0.017538255,18.73680469,0.063570407,0.003905179,1.964112137,0.132496666,0.062831493,2025,13,4259545,11.39960331,,,,
68.59866295,0.27736569,0.03060764,23.04969666,0.128279797,0.011285534,3.65150181,0.145409001,0.069629119,2025,13,4038815,15.1985788,,,,
,,,60.40694076,0.376826667,0.011768179,4.945208699,0.067927961,0.038039658,2025,13,4612826,13.19611382,,,,
,,,62.69419753,0.471613974,0.034769558,4.667714224,0.0803918,0.045019408,2025,13,3128429,13.74844212,,,,
70.33018763,0.606593292,0.020679375,14.63576131,0.084837023,0.002304322,2.593297649,0.176204023,0.083340621,2025,13,4361579,15.12241059,,,,
2.429284419,0.041705893,0.001049177,,,,,0.457865617,0.21934116,2025,13,12483,18.87439604,275.1368616,2.118638482,0.037791351,0.374927444
11.9775988,0.159027062,0.005421392,,,,,0.506099181,0.242087616,2025,13,2577417,19.377776,283.9547719,1.904627218,0.051733019,0.697179797
0.842883492,0.001976104,0.000102418,74.41190541,0.323700849,0.012515854,6.455029458,0.085777978,0.047862472,2025,13,4361370,15.86634367,,,,
81.88093589,0.326038402,0.053772324,25.06010812,0.155832143,0.018585056,2.72955801,0.213545874,0.101048919,2025,13,4427366,16.2631426,,,,
,,,51.48340301,0.316994866,0.01818277,4.653091193,0.042948339,0.02405107,2025,13,15847,11.69279809,,,,
,,,52.2187295,0.219544748,0.013211114,4.883609465,0.040689885,0.022786336,2025,13,4360248,11.40467446,,,,
,,,64.54055117,0.420379717,0.014280964,5.309736876,0.063606068,0.035619398,2025,13,4372016,14.24507343,,,,
74.3707701,0.50302357,0.021,12.3553587,0.058388002,0.002482809,1.824854999,0.12901972,0.060748049,2025,13,4569987,13.79481483,,,,
,,,62.04057457,0.287501636,0.025293222,5.353876522,0.082219997,0.046043198,2025,13,4685472,13.24361584,,,,
,,,70.17519259,0.423278768,0.014742665,5.860700867,0.069211873,0.038758649,2025,13,4241478,15.37169077,,,,
,,,62.37956097,0.37120896,0.016224687,5.156490913,0.066271124,0.03711183,2025,13,2976212,13.58167848,,,,
71.19925319,0.565755294,0.009614532,13.76997314,0.061363384,0.00139671,1.692794524,0.097982047,0.045941907,2025,13,4567048,13.88515389,,,,
9.819769071,0.12664643,0.009663814,,,,,0.466513961,0.223373786,2025,13,3915511,17.87166789,264.5810222,1.781966676,0.089222481,0.672310102
43.86471973,0.246846033,0.008109165,,,,,0.530240869,0.252542206,2025,13,3916387,21.3334193,247.6435283,1.727809295,0.088405091,0.526515641
63.5100454,0.413747356,0.036602959,21.851754,0.130325951,0.00960823,2.812533948,0.114084012,0.054485731,2025,13,4568490,14.61998423,,,,
,,,38.64217095,0.337353851,0.009163123,5.156212346,0.103003516,0.057681969,2025,13,4242355,10.95023286,,,,
,,,57.97950118,0.36505765,0.024464327,4.880042439,0.053654361,0.030046442,2025,13,3040151,12.85859023,,,,
,,,58.99274295,0.295535277,0.025904365,5.678526288,0.078164073,0.043771881,2025,13,4035687,13.31734121,,,,
,,,67.21100397,0.490757949,0.053030007,4.339446324,0.066641295,0.037319125,2025,13,4567750,14.03827418,,,,
4.671801593,0.047642919,0.003285436,49.32105936,0.270069476,0.02548909,4.300034942,0.102133866,0.055149478,2025,13,3126486,11.5555395,,,,
,,,44.58987574,0.302908893,0.010550221,4.556182042,0.056432792,0.031602363,2025,13,3121023,10.79200669,,,,
22.3025486,0.22283324,0.019713373,,,,,0.363057162,0.173469145,2025,13,4426338,20.27014524,271.7250981,1.80525492,0.133091722,0.677702283
,,,55.85361056,0.245059394,0.023128645,3.960625331,0.059971807,0.033584212,2025,13,3121422,10.99701562,,,,
38.85025046,0.444592845,0.0114,14.9519979,0.054249027,0.001658065,2.225367707,0.094111851,0.045081779,2025,13,4035538,10.53708035,,,,
,,,56.90550533,0.219031751,0.012239404,4.569981216,0.071717164,0.040161612,2025,13,4360761,11.52077384,,,,
,,,61.25863602,0.288738777,0.021030683,4.016791329,0.053975469,0.030226263,2025,13,4432773,11.85811843,,,,
25.34727359,0.123664808,0.005151489,,,,,0.38645153,0.184492577,2025,13,4038941,18.20216319,239.2633217,1.741869756,0.054398046,0.686439414
,,,69.30411424,0.381663932,0.021327223,4.490585052,0.078317732,0.04385793,2025,13,4432708,13.66798865,,,,
1.442042678,0.012487518,0.00039156,64.88328951,0.184087807,0.009633594,6.164186976,0.087734538,0.048804151,2025,13,4569587,13.90093015,,,,
,,,56.18930309,0.281645169,0.018874442,3.864271099,0.073594795,0.041213085,2025,13,3886598,11.13033914,,,,
,,,45.11681181,0.259947333,0.018933619,4.207149275,0.066657553,0.037328229,2025,13,3916433,10.24348323,,,,
,,,47.555366,0.454730864,0.019875236,3.764989202,0.03605633,0.020191545,2025,13,3046439,11.24923237,,,,
17.16694681,0.104828569,0.009848525,,,,,0.534601847,0.255680248,2025,13,3052587,15.47796402,218.036859,1.426500789,0.154143905,0.562951979
24.44425392,0.223961625,0.009895199,,,,,0.551221196,0.263253391,2025,13,4431611,17.39903735,250.5537574,1.244310382,0.076438936,0.524645554
2.176997518,0.033560209,0.000859366,,,,,0.451104803,0.216184334,2025,13,3046779,15.9733037,254.8337381,1.712991882,0.052355802,0.588508012
5.500606152,0.074830645,0.003459347,75.11201621,0.586546125,0.033644183,6.123482643,0.140778397,0.077005028,2025,13,4428331,18.0769165,,,,
52.76737888,0.290842188,0.009119672,21.74183406,0.08651499,0.004527461,2.886924788,0.135181352,0.064694303,2025,13,4360516,12.50346481,,,,
12.45256387,0.104502906,0.006771965,,,,,0.381987,0.1826089,2025,13,4361741,14.65695549,238.9823311,1.308211895,0.087669779,0.920602423
3.676872052,0.034093025,0.001506317,44.77670272,0.234553563,0.014408804,3.156655884,0.063704095,0.034463179,2025,13,3915416,9.57847677,,,,
38.62896504,0.299998855,0.012549089,25.92079197,0.124891886,0.005310726,4.1662631,0.139727359,0.069158846,2025,13,4371733,13.13318611,,,,
52.08487812,0.128275443,0.012317105,23.99601148,0.131239979,0.010472828,3.470696218,0.171661206,0.082795748,2025,13,3042519,12.52039608,,,,
,,,73.36658545,0.410028315,0.025188352,3.738922947,0.072525759,0.040614425,2025,13,4431299,13.50681324,,,,
34.25783226,0.597526397,0.018736089,,,,,0.522223141,0.249124682,2025,13,4689114,18.83782626,220.3353787,1.169040867,0.061177682,0.669036073
43.5052554,0.287612557,0.00619,14.78566042,0.048267619,0.000968422,2.541126225,0.132301488,0.063162643,2025,13,3916148,10.27698242,,,,
5.437382229,0.108132228,0.003552263,42.87685834,0.471382024,0.024118733,3.707976647,0.06152573,0.032980428,2025,13,3116365,12.00749335,,,,
1.642991541,0.014356545,0.000531,40.37049659,0.148652663,0.00585446,4.243226274,0.045664548,0.025046179,2025,13,5083076,9.3865149,,,,
,,,61.87388042,0.511003867,0.021729207,4.095129936,0.072478979,0.040588228,2025,13,4047650,13.31273714,,,,
51.13703035,0.544641161,0.017167596,12.95913414,0.078197669,0.00341784,1.628673862,0.164266097,0.078060014,2025,13,4569173,11.74766917,,,,
53.45709892,0.427527,0.055901162,15.21445118,0.087424192,0.008829619,1.809689709,0.072153917,0.033997948,2025,13,4429059,11.82991954,,,,
,,,50.80424067,0.3752076,0.011717616,4.747960969,0.08292578,0.046438437,2025,13,15818,12.01237899,,,,
1.70588238,0.008505361,0.001091194,65.30881468,0.249913158,0.01803311,6.327483746,0.055883186,0.03097828,2025,13,4432665,14.55723261,,,,
3.120647018,0.031484442,0.001455495,50.15691027,0.332583283,0.019076919,3.452513096,0.052543579,0.028809347,2025,13,4683062,10.94950731,,,,
,,,59.64638696,0.199391499,0.017687448,4.963490322,0.086370764,0.048367628,2025,13,4373678,12.11644778,,,,
,,,40.97241153,0.168420051,0.013439763,3.446725264,0.04631523,0.025936529,2025,13,4429205,8.53071719,,,,
21.32665054,0.448041014,0.016692872,,,,,0.499240469,0.238417664,2025,13,4360310,16.53097553,228.5990679,1.149307843,0.083711407,0.884151465
12.71372233,0.099082295,0.00309519,,,,,0.50360212,0.240851163,2025,13,4036378,15.72152026,249.7603337,1.30760506,0.072172383,0.523666075
84.21105444,0.444169847,0.016438594,7.3336984,0.032900332,0.00129573,1.168037336,0.100058157,0.046547713,2025,13,4685702,13.12994692,,,,
,,,61.87531921,0.392522675,0.021665026,3.731176229,0.058617474,0.032825786,2025,13,4248528,12.25307068,,,,
,,,36.68798432,0.202844871,0.021918881,3.315439354,0.03522622,0.019726683,2025,13,3116165,8.20662141,,,,
15.05730079,0.134690754,0.008006492,,,,,0.630420072,0.301649945,2025,13,2578570,17.22518303,278.109446,1.353852957,0.075652743,0.604559911
37.67991161,0.347018153,0.015332152,9.045860074,0.039420794,0.002421649,1.089097566,0.046720708,0.021977278,2025,13,4608686,8.07309746,,,,
41.98234687,0.508696729,0.00864487,4.673592349,0.017061597,0.000388344,0.622972252,0.053934798,0.025087861,2025,13,4426385,8.41242884,,,,
24.27959062,0.094352309,0.010411892,9.210466706,0.050646989,0.004455716,1.727194383,0.054841081,0.02641554,2025,13,4241416,6.0192293,,,,
,,,52.39214853,0.306163902,0.016898511,3.888764268,0.069667488,0.039013793,2025,13,4361432,10.97360022,,,,
,,,37.50816899,0.165904623,0.006414682,3.958477796,0.051634267,0.02891519,2025,13,3929645,8.66108342,,,,
,,,45.92685696,0.383629325,0.011980624,3.15905528,0.049317188,0.027617625,2025,13,4429025,10.02354492,,,,
,,,27.98127385,0.041386751,0.003302624,3.621801538,0.036624903,0.020509946,2025,13,4036133,6.63480079,,,,
,,,39.17644005,0.196647699,0.019860913,3.806739933,0.029576692,0.016562947,2025,13,3117256,8.91164606,,,,
27.93469288,0.349179659,0.016142233,,,,,0.429587344,0.205252301,2025,13,3139477,21.66455916,266.8365464,1.878908858,0.107773882,0.6308765
3.193683501,0.019930423,0.001763183,59.78188942,0.443519434,0.032698299,3.889151458,0.078229028,0.042906534,2025,13,4431280,12.95258179,,,,
,,,45.02558087,0.219760014,0.008654915,3.309571862,0.054850685,0.030716384,2025,13,4241463,9.08801309,,,,
39.54421507,0.562964217,0.026025283,6.957778261,0.050343508,0.002887695,1.011485218,0.090229398,0.042383524,2025,13,3059915,9.31697181,,,,
18.4277189,0.08183788,0.010700687,,,,,0.40842313,0.195309636,2025,13,4432577,17.18261934,260.6629776,1.482560436,0.149734803,0.724496191
5.779867269,0.041772878,0.000709895,34.25887402,0.217388628,0.004948045,2.161681657,0.062895917,0.033255485,2025,13,4032473,7.88078275,,,,
47.05995975,0.328652713,0.015193292,11.2916438,0.067453193,0.003869103,1.561740543,0.083683304,0.039617916,2025,13,4361529,9.73463329,,,,
,,,43.63295674,0.35676829,0.011141762,4.164333917,0.049567047,0.027757546,2025,13,4595342,10.63631576,,,,
,,,33.61396061,0.18947225,0.011639425,2.90145413,0.034535298,0.019339767,2025,13,4723086,7.38519501,,,,
22.83445907,0.189707172,0.017822773,10.01763959,0.066026221,0.007134619,1.520451606,0.051501599,0.024830657,2025,13,4697815,6.3416773,,,,
25.41182504,0.160297264,0.009528633,20.672982,0.082439194,0.004606668,2.8410007,0.055737153,0.027417595,2025,13,4240657,8.88080556,,,,
39.6318542,0.16118131,0.015476751,2.653397756,0.007034044,0.00056131,0.492893572,0.113441549,0.052751542,2025,13,4360569,5.66027793,,,,
0.918176133,0.004617496,0.000299222,41.79317634,0.156243126,0.010470628,2.890618169,0.046720281,0.025930479,2025,13,4428209,8.09783189,,,,
,,,51.43498917,0.265982287,0.023313976,3.104648327,0.048419265,0.027114788,2025,13,4360078,9.83771734,,,,
59.64361308,0.470862666,0.019614667,13.9363962,0.081789539,0.002554262,1.966897377,0.184497257,0.08686674,2025,13,4430968,12.51628791,,,,
6.180759815,0.067478444,0.001146739,,,,,0.482434025,0.230859491,2025,13,3912547,15.16578737,247.6522843,1.563608662,0.035589746,0.82107964
27.71255979,0.192317349,0.013262125,5.784995535,0.030656505,0.002893353,0.82943872,0.108737351,0.051063463,2025,13,4575131,5.45008941,,,,
,,,40.97138138,0.252549879,0.00574836,2.841416654,0.04587826,0.025691826,2025,13,2977187,8.41517913,,,,
,,,38.99788537,0.203206069,0.017811492,3.840645121,0.058045347,0.032505395,2025,13,4688813,8.93664698,,,,
,,,52.43312372,0.263311867,0.015844802,3.605899423,0.052869513,0.029606927,2025,13,4040655,10.40295675,,,,
,,,21.23074517,0.143348638,0.005645569,2.196119266,0.025382165,0.014214012,2025,13,3123076,5.16282072,,,,
1.437419581,0.012228218,0.000540274,40.87581232,0.162887071,0.010006277,3.045268346,0.063199643,0.034917645,2025,13,4685278,8.28020908,,,,
,,,36.07798881,0.259307878,0.013569975,3.68396891,0.035079504,0.019644522,2025,13,4429148,8.83638996,,,,
34.85182351,0.261264558,0.006572516,5.62824439,0.026999155,0.000481599,0.786716339,0.041321978,0.019358996,2025,13,4429096,6.59574974,,,,
1.378633016,0.034485324,0.000586049,29.01633046,0.285510868,0.006498595,2.730970559,0.051323999,0.0277481,2025,13,4576297,7.65047315,,,,
,,,22.36512223,0.109859891,0.009745356,1.73696702,0.032019284,0.017930799,2025,13,4635008,4.6171137,,,,
3.602803736,0.009896624,0.001269686,52.32617781,0.147697866,0.010657509,3.960513461,0.060871116,0.033322637,2025,13,4428718,10.45779567,,,,
16.66707872,0.365850014,0.019650777,,,,,0.600732313,0.287176931,2025,13,3917792,17.22202789,242.3105923,1.374401535,0.120469542,0.775768339
,,,35.48420816,0.163258388,0.012036162,3.581309809,0.046217159,0.025881609,2025,13,3051876,8.08280806,,,,
20.72871174,0.151108537,0.01975815,9.525486518,0.033178169,0.00335091,1.253083702,0.038563353,0.018478551,2025,13,3128720,5.39450478,,,,
20.61744588,0.196578912,0.006140846,8.923298947,0.037055486,0.002045253,1.216115323,0.058526449,0.028023594,2025,13,4887558,5.59631897,,,,
,,,33.5390219,0.268780758,0.025367461,3.755237684,0.039481618,0.022109706,2025,13,15835,8.72938393,,,,
,,,45.53901401,0.24851429,0.029638635,2.761924799,0.053018931,0.029690601,2025,13,4597500,8.80820601,,,,
41.44717672,0.349827812,0.024123981,2.804973443,0.011880338,0.001121263,0.421469767,0.075767515,0.035125332,2025,13,4362619,6.99917151,,,,
,,,38.02768658,0.198401585,0.014450851,3.802162649,0.047068291,0.026358243,2025,13,4430539,8.77276803,,,,
,,,48.93129933,0.300050741,0.030304356,3.894426142,0.074758846,0.041864954,2025,13,4877706,10.56671333,,,,
40.95530534,0.085585965,0.004435788,23.78221519,0.108026431,0.004176829,3.480477281,0.109360874,0.053410682,2025,13,4682652,11.08595972,,,,
30.05366427,0.255462781,0.008010313,6.109671656,0.025154677,0.001316382,1.008456826,0.065521679,0.030925571,2025,13,4040761,6.26702541,,,,
4.814264456,0.043014221,0.001602601,39.14600067,0.182447282,0.013288797,3.13205093,0.078582847,0.042412212,2025,13,4432620,9.04335934,,,,
24.00587976,0.172336091,0.003710062,24.01124718,0.114307522,0.00229342,3.417618743,0.060958145,0.030195996,2025,13,4428557,9.89241609,,,,
35.72702134,0.41260066,0.01626732,6.687902231,0.026139199,0.001572927,1.047923921,0.04480421,0.021077325,2025,13,4373626,7.91656328,,,,
13.85232987,0.057748864,0.002137268,12.84568519,0.077683421,0.003059444,1.849730908,0.036850628,0.018271297,2025,13,5081397,5.41287375,,,,
42.68121224,0.284772035,0.014759292,6.031686804,0.037397619,0.001445974,0.76606571,0.142301864,0.066469459,2025,13,2468609,7.60342532,2.482980254,0.011657888,0.000417333,0.008480631
,,,29.34684776,0.302430719,0.005394627,3.07474318,0.033928657,0.019000048,2025,13,4242557,7.79769543,,,,
47.59101026,0.415981995,0.024727432,20.05318729,0.075946478,0.004243858,2.540585767,0.107943682,0.051629412,2025,13,4427728,12.22841465,,,,
,,,18.34358733,0.203582964,0.006916035,1.82113649,0.015173579,0.008497204,2025,13,2576925,4.87423147,,,,
,,,35.53246447,0.186189807,0.020119178,3.419538612,0.043216637,0.024201317,2025,13,4243331,8.08289962,,,,
,,,38.58571794,0.281712882,0.01231302,2.589126286,0.039761461,0.022266418,2025,13,4429022,8.11911858,,,,
7.386574682,0.053110861,0.002221652,,,,,0.406882267,0.194910385,2025,13,8439,14.26955753,223.6749782,1.516893882,0.064502253,0.778353402
15.8929691,0.057201463,0.002964663,,,,,0.39872201,0.190611118,2025,13,4360689,13.48105586,227.4065327,1.067700752,0.041315938,0.768176555
4.624767703,0.045530526,0.000980184,40.435967,0.281244856,0.005642784,3.565771132,0.085585717,0.046214416,2025,13,4431268,10.12849699,,,,
,,,40.70287233,0.189578511,0.009920931,3.02220352,0.06044407,0.033848679,2025,13,3916945,8.18370232,,,,
,,,20.22585973,0.146957348,0.008429448,1.619235317,0.030889435,0.017298083,2025,13,4241372,4.50664411,,,,
30.94357601,0.148552603,0.00962646,5.40984108,0.026953682,0.0018063,0.668066391,0.061010515,0.028577731,2025,13,4241474,5.37153025,,,,
37.61538613,0.317397877,0.01182544,5.369972396,0.026648479,0.001940978,0.690707947,0.063707281,0.029798253,2025,13,4882093,7.06111315,,,,
21.00988035,0.045690776,0.002368082,7.108761007,0.036305928,0.001403764,1.065805709,0.045836648,0.021959028,2025,13,4569682,4.3344877,,,,
36.75800202,0.305235773,0.028676554,4.954627356,0.021371305,0.002309327,0.690282086,0.09897598,0.04631302,2025,13,4430871,6.83546785,,,,
,,,35.50182025,0.297020931,0.015197373,2.636916273,0.033956581,0.019015685,2025,13,4361050,7.96248126,,,,
,,,26.1027133,0.151471597,0.013325854,2.678392467,0.047586288,0.026648322,2025,13,4430034,6.17210244,,,,
9.580734855,0.071949523,0.001831668,0.85044721,0.003844475,0.000133902,0.117163393,0.027777951,0.012935374,2025,13,4429013,1.63817389,,,,
12.40608375,0.066268461,0.007312805,,,,,0.551867718,0.264167954,2025,13,4685720,10.55648953,181.5621002,0.949525366,0.083535371,0.905127762
31.9851176,0.218291159,0.015053268,,,,,0.556969594,0.265558011,2025,13,2576980,14.84445061,203.8451437,1.086824709,0.102574246,0.941875848
4.845381541,0.037647656,0.003536955,24.70582654,0.193235042,0.020880468,2.05088647,0.054771617,0.029131901,2025,13,4608810,6.38332051,,,,
3.588943746,0.025302018,0.001058395,,,,,0.006692315,0.003078465,2025,13,4819231,0.50684274,,,,
11.62021717,0.059245779,0.002192669,,,,,0.468362878,0.224040925,2025,13,4432762,10.78892616,190.734707,0.966799762,0.038075941,0.934986465
1.488212143,0.008225745,0.001356642,40.32542416,0.21328526,0.025437105,3.531739494,0.075622614,0.041849882,2025,13,4567096,9.01405488,,,,
7.019288133,0.046301175,0.001571326,30.14570766,0.202745382,0.006887581,2.8945993,0.082099052,0.043554762,2025,13,4569603,8.22825698,,,,
,,,23.06117718,0.086770356,0.007633702,2.393527369,0.045947038,0.025730341,2025,13,4695883,5.18528595,,,,
3.559531531,0.020460812,0.00069438,,,,,0.008564823,0.003939819,2025,13,4682745,0.47245335,,,,
,,,23.59332164,0.146694098,0.006237813,2.485699292,0.039431417,0.022081593,2025,13,3054212,5.69454648,,,,
,,,33.4411305,0.202544408,0.008612712,2.615978584,0.052319572,0.02929896,2025,13,4243389,7.15386599,,,,
5.20294133,0.027035678,0.000917511,,,,,0.500445669,0.239609462,2025,13,4241479,12.62068899,203.9250607,1.525943742,0.051838722,0.981045076
6.265867342,0.036509706,0.003229902,25.19966264,0.158122162,0.011657495,1.907005386,0.05840794,0.030681663,2025,13,4686472,6.28528661,,,,
3.565519557,0.012173701,0.000450545,3.916183865,0.017397505,0.000685174,0.683345936,0.010437346,0.005272929,2025,13,4372019,1.60094449,,,,
,,,35.24335968,0.205415426,0.024498522,3.733055008,0.04443364,0.024882838,2025,13,4808766,8.4902909,,,,
,,,31.15820322,0.184633374,0.018647497,2.564728001,0.044756651,0.025063724,2025,13,3895856,6.77669811,,,,
,,,35.41827041,0.241360647,0.012349459,2.122097337,0.032373955,0.018129415,2025,13,4360939,7.10138035,,,,
,,,40.62884225,0.236507455,0.004745191,3.12331738,0.059956357,0.03357556,2025,13,4883647,8.5491696,,,,
2.491718743,0.057214543,0.002255758,,,,,0.517948326,0.248240987,2025,13,14880,12.35233171,227.6135152,1.125837179,0.067747298,0.752610441
,,,32.83482499,0.185376041,0.007300754,2.841282111,0.051869443,0.029046888,2025,13,4369863,7.19489659,,,,
,,,28.29990921,0.09364727,0.001878901,2.835129754,0.032608577,0.018260803,2025,13,4360635,6.19509849,,,,
19.88692572,0.128499711,0.00980523,8.922009277,0.045385765,0.00227245,1.193774664,0.050905896,0.02449069,2025,13,3116389,5.13440796,,,,
14.19674986,0.019491531,0.002500663,,,,,0.500696735,0.239565762,2025,13,15864,11.20324404,233.4599474,0.755512026,0.054515862,1.170963829
24.70790181,0.219770687,0.00745837,3.040100871,0.019483439,0.000661883,0.44292417,0.048506852,0.022629232,2025,13,4711533,4.62550924,,,,
12.49926416,0.111943957,0.002409937,,,,,0.648262959,0.310149105,2025,13,4688380,13.3112271,216.7557613,1.194975257,0.023975503,0.755033604
5.407769901,0.042172652,0.001329321,23.20413715,0.161915723,0.007076962,1.766297393,0.050464286,0.026746166,2025,13,4427095,5.81667058,,,,
,,,1.22990522,0.005120062,0.000343121,0.101186931,0.001921845,0.001076233,2025,13,3045523,0.25348236,,,,
1.174343661,0.008936661,0.000681916,39.03794403,0.288312352,0.014435704,3.180498504,0.051824266,0.028723484,2025,13,4368003,8.95937762,,,,
,,,21.69144439,0.143913702,0.006119583,2.338185791,0.0330757,0.018522392,2025,13,4361411,5.34688282,,,,
,,,34.42459732,0.24101091,0.01053403,2.456825511,0.033013492,0.018487556,2025,13,2991662,7.33031365,,,,
35.87553374,0.091963781,0.015167251,,,,,0.562135004,0.268007869,2025,13,14163,15.85013306,218.3270265,1.227883769,0.146441474,0.867920426
,,,8.924884792,0.028987094,0.002313143,1.308551771,0.021483269,0.01203063,2025,13,16460,2.35609484,,,,
,,,34.71550137,0.188616526,0.007292835,3.263307022,0.05011492,0.028064355,2025,13,4569559,7.82633927,,,,
,,,25.09963599,0.203492335,0.00621953,2.132550009,0.04093722,0.022924843,2025,13,5123663,5.83113699,,,,
4.16768169,0.038414954,0.001674945,1.671843049,0.008688199,0.000770705,0.227434732,0.010364273,0.004950932,2025,13,4429501,1.37007332,,,,
,,,28.37310294,0.291720704,0.014606359,2.977223306,0.028979689,0.016228626,2025,13,3116164,7.56238129,,,,
,,,10.7723088,0.069678995,0.001892604,0.974478171,0.018706444,0.010475609,2025,13,5083754,2.45311081,,,,
,,,15.27699966,0.056955641,0.003143628,1.594176255,0.020406879,0.011427852,2025,13,4428085,3.44758042,,,,
3.427360564,0.023456198,0.002203683,20.09475021,0.161581816,0.017460104,1.893239739,0.042887672,0.023072323,2025,13,2976592,5.34999583,,,,
19.36484826,0.091384533,0.015071718,14.25029158,0.06223533,0.007422391,1.809440926,0.043167626,0.021148364,2025,13,4695404,6.09650558,,,,
,,,9.196821137,0.064177264,0.00280504,0.567052177,0.010885344,0.006095792,2025,13,4613202,1.86550377,,,,
,,,26.79671812,0.213451484,0.018934668,2.368721191,0.019736016,0.011052169,2025,13,3930086,6.34538771,,,,
,,,17.28938705,0.137203501,0.007020154,1.190907559,0.0201571,0.011287976,2025,13,15795,3.73506383,,,,
9.95106409,0.073477189,0.005066957,10.33241766,0.036876076,0.003480355,1.469949647,0.032964471,0.016327881,2025,13,3127586,4.14572627,,,,
,,,1.714566451,0.006836418,0.000377331,0.242730336,0.001732176,0.000970019,2025,13,3149687,0.45406583,,,,
3.567828524,0.024025622,0.000611637,2.561688527,0.011563583,0.000402756,0.361225585,0.007793478,0.003842778,2025,13,4431545,1.24876542,,,,
,,,11.58357738,0.086825276,0.002711526,1.04709502,0.020100424,0.011256237,2025,13,4686612,2.70984539,,,,
,,,13.61463561,0.111120486,0.001982119,1.111498427,0.021336735,0.011948572,2025,13,4710855,3.1203154,,,,
2.887148815,0.02549686,0.000803685,,,,,0.004501269,0.002070584,2025,13,4427600,0.43928104,,,,
4.327982181,0.043299646,0.002573883,25.52229111,0.110783574,0.00619054,2.480244553,0.065250067,0.03497552,2025,13,4037235,6.44302022,,,,
4.118758042,0.034561379,0.001597739,12.40409947,0.080563677,0.004621118,1.494739189,0.021499425,0.011223083,2025,13,4596602,3.84377119,,,,
,,,15.31379598,0.110304486,0.006327046,1.412634053,0.025744822,0.0144171,2025,13,3120348,3.59033846,,,,
,,,9.267078172,0.026972825,0.001946292,0.917797612,0.017618383,0.009866294,2025,13,4603186,1.99096738,,,,
,,,33.26796808,0.240975388,0.017765817,2.453788053,0.047103824,0.026378141,2025,13,4600981,7.21045454,,,,
3.182607669,0.016570363,0.0005649,17.16900153,0.121033202,0.003287474,1.393486735,0.039780014,0.02108578,2025,13,3676833,4.45645434,,,,
,,,19.58103145,0.127639383,0.006390862,2.343185146,0.025635908,0.014356109,2025,13,4036131,5.0518721,,,,
,,,39.23183033,0.162832982,0.008987457,2.723508523,0.05447017,0.030503295,2025,13,4428850,7.58209777,,,,
1.426637843,0.011094599,0.000490188,8.506500067,0.029625769,0.001819934,0.817306514,0.021286172,0.011426252,2025,13,3917914,2.03727245,,,,
,,,20.19339124,0.084113393,0.00671217,1.804187433,0.033092714,0.01853192,2025,13,4382466,4.30544342,,,,
,,,38.53628546,0.349211638,0.018274775,3.94121473,0.078824295,0.044141605,2025,13,4242540,9.84046144,,,,
20.43621803,0.135990768,0.004467447,15.75956402,0.07907415,0.004045908,1.717235037,0.050971096,0.025034149,2025,13,4596334,6.66435817,,,,
,,,28.23450808,0.051071084,0.003685162,2.922026308,0.044830374,0.025105009,2025,13,2577327,6.01024593,,,,
6.680103304,0.053049846,0.002313046,12.21513956,0.069574405,0.006171746,1.287720332,0.02926185,0.014771172,2025,13,3915411,3.90119136,,,,
1.162465216,0.008702046,0.001137833,7.59268624,0.044217455,0.00446585,0.687217667,0.017248116,0.009253342,2025,13,4586312,1.99863138,,,,
14.70728596,0.10480018,0.003572743,1.985198174,0.01160736,0.000315276,0.294317711,0.0292985,0.013687342,2025,13,4240603,2.64318672,,,,
,,,14.48409387,0.119049262,0.006828645,0.891445518,0.013690015,0.007666408,2025,13,4362921,3.13001998,,,,
,,,19.87765087,0.175097243,0.007445588,1.973242969,0.023487028,0.013152736,2025,13,4430802,5.00079522,,,,
35.89913866,0.177056054,0.015663606,3.758734989,0.018503416,0.001364157,0.576800532,0.056920481,0.026611445,2025,13,4722893,5.69827735,,,,
,,,17.85826441,0.094328842,0.005794693,1.712966465,0.018318692,0.010258467,2025,13,4258595,4.05632201,,,,
,,,9.220587396,0.030194646,0.001167472,0.755136014,0.014495871,0.008117687,2025,13,4372758,1.844845,,,,
,,,12.16678848,0.124323657,0.004223471,0.987076338,0.01547367,0.008665255,2025,13,3929785,2.94122216,,,,
,,,22.80696008,0.118484358,0.010510407,1.892085647,0.027566807,0.015437412,2025,13,16731,4.87455979,,,,
,,,17.48796502,0.03853799,0.002780805,1.368761987,0.026275262,0.014714147,2025,13,4432775,3.32561575,,,,
,,,25.47768318,0.202001137,0.00405287,2.863177304,0.034079698,0.019084631,2025,13,4686728,6.59378892,,,,
6.270078395,0.018219137,0.002337421,8.39409777,0.037481202,0.00270455,1.333952125,0.028455127,0.01451492,2025,13,2576414,3.18088145,,,,
,,,8.933727833,0.042698046,0.004029831,0.647414493,0.010514787,0.005888281,2025,13,2576581,1.79353645,,,,
1.261857035,0.009515242,0.001244163,17.56534773,0.095607045,0.009656066,1.505908367,0.026371205,0.014443392,2025,13,4686422,4.01297224,,,,
,,,18.68167056,0.112969268,0.009938576,2.550163373,0.033076843,0.018523032,2025,13,4431588,5.07985313,,,,
,,,15.15009519,0.123709034,0.002815777,1.271341687,0.015132469,0.008474183,2025,13,4678006,3.5176882,,,,
,,,12.28380045,0.060494754,0.00570948,1.041363299,0.019990395,0.011194621,2025,13,4602667,2.8157851,,,,
1.627663202,0.008623439,0.001422232,20.45801048,0.089515047,0.01067586,1.597747406,0.035458357,0.019377939,2025,13,4569371,4.56581864,,,,
,,,29.87411976,0.164497073,0.003300403,2.3575435,0.031679395,0.017740461,2025,13,3930066,6.3038918,,,,
,,,37.8601017,0.280917552,0.02491939,2.245109298,0.041984929,0.02351156,2025,13,4243537,7.72055044,,,,
,,,7.449836022,0.050415313,0.001540891,0.648219233,0.012443456,0.006968336,2025,13,3126997,1.68516862,,,,
,,,14.18224409,0.100692823,0.003507099,1.133268648,0.015228251,0.008527821,2025,13,4361409,3.17899148,,,,
0.630182907,0.003914802,0.000253686,8.940989835,0.046493301,0.003115747,1.090038042,0.010414027,0.005704672,2025,13,16002,2.34520826,,,,
,,,34.51200234,0.156590169,0.00942282,2.863334429,0.054965628,0.030780752,2025,13,3871102,7.21281181,,,,
,,,8.279701394,0.066572781,0.001187496,0.704249144,0.008382505,0.004694203,2025,13,4570037,1.92486396,,,,
,,,3.792980163,0.018999752,0.001918926,0.513673144,0.004014289,0.002248002,2025,13,2983509,1.00641772,,,,
1.701991562,0.007572187,0.00028,15.73366205,0.09785641,0.003853926,1.31281095,0.030502855,0.016551434,2025,13,4808839,3.66491688,,,,
9.985868251,0.04244743,0.004075834,,,,,0.544708745,0.260721041,2025,13,4573398,9.19320707,200.6627873,0.67386607,0.053773885,1.195348733
6.643748161,0.054354724,0.002919537,4.730700758,0.035671483,0.00312669,0.78644658,0.019738365,0.009744841,2025,13,2576336,2.50080696,,,,
2.477528426,0.01424987,0.001260642,11.07000682,0.050618358,0.003731819,1.308537326,0.01619237,0.008615741,2025,13,4362748,3.12205932,,,,
,,,14.1785231,0.092708208,0.003149444,1.307022362,0.015557167,0.008712014,2025,13,4367209,3.27040978,,,,
,,,18.88062006,0.111107532,0.00472458,1.49887496,0.028772959,0.016112857,2025,13,4431492,4.0315676,,,,
,,,14.95504344,0.089113031,0.005971907,1.002748345,0.020054967,0.011230781,2025,13,3043116,3.02294233,,,,
,,,20.48361149,0.153893195,0.018353811,1.56490079,0.02102829,0.011775843,2025,13,3128390,4.55033205,,,,
,,,1.836195078,0.013580498,0.001281724,0.188398805,0.002242465,0.00125578,2025,13,4690923,0.45361241,,,,
3.724275079,0.027906521,0.001039726,3.436379959,0.017477874,0.001273025,0.470765192,0.011309624,0.005622362,2025,13,4911851,1.51610812,,,,
,,,28.24930063,0.106023695,0.009405058,2.040952578,0.039178881,0.021940174,2025,13,4241476,5.47798658,,,,
,,,30.83544934,0.203928379,0.010210626,2.465889769,0.047336133,0.026508234,2025,13,4690070,6.74165776,,,,
,,,6.962689282,0.062928966,0.005536234,0.872451001,0.012161448,0.006810411,2025,13,4372780,1.94406637,,,,
,,,3.442581997,0.019115833,0.000596981,0.495937833,0.004423899,0.002477384,2025,13,4373684,0.95124722,,,,
,,,9.683719175,0.078300428,0.002126777,1.030921897,0.012270811,0.006871654,2025,13,4372096,2.45993063,,,,
,,,22.52321141,0.142244152,0.002537289,1.854623452,0.035602038,0.019937142,2025,13,4569382,4.95403285,,,,
,,,5.292335493,0.034349126,0.001719849,0.446539383,0.008571935,0.004800284,2025,13,4257188,1.48807784,,,,
1.69112506,0.012369088,0.001162062,,,,,0.005134014,0.002361646,2025,13,5097554,0.35201131,,,,
,,,5.686768404,0.030718561,0.002451313,0.668931879,0.009844677,0.005513019,2025,13,3921690,1.41605647,,,,
,,,2.323037645,0.016435324,0.000572437,0.198541014,0.003811267,0.002134309,2025,13,4715355,0.52643378,,,,
,,,17.08551959,0.162649548,0.002901272,1.728728884,0.020576637,0.011522916,2025,13,4426553,4.39647784,,,,
,,,14.2961404,0.099487921,0.004348387,1.388434764,0.016617193,0.009305628,2025,13,3043275,3.40550045,,,,
,,,9.596244194,0.044777732,0.002694502,0.752893093,0.014514774,0.008128273,2025,13,3047876,1.97069976,,,,
,,,10.11818574,0.062351003,0.003262923,1.244466022,0.014778215,0.0082758,2025,13,4361516,2.62075486,,,,
,,,6.76310737,0.045854319,0.001597091,0.668957192,0.007962434,0.004458963,2025,13,4241374,1.6148801,,,,
2.723286163,0.010655336,0.001175829,3.567761534,0.019343012,0.001701719,0.394032058,0.016439329,0.00831849,2025,13,4708486,1.19267883,,,,
,,,2.165251073,0.012834362,0.000671642,0.191832348,0.003682485,0.002062191,2025,13,4424106,0.58132629,,,,
,,,9.33408501,0.058466483,0.005904965,0.965951718,0.011497487,0.006438593,2025,13,4426496,2.24939546,,,,
0.901723425,0.007244279,0.000246965,3.992134083,0.019141682,0.000519922,0.594351712,0.007426636,0.00394643,2025,13,4383396,1.23589034,,,,
,,,3.656728508,0.018013944,0.000921701,0.42347909,0.003777548,0.002115427,2025,13,4690013,0.94084976,,,,
,,,16.14808377,0.056517562,0.005334113,1.124851806,0.017274457,0.009673696,2025,13,4567156,3.07054239,,,,
25.01581536,0.179404974,0.00747345,5.063662876,0.024787896,0.000774118,0.740539419,0.052982408,0.024900373,2025,13,4035222,4.94173685,,,,
,,,10.61300827,0.054391048,0.003039349,1.069680881,0.014464443,0.008100088,2025,13,4426844,2.44758812,,,,
,,,1.260653384,0.004959521,0.000332362,0.08559739,0.001711948,0.000958691,2025,13,4430191,0.35796697,,,,
1.178058003,0.009387179,0.000318573,3.044762559,0.012397574,0.000421165,0.44146358,0.009225778,0.004791245,2025,13,3917668,0.98659474,,,,
,,,4.433265189,0.028418973,0.002069935,0.352609245,0.005415054,0.00303243,2025,13,3134353,0.96466741,,,,
5.843092716,0.042615259,0.000917424,,,,,0.013934863,0.006410037,2025,13,4367567,0.8293834,,,,
,,,4.224032224,0.023431575,0.001570266,0.415818842,0.00494939,0.002771658,2025,13,4040612,0.97653953,,,,
,,,10.22684828,0.093933145,0.006925185,0.982775585,0.011494658,0.006437009,2025,13,3911853,2.57033924,,,,
,,,2.302475483,0.017795565,0.00055575,0.209460521,0.00418921,0.002345958,2025,13,4362477,0.72645225,,,,
0.87944809,0.001995882,0.000103443,20.92588224,0.071862224,0.002778544,1.853039472,0.038125138,0.021094727,2025,13,4573697,4.46968673,,,,
3.883127141,0.014468589,0.000535478,9.58208913,0.033927711,0.001336191,0.838672447,0.026702768,0.01389322,2025,13,4613104,2.47871197,,,,
,,,9.205181177,0.028419769,0.002267871,1.045045702,0.020061084,0.011234207,2025,13,4565185,2.13395691,,,,
,,,13.39106471,0.090125521,0.007994776,1.248170751,0.014856671,0.008319736,2025,13,4573699,3.12777283,,,,
6.272456025,0.046105485,0.00144027,9.757799795,0.042956407,0.00237095,0.728684204,0.03412872,0.01709802,2025,13,4259305,2.93408219,,,,
,,,5.381314238,0.037979394,0.003341272,0.656439573,0.007813439,0.004375526,2025,13,4683243,1.42058525,,,,
,,,2.436326291,0.012022186,0.001053773,0.206332582,0.003960837,0.002218069,2025,13,4429684,0.62883861,,,,
,,,7.052268555,0.064163022,0.00562404,0.613923484,0.009209869,0.005157527,2025,13,2998565,1.7053045,,,,
,,,2.536369213,0.018257467,0.000934162,0.165811955,0.003182988,0.001782473,2025,13,4696882,0.52738106,,,,
,,,12.84064991,0.110976928,0.003391893,1.41168602,0.016802953,0.009409654,2025,13,3120303,3.35002046,,,,
,,,11.53385276,0.06335887,0.007556388,1.286437048,0.015312145,0.008574801,2025,13,4361372,2.81834312,,,,
,,,7.007258085,0.0502113,0.00473893,0.717979476,0.012990857,0.00727488,2025,13,4048228,1.71524438,,,,
,,,7.973955359,0.052751367,0.003174316,0.879136818,0.01046415,0.005859924,2025,13,4035020,1.98794534,,,,
,,,4.068366843,0.023922808,0.00101726,0.425603928,0.00653604,0.003660183,2025,13,4035656,0.97086441,,,,
,,,7.559425588,0.067305772,0.002286484,0.802297017,0.009549545,0.005347745,2025,13,4365395,1.95620369,,,,
1.534100364,0.008084391,0.001333329,2.178074048,0.012957022,0.001545297,0.189582671,0.008426705,0.004240214,2025,13,4429105,0.68454801,,,,
,,,6.925337083,0.060991144,0.003120673,0.572299859,0.006811945,0.003814689,2025,13,4241263,1.6295724,,,,
,,,11.12076731,0.066049627,0.003974539,1.044830625,0.020896612,0.011702103,2025,13,3061612,2.69373948,,,,
,,,2.177394268,0.012970673,0.001546925,0.196825247,0.003022664,0.001692692,2025,13,2310331,0.49217698,,,,
,,,8.629922525,0.06097238,0.00336533,0.875962087,0.010426362,0.005838763,2025,13,4379401,2.10011715,,,,
,,,16.79194644,0.08133043,0.004488978,1.361071031,0.026127623,0.014631469,2025,13,4689334,3.50865327,,,,
1.219829635,0.007286613,0.000644624,8.389828158,0.034384703,0.002534999,1.064186221,0.01175276,0.006355553,2025,13,3929914,2.26913824,,,,
,,,12.03567329,0.091076375,0.003521457,1.190388163,0.015920186,0.008915304,2025,13,3843945,2.93004605,,,,
,,,8.742571352,0.066201804,0.003653964,0.876930607,0.01043789,0.005845219,2025,13,4360086,2.14429146,,,,
,,,4.395042988,0.033517512,0.001678211,0.537976784,0.006830588,0.003825129,2025,13,3127310,1.17447292,,,,
,,,13.1070797,0.096735495,0.002956619,1.42607547,0.016974227,0.009505567,2025,13,3049698,3.30454671,,,,
,,,18.17266178,0.058125045,0.004194158,1.904776098,0.018137667,0.010157093,2025,13,4045305,4.05934548,,,,
,,,10.68174677,0.052546,0.00382726,1.048187941,0.00998106,0.005589393,2025,13,3052096,2.42837775,,,,
,,,2.552602624,0.015181456,0.000345549,0.157868849,0.003030509,0.001697085,2025,13,4241983,0.53325767,,,,
,,,4.936446696,0.043246142,0.001174641,0.535202794,0.006370388,0.003567417,2025,13,4360967,1.28370676,,,,
,,,3.773267069,0.020423371,0.001254623,0.405608978,0.003379505,0.001892523,2025,13,3052897,0.90428951,,,,
,,,9.739467234,0.064583136,0.002193991,0.89100185,0.009466808,0.005301412,2025,13,4036335,2.24648275,,,,
,,,3.255959937,0.022863535,0.002726781,0.451032704,0.004023334,0.002253067,2025,13,3125107,0.91486354,,,,
,,,2.214366509,0.018989008,0.001664431,0.210047748,0.002500147,0.001400082,2025,13,4722908,0.54601314,,,,
2.374983025,0.032443735,0.001357136,1.972412801,0.019330335,0.000821976,0.217366674,0.006832415,0.003349892,2025,13,4241961,0.96058972,,,,
,,,3.504036153,0.01163435,0.001023543,0.395837886,0.007598651,0.004255244,2025,13,4360763,0.8097846,,,,
,,,1.861740718,0.009897027,0.000389779,0.180974642,0.003474056,0.001945471,2025,13,4877203,0.49452865,,,,
,,,2.27290015,0.014190565,0.000710517,0.276790054,0.003319084,0.001858687,2025,13,3050481,0.58701472,,,,
,,,9.406945847,0.06811311,0.003906956,0.968887966,0.009225949,0.005166531,2025,13,2975674,2.31598566,,,,
,,,2.200908133,0.010309089,0.000206837,0.193109407,0.003707,0.00207592,2025,13,4057082,0.47141439,,,,
1.125565157,0.019454161,0.000767006,,,,,0.003245325,0.00149285,2025,13,4034948,0.22791559,,,,
,,,13.24233226,0.054502326,0.001093513,1.151346975,0.022101683,0.012376942,2025,13,3916204,2.7806105,,,,
,,,22.86987547,0.101056259,0.006081064,1.986670439,0.038136861,0.021356642,2025,13,4363551,4.85045238,,,,
,,,4.149131293,0.026273419,0.001015859,0.476642288,0.005673356,0.00317708,2025,13,4034862,1.04502349,,,,
,,,4.48302372,0.01711954,0.001235303,0.476900444,0.005676429,0.0031788,2025,13,5155825,1.02418306,,,,
,,,2.163632672,0.019123764,0.000597229,0.223514626,0.00266044,0.001489846,2025,13,4242558,0.55290544,,,,
91.93681504,0.767593101,0.018703799,35.75157226,0.229536632,0.006130265,4.261803955,0.127483324,0.061165312,2025,14,4429795,22.94412459,,,,
1.140327545,0.00715317,0.000564948,87.20791934,0.575240973,0.026933616,6.827156203,0.106057588,0.05910516,2025,14,4362628,19.09593456,,,,
3.459291893,0.029225779,0.000599009,97.58605118,0.455933538,0.007213932,7.996324126,0.123853573,0.068627955,2025,14,4426515,20.89345431,,,,
72.88129779,0.529249494,0.017056799,40.04882292,0.225637992,0.014536718,4.65363785,0.176654924,0.085187429,2025,14,4430807,20.37344901,,,,
,,,63.13860085,0.382691567,0.019994864,6.997956587,0.055191914,0.030907472,2025,14,4361307,15.58759886,,,,
,,,85.56816088,0.682622372,0.018230885,6.948226411,0.095613618,0.053543626,2025,14,4374302,19.53267725,,,,
,,,92.13520257,0.6020646,0.01881913,6.6933826,0.07887467,0.044169815,2025,14,4241389,19.47067109,,,,
3.596286077,0.020882559,0.000288206,105.8289358,0.44280959,0.009245066,7.324044928,0.139598756,0.077139134,2025,14,4430878,20.91719229,,,,
96.83379166,0.882489493,0.049026757,22.31645139,0.108101224,0.008958796,3.049600797,0.197777245,0.093444615,2025,14,4242335,20.84247128,,,,
118.5095958,0.830337812,0.036561596,18.57835318,0.104315246,0.00825861,2.097763267,0.248415888,0.116481743,2025,14,4379399,21.27769344,,,,
64.89310552,0.313043687,0.010642774,22.88934738,0.141598988,0.006226232,3.069328304,0.12918277,0.061521547,2025,14,3929630,14.48953256,,,,
101.1970259,0.674298393,0.019339115,34.19458797,0.267334822,0.009089444,4.372462185,0.162820128,0.077807151,2025,14,4429160,23.46696168,,,,
41.3821619,0.800772031,0.03525975,,,,,0.479395844,0.228330738,2025,14,3918298,24.01259017,251.0646824,1.675620934,0.132658454,0.783582086
32.35617507,0.539283739,0.018334422,,,,,0.593463724,0.282701027,2025,14,4040715,19.40848631,236.5700856,1.182249424,0.05198455,0.42276532
81.12324515,0.875673292,0.025426817,13.08150904,0.071365845,0.003787878,1.428206125,0.195544453,0.09135078,2025,14,3043078,16.4118042,,,,
55.72895954,0.21605369,0.024530552,33.21848604,0.133261906,0.009331093,4.944116409,0.189488624,0.091577105,2025,14,4890973,15.82432762,,,,
,,,78.0253664,0.343423368,0.026407498,5.461569813,0.062193351,0.034828276,2025,14,4262921,15.30944911,,,,
,,,89.40183424,0.643628057,0.020118307,6.209875788,0.124197516,0.069550609,2025,14,4426354,18.91623895,,,,
67.2758172,0.553910177,0.011352888,13.22051073,0.092599941,0.001465147,1.856557527,0.163864335,0.07723471,2025,14,4430737,13.66074368,,,,
0.639035303,0.005663953,0.000682042,82.02454446,0.418777702,0.042753328,6.126543447,0.093348313,0.052114582,2025,14,4258173,16.92465893,,,,
52.92159979,0.319913746,0.0253,26.85708606,0.121397524,0.005684008,4.149101641,0.138245123,0.06737485,2025,14,4362238,14.70570416,,,,
,,,79.63961593,0.415939804,0.01828924,5.910791652,0.073865602,0.041364737,2025,14,4047646,16.32619108,,,,
92.70812642,1.048767997,0.03393919,23.63005544,0.108536723,0.004786255,2.854482563,0.206731235,0.097742879,2025,14,4047365,21.3195542,,,,
76.01310285,0.479083581,0.04896738,21.85999368,0.127125634,0.012818903,2.982050349,0.181194315,0.085929162,2025,14,4596448,16.36311153,,,,
,,,60.43785001,0.462209121,0.021641301,4.492374638,0.068436235,0.038324292,2025,14,4239993,13.27785438,,,,
0.576793842,0.015707581,0.000872636,53.44038223,0.391237568,0.032423476,5.096665948,0.0675692,0.037527689,2025,14,4431459,12.9333733,,,,
4.01951533,0.040071826,0.000976423,69.37170527,0.395754281,0.010569462,3.85219217,0.068151987,0.037291618,2025,14,4426388,13.75657941,,,,
5.032456727,0.036708254,0.001065893,62.02857073,0.158969923,0.008437631,4.514931124,0.10268757,0.055870755,2025,14,4429615,12.30508047,,,,
48.05610879,0.371671974,0.017113472,19.12518733,0.079058002,0.006077426,2.292982959,0.107435071,0.051142685,2025,14,4239996,11.66242685,,,,
,,,76.04935577,0.685028498,0.010838748,5.032638382,0.051476026,0.028826574,2025,14,16800,16.7131253,,,,
44.3858973,0.386074125,0.015498591,18.32214393,0.073961338,0.004404107,2.095243203,0.114405612,0.05457384,2025,14,4259545,11.05993582,,,,
,,,58.35387065,0.31679678,0.00950098,4.599272198,0.062665225,0.035092526,2025,14,4612826,12.28591285,,,,
,,,50.43114604,0.430009395,0.031889622,4.171941644,0.055590677,0.031130779,2025,14,3128429,11.7981003,,,,
68.9892728,0.541529981,0.025835466,13.15438449,0.087032007,0.002720417,2.202376339,0.16247055,0.076630953,2025,14,4361579,14.09625386,,,,
2.60274513,0.041080279,0.000841977,,,,,0.476317015,0.228197469,2025,14,12483,18.48960805,287.2280236,1.986749139,0.031435005,0.537012332
12.01837888,0.151134631,0.007210374,,,,,0.504409256,0.24127025,2025,14,2577417,20.30805884,290.2372969,2.122563063,0.066346354,0.789111957
0.787617467,0.00239333,0.000254247,71.22037579,0.323003081,0.023174901,5.8035777,0.076959239,0.042927894,2025,14,4361370,14.919792,,,,
82.7502946,0.365716841,0.048650213,23.55844355,0.150199529,0.018153343,2.937580808,0.210548361,0.099800547,2025,14,4427366,16.60351486,,,,
,,,42.98023797,0.266524479,0.013815444,4.1992861,0.038635427,0.021635839,2025,14,15847,10.08183598,,,,
,,,49.25738714,0.141429902,0.009111615,5.04252103,0.030009947,0.01680557,2025,14,4360248,10.80224325,,,,
,,,66.11375413,0.366971756,0.012477123,5.247132516,0.06275775,0.03514434,2025,14,4372016,14.01666003,,,,
62.73220128,0.375023969,0.01546578,13.92587628,0.056645216,0.002353296,2.016779319,0.126635532,0.059786823,2025,14,4569987,12.19200869,,,,
,,,64.18636576,0.270572563,0.011897314,5.490145794,0.064688473,0.036225545,2025,14,4241478,13.48527129,,,,
61.69522216,0.442352053,0.006105015,18.59974816,0.065379322,0.001365002,2.333911238,0.082736651,0.039255756,2025,14,4567048,13.34840904,,,,
11.28299027,0.1236132,0.009762802,,,,,0.415689429,0.199025578,2025,14,3915511,18.00194047,252.5476323,1.846423109,0.086452205,0.58049717
38.26275693,0.196977187,0.005719602,,,,,0.573564214,0.273146214,2025,14,3916387,16.82932395,213.821807,1.207185051,0.064073644,0.584420709
57.62929888,0.513951632,0.039522001,16.15436336,0.111741086,0.008286751,2.346947783,0.078136696,0.03698965,2025,14,4568490,13.52382828,,,,
,,,39.34337936,0.36979204,0.011558834,4.900068494,0.094950529,0.053172296,2025,14,4242355,10.97243975,,,,
56.57720406,0.40478366,0.0132274,15.2860742,0.074384573,0.002230851,2.164005793,0.142777216,0.067725058,2025,14,4685382,12.1245774,,,,
,,,56.31829491,0.295718262,0.024507396,5.448529815,0.074945775,0.041969634,2025,14,4035687,12.8217244,,,,
,,,63.95631481,0.480013887,0.048402915,4.280057502,0.065729255,0.036808383,2025,14,4567750,13.58069537,,,,
4.970336827,0.064378164,0.004699022,45.07920467,0.283500571,0.029742704,3.95086902,0.101304999,0.054502038,2025,14,3126486,11.00565096,,,,
,,,40.02338985,0.205496636,0.009035868,4.193277296,0.051823767,0.02902131,2025,14,3121023,9.38999321,,,,
18.90477108,0.213448946,0.016413859,,,,,0.369427775,0.176458416,2025,14,4426338,17.77314255,230.2479208,1.674112467,0.124152668,0.621195576
,,,55.49201629,0.376726463,0.039523249,3.902123951,0.058956287,0.033015521,2025,14,3121422,11.72625381,,,,
42.68349814,0.468997974,0.011427987,14.95538976,0.054343748,0.001451366,1.900357165,0.10738943,0.051214048,2025,14,4035538,10.7304649,,,,
,,,72.7085857,0.272581259,0.014241822,6.085704809,0.07183607,0.040228199,2025,14,4360761,14.94197418,,,,
,,,60.39353194,0.244317474,0.018781417,3.846100432,0.051681817,0.028941818,2025,14,4432773,11.33239967,,,,
25.07137615,0.110850346,0.003622335,,,,,0.393977744,0.188208474,2025,14,4038941,16.17025761,230.1508034,1.429108151,0.042860057,0.825687328
1.302295356,0.015760425,0.000725682,49.38482329,0.260017999,0.019988363,4.579982087,0.057540366,0.031946406,2025,14,3916433,11.28241777,,,,
16.34235332,0.093468115,0.009553424,,,,,0.531436042,0.254132525,2025,14,3052587,15.42699501,211.349718,1.489635164,0.15020958,0.502939674
23.76368865,0.223537269,0.008973698,,,,,0.536294842,0.256155883,2025,14,4431611,16.7210184,230.0681018,1.284173561,0.076467492,0.504361504
3.564468657,0.036522153,0.000889929,,,,,0.428339281,0.205234417,2025,14,3046779,18.52048554,280.4763956,2.021580423,0.053990614,0.535522007
5.096288097,0.06509759,0.002942285,69.96216434,0.570198381,0.02955655,5.856345203,0.135794678,0.074178242,2025,14,4428331,17.09418946,,,,
3.863311927,0.037048417,0.001487275,56.85306436,0.35708375,0.021262935,4.366375327,0.08232723,0.044899972,2025,14,3915416,12.76067843,,,,
33.45239516,0.212407874,0.008759583,23.87105655,0.097307229,0.004042578,3.813265201,0.131903741,0.065050004,2025,14,4371733,11.41875513,,,,
54.70581544,0.170117202,0.016474453,26.13356273,0.141209655,0.010858299,2.899877975,0.183978246,0.088477656,2025,14,3042519,12.73434713,,,,
55.43021275,0.160328968,0.00343505,15.76337648,0.024847432,0.000477299,2.509592805,0.170379513,0.080951757,2025,14,3916148,10.59043131,,,,
3.295952013,0.068174243,0.001979567,32.02346406,0.334479652,0.017753144,3.122948298,0.049994171,0.02692262,2025,14,3116365,9.05775346,,,,
1.83656574,0.016390779,0.000854826,43.21286892,0.191959538,0.010454268,3.845010935,0.058159757,0.031788004,2025,14,5083076,9.56063448,,,,
,,,59.66966599,0.379381143,0.015761193,3.9977027,0.070610668,0.039541974,2025,14,4047650,12.1952606,,,,
53.02095339,0.383495036,0.046179705,13.35741286,0.070495767,0.007196965,1.631504941,0.118943153,0.055978203,2025,14,4429059,10.99122132,,,,
,,,46.20927901,0.285024277,0.008548098,4.239681242,0.072866713,0.040805359,2025,14,15818,10.50816628,,,,
0.735481027,0.004774028,0.000542039,57.23955831,0.263506789,0.018450932,5.759751001,0.035460634,0.019739737,2025,14,4432665,13.1663823,,,,
4.46906631,0.036094467,0.0016314,45.44962883,0.274328961,0.014219994,3.241228859,0.05296066,0.028717292,2025,14,4683062,10.07130515,,,,
,,,57.41954157,0.300015868,0.023752175,4.438189666,0.076856482,0.04303963,2025,14,4373678,11.99392699,,,,
,,,51.80117805,0.292117789,0.022462362,3.533730505,0.047484359,0.026591241,2025,14,4429205,10.45955129,,,,
17.50000666,0.409965268,0.018876669,,,,,0.526445575,0.2515286,2025,14,4360310,16.15807262,234.4919331,1.148529523,0.088290909,0.875356514
14.33856528,0.084940182,0.00274875,,,,,0.490258322,0.234476641,2025,14,4036378,17.65320568,241.6535949,1.810460338,0.079837726,0.45372838
93.19075865,0.504249946,0.026298085,9.62325182,0.043585756,0.002373715,1.294907049,0.10559732,0.049152313,2025,14,4685702,14.82515128,,,,
,,,55.71766619,0.471825811,0.020806587,3.419547151,0.053438085,0.029925327,2025,14,4248528,11.80544116,,,,
,,,48.38718518,0.322680158,0.032537934,4.202214204,0.044648117,0.025002945,2025,14,3116165,10.99325965,,,,
,,,46.94273851,0.264628003,0.020950527,3.689622677,0.0514958,0.028837648,2025,14,4385690,9.9572523,,,,
14.32680769,0.113617498,0.007171162,,,,,0.629546381,0.301256461,2025,14,2578570,15.30216978,254.0775331,1.19150849,0.06225392,0.647154254
47.0412114,0.455725002,0.018294662,8.640970827,0.045213081,0.002692261,1.148557263,0.055126717,0.025870562,2025,14,4608686,9.71409471,,,,
46.95415753,0.540289685,0.007456677,3.311209815,0.009543869,0.000199259,0.459208915,0.054429022,0.025242163,2025,14,4426385,8.75100852,,,,
,,,44.71739352,0.391367017,0.017258513,3.512563059,0.067761267,0.03794631,2025,14,4361432,10.35650251,,,,
,,,44.23589649,0.173540812,0.012451247,4.263250025,0.060738174,0.034013377,2025,14,3929645,9.68656229,,,,
,,,41.39057398,0.297283621,0.008915765,2.765757474,0.043049343,0.024107632,2025,14,4429025,8.65926686,,,,
,,,40.02058308,0.12775212,0.009823484,4.043320713,0.040761524,0.022826453,2025,14,4036133,8.7869598,,,,
,,,42.32426152,0.189502127,0.019346413,4.321013927,0.033409185,0.018709144,2025,14,3117256,9.69260938,,,,
25.79110767,0.253746613,0.011468856,,,,,0.413219301,0.197428606,2025,14,3139477,17.86370356,224.7768725,1.578786155,0.081837257,0.673390707
1.443443904,0.010256179,0.000788683,42.45782196,0.344624987,0.025557489,3.023085801,0.058429374,0.032239876,2025,14,4431280,9.53225398,,,,
,,,45.14024237,0.254076472,0.013837206,2.839715851,0.046971477,0.026304027,2025,14,4241463,8.85450728,,,,
37.86750079,0.453453232,0.020495209,6.932980808,0.05695241,0.00295216,1.130232172,0.093073531,0.043756078,2025,14,3059915,8.63455677,,,,
43.47151246,0.310493982,0.022663243,,,,,0.453442303,0.21558039,2025,14,4426348,18.33453479,198.2082259,1.304059955,0.136811963,0.459969419
16.73378062,0.069815996,0.008407103,,,,,0.398366327,0.19057155,2025,14,4432577,16.67449061,268.7670012,1.340216513,0.136823703,0.724574019
5.561523204,0.036991279,0.000510526,36.52654173,0.173030839,0.003612572,2.366093071,0.064938218,0.034603767,2025,14,4032473,7.96757485,,,,
42.28949525,0.250985754,0.011344071,8.872333837,0.058535286,0.003034209,1.413168471,0.082153793,0.038804951,2025,14,4361529,8.33979028,,,,
,,,39.94449093,0.284629525,0.008536259,3.662398195,0.043592629,0.024411872,2025,14,4595342,9.33402521,,,,
,,,39.616456,0.256483001,0.015272555,3.739686238,0.04451257,0.024927039,2025,14,4723086,9.22209688,,,,
14.92535563,0.130930691,0.013382493,11.21882128,0.08021303,0.0080884,1.750395034,0.041595434,0.020443242,2025,14,4697815,5.63482835,,,,
20.75923251,0.120768624,0.007622518,20.07191104,0.087271103,0.004559739,3.268749311,0.053591345,0.026686763,2025,14,4240657,8.57250902,,,,
52.89652388,0.266787065,0.025836135,5.781618374,0.017125963,0.001316899,0.762739294,0.152385732,0.071131386,2025,14,4360569,8.25009498,,,,
4.505754691,0.045301593,0.001466005,31.78820355,0.216765373,0.009558925,2.577927721,0.062995734,0.034133893,2025,14,4362249,7.73516942,,,,
,,,54.32787495,0.308210528,0.025542682,3.448443702,0.053572819,0.030000778,2025,14,4360078,10.72299417,,,,
36.51792327,0.261699996,0.008551755,6.364499865,0.036017256,0.001080185,0.928212459,0.086840285,0.04080507,2025,14,4430968,6.94270402,,,,
6.370555447,0.061810987,0.000853069,,,,,0.560661537,0.268430461,2025,14,3912547,14.27614417,262.9536179,1.280331497,0.026731013,0.952187621
20.98189927,0.144099426,0.010517951,4.402704464,0.025660716,0.002692125,0.596301567,0.072643352,0.034151429,2025,14,4575131,4.11336009,,,,
,,,43.77261985,0.195103043,0.0040734,3.151904206,0.050834044,0.028467065,2025,14,2977187,8.65234112,,,,
,,,41.48522304,0.219247738,0.018169967,4.057126712,0.061241994,0.034295517,2025,14,4688813,9.49537752,,,,
,,,46.39545587,0.208466735,0.0134,3.432717325,0.050296291,0.028165923,2025,14,4040655,9.29485748,,,,
,,,18.20357504,0.135417557,0.007374947,1.648210975,0.019011744,0.010646576,2025,14,3123076,4.27503276,,,,
2.929798981,0.026531503,0.001065083,47.02682377,0.217595277,0.012956944,3.929152807,0.084990655,0.046638249,2025,14,4685278,10.32658732,,,,
37.86815801,0.28476088,0.005836431,5.862988497,0.02539277,0.000401773,0.799432192,0.041541964,0.019465861,2025,14,4429096,7.03768827,,,,
2.115856724,0.045571134,0.000628939,35.78616553,0.278698003,0.005818712,3.466167827,0.064271757,0.034689863,2025,14,4576297,9.14719845,,,,
,,,31.62621328,0.246175886,0.019489678,2.064101372,0.0378601,0.021201656,2025,14,4635008,6.70135606,,,,
2.199308613,0.007233725,0.000821311,46.13265791,0.122957906,0.008609599,3.690840051,0.039238533,0.021592262,2025,14,4428718,9.32766581,,,,
15.07163611,0.345612395,0.019200517,,,,,0.599712254,0.286695668,2025,14,3917792,17.22559601,242.6356827,1.444824588,0.119738591,0.780147257
,,,33.22506613,0.166297952,0.012332705,3.518329417,0.04511535,0.025264596,2025,14,3051876,7.81395396,,,,
22.78179198,0.166012832,0.019990933,7.891848689,0.024481863,0.002499372,1.05362047,0.038996437,0.01855845,2025,14,3128720,5.27284842,,,,
29.35749904,0.225620942,0.007301321,6.959039156,0.037470416,0.001652371,0.950574966,0.062109698,0.029419334,2025,14,4887558,6.12148365,,,,
,,,36.03762136,0.29255841,0.030692983,3.843278339,0.040113033,0.022463298,2025,14,15835,9.21990631,,,,
,,,52.88212922,0.295417537,0.035704611,3.708375561,0.07118735,0.039864916,2025,14,4597500,10.76265109,,,,
50.61618557,0.449955585,0.032842675,4.351813577,0.021879111,0.002295388,0.60042462,0.083073007,0.038593261,2025,14,4362619,8.92351831,,,,
,,,38.86983216,0.187929131,0.014446676,3.877171772,0.047541609,0.026623301,2025,14,4430539,8.86863052,,,,
3.836987193,0.026723343,0.000864794,19.7259876,0.137023225,0.006042454,1.615944108,0.041997879,0.02242105,2025,14,4701936,4.92480339,,,,
,,,47.06047549,0.244345795,0.024945444,3.987201423,0.076539795,0.042862285,2025,14,4877706,10.12551206,,,,
54.39262064,0.143855191,0.015281968,23.33265171,0.096722185,0.006939646,3.149335492,0.139869444,0.067149237,2025,14,4682652,12.27916174,,,,
19.78352375,0.064996727,0.001392556,24.52659091,0.06779862,0.001302358,3.417246219,0.051668511,0.025907373,2025,14,4428557,8.59996685,,,,
30.93810608,0.394590044,0.012716957,6.126978693,0.022182638,0.001429116,1.061837933,0.041052744,0.019357856,2025,14,4373626,7.25964494,,,,
18.23563346,0.080153884,0.004180256,10.32281171,0.065456223,0.003564798,1.272316665,0.038892989,0.018798727,2025,14,5081397,5.03065141,,,,
16.46944706,0.11530895,0.011166724,,,,,0.759359774,0.363186529,2025,14,4433970,14.68097528,256.5087791,1.233499647,0.094849804,1.178936438
14.57379912,0.131831142,0.014004634,4.227958568,0.024508685,0.001758455,0.498281008,0.057796524,0.027273748,2025,14,2468609,3.43163046,2.631377986,0.012054489,0.000790479,0.009210997
,,,32.78281246,0.30118085,0.004765383,3.406325739,0.03726733,0.020869705,2025,14,4242557,8.46046744,,,,
43.58308318,0.350173517,0.022101798,15.66389484,0.07600982,0.00397136,2.339511289,0.152164802,0.072622158,2025,14,4427728,10.73223111,,,,
,,,28.54164669,0.293587168,0.00998203,2.737904723,0.022812027,0.012774735,2025,14,2576925,7.34860699,,,,
,,,27.40868204,0.157565216,0.015888323,2.795612788,0.035217261,0.019721666,2025,14,4243331,6.4751356,,,,
5.895225404,0.03625285,0.001495047,,,,,0.424453042,0.203337775,2025,14,8439,12.21729598,218.216072,1.136801405,0.047227826,0.783791176
16.21363942,0.073228712,0.007779203,,,,,0.477345893,0.228119543,2025,14,4360689,13.96095357,237.8677187,1.089685262,0.078257405,0.850833287
4.527162901,0.020719253,0.00044391,42.32864778,0.139117942,0.002672345,3.46918604,0.08273394,0.04471719,2025,14,4431268,9.46900294,,,,
,,,12.37523729,0.091025685,0.004718367,1.087896577,0.020707539,0.011596222,2025,14,4241372,2.85836531,,,,
27.885854,0.289723093,0.013340172,6.98899694,0.031732456,0.002439369,0.941387777,0.061100485,0.028778018,2025,14,4882093,6.40711366,,,,
,,,7.608506837,0.035894922,0.002575397,1.03694229,0.008504965,0.00476278,2025,14,4569682,2.00901214,,,,
13.72781243,0.11935092,0.012198919,1.555497805,0.007320565,0.00073818,0.22626776,0.039206265,0.018288906,2025,14,4430871,2.52371645,,,,
,,,33.52737663,0.229534694,0.012182991,2.691707471,0.040109864,0.022461524,2025,14,4361050,7.40215223,,,,
6.907334966,0.042956725,0.001460431,,,,,0.021596829,0.009934541,2025,14,4429013,0.93209563,,,,
3.095371355,0.024618893,0.00251631,23.70504789,0.196537963,0.019818198,1.973041503,0.048324345,0.026016722,2025,14,4608810,5.97393814,,,,
3.089519694,0.017971922,0.000741152,,,,,0.006634432,0.003051839,2025,14,4819231,0.41233733,,,,
11.55238244,0.060537218,0.00315719,,,,,0.452440696,0.216443299,2025,14,4432762,12.00028327,200.9078701,1.134141344,0.061766234,0.899979356
2.857766963,0.016599004,0.002208116,44.53097441,0.223063889,0.02695984,4.389958351,0.097550895,0.053653328,2025,14,4567096,10.5204131,,,,
7.00453535,0.050967214,0.001461758,31.40301832,0.190419457,0.006474305,3.00700948,0.083436675,0.044394889,2025,14,4569603,8.42322155,,,,
10.83796061,0.066513763,0.001907638,,,,,0.024527106,0.011282469,2025,14,4682745,1.46477698,,,,
1.096899364,0.013832525,0.000570446,20.96930609,0.100642675,0.004181148,2.176297477,0.038379974,0.021100287,2025,14,3054212,5.03808584,,,,
,,,32.6662858,0.134344373,0.005581267,2.508101961,0.050162039,0.028090742,2025,14,4243389,6.61364323,,,,
5.676430427,0.032066784,0.000919687,,,,,0.52812684,0.252857541,2025,14,4241479,11.91162676,200.8944219,1.398839256,0.047560851,1.04235844
5.754268015,0.036671145,0.002819948,18.91019144,0.124998563,0.00926993,1.504071929,0.051755667,0.026815751,2025,14,4686472,5.00744537,,,,
4.020548074,0.014791347,0.000771411,10.28417486,0.046145785,0.002513136,1.472877034,0.016338113,0.008531701,2025,14,4372019,3.25890921,,,,
,,,33.25079375,0.183635743,0.022194494,3.940403142,0.046901654,0.026264926,2025,14,4808766,8.36039211,,,,
,,,26.35456466,0.136967365,0.0139831,2.267247097,0.03956536,0.022156601,2025,14,3895856,5.70920475,,,,
,,,30.70443484,0.163618013,0.008684337,1.963576153,0.029955613,0.016775143,2025,14,4360939,6.0003381,,,,
,,,41.98265734,0.098609241,0.001894205,2.998492624,0.057560175,0.032233698,2025,14,4883647,7.72925282,,,,
2.187258785,0.054878112,0.001768627,,,,,0.507159485,0.243104861,2025,14,14880,10.47913994,212.7174005,0.841773367,0.054231214,0.79190703
,,,28.58376139,0.18641988,0.010152574,2.095264912,0.038250416,0.021420233,2025,14,4369863,6.05063301,,,,
,,,31.62202878,0.015275864,0.000293437,3.06596058,0.035263505,0.019747563,2025,14,4360635,6.28184039,,,,
31.55954247,0.189479871,0.014964863,8.471776335,0.044916432,0.002103052,1.15762948,0.114629141,0.054471804,2025,14,3116389,6.53626618,,,,
10.68834378,0.020635016,0.002342882,,,,,0.511383108,0.244677058,2025,14,15864,10.02313343,218.2256105,0.727907154,0.050968574,1.22046644
15.50224943,0.148694628,0.004264614,2.914337435,0.017603065,0.000598508,0.431004287,0.030091162,0.014149509,2025,14,4711533,3.25266836,,,,
12.10723845,0.048256471,0.001033895,,,,,0.655113322,0.313534545,2025,14,4688380,10.88184669,224.1434384,0.55385684,0.010639151,0.60656894
1.234260489,0.008583267,0.000677895,18.56660444,0.164799036,0.00771613,1.598006205,0.027457767,0.015084646,2025,14,4368003,4.60573127,,,,
,,,19.04235202,0.092782015,0.003854581,2.058340815,0.029117046,0.016305546,2025,14,4361411,4.49513418,,,,
37.26940795,0.153980086,0.020483508,,,,,0.535099972,0.255090634,2025,14,14163,15.90962544,208.1196233,1.154734744,0.139562992,0.754465755
,,,4.264558399,0.022209025,0.000922662,0.395288339,0.006489683,0.003634222,2025,14,16460,0.94974681,,,,
,,,41.04925153,0.218942722,0.015708754,3.709172783,0.056962123,0.031898789,2025,14,4569559,9.0968802,,,,
,,,22.14184148,0.197444332,0.005273172,1.659869065,0.031863461,0.017843538,2025,14,5123663,5.03441847,,,,
13.00688617,0.101293966,0.004460196,1.833920803,0.010409877,0.000824147,0.217368486,0.023124622,0.010810533,2025,14,4429501,2.58023718,,,,
,,,22.13047905,0.260559559,0.012199776,2.344915638,0.022794497,0.012764918,2025,14,3116164,6.12079061,,,,
,,,22.38888027,0.155463057,0.004859411,1.851049861,0.035533438,0.019898726,2025,14,5083754,4.9935736,,,,
,,,12.80002059,0.077472203,0.003416371,1.341632567,0.017103146,0.009577762,2025,14,4428085,3.07459686,,,,
1.64797682,0.011449103,0.001170219,11.31857707,0.100718115,0.010156061,1.12794882,0.024688553,0.013345676,2025,14,2976592,3.09422273,,,,
15.84074679,0.076689731,0.010201805,8.311709143,0.037228619,0.004499507,1.200892822,0.032926485,0.016003166,2025,14,4695404,4.29791481,,,,
,,,13.75788111,0.131399382,0.010402853,1.139754264,0.009496351,0.005317957,2025,14,3930086,3.31435926,,,,
,,,16.85694367,0.105585157,0.005604133,1.276203984,0.021566568,0.012077278,2025,14,15795,3.5830324,,,,
19.53669609,0.14193873,0.010360239,10.33293388,0.042280847,0.004435782,1.415533382,0.048281043,0.023320256,2025,14,3127586,5.49203737,,,,
,,,5.047422535,0.025577763,0.001127929,0.715006582,0.005102442,0.002857367,2025,14,3149687,1.36989154,,,,
1.957858123,0.010929994,0.000371595,3.159336163,0.011821864,0.000519818,0.476068273,0.006672658,0.003409155,2025,14,4431545,1.18592348,,,,
,,,18.26104172,0.108575265,0.003256256,1.749969021,0.033593053,0.01881211,2025,14,4686612,4.19730108,,,,
,,,8.3528447,0.061686455,0.000976024,0.678423314,0.013023265,0.007293028,2025,14,4710855,1.87153631,,,,
1.880677609,0.013716055,0.000619939,8.236275259,0.060004034,0.003110342,1.119236799,0.014146934,0.007505979,2025,14,4596602,2.6687392,,,,
,,,8.393485106,0.058188412,0.003016229,0.899035252,0.016384642,0.009175399,2025,14,3120348,2.07562849,,,,
,,,22.83778249,0.058781981,0.004115956,2.251297024,0.043216731,0.024201369,2025,14,4603186,4.84873633,,,,
,,,36.48874305,0.267154319,0.019812242,2.978593415,0.057178182,0.032019782,2025,14,4600981,8.20749055,,,,
6.801037574,0.028088201,0.00134004,17.54747569,0.133817453,0.00418282,1.4281968,0.05206394,0.026805806,2025,14,3676833,5.03150051,,,,
,,,11.44404058,0.079939464,0.003742882,1.400641413,0.015308074,0.008572521,2025,14,4036131,3.01542738,,,,
3.818588117,0.030798009,0.000996655,22.00946228,0.159265875,0.007023311,1.658284003,0.04460286,0.023833884,2025,14,4428850,5.35102051,,,,
,,,30.08609393,0.136790944,0.008145363,2.792231422,0.055844628,0.031272992,2025,14,3917914,6.57680722,,,,
,,,23.63374332,0.14217301,0.010932376,1.682667654,0.030863778,0.017283715,2025,14,4382466,4.88719337,,,,
11.77137507,0.082058619,0.002382726,7.92671782,0.038404194,0.002038376,1.015606472,0.032674622,0.015957454,2025,14,4596334,3.74749301,,,,
,,,24.39747878,0.04058844,0.002842031,2.638484527,0.040464309,0.022660013,2025,14,2577327,5.28319508,,,,
7.646900578,0.053142173,0.002339966,15.18685032,0.092180337,0.007297892,1.426427126,0.029515285,0.015019884,2025,14,3915411,4.59484907,,,,
1.218644036,0.008710573,0.00104891,7.805284077,0.041214219,0.00420759,0.720380089,0.017942937,0.009636619,2025,14,4586312,2.03373835,,,,
14.19085588,0.09659181,0.004608229,,,,,0.025155166,0.011571377,2025,14,4240603,1.98537615,,,,
,,,7.291918048,0.059464481,0.003082374,0.467666221,0.007181995,0.004021917,2025,14,4362921,1.64473972,,,,
,,,26.93143429,0.176090836,0.007315603,2.546726011,0.030313056,0.016975311,2025,14,4430802,6.27789304,,,,
27.54143968,0.160167936,0.01231664,3.03498736,0.017259084,0.001279939,0.536518475,0.054013145,0.025242492,2025,14,4722893,4.63685947,,,,
,,,17.14521002,0.114365912,0.00681,1.851365801,0.019747702,0.011058713,2025,14,4258595,4.24410625,,,,
,,,7.768247698,0.073244724,0.002490337,0.627494577,0.009836771,0.005508592,2025,14,3929785,1.83801098,,,,
2.598377958,0.026477029,0.001219123,19.95965723,0.119686272,0.009200643,1.441690318,0.038070946,0.020396016,2025,14,4361577,4.61797344,,,,
,,,10.88454977,0.055522561,0.002306656,0.988220848,0.015577365,0.008723325,2025,14,3051738,2.39738885,,,,
27.30840528,0.077955875,0.00828,,,,,0.05588826,0.0257086,2025,14,4569609,3.16519458,,,,
,,,21.18275115,0.148155891,0.011729462,1.642043969,0.023916828,0.013393424,2025,14,16731,4.64655651,,,,
,,,30.34341007,0.145848566,0.002801635,3.361563999,0.040011873,0.022406649,2025,14,4686728,7.23284237,,,,
4.687580956,0.017353551,0.001970307,6.188845344,0.027827859,0.001948526,1.038265212,0.02380572,0.012058949,2025,14,2576414,2.44647794,,,,
0.659731289,0.004762401,0.000573479,21.03636879,0.10336743,0.010552858,1.682578025,0.027485214,0.01522715,2025,14,4686422,4.49349139,,,,
,,,16.41578304,0.104057842,0.00217254,1.382521639,0.016455817,0.009215257,2025,14,4678006,3.63479596,,,,
,,,7.933644662,0.049204186,0.005162126,0.639322302,0.012272668,0.006872694,2025,14,4602667,1.95427436,,,,
1.609069949,0.008794584,0.001169917,17.00833979,0.072234585,0.008730382,1.431413131,0.032157881,0.017540419,2025,14,4569371,3.93100164,,,,
,,,30.8065109,0.057228151,0.001099307,2.365754647,0.031789731,0.01780225,2025,14,3930066,5.75720876,,,,
,,,29.87498239,0.278579425,0.022055057,1.699696316,0.03173336,0.017770681,2025,14,4243537,6.36807986,,,,
,,,14.03056898,0.092566823,0.00247,1.023939569,0.019655923,0.011007317,2025,14,3126997,3.1831237,,,,
,,,15.828494,0.080870178,0.003555933,1.26928406,0.017055953,0.009551334,2025,14,4361409,3.33133636,,,,
,,,29.91859756,0.101725036,0.006553631,2.662790565,0.051115914,0.028624912,2025,14,3871102,6.22220798,,,,
,,,11.52099568,0.085670749,0.001355511,0.938459969,0.011170259,0.006255345,2025,14,4570037,2.59507896,,,,
,,,3.952271512,0.017926719,0.001830152,0.539121372,0.004213163,0.002359371,2025,14,2983509,1.0409614,,,,
1.909948807,0.008834372,0.000460738,17.02107674,0.119408146,0.006503062,1.179479062,0.028370145,0.015314438,2025,14,4808839,3.82608545,,,,
3.988406877,0.033561255,0.001864498,3.194557813,0.024350043,0.002017989,0.534732192,0.012844188,0.006360614,2025,14,2576336,1.64045292,,,,
,,,14.28261098,0.083564026,0.004331588,1.449917096,0.012080606,0.006765139,2025,14,4240472,3.37501445,,,,
1.060519168,0.0073629,0.000566194,12.95763342,0.070184411,0.005204896,1.680414922,0.017406505,0.009505968,2025,14,4362748,3.60247118,,,,
,,,6.047598645,0.033699065,0.003535447,0.46957202,0.007353348,0.004117875,2025,14,3121409,1.27555582,,,,
,,,11.74373588,0.067175544,0.002283984,1.088582828,0.010365708,0.005804796,2025,14,4367209,2.65924166,,,,
,,,9.762017618,0.047223676,0.003631259,0.769693607,0.014775323,0.008274181,2025,14,4430656,2.17090851,,,,
,,,14.71754413,0.112589438,0.01360773,1.31565802,0.017679101,0.009900297,2025,14,3128390,3.47083073,,,,
6.830771381,0.028257206,0.002736478,3.996854853,0.013941575,0.001072036,0.5055788,0.017552591,0.008525182,2025,14,4257364,1.83256397,,,,
,,,1.826555892,0.015750728,0.001652446,0.18168926,0.002162603,0.001211058,2025,14,4690923,0.45978911,,,,
2.636920851,0.022835937,0.001051471,3.357087679,0.01596988,0.001227653,0.48056609,0.010466613,0.00524332,2025,14,4911851,1.3810405,,,,
,,,7.648721616,0.042617162,0.003373989,0.518819231,0.009959446,0.00557729,2025,14,4241476,1.53525056,,,,
,,,2.461590506,0.020124145,0.000942242,0.211363527,0.004057413,0.002272151,2025,14,4690070,0.57571503,,,,
,,,7.252911172,0.063524271,0.00198562,0.729392926,0.008681785,0.0048618,2025,14,4372096,1.83030651,,,,
,,,8.492835063,0.048395723,0.000765733,0.701757053,0.013471188,0.007543865,2025,14,4569382,1.82821443,,,,
1.625023824,0.012079303,0.001234632,,,,,0.005224555,0.002403295,2025,14,5097554,0.36626783,,,,
,,,8.784270459,0.058680706,0.00349,0.796956254,0.015939125,0.00892591,2025,14,4039050,2.17578046,,,,
,,,2.209114084,0.019342842,0.001434471,0.198995116,0.003979902,0.002228745,2025,14,4039057,0.53448003,,,,
,,,12.54274716,0.083915474,0.00645267,1.140873026,0.016790239,0.009402534,2025,14,3921690,2.89318426,,,,
,,,4.428461832,0.022815325,0.00100321,0.407214691,0.007817044,0.004377545,2025,14,4715355,0.98041055,,,,
,,,16.04899651,0.080418347,0.004201697,1.469392133,0.028206995,0.015795917,2025,14,4692835,3.53435743,,,,
,,,12.52529513,0.108952266,0.001723879,1.259890392,0.014996167,0.008397853,2025,14,4426553,3.15318155,,,,
,,,4.47320684,0.023236159,0.001667153,0.353445084,0.006784863,0.003799523,2025,14,3127306,1.06882387,,,,
,,,6.41507471,0.033134066,0.001456934,0.655988486,0.00780807,0.004372519,2025,14,4241374,1.49067558,,,,
2.161977289,0.034944254,0.004207917,16.95996911,0.093137528,0.00950848,1.792328539,0.03153786,0.01664078,2025,14,4426496,4.4679991,,,,
0.923273481,0.00684987,0.000326796,4.024933333,0.020454371,0.000639356,0.564369855,0.007130595,0.003783507,2025,14,4383396,1.21756967,,,,
5.937902847,0.04819221,0.001399351,7.498424882,0.034920236,0.001853458,1.005069008,0.021670339,0.010864905,2025,14,4690013,2.87373012,,,,
,,,17.94963447,0.090354683,0.00947932,1.227802083,0.018855475,0.010559066,2025,14,4567156,3.56323214,,,,
,,,16.91749255,0.088268499,0.004611851,1.940430485,0.025940369,0.014526607,2025,14,4426844,4.14264522,,,,
,,,20.83433442,0.12190835,0.001928874,1.526973706,0.029312353,0.016414917,2025,14,4386544,4.3752697,,,,
,,,30.65902064,0.118871056,0.006210773,2.50531445,0.048092944,0.026932048,2025,14,3886809,6.45525901,,,,
,,,2.13183687,0.01210991,0.000363186,0.202448714,0.002690666,0.001506773,2025,14,3915486,0.48607549,,,,
1.196065543,0.010273788,0.000294656,1.451899818,0.00547403,0.000186118,0.21475741,0.00627363,0.003152156,2025,14,3917668,0.56886369,,,,
,,,23.47816417,0.128108904,0.009848116,1.911335643,0.029352565,0.016437437,2025,14,3134353,5.01540084,,,,
,,,10.97075189,0.106580604,0.007904049,1.139906858,0.01325423,0.007422369,2025,14,3911853,2.87777883,,,,
,,,2.209136167,0.014286944,0.000428476,0.193921806,0.003878436,0.002171924,2025,14,4362477,0.67996185,,,,
4.047537283,0.011740174,0.001247178,27.04780616,0.086720356,0.006222033,2.208437773,0.054922241,0.02950363,2025,14,4573697,5.92300642,,,,
4.344723614,0.016948989,0.000883939,10.35653464,0.044392697,0.002417661,0.769452338,0.026227549,0.013541742,2025,14,4613104,2.63774893,,,,
,,,4.811107502,0.024617016,0.001892922,0.407982997,0.007831793,0.004385804,2025,14,4565185,1.04594126,,,,
,,,7.012728427,0.057143858,0.004524064,0.599665078,0.007137667,0.003997093,2025,14,4573699,1.64504341,,,,
,,,2.335115292,0.016442437,0.000725079,0.178537298,0.003427268,0.00191927,2025,14,4259305,0.65085217,,,,
,,,4.719142676,0.044219037,0.003664615,0.420879817,0.006313894,0.003535781,2025,14,2998565,1.15853277,,,,
,,,24.29371534,0.244658431,0.006534125,2.283738545,0.027182781,0.015222357,2025,14,3120303,6.1644042,,,,
,,,10.80450336,0.057986597,0.007008348,1.388664465,0.013223146,0.007404962,2025,14,4361372,2.81659036,,,,
,,,6.937709269,0.057577126,0.00604055,0.699808284,0.012495453,0.006997454,2025,14,4048228,1.73745816,,,,
,,,3.610340958,0.020113818,0.001295832,0.44198762,0.00526087,0.002946087,2025,14,4035020,0.92054271,,,,
,,,6.527197972,0.03155869,0.002426011,0.634319365,0.007550148,0.004228083,2025,14,4239944,1.47298636,,,,
,,,5.990986794,0.021876334,0.000908841,0.620460637,0.009528474,0.005335945,2025,14,4035656,1.34221451,,,,
,,,9.196766054,0.073426829,0.002496529,0.961358155,0.011442811,0.006407974,2025,14,4365395,2.31407464,,,,
,,,5.863181773,0.044957704,0.002386216,0.541606892,0.006446614,0.003610104,2025,14,4241263,1.39539392,,,,
,,,4.311183503,0.025349633,0.00134548,0.346822915,0.006657741,0.003728335,2025,14,4241424,0.92544915,,,,
,,,6.289662416,0.061823682,0.002726302,0.638871634,0.007604333,0.004258426,2025,14,4379401,1.63591672,,,,
2.077239278,0.014995559,0.001153133,3.408102045,0.015919225,0.001180574,0.494340301,0.009243148,0.004692813,2025,14,3929914,1.22388913,,,,
,,,15.11523751,0.106062893,0.007609826,1.396614622,0.018561855,0.010394639,2025,14,3843945,3.53943631,,,,
,,,10.63356631,0.106889813,0.00471363,1.057080113,0.012582166,0.007046013,2025,14,4360086,2.75744326,,,,
,,,10.62197745,0.084419355,0.003952636,1.28140465,0.01614458,0.009040965,2025,14,3127310,2.84036787,,,,
,,,1.939598292,0.017460596,0.001760665,0.201547296,0.002398968,0.001343422,2025,14,4372505,0.50116879,,,,
,,,14.3634416,0.124653804,0.003329146,1.379941173,0.016425102,0.009198057,2025,14,3049698,3.55290414,,,,
,,,12.75294233,0.038992485,0.002730281,1.396539924,0.013298138,0.007446957,2025,14,4045305,2.89670672,,,,
,,,2.712614073,0.011708988,0.000244463,0.173322668,0.003327166,0.001863213,2025,14,4241983,0.54980214,,,,
,,,4.988295731,0.046787206,0.001462459,0.504345142,0.006003097,0.003361734,2025,14,4360967,1.2802578,,,,
,,,1.81678874,0.014868049,0.001559842,0.180986783,0.002154241,0.001206375,2025,14,4361088,0.45263777,,,,
,,,3.593068523,0.02399955,0.001429079,0.437367507,0.003644115,0.002040704,2025,14,3052897,0.93954441,,,,
,,,7.566427862,0.043601863,0.001482473,0.721358677,0.007664366,0.004292045,2025,14,4036335,1.7341957,,,,
,,,3.05518593,0.022378807,0.0027,0.482951282,0.004308056,0.002412511,2025,14,3125107,0.92343169,,,,
,,,4.465714217,0.039404251,0.003265593,0.433453841,0.005159295,0.002889205,2025,14,4722908,1.11733974,,,,
2.043904711,0.023232314,0.000958088,,,,,0.004721413,0.00217185,2025,14,4241961,0.34148163,,,,
,,,18.86903096,0.085396839,0.004461813,1.557499887,0.023918676,0.013394458,2025,14,3122168,3.93954873,,,,
,,,8.159572613,0.047279291,0.002574868,0.655939196,0.012591652,0.007051325,2025,14,4877203,1.80600702,,,,
,,,4.348308554,0.032817501,0.00154,0.528191809,0.006317823,0.003537981,2025,14,3050481,1.15609851,,,,
,,,13.96733505,0.051873465,0.003341946,1.412227626,0.027109644,0.015181401,2025,14,4374187,3.09723701,,,,
1.01908759,0.018565978,0.000598349,,,,,0.003028706,0.001393205,2025,14,4034948,0.21179472,,,,
,,,2.368041425,0.014335938,0.001188078,0.209933043,0.004029952,0.002256773,2025,14,3051889,0.53072162,,,,
,,,6.770216136,0.005131026,9.85629e-05,0.577881349,0.011093224,0.006212206,2025,14,3916204,1.27375463,,,,
,,,23.39248233,0.070343781,0.004531895,2.214402772,0.042508495,0.023804757,2025,14,4363551,4.93828997,,,,
,,,2.188205287,0.013107936,0.000940471,0.231318449,0.002753327,0.001541863,2025,14,4034862,0.52765641,,,,
,,,6.407454385,0.050150716,0.003855236,0.617869377,0.007354348,0.004118435,2025,14,4244049,1.55918711,,,,
,,,2.108174767,0.0078326,0.000548444,0.232147973,0.0027632,0.001547392,2025,14,5155825,0.48803635,,,,
,,,13.34968454,0.034157189,0.002391711,1.219455507,0.012956596,0.007255694,2025,14,4036211,2.74998113,,,,
71.50750192,0.718406276,0.014724602,38.94512445,0.211187813,0.005750626,5.154394065,0.117116294,0.056851834,2025,15,4429795,21.70755802,,,,
84.29093662,0.843919514,0.057827374,54.2124553,0.390380834,0.029682287,5.453395753,0.199754012,0.096047265,2025,15,3117251,26.69773583,,,,
1.192585536,0.006862953,0.00069692,90.00195286,0.711519937,0.03438593,6.978912933,0.105015999,0.058488254,2025,15,4362628,20.3646253,,,,
3.318401086,0.035857745,0.000644135,102.6061835,0.591068268,0.008898227,8.001931266,0.119336857,0.066110436,2025,15,4426515,22.24595965,,,,
89.60603321,0.575197527,0.01905205,38.88486808,0.199660496,0.011901262,4.097184037,0.206643274,0.098828828,2025,15,4430807,21.46512527,,,,
,,,59.08976717,0.320248894,0.015259118,6.237409147,0.04982397,0.027901423,2025,15,4361307,14.04390862,,,,
0.691012523,0.005406398,0.000110811,96.57874907,0.532197987,0.014491706,8.051032162,0.107951035,0.060296544,2025,15,4374302,20.91509658,,,,
,,,81.26847664,0.512608061,0.019906794,6.030506587,0.068832363,0.038546123,2025,15,4241389,17.19754196,,,,
3.22634366,0.01902228,0.000284029,101.5855093,0.554874666,0.009575586,6.845070415,0.148894082,0.082181418,2025,15,4430878,20.62892378,,,,
90.77379139,0.587903938,0.03613502,19.07082533,0.066673272,0.006517023,2.792321754,0.200860135,0.094854775,2025,15,4242335,17.60514522,,,,
85.44016934,0.563839786,0.026985962,16.92534656,0.093306441,0.007795438,2.32988534,0.249315624,0.117520628,2025,15,4379399,16.35043584,,,,
79.11534509,0.483154592,0.015160368,20.58994679,0.149971479,0.006482695,2.744784458,0.15177038,0.071636405,2025,15,3929630,16.41809139,,,,
99.17957608,0.681901884,0.016156701,33.48184835,0.243317428,0.00827,4.345561373,0.154048518,0.07368829,2025,15,4429160,23.06856451,,,,
36.24898669,0.62014205,0.029680647,,,,,0.492461845,0.234732073,2025,15,3918298,19.7810174,231.767509,1.243950709,0.103927877,0.811004832
29.85645752,0.630480603,0.019783147,,,,,0.541048375,0.257561326,2025,15,4040715,20.1651136,225.1783035,1.425144364,0.061603554,0.486528059
90.89085431,0.84453366,0.023323,16.01278339,0.069651047,0.003516015,1.546687632,0.176511873,0.082640909,2025,15,3043078,17.61521786,,,,
60.34820301,0.160983663,0.01816738,29.64976862,0.110130035,0.006990183,3.969932938,0.163853342,0.078782181,2025,15,4890973,14.49348905,,,,
,,,75.30795147,0.434633692,0.027624082,5.54582153,0.061192831,0.034267986,2025,15,4262921,15.67274502,,,,
,,,77.0312647,0.540982774,0.021008707,5.471825184,0.109436504,0.061284442,2025,15,4426354,16.34318883,,,,
61.1387745,0.673032176,0.012090093,13.0199052,0.099195359,0.001493335,1.827492578,0.156986605,0.073987491,2025,15,4430737,13.76006363,,,,
32.28836681,0.26028864,0.00839477,,,,,0.577724347,0.275560586,2025,15,4431452,21.3521977,276.659952,1.780881823,0.066139436,0.620741718
0.881640129,0.008403323,0.000892804,75.84546018,0.537475674,0.052681091,5.350833705,0.078901455,0.043993049,2025,15,4258173,16.32006141,,,,
55.76615589,0.340908376,0.034618618,27.37382362,0.16406951,0.007929058,4.05048231,0.155672159,0.075175511,2025,15,4362238,15.33320191,,,,
,,,78.46740741,0.508653109,0.021987133,5.967783955,0.072263939,0.040467806,2025,15,4047646,16.83139,,,,
60.88516528,0.776186285,0.023951812,17.55498643,0.075739735,0.003073582,2.340064794,0.174360318,0.082299636,2025,15,4047365,15.1896896,,,,
71.22744,0.451580236,0.040873249,19.99442752,0.108753776,0.011053327,2.728357087,0.153973763,0.073063634,2025,15,4596448,15.17433579,,,,
1.023659317,0.022049964,0.001355282,44.58905598,0.236855901,0.023151638,4.445684184,0.062261231,0.034294249,2025,15,4431459,10.54246025,,,,
3.058164973,0.033726238,0.00069126,73.47492513,0.289782199,0.007890745,4.332064089,0.053514327,0.029441928,2025,15,4426388,13.88611388,,,,
48.59054105,0.43747996,0.014109503,19.11027722,0.113077208,0.004199528,2.493949295,0.095584022,0.04582838,2025,15,4432710,12.51486143,,,,
5.451785266,0.036174265,0.000999004,66.80734427,0.157446049,0.007947946,4.537852939,0.096110906,0.052362042,2025,15,4429615,12.84119559,,,,
79.43997873,0.599297752,0.026238542,14.22130758,0.090474106,0.006148508,1.770962702,0.138374891,0.064940165,2025,15,4239996,15.21427025,,,,
,,,72.1906957,0.749465831,0.01128282,4.728458203,0.046702341,0.026153311,2025,15,16800,16.41581178,,,,
55.48201854,0.414870846,0.020292435,17.5516604,0.086012801,0.005735199,1.921744509,0.126650432,0.059984025,2025,15,4259545,12.1658435,,,,
66.59260015,0.262351041,0.031817881,16.91500335,0.118618035,0.008637785,2.364276875,0.125807946,0.059583351,2025,15,4038815,12.96592031,,,,
,,,66.62240495,0.294705027,0.008588376,5.257255059,0.069668431,0.039014322,2025,15,4612826,13.62871582,,,,
,,,56.71472751,0.407684027,0.031476995,5.023890637,0.064860443,0.036321848,2025,15,3128429,13.13348784,,,,
76.05407966,0.535994673,0.029287932,11.27662039,0.079974656,0.003105763,2.017107698,0.170466597,0.080091843,2025,15,4361579,14.35509738,,,,
1.842553648,0.049796001,0.000894516,,,,,0.457900563,0.219372749,2025,15,12483,19.90122195,287.4459271,2.34191294,0.035256286,0.546457187
12.29257676,0.13009782,0.007108832,,,,,0.473833609,0.226589,2025,15,2577417,18.17575295,260.8024099,1.8634504,0.072365861,0.719120515
,,,64.77746554,0.333828025,0.025153204,5.125879699,0.06451021,0.036125717,2025,15,4361370,13.58635338,,,,
70.22754018,0.239907089,0.030027222,17.61626732,0.083458499,0.011750191,2.442560541,0.201021733,0.094853583,2025,15,4427366,13.06628648,,,,
,,,43.40565578,0.252929797,0.012644052,4.100528799,0.038243206,0.021416196,2025,15,15847,9.94213687,,,,
,,,57.65160589,0.175848539,0.010481891,5.097456766,0.031008672,0.017364856,2025,15,4360248,11.90475866,,,,
,,,67.08619496,0.310608301,0.01055821,5.379733289,0.062283571,0.0348788,2025,15,4372016,13.90500541,,,,
59.10184318,0.42593271,0.014703285,15.02285368,0.06227437,0.002535137,2.17399811,0.115827903,0.054900187,2025,15,4569987,12.44344675,,,,
,,,58.90927733,0.461212012,0.033585534,4.555594883,0.067436394,0.037764381,2025,15,4685472,13.20721899,,,,
,,,57.37618002,0.341305607,0.014753339,5.132915254,0.058593901,0.032812584,2025,15,4241478,12.88379641,,,,
,,,62.49493725,0.336570392,0.012499749,5.047556622,0.063016842,0.035289431,2025,15,2976212,13.27255534,,,,
56.38996871,0.4303081,0.006425088,18.6327313,0.084064922,0.001450726,2.220160523,0.084749477,0.040097381,2025,15,4567048,12.74646352,,,,
9.318772239,0.100501834,0.010205776,,,,,0.376011334,0.180011309,2025,15,3915511,18.76281405,250.652751,2.185594421,0.105624162,0.71104958
42.30688974,0.269549752,0.007444,,,,,0.553461483,0.263763161,2025,15,3916387,19.42204361,252.9679938,1.257095147,0.063458714,0.600981659
52.10138998,0.565017144,0.035243792,19.29915019,0.125459463,0.009686636,3.204128049,0.071114345,0.034106836,2025,15,4568490,14.53964081,,,,
,,,35.44700533,0.330097589,0.012819121,4.506799276,0.090135986,0.050476152,2025,15,4242355,9.95915328,,,,
,,,64.80928456,0.525280951,0.039939306,5.11706539,0.057045097,0.031945254,2025,15,3040151,14.76717366,,,,
51.09401775,0.364913456,0.011440862,16.87672595,0.075909628,0.002212179,2.393064702,0.142028672,0.067559188,2025,15,4685382,11.73101528,,,,
,,,56.44920506,0.102763187,0.01,6.067087154,0.080839463,0.045270099,2025,15,4035687,12.26018258,,,,
,,,56.8954202,0.406653546,0.041330745,3.835840043,0.056781875,0.03179785,2025,15,4567750,11.98586913,,,,
6.480739418,0.073652274,0.006174379,56.84626552,0.383919105,0.036648681,5.00809033,0.121442482,0.065879722,2025,15,3126486,14.04330977,,,,
,,,42.39020502,0.255997478,0.011065794,4.588615667,0.057073201,0.031960993,2025,15,3121023,10.32333664,,,,
17.55037522,0.280319489,0.0175,,,,,0.38404307,0.183615008,2025,15,4426338,17.08435934,232.216674,1.464986953,0.113110606,0.702670542
,,,63.11180444,0.426313104,0.040695586,4.50523599,0.065821808,0.036860212,2025,15,3121422,13.38370581,,,,
,,,43.52858542,0.301542356,0.030647637,3.403397254,0.044082878,0.024686412,2025,15,16737,9.57859638,,,,
27.98076322,0.337528017,0.006918043,11.99430348,0.03476015,0.000946516,1.721827425,0.079709386,0.038267713,2025,15,4035538,7.89436279,,,,
,,,67.3498523,0.223293497,0.010639418,5.460718244,0.061666148,0.034533043,2025,15,4360761,13.48930321,,,,
,,,46.1038928,0.327553224,0.02226011,2.944846931,0.038143454,0.021360334,2025,15,4432773,9.52336311,,,,
23.90948115,0.09382843,0.002941733,,,,,0.420522744,0.200885096,2025,15,4038941,15.70411437,245.9469077,1.213250305,0.035356877,0.813304439
1.966061878,0.020478962,0.000729626,67.73105729,0.31908509,0.020451054,5.688733831,0.078208297,0.043399959,2025,15,4569587,14.6534555,,,,
,,,62.28136562,0.470626958,0.035783735,4.062851158,0.074988846,0.041993754,2025,15,3886598,13.10430943,,,,
5.424434474,0.06674337,0.002922168,43.11481875,0.416170833,0.028282452,3.96131717,0.056168343,0.030421257,2025,15,3916433,11.71577644,,,,
,,,45.24340418,0.39701492,0.014744573,3.419197552,0.033306133,0.018651435,2025,15,3046439,10.31869577,,,,
19.440614,0.10395297,0.00940895,,,,,0.515663051,0.246527291,2025,15,3052587,15.39497917,210.206689,1.437491092,0.146101216,0.581308866
25.09149434,0.192978027,0.009439068,,,,,0.455651408,0.217485861,2025,15,4431611,15.95395906,195.8516524,1.413786175,0.094269046,0.49335692
2.22968971,0.030935111,0.000634052,,,,,0.447491313,0.214481959,2025,15,3046779,15.80801096,281.0631231,1.435758863,0.039095593,0.624222213
4.076017698,0.046245828,0.002074715,72.55278941,0.561783713,0.02808377,5.93876569,0.132922808,0.073022023,2025,15,4428331,17.16760657,,,,
65.32610313,0.404551756,0.014413403,20.23404572,0.087110483,0.005583154,2.185350945,0.139364829,0.06595684,2025,15,4360516,13.6030967,,,,
12.58417461,0.208807932,0.014308016,,,,,0.370984502,0.17737127,2025,15,4361741,19.17050553,267.8947545,1.974339224,0.150117264,0.968897308
3.201907543,0.026261971,0.001284543,45.1666692,0.3601753,0.024015925,3.339401626,0.061671934,0.033604155,2025,15,3915416,10.47990155,,,,
30.91393717,0.264394613,0.009126956,26.59386412,0.144929981,0.005899977,4.378752205,0.123601153,0.061691881,2025,15,4371733,12.54916564,,,,
56.11087847,0.184381215,0.018265577,26.73426604,0.166195919,0.01056294,3.180878417,0.182776399,0.088044087,2025,15,3042519,13.45524853,,,,
33.16815165,0.686316409,0.024452137,,,,,0.42070119,0.200656955,2025,15,4689114,21.97832344,237.6939891,1.58222235,0.101409045,0.577273799
60.57347037,0.32702637,0.006118688,15.40828317,0.041170164,0.000662638,2.525784963,0.162504994,0.077200595,2025,15,3916148,12.19659098,,,,
2.581378376,0.046460155,0.001283063,41.10071826,0.364155227,0.018382715,3.504509301,0.051558472,0.028182267,2025,15,3116365,10.32074028,,,,
1.710898652,0.015170814,0.00111372,50.76930296,0.201397407,0.016668042,4.670073934,0.066348001,0.036524891,2025,15,5083076,11.18176916,,,,
,,,65.17957453,0.461855162,0.018801734,4.592161803,0.061514353,0.034448038,2025,15,4047650,13.85158362,,,,
41.49757226,0.484260047,0.015618244,18.01316665,0.097767649,0.003630952,2.166434771,0.170495972,0.081557781,2025,15,4569173,11.48955767,,,,
80.65310762,0.582041212,0.061838458,14.01297857,0.093666836,0.009180827,1.606522309,0.140685551,0.065860668,2025,15,4429059,15.14141045,,,,
,,,49.50305342,0.252149973,0.007348224,4.774961576,0.079511799,0.044526608,2025,15,15818,11.16590999,,,,
0.829586524,0.003785882,0.000427246,58.07537139,0.292515673,0.018566581,5.353467302,0.033744282,0.018778972,2025,15,4432665,13.02309013,,,,
4.729643942,0.034054013,0.001527757,39.75149353,0.228522175,0.011423906,2.912690156,0.046889289,0.025341767,2025,15,4683062,8.91271682,,,,
,,,49.01919284,0.19658165,0.016423732,4.448233523,0.074773602,0.041873217,2025,15,4373678,10.524564,,,,
,,,58.14268696,0.410479533,0.026088913,4.134006589,0.053546176,0.029985859,2025,15,4429205,12.40477459,,,,
21.5125373,0.442381582,0.019368415,,,,,0.442749196,0.211339177,2025,15,4360310,17.28833558,193.8697925,1.59786964,0.108589234,0.754207424
9.872850062,0.066956995,0.002066181,,,,,0.484260823,0.231667652,2025,15,4036378,14.8393093,227.4662526,1.457646349,0.059152518,0.575417634
85.54165081,0.465435708,0.034168561,20.43906745,0.08207022,0.006792291,2.756060687,0.094074112,0.044473358,2025,15,4685702,16.63462707,,,,
0.76089874,0.008157817,0.000251737,54.47371419,0.4007061,0.016260991,3.382007536,0.053021623,0.029490105,2025,15,4248528,11.33409558,,,,
,,,49.49800715,0.295455014,0.030028942,4.349024017,0.046207957,0.025876456,2025,15,3116165,11.08107779,,,,
,,,44.69301846,0.243726114,0.020362493,4.087637,0.057244234,0.032056771,2025,15,4385690,9.99741897,,,,
14.75931642,0.080679009,0.005712864,,,,,0.602965494,0.288544843,2025,15,2578570,13.89493856,244.2578823,1.004320831,0.047853563,0.699304459
60.18774683,0.479948524,0.023475557,7.396665391,0.046379071,0.003092484,0.941855198,0.063606588,0.029668867,2025,15,4608686,10.85374034,,,,
41.3526104,0.519725741,0.007760215,6.732208613,0.021899864,0.00037793,0.883209469,0.056027847,0.026157128,2025,15,4426385,8.90688903,,,,
50.39481239,0.17935909,0.021752634,14.48932817,0.09811063,0.007144432,2.175892071,0.098158796,0.046616903,2025,15,4241416,10.32179146,,,,
,,,42.6476813,0.318387795,0.012920445,3.349220556,0.062986342,0.035272351,2025,15,4361432,9.52788509,,,,
,,,43.65855391,0.192923334,0.014536347,4.195749597,0.058872413,0.032968551,2025,15,3929645,9.68383458,,,,
,,,37.57455366,0.189426806,0.012039429,4.122841895,0.042282059,0.023677953,2025,15,4036133,8.99469705,,,,
,,,37.33048092,0.240579986,0.023580632,3.680307342,0.028882578,0.016174243,2025,15,3117256,8.87241013,,,,
27.72842602,0.215061602,0.009648257,,,,,0.391781918,0.187181416,2025,15,3139477,17.40816267,226.8381695,1.522634687,0.076117056,0.813301435
1.228861886,0.010510334,0.000655598,46.12170033,0.318820902,0.024615936,3.557320474,0.064645141,0.035820435,2025,15,4431280,10.24897031,,,,
,,,48.91014113,0.22615908,0.018717367,3.087970354,0.04948251,0.027710205,2025,15,4241463,9.31926127,,,,
45.59358298,0.486341767,0.021818634,8.563214671,0.06645907,0.003322313,1.352029446,0.101341376,0.047698456,2025,15,3059915,10.04207522,,,,
17.86014897,0.076168485,0.008092454,,,,,0.340576333,0.162887857,2025,15,4432577,17.2615191,239.2235857,1.68308641,0.164969006,0.656071489
5.149484809,0.035117844,0.000524357,39.48269726,0.225984018,0.003899852,2.473893332,0.067466876,0.03598255,2025,15,4032473,8.69358495,,,,
42.29314824,0.210919885,0.009462448,5.94605192,0.037764567,0.001887864,0.946896936,0.073031863,0.034260969,2025,15,4361529,7.21902835,,,,
,,,40.61598434,0.247817157,0.007221956,3.749723684,0.045620377,0.025547411,2025,15,4595342,9.26278015,,,,
,,,35.9195355,0.307214498,0.020484581,3.281056879,0.039918422,0.022354316,2025,15,4723086,8.71361395,,,,
21.48533552,0.19514305,0.017662709,10.93940077,0.073877606,0.007508643,1.742900117,0.050068237,0.024309198,2025,15,4697815,6.60254199,,,,
5.265346728,0.022392349,0.001585598,5.00173672,0.024390907,0.00116217,0.828615826,0.013246713,0.006598857,2025,15,4240657,2.12867133,,,,
45.14582096,0.266614476,0.026411949,5.352636039,0.020316516,0.00129126,0.779551256,0.129310398,0.06049492,2025,15,4360569,7.48881349,,,,
0.934691919,0.007265683,0.000497862,40.21763256,0.258957627,0.019689631,2.659281308,0.041621659,0.023082493,2025,15,4428209,8.36716162,,,,
5.422750692,0.041377652,0.001276845,43.15177112,0.229504637,0.009313492,3.608129655,0.088236867,0.047805218,2025,15,4362249,10.01877381,,,,
,,,49.68948115,0.149091438,0.014573042,3.37508859,0.050557603,0.028312258,2025,15,4360078,9.2124389,,,,
29.14709016,0.209619686,0.006572051,9.71137111,0.048575092,0.001415589,1.263071925,0.077001771,0.036524657,2025,15,4430968,6.64304669,,,,
4.965714022,0.049106967,0.000733234,,,,,0.518961065,0.248512855,2025,15,3912547,15.18923433,259.0370526,1.579924189,0.027265075,0.92790432
81.82783234,0.467009856,0.039150126,6.754726293,0.037600862,0.003589355,0.931005351,0.183844225,0.085668239,2025,15,4575131,12.73592201,,,,
,,,41.10096413,0.239663541,0.004135923,2.844495488,0.044462826,0.024899182,2025,15,2977187,8.35222263,,,,
,,,32.51783805,0.063233951,0.006180845,3.783683324,0.055144278,0.030880796,2025,15,4688813,7.41455933,,,,
,,,46.73439901,0.2687326,0.016018478,3.250532915,0.046034982,0.02577959,2025,15,4040655,9.51806419,,,,
3.598312299,0.02817258,0.001377996,44.75569136,0.260650311,0.017379754,3.572945495,0.077115063,0.042084211,2025,15,4685278,10.09666428,,,,
,,,42.12668016,0.357104999,0.022887856,3.448674892,0.033566174,0.018797058,2025,15,4429148,9.8130425,,,,
39.25812385,0.40450014,0.007266286,5.747694381,0.028617605,0.000430823,0.784728341,0.043549715,0.020374334,2025,15,4429096,7.89500984,,,,
1.087286244,0.02893413,0.000432026,35.54812371,0.319444733,0.005512723,3.349055295,0.058426205,0.031831436,2025,15,4576297,9.05263809,,,,
,,,27.17033332,0.171790071,0.01435248,2.117535077,0.037483619,0.020990827,2025,15,4635008,5.85302214,,,,
2.369374381,0.005747596,0.00064863,46.20389022,0.112674243,0.00715167,3.269100811,0.033829289,0.018586001,2025,15,4428718,8.86498572,,,,
,,,30.85222426,0.123963079,0.009571102,3.636246083,0.047201081,0.026432606,2025,15,3051876,7.43277198,,,,
22.50726901,0.196941931,0.006077299,4.63218281,0.024079776,0.000977178,0.697663463,0.059893978,0.0281604,2025,15,4887558,4.75538167,,,,
,,,52.07056522,0.143340468,0.020181024,3.918135531,0.072500118,0.040600066,2025,15,4597500,9.94631078,,,,
,,,32.5905918,0.271943418,0.018480936,3.271007127,0.040444836,0.022649108,2025,15,4430539,8.15445847,,,,
1.468914777,0.010624497,0.000327854,9.101975802,0.052544237,0.002132289,0.819236642,0.020116166,0.01076933,2025,15,4701936,2.23925073,,,,
,,,43.77301046,0.320324632,0.031396865,3.568892396,0.066037817,0.036981178,2025,15,4877706,9.85871861,,,,
71.15220379,0.310164462,0.020538669,19.9091892,0.093047395,0.007010916,2.674319909,0.132024248,0.062593071,2025,15,4682652,14.13312938,,,,
53.05913894,0.536629658,0.019119085,9.270887478,0.040283855,0.002581905,1.1481262,0.099231826,0.046522855,2025,15,4040761,10.85285087,,,,
1.731612793,0.016086041,0.000704281,27.15188283,0.206914372,0.014061643,2.186276776,0.049677051,0.027223997,2025,15,4432620,6.65725304,,,,
18.29124284,0.106883231,0.001999793,29.17632694,0.105906719,0.001704581,4.059403251,0.051202885,0.026029827,2025,15,4428557,10.03959902,,,,
39.70756172,0.467688624,0.015491073,9.244908241,0.0315551,0.001880921,1.299351671,0.046810084,0.022098036,2025,15,4373626,9.18184493,,,,
16.78844788,0.123667887,0.01225106,,,,,0.705488782,0.337367073,2025,15,4433970,15.6107842,246.126861,1.548536986,0.09842061,1.207249745
8.50329984,0.119328926,0.007901799,7.897615904,0.049814474,0.003753411,0.904147465,0.046754752,0.022787487,2025,15,2468609,3.66987491,2.413631744,0.012366215,0.000869305,0.007972357
,,,35.26560579,0.386066882,0.005812037,3.573180829,0.039515107,0.02212846,2025,15,4242557,9.38455385,,,,
37.51333974,0.220389255,0.015605718,16.950371,0.073003281,0.003478437,2.434561937,0.128263774,0.061602269,2025,15,4427728,9.61892038,,,,
,,,28.00135683,0.249891419,0.008494319,2.669564985,0.022735167,0.012731693,2025,15,2576925,6.96117443,,,,
,,,43.65840984,0.295303419,0.010967152,2.888336826,0.042756001,0.023943361,2025,15,4429022,9.00117391,,,,
6.162382933,0.074415279,0.002568831,,,,,0.401228459,0.192203622,2025,15,8439,13.80237413,226.585758,1.331887093,0.05422,0.695562475
20.82318606,0.213828958,0.014159463,,,,,0.422575127,0.201749758,2025,15,4360689,15.14899618,222.7695753,1.141357389,0.086061219,0.750305297
4.586536146,0.039272783,0.000734797,44.87423941,0.279473803,0.004498162,3.92745969,0.08794657,0.047722687,2025,15,4431268,11.06986297,,,,
,,,48.84864944,0.30600031,0.019612414,3.142140782,0.062842816,0.035191977,2025,15,3916945,9.89443877,,,,
32.72485111,0.232262636,0.015915189,6.362110515,0.036291089,0.002759363,0.699830523,0.06269483,0.029366902,2025,15,4241474,6.22446391,,,,
34.5625632,0.324499801,0.014207298,4.318439381,0.030364511,0.002063534,0.604410754,0.100327392,0.046852525,2025,15,4882093,6.61462534,,,,
18.82771217,0.083725273,0.005544174,3.491218078,0.018367595,0.001383958,0.478958519,0.039086061,0.018372428,2025,15,4569682,3.30155216,,,,
17.93162463,0.178500736,0.016156387,,,,,0.042955802,0.019759669,2025,15,4430871,2.87960615,,,,
,,,44.98120089,0.2768428,0.013975146,3.330263849,0.049618966,0.027786621,2025,15,4361050,9.46312579,,,,
,,,22.4920466,0.211592549,0.015408204,2.043822682,0.035120917,0.019667714,2025,15,4430034,5.55499362,,,,
5.481910731,0.04236396,0.001329291,,,,,0.018029556,0.008293596,2025,15,4429013,0.82209749,,,,
12.44408277,0.063046132,0.007646222,,,,,0.463135335,0.22160885,2025,15,4685720,13.15213134,182.9383012,1.456679057,0.106075606,0.705633979
,,,26.49278061,0.07637646,0.004847773,2.612780498,0.025430361,0.014241002,2025,15,4429086,5.70220286,,,,
37.21604728,0.205231924,0.017204895,,,,,0.598911499,0.28588897,2025,15,2576980,18.21040638,232.8241001,1.526898976,0.145756836,0.966567659
3.189220087,0.027479509,0.002487214,3.972212873,0.032676798,0.003321148,0.364955159,0.016659895,0.008338855,2025,15,4608810,1.43741511,,,,
13.15034084,0.096676999,0.00333731,,,,,0.026356617,0.012124044,2025,15,4819231,1.87821861,,,,
14.02999098,0.098930329,0.007262672,,,,,0.409661005,0.196038802,2025,15,4432762,13.11658078,226.532887,1.062108944,0.087902208,0.999401853
2.381185847,0.010281606,0.001286865,42.32841057,0.082725726,0.011647024,4.671998246,0.102633374,0.056555349,2025,15,4567096,9.61647096,,,,
5.135051734,0.037728711,0.000893928,34.42510308,0.169706784,0.00576868,3.358169076,0.082156129,0.04436204,2025,15,4569603,8.68993372,,,,
,,,33.89795806,0.215808008,0.015715174,2.999514178,0.044401758,0.024864984,2025,15,4695883,7.66702841,,,,
14.2272112,0.091152532,0.00215973,2.698182215,0.011098686,0.000377267,0.418364724,0.032995241,0.015542772,2025,15,4682745,2.69926982,,,,
1.166430757,0.018803819,0.000649112,21.76062411,0.112358394,0.004574015,2.338027608,0.041489053,0.02282965,2025,15,3054212,5.38359133,,,,
21.1571953,0.077062306,0.005456766,13.82697102,0.058650403,0.002794556,2.103058054,0.054374729,0.026692859,2025,15,4362478,6.38030187,,,,
,,,21.40531517,0.100005731,0.004071149,1.771781919,0.035435638,0.019843957,2025,15,4243389,4.5046413,,,,
5.60401652,0.031574424,0.000748111,,,,,0.539845031,0.258503164,2025,15,4241479,10.8066573,197.5874962,1.151923434,0.039156227,1.015733412
4.849880504,0.039544998,0.002466679,28.05946932,0.150276777,0.011602764,2.434167294,0.066498689,0.035457732,2025,15,4686472,6.93539422,,,,
,,,20.78308025,0.155506714,0.01524211,1.706527982,0.028930104,0.016200858,2025,15,3895856,4.7167208,,,,
,,,42.1264007,0.206633607,0.003325791,3.190843837,0.059042509,0.033063805,2025,15,4883647,8.58536952,,,,
2.779768483,0.056027186,0.001855767,,,,,0.444829169,0.213198076,2025,15,14880,12.27310379,232.4903206,1.030340602,0.061416025,0.736959417
2.538102772,0.02347725,0.001443009,,,,,0.525309323,0.251975868,2025,15,5529,9.43264311,217.6573802,0.713300446,0.069722028,1.086883001
,,,31.74703672,0.171393069,0.014184825,2.376721006,0.041973192,0.023504988,2025,15,4369863,6.56225277,,,,
,,,28.70169836,0.065532537,0.001054754,2.930402974,0.033704373,0.018874449,2025,15,4360635,6.15901664,,,,
28.09284481,0.159908756,0.01623844,6.416215579,0.037619791,0.001818068,0.850480123,0.104768332,0.04939014,2025,15,3116389,5.4621161,,,,
12.87882083,0.126997826,0.003009034,,,,,0.021468938,0.009875712,2025,15,4711533,2.03670268,,,,
12.21794686,0.089375503,0.001672222,,,,,0.641199546,0.306921201,2025,15,4688380,14.01556113,241.8115633,1.103423729,0.017759729,0.635292762
4.023787273,0.033354912,0.001075755,27.46654871,0.165737959,0.006155274,2.122773231,0.056220971,0.030107193,2025,15,4427095,6.42209373,,,,
,,,8.353621644,0.054997837,0.004181715,0.614155342,0.011366889,0.006365458,2025,15,3045523,1.77543704,,,,
1.287639907,0.008267789,0.000839579,37.26231034,0.366910469,0.01773184,2.982716857,0.04740741,0.026222719,2025,15,4368003,9.07473283,,,,
,,,21.89914763,0.118215462,0.004812452,2.465325614,0.035218809,0.019722533,2025,15,4361411,5.33564299,,,,
,,,36.10712156,0.221807828,0.008237629,2.531333185,0.032787372,0.018360928,2025,15,2991662,7.45350971,,,,
,,,9.440091692,0.059903252,0.002438611,1.098789468,0.017495923,0.009797717,2025,15,16460,2.38796194,,,,
,,,43.63119569,0.250784711,0.018896074,3.798261361,0.056225599,0.031486335,2025,15,4569559,9.64239067,,,,
,,,13.28484553,0.099159241,0.002700098,1.131394785,0.020935022,0.011723613,2025,15,5123663,3.03734035,,,,
7.180379012,0.053106627,0.002541739,1.593044267,0.009110737,0.000761171,0.240693357,0.015678254,0.007400124,2025,15,4429501,1.70219672,,,,
,,,27.66696386,0.357616278,0.017282676,2.837869507,0.028003479,0.015681948,2025,15,3116164,7.75420302,,,,
,,,28.36312008,0.191846858,0.007450246,2.386107345,0.044151883,0.024725055,2025,15,5083754,6.34011488,,,,
,,,19.91741273,0.092337046,0.003747115,2.160206424,0.027776073,0.015554601,2025,15,4428085,4.683087,,,,
9.168936432,0.033959326,0.004250413,5.789335078,0.016805651,0.002366082,0.965385309,0.022722815,0.011124616,2025,15,4695404,2.75738608,,,,
,,,9.574526762,0.060898754,0.002261694,0.581577688,0.010761356,0.006026359,2025,15,4613202,2.04301093,,,,
,,,15.25861439,0.122534671,0.010237358,1.512254791,0.012879014,0.007212248,2025,15,3930086,3.77971468,,,,
,,,30.85148285,0.154323667,0.007790326,2.082527183,0.034182911,0.01914243,2025,15,15795,6.07181326,,,,
45.93108991,0.284559082,0.023855008,13.58401088,0.054585971,0.005210743,1.898284676,0.058748888,0.028153422,2025,15,3127586,9.88803773,,,,
2.009768991,0.015567806,0.000480396,7.568922272,0.035954271,0.001459055,1.169255159,0.01187101,0.006274724,2025,15,3149687,2.4278994,,,,
1.086254457,0.007560243,0.000237224,3.082057763,0.013295646,0.00057472,0.469358835,0.005160605,0.002700656,2025,15,4431545,1.05744737,,,,
,,,35.56590932,0.165782089,0.004831268,3.031432977,0.056092814,0.031411976,2025,15,4686612,7.53103703,,,,
,,,8.330060573,0.072957433,0.001098336,0.677773571,0.012541338,0.00702315,2025,15,4710855,1.9370058,,,,
,,,28.3884561,0.117204996,0.009792081,2.396784613,0.038059596,0.021313374,2025,15,4242433,5.91681961,,,,
2.042804388,0.012924042,0.000579808,8.357305828,0.059000551,0.002949459,1.12581338,0.013901756,0.007374576,2025,15,4596602,2.60306524,,,,
,,,19.31176569,0.123870651,0.006192338,1.981853092,0.035107566,0.019660237,2025,15,3120348,4.63024177,,,,
,,,23.79849991,0.057875931,0.003673506,2.296003014,0.042484617,0.023791386,2025,15,4603186,4.98399483,,,,
7.373005529,0.026213455,0.001432361,10.47143801,0.076862488,0.002984904,0.897563356,0.043623748,0.021862051,2025,15,3676833,3.49474351,,,,
,,,14.1312575,0.11570474,0.005591713,1.636057463,0.018164554,0.01017215,2025,15,4036131,3.73473018,,,,
0.730147588,0.006131843,0.000189218,6.665337765,0.041351613,0.001678083,0.534132027,0.013361686,0.00721464,2025,15,4428850,1.54823942,,,,
,,,19.47050713,0.132161563,0.008812326,1.890824098,0.037167023,0.020813533,2025,15,3917914,4.60782578,,,,
,,,22.51239122,0.169542625,0.010775647,1.739168399,0.030713933,0.017199802,2025,15,4382466,4.99562496,,,,
,,,31.59121213,0.344055511,0.022051478,2.803145097,0.056056702,0.031391753,2025,15,4242540,8.00940083,,,,
22.39675237,0.135929567,0.003753889,7.95138546,0.030091222,0.001519018,0.885435157,0.043652288,0.020860936,2025,15,4596334,4.95953453,,,,
,,,21.24492216,0.031567628,0.002003663,2.110780652,0.031310239,0.017533734,2025,15,2577327,4.39444649,,,,
,,,5.96152182,0.062363271,0.006338369,0.545287802,0.010089858,0.00565032,2025,15,4430834,1.51726211,,,,
7.76352957,0.04984565,0.002385665,17.86271965,0.107176009,0.008954193,2.027985822,0.037604145,0.019308368,2025,15,3915411,5.54292657,,,,
1.669000312,0.012562618,0.001334704,13.95776239,0.10356874,0.01015137,1.232552053,0.027739496,0.015040849,2025,15,4586312,3.59869287,,,,
14.54902644,0.085991033,0.00469874,,,,,0.025023196,0.01151067,2025,15,4240603,1.95788498,,,,
,,,14.61000978,0.114837599,0.005740773,0.947234004,0.014021889,0.007852258,2025,15,4362921,3.14547458,,,,
,,,25.58782345,0.173751045,0.007073258,2.543449553,0.034929356,0.01956044,2025,15,4430802,6.1206878,,,,
15.17277493,0.103823668,0.006476157,2.914681076,0.015269294,0.001178931,0.592014789,0.029981114,0.014218482,2025,15,4722893,3.10298337,,,,
,,,14.95508195,0.130856588,0.008725312,1.521098152,0.016478107,0.00922774,2025,15,4258595,3.80117602,,,,
,,,3.734385768,0.0305268,0.001037668,0.307676097,0.004674036,0.00261746,2025,15,3929785,0.86123949,,,,
14.12195763,0.081121842,0.005955316,7.103336873,0.034150699,0.002826378,0.95845617,0.03392504,0.01643964,2025,15,4601080,3.75819897,,,,
,,,15.18693542,0.101798561,0.001532525,1.03299511,0.015920135,0.008915276,2025,15,4360797,3.14813452,,,,
,,,15.53712695,0.08045298,0.003275173,1.071161522,0.016365411,0.00916463,2025,15,3051738,3.09624518,,,,
7.580846984,0.03436302,0.002275472,5.18222176,0.020525723,0.001546568,0.717298916,0.0211642,0.01035978,2025,15,4569609,2.31042137,,,,
,,,15.11769526,0.086356347,0.007214781,1.421056327,0.020009084,0.011205087,2025,15,16731,3.44351132,,,,
,,,17.94117089,0.036056078,0.002288555,1.258367465,0.02328449,0.013039315,2025,15,4432775,3.2479315,,,,
,,,30.29014348,0.210976156,0.003395685,3.4850014,0.042399678,0.02374382,2025,15,4686728,7.74029841,,,,
8.742284149,0.022947274,0.002589653,5.008095851,0.021015377,0.00133389,0.761048102,0.028532821,0.013929959,2025,15,2576414,2.44485991,,,,
0.907381902,0.007064525,0.000750564,13.75050432,0.099789285,0.00978,1.079941274,0.017959427,0.009859972,2025,15,4686422,3.18866794,,,,
,,,13.54134168,0.123548692,0.008996836,1.631418365,0.02150428,0.012042397,2025,15,4431588,3.72132116,,,,
,,,1.388461412,0.009821513,0.000715204,0.213951996,0.001861972,0.001042705,2025,15,4685350,0.54732181,,,,
,,,9.001878381,0.059614281,0.005690743,0.729963196,0.013507041,0.007563943,2025,15,4602667,2.16538867,,,,
1.360463114,0.005450197,0.000682157,16.38817906,0.015394051,0.002167341,1.705735239,0.035815271,0.019631271,2025,15,4569371,3.77778731,,,,
,,,38.91680531,0.155572327,0.002503954,3.109482426,0.040275914,0.022554512,2025,15,3930066,7.8955578,,,,
,,,14.9569874,0.101357109,0.004381281,1.259744183,0.016316975,0.009137506,2025,15,4361409,3.3626265,,,,
0.64520918,0.006132663,0.000420225,10.54842286,0.060854443,0.004627018,1.14856573,0.010674127,0.005852452,2025,15,16002,2.66852315,,,,
,,,32.50200949,0.137870044,0.008218088,2.551844242,0.047218634,0.026442435,2025,15,3871102,6.59406476,,,,
,,,11.48844078,0.101851955,0.001533328,0.907467148,0.011040545,0.006182705,2025,15,4570037,2.6584158,,,,
29.44616227,0.208088889,0.022108222,9.021358626,0.050534014,0.00495313,1.151171594,0.057783634,0.027461628,2025,15,2983509,6.55038455,,,,
1.669546737,0.008173331,0.000600021,23.81628983,0.140714281,0.011645788,1.65739217,0.035200945,0.019259228,2025,15,4808839,5.08620466,,,,
6.406402131,0.038855541,0.002388223,4.380597392,0.026274657,0.002568234,0.80621481,0.019714243,0.009736236,2025,15,2576336,2.38631849,,,,
10.84355114,0.058024731,0.006548225,,,,,0.45249654,0.216390262,2025,15,4240703,12.05057666,232.962669,0.754467437,0.047887625,0.703167262
,,,14.33988288,0.077466563,0.003872581,1.434337589,0.012215437,0.006840645,2025,15,4240472,3.32751133,,,,
5.476901113,0.04491641,0.002801728,8.996899493,0.045234161,0.003492498,1.32276033,0.02313986,0.011795502,2025,15,4362748,3.38787502,,,,
,,,26.15989911,0.148747644,0.014199358,2.005983199,0.030407681,0.017028302,2025,15,3121409,5.50960509,,,,
,,,19.61524272,0.087474466,0.002973436,1.814452894,0.017660187,0.009889705,2025,15,4367209,4.28745762,,,,
10.59227953,0.053782057,0.006731463,,,,,0.517890143,0.247816907,2025,15,4429435,8.15590351,187.6057258,0.515070412,0.072517191,1.233535478
,,,13.83191236,0.116782863,0.008879489,0.871798332,0.017435967,0.009764141,2025,15,3043116,2.95437764,,,,
,,,12.48338671,0.049959411,0.007033827,1.267584146,0.016418523,0.009194373,2025,15,3128390,2.81179139,,,,
3.139642679,0.01414721,0.001401482,1.846830868,0.008038212,0.000510886,0.258974054,0.008245625,0.004018367,2025,15,4257364,0.88673974,,,,
,,,12.6397146,0.106753633,0.010190636,1.278485461,0.015554477,0.008710507,2025,15,4690923,3.18634938,,,,
2.649380617,0.020919779,0.000915913,4.167780009,0.030143158,0.002048492,0.620318179,0.010577939,0.0054057,2025,15,4911851,1.64496495,,,,
0.717255247,0.004472542,9.17e-05,19.07161722,0.065716326,0.00178945,1.863494379,0.03838252,0.021265496,2025,15,2973405,4.34870047,,,,
,,,7.16779521,0.029090459,0.00243041,0.56992725,0.010545779,0.005905636,2025,15,4241476,1.45457747,,,,
,,,29.58199097,0.267787544,0.012941484,2.201824905,0.040741971,0.022815504,2025,15,4690070,6.74807523,,,,
,,,8.715399443,0.103170821,0.007512916,0.955716403,0.013448829,0.007531344,2025,15,4372780,2.44659962,,,,
,,,6.489390228,0.055407614,0.002151718,0.67175998,0.008172854,0.004576798,2025,15,4372096,1.64851053,,,,
,,,2.791361644,0.019905838,0.000299672,0.229368756,0.004244177,0.002376739,2025,15,4569382,0.62389801,,,,
,,,5.079398435,0.043710298,0.002112406,0.418751696,0.007748468,0.004339142,2025,15,4257188,1.47093657,,,,
,,,7.539139231,0.064143882,0.004277014,0.655601475,0.01311203,0.007342737,2025,15,4039050,1.93829881,,,,
,,,21.07907608,0.145595327,0.011241312,1.998811138,0.039976223,0.022386685,2025,15,4039057,4.95905596,,,,
,,,11.88721587,0.101285371,0.00643741,1.172052501,0.017342105,0.009711579,2025,15,3921690,2.96239578,,,,
,,,4.217917942,0.027973193,0.001209174,0.370407522,0.00685392,0.003838195,2025,15,4715355,0.95496163,,,,
,,,24.31311611,0.08992907,0.004284912,1.81178768,0.033524828,0.018773904,2025,15,4692835,4.75458373,,,,
,,,15.05380699,0.148677274,0.002238259,1.489856499,0.018126086,0.010150608,2025,15,4426553,3.87195494,,,,
,,,14.99155987,0.092703696,0.003442884,1.425318134,0.017321599,0.009700095,2025,15,3043275,3.46863908,,,,
,,,13.5377873,0.102031691,0.006539496,1.351702633,0.016336685,0.009148544,2025,15,4361516,3.31288481,,,,
,,,4.097601141,0.026590744,0.001149416,0.432069782,0.005256704,0.002943754,2025,15,4241374,0.99792428,,,,
3.484848908,0.013606146,0.001650151,1.803687941,0.015596361,0.00113573,0.173727562,0.013899035,0.006715017,2025,15,4708486,0.87030522,,,,
1.691758208,0.025916819,0.00275351,10.74894998,0.081640528,0.008002059,1.08930082,0.019739346,0.010405379,2025,15,4426496,2.9799375,,,,
1.01199552,0.006598693,0.000360567,3.581922421,0.018700611,0.000726226,0.523284452,0.006788232,0.003577989,2025,15,4383396,1.12966908,,,,
4.119345354,0.029205676,0.000806556,11.5374272,0.041044803,0.00207196,1.310440989,0.01847849,0.00964055,2025,15,4690013,3.3333748,,,,
,,,20.40498509,0.109651739,0.010467287,1.409349521,0.020862577,0.011683043,2025,15,4567156,4.10587775,,,,
2.376580092,0.011196755,0.000821976,3.330217499,0.012074926,0.000999344,0.473400286,0.006707088,0.003414851,2025,15,4035222,1.18070007,,,,
,,,11.47034998,0.052081959,0.002481585,1.305317844,0.01763047,0.009873063,2025,15,4426844,2.75052724,,,,
,,,5.765237155,0.042307934,0.000636924,0.433600211,0.008023221,0.004493004,2025,15,4386544,1.31810081,,,,
,,,26.43402272,0.082283606,0.003920623,2.276478443,0.04212334,0.02358907,2025,15,3886809,5.51836675,,,,
1.177344782,0.010081535,0.000238868,1.399735896,0.004545498,0.000154511,0.212768135,0.006028315,0.003033142,2025,15,3917668,0.55311787,,,,
,,,2.482034999,0.015734771,0.001008485,0.162143687,0.003000263,0.001680147,2025,15,4692590,0.50349169,,,,
,,,11.49053719,0.122096224,0.008297508,1.000585932,0.0129602,0.007257712,2025,15,3134353,2.88463859,,,,
,,,6.857649342,0.023715989,0.000691138,0.783871636,0.008498746,0.004759298,2025,15,3127292,1.60402058,,,,
,,,20.19380931,0.104595351,0.003048147,1.666948231,0.030844758,0.017273065,2025,15,4430870,4.32974994,,,,
,,,7.277949103,0.060166623,0.00457472,0.648081644,0.007884775,0.004415474,2025,15,4040612,1.73740298,,,,
,,,13.19693181,0.110924025,0.008564366,1.517088603,0.017893939,0.010020606,2025,15,3911853,3.49988565,,,,
3.581279255,0.016623194,0.001100765,20.69750088,0.076883652,0.005793013,1.656259443,0.041222454,0.022027026,2025,15,4573697,4.66796929,,,,
5.573295374,0.029613092,0.002173956,8.985639199,0.032315633,0.002674505,0.742478415,0.027337647,0.01394918,2025,15,4613104,2.69883543,,,,
,,,4.554420325,0.031290089,0.001988709,0.402643366,0.007450404,0.004172226,2025,15,4565185,1.05672246,,,,
,,,8.571292965,0.067073213,0.00560374,0.890602649,0.010835366,0.006067805,2025,15,4573699,2.14952929,,,,
1.470978486,0.014130869,0.000436055,2.217326742,0.013912831,0.000564594,0.194086265,0.008548553,0.004291466,2025,15,4259305,0.8122289,,,,
,,,9.010032823,0.087673104,0.00638437,0.973707671,0.011846449,0.006634012,2025,15,4683243,2.40056289,,,,
,,,8.909897548,0.056301534,0.005503231,0.811520712,0.012345272,0.006913352,2025,15,2998565,2.03782523,,,,
,,,7.898145204,0.036647082,0.001849961,0.511875394,0.009471604,0.005304098,2025,15,4696882,1.51491433,,,,
,,,15.8799769,0.029050755,0.00409008,2.302744423,0.02241276,0.012551145,2025,15,4361372,4.04871611,,,,
,,,16.00248603,0.132349121,0.012633966,1.636552104,0.029566601,0.016557297,2025,15,4048228,4.02382877,,,,
,,,4.109392513,0.02350685,0.001401184,0.434305053,0.005283899,0.002958983,2025,15,4035020,0.98330901,,,,
,,,2.395667814,0.015226335,0.000591305,0.180860538,0.003617211,0.002025638,2025,15,4426485,0.50901206,,,,
,,,4.159336647,0.018140717,0.000738493,0.428972684,0.006350075,0.003556042,2025,15,4035656,0.94828295,,,,
,,,5.340871453,0.036587632,0.001243688,0.569520048,0.006928969,0.003880223,2025,15,4365395,1.31804292,,,,
,,,9.551224053,0.058145412,0.002935206,0.791834839,0.009633724,0.005394886,2025,15,4241263,2.09116476,,,,
,,,16.27628228,0.06874784,0.003470421,1.031144536,0.019080019,0.010684811,2025,15,4241424,3.05733502,,,,
,,,9.352258908,0.080661522,0.002196406,0.983700966,0.011968031,0.006702097,2025,15,4608362,2.39420081,,,,
,,,9.656737929,0.084332255,0.003422274,1.044899318,0.01271259,0.007119051,2025,15,4379401,2.50950849,,,,
3.607944911,0.030571713,0.001906956,4.981813956,0.021759898,0.001680066,0.819995553,0.014888354,0.007562265,2025,15,3929914,1.98540362,,,,
,,,10.70596554,0.064523024,0.005340051,1.047133632,0.012739774,0.007134273,2025,15,4362018,2.50161649,,,,
,,,11.84946755,0.090453489,0.006815471,1.075732494,0.01445189,0.008093058,2025,15,3843945,2.80122661,,,,
,,,9.87820355,0.088796053,0.003603419,1.032784708,0.0125652,0.007036512,2025,15,4360086,2.546847,,,,
,,,6.453068322,0.061220779,0.002958643,0.754915161,0.009670454,0.005415454,2025,15,3127310,1.76288805,,,,
,,,13.53044132,0.111222809,0.01130427,1.409110473,0.017143704,0.009600474,2025,15,4372505,3.43335145,,,,
,,,18.36129929,0.122293624,0.003330045,1.938703219,0.023586904,0.013208666,2025,15,3049698,4.48946165,,,,
,,,7.140018433,0.057852877,0.00393161,0.727062854,0.00707655,0.003962868,2025,15,3052096,1.78830604,,,,
,,,2.686476178,0.014537342,0.000250874,0.170995321,0.003164051,0.001771869,2025,15,4241983,0.55761471,,,,
,,,4.477504328,0.041743413,0.001621078,0.468776314,0.005703288,0.003193841,2025,15,4360967,1.1639923,,,,
,,,8.318329723,0.067363516,0.00643048,0.838933721,0.010206745,0.005715777,2025,15,4361088,2.0766466,,,,
,,,3.096702233,0.02619216,0.001746452,0.361276454,0.003076786,0.001723,2025,15,3052897,0.82822754,,,,
4.16448294,0.038928462,0.001386946,1.871634552,0.01081564,0.000693205,0.230208639,0.009939337,0.00477244,2025,15,4570561,1.12716262,,,,
,,,1.804574906,0.008166421,0.000277593,0.182869911,0.001942975,0.001088066,2025,15,4036335,0.41075628,,,,
,,,2.643023001,0.014208406,0.002000413,0.486910868,0.004237468,0.002372982,2025,15,3125107,0.83583007,,,,
,,,13.26834215,0.119455102,0.002061461,1.164884366,0.014172368,0.007936526,2025,15,2975863,3.19707346,,,,
,,,2.050479664,0.012106505,0.001183358,0.213079383,0.002592394,0.001451741,2025,15,4722908,0.49029801,,,,
3.197815646,0.050654171,0.001748592,,,,,0.007369234,0.003389848,2025,15,4241961,0.62061848,,,,
,,,1.775764412,0.011527333,0.000839422,0.172893781,0.00319918,0.001791541,2025,15,4360763,0.41781458,,,,
,,,15.43542582,0.058550712,0.002789806,1.215178446,0.017988266,0.010073429,2025,15,3122168,3.09593265,,,,
,,,20.72588982,0.097310605,0.008053615,1.668759637,0.030878276,0.017291835,2025,15,4877203,4.35641535,,,,
,,,6.685769538,0.059435074,0.002872344,0.779473601,0.009464916,0.005300353,2025,15,3050481,1.80005458,,,,
,,,13.13214288,0.056561689,0.003371501,1.199805128,0.022200869,0.012432487,2025,15,4374187,2.94933122,,,,
,,,12.31766587,0.038158416,0.000614164,1.008022996,0.018652184,0.010445223,2025,15,3916204,2.44957056,,,,
,,,2.213908554,0.017328222,0.001101333,0.229899991,0.002797039,0.001566342,2025,15,4373030,0.55440396,,,,
,,,12.83772327,0.040683117,0.00572781,1.528317179,0.018594012,0.010412647,2025,15,4250764,3.04730933,,,,
,,,30.23099445,0.136605284,0.008142699,2.412504295,0.044640325,0.024998582,2025,15,4363551,6.22269968,,,,
,,,9.56885871,0.039444327,0.0055534,1.093652988,0.013305744,0.007451216,2025,15,4241410,2.28376019,,,,
,,,4.088778525,0.027095206,0.002041564,0.422413676,0.005139224,0.002877966,2025,15,4034862,0.99232556,,,,
,,,4.386269433,0.021888502,0.001042936,0.509658287,0.004960537,0.002777901,2025,15,3914151,1.07627711,,,,
,,,3.570523692,0.044356918,0.003014441,0.352294536,0.004286132,0.002400234,2025,15,4244049,0.97683023,,,,
,,,4.548169344,0.016256013,0.001031803,0.447371393,0.005442868,0.003048006,2025,15,5155825,0.9958354,,,,
,,,5.886671874,0.044945915,0.004568135,0.608303908,0.007400826,0.004144463,2025,15,4361112,1.46768953,,,,
88.35293662,0.809348745,0.016887289,39.46716838,0.23656542,0.005820254,4.866323083,0.128937886,0.062109554,2025,16,4429795,23.84841655,,,,
60.33307497,0.704143688,0.044013823,48.25133594,0.29984205,0.021139368,5.25615578,0.174005133,0.083990734,2025,16,3117251,22.10543221,,,,
1.26202053,0.006839893,0.000608379,83.33282238,0.540590013,0.027043637,7.171092617,0.105870449,0.05897465,2025,16,4362628,18.85530708,,,,
3.085071451,0.023540867,0.000409117,93.67468336,0.385188178,0.005889998,7.82455617,0.111909437,0.062006525,2025,16,4426515,19.8444431,,,,
99.00825042,0.63324512,0.036098472,44.00397285,0.207126265,0.015431361,4.429090809,0.233986807,0.112029203,2025,16,4430807,23.65772271,,,,
,,,68.28515174,0.524855618,0.026447407,6.823739741,0.054030559,0.030257113,2025,16,4361307,16.79519721,,,,
,,,94.18529042,0.739072862,0.018183517,7.554842787,0.097156123,0.054407429,2025,16,4374302,21.33792318,,,,
,,,81.11832779,0.452409942,0.019134374,6.09597515,0.069438655,0.038885647,2025,16,4241389,16.88460104,,,,
2.958687013,0.013693955,0.000216837,100.144382,0.413597946,0.006857418,7.162149503,0.145743659,0.080609331,2025,16,4430878,19.89298366,,,,
119.3024104,0.955731995,0.061215738,24.77853157,0.118476131,0.009966965,3.25265315,0.232857348,0.109917619,2025,16,4242335,24.03464627,,,,
101.4131665,0.653262554,0.029675582,15.73879248,0.102118092,0.007541688,1.947016122,0.275776281,0.129144238,2025,16,4379399,18.01790196,,,,
93.42983521,0.55485017,0.016137436,26.2220369,0.160223748,0.006468359,2.892190328,0.149540071,0.070661979,2025,16,3929630,19.05565668,,,,
112.7252661,0.62655413,0.028457788,39.87751082,0.259887929,0.014733227,4.319657907,0.145906135,0.069887149,2025,16,4429160,24.84904769,,,,
37.23863143,0.595506746,0.027051925,,,,,0.440642295,0.209818061,2025,16,3918298,19.86074557,211.3847729,1.412032068,0.104282262,0.697174743
35.07147204,0.669416884,0.01946953,,,,,0.542692431,0.25840998,2025,16,4040715,22.64760617,256.4747198,1.572226236,0.063472014,0.543669602
76.8978635,0.681673261,0.018790942,10.63861293,0.058343076,0.002675552,1.266131382,0.169067872,0.078938206,2025,16,3043078,14.34939762,,,,
51.67308207,0.15905762,0.018215401,33.66943479,0.116848045,0.007526239,5.035209571,0.15646256,0.07618596,2025,16,4890973,15.12813461,,,,
,,,70.23086617,0.473275819,0.028288225,4.926151052,0.054320729,0.030419608,2025,16,4262921,14.78606382,,,,
,,,66.74206812,0.422553314,0.017871608,4.841801142,0.096836023,0.054228173,2025,16,4426354,13.98117071,,,,
59.02147908,0.492476435,0.008558759,10.06716752,0.089854201,0.001373981,1.733629797,0.148407984,0.069873896,2025,16,4430737,12.02051396,,,,
28.78857924,0.315866738,0.008711693,,,,,0.555199351,0.264857452,2025,16,4431452,19.36123003,268.7090182,1.388759208,0.053244733,0.662531915
0.851221285,0.008850314,0.000827742,73.92518894,0.61446559,0.053421236,5.44298786,0.079466088,0.04429646,2025,16,4258173,16.68252934,,,,
53.33149282,0.302409418,0.026898005,26.27343734,0.134107886,0.006708901,4.341568861,0.140048877,0.068141455,2025,16,4362238,14.8557926,,,,
,,,80.81738236,0.579190221,0.043150941,6.50625681,0.107649882,0.060283934,2025,16,4426502,18.03171439,,,,
,,,85.81512787,0.529756213,0.021386676,5.644545561,0.067938242,0.038045416,2025,16,4047646,17.37307215,,,,
84.98254344,0.914960794,0.028338254,20.19270691,0.096724721,0.003638417,2.473335147,0.200096654,0.094434482,2025,16,4047365,18.94133765,,,,
68.08287468,0.389939692,0.043125843,23.07308013,0.132497083,0.012737231,2.943167366,0.149095635,0.070913051,2025,16,4596448,15.16721954,,,,
,,,61.32557891,0.473624693,0.02369362,4.965982403,0.073085933,0.040928122,2025,16,4239993,13.90775145,,,,
1.570483888,0.039254199,0.002514277,45.69870484,0.377984454,0.031798456,4.36027707,0.061855442,0.033943182,2025,16,4431459,11.59299896,,,,
3.773093415,0.04008629,0.000836412,79.43564532,0.46568652,0.011457353,4.581514473,0.056831606,0.031209278,2025,16,4426388,15.90069418,,,,
54.20401361,0.46750949,0.012894042,22.82847785,0.115043891,0.004410758,2.95993266,0.110826918,0.0531045,2025,16,4432710,14.08983069,,,,
4.9292121,0.030934297,0.000852732,68.34326291,0.187995076,0.008621257,5.249551991,0.107945496,0.058960687,2025,16,4429615,13.79425233,,,,
61.17969703,0.431494471,0.020252053,20.14517737,0.12707324,0.006896017,2.461146787,0.128702874,0.060972245,2025,16,4239996,13.88078814,,,,
53.05386909,0.512939823,0.023779595,19.56393319,0.090244607,0.005384173,2.202265324,0.126365144,0.060024348,2025,16,4259545,13.02476697,,,,
80.1034345,0.425234862,0.044602236,17.10513101,0.12286309,0.008497611,2.200958545,0.136899944,0.064541272,2025,16,4038815,15.19113196,,,,
,,,58.60226668,0.387089662,0.010585884,4.461182501,0.058884187,0.032975145,2025,16,4612826,12.60072262,,,,
,,,55.23808226,0.41994664,0.032014174,5.03137477,0.064572432,0.036160562,2025,16,3128429,13.06827406,,,,
76.10404699,0.669762127,0.027769064,10.89122197,0.075398608,0.003188933,2.049908264,0.160876941,0.075682041,2025,16,4361579,15.13519948,,,,
1.586671352,0.034168742,0.000593819,,,,,0.449233366,0.215216905,2025,16,12483,14.74312548,244.8404043,1.566045746,0.023946753,0.6544403
10.63715025,0.141937928,0.0058849,,,,,0.470929151,0.225352479,2025,16,2577417,16.87924234,257.2563913,1.648930978,0.069740428,0.817522759
,,,63.76039329,0.467850598,0.033692007,5.051551946,0.063208726,0.035396886,2025,16,4361370,14.23295311,,,,
81.02569273,0.359608724,0.042633439,15.93209839,0.101858008,0.011938201,2.020788872,0.208192456,0.097709249,2025,16,4427366,14.40458916,,,,
,,,51.84690938,0.260194344,0.013068676,4.501995933,0.041805589,0.02341113,2025,16,15847,11.22827203,,,,
,,,56.43066344,0.255019801,0.018999534,4.894893982,0.029776449,0.016674811,2025,16,4360248,12.07351458,,,,
,,,61.77908874,0.331978867,0.018820112,4.453639837,0.051508523,0.028844773,2025,16,4372016,12.60473459,,,,
55.34432808,0.55612852,0.01607619,21.55248735,0.08119467,0.003347114,2.75383425,0.121015121,0.057699748,2025,16,4569987,14.27610307,,,,
,,,56.37076325,0.541372607,0.037443089,4.231170572,0.062633946,0.03507501,2025,16,4685472,13.1228747,,,,
,,,62.53940266,0.350996296,0.014169997,4.817505332,0.054796743,0.030686176,2025,16,4241478,13.14583702,,,,
,,,54.2574178,0.215216515,0.008251355,4.518966261,0.056323744,0.031541297,2025,16,2976212,11.19091525,,,,
49.60764897,0.294551082,0.004664076,16.14399212,0.064791491,0.001074237,2.157197204,0.073174629,0.034737734,2025,16,4567048,10.83234991,,,,
10.25572143,0.097963208,0.008713402,,,,,0.370008502,0.177129919,2025,16,3915511,17.13252933,246.12475,1.813457874,0.090720315,0.717015578
36.35414266,0.209660965,0.005779495,,,,,0.550049735,0.262137958,2025,16,3916387,16.00706478,205.7321164,1.145670433,0.052539242,0.652581609
51.50479215,0.556361908,0.038547025,14.68842885,0.103769605,0.007910763,2.583579891,0.12775803,0.060765738,2025,16,4568490,13.13844717,,,,
,,,35.43826368,0.306844549,0.012977784,4.526929902,0.090538598,0.050701615,2025,16,4242355,9.8387639,,,,
,,,67.78423591,0.43566609,0.030715192,5.719906636,0.063421523,0.035516053,2025,16,3040151,15.10439905,,,,
61.68664224,0.505066209,0.015724712,15.65448942,0.081447163,0.002227366,2.063784904,0.137790412,0.06516358,2025,16,4685382,13.2261913,,,,
,,,52.79858961,0.296116858,0.024911233,5.536788954,0.073621621,0.041228108,2025,16,4035687,12.56265931,,,,
,,,52.84690678,0.357380597,0.034355769,3.520655297,0.052116201,0.029185072,2025,16,4567750,10.96134495,,,,
4.82187363,0.053140771,0.004049209,53.93333714,0.274630194,0.025545593,4.607234072,0.112576649,0.060999727,2025,16,3126486,12.42636004,,,,
,,,51.42845946,0.348101843,0.014053146,4.734994554,0.046841829,0.026231424,2025,16,3121023,11.943331,,,,
15.70698834,0.231362481,0.016029738,,,,,0.374914344,0.179241897,2025,16,4426338,16.19550915,222.0417068,1.50470217,0.11470933,0.78836793
,,,63.39174826,0.328574506,0.030563393,4.293501609,0.062612327,0.035062903,2025,16,3121422,12.59677445,,,,
,,,60.8306886,0.397002467,0.038164704,4.381014235,0.05674557,0.031777519,2025,16,16737,12.86037227,,,,
37.91905698,0.44934406,0.00937569,11.75275152,0.044040711,0.00108354,1.551365098,0.093459141,0.04441394,2025,16,4035538,9.41341115,,,,
,,,64.83614495,0.419992872,0.021163387,5.153017814,0.057845452,0.032393453,2025,16,4360761,14.13565941,,,,
1.356566608,0.011575197,0.000543278,58.44726976,0.335128225,0.018186755,3.716628288,0.051126021,0.028331973,2025,16,4432773,11.75937858,,,,
23.84831051,0.11191494,0.003484355,,,,,0.397773281,0.190043254,2025,16,4038941,18.61969279,253.204505,1.809167429,0.049475969,0.768905981
,,,56.00499275,0.43871605,0.022106846,3.989768864,0.063412535,0.03551102,2025,16,4432708,12.19743009,,,,
1.635625321,0.012958884,0.00051706,60.57758895,0.303929066,0.016076963,5.419574724,0.073304929,0.040691453,2025,16,4569587,13.49596699,,,,
,,,62.31760541,0.40466704,0.028529706,4.251640742,0.078155677,0.043767179,2025,16,3886598,12.88299258,,,,
3.793830736,0.041390602,0.001942654,51.40674111,0.356967658,0.019371939,4.760355951,0.062926085,0.034440374,2025,16,3916433,12.64597313,,,,
,,,47.19027052,0.351698585,0.013484049,3.559910667,0.034659089,0.01940909,2025,16,3046439,10.37819115,,,,
18.79848919,0.096334214,0.010654197,,,,,0.542033188,0.25922091,2025,16,3052587,16.64474969,236.5081377,1.505128408,0.144691244,0.550236356
22.96648275,0.214249323,0.009932475,,,,,0.487569155,0.232821103,2025,16,4431611,17.6863592,218.7518585,1.652498545,0.098591362,0.510079502
2.828711812,0.033300466,0.000694824,,,,,0.405707618,0.194409346,2025,16,3046779,17.61772097,270.7900166,1.906151152,0.046897315,0.519131931
63.36100663,0.311657685,0.012435161,18.2388438,0.094356016,0.004991159,2.28084987,0.150498538,0.071115095,2025,16,4360516,12.77351157,,,,
11.61049473,0.188015828,0.011752282,,,,,0.434195798,0.207616039,2025,16,4361741,17.46149247,267.8422981,1.62201004,0.114354434,0.938912705
2.805681045,0.028846914,0.001337326,59.53577212,0.50781899,0.030297495,4.442409946,0.075139117,0.04124432,2025,16,3915416,13.87931769,,,,
34.02995246,0.368898872,0.010663881,32.55766086,0.164418781,0.006777887,4.76056184,0.133058306,0.066211229,2025,16,4371733,14.59080738,,,,
64.43042602,0.204671119,0.015705168,25.16384919,0.166208738,0.009934482,3.0097134,0.174887773,0.084031659,2025,16,3042519,14.08225605,,,,
28.94533145,0.445407156,0.017771773,,,,,0.458504062,0.218792848,2025,16,4689114,17.87553715,205.1383942,1.361125899,0.071999598,0.547777673
67.85802819,0.361509646,0.006495909,12.72123345,0.035392908,0.000565399,1.993453517,0.181924218,0.085570968,2025,16,3916148,12.28057569,,,,
2.198008905,0.040147899,0.001106713,30.1271671,0.32506995,0.014907366,3.155828128,0.047257085,0.025751876,2025,16,3116365,8.56142523,,,,
1.680478977,0.012901933,0.000969033,56.16568158,0.223943761,0.018387975,5.315874365,0.07218333,0.039854938,2025,16,5083076,12.48247672,,,,
,,,66.1280471,0.442161229,0.018227352,4.242283174,0.056683069,0.031742519,2025,16,4047650,13.48251892,,,,
29.4476042,0.331586606,0.009145251,17.6684924,0.08244907,0.00316108,2.168393052,0.140966135,0.067892442,2025,16,4569173,9.25676455,,,,
,,,45.20999055,0.335747496,0.009181811,4.191717996,0.08383436,0.046947242,2025,16,15818,10.65388517,,,,
0.740351789,0.003908205,0.000447571,57.98353235,0.269016293,0.01732747,6.078080039,0.038082217,0.021215216,2025,16,4432665,13.58214309,,,,
5.045346152,0.042321244,0.001788517,59.53906968,0.303252162,0.015231324,4.004065935,0.061823958,0.033625331,2025,16,4683062,12.50436897,,,,
,,,44.57696413,0.221008588,0.016322062,3.764181425,0.061899422,0.034663676,2025,16,4373678,9.57293683,,,,
,,,49.14646184,0.366832966,0.021926017,3.401379412,0.044056742,0.024671775,2025,16,4429205,10.51269588,,,,
19.55428585,0.35913661,0.01685596,,,,,0.501283107,0.239483194,2025,16,4360310,16.59251003,219.9094965,1.422570458,0.077200125,0.863402847
13.97696193,0.069236183,0.00214439,,,,,0.50038241,0.239382603,2025,16,4036378,17.30779449,254.5358177,1.721080918,0.064740537,0.619639913
82.74031584,0.413510683,0.031057803,17.09240737,0.068462164,0.005621414,2.586384706,0.087276513,0.04127263,2025,16,4685702,15.45461128,,,,
0.876802598,0.008789379,0.000272225,56.55449258,0.437937485,0.016473547,3.431963568,0.053459458,0.029741837,2025,16,4248528,11.83087214,,,,
,,,47.80116883,0.298543918,0.028699672,4.167568944,0.044280014,0.024796808,2025,16,3116165,10.74792506,,,,
,,,36.48516899,0.246980152,0.01824013,3.041308258,0.042291377,0.023683171,2025,16,4385690,8.16193599,,,,
15.78448891,0.122997505,0.010649462,,,,,0.556682486,0.266332901,2025,16,2578570,18.74200722,267.6297099,1.84700307,0.093070248,0.6785505
49.23411437,0.504360666,0.02338187,11.80228179,0.068746238,0.004101538,1.481454218,0.05951288,0.028020562,2025,16,4608686,11.02423295,,,,
40.48356132,0.393472408,0.006230448,6.467690137,0.017312811,0.000287045,0.943359784,0.052687201,0.024646604,2025,16,4426385,8.06833002,,,,
48.7278701,0.216846298,0.022744677,13.04296003,0.092877324,0.006423698,1.795295561,0.086843493,0.041152045,2025,16,4241416,9.85111348,,,,
,,,42.21361543,0.365074987,0.013732736,3.15933112,0.059263983,0.033187831,2025,16,4361432,9.57807719,,,,
,,,38.58040496,0.249370085,0.017958252,3.807752641,0.05224517,0.029257295,2025,16,3929645,9.14079556,,,,
,,,41.52797338,0.351447253,0.009611158,2.866516118,0.043142536,0.02415982,2025,16,4429025,9.10003965,,,,
,,,36.03120633,0.206335214,0.012332887,3.906301082,0.030478379,0.017067892,2025,16,4036133,8.73876699,,,,
,,,39.88797,0.314505246,0.02734288,4.193139269,0.032737109,0.018332781,2025,16,3117256,10.08785194,,,,
1.192133988,0.009488203,0.000657381,33.31985032,0.249186666,0.018996474,2.754305113,0.050502472,0.027894353,2025,16,4431280,7.74240376,,,,
,,,43.11699145,0.186710737,0.01533078,2.814756247,0.045045832,0.025225666,2025,16,4241463,8.22811804,,,,
42.68007121,0.533805323,0.022558875,13.60044848,0.089964856,0.004518629,1.709987123,0.100325019,0.047496868,2025,16,3059915,11.04246744,,,,
16.25676534,0.070350589,0.006579667,,,,,0.350251894,0.167435869,2025,16,4432577,17.41262337,227.2117383,1.821957271,0.158399773,0.507891226
4.545294161,0.024257489,0.000384106,45.66795606,0.211864673,0.003512698,3.053000503,0.077009727,0.041530475,2025,16,4032473,9.69205629,,,,
50.38717069,0.29194268,0.012337641,9.880103063,0.051894672,0.002606493,1.286232161,0.091539531,0.043008489,2025,16,4361529,9.32227294,,,,
,,,41.97076016,0.325767024,0.008908871,3.652486001,0.044437351,0.024884917,2025,16,4595342,9.77338807,,,,
,,,41.29702697,0.331058086,0.0198,3.781923015,0.046012125,0.02576679,2025,16,4723086,9.88725265,,,,
12.95771326,0.110729533,0.012246264,12.43052137,0.078814938,0.00757665,1.91050606,0.036589011,0.018230381,2025,16,4697815,5.59074742,,,,
39.85864913,0.245526483,0.021258357,20.63095082,0.106800975,0.005381687,2.873521673,0.074825253,0.036155205,2025,16,4240657,11.01939009,,,,
57.79706375,0.324940952,0.024933914,3.300835891,0.014230416,0.000850568,0.488548852,0.137424784,0.063831426,2025,16,4360569,8.56090314,,,,
6.094425068,0.044496273,0.001378143,48.12814505,0.279864687,0.010527448,3.866160649,0.09295223,0.050490347,2025,16,4362249,11.15986791,,,,
,,,38.6736263,0.251526245,0.021159987,2.738217294,0.04098025,0.02294894,2025,16,4360078,8.11223949,,,,
39.4132597,0.324835491,0.010113416,12.40040544,0.069789443,0.001908558,1.47098379,0.090028055,0.04265487,2025,16,4430968,8.96121012,,,,
5.238273507,0.037372954,0.000591783,,,,,0.552876249,0.264793789,2025,16,3912547,13.89258228,261.1602652,1.263992784,0.020956892,0.942977153
28.2697941,0.155330627,0.011835849,2.812219823,0.015299463,0.001423128,0.417427746,0.096878275,0.045136983,2025,16,4575131,4.48820967,,,,
,,,44.05300137,0.20490217,0.00339726,3.271290387,0.053132573,0.029754241,2025,16,2977187,8.85469358,,,,
,,,35.53333905,0.222648447,0.018730603,3.9794937,0.057895087,0.032421249,2025,16,4688813,8.89218402,,,,
,,,30.41834767,0.189391942,0.014110115,2.114921618,0.032449345,0.018171633,2025,16,4040655,6.285843,,,,
,,,37.17447881,0.309450454,0.016369028,3.213202508,0.031274307,0.017513612,2025,16,4429148,8.78589195,,,,
34.96501909,0.266448441,0.004630614,4.462233545,0.023353182,0.000357099,0.742351959,0.03966689,0.018569795,2025,16,4429096,6.3977728,,,,
1.062120171,0.021035399,0.000333086,35.1475875,0.258075553,0.004278871,3.552044279,0.058522568,0.032010733,2025,16,4576297,8.79442521,,,,
2.148709475,0.005959167,0.000682448,45.561785,0.099033846,0.006378818,3.502336847,0.035774219,0.019696455,2025,16,4428718,8.88308991,,,,
,,,27.38665313,0.11806103,0.009000254,3.304399868,0.042849706,0.023995835,2025,16,3051876,6.7225742,,,,
52.26623879,0.437838348,0.04094963,6.741909998,0.031416838,0.002731359,0.902641008,0.079954314,0.037300248,2025,16,3128720,9.63386048,,,,
18.32129741,0.138507163,0.004289857,5.444499284,0.027827303,0.001046758,0.739979481,0.038648348,0.018393638,2025,16,4887558,4.10501114,,,,
0.722989603,0.004376205,0.000518821,52.05215645,0.30168444,0.035358727,3.724462055,0.07711023,0.04291963,2025,16,4597500,10.82629037,,,,
49.6046034,0.364941229,0.027807713,2.77474807,0.012895934,0.001199556,0.42051617,0.070952709,0.032888691,2025,16,4362619,7.91958345,,,,
,,,34.0128566,0.213626873,0.011593114,3.491398041,0.043050568,0.024108318,2025,16,4430539,8.15054853,,,,
1.702187341,0.011460006,0.00035494,15.56194869,0.097290038,0.003659682,1.265902311,0.028243832,0.015334554,2025,16,4701936,3.62292031,,,,
,,,36.77652935,0.306100921,0.026612214,3.22554763,0.059684659,0.033423409,2025,16,4877706,8.7277617,,,,
36.40667835,0.299432339,0.011947369,7.396474015,0.035445677,0.001874973,1.08729901,0.08057313,0.037891319,2025,16,4040761,7.47427169,,,,
1.205321027,0.009979298,0.000468375,25.75835467,0.152366588,0.008268638,2.158993722,0.047790502,0.026301618,2025,16,4432620,5.99792991,,,,
16.63135939,0.096200709,0.001728615,24.63623039,0.105389774,0.001683594,3.385326805,0.046748868,0.02356124,2025,16,4428557,8.68256662,,,,
36.90932034,0.419829585,0.023932607,7.759275656,0.026997513,0.002011374,1.06595701,0.040175024,0.018944349,2025,16,4373626,8.22884046,,,,
20.9319627,0.216448232,0.016608869,,,,,0.628179919,0.300246558,2025,16,4433970,17.02819602,239.272064,1.687610784,0.100870385,1.168020367
13.45896082,0.22990022,0.013113155,5.58068304,0.048204604,0.003471428,0.642776083,0.061549091,0.029241991,2025,16,2468609,4.32879996,2.264524242,0.015129355,0.001030084,0.008019595
,,,34.28858055,0.383819034,0.005869062,3.867137857,0.042215345,0.023640593,2025,16,4242557,9.56448305,,,,
,,,38.60930901,0.377163059,0.021381636,3.216011039,0.027388937,0.015337805,2025,16,2576925,9.35273396,,,,
,,,23.5995497,0.122603449,0.011786134,2.411404691,0.030677984,0.017179671,2025,16,4243331,5.49700328,,,,
,,,39.37455437,0.215909416,0.008277921,2.675037023,0.039598528,0.022175176,2025,16,4429022,7.88119845,,,,
4.664485018,0.077434651,0.002238429,,,,,0.410634823,0.196789156,2025,16,8439,14.83567919,253.6499221,1.385727562,0.057124285,0.760145732
24.68292168,0.291960718,0.01665299,,,,,0.385281059,0.183736415,2025,16,4360689,16.82206675,211.8319777,1.415255831,0.10197833,0.706140985
4.714589106,0.046813738,0.000841189,41.19033837,0.271713735,0.004340607,3.524283956,0.082931998,0.044669959,2025,16,4431268,10.32573428,,,,
,,,45.86366748,0.264262445,0.013978714,2.98250895,0.059650179,0.0334041,2025,16,3916945,9.1171716,,,,
,,,44.99292997,0.271427469,0.013632878,3.425389582,0.063468422,0.035542316,2025,16,4241372,9.51110252,,,,
23.45660013,0.181040147,0.011316254,4.055034476,0.02012114,0.001418574,0.491519784,0.053042197,0.024767896,2025,16,4241474,4.48453363,,,,
50.87564253,0.274469108,0.015655296,11.84814137,0.059425637,0.004279505,1.602655963,0.109231094,0.051560796,2025,16,4569682,9.81803683,,,,
15.49335285,0.166784274,0.018445705,,,,,0.037308432,0.017161879,2025,16,4430871,2.60070777,,,,
,,,29.59276605,0.217423204,0.0099708,2.618840522,0.039019179,0.02185074,2025,16,4361050,6.85992847,,,,
,,,26.73074276,0.297166855,0.020553026,2.324457441,0.039814619,0.022296187,2025,16,4430034,6.77809653,,,,
9.153727959,0.069124129,0.002010428,1.840356804,0.00724239,0.000292381,0.219923534,0.027071468,0.012732389,2025,16,4429013,1.75738596,,,,
16.8485934,0.09719648,0.010194791,,,,,0.459872004,0.219890099,2025,16,4685720,16.25166384,201.4880424,1.89170543,0.130836496,0.748560087
,,,16.88883109,0.045738396,0.002946032,1.894302939,0.018437372,0.010324928,2025,16,4429086,3.84334523,,,,
33.35931168,0.145392948,0.01107862,,,,,0.657432657,0.313620063,2025,16,2576980,14.91257867,212.743757,1.100740684,0.102388864,0.912729024
1.396175864,0.011581466,0.001280866,2.246961038,0.01773822,0.001705213,0.198188729,0.008057762,0.004073294,2025,16,4608810,0.73645911,,,,
15.41151229,0.093383219,0.007013791,,,,,0.383305404,0.183447798,2025,16,4432762,12.97442914,222.686509,0.963318947,0.079097917,0.851612688
2.856058124,0.015978554,0.001894339,37.46267764,0.168348289,0.019731151,3.943177545,0.088467357,0.048503652,2025,16,4567096,9.02958986,,,,
6.030052512,0.037859808,0.001719574,29.16255727,0.170860618,0.009686207,2.536079377,0.066071372,0.035340434,2025,16,4569603,7.41362495,,,,
,,,43.91281331,0.349627711,0.024181389,3.732085659,0.068817222,0.038537644,2025,16,4695883,10.19423875,,,,
14.75800821,0.07545965,0.003427341,5.058070008,0.019628832,0.001112772,0.617650608,0.029967101,0.014320872,2025,16,4682745,3.1510198,,,,
2.179208958,0.050126034,0.00144901,24.5402565,0.118182628,0.00487188,2.361357334,0.045223046,0.024562788,2025,16,3054212,6.00786606,,,,
36.53388789,0.193475641,0.016751652,17.86611296,0.087893742,0.004428954,2.440239891,0.079967793,0.038726465,2025,16,4362478,9.53547656,,,,
,,,13.10549964,0.059554673,0.002455041,0.991942063,0.019838841,0.011109751,2025,16,4243389,2.70828669,,,,
3.625069831,0.027134513,0.00187999,10.49656295,0.060728907,0.004629602,0.976887274,0.033253645,0.017250451,2025,16,4686472,3.05101794,,,,
,,,17.67080534,0.15109148,0.013135794,1.539405993,0.02609695,0.014614292,2025,16,3895856,4.21076841,,,,
,,,26.96681383,0.13696152,0.006280911,1.906815121,0.028123649,0.015749244,2025,16,4360939,5.40707296,,,,
,,,36.28418317,0.182923331,0.002922187,2.654610697,0.049120197,0.02750731,2025,16,4883647,7.33269475,,,,
2.99469055,0.055140726,0.003143326,,,,,0.481534977,0.230813989,2025,16,14880,14.68938681,250.4758288,1.430756327,0.106594483,0.726776351
2.763275845,0.025721838,0.001647513,,,,,0.456178525,0.218796313,2025,16,5529,12.96930582,218.1603099,1.434054476,0.120641781,0.871514528
,,,29.15521389,0.146151582,0.012000476,2.253897391,0.039804112,0.022290303,2025,16,4369863,6.02679862,,,,
,,,31.48693929,0.093035721,0.001486239,3.079287451,0.035416785,0.0198334,2025,16,4360635,6.75043738,,,,
36.7945156,0.189046023,0.016814823,6.23555822,0.032078121,0.001604745,0.89601406,0.143055839,0.067234027,2025,16,3116389,6.4547247,,,,
11.64758734,0.018066369,0.002068974,,,,,0.513534023,0.245754538,2025,16,15864,10.099829,224.2578324,0.653461432,0.042089767,1.18392769
23.38259416,0.184703363,0.008389138,,,,,0.031586376,0.014529733,2025,16,4711533,3.4350324,,,,
10.89986178,0.083780266,0.001505434,,,,,0.576642589,0.275959406,2025,16,4688380,13.37953159,225.2260574,1.116546435,0.017836749,0.595184888
3.660602101,0.029191062,0.000805098,23.60868446,0.111054555,0.004257808,1.853554096,0.050941819,0.027140345,2025,16,4427095,5.37914558,,,,
,,,22.77482983,0.104568745,0.007372272,1.794212504,0.033116134,0.018545035,2025,16,3045523,4.67763843,,,,
1.356419555,0.008227416,0.000731793,18.21549687,0.15503603,0.007755856,1.70444175,0.028462688,0.015615919,2025,16,4368003,4.62770753,,,,
,,,28.01577943,0.138543121,0.005711207,2.71005213,0.038536544,0.021580465,2025,16,4361411,6.31217028,,,,
,,,44.76640191,0.204308713,0.007833153,3.10355928,0.045676063,0.025578595,2025,16,2991662,8.77176687,,,,
,,,13.10325783,0.075225773,0.003101056,1.366096657,0.021738883,0.012173774,2025,16,16460,3.11020584,,,,
,,,15.37807007,0.155055872,0.003814862,1.224101354,0.02265044,0.012684246,2025,16,5123663,3.67510303,,,,
6.119950375,0.04154506,0.001887256,1.537799747,0.009848394,0.00072733,0.201901486,0.013247147,0.006251296,2025,16,4429501,1.42487481,,,,
47.56499183,0.388725159,0.036356229,6.754550416,0.035515894,0.003087729,0.905326109,0.110502889,0.051619213,2025,16,4429939,8.86129214,,,,
,,,24.77551758,0.282090726,0.014111913,2.756959609,0.027188371,0.015225488,2025,16,3116164,6.92554857,,,,
,,,31.4058996,0.182061154,0.007700154,2.671263856,0.049428342,0.027679872,2025,16,5083754,6.8655633,,,,
,,,29.89593103,0.150721441,0.005669569,2.973464824,0.037316882,0.020897454,2025,16,4428085,6.8379148,,,,
18.15445439,0.089693071,0.010633569,5.938916438,0.025032082,0.002933869,0.884531785,0.035354875,0.016879072,2025,16,4695404,3.97653252,,,,
,,,9.313259643,0.046642931,0.00178828,0.577471103,0.010685369,0.005983806,2025,16,4613202,1.87760779,,,,
,,,24.70977892,0.270483543,0.019975917,2.167566719,0.018459933,0.010337562,2025,16,3930086,6.28120978,,,,
,,,14.45082946,0.08413697,0.003858433,1.165622262,0.019117238,0.010705653,2025,16,15795,3.10233719,,,,
13.47085276,0.077567969,0.005910507,10.11537543,0.037258565,0.003465723,1.496178642,0.047940655,0.023625343,2025,16,3127586,4.62391703,,,,
5.00040965,0.033243884,0.001029633,8.923526664,0.041509444,0.001561428,1.232551584,0.015835442,0.008142431,2025,16,3149687,3.06278064,,,,
,,,1.824510861,0.007060174,0.000285025,0.228994902,0.002412149,0.001350803,2025,16,4431545,0.51210493,,,,
,,,28.11050971,0.191909633,0.005248223,2.29190093,0.042408713,0.02374888,2025,16,4686612,6.21853039,,,,
,,,19.71460856,0.142429075,0.002177915,1.655268143,0.030628633,0.017152034,2025,16,4710855,4.45216521,,,,
,,,23.75200562,0.124154287,0.009169119,1.817135582,0.028829277,0.016144395,2025,16,4242433,4.92407331,,,,
4.314860376,0.032313172,0.00136557,6.405149102,0.039513515,0.001984629,0.736548216,0.019176254,0.009622719,2025,16,4596602,2.27639993,,,,
,,,36.8314631,0.206410432,0.010367293,3.101024631,0.054933147,0.030762562,2025,16,3120348,7.983295,,,,
,,,33.4733024,0.063590876,0.004095919,3.198210957,0.059178828,0.033140144,2025,16,4603186,6.870558,,,,
,,,35.72127735,0.22631744,0.017253063,3.31616314,0.061361384,0.034362375,2025,16,4600981,8.21359689,,,,
7.212579705,0.033207227,0.001376808,13.05424494,0.084417383,0.003570377,1.155476573,0.047892403,0.024341459,2025,16,3676833,4.06803571,,,,
0.846903251,0.006593573,0.000204217,7.469980148,0.050778103,0.00191008,0.569762543,0.014000087,0.007579565,2025,16,4428850,1.73512,,,,
,,,35.69795574,0.239003604,0.014259432,3.119038736,0.061078403,0.034203906,2025,16,3917914,8.08458099,,,,
0.876048578,0.004930233,0.000378315,37.90133204,0.308547352,0.018442221,2.725213686,0.049929132,0.027738074,2025,16,4382466,8.46730218,,,,
,,,20.43147668,0.237769244,0.012577301,2.038800729,0.040635721,0.022756004,2025,16,4242540,5.48928046,,,,
26.246614,0.150589115,0.004151126,7.510976559,0.036161675,0.001658336,1.048159088,0.05739385,0.027306183,2025,16,4596334,5.54929541,,,,
,,,22.68446799,0.020123449,0.001296161,2.516058806,0.037292443,0.020883768,2025,16,2577327,4.86705509,,,,
,,,11.53179826,0.082972082,0.007976285,0.965504188,0.017865428,0.01000464,2025,16,4430834,2.6129314,,,,
11.8676931,0.070207083,0.003189278,20.45773613,0.134914187,0.009963766,2.088397469,0.046984404,0.023665772,2025,16,3915411,6.55108626,,,,
13.86595075,0.099019871,0.004497435,,,,,0.446028002,0.213385865,2025,16,4889929,14.23191653,219.6909331,1.397265991,0.079211979,0.938953081
1.600723264,0.013218861,0.001236318,6.611380423,0.056875144,0.004944688,0.622693934,0.016844071,0.008900489,2025,16,4586312,1.9663844,,,,
16.7843181,0.135293229,0.005609404,1.700912266,0.008015488,0.00033901,0.262690735,0.029435863,0.013723388,2025,16,4240603,2.95629613,,,,
6.422282688,0.104561135,0.004418805,,,,,0.59584241,0.285293125,2025,16,4038524,15.27929073,261.5149535,1.426711047,0.071658839,0.877517858
,,,28.79874876,0.177871174,0.00733244,2.559122576,0.034565171,0.019356496,2025,16,4430802,6.48308838,,,,
16.47039606,0.107791414,0.007468229,2.714067365,0.015586839,0.001188246,0.588225167,0.033895295,0.01601578,2025,16,4722893,3.23311642,,,,
,,,23.97449074,0.196509324,0.011724139,2.361002385,0.025493632,0.014276434,2025,16,4258595,5.93307481,,,,
,,,24.67945193,0.128823312,0.009277141,1.885624297,0.034891081,0.019539005,2025,16,4372758,5.10690963,,,,
,,,21.19675661,0.106034751,0.001621401,1.619679905,0.024929521,0.013960532,2025,16,4360797,4.35154581,,,,
,,,23.49345728,0.118765772,0.004895919,1.419260524,0.021658345,0.012128673,2025,16,3051738,4.46730718,,,,
45.81297752,0.25282645,0.014420832,11.61697338,0.058421835,0.004207217,1.594532561,0.1050979,0.049732717,2025,16,4569609,9.19348272,,,,
,,,18.50042348,0.128308393,0.00947591,1.481671817,0.020862576,0.011683043,2025,16,16731,4.09770106,,,,
,,,4.834687997,0.00847305,0.000545753,0.427315403,0.007906928,0.00442788,2025,16,4432775,0.95406705,,,,
,,,30.62844793,0.227996483,0.003642227,3.392850739,0.041278543,0.023115984,2025,16,4686728,7.78581892,,,,
10.17043763,0.030829117,0.003530574,4.735623877,0.01935243,0.001246499,0.82041218,0.033685604,0.016362039,2025,16,2576414,2.65755096,,,,
,,,11.14136707,0.053103957,0.004939632,0.802242227,0.012640408,0.007078629,2025,16,2576581,2.23105828,,,,
0.878994268,0.007445972,0.000696398,17.87400103,0.144673342,0.012577806,1.382274016,0.022590544,0.012437828,2025,16,4686422,4.17255858,,,,
,,,16.76253217,0.175612109,0.012145904,1.906098987,0.024905847,0.013947274,2025,16,4431588,4.63308212,,,,
,,,14.37329903,0.074974579,0.006973997,1.227612078,0.022715401,0.012720625,2025,16,4602667,3.31742892,,,,
0.816760584,0.004333429,0.00051375,25.93615017,0.079159469,0.009277834,2.481480048,0.048341537,0.02682877,2025,16,4569371,5.84277522,,,,
,,,39.20576698,0.169554404,0.002708619,2.856817775,0.037003247,0.020721818,2025,16,3930066,7.7596725,,,,
,,,17.25852714,0.110002205,0.004440876,1.22019595,0.015804723,0.008850645,2025,16,4361409,3.59765936,,,,
0.468374371,0.004974711,0.000310954,10.12882126,0.050350418,0.003549789,1.212683478,0.011010069,0.006057799,2025,16,16002,2.6002501,,,,
,,,26.59691761,0.145954322,0.010873917,2.063538195,0.038183151,0.021382565,2025,16,3871102,5.57894659,,,,
,,,12.16473006,0.102414924,0.001566049,1.063896799,0.01294372,0.007248483,2025,16,4570037,2.88383648,,,,
5.566971227,0.049996954,0.004676056,8.625712946,0.058917273,0.005122229,1.154905681,0.019685651,0.009932196,2025,16,2983509,3.22791124,,,,
1.600139942,0.007338215,0.000551156,32.46002599,0.170205235,0.013975516,2.177461666,0.044489542,0.024494305,2025,16,4808839,6.62997969,,,,
12.78772142,0.095582416,0.006122164,11.56798146,0.081340463,0.006842877,1.861875349,0.037984054,0.01900165,2025,16,2576336,5.46906186,,,,
,,,20.18981536,0.093750971,0.004708792,1.799258217,0.015323259,0.008581025,2025,16,4240472,4.37340551,,,,
2.647819057,0.020836038,0.001443606,8.437626803,0.045850704,0.003495378,1.316999403,0.017429835,0.009163877,2025,16,4362748,2.90315743,,,,
,,,22.71062359,0.109406446,0.006202327,1.785710756,0.017380438,0.009733045,2025,16,4367209,4.70660936,,,,
14.01983605,0.074702344,0.008856342,,,,,0.578331673,0.276561578,2025,16,4429435,10.54859335,185.8403514,0.936480804,0.10975962,1.090245178
0.746817994,0.006081144,0.000380113,22.41327774,0.143990999,0.010151607,1.471443211,0.032062359,0.017691572,2025,16,3043116,4.67441194,,,,
5.346723495,0.024072759,0.001847191,1.720961814,0.008316798,0.000497104,0.243431265,0.010957247,0.005252186,2025,16,4257364,1.13901056,,,,
,,,15.08637953,0.106940867,0.009947442,1.519558506,0.018487451,0.010352972,2025,16,4690923,3.6695184,,,,
16.86981257,0.12125772,0.005691192,7.482953561,0.045309864,0.002458878,1.192575483,0.048497614,0.023346772,2025,16,4911851,4.69044546,,,,
,,,10.29767652,0.057625017,0.001417757,0.968128213,0.018719329,0.010482824,2025,16,2973405,2.41583678,,,,
,,,11.14273436,0.057787988,0.004267794,0.824560959,0.015257452,0.008544173,2025,16,4241476,2.27741217,,,,
,,,2.396248978,0.020161438,0.001008599,0.195137219,0.003610766,0.002022029,2025,16,4690070,0.55379928,,,,
,,,11.6611294,0.145751839,0.010080671,1.17674061,0.016440216,0.009206521,2025,16,4372780,3.21954668,,,,
,,,6.60102828,0.049627838,0.002098976,0.684236988,0.008324653,0.004661806,2025,16,4372096,1.63720078,,,,
,,,14.74571328,0.077631306,0.001187078,1.28702392,0.023814742,0.013336255,2025,16,4569382,3.2465185,,,,
,,,10.74527199,0.090990467,0.005428673,0.943886593,0.018877732,0.01057153,2025,16,4039050,2.72805652,,,,
,,,20.44433414,0.155801261,0.011877339,1.989641237,0.039792825,0.022283982,2025,16,4039057,4.94911893,,,,
,,,13.67076777,0.1255636,0.007505077,1.329451138,0.019586889,0.010968658,2025,16,3921690,3.44349955,,,,
,,,4.868617877,0.030319992,0.001224042,0.376488475,0.006966441,0.003901207,2025,16,4715355,1.04010008,,,,
,,,8.336577529,0.056558328,0.002849967,0.631987908,0.011694133,0.006548714,2025,16,4692835,2.00296213,,,,
,,,16.67004576,0.154594149,0.002363933,1.882922929,0.022908262,0.012828627,2025,16,4426553,4.45716901,,,,
,,,10.86380058,0.083487099,0.004981007,0.928631547,0.017183146,0.009622562,2025,16,5160110,2.50710469,,,,
,,,16.74017391,0.131073198,0.009439165,1.288922242,0.023849868,0.013355926,2025,16,3127306,3.84482844,,,,
,,,9.701459227,0.046435532,0.001780328,0.942531438,0.011454391,0.006414459,2025,16,3043275,2.18232469,,,,
,,,13.45043401,0.100482973,0.005315257,1.482910263,0.017803512,0.009969966,2025,16,4361516,3.42201188,,,,
1.596149794,0.011543921,0.000357539,2.451852379,0.017592872,0.000661777,0.211155955,0.008727091,0.004405179,2025,16,4431487,0.85882398,,,,
,,,4.677680189,0.028523375,0.001151511,0.422260839,0.005137365,0.002876924,2025,16,4241374,1.05785388,,,,
,,,3.996059697,0.04089653,0.002828537,0.362762236,0.006712454,0.003758974,2025,16,4708486,1.00606351,,,,
,,,2.005430477,0.015430024,0.000816203,0.169400781,0.003134546,0.001755346,2025,16,4424106,0.59099629,,,,
1.425303834,0.027322072,0.002555347,12.34368985,0.108395544,0.009423838,1.329195781,0.023169823,0.012275262,2025,16,4426496,3.52042069,,,,
2.048463574,0.016696721,0.000692264,3.49655231,0.017234733,0.000728931,0.534707628,0.008967018,0.004590171,2025,16,4383396,1.28669699,,,,
2.368337438,0.016576945,0.000456959,10.34146438,0.047083876,0.002159217,1.467398059,0.017643111,0.009392872,2025,16,4690013,3.17677733,,,,
,,,23.31532378,0.087896388,0.00817596,1.531347536,0.022668512,0.012694367,2025,16,4567156,4.38181963,,,,
16.15373363,0.070139552,0.005268015,12.85202409,0.047204182,0.003875926,1.974032681,0.035859164,0.017869578,2025,16,4035222,5.62298964,,,,
,,,10.1103598,0.070844119,0.003569826,1.075931082,0.014457036,0.00809594,2025,16,4426844,2.50336115,,,,
,,,18.22906534,0.110302625,0.005540125,1.434752775,0.026548276,0.014867035,2025,16,5082630,3.90152324,,,,
,,,17.85588505,0.100726944,0.001540238,1.429009903,0.026442012,0.014807527,2025,16,4386544,3.84808518,,,,
,,,11.40753201,0.052916417,0.003730696,0.75146104,0.015029221,0.008416364,2025,16,4430191,2.32152573,,,,
1.469538386,0.010008559,0.000454584,1.704187176,0.005368022,0.000304317,0.209261617,0.005991143,0.003010325,2025,16,3917668,0.61454921,,,,
,,,12.86222919,0.102952929,0.005587055,1.172817058,0.015191042,0.008506984,2025,16,3134353,3.07131849,,,,
,,,4.722233078,0.026094978,0.000713629,0.505828643,0.005484201,0.003071152,2025,16,3127292,1.13005137,,,,
,,,5.005876624,0.039874777,0.00109047,0.405631889,0.007505703,0.004203193,2025,16,4430870,1.25971149,,,,
,,,4.732357713,0.031117019,0.002193802,0.454369344,0.005528008,0.003095684,2025,16,4040612,1.11264927,,,,
,,,10.49888457,0.094623985,0.007213556,1.255686007,0.014810716,0.008294001,2025,16,3911853,2.87154868,,,,
3.740762416,0.021157821,0.00120681,26.53196106,0.146965067,0.0106,2.084375085,0.049977738,0.02684663,2025,16,4573697,6.11557647,,,,
5.323391998,0.026874255,0.002018461,11.21621173,0.034698685,0.002849102,0.95768716,0.030315928,0.015717405,2025,16,4613104,3.03621105,,,,
,,,8.003621088,0.072232442,0.005334555,0.745524605,0.009070299,0.005079367,2025,16,4573699,1.98003114,,,,
,,,9.940933969,0.109115251,0.007546765,1.006751787,0.012248475,0.006859146,2025,16,4683243,2.65723533,,,,
,,,6.948413115,0.066082481,0.005559279,0.612015768,0.0093103,0.005213768,2025,16,2998565,1.70428899,,,,
0.666627505,0.004020372,0.000308498,,,,,0.001337276,0.000615147,2025,16,4012556,0.09020696,,,,
,,,2.118498502,0.011209822,0.000514071,0.160030167,0.002961155,0.001658247,2025,16,4696882,0.4369286,,,,
,,,16.17601739,0.068802496,0.008063951,2.119429029,0.020628539,0.011551982,2025,16,4361372,4.14341448,,,,
,,,15.79995885,0.109166231,0.010154441,1.634782337,0.029348009,0.016434885,2025,16,4048228,3.85798872,,,,
,,,2.140314555,0.013898249,0.00103545,0.22479088,0.00273488,0.001531533,2025,16,4035020,0.52129166,,,,
,,,2.389163817,0.012818864,0.000542165,0.182973374,0.003659467,0.002049302,2025,16,4426485,0.49588527,,,,
,,,2.354727373,0.009809741,0.00040439,0.21490591,0.003181249,0.001781499,2025,16,4035656,0.50656688,,,,
,,,8.319567254,0.057762444,0.003274593,0.745328846,0.009067917,0.005078034,2025,16,4365395,1.92049275,,,,
,,,10.81371146,0.054984408,0.006444412,1.087871223,0.020129674,0.011272618,2025,16,4429105,2.49002401,,,,
,,,5.641724653,0.041285264,0.001893299,0.567093267,0.006899444,0.003863689,2025,16,4241263,1.37521894,,,,
,,,5.454552476,0.03004867,0.003521835,0.536015707,0.007934631,0.004443394,2025,16,2310331,1.26012926,,,,
,,,13.6915322,0.148787107,0.003660631,1.338415117,0.016283601,0.009118816,2025,16,4608362,3.58980421,,,,
,,,17.69911953,0.155759839,0.005859094,1.783320284,0.021696464,0.01215002,2025,16,4379401,4.47578242,,,,
,,,16.85026162,0.110099644,0.005547907,1.282654307,0.023733888,0.013290977,2025,16,4428811,3.61341619,,,,
,,,13.97726782,0.078770123,0.005553426,0.997378532,0.018455222,0.010334924,2025,16,4431466,2.85865026,,,,
11.0606377,0.075068604,0.006499646,2.05954513,0.011732723,0.00059121,0.280305269,0.024520995,0.011523601,2025,16,4431431,2.10491402,,,,
3.477616144,0.028257432,0.00195779,3.095939088,0.014829092,0.00113048,0.542941808,0.012682835,0.006306613,2025,16,3929914,1.45271459,,,,
,,,8.932395514,0.088648376,0.006383965,0.815169782,0.010951369,0.006132767,2025,16,3843945,2.24109119,,,,
,,,8.356256907,0.06385332,0.003194336,1.072680722,0.013642502,0.007639801,2025,16,3127310,2.2828954,,,,
,,,2.147462977,0.017575653,0.001689585,0.22042829,0.002681803,0.00150181,2025,16,4372505,0.54107486,,,,
,,,6.581882172,0.059317644,0.001459401,0.659393702,0.008022402,0.004492545,2025,16,3049698,1.6676333,,,,
,,,6.479747913,0.044196002,0.00326399,0.513315334,0.010266307,0.005749132,2025,16,4035004,1.42176705,,,,
,,,1.930663383,0.012279774,0.000666399,0.208679383,0.00203109,0.00113741,2025,16,3052096,0.47453598,,,,
,,,2.673073749,0.010845611,0.000179819,0.184811857,0.003419708,0.001915037,2025,16,4241983,0.52795954,,,,
,,,4.418708518,0.037549104,0.001588114,0.471670236,0.005738496,0.003213558,2025,16,4360967,1.13573602,,,,
,,,5.271325426,0.044640129,0.002663319,0.621176102,0.005290204,0.002962514,2025,16,3052897,1.41569083,,,,
,,,12.47001921,0.065209775,0.003696787,1.018708554,0.010823679,0.00606126,2025,16,4036335,2.65252578,,,,
,,,2.771949508,0.019756295,0.002315524,0.441129149,0.00383904,0.002149863,2025,16,3125107,0.83729459,,,,
,,,10.86258229,0.08260253,0.001369543,1.047812415,0.012748032,0.007138898,2025,16,2975863,2.61848371,,,,
,,,2.161123978,0.019879397,0.001672381,0.213263948,0.00259464,0.001452998,2025,16,4722908,0.54915989,,,,
4.164957896,0.118580027,0.003427832,,,,,0.011645647,0.005356998,2025,16,4241961,1.12442482,,,,
,,,1.964976804,0.016422115,0.001135807,0.171059246,0.003165234,0.001772531,2025,16,4360763,0.46489957,,,,
,,,20.62795289,0.085942601,0.007056729,1.835513876,0.033963851,0.019019757,2025,16,4877203,4.42966304,,,,
,,,15.21383281,0.111915647,0.005598709,1.908763466,0.023017102,0.012889577,2025,16,3050481,4.08766489,,,,
,,,9.072917785,0.03054008,0.000487876,0.734740472,0.013595438,0.007613446,2025,16,3916204,1.81138039,,,,
,,,2.105782961,0.018299881,0.001093804,0.216479501,0.002633761,0.001474906,2025,16,4373030,0.53616448,,,,
,,,3.651304035,0.021208895,0.002485775,0.398667781,0.004850324,0.002716181,2025,16,4250764,0.89071854,,,,
,,,2.308954613,0.013178014,0.000981791,0.18885813,0.00349458,0.001956965,2025,16,4363551,0.49696373,,,,
,,,2.64961257,0.019508999,0.000983056,0.253121766,0.005062435,0.002834964,2025,16,2971281,0.631567,,,,
,,,9.650817429,0.065597752,0.007688342,0.998509208,0.012148193,0.006802988,2025,16,4241410,2.35926917,,,,
,,,5.825923484,0.051602474,0.003716124,0.602350412,0.007328394,0.004103901,2025,16,4034862,1.49397525,,,,
,,,7.863250887,0.076865305,0.00417133,0.814947283,0.009914918,0.005552354,2025,16,4244049,2.05996375,,,,
,,,4.426166925,0.011285046,0.000726875,0.480199422,0.005842265,0.003271668,2025,16,5155825,0.985591,,,,
79.0300996,0.546661635,0.012882104,36.80584328,0.22769886,0.005007425,4.657435514,0.144459853,0.069610443,2025,17,4429795,20.78756694,,,,
80.08501924,0.725434692,0.045990376,52.35319489,0.391784583,0.022442331,5.775019512,0.176292729,0.08536172,2025,17,3117251,25.69295455,,,,
1.380495636,0.008212405,0.000642643,91.40408884,0.684378383,0.030120903,7.252998513,0.105719015,0.05887577,2025,17,4362628,20.63356724,,,,
3.676809445,0.036987379,0.000576074,109.7335686,0.651342163,0.010004829,7.878829613,0.113152224,0.062651233,2025,17,4426515,23.24869201,,,,
75.87135125,0.523759836,0.027642577,46.86009826,0.226488574,0.015868457,4.969652254,0.205129943,0.099161433,2025,17,4430807,21.63840487,,,,
,,,81.91671037,0.593129705,0.028832591,7.342712661,0.057976987,0.032467113,2025,17,4361307,19.08742288,,,,
,,,87.0757822,0.630020297,0.013855053,6.928524184,0.088462694,0.049539109,2025,17,4374302,19.34719007,,,,
,,,81.43387935,0.567816523,0.022240547,6.026823716,0.068514539,0.038368142,2025,17,4241389,17.5466616,,,,
3.392286935,0.016525325,0.00066063,106.6971061,0.569175085,0.023015437,7.394519728,0.1507033,0.083330945,2025,17,4430878,21.80232974,,,,
96.23558568,0.773334494,0.049302498,19.67142864,0.089587978,0.006978565,2.814634969,0.207934042,0.098043295,2025,17,4242335,19.50483677,,,,
94.91899984,0.589676213,0.02488125,16.23031101,0.101937681,0.007459272,2.062100407,0.257771409,0.120942298,2025,17,4379399,17.1562913,,,,
96.83578043,0.4507791,0.015522347,21.14441303,0.137745683,0.006788595,2.720673241,0.141525529,0.066864181,2025,17,3929630,17.96447281,,,,
99.43762601,0.641409014,0.025664038,32.26518118,0.225771649,0.012566117,3.971065874,0.143730557,0.068630615,2025,17,4429160,22.28742165,,,,
36.90648073,0.569796617,0.024042435,,,,,0.442104091,0.210473745,2025,17,3918298,18.284087,194.0923027,1.247567717,0.091290548,0.700361115
35.52876811,0.519647441,0.017893793,,,,,0.54266468,0.25855346,2025,17,4040715,18.86303896,217.6199585,1.229415557,0.060589949,0.542191814
74.33082043,0.575492391,0.014919539,9.747483945,0.054582924,0.002441909,1.209191327,0.180901716,0.084419486,2025,17,3043078,13.26813358,,,,
90.36236732,0.34555793,0.033308867,36.48952594,0.203987631,0.011058982,4.654515214,0.185100796,0.08887045,2025,17,4890973,20.5528567,,,,
,,,61.50054052,0.219274238,0.0135714,5.116425502,0.05631266,0.03153509,2025,17,4262921,12.5476856,,,,
,,,78.12522176,0.59318889,0.023234346,5.401441512,0.10802883,0.060496145,2025,17,4426354,16.70142343,,,,
69.97917549,0.716206989,0.011154838,14.71399745,0.111899331,0.00171881,1.967933283,0.155896736,0.073535806,2025,17,4430737,15.28868018,,,,
32.1866167,0.340324232,0.012008762,,,,,0.56068539,0.267257331,2025,17,4431452,22.03136265,262.9977239,1.941602475,0.083124046,0.593067113
0.680940531,0.006315731,0.000567751,74.52898328,0.401641097,0.033967784,5.308870854,0.076052399,0.042430294,2025,17,4258173,15.26382469,,,,
60.37221812,0.376746989,0.029481474,28.84860794,0.179617384,0.007905331,4.243067661,0.144426667,0.069998653,2025,17,4362238,16.44192281,,,,
,,,70.54192366,0.46519167,0.0325927,6.032841066,0.098625104,0.055230058,2025,17,4426502,15.83551274,,,,
,,,77.06565668,0.401710622,0.019797721,5.602176961,0.06742829,0.037759843,2025,17,4047646,15.68486412,,,,
70.31476398,0.634993962,0.021077194,15.41368572,0.081661674,0.002856984,1.912408639,0.19311192,0.090679472,2025,17,4047365,14.65679684,,,,
70.41178243,0.411372608,0.036069359,19.57324065,0.11165944,0.01142967,2.606431377,0.147469676,0.069831251,2025,17,4596448,14.70235553,,,,
,,,61.8446766,0.557886294,0.024553726,4.649037027,0.068349591,0.038275771,2025,17,4239993,14.15518436,,,,
1.171127789,0.031659022,0.002018362,49.1383148,0.362422348,0.028231332,4.729254032,0.065262831,0.035919602,2025,17,4431459,12.11506869,,,,
3.643905981,0.028392912,0.00066908,67.99972172,0.359756452,0.007911562,3.970651899,0.049807318,0.027281565,2025,17,4426388,13.42782301,,,,
52.50953227,0.462258332,0.016311357,22.58007312,0.142289168,0.006091696,2.817321641,0.100670901,0.048304298,2025,17,4432710,13.90442269,,,,
5.301731454,0.035177982,0.000911983,53.92528952,0.129413925,0.005789669,5.119635865,0.120233221,0.065546553,2025,17,4429615,11.9153736,,,,
64.91775777,0.550228177,0.023290146,24.22227579,0.150722025,0.007720597,2.70389298,0.138295782,0.065532192,2025,17,4239996,15.75820865,,,,
64.39029266,0.5330312,0.025716092,17.92290282,0.086876082,0.00471851,2.026820325,0.137735606,0.065103684,2025,17,4259545,13.9118814,,,,
58.43305936,0.320264401,0.031516114,17.68060582,0.118183329,0.007930054,2.654905209,0.122960619,0.058430395,2025,17,4038815,12.86223565,,,,
,,,49.05629062,0.286031682,0.007934511,3.972793785,0.052035726,0.029140006,2025,17,4612826,10.55357595,,,,
,,,65.25811472,0.456982873,0.032502459,5.17476258,0.06608651,0.037008446,2025,17,3128429,14.43520532,,,,
84.90657434,0.682429679,0.028534531,13.5086453,0.088799355,0.003478142,2.052183758,0.154901029,0.07291746,2025,17,4361579,16.44336235,,,,
2.356916436,0.03955431,0.000616054,,,,,0.439970709,0.210844273,2025,17,12483,19.43922999,288.9261803,2.204652998,0.033864191,0.534179329
13.58034211,0.154708374,0.006468844,,,,,0.432155408,0.206712147,2025,17,2577417,20.47260557,280.1785423,2.131944708,0.083505174,0.663261575
,,,82.54178891,0.45119216,0.027913368,6.167470213,0.076468721,0.042822484,2025,17,4361370,17.10099983,,,,
76.00448604,0.278999666,0.037487915,14.84551671,0.091720947,0.010242096,2.012029948,0.184944269,0.086970212,2025,17,4427366,13.2477575,,,,
,,,45.5839879,0.187079764,0.009498031,4.522759971,0.041972675,0.023504698,2025,17,15847,10.17673401,,,,
,,,57.80962813,0.250044555,0.017518859,5.434930917,0.033061583,0.018514486,2025,17,4360248,12.71503981,,,,
,,,64.49439663,0.319605931,0.017788795,4.88639581,0.074897955,0.041942855,2025,17,4372016,13.20714294,,,,
64.85002592,0.471206989,0.012930201,16.45958128,0.084388639,0.003341067,2.248009277,0.121039404,0.057322162,2025,17,4569987,13.69373941,,,,
,,,54.15154036,0.427008737,0.028652115,4.33446886,0.064163069,0.035931319,2025,17,4685472,12.29880891,,,,
,,,53.13596801,0.280594181,0.013828674,4.619957298,0.052549732,0.02942785,2025,17,4241478,11.58730683,,,,
,,,62.07976136,0.385398996,0.016499734,5.011338236,0.062156254,0.034807502,2025,17,2976212,13.49673081,,,,
62.98496596,0.375973154,0.015030214,18.31647159,0.080299818,0.003247042,2.187042393,0.079582569,0.037700292,2025,17,4567048,13.01807791,,,,
8.96109403,0.090128955,0.007052835,,,,,0.359718613,0.172269441,2025,17,3915511,19.06730813,262.9994535,2.204355586,0.097018233,0.79002937
47.50646195,0.448302179,0.031245552,22.46693425,0.121732692,0.008658118,3.128628904,0.116953123,0.056143667,2025,17,4568490,13.51678776,,,,
,,,34.97502679,0.333291858,0.013054557,3.992378071,0.079847561,0.044714634,2025,17,4242355,9.42841774,,,,
75.13151082,0.529786378,0.013862896,15.2346763,0.0837397,0.002322937,2.307609207,0.159243025,0.075116968,2025,17,4685382,14.91172812,,,,
,,,48.27306657,0.226375689,0.017633811,5.383729183,0.071392411,0.03997975,2025,17,4035687,11.5264821,,,,
,,,25.9896832,0.167882019,0.017184719,1.921749819,0.02844763,0.015930673,2025,17,4567750,5.53126835,,,,
3.734745362,0.055224264,,52.5383747,0.238394387,,4.647519795,0.108314278,0.059119608,2025,17,3126486,11.96150194,,,,
,,,41.13861262,0.273772703,0.013492488,4.359928476,0.043131416,0.024153593,2025,17,3121023,10.09624375,,,,
17.91531701,0.221661486,0.015449257,,,,,0.384822756,0.183867002,2025,17,4426338,17.8690232,256.1359456,1.480189238,0.105277008,0.651265359
,,,64.37402898,0.295586756,,4.676606503,0.068199163,0.038191531,2025,17,3121422,12.81294688,,,,
,,,62.79156931,0.412201414,0.042193711,4.844265958,0.062745889,0.035137698,2025,17,16737,13.6123994,,,,
39.39986625,0.342545457,0.008072098,9.255945847,0.032231541,0.000708818,1.249219224,0.09719598,0.045847101,2025,17,4035538,8.29189805,,,,
,,,64.26091597,0.399683595,0.019428995,4.72316851,0.052899092,0.029623492,2025,17,4360761,13.52837068,,,,
1.462342788,0.015468047,0.000654734,55.87237305,0.363610896,0.018625634,3.456927875,0.048026243,0.026569696,2025,17,4432773,11.45156046,,,,
24.3025216,0.132640522,0.003470798,,,,,0.402415474,0.192188626,2025,17,4038941,14.93174152,208.1810822,1.324777927,0.036749303,0.813695861
,,,54.88908256,0.413158747,0.020084034,3.564126066,0.056545685,0.031665584,2025,17,4432708,11.5103177,,,,
1.864629351,0.014529305,0.000557425,52.24932661,0.320651954,0.016667,5.155889261,0.069801389,0.038670904,2025,17,4569587,12.53732145,,,,
,,,61.76298999,0.520991861,0.029843624,4.368738082,0.079783401,0.044678704,2025,17,3886598,13.64342409,,,,
4.000581236,0.053655307,0.00227113,55.75665892,0.438616746,0.02246774,4.736521797,0.063198866,0.034524717,2025,17,3916433,13.64797444,,,,
,,,44.437161,0.467396972,0.020010238,3.446694234,0.025070018,0.01403921,2025,17,3046439,10.70739422,,,,
19.93112741,0.099783558,0.008749073,,,,,0.506607954,0.24224673,2025,17,3052587,15.18190951,216.1019277,1.307587403,0.133847104,0.549205099
24.09176116,0.184842531,0.008917728,,,,,0.489453948,0.23378542,2025,17,4431611,18.45051602,227.7018717,1.744078248,0.094726317,0.452360195
2.395650619,0.022628998,0.000533253,,,,,0.394689272,0.189135748,2025,17,3046779,16.15616279,253.6441925,1.699972087,0.037384831,0.436418488
67.41457669,0.315448006,0.012102333,17.80298984,0.10643811,0.005532491,2.37337237,0.160013721,0.075526851,2025,17,4360516,13.31488567,,,,
15.072556,0.188405895,0.011944367,,,,,0.464233721,0.222000977,2025,17,4361741,19.54462111,267.2453562,2.092391965,0.119857074,0.99214645
4.579995883,0.040704283,0.001963778,46.95544296,0.427710253,0.023230275,3.639992276,0.067092777,0.036336359,2025,17,3915416,11.58350876,,,,
42.67071475,0.328303925,0.009008855,28.34956906,0.180129179,0.007131571,4.275477555,0.138234077,0.067950816,2025,17,4371733,14.3988016,,,,
51.02157193,0.190288831,0.013824118,25.2857739,0.116166435,0.007189815,3.319958171,0.159753591,0.077223571,2025,17,3042519,12.68122307,,,,
26.27476027,0.406668969,0.015602075,,,,,0.388904624,0.185502485,2025,17,4689114,16.56110405,177.6677882,1.403882019,0.072971648,0.522513935
70.8419093,0.372854565,0.006369382,9.496868,0.032980225,0.00051936,1.60271274,0.191115961,0.089556,2025,17,3916148,11.91131069,,,,
3.288361248,0.051965648,0.0013472,26.31743415,0.300601636,0.013448198,3.020639566,0.055152866,0.029628208,2025,17,3116365,8.06841519,,,,
2.591772783,0.037572851,0.002587506,52.25034151,0.216069501,0.016810784,5.041751607,0.074179881,0.040339461,2025,17,5083076,12.00789081,,,,
49.8961697,0.568749113,0.020069016,17.96925739,0.111678774,0.004781201,2.053559429,0.195054798,0.092533782,2025,17,4569173,12.79245033,,,,
48.72750519,0.366237428,0.032922847,13.44210506,0.080803006,0.006833711,1.679161075,0.100814588,0.047551962,2025,17,4429059,10.5654379,,,,
,,,34.67271671,0.221207847,0.0061363,3.585869552,0.070095969,0.039253743,2025,17,15818,8.31600142,,,,
3.898763829,0.028433728,0.001246813,45.26057695,0.180771926,0.009177782,3.453638837,0.038018198,0.020683631,2025,17,4683062,9.60529077,,,,
,,,44.14414288,0.184444312,0.01349668,3.790656062,0.061349143,0.03435552,2025,17,4373678,9.32414749,,,,
,,,43.95303677,0.189602671,0.011734957,3.60132604,0.046646572,0.026122081,2025,17,4429205,9.1067015,,,,
19.14960879,0.44488626,0.018831216,,,,,0.47727068,0.22796768,2025,17,4360310,19.43498812,241.7805195,1.731124318,0.088675254,0.758342974
0.833061389,0.006653434,0.000220846,52.50673412,0.438753803,0.015350075,3.044779519,0.047780494,0.026548451,2025,17,4248528,11.03050743,,,,
,,,46.21338666,0.25911939,0.026523948,4.350204181,0.046220496,0.025883478,2025,17,3116165,10.52875813,,,,
16.84424667,0.111331315,0.009622303,,,,,0.541437544,0.259110438,2025,17,2578570,20.2631993,296.4121541,1.925956802,0.093622567,0.676037749
43.58340442,0.376321151,0.018155615,14.39022326,0.084695938,0.0046001,1.721705346,0.050396574,0.023931603,2025,17,4608686,10.28415087,,,,
44.67387845,0.455176072,0.018196495,10.5894062,0.031713647,0.001282388,1.43942048,0.053874407,0.025408573,2025,17,4426385,9.87664988,,,,
34.96820818,0.170748753,0.016802795,9.693916415,0.067767811,0.004547193,1.581577773,0.074928179,0.035525126,2025,17,4241416,7.49656345,,,,
,,,42.65836278,0.35445799,0.012400933,3.092617616,0.058012545,0.032487025,2025,17,4361432,9.50033127,,,,
,,,45.68267309,0.204339923,0.012641655,4.363730024,0.05753836,0.032221481,2025,17,3929645,10.12039522,,,,
,,,37.97670834,0.297975767,0.008265839,2.72753432,0.040895085,0.022901248,2025,17,4429025,8.28486894,,,,
,,,40.29500827,0.22133844,0.018719141,4.389476112,0.034162774,0.019131154,2025,17,3117256,9.74708355,,,,
1.293853499,0.00901665,0.000628438,49.52214861,0.30409342,0.021628346,3.625631715,0.065189001,0.036093882,2025,17,4431280,10.55994015,,,,
,,,36.63815606,0.165811857,0.012900605,2.558327799,0.040863516,0.022883569,2025,17,4241463,7.19812862,,,,
27.82339089,0.327717526,0.014370341,5.784709601,0.045482641,0.002309152,0.950584841,0.072477163,0.034083914,2025,17,3059915,6.51770105,,,,
16.25519724,0.058600637,0.005267894,,,,,0.420058434,0.200881311,2025,17,4432577,14.69089127,232.2218627,1.239233419,0.104805044,0.680761859
7.558209163,0.037994287,0.001518891,41.12882842,0.236590221,0.009566876,2.693494742,0.076314152,0.040491499,2025,17,4032473,9.44247665,,,,
42.92297198,0.224527013,0.00984546,13.80749317,0.089887512,0.004563585,2.266027871,0.094777043,0.045173147,2025,17,4361529,9.76653533,,,,
,,,27.74737461,0.205417729,0.005698282,2.659748368,0.032359377,0.018121251,2025,17,4595342,6.64299827,,,,
,,,39.86402525,0.340826622,0.018511354,3.644013241,0.044334269,0.024827191,2025,17,4723086,9.66391382,,,,
15.49197229,0.142711061,0.012512978,13.36838881,0.084221678,0.008621089,2.131499759,0.041764465,0.020768117,2025,17,4697815,6.3809682,,,,
53.93208532,0.270343017,0.023365595,23.67802001,0.1072093,0.005211545,2.847607044,0.081873189,0.03937188,2025,17,4240657,12.854502,,,,
0.856824405,0.006241616,0.0003957,42.10646916,0.266621334,0.01527269,3.007602204,0.046489882,0.025837494,2025,17,4428209,8.92200105,,,,
5.854293946,0.032865926,0.00109091,39.93138117,0.226615791,0.007928294,3.156251659,0.079806841,0.04302365,2025,17,4362249,9.22580658,,,,
,,,40.21608761,0.254686701,0.019839132,2.992482316,0.044628069,0.024991719,2025,17,4360078,8.53308211,,,,
6.534573711,0.042695278,0.001706822,,,,,0.54351235,0.260261939,2025,17,3912547,15.97640039,271.4002578,1.589559199,0.06427618,0.886628941
64.95058943,0.554904262,,5.645262178,0.023117814,,0.722229803,0.213774393,0.099327581,2025,17,4575131,11.05693826,,,,
,,,45.92023372,0.265448309,0.010733795,3.322349003,0.053961871,0.030218648,2025,17,2977187,9.46951452,,,,
,,,39.28327776,0.195220536,0.015206943,4.413016868,0.064305781,0.036011237,2025,17,4688813,9.49737211,,,,
,,,28.467009,0.159540573,0.011177883,2.113776647,0.032391834,0.018139427,2025,17,4040655,5.9046559,,,,
3.337746705,0.028757192,0.001387391,52.55284082,0.333426917,0.018109453,4.264221507,0.089039973,0.048848788,2025,17,4685278,11.97003303,,,,
48.64088902,0.495864088,0.007723024,7.73264211,0.039256444,0.000602992,0.99479899,0.048201231,0.022605441,2025,17,4429096,9.81558845,,,,
1.340455844,0.024537719,0.00098094,41.86132016,0.347259206,0.01404194,4.022394829,0.065685081,0.035979537,2025,17,4576297,10.53317467,,,,
3.281022136,0.011746422,0.001132256,50.15182508,0.275260294,0.014922956,3.748564509,0.039065207,0.021438116,2025,17,4428718,10.80860066,,,,
,,,28.93345503,0.1000241,0.007114116,2.98964088,0.038689571,0.02166616,2025,17,3051876,6.4550469,,,,
14.08839397,0.102961025,0.009255663,3.294613242,0.011221167,0.000949002,0.469731889,0.022312764,0.010534585,2025,17,3128720,2.89305512,,,,
23.38607834,0.140467354,0.004662497,3.104548744,0.016542124,0.000578736,0.421642306,0.052063076,0.024299671,2025,17,4887558,4.0149991,,,,
0.664094356,0.003394445,0.000456096,48.42014106,0.245257813,0.027386917,3.708604273,0.076489951,0.042602586,2025,17,4597500,10.08144422,,,,
,,,36.85173159,0.264369409,0.01354208,3.519933991,0.042844949,0.023993171,2025,17,4430539,8.77155542,,,,
2.36538126,0.013189292,0.000437789,11.55297285,0.067289311,0.002354158,0.896727356,0.024309691,0.012841738,2025,17,4701936,2.7519768,,,,
,,,30.21410715,0.160106246,0.013540582,2.653982916,0.04910858,0.027500805,2025,17,4877706,6.60940666,,,,
47.75079266,0.390601214,0.014985626,8.012227309,0.044326601,0.002304029,1.235705935,0.106340368,0.049852498,2025,17,4040761,9.39596967,,,,
1.297724064,0.01330907,0.000563348,43.84792342,0.298223799,0.01527624,3.102524488,0.067068789,0.037056692,2025,17,4432620,9.68638235,,,,
24.09614241,0.15317518,0.002616653,23.93282377,0.134324617,0.002115292,3.396335227,0.055929153,0.027762061,2025,17,4428557,9.87964639,,,,
31.4265572,0.385337961,0.020337058,5.160609016,0.017955016,0.001257981,0.822452793,0.037324858,0.017527315,2025,17,4373626,6.91004672,,,,
45.65339682,0.217051612,0.014947555,17.3675304,0.106952511,0.008321191,2.385390759,0.132357172,0.063207666,2025,17,5081397,10.59668164,,,,
36.74005817,0.367041589,0.022878397,18.71985414,0.120170629,0.007434453,1.932123198,0.25179798,0.119833016,2025,17,2468609,10.37697736,2.742501527,0.013750625,0.000791349,0.009157653
,,,36.12716628,0.411612432,0.006322502,3.390446197,0.037011573,0.020726481,2025,17,4242557,9.44500746,,,,
,,,35.88442469,0.352039635,0.019594007,3.26751006,0.027827525,0.015583414,2025,17,2576925,8.97694353,,,,
,,,19.91441025,0.088452565,0.009054171,2.169151697,0.027511563,0.015406476,2025,17,4243331,4.6793295,,,,
5.430249887,0.061986253,0.00170094,,,,,0.37327503,0.178842685,2025,17,8439,12.68222881,211.7924038,1.195228667,0.047320808,0.617761322
20.90169107,0.175263056,0.010924478,,,,,0.386944129,0.184735114,2025,17,4360689,16.72598007,252.3760653,1.265388028,0.078343599,0.695814011
3.971717335,0.041156068,0.000703059,41.2215393,0.34017545,0.005356951,3.585503327,0.08720474,0.047285187,2025,17,4431268,10.6787693,,,,
,,,39.86169056,0.276747626,0.01438492,2.883509787,0.057670196,0.03229531,2025,17,3916945,8.49586782,,,,
,,,32.01574365,0.163551549,0.008303505,2.948908735,0.05445843,0.030496721,2025,17,4241372,7.08884596,,,,
,,,43.81633036,0.414321972,0.023733325,3.945698622,0.048004673,0.026882617,2025,17,4259147,10.80823091,,,,
30.18444497,0.195130201,0.012370667,4.189752259,0.02509099,0.00143727,0.512670775,0.053540768,0.025012045,2025,17,4241474,5.31268139,,,,
32.26226802,0.122840268,0.007656866,23.06158144,0.084325666,0.005216876,2.842710076,0.087679498,0.04266415,2025,17,4569682,9.56082581,,,,
17.81296435,0.236831013,0.020765463,,,,,0.042163973,0.019395427,2025,17,4430871,3.25090097,,,,
,,,20.31514173,0.155111929,0.006939336,1.972275674,0.029385744,0.016456017,2025,17,4361050,4.91620206,,,,
,,,22.00678188,0.202392,0.013580422,2.090242457,0.035746979,0.020018308,2025,17,4430034,5.49333887,,,,
11.9902461,0.07240321,0.002493167,1.454135393,0.005959234,0.000293692,0.210393188,0.032239141,0.015097406,2025,17,4429013,2.00123691,,,,
14.39740642,0.080708293,0.007942224,,,,,0.481575822,0.230324636,2025,17,4685720,13.06612133,180.6903294,1.451182644,0.097373774,0.826457773
,,,42.60715206,0.251620002,0.013641322,4.162942726,0.052244788,0.029257082,2025,17,4429086,9.90352642,,,,
0.75905174,0.006995626,0.00061338,4.201319807,0.030219996,0.003093376,0.392944749,0.009642022,0.005162425,2025,17,4608810,1.1096187,,,,
14.6209763,0.084423842,0.005813963,,,,,0.343242623,0.164230872,2025,17,4432762,12.14059536,204.1337987,0.955731619,0.074358472,0.828633437
2.624629088,0.012383499,0.001663914,31.55537646,0.11720687,0.013088002,3.514090315,0.078524065,0.043058325,2025,17,4567096,7.65509627,,,,
5.576667205,0.052005292,0.002080834,21.53826412,0.125052432,0.006960234,2.04958581,0.0567941,0.030101623,2025,17,4569603,5.95357228,,,,
,,,38.08276871,0.241478033,0.016203079,3.506686159,0.064001437,0.035840805,2025,17,4695883,8.72624778,,,,
25.7102036,0.174329149,0.006975253,6.33746944,0.025211954,0.00140326,0.831728024,0.044998953,0.021259465,2025,17,4682745,5.26454697,,,,
4.188233884,0.059570018,0.00163,19.08064241,0.102101371,0.004042339,1.898053652,0.04271437,0.022659563,2025,17,3054212,5.16212317,,,,
25.42635554,0.114020317,0.009854712,15.7253375,0.069744764,0.003390358,1.89770746,0.050770346,0.024853388,2025,17,4362478,7.09358861,,,,
3.909338679,0.026284872,0.00183199,33.08950031,0.155839385,0.011083923,2.699319931,0.068660955,0.036982679,2025,17,4686472,7.6005724,,,,
,,,27.69414021,0.142633155,0.01206284,2.348619595,0.039722218,0.022244442,2025,17,3895856,5.95451934,,,,
,,,19.44827176,0.104398702,0.004670548,1.653135272,0.024382121,0.013653988,2025,17,4360939,4.20702978,,,,
,,,32.78658373,0.194449135,0.00306211,2.426551519,0.044900251,0.025144141,2025,17,4883647,6.82892864,,,,
2.446289543,0.077422891,0.004086163,,,,,0.540059023,0.25885464,2025,17,14880,13.22484822,234.9099542,1.253884923,0.087850875,0.788350369
2.55155828,0.023794137,0.001516951,,,,,0.611430123,0.293261415,2025,17,5529,11.35275056,212.7144183,1.250873578,0.097438328,1.092384433
,,,18.00038067,0.097014135,0.007547959,1.495573717,0.026351836,0.014757028,2025,17,4369863,3.86397446,,,,
,,,34.29665682,0.131555086,0.002071678,3.489579742,0.04013581,0.022476054,2025,17,4360635,7.66882919,,,,
41.58968951,0.249819743,0.019549072,8.879772912,0.048473777,0.002133431,1.153196777,0.149749744,0.070621,2025,17,3116389,7.97677639,,,,
15.16503634,0.029503749,0.002843912,,,,,0.460615491,0.220356991,2025,17,15864,13.95591172,238.7588273,1.28044443,0.069417991,1.062867521
8.899366833,0.084142911,0.003366724,,,,,0.014260672,0.006559909,2025,17,4711533,1.38878398,,,,
11.20618812,0.085982878,0.001468824,,,,,0.536058803,0.256493064,2025,17,4688380,12.94317387,200.4957396,1.218734503,0.019192158,0.56530282
3.028151312,0.024804414,0.000875254,41.07560664,0.288675657,0.012358806,2.972194518,0.070295763,0.03828044,2025,17,4427095,9.21521198,,,,
,,,20.41922377,0.131812798,0.007550543,1.617642549,0.029736273,0.016652313,2025,17,3045523,4.43302417,,,,
1.480554226,0.009877103,0.00077291,14.63616856,0.143016202,0.006294438,1.242231146,0.021814355,0.011873476,2025,17,4368003,3.762227,,,,
,,,23.9477864,0.129536583,0.005128538,2.476565998,0.035004796,0.019602686,2025,17,4361411,5.62053984,,,,
,,,25.60202029,0.14607857,0.005783459,2.701792646,0.042890116,0.024018465,2025,17,16460,6.10313008,,,,
,,,17.15522305,0.173255834,0.003810145,1.403722344,0.025974098,0.014545495,2025,17,5123663,4.13799295,,,,
7.059948487,0.04491365,0.001895121,4.217554038,0.026176202,0.001915439,0.581805236,0.018270561,0.008855858,2025,17,4429501,2.29404716,,,,
16.8164645,0.115478612,0.010380929,6.522893676,0.024791649,0.002096691,1.02059466,0.044409071,0.021316371,2025,17,4429939,4.17964454,,,,
,,,26.52963725,0.328694828,0.014466537,2.675976107,0.026341947,0.01475149,2025,17,3116164,7.30123489,,,,
,,,28.05191672,0.130421879,0.00456289,2.7711835,0.034778258,0.019475824,2025,17,4428085,6.32999858,,,,
16.88241738,0.069103278,0.009285093,11.57709134,0.043432358,0.00484991,1.757449978,0.038055659,0.018729176,2025,17,4695404,5.27042832,,,,
,,,46.96715573,0.34055823,0.014580007,2.79761197,0.051766253,0.028989102,2025,17,4613202,9.59036354,,,,
,,,29.14232673,0.315339292,0.023074897,2.558609488,0.021790222,0.012202524,2025,17,3930086,7.38719806,,,,
,,,16.23829083,0.094644169,0.004234154,1.619884189,0.026483222,0.014830604,2025,17,15795,3.79108739,,,,
33.66197946,0.268647125,,19.38128752,0.05203748,,2.450608712,0.103812299,0.050329506,2025,17,3127586,9.63154534,,,,
3.38256876,0.018815856,0.00062455,6.095792353,0.029393957,0.001028366,0.842765878,0.01167462,0.005957076,2025,17,3149687,2.07156095,,,,
21.90129677,0.11029591,0.003661024,,,,,0.612222782,0.292263179,2025,17,4242512,16.50511028,227.3581591,1.548436618,0.054173018,0.591074711
,,,1.434427423,0.005766505,0.000284194,0.220205193,0.002319561,0.001298954,2025,17,4431545,0.46617451,,,,
,,,27.86273753,0.151003451,0.004188832,2.643332423,0.048911507,0.027390444,2025,17,4686612,6.29051366,,,,
,,,38.99914922,0.314316932,0.004828011,2.652075983,0.049073295,0.027481045,2025,17,4710855,8.39388243,,,,
,,,19.98188801,0.089884384,0.006577274,1.564996523,0.024807012,0.013891927,2025,17,4242433,4.08851632,,,,
2.435489933,0.016924307,0.000742127,8.437430646,0.057992201,0.002944261,1.197787425,0.020032169,0.01050941,2025,17,4596602,2.92245936,,,,
,,,34.79878245,0.152598218,0.007747405,3.488851511,0.061715872,0.034560889,2025,17,3120348,7.8323241,,,,
9.379465218,0.039786625,0.001663604,26.40759433,0.20775037,0.00813728,1.928029529,0.06748118,0.034897402,2025,17,3676833,7.16107219,,,,
,,,9.684913969,0.075697937,0.003331622,1.114933984,0.012378709,0.006932077,2025,17,4036131,2.53073909,,,,
1.60229597,0.009985047,0.000331431,18.20621733,0.110838977,0.003877771,1.348593123,0.032532465,0.01766212,2025,17,4428850,4.02834076,,,,
,,,23.07732568,0.182665248,0.009921118,2.002350477,0.039210917,0.021958114,2025,17,3917914,5.38303854,,,,
1.334365106,0.008903213,0.000646801,33.31778938,0.157772961,0.009764941,2.780279895,0.052477454,0.029006699,2025,17,4382466,7.20974847,,,,
,,,21.40534026,0.295163385,0.015342143,2.308012271,0.046001427,0.025760799,2025,17,4242540,6.19990129,,,,
33.56347753,0.16027117,0.004155002,5.483708587,0.026427976,0.001182324,0.800824265,0.085225269,0.040032473,2025,17,4596334,5.80451459,,,,
,,,31.79053699,0.137628628,0.007461396,3.161710934,0.046843796,0.026232526,2025,17,2577327,7.13023014,,,,
0.807925455,0.007022331,0.000615722,22.0335951,0.138289751,0.014155599,1.82588818,0.036156819,0.020010711,2025,17,4430834,4.97238795,,,,
12.73543096,0.07786634,0.003285552,17.08600105,0.111311671,0.008145212,1.807712146,0.057042824,0.028404733,2025,17,3915411,5.91437062,,,,
10.942805,0.091738504,0.003670638,,,,,0.43696615,0.209074027,2025,17,4889929,12.6609971,206.5422497,1.278649987,0.071167772,1.051526565
21.94794853,0.169916159,0.004446188,5.760205681,0.02508544,0.000695869,0.913716318,0.057997137,0.027509239,2025,17,4372071,4.82178728,,,,
1.281671692,0.009437306,0.000848365,4.426067278,0.024626918,0.00208276,0.426872025,0.012095245,0.006353685,2025,17,4586312,1.29539556,,,,
38.06498661,0.275810059,0.011532486,2.007131261,0.009747045,0.000381778,0.263321765,0.056198103,0.026034458,2025,17,4240603,5.95711779,,,,
,,,25.13250987,0.176500091,0.00698789,2.311907014,0.039015561,0.021848714,2025,17,4430802,5.8554689,,,,
28.24349256,0.156637715,0.010917261,3.347718721,0.014916584,0.001060927,0.581541014,0.053395691,0.024979961,2025,17,4722893,4.74539439,,,,
,,,24.53599972,0.210242972,0.01141895,2.392354283,0.025832163,0.014466011,2025,17,4258595,6.10200196,,,,
,,,37.39330588,0.133880553,0.008282629,2.751066322,0.050904985,0.028506792,2025,17,4372758,7.2545759,,,,
31.70191631,0.201435058,0.013872099,4.687390317,0.023350243,0.001816711,0.696810325,0.073892186,0.034596823,2025,17,4601080,5.64858677,,,,
,,,15.21685721,0.102150253,0.001569061,0.983343251,0.01513526,0.008475746,2025,17,4360797,3.10451672,,,,
,,,36.87918182,0.203642097,0.008062481,2.226359221,0.033935696,0.01900399,2025,17,3051738,7.11514097,,,,
22.3563805,0.087282228,0.005440466,3.938307138,0.01513778,0.000936511,0.514773028,0.051578967,0.02417432,2025,17,4569609,3.77540117,,,,
,,,15.22803471,0.094250337,0.006896752,1.358984941,0.019135092,0.010715652,2025,17,16731,3.44015783,,,,
,,,26.89458144,0.135458712,0.007343756,1.967667689,0.036409189,0.020389146,2025,17,4432775,5.44474733,,,,
,,,24.98432797,0.213429926,0.003361012,2.889179525,0.035150713,0.019684399,2025,17,4686728,6.6364751,,,,
14.10079536,0.147301354,,,,,,0.700002264,0.334623217,2025,17,11394,14.28505997,244.2697094,1.080712522,,0.72584986
,,,20.29692896,0.085147937,,1.438536512,0.022666083,0.012693006,2025,17,2576581,3.95432922,,,,
0.702840538,0.005311627,0.000477488,15.70552952,0.079316116,0.006707961,1.382199558,0.022139285,0.012230139,2025,17,4686422,3.52129804,,,,
,,,14.56324159,0.142207421,0.009542061,1.904636468,0.024681938,0.013821885,2025,17,4431588,4.20629951,,,,
,,,7.839618903,0.072308938,0.002832236,0.625581484,0.01069859,0.005991211,2025,17,4249417,1.83736165,,,,
0.747020504,0.003361179,0.000451626,25.63365826,0.062704519,0.007001952,2.665324538,0.0514629,0.028604778,2025,17,4569371,5.86175924,,,,
,,,27.76602978,0.145777918,0.002295654,2.131981068,0.02761472,0.015464243,2025,17,3930066,5.75764638,,,,
,,,6.384564045,0.060438799,0.004422598,0.403334774,0.007310452,0.004093853,2025,17,4243537,1.40527466,,,,
,,,14.25374572,0.079318757,0.003909109,1.170597181,0.015162289,0.008490882,2025,17,4361409,3.06312095,,,,
28.32722741,0.167241684,0.004335711,,,,,0.430708256,0.205150541,2025,17,4035671,12.94296223,170.2931496,0.968137724,0.043312164,0.636941082
0.604286455,0.00526078,0.000333518,10.50978797,0.062375523,0.003573015,1.276059795,0.011539744,0.006353354,2025,17,16002,2.78869621,,,,
,,,22.16127974,0.110366698,0.007732616,1.867072566,0.034547805,0.019346771,2025,17,3871102,4.72308442,,,,
,,,17.0855448,0.161152394,0.002475353,1.297473817,0.015785495,0.008839877,2025,17,4570037,3.96063061,,,,
0.897511757,0.007130962,0.000641036,1.658788058,0.009316806,0.000787945,0.248126088,0.003598501,0.001843318,2025,17,2983509,0.6017088,,,,
1.46268602,0.007153431,0.000492631,27.33370664,0.153054065,0.011908015,1.91550975,0.039950802,0.021921776,2025,17,4808839,5.73840773,,,,
10.46312059,0.075818089,0.005508038,,,,,0.426746362,0.204275187,2025,17,4573398,11.85713096,230.6471609,0.983418114,0.060866068,1.269563181
10.34856884,0.077017352,0.004910098,7.489407271,0.052931092,0.004123132,1.354142399,0.035839426,0.0177402,2025,17,2576336,3.97689448,,,,
,,,14.42135029,0.053480738,0.002715215,1.521911342,0.012961253,0.007258302,2025,17,4240472,3.27618663,,,,
1.925383567,0.013185489,0.000918996,9.945263434,0.043136078,0.003068011,1.286550826,0.015453511,0.008228269,2025,17,4362748,2.87691489,,,,
,,,19.21465582,0.087121746,0.004849068,1.664583541,0.021844155,0.012232727,2025,17,4367209,4.09458888,,,,
10.46747954,0.085493214,0.003748859,,,,,0.526186675,0.251829407,2025,17,4044111,11.39137573,212.7210112,0.995487503,0.050540855,1.138981292
13.27017,0.057569507,0.007735353,,,,,0.74588646,0.35689439,2025,17,4429435,10.29073566,194.570419,0.862496226,0.096311358,1.064242344
,,,16.519122,0.076283549,0.003020175,1.252864041,0.023182657,0.012982288,2025,17,4431492,3.39587597,,,,
,,,17.1866571,0.151312937,0.008667557,1.183296642,0.023665933,0.013252922,2025,17,3043116,3.80129324,,,,
22.45189744,0.124328655,0.009032238,5.266734161,0.01550963,0.000959928,0.810966525,0.050584743,0.023974746,2025,17,4257364,4.39523224,,,,
,,,20.97257511,0.118486732,,1.972422414,0.023997143,0.0134384,2025,17,4690923,4.75435952,,,,
18.02561515,0.164046836,0.006943801,5.101800245,0.0305443,0.001564604,0.718476968,0.047742126,0.022586651,2025,17,4911851,4.25730895,,,,
,,,11.06351301,0.084737673,0.003627796,0.766617306,0.014185279,0.007943756,2025,17,4695193,2.40748147,,,,
,,,12.40926891,0.058978237,0.001297016,1.169045252,0.02244872,0.012571283,2025,17,2973405,2.8410284,,,,
,,,19.25227168,0.083780876,0.006130651,1.351081772,0.025000051,0.014000028,2025,17,4241476,3.76391544,,,,
,,,5.202277059,0.049218964,0.002166228,0.382351328,0.007074925,0.003961958,2025,17,4690070,1.19448796,,,,
,,,12.13896567,0.136221614,0.009140416,1.371032485,0.01908729,0.010688883,2025,17,4372780,3.3996658,,,,
,,,7.418011885,0.063429624,0.002484446,0.693281607,0.008434693,0.004723428,2025,17,4372096,1.81140518,,,,
,,,8.578221673,0.060253461,0.000925513,0.654644019,0.012113355,0.006783479,2025,17,4569382,1.90668501,,,,
,,,23.05527246,0.146428519,0.010414585,1.911022016,0.03822044,0.021403447,2025,17,4039057,5.07415065,,,,
,,,27.76687933,0.146671163,0.009077824,2.949358812,0.043093415,0.024132312,2025,17,3921690,6.57710475,,,,
,,,4.082938952,0.022572186,0.001112437,0.384216318,0.007109435,0.003981283,2025,17,4715355,0.92239344,,,,
,,,6.102044282,0.039253789,0.001908164,0.417960571,0.007733829,0.004330944,2025,17,4692835,1.46989601,,,,
,,,22.75568546,0.224219269,0.003444081,2.106869951,0.025632876,0.014354411,2025,17,4426553,5.70661145,,,,
,,,6.601507677,0.06113705,0.003320543,0.568834549,0.01052556,0.005894314,2025,17,5160110,1.59093787,,,,
,,,22.38596754,0.127213124,0.007870143,1.580173421,0.029239101,0.016373896,2025,17,3127306,4.66550018,,,,
,,,16.82519563,0.120867004,0.005174568,1.551185087,0.018783681,0.010518862,2025,17,3043275,3.94871369,,,,
13.8821783,0.040006709,0.003856309,7.182421898,0.02891055,0.001567356,1.038048732,0.039521118,0.019236743,2025,17,4361777,3.53143015,,,,
,,,20.85749308,0.182716338,0.009497317,2.405684815,0.02888215,0.016174004,2025,17,4361516,5.57514078,,,,
,,,3.910060712,0.021975685,0.00108304,0.403242604,0.004905983,0.00274735,2025,17,4241374,0.92290377,,,,
3.084373817,0.014719715,0.001448516,1.773493664,0.01515237,0.001016718,0.188400714,0.013105565,0.006377171,2025,17,4708486,0.8459423,,,,
,,,9.041700314,0.081877939,0.004255891,0.728876903,0.013486941,0.007552687,2025,17,4424106,2.25163493,,,,
1.162790302,0.019488345,0.001751901,14.43962697,0.083438821,0.007056628,1.604381578,0.025037919,0.013469387,2025,17,4426496,3.77352459,,,,
4.153566798,0.030870808,0.001290806,4.13584883,0.020658209,0.000809152,0.53232346,0.00974668,0.004854087,2025,17,4383396,1.66518827,,,,
,,,12.16456971,0.054533716,0.002439708,1.810785857,0.015758832,0.008824946,2025,17,4690013,3.41096614,,,,
,,,37.04037361,0.132618711,,2.509296861,0.037145079,0.020801244,2025,17,4567156,6.968422,,,,
10.08163629,0.049804478,0.003429853,9.124083103,0.035039534,0.002726169,1.414832905,0.026807363,0.013316423,2025,17,4035222,3.85302105,,,,
,,,26.21319376,0.159463266,0.007751659,2.473405176,0.032183337,0.018022669,2025,17,4426844,6.03181413,,,,
,,,12.6109366,0.064642953,0.00328192,1.218514792,0.022547067,0.012626358,2025,17,5082630,2.84937249,,,,
,,,17.98334759,0.12845032,0.001973039,1.274573205,0.023584357,0.01320724,2025,17,4386544,3.87292682,,,,
1.28049836,0.010518953,0.000420884,3.118748782,0.009910973,0.00055163,0.426168682,0.008690378,0.004512829,2025,17,3917668,0.98182152,,,,
14.46717195,0.075449336,0.005481249,3.547556845,0.011916447,0.000737537,0.549971648,0.023221456,0.011016908,2025,17,4242431,2.86665498,,,,
,,,9.312741446,0.082043322,0.004202594,0.767232578,0.009937665,0.005565092,2025,17,3134353,2.18830386,,,,
,,,5.719900773,0.02519629,0.000698944,0.687561031,0.007418205,0.004154195,2025,17,3127292,1.40401395,,,,
,,,4.150471685,0.029120021,0.000807789,0.360780481,0.006675784,0.003738439,2025,17,4430870,1.0624289,,,,
1.021358953,0.006379019,0.000108971,,,,,0.00224744,0.001033822,2025,17,4367567,0.13861965,,,,
1.036273217,0.006296225,0.000107557,,,,,0.00224744,0.001033822,2025,17,4429121,0.13961148,,,,
,,,14.90095065,0.128079968,0.007336718,1.437413187,0.017488044,0.009793304,2025,17,4040612,3.69153629,,,,
,,,16.8005959,0.122842938,0.008737083,1.743815659,0.02049553,0.011477497,2025,17,3911853,4.15599325,,,,
8.632037775,0.042484736,0.002925769,23.18479555,0.067622102,0.00526118,2.05401403,0.060540565,0.031649352,2025,17,4613104,5.90642192,,,,
,,,12.83683068,0.048057969,0.002974421,1.337301048,0.024745056,0.013857231,2025,17,4565185,2.90303469,,,,
,,,17.00241766,0.139792139,0.010229265,1.606847095,0.019549433,0.010947682,2025,17,4573699,4.14492086,,,,
,,,10.59901532,0.100771328,0.006761716,1.217798206,0.014816135,0.008297036,2025,17,4683243,2.87964827,,,,
,,,6.587042745,0.059037773,0.00459882,0.620527031,0.009349107,0.0052355,2025,17,2998565,1.63243118,,,,
2.925939276,0.021755671,0.001580508,,,,,0.006830987,0.003142254,2025,17,4012556,0.42018506,,,,
,,,15.22605483,0.053981851,0.006027928,2.144713713,0.020874636,0.011689796,2025,17,4361372,3.98043737,,,,
,,,15.15653381,0.084081657,,1.469295385,0.026377147,0.014771202,2025,17,4048228,3.4605923,,,,
,,,3.909406403,0.024297838,0.001702378,0.45885574,0.005582591,0.003126251,2025,17,4035020,0.99288326,,,,
,,,13.64273999,0.070272569,0.002782191,1.084426009,0.01605274,0.008989534,2025,17,3914397,2.85834434,,,,
,,,19.36431042,0.12812239,0.005018368,1.323118016,0.02646236,0.014818922,2025,17,4426485,4.00937829,,,,
,,,6.179250636,0.026296019,0.001041097,0.58008282,0.008586956,0.004808695,2025,17,4035656,1.3484756,,,,
,,,5.779721225,0.040046372,0.002228922,0.570815924,0.006944735,0.003889052,2025,17,4365395,1.38592962,,,,
,,,9.644124088,0.043495935,0.00485701,0.978793734,0.018111334,0.010142347,2025,17,4429105,2.19408928,,,,
,,,6.652959399,0.048422746,0.002166318,0.727267207,0.008848173,0.004954977,2025,17,4241263,1.6777557,,,,
,,,7.796903316,0.036659729,0.004093639,0.812942996,0.012033981,0.00673903,2025,17,2310331,1.80761832,,,,
,,,14.61022756,0.148283218,0.003260961,1.477149777,0.017971492,0.010064036,2025,17,4608362,3.81474029,,,,
,,,18.55508717,0.113346262,0.005509868,1.307651078,0.024196421,0.013549996,2025,17,4428811,3.82779311,,,,
25.61739841,0.146290952,0.012643845,2.353756176,0.011940664,0.000580447,0.282564628,0.045633414,0.021237279,2025,17,4431431,4.01424981,,,,
2.845700118,0.020116856,0.001402095,3.716942175,0.014192648,0.001009438,0.537861715,0.011066336,0.005558603,2025,17,3929914,1.39398103,,,,
,,,9.703928253,0.057374834,0.004463915,1.017328297,0.012377152,0.006931205,2025,17,4362018,2.32736255,,,,
,,,9.836547275,0.092461113,0.00323481,0.940816354,0.011446283,0.006409918,2025,17,4360086,2.47318994,,,,
,,,6.830972416,0.058933643,0.002593791,0.784191007,0.009905599,0.005547135,2025,17,3127310,1.81524502,,,,
,,,2.01633389,0.015541151,0.001590821,0.216410641,0.002632923,0.001474437,2025,17,4372505,0.5115933,,,,
,,,8.332179901,0.06974765,0.001533851,0.858384415,0.015221786,0.0085242,2025,17,3049698,2.09650961,,,,
,,,14.18325169,0.086210844,0.004673833,1.454227052,0.014154085,0.007926288,2025,17,4045305,3.38368618,,,,
,,,2.145505834,0.015131126,0.000775078,0.210495431,0.002048766,0.001147309,2025,17,3052096,0.51514237,,,,
,,,4.96325351,0.046831507,0.001834322,0.476645649,0.005799028,0.003247456,2025,17,4360967,1.25128677,,,,
,,,4.442769879,0.025088712,,0.431952749,0.00525528,0.002942957,2025,17,4361088,1.02101469,,,,
,,,8.134323808,0.046563699,0.002591667,0.671122037,0.01241826,0.006954226,2025,17,4426535,1.75553909,,,,
,,,1.801603495,0.016497167,0.000896012,0.210773595,0.001795039,0.001005222,2025,17,3052897,0.48974593,,,,
,,,7.51813149,0.053304309,0.003297714,0.616206178,0.011402112,0.006385183,2025,17,4372063,1.68197144,,,,
,,,9.775064053,0.047325596,0.002634073,0.874809561,0.009294766,0.005205069,2025,17,4036335,2.13137295,,,,
,,,4.35579306,0.029046512,0.003243503,0.743425181,0.00646985,0.003623116,2025,17,3125107,1.35269533,,,,
,,,6.886891592,0.059072913,0.002388701,0.635936481,0.007737013,0.004332727,2025,17,2975863,1.67537907,,,,
4.957275043,0.100966103,0.00277057,,,,,0.012889626,0.005929228,2025,17,4241961,1.09554701,,,,
,,,1.998199576,0.00912433,0.000709897,0.183464499,0.003394777,0.001901075,2025,17,4877203,0.48970738,,,,
,,,9.138337992,0.078438172,0.003452226,1.060484182,0.012759655,0.007145407,2025,17,3050481,2.43789725,,,,
,,,14.92750988,0.072223374,0.003915517,1.244549284,0.023028803,0.012896129,2025,17,3919510,3.19328981,,,,
,,,8.437020227,0.095960066,0.004987858,0.909551814,0.011065908,0.006196908,2025,17,2531358,2.32688833,,,,
,,,6.010910259,0.026042147,0.000410102,0.524202226,0.009699696,0.00543183,2025,17,3916204,1.27175888,,,,
,,,8.408494293,0.041367423,0.002560327,0.961704269,0.011700412,0.006552231,2025,17,4373030,2.04308343,,,,
,,,15.58478198,0.073674477,0.008226922,1.832423421,0.022293869,0.012484566,2025,17,4250764,3.82502179,,,,
,,,9.930977881,0.065315214,0.007293478,1.094384689,0.013314646,0.007456202,2025,17,4241410,2.47939991,,,,
,,,8.763525049,0.037079178,0.002294918,0.951676515,0.011578411,0.00648391,2025,17,4433959,2.0424315,,,,
,,,13.87695721,0.08957451,0.0055416,1.361211523,0.016560949,0.009274132,2025,17,4034862,3.27932664,,,,
,,,3.845286575,0.024318507,0.001892045,0.4104893,0.004994148,0.002796723,2025,17,4362603,0.93925164,,,,
,,,2.055792957,0.010611462,0.000826593,0.227448438,0.002767213,0.001549639,2025,17,4362523,0.49532361,,,,
,,,2.718006321,0.01902671,0.000924906,0.264004913,0.002569577,0.001438963,2025,17,3914151,0.64900549,,,,
,,,8.669509158,0.087862695,0.004500686,0.82590392,0.01004822,0.005627003,2025,17,4244049,2.21804357,,,,
,,,4.421574685,0.026152335,,0.406941163,0.007529929,0.00421676,2025,17,3052056,0.99777772,,,,
,,,5.422790884,0.040212024,0.002942508,0.521024039,0.006338951,0.003549812,2025,17,4688552,1.30352806,,,,
,,,7.11552754,0.049289858,0.002672199,0.719806625,0.008757405,0.004904147,2025,17,5155825,1.72286563,,,,
,,,7.416494726,0.039854538,0.002160673,0.623683956,0.011540479,0.006462668,2025,17,4361332,1.59616147,,,,
78.81894477,0.57592929,0.012678518,42.59984614,0.222060792,0.004734847,5.053466473,0.153114779,0.074327547,2025,18,4429795,21.87350169,,,,
66.64265947,0.642682635,0.034028481,44.06467209,0.332253308,0.017890937,5.357800107,0.172277989,0.083147589,2025,18,3117251,22.22024058,,,,
1.440078459,0.008003559,0.000490702,79.13026558,0.553788562,0.023491349,6.382015472,0.092727426,0.051579846,2025,18,4362628,17.75705501,,,,
3.986684302,0.043259149,0.000656105,103.7349277,0.654923466,0.009337892,7.638943694,0.109693116,0.060660457,2025,18,4426515,22.50176566,,,,
89.31501514,0.575986004,0.027715602,45.53152072,0.273876607,0.01779235,4.751290656,0.226802189,0.108791109,2025,18,4430807,23.21454159,,,,
,,,73.36827118,0.48890864,0.022944037,7.683209811,0.060257079,0.033743964,2025,18,4361307,17.93347892,,,,
,,,102.736704,0.644335824,0.013738721,7.98350976,0.100607219,0.056340042,2025,18,4374302,22.04065046,,,,
,,,86.17363815,0.527872179,0.019378618,6.397625651,0.072611558,0.040662472,2025,18,4241389,18.14156883,,,,
3.159653792,0.018798141,0.000624787,111.7621181,0.540038915,0.022441466,8.062346777,0.158122588,0.087574425,2025,18,4430878,22.78270596,,,,
91.4518343,0.405638467,0.023936236,16.23526171,0.06156392,0.005015178,2.268603432,0.187799268,0.088287189,2025,18,4242335,15.72681181,,,,
108.1206767,0.855380859,0.036544794,17.53766421,0.123246399,0.009997234,1.975093702,0.274472702,0.128466298,2025,18,4379399,20.2561028,,,,
39.43076607,0.812694684,0.034721094,,,,,0.432990585,0.20592683,2025,18,3918298,22.48210177,203.6413624,1.688324344,0.136949826,0.589521497
84.75070067,0.873038963,0.018197543,9.419894474,0.045155957,0.002109988,0.997183957,0.192137606,0.08933556,2025,18,3043078,15.79042693,,,,
70.74426379,0.262764163,0.024399575,28.34750003,0.15243036,0.007960859,3.90363057,0.178212412,0.085013187,2025,18,4890973,16.20337258,,,,
,,,66.86145739,0.415059176,0.025238068,5.160169364,0.056724074,0.031765482,2025,18,4262921,14.32511533,,,,
,,,76.09146546,0.519756554,0.019080686,5.38855837,0.107771167,0.060351854,2025,18,4426354,16.0365459,,,,
82.33005765,0.882418228,0.013383502,15.24425247,0.106999953,0.001525604,2.015071813,0.175720004,0.082669636,2025,18,4430737,17.57812885,,,,
32.31212161,0.327136799,0.011165489,,,,,0.557932541,0.265970831,2025,18,4431452,23.06531813,274.8789199,2.087472512,0.077793956,0.56721945
73.91672255,0.450178028,0.027600615,22.30623309,0.14731056,0.006248818,3.5170251,0.162522373,0.077630124,2025,18,4362238,16.64098081,,,,
,,,56.09731809,0.451828507,0.029352966,4.903674684,0.079859575,0.044721362,2025,18,4426502,13.19574674,,,,
,,,14.99818314,0.111166303,0.004749392,1.132372473,0.013593178,0.00761218,2025,18,4047646,3.29382183,,,,
69.91118741,0.37963034,0.035875302,18.9649162,0.114087288,0.010188651,2.592805158,0.143014576,0.067729286,2025,18,4596448,14.40316462,,,,
,,,50.72605607,0.432185369,0.018333021,3.892491096,0.042743332,0.023936266,2025,18,4239993,11.54813043,,,,
1.248781857,0.017734643,0.0010465,39.9804355,0.234479057,0.019101355,3.877675014,0.053882269,0.029554285,2025,18,4431459,9.49648809,,,,
1.787237862,0.01563297,0.000344145,70.88447342,0.341393205,0.007279288,4.190363183,0.048747504,0.027027372,2025,18,4426388,13.56216748,,,,
66.6090062,0.589163267,0.020108702,17.53474271,0.108950493,0.004060264,2.300384197,0.116069417,0.054962318,2025,18,4432710,14.84492094,,,,
3.439008423,0.029201005,0.000608663,70.4720372,0.159234949,0.00744052,5.039061921,0.11237093,0.061768752,2025,18,4429615,13.45630707,,,,
77.92211264,0.585788689,0.023699234,24.34037955,0.144959842,0.007021114,2.47487277,0.145023055,0.068443113,2025,18,4239996,17.01399564,,,,
,,,72.02543372,0.797364387,0.011368813,4.607065077,0.04547956,0.025468554,2025,18,16800,16.56679529,,,,
71.59955401,0.608450332,0.027067523,17.37425553,0.094794659,0.00459151,1.837187105,0.139216248,0.065603137,2025,18,4259545,14.8898278,,,,
74.6507144,0.377529965,0.032756264,22.06298918,0.126839076,0.008446858,2.976644541,0.130817806,0.062244784,2025,18,4038815,15.63560182,,,,
,,,33.97499934,0.128317254,0.003762469,2.952129584,0.038594727,0.021613047,2025,18,4612826,7.08485189,,,,
,,,60.56438601,0.538614941,0.036398675,4.737624031,0.060310548,0.033773907,2025,18,3128429,14.03259181,,,,
2.433360333,0.043856816,0.00066517,,,,,0.412633539,0.197718996,2025,18,12483,20.11155999,286.1746755,2.428462634,0.034624993,0.620908413
13.78526729,0.131590995,0.005311214,,,,,0.457856987,0.219077049,2025,18,2577417,19.70845895,284.5766053,1.95796027,0.071878317,0.701402002
,,,48.39845125,0.200757366,0.010330977,4.965774941,0.04594424,0.025728774,2025,18,15847,10.98058067,,,,
,,,46.303519,0.240875525,0.01564844,4.353652685,0.026483988,0.014831034,2025,18,4360248,10.43159455,,,,
59.59262929,0.488142348,0.013934509,17.82826915,0.092922878,0.003390751,2.365022589,0.141386985,0.067058253,2025,18,4569987,13.56713511,,,,
,,,54.33772432,0.42296836,0.028167611,4.218536205,0.06244692,0.034970275,2025,18,4685472,12.17816347,,,,
,,,14.60111435,0.102988974,0.004400029,1.227653175,0.013951714,0.00781296,2025,18,4241478,3.29924099,,,,
,,,65.58765213,0.421628209,0.015712842,5.52000969,0.068248835,0.038219347,2025,18,2976212,14.56533115,,,,
53.23572831,0.368808408,0.012257961,16.50406248,0.067655907,0.00281146,2.06148611,0.086078256,0.040866042,2025,18,4567048,11.60493184,,,,
8.195322238,0.080051078,0.004907967,,,,,0.340071916,0.162845903,2025,18,3915511,16.14048456,225.2993442,1.81838562,0.07713473,0.646131985
34.64611272,0.216697618,0.004516825,,,,,0.535711049,0.255281446,2025,18,3916387,15.54109646,213.8533674,0.982503837,0.045909138,0.656149797
53.09135223,0.499861136,0.032641579,21.53324616,0.151639243,0.01024752,3.115579566,0.118546285,0.056762161,2025,18,4568490,14.46242756,,,,
,,,34.23050349,0.320931625,0.011781661,4.139949418,0.082798988,0.046367433,2025,18,4242355,9.42160197,,,,
,,,60.71836891,0.478960651,0.025790728,5.679325906,0.048865906,0.027364907,2025,18,3040151,14.62306835,,,,
,,,39.02558444,0.106192547,0.008650758,4.522031123,0.059885237,0.033535733,2025,18,4035687,9.0135529,,,,
,,,25.90779528,0.189302166,0.016905773,1.893789703,0.028033737,0.015698893,2025,18,4567750,5.62353399,,,,
5.293469377,0.067265639,,46.39704318,0.207877603,,4.244057456,0.1063609,0.057414129,2025,18,3126486,10.98639109,,,,
21.2328945,0.283312619,0.018500681,,,,,0.371542366,0.17740566,2025,18,4426338,17.85543177,224.148733,1.663764943,0.112434384,0.75279065
,,,54.66839123,0.236338537,,4.219643749,0.061443031,0.034408098,2025,18,3121422,11.0373179,,,,
,,,54.57639,0.438417213,0.039153181,4.146893564,0.053713096,0.030079334,2025,18,16737,12.25459954,,,,
41.35403986,0.399991337,0.008805417,13.64648676,0.041310145,0.000880827,1.729306541,0.092398351,0.044044023,2025,18,4035538,9.81089454,,,,
,,,73.14574731,0.362860399,0.017028708,5.833822759,0.06498095,0.036389332,2025,18,4360761,15.28855464,,,,
1.671961685,0.016630406,0.000672816,55.87155332,0.376759192,0.018248289,3.348456882,0.046845898,0.025886239,2025,18,4432773,11.4504517,,,,
,,,50.98275372,0.388658604,0.020928208,3.823987036,0.070501285,0.03948072,2025,18,3886598,11.21896901,,,,
3.068484666,0.038496438,0.001557449,59.38661648,0.466798272,0.022609322,4.763176325,0.078906209,0.043388667,2025,18,3916433,14.00409291,,,,
,,,43.87481565,0.458863963,0.017100509,3.606612626,0.026182694,0.014662309,2025,18,3046439,10.75284437,,,,
20.27058601,0.092477169,0.00873915,,,,,0.535721533,0.256180686,2025,18,3052587,15.87720789,215.7782847,1.521204664,0.135852332,0.605822683
24.22386219,0.173065522,0.007698993,,,,,0.460440132,0.219930573,2025,18,4431611,19.1205469,221.5010733,1.999800941,0.096863118,0.490461114
3.084841217,0.024594546,0.000541425,,,,,0.475947647,0.228129992,2025,18,3046779,17.91917914,299.254496,1.770173799,0.037744175,0.610299254
72.27717685,0.377985563,0.011606719,21.09372668,0.097602508,0.005223529,2.400590532,0.146295943,0.069206319,2025,18,4360516,14.49032117,,,,
12.78919014,0.247913335,0.013126407,,,,,0.447002107,0.213723132,2025,18,4361741,16.88603785,238.735708,1.745898064,0.09401186,1.106016012
5.114350108,0.044503219,0.00197977,34.99370888,0.393551254,0.019062198,2.546432953,0.051208347,0.027371327,2025,18,3915416,9.17425697,,,,
36.13793798,0.318272296,0.009085399,28.64668627,0.179139602,0.006536794,4.213078155,0.127380841,0.062812575,2025,18,4371733,13.64048345,,,,
38.66691028,0.720338474,0.0221,,,,,0.430792974,0.205284816,2025,18,4689114,21.84830043,225.6721998,1.484043898,0.079423635,0.55368133
58.42770733,0.288834975,0.004995242,7.905628204,0.025022467,0.000366306,1.528954026,0.159375489,0.074834074,2025,18,3916148,9.91069318,,,,
2.13106659,0.042706164,0.000890163,31.71980996,0.285495354,0.013340249,3.011754521,0.049471017,0.026905502,2025,18,3116365,8.3420091,,,,
34.90454365,0.410500944,0.014010787,23.32277638,0.139977067,0.005216533,2.771993466,0.150052182,0.072696495,2025,18,4569173,11.79461519,,,,
54.57256915,0.443684785,0.041345114,15.9253903,0.111767958,0.008295434,1.792787592,0.116004171,0.054572987,2025,18,4429059,12.16849512,,,,
,,,20.7209556,0.08067049,0.002365389,2.362563736,0.045982015,0.025749929,2025,18,15818,4.87312516,,,,
,,,44.41486214,0.291979422,0.023684152,3.760453796,0.059557106,0.033351979,2025,18,4373678,9.99437103,,,,
2.185471894,0.012460553,0.000724313,39.32289827,0.282256784,0.017162892,2.967060118,0.042122208,0.023219333,2025,18,4429205,8.8766469,,,,
22.47190498,0.484950263,0.019619617,,,,,0.457891861,0.218588497,2025,18,4360310,21.49267935,261.568359,1.872238514,0.090681662,0.705693353
,,,21.36904178,0.107528485,0.004046624,1.486992934,0.02221473,0.012440249,2025,18,4248528,4.25286697,,,,
,,,47.6677476,0.326220879,0.029133402,4.374824079,0.04648208,0.026029965,2025,18,3116165,11.10636099,,,,
,,,30.94187384,0.26297334,0.0213313,2.488055252,0.034598033,0.019374898,2025,18,4385690,7.16490748,,,,
13.57356453,0.097111898,0.008102933,,,,,0.570771685,0.273261941,2025,18,2578570,16.5854756,265.6360646,1.445711667,0.067845931,0.69163767
52.01300274,0.432965695,0.019260913,13.70394406,0.099529967,0.004820871,1.560644017,0.054808243,0.025890887,2025,18,4608686,11.32514046,,,,
46.82568393,0.605102678,0.020111593,10.78019189,0.029049872,0.001207175,1.527189166,0.056168657,0.02650212,2025,18,4426385,11.08380734,,,,
38.83697095,0.17551241,0.015228277,13.12192414,0.08092968,0.005389518,1.896094443,0.088652049,0.042342137,2025,18,4241416,8.63229766,,,,
,,,17.71130827,0.083733793,0.003151158,1.583575673,0.029248046,0.016378906,2025,18,4361432,3.88660625,,,,
,,,47.97185718,0.207940738,0.011596801,4.687611042,0.060716444,0.034001209,2025,18,3929645,10.68923437,,,,
,,,31.30820412,0.166274208,0.004875429,2.352571048,0.035286527,0.019760455,2025,18,4429025,6.45219666,,,,
,,,34.11115763,0.263987849,0.019593216,3.475535081,0.038840348,0.021750595,2025,18,3117256,8.46728918,,,,
1.413278302,0.010087571,0.000658731,27.35937956,0.215109082,0.014536703,2.124284299,0.035860853,0.019693079,2025,18,4431280,6.34468271,,,,
,,,54.97731919,0.149942948,0.011514331,3.494726746,0.05564621,0.031161878,2025,18,4241463,9.85429126,,,,
36.79686054,0.385199356,0.015065428,7.405794359,0.056164607,0.002890231,1.178253157,0.085938586,0.040441931,2025,18,3059915,8.20399788,,,,
16.17561898,0.061941402,0.005772058,,,,,0.385085677,0.184006461,2025,18,4432577,16.3322144,227.6526579,1.668678154,0.123849535,0.669592551
7.049159974,0.043301916,0.001439211,41.83627973,0.219573768,0.009124448,2.861742751,0.078408908,0.041791583,2025,18,4032473,9.59445902,,,,
53.88044153,0.254575645,0.00996,12.32700181,0.078857936,0.004058031,1.988274631,0.105608745,0.049956885,2025,18,4361529,10.54053274,,,,
,,,25.16729717,0.154089375,0.00451815,2.434006241,0.029612924,0.016583237,2025,18,4595342,5.85192203,,,,
,,,43.80544516,0.428255775,0.020743159,3.651924283,0.044430517,0.02488109,2025,18,4723086,10.59489759,,,,
15.55505779,0.137209629,0.012966395,11.2778155,0.082127947,0.007334498,1.86046707,0.039460045,0.019507781,2025,18,4697815,5.86241008,,,,
38.44974152,0.20517194,0.01711937,20.07007362,0.090892525,0.004265503,2.942568525,0.071055548,0.034444874,2025,18,4240657,10.54669483,,,,
77.89488641,0.454432878,0.026415489,6.977378318,0.028983886,0.001762393,1.122416705,0.2278361,0.106208135,2025,18,4360569,12.36008326,,,,
1.559971106,0.00551343,0.000173241,18.83359747,0.034733355,0.001307122,1.834549822,0.041178009,0.022610984,2025,18,4362249,4.07421215,,,,
,,,33.94553816,0.157456243,0.01282685,2.424279451,0.036154236,0.020246372,2025,18,4360078,6.74968568,,,,
53.00796011,0.301897228,0.006954403,10.30828828,0.052810609,0.001548492,1.446838743,0.132019161,0.061935431,2025,18,4430968,9.80333153,,,,
6.202590933,0.048721141,0.001619328,,,,,0.598044558,0.286405794,2025,18,3912547,15.67751858,277.7504648,1.500745681,0.062363899,0.959501772
33.5760101,0.28027082,,,,,,0.105707028,0.048625233,2025,18,4575131,4.94476546,,,,
,,,46.64567131,0.25804184,0.010723,3.47310037,0.056385388,0.031575817,2025,18,2977187,9.64570091,,,,
,,,28.44930201,0.074144595,0.006040037,3.322144999,0.047901478,0.026824828,2025,18,4688813,6.61694956,,,,
,,,27.17309584,0.180638149,0.011735128,2.001149102,0.03062869,0.017152067,2025,18,4040655,5.7922637,,,,
3.711120708,0.031466181,0.001399805,57.02207969,0.436389737,0.021137139,4.346561887,0.091174334,0.049982954,2025,18,4685278,13.17453141,,,,
1.223943467,0.027312533,0.000907777,38.38055006,0.290914885,0.012089048,3.815124999,0.061593851,0.033742068,2025,18,4576297,9.64507437,,,,
5.275720372,0.016769885,0.001557207,47.26749513,0.234688077,0.012256867,3.781094707,0.043889507,0.023687391,2025,18,4428718,10.53112175,,,,
,,,23.16661215,0.110864747,0.00749205,2.500580936,0.032231511,0.018049646,2025,18,3051876,5.46216744,,,,
44.28685624,0.166686628,0.005237574,7.389081099,0.024695206,0.000929356,1.094651839,0.101286107,0.047492124,2025,18,4887558,7.38622791,,,,
0.715837439,0.003315749,0.000366674,56.51800451,0.219904351,0.026233764,3.688880594,0.076062365,0.042366449,2025,18,4597500,10.72206337,,,,
59.00997109,0.585005136,,3.925377011,0.016863662,,0.619792011,0.088442266,0.041052569,2025,18,4362619,10.44476847,,,,
,,,40.74653065,0.284037856,0.013757342,3.512386721,0.042450725,0.023772406,2025,18,4430539,9.27235879,,,,
1.257767651,0.004429218,0.000139173,27.22740267,0.043335205,0.001630836,2.335742064,0.047371261,0.026112774,2025,18,4701936,5.4234081,,,,
,,,39.56296245,0.292526188,0.021711336,3.057519135,0.056575505,0.031682283,2025,18,4877706,8.75052461,,,,
44.24114254,0.434604591,0.013345307,17.91178344,0.068200959,0.003650005,2.309517951,0.093259775,0.044640112,2025,18,4040761,11.53686682,,,,
2.89998523,0.028134621,0.001138241,55.92657145,0.394668754,0.019115737,3.779716335,0.086324648,0.047268771,2025,18,4432620,12.35736226,,,,
19.16951398,0.119388784,0.002064763,20.21973422,0.111148481,0.00162711,3.230657821,0.048896929,0.024418046,2025,18,4428557,8.51264388,,,,
35.01557658,0.405168513,0.019496115,4.568856979,0.018825004,0.001222963,0.721189966,0.04339605,0.020276,2025,18,4373626,7.22562658,,,,
55.63440587,0.215337886,0.014108684,24.08587506,0.102304218,0.007856086,2.937060414,0.13120608,0.063082676,2025,18,5081397,12.78009468,,,,
18.3847673,0.227228415,0.01320844,,,,,0.615076948,0.293814768,2025,18,4433970,14.35965951,203.2245832,1.39341891,0.084728162,1.084675171
19.73685628,0.21736276,0.01162719,11.14973689,0.074344455,0.004146171,1.21879311,0.131305931,0.062943097,2025,18,2468609,6.10078067,2.566426291,0.012680257,0.000688177,0.010399002
,,,22.79013101,0.251019383,0.003579032,2.242691292,0.024235661,0.01357197,2025,18,4242557,6.00847682,,,,
,,,17.51347728,0.09227782,0.00824094,1.958793433,0.01992891,0.01116019,2025,18,4243331,4.25849578,,,,
,,,36.76858752,0.299688594,0.011168512,2.575021204,0.038117995,0.021346077,2025,18,4429022,8.03066439,,,,
4.967139675,0.065530335,0.001870629,,,,,0.399150605,0.191248176,2025,18,8439,13.88469062,226.3680522,1.382442371,0.050445246,0.661196162
21.8287418,0.212220207,0.0114,,,,,0.444287421,0.212165902,2025,18,4360689,16.5397206,247.1815469,1.221280151,0.068129476,0.717642225
3.247241568,0.031916165,0.000551972,39.54383167,0.28767414,0.004211281,3.800310777,0.088980778,0.04853178,2025,18,4431268,10.22468191,,,,
,,,52.45132857,0.288468579,0.015438373,3.379590233,0.067591805,0.037851411,2025,18,3916945,10.31249049,,,,
,,,34.32463754,0.186138649,0.009578698,3.322923028,0.061298346,0.034327074,2025,18,4241372,7.82434192,,,,
,,,2.039456253,0.019455832,0.001047644,0.217555377,0.002646851,0.001482236,2025,18,4259147,0.53743641,,,,
22.15459457,0.152619982,0.008080856,3.451531622,0.021461245,0.00115563,0.4786937,0.048429995,0.02263472,2025,18,4241474,4.11780785,,,,
13.09291529,0.128195341,0.005186395,3.960261371,0.022629608,0.001096063,0.467299421,0.042421793,0.020051777,2025,18,4882093,3.05115014,,,,
58.10997715,0.242747276,0.012985062,21.6303492,0.082996172,0.004628675,2.877863364,0.127491414,0.061006464,2025,18,4569682,12.72293723,,,,
17.84604799,0.229220841,0.021661511,1.583272055,0.00863722,0.000771353,0.2383563,0.043796709,0.020389325,2025,18,4430871,3.65763272,,,,
,,,26.44858268,0.161274593,0.007535826,2.139561341,0.031593685,0.017692464,2025,18,4361050,5.73258789,,,,
,,,20.63226222,0.186118809,0.012394596,1.89962505,0.032437447,0.01816497,2025,18,4430034,5.06888138,,,,
53.43550564,0.42109012,0.015993282,9.105802382,0.042330656,0.001808506,1.09103853,0.151445258,0.071043606,2025,18,4429013,10.02320635,,,,
19.53286324,0.133566829,0.011588882,,,,,0.473356716,0.226204796,2025,18,4685720,15.28721484,201.4403264,1.546899013,0.103015859,0.75098073
65.47736026,0.645184097,0.026040616,14.28350064,0.081728502,0.00300032,1.931072632,0.144813232,0.068294653,2025,18,4685279,14.19394888,,,,
,,,45.81171365,0.227281251,0.011870037,4.738451103,0.057965777,0.032460835,2025,18,4429086,10.64365838,,,,
0.758553916,0.006725027,0.000635519,6.267069386,0.051109004,0.004564328,0.586823824,0.013206362,0.007160769,2025,18,4608810,1.6328171,,,,
19.56864787,0.090026914,0.005898457,,,,,0.347008372,0.165998676,2025,18,4432762,14.25001742,257.8218017,0.82160879,0.063092503,0.830740326
2.12404122,0.009078604,0.001003963,33.86520718,0.086992451,0.010377873,3.23332316,0.069964746,0.038509744,2025,18,4567096,7.35626651,,,,
4.660101893,0.039805372,0.001593689,36.4094183,0.188870032,0.009752735,3.643946689,0.08480893,0.046043965,2025,18,4569603,9.27106756,,,,
,,,37.190554,0.233948471,0.015579817,3.345777114,0.060680072,0.033980841,2025,18,4695883,8.43332329,,,,
55.8590387,0.33341667,0.013349013,15.96243677,0.067344443,0.003477484,2.408155184,0.099111294,0.047190561,2025,18,4682745,11.93675728,,,,
5.106252867,0.076162246,0.002174127,28.90787216,0.164659365,0.006008411,2.930186052,0.062041196,0.033127413,2025,18,3054212,7.72827647,,,,
31.9900735,0.150646396,0.012569805,16.8613284,0.075491788,0.003542761,2.542208399,0.088391052,0.043148499,2025,18,4362478,8.73243983,,,,
,,,21.98422385,0.121756437,0.004442886,1.696797333,0.033935947,0.01900413,2025,18,4243389,4.67561644,,,,
4.269190856,0.029221988,0.001908234,18.35133465,0.111953795,0.007565646,1.555108763,0.046610229,0.024550923,2025,18,4686472,4.78052941,,,,
,,,35.15693645,0.256424612,0.019031872,2.72865267,0.046078857,0.02580416,2025,18,3895856,7.77056741,,,,
,,,37.86699668,0.224003898,0.003279208,3.070260973,0.056811277,0.031814315,2025,18,4883647,8.14541382,,,,
2.3749426,0.07492251,0.003605161,,,,,0.468919237,0.22467787,2025,18,14880,12.58192852,204.5067299,1.319845743,0.085743566,0.653227342
,,,40.38204543,0.133762786,0.010271834,2.828057906,0.04971941,0.027842869,2025,18,4369863,7.63501109,,,,
,,,43.68328828,0.129902748,0.001901655,4.480245592,0.05153007,0.028856839,2025,18,4360635,9.57544254,,,,
29.23490334,0.184650555,0.011321008,7.382466521,0.042342649,0.001796148,1.021204377,0.110090455,0.052144224,2025,18,3116389,6.04335801,,,,
44.20541714,0.384097132,0.015378108,12.50660096,0.072654939,0.003751704,1.971642568,0.085175084,0.040553237,2025,18,4711533,10.34275995,,,,
10.62754721,0.074904643,0.001295435,,,,,0.626369406,0.299812899,2025,18,4688380,12.08145329,209.4057916,1.036346281,0.015171142,0.701106718
2.965646195,0.024039029,0.000820475,24.07243174,0.175699158,0.00654779,1.857319732,0.04783881,0.025720492,2025,18,4427095,5.72411219,,,,
,,,31.27297528,0.16635031,0.008957512,2.713268594,0.049810227,0.027893727,2025,18,3045523,6.80210955,,,,
1.547520075,0.009663282,0.00059246,19.16866919,0.166165429,0.007048629,1.621777556,0.027685541,0.015136063,2025,18,4368003,4.7341108,,,,
,,,35.85836483,0.201921588,0.007368108,3.529440418,0.049666239,0.027813094,2025,18,4361411,8.28723046,,,,
,,,27.17538829,0.173678945,0.006337535,2.787796015,0.044202836,0.024753588,2025,18,16460,6.51174041,,,,
,,,26.80557738,0.242562512,0.00517199,2.005897476,0.037116583,0.020785287,2025,18,5123663,6.11158169,,,,
8.525489089,0.070338352,0.003005095,4.678037083,0.032658645,0.002649133,0.574138766,0.020323861,0.009793376,2025,18,4429501,2.63541276,,,,
30.06511676,0.21945862,0.020450423,6.806994646,0.032650963,0.002423359,0.957946818,0.076433869,0.035993258,2025,18,4429939,6.1335925,,,,
,,,22.7332617,0.280646026,0.011904821,2.359186249,0.02319604,0.012989782,2025,18,3116164,6.31483065,,,,
,,,34.0764203,0.227773434,0.008361748,2.839309556,0.052537814,0.029421176,2025,18,5083754,7.57285933,,,,
,,,16.55706024,0.010569533,0.000397764,1.825527311,0.022910305,0.012829771,2025,18,4428085,3.52039252,,,,
,,,35.02446802,0.255105029,0.009507014,2.094819333,0.038761969,0.021706703,2025,18,4613202,7.19509224,,,,
,,,23.72830259,0.323181071,0.0262151,2.077197999,0.017690314,0.009906576,2025,18,3930086,6.42219853,,,,
,,,26.66519665,0.12195802,0.005698693,1.88340616,0.0307915,0.01724324,2025,18,15795,5.25939485,,,,
6.769506042,0.05106111,,12.13984061,0.039327832,,1.892843896,0.03596075,0.018484624,2025,18,3127586,4.33314495,,,,
34.01514241,0.119945002,0.003768874,14.93017247,0.042516419,0.001600022,2.168322854,0.074451382,0.035757267,2025,18,3149687,7.97881413,,,,
39.11323997,0.258517639,0.009818671,16.61427663,0.071547293,0.003056737,2.045413425,0.106343757,0.051047502,2025,18,4431545,9.58602285,,,,
1.441929155,0.008445919,0.000195,22.19200997,0.064409475,0.00188859,2.212380615,0.045689908,0.025111087,2025,18,4686612,4.9680579,,,,
,,,11.20514721,0.096116542,0.001370429,0.823290015,0.015233935,0.008531004,2025,18,4710855,2.50658484,,,,
,,,14.27672012,0.099834032,0.00809812,1.095821013,0.017354765,0.009718668,2025,18,4242433,3.11971452,,,,
5.138358204,0.032814788,0.00128,11.71954621,0.088293281,0.004543574,1.660397673,0.031113349,0.016071925,2025,18,4596602,4.24447584,,,,
,,,32.04460652,0.141521901,0.007282719,3.499757668,0.06165111,0.034524622,2025,18,3120348,7.50049192,,,,
,,,36.21347469,0.174522642,0.009114655,3.381667124,0.062573452,0.035041133,2025,18,4603186,7.99994749,,,,
,,,32.79692717,0.219481699,0.014832197,2.754878286,0.050975521,0.028546292,2025,18,4600981,7.32537701,,,,
9.99563779,0.038775134,0.001565024,14.88627397,0.107484541,0.003945845,1.138772121,0.053207548,0.026753016,2025,18,3676833,4.68380661,,,,
,,,6.090601044,0.050407914,0.002138271,0.732189571,0.008129236,0.004552372,2025,18,4036131,1.63908376,,,,
,,,22.51181068,0.217932744,0.010555873,1.912094148,0.037443477,0.020968347,2025,18,3917914,5.45103673,,,,
1.686819287,0.009452701,0.000549471,27.65857884,0.21426531,0.013028606,2.124257159,0.042175079,0.023119194,2025,18,4382466,6.3831388,,,,
,,,34.42227514,0.347012627,0.018571556,3.139110827,0.062362437,0.034922964,2025,18,4242540,8.63235529,,,,
23.58840156,0.143704646,0.002995366,6.414597663,0.026132419,0.001221081,0.796224611,0.057444282,0.02718521,2025,18,4596334,4.81724674,,,,
,,,22.68064733,0.09742587,0.005088183,2.468175988,0.036540018,0.02046241,2025,18,2577327,5.29101349,,,,
0.806950535,0.006735597,0.000636518,32.01980139,0.219025125,0.019560204,2.690669527,0.041708282,0.023168803,2025,18,4430834,7.32306889,,,,
19.8384913,0.161360091,0.006893855,17.92531037,0.130967367,0.010623526,1.791777531,0.070823971,0.03461371,2025,18,3915411,7.30752412,,,,
10.75259139,0.078636074,0.00315,,,,,0.701733092,0.335827298,2025,18,4889929,11.59241931,203.4535213,1.093641673,0.056472685,0.966747297
12.96029617,0.082442685,0.001899122,6.540429718,0.021090016,0.000618393,1.073600215,0.04244468,0.020500441,2025,18,4372071,3.62195803,,,,
2.147836201,0.01765635,0.00165,28.81928937,0.218916618,0.016248023,2.425210994,0.052364452,0.028575193,2025,18,4586312,7.0340288,,,,
,,,24.77833994,0.21519539,0.003068254,2.297055004,0.022571953,0.012640294,2025,18,2573401,6.04751306,,,,
12.67107078,0.110714603,0.004205014,,,,,0.359009324,0.17166443,2025,18,4685201,16.04555337,233.0019759,1.510887613,0.064550112,0.526566102
29.06816957,0.159453537,0.010412522,1.434518485,0.008170698,0.000552162,0.264663668,0.050008146,0.023193234,2025,18,4722893,4.29754078,,,,
,,,23.93035456,0.236574787,0.011458826,2.162907,0.023317397,0.013057742,2025,18,4258595,5.97281135,,,,
3.252417928,0.01559097,0.000833994,49.29631916,0.189044244,0.010542948,3.599309934,0.075975491,0.041608791,2025,18,4372758,10.02353523,,,,
,,,19.12028245,0.156769193,0.008095135,1.594517323,0.024222976,0.013564867,2025,18,3929785,4.43686326,,,,
33.4054762,0.174929367,0.011461166,14.42759398,0.045985464,0.003531289,1.797122574,0.07406852,0.035635512,2025,18,4601080,7.86658846,,,,
,,,2.986821115,0.021181981,0.000302012,0.200160901,0.003080803,0.00172525,2025,18,4360797,0.62317002,,,,
,,,44.64901569,0.313032959,0.011422555,2.687867529,0.046850128,0.026236072,2025,18,3051738,9.00257582,,,,
17.06892301,0.07453804,0.003987196,7.441313412,0.030221156,0.001685426,1.039466597,0.042115343,0.020277681,2025,18,4569609,4.14744883,,,,
65.99276855,0.210492743,0.02327746,13.64262073,0.061650903,0.007354721,2.239500865,0.119352683,0.056707562,2025,18,4035886,11.78690091,,,,
,,,22.46421522,0.189640925,0.015382881,1.689972304,0.0237673,0.013309688,2025,18,16731,5.07901576,,,,
,,,22.62355833,0.103904745,0.00542655,1.696476581,0.031391143,0.01757904,2025,18,4432775,4.5587839,,,,
10.94295654,0.105424953,,,,,,0.613773955,0.293546154,2025,18,11394,10.75836086,190.567059,0.858395147,,0.726927576
9.047324543,0.034040558,0.003160915,6.794084176,0.045083523,0.002354541,1.075050031,0.034162661,0.016847919,2025,18,2576414,3.16692529,,,,
,,,11.73594325,0.049395414,,1.036710099,0.016307852,0.009132397,2025,18,2576581,2.48884291,,,,
2.408850521,0.018842951,0.001755895,33.45923635,0.238125897,0.017673739,2.536962212,0.043545813,0.023786535,2025,18,4686422,7.65802219,,,,
,,,2.549322829,0.021992476,0.000807362,0.213486387,0.003629436,0.002032484,2025,18,4249417,0.59801928,,,,
1.592207153,0.006452841,0.000713591,33.71875875,0.043824831,0.005228138,2.999081511,0.059721837,0.033021464,2025,18,4569371,6.95607767,,,,
,,,4.357739273,0.054199612,0.004396446,0.272297953,0.004935407,0.002763828,2025,18,4243537,1.03666499,,,,
25.68843359,0.146908751,0.003384141,,,,,0.411960134,0.196291477,2025,18,4383351,11.96387232,182.9622793,0.790523517,0.023179428,0.819206484
,,,34.41940341,0.23511443,0.010044865,2.424394997,0.031402243,0.017585256,2025,18,4361409,7.26276914,,,,
0.960580998,0.009092567,0.000481429,8.551867338,0.056604411,0.003047993,1.195248109,0.011889116,0.006444423,2025,18,16002,2.53515861,,,,
,,,21.37258833,0.128051534,0.008318847,1.81168947,0.033523011,0.018772886,2025,18,3871102,4.69723743,,,,
2.973830395,0.026098327,0.002431993,3.47900409,0.023199605,0.001721878,0.454291804,0.00957554,0.004748969,2025,18,2983509,1.39442525,,,,
1.550499746,0.00672933,0.000440898,37.24371278,0.137218439,0.010537198,2.34590972,0.04754909,0.026213389,2025,18,4808839,7.059801,,,,
8.595502452,0.03455105,0.002038816,3.682058479,0.024430682,0.001990195,0.667660168,0.024823629,0.012036443,2025,18,2576336,2.30334252,,,,
6.842731262,0.053298582,0.004949163,,,,,0.366929917,0.175405013,2025,18,4240703,8.96991981,152.8708697,0.76327659,0.041583191,0.477000318
,,,16.03267275,0.058302255,0.003000235,1.736998624,0.014793029,0.008284096,2025,18,4240472,3.67990231,,,,
2.126613968,0.014775579,0.000964864,6.951229059,0.037299391,0.002520629,0.929783108,0.012590439,0.00660077,2025,18,4362748,2.21431564,,,,
,,,35.61343708,0.171240534,0.008842396,3.482953153,0.044616586,0.024985288,2025,18,4367209,8.04063028,,,,
12.84875592,0.092507153,0.003618022,,,,,0.483047968,0.231036234,2025,18,4044111,11.39300984,196.6073966,0.981151466,0.050490069,0.947367056
14.0454481,0.052905801,0.005850618,,,,,0.640121734,0.306323478,2025,18,4429435,10.88328358,211.912288,0.699794335,0.08348284,0.848652426
20.74512591,0.14110845,0.008326639,,,,,0.491482327,0.234527667,2025,18,4683423,10.4207746,170.282928,0.732150967,0.059643176,0.960076988
,,,27.9469294,0.221061556,0.011903563,2.020771914,0.040415438,0.022632645,2025,18,3043116,6.12144403,,,,
2.187227063,0.013081032,0.000802004,,,,,0.004325099,0.001989545,2025,18,4429299,0.31795018,,,,
10.95684041,0.051559198,0.002997057,5.860875836,0.027956294,0.001699909,0.876233293,0.029945446,0.01453747,2025,18,4257364,3.01620886,,,,
7.250217017,0.097915112,0.001485064,2.029537717,0.012887833,0.000183755,0.25180822,0.017199558,0.008130939,2025,18,4710341,1.83213132,,,,
,,,21.48439959,0.126379435,,2.217018262,0.026972977,0.015104867,2025,18,4690923,5.0942391,,,,
5.612619886,0.046215609,0.00187,1.909086958,0.010831663,0.00052463,0.239467846,0.013756954,0.006536602,2025,18,4911851,1.40203117,,,,
,,,8.704011718,0.072514607,0.002702406,0.641729477,0.011874388,0.006649657,2025,18,4695193,1.9784524,,,,
,,,17.61074292,0.075775,0.001615697,1.594377561,0.030564579,0.017116164,2025,18,2973405,3.86232452,,,,
,,,17.44075145,0.117335012,0.009517727,1.21376654,0.022459207,0.012577156,2025,18,4241476,3.6563257,,,,
,,,2.234591963,0.019940161,0.000845849,0.179972552,0.003330163,0.001864891,2025,18,4690070,0.52112283,,,,
,,,24.00042961,0.243929129,0.016244479,2.482648722,0.034443211,0.019288198,2025,18,4372780,6.34109102,,,,
,,,7.270494664,0.057378907,0.002106426,0.725606591,0.00882797,0.004943663,2025,18,4372096,1.79148783,,,,
9.581212265,0.056665263,0.001305322,1.336166848,0.007289882,0.000213751,0.215142535,0.02348162,0.010983033,2025,18,4362452,1.6723014,,,,
27.38716027,0.216936047,0.008239375,9.624963038,0.039732647,0.00169751,1.091946083,0.050570241,0.024041921,2025,18,4239934,6.30629851,,,,
,,,2.802687797,0.020728734,0.00029555,0.222676594,0.004120347,0.002307394,2025,18,4569382,0.6638989,,,,
,,,15.67073678,0.127648364,0.008626258,1.41173453,0.028234691,0.015811427,2025,18,4039057,3.73107205,,,,
,,,25.56627185,0.215980009,0.01313287,2.629246459,0.038261692,0.021426548,2025,18,3921690,6.46617434,,,,
,,,37.66410132,0.250713885,0.010711326,2.855752077,0.052842062,0.029591555,2025,18,4715355,8.09008306,,,,
,,,22.66634873,0.11793711,0.005534681,1.789726347,0.033116611,0.018545302,2025,18,4692835,4.95872582,,,,
,,,17.57813029,0.173987647,0.002480714,1.667200171,0.020283708,0.011358877,2025,18,4426553,4.45171796,,,,
,,,6.39656936,0.073561663,0.003563061,0.50906593,0.009419618,0.005274986,2025,18,5160110,1.58691739,,,,
,,,42.49679324,0.223755582,0.012478791,2.923839509,0.054101934,0.030297083,2025,18,3127306,8.60024381,,,,
,,,19.98943402,0.155045392,0.005778085,1.950530725,0.023536522,0.013180452,2025,18,3043275,4.86556575,,,,
,,,26.49551981,0.172555937,0.009234915,2.663911389,0.031847824,0.017834781,2025,18,4361516,6.33243926,,,,
,,,16.16861392,0.111795789,0.004776286,1.465870883,0.017834269,0.009987191,2025,18,4241374,3.7435562,,,,
3.59735493,0.017058458,0.001480072,8.09338294,0.065104717,0.004335654,0.743845876,0.023704284,0.012280363,2025,18,4708486,2.39359344,,,,
,,,26.21128173,0.171205113,0.009162621,1.830252149,0.03386649,0.018965234,2025,18,4424106,5.58263415,,,,
,,,12.61778168,0.10108632,0.007502641,1.29315167,0.01573291,0.00881043,2025,18,4426496,3.15924738,,,,
16.06033939,0.104243544,0.004207429,8.112446942,0.038544511,0.001415,1.113611056,0.030706272,0.014900204,2025,18,4383396,4.36987247,,,,
,,,14.24212823,0.051698999,0.002415722,1.785687646,0.015540408,0.008702628,2025,18,4690013,3.57711007,,,,
,,,28.98469942,0.112639446,,2.042070042,0.030228728,0.016928088,2025,18,4567156,5.58331848,,,,
12.45215171,0.051140278,0.003350651,7.856947265,0.020043669,0.001539182,1.048334318,0.024437775,0.011971249,2025,18,4035222,3.51626099,,,,
,,,20.60579466,0.108906556,0.005110885,2.277881386,0.02963923,0.016597969,2025,18,4426844,4.96970602,,,,
,,,20.2962376,0.105561627,0.005432203,1.834413759,0.033943495,0.019008357,2025,18,5082630,4.47114897,,,,
35.84438275,0.28556014,0.004331047,2.041021217,0.01243807,0.000177342,0.267066633,0.057889733,0.026815214,2025,18,4243003,5.87644304,,,,
,,,8.958245364,0.065619246,0.000935598,0.61883374,0.011450732,0.00641241,2025,18,4386544,1.95007704,,,,
,,,7.644828041,0.044190588,0.002379543,0.553229335,0.011064587,0.006196169,2025,18,4430191,1.6945426,,,,
,,,3.520803247,0.01270535,0.000372541,0.362141812,0.0048799,0.002732744,2025,18,3915486,0.78586283,,,,
20.64048707,0.135653956,0.00548,1.972011269,0.011642734,0.000427414,0.271174908,0.037584604,0.017511335,2025,18,4431562,3.39398704,,,,
,,,4.544822763,0.015488298,0.000799774,0.740604417,0.008954212,0.005014359,2025,18,3917668,1.27982371,,,,
24.19421682,0.101047725,0.00587375,10.59179522,0.055039615,0.003346736,1.57639741,0.044322992,0.021348907,2025,18,4242431,5.98876214,,,,
,,,7.55432576,0.067242551,0.003256885,0.548530242,0.007104898,0.003978743,2025,18,3134353,1.70616221,,,,
,,,6.90412188,0.013971273,0.00040966,0.855756434,0.009203863,0.005154164,2025,18,3127292,1.62075025,,,,
,,,34.83217186,0.234745347,0.010029097,2.676442651,0.049524169,0.027733535,2025,18,3926231,7.64042591,,,,
,,,20.98900316,0.088895586,0.002606562,1.808474121,0.033463515,0.018739568,2025,18,4430870,4.43919612,,,,
0.836725029,0.004853243,8.39342e-05,,,,,0.001881908,0.000865678,2025,18,4429121,0.11127815,,,,
,,,2.06232532,0.016901558,0.000910103,0.222660915,0.002708966,0.001517021,2025,18,4040612,0.52916036,,,,
,,,12.73576516,0.115151571,0.007781746,1.358574193,0.015605573,0.008739121,2025,18,3911853,3.32155759,,,,
7.171282134,0.032549706,0.002132618,29.29230115,0.04720684,0.00362508,2.250220258,0.058201516,0.030936444,2025,18,4613104,6.38486618,,,,
32.9106116,0.136461265,0.015090647,11.60966857,0.053899351,0.00642999,1.741464252,0.07480651,0.035926549,2025,18,4035537,7.46609044,,,,
13.67332743,0.081265532,0.0025535,,,,,0.740825568,0.353908295,2025,18,4360175,9.75980214,196.3265754,0.54817223,0.02062939,0.749492459
,,,7.743661795,0.051405206,0.003125742,0.709553867,0.013129392,0.00735246,2025,18,4565185,1.9450432,,,,
,,,5.875886107,0.062308518,0.005054207,0.530942793,0.006459625,0.00361739,2025,18,4573699,1.49542655,,,,
3.937172525,0.011262124,0.000353875,31.46706291,0.054668784,0.002057353,2.326990975,0.055511981,0.029841312,2025,18,4259305,6.27640266,,,,
,,,14.08821726,0.123366718,0.008215616,1.484902593,0.018065816,0.010116857,2025,18,4683243,3.63059915,,,,
,,,8.964747705,0.073883923,0.006018802,0.845198045,0.012560716,0.007034001,2025,18,2998565,2.18327776,,,,
1.216304504,0.007682409,0.000446567,,,,,0.002983858,0.001372575,2025,18,4012556,0.16595149,,,,
,,,9.099854408,0.037523103,0.00175333,0.621390374,0.011498039,0.006438902,2025,18,4696882,1.74744689,,,,
,,,18.31678334,0.06415915,0.007653946,2.278425434,0.022176061,0.012418594,2025,18,4361372,4.48611497,,,,
,,,11.23136473,0.069573217,,1.227311519,0.022032994,0.012338477,2025,18,4048228,2.74379174,,,,
,,,24.00626483,0.148294126,0.006335615,1.849681662,0.022068305,0.012358251,2025,18,4039160,5.12861023,,,,
,,,3.45983099,0.025750418,0.001672872,0.401882494,0.004889435,0.002738084,2025,18,4035020,0.90036668,,,,
,,,19.20293862,0.115664668,0.004220597,1.512880202,0.02239514,0.012541278,2025,18,3914397,4.11111171,,,,
,,,17.94784871,0.122095048,0.006304657,1.979266409,0.024080409,0.013485029,2025,18,4365395,4.49289682,,,,
,,,11.05164449,0.03818643,0.004555498,1.02912253,0.019042604,0.010663858,2025,18,4429105,2.35169164,,,,
,,,10.10097258,0.059514004,0.002780892,0.886435888,0.010784672,0.006039416,2025,18,4241263,2.24738512,,,,
,,,9.27029359,0.034516438,0.001612838,0.628150374,0.011623124,0.00650895,2025,18,4241424,1.75279274,,,,
,,,11.08417462,0.039795918,0.004747504,0.981495871,0.014529067,0.008136277,2025,18,2310331,2.3222947,,,,
,,,12.46499153,0.111334735,0.002373912,1.222232262,0.014870082,0.008327246,2025,18,4608362,3.12522556,,,,
1.164331865,0.012275954,0.001139912,,,,,0.128070135,0.061344318,2025,18,4260394,4.18799823,74.9398338,0.374170834,0.017821368,0.207492644
,,,28.57012987,0.138563078,0.006502639,2.264365598,0.041899207,0.023463556,2025,18,4428811,5.91993922,,,,
4.689243652,0.028973655,0.002417537,,,,,0.009155184,0.004211384,2025,18,4431431,0.6394204,,,,
3.127527575,0.023718916,0.001548876,1.612901773,0.007795835,0.000526829,0.243634969,0.008868438,0.004291511,2025,18,3929914,0.9025688,,,,
,,,9.716307951,0.037552846,0.002883736,0.902278037,0.010977413,0.006147351,2025,18,4362018,2.09298848,,,,
,,,18.46505303,0.097016386,0.003651022,1.931247035,0.023496189,0.013157866,2025,18,4360086,4.34145497,,,,
,,,5.748859158,0.047193105,0.002001901,0.691624973,0.008707702,0.004876313,2025,18,3127310,1.54415049,,,,
,,,12.50567376,0.091401585,0.001948892,1.231918068,0.021845682,0.012233582,2025,18,3049698,3.01090217,,,,
,,,11.27711869,0.062912161,0.003285663,1.207989767,0.011757442,0.006584168,2025,18,4045305,2.70688779,,,,
,,,4.763785144,0.033422666,0.001618823,0.419671226,0.004084687,0.002287425,2025,18,3052096,1.09535653,,,,
,,,4.930527565,0.042854807,0.001573235,0.493256797,0.006001125,0.00336063,2025,18,4360967,1.24002201,,,,
,,,25.2546792,0.132033351,0.006817844,2.198110081,0.040673233,0.02277701,2025,18,4426535,5.48493378,,,,
,,,1.762905385,0.019210355,0.00093048,0.191734368,0.001632893,0.00091442,2025,18,3052897,0.48336224,,,,
,,,34.38022801,0.228660175,0.012752319,2.736850624,0.050641942,0.028359487,2025,18,4372063,7.51695814,,,,
,,,16.05864468,0.108137519,0.005787346,1.330748738,0.024623814,0.013789336,2025,18,4427278,3.57008234,,,,
,,,25.32319242,0.120826238,0.006239139,2.432369295,0.025843687,0.014472465,2025,18,4036335,5.67386331,,,,
,,,3.099507538,0.01976683,0.002358109,0.479129234,0.004169746,0.002335058,2025,18,3125107,0.90783687,,,,
,,,11.84159119,0.095470493,0.003967303,1.102951937,0.013418878,0.007514571,2025,18,2975863,2.85319348,,,,
,,,13.0640758,0.10235308,0.005477772,1.187404534,0.014446356,0.008089959,2025,18,4047422,3.10308782,,,,
4.874975018,0.099217855,0.002832272,2.115293393,0.019665928,0.000717609,0.219629062,0.01469035,0.006971328,2025,18,4241961,1.62550331,,,,
,,,1.969895647,0.012257326,0.000816278,0.184408022,0.003412236,0.001910852,2025,18,4360763,0.45284239,,,,
,,,7.734474523,0.02159325,0.001658176,0.618249026,0.011439912,0.006406351,2025,18,4877203,1.56028233,,,,
,,,9.778339929,0.078405845,0.003325925,1.173865208,0.014063205,0.007875395,2025,18,3050481,2.61340673,,,,
6.599835166,0.02870249,0.003174081,,,,,0.021639908,0.009954358,2025,18,4259308,0.8192091,,,,
,,,20.96708106,0.162458165,0.00694075,1.849137935,0.022497223,0.012598445,2025,18,4372026,4.90987364,,,,
,,,2.268497433,0.010025718,0.000523605,0.20637733,0.00381875,0.0021385,2025,18,3919510,0.54016954,,,,
,,,17.71390498,0.129992144,0.009648036,1.194915063,0.020832821,0.01166638,2025,18,3118892,3.74277194,,,,
,,,15.38273569,0.062392491,0.000913368,1.394889042,0.025810649,0.014453963,2025,18,4057082,3.28112037,,,,
,,,4.267879394,0.035818275,0.001916936,0.403579291,0.004910079,0.002749644,2025,18,2531358,1.04374106,,,,
,,,14.05844853,0.065553844,0.003373402,1.297422663,0.024007157,0.013444008,2025,18,4689988,3.07708537,,,,
,,,10.77080262,0.046319597,0.002391818,0.958026705,0.017727066,0.009927157,2025,18,4567506,2.29842187,,,,
,,,28.6033252,0.092526393,0.0013545,2.404918405,0.044499958,0.024919977,2025,18,3916204,5.77445433,,,,
,,,12.64166568,0.10247263,0.006230946,1.397466758,0.017002042,0.009521144,2025,18,4373030,3.27033751,,,,
,,,1.971696057,0.020035577,0.00135397,0.22225167,0.002703987,0.001514233,2025,18,4383440,0.53938561,,,,
,,,9.881454571,0.077928187,0.001140796,1.152228607,0.014018394,0.007850301,2025,18,4360978,2.59489438,,,,
,,,19.00591826,0.071614122,0.008543296,1.989934939,0.024210206,0.013557715,2025,18,4250764,4.31082466,,,,
,,,20.99567265,0.106667285,0.005948807,1.627927331,0.030122726,0.016868727,2025,18,4027873,4.34645647,,,,
,,,5.942947131,0.051436726,0.003425433,0.643924199,0.007834195,0.004387149,2025,18,4361988,1.54512284,,,,
,,,9.823692252,0.040285472,0.003093578,0.92107253,0.011206073,0.006275401,2025,18,4362603,2.13908674,,,,
,,,6.318797066,0.025747475,0.000376919,0.594042199,0.010991996,0.006155518,2025,18,4362617,1.36913996,,,,
,,,2.360666401,0.015057711,0.000706645,0.275435339,0.00268083,0.001501265,2025,18,3914151,0.60032981,,,,
,,,7.109248287,0.070888109,0.003433458,0.623396512,0.007584448,0.004247291,2025,18,4244049,1.75822273,,,,
,,,14.38570345,0.0903306,0.005037714,1.41801639,0.017252056,0.009661151,2025,18,4432731,3.38977886,,,,
,,,4.526614092,0.029173078,0.001523599,0.478411108,0.005820508,0.003259484,2025,18,5155825,1.10279282,,,,
,,,22.28153211,0.085712859,0.006582012,2.047489423,0.024910433,0.013949842,2025,18,4242536,4.77584413,,,,
,,,13.69568454,0.092689302,0.004960582,1.140641775,0.021106126,0.011819431,2025,18,4570296,3.05318574,,,,
,,,22.37679545,0.049375065,0.001858134,1.9238497,0.020440716,0.011446801,2025,18,5178972,4.4391417,,,,
,,,7.987704402,0.047093861,0.002210072,0.727632557,0.007731025,0.004329374,2025,18,4875912,1.80493156,,,,
