rush_yd,rush_td,rush_2pt,rec_yd,rec_td,rec_2pt,rec,fum,fum_lost,season,week,espn_id,espn_total,pass_yd,pass_td,pass_2pt,pass_int
1.837878131,0.016954609,0.00070604,86.35530157,0.547358769,0.032762069,7.237057323,0.091929877,0.051147458,2024,1,4374302,19.40932086,,,,
0.701791749,0.006242814,0.000337141,85.90661023,0.478696898,0.024536264,6.624509346,0.101573035,0.056694189,2024,1,4262921,18.13402825,,,,
1.206397521,0.010386557,0.000605963,75.34853989,0.534735732,0.02592664,5.784770534,0.098843702,0.054966735,2024,1,4362628,16.65673975,,,,
62.03529603,0.441777875,0.023783027,37.61083001,0.274520314,0.014026643,4.430783962,0.222390168,0.107444292,2024,1,4430807,18.55979046,,,,
59.35425627,0.576148967,0.023992549,27.12191015,0.178232236,0.010668061,3.490164219,0.15320474,0.073871169,2024,1,4429795,16.58969096,,,,
47.30544393,0.367268164,0.014287173,,,,,0.622773322,0.296610178,2024,1,3916387,20.23119736,240.3041807,1.391906784,0.081019342,0.748291526
65.82083561,0.714404109,0.027791178,15.62821966,0.073476723,0.004276893,1.909517908,0.120129027,0.056555008,2024,1,3043078,14.73590855,,,,
80.06246385,0.65121991,0.022929281,19.24931321,0.083636021,0.006072952,2.50048131,0.158081874,0.074678894,2024,1,4242335,16.75361728,,,,
68.91915748,0.491750016,0.030629972,23.83168321,0.110589523,0.005221826,2.965054126,0.170334445,0.080916735,2024,1,4047365,15.76853956,,,,
49.73354961,0.376338951,0.016826805,26.06667955,0.176512097,0.009253849,3.120574083,0.111345461,0.053662325,2024,1,4429160,13.99223203,,,,
,,,44.09354769,0.269637107,0.015102753,3.760946998,0.043256973,0.024223905,2024,1,4432665,9.77102211,,,,
,,,55.33905971,0.275228649,0.012205246,4.180614284,0.0373528,0.020917568,2024,1,3040151,11.34945151,,,,
,,,54.22133537,0.239004714,0.02262681,5.652589672,0.07715722,0.043208043,2024,1,4361307,12.46962303,,,,
,,,66.51463792,0.374204079,0.021148854,5.096815502,0.054153168,0.030325774,2024,1,4595348,13.97657793,,,,
40.30799278,0.356070382,0.015214282,,,,,0.583330083,0.278089202,2024,1,4426348,17.82107624,239.1998346,1.067378572,0.065552871,0.902214451
12.52845799,0.178655347,0.010422943,,,,,0.430486017,0.205874625,2024,1,3915511,19.22092312,266.6521163,1.967408109,0.095389703,0.725393948
,,,80.82243626,0.380629294,0.021319581,6.065049113,0.073653071,0.04124572,2024,1,16800,16.39316023,,,,
59.83867776,0.445860012,0.024871491,37.06502478,0.144274373,0.007312077,4.782791034,0.150489061,0.072983132,2024,1,4427366,17.93634047,,,,
,,,71.55172932,0.544838652,0.025344021,4.755148715,0.047769995,0.026751197,2024,1,16737,15.17779921,,,,
1.459829427,0.014647674,0.000654924,95.14092786,0.514724163,0.026985003,6.907581807,0.103581312,0.057648411,2024,1,3116406,19.68660759,,,,
,,,67.75441228,0.481525929,0.022737231,4.8407481,0.067949486,0.038051712,2024,1,4258173,14.47650994,,,,
36.88960364,0.691833159,0.029822766,,,,,0.548055077,0.261318977,2024,1,3918298,23.63393238,251.9441246,1.882154401,0.099132637,0.781071187
69.66691945,0.55693514,0.021185756,26.67428096,0.170890883,0.010124876,3.383509497,0.146882744,0.070001013,2024,1,3929630,17.31108091,,,,
1.142492027,0.009255704,0.000516313,79.25650393,0.48340866,0.024499994,5.616434658,0.116819022,0.06496962,2024,1,4569618,16.53549781,,,,
,,,66.04290285,0.392643987,0.020062184,5.462544873,0.089498226,0.050119007,2024,1,4426502,14.36494943,,,,
,,,83.61445367,0.49384222,0.029258969,5.933977913,0.111960003,0.062697602,2024,1,4047646,17.19455733,,,,
57.96939072,0.322887447,0.017437447,23.5593777,0.131533273,0.006741918,2.852504573,0.141265685,0.067758702,2024,1,3042519,13.64847906,,,,
67.68693297,0.497319216,0.031,22.18858141,0.208285879,0.009835076,3.03551528,0.092187394,0.043881152,2024,1,3116385,16.25304114,,,,
,,,57.63936689,0.465415293,0.027857356,5.480979894,0.031385228,0.017575728,2024,1,4430027,14.0587996,,,,
4.224088247,0.035857879,0.001784235,84.79602555,0.351022421,0.018842154,6.009475386,0.119938805,0.065940811,2024,1,4426515,17.14530772,,,,
,,,68.56161661,0.230381166,0.01414882,5.012126704,0.057984264,0.032471188,2024,1,3121422,13.21546063,,,,
78.58642891,0.385354705,0.016611437,28.66185633,0.18203263,0.009587616,3.274222946,0.195789298,0.093349972,2024,1,4379399,17.27423964,,,,
,,,64.77890682,0.552427728,0.029425818,4.16112876,0.063593947,0.03561261,2024,1,4047650,13.94289223,,,,
,,,53.23975907,0.266395497,0.016679296,4.043424784,0.042960994,0.024058157,2024,1,4432773,10.95214995,,,,
2.951276291,0.026949424,0.001048365,68.82496894,0.35266871,0.020527946,5.453747037,0.107847086,0.05951195,2024,1,4429615,14.83605909,,,,
25.2829672,0.133878294,0.00861194,9.457617881,0.05712169,0.002657105,1.265508717,0.056231805,0.026904596,2024,1,4596448,5.9382564,,,,
57.03955158,0.345944341,0.01983262,38.87776886,0.152644657,0.007606485,5.159008094,0.115774971,0.056444198,2024,1,3054850,17.68731794,,,,
65.23564664,0.622565625,0.030977937,21.21648262,0.12481302,0.006699704,2.577266254,0.154988667,0.073686116,2024,1,4430737,15.68710845,,,,
1.654264743,0.012456362,0.000559065,66.31437518,0.28805665,0.017139845,4.297895921,0.091162353,0.050530474,2024,1,4426354,12.83458086,,,,
42.35179856,0.341522992,0.019924814,19.40062452,0.104092088,0.005046901,2.496259762,0.124456835,0.059811807,2024,1,4362238,11.33036562,,,,
0.792068598,0.006283239,0.000346885,62.78823796,0.442490224,0.022194958,4.610570131,0.070141279,0.039087823,2024,1,3915416,13.6300036,,,,
0.014166086,0.002114177,0.000111319,57.42641698,0.456765891,0.015009138,5.680200487,0.058597592,0.032709169,2024,1,15847,14.14390978,,,,
,,,75.61508889,0.380757118,0.036046649,5.549421674,0.058962065,0.033018756,2024,1,4432708,15.40308306,,,,
11.72492403,0.088244139,0.005676449,,,,,0.511366541,0.244563462,2024,1,3052587,17.41527004,256.6514342,1.827472044,0.085007718,0.784187075
,,,56.78791774,0.353416508,0.018825213,4.718845912,0.075848478,0.042475148,2024,1,4430878,12.47585851,,,,
58.1348087,0.318214643,0.01359677,16.37894454,0.065866847,0.004045201,2.072959681,0.188117298,0.089063487,2024,1,4241474,11.69094891,,,,
0.65376154,0.005693125,0.000283,69.40688676,0.396867352,0.021303015,5.38772448,0.076945599,0.042930201,2024,1,2977187,14.7684978,,,,
55.78643694,0.361232307,0.01994293,18.04018971,0.105943459,0.00531404,2.4683767,0.142520233,0.067965637,2024,1,4259545,12.57243863,,,,
,,,53.37535654,0.358074535,0.0183536,4.245000787,0.068232118,0.038209986,2024,1,4429205,11.69307088,,,,
21.5338189,0.062464773,0.003288992,,,,,0.482669998,0.230772268,2024,1,3139477,19.46651701,267.1316344,2.03924968,0.067008899,0.797844429
35.20134647,0.663613535,0.025243791,,,,,0.615300197,0.293053785,2024,1,4040715,21.2032095,247.923343,1.405673942,0.083282816,0.742720743
32.16404059,0.344367999,0.023615452,,,,,0.667353156,0.318547966,2024,1,3917315,17.89092711,247.5292193,1.148955721,0.108772763,0.766998548
,,,55.37894837,0.439846302,0.025602331,4.973706759,0.067950044,0.038052025,2024,1,3116365,13.12757402,,,,
32.51881098,0.217477674,0.010738396,16.26780195,0.070527158,0.003756725,2.261023866,0.04003817,0.019380433,2024,1,4426385,8.85899953,,,,
71.39292206,0.508245838,0.032693745,27.13661783,0.130617796,0.006075891,3.543834026,0.185167508,0.088407195,2024,1,4697815,17.1355847,,,,
57.26517402,0.380586566,0.01708143,10.8658132,0.084127327,0.005005714,1.793940256,0.117075157,0.055179998,2024,1,4241457,11.33222663,,,,
11.41884306,0.190464688,0.005876378,70.31473368,0.372343901,0.016511904,4.685426306,0.120898077,0.063963262,2024,1,3126486,16.17937081,,,,
,,,67.57067243,0.399540589,0.023671823,5.417152094,0.084853888,0.047518177,2024,1,4241478,14.52600816,,,,
0.856418003,0.004521789,0.000250673,48.48922936,0.336793975,0.016963259,3.792377941,0.041764254,0.023240922,2024,1,4612826,10.79546207,,,,
15.09843014,0.19558626,0.010562582,,,,,0.819207897,0.391692327,2024,1,3912547,15.75602905,241.5475461,1.466232358,0.075153745,0.931905398
,,,57.18180329,0.282605591,0.015700224,4.566230953,0.091324619,0.051141787,2024,1,3128429,11.9115737,,,,
47.5214637,0.309524482,0.017957452,15.8801244,0.06143345,0.003098012,2.512432707,0.10907805,0.052159922,2024,1,3916148,11.01901019,,,,
4.434333919,0.03520828,0.002081597,94.57953569,0.442142963,0.021724369,7.634868556,0.141678222,0.07817533,2024,1,4241389,20.29536225,,,,
52.40557552,0.310527781,0.016327485,23.63062045,0.067419829,0.003665996,3.298676858,0.137577624,0.066126624,2024,1,4569173,13.08134583,,,,
0.108580856,0.003425685,0.000153169,23.50378259,0.161819168,0.008483555,2.008204085,0.029671365,0.016444286,2024,1,3054212,5.34608042,,,,
5.144220049,0.035808427,0.002230424,50.08385459,0.343873025,0.016237026,4.017597917,0.094701595,0.05159793,2024,1,4362249,11.81221202,,,,
58.82486698,0.381692993,0.0231,24.48414532,0.070374669,0.00440623,3.299468937,0.119815805,0.057326435,2024,1,4239996,14.28629773,,,,
1.061289839,0.007688022,0.00044603,67.24447604,0.447739099,0.022578926,4.881508062,0.0741869,0.041239701,2024,1,3925357,14.41017389,,,,
2.109773081,0.023700812,0.000986972,50.36336955,0.301027846,0.018017972,3.43126849,0.074070052,0.040934761,2024,1,4426388,10.58505107,,,,
61.07886406,0.421996601,0.0289,16.99597322,0.083198923,0.007876524,2.514911085,0.10209844,0.048596184,2024,1,3045147,13.33262264,,,,
54.45952253,0.277989596,0.015410803,17.32289614,0.09979056,0.005026138,2.410108106,0.105060179,0.050245012,2024,1,4241985,11.79818677,,,,
81.24193184,0.689913075,0.03406584,15.37657108,0.059726164,0.003181396,1.978591784,0.111904511,0.052592608,2024,1,4567048,16.11053877,,,,
3.965594594,0.131583878,0.005479542,,,,,0.471570931,0.225814244,2024,1,3046779,16.91999744,260.5650505,1.726621935,0.103346672,0.686799495
0.779758147,0.006188608,0.000341661,55.48005111,0.337990932,0.016953356,5.239139131,0.095605937,0.053309112,2024,1,15818,12.86069511,,,,
15.10046107,0.092635021,0.004465068,6.891922912,0.038559794,0.00217928,1.008726117,0.037560016,0.018104961,2024,1,4360516,3.98791413,,,,
,,,59.89745816,0.233209805,0.012645152,4.019181473,0.077488249,0.04339342,2024,1,4241463,11.34873527,,,,
60.65868903,0.522494816,0.027511204,20.50750668,0.141371099,0.004645396,3.254544856,0.171129859,0.081879947,2024,1,4361529,15.25943122,,,,
26.8267302,0.165062821,0.009758903,11.91343286,0.053494949,0.002628435,1.642940207,0.036113229,0.017311745,2024,1,4038815,6.84784137,,,,
,,,21.87061155,0.10887226,0.004828032,1.726551593,0.034531032,0.019337378,2024,1,3886598,4.53873962,,,,
3.193283544,0.026226168,0.000809152,,,,,0.006454112,0.002968891,2024,1,4372561,0.47253628,,,,
13.14416445,0.120207299,0.007350344,,,,,0.549450085,0.262891797,2024,1,4426338,13.08611736,223.9634707,1.085410496,0.060300249,0.93688064
10.63583217,0.140897277,0.004347082,,,,,0.417739099,0.199839529,2024,1,4361741,16.62057015,263.3473555,1.479680811,0.065617692,0.746152341
1.572221595,0.018725025,0.000894,49.45906752,0.23209713,0.013000086,4.520284176,0.067928152,0.037492659,2024,1,3916433,11.1392467,1.13625606,0.005583177,0.00034392,0.00608348
1.457021401,0.013205874,0.00059,67.07856356,0.30101756,0.01578119,5.041698192,0.071019555,0.039439699,2024,1,4372016,13.73633227,,,,
17.66468463,0.162425317,0.009,,,,,0.401146472,0.191689937,2024,1,4038941,17.09728517,230.6712468,1.630045121,0.082100272,0.600103113
1.393273067,0.014422584,0.000776,48.72156103,0.307934171,0.015733927,3.423301056,0.056531224,0.031273428,2024,1,4040655,10.34089199,,,,
14.63975007,0.183115528,0.011405843,,,,,0.580458871,0.277651013,2024,1,4036378,18.40691324,259.8914855,1.896786394,0.089562623,0.900247419
1.848173008,0.014768607,0.00077762,50.556961,0.387394023,0.012729607,3.696688045,0.042595908,0.023521813,2024,1,4683062,11.36144653,,,,
,,,48.5652767,0.323097671,0.017519071,4.214779,0.061018491,0.034170355,2024,1,3123076,10.97819813,,,,
,,,73.70078254,0.269768755,0.019588363,6.640200586,0.124934224,0.069963165,2024,1,4035687,15.53144177,,,,
,,,58.77003812,0.272642542,0.013749024,4.481808222,0.067274141,0.037673519,2024,1,15795,11.9485943,,,,
,,,42.54298348,0.276775992,0.014577727,3.439758765,0.065872915,0.036888832,2024,1,4373678,9.33819051,,,,
,,,48.54530476,0.329321658,0.017345295,4.739186694,0.055121801,0.030868209,2024,1,4385690,11.54405929,,,,
51.85507042,0.38672784,0.020078328,15.06503958,0.046313394,0.002486647,2.346234545,0.111456274,0.052921382,2024,1,4241416,11.57872014,,,,
12.5787537,0.171626888,0.010690476,,,,,0.545597593,0.261102336,2024,1,4432577,19.16812578,276.6467719,1.880476973,0.088794468,0.699227453
,,,51.48351679,0.235440615,0.012029862,3.855321465,0.02207637,0.012362767,2024,1,4360248,10.41623362,,,,
28.81165616,0.151386698,0.006794515,24.15168627,0.093301186,0.005551574,3.50396313,0.118711297,0.05899077,2024,1,4569987,10.20062259,,,,
48.49307461,0.272988992,0.016692523,20.29390502,0.082759219,0.004597709,3.369251614,0.113327643,0.054526387,2024,1,4361579,12.31896053,,,,
59.14489334,0.709400035,0.029541518,10.04908004,0.045080626,0.002698293,1.296781961,0.104955241,0.04924525,2024,1,4035538,12.71182439,,,,
,,,69.63345453,0.325976285,0.017675156,4.904151515,0.085922755,0.048116743,2024,1,2976499,13.7647395,,,,
,,,19.80383396,0.144789766,0.008892239,2.078194555,0.018902898,0.010585623,2024,1,15835,4.92442898,,,,
,,,43.23658754,0.297140757,0.014599792,4.349591984,0.024906666,0.013947733,2024,1,4242355,10.4580594,,,,
,,,46.88367035,0.26826197,0.014403456,4.945251023,0.084738602,0.047453617,2024,1,16460,11.17932756,,,,
5.663980512,0.034765564,0.002165514,60.10192406,0.376485823,0.017777329,4.379133173,0.103751344,0.05624888,2024,1,4366031,13.38525522,,,,
,,,82.90346951,0.403276343,0.020095794,5.604502445,0.077451628,0.043372911,2024,1,4361370,16.26999922,,,,
,,,28.1446912,0.233953878,0.012721389,2.966603124,0.03093078,0.017321237,2024,1,3046439,7.17641182,,,,
0.804843426,0.006359207,0.000351079,43.40487614,0.333033099,0.016704675,3.235381452,0.035749066,0.019882132,2024,1,4431299,9.68799649,,,,
,,,21.83753753,0.155491872,0.007342029,2.19521719,0.025140538,0.014078701,2024,1,4572680,5.29911483,,,,
,,,31.12696772,0.270216871,0.01256956,2.876819811,0.034204609,0.019154581,2024,1,4243331,7.59855377,,,,
,,,37.28816651,0.255096123,0.015178639,3.574479268,0.041732857,0.0233704,2024,1,4361411,8.81859314,,,,
50.66335694,0.323132947,0.01624165,18.19148067,0.080968791,0.004390307,2.628600877,0.096161029,0.045848062,2024,1,4372019,11.89080086,,,,
32.25345795,0.184844424,0.010723982,25.36772487,0.107026626,0.00539722,3.192347236,0.080960545,0.039651452,2024,1,4428557,10.72312259,,,,
26.91157175,0.175966041,0.008405816,5.265455309,0.031242635,0.001749944,0.752975572,0.065384237,0.030775763,2024,1,4048244,5.17441833,,,,
0.838074798,0.004151231,0.00023013,37.39435575,0.270349045,0.013616635,2.842380921,0.059615847,0.033108051,2024,1,4429025,8.27567506,,,,
7.142190077,0.062798835,0.002807851,,,,,0.593101622,0.283896969,2024,1,4241479,15.34939345,259.8683446,1.455964858,0.076330623,0.783177397
,,,52.37703523,0.157655612,0.00987098,5.901589517,0.08917446,0.049937698,2024,1,3051876,12.00744528,,,,
2.28889856,0.018902135,0.00117737,54.72318105,0.501404685,0.02367537,3.522468443,0.062384708,0.034358813,2024,1,4248528,12.32814918,,,,
36.66613818,0.633080269,0.022290589,,,,,0.850626472,0.405250096,2024,1,4429084,19.1407445,232.4936605,1.131067673,0.082128727,0.784573242
,,,45.32420591,0.191985179,0.011374662,4.38038164,0.042149396,0.023603662,2024,1,3121023,10.04136531,,,,
6.449497869,0.124222995,0.00693,,,,,0.445312633,0.213274289,2024,1,8439,16.16550554,262.3156345,1.472985456,0.074653473,0.678863893
,,,49.75299736,0.317451904,0.016909509,4.365779275,0.055631296,0.031153526,2024,1,2577327,11.2187724,,,,
30.74901646,0.234963388,0.010039586,32.4189366,0.148022241,0.00909076,3.612183031,0.143447829,0.070685803,2024,1,3068267,12.1275672,,,,
,,,53.90197275,0.405445713,0.021354732,3.743843465,0.039777972,0.022275664,2024,1,4635008,11.56592315,,,,
,,,25.74546794,0.191673314,0.008915984,2.076598687,0.022063659,0.012355649,2024,1,4430834,5.79488864,,,,
59.43504911,0.357962481,0.017254025,14.42181851,0.042029548,0.00237538,2.260707987,0.136685188,0.064798382,2024,1,4040761,11.95961497,,,,
53.20523339,0.393693881,0.021825057,7.738350054,0.033108182,0.001667556,0.964085993,0.143352474,0.06697189,2024,1,3051926,9.53608416,,,,
17.37742547,0.108695897,0.005367078,,,,,0.458124529,0.219055789,2024,1,15864,17.2012484,247.8842846,1.625050621,0.086560541,0.681053526
21.18870005,0.225877663,0.012470265,,,,,0.535363695,0.255861261,2024,1,4431611,17.29443096,232.0779181,1.631295588,0.081824489,0.839515543
,,,37.76677109,0.296217354,0.013987123,3.625558557,0.04344631,0.024329934,2024,1,3117256,9.16000017,,,,
13.88320227,0.093144429,0.005639262,3.511193118,0.018747569,0.001173805,0.52416588,0.058712247,0.027775897,2024,1,4429013,2.89457975,,,,
7.235654732,0.094538534,0.005089464,,,,,0.623507121,0.298596576,2024,1,14880,15.5085046,252.5701184,1.480579301,0.075650348,0.694070243
,,,39.3567097,0.320714417,0.015143521,3.1778588,0.063557176,0.035592019,2024,1,4361432,8.99859928,,,,
0.718921374,0.004379059,0.000227354,64.44373306,0.364502341,0.01957077,4.67894266,0.095987433,0.053512105,2024,1,3932905,13.34360054,,,,
3.231693574,0.025757483,0.001241527,34.60448442,0.095417065,0.005392677,3.797585459,0.068693001,0.037702838,2024,1,4569587,8.24792528,,,,
48.16361164,0.505652346,0.022608645,12.30764553,0.080388286,0.004214448,1.732151961,0.130937087,0.062069217,2024,1,2576414,11.22848596,,,,
1.645053825,0.017698062,0.001138457,61.68075827,0.408699254,0.019011284,5.029098689,0.06944842,0.038557086,2024,1,3116165,13.8850851,,,,
4.492515915,0.065222034,0.003245351,,,,,0.35423729,0.1697384,2024,1,12483,16.24090127,281.5261154,1.504388119,0.080752428,0.858079188
0.719294131,0.004675909,0.000291258,66.59005409,0.3731349,0.017619102,5.368436957,0.108649989,0.060608506,2024,1,2976212,14.28370834,,,,
32.46186715,0.269327972,0.01449922,9.789875709,0.045510848,0.002325381,1.371804811,0.04197057,0.019890657,2024,1,4373626,7.4809899,,,,
0.025081707,,,36.36073046,0.151219864,0.00762583,3.391251221,0.032029065,0.017840411,2024,1,4360635,7.91756846,,,,
5.430429235,0.033207555,0.00158631,5.731856627,0.025995967,0.001456071,0.768359547,0.014645837,0.007306003,2024,1,2576336,2.29409513,,,,
,,,66.34604434,0.37566674,0.016659258,4.693704758,0.076734905,0.042971547,2024,1,4360438,13.53171305,,,,
0.053659928,0.0021231,0.000117212,27.52511851,0.224786179,0.011275096,3.058556474,0.039625239,0.022029452,2024,1,4258595,7.1576597,,,,
0.588134898,0.00494291,0.000260262,60.2601885,0.482031038,0.01583934,5.085316803,0.103788839,0.057913499,2024,1,4428331,14.01110704,,,,
47.03452114,0.406270699,0.0237,13.29520308,0.073705589,0.003573613,1.858190042,0.072523365,0.034444958,2024,1,4035676,10.7585915,,,,
,,,22.08958001,0.229404991,0.011122692,2.064284092,0.019118375,0.01070629,2024,1,3116164,5.65100944,,,,
15.66673026,0.127768734,0.007553989,,,,,0.484892937,0.231914347,2024,1,2577417,16.63344183,265.3846812,1.412360928,0.069395314,0.833762238
0.629874754,0.003627567,0.00022,60.99418798,0.223028532,0.013964046,5.40496774,0.110275366,0.061536604,2024,1,3895856,12.83551549,,,,
13.53616963,0.105100621,0.005862847,3.714252473,0.019648028,0.000995796,0.559134871,0.032208149,0.015274349,2024,1,4685247,3.01668956,,,,
27.96529595,0.21135623,0.010516771,5.868064632,0.027757916,0.001489987,0.815913118,0.060887841,0.028677616,2024,1,4429096,5.68933994,,,,
2.1515446,0.016020948,0.000831784,19.59889894,0.088663197,0.004760483,1.602310202,0.020863029,0.011299432,2024,1,4430034,4.3945959,,,,
,,,21.27780502,0.1564449,0.009106258,1.895953797,0.017370599,0.009727536,2024,1,4361050,4.96161954,,,,
,,,19.3416018,0.104196817,0.005649782,1.51704963,0.030340993,0.016990956,2024,1,4369863,4.05451236,,,,
65.21553966,0.403685998,0.019283894,16.82552456,0.055166676,0.003089963,2.328851321,0.137202235,0.065009909,2024,1,4361777,13.20442568,,,,
3.881361323,0.017947283,0.000943664,51.94255344,0.200439038,0.010898999,4.065630582,0.094425597,0.051567036,2024,1,4427095,10.88741653,,,,
41.06825166,0.312869278,0.018497569,13.60536004,0.061735506,0.003033329,2.150643902,0.114190039,0.054340377,2024,1,3051392,9.80302682,,,,
17.69460798,0.147841539,0.004561333,1.624102808,0.007414898,0.00032882,0.236386227,0.030206463,0.01405604,2024,1,4360569,3.13409115,,,,
,,,36.32090684,0.216458064,0.010970472,2.793242407,0.03928509,0.021999651,2024,1,3045138,7.70306112,,,,
,,,37.50870623,0.14545165,0.008466369,2.833341384,0.051324107,0.0287415,2024,1,4360939,7.41772765,,,,
,,,15.3394398,0.095241205,0.004797001,1.714987822,0.022252598,0.012461455,2024,1,3127292,3.80563759,,,,
16.06324492,0.125710734,0.004890298,12.23537247,0.051123728,0.002975782,1.628560194,0.04704068,0.02309141,2024,1,4038441,5.54918347,,,,
1.681623664,0.009192604,0.000527002,43.49337455,0.248528131,0.012384485,3.182302076,0.068868378,0.038044058,2024,1,4032473,9.3741621,,,,
27.2701784,0.136788491,0.00719231,18.70472906,0.072884417,0.003963136,2.666640045,0.128253793,0.062704885,2024,1,4360294,8.47605836,,,,
20.68067395,0.220588326,0.012646094,13.74942067,0.120095867,0.005984536,1.493130725,0.087264351,0.042359192,2024,1,2468609,7.20862205,4.674563189,0.02693971,0.001475366,0.017450438
20.2452671,0.150053647,0.006468344,5.707162098,0.036328762,0.001913427,0.737276617,0.042145158,0.019991484,2024,1,4429501,4.42870456,,,,
27.63387304,0.141260077,0.008637663,15.74198851,0.06589044,0.00366056,2.353854007,0.03678723,0.017924533,2024,1,4722893,7.95570066,,,,
26.60933845,0.1528801,0.010483938,9.074768922,0.042307589,0.004005301,1.293475649,0.060102205,0.028707919,2024,1,4429275,6.00615916,,,,
,,,36.53287033,0.206241158,0.010452662,3.787852343,0.043232316,0.024210097,2024,1,3915486,8.65221145,,,,
,,,2.884743423,0.021323465,0.001123102,0.172628992,0.003006556,0.001683671,2024,1,3051738,0.58800219,,,,
1.174838949,0.009744475,0.000489787,16.49205617,0.080097044,0.004343039,1.343254655,0.031691958,0.01726481,2024,1,4372414,3.69001651,,,,
1.355777701,0.008084782,0.000477991,40.95284389,0.227527005,0.011179372,3.612771454,0.053551739,0.029671198,2024,1,16731,9.22269267,,,,
,,,34.51459295,0.283386677,0.014121533,3.03975662,0.027850043,0.015596024,2024,1,3929645,8.189325,,,,
50.7722093,0.288932331,0.01560371,7.283576223,0.032308258,0.001656004,0.999416865,0.050745023,0.02376832,2024,1,4242431,8.81534645,,,,
16.99924064,0.046657508,0.002422388,,,,,0.617556115,0.295485118,2024,1,4685720,13.44768028,227.9926685,1.102637465,0.059202539,0.805522527
,,,4.622678153,0.031007789,0.00194143,0.47720728,0.005465176,0.003060498,2024,1,4430539,1.12342769,,,,
3.461178536,0.014410431,0.000798866,,,,,0.006811474,0.003133278,2024,1,4430968,0.42809162,,,,
2.530481219,0.015617353,0.000954958,28.69058941,0.109330421,0.006073879,2.263313562,0.054244163,0.029478942,2024,1,4686472,6.502401,,,,
17.76824714,0.180724561,0.010941643,,,,,0.640316358,0.306207776,2024,1,4360310,15.4753279,252.0299904,1.138065045,0.071255424,0.794101281
1.788970408,0.012758892,0.000686872,20.78227318,0.113886441,0.005819039,2.091950856,0.046829444,0.025725446,2024,1,3728262,5.08291293,,,,
,,,46.50134371,0.339677587,0.021267563,3.119112548,0.058880008,0.032972804,2024,1,4243537,9.78545596,,,,
10.43402728,0.125839572,0.007300741,,,,,0.777133101,0.37182914,2024,1,4361418,14.60337164,253.2339394,1.241681397,0.062616448,0.853923892
,,,14.59064207,0.109285684,0.003591082,1.457889103,0.013357081,0.007479965,2024,1,4240472,3.56524245,,,,
,,,41.88570624,0.233126082,0.012513724,3.495776549,0.069915531,0.039152697,2024,1,3043116,9.03167372,,,,
5.721669969,0.032574543,0.001867464,,,,,0.506070521,0.242361602,2024,1,16757,14.91283611,252.1967262,1.45342063,0.072292947,0.716653663
,,,34.7570929,0.170616907,0.012388781,2.368610363,0.044561257,0.024954304,2024,1,4360078,6.84406605,,,,
,,,27.5429559,0.151610599,0.00768389,2.122390143,0.029850001,0.016716,2024,1,3128390,5.76907111,,,,
,,,55.25959373,0.376384253,0.018957297,4.423740938,0.080151049,0.044884587,2024,1,4242433,12.15826925,,,,
,,,28.75985883,0.1450259,0.007725003,2.832573308,0.026027285,0.01457528,2024,1,4036131,6.56570404,,,,
4.514671113,0.067604758,0.00291423,41.06330112,0.354455111,0.018669069,3.823201938,0.054195216,0.029387215,2024,1,3121427,10.89917854,,,,
,,,35.2798666,0.246410592,0.011635037,2.82244602,0.05644892,0.031611395,2024,1,4428850,7.79043152,,,,
51.93090464,0.30546898,0.013710014,,,,,0.786257903,0.374030145,2024,1,4362887,17.75256324,212.3845986,1.110101596,0.066052873,0.820678456
,,,17.0879218,0.205530642,0.010825251,1.463833591,0.016126601,0.009030897,2024,1,3930086,4.40982433,,,,
,,,41.46466304,0.208067139,0.01969792,3.539940963,0.070798819,0.039647339,2024,1,4360761,8.89678326,,,,
,,,32.78073698,0.150499625,0.007394688,2.548859719,0.050977194,0.028547229,2024,1,4249417,6.68897009,,,,
4.799719028,0.030104703,0.001438088,28.99272979,0.133451366,0.007474798,2.235196818,0.05921977,0.031711488,2024,1,4428718,6.60002926,,,,
6.401091827,0.034378085,0.002102125,5.247068966,0.023692756,0.001316257,0.750393033,0.01904106,0.009374358,2024,1,4569682,2.25222501,,,,
8.619441951,0.060327788,0.002294863,4.987950142,0.017254085,0.001022263,0.732017117,0.037137268,0.018077056,2024,1,4371733,2.6420936,,,,
48.90455719,0.250611739,0.013835785,9.33227342,0.056729216,0.002845492,1.279330907,0.083731798,0.039418372,2024,1,4035886,8.90379351,,,,
,,,29.80750221,0.219385215,0.011776143,3.012592952,0.027601171,0.015456656,2024,1,4242557,7.30301944,,,,
,,,12.08236994,0.06261071,0.003404497,1.030686705,0.020613734,0.011543691,2024,1,4429022,2.59885377,,,,
22.89569082,0.16849401,0.008469024,,,,,0.640584899,0.306036534,2024,1,3122840,16.5119625,251.2636212,1.248480808,0.067695392,0.695107242
,,,33.35200186,0.174290005,0.01265549,2.448163973,0.026011504,0.014566442,2024,1,4597500,6.82596629,,,,
,,,34.37008731,0.140869608,0.007961513,2.538879759,0.038809637,0.021733397,2024,1,3916945,6.82401226,,,,
2.924927259,0.023135558,0.001201163,1.710161764,0.005982738,0.000321224,0.255977397,0.010360231,0.005036718,2024,1,4259308,1.03783278,,,,
,,,46.58594407,0.182718772,0.009935448,3.833245903,0.040727864,0.022807604,2024,1,4430637,9.56348263,,,,
36.10434557,0.231920581,0.011178723,,,,,0.694411531,0.331185762,2024,1,3917792,16.72266368,231.6573251,1.105286517,0.062467366,0.735007047
8.259298969,0.049504727,0.001743048,4.917589364,0.017606914,0.001278468,0.724381466,0.017890173,0.008723053,2024,1,4241401,2.43380927,,,,
,,,10.10996679,0.041395853,0.002542319,0.783888385,0.013124568,0.007349758,2024,1,3121409,2.0339915,,,,
33.03297999,0.198889146,0.010326026,10.94696841,0.019825062,0.001064442,1.519877838,0.098545453,0.046873562,2024,1,4045163,7.16179574,,,,
,,,9.655318534,0.075925309,0.003730534,0.977845376,0.011198691,0.006271267,2024,1,4372096,2.39414342,,,,
3.276058803,0.026259695,0.001382666,1.883379638,0.012472606,0.000409845,0.275723765,0.009093723,0.00440926,2024,1,4714365,1.05881515,,,,
,,,9.085611363,0.072147807,0.002370747,0.973482006,0.01946964,0.010902998,2024,1,3120348,2.29837968,,,,
14.75480907,0.100721014,0.005303318,8.323888033,0.039208787,0.001288385,1.195132796,0.057755147,0.028025011,2024,1,3116389,4.3012387,,,,
,,,21.40507736,0.098089679,0.006024161,1.776760564,0.029879118,0.016732306,2024,1,3917914,4.58308185,,,,
3.118287846,0.022324078,0.001001946,20.14615053,0.078659425,0.004680365,1.515641396,0.040721697,0.021763263,2024,1,4243389,4.47021834,,,,
11.43947562,0.072869764,0.004064907,3.714252473,0.019648028,0.000995796,0.559134871,0.028525196,0.013580191,2024,1,4695404,2.64035659,,,,
,,,43.92816884,0.362955652,0.01759789,3.565238791,0.071304776,0.039930674,2024,1,4368003,10.09300802,,,,
25.44180901,0.135199089,0.00775082,8.313131247,0.02371263,0.001181632,1.407626559,0.057808515,0.027652228,2024,1,2980453,5.7140986,,,,
0.668109786,0.006777931,0.00033726,8.029184204,0.036171892,0.001941632,0.615578241,0.013752086,0.007486405,2024,1,4360797,1.74502514,,,,
8.910657917,0.068093123,0.002935282,6.602200901,0.026126472,0.001376075,0.659696336,0.029704896,0.014422268,2024,1,3915411,2.79115771,,,,
,,,6.76425934,0.029376252,0.001632005,0.608898902,0.006469492,0.003622915,2024,1,4569559,1.45777153,,,,
0.655333345,0.003688989,0.000214021,31.18701749,0.117415085,0.005921097,3.198675035,0.043045511,0.023969137,2024,1,3045144,7.07801817,,,,
,,,19.90759662,0.127242421,0.007191347,2.052836959,0.023610945,0.013222129,2024,1,4429148,4.79561358,,,,
19.33327926,0.117706118,0.007331642,7.614591293,0.045673914,0.002156635,1.050090897,0.045609246,0.021874633,2024,1,4887558,4.70159143,,,,
16.91216205,0.103022437,0.00641717,1.814448755,0.008202504,0.000387315,0.268187336,0.041632599,0.019396399,2024,1,4360238,2.89264257,,,,
,,,4.744580684,0.039495962,0.001837216,0.458961127,0.005256213,0.002943479,2024,1,4372505,1.16832104,,,,
29.33789529,0.243937683,0.012261054,3.398694163,0.015442685,0.000837337,0.49800476,0.066548118,0.031027457,2024,1,3125116,5.29384578,,,,
,,,14.64178207,0.072571108,0.00406481,1.383003995,0.015838735,0.008869692,2024,1,4429086,3.27341729,,,,
,,,15.3160655,0.101440606,0.006010113,1.325949478,0.021312679,0.0119351,2024,1,4361409,3.45793014,,,,
,,,10.56668767,0.080404769,0.004006676,0.923420648,0.012349674,0.006915817,2024,1,3843945,2.45702555,,,,
,,,6.530171577,0.055986336,0.002819857,0.623249253,0.007137709,0.003997117,2024,1,4250764,1.61001831,,,,
,,,2.128739251,0.016412871,0.000972423,0.220825673,0.002528987,0.001416233,2024,1,4241374,0.5313558,,,,
7.385841328,0.034705571,0.002101186,1.82771968,0.006087955,0.000381173,0.271738962,0.013985527,0.006622178,2024,1,3139602,1.42994558,,,,
3.410030745,0.023786028,0.001530075,,,,,0.006492847,0.00298671,2024,1,4430871,0.48097757,,,,
,,,35.44792273,0.178241787,0.010073673,2.785287341,0.055705747,0.031195218,2024,1,4692590,7.35875725,,,,
3.086462536,0.01837407,0.001086318,10.51085653,0.057984051,0.002849004,0.902259826,0.027161422,0.014298774,2024,1,3676833,2.83698756,,,,
,,,24.72187125,0.154725173,0.007305827,2.451322024,0.028073557,0.015721192,2024,1,4428085,5.83577346,,,,
,,,24.69299539,0.224969165,0.011330993,2.555418613,0.035895559,0.020101513,2024,1,3924365,6.3579401,,,,
,,,14.64840623,0.060942657,0.003313795,1.622680953,0.013008531,0.007284777,2024,1,3043275,3.44557875,,,,
,,,19.01238323,0.082472846,0.005065056,1.621635482,0.017229719,0.009648643,2024,1,4426948,4.00899851,,,,
1.029696777,0.011423711,0.000352454,5.062093349,0.045142706,0.002001891,0.704891325,0.007602842,0.004051404,2024,1,16002,1.65027572,,,,
,,,8.704490129,0.057248126,0.00310412,0.922392771,0.012892243,0.007219656,2024,1,3128452,2.12843967,,,,
,,,6.893589237,0.054136746,0.002883668,0.674794872,0.007761232,0.00434629,2024,1,4576297,1.68625363,,,,
,,,2.691957198,0.013996848,0.000751322,0.224028787,0.002380284,0.001332959,2024,1,4569382,0.62838909,,,,
1.642655472,0.011349944,0.000730104,22.93994228,0.16358627,0.007609471,1.754845221,0.040179073,0.021992064,2024,1,4426407,5.27872636,,,,
7.059227642,0.048611138,0.001711585,3.390162703,0.017170486,0.001246778,0.486649097,0.018024619,0.008705812,2024,1,4429676,1.91525878,,,,
2.235800133,0.012834739,0.000735802,1.874112445,0.013217124,0.000658627,0.251939237,0.006593755,0.003247708,2024,1,4243004,0.81570911,,,,
,,,21.87624854,0.093607118,0.005200367,1.781392212,0.018927119,0.010599186,2024,1,4431280,4.52036194,,,,
11.80175179,0.191690422,0.009156963,,,,,0.606342121,0.290117679,2024,1,4038524,15.26817671,248.7862114,1.222451089,0.068440003,0.747186195
,,,11.84231208,0.058818718,0.003014834,0.939278028,0.018785561,0.010519914,2024,1,4382466,2.46492523,,,,
,,,4.754678423,0.02055488,0.001103628,0.419966639,0.008399333,0.004703626,2024,1,4212909,1.04328003,,,,
,,,18.30072872,0.097461032,0.005985553,1.809242147,0.020809211,0.011653158,2024,1,4690923,4.2132956,,,,
,,,29.20846832,0.19649883,0.010916541,2.456011728,0.045762524,0.025627013,2024,1,3115306,6.5276366,,,,
3.208262083,0.016668714,0.000634,,,,,0.006161146,0.002834127,2024,1,4431545,0.46476708,,,,
,,,20.31147161,0.109954623,0.005903657,2.026630835,0.023309532,0.013053338,2024,1,4431588,4.70382437,,,,
,,,7.229223856,0.061902765,0.00370518,0.728382365,0.008341737,0.004671373,2024,1,4242392,1.82100915,,,,
4.984289602,0.027950287,0.001740997,3.676134521,0.015488414,0.000731349,0.483624625,0.014557641,0.007117352,2024,1,2983509,1.60139383,,,,
1.880329038,0.013037791,0.000542932,19.25414674,0.108584919,0.006499332,1.711846466,0.039681611,0.021677234,2024,1,2973405,4.59279625,,,,
1.457638669,0.009175008,0.000629187,32.72440008,0.11614175,0.010995253,2.882601432,0.062293802,0.034420352,2024,1,4037235,7.09124197,,,,
,,,30.86329166,0.105276178,0.005652463,2.368785104,0.047375702,0.026530393,2024,1,4426485,6.04626348,,,,
,,,33.65504632,0.218352012,0.011191931,3.470363864,0.039744047,0.022256666,2024,1,3052096,8.1249011,,,,
,,,4.946677935,0.044813957,0.002360341,0.376528301,0.00623694,0.003492686,2024,1,2991662,1.13797955,,,,
8.143329604,0.059804896,0.002882635,5.061625923,0.027857741,0.001574433,0.761676158,0.022707019,0.01109396,2024,1,4570561,2.60150844,,,,
4.228474233,0.03218631,0.001877784,1.83152214,0.008853596,0.000429266,0.271354751,0.011397158,0.005498068,2024,1,4035222,1.16392112,,,,
,,,16.22770231,0.118988256,0.005769141,1.349985908,0.014343469,0.008032343,2024,1,4429033,3.68253787,,,,
,,,24.85921118,0.127216618,0.007569598,1.703158119,0.027795492,0.015565476,2024,1,3930066,4.93711919,,,,
,,,4.993376184,0.040236925,0.001950886,0.491477269,0.005652783,0.003165559,2024,1,4427834,1.22995649,,,,
,,,20.35249819,0.130198215,0.007578506,1.605087269,0.032101745,0.017976977,2024,1,2971618,4.40157544,,,,
,,,1.864494352,0.008598452,0.000481611,0.253977589,0.002083115,0.001166545,2024,1,4366963,0.52191624,,,,
,,,19.98097874,0.147127482,0.004834548,1.378613392,0.025936197,0.01452427,2024,1,3118892,4.24078071,,,,
2.621945212,0.021106612,0.001177394,5.11163039,0.024567629,0.00124513,0.496899853,0.010050444,0.005151155,2024,1,4613104,1.55013094,,,,
2.040625488,0.011634973,0.000797882,3.336992866,0.014514377,0.00137409,0.50992266,0.006637253,0.003400584,2024,1,4362478,1.20229857,,,,
5.365815779,0.020524358,0.001137801,8.809526281,0.070835511,0.003567763,0.839058494,0.033390541,0.017037766,2024,1,4362477,3.00204412,,,,
3.575490424,0.022161342,0.001310231,3.703674596,0.020090751,0.000987144,0.563186208,0.012561184,0.006257819,2024,1,4431453,1.54004383,,,,
,,,15.84016812,0.126162998,0.006466657,1.53211512,0.026294055,0.014724671,2024,1,3921690,3.85728989,,,,
,,,6.115007473,0.043251016,0.002573507,0.604226989,0.006919858,0.003875121,2024,1,4430802,1.472813,,,,
14.89019126,0.158733978,0.008346199,,,,,0.606143656,0.289848485,2024,1,2578570,13.82898464,230.6922398,1.032959746,0.056167836,0.768659016
,,,26.90615408,0.125741675,0.007722403,1.788167434,0.035763349,0.020027475,2024,1,4361577,5.20956475,,,,
7.049503245,0.052899926,0.002658912,7.039108832,0.028243583,0.00153143,1.009644004,0.02474127,0.012306492,2024,1,4249836,3.02929488,,,,
1.91562139,0.02047704,0.001078189,5.76333767,0.045924217,0.001509051,0.496078116,0.01616907,0.008429928,2024,1,4035004,1.78022062,,,,
1.386142535,0.014730308,0.000821703,21.52376838,0.13639317,0.006912644,1.778050034,0.04005133,0.021979712,2024,1,4427278,5.15198735,,,,
,,,4.683511738,0.036247348,0.001930765,0.42028159,0.008405632,0.004707154,2024,1,4360405,1.10078607,,,,
0.121645156,0.001453688,8.02553e-05,14.69549146,0.126345843,0.006337407,1.564493479,0.033875218,0.018711587,2024,1,3918639,3.78931048,,,,
,,,13.00581946,0.091940438,0.004581514,1.061032242,0.021220645,0.011883561,2024,1,4036335,2.89921312,,,,
0.760540697,0.00489717,0.000305033,2.442190297,0.017903193,0.000845355,0.208659054,0.006564787,0.00343712,2024,1,4259305,0.66133427,,,,
,,,21.32508987,0.082942556,0.004607894,1.923352474,0.02202703,0.012335137,2024,1,4367209,4.53864371,,,,
0.775476157,0.005491672,0.000342071,,,,,0.002378666,0.001094186,2024,1,4686422,0.10905642,,,,
4.791639902,0.035702825,0.001596339,1.74770322,0.011636866,0.000610076,0.220535144,0.010262876,0.004891032,2024,1,3122976,1.15340957,,,,
,,,10.18490771,0.055362439,0.003128913,1.251366441,0.015706854,0.008795838,2024,1,4361516,2.5911126,,,,
,,,7.713316709,0.054138328,0.002697784,0.635870267,0.00675606,0.003783393,2024,1,4427985,1.73003889,,,,
,,,2.306975122,0.014307509,0.000847686,0.200797283,0.002133452,0.001194733,2024,1,4686104,0.5167021,,,,
0.692310596,0.003628617,0.000219688,2.189526377,0.011428091,0.000715525,0.243607079,0.006703855,0.003547187,2024,1,4039050,0.83593288,,,,
,,,9.496892473,0.071955044,0.003397654,0.803462085,0.013188189,0.007385386,2024,1,15880,2.17725413,,,,
,,,18.11931261,0.114956163,0.006026708,1.837571029,0.036751421,0.020580796,2024,1,3123075,4.48057814,,,,
,,,1.017588448,0.008281969,0.000367271,0.105459276,0.001207763,0.000676347,2024,1,2975863,0.25632364,,,,
,,,15.31711977,0.086208509,0.004627494,1.528765089,0.017508052,0.009804509,2024,1,4426553,3.56783609,,,,
,,,21.71586861,0.12156774,0.008827238,2.095999781,0.024868271,0.013926232,2024,1,4039160,4.98744909,,,,
0.900161205,0.00611115,0.000361306,1.842862182,0.010279374,0.000505069,0.27633592,0.004294707,0.002210925,2024,1,4383396,0.6464057,,,,
,,,9.406897082,0.05605122,0.002717641,1.011408004,0.009266451,0.005189213,2024,1,3050481,2.28370669,,,,
,,,2.037616839,0.007523448,0.000462051,0.221603987,0.004359351,0.002441237,2024,1,2576716,0.57578829,,,,
,,,15.53585295,0.07019804,0.003817063,1.513223806,0.030264476,0.016948107,2024,1,3916566,3.46253325,,,,
,,,10.87122139,0.078730307,0.004373882,1.105463766,0.012791952,0.007163493,2024,1,3911853,2.65972633,,,,
,,,16.29716758,0.123273651,0.004050721,1.272439705,0.025448794,0.014251325,2024,1,4430191,3.67459407,,,,
0.560289137,0.003745817,0.000202292,1.708295343,0.006540174,0.000335226,0.251919444,0.003456933,0.001821821,2024,1,4012556,0.53801643,,,,
1.247620806,0.008068565,0.000468108,11.14421372,0.037905883,0.001911547,0.832689259,0.016747933,0.009042474,2024,1,4567156,2.33483596,,,,
,,,15.91171668,0.092614695,0.004732157,1.278971452,0.025125332,0.014070186,2024,1,3047876,3.40782123,,,,
1.426350549,0.007361033,0.000397531,6.190448844,0.038918505,0.001994821,0.595462493,0.016871309,0.008951727,2024,1,3115255,1.72162054,,,,
1.890527118,0.014349088,0.000713989,,,,,0.003105018,0.001428308,2024,1,4243003,0.30865664,,,,
,,,6.762828009,0.039977004,0.002220932,0.651566202,0.007462006,0.004178724,2024,1,4360231,1.56399224,,,,
0.802291849,0.007036832,0.00038849,,,,,0.002585348,0.00118926,2024,1,2580216,0.20321935,,,,
,,,11.53346901,0.070735748,0.003585011,1.276719912,0.014621526,0.008188055,2024,1,4361372,2.84566101,,,,
,,,12.35606872,0.094915444,0.00689197,1.042403568,0.015868028,0.008886096,2024,1,2998565,2.84393365,,,,
,,,1.188925786,0.007380804,0.000327308,0.097464023,0.001035546,0.000579906,2024,1,4575665,0.27826947,,,,
,,,5.353504485,0.026935104,0.001412104,0.743988975,0.005069339,0.00283883,2024,1,3917668,1.4382304,,,,
,,,9.65315928,0.070467869,0.004192954,1.000860502,0.01146227,0.006418871,2024,1,4241961,2.38483421,,,,
,,,6.82869969,0.035381213,0.003349574,0.710753556,0.008139845,0.004558313,2024,1,4426844,1.60370813,,,,
,,,1.614891443,0.011808566,0.000687346,0.232093898,0.002425403,0.001358226,2024,1,2975417,0.46315688,,,,
,,,8.119551887,0.052731565,0.002764513,1.014010598,0.008129009,0.004552245,2024,1,3052897,2.13899451,,,,
,,,7.962715834,0.059057637,0.002974548,0.700871174,0.007446688,0.004170145,2024,1,4686781,1.84929419,,,,
,,,39.76111564,0.289607511,0.014041609,3.1778101,0.063556202,0.035591473,2024,1,3931391,8.85316465,,,,
1.721979651,0.011223549,0.00061963,,,,,0.005170696,0.00237852,2024,1,4035693,0.32542391,,,,
,,,13.42326497,0.0986544,0.004783255,1.143584745,0.022871695,0.012808149,2024,1,4257188,3.21506709,,,,
,,,6.946121605,0.05012215,0.00243017,0.783638362,0.009114551,0.005104148,2024,1,3127310,1.77387607,,,,
,,,2.603472324,0.015540637,0.000763578,0.229072711,0.002433875,0.00136297,2024,1,5083754,0.58152918,,,,
,,,2.44766604,0.014593719,0.000647171,0.189881057,0.003627934,0.002031643,2024,1,2578533,0.51953703,,,,
,,,11.05665958,0.047083772,0.002801562,0.887127377,0.012476854,0.006987039,2024,1,3914397,2.27027206,,,,
3.047961497,0.022880144,0.001129753,,,,,0.009309848,0.00428253,2024,1,4243160,0.51283413,,,,
,,,7.482770397,0.03088799,0.001797911,0.630045661,0.012600913,0.007056511,2024,1,4411193,1.67924899,,,,
,,,2.227442187,0.01802823,0.000921154,0.240457057,0.002753814,0.001542136,2024,1,4035020,0.57020129,,,,
,,,2.55265168,0.019019482,0.001138408,0.209187268,0.002222594,0.001244653,2024,1,4569371,0.64233699,,,,
,,,2.45555611,0.022247395,0.00073104,0.246711166,0.002837577,0.001589043,2024,1,4430723,0.62411014,,,,
,,,7.279614283,0.046298849,0.002334793,0.72169296,0.008265127,0.004628471,2024,1,4360086,1.72307853,,,,
,,,5.327198859,0.037548549,0.001773009,0.475011091,0.004352019,0.002437131,2024,1,4362504,1.23180863,,,,
1.474941714,0.009106827,0.000478835,19.41707249,0.081792405,0.004447513,1.544784009,0.035266675,0.019312239,2024,1,4362921,4.15153904,,,,
,,,2.225573243,0.018644531,0.001044306,0.23375792,0.003558389,0.001992698,2024,1,4040774,0.56637985,,,,
,,,13.0812832,0.09412566,0.006834623,1.226264332,0.014043688,0.007864465,2024,1,4722908,3.09745773,,,,
,,,4.264575819,0.025634018,0.001574309,0.445456129,0.007443172,0.004168176,2024,1,4048228,1.02072628,,,,
,,,2.079193918,0.01340652,0.000757695,0.225185414,0.002578917,0.001444193,2024,1,2531358,0.51223873,,,,
,,,11.46800788,0.064986504,0.004718779,1.001045462,0.020020909,0.011211709,2024,1,4061956,2.52530801,,,,
,,,2.282401806,0.013661744,0.000855376,0.248865158,0.002850107,0.00159606,2024,1,4040612,0.55766943,,,,
1.14327555,0.00627623,0.00035981,1.859595341,0.009015374,0.000449248,0.25824401,0.00442348,0.002254751,2024,1,3929914,0.64750634,,,,
,,,2.173127097,0.012095515,0.000683601,0.207831302,0.002208187,0.001236585,2024,1,4362227,0.49666945,,,,
,,,2.270217319,0.012575643,0.001190548,0.234707917,0.002699521,0.001511732,2024,1,4696700,0.53661254,,,,
,,,0.811679763,0.003976637,0.000199465,0.118220094,0.0010069,0.000563864,2024,1,3122154,0.22254567,,,,
,,,4.505489527,0.022383237,0.001625285,0.402837004,0.004280104,0.002396858,2024,1,4429684,1.11559062,,,,
,,,2.267752306,0.021222237,0.000987186,0.217970683,0.002496291,0.001397923,2024,1,4034779,0.57132386,,,,
,,,1.131972907,0.007529253,0.000379225,0.094394865,0.001887897,0.001057222,2024,1,4360739,0.25146154,,,,
,,,2.507186247,0.015038865,0.000807255,0.245943783,0.00281665,0.001577324,2024,1,4239944,0.58542986,,,,
,,,1.934369417,0.022841609,0.001359113,0.207092006,0.00266437,0.001492047,2024,1,2508256,0.53738293,,,,
,,,1.930354356,0.011632575,0.00054928,0.26740052,0.003860648,0.002161963,2024,1,4373273,0.52710804,,,,
,,,4.583129795,0.036091164,0.001922445,0.449863248,0.005152021,0.002885131,2024,1,4243176,1.12293404,,,,
,,,2.430673314,0.015243886,0.000799178,0.205412126,0.002182484,0.001222191,2024,1,4879650,0.53915435,,,,
,,,4.997079865,0.017007257,0.001610094,0.446370586,0.007617016,0.004265529,2024,1,2576581,1.04301224,,,,
,,,2.186354743,0.016826987,0.00086249,0.218303295,0.0025001,0.001400056,2024,1,4249624,0.53689156,,,,
,,,13.41475474,0.073303082,0.003935771,1.351087223,0.015473211,0.008664998,2024,1,16763,3.12333134,,,,
1.958128436,0.018155098,0.000752807,80.64673365,0.506098898,0.030163262,6.957386334,0.088634449,0.049289184,2024,2,4374302,18.32899029,,,,
0.539972989,0.004270703,0.000234787,90.81136063,0.397999701,0.020766955,7.004548768,0.106946932,0.059738181,2024,2,4262921,18.47865768,,,,
0.965292547,0.007735592,0.000429797,91.35412266,0.466378889,0.023542714,6.916114344,0.116639726,0.06501058,2024,2,4362628,18.91374461,,,,
79.6297786,0.576527342,0.030714895,43.29239797,0.274271044,0.013868362,4.966802058,0.257867899,0.124386447,2024,2,4430807,22.21098365,,,,
57.41805347,0.610095991,0.025297841,28.73822863,0.18183145,0.010837071,3.613523338,0.150742142,0.07285844,2024,2,4429795,16.91124714,,,,
57.18928968,0.296933356,0.011445428,,,,,0.579344288,0.275516382,2024,2,3916387,20.89267498,217.4695849,1.558696458,0.089898029,0.604188751
78.80425354,0.88427785,0.034084884,12.79400364,0.078013514,0.00449944,1.522518204,0.136165313,0.063669111,2024,2,3043078,16.40951653,,,,
96.64952,0.714957799,0.02659004,19.06676246,0.096129319,0.006535068,2.49764535,0.184016691,0.086606686,2024,2,4242335,18.83369315,,,,
72.16292673,0.425793941,0.026684848,19.16834643,0.079718492,0.003787307,2.741462241,0.164281049,0.077938908,2024,2,4047365,14.81706865,,,,
52.7836313,0.521957017,0.023171428,33.72977401,0.2266653,0.011798547,3.911495087,0.114050611,0.055525985,2024,2,4429160,17.02823416,,,,
,,,47.15348594,0.229024806,0.012998035,4.120919012,0.047397233,0.02654245,2024,2,4432665,10.18458161,,,,
,,,54.87089905,0.336341084,0.014785381,4.170274939,0.037260421,0.020865836,2024,2,3040151,11.66423444,,,,
,,,55.86274396,0.262102739,0.024534323,5.896214727,0.080482675,0.045070298,2024,2,4361307,13.01615761,,,,
,,,62.79528822,0.391483364,0.02184843,4.880256965,0.051852255,0.029037263,2024,2,4595348,13.49567631,,,,
51.75996671,0.495635434,0.019148884,,,,,0.552940556,0.263009044,2024,2,4426348,19.75181787,215.3551178,1.227588281,0.080025321,0.804729784
11.76469437,0.191522801,0.010641182,,,,,0.465979566,0.222941283,2024,2,3915511,18.17892239,289.5862004,1.503197372,0.075881104,0.741191682
,,,82.61850547,0.245152169,0.013913324,6.161698268,0.074826764,0.041902988,2024,2,16800,15.8404565,,,,
89.98858145,0.619032017,0.034021344,39.25463573,0.182325683,0.009104046,4.521476818,0.186187739,0.089199192,2024,2,4427366,22.16671113,,,,
,,,73.62109084,0.456090812,0.0213785,5.21065537,0.052345993,0.029313756,2024,2,16737,15.29481881,,,,
1.431349884,0.014531852,0.000645118,108.2263686,0.55449561,0.028863007,7.245060234,0.108324113,0.06031871,2024,2,3116406,21.57830827,,,,
,,,72.19585221,0.470659764,0.022205584,4.866125636,0.06830571,0.038251197,2024,2,4258173,14.87938149,,,,
38.13629672,0.641935278,0.026679323,,,,,0.564380317,0.269052003,2024,2,3918298,21.06260949,240.0822097,1.417741294,0.078115778,0.781625805
76.54679148,0.659958589,0.024950832,25.40503526,0.15717699,0.009255263,3.178892703,0.152627597,0.072496392,2024,2,3929630,18.20434026,,,,
1.557628535,0.011325965,0.000622463,75.84298898,0.571701358,0.028546695,5.363342293,0.112744996,0.062589383,2024,2,4569618,16.53770353,,,,
,,,68.5685773,0.457267843,0.023121493,5.661361698,0.092755637,0.051943157,2024,2,4426502,15.20663116,,,,
52.6413602,0.257593772,0.014161503,21.70150546,0.12094449,0.00631068,2.927597878,0.142597095,0.068444242,2024,2,3042519,12.5409319,,,,
72.32361165,0.52235131,0.032509601,20.36911933,0.183171488,0.008641975,2.9041578,0.097694626,0.046350653,2024,2,3116385,16.39874953,,,,
,,,54.04949242,0.479764173,0.028593725,5.411597351,0.030987929,0.01735324,2024,2,4430027,13.7184286,,,,
,,,60.12669132,0.274725996,0.017909128,4.214217381,0.048753415,0.027301912,2024,2,3121422,11.85774692,,,,
68.11461054,0.282796007,0.011753219,26.23101847,0.151893002,0.008369115,3.202117042,0.186144251,0.088840866,2024,2,4379399,15.11229093,,,,
,,,65.00900183,0.479481492,0.025649175,4.616624929,0.070555231,0.039510929,2024,2,4047650,13.96855056,,,,
,,,57.79607707,0.27085539,0.016697648,4.436209088,0.047134289,0.026395202,2024,2,4432773,11.82279603,,,,
7.081789744,0.068339369,0.002634171,60.69460744,0.377743464,0.021786405,4.941307368,0.110440127,0.059774319,2024,2,4429615,14.3276526,,,,
26.84643367,0.153102817,0.009924127,9.648660538,0.049672987,0.002328339,1.334223036,0.062970685,0.03006084,2024,2,4596448,6.16643253,,,,
48.06987046,0.274896732,0.015984349,39.65907337,0.168043466,0.008493282,5.133571656,0.109059251,0.05333925,2024,2,3054850,16.50926399,,,,
96.54882364,0.8496635,0.041624393,21.56688501,0.129147891,0.006825219,2.573970596,0.204711613,0.096555613,2024,2,4430737,20.22795675,,,,
1.871195632,0.019663015,0.000694342,63.8483918,0.261391188,0.019035218,4.260804585,0.091286176,0.05051325,2024,2,4426354,12.45993317,,,,
22.07952691,0.175174942,0.00973288,19.6759552,0.067496364,0.003407203,2.730731675,0.081861563,0.040458597,2024,2,4362238,8.34501324,,,,
1.407372092,0.008472181,0.000471542,74.11106781,0.379830317,0.019207169,5.484143688,0.084534701,0.047001533,2024,2,3915416,15.31338902,,,,
0.007717164,0.001392168,7.26053e-05,55.52662499,0.463209497,0.01507608,5.198032127,0.053792805,0.03001051,2024,2,15847,13.51077468,,,,
,,,68.89384196,0.424407206,0.039726954,5.140633983,0.054618735,0.030586492,2024,2,4432708,14.59618234,,,,
11.65528463,0.114490903,0.007421302,,,,,0.553469538,0.264773673,2024,2,3052587,16.47062307,268.0594682,1.506807509,0.070629102,0.88632652
,,,52.38569618,0.25616123,0.013702978,4.332240547,0.069634368,0.038995246,2024,2,4430878,11.05902901,,,,
75.83969497,0.480033898,0.018546119,16.73519546,0.071264141,0.004645642,2.041376808,0.235885074,0.110998125,2024,2,4241474,14.43728136,,,,
2.399919141,0.020870904,0.00102245,86.22746349,0.55219234,0.02918231,6.916663348,0.102260935,0.056713616,2024,2,2977187,19.16746336,,,,
50.92622851,0.290283276,0.016156508,19.4170284,0.101179285,0.00511641,2.561972924,0.13404873,0.064159989,2024,2,4259545,11.86283984,,,,
22.72343626,0.109052639,0.005687386,,,,,0.470545144,0.224957574,2024,2,3139477,21.21680007,278.0333739,2.231714408,0.072635611,0.738601411
38.01665857,0.642048046,0.024273694,,,,,0.617316276,0.293848485,2024,2,4040715,21.61968361,246.7606861,1.476785743,0.086959553,0.731465234
34.01850873,0.291632627,0.019774032,,,,,0.653983385,0.312160508,2024,2,3917315,18.62032372,246.16793,1.324141937,0.123947295,0.677504752
,,,46.71576597,0.412123938,0.023769304,4.019740566,0.054917099,0.030753576,2024,2,3116365,11.15154425,,,,
76.55444004,0.520324694,0.025801661,20.33836563,0.068304793,0.003653867,2.800744694,0.08602811,0.04076565,2024,2,4426385,16.00145594,,,,
51.11677152,0.352502449,0.022849214,27.65977204,0.121642861,0.005701807,3.839693923,0.15256128,0.073678002,2024,2,4697815,14.47599218,,,,
69.38461304,0.508807166,0.017967034,10.3437993,0.079856862,0.005815394,1.58364006,0.130547445,0.061221873,2024,2,4241457,13.01703057,,,,
18.87207022,0.361243479,0.011048288,79.31160214,0.422375092,0.018567392,4.730534538,0.150475865,0.077649434,2024,2,3126486,19.16651027,,,,
,,,79.52864165,0.481013215,0.028324145,5.98417367,0.093735674,0.052491977,2024,2,4241478,16.77725346,,,,
,,,54.7665805,0.382930412,0.019230899,4.220226412,0.044839495,0.025110117,2024,2,4612826,11.9838905,,,,
12.26737434,0.184147447,0.01012371,,,,,0.891350265,0.426333234,2024,2,3912547,13.65665236,245.8496588,1.07745095,0.056219578,1.061150009
,,,53.48332257,0.271917299,0.014838938,4.200049311,0.084000986,0.047040552,2024,2,3128429,11.11770213,,,,
49.31906037,0.293074258,0.01700579,20.3867615,0.065812967,0.003319397,3.10605903,0.113334196,0.054586524,2024,2,3916148,12.16443589,,,,
6.27405203,0.041787368,0.002444809,92.69836606,0.498154334,0.024221253,7.273066778,0.140813945,0.077161559,2024,2,4241389,20.31268781,,,,
66.58995414,0.405033258,0.021033595,21.81498309,0.075270192,0.004042326,3.224504811,0.160210278,0.076473766,2024,2,4569173,14.84825354,,,,
,,,20.32721549,0.120837636,0.006289928,1.640248209,0.022832562,0.012786235,2024,2,3054212,4.38560296,,,,
5.172881477,0.03679342,0.002305873,50.09827666,0.274128902,0.013023456,4.14381509,0.096817308,0.052823592,2024,2,4362249,11.49722643,,,,
61.77385453,0.375488351,0.022383542,25.02173125,0.089912492,0.00554291,3.392558501,0.122914187,0.058814075,2024,2,4239996,14.80599289,,,,
1.103071195,0.007576582,0.000439635,64.73430013,0.428746708,0.02162462,4.700060684,0.071419565,0.039702307,2024,2,3925357,13.86834545,,,,
2.080712695,0.022834168,0.000946827,60.10540548,0.346613658,0.020658015,3.722689963,0.080108161,0.044295134,2024,2,4426388,12.11472015,,,,
70.58727732,0.613191292,0.041577187,18.47552976,0.087447497,0.008185588,2.489949144,0.115639314,0.054808798,2024,2,3045147,15.59302454,,,,
60.15623819,0.325796521,0.018008516,19.40792656,0.11512548,0.005781642,2.710515356,0.123905578,0.059152881,2024,2,4241985,13.24500839,,,,
5.392627921,0.085381041,0.003540354,,,,,0.457788949,0.219219483,2024,2,3046779,16.31082044,250.3544836,1.674534922,0.099801514,0.616676202
13.70170815,0.074953547,0.00356758,10.49693254,0.058645863,0.003272987,1.485006411,0.037590687,0.018509713,2024,2,4360516,4.68411865,,,,
,,,45.63347026,0.223811563,0.012118597,3.747945891,0.072258933,0.040465003,2024,2,4241463,9.59937748,,,,
69.03554631,0.540875219,0.028208084,22.84317031,0.149725319,0.00487311,3.183315636,0.183165664,0.087347253,2024,2,4361529,16.41109441,,,,
38.40731591,0.235411138,0.013772951,15.68057453,0.077855541,0.003785491,2.177314099,0.049517315,0.023705192,2024,2,4038815,9.45471772,,,,
,,,34.93349902,0.193374467,0.008500642,2.550566598,0.051011332,0.028566346,2024,2,3886598,7.16537589,,,,
13.60064777,0.113716952,0.003477925,5.344017145,0.030997261,0.001362624,0.701475058,0.031521831,0.01507539,2024,2,4372561,3.49454479,,,,
13.85922256,0.125359124,0.007529631,,,,,0.534468539,0.255653626,2024,2,4426338,12.60815464,211.1231537,1.058378717,0.057757327,0.920865018
9.942330521,0.158249323,0.004839905,,,,,0.39781475,0.190283092,2024,2,4361741,18.02935529,280.2513497,1.621227391,0.071268324,0.695743764
1.266623339,0.012678235,0.000613661,47.09642995,0.135790339,0.007706622,4.516942249,0.06759692,0.037339061,2024,2,3916433,10.23610376,1.12059502,0.003992097,0.000254812,0.006500758
1.424614307,0.0192579,0.000854923,71.92121986,0.332052289,0.017284226,5.252996161,0.07372423,0.04096761,2024,2,4372016,14.65172779,,,,
16.17925911,0.12177926,0.00673,,,,,0.398509042,0.190431564,2024,2,4038941,16.78409843,229.8299496,1.634482849,0.0820843,0.551448949
1.52688403,0.017338891,0.000923741,50.21249393,0.32638048,0.016503247,3.636107009,0.059812072,0.033110164,2024,2,4040655,10.84257268,,,,
4.214923535,0.036775179,0.001917924,51.31137318,0.422092251,0.013737837,3.662427766,0.046052875,0.025075616,2024,2,4683062,11.98685207,,,,
,,,69.89254137,0.262938538,0.017875101,6.261158927,0.117802621,0.065969468,2024,2,4035687,14.73496356,,,,
,,,49.78732311,0.231025972,0.011652215,4.118362023,0.061818636,0.034618436,2024,2,15795,10.43894972,,,,
,,,43.99746015,0.208791717,0.011504163,3.534644158,0.067690012,0.037906407,2024,2,4373678,9.13612399,,,,
,,,44.6721074,0.232332321,0.012801221,4.712554445,0.05481204,0.030694742,2024,2,4385690,10.53941807,,,,
53.05824471,0.345836023,0.017734341,18.20400933,0.060392016,0.003202653,2.540005204,0.105205834,0.050182573,2024,2,4241416,12.04788568,,,,
11.33170005,0.116313942,0.007239036,,,,,0.518761694,0.248256992,2024,2,4432577,18.40942898,269.0781136,1.78078903,0.084017082,0.503791799
,,,56.70558084,0.318105395,0.016084822,4.075899614,0.023339447,0.01307009,2024,2,4360248,11.66173753,,,,
28.85366536,0.174868466,0.006174967,20.92609432,0.076966576,0.005604916,2.912675219,0.108580339,0.053590808,2024,2,4569987,9.32741053,,,,
43.82011285,0.217599567,0.0131,17.95328054,0.09819422,0.005358607,3.021844418,0.101113189,0.048660718,2024,2,4361579,11.03621226,,,,
62.8973529,0.676803493,0.02806389,9.433122373,0.03927144,0.00234056,1.282527762,0.114836087,0.053779823,2024,2,4035538,12.76830414,,,,
,,,57.57059327,0.343449772,0.018596579,4.395973582,0.077019268,0.04313079,2024,2,2976499,12.16669712,,,,
,,,28.84598294,0.270264992,0.01761832,2.897539535,0.026355519,0.01475909,2024,2,15835,7.41014224,,,,
,,,41.95362034,0.26503708,0.014055197,4.297638037,0.073641527,0.041239255,2024,2,16460,10.03079844,,,,
5.866643221,0.034154063,0.002125648,61.80276281,0.35000813,0.016513277,4.104729067,0.099023527,0.053540002,2024,2,4366031,13.13359785,,,,
,,,74.84741859,0.233027124,0.011777698,5.418095739,0.074875573,0.041930321,2024,2,4361370,14.2426691,,,,
,,,27.80685091,0.274369415,0.014734791,2.832880116,0.02953654,0.016540462,2024,2,3046439,7.25695036,,,,
1.408415393,0.009646894,0.000536924,54.13993244,0.308222321,0.015586113,4.096472086,0.045950682,0.025489776,2024,2,4431299,11.54100068,,,,
,,,28.27374899,0.190521198,0.009051379,2.946580717,0.033745465,0.01889746,2024,2,4572680,6.89827864,,,,
,,,32.09546134,0.235296415,0.011029129,2.963194584,0.035231582,0.019729686,2024,2,4243331,7.56804809,,,,
,,,33.65141179,0.208518381,0.015184876,3.244347749,0.037878496,0.021211958,2024,2,4361411,7.84954705,,,,
64.11721766,0.407852536,0.020471264,18.3425978,0.079830144,0.004322517,2.805149705,0.116105758,0.05513104,2024,2,4372019,13.91961881,,,,
27.37140843,0.166901029,0.009684521,23.71086525,0.082243808,0.004148116,3.226227037,0.074372817,0.03664667,2024,2,4428557,9.78565736,,,,
21.51804839,0.145874828,0.007060738,20.14700349,0.108637232,0.006165579,2.895967243,0.079096482,0.03907281,2024,2,4048244,8.53993981,,,,
,,,46.63915385,0.305624634,0.015348576,3.34512811,0.066902562,0.037465435,2024,2,4429025,9.80032158,,,,
7.286652852,0.104542948,0.00464,,,,,0.612090406,0.293067947,2024,2,4241479,17.38285803,290.5860919,1.581166604,0.08230403,0.762533603
1.50819147,0.012144452,0.000761103,48.034529,0.438011066,0.020809254,3.368936,0.057885355,0.03204233,2024,2,4248528,11.00472721,,,,
42.1954782,0.477591412,0.017762132,,,,,0.822469233,0.3914315,2024,2,4429084,18.55824108,220.0567152,1.134746546,0.077142397,0.648388031
,,,54.63035542,0.238376968,0.01403667,4.906279594,0.04720975,0.02643746,2024,2,3121023,11.77602336,,,,
6.417679753,0.089250554,0.004905116,,,,,0.401121819,0.192105884,2024,2,8439,16.64811468,248.6950201,1.742205061,0.086993314,0.62796138
,,,49.83334467,0.239770572,0.012826183,4.343986954,0.055353606,0.030998019,2024,2,2577327,10.73106518,,,,
26.03284414,0.251918949,0.009732893,26.16370949,0.145867422,0.00950896,3.1574141,0.116065426,0.057498199,2024,2,3068267,10.76200191,,,,
,,,54.40092391,0.309085453,0.017030223,3.885724773,0.041285447,0.02311985,2024,2,4635008,11.16924263,,,,
,,,42.26536855,0.239296058,0.011216606,3.249169656,0.034522111,0.019332382,2024,2,4430834,8.89616331,,,,
62.70469877,0.373876597,0.017795483,18.01549394,0.052176121,0.002911915,2.682133215,0.13837756,0.065935382,2024,2,4040761,13.22366683,,,,
51.11896103,0.407717401,0.0225,7.43153612,0.033323938,0.00167354,0.978314929,0.135908983,0.063563082,2024,2,3051926,9.40442159,,,,
17.78269886,0.146137045,0.007246588,,,,,0.468588583,0.224105406,2024,2,15864,16.44706056,248.1249343,1.407217568,0.075277088,0.745547892
21.75752878,0.201484258,0.011214156,,,,,0.567718526,0.271348544,2024,2,4431611,16.42291381,243.5232346,1.362036584,0.068875141,0.89165092
,,,34.68621932,0.280059902,0.013213141,3.458007308,0.041438486,0.023205552,2024,2,3117256,8.58809583,,,,
25.64486638,0.156768158,0.009345234,3.254697183,0.016864907,0.001039685,0.509840133,0.104849781,0.048978165,2024,2,4429013,4.36717439,,,,
6.78065395,0.123893571,0.006600516,,,,,0.629968169,0.301760454,2024,2,14880,16.83958029,267.7662614,1.678831501,0.084889178,0.801950736
,,,39.95073872,0.301423074,0.014320162,3.590690534,0.071813811,0.040215734,2024,2,4361432,9.34440771,,,,
0.760806773,0.005024654,0.000257662,54.05583082,0.321558519,0.017052589,4.198628103,0.086358388,0.048122115,2024,2,3932905,11.58044717,,,,
3.200019826,0.022792693,0.001084869,42.62616466,0.15993763,0.008926014,4.598380538,0.081573373,0.044914969,2024,2,4569587,10.20972675,,,,
1.271235453,0.01466556,0.000950622,67.31868789,0.319868634,0.014993312,6.013555498,0.081828385,0.045545951,2024,2,3116165,14.82270896,,,,
3.830277892,0.087269065,0.004275248,,,,,0.330862106,0.158551132,2024,2,12483,17.56197973,276.9005311,1.822118898,0.096295501,0.800979259
1.450617778,0.009489272,0.000591,67.37015114,0.423671735,0.019988703,5.273668587,0.109284358,0.060712674,2024,2,2976212,14.67733158,,,,
26.94458394,0.209244024,0.011147621,8.404516925,0.052529503,0.002656125,1.138827084,0.030388134,0.01446352,2024,2,4373626,6.24386278,,,,
-0.014653286,,,29.24989652,0.137073805,0.006913567,2.70075385,0.025664066,0.014279883,2024,2,4360635,6.43266637,,,,
,,,70.14581936,0.427585738,0.01879645,4.62134723,0.07555197,0.042309103,2024,2,4360438,14.15641029,,,,
0.020594583,,,20.17602735,0.127939128,0.006469595,2.210417089,0.028895032,0.016039304,2024,2,4258595,4.97933663,,,,
0.653669307,0.005053396,0.000263548,73.01721756,0.607187498,0.019762132,6.055840324,0.123356807,0.068855812,2024,2,4428331,17.00197211,,,,
49.91590706,0.434980634,0.024167922,16.48265389,0.066659116,0.003364939,2.305485187,0.081234815,0.038713211,2024,2,4035676,11.93496108,,,,
,,,25.49637639,0.199605105,0.010076026,2.505705962,0.023206605,0.012995699,2024,2,3116164,6.24774689,,,,
13.571991,0.123184443,0.007207022,,,,,0.467031919,0.223400911,2024,2,2577417,17.18108252,259.0337469,1.660237046,0.080724021,0.829440779
0.686237382,0.003864167,0.00023035,55.42212941,0.210539383,0.012979297,5.001313544,0.102399053,0.057106191,2024,2,3895856,11.81348444,,,,
27.76008338,0.191319891,0.010514739,5.425990077,0.031685765,0.001582161,0.773753753,0.05801764,0.027322744,2024,2,4685247,5.40147335,,,,
3.634419626,0.025802678,0.001264054,2.017703629,0.010707454,0.000565868,0.265900932,0.008661211,0.004202248,2024,2,4429096,1.045658,,,,
0.754274665,0.005869923,0.000301007,40.78969838,0.205763799,0.010911872,3.120287864,0.034420213,0.019148573,2024,2,4430034,8.54554948,,,,
,,,37.5319829,0.335054259,0.0193243,3.171932109,0.029061026,0.016274174,2024,2,4361050,8.94232421,,,,
,,,13.81105092,0.072339327,0.003916916,1.241714353,0.024834287,0.013907201,2024,2,4369863,3.03752884,,,,
54.2628893,0.326174945,0.015787754,12.54039588,0.035314842,0.002004253,1.89261535,0.12400354,0.058583189,2024,2,4361777,10.66357623,,,,
2.83456889,0.015728344,0.000816781,42.26925512,0.171310095,0.009200072,3.406239251,0.077736039,0.042571056,2024,2,4427095,8.97579588,,,,
44.08605619,0.379294383,0.022190976,12.89571457,0.09227546,0.004486616,2.071388155,0.113897959,0.054139209,2024,2,3051392,10.54706706,,,,
88.01162824,0.723791462,0.022136473,14.33012393,0.063905138,0.002809237,1.878373928,0.14513225,0.068040708,2024,2,4360569,16.75637275,,,,
,,,32.29059958,0.237986003,0.011883326,2.573604993,0.036196037,0.02026978,2024,2,3045138,7.21476206,,,,
,,,32.26559106,0.172977217,0.009976484,2.360410983,0.042757285,0.02394408,2024,2,4360939,6.5980262,,,,
,,,8.728217822,0.057700019,0.002897715,0.979836404,0.012713738,0.007119693,2024,2,3127292,2.19074974,,,,
16.84292008,0.132689681,0.005114583,12.77388217,0.070037257,0.004039408,1.697389502,0.048226277,0.023698181,2024,2,4038441,5.8579852,,,,
1.40610578,0.008792662,0.000511265,57.87028391,0.208054148,0.010515509,4.382632071,0.092204145,0.051179171,2024,2,4032473,11.65829081,,,,
24.96149388,0.140106167,0.007275789,13.71488998,0.080274267,0.004311066,2.010812867,0.114834755,0.055620156,2024,2,4360294,7.11569726,,,,
16.64723325,0.129193304,0.00751217,13.47561333,0.095720609,0.004837928,1.522624859,0.078003338,0.038150738,2024,2,2468609,6.07932999,4.889861583,0.021742087,0.001159006,0.020200274
12.4217017,0.090150762,0.003746735,3.459889747,0.020258565,0.001116222,0.490167218,0.028772321,0.013637301,2024,2,4429501,2.72399564,,,,
43.42266629,0.212162668,0.012743441,19.38082784,0.065373835,0.003567549,3.06836177,0.056782928,0.027426834,2024,2,4722893,10.99319851,,,,
22.9731917,0.143554869,0.00973368,5.53772582,0.029114771,0.00272531,0.777522222,0.046969186,0.022243546,2024,2,4429275,4.6463047,,,,
,,,32.35174647,0.224441278,0.011206999,3.20472882,0.036576888,0.020483057,2024,2,3915486,7.76896502,,,,
,,,5.396157994,0.030308961,0.001669986,0.338442788,0.005894417,0.003300874,2024,2,3051738,1.05680598,,,,
1.322324692,0.011565696,0.000580515,32.3512089,0.166360374,0.00900782,2.805840042,0.060996879,0.033670244,2024,2,4372414,7.194194,,,,
1.494144572,0.00927486,0.000543,42.19347386,0.30376432,0.014769624,3.727743918,0.055444684,0.030702262,2024,2,16731,9.94542557,,,,
,,,31.76190719,0.239972313,0.012128723,2.947394078,0.027003824,0.015122141,2024,2,3929645,7.55814584,,,,
26.1317787,0.151723236,0.008341153,8.977555819,0.033930591,0.001770441,1.334633425,0.033226458,0.015852535,2024,2,4242431,6.00909834,,,,
18.20836998,0.14182427,0.007272695,,,,,0.625425227,0.299181538,2024,2,4685720,14.60994616,226.0585833,1.228087507,0.06512678,0.789732845
,,,21.75184736,0.125146076,0.007714985,2.299348985,0.026333098,0.014746535,2024,2,4430539,5.21204308,,,,
2.611251732,0.014774874,0.000887445,16.65288866,0.054407855,0.002969119,1.355007946,0.036432347,0.019468895,2024,2,4686472,3.90412672,,,,
17.40829962,0.161178522,0.009608144,,,,,0.613385204,0.293276725,2024,2,4360310,14.73063812,237.8370113,1.144176144,0.070535981,0.828691399
1.778754464,0.017338891,0.000923741,33.43431711,0.193676136,0.009793126,2.933289764,0.063663225,0.035151663,2024,2,3728262,7.74155579,,,,
,,,48.32861395,0.31134825,0.019193945,3.401969925,0.064219554,0.03596295,2024,2,4243537,10.07108081,,,,
10.46434046,0.102179805,0.005929038,,,,,0.787567966,0.37693603,2024,2,4361418,13.78826907,243.3745083,1.143820904,0.057690688,0.787847574
,,,14.68894007,0.12456334,0.004054163,1.48763205,0.013629583,0.007632567,2024,2,4240472,3.69710929,,,,
,,,47.54120005,0.329725314,0.017425353,3.713026597,0.074260532,0.041585898,2024,2,3043116,10.3991394,,,,
5.05240698,0.026009346,0.001512359,,,,,0.538464073,0.257963315,2024,2,16757,13.36819517,252.9779576,1.124831199,0.056791302,0.763222696
,,,40.29517067,0.211937549,0.014407949,2.678729327,0.050395602,0.028221537,2024,2,4360078,7.95357651,,,,
,,,42.34503951,0.350866781,0.017519789,3.188907369,0.044849854,0.025115918,2024,2,3128390,9.51460175,,,,
,,,47.61040405,0.347288601,0.017440955,4.060144403,0.073563266,0.041195429,2024,2,4242433,10.85935147,,,,
,,,30.00745559,0.179847651,0.009620692,3.191539184,0.029325666,0.016422373,2024,2,4036131,7.25854129,,,,
3.909168502,0.036941254,0.001535307,14.92808271,0.108196411,0.005961487,1.555754642,0.026934375,0.014203644,2024,2,3121427,4.29760605,,,,
,,,24.89155905,0.14152299,0.006723547,2.121505495,0.04243011,0.023760862,2024,2,4428850,5.42684671,,,,
64.23528177,0.425726416,0.015033281,,,,,0.739316183,0.350948364,2024,2,4362887,18.79984483,194.5349625,0.986684189,0.071853029,0.698776497
,,,16.46024088,0.156289956,0.008611382,1.50593345,0.016590403,0.009290625,2024,2,3930086,4.08877679,,,,
,,,41.45536892,0.243993499,0.022839194,3.398772118,0.067975442,0.038066248,2024,2,4360761,8.9796099,,,,
,,,34.44385302,0.20186431,0.009815043,2.743266807,0.054865336,0.030724588,2024,2,4249417,7.35846488,,,,
3.815852699,0.02347532,0.001136269,23.80336287,0.06374444,0.003617741,1.825775388,0.049013911,0.02619795,2024,2,4428718,5.12977657,,,,
5.672436009,0.048065477,0.001817195,5.134186489,0.021268309,0.00125237,0.712480005,0.027159663,0.013460831,2024,2,4371733,2.24097731,,,,
23.5698147,0.110412284,0.006145297,3.502287834,0.019588228,0.000990533,0.510062564,0.039003208,0.018300997,2024,2,4035886,3.97597756,,,,
,,,33.59166246,0.27671179,0.014623689,3.189976198,0.029226345,0.016366753,2024,2,4242557,8.20670106,,,,
22.31316772,0.127609787,0.006405093,,,,,0.633239481,0.3025827,2024,2,3122840,13.61167055,207.4074185,1.152695677,0.062414355,0.920798943
,,,39.53407692,0.220128711,0.014964801,2.80536393,0.029806719,0.016691762,2024,2,4597500,8.07687597,,,,
5.212886913,0.027853934,0.001745628,1.660483912,0.009745079,0.000462974,0.248329668,0.011565429,0.005523777,2024,2,4429023,1.15493588,,,,
,,,44.71387848,0.237810753,0.013272062,3.262600712,0.049872527,0.027928615,2024,2,3916945,9.19320692,,,,
,,,27.70058294,0.136683873,0.007340499,2.493298883,0.026491058,0.014834992,2024,2,4430637,6.06917343,,,,
38.00978422,0.283992405,0.013517247,,,,,0.697642531,0.332610062,2024,2,3917792,17.35120982,226.8847332,1.198114916,0.066866008,0.767769205
6.119330244,0.036759547,0.001367127,4.732616207,0.024609537,0.001673007,0.678946947,0.014409761,0.007091106,2024,2,4241401,2.12463455,,,,
,,,2.113905842,0.009724959,0.000633961,0.177675606,0.002974806,0.001665891,2024,2,3121409,0.44543068,,,,
21.92502458,0.181857959,0.008073287,5.897486271,0.033886222,0.00176387,0.786458648,0.047230882,0.022371256,2024,2,4682745,4.83935462,,,,
46.56467561,0.242710833,0.01244612,11.46710757,0.026638611,0.001412674,1.641510187,0.115945823,0.055001188,2024,2,4045163,8.98156038,,,,
,,,24.27777548,0.219280314,0.010661844,2.436707183,0.027906181,0.015627462,2024,2,4372096,6.17097338,,,,
10.28975941,0.076164601,0.003972187,1.908501265,0.013072904,0.000425484,0.269984795,0.022424055,0.010536506,2024,2,4714365,2.05181395,,,,
,,,9.881822316,0.075173519,0.002446673,0.971790282,0.019435806,0.010884051,2024,2,3120348,2.39465187,,,,
8.420298973,0.056115414,0.002926568,8.448852847,0.044987596,0.001464211,1.152798621,0.038648258,0.019184209,2024,2,3116389,3.417765,,,,
,,,16.77644342,0.093456065,0.006092313,1.350688833,0.022714029,0.012719856,2024,2,3917914,3.63676682,,,,
3.798187466,0.037324015,0.001317988,16.16346754,0.054151739,0.003943477,1.203474846,0.036209666,0.019063396,2024,2,4243389,3.77012736,,,,
,,,6.442774909,0.027450289,0.001692251,0.632218802,0.012644376,0.007080851,2024,2,4432620,1.50129975,,,,
,,,47.71584442,0.23007411,0.011614095,3.698436326,0.073968727,0.041422487,2024,2,4368003,9.79279864,,,,
20.02956052,0.146688095,0.008529435,8.033472528,0.018680529,0.000944155,1.429899992,0.051912545,0.024956859,2024,2,2980453,5.21471891,,,,
4.063454068,0.041014719,0.002009281,17.06050008,0.106085302,0.005606405,1.231462388,0.035626541,0.018709675,2024,2,4360797,4.20521195,,,,
8.255087509,0.062116287,0.002581601,8.036617389,0.027566932,0.001518904,0.854629545,0.032937216,0.016133121,2024,2,3915411,2.99870412,,,,
0.596694443,0.003992145,0.000231646,30.66763505,0.091230995,0.004601401,3.158980975,0.042473202,0.023654149,2024,2,3045144,6.82023256,,,,
,,,29.57513491,0.192154883,0.010724038,2.892047661,0.033263225,0.018627406,2024,2,4429148,6.98755971,,,,
9.196181911,0.049273664,0.00308802,3.221379341,0.014999896,0.000712623,0.495766604,0.022033194,0.010557522,2024,2,4887558,2.11023173,,,,
15.89099623,0.098897233,0.00616,1.711016231,0.008987515,0.000424028,0.249949318,0.040513967,0.01886514,2024,2,4360238,2.68556697,,,,
,,,2.445844094,0.016357093,0.000766712,0.241311787,0.002763603,0.001547618,2024,2,4372505,0.58255014,,,,
6.140531786,0.041573246,0.002086678,,,,,0.012209566,0.0056164,2024,2,3125116,0.85675541,,,,
,,,14.01570063,0.059186161,0.003359041,1.422953599,0.016296255,0.009125903,2024,2,4429086,3.1685371,,,,
,,,41.74767102,0.306690294,0.018059255,3.103869668,0.04989012,0.027938467,2024,2,4361409,9.10034011,,,,
,,,15.4377923,0.088758976,0.004486072,1.424089986,0.019045542,0.010665504,2024,2,3843945,3.48856701,,,,
,,,4.416724012,0.035272259,0.001771385,0.429750013,0.004921675,0.002756138,2024,2,4250764,1.08121666,,,,
,,,6.718966798,0.054348937,0.003200301,0.645907363,0.007397199,0.004142431,2024,2,4241374,1.6422084,,,,
,,,6.985873563,0.036255809,0.002023413,0.562405268,0.011248105,0.006298939,2024,2,4692590,1.47027343,,,,
3.20869308,0.021795929,0.001275191,2.477287287,0.017001652,0.000826654,0.215649824,0.014260726,0.006991234,2024,2,3676833,1.15269473,,,,
,,,10.59200653,0.065205579,0.00309782,1.120592384,0.012833489,0.007186754,2024,2,4428085,2.56318764,,,,
,,,27.86302183,0.26235915,0.013175768,3.272006026,0.045961349,0.025738355,2024,2,3924365,7.60854994,,,,
,,,18.46310654,0.080784258,0.004338454,1.941812398,0.015566909,0.008717469,2024,2,3043275,4.26448157,,,,
,,,28.32401515,0.163572133,0.010663113,2.396508598,0.02546267,0.014259095,2024,2,4426948,6.20382295,,,,
2.418154402,0.024044339,0.000735373,11.34824637,0.074571973,0.003278146,1.435000145,0.015770417,0.008382409,2024,2,16002,3.39501671,,,,
,,,23.83700799,0.183190332,0.009919102,2.565134024,0.035852764,0.020077548,2024,2,3128452,6.02860792,,,,
,,,9.380967583,0.064187954,0.003433643,0.917421442,0.01055183,0.005909025,2024,2,4576297,2.23597356,,,,
24.35044304,0.190462586,0.009444585,11.20646027,0.06053287,0.003238119,1.512748978,0.061547613,0.029600335,2024,2,4427391,6.54220278,,,,
,,,8.306086241,0.053814004,0.002843967,0.662857089,0.007042792,0.003943964,2024,2,4569382,1.89240112,,,,
,,,10.44389229,0.053353052,0.002500836,0.822632912,0.016452658,0.009213489,2024,2,4426407,2.23450249,,,,
10.270304,0.063310345,0.00352371,5.603806192,0.026220775,0.001325926,0.791538534,0.030470506,0.014800799,2024,2,4037457,2.89703795,,,,
,,,11.21310469,0.049512788,0.002701988,0.956723788,0.010165097,0.005692454,2024,2,4431280,2.36939825,,,,
7.8463393,0.115800644,0.005605066,,,,,0.642484756,0.307571275,2024,2,4038524,12.88147147,250.9389374,0.893964839,0.050707682,0.862923061
,,,33.77041645,0.108022123,0.005636413,2.665624189,0.053312484,0.029854991,2024,2,4382466,6.64377142,,,,
,,,4.063202888,0.025332483,0.001651401,0.399973452,0.004600342,0.002576191,2024,2,4690923,0.95656026,,,,
,,,46.15921162,0.269005081,0.014216404,3.40585399,0.054744072,0.030656681,2024,2,2310331,9.60437108,,,,
4.136959227,0.039558265,0.001396884,1.541792588,0.0116907,0.000851349,0.193129718,0.010875616,0.005193099,2024,2,15807,1.16514034,,,,
,,,37.31300782,0.286169202,0.015616686,3.138272044,0.058474985,0.032745992,2024,2,3115306,8.55387143,,,,
2.210083293,0.013114728,0.000495824,1.727981822,0.010400958,0.000612454,0.240001151,0.006193578,0.003045894,2024,2,4431545,0.77119035,,,,
,,,11.37187904,0.068784331,0.003647706,1.117107297,0.01284854,0.007195183,2024,2,4431588,2.66024523,,,,
,,,4.601924433,0.041847878,0.002494114,0.468415851,0.005364493,0.003004116,2024,2,4242392,1.17881716,,,,
2.91303868,0.018858815,0.001173717,3.485854358,0.015833515,0.00074702,0.474932679,0.010547848,0.005265284,2024,2,2983509,1.31656527,,,,
1.891215096,0.013185883,0.000546757,12.7795766,0.079107424,0.004714766,1.12888227,0.028232008,0.015244488,2024,2,2973405,3.19934138,,,,
1.607404795,0.011451506,0.000776465,39.82624625,0.187532655,0.017554134,3.693867256,0.0788264,0.043647878,2024,2,4037235,9.03086712,,,,
1.498066922,0.011433092,0.000586285,26.02652414,0.097778234,0.005185283,1.885798324,0.042487618,0.023315901,2024,2,4426485,5.25955872,,,,
,,,31.11626247,0.15333153,0.008000581,3.426311752,0.039239543,0.021974144,2024,2,3052096,7.43101805,,,,
,,,4.94924013,0.025754096,0.001301668,0.455628296,0.004841006,0.002710964,2024,2,4573697,1.10238609,,,,
,,,22.49971102,0.173017976,0.009533075,1.708694623,0.028303386,0.015849896,2024,2,2991662,4.98488994,,,,
11.64817907,0.076973089,0.003663704,3.441744961,0.015636228,0.000872648,0.504228468,0.026622253,0.012675696,2024,2,4570561,2.6313988,,,,
,,,8.552152057,0.043854291,0.002213756,0.737935419,0.007840492,0.004390675,2024,2,4429033,1.85212953,,,,
,,,25.9564015,0.130315298,0.009489915,1.663219803,0.0271437,0.015200472,2024,2,3930066,5.03004463,,,,
,,,10.66164395,0.062837379,0.003172018,1.073780963,0.012350218,0.006916122,2024,2,4427834,2.50980722,,,,
,,,8.826481388,0.065455599,0.003775161,0.697628421,0.013952568,0.007813438,2024,2,2971618,1.965302,,,,
,,,27.00941321,0.218374598,0.007107438,1.718838773,0.032336942,0.018108687,2024,2,3118892,5.70887718,,,,
23.02825548,0.13615765,0.008533109,,,,,0.830332971,0.396569629,2024,2,4242512,16.01436672,227.936126,1.531392813,0.072754194,0.869878183
1.70540024,0.012528723,0.000688565,,,,,0.002910241,0.001338711,2024,2,4613104,0.24448887,,,,
3.39947894,0.023558564,0.001597379,7.076821239,0.02860511,0.002677603,1.02937307,0.012072097,0.006254551,2024,2,4362478,2.38634459,,,,
5.327958129,0.024812968,0.001371545,6.716013614,0.051648301,0.002593796,0.624807025,0.02927602,0.014716583,2024,2,4362477,2.45773417,,,,
,,,18.65736609,0.118745329,0.006195932,1.841278558,0.031599897,0.017695942,2024,2,3921690,4.39732112,,,,
,,,18.6979366,0.065099197,0.003552562,1.54187827,0.030837565,0.017269037,2024,2,4039057,3.77565016,,,,
,,,7.3110667,0.051781658,0.003770881,0.709328942,0.008123529,0.004549176,2024,2,4430802,1.74978317,,,,
18.46721,0.136071537,0.007066268,,,,,0.580994328,0.2776804,2024,2,2578570,13.97906981,215.395137,1.137111498,0.061067668,0.72229948
,,,26.23110431,0.142347193,0.009279479,1.813429706,0.036268594,0.020310413,2024,2,4361577,5.26952143,,,,
21.01306975,0.148368102,0.007447012,7.970905029,0.031563158,0.001709032,1.204311449,0.055773591,0.026759804,2024,2,4249836,5.21325555,,,,
1.767989495,0.014653268,0.000805328,12.22053449,0.081212565,0.004055177,1.029012679,0.026058404,0.014044891,2024,2,4427278,3.15071821,,,,
,,,4.815784074,0.033179292,0.001774879,0.427857157,0.008557143,0.004792,2024,2,4360405,1.10270327,,,,
0.046625076,,,24.93781251,0.168323344,0.008511735,2.666072749,0.055604832,0.030910368,2024,2,3918639,6.13112931,,,,
,,,7.580017376,0.046109008,0.00233045,0.678077798,0.013561556,0.007594471,2024,2,4036335,1.71222021,,,,
,,,20.00256318,0.167328498,0.008873607,1.8662758,0.022841079,0.012791004,2024,2,4372780,4.86327431,,,,
,,,2.045057332,0.016116537,0.000765673,0.2038011,0.004076022,0.002282572,2024,2,4259305,0.50207966,,,,
,,,24.62925942,0.09307628,0.005079313,2.290227895,0.02622864,0.014688038,2024,2,4367209,5.29308407,,,,
,,,1.269032926,0.007716276,0.000364052,0.096260144,0.001925203,0.001078114,2024,2,4686422,0.26808379,,,,
28.13498758,0.256629117,0.01139263,9.822232673,0.049768774,0.0025906,1.245393799,0.058915499,0.028061761,2024,2,3122976,6.85290011,,,,
,,,6.067980018,0.03908339,0.002181218,0.747146692,0.009378008,0.005251684,2024,2,4361516,1.5825519,,,,
,,,2.458771098,0.01287239,0.000650599,0.220281144,0.002340466,0.001310661,2024,2,4427985,0.54213427,,,,
,,,17.22455005,0.114086018,0.00671788,1.371546409,0.014572547,0.008160626,2024,2,4686104,3.77601663,,,,
0.691519696,0.003970051,0.000237,,,,,0.002256872,0.001038161,2024,2,4039050,0.13971189,,,,
,,,1.198894078,0.007541675,0.000355814,0.098457243,0.001616097,0.000905014,2024,2,15880,0.26254096,,,,
,,,15.12015713,0.096632916,0.005030007,1.397578598,0.027951572,0.01565288,2024,2,3123075,3.58451721,,,,
,,,3.340282028,0.027566947,0.001211829,0.31061087,0.003557245,0.001992057,2024,2,2975863,0.8085745,,,,
,,,20.20540976,0.11245291,0.007644779,1.993274948,0.023649479,0.013243708,2024,2,4039160,4.67795953,,,,
1.016235223,0.006980574,0.000408405,1.820961874,0.00916155,0.000445453,0.275293265,0.004462878,0.002287395,2024,2,4383396,0.65311624,,,,
,,,30.39473388,0.155955603,0.008375472,2.882251742,0.057645035,0.03228122,2024,2,3916566,6.81117125,,,,
,,,8.109216536,0.058047456,0.003167737,0.844422724,0.009771297,0.005471926,2024,2,3911853,1.99927874,,,,
,,,10.9177378,0.089405799,0.002909891,0.877305983,0.01754612,0.009825827,2024,2,4430191,2.49214589,,,,
0.401901299,0.002785289,0.000153124,3.255320349,0.009559501,0.000498799,0.542528178,0.005917554,0.003220912,2024,2,4012556,0.9773371,,,,
,,,2.090318707,0.016574844,0.000955956,0.170733715,0.003414674,0.001912218,2024,2,4241424,0.47739213,,,,
2.302979308,0.015517252,0.000900397,10.61273486,0.03352172,0.001690729,0.840966399,0.01997302,0.010539318,2024,2,4567156,2.41140266,,,,
1.088878241,0.005545712,0.000304882,28.20885405,0.093290696,0.004867752,2.654934127,0.057140935,0.031594698,2024,2,3115255,6.21784312,,,,
19.08780614,0.140340396,0.006875173,4.067927898,0.020832574,0.001100962,0.54388566,0.032417716,0.015282739,2024,2,4243003,3.81274168,,,,
,,,2.474419936,0.006580742,0.000373482,0.211325302,0.004226506,0.002366843,2024,2,4036211,0.49437663,,,,
,,,18.507524,0.109492513,0.005536791,1.679180037,0.033583601,0.018806816,2024,2,2580216,4.25418351,,,,
,,,8.963485272,0.061985628,0.003095121,0.941513718,0.010782606,0.006038259,2024,2,4361372,2.20417414,,,,
,,,11.46219327,0.109684869,0.007456602,0.907828935,0.01381946,0.007738898,2024,2,2998565,2.71195768,,,,
,,,5.770821628,0.026542548,0.001381612,0.778024095,0.005301245,0.002968697,2024,2,3917668,1.51132718,,,,
,,,6.732420131,0.045811752,0.004288243,0.708382278,0.008112688,0.004543105,2024,2,4426844,1.65619928,,,,
,,,10.4048031,0.065428111,0.003181245,0.872399467,0.017447989,0.009770874,2024,2,4692835,2.29272999,,,,
,,,1.526107541,0.013349051,0.000769908,0.208334247,0.002177112,0.001219183,2024,2,2975417,0.44019824,,,,
1.403908293,0.010674849,0.000594138,14.22330585,0.072822302,0.003682461,1.235151904,0.029269791,0.015934408,2024,2,4565908,3.27631461,,,,
,,,14.64329759,0.093424053,0.005501214,1.184488998,0.02368978,0.013266277,2024,2,3926231,3.2427393,,,,
,,,6.831747496,0.045871422,0.002387733,0.769023043,0.00616502,0.003452411,2024,2,3052897,1.72545957,,,,
,,,36.51264581,0.203820026,0.010288794,2.961946007,0.05923892,0.033173795,2024,2,3931391,7.79192674,,,,
6.191857309,0.039120228,0.002177343,1.951062014,0.007452718,0.000376867,0.250329066,0.013800825,0.006561589,2024,2,4035693,1.36879221,,,,
,,,17.5652271,0.075853921,0.003829091,1.402802555,0.028056051,0.015711389,2024,2,4257188,3.71813592,,,,
,,,15.56957893,0.086618171,0.004372468,1.67549515,0.019487797,0.010913167,2024,2,3127310,3.73959487,,,,
,,,4.010577011,0.02404458,0.001056987,0.289012382,0.005521972,0.003092304,2024,2,2578533,0.83041273,,,,
,,,5.800484552,0.022260873,0.001621097,0.477337603,0.006713435,0.003759523,2024,2,3914397,1.18685144,,,,
5.789485214,0.042772153,0.002120969,5.147858454,0.025751715,0.001377551,0.459289214,0.02539152,0.012458546,2024,2,4243160,2.015555,,,,
,,,2.250844045,0.017367314,0.001001662,0.178567216,0.003571344,0.001999953,2024,2,4411193,0.63319686,,,,
,,,9.351017476,0.04162699,0.002172026,0.743675684,0.011953488,0.006693953,2024,2,3122168,1.91981112,,,,
,,,7.148377296,0.056601099,0.002862003,0.743591927,0.008515923,0.004768917,2024,2,4035020,1.79444742,,,,
,,,7.381122656,0.059285585,0.003085976,0.708740801,0.008116794,0.004545404,2024,2,4365395,1.79986192,,,,
,,,2.47972029,0.023922087,0.000778592,0.243896128,0.0028052,0.001570912,2024,2,4430723,0.63388984,,,,
,,,11.91555466,0.063105927,0.003182862,1.208496817,0.013840207,0.007750516,2024,2,4360086,2.76991794,,,,
,,,1.588675888,0.005550955,0.000302924,0.244944497,0.002086232,0.00116829,2024,2,2515270,0.43544216,,,,
,,,4.989211226,0.033139031,0.001563489,0.435523934,0.003990241,0.002234535,2024,2,4362504,1.13204275,,,,
,,,33.23073454,0.162463795,0.008724989,2.571740335,0.051434807,0.028803492,2024,2,4362921,6.83079555,,,,
,,,2.210228215,0.014526204,0.000824418,0.248727719,0.003786267,0.00212031,2024,2,4040774,0.55441618,,,,
,,,8.339354926,0.060708818,0.00412711,0.785908324,0.009000548,0.005040307,2024,2,4722908,1.98250793,,,,
,,,2.616283691,0.02046511,0.000899636,0.190974562,0.003819491,0.002138915,2024,2,4372063,0.57967632,,,,
,,,5.97486693,0.031032897,0.002023005,0.597447779,0.009982816,0.005590377,2024,2,4048228,1.37426051,,,,
,,,2.166241939,0.014930875,0.000833282,0.22615702,0.002590044,0.001450425,2024,2,2531358,0.53120058,,,,
,,,4.394122577,0.024665059,0.001676781,0.361849816,0.007236996,0.004052718,2024,2,4061956,0.94469135,,,,
,,,22.14093709,0.175451453,0.008530798,2.232904157,0.025682009,0.014381925,2024,2,4360967,5.48868233,,,,
,,,6.953380223,0.040965653,0.002071541,0.653030841,0.013060617,0.007313945,2024,2,4039043,1.58402297,,,,
,,,19.81914016,0.092059355,0.00567526,2.125744625,0.024344909,0.013633149,2024,2,4040612,4.64474099,,,,
0.905280905,0.005078827,0.000295317,1.794229381,0.009580628,0.000484226,0.269263633,0.004231656,0.002175898,2024,2,3929914,0.62449028,,,,
,,,2.307231941,0.015126708,0.001415947,0.235045307,0.002703401,0.001513905,2024,2,4696700,0.55640423,,,,
,,,2.101633176,0.01102963,0.000601904,0.219012326,0.00250822,0.001404603,2024,2,4383440,0.49381403,,,,
,,,2.134467047,0.011491235,0.000781198,0.187217108,0.001989164,0.001113932,2024,2,4429684,0.59194515,,,,
,,,4.562501252,0.034720568,0.001743679,0.403225532,0.008064511,0.004516126,2024,2,4360739,1.06246717,,,,
,,,10.36189066,0.073897148,0.003905323,0.966209552,0.011065433,0.006196642,2024,2,4239944,2.44149107,,,,
,,,8.99205244,0.089750913,0.006535906,0.91591362,0.011783811,0.006598934,2024,2,2508256,2.35380909,,,,
,,,2.30943718,0.011059003,0.000557781,0.239542344,0.002743338,0.001536269,2024,2,2576399,0.5349557,,,,
1.254744016,0.011012918,0.000713858,2.560690571,0.015229596,0.000713862,0.219203268,0.004575574,0.002337665,2024,2,5097554,0.75650252,,,,
,,,5.557946093,0.035128303,0.001828524,0.435059592,0.004622466,0.002588581,2024,2,4879650,1.20022571,,,,
,,,7.890584298,0.052151007,0.002823791,0.860762778,0.009857812,0.005520375,2024,2,4362018,1.95759448,,,,
,,,2.187350476,0.014806419,0.0007852,0.218208328,0.002499012,0.001399447,2024,2,16763,0.5246194,,,,
1.760329343,0.01700398,0.000707121,82.35428828,0.426857883,0.025514328,6.946770554,0.088403376,0.049169894,2024,3,4374302,17.9778406,,,,
0.634379002,0.005801417,0.000313,91.6118034,0.503829483,0.025800778,6.546631463,0.100319771,0.056000473,2024,3,4262921,18.77190771,,,,
1.28280631,0.010376116,0.000568637,85.22505584,0.581782609,0.028967382,6.540344807,0.111310922,0.061942314,2024,3,4362628,18.68221078,,,,
80.84140045,0.484654118,0.028199809,38.92687017,0.268553657,0.012986079,4.518885713,0.262322931,0.125915662,2024,3,4430807,20.85239988,,,,
50.49570563,0.550082622,0.022875528,29.2719424,0.191550143,0.011449415,3.742058644,0.148616804,0.072005888,2024,3,4429795,16.09718215,,,,
57.42269549,0.223542254,0.008738896,,,,,0.603454397,0.287196431,2024,3,3916387,19.90419636,242.1162672,1.222984938,0.071537478,0.67901852
77.02814606,0.746979012,0.029201513,12.47482654,0.060563847,0.003542631,1.354513273,0.129733062,0.06059628,2024,3,3043078,15.09778942,,,,
98.93815964,0.674770154,0.0262,14.93349369,0.069278192,0.00453446,1.907625579,0.184171539,0.086215138,2024,3,4242335,17.65297963,,,,
96.50206523,0.564043843,0.025609651,10.4798108,0.054963738,0.003176539,1.627095634,0.207973932,0.097074414,2024,3,4047365,15.90824228,,,,
72.15045321,0.439642516,0.02003868,32.83373677,0.219384324,0.011724664,4.337745709,0.14787797,0.071420325,2024,3,4429160,18.71491779,,,,
,,,49.82373389,0.287281118,0.015636794,5.056674034,0.058159929,0.03256956,2024,3,4432665,11.7304046,,,,
,,,56.22907444,0.289976093,0.027021247,5.754974893,0.078554767,0.043990669,2024,3,4361307,13.08587605,,,,
,,,71.23121599,0.298518877,0.017341944,5.515751832,0.058604326,0.032818423,2024,3,4595348,14.40058174,,,,
48.72521562,0.495720959,0.017567611,,,,,0.571351767,0.271874834,2024,3,4426348,18.14257341,208.5835476,0.962097334,0.070313411,0.771538763
13.15842736,0.202896599,0.0111,,,,,0.4267193,0.20403183,2024,3,3915511,19.24324499,267.0416011,1.895970596,0.094401764,0.684871817
,,,73.42024308,0.446664834,0.024312096,5.803522901,0.070477135,0.039467195,2024,3,16800,15.79708602,,,,
80.63073583,0.581368498,0.032020721,38.93062707,0.198375414,0.009926947,4.701779314,0.187451132,0.089922028,2024,3,4427366,21.24538036,,,,
,,,65.04164047,0.572912874,0.025095853,4.656375926,0.046777728,0.026195528,2024,3,16737,14.59705387,,,,
2.169908352,0.015840961,0.000722023,77.63756489,0.301916495,0.016135472,5.97590706,0.091536114,0.050758712,2024,3,3116406,15.80988528,,,,
,,,79.96970118,0.512049764,0.024167394,5.494947387,0.077132468,0.043194182,2024,3,4258173,16.52819651,,,,
37.69127882,0.646702268,0.026670293,,,,,0.523564746,0.249448511,2024,3,3918298,21.54402982,228.9560117,1.615277921,0.08831386,0.734767551
68.57567196,0.55685531,0.021210344,26.89120747,0.153804103,0.009124409,3.425002587,0.152897357,0.072797595,2024,3,3929630,17.15475932,,,,
1.467308775,0.010833286,0.000596678,71.74558051,0.530683714,0.026556059,5.275775473,0.111149041,0.06168011,2024,3,4569618,15.78004566,,,,
,,,61.16967939,0.475864802,0.023010738,5.219370539,0.085514063,0.047887875,2024,3,4426502,14.14402902,,,,
,,,43.17871612,0.31893175,0.015879845,3.348290106,0.053948032,0.030210898,2024,3,4239993,9.55251211,,,,
51.29286155,0.291773355,0.015742683,27.79289294,0.183316929,0.00938754,3.517455276,0.145116792,0.070177441,2024,3,3042519,14.19031199,,,,
,,,45.87061223,0.382391598,0.022856471,4.564943102,0.026139811,0.014638294,2024,3,4430027,11.46348027,,,,
,,,57.54650594,0.173468126,0.012677652,4.551770043,0.052658492,0.029488756,2024,3,3121422,11.31499919,,,,
80.34605334,0.401217651,0.016546397,23.57424069,0.156328718,0.008547131,2.736018858,0.205496024,0.097274779,2024,3,4379399,16.33438797,,,,
,,,66.40068732,0.487075565,0.026089774,4.784583508,0.073122118,0.040948386,2024,3,4047650,14.31932041,,,,
,,,52.06526167,0.255540429,0.015724163,4.093498369,0.043493021,0.024356092,2024,3,4432773,10.81714925,,,,
6.355734528,0.052385148,0.002047883,70.42697659,0.29519772,0.017267343,5.252677249,0.11380427,0.061887175,2024,3,4429615,14.93430767,,,,
44.60312669,0.19303878,0.01426339,10.34144117,0.070137152,0.003072285,1.438766257,0.095468103,0.045095398,2024,3,4596448,8.45927919,,,,
76.79759331,0.635696358,0.031918987,40.07756467,0.243807317,0.012659938,4.49654846,0.129753096,0.062464806,2024,3,3054850,21.42874055,,,,
87.25743573,0.565509731,0.028393153,27.2374688,0.13866944,0.007510738,3.13283606,0.193960349,0.092128578,2024,3,4430737,18.76042311,,,,
1.754187065,0.016857574,0.000635046,59.56331449,0.227860081,0.015690396,4.445085365,0.09484024,0.052516681,2024,3,4426354,11.97526097,,,,
29.83909507,0.230409728,0.012627026,11.97722846,0.051754508,0.002576895,1.644699275,0.085439664,0.040990037,2024,3,4362238,7.49967626,,,,
2.893426095,0.016598459,0.000881036,76.05346489,0.32721842,0.017211479,5.911183272,0.094399222,0.052171156,2024,3,3915416,15.80310636,,,,
0.03601307,0.003133895,0.000152855,50.38705923,0.412577442,0.013868624,5.006340967,0.051869748,0.028931713,2024,3,15847,12.51446375,,,,
,,,72.74830102,0.51041256,0.047562485,5.110294422,0.05429638,0.030405973,2024,3,4432708,15.48334691,,,,
13.60120864,0.143643331,0.010613623,,,,,0.502505702,0.240241116,2024,3,3052587,17.78568346,238.5314737,1.930078404,0.084545077,0.710482561
,,,61.53933081,0.286626212,0.015352881,5.161085369,0.082956824,0.046455822,2024,3,4430878,12.97475984,,,,
63.46158575,0.405200175,0.014359689,21.49103012,0.091355546,0.00667658,2.841878754,0.215975984,0.102816757,2024,3,4241474,14.15861369,,,,
67.75430005,0.339954782,0.018044583,23.31121893,0.11060634,0.005817822,3.168590554,0.176853353,0.084441485,2024,3,4259545,14.86201902,,,,
24.17877111,0.113879848,0.005554456,,,,,0.463040671,0.221327518,2024,3,3139477,19.99702774,268.2871012,2.006287174,0.067440534,0.788168075
37.73520552,0.591977284,0.022548123,,,,,0.624019738,0.297022603,2024,3,4040715,20.01464944,243.7575894,1.281149865,0.076004053,0.902598498
32.25482593,0.279032686,0.018834534,,,,,0.625413178,0.298495632,2024,3,3917315,18.59314398,236.9059172,1.466989928,0.136700568,0.690655033
,,,49.45847359,0.308863704,0.018066723,3.976847305,0.054331098,0.030425415,2024,3,3116365,10.7525935,,,,
76.52432933,0.534793321,0.026554101,21.10873004,0.076657959,0.004106116,3.010160657,0.08942757,0.042418584,2024,3,4426385,16.42101554,,,,
55.27211497,0.325807327,0.024073488,24.44375516,0.145072781,0.006354762,3.452648916,0.157826822,0.075747366,2024,3,4697815,14.16304235,,,,
60.17415585,0.400078724,0.015071464,8.560207055,0.077844638,0.005360365,1.588187201,0.121423984,0.057028441,2024,3,4241457,11.25917444,,,,
,,,77.86051561,0.417864034,0.024789731,6.018902104,0.094279658,0.052796608,2024,3,4241478,16.25861412,,,,
,,,54.33909126,0.281341822,0.014415877,4.127322387,0.043852398,0.024557343,2024,3,4612826,11.23015751,,,,
14.26325072,0.218954652,0.011813737,,,,,0.845823635,0.404316079,2024,3,3912547,15.50655037,244.0868055,1.401002214,0.071744407,0.99089391
,,,51.39044511,0.318933363,0.017252384,3.969841777,0.079396836,0.044462228,2024,3,3128429,10.97016078,,,,
74.61885708,0.370427336,0.021288391,20.35499936,0.094914555,0.004741341,2.973998851,0.144030317,0.068602455,2024,3,3916148,15.1820944,,,,
5.723507816,0.040791039,0.002394256,99.98619631,0.502336335,0.024503786,7.385095918,0.142119392,0.077952867,2024,3,4241389,21.11647092,,,,
72.390572,0.404807982,0.020068072,22.92127273,0.093380136,0.005207309,3.245769943,0.169226831,0.080639694,2024,3,4569173,15.6598245,,,,
,,,23.26990847,0.108104541,0.005777484,2.136168422,0.029735865,0.016652084,2024,3,3054212,5.09082332,,,,
9.960582813,0.063983752,0.002905096,32.6120567,0.187408578,0.010830972,2.878358799,0.083205783,0.044031378,2024,3,4362249,8.64593505,,,,
61.10293211,0.389972426,0.0232,24.70186164,0.09870597,0.006073672,3.444412018,0.117231765,0.056234911,2024,3,4239996,14.90613529,,,,
1.514292774,0.012784053,0.000734697,57.07105826,0.452012735,0.022579744,3.95753569,0.061260381,0.033947015,2024,3,3925357,12.58520637,,,,
3.850395681,0.041549916,0.001727879,65.27929551,0.383935977,0.022948782,3.92690083,0.089516361,0.049031328,2024,3,4426388,13.34643997,,,,
66.08192495,0.686505306,0.046338684,17.39264068,0.093237446,0.008688275,2.301063965,0.118829224,0.056153666,2024,3,3045147,15.32786163,,,,
65.79060669,0.268913496,0.015166002,18.04431615,0.09406139,0.00481968,2.553844997,0.130557368,0.062088067,2024,3,4241985,13.03442583,,,,
4.429725399,0.081773362,0.003400596,,,,,0.464249242,0.222311054,2024,3,3046779,15.90881728,257.1040693,1.579417009,0.094405575,0.694928237
10.13704689,0.035750294,0.001771251,7.906250815,0.041624546,0.002418107,1.162968462,0.028339626,0.013990091,2024,3,4360516,3.42870033,,,,
,,,43.8421136,0.317434258,0.016912665,3.756815287,0.072429932,0.040560762,2024,3,4241463,10.00025,,,,
35.73169177,0.23552321,0.013824187,17.51863434,0.071227174,0.003474436,2.303140329,0.050664619,0.024286536,2024,3,4038815,9.45603742,,,,
,,,57.36571505,0.265562468,0.011704198,3.688749639,0.073774993,0.041313996,2024,3,3886598,10.96142636,,,,
19.53772686,0.176453714,0.005410634,2.160933748,0.01017422,0.000448411,0.243735354,0.037107043,0.017269151,2024,3,4372561,3.58276992,,,,
16.43094303,0.146012102,0.008693402,,,,,0.538821918,0.257688,2024,3,4426338,13.42312527,213.3268746,1.174251726,0.063519984,0.984697151
10.94734548,0.175776534,0.005389869,,,,,0.395792717,0.189310152,2024,3,4361741,18.95221806,301.0813357,1.543108223,0.068009777,0.595740499
1.704537828,0.018106024,0.000876116,37.606004,0.214628353,0.011682283,3.748255581,0.057554664,0.031659227,2024,3,3916433,9.093299,1.003087684,0.005812671,0.000354974,0.004908753
2.106800997,0.017783414,0.000811,51.22558647,0.172733712,0.009231493,4.557138903,0.065851479,0.036411649,2024,3,4372016,10.98248209,,,,
14.00786962,0.083615827,0.004715709,,,,,0.390537556,0.186616014,2024,3,4038941,13.87674367,217.8296369,1.190299106,0.060990597,0.634310371
1.627838569,0.015931421,0.000926977,50.37896666,0.374845918,0.018125907,3.414371569,0.056832764,0.031398392,2024,3,4040655,10.93652511,,,,
4.337658351,0.038601231,0.001882764,49.2456414,0.383184395,0.012880589,3.798203873,0.047614121,0.02593805,2024,3,4683062,11.66615821,,,,
,,,63.25721543,0.261539616,0.017118532,5.531152987,0.104067685,0.058277904,2024,3,4035687,13.34654148,,,,
,,,34.46530189,0.226475724,0.011313318,2.829427089,0.042471089,0.02378381,2024,3,15795,7.61099264,,,,
1.716477375,0.014729226,0.00060744,44.30379959,0.25946749,0.01418615,3.536656115,0.073296097,0.040489059,2024,3,4373678,9.73441117,,,,
,,,43.29029803,0.273385374,0.014947098,4.404786382,0.051232368,0.028690126,2024,3,4385690,10.34799237,,,,
63.54605967,0.288944708,0.015207694,17.56927425,0.049881623,0.00271503,2.595640547,0.118717319,0.056437018,2024,3,4241416,12.66623534,,,,
10.31258508,0.116635596,0.007261772,,,,,0.513783382,0.24590383,2024,3,4432577,18.19544103,268.6248053,1.768359235,0.083461878,0.528629923
,,,45.47575362,0.278311259,0.013457914,3.346156908,0.019160788,0.010730042,2024,3,4360248,9.56956137,,,,
35.20297835,0.191025597,0.007196172,16.66052025,0.07377784,0.005080326,2.738531178,0.127126175,0.061904033,2024,3,4569987,9.46690064,,,,
54.10779708,0.281721082,0.016773368,18.55444456,0.097579924,0.005278489,3.109600116,0.114717753,0.054981216,2024,3,4361579,12.5888016,,,,
52.41020873,0.642666112,0.02672567,12.04379919,0.044961091,0.002687433,1.589646097,0.112003512,0.05270558,2024,3,4035538,12.11718315,,,,
,,,52.34925316,0.431180052,0.022972957,4.103572662,0.071896284,0.040261919,2024,3,2976499,11.89289637,,,,
,,,27.66686592,0.215216725,0.015728785,3.127675071,0.028448792,0.015931323,2024,3,15835,7.18600694,,,,
,,,43.99585209,0.302837058,0.014772283,4.368119615,0.025012759,0.014007145,2024,3,4242355,10.58691745,,,,
,,,38.26808582,0.15588044,0.008484489,3.938551677,0.067488457,0.037793536,2024,3,16460,8.64380681,,,,
10.06250182,0.059012203,0.00367412,52.71579105,0.333063912,0.015719736,3.525843674,0.102110543,0.053833324,2024,3,4366031,12.08994472,,,,
1.944413658,0.015649658,0.000785786,74.36014451,0.514803178,0.026731668,4.982199217,0.072924194,0.040430298,2024,3,4361370,15.77147236,,,,
,,,27.20866662,0.118124556,0.007731597,2.424120203,0.038964152,0.021819925,2024,3,4688813,5.83865414,,,,
,,,34.30725231,0.285106014,0.015898833,3.328722704,0.034706358,0.01943556,2024,3,3046439,8.46392857,,,,
,,,49.5976632,0.256279696,0.013480147,4.046714524,0.042995948,0.024077731,2024,3,4431299,10.52409785,,,,
,,,19.59304247,0.147736672,0.008538199,2.152428703,0.024650506,0.013804284,2024,3,4572680,4.98826881,,,,
,,,26.02273569,0.281284239,0.012321364,2.422047722,0.028797492,0.016126596,2024,3,4243331,6.70517826,,,,
,,,31.28934403,0.213607217,0.014708947,3.507741157,0.040953674,0.022934058,2024,3,4361411,7.90294864,,,,
63.15061423,0.381262071,0.018830138,18.40320547,0.0957005,0.005098853,2.734582009,0.103311779,0.04920248,2024,3,4372019,13.70392243,,,,
32.23851462,0.164759969,0.009468725,23.52609587,0.097872004,0.004889076,3.075443947,0.075249147,0.036935969,2024,3,4428557,10.1917711,,,,
31.1307237,0.246514614,0.011928367,13.36293404,0.091601267,0.004985883,1.923195524,0.088238217,0.04237495,2024,3,4048244,8.35266318,,,,
,,,51.52262576,0.26066412,0.013356357,3.754493408,0.075089868,0.042050326,2024,3,4429025,10.41533277,,,,
1.013350954,0.008308486,0.000377236,27.66761138,0.317312098,0.018338533,2.024779851,0.035120988,0.019410189,2024,3,4248528,6.84614075,,,,
39.11313933,0.394291708,0.015295128,,,,,0.788881013,0.375613638,2024,3,4429084,16.82993327,203.9929881,1.124053157,0.073572562,0.775195582
,,,48.9578924,0.190627165,0.011308932,4.450824576,0.04282722,0.023983243,2024,3,3121023,10.46615618,,,,
5.378227871,0.083253142,0.00459,,,,,0.391313057,0.187394452,2024,3,8439,15.5243624,233.1863978,1.663134976,0.083225299,0.652068374
,,,39.41582699,0.20052336,0.010740857,3.589268849,0.045736549,0.025612468,2024,3,2577327,8.70545449,,,,
27.17633537,0.274975607,0.009744725,21.40804625,0.110846136,0.00810102,2.888469706,0.120428824,0.05915544,2024,3,3068267,10.06862403,,,,
,,,43.36200325,0.311094498,0.01700881,3.060706173,0.032519705,0.018211035,2024,3,4635008,9.26192704,,,,
,,,32.3434981,0.272924102,0.011955156,2.52865333,0.026866695,0.015045349,2024,3,4430834,7.39507537,,,,
69.81575634,0.267622028,0.013259356,16.14504891,0.033543731,0.001948666,2.526057642,0.148241458,0.070340001,2024,3,4040761,12.82278076,,,,
41.23275506,0.269755924,0.015213513,3.450417112,0.013106719,0.000671585,0.459625601,0.117398676,0.054494322,2024,3,3051926,6.55100223,,,,
20.14029801,0.1553682,0.0077145,,,,,0.471649123,0.225400914,2024,3,15864,16.51182075,240.2798581,1.370186402,0.073392828,0.625125506
22.64473474,0.197065203,0.010460095,,,,,0.556367646,0.265857793,2024,3,4431611,15.76894573,239.6813088,1.172923464,0.061695021,0.792079909
,,,32.92920156,0.267953873,0.012646714,3.279079395,0.039294331,0.022004826,2024,3,3117256,8.16204457,,,,
28.77429464,0.177080073,0.010536398,3.221920523,0.016896306,0.00103968,0.518642841,0.110556988,0.051616383,2024,3,4429013,4.80495802,,,,
6.238912196,0.102267592,0.00595,,,,,0.586532057,0.280875699,2024,3,14880,16.09653136,243.3378111,1.715580756,0.082957972,0.684172715
,,,27.60997244,0.233132178,0.013473492,2.63609046,0.052721809,0.029524213,2024,3,4361432,6.76517133,,,,
,,,58.48818115,0.251383868,0.01368269,4.453622407,0.089072448,0.049880571,2024,3,3932905,11.74069997,,,,
3.077811912,0.014148692,0.000700998,39.21146969,0.056201316,0.003264919,4.24875974,0.075661461,0.041633526,2024,3,4569587,8.82645073,,,,
1.583075628,0.015646217,0.001156079,63.86121268,0.456596035,0.020000714,5.720887075,0.078640036,0.043694594,2024,3,3116165,15.05576982,,,,
3.557478512,0.057187602,0.002871279,,,,,0.339961054,0.162937796,2024,3,12483,14.96395375,285.97434,1.179584596,0.063889718,0.854439049
1.426161111,0.010127573,0.000630546,55.35504388,0.385223848,0.018181547,4.478565216,0.093542068,0.051896915,2024,3,2976212,12.4650966,,,,
33.29899851,0.228109072,0.013272625,7.585583558,0.036840117,0.001781427,1.038755234,0.037577406,0.017727969,2024,3,4373626,6.71255074,,,,
,,,21.4815917,0.11854939,0.00592199,1.954628306,0.017908171,0.010028576,2024,3,4360635,4.80634344,,,,
4.69737469,0.030460703,0.001473935,1.730128723,0.008633681,0.000469934,0.241889161,0.009810748,0.004692047,2024,3,2576336,1.16460798,,,,
,,,91.1063189,0.48062998,0.02118292,5.528463877,0.090381942,0.050613887,2024,3,4360438,17.46640171,,,,
,,,28.97702837,0.156864442,0.008250969,3.299761514,0.041016645,0.022969321,2024,3,4258595,7.1102943,,,,
0.674757194,0.005519191,0.000269197,77.6214046,0.587569393,0.019750908,6.739707375,0.137071368,0.076532244,2024,3,4428331,18.01844878,,,,
66.03544589,0.577224801,0.031633354,15.48842711,0.075835005,0.00377588,2.08956527,0.098511148,0.04653434,2024,3,4035676,14.14065919,,,,
,,,29.11121068,0.25841931,0.012866887,2.761751379,0.02557797,0.014323663,2024,3,3116164,7.22115275,,,,
11.32529048,0.10946079,0.006424872,,,,,0.471439002,0.225591861,2024,3,2577417,17.36889361,284.0263666,1.577710934,0.076960173,0.910152471
,,,50.34204487,0.201982302,0.012428572,4.572427658,0.091448553,0.05121119,2024,3,3895856,10.74337272,,,,
30.70630824,0.220079291,0.012121568,10.61659262,0.063983274,0.003201801,1.489331775,0.074593591,0.035534597,2024,3,4685247,7.28754279,,,,
,,,2.195951101,0.015181523,0.000758374,0.184569363,0.003351199,0.001876672,2024,3,3929785,0.49310522,,,,
9.606710706,0.049231011,0.002471794,,,,,0.01749118,0.008045943,2024,3,4429096,1.28787856,,,,
,,,36.5916301,0.119663774,0.006513236,2.795747458,0.029704544,0.016634545,2024,3,4430034,7.1609276,,,,
,,,37.08762927,0.253280574,0.014815435,2.885347508,0.026435357,0.0148038,2024,3,4361050,8.11451315,,,,
,,,13.57593244,0.102071191,0.005438278,1.167263778,0.023345276,0.013073354,2024,3,4369863,3.12263202,,,,
70.24137723,0.422361037,0.020437237,15.10485426,0.05846151,0.003182077,2.217256822,0.150391511,0.070986081,2024,3,4361777,13.54605372,,,,
1.598572879,0.007905691,0.000391919,34.82550265,0.128685387,0.007176094,2.853165556,0.062354821,0.034389549,2024,3,4427095,7.2631205,,,,
34.33361896,0.326662172,0.0192,14.92999523,0.088973329,0.004340087,2.1865456,0.101329427,0.04845476,2024,3,3051392,9.55956668,,,,
102.3523378,0.907548875,0.027828343,12.9746312,0.04603539,0.002028929,1.471885421,0.155857456,0.072697333,2024,3,4360569,18.64452379,,,,
,,,31.68894002,0.240812983,0.012050575,2.528039415,0.035555187,0.019910905,2024,3,3045138,7.12702666,,,,
,,,35.44683722,0.119869619,0.007011673,2.441902585,0.044233452,0.024770733,2024,3,4360939,6.6714559,,,,
,,,14.47898959,0.067187046,0.003442646,1.623680661,0.021067854,0.011797998,2024,3,3127292,3.45854739,,,,
9.332591229,0.061627399,0.002409189,16.22813886,0.071779662,0.004198691,1.986785414,0.03583316,0.018255492,2024,3,4038441,5.32095356,,,,
1.987223131,0.016065505,0.000806666,58.56317901,0.424359693,0.0220353,4.128590048,0.088465644,0.048951376,2024,3,4032473,12.90114052,,,,
32.46610715,0.150290753,0.007450559,9.731103293,0.0514734,0.002870395,1.446597646,0.126809745,0.060344073,2024,3,4360294,6.78020537,,,,
19.98617256,0.142095531,0.005860084,5.103301897,0.033394456,0.001825812,0.680631231,0.046119595,0.021773265,2024,3,4429501,4.25140309,,,,
33.45184356,0.171564704,0.010214777,12.72961418,0.045568331,0.002464974,2.08212204,0.040560954,0.019544727,2024,3,4722893,7.99040407,,,,
24.98362467,0.197030865,0.013299462,7.037422576,0.041439858,0.003861548,0.957122287,0.060417831,0.028577231,2024,3,4429275,5.56881491,,,,
,,,28.3282821,0.198779149,0.009947151,2.88622749,0.032941701,0.018447353,2024,3,3915486,6.89560019,,,,
,,,10.46508462,0.07183563,0.003927548,0.628746591,0.010950432,0.006132242,2024,3,3051738,2.10214865,,,,
1.638872313,0.014812893,0.000731593,35.39599739,0.24884031,0.013258029,3.209775521,0.069831971,0.038542258,2024,3,4372414,8.44791844,,,,
2.619945126,0.019642122,0.001152907,36.53946835,0.220898517,0.01077535,3.246796838,0.051959638,0.028428542,2024,3,16731,8.57435545,,,,
,,,27.9372822,0.327476013,0.017004519,2.373921809,0.02174971,0.012179838,2024,3,3929645,7.14272967,,,,
40.14374859,0.260217304,0.014040071,8.882277245,0.039893679,0.002042929,1.255624065,0.046784344,0.022055516,2024,3,4242431,8.00508934,,,,
,,,32.64988646,0.211400145,0.01300808,3.413735472,0.039095515,0.021893488,2024,3,4430539,7.93038617,,,,
1.365475794,0.008294978,0.000493874,14.39248282,0.052902174,0.002861691,1.163603874,0.027923579,0.015172054,2024,3,4686472,3.3393581,,,,
20.10250494,0.168373775,0.01,,,,,0.620558689,0.296714105,2024,3,4360310,15.56912506,235.8817254,1.226338232,0.075460243,0.692931152
1.876937142,0.014025334,0.00081607,35.48254105,0.242467143,0.011724649,3.075194692,0.067064731,0.037000166,2024,3,3728262,8.34369704,,,,
,,,51.63757672,0.330943346,0.020363929,3.597228982,0.067905492,0.038027075,2024,3,4243537,10.71311444,,,,
14.34166125,0.104660828,0.006014838,,,,,0.716932132,0.342925074,2024,3,4361418,13.93521074,218.8352715,1.30145104,0.065012398,0.780619848
54.36835471,0.431333779,0.026854988,13.59408357,0.073855168,0.003485769,1.786748985,0.114616436,0.053962203,2024,3,4240021,11.5699076,,,,
,,,14.14763239,0.11276573,0.003790575,1.531602582,0.014032438,0.007858166,2024,3,4240472,3.61519522,,,,
,,,56.31262444,0.241741801,0.013093436,4.149005562,0.082980111,0.046468862,2024,3,3043116,11.16615796,,,,
6.805258324,0.075869693,0.003809498,,,,,0.482671116,0.23114805,2024,3,16757,17.41115338,253.2083553,1.977360074,0.102676394,0.762880402
,,,32.79194067,0.207901324,0.013607749,2.239236844,0.04212732,0.023591299,2024,3,4360078,6.74698176,,,,
,,,37.18440193,0.316155557,0.015820809,2.901809044,0.040812008,0.022854724,2024,3,3128390,8.50419475,,,,
,,,24.20831387,0.164686714,0.008821299,2.593465235,0.023830225,0.013344926,2024,3,4036131,5.99399965,,,,
3.02890195,0.028496863,0.001175223,21.09918728,0.187961895,0.010276647,2.018503653,0.030312533,0.016297109,2024,3,3121427,5.72117265,,,,
,,,22.41156913,0.125995628,0.007281711,2.067818224,0.041356364,0.023159564,2024,3,4428850,5.0342852,,,,
53.19714035,0.302325062,0.011388962,,,,,0.723782318,0.3438413,2024,3,4362887,15.72259113,173.4083632,0.896212075,0.061712969,0.704928683
,,,11.29527241,0.125323344,0.006851941,0.995140614,0.010963156,0.006139367,2024,3,3930086,2.87832227,,,,
,,,34.78147099,0.232470212,0.021662596,2.754761752,0.055095235,0.030853332,2024,3,4360761,7.61080065,,,,
,,,40.33396856,0.203292309,0.009916526,3.184681148,0.063693623,0.035668429,2024,3,4249417,8.38800805,,,,
1.73232494,0.011506581,0.000556781,16.75652344,0.080795887,0.004397743,1.334482406,0.032105218,0.017437365,2024,3,4428718,3.77341531,,,,
4.917894148,0.024766956,0.001314614,1.807340272,0.009721671,0.000511354,0.270579443,0.012396035,0.005935048,2024,3,4426386,1.14214349,,,,
3.951167834,0.033767281,0.001286179,3.390385881,0.012690635,0.00075287,0.47570035,0.01990163,0.009800642,2024,3,4371733,1.52400975,,,,
21.99565201,0.110474411,0.005863911,3.421592755,0.015245539,0.000801906,0.527066459,0.036695248,0.017251321,2024,3,4035886,3.80290563,,,,
,,,38.1998799,0.216569111,0.01173001,3.452165752,0.031628507,0.017711964,2024,3,4242557,8.5604385,,,,
23.97638177,0.196261263,0.00969314,,,,,0.59203769,0.282798581,2024,3,3122840,15.79431441,201.2811598,1.520139791,0.080991934,0.772034945
,,,24.85034054,0.160596762,0.010511527,1.844696887,0.019599725,0.010975846,2024,3,4597500,5.29290007,,,,
,,,36.14482783,0.112062874,0.006510101,2.682547494,0.04100576,0.022963226,2024,3,3916945,6.99793421,,,,
1.599712865,0.008994046,0.000445874,30.78467164,0.148842025,0.008300122,2.75778349,0.03211227,0.017701762,2024,3,4430637,6.92617283,,,,
38.21499681,0.170993551,0.00847189,,,,,0.695338679,0.331521453,2024,3,3917792,14.10683087,211.6718511,0.734228872,0.04265377,0.800994034
9.748875399,0.054991296,0.002133189,2.864549218,0.012747985,0.000834393,0.429827766,0.019037806,0.009050264,2024,3,4241401,2.08594335,,,,
,,,6.37719882,0.022530889,0.001646636,0.567315576,0.00949851,0.005319166,2024,3,3121409,1.33312653,,,,
17.73531408,0.090989247,0.004147243,4.569882902,0.027268744,0.001457337,0.726225798,0.038155212,0.018147045,2024,3,4682745,3.64221651,,,,
45.2693501,0.169842809,0.008939141,11.15165566,0.016149857,0.000879028,1.684155346,0.111989402,0.053224518,2024,3,4045163,8.35835722,,,,
,,,10.04739176,0.078787541,0.003843228,1.045428833,0.011972685,0.006704703,2024,3,4372096,2.51748651,,,,
51.28782748,0.402520721,0.019632831,11.36201729,0.074558732,0.002506262,1.651832861,0.112540021,0.053123237,2024,3,4714365,10.76064544,,,,
,,,7.0523701,0.048722752,0.001637796,0.716519538,0.014330391,0.008025019,2024,3,3120348,1.70169721,,,,
26.23286216,0.183863502,0.008967889,23.16249626,0.115534266,0.003883638,3.247195842,0.114594556,0.056673938,2024,3,3116389,9.89849747,,,,
,,,16.25481687,0.066959524,0.004893634,1.477942662,0.024854009,0.013918245,2024,3,3917914,3.54813922,,,,
,,,7.704523222,0.052846285,0.00315875,0.649163992,0.009130058,0.005112833,2024,3,3134353,1.73302706,,,,
1.781480556,0.015923013,0.00059984,16.136444,0.051965553,0.003578337,1.366404666,0.033266626,0.018035457,2024,3,4243389,3.58697231,,,,
,,,8.603651059,0.038410623,0.00236352,0.839160842,0.016783217,0.009398601,2024,3,4432620,1.97570034,,,,
,,,34.24490759,0.244036952,0.012150778,2.706376243,0.054127525,0.030311414,2024,3,4368003,7.56019544,,,,
48.09991985,0.458098813,0.023001626,6.402933417,0.027489514,0.00142742,1.0049093,0.089702272,0.042020004,2024,3,2980453,9.35182639,,,,
2.927010095,0.020868078,0.001047746,40.26733216,0.120366986,0.006519425,2.624086272,0.058401111,0.031811255,2024,3,4360797,7.74398471,,,,
4.800043265,0.035905399,0.001480755,9.927233639,0.041207075,0.00225296,0.983784918,0.024666322,0.012476914,2024,3,3915411,2.90235505,,,,
,,,37.64028737,0.158139082,0.007899645,3.544436888,0.046187651,0.025865085,2024,3,3045144,8.22258724,,,,
,,,25.26025665,0.126681422,0.00735934,2.49023497,0.028641729,0.016039368,2024,3,4429148,5.75974511,,,,
24.4858776,0.133024852,0.006039814,6.68672753,0.038445435,0.002221891,1.078670434,0.058320045,0.027745942,2024,3,4887558,5.1873262,,,,
,,,2.189778238,0.020719499,0.000907596,0.217140841,0.002486787,0.001392601,2024,3,4372505,0.55953105,,,,
53.32593575,0.379556426,0.018745898,8.105058387,0.041537603,0.002213093,1.169542955,0.108467496,0.050870416,2024,3,3125116,9.78224569,,,,
,,,12.97095414,0.084487967,0.004598704,1.313620976,0.015044132,0.008424714,2024,3,4429086,3.11038937,,,,
,,,33.7415027,0.220552085,0.013084224,2.573997767,0.041373212,0.023168999,2024,3,4361409,7.252383,,,,
,,,17.32223084,0.166460935,0.00864365,1.46138138,0.019544271,0.010944792,2024,3,3843945,4.18828379,,,,
,,,1.036253025,0.006512347,0.000333691,0.100531228,0.001151325,0.000644742,2024,3,4250764,0.24263893,,,,
,,,11.19094527,0.079302565,0.004704615,1.086721307,0.012445583,0.006969527,2024,3,4241374,2.6774302,,,,
,,,6.489525891,0.020428392,0.001186752,0.557467829,0.011149357,0.00624364,2024,3,4692590,1.31917159,,,,
2.866741251,0.01969146,0.001155803,5.444727631,0.030186845,0.001472503,0.457832017,0.018750567,0.009540925,2024,3,3676833,1.70320561,,,,
,,,7.478128781,0.049484754,0.00285989,0.815260374,0.0093367,0.005228552,2024,3,4428085,1.85549105,,,,
,,,24.03238626,0.187847722,0.009625265,2.811338527,0.039490426,0.022114638,2024,3,3924365,6.31772874,,,,
,,,15.60781787,0.061445365,0.003426478,1.656378667,0.013278675,0.007436058,2024,3,3043275,3.57816388,,,,
,,,20.91017065,0.091823847,0.006710805,1.962328793,0.020849552,0.011675749,2024,3,4426948,4.59490925,,,,
5.100774869,0.054720474,0.00168,27.54601125,0.137549945,0.006062272,2.95998106,0.032240295,0.017157302,2024,3,16002,7.36030413,,,,
,,,21.76652282,0.216352994,0.011527129,2.324702179,0.032492258,0.018195665,2024,3,3128452,5.78699335,,,,
,,,2.227531827,0.016215322,0.000868559,0.22320444,0.002567212,0.001437639,2024,3,4576297,0.54217919,,,,
19.76713028,0.145844587,0.007241624,8.8409794,0.051421084,0.002754325,1.226998693,0.051008018,0.024508743,2024,3,4427391,5.2437221,,,,
,,,43.3412462,0.162989911,0.008828006,3.144812209,0.033413323,0.018711461,2024,3,4569382,8.48049911,,,,
,,,14.28741215,0.110431723,0.004837347,1.098760698,0.021975214,0.01230612,2024,3,4426407,3.23608785,,,,
,,,4.404973751,0.021084976,0.001380073,0.654389277,0.005573539,0.003121182,2024,3,4429676,1.21806129,,,,
,,,8.910899028,0.043409933,0.002348217,0.778534769,0.008271856,0.004632239,2024,3,4431280,1.92573463,,,,
8.427870395,0.128039497,0.006195585,,,,,0.566920754,0.271305333,2024,3,4038524,14.06628035,224.0829935,1.298511233,0.070639753,0.664054176
,,,38.6732631,0.196469987,0.010061099,2.892794891,0.057855898,0.032399303,2024,3,4382466,7.89579472,,,,
,,,2.440751287,0.005705139,0.000310528,0.192041633,0.003840833,0.002150866,2024,3,4212909,0.46676832,,,,
,,,1.932214423,0.009974231,0.000728951,0.212450948,0.002443529,0.001368377,2024,3,4690923,0.46430372,,,,
,,,55.07132317,0.191339494,0.010363501,3.990966352,0.064148889,0.035923378,2024,3,2310331,10.59670788,,,,
5.087701425,0.044686446,0.001683394,1.328266195,0.011791098,0.000811932,0.194874588,0.013624361,0.006459241,2024,3,15807,1.20452945,,,,
7.563599966,0.058861099,0.003097968,,,,,0.364077401,0.17437337,2024,3,14012,11.84569388,229.9924754,0.859006229,0.046755252,0.830058169
,,,37.89539412,0.288080736,0.015583442,3.226812312,0.060124744,0.033669856,2024,3,3115306,8.71025331,,,,
,,,13.65284277,0.05839784,0.003178563,1.379744557,0.015869294,0.008886804,2024,3,4431588,3.08441819,,,,
,,,4.809564447,0.0413092,0.002469151,0.479210746,0.00548812,0.003073347,2024,3,4242392,1.2069586,,,,
25.56921081,0.177371085,0.011043184,16.73390804,0.073006168,0.003445698,2.185928527,0.076766435,0.037214698,2024,3,2983509,7.8750803,,,,
1.695370848,0.012353312,0.00051372,7.824896629,0.044557728,0.002663323,0.732651915,0.020142211,0.010730721,2024,3,2973405,2.0798293,,,,
,,,30.70518005,0.171540472,0.015984895,2.830136823,0.056602736,0.031697532,2024,3,4037235,6.94824874,,,,
1.573399626,0.008839073,0.000465217,32.0183187,0.05971319,0.003250157,2.350345581,0.05192767,0.028587419,2024,3,4426485,6.0724549,,,,
,,,27.97475423,0.177283294,0.009078561,2.991370328,0.034258414,0.019184712,2024,3,3052096,6.83323921,,,,
,,,9.798634034,0.092633836,0.004810104,0.797835719,0.008476927,0.004747079,2024,3,4573697,2.33385199,,,,
,,,16.5355903,0.15527944,0.008489763,1.222313131,0.020246801,0.011338209,2024,3,2991662,3.80238651,,,,
5.092318748,0.021712278,0.001075737,1.55294993,0.006277204,0.000364663,0.237177731,0.011781835,0.005621652,2024,3,4570561,1.12560788,,,,
,,,7.982616481,0.057990515,0.00288739,0.665004845,0.007065612,0.003956743,2024,3,4429033,1.80925748,,,,
,,,25.21838792,0.125541422,0.008644755,1.834687409,0.029942047,0.016767546,2024,3,3930066,5.09432115,,,,
,,,14.75327969,0.110187261,0.005486304,1.477013971,0.016988049,0.009513308,2024,3,4427834,3.6058597,,,,
,,,14.84869478,0.074571441,0.004361994,1.072380326,0.021447607,0.01201066,2024,3,2971618,2.98994752,,,,
,,,25.9154445,0.196879853,0.006618037,1.818210206,0.034206441,0.019155607,2024,3,3118892,5.56686463,,,,
19.37735057,0.105374654,0.004784394,,,,,0.638223064,0.304678357,2024,3,4242512,11.55407439,155.9785625,1.166826359,0.067434818,0.737149118
,,,2.229600135,0.01409938,0.00070555,0.222651661,0.002365652,0.001324765,2024,3,4613104,0.52903192,,,,
3.257998932,0.024924251,0.001682372,4.994955605,0.023156466,0.002157821,0.710806395,0.01030201,0.005223249,2024,3,4362478,1.82209184,,,,
4.949534318,0.01864504,0.00105153,17.35434425,0.094487833,0.00484153,1.557516511,0.04777919,0.025093461,2024,3,4362477,4.61573722,,,,
2.619402304,0.018491598,0.001085376,2.03803749,0.008533633,0.000416268,0.289796361,0.008596719,0.004201315,2024,3,4431453,0.91251918,,,,
,,,11.33372109,0.090044548,0.004611122,1.085162632,0.018623487,0.010429153,2024,3,3921690,2.74765737,,,,
,,,24.91108674,0.116623989,0.006308659,2.277411461,0.045548229,0.025507008,2024,3,4039057,5.43106737,,,,
,,,9.661421361,0.086728987,0.005972139,1.0785326,0.012351803,0.00691701,2024,3,4430802,2.56348472,,,,
18.03912411,0.114780278,0.005690152,,,,,0.542833435,0.259420773,2024,3,2578570,13.27164124,205.8099239,1.030168126,0.057446952,0.597897481
,,,31.30484793,0.159047247,0.011623725,2.168718008,0.04337436,0.024289642,2024,3,4361577,6.22930045,,,,
,,,1.945147397,0.011007104,0.000657921,0.255323037,0.002094151,0.001172724,2024,3,4912274,0.51490605,,,,
,,,2.254599331,0.015534015,0.000777341,0.198253544,0.003965071,0.00222044,2024,3,4427278,0.67362259,,,,
,,,6.983009089,0.039910681,0.00213778,0.615101817,0.012302036,0.00688914,2024,3,4360405,1.54368869,,,,
,,,19.73178711,0.119900367,0.006306682,2.243908583,0.044878172,0.025131776,2024,3,3918639,4.90002409,,,,
,,,12.46549233,0.128705591,0.006683166,0.99457764,0.019891553,0.01113927,2024,3,4036335,3.01462968,,,,
,,,17.54162744,0.132143486,0.0071925,1.680606571,0.0205687,0.011518472,2024,3,4372780,4.21952129,,,,
0.957815178,0.005501841,0.000249804,1.439643245,0.012347279,0.000713591,0.147520839,0.006155243,0.003126453,2024,3,4259305,0.49019789,,,,
,,,31.50195091,0.132629665,0.00717447,2.879684729,0.032979344,0.018468433,2024,3,4367209,6.80393988,,,,
,,,5.162651131,0.031788882,0.001500351,0.379603935,0.007592079,0.004251564,2024,3,4686422,1.08130031,,,,
8.330329357,0.047037474,0.002143944,5.950306427,0.034988116,0.001869887,0.903116855,0.021216075,0.010456011,2024,3,3122976,2.81101001,,,,
,,,3.70968602,0.017455516,0.001014048,0.467870852,0.005872604,0.003288658,2024,3,4361516,0.93917813,,,,
,,,12.03638526,0.073056861,0.004334089,0.972568785,0.010333449,0.005786731,2024,3,4686104,2.61191619,,,,
2.817967063,0.016200385,0.000963935,,,,,0.008908316,0.004097825,2024,3,4039050,0.46223496,,,,
,,,2.437232715,0.015644104,0.00073836,0.20112621,0.003301326,0.001848743,2024,3,15880,0.61164633,,,,
,,,12.61423518,0.072056881,0.003850971,1.477492214,0.029549844,0.016547913,2024,3,3123075,3.27308457,,,,
,,,29.84091482,0.194237226,0.008560664,2.40452958,0.02753767,0.015421095,2024,3,2975863,6.54104956,,,,
,,,9.727192139,0.075773515,0.003576309,0.923667635,0.010623672,0.005949256,2024,3,4426496,2.34656224,,,,
,,,15.20866049,0.09830069,0.006434067,1.498157863,0.017775096,0.009954054,2024,3,4039160,3.60225728,,,,
0.898241581,0.006819114,0.000400252,2.043051023,0.008519868,0.000415596,0.290504908,0.004517103,0.002325295,2024,3,4383396,0.67376857,,,,
,,,30.92270616,0.139283752,0.007767108,2.942589276,0.058851786,0.032957,2024,3,3916566,6.82173662,,,,
,,,6.102246863,0.045664643,0.002470184,0.644517,0.007458074,0.004176521,2024,3,3911853,1.52551367,,,,
,,,5.17386684,0.040077143,0.001347177,0.45448646,0.009089729,0.005090248,2024,3,4430191,1.20508986,,,,
0.472253054,0.003783599,0.000204145,3.245663321,0.011881125,0.000608425,0.510326767,0.005783351,0.00312957,2024,3,4012556,0.97162515,,,,
,,,2.316372925,0.012574601,0.000735541,0.181107287,0.003622146,0.002028402,2024,3,4241424,0.48570186,,,,
3.099386985,0.01781229,0.001023669,7.277425253,0.031055012,0.001551315,0.557364231,0.016873753,0.008657807,2024,3,4567156,1.87652882,,,,
1.279246409,0.007533418,0.000406467,22.85396689,0.12304768,0.006301191,2.061377564,0.045974028,0.025270808,2024,3,3115255,5.31235512,,,,
11.81923567,0.061364222,0.003080979,6.354077713,0.01922709,0.001041395,0.830883347,0.023421137,0.011339865,2024,3,4243003,3.11794558,,,,
1.660559938,0.012560814,0.000607794,2.289836178,0.011056174,0.000601791,0.185757463,0.009130719,0.004571646,2024,3,4036211,0.71601608,,,,
,,,25.32504027,0.12602735,0.006628958,2.247743561,0.044954871,0.025174728,2024,3,2580216,5.63205935,,,,
,,,10.20777408,0.08471149,0.004239066,1.108551528,0.012695592,0.007109531,2024,3,4361372,2.63219235,,,,
,,,8.723376369,0.094690745,0.006197786,0.687916878,0.010471841,0.005864231,2024,3,2998565,2.12934269,,,,
,,,9.273335337,0.046830929,0.002063991,0.614269183,0.00652655,0.003654868,2024,3,4575665,1.87993168,,,,
3.963345084,0.027208111,0.001240132,2.948307511,0.013396172,0.000715938,0.469939213,0.009495894,0.004688315,2024,3,3917668,1.39951648,,,,
,,,4.990457889,0.02709524,0.001865772,0.536572295,0.006145048,0.003441227,2024,3,4241961,1.19520061,,,,
,,,10.81038196,0.088007762,0.00820095,1.089587663,0.01247841,0.00698791,2024,3,4426844,2.70142791,,,,
,,,8.533680379,0.043974392,0.002145055,0.65669022,0.013133804,0.00735493,2024,3,4692835,1.76383166,,,,
,,,1.68744122,0.010195802,0.000596395,0.213363039,0.002229664,0.001248612,2024,3,2975417,0.4420364,,,,
,,,11.45617301,0.051059638,0.002685704,1.069954687,0.021399094,0.011983492,2024,3,4565908,2.50389944,,,,
,,,29.68875484,0.133252418,0.007905183,2.350047008,0.04700094,0.026320526,2024,3,3926231,6.13113067,,,,
,,,5.293152984,0.028969654,0.00154824,0.694445733,0.005567156,0.003117608,2024,3,3052897,1.39458722,,,,
,,,13.22034489,0.074014919,0.003792504,1.159327153,0.012317738,0.006897933,2024,3,4686781,2.9195655,,,,
,,,15.77713662,0.13208426,0.006576572,1.275159675,0.025503193,0.014281788,2024,3,3931391,3.63064047,,,,
4.86994415,0.024696525,0.001470404,1.678460994,0.008779628,0.000474925,0.253132503,0.012060367,0.005763366,2024,3,4362748,1.10151246,,,,
,,,9.303022503,0.064948427,0.00323383,1.015548493,0.011811913,0.006614671,2024,3,3127310,2.32909162,,,,
10.55979702,0.074242279,0.003383925,,,,,0.507125506,0.242687974,2024,3,4036419,12.45495385,222.1457981,1.025656004,0.054814639,0.839668322
,,,35.6003001,0.143095262,0.006306672,2.158921879,0.041249116,0.023099505,2024,3,2578533,6.5450238,,,,
5.780214163,0.040014706,0.001986851,4.953147587,0.025685351,0.001375813,0.448936327,0.025544199,0.012511231,2024,3,4243160,1.96695753,,,,
,,,9.419668988,0.061087768,0.003128265,0.67675609,0.010877855,0.006091599,2024,3,3122168,1.97961033,,,,
,,,2.140876245,0.016087969,0.000941052,0.199145615,0.002280698,0.001277191,2024,3,4241263,0.50914878,,,,
,,,4.602301164,0.021384155,0.001145423,0.44924441,0.006923724,0.003877286,2024,3,2971281,1.03249873,,,,
,,,4.318416672,0.038697859,0.001871259,0.448231326,0.005133331,0.002874665,2024,3,4035020,1.11038894,,,,
,,,5.803116531,0.046837366,0.002503152,0.625812872,0.007167069,0.004013558,2024,3,4365395,1.48431691,,,,
,,,2.382189914,0.021991013,0.000739219,0.252173199,0.0029004,0.001624224,2024,3,4430723,0.62064506,,,,
,,,10.56758526,0.081408611,0.004066668,1.052010906,0.012048065,0.006746917,2024,3,4360086,2.5921786,,,,
,,,3.205577171,0.011393296,0.000616309,0.500084024,0.004259296,0.002385206,2024,3,2515270,0.88557592,,,,
,,,26.70959724,0.121952048,0.006800612,2.071287924,0.041425758,0.023198425,2024,3,4362921,5.44225631,,,,
,,,2.020869466,0.020713112,0.001127421,0.226171234,0.0034429,0.001928024,2024,3,4040774,0.55102625,,,,
,,,7.68069102,0.066718528,0.004366923,0.726440111,0.008319493,0.004658916,2024,3,4722908,1.894456,,,,
,,,18.65692189,0.11896245,0.00524306,1.205251112,0.024105022,0.013498812,2024,3,4372063,3.7688425,,,,
,,,3.691850637,0.020875065,0.001525622,0.422133111,0.007053465,0.00394994,2024,3,4048228,0.91190593,,,,
,,,4.020619349,0.021434995,0.001245229,0.422376173,0.004837227,0.002708847,2024,3,2531358,0.95024864,,,,
,,,2.069080258,0.013069784,0.000855456,0.169777076,0.003395542,0.001901503,2024,3,4061956,0.45310111,,,,
,,,2.615363453,0.018143932,0.000885054,0.260875376,0.003000489,0.001680274,2024,3,4360967,0.62976407,,,,
,,,12.65952245,0.072459112,0.004458625,1.440356362,0.016495559,0.009237513,2024,3,4040612,3.1319411,,,,
1.384625248,0.010550341,0.000529744,1.736111682,0.01030388,0.000535039,0.234962028,0.00451115,0.00227525,2024,3,3929914,0.66985891,,,,
,,,2.20648987,0.01674906,0.001560751,0.216108814,0.002485601,0.001391936,2024,3,4696700,0.53765519,,,,
,,,2.054272093,0.012686043,0.000686239,0.218321661,0.00250031,0.001400174,2024,3,4383440,0.49850326,,,,
,,,17.78863237,0.09559443,0.004898232,1.547328038,0.030946561,0.017330074,2024,3,4360739,3.87571017,,,,
,,,19.19038766,0.088680762,0.004803207,1.706598475,0.019544674,0.010945017,2024,3,4239944,4.14595419,,,,
1.562108383,0.012771379,0.00086206,,,,,0.004272711,0.001965447,2024,3,2978109,0.23074514,,,,
,,,2.270108198,0.010087012,0.000549031,0.227412744,0.002604425,0.001458478,2024,3,4034948,0.51319574,,,,
,,,4.254975463,0.025842405,0.001290926,0.418732975,0.004795504,0.002685482,2024,3,2576399,0.99662244,,,,
,,,2.298794315,0.01414772,0.000724495,0.199304537,0.003986091,0.002232211,2024,3,4046715,0.51115986,,,,
,,,16.55625338,0.100030354,0.004408662,1.336408579,0.015305105,0.008570859,2024,3,4259147,3.58429545,,,,
,,,7.84307649,0.067022883,0.00357093,0.847607175,0.009707149,0.005436003,2024,3,4362018,2.03057818,,,,
9.12247438,0.071951021,0.00350939,1.836978732,0.012426455,0.00041771,0.275305477,0.017392223,0.008188008,2024,3,4362087,1.86945283,,,,
,,,4.544782568,0.041320117,0.002145588,0.425370692,0.004892451,0.002739772,2024,3,4373634,1.12671028,,,,
,,,0.983506445,0.008775353,0.000449647,0.100912067,0.001155687,0.000647185,2024,3,2511973,0.25155029,,,,
0.965889201,0.007617961,0.000305786,68.89472909,0.331965218,0.020754085,6.534821021,0.09944684,0.055477776,2024,4,4374302,15.49217411,,,,
0.676290618,0.00590139,0.000355643,87.14284738,0.554778626,0.026546906,6.280999995,0.103562582,0.057802655,2024,4,4262921,18.36792968,,,,
1.244846773,0.008868816,0.000517496,82.17175053,0.539522394,0.026162766,6.443253653,0.12258294,0.06821326,2024,4,4362628,17.99542865,,,,
87.50394663,0.412858314,0.024254008,34.95856697,0.224730965,0.010971805,4.142832022,0.179132481,0.085651563,2024,4,4430807,20.11849556,,,,
54.20630646,0.460286045,0.018475975,21.8111127,0.161232316,0.01008006,3.214454244,0.10224529,0.04927981,2024,4,4429795,14.50655878,,,,
59.47322256,0.290462957,0.011311238,,,,,0.529775068,0.252052191,2024,4,3916387,19.83594517,214.5665583,1.3048926,0.076034327,0.670477156
74.80473234,0.748624056,0.029152994,13.03111957,0.07661035,0.004463981,1.602242782,0.117679477,0.055145236,2024,4,3043078,15.29728589,,,,
95.27222013,0.715650723,0.025334852,17.92396114,0.072849683,0.005318494,2.05339549,0.253961779,0.118997245,2024,4,4242335,17.93404826,,,,
69.10127733,0.520417636,0.027919065,15.55360725,0.067900419,0.003457303,2.152922204,0.254659872,0.119962994,2024,4,4047365,13.97786574,,,,
68.35019787,0.320451429,0.015634042,28.39474809,0.247196483,0.012472021,3.567547067,0.102578524,0.049227114,2024,4,4429160,16.62807831,,,,
,,,51.64268908,0.243122624,0.012394551,4.972540823,0.057085106,0.031967659,2024,4,4432665,11.55790526,,,,
,,,58.35035281,0.393777287,0.016995759,4.555075064,0.050889007,0.028497844,2024,4,3040151,12.7311139,,,,
1.492606081,0.009917494,0.000510897,89.32275576,0.548286929,0.029209523,6.36415726,0.132004593,0.073450427,2024,4,4595348,18.71094597,,,,
44.0198048,0.774990136,0.024901401,,,,,0.817633712,0.388701027,2024,4,4426348,22.08093066,258.9809758,1.02309005,0.08320057,0.441495878
12.6722953,0.171177541,0.009988224,,,,,0.595995692,0.284981374,2024,4,3915511,18.68352585,265.6569582,1.814533409,0.08799118,0.568448474
77.48250539,0.496763986,0.029036708,35.68061259,0.188567863,0.009160046,4.698144283,0.298707757,0.143951718,2024,4,4427366,19.92279725,,,,
,,,67.61199286,0.509553416,0.023081145,4.789897395,0.067553858,0.037830161,2024,4,16737,14.58070115,,,,
2.551224203,0.013800417,0.000673289,60.79884817,0.331355113,0.01671815,4.94083539,0.072314416,0.039936604,2024,4,3116406,13.31566407,,,,
,,,80.66636983,0.683586467,0.032080313,5.250152977,0.08274694,0.046338286,2024,4,4258173,17.39197682,,,,
35.94389098,0.666064271,0.0257,,,,,0.616078281,0.29362743,2024,4,3918298,21.45278135,243.9287998,1.498966474,0.086701132,0.772409334
88.03861344,0.674295732,0.0246,24.73593784,0.169499659,0.010429743,3.363603685,0.128270905,0.060946691,2024,4,3929630,19.65538126,,,,
1.566086317,0.009692501,0.000566543,59.1534323,0.488611035,0.023735219,4.701504713,0.099447742,0.055142274,2024,4,4569618,13.70422477,,,,
,,,60.7041732,0.420570806,0.02053309,5.303633753,0.105397177,0.059022419,2024,4,4426502,13.82328125,,,,
,,,53.27643083,0.399245275,0.019360384,4.017563738,0.064805035,0.03629082,2024,4,4239993,11.7085276,,,,
66.83966327,0.373765268,0.022524674,30.32599045,0.213592345,0.010220682,3.715444813,0.208235528,0.100207662,2024,4,3042519,16.82672725,,,,
,,,34.29045346,0.284123278,0.017763062,3.815266814,0.030659665,0.017169412,2024,4,4430027,8.95104913,,,,
,,,71.45652252,0.216833064,0.017633477,5.060877811,0.080101256,0.044856703,2024,4,3121422,13.455194,,,,
66.50532364,0.399590289,0.015446576,27.85481202,0.164095471,0.009491382,3.085584223,0.176716768,0.084179308,2024,4,4379399,15.78989765,,,,
,,,76.95404621,0.444536495,0.027421153,5.429600914,0.095352573,0.053397441,2024,4,4047650,15.74279193,,,,
,,,49.40116962,0.167143689,0.010777509,4.044218379,0.080884368,0.045295246,2024,4,4432773,9.920298,,,,
4.668968379,0.037049894,0.001442801,63.61347813,0.322987682,0.018820055,5.34472998,0.102055415,0.055877657,2024,4,4429615,14.26466448,,,,
46.12511664,0.260754611,0.018000333,14.43546263,0.084598875,0.003832059,1.988348787,0.105885699,0.050385985,2024,4,4596448,10.08634602,,,,
72.62703925,0.520583872,0.0251,33.04934984,0.189063483,0.010272045,4.187443001,0.119185598,0.057112427,2024,4,3054850,18.97262928,,,,
96.2116992,0.658738713,0.030668358,20.6553067,0.127243212,0.007238137,2.58223061,0.158907179,0.074797237,2024,4,4430737,18.97558821,,,,
1.647465529,0.014822211,0.00058047,60.56461225,0.23632747,0.015616182,4.409705913,0.093900677,0.052013723,2024,4,4426354,12.06865563,,,,
29.05491982,0.19187951,0.011196185,13.67929798,0.057363654,0.002781704,1.923379885,0.079785902,0.038500067,2024,4,4362238,7.69563118,,,,
3.01028938,0.019967764,0.001053438,73.11951653,0.323551722,0.01691524,5.238776427,0.090485416,0.049875284,2024,4,3915416,14.85144872,,,,
0.025027839,0.002922963,0.00013,43.23424083,0.300341589,0.01064046,4.349775585,0.045797552,0.02552644,2024,4,15847,10.4669898,,,,
,,,73.66412956,0.619104641,0.052493859,5.360104373,0.107202087,0.060033169,2024,4,4432708,16.42889856,,,,
13.07476058,0.127437042,0.008797195,,,,,0.613163859,0.293260006,2024,4,3052587,16.52307853,245.2749698,1.686298824,0.07638396,0.852628085
,,,57.08773237,0.19540792,0.012053702,4.918423796,0.079276021,0.044394572,2024,4,4430878,11.73705681,,,,
63.89231699,0.575769064,0.018500179,23.48665134,0.085534282,0.006955889,2.802801608,0.148010645,0.070323407,2024,4,4241474,15.42268984,,,,
63.92489473,0.364211096,0.019214668,18.71373762,0.088367779,0.004619856,2.192227829,0.159587194,0.075549675,2024,4,4259545,13.07234601,,,,
,,,49.27559268,0.370147561,0.017712061,3.753649261,0.06050198,0.033881109,2024,4,4429205,10.8713518,,,,
22.83235191,0.089948331,0.004013316,,,,,0.380252088,0.18173964,2024,4,3139477,17.55035569,258.1986949,1.599325504,0.056660681,0.882854005
42.57477634,0.558795108,0.020378105,,,,,0.683993593,0.325406574,2024,4,4040715,19.47044608,221.9356883,1.270965298,0.07820571,0.832752705
37.88701495,0.258886949,0.019514269,,,,,0.534997999,0.255266963,2024,4,3917315,20.38626469,231.8750475,1.812209229,0.153657151,0.664753112
,,,32.65904017,0.246884498,0.014385626,2.997342801,0.038590061,0.021610434,2024,4,3116365,7.73112419,,,,
25.96281127,0.264525417,0.010905112,15.17847627,0.045973424,0.002835862,2.256769548,0.037322663,0.018121007,2024,4,4426385,8.22611528,,,,
44.30102468,0.254449566,0.017565085,25.16949658,0.134625068,0.006098086,3.560018863,0.136600826,0.066170984,2024,4,4697815,12.76010917,,,,
66.15970865,0.40732053,0.015951568,13.95273002,0.098895679,0.006534885,2.326500305,0.113141258,0.053418734,2024,4,4241457,13.31616486,,,,
7.937081877,0.18811393,0.005881221,65.10636976,0.356859441,0.015402354,4.127133197,0.116766543,0.061849958,2024,4,3126486,14.62326982,,,,
,,,50.16229309,0.348996254,0.017079444,4.023731813,0.080474636,0.045065796,2024,4,4612826,11.08008994,,,,
13.16920867,0.18645071,0.0112,,,,,0.780870986,0.373471367,2024,4,3912547,16.48875323,244.1600922,1.666706521,0.079754158,0.917853628
,,,60.03753262,0.263276035,0.017059816,4.74548349,0.088497851,0.049558796,2024,4,3128429,12.266229,,,,
71.33430917,0.29552952,0.0184,24.55123261,0.08683003,0.004282936,3.441726732,0.11020531,0.052695823,2024,4,3916148,15.26732244,,,,
4.874532001,0.032800558,0.001917301,90.88104618,0.513668778,0.024953121,6.664068026,0.131908063,0.072559817,2024,4,4241389,19.43054307,,,,
69.47410587,0.431027282,0.019086315,23.3588695,0.087638531,0.005357421,3.019243011,0.353791572,0.168511315,2024,4,4569173,15.13576027,,,,
,,,19.42514275,0.117906675,0.005948849,1.772984329,0.023579283,0.013204398,2024,4,3054212,4.40905156,,,,
8.115055769,0.060397046,0.003240146,53.64743188,0.300755218,0.015313629,4.034180019,0.101967048,0.054973202,2024,4,4362249,12.35547987,,,,
60.49034213,0.372568987,0.0214,28.10135442,0.096451713,0.006219255,3.703034656,0.155630423,0.074863337,2024,4,4239996,15.28595035,,,,
1.366335183,0.009466741,0.000588081,56.28392866,0.340557925,0.016798194,3.891519599,0.06939309,0.038470512,2024,4,3925357,11.71635551,,,,
4.019232087,0.036354613,0.001459281,54.22223062,0.309803383,0.019368552,3.408205446,0.079576543,0.043421621,2024,4,4426388,11.26621212,,,,
77.3445769,0.692227577,0.052178433,17.11682728,0.100214606,0.008497193,2.316992141,0.198567234,0.09379556,2024,4,3045147,16.45678979,,,,
79.54159057,0.365168223,0.021503703,19.03258749,0.116678158,0.005710085,2.739255355,0.14815293,0.070238669,2024,4,4241985,15.40561369,,,,
55.19299597,0.622116095,0.025646859,15.91694882,0.064917158,0.004004403,2.20606644,0.068978157,0.032719562,2024,4,4567048,13.43494784,,,,
4.466538874,0.058419484,0.00234497,,,,,0.361942444,0.173357001,2024,4,3046779,12.95513575,215.8054797,1.304060253,0.081528352,0.760533944
,,,51.91872496,0.24492043,0.012804407,4.611452214,0.089368957,0.050046616,2024,4,15818,11.20072087,,,,
17.30925198,0.107234668,0.005524161,9.65816926,0.050396798,0.002684847,1.214313548,0.04213798,0.020408594,2024,4,4360516,4.84960699,,,,
,,,45.36846498,0.207268792,0.011280979,3.833283736,0.074149426,0.041523678,2024,4,4241463,9.55521359,,,,
45.16496678,0.256615,0.014999993,18.36240948,0.083398423,0.004051348,2.44900008,0.075195594,0.036037184,2024,4,4038815,10.80983256,,,,
,,,47.70498182,0.300936858,0.012988688,3.585479352,0.068798715,0.03852728,2024,4,3886598,10.1123395,,,,
15.80162302,0.150649921,0.00470994,1.710936649,0.010421612,0.000449806,0.226899268,0.034749258,0.016176207,2024,4,4372561,2.98889976,,,,
23.60341229,0.229086977,0.010752762,,,,,0.286995508,0.137099802,2024,4,4426338,14.60197126,233.9304603,0.854536345,0.055372426,0.886933196
11.70473258,0.157065932,0.004910532,,,,,0.446827491,0.213571866,2024,4,4361741,17.96829866,266.4390361,1.666414313,0.071923844,0.603066952
1.468683394,0.012851061,0.000721,54.51786108,0.238636828,0.012165862,5.031843363,0.097724148,0.054021197,2024,4,3916433,12.11140019,1.070949952,0.005070259,0.000291461,0.006019121
2.475743,0.01552324,0.000757,42.3541404,0.209714849,0.010580927,3.998380692,0.076367076,0.042048553,2024,4,4372016,9.77339231,,,,
14.03339054,0.09391584,0.005530433,,,,,0.507684982,0.242540986,2024,4,4038941,14.94724815,207.9879679,1.534727283,0.075107652,0.583793995
,,,55.22212097,0.329604146,0.016091919,4.059202538,0.062365215,0.034924521,2024,4,4040655,11.52301831,,,,
11.16791153,0.128570779,0.006897491,,,,,0.546165297,0.261245732,2024,4,4036378,15.76204641,239.6969286,1.573288521,0.080107527,0.836559609
11.5834613,0.088933239,0.003968025,41.7592689,0.290450623,0.010290044,3.334260121,0.104198931,0.054600028,2024,4,4683062,10.8669004,,,,
,,,55.639001,0.158736729,0.011588799,4.687814234,0.089295637,0.050005557,2024,4,4035687,11.12965919,,,,
,,,39.92742897,0.192692476,0.009504655,3.336167301,0.063298883,0.035447375,2024,4,15795,8.43485361,,,,
1.506850557,0.01422513,0.000549887,56.80394659,0.271738436,0.015717516,4.432738062,0.087510551,0.048507803,2024,4,4373678,11.91742837,,,,
,,,46.60059494,0.281030712,0.016254987,4.549109633,0.052001988,0.029121113,2024,4,4385690,10.87099515,,,,
60.16901219,0.417896621,0.021445423,22.36750993,0.080081154,0.004249928,3.242060451,0.129971671,0.062118781,2024,4,4241416,14.41416445,,,,
11.41284717,0.125582263,0.007774407,,,,,0.381073097,0.182342876,2024,4,4432577,19.1839897,264.6865579,1.977551609,0.092805339,0.527505542
,,,43.8997127,0.235439035,0.011494594,3.217716028,0.025857719,0.014480322,2024,4,4360248,9.01503405,,,,
37.34634901,0.197025011,0.009247854,18.05860175,0.078208464,0.005067769,3.098317884,0.100034025,0.048593185,2024,4,4361579,10.22429869,,,,
64.6330953,0.635532077,0.025510386,13.08691315,0.049314272,0.003083072,1.9842388,0.098861433,0.046623038,2024,4,4035538,13.83186858,,,,
,,,56.84568908,0.33571602,0.018271952,4.351832164,0.072929184,0.040840343,2024,4,2976499,12.00748641,,,,
,,,38.14442555,0.245819938,0.019990771,3.948104175,0.037649309,0.021083613,2024,4,15835,9.23627667,,,,
,,,44.41741419,0.319269803,0.015509563,4.302229716,0.034572922,0.019360836,2024,4,4242355,10.65279941,,,,
1.815675557,0.012386127,0.00059825,65.82661049,0.357767838,0.019437954,5.020330825,0.093574586,0.051875963,2024,4,4361370,13.9442757,,,,
,,,42.18995494,0.147471943,0.010766397,3.386084416,0.054577505,0.030563403,2024,4,4688813,8.45175756,,,,
,,,36.54540441,0.264463051,0.016166862,3.324768191,0.03155989,0.017673539,2024,4,3046439,8.56390758,,,,
1.557552886,0.011102771,0.000585748,49.07145084,0.276585071,0.01445983,3.550243266,0.076061756,0.042088894,2024,4,4431299,10.28719406,,,,
,,,31.45473895,0.209144358,0.010649056,3.065445616,0.035191523,0.019707253,2024,4,4572680,7.44859927,,,,
5.426256166,0.058812577,0.002624101,3.289371838,0.018488628,0.000655013,0.524581613,0.01168733,0.005693616,2024,4,3059915,1.85543104,,,,
,,,28.81204446,0.264686709,0.011989464,2.753507066,0.036493437,0.020436325,2024,4,4243331,7.20690404,,,,
,,,33.61541823,0.193222205,0.012767848,3.528202346,0.040380764,0.022613228,2024,4,4361411,8.03045464,,,,
61.20080717,0.30556589,0.015416629,20.06668226,0.072904686,0.00396797,2.836292164,0.115007238,0.054855669,2024,4,4372019,13.16595842,,,,
24.57807426,0.103582692,0.006434639,24.59795191,0.079289832,0.003911012,3.051868749,0.065707162,0.032554949,2024,4,4428557,9.0309949,,,,
22.61430707,0.15711378,0.008815997,14.63321563,0.087975618,0.004485055,1.993338709,0.056768833,0.027592163,2024,4,4048244,7.16154515,,,,
,,,47.5313927,0.343034748,0.016787696,3.550612242,0.057229393,0.03204846,2024,4,4429025,10.33295047,,,,
0.807255466,0.008225465,0.000441275,39.74498469,0.367769842,0.018725829,2.552088787,0.043279081,0.024021879,2024,4,4248528,8.85471509,,,,
36.33858262,0.370738039,0.013124549,,,,,0.71398676,0.339879428,2024,4,4429084,15.89033821,212.6017381,0.939042441,0.068556117,0.865315023
,,,56.53466397,0.227120838,0.01397532,5.103710225,0.05279145,0.029563212,2024,4,3121023,12.09011787,,,,
7.069494172,0.078003494,0.004559438,,,,,0.334277356,0.160057544,2024,4,8439,15.44789686,218.157798,1.68023148,0.081620471,0.517688046
,,,49.91004207,0.169647643,0.010464684,4.535702384,0.075339685,0.042190224,2024,4,2577327,10.48312737,,,,
,,,20.30382095,0.141342249,0.008175322,1.5660398,0.031320796,0.017539646,2024,4,4635008,4.42657474,,,,
69.37683092,0.425572901,0.021923256,20.3419929,0.057145179,0.003044361,2.655902622,0.268303829,0.127540585,2024,4,4040761,14.32602755,,,,
37.46346685,0.271324684,0.015977528,3.36788119,0.015991875,0.000782623,0.448719462,0.101700204,0.047238984,2024,4,3051926,6.19747795,,,,
15.31864873,0.156630365,0.006457118,,,,,0.506561282,0.242338145,2024,4,15864,16.08259494,270.2745236,1.187976424,0.073280111,0.820058464
15.73466704,0.097773471,0.005158231,,,,,0.544895848,0.260594907,2024,4,4431611,15.38943243,251.7530386,1.265499675,0.066160153,0.769321147
,,,33.2815976,0.28340583,0.01330007,3.143940932,0.035055678,0.01963118,2024,4,3117256,8.16079745,,,,
22.90912385,0.135350174,0.007758628,1.718190342,0.007730526,0.000498468,0.2609854,0.076270954,0.035421504,2024,4,4429013,3.5298882,,,,
6.783321688,0.076118112,0.004471678,,,,,0.636882039,0.304954973,2024,4,14880,14.21864174,234.4247573,1.432597312,0.069942204,0.789748231
,,,41.22519389,0.305711456,0.015565987,3.301216568,0.066024331,0.036973626,2024,4,4361432,9.21693542,,,,
,,,72.53637871,0.41803769,0.02218537,5.50268035,0.103671852,0.058056237,2024,4,3932905,15.19553863,,,,
1.60853458,0.010885718,0.000560774,51.32603369,0.195017348,0.010389384,4.942680861,0.073038049,0.040568365,2024,4,4569587,11.41424567,,,,
1.428788705,0.013141657,0.000907191,69.6228712,0.42986058,0.019471314,6.114291451,0.112323056,0.062485962,2024,4,3116165,15.79621995,,,,
2.954994784,0.050048351,0.00233006,,,,,0.363979231,0.174437551,2024,4,12483,13.2643638,244.9394383,1.117720248,0.063580701,0.696215365
3.151861319,0.023036067,0.001426091,64.01983952,0.437926772,0.020551647,5.154115946,0.078664067,0.043318476,2024,4,2976212,14.59645759,,,,
41.22701703,0.194397521,0.011420187,1.775750309,0.007854954,0.000383494,0.251259235,0.054070356,0.025020843,2024,4,4373626,5.74004449,,,,
,,,20.56306586,0.083878083,0.004137329,1.8742419,0.021556813,0.012071815,2024,4,4360635,4.41851681,,,,
3.989752614,0.021476323,0.001205083,7.60647095,0.033087839,0.00168684,1.000453718,0.011486937,0.005875199,2024,4,2576336,2.52570632,,,,
,,,62.55527098,0.410640026,0.017723569,4.27609627,0.076494629,0.042836992,2024,4,4360438,12.94725868,,,,
,,,35.86635621,0.214716957,0.011225374,3.637253882,0.043100028,0.024136016,2024,4,4258595,8.48750996,,,,
0.667462139,0.004896914,0.000218491,87.25136477,0.514810884,0.018238648,7.622704616,0.1547987,0.086452811,2024,4,4428331,19.40092875,,,,
64.13439282,0.521799543,0.030447046,19.17962918,0.089057369,0.00431861,2.64054365,0.109140924,0.051873114,2024,4,4035676,14.60575241,,,,
,,,34.16934405,0.285504566,0.013844817,3.275991122,0.02632602,0.014742571,2024,4,3116164,8.40485342,,,,
12.82397209,0.145700548,0.008516677,,,,,0.624167275,0.298712055,2024,4,2577417,17.57647432,265.1689588,1.675391191,0.081387542,0.743666812
,,,46.02632394,0.134375269,0.008664585,4.209039802,0.079662624,0.044611069,2024,4,3895856,9.54813684,,,,
41.35676084,0.243116718,0.01421059,11.20260899,0.071514468,0.003473953,1.744241351,0.093492778,0.044479166,2024,4,4685247,8.8368422,,,,
5.696322842,0.031800402,0.001480505,,,,,0.011373504,0.005231812,2024,4,4429096,0.7895415,,,,
,,,49.13237636,0.228909224,0.012148273,3.818399704,0.076367994,0.042766077,2024,4,4430034,10.05412923,,,,
,,,30.65497928,0.253949826,0.014797313,2.741349721,0.025176705,0.014098955,2024,4,4361050,7.33260932,,,,
,,,12.04548997,0.054025675,0.002940445,1.070763161,0.021415263,0.011992547,2024,4,4369863,2.5819272,,,,
63.26516766,0.306537022,0.017200461,8.887292877,0.030813676,0.001570901,1.267644846,0.153435124,0.071768904,2024,4,4361777,10.40505,,,,
1.545809683,0.007760262,0.000343632,47.49455784,0.122039551,0.007460386,3.672061984,0.078442036,0.043427461,2024,4,4427095,9.28572073,,,,
31.59374207,0.259381462,0.015161701,11.92458892,0.082201418,0.0039932,1.811905389,0.076752321,0.036786083,2024,4,3051392,8.1800014,,,,
95.26306519,0.854794364,0.026724412,10.18846047,0.046885603,0.002023622,1.376946365,0.209875337,0.097771537,2024,4,4360569,17.19966973,,,,
,,,35.17998279,0.289787334,0.014076976,2.962244846,0.041777736,0.023395532,2024,4,3045138,8.20143402,,,,
,,,36.8080273,0.170349941,0.009926061,2.852975422,0.048311124,0.027054229,2024,4,4360939,7.52289946,,,,
,,,16.02459408,0.102669011,0.005024494,1.82459525,0.01992579,0.011158442,2024,4,3127292,4.03132703,,,,
12.74721277,0.081032002,0.003155556,18.69269735,0.103850724,0.006051241,2.694298161,0.053539519,0.027256615,2024,4,4038441,6.91290189,,,,
1.859095206,0.01290678,0.000623397,53.59469784,0.315631603,0.017148642,3.872434854,0.083426547,0.046121081,2024,4,4032473,11.45516332,,,,
33.63189547,0.164960063,0.0073,10.6108842,0.047919201,0.002929343,1.461176471,0.108505609,0.051633583,2024,4,4360294,7.08278354,,,,
19.45691372,0.159916599,0.007723968,13.36915992,0.135561097,0.007365196,1.528793157,0.103635445,0.05054302,2024,4,2468609,6.6170798,1.790050937,0.011813617,0.000799007,0.009734851
19.29186769,0.18346121,0.007091883,5.392829413,0.031683047,0.001832567,0.709144697,0.048898994,0.023092197,2024,4,4429501,4.46730485,,,,
26.60414803,0.150267336,0.007053168,8.276946803,0.022189036,0.00143781,1.405476387,0.059722813,0.02862491,2024,4,4722893,5.88963424,,,,
26.9244972,0.183856997,0.013858694,5.181077268,0.033477408,0.002838548,0.722834417,0.055459524,0.026121597,2024,4,4429275,5.22001358,,,,
,,,29.26211364,0.227184455,0.011035921,3.134277839,0.043183059,0.024182513,2024,4,3915486,7.39844275,,,,
,,,19.73364361,0.112667748,0.006516771,1.147857321,0.020719711,0.011603038,2024,4,3051738,3.78760284,,,,
1.373013134,0.010321294,0.000520737,30.42076159,0.12600813,0.006858221,2.748481122,0.057860432,0.031938662,2024,4,4372414,6.69824573,,,,
3.003027342,0.020429662,0.001194181,31.54509056,0.230084253,0.011177086,2.761093572,0.049007904,0.026706655,2024,4,16731,7.69161408,,,,
,,,18.31596366,0.196875346,0.010696472,1.74137349,0.015992869,0.008956006,2024,4,3929645,4.75812526,,,,
34.65592361,0.205352517,0.01237541,10.85818282,0.052656275,0.002519674,1.480480879,0.055119109,0.026229665,2024,4,4242431,7.55873311,,,,
,,,36.72052267,0.198198901,0.012779964,3.586149809,0.041169243,0.023054776,2024,4,4430539,8.42793186,,,,
,,,18.14759021,0.037802897,0.00244956,1.475814877,0.029516298,0.016529127,2024,4,4686472,3.74018076,,,,
16.41929198,0.131061148,0.007512769,,,,,0.554680913,0.265396188,2024,4,4360310,14.1603894,240.5713982,0.993954223,0.064090666,0.746817
4.3694685,0.022233685,0.001306153,33.75792441,0.182537296,0.008911828,2.996922744,0.071803302,0.039023364,2024,4,3728262,8.02030008,,,,
,,,49.97964771,0.277561238,0.017897288,3.337077832,0.062466055,0.034980991,2024,4,4243537,9.96789263,,,,
13.74827172,0.080202251,0.004982227,,,,,0.752754652,0.360073561,2024,4,4361418,13.26520744,238.0637065,1.052643502,0.051922179,0.868738599
62.6093481,0.493202217,0.030532614,13.61265326,0.082305793,0.003862563,1.723498409,0.174153164,0.081764051,2024,4,4240021,12.70860486,,,,
,,,11.56465097,0.081181871,0.0028761,1.229434452,0.011291193,0.006323068,2024,4,4240472,2.86639504,,,,
,,,45.69853528,0.23005491,0.013086506,3.423383149,0.068467663,0.038341891,2024,4,3043116,9.32486137,,,,
1.920993078,0.011575851,0.000584033,,,,,0.006235535,0.002868346,2024,4,2969939,0.25715019,,,,
5.681595371,0.058642083,0.002832411,,,,,0.37733894,0.180683953,2024,4,16757,13.99384328,221.0452499,1.458809784,0.079101717,0.707839121
,,,34.08835442,0.174792235,0.012760954,2.171685713,0.040300407,0.022568228,2024,4,4360078,6.61072202,,,,
,,,35.71743518,0.314291997,0.015267337,2.948426783,0.041582854,0.023286398,2024,4,3128390,8.39098216,,,,
,,,40.92979649,0.30949759,0.015146429,3.564781221,0.064347055,0.036034351,2024,4,4242433,9.47466857,,,,
,,,31.96406819,0.16897769,0.010423358,3.514511727,0.028242783,0.015815958,2024,4,4036131,7.71474349,,,,
2.415921846,0.030437813,0.001176605,20.28771432,0.152977567,0.008848315,1.922106953,0.039472622,0.021245115,2024,4,3121427,5.27156646,,,,
,,,32.34957049,0.174045491,0.008861918,2.416665937,0.048333319,0.027066658,2024,4,4428850,6.66076445,,,,
44.82881073,0.344173338,0.013478585,,,,,0.715401502,0.340104798,2024,4,4362887,16.53725196,196.4404168,0.983576625,0.06499334,0.649113282
,,,14.35631337,0.140612485,0.008133112,1.238019143,0.014267452,0.007989773,2024,4,3930086,3.51798887,,,,
,,,43.46994689,0.335422622,0.028440471,3.690688134,0.073813763,0.041335707,2024,4,4360761,10.02637808,,,,
,,,35.1063893,0.219608859,0.01066821,2.780033794,0.055600676,0.031136378,2024,4,4249417,7.56885954,,,,
1.483438071,0.00811641,0.000455429,50.31165441,0.199020593,0.0101462,3.585487572,0.076426696,0.042327255,2024,4,4428718,10.00673653,,,,
26.44576846,0.179763714,0.009483786,9.456891671,0.031644638,0.001654377,1.259482892,0.060612239,0.028923424,2024,4,4426386,6.0842305,,,,
4.815294386,0.037874457,0.001381203,6.417031088,0.025994585,0.001599513,0.919068545,0.020047942,0.010159054,2024,4,4371733,2.45514928,,,,
11.89576157,0.070411151,0.003714678,1.86561712,0.008383953,0.000438312,0.24593509,0.020386828,0.00955866,2024,4,4035886,2.08457044,,,,
,,,34.23451783,0.217171163,0.012353623,3.279917307,0.030122938,0.016868846,2024,4,4242557,7.99816362,,,,
,,,16.07236386,0.042324121,0.002587311,1.299733384,0.025994668,0.014557014,2024,4,4429022,3.13765909,,,,
24.35325438,0.159121599,0.008028117,,,,,0.613183799,0.292983736,2024,4,3122840,14.16874548,211.3006654,1.069806412,0.058226152,0.757651441
,,,13.0575355,0.062851953,0.004588595,0.967571822,0.019351436,0.010836804,2024,4,4597500,2.63845127,,,,
,,,32.10228286,0.159940791,0.00852071,2.253110453,0.045062209,0.025234837,2024,4,3916945,6.39074323,,,,
,,,22.8836262,0.092048328,0.005626996,1.983536766,0.039670735,0.022215612,2024,4,4430637,4.79206212,,,,
35.05423602,0.21433639,0.011041473,,,,,0.537698898,0.25640715,2024,4,3917792,18.18841878,245.7436898,1.285549722,0.068486575,0.617715718
9.372897717,0.061329777,0.002171144,1.485215131,0.005627169,0.000410819,0.209466053,0.017641627,0.008256613,2024,4,4241401,1.68613531,,,,
,,,39.13754361,0.126979286,0.010326314,2.977027987,0.049554944,0.027750769,2024,4,3121409,7.61911715,,,,
31.5086124,0.219542659,0.011266387,12.64701545,0.025324002,0.001343951,1.910793072,0.095329721,0.045830019,2024,4,4045163,7.73163046,,,,
,,,7.004559507,0.06782457,0.003294798,0.739799293,0.008492946,0.00475605,2024,4,4372096,1.84450456,,,,
56.0413181,0.396777277,0.017703416,13.03048106,0.079560174,0.002818647,1.85524604,0.130462366,0.061578886,2024,4,4714365,11.56100025,,,,
,,,23.90030289,0.127071607,0.004501875,2.38730638,0.047746128,0.026737831,2024,4,3120348,5.4965544,,,,
20.70375547,0.110332465,0.004922816,18.23897921,0.08107206,0.00287221,2.566379633,0.059866,0.029589598,2024,4,3116389,7.56706911,,,,
,,,7.531656934,0.027876428,0.00226699,0.621867211,0.010466446,0.00586121,2024,4,3917914,1.59573258,,,,
,,,11.07910796,0.078172128,0.004887232,0.943347641,0.013304413,0.007450471,2024,4,3134353,2.51551573,,,,
19.62576035,0.183875875,0.005908162,11.58640851,0.046756435,0.003802365,1.491879519,0.037174061,0.017981679,2024,4,3127586,5.98133196,,,,
1.673692868,0.013994587,0.000548059,25.69171888,0.09287242,0.006136877,1.954296388,0.044792487,0.024513137,2024,4,4243389,5.34584756,,,,
,,,13.46927211,0.046108588,0.002973105,1.266973173,0.025339463,0.0141901,2024,4,4432620,2.89446198,,,,
,,,36.70196988,0.25874556,0.012547207,2.970042659,0.059400853,0.033264478,2024,4,4368003,8.15284447,,,,
24.32063844,0.207635477,0.010028789,6.812855064,0.025440316,0.001382203,1.205579275,0.054342668,0.025873216,2024,4,2980453,5.7047102,,,,
31.5269687,0.142099014,0.006932664,,,,,0.567953802,0.270596481,2024,4,4035671,14.21574485,181.2912455,1.167550769,0.058907461,0.658443143
,,,48.91493849,0.152507238,0.008675263,3.279172131,0.061052204,0.034189234,2024,4,4360797,9.03629547,,,,
4.121663533,0.035493442,0.001372036,14.72537419,0.058807941,0.003401487,1.448512836,0.023279307,0.012047303,2024,4,3915411,3.90578566,,,,
,,,35.98267108,0.097632655,0.004815781,3.369573211,0.053920376,0.030195411,2024,4,3045144,7.50430049,,,,
,,,24.6438232,0.170504041,0.009083459,2.156555523,0.024757404,0.013864146,2024,4,4429148,5.63505472,,,,
24.54867177,0.161951405,0.008688275,10.3430138,0.049541804,0.002522532,1.431236994,0.077956293,0.03733765,2024,4,4887558,6.13916912,,,,
,,,4.436842489,0.039022445,0.001767592,0.442904563,0.005084574,0.002847362,2024,4,4372505,1.11869834,,,,
32.8230271,0.197389957,0.00996,8.691156826,0.032340279,0.001760178,1.213737174,0.0794916,0.037684397,2024,4,3125116,6.69370854,,,,
,,,39.29922499,0.278758098,0.017152691,3.090617625,0.049815119,0.027896467,2024,4,4361409,8.67291516,,,,
,,,17.44634168,0.144900756,0.007872631,1.625185601,0.021697399,0.012150544,2024,4,3843945,4.23124148,,,,
,,,10.62563226,0.084488773,0.005198808,1.05698479,0.012134257,0.006795184,2024,4,4241374,2.6236083,,,,
1.863112479,0.009197564,0.000527229,0.869882926,0.002329706,0.000150221,0.130912385,0.004883003,0.002359246,2024,4,3139602,0.47014095,,,,
,,,7.526286316,0.039367941,0.002097294,0.549946095,0.010998922,0.006159396,2024,4,4692590,1.53094857,,,,
4.786950418,0.030839176,0.001802651,7.677807668,0.054013024,0.002623857,0.655763483,0.027794912,0.014097186,2024,4,3676833,2.50155687,,,,
,,,13.12753559,0.08144562,0.004146987,1.300794568,0.01493321,0.008362598,2024,4,4428085,3.09418483,,,,
,,,23.35261219,0.237376229,0.011616899,2.764699131,0.041732777,0.023370355,2024,4,3924365,6.50181481,,,,
,,,24.32292012,0.070028886,0.004280928,2.226424458,0.017891653,0.010019325,2024,4,3043275,5.06788519,,,,
,,,34.77381384,0.126647513,0.010299333,2.858602911,0.057172058,0.032016353,2024,4,4426948,7.05394733,,,,
1.202714587,0.012805747,0.000400361,14.31195262,0.092368791,0.003986715,1.841191788,0.017301287,0.009446884,2024,4,16002,4.01404272,,,,
,,,27.38865616,0.181137556,0.00985874,2.830924745,0.043463529,0.024339576,2024,4,3128452,6.62880003,,,,
,,,4.895016183,0.027588512,0.001701792,0.508967422,0.005842981,0.003272069,2024,4,4576297,1.16101376,,,,
,,,39.41697868,0.160535661,0.009131954,3.04293405,0.060858681,0.034080861,2024,4,4569382,7.93586549,,,,
,,,27.91684083,0.171082432,0.007749489,2.137670846,0.042753417,0.023941913,2024,4,4426407,5.98494562,,,,
,,,1.512571181,0.006270638,0.000457797,0.212606323,0.001794822,0.0010051,2024,4,4429676,0.40044006,,,,
,,,11.8867623,0.036230881,0.002347696,1.070571659,0.021411433,0.011990403,2024,4,4431280,2.45791296,,,,
8.34363309,0.100753969,0.005653525,,,,,0.602048202,0.288173876,2024,4,4038524,13.44980628,240.4442265,1.138348782,0.05800079,0.863552957
0.730014359,0.005182178,0.0003123,17.1952522,0.110768942,0.005300443,1.332600472,0.029029854,0.016018934,2024,4,4382466,3.80078947,,,,
,,,22.5239843,0.076781349,0.004074806,1.759407779,0.034874769,0.019529871,2024,4,4212909,4.44250217,,,,
,,,43.14548646,0.162252119,0.009229593,3.463926546,0.055832178,0.03126602,2024,4,2310331,8.70939105,,,,
25.08275992,0.20326596,0.007960342,17.65316354,0.115286888,0.007617993,2.225975607,0.065033371,0.031676912,2024,4,15807,8.50804365,,,,
6.654672173,0.08694114,0.004461605,,,,,0.372592144,0.178445906,2024,4,14012,14.87122494,263.9585844,1.220581766,0.064776594,0.773992071
,,,38.35868701,0.209047372,0.013545896,3.322190841,0.063282616,0.035438265,2024,4,3115306,8.37022704,,,,
,,,12.47988207,0.06540121,0.003470859,1.290982943,0.014820572,0.00829952,2024,4,4431588,2.92211229,,,,
,,,8.03149026,0.066796699,0.004176053,0.89370589,0.010259804,0.00574549,2024,4,4242392,2.09476684,,,,
19.0686253,0.134526332,0.008328106,17.29534399,0.080099855,0.003759039,2.144897465,0.04085947,0.020062861,2024,4,2983509,7.05418008,,,,
0.932125708,0.005537746,0.000222286,4.389442446,0.022652959,0.001416237,0.461899559,0.0120911,0.006485705,2024,4,2973405,1.22135913,,,,
1.840276259,0.013856441,0.001044465,37.92372227,0.258963191,0.021957479,3.46786934,0.064074159,0.03540535,2024,4,4037235,9.10635453,,,,
2.750546608,0.023718082,0.001217153,50.54580017,0.147550626,0.00783055,3.738338247,0.084181806,0.046200307,2024,4,4426485,10.02349996,,,,
,,,25.70963798,0.197049679,0.009429093,2.678230209,0.030746264,0.017217908,2024,4,3052096,6.41672445,,,,
,,,8.57750246,0.065415332,0.003554093,0.76344787,0.015268957,0.008550616,2024,4,4573697,2.00410026,,,,
,,,13.41674051,0.098085403,0.004603091,1.008550073,0.020171001,0.011295761,2024,4,4567096,2.925884,,,,
,,,17.86975043,0.144010818,0.008329673,1.271652754,0.021310702,0.011933993,2024,4,2991662,3.91604686,,,,
3.216123416,0.019970399,0.001028769,1.88887286,0.008069242,0.000429882,0.246175234,0.008056976,0.00391403,2024,4,4570561,0.98442172,,,,
,,,1.309493283,0.009332005,0.000452532,0.111184862,0.002223697,0.00124527,2024,4,4429033,0.29659942,,,,
,,,28.47996788,0.130748818,0.008639695,1.939971051,0.031639543,0.017718144,2024,4,3930066,5.55513785,,,,
,,,16.96184739,0.120814436,0.005858589,1.760410055,0.020209627,0.011317391,2024,4,4427834,4.17109721,,,,
,,,13.87439129,0.085020143,0.004954009,1.09379332,0.021540582,0.012062726,2024,4,2971618,2.97770467,,,,
,,,13.60020691,0.087810597,0.003110942,0.936648018,0.018118503,0.010146362,2024,4,3118892,2.80993965,,,,
9.225858349,0.059311521,0.004470758,6.615268019,0.034591691,0.002933028,0.954595259,0.019608913,0.009664795,2024,4,4362478,3.09812295,,,,
5.374095272,0.025501706,0.001501722,2.0198322,0.01611704,0.000788748,0.190795492,0.021702333,0.010364664,2024,4,4362477,1.35313771,,,,
11.60531646,0.072100774,0.004214528,3.814536593,0.018379662,0.000892851,0.549659316,0.027359891,0.013049572,2024,4,4431453,2.61936285,,,,
,,,9.193484415,0.08021839,0.003838558,0.846860416,0.009722015,0.005444328,2024,4,3921690,2.24456446,,,,
,,,42.09069439,0.076971863,0.004987639,3.503920138,0.070078403,0.039243906,2024,4,4039057,8.10815622,,,,
,,,9.168626966,0.072040824,0.004760355,0.948300806,0.010886558,0.006096472,2024,4,4430802,2.29502361,,,,
15.67219266,0.108179098,0.004790278,,,,,0.424696083,0.203107065,2024,4,2578570,13.01992032,221.3479358,0.880741517,0.053840513,0.647762241
,,,26.06970434,0.112477088,0.009146954,1.640075096,0.032801502,0.018368841,2024,4,4361577,4.90432828,,,,
,,,4.295297791,0.033739796,0.001638975,0.383111769,0.007662235,0.004290852,2024,4,4427278,1.15140893,,,,
,,,7.812720196,0.032800938,0.00202332,0.698640561,0.013972811,0.007824774,2024,4,4360405,1.6654843,,,,
,,,9.367852361,0.063544045,0.003322074,0.924035467,0.015161704,0.008490554,2024,4,3918639,2.23214821,,,,
,,,4.358177351,0.031690533,0.001721784,0.391806384,0.004162905,0.002331227,2024,4,4036335,1.0263147,,,,
,,,21.72563742,0.178496512,0.009472857,2.180019581,0.026162318,0.014650898,2024,4,4372780,5.41389631,,,,
0.761153401,0.005412462,0.000290365,2.250852028,0.016974312,0.000864285,0.196247036,0.006585372,0.003421765,2024,4,4259305,0.62740799,,,,
,,,18.7892971,0.053364357,0.003457915,1.784814593,0.020489793,0.011474284,2024,4,4367209,3.96843891,,,,
1.66364961,0.011413162,0.000706553,18.55968983,0.126403785,0.005932056,1.292847337,0.031156307,0.016917596,2024,4,4686422,4.12234699,,,,
4.867817357,0.020261693,0.000988518,1.295529101,0.009284335,0.000468431,0.187209973,0.013665519,0.006484147,2024,4,3122976,0.97112699,,,,
,,,6.596060317,0.041044919,0.002186633,0.730712213,0.009106678,0.00509974,2024,4,4361516,1.63100214,,,,
,,,28.8981775,0.189052718,0.011632892,2.265869281,0.045317386,0.025377736,2024,4,4686104,6.26370765,,,,
2.592390565,0.014458276,0.000828786,1.040123444,0.004750468,0.000306313,0.113197371,0.010373938,0.004986431,2024,4,4039050,0.72849611,,,,
,,,14.47960612,0.112875632,0.005297187,1.156383958,0.020052639,0.011229478,2024,4,15880,3.29022066,,,,
,,,4.190902786,0.035437016,0.001787935,0.511304082,0.010226082,0.005726606,2024,4,3123075,1.22690878,,,,
,,,6.510710934,0.054524695,0.002353332,0.615379364,0.007064597,0.003956174,2024,4,2975863,1.59057954,,,,
,,,8.87928225,0.049690343,0.002826599,0.877884771,0.010078177,0.005643779,2024,4,4426553,2.05858649,,,,
,,,4.889404075,0.041735936,0.001958643,0.450703619,0.005174108,0.002897501,2024,4,4426496,1.18831873,,,,
,,,14.12092896,0.073167649,0.005341707,1.280301264,0.01512757,0.008471439,2024,4,4039160,3.12554019,,,,
1.081521337,0.007325497,0.000428199,3.882605989,0.018286352,0.000888319,0.552451535,0.006729218,0.00356182,2024,4,4383396,1.19822236,,,,
1.52977453,0.00867999,0.000384359,23.80497902,0.088037989,0.005381841,2.151993231,0.048040661,0.026402691,2024,4,3916566,5.22576948,,,,
,,,6.573626209,0.03548885,0.002299614,0.701479981,0.008112621,0.004543068,2024,4,3911853,1.56750299,,,,
0.513850022,0.0038488,0.000231945,3.297553804,0.013530585,0.000647457,0.501389136,0.006222839,0.003365514,2024,4,4012556,0.981998,,,,
1.399619743,0.006580444,0.000408782,10.66777063,0.030403916,0.001499689,0.75304178,0.015868903,0.008513461,2024,4,4567156,2.1688958,,,,
0.681544998,0.003831619,0.00023091,11.16155048,0.073964119,0.003539283,1.010940383,0.022596652,0.012416341,2024,4,3115255,2.73447402,,,,
13.59194805,0.068796162,0.003202886,1.724386428,0.006181932,0.000351655,0.247826831,0.02351085,0.010982363,2024,4,4243003,2.2150912,,,,
1.420930981,0.008838612,0.000495954,26.25439399,0.096603843,0.004924927,1.989181966,0.044500584,0.024448632,2024,4,4036211,5.3662112,,,,
,,,2.37289128,0.013785079,0.000720682,0.196593299,0.003931866,0.002201845,2024,4,2580216,0.63953187,,,,
,,,7.666314753,0.066534533,0.003232043,0.891412139,0.010233472,0.005730744,2024,4,4361372,2.05252341,,,,
,,,13.48482843,0.128653059,0.009392498,0.994690638,0.015622406,0.008748547,2024,4,2998565,3.11679194,,,,
2.309841273,0.011805518,0.000576,2.603906903,0.014413988,0.000727242,0.392834695,0.009046453,0.004537331,2024,4,3917668,1.03529717,,,,
,,,5.373489645,0.036803856,0.002431946,0.571176288,0.006557143,0.003672,2024,4,4241961,1.32704168,,,,
,,,23.76315139,0.2218869,0.018813782,2.427632864,0.02786939,0.015606858,2024,4,4426844,6.14242125,,,,
,,,8.103168724,0.048936959,0.002377271,0.639545325,0.012790907,0.007162908,2024,4,4692835,1.73425048,,,,
,,,1.405210118,0.010747591,0.000626248,0.215915893,0.001822761,0.001020746,2024,4,2975417,0.42018157,,,,
,,,7.487873853,0.060408907,0.003047863,0.955602037,0.007679263,0.004300387,2024,4,3052897,2.06454062,,,,
20.95193649,0.122786776,0.0057633,1.700344606,0.004672546,0.000302773,0.268888265,0.042704533,0.01987108,2024,4,4362748,3.27239029,,,,
,,,1.297696385,0.007880609,0.00038215,0.106628405,0.002132568,0.001194238,2024,4,4257188,0.40602641,,,,
,,,6.90949865,0.047067539,0.002282421,0.767215919,0.01093079,0.006121242,2024,4,3127310,1.73318198,,,,
,,,1.940689432,0.007378465,0.000487558,0.162707125,0.002622542,0.001468624,2024,4,3914397,0.39915373,,,,
1.139398094,0.01021665,0.000421183,5.532542935,0.020807634,0.001283515,0.508689502,0.012331075,0.006533689,2024,4,4243160,1.41628768,,,,
,,,3.827615111,0.034491846,0.002009793,0.405147023,0.004651115,0.002604625,2024,4,4241263,0.99379295,,,,
,,,5.022930319,0.01731901,0.00106832,0.501447461,0.007789114,0.004361904,2024,4,2971281,1.10127318,,,,
,,,4.106508756,0.03186011,0.001555473,0.435045099,0.004994347,0.002796834,2024,4,4035020,1.03450591,,,,
,,,6.658613206,0.068088249,0.003435316,0.698501173,0.008018841,0.004490551,2024,4,4365395,1.77099332,,,,
,,,2.329827572,0.01853747,0.000656743,0.243988553,0.002801005,0.001568563,2024,4,4430723,0.58644629,,,,
,,,16.19801444,0.095285096,0.004699986,1.591574536,0.018271384,0.010231975,2024,4,4360086,3.77250498,,,,
,,,3.40024023,0.008946235,0.0005797,0.539135662,0.004551381,0.002548773,2024,4,2515270,0.92901895,,,,
,,,16.25433067,0.06624186,0.004049424,1.215935505,0.02431871,0.013618478,2024,4,4362921,3.22032362,,,,
,,,20.19537151,0.179219607,0.009136733,2.090288741,0.031865742,0.017844815,2024,4,4040774,5.16856737,,,,
,,,5.915270006,0.044008538,0.003212905,0.529882041,0.006083082,0.003406526,2024,4,4722908,1.38523383,,,,
,,,31.75295876,0.150332646,0.009250348,3.045261991,0.051330015,0.028744809,2024,4,3121410,7.08492082,,,,
,,,6.794249209,0.034166016,0.002778477,0.69155549,0.011473916,0.006425393,2024,4,4048228,1.56898567,,,,
,,,2.33741269,0.015776533,0.000840481,0.220324088,0.002529335,0.001416428,2024,4,2531358,0.54763926,,,,
,,,13.18411745,0.064612844,0.004717152,1.009042433,0.020180849,0.011301275,2024,4,4061956,2.7024958,,,,
,,,2.449341686,0.01971909,0.000957919,0.247170893,0.002837539,0.001589022,2024,4,4360967,0.6092324,,,,
3.116950769,0.020203725,0.00125075,2.580463798,0.019326752,0.000906993,0.206184108,0.014722403,0.007184673,2024,4,3917960,1.14893938,,,,
,,,13.24491097,0.059304126,0.00382396,1.438190114,0.01651052,0.009245891,2024,4,4040612,3.10809771,,,,
1.247908329,0.008344662,0.000403047,1.484642489,0.008277097,0.000449705,0.22920091,0.004458162,0.002244246,2024,4,3929914,0.59952116,,,,
,,,15.41061278,0.134838898,0.011432985,1.526943024,0.017529409,0.009816469,2024,4,4696700,3.88073332,,,,
,,,6.610137023,0.028337809,0.001836239,0.712554799,0.008180177,0.004580899,2024,4,4383440,1.53832204,,,,
,,,2.105435406,0.014764371,0.00072255,0.172930374,0.003458607,0.00193682,2024,4,4360739,0.4697228,,,,
,,,2.270006147,0.01208367,0.000687371,0.217487927,0.002496776,0.001398195,2024,4,4239944,0.51563491,,,,
,,,2.07297303,0.018279204,0.001549893,0.183694362,0.003087187,0.001728825,2024,4,2978109,0.50039063,,,,
,,,9.291642295,0.046073489,0.002272598,0.905747932,0.010398048,0.005822907,2024,4,2576399,2.10452728,,,,
11.12608639,0.08050145,0.004983594,1.884849373,0.011799386,0.000553738,0.247664461,0.02445937,0.011460388,2024,4,4373273,2.09136494,,,,
,,,7.269418756,0.052869298,0.002394811,0.608489391,0.012169788,0.006815081,2024,4,5097554,1.64412751,,,,
,,,10.47376457,0.060405276,0.003287667,1.093999183,0.012559185,0.007033143,2024,4,4362018,2.49664814,,,,
,,,2.313679975,0.016904669,0.001433346,0.20966013,0.003816131,0.002137033,2024,4,2576581,0.54114957,,,,
,,,7.466226887,0.034938412,0.001781183,0.621722488,0.01243445,0.006963292,2024,4,4589248,1.56793963,,,,
,,,1.638710244,0.015639201,0.000789058,0.174754286,0.002006191,0.001123467,2024,4,4047422,0.43184468,,,,
,,,1.918747621,0.021447289,0.001049604,0.197610184,0.002268578,0.001270404,2024,4,2511973,0.51778696,,,,
,,,4.343659039,0.038525399,0.003266567,0.436269435,0.005008403,0.002804706,2024,4,4259324,1.10284345,,,,
0.676598963,0.005191713,0.000264,78.40513356,0.503347864,0.018902113,6.030266911,0.09933551,0.055435337,2024,5,4262921,16.91976118,,,,
1.024591667,0.008561866,0.000488497,76.44819218,0.462516774,0.02331906,5.717552009,0.108706379,0.06047771,2024,5,4362628,16.22082993,,,,
75.93291379,0.363649589,0.029502983,28.69893931,0.208340211,0.01054269,3.707891504,0.151384882,0.07250316,2024,5,4430807,17.54209664,,,,
62.28170088,0.458210041,0.0132,,,,,0.540898387,0.25713092,2024,5,3916387,21.84034736,212.2943128,1.463504181,0.079981151,0.584626338
88.76866547,1.048647775,0.030222969,14.55896053,0.095178679,0.005201557,1.748568927,0.189116,0.088539169,2024,5,3043078,18.84305297,,,,
68.70703409,0.443103559,0.037204979,23.93683714,0.130201296,0.007173486,2.955065782,0.21682194,0.103297119,2024,5,4047365,15.54716873,,,,
72.19070708,0.305824144,0.018855853,24.53082419,0.200135748,0.016792717,3.102154446,0.105014241,0.050052893,2024,5,4429160,15.80254299,,,,
,,,39.3033381,0.091728295,0.006231918,4.255615914,0.048854759,0.027358665,2024,5,4432665,8.695356,,,,
,,,55.38757322,0.3831682,0.017005777,4.387377385,0.048826381,0.027342774,2024,5,3040151,12.20575991,,,,
,,,56.33948479,0.260096666,0.013475344,5.742293105,0.073930629,0.041401152,2024,5,4361307,12.88291996,,,,
54.61876136,1.048421641,0.034298803,,,,,0.673086936,0.319705286,2024,5,4426348,23.22296649,223.5448389,0.982907386,0.114763667,0.539668482
9.309192951,0.151447159,0.008640822,,,,,0.569512859,0.27249707,2024,5,3915511,17.71077024,272.9317304,1.673379751,0.084368061,0.69785193
50.30086811,0.38420144,0.02712932,39.09865733,0.153274696,0.010680089,4.651483122,0.21597243,0.105303248,2024,5,4427366,16.6870048,,,,
,,,68.20222975,0.470610861,0.019093073,5.275596684,0.074403872,0.041666168,2024,5,16737,14.87630064,,,,
5.500270773,0.02406552,0.00148378,60.64512902,0.234996498,0.019717766,4.936243898,0.078375479,0.042684777,2024,5,3116406,13.07633011,,,,
,,,84.50338131,0.576083959,0.030390401,6.017996782,0.094228639,0.052768038,2024,5,4258173,17.88257339,,,,
37.96157533,0.678177367,0.0206,,,,,0.617179177,0.294201993,2024,5,3918298,20.35957562,212.6826973,1.420525483,0.074229576,0.656315552
1.128796345,0.007690077,0.000543013,66.28925836,0.327363721,0.022810507,5.020405489,0.104694287,0.058200183,2024,5,4569618,13.70560642,,,,
,,,63.9314582,0.545216086,0.027589702,5.691166253,0.111882407,0.062654148,2024,5,4426502,15.2884317,,,,
,,,61.44477481,0.39197306,0.019762404,4.497898545,0.072371903,0.040528266,2024,5,4239993,12.95459066,,,,
71.76466998,0.359498749,0.018291625,29.93800711,0.240785699,0.009042173,4.029031142,0.201825051,0.097108498,2024,5,3042519,17.66678414,,,,
,,,69.74899782,0.237288805,0.027705696,5.167940671,0.081620103,0.045707258,2024,5,3121422,13.53272416,,,,
76.04917907,0.454807414,0.013793431,20.19265003,0.1260818,0.006588406,2.519144027,0.130456125,0.061812622,2024,5,4379399,15.54924465,,,,
,,,72.80692382,0.436810064,0.03404476,5.272548467,0.096702188,0.054153226,2024,5,4047650,15.1364343,,,,
1.284978838,0.00768372,0.000342807,64.04055576,0.241265894,0.00992622,4.921681966,0.1026666,0.05707,2024,5,4432773,12.85704316,,,,
3.509564916,0.032595191,0.000939423,60.44929926,0.366573811,0.020033421,4.892300472,0.091293074,0.050159873,2024,5,4429615,13.62723884,,,,
42.27655832,0.348916891,0.015048518,12.44153056,0.066002334,0.002677769,1.893767438,0.099667704,0.047445862,2024,5,4596448,9.8297742,,,,
69.1747255,0.678550064,0.025196189,35.05449458,0.165173,0.010348695,4.187045501,0.12652495,0.060477376,2024,5,3054850,19.62578291,,,,
92.28219388,0.914177437,0.041926257,22.06981169,0.130158886,0.009297386,2.773785708,0.157021944,0.074018831,2024,5,4430737,20.4637363,,,,
1.788668732,0.016747736,0.000526471,67.74451481,0.440577571,0.022325575,4.6336717,0.098830218,0.054729244,2024,5,4426354,14.2697975,,,,
32.11843821,0.280287581,0.015991815,16.20707892,0.067603162,0.0034084,2.227107394,0.093085463,0.044797264,2024,5,4362238,9.14713398,,,,
3.259794556,0.021126279,0.001360666,65.3709613,0.326993068,0.026130795,4.986962208,0.087126521,0.047926821,2024,5,3915416,13.90018116,,,,
0.094994599,0.003635236,0.000167884,53.24226168,0.296982232,0.017822184,4.990938055,0.052144969,0.029066772,2024,5,15847,12.10758908,,,,
,,,74.08027778,0.525967402,0.027249837,5.45416771,0.109083354,0.061086678,2024,5,4432708,15.95320622,,,,
11.91425573,0.198751495,0.008572,,,,,0.622264258,0.297675406,2024,5,3052587,16.46169321,245.6847304,1.53527681,0.062287453,0.726772944
,,,58.83483294,0.266104817,0.020740078,5.200755016,0.083826685,0.046942944,2024,5,4430878,12.63067548,,,,
73.2847252,0.650786401,0.021290284,17.69526169,0.075845719,0.0088557,2.301178208,0.143997746,0.068035414,2024,5,4241474,15.68699476,,,,
70.69740803,0.400747631,0.025810687,23.7096786,0.11055967,0.008835086,2.994077621,0.138609882,0.065954611,2024,5,4259545,15.44367241,,,,
0.732651094,0.005869467,0.000298644,46.52193625,0.359345651,0.013494429,3.781938191,0.062879218,0.035020235,2024,5,4429205,10.65789531,,,,
23.88206384,0.08572323,0.003958911,,,,,0.359825245,0.171940355,2024,5,3139477,15.6591318,242.4487358,1.295666651,0.07775418,0.976527737
32.31944797,0.154331644,0.008533077,,,,,0.533219512,0.254570262,2024,5,3917315,17.33018614,235.7616985,1.364422101,0.070689322,0.689654571
,,,23.61129319,0.200986125,0.010983981,2.0799108,0.026778346,0.014995874,2024,5,3116365,5.63964108,,,,
24.63967717,0.239072822,0.010861719,17.22986547,0.049462489,0.003855082,2.582507901,0.035391539,0.017370184,2024,5,4426385,8.49630327,,,,
39.35094853,0.270196413,0.011653364,23.78383728,0.113214315,0.004593199,3.56258685,0.098058057,0.047656584,2024,5,4697815,12.11629576,,,,
67.24783914,0.428403808,0.013467035,21.87564345,0.153271389,0.007766787,3.01801756,0.119110906,0.056565606,2024,5,4241457,15.35289743,,,,
10.75322806,0.224281081,0.008157267,72.84628113,0.41139402,0.018258496,4.539208416,0.133635856,0.070396105,2024,5,3126486,16.64064225,,,,
13.86959766,0.160115558,0.00815,,,,,0.761188154,0.363915076,2024,5,3912547,14.87471009,215.9324181,1.569614275,0.058943384,0.90757673
,,,56.06566117,0.277428673,0.016752034,4.204420968,0.078122413,0.043748551,2024,5,3128429,11.42363009,,,,
6.828038778,0.040615192,0.00385,98.48872479,0.519930755,0.030953659,7.120386137,0.147027981,0.080274775,2024,5,4241389,20.92827794,,,,
56.53113743,0.304433956,0.010670105,16.274725,0.067534501,0.003415965,2.321157094,0.312322129,0.148242258,2024,5,4569173,11.5734617,,,,
,,,18.85918773,0.087408221,0.00733413,1.713962844,0.022794344,0.012764833,2024,5,3054212,4.11406954,,,,
10.619594,0.070710194,0.005937148,63.72002572,0.480538603,0.026475441,4.689736002,0.120194192,0.0646688,2024,5,4362249,15.4060641,,,,
53.70461968,0.313729546,0.013996973,27.08240725,0.09098072,0.003743151,3.294861469,0.164328444,0.079021804,2024,5,4239996,13.6836004,,,,
64.67858623,0.439086951,0.0243,15.38479433,0.080479725,0.004169573,2.083048179,0.16342151,0.077149239,2024,5,3045147,13.11374096,,,,
71.09117978,0.916374719,0.041633361,18.48297776,0.068192529,0.005314892,2.501922149,0.081134132,0.038436056,2024,5,4567048,17.38590779,,,,
,,,41.73581435,0.173758885,0.013885486,4.111169107,0.079511292,0.044526324,2024,5,15818,9.26812218,,,,
42.20999887,0.233990589,0.022473522,17.65426304,0.096715059,0.007573814,2.284734731,0.103227684,0.049413506,2024,5,4360516,10.24387241,,,,
,,,49.46944592,0.225760256,0.013806815,4.487257038,0.086199252,0.048271581,2024,5,4241463,10.72210763,,,,
45.14935631,0.230834385,0.021867452,17.97187448,0.07989249,0.004756335,2.284085304,0.082092176,0.039112157,2024,5,4038815,10.43775889,,,,
,,,48.52757609,0.303669208,0.013477452,3.534077183,0.067366868,0.037725446,2024,5,3886598,10.16213005,,,,
10.95186869,0.092718435,0.003372237,1.843490168,0.010915758,0.000484463,0.238784048,0.023465332,0.010995634,2024,5,4372561,2.18579018,,,,
25.25118295,0.330609987,0.009249218,,,,,0.254779329,0.121546292,2024,5,4426338,14.41962362,207.3290129,0.825748144,0.049861325,0.783578095
12.38346601,0.136255522,0.004955713,,,,,0.539436449,0.257852617,2024,5,4361741,19.16585903,285.4644165,1.790553647,0.079468382,0.569087455
2.681461682,0.013451879,0.000718621,53.75642063,0.103085913,0.007003542,5.410943644,0.107972226,0.059381453,2024,5,3916433,11.69090329,0.969836282,0.00230267,0.000175896,0.005471342
3.536136728,0.019366744,0.001194073,40.61218496,0.127629073,0.010708926,3.888468294,0.077445119,0.042336756,2024,5,4372016,9.12645385,,,,
,,,56.42951516,0.429728223,0.021745642,4.236417533,0.065021457,0.036412016,2024,5,4040655,12.43012164,,,,
12.69817484,0.119053002,0.009996229,,,,,0.434863394,0.208054994,2024,5,4036378,19.99665711,282.0853408,2.147406769,0.118312122,0.856242906
7.058423363,0.053123179,0.00245336,49.97035141,0.295160935,0.017712887,3.70842232,0.095296822,0.051253383,2024,5,4683062,11.44134421,,,,
,,,35.48723981,0.23112524,0.014134921,3.376402834,0.041399424,0.023183678,2024,5,3123076,8.29487274,,,,
,,,64.61971413,0.312766526,0.023274552,5.4037689,0.102500142,0.057400079,2024,5,4035687,13.67679442,,,,
,,,43.43750485,0.258315176,0.013498263,4.573738856,0.051736825,0.028972622,2024,5,4385690,10.43779968,,,,
73.53831862,0.395429555,0.022473631,19.27919749,0.065411755,0.003839973,2.850826302,0.118942058,0.056442178,2024,5,4241416,14.84050663,,,,
13.14021709,0.116460202,0.00773684,,,,,0.403219192,0.193006036,2024,5,4432577,17.61843986,269.7561677,1.518343562,0.080097822,0.529120633
,,,33.2874468,0.229122185,0.011594326,2.524532773,0.020287265,0.011360868,2024,5,4360248,7.22901328,,,,
57.3286096,0.387856666,0.010850763,16.29971507,0.070534155,0.004259079,2.700292333,0.173986696,0.082860317,2024,5,4361579,12.68256478,,,,
,,,59.25502582,0.357550451,0.021866704,4.802690518,0.080336097,0.044988214,2024,5,2976499,12.82937079,,,,
,,,28.39929988,0.199746175,0.023322242,3.166582408,0.030126485,0.016870832,2024,5,15835,7.21869027,,,,
,,,50.26502746,0.327771334,0.019513603,4.883233942,0.051763012,0.028987287,2024,5,4242355,11.85878532,,,,
7.144210559,0.038223848,0.002539338,49.50842984,0.238850509,0.012600182,3.507741274,0.086223842,0.046277831,2024,5,4366031,10.77544883,,,,
1.713121722,0.015335588,0.000569447,67.66510052,0.279013201,0.017481201,5.052370571,0.093465732,0.051803923,2024,5,4361370,13.69124498,,,,
,,,51.81448978,0.294334388,0.021902923,4.361902459,0.070305912,0.039371311,2024,5,4688813,11.33662793,,,,
,,,26.9574597,0.196688749,0.009948721,2.635390446,0.024979167,0.013988333,2024,5,3046439,6.50384969,,,,
1.686794036,0.011734142,0.000755753,39.97179176,0.216618848,0.017310528,3.061394873,0.066717891,0.03681302,2024,5,4431299,8.56164191,,,,
,,,43.63659995,0.354043593,0.019506155,3.989183764,0.0457961,0.025645816,2024,5,4572680,10.466038,,,,
50.45282412,0.500579283,0.02311799,13.35344692,0.072163568,0.004330604,1.997553314,0.079981177,0.037987732,2024,5,3059915,11.79567125,,,,
,,,31.08413497,0.237440794,0.00963317,3.278830797,0.042607505,0.023860203,2024,5,4243331,7.78455699,,,,
,,,37.26137027,0.250702651,0.012703962,3.61636618,0.041049244,0.022987577,2024,5,4361411,8.82723788,,,,
54.70873204,0.320443622,0.018494839,20.79231079,0.07380812,0.004513881,3.191640687,0.075729603,0.036477421,2024,5,4372019,13.08231602,,,,
59.00811124,0.230581726,0.012318041,14.32205865,0.07154882,0.004860947,2.223849371,0.127608995,0.060342111,2024,5,4048244,11.28668939,,,,
6.9220709,0.078741532,0.005560115,,,,,0.366670674,0.175582713,2024,5,8439,14.13665474,245.3452727,1.162029448,0.080969513,0.660742035
,,,46.20233841,0.232461365,0.018117924,4.274258332,0.070849813,0.039675895,2024,5,2577327,10.24801642,,,,
30.1856906,0.379855996,0.012426876,20.04373795,0.103437946,0.012077351,2.562466907,0.111842889,0.054565191,2024,5,3068267,10.49237348,,,,
,,,45.25116684,0.298936648,0.015620938,3.571381373,0.071427627,0.039999471,2024,5,4635008,9.84324488,,,,
19.63187093,0.185043719,0.008407032,,,,,0.465544535,0.222575696,2024,5,15864,17.29110923,266.4379053,1.318464008,0.102760432,0.751597977
18.00231001,0.103432872,0.006661732,,,,,0.590511308,0.282172695,2024,5,4431611,13.36547887,215.5052898,1.066177101,0.085200751,0.78762447
,,,29.81140977,0.198905881,0.010492966,3.10814457,0.034557095,0.019351973,2024,5,3117256,7.26591482,,,,
25.69001243,0.156629022,0.006987969,0.987295455,0.004254932,0.000175057,0.136359554,0.079834711,0.036891814,2024,5,4429013,3.71204249,,,,
6.494296169,0.071202984,0.005776716,,,,,0.678315359,0.324904425,2024,5,14880,15.52528273,234.9699918,1.772768782,0.089707851,0.800139936
,,,74.82224183,0.421835119,0.024763678,5.366659575,0.100649376,0.05636365,2024,5,3932905,15.31935253,,,,
1.467134279,0.008773876,0.000842683,57.21956624,0.231163296,0.018102536,5.936531543,0.086912397,0.048352233,2024,5,4569587,13.1883026,,,,
30.54142955,0.142712441,0.008799059,7.807435164,0.062086703,0.005209486,1.131249899,0.073491423,0.034884209,2024,5,2576414,6.15511791,,,,
1.342717136,0.016094849,0.000694158,68.12901361,0.350683233,0.01422751,6.4339961,0.117477258,0.065389841,2024,5,3116165,15.48400332,,,,
2.656409948,0.063550416,0.002914567,,,,,0.409554724,0.196293932,2024,5,12483,14.34576354,263.2490307,1.206747142,0.08619922,0.72728473
1.420011071,0.011972822,0.000795394,63.99700062,0.28661031,0.015119675,5.507418469,0.078788225,0.043828157,2024,5,2976212,13.78687425,,,,
43.67440298,0.200087124,0.016233119,7.050941542,0.036913824,0.001867959,1.072058302,0.060402192,0.02841853,2024,5,4373626,7.54755954,,,,
7.674128718,0.058723685,0.002180551,1.607353492,0.010910022,0.000683553,0.221269504,0.016050667,0.007532743,2024,5,4599739,1.55830629,,,,
11.91043408,0.037163796,0.001985349,8.281685612,0.027810002,0.00188938,1.250940405,0.024659175,0.012082451,2024,5,2576336,3.67207723,,,,
,,,67.76491259,0.44409037,0.019709626,4.432302491,0.079183791,0.044342923,2024,5,4360438,13.82615738,,,,
,,,30.78872891,0.17018195,0.013599645,3.405222288,0.040187541,0.022505023,2024,5,4258595,7.48843812,,,,
44.36358588,0.436079643,0.024880535,22.00161906,0.101239624,0.005104275,2.983835404,0.083090012,0.039906468,2024,5,4035676,12.82662418,,,,
,,,29.68734812,0.22966676,0.011579284,2.858575755,0.02297165,0.012864124,2024,5,3116164,7.20334745,,,,
10.35081494,0.110613204,0.010478634,,,,,0.606301704,0.290232662,2024,5,2577417,18.0908084,288.3185243,1.666695509,0.099225376,0.731219013
,,,62.83960727,0.188355489,0.007749367,5.257035786,0.098939438,0.055406085,2024,5,3895856,12.57842601,,,,
32.48563505,0.208958619,0.014755034,13.1383161,0.05617807,0.003914454,1.848417648,0.084353723,0.040363146,2024,5,4685247,7.96047158,,,,
3.176623361,0.018374162,0.001044267,51.0670392,0.214239818,0.012576871,4.039170828,0.091098868,0.049983821,2024,5,4430034,10.79592682,,,,
,,,26.19156004,0.238224221,0.013019059,2.234343099,0.020520328,0.011491384,2024,5,4361050,6.28644158,,,,
,,,4.047642361,0.020792789,0.001271624,0.388141654,0.007762833,0.004347187,2024,5,4369863,0.9117167,,,,
0.836188026,0.003493235,0.000122434,32.95788621,0.065289839,0.003302428,2.843826267,0.059694839,0.033147279,2024,5,4427095,6.5780653,,,,
21.15708269,0.160432115,0.015198089,11.12565087,0.072233449,0.00430036,1.630636688,0.060538397,0.029175475,2024,5,3051392,6.23714538,,,,
99.38835927,0.841682295,0.030612602,13.17247871,0.058423986,0.002592974,1.68470343,0.185144592,0.086498182,2024,5,4360569,18.2397297,,,,
,,,33.3881121,0.169555991,0.011814559,2.710597622,0.038228653,0.021408046,2024,5,3045138,7.0485658,,,,
,,,34.05293075,0.191126065,0.010445124,2.576882245,0.043567715,0.02439792,2024,5,4360939,7.10217812,,,,
14.32763352,0.105246632,0.003033302,24.83341088,0.160487152,0.008770694,3.245900012,0.061652677,0.031475621,2024,5,4038441,8.78295637,,,,
5.294256439,0.046212001,0.001715962,60.69084414,0.300313453,0.018815741,4.255749993,0.10358935,0.056162601,2024,5,4032473,12.97351305,,,,
46.25208318,0.189021251,0.006625005,15.98536562,0.06821455,0.003450363,2.204251819,0.157564007,0.075056409,2024,5,4360294,9.84560742,,,,
25.22770745,0.227732964,0.006906701,4.563935044,0.028556774,0.001492235,0.682388769,0.053779983,0.025314864,2024,5,4429501,5.19198935,,,,
41.43047538,0.309665356,0.008663266,9.130396099,0.024757027,0.001494909,1.47909718,0.086481492,0.040970245,2024,5,4722893,8.48238049,,,,
22.43955212,0.109594822,0.006059555,3.470389572,0.020227197,0.001047951,0.485588865,0.050407037,0.023597171,2024,5,4429275,3.82386782,,,,
,,,35.87272623,0.157698544,0.01098834,3.49652784,0.047797012,0.026766327,2024,5,3915486,7.99969575,,,,
,,,20.11744286,0.111800301,0.005842126,1.294965643,0.02337513,0.013090073,2024,5,3051738,3.96363384,,,,
,,,24.7795349,0.115514868,0.00706454,2.465288599,0.047668727,0.026694487,2024,5,4372414,5.5983314,,,,
,,,18.42122591,0.166102023,0.010406902,1.646795468,0.013233727,0.007410887,2024,5,3929645,4.49187143,,,,
28.19658784,0.145224373,0.007389149,5.889281222,0.033352555,0.001252481,0.945604828,0.043625278,0.020626423,2024,5,4242431,5.40283572,,,,
,,,32.60041421,0.176994777,0.007281962,3.086703252,0.035435563,0.019843915,2024,5,4430539,7.38452543,,,,
,,,6.788826656,0.014753816,0.000890883,0.556159461,0.011123189,0.006228986,2024,5,4686472,1.50209208,,,,
14.39344031,0.115259031,0.005142256,,,,,0.598029159,0.286226403,2024,5,4360310,15.67857737,268.6532319,1.130507703,0.04651162,0.633557938
4.021142387,0.020381269,0.001653538,43.55763367,0.303944978,0.015380602,4.085335353,0.092470615,0.050707154,2024,5,3728262,10.76816073,,,,
,,,50.83147663,0.297935714,0.012257743,3.224125215,0.060275797,0.033754446,2024,5,4243537,10.05348376,,,,
65.81849137,0.414259156,0.027520618,10.98034776,0.058386027,0.003080063,1.614946069,0.152204148,0.071541305,2024,5,4240021,12.05283983,,,,
,,,15.98234438,0.094500155,0.005671044,1.613787617,0.014821113,0.008299823,2024,5,4240472,3.77415663,,,,
,,,48.87234397,0.240402898,0.017172232,3.672712047,0.073454241,0.041134375,2024,5,3043116,9.95637755,,,,
1.676862034,0.012099276,0.000698326,,,,,0.005095143,0.002343766,2024,5,2969939,0.23712538,,,,
4.626088188,0.073029041,0.002711743,,,,,0.365511062,0.17500429,2024,5,16757,12.7834672,224.1031285,1.146691135,0.07184441,0.738484636
,,,27.17743935,0.17897229,0.013318241,1.817064596,0.033666236,0.018853092,2024,5,4360078,5.59846057,,,,
,,,36.8267699,0.198738533,0.013847981,2.914652861,0.041106527,0.023019655,2024,5,3128390,7.7725037,,,,
,,,24.49524443,0.125244591,0.009761501,2.73762977,0.021999723,0.012319845,2024,5,4036131,5.93408587,,,,
2.830925653,0.034321411,0.001040902,30.12673487,0.221304307,0.011564259,3.08130531,0.058132114,0.031684774,2024,5,3121427,7.87420244,,,,
,,,58.72792304,0.456119457,0.02513006,3.634618552,0.072692371,0.040707728,2024,5,4428850,12.21489226,,,,
48.18427591,0.597840644,0.018793346,,,,,0.771544704,0.366450938,2024,5,4362887,20.14735325,205.3553624,1.320902238,0.066934643,0.60741788
,,,12.44255607,0.124703432,0.006516379,1.189883989,0.013688729,0.007665689,2024,5,3930086,3.18042277,,,,
,,,38.67448135,0.21898616,0.01134545,3.235092403,0.064586452,0.036168413,2024,5,4360761,8.36851557,,,,
,,,2.287208607,0.010123664,0.000594306,0.20032589,0.004006518,0.00224365,2024,5,4695883,0.48659565,,,,
,,,44.40264369,0.262234728,0.015611933,3.427045518,0.06854091,0.03838291,2024,5,4249417,9.3969883,,,,
7.85218618,0.129809249,0.004489493,,,,,0.496925554,0.237808923,2024,5,11252,13.454678,214.6935268,1.280481308,0.095287144,0.778068921
2.721588491,0.013502494,0.000721325,52.95888292,0.069330019,0.004710204,4.227511373,0.093540796,0.051483789,2024,5,4428718,10.26327402,,,,
34.45508931,0.246968464,0.015906334,7.918647156,0.027490542,0.002196835,1.169902218,0.074396294,0.035175555,2024,5,4426386,7.02184713,,,,
,,,44.46151297,0.274610502,0.019615718,4.146596397,0.038082566,0.021326237,2024,5,4242557,10.23799767,,,,
,,,23.48604415,0.174292267,0.007071182,2.10551691,0.034339478,0.019230108,2024,5,2976592,5.47646307,,,,
,,,13.66147019,0.028012746,0.001416914,1.177323814,0.023546476,0.013186027,2024,5,4429022,2.68863308,,,,
27.08481776,0.198953821,0.0115,,,,,0.668804382,0.31956441,2024,5,3122840,15.51388102,223.6325322,1.192326344,0.072919074,0.825139838
7.864530728,0.096402871,0.003334123,17.8388795,0.120760041,0.00898637,1.284920478,0.051783997,0.026390479,2024,5,4597500,5.131467,,,,
,,,49.30524381,0.248020258,0.019422615,3.567253875,0.071345077,0.039953243,2024,5,3916945,9.94672255,,,,
0.828639297,0.00436221,0.000152891,27.66840258,0.09263144,0.004685394,2.468703477,0.052192384,0.028945903,2024,5,4430637,5.85353433,,,,
28.93451977,0.157151158,0.015093513,,,,,0.511915376,0.244218846,2024,5,3917792,16.79063061,237.6994295,1.268689515,0.099351835,0.691208279
59.00168231,0.669510642,0.023155233,9.628556503,0.041434462,0.00308335,1.294537372,0.105637121,0.049467354,2024,5,4241401,12.37956434,,,,
5.041550641,0.019455999,0.001199577,1.326987808,0.008337178,0.000699545,0.189745327,0.011701243,0.005542754,2024,5,4682745,0.98637997,,,,
31.6452977,0.141124933,0.008020619,12.62693361,0.022244937,0.001305881,1.894987745,0.091070782,0.043840851,2024,5,4045163,7.23580739,,,,
,,,7.621339672,0.070429157,0.004192943,0.775767154,0.00890586,0.004987281,2024,5,4372096,1.95912259,,,,
31.75388146,0.212338188,0.009806303,10.88276596,0.062105102,0.003726986,1.449200461,0.070202981,0.033516786,2024,5,4714365,7.34047957,,,,
,,,33.78096783,0.13849892,0.008311451,3.086743222,0.061734864,0.034571524,2024,5,3120348,7.24494538,,,,
24.74969927,0.133339031,0.006157926,9.778478398,0.040858885,0.00245198,1.323838579,0.052641972,0.02527026,2024,5,3116389,5.78991513,,,,
,,,25.37725001,0.093142174,0.010875223,2.10902205,0.035198757,0.019711304,2024,5,3917914,5.24921088,,,,
3.633930608,0.031694949,0.000996343,24.55439299,0.120430549,0.006102629,1.749231038,0.047298188,0.025255629,2024,5,4243389,5.57105819,,,,
,,,9.778047804,0.037672156,0.001549917,0.859746737,0.017194935,0.009629163,2024,5,4432620,2.07347327,,,,
,,,29.54030446,0.188916621,0.009524753,2.371567297,0.047431346,0.026561554,2024,5,4368003,6.42627787,,,,
22.79417856,0.264499037,0.009821483,8.50248977,0.023232222,0.001455584,1.374472831,0.058976515,0.028124013,2024,5,2980453,6.22903916,,,,
36.76715123,0.188418948,0.011617134,,,,,0.571360153,0.271803511,2024,5,4035671,13.75222118,176.8663229,0.881579025,0.073970331,0.649302279
,,,61.64421804,0.194326481,0.013880945,4.101018157,0.075865262,0.042484546,2024,5,4360797,11.37619565,,,,
6.087846074,0.05553074,0.00168,9.013551977,0.039678219,0.002073386,0.991876513,0.021656396,0.010877487,2024,5,3915411,3.07967988,,,,
,,,28.84901229,0.211808323,0.016586836,2.72166334,0.03124488,0.017497133,2024,5,4429148,6.87641591,,,,
37.02309762,0.202235877,0.016980639,10.57311258,0.057657136,0.00317664,1.337849591,0.09406089,0.044589617,2024,5,4887558,7.61044801,,,,
,,,4.461862627,0.034616216,0.001404409,0.487989457,0.005602152,0.003137205,2024,5,4372505,1.13855502,,,,
22.89690844,0.17587655,0.010150954,1.778117789,0.006957979,0.000425529,0.268272,0.047194981,0.021955352,2024,5,3125116,3.81127206,,,,
1.884561213,0.006228289,0.000218295,29.14677969,0.124550309,0.006299884,2.702367741,0.059641479,0.032835967,2024,5,3045523,6.53910984,,,,
,,,5.001508695,0.034246717,0.002873527,0.451643987,0.007380861,0.004133282,2024,5,16733,1.15495065,,,,
,,,15.38258634,0.10653799,0.006674996,1.344442386,0.017949275,0.010051594,2024,5,3843945,3.51564976,,,,
3.567279635,0.017589221,0.000784739,1.001161692,0.002648547,0.000108967,0.136788552,0.008468973,0.004013531,2024,5,3139602,0.70904344,,,,
2.745200472,0.021964493,0.000947312,1.735595233,0.00778136,0.000315696,0.272093304,0.008002501,0.003910851,2024,5,4430871,0.94079503,,,,
,,,37.15978665,0.19317657,0.015127773,2.585472717,0.051709454,0.028957294,2024,5,4692590,7.43421976,,,,
5.58195998,0.031719395,0.003004849,14.12385281,0.09366965,0.005576547,1.146917717,0.041510703,0.021388759,2024,5,3676833,3.95627915,,,,
,,,18.14943948,0.14583938,0.008035071,1.739201183,0.019966147,0.011181043,2024,5,4428085,4.42341687,,,,
,,,16.69868886,0.043917547,0.002221395,1.664720635,0.013377774,0.007491553,2024,5,3043275,3.58790789,,,,
,,,30.34604416,0.120631445,0.014084854,2.583513146,0.051670263,0.028935347,2024,5,4426948,6.31356725,,,,
,,,13.43960964,0.083757689,0.003717335,1.698577833,0.013703566,0.007673997,2024,5,16002,3.53753341,,,,
,,,12.93121161,0.08932628,0.005462925,1.440437998,0.02203022,0.012336923,2024,5,3128452,3.25635024,,,,
,,,7.465418101,0.047221926,0.003680453,0.776414396,0.00891329,0.004991442,2024,5,4576297,1.80390098,,,,
,,,54.02532537,0.224709582,0.016051242,4.166700924,0.083334018,0.04666705,2024,5,4569382,10.90132874,,,,
40.79973109,0.476656724,0.01648532,8.121748792,0.03778783,0.002811985,1.094469308,0.091819907,0.043161108,2024,5,4429676,9.02798101,,,,
,,,24.17362022,0.070731733,0.004271009,1.998866755,0.039977335,0.022387308,2024,5,4431280,4.80544258,,,,
7.198235498,0.051574436,0.002755188,,,,,0.570412329,0.273072611,2024,5,4038524,9.84598379,217.1191413,0.515503317,0.035003265,0.737248492
1.439127087,0.010672944,0.000543049,8.575007755,0.05764828,0.002164853,0.751115041,0.019790266,0.010605752,2024,5,4382466,2.15925336,,,,
,,,4.786045952,0.014471641,0.000849552,0.37483134,0.007429862,0.004160723,2024,5,4212909,0.93383964,,,,
,,,20.6694114,0.083735008,0.00598128,1.672530901,0.026958148,0.015096563,2024,5,2310331,4.22436552,,,,
7.376825832,0.061001598,0.003466932,,,,,0.323748179,0.155019745,2024,5,14012,12.77486133,231.3004776,1.036142916,0.060826396,0.776244387
,,,33.9306241,0.191070543,0.011537453,2.871864447,0.054704592,0.030634572,2024,5,3115306,7.37460188,,,,
,,,11.0454581,0.054090293,0.003175351,1.123010394,0.012892235,0.007219652,2024,5,4431588,2.54434956,,,,
16.06196457,0.095359548,0.006335053,16.60607145,0.075666561,0.00399167,2.327167283,0.03388289,0.016961345,2024,5,2983509,6.60775229,,,,
1.592753204,0.008540464,0.000472207,35.97205119,0.177854552,0.009214464,3.317179939,0.060789747,0.033598516,2024,5,4037235,8.19409114,,,,
3.136006272,0.018369301,0.001043991,36.23777357,0.084139209,0.004939362,2.728063554,0.064876722,0.035299419,2024,5,4426485,7.22357047,,,,
,,,18.08313236,0.149996392,0.005632782,2.143809763,0.024611081,0.013782206,2024,5,3052096,4.8364505,,,,
,,,13.05682551,0.076031534,0.004763655,1.096604904,0.021932098,0.012281975,2024,5,4573697,2.84401902,,,,
,,,27.53715479,0.211148827,0.011033585,2.001023937,0.033487102,0.018752777,2024,5,2991662,6.00707599,,,,
30.49319811,0.170994523,0.016423093,11.31477424,0.050365236,0.003944132,1.539485401,0.074043575,0.035359677,2024,5,4570561,7.07754614,,,,
,,,1.356641086,0.008691663,0.000438214,0.115777343,0.002315547,0.001296706,2024,5,4429033,0.30193565,,,,
,,,22.75144676,0.134029563,0.006791737,1.458730484,0.023744219,0.013296762,2024,5,3930066,4.52566649,,,,
,,,27.78973129,0.172103811,0.008677089,2.849230483,0.032709359,0.018317241,2024,5,4427834,6.64241017,,,,
,,,23.28466917,0.1608218,0.008788983,1.749133352,0.034326526,0.019222854,2024,5,2971618,5.02256933,,,,
7.126940824,0.02619457,0.001399355,3.18423679,0.012560347,0.000853336,0.509537808,0.019481183,0.009391496,2024,5,4366963,1.75942166,,,,
,,,30.21441511,0.155652341,0.009340844,1.977179226,0.038047208,0.021306436,2024,5,3118892,5.9096056,,,,
9.97175556,0.046167511,0.002552626,3.273667269,0.014755083,0.000764446,0.482110091,0.019132902,0.009126733,2024,5,4362478,2.1698671,,,,
6.177525388,0.035479548,0.003361056,4.181464046,0.018947905,0.001128048,0.575194023,0.018574707,0.009029944,2024,5,4431453,1.9290662,,,,
,,,9.89788682,0.09729812,0.003653815,1.01680495,0.017313333,0.009695466,2024,5,3921690,2.57875625,,,,
,,,29.82909863,0.055769599,0.003367547,2.481356283,0.049627126,0.02779119,2024,5,4039057,5.75134445,,,,
,,,9.710019385,0.084628789,0.004288431,0.926197398,0.010632809,0.005954373,2024,5,4430802,2.40192099,,,,
14.09011462,0.081283553,0.002848907,,,,,0.590091753,0.2821576,2024,5,2578570,10.81098537,188.5347631,0.721139449,0.036475981,0.520805155
,,,28.06435351,0.13139708,0.015341843,1.949320677,0.038986414,0.021832392,2024,5,4361577,5.53218941,,,,
5.734277108,0.041397116,0.002389291,10.94431015,0.038138431,0.002332431,1.572842226,0.0245751,0.01271246,2024,5,4249836,3.79043979,,,,
5.86491878,0.027968189,0.000980257,1.421767891,0.005637969,0.000285174,0.208270471,0.018543729,0.008768896,2024,5,3928925,1.17646584,,,,
0.85576393,0.009083638,0.000419505,7.823599212,0.051745163,0.003105276,0.666634236,0.015973732,0.008681185,2024,5,4035004,2.04088318,,,,
,,,9.803614316,0.041894517,0.002919185,0.821382171,0.016427643,0.00919948,2024,5,4427278,2.18384399,,,,
,,,7.78963348,0.03960726,0.00308697,0.685075453,0.013701509,0.007672845,2024,5,4360405,1.69287241,,,,
,,,6.009667684,0.040574138,0.003242376,0.642528358,0.010542696,0.00590391,2024,5,3918639,1.48189529,,,,
,,,2.184078907,0.012194661,0.00076404,0.188092995,0.00199847,0.001119143,2024,5,4036335,0.48866786,,,,
,,,16.99745244,0.13736384,0.008063895,1.665022098,0.019981856,0.01118984,2024,5,4372780,4.18322589,,,,
,,,41.25213508,0.332632801,0.01832652,2.965707591,0.059314152,0.033215925,2024,5,4259305,9.0585051,,,,
,,,2.52392692,0.012580791,0.00066368,0.20011922,0.004002384,0.002241335,2024,5,4686422,0.52494695,,,,
,,,10.83538352,0.070755117,0.005540876,1.271212256,0.015842791,0.008871963,2024,5,4361516,2.77303734,,,,
1.252781123,0.006968208,0.000310885,2.318261729,0.011322716,0.000465842,0.23672908,0.008493211,0.004355292,2024,5,4039050,0.83878046,,,,
,,,7.024013862,0.039281448,0.002072231,0.618020112,0.010709801,0.005997488,2024,5,15880,1.68091248,,,,
,,,1.361199756,0.008445841,0.000708662,0.163381,0.00326762,0.001829867,2024,5,3123075,0.43637022,,,,
,,,6.975513461,0.058118042,0.002579396,0.647986858,0.007438933,0.004165803,2024,5,2975863,1.69126984,,,,
,,,4.742191204,0.026494589,0.001892536,0.467362547,0.005365354,0.003004598,2024,5,4426553,1.09846668,,,,
,,,4.801586144,0.031978075,0.001686953,0.484593246,0.005563163,0.003115371,2024,5,4426496,1.15391047,,,,
,,,12.4349779,0.081918241,0.006095954,1.136721152,0.01343108,0.007521405,2024,5,4039160,2.86923209,,,,
1.81361306,0.011077274,0.001049375,10.75002563,0.045723751,0.002722127,1.452552787,0.016182136,0.008670027,2024,5,4383396,3.04035296,,,,
,,,5.957596465,0.033327276,0.002012408,0.615741051,0.007121049,0.003987788,2024,5,3911853,1.40770139,,,,
,,,15.12409093,0.071930214,0.0043166,1.157918679,0.023158374,0.012968689,2024,5,4430191,3.08521688,,,,
,,,2.664032116,0.01266305,0.000475533,0.479426134,0.00480974,0.002693454,2024,5,4012556,0.817499,,,,
,,,9.772060772,0.0663705,0.002492397,0.946188802,0.018923776,0.010597315,2024,5,3115255,2.36199886,,,,
20.19395166,0.136192586,0.006246102,1.880119439,0.006498606,0.000464202,0.26261521,0.034973899,0.016265353,2024,5,4243003,3.30798337,,,,
4.141258338,0.017810079,0.000951443,23.70224465,0.027180995,0.001846646,1.980599701,0.053097847,0.028386209,2024,5,4036211,5.0199286,,,,
,,,14.46756896,0.046092764,0.002783229,1.471126053,0.016888627,0.009457631,2024,5,4360231,3.18153653,,,,
,,,10.92781842,0.057325376,0.003994398,1.190494597,0.013666959,0.007653497,2024,5,4361372,2.6202711,,,,
,,,11.51006027,0.123074288,0.009158585,0.861747467,0.013534428,0.007579279,2024,5,2998565,2.75471543,,,,
2.462890378,0.01118893,0.000689863,2.618355198,0.01214347,0.001018918,0.38131726,0.009374133,0.004677041,2024,5,3917668,1.0237469,,,,
,,,22.08926782,0.190374503,0.010488749,1.711318978,0.03422638,0.019166773,2024,5,4689334,5.04604273,,,,
,,,5.651818718,0.046418125,0.002352165,0.553776007,0.006357386,0.003560136,2024,5,4241961,1.39521869,,,,
,,,8.56655223,0.066055316,0.003422259,0.886929893,0.010182015,0.005701929,2024,5,4426844,2.13562647,,,,
,,,21.08251227,0.117308255,0.006983853,1.566395669,0.031327913,0.017543631,2024,5,4692835,4.35820487,,,,
,,,1.455648161,0.011597572,0.000633812,0.205275241,0.001732933,0.000970442,2024,5,2975417,0.41979795,,,,
,,,5.926301317,0.037184999,0.003120068,0.742784911,0.005969055,0.003342671,2024,5,3052897,1.55823763,,,,
,,,1.344289657,0.007223407,0.000364188,0.10780121,0.002156024,0.001207374,2024,5,4257188,0.40524585,,,,
,,,7.11175082,0.043444868,0.002190393,0.781816373,0.011089326,0.006210022,2024,5,3127310,1.74591421,,,,
,,,5.646289849,0.038272508,0.002278523,0.477369224,0.005072002,0.002840321,2024,5,5083754,1.27064346,,,,
,,,6.220485778,0.033161473,0.001680405,0.470193551,0.007578662,0.004244051,2024,5,3914397,1.28628347,,,,
,,,5.569645959,0.024073604,0.001876285,0.515548672,0.008723241,0.004885015,2024,5,4243160,1.25281819,,,,
,,,6.185940133,0.048806163,0.001832807,0.480233509,0.007740488,0.004334673,2024,5,3122168,1.38686537,,,,
,,,3.85654081,0.038508756,0.002104521,0.38631712,0.004434947,0.00248357,2024,5,4241263,1.00238264,,,,
,,,7.561024893,0.029285364,0.002282487,0.7567508,0.011679733,0.00654065,2024,5,2971281,1.68035755,,,,
,,,2.014057102,0.019503276,0.000986929,0.229826667,0.002638426,0.001477518,2024,5,4035020,0.54734046,,,,
,,,6.565214675,0.056667579,0.004754786,0.681169216,0.007819869,0.004379127,2024,5,4365395,1.67865388,,,,
4.295378276,0.028898986,0.00277559,4.584647001,0.034176978,0.00267642,0.431048161,0.022179794,0.011064802,2024,5,4240573,1.78809002,,,,
,,,2.296013947,0.016069135,0.000964324,0.225525132,0.002589044,0.001449865,2024,5,4430723,0.55063865,,,,
,,,3.115321886,0.008272033,0.000499492,0.473403151,0.003996467,0.002238022,2024,5,2515270,0.83119608,,,,
,,,7.762217413,0.028661799,0.001449744,0.624424817,0.012488496,0.006993558,2024,5,4362921,1.56185912,,,,
,,,15.95226065,0.100335952,0.006816713,1.869423122,0.031680999,0.017741359,2024,5,4040774,4.04564961,,,,
,,,6.125475466,0.05438409,0.004046997,0.552018209,0.006337206,0.003548836,2024,5,4722908,1.49203402,,,,
,,,5.506981486,0.037016373,0.001642861,0.411765501,0.00823531,0.004611774,2024,5,4372063,1.23919421,,,,
,,,3.869893895,0.021418043,0.002500758,0.415516477,0.006838064,0.003829316,2024,5,4048228,0.92853761,,,,
,,,2.294513672,0.016330961,0.001278887,0.230710084,0.002648567,0.001483198,2024,5,2531358,0.5578088,,,,
21.39640934,0.260480991,0.009008816,3.270839563,0.020242813,0.001506371,0.429997536,0.047672918,0.022292546,2024,5,4569609,4.55877053,,,,
,,,2.151345511,0.014806339,0.001101815,0.1715924,0.003431848,0.001921835,2024,5,4061956,0.47401555,,,,
21.83893912,0.157550887,0.004952672,6.371197145,0.037094719,0.001879717,0.793191054,0.050875325,0.024072261,2024,5,4248068,4.74894257,,,,
,,,2.659118705,0.020281526,0.001207444,0.259185017,0.002975462,0.001666258,2024,5,4360967,0.64594702,,,,
,,,14.75548084,0.068011932,0.002798163,1.490925763,0.017115929,0.00958492,2024,5,4040612,3.36142373,,,,
1.128233005,0.010341718,0.000384013,1.538129379,0.007183028,0.000450043,0.216713395,0.004428833,0.002220213,2024,5,3929914,0.5858428,,,,
,,,16.59151425,0.10409848,0.008152014,1.482907435,0.029658149,0.016608563,2024,5,4362227,3.75051664,,,,
,,,5.937015897,0.026061413,0.001573672,0.627600484,0.007204896,0.004034742,2024,5,4383440,1.37293861,,,,
,,,4.884096579,0.02581059,0.001843678,0.463301925,0.005318738,0.002978493,2024,5,4239944,1.10444589,,,,
3.436574761,0.02815324,0.000787621,1.633567787,0.006949114,0.00041961,0.237748529,0.00866687,0.004181761,2024,5,4361604,0.94965645,,,,
2.804400795,0.013260177,0.001273568,1.890724834,0.012079236,0.000945932,0.251175426,0.007620585,0.003711483,2024,5,4367510,0.8699415,,,,
,,,2.15112679,0.012222642,0.000717526,0.217795881,0.002500311,0.001400174,2024,5,4034948,0.50494512,,,,
6.280352469,0.038288331,0.002543622,,,,,0.010784323,0.004960788,2024,5,4373273,0.8532159,,,,
,,,12.36048223,0.080635431,0.003271446,1.114557844,0.022291157,0.012483048,2024,5,5097554,2.87693699,,,,
,,,4.147693091,0.033351928,0.002039703,0.484488475,0.005561961,0.003114698,2024,5,4362018,1.09736636,,,,
4.977047873,0.029701999,0.000933694,3.214473078,0.020587409,0.001043235,0.412138486,0.013874379,0.006730142,2024,5,4039274,1.5238866,,,,
,,,1.611994354,0.012296997,0.0010318,0.171695586,0.001971077,0.001103803,2024,5,4047422,0.40658502,,,,
,,,2.41852325,0.011064826,0.000455232,0.258899784,0.002972187,0.001664425,2024,5,3914151,0.56480128,,,,
,,,6.627849604,0.014225644,0.000966474,0.636949138,0.012738983,0.00713383,2024,5,3919510,1.37308985,,,,
,,,78.78952157,0.379037659,0.019543822,6.96859981,0.103682994,0.058062477,2024,6,4374302,17.04747661,,,,
,,,86.60408207,0.538468056,0.02787552,6.541762608,0.119071624,0.066680109,2024,6,4362628,18.35851397,,,,
70.96383965,0.436664336,0.033358262,34.49844138,0.221150259,0.00950201,3.76808721,0.152389854,0.072956425,2024,6,4430807,18.20503658,,,,
60.83449179,0.682811565,0.018011579,22.65621932,0.148884167,0.007676719,3.006048564,0.1119478,0.053562906,2024,6,4429795,16.29250285,,,,
62.85584876,0.398610253,0.011519923,,,,,0.610710604,0.290397752,2024,6,3916387,22.32320561,220.1675764,1.591409527,0.074409854,0.566792998
90.79911021,0.971345213,0.028072089,12.92048421,0.086468037,0.004043003,1.5676729,0.16907156,0.07909651,2024,6,3043078,18.19701301,,,,
73.55451348,0.470855923,0.035084426,17.92799446,0.089152507,0.004737101,2.3747513,0.203102852,0.096029445,2024,6,4047365,14.77600084,,,,
,,,60.48861578,0.186407391,0.014278715,5.757660703,0.066098335,0.037015068,2024,6,4432665,12.88123992,,,,
,,,69.95489707,0.398920182,0.014827008,5.380240843,0.059430576,0.033281122,2024,6,3040151,14.73390941,,,,
,,,52.14613291,0.285234296,0.016693047,5.589358309,0.070713387,0.039599497,2024,6,4361307,12.47143048,,,,
51.30868902,0.951375438,0.029914924,,,,,0.639693039,0.30396583,2024,6,4426348,24.44683377,278.1073099,1.032949002,0.104916544,0.663483721
11.02114366,0.12587873,0.008678178,,,,,0.516667727,0.247256728,2024,6,3915511,18.82851441,281.2541036,1.817607041,0.094094239,0.637058012
60.87018596,0.337297391,0.029583016,34.40681895,0.148937043,0.008658373,4.374510792,0.20649724,0.100225603,2024,6,4427366,16.70110346,,,,
,,,63.98725153,0.443225545,0.015874066,4.717524528,0.066533154,0.037258567,2024,6,16737,13.73459195,,,,
38.5500877,0.511606387,0.015438306,,,,,0.580213725,0.276531952,2024,6,3918298,18.06840426,197.6839522,1.204680931,0.055711517,0.593430192
101.8940118,0.648929376,0.0329,19.21684521,0.125563712,0.010733308,2.502880038,0.131850367,0.062091511,2024,6,3929630,19.22748786,,,,
1.248849909,0.006324347,0.000554683,76.61017362,0.448088431,0.026049375,6.206054913,0.128342344,0.071449588,2024,6,4569618,16.63213287,,,,
,,,85.22952143,0.740663095,0.031823557,6.727563838,0.129679295,0.072620405,2024,6,4426502,19.61632686,,,,
,,,75.41016118,0.474929659,0.040597449,4.824198362,0.09215861,0.051608822,2024,6,4047646,15.19519969,,,,
,,,68.18283883,0.458015412,0.023710632,5.169906757,0.08288738,0.046416933,2024,6,4239993,14.69306051,,,,
75.24615975,0.532863246,0.032086642,21.5032945,0.198400344,0.009921102,2.796759603,0.097668484,0.046280861,2024,6,3116385,16.85332033,,,,
,,,41.10304994,0.300080935,0.01547268,4.133863333,0.033219922,0.018603156,2024,6,4430027,10.03926898,,,,
,,,91.66356142,0.263853053,0.026799533,6.040775439,0.100297435,0.056166564,2024,6,3121422,16.73416184,,,,
,,,76.14781088,0.374853379,0.025181546,5.218798938,0.099842601,0.055911857,2024,6,4047650,15.02387368,,,,
1.483986966,0.009228759,0.000357844,66.21349608,0.320254474,0.012475168,4.843565333,0.101437847,0.05634854,2024,6,4432773,13.50585798,,,,
3.686940461,0.030220538,0.00087338,63.19804178,0.381310329,0.017829004,4.910056946,0.090511232,0.049747935,2024,6,4429615,14.00803727,,,,
58.50965517,0.383890423,0.016832128,22.14461343,0.110021794,0.003940416,2.887812243,0.169751526,0.081146711,2024,6,4596448,13.80576617,,,,
78.03815154,0.517220874,0.018573167,33.39094156,0.127148336,0.007703963,4.373393335,0.120188167,0.057656534,2024,6,3054850,19.3229331,,,,
,,,60.27962225,0.491511372,0.019931129,4.344557471,0.086891149,0.048659044,2024,6,4426354,13.2664241,,,,
50.4460718,0.311803755,0.0215,16.14330222,0.075920206,0.003930252,2.292202421,0.088913676,0.04249871,2024,6,4362238,11.28015718,,,,
3.221366001,0.032847393,0.001680468,68.55943458,0.366210616,0.03553767,5.200397946,0.090522364,0.049813393,2024,6,3915416,14.75002355,,,,
,,,65.90681538,0.490687399,0.028716981,5.004748772,0.100094975,0.056053186,2024,6,4432708,14.48752229,,,,
14.93958914,0.168401611,0.007383767,,,,,0.581036498,0.277833385,2024,6,3052587,17.42657954,261.609551,1.604431696,0.057462516,0.774641829
,,,60.83725249,0.297500051,0.019985177,5.127853001,0.082651637,0.046284917,2024,6,4430878,12.94616308,,,,
69.13736464,0.704603191,0.036047397,23.76174475,0.107995923,0.010480099,2.862479791,0.140348744,0.06663512,2024,6,4259545,16.99147817,,,,
46.27893715,0.58495626,0.029634614,,,,,0.720143075,0.342287959,2024,6,4040715,19.99978878,216.7830764,1.281971213,0.109584144,0.774966
41.05843535,0.175707476,0.012042461,,,,,0.557171496,0.265763353,2024,6,3917315,17.77800992,219.6215477,1.377958543,0.080643623,0.673660006
,,,26.54490363,0.233142078,0.010901071,2.32936446,0.029846421,0.016713996,2024,6,3116365,6.37186744,,,,
19.92325001,0.161904785,0.00819913,20.68243716,0.049786571,0.003344515,2.978591147,0.031560142,0.015774928,2024,6,4426385,8.30167943,,,,
69.00129133,0.356758333,0.0125,14.41888856,0.123568881,0.005010804,2.118736067,0.114176948,0.053762101,2024,6,4241457,13.27322675,,,,
11.00075806,0.169438455,0.006932059,77.10656149,0.331395353,0.012317255,4.583392317,0.135729081,0.071425063,2024,6,3126486,16.30774946,,,,
,,,61.01804584,0.388013415,0.033167764,4.894014552,0.08431606,0.047216994,2024,6,4241478,13.29802717,,,,
,,,52.89838996,0.214521793,0.011906388,4.498428394,0.089968568,0.050382398,2024,6,4612826,11.00082213,,,,
,,,60.46042621,0.282438035,0.01441817,4.389044757,0.081359291,0.045561203,2024,6,3128429,12.06957752,,,,
70.41525035,0.464135385,0.015700732,25.89234489,0.086557284,0.00372371,3.344841397,0.111365837,0.053160066,2024,6,3916148,16.21522569,,,,
7.705992752,0.043370564,0.004033926,86.7401017,0.524002161,0.029268504,6.375713439,0.134656085,0.073233582,2024,6,4241389,19.14824893,,,,
10.46413497,0.06190657,0.004612784,63.64485922,0.380911222,0.020239645,4.803845073,0.121728906,0.065602987,2024,6,4362249,14.82957789,,,,
50.37174941,0.297282692,0.011527101,28.77124997,0.124369511,0.00484468,3.643905228,0.140230534,0.068060668,2024,6,4239996,13.98844261,,,,
1.51613332,0.014137764,0.000478251,56.69129165,0.330086974,0.014200402,3.788299061,0.067986797,0.037640582,2024,6,3925357,11.63026013,,,,
4.135960025,0.045775411,0.001207489,54.86979697,0.291792465,0.015045313,3.171449711,0.075362726,0.040998441,2024,6,4426388,11.04993339,,,,
80.64525797,0.434275444,0.029763931,12.38241564,0.071828582,0.004203695,1.777383469,0.175330603,0.082211563,2024,6,3045147,14.02491311,,,,
75.33135459,0.186492193,0.015774302,16.62948958,0.0855179,0.004746414,2.687659529,0.112524943,0.053335334,2024,6,4241985,13.45314527,,,,
64.60234653,0.691207931,0.035003928,27.53855278,0.098798062,0.006636963,3.524322961,0.081782885,0.03929356,2024,6,4567048,17.48530351,,,,
3.96140947,0.067988609,0.001793441,,,,,0.353142155,0.169131505,2024,6,3046779,14.4358775,242.1969508,1.370670403,0.070674083,0.677363393
,,,43.304538,0.204715642,0.019865937,4.203870606,0.081140688,0.045438785,2024,6,15818,9.71361456,,,,
60.93772185,0.474837019,0.044519801,12.09526933,0.080260375,0.006825011,1.687663827,0.132977557,0.062594401,2024,6,4360516,12.31514614,,,,
,,,39.38991713,0.179631868,0.010130213,3.585231822,0.068793965,0.038524621,2024,6,4241463,8.54704393,,,,
61.42203531,0.293710551,0.02731822,14.8687995,0.079979956,0.004467336,1.967749674,0.142784895,0.067441454,2024,6,4038815,11.7714324,,,,
,,,50.71856624,0.265176756,0.009856052,3.496555182,0.066509504,0.037245322,2024,6,3886598,10.1064518,,,,
11.30642366,0.070689613,0.002892051,,,,,0.021699573,0.009981804,2024,6,4372561,1.58813272,,,,
23.16418146,0.345371639,0.009841733,,,,,0.272023166,0.129759146,2024,6,4426338,14.62846412,220.040781,0.791325593,0.040396353,0.787637675
13.37776166,0.093706674,0.003833724,,,,,0.541749259,0.259075536,2024,6,4361741,19.19095781,320.8136478,1.570448043,0.058370189,0.721966618
13.66340777,0.045465167,0.00385,,,,,0.524995163,0.250837284,2024,6,4038941,10.94792114,186.5934516,0.828346166,0.045974866,0.540084264
,,,66.03669121,0.547400021,0.023519756,4.366505339,0.06680152,0.037408851,2024,6,4040655,14.2285604,,,,
12.38105818,0.106031154,0.007900595,,,,,0.510309414,0.244170954,2024,6,4036378,18.06713589,270.853022,1.862834453,0.098981351,0.915768764
,,,42.9414244,0.255744013,0.014422504,3.878233422,0.047475995,0.026586557,2024,6,3123076,9.68376583,,,,
,,,63.31164016,0.300347943,0.016448589,5.614526481,0.106133663,0.059434851,2024,6,4035687,13.66460763,,,,
,,,51.44783126,0.228968012,0.009850246,4.052631169,0.0767654,0.042988624,2024,6,15795,10.50697361,,,,
,,,41.44203215,0.20454521,0.009459371,4.238617135,0.047758142,0.02674456,2024,6,4385690,9.57678123,,,,
70.66037695,0.505748469,0.026581416,18.8062352,0.073846495,0.00425118,3.334149095,0.167181408,0.079843983,2024,6,4241416,15.66477332,,,,
11.3916561,0.095362438,0.0057423,,,,,0.409121621,0.19580434,2024,6,4432577,17.73608927,263.3090316,1.690098194,0.08451415,0.533854613
,,,47.66532996,0.339359295,0.014581015,3.279858135,0.026357096,0.014759974,2024,6,4360248,10.08288498,,,,
28.79433536,0.124782542,0.004369758,13.80925443,0.074327812,0.003014045,2.04860857,0.083837817,0.040669288,2024,6,4569987,7.47516584,,,,
48.04712545,0.266345126,0.007589788,21.54570193,0.088755299,0.004530866,3.413074952,0.150030939,0.072226261,2024,6,4361579,12.38670903,,,,
61.00114138,0.791297164,0.020873272,13.13299584,0.046024495,0.002373101,1.749316885,0.097003656,0.045629654,2024,6,4035538,14.144456,,,,
,,,57.18778684,0.289828429,0.01634467,4.286142669,0.071565998,0.040076959,2024,6,2976499,11.69831735,,,,
,,,39.9948743,0.256973459,0.026100773,3.924830444,0.037283778,0.020878916,2024,6,15835,9.47758634,,,,
,,,48.52976348,0.330485682,0.018459507,4.832086351,0.050616452,0.028345213,2024,6,4242355,11.64954338,,,,
7.612353068,0.042761271,0.002574893,59.76897277,0.361974692,0.018100714,3.89309459,0.096972482,0.051880529,2024,6,4366031,12.99979511,,,,
1.719821872,0.011089657,0.000398225,54.73966422,0.172180489,0.010432477,4.811853259,0.088420918,0.049046299,2024,6,4361370,11.48332555,,,,
,,,59.18847967,0.286555745,0.015693257,5.357200108,0.086348294,0.048355045,2024,6,4688813,12.99269191,,,,
,,,25.53775282,0.203176536,0.009159679,2.554019263,0.024172819,0.013536779,2024,6,3046439,6.31873556,,,,
1.668655075,0.018282253,0.000935317,46.47361125,0.25682086,0.024922312,3.651669492,0.078627141,0.043471824,2024,6,4431299,10.08336241,,,,
,,,42.16500405,0.273011673,0.014506423,3.886003878,0.050635439,0.028355846,2024,6,4572680,9.71421348,,,,
,,,36.6854559,0.260799972,0.009340518,3.408331017,0.043881434,0.024573603,2024,6,4243331,8.61236827,,,,
,,,31.49746991,0.278958363,0.011311956,3.295617334,0.042603605,0.023858019,2024,6,4361411,8.09514438,,,,
47.72195032,0.212605192,0.013505733,18.46931307,0.062794921,0.003541275,2.941086586,0.071126049,0.034221232,2024,6,4372019,11.18014315,,,,
31.75790412,0.194837366,0.006590942,25.21375978,0.076163156,0.003276553,2.973120979,0.078001993,0.038104834,2024,6,4428557,10.2477138,,,,
49.06127572,0.364588516,0.022268561,15.88971242,0.079486464,0.006088624,2.086565133,0.113548929,0.053750046,2024,6,4048244,11.19832811,,,,
1.586314197,0.004272791,0.000361411,43.0636712,0.172041147,0.009548627,3.372196357,0.058720907,0.032446983,2024,6,4429025,8.85155263,,,,
,,,40.51886287,0.156059474,0.006079129,4.2932881,0.054752426,0.030661358,2024,6,3051876,9.23381277,,,,
,,,37.35338519,0.352266767,0.018717627,2.40939463,0.038835047,0.021747626,2024,6,4248528,8.25329975,,,,
,,,43.79657843,0.179423837,0.015337324,4.080850871,0.046549588,0.026067769,2024,6,3121023,9.51682085,,,,
7.211599003,0.056351937,0.004942405,,,,,0.418990468,0.200715061,2024,6,8439,14.94410173,245.7478551,1.416398915,0.082341574,0.697428746
,,,51.12522179,0.227859247,0.015306913,4.449543822,0.073635751,0.04123602,2024,6,2577327,10.87930727,,,,
45.00401867,0.686455539,0.021584818,29.99218177,0.127044276,0.012903876,3.450521757,0.197857193,0.095389268,2024,6,3068267,15.7761412,,,,
,,,39.90192147,0.246422393,0.011396018,3.10093901,0.06201878,0.034730517,2024,6,4635008,8.52463452,,,,
,,,27.36890213,0.16866508,0.006040718,2.149509704,0.042990194,0.024074509,2024,6,4430834,5.92380976,,,,
22.5963085,0.151184635,0.007656243,,,,,0.493680296,0.236120695,2024,6,15864,17.81685168,288.1598011,1.277447297,0.085815148,0.856894802
20.17591803,0.151192413,0.007734982,,,,,0.538318496,0.257137648,2024,6,4431611,14.94890609,227.6059791,1.180270593,0.114535367,0.772823567
,,,35.88724768,0.275302202,0.013766615,3.292553475,0.036470258,0.020423345,2024,6,3117256,8.520738,,,,
42.40421592,0.276337237,0.0107,1.771508566,0.007794682,0.000303633,0.258226869,0.132080869,0.061111754,2024,6,4429013,6.28386059,,,,
5.365241073,0.079512584,0.006074235,,,,,0.621574704,0.297773219,2024,6,14880,20.17196615,296.8315539,2.30323357,0.098961436,0.779367403
,,,45.5144255,0.358194237,0.019032582,3.612802818,0.072256056,0.040463392,2024,6,4361432,10.27245717,,,,
2.822309976,0.018389299,0.000966515,64.53195228,0.472236263,0.0271856,5.43814163,0.110257196,0.060885047,2024,6,3932905,15.05476536,,,,
3.117853074,0.027636867,0.002591179,56.60426459,0.375955285,0.031969684,6.079983226,0.092588245,0.051165439,2024,6,4569587,14.44298075,,,,
1.386424843,0.013248379,0.000580891,72.12944905,0.358911407,0.012854366,6.28174596,0.119101666,0.066275734,2024,6,3116165,15.76375511,,,,
1.573697998,0.013284338,0.000799923,71.83779627,0.398404591,0.019922408,5.564118475,0.079834904,0.044351798,2024,6,2976212,15.33024854,,,,
38.8305563,0.22757937,0.017385556,11.51691565,0.05446499,0.002340159,1.45060029,0.06164711,0.029214888,2024,6,4373626,8.1602613,,,,
,,,23.48509375,0.100878817,0.004339825,2.02586722,0.023300749,0.01304842,2024,6,4360635,4.96285031,,,,
25.29724383,0.163164146,0.00996584,18.46802028,0.069855679,0.005350911,2.403023384,0.052787664,0.025702367,2024,6,2576336,8.1928639,,,,
,,,80.30763647,0.379552375,0.014107149,4.994050865,0.088759909,0.049705549,2024,6,4360438,15.23327796,,,,
,,,30.34780129,0.165087125,0.016020322,3.282939713,0.038591139,0.021611038,2024,6,4258595,7.29808116,,,,
50.41374942,0.371214607,0.025591825,22.59856365,0.109203934,0.005653291,3.052604087,0.078496929,0.03782436,2024,6,4035676,13.22525815,,,,
,,,24.9582194,0.20722504,0.010727667,2.477583854,0.019909981,0.01114959,2024,6,3116164,6.21643779,,,,
10.67751884,0.106041062,0.009862952,,,,,0.604212956,0.2892894,2024,6,2577417,18.13973226,278.9228853,1.863492706,0.104086679,0.920216349
,,,54.11350649,0.223210414,0.008694921,4.60075019,0.086318305,0.048338251,2024,6,3895856,11.27435666,,,,
34.11431078,0.156437873,0.013720545,13.34233024,0.063796453,0.003708772,1.926255414,0.078623973,0.037793171,2024,6,4685247,7.95467376,,,,
2.853593728,0.021595857,0.001135047,46.52217283,0.248050607,0.014279726,4.302085118,0.095231023,0.052410441,2024,6,4430034,10.79288951,,,,
,,,24.17906278,0.257152705,0.012023741,2.113900723,0.019414179,0.01087194,2024,6,4361050,6.07753923,,,,
23.37667105,0.145400376,0.005023762,,,,,0.53824728,0.257189269,2024,6,4431452,11.30148866,187.1286311,0.707226134,0.031883426,0.89814316
,,,3.613310359,0.01647796,0.000929263,0.377472379,0.007549448,0.004227691,2024,6,4369863,0.83127352,,,,
0.754079243,0.00300973,0.00010399,37.42162152,0.070928999,0.003197647,3.126337261,0.064863827,0.036090035,2024,6,4427095,7.32367292,,,,
22.32752618,0.151767714,0.014116019,8.714296296,0.06067018,0.003388775,1.319007526,0.054548591,0.026163096,2024,6,3051392,5.68194053,,,,
82.03127344,0.511730719,0.020935907,12.8254404,0.044529131,0.001655052,1.55951751,0.203453567,0.095271738,2024,6,4360569,14.24275644,,,,
,,,32.68887585,0.205621327,0.011953683,2.839024959,0.040039916,0.022422353,2024,6,3045138,7.32175917,,,,
,,,37.93517815,0.221908595,0.010375825,2.76121617,0.046405294,0.025986964,2024,6,4360939,7.85618728,,,,
,,,19.77459664,0.064295533,0.00356853,2.45384631,0.026664073,0.014931881,2024,6,3127292,4.79505447,,,,
19.25776281,0.125758059,0.003634435,22.01224799,0.142559995,0.006665706,2.835466516,0.064767369,0.032489347,2024,6,4038441,8.52970751,,,,
5.29517646,0.033725108,0.001211053,58.19480163,0.244585145,0.0148195,4.479269961,0.105772042,0.057613679,2024,6,4032473,12.52212635,,,,
58.82302215,0.215913126,0.007460064,17.32707574,0.08345824,0.003762495,2.644192031,0.177437127,0.084694746,2024,6,4360294,11.92814696,,,,
47.88396008,0.371942542,0.01041847,9.082537548,0.068546598,0.002942546,1.455364563,0.120603463,0.056706211,2024,6,4429501,9.72749061,,,,
31.33969949,0.186650854,0.005318815,13.12040445,0.041200563,0.002103246,2.117817264,0.07620915,0.036731275,2024,6,4722893,7.87432773,,,,
15.03580252,0.060168669,0.004123779,1.593898025,0.010291916,0.000602324,0.238138248,0.031830914,0.014843257,2024,6,4429275,2.3044775,,,,
,,,38.57874935,0.21083257,0.012256636,3.932670389,0.053152005,0.029765123,2024,6,3915486,9.02192777,,,,
,,,20.53982675,0.098356062,0.004548562,1.435626347,0.025914165,0.014511932,2024,6,3051738,4.06050265,,,,
,,,23.72336111,0.092401937,0.005210942,2.410225931,0.046387838,0.025977189,2024,6,4372414,5.29666517,,,,
,,,22.7159561,0.17245771,0.010449273,2.344515365,0.018840637,0.010550757,2024,6,3929645,5.65115167,,,,
,,,6.55806273,0.051690557,0.00201355,0.681696274,0.007825919,0.004382515,2024,6,4430539,1.64311436,,,,
10.90896004,0.030784259,0.002603864,0.672174372,0.003947657,0.000219103,0.109348741,0.023120269,0.010725011,2024,6,4430968,1.46066159,,,,
1.467828443,0.008856173,0.000252366,14.80756136,0.031035518,0.001584331,1.150299313,0.028017619,0.015188704,2024,6,4686472,3.12157266,,,,
17.06537932,0.137752367,0.005341331,,,,,0.560947386,0.268380331,2024,6,4360310,15.75976783,249.8603795,1.245629045,0.048522137,0.668000971
3.813222068,0.023988233,0.00183,42.7979696,0.326262681,0.014018302,3.520517219,0.081296948,0.04443763,2024,6,3728262,10.2592954,,,,
,,,41.57680509,0.311502957,0.012134262,2.69854683,0.053970937,0.030223724,2024,6,4243537,8.69048816,,,,
13.85957451,0.108847158,0.003682072,,,,,0.692857237,0.331295993,2024,6,4361418,13.74160372,243.6745176,1.050573819,0.045195878,0.850088288
1.48012722,0.008424899,0.000535,,,,,0.005102633,0.002347211,2024,6,2969939,0.19507269,,,,
,,,27.22503814,0.166549285,0.00912109,1.881780248,0.034707098,0.019435975,2024,6,4360078,5.583868,,,,
,,,39.03308421,0.269801528,0.015684764,3.217516853,0.04537794,0.025411647,2024,6,3128390,8.72138068,,,,
,,,29.93485025,0.125623472,0.006972354,2.948699074,0.053001013,0.029680568,2024,6,4242433,6.6519065,,,,
,,,26.58477043,0.116094062,0.007798857,2.888535342,0.023212407,0.012998948,2024,6,4036131,6.23378858,,,,
4.765383925,0.049056387,0.001480332,24.67192841,0.174522438,0.008070942,2.671346755,0.059330809,0.031575053,2024,6,3121427,6.91406938,,,,
,,,42.76594308,0.270505093,0.014373236,2.786501694,0.055730034,0.031208819,2024,6,4428850,8.65392539,,,,
48.49586139,0.483903111,0.016945794,,,,,0.75853649,0.360126432,2024,6,4362887,19.27897771,183.7754857,1.476314859,0.059865597,0.591857939
,,,7.444476648,0.072856614,0.003369317,0.754549696,0.008680533,0.004861098,2024,6,3930086,1.93338268,,,,
,,,46.46768108,0.270526797,0.015832306,4.033516116,0.079165611,0.044332742,2024,6,4360761,10.24853213,,,,
,,,9.5550711,0.051184074,0.002946554,0.961697281,0.019233946,0.01077101,2024,6,4695883,2.20916752,,,,
,,,49.20018072,0.361340644,0.020182933,3.856144861,0.077122897,0.043188822,2024,6,4249417,10.90022902,,,,
9.212150323,0.098756385,0.00403,,,,,0.540079976,0.258472295,2024,6,11252,13.75631633,224.3000449,1.255301739,0.06874674,0.696767326
4.00228381,0.03768002,0.002301443,56.40336915,0.162831292,0.012472798,4.220749767,0.079307428,0.043284496,2024,6,4428718,11.45472113,,,,
33.34265358,0.419909213,0.021482494,6.706547236,0.023088124,0.002240509,0.964017576,0.072533685,0.034136008,2024,6,4426386,7.60800967,,,,
5.080307897,0.032939509,0.000938646,,,,,0.010577046,0.004865441,2024,6,4569682,0.69809325,,,,
7.111852345,0.048085576,0.002436075,4.216666673,0.016647589,0.001423052,0.593900745,0.020867016,0.01020287,2024,6,4371733,2.12522867,,,,
,,,22.61365433,0.177047176,0.006340922,1.825559965,0.029744186,0.016656744,2024,6,2976592,5.12936281,,,,
,,,15.50107658,0.030685814,0.001383389,1.481891272,0.029637825,0.016597182,2024,6,4429022,3.18646623,,,,
23.40811298,0.128395084,0.00815629,,,,,0.665797476,0.318188272,2024,6,3122840,13.17680775,204.5315322,0.993602035,0.056033488,0.799813248
4.880622399,0.042078898,0.001715217,23.34427609,0.149283094,0.008175505,1.875229581,0.053831549,0.028512972,2024,6,4597500,5.81006888,,,,
,,,47.89026824,0.366906595,0.031200221,3.65421012,0.073084202,0.040927153,2024,6,3916945,10.62715465,,,,
0.747819474,0.003787143,0.00013085,38.35907731,0.126911709,0.00572148,3.115179322,0.064640668,0.035965066,2024,6,4430637,7.75154064,,,,
27.81731601,0.196339384,0.018408401,,,,,0.537311131,0.256288347,2024,6,3917792,18.12841695,216.88715,1.720744967,0.146325042,0.610433509
57.350263,0.511131878,0.020834724,12.58489035,0.054386518,0.002978484,1.954992793,0.095170967,0.044933928,2024,6,4241401,12.30189106,,,,
,,,38.84662911,0.112527458,0.011429405,2.851401393,0.047284056,0.026479071,2024,6,3121409,7.38237772,,,,
23.184768,0.135582726,0.007126034,12.78725778,0.031490913,0.001812862,2.204426675,0.074397633,0.036482371,2024,6,4045163,6.75094614,,,,
,,,12.13720481,0.119491123,0.00667426,1.260436139,0.014469892,0.00810314,2024,6,4372096,3.1886278,,,,
,,,16.85969848,0.053048728,0.005388155,1.298919892,0.021649756,0.012123863,2024,6,3917914,3.35063544,,,,
,,,17.86942397,0.113073912,0.005830282,1.357551372,0.019146096,0.010721813,2024,6,3134353,3.81365938,,,,
27.41359189,0.339659677,0.010680214,12.12477352,0.038726812,0.003933479,1.521415056,0.052965372,0.025263135,2024,6,3127586,7.72566965,,,,
,,,19.97552283,0.129429042,0.005248438,1.510047385,0.030200948,0.016912531,2024,6,4243389,4.30992609,,,,
,,,4.523380727,0.024088836,0.000938355,0.419958883,0.008399178,0.004703539,2024,6,4432620,1.13194697,,,,
,,,27.53479803,0.193443891,0.010014241,2.232119509,0.04464239,0.024999738,2024,6,4368003,6.11746766,,,,
29.31946411,0.224703417,0.008068998,6.599466872,0.014348962,0.000869409,1.206898139,0.059421272,0.028206118,2024,6,2980453,6.22647061,,,,
5.318498798,0.080126114,0.004893992,,,,,0.500089995,0.239550279,2024,6,4260394,13.0189968,253.7963397,0.93114404,0.07132518,0.778288649
39.00468833,0.303243175,0.008494134,17.40561358,0.091793642,0.003940488,2.004708317,0.112804989,0.053733437,2024,6,3915411,9.94917444,,,,
,,,20.26268195,0.057277288,0.002923946,1.921271786,0.038425436,0.021518244,2024,6,4569559,4.25502911,,,,
,,,26.4085227,0.070384328,0.003027947,2.423070777,0.038745378,0.021697412,2024,6,3045144,5.44991008,,,,
,,,28.60222085,0.262655019,0.022335098,2.861461971,0.032849777,0.018395875,2024,6,4429148,7.30636262,,,,
29.01967507,0.14849407,0.011064593,9.357743518,0.045321978,0.002408175,1.31396522,0.073950914,0.03527495,2024,6,4887558,6.272949,,,,
18.4994004,0.110419569,0.006648973,1.817335131,0.009966738,0.000498391,0.243478057,0.046848319,0.021782324,2024,6,4360238,2.99738833,,,,
,,,4.810128441,0.036640992,0.001312292,0.471505518,0.005412915,0.003031233,2024,6,4372505,1.16906923,,,,
25.7203541,0.15391575,0.009777489,3.273242898,0.012573524,0.000709075,0.491600597,0.059415935,0.027776124,2024,6,3125116,4.36939016,,,,
1.684112622,0.00536235,0.000185276,29.61004164,0.104457802,0.004709205,2.824479966,0.061032452,0.03371176,2024,6,3045523,6.55679575,,,,
,,,5.513455351,0.040936403,0.003499283,0.462904091,0.00746117,0.004178255,2024,6,4361409,1.2587069,,,,
,,,14.34465794,0.092684038,0.005615759,1.413913938,0.01875654,0.010503662,2024,6,3843945,3.39520315,,,,
,,,5.64585866,0.043018831,0.003677291,0.545105764,0.006257851,0.003504397,2024,6,4241374,1.3683154,,,,
4.229129137,0.021043639,0.000815965,3.608535644,0.0126202,0.000491606,0.513969358,0.012240422,0.006071378,2024,6,3139602,1.49051466,,,,
34.0638552,0.211170356,0.009259013,11.87009617,0.04911973,0.001759217,1.576386109,0.081353305,0.038753305,2024,6,4430871,7.72608048,,,,
,,,29.34625173,0.219213871,0.018641042,2.173602434,0.043472049,0.024344347,2024,6,4692590,6.41325022,,,,
4.57880244,0.025560981,0.002377444,19.39668812,0.140442111,0.007844492,1.604474912,0.046818464,0.024745443,2024,6,3676833,5.07776332,,,,
,,,18.44658545,0.141255835,0.007839981,2.466009034,0.037122292,0.020788484,2024,6,3924365,5.13328358,,,,
,,,15.73748757,0.052783378,0.002379599,1.60232848,0.012876388,0.007210777,2024,6,3043275,3.48345535,,,,
,,,28.47575918,0.095221612,0.009671651,2.291712044,0.045834241,0.025667175,2024,6,4426948,5.67983859,,,,
,,,15.33132552,0.077636595,0.002885586,1.830242112,0.01476579,0.008268842,2024,6,16002,3.81881772,,,,
,,,7.688220108,0.056094683,0.00316342,0.879715517,0.01330364,0.007450038,2024,6,3128452,1.97688339,,,,
,,,8.137423063,0.045587367,0.003062425,0.813174668,0.0093353,0.005227768,2024,6,4576297,1.89635709,,,,
32.83128909,0.264679562,0.010788851,9.787818211,0.045262711,0.002478817,1.4754731,0.079074784,0.037619994,2024,6,4429676,7.56129388,,,,
,,,26.15390123,0.077688612,0.003965923,2.18966712,0.043793342,0.024524272,2024,6,4431280,5.23123022,,,,
,,,12.27597887,0.047591769,0.002739753,1.113220321,0.021918868,0.012274566,2024,6,4212909,2.6078776,,,,
7.41995339,0.078402753,0.00412,,,,,0.504716029,0.241721436,2024,6,14012,13.44280352,234.0265657,1.203594098,0.069288258,0.810870502
,,,20.19576997,0.118982105,0.006849537,2.352054218,0.027001742,0.015120975,2024,6,4431588,5.06969497,,,,
,,,8.83592439,0.067965992,0.003504441,0.908932788,0.008347688,0.004674705,2024,6,4242392,2.19820085,,,,
6.362585377,0.037125303,0.00223552,11.80773309,0.062154302,0.003108055,1.438242688,0.017700209,0.008992011,2024,6,2983509,3.84412269,,,,
,,,4.940018773,0.023810778,0.001227724,0.458659616,0.009173192,0.005136988,2024,6,2973405,1.20522666,,,,
,,,28.64888272,0.156440009,0.009155492,2.808682058,0.047636784,0.026676599,2024,6,4037235,6.63171563,,,,
2.817410776,0.021589389,0.001134707,37.6699766,0.117585494,0.006769138,2.952743509,0.068244191,0.037297815,2024,6,4426485,7.7795436,,,,
11.60436002,0.108707342,0.003903631,,,,,0.497860898,0.238287324,2024,6,4426339,11.33637307,205.1945201,0.895446398,0.054255413,0.959378409
,,,13.33718204,0.063193829,0.003828936,1.296621238,0.025932425,0.014522158,2024,6,4573697,2.98879997,,,,
,,,22.41527314,0.145989815,0.007300289,1.529736042,0.030594721,0.017133044,2024,6,4567096,4.62834674,,,,
,,,34.73619885,0.229167699,0.01059806,2.440217232,0.040726276,0.022806715,2024,6,2991662,7.2655,,,,
23.37078842,0.226132886,0.0212,16.1902985,0.096877091,0.008238028,2.204879719,0.065696292,0.032081653,2024,6,4570561,8.13074145,,,,
,,,24.63910608,0.182824674,0.007413668,1.674062274,0.027171811,0.015216214,2024,6,3930066,5.22003583,,,,
,,,28.00095956,0.187035416,0.009682486,2.946307012,0.033823804,0.01894133,2024,6,4427834,6.85099178,,,,
,,,21.59243118,0.155883385,0.007288671,1.571367683,0.030784993,0.017239596,2024,6,2971618,4.64681926,,,,
16.79222301,0.042896411,0.003628361,0.652701146,0.003535618,0.000196234,0.110870569,0.035246609,0.016307037,2024,6,4372071,2.10992027,,,,
7.185658587,0.02719944,0.001864168,4.517225466,0.02218164,0.001298158,0.711229696,0.015814024,0.007754787,2024,6,4362478,2.17529364,,,,
4.986502646,0.012223798,0.001033941,,,,,0.016257123,0.007478277,2024,6,4362477,0.72710332,,,,
,,,29.87883851,0.055759904,0.002846485,2.469599176,0.049391984,0.027659511,2024,6,4039057,5.7437184,,,,
,,,8.77969421,0.095830197,0.003885981,0.877869041,0.010077996,0.005643678,2024,6,4430802,2.32757005,,,,
,,,15.35134756,0.062851859,0.006383858,0.966564375,0.019331288,0.010825521,2024,6,4361577,2.87043756,,,,
3.493177255,0.019428057,0.001234166,8.244956286,0.0280547,0.001582125,1.266752129,0.018307231,0.00955222,2024,6,4249836,2.75249726,,,,
39.38538195,0.173427226,0.005992124,7.634497962,0.034823656,0.001569933,1.238806479,0.110663156,0.052325338,2024,6,3928925,7.13863762,,,,
,,,2.33948762,0.013568876,0.000788819,0.211097104,0.004221942,0.002364288,2024,6,4427278,0.64856106,,,,
,,,5.58851305,0.025108656,0.001686726,0.504135511,0.01008271,0.005646318,2024,6,4360405,1.20598597,,,,
,,,8.452301971,0.056352303,0.005468519,0.89164587,0.014561449,0.008154412,2024,6,3918639,2.0700027,,,,
,,,1.871849692,0.008847889,0.000536097,0.189051231,0.002008651,0.001124845,2024,6,4036335,0.43302731,,,,
,,,30.83019534,0.179433547,0.008972658,2.038094786,0.040761896,0.022826662,2024,6,4686422,6.17108159,,,,
,,,5.899039132,0.053157949,0.004520332,0.728921648,0.009084363,0.005087243,2024,6,4361516,1.63687943,,,,
,,,1.965465091,0.013437767,0.001148673,0.171854599,0.003437092,0.001924772,2024,6,4686104,0.44756611,,,,
,,,5.218629781,0.034445779,0.001280276,0.4633376,0.005319147,0.002978722,2024,6,2975863,1.18861876,,,,
,,,7.441183677,0.058471964,0.002923918,0.673739181,0.007734571,0.00433136,2024,6,4426496,1.76607845,,,,
,,,6.328292628,0.040949637,0.002242611,0.632223561,0.007470122,0.004183268,2024,6,4039160,1.50706673,,,,
7.552404844,0.042786124,0.003979567,8.212119056,0.038875212,0.002171402,1.14109906,0.024139703,0.012067579,2024,6,4383396,3.19632225,,,,
,,,8.643855072,0.048540228,0.002477928,0.880113997,0.010153871,0.005686168,2024,6,3911853,2.02959259,,,,
,,,2.169944379,0.014963444,0.000699649,0.166535824,0.003330716,0.001865201,2024,6,4241424,0.47106802,,,,
1.526081682,0.009868855,0.000333843,10.79492171,0.029649072,0.001275509,0.708848083,0.015568735,0.008304152,2024,6,4567156,2.16507738,,,,
,,,9.086684721,0.073933228,0.003176638,0.646152108,0.012807949,0.007172452,2024,6,3047876,1.99076672,,,,
5.461701141,0.046527325,0.002841825,35.8718237,0.100911906,0.007729803,2.568119809,0.070018999,0.037344979,2024,6,4036211,7.54058298,,,,
,,,13.30634254,0.062500983,0.003190611,1.326099382,0.015223711,0.008525278,2024,6,4360231,3.0214722,,,,
,,,8.748335247,0.055752687,0.003241152,0.997318607,0.011449285,0.0064116,2024,6,4361372,2.20062976,,,,
,,,11.99729779,0.129591184,0.007097076,0.948627799,0.01476732,0.008269699,2024,6,2998565,2.92394944,,,,
,,,4.906648003,0.035063758,0.001863106,0.416617919,0.008332358,0.004666121,2024,6,4689334,1.11227944,,,,
,,,8.541956133,0.086722714,0.003516667,0.870689366,0.009995573,0.005597521,2024,6,4241961,2.24132356,,,,
,,,5.91811724,0.054531988,0.003191429,0.655227183,0.007522052,0.004212349,2024,6,4426844,1.5723876,,,,
,,,23.26394586,0.145418098,0.008122429,1.760571181,0.035211424,0.019718397,2024,6,4692835,4.93721242,,,,
,,,1.481558741,0.0120547,0.000563644,0.209689792,0.0017702,0.000991312,2024,6,2975417,0.42936527,,,,
,,,7.231339852,0.048295085,0.002500149,0.80277573,0.011386614,0.006376504,2024,6,3127310,1.80822812,,,,
,,,7.217018991,0.058407218,0.003103456,0.71241277,0.008178547,0.004579986,2024,6,4373030,1.78182092,,,,
,,,2.704680718,0.020713348,0.001156958,0.233561147,0.004671223,0.002615885,2024,6,5083754,0.62551505,,,,
,,,9.350590884,0.038791871,0.001441811,0.583017733,0.011660355,0.006529799,2024,6,2578533,1.74095987,,,,
,,,1.833971259,0.013141804,0.000532909,0.148383972,0.002391679,0.00133934,2024,6,3914397,0.40908206,,,,
,,,6.066483983,0.023250632,0.001561909,0.538118714,0.009105133,0.005098874,2024,6,4243160,1.30637947,,,,
,,,8.133723519,0.085966258,0.004019542,0.790092543,0.009070316,0.005079377,2024,6,4241263,2.11738217,,,,
,,,5.451335423,0.01860927,0.001250116,0.527742524,0.008094462,0.004532899,2024,6,2971281,1.17817972,,,,
,,,16.58902021,0.093483028,0.004021657,1.555281267,0.017854734,0.009998651,2024,6,4360086,3.76359907,,,,
,,,3.341672617,0.008834232,0.000450978,0.506587866,0.004276612,0.002394903,2024,6,2515270,0.88998547,,,,
,,,23.63461243,0.173517313,0.013291342,2.464525985,0.04176617,0.023389055,2024,6,4040774,5.84999968,,,,
,,,6.235456536,0.05396436,0.002955364,0.616208413,0.007074114,0.003961504,2024,6,4722908,1.56171455,,,,
,,,4.798484523,0.022701744,0.002305814,0.472672495,0.007778668,0.004356054,2024,6,4048228,1.08483613,,,,
,,,2.1062198,0.019782176,0.001682194,0.219910545,0.002524588,0.001413769,2024,6,2531358,0.54982903,,,,
6.658844088,0.0570451,0.002325269,,,,,0.01378321,0.006340276,2024,6,4569609,1.00048859,,,,
3.326892705,0.025856437,0.001053958,2.248175244,0.01477239,0.000809012,0.190570723,0.014696053,0.007141326,2024,6,4061956,0.98168197,,,,
8.222490834,0.047721151,0.001671146,,,,,0.016301596,0.007498734,2024,6,4248068,1.11273379,,,,
,,,5.155105078,0.042074193,0.002350083,0.50692652,0.005819551,0.003258948,2024,6,4360967,1.27321806,,,,
,,,11.68215105,0.042626378,0.002453907,1.2602176,0.015512087,0.008686769,2024,6,4045305,2.67213505,,,,
,,,2.204971317,0.01403794,0.000546833,0.236012927,0.002709444,0.001517289,2024,6,4040612,0.53886819,,,,
,,,2.040379263,0.016235915,0.00095019,0.216019142,0.002479914,0.001388752,2024,6,4696700,0.51666083,,,,
,,,8.519395128,0.037294931,0.001903868,0.896768784,0.010294966,0.005765181,2024,6,4383440,1.96502706,,,,
,,,1.866294947,0.006639344,0.000368497,0.172401678,0.003448034,0.001930899,2024,6,4360739,0.39583363,,,,
,,,18.15331784,0.245936606,0.020913433,1.967350783,0.039347016,0.022034329,2024,6,4242540,5.25709841,,,,
,,,7.151731676,0.034403148,0.00148003,0.661477047,0.007593801,0.004252529,2024,6,2576399,1.5777245,,,,
,,,2.048680053,0.013638871,0.000746934,0.218370347,0.002506906,0.001403868,2024,6,4362523,0.50382371,,,,
,,,17.89324597,0.064217786,0.004919051,1.524404321,0.030488086,0.017073328,2024,6,4589248,3.70296731,,,,
,,,7.464121676,0.027521908,0.002108165,0.653316137,0.013066323,0.007317141,2024,6,3910176,1.5547868,,,,
,,,2.44795648,0.011350485,0.000869442,0.239747525,0.002752318,0.001541298,2024,6,4242526,0.55137497,,,,
,,,15.23486182,0.055043817,0.00421633,1.306632275,0.026132645,0.014634281,2024,6,3919510,3.14023546,,,,
,,,69.4655596,0.327805753,0.014482157,6.319381676,0.093973424,0.052625117,2024,7,4374302,15.15896713,,,,
,,,92.185054,0.454989388,0.015260811,6.521428759,0.10956022,0.061353723,2024,7,4262921,18.38057666,,,,
,,,88.46035857,0.543183264,0.028336431,6.035994425,0.109532358,0.061338121,2024,7,4362628,18.07801849,,,,
81.02382132,0.598713166,0.036367243,33.67293086,0.198286499,0.011226862,3.704276009,0.144610965,0.069269986,2024,7,4430807,19.91641346,,,,
52.39303417,0.47661401,0.012617263,21.64113349,0.160742802,0.007101469,2.969646607,0.105792055,0.050672827,2024,7,4429795,14.13808605,,,,
58.24717809,0.332631921,0.008709467,,,,,0.580943065,0.276195442,2024,7,3916387,20.86374859,227.1421685,1.411940828,0.062344242,0.647632115
88.89108658,0.942755439,0.024684636,10.98260436,0.068866403,0.003040796,1.315258821,0.16040455,0.074841835,2024,7,3043078,17.28236216,,,,
70.0524656,0.387045683,0.031555113,15.06914135,0.088679629,0.00406634,2.083469829,0.185672109,0.087533626,2024,7,4047365,13.35105979,,,,
58.51849432,0.297400861,0.02488881,24.79522939,0.184951025,0.024427497,3.256250465,0.087595016,0.042118343,2024,7,4429160,14.51686735,,,,
,,,68.40879011,0.158910787,0.015510623,6.425443769,0.07376453,0.041308137,2024,7,4432665,14.17014247,,,,
,,,60.40065879,0.465710788,0.020172514,5.061379343,0.055657831,0.031168386,2024,7,3040151,13.87518821,,,,
,,,50.54983286,0.319443844,0.017660176,5.474803451,0.067799274,0.037967593,2024,7,4361307,12.40762297,,,,
4.000799899,0.033351853,0.002810384,87.75568901,0.542532718,0.050722607,6.986360073,0.153808516,0.084724638,2024,7,4595348,19.5589951,,,,
52.19867311,0.876624807,0.02903931,,,,,0.551461083,0.262190695,2024,7,4426348,25.24345858,261.7341791,1.433676037,0.118508231,0.612761291
13.21283902,0.178255515,0.010685932,,,,,0.482553761,0.230825599,2024,7,3915511,19.2671218,279.571351,1.787585286,0.093253585,0.607919104
1.168287192,0.007064942,0.000661686,68.71635285,0.488667811,0.025741252,5.684557421,0.0904723,0.050330487,2024,7,16800,15.60195085,,,,
58.00039776,0.377968827,0.035399701,33.14319403,0.144069959,0.007589084,4.042079911,0.206976988,0.099594789,2024,7,4427366,16.1809258,,,,
,,,72.90223805,0.54323703,0.022988138,5.019510088,0.070792179,0.03964362,2024,7,16737,15.53771111,,,,
5.142337931,0.026579724,0.002224397,65.80350273,0.243445353,0.032153165,5.500890638,0.084630143,0.046289087,2024,7,3116406,14.20610471,,,,
35.60574191,0.570150058,0.01678004,,,,,0.558755032,0.26606882,2024,7,3918298,19.10763458,185.0023839,1.516447017,0.060623656,0.488576567
100.2591486,0.636228467,0.030475461,19.59480517,0.104964863,0.008590725,2.649162728,0.125948603,0.059452739,2024,7,3929630,19.04426898,,,,
,,,73.08304876,0.507572396,0.026737077,5.847149524,0.11694299,0.065488075,2024,7,4569618,16.12647678,,,,
,,,86.37574041,0.687460688,0.038923611,6.823821323,0.130358216,0.073000601,2024,7,4426502,19.52144951,,,,
,,,86.20043172,0.427823578,0.035014714,5.805060364,0.110420589,0.06183553,2024,7,4047646,16.94131937,,,,
,,,70.03635903,0.465661686,0.024292336,4.855082546,0.077633724,0.043474885,2024,7,4239993,14.61637547,,,,
64.05803032,0.368909839,0.014827853,27.29022589,0.195847512,0.006568926,3.532966975,0.179940808,0.086425817,2024,7,3042519,15.93103063,,,,
55.80400394,0.422995857,0.022404025,26.31741174,0.214409978,0.00971308,3.512906515,0.082394703,0.039638102,2024,7,3116385,15.5366191,,,,
,,,33.38149026,0.24063202,0.010630901,3.412634304,0.027424091,0.015357491,2024,7,4430027,8.18584827,,,,
1.702961153,0.017447486,0.00057797,80.79360262,0.408141086,0.033737104,5.548199215,0.096671778,0.053654461,2024,7,3121422,16.31525825,,,,
77.55146123,0.458034878,0.013480388,18.5851026,0.154566816,0.006179184,2.45310859,0.151723568,0.071518666,2024,7,4379399,15.64266245,,,,
,,,73.34433575,0.408621593,0.025406114,5.430682387,0.103669303,0.058054809,2024,7,4047650,15.15428413,,,,
1.666242914,0.009142087,0.000589876,56.34508994,0.407959808,0.018045357,4.115281069,0.087289527,0.048383745,2024,7,4432773,12.36183314,,,,
5.243655919,0.043975274,0.001151427,68.61356874,0.325152973,0.014357128,5.163882061,0.098256476,0.053636903,2024,7,4429615,14.69071128,,,,
31.94009086,0.40126577,0.018241233,12.78463561,0.066064028,0.002795629,1.640806903,0.102708071,0.048836438,2024,7,4596448,8.88386513,,,,
65.88627943,0.478267983,0.015782422,35.03165197,0.110113953,0.006548032,4.640698708,0.157656377,0.075841644,2024,7,3054850,18.15992508,,,,
110.2941238,1.054412149,0.051490359,18.68851311,0.128855383,0.012268997,2.554947311,0.235270905,0.110489875,2024,7,4430737,22.47163045,,,,
,,,62.72962355,0.415569506,0.023635059,4.426008979,0.08852018,0.049571301,2024,7,4426354,13.14284989,,,,
57.87736184,0.386234455,0.023153703,20.46085038,0.094535375,0.00493166,2.521243766,0.185787716,0.088577164,2024,7,4362238,13.15052551,,,,
0.027302337,0.004219935,0.000171209,56.74255412,0.312903239,0.018200779,5.404267737,0.055788929,0.03111394,2024,7,15847,12.95997852,,,,
,,,60.3246044,0.540132656,0.029860765,4.548587237,0.090971745,0.050944177,2024,7,4432708,13.78207679,,,,
12.0203321,0.23563758,0.010711903,,,,,0.568874513,0.27207183,2024,7,3052587,19.27695072,283.9882053,1.867805072,0.079039828,0.910008135
,,,52.92860227,0.309167414,0.019222534,5.225770314,0.09500467,0.053202615,2024,7,4430878,12.30818286,,,,
68.73642612,0.815495169,0.027014313,19.20716408,0.085025005,0.007028201,2.226986856,0.14142226,0.06678179,2024,7,4241474,16.36272037,,,,
,,,53.64284341,0.319402794,0.010713097,4.097286422,0.066040784,0.036982839,2024,7,4429205,11.32719404,,,,
22.25041892,0.095972749,0.003893755,,,,,0.369073199,0.176335847,2024,7,3139477,15.82024816,243.9011183,1.347263778,0.078366881,0.973649822
44.33718207,0.499891568,0.023944899,,,,,0.685503409,0.325894465,2024,7,4040715,19.91937172,235.3563778,1.212282262,0.099217806,0.694868268
42.03864666,0.164546271,0.012000124,,,,,0.557743429,0.265850854,2024,7,3917315,18.28701334,208.0367415,1.573553298,0.086992529,0.600397699
,,,26.93868156,0.216538091,0.009561239,2.285567779,0.029181921,0.016341876,2024,7,3116365,6.26587121,,,,
20.8318655,0.17110659,0.008329189,17.00635641,0.046777174,0.002908378,2.893252508,0.032640364,0.016235809,2024,7,4426385,7.9752448,,,,
29.40961392,0.287613305,0.013074679,24.68997462,0.128830648,0.005451721,3.285378706,0.089950319,0.043708582,2024,7,4697815,11.1460116,,,,
63.53094335,0.444975653,0.019882093,13.3115823,0.098334254,0.005592653,2.194371934,0.107942816,0.050933553,2024,7,4241457,13.09041633,,,,
9.343902674,0.180828137,0.009481732,67.1437468,0.386922314,0.016759749,4.028036467,0.129657713,0.06751172,2024,7,3126486,15.01401291,,,,
,,,66.21575864,0.332949233,0.027249836,5.418274144,0.093173658,0.052177249,2024,7,4241478,13.99015058,,,,
,,,59.2223925,0.462801465,0.022098722,4.660975812,0.093219516,0.052202929,2024,7,4612826,13.30227544,,,,
13.82826127,0.174096283,0.006997575,,,,,0.792140839,0.378688993,2024,7,3912547,14.88669049,241.9709763,1.383614874,0.046407862,1.062192385
,,,62.83373391,0.376097385,0.022838539,4.161870074,0.076791622,0.043003309,2024,7,3128429,12.66352624,,,,
76.38020014,0.378037806,0.012266845,23.17343531,0.072742591,0.002871132,3.426330164,0.107379349,0.05136253,2024,7,3916148,16.01675899,,,,
70.58492148,0.330752355,0.014604483,23.38609087,0.120396885,0.003905159,3.172973107,0.328078678,0.156526174,2024,7,4569173,15.00959799,,,,
,,,24.70741203,0.086994711,0.011489869,2.285167557,0.029983211,0.016790598,2024,7,3054212,5.26806757,,,,
9.996223235,0.05074877,0.004137453,61.59688641,0.43989837,0.02017122,4.638892906,0.118373939,0.063729798,2024,7,4362249,14.70258222,,,,
4.670754723,0.033548968,0.001088621,56.19708016,0.270970343,0.01069513,3.651258586,0.073338724,0.039867732,2024,7,3925357,11.51092798,,,,
5.719027356,0.049309041,0.001305344,51.47624715,0.258383965,0.011415166,2.923788611,0.07497605,0.040245807,2024,7,4426388,10.4364035,,,,
82.25696689,0.431927441,0.031499849,15.3782808,0.096027213,0.005308781,2.180792045,0.224623099,0.105674014,2024,7,3045147,14.98024402,,,,
89.53019696,0.413912828,0.031102934,16.78747469,0.111478112,0.005323068,2.420075101,0.120204556,0.056684148,2024,7,4241985,16.16684561,,,,
63.43955498,0.740915649,0.03606656,26.87383816,0.098932551,0.006151147,4.193641869,0.086493947,0.041770226,2024,7,4567048,18.26725135,,,,
3.210603268,0.051519108,0.00136385,,,,,0.349000775,0.167127048,2024,7,3046779,12.5692229,220.7790883,1.226689666,0.054194021,0.792487956
34.01067087,0.263019413,0.022163255,12.13013625,0.064209475,0.006003089,1.683746892,0.100976571,0.04816696,2024,7,4360516,8.23605332,,,,
,,,40.67153422,0.210614897,0.011799926,3.749362266,0.071862884,0.040243215,2024,7,4241463,9.02521449,,,,
10.75002749,0.085952377,0.004506917,,,,,0.026027991,0.011972876,2024,7,4372561,1.62562144,,,,
29.99220691,0.328438059,0.014782115,,,,,0.274007607,0.130774465,2024,7,4426338,17.15681271,240.4846047,1.104212343,0.06705337,0.879312868
10.8207458,0.092911308,0.004871809,,,,,0.514439568,0.245966091,2024,7,4361741,18.03276511,278.6596115,1.76076219,0.076268365,0.740059352
1.654015124,0.010797651,0.000903631,46.2878879,0.103821378,0.013712259,4.464332883,0.081600272,0.045222631,2024,7,4372016,9.88717788,,,,
14.13704688,0.082527733,0.006201438,,,,,0.536005689,0.256107441,2024,7,4038941,16.29294247,219.8658851,1.728790435,0.082549565,0.502586441
,,,64.59367357,0.500440265,0.028334627,4.297138552,0.065679642,0.036780599,2024,7,4040655,13.74398956,,,,
11.17614667,0.079676271,0.006495858,,,,,0.480978272,0.230154436,2024,7,4036378,16.62011652,237.6334262,1.94360424,0.089122561,0.999478875
6.2188634,0.081709107,0.003315058,47.38114628,0.292093883,0.016990353,3.376031976,0.087802829,0.047141365,2024,7,4683062,10.92749498,,,,
,,,44.52475734,0.270797793,0.015171737,4.314990669,0.052408308,0.029348653,2024,7,3123076,10.36528533,,,,
,,,54.30440935,0.300601903,0.016805144,4.56395939,0.086100503,0.048216282,2024,7,4035687,11.73746347,,,,
,,,54.89139851,0.187378543,0.007395783,4.502140525,0.085002548,0.047601427,2024,7,15795,11.03738435,,,,
,,,35.05238924,0.218691653,0.00874273,3.257786312,0.060085821,0.033648059,2024,7,4373678,8.02695076,,,,
,,,38.27234827,0.260248809,0.010404079,3.998551423,0.043892994,0.024580077,2024,7,4385690,9.36008511,,,,
70.91961742,0.388585149,0.021988052,24.77924952,0.074535538,0.003757945,3.714731875,0.195564419,0.093871105,2024,7,4241416,15.93225248,,,,
10.80051354,0.090237505,0.00477944,,,,,0.505468764,0.241993344,2024,7,4432577,16.67674563,288.0181845,1.310457065,0.05936559,0.682454881
,,,47.79854343,0.299823746,0.01697584,3.231002919,0.025964493,0.014540116,2024,7,4360248,9.81535519,,,,
30.5327372,0.184798089,0.00825702,18.67581104,0.081103712,0.004612684,3.047774159,0.100010381,0.049100914,2024,7,4569987,9.52320388,,,,
51.50292289,0.243992133,0.010981431,23.73130857,0.10023508,0.006086782,3.31833876,0.170042415,0.082216458,2024,7,4361579,12.78131669,,,,
53.86370377,0.635833397,0.016832232,12.90589811,0.047742303,0.002109211,1.861579671,0.095350617,0.044930785,2024,7,4035538,12.59053538,,,,
,,,47.71868605,0.436419407,0.017446927,3.74496861,0.062419289,0.034954802,2024,7,2976499,11.10198791,,,,
,,,36.3759804,0.301713134,0.024939727,3.495759181,0.033109923,0.018541557,2024,7,15835,8.95730837,,,,
4.439706763,0.025202179,0.001334836,72.69544931,0.290774174,0.013172488,5.054943475,0.107877193,0.058960554,2024,7,4366031,14.57826074,,,,
1.939005345,0.014293164,0.000499465,52.65079174,0.298862734,0.016707916,4.6119214,0.079272043,0.043898716,2024,7,4688813,11.95890077,,,,
,,,33.07408526,0.322442059,0.01045864,2.999790722,0.028331518,0.01586565,2024,7,3046439,8.23178758,,,,
,,,38.99710634,0.287307172,0.013174262,3.523842362,0.045177132,0.025299194,2024,7,4572680,9.12434016,,,,
61.1618591,0.75450431,0.030611342,13.10613481,0.072120719,0.004195077,1.945357075,0.102500271,0.048295406,2024,7,3059915,14.30763467,,,,
,,,41.76333855,0.320969184,0.013582439,3.685316176,0.0471645,0.02641212,2024,7,4243331,9.76305377,,,,
,,,31.90602938,0.216421565,0.012308739,3.510870575,0.045201606,0.025312899,2024,7,4361411,7.97518858,,,,
27.91719167,0.234007437,0.015004269,19.78028691,0.089075683,0.008694308,2.481292446,0.057631143,0.028026584,2024,7,4048244,9.18240447,,,,
,,,50.35971176,0.273884575,0.012114784,5.330597868,0.072090218,0.040370522,2024,7,3051876,11.95526702,,,,
,,,36.40563177,0.388458024,0.017812461,2.219702418,0.035777554,0.02003543,2024,7,4248528,8.1875098,,,,
44.83179439,0.197212989,0.011641518,7.805272198,0.039335879,0.002203835,1.152872639,0.064707552,0.030479529,2024,7,3128720,7.80431415,,,,
43.157909,0.425767821,0.014878158,,,,,0.782040069,0.372223842,2024,7,4429084,17.95327223,202.3446328,1.294238705,0.072354391,0.819261571
19.3254099,0.214506788,0.009584443,,,,,0.482320655,0.230381278,2024,7,14881,14.40249183,197.145508,1.24125032,0.070525965,0.690044874
5.185027094,0.052734909,0.004939032,,,,,0.441583566,0.211552964,2024,7,8439,16.10650995,255.2174994,1.685874619,0.088805773,0.728312176
,,,47.180809,0.286517191,0.017814253,4.733253239,0.078206402,0.043795585,2024,7,2577327,11.12053862,,,,
26.86334524,0.381154555,0.012626229,22.46371471,0.11465962,0.00947781,2.518957359,0.108415726,0.053035901,2024,7,3068267,10.41478896,,,,
,,,21.71228537,0.195901456,0.007831637,1.795219957,0.035904399,0.020106464,2024,7,4635008,5.11825558,,,,
,,,8.483111462,0.058644927,0.002481675,0.651246145,0.013024923,0.007293957,2024,7,4430834,1.86628726,,,,
36.81498628,0.288677379,0.024325316,12.59693192,0.03835991,0.003586354,1.895002584,0.147970104,0.070659417,2024,7,4040761,8.71682864,,,,
19.66630179,0.144636774,0.007040681,,,,,0.479637374,0.229482371,2024,7,15864,17.22345003,267.7299507,1.395877983,0.08678894,0.822532628
,,,41.83211705,0.216629146,0.009813612,3.984388622,0.043971902,0.024624265,2024,7,3117256,9.4389119,,,,
76.93504631,0.428886065,0.027673049,11.01910895,0.057745471,0.002554265,1.524093467,0.272131273,0.127520745,2024,7,4429013,13.05191135,,,,
6.129308488,0.100414915,0.006099438,,,,,0.581389561,0.278516123,2024,7,14880,19.29113755,292.0866138,2.04523171,0.115799791,0.745400194
,,,45.02695793,0.421301085,0.019318455,3.450818212,0.069016364,0.038649164,2024,7,4361432,10.4444831,,,,
2.671325802,0.013977479,0.000790914,80.60717078,0.454295859,0.022904763,5.961569371,0.118947333,0.065819802,2024,7,3932905,17.01794881,,,,
1.472780574,0.012206471,0.001028575,50.40352867,0.188308147,0.017605353,5.298970261,0.078043426,0.043373328,2024,7,4569587,11.64226809,,,,
29.48356806,0.152666317,0.012776301,8.490623535,0.059755542,0.007892243,1.270360086,0.070773641,0.033739519,2024,7,2576414,6.31803445,,,,
1.110547333,0.018583077,0.000844772,86.19639766,0.474946233,0.02009828,7.130224599,0.133634548,0.074438232,2024,7,3116165,18.7186326,,,,
3.119112816,0.068457631,0.003343008,,,,,0.350598033,0.168013776,2024,7,12483,12.90826785,222.81439,1.181799636,0.112525346,0.67955626
1.148685929,0.009791651,0.000518616,72.40407343,0.279077924,0.012642631,6.016381811,0.084776863,0.047207119,2024,7,2976212,15.03902145,,,,
53.21467738,0.397217431,0.024127919,8.989424878,0.038702718,0.002191325,1.140259804,0.048828296,0.02294232,2024,7,4373626,9.98423477,,,,
9.995647058,0.06513411,0.002149368,4.736692611,0.021344229,0.001269255,0.708798548,0.022066653,0.010629354,2024,7,4599739,2.68706369,,,,
,,,27.09921125,0.100152361,0.003952988,2.532347802,0.029126095,0.016310613,2024,7,4360635,5.81923677,,,,
4.020109976,0.028854237,0.001850098,11.0565962,0.038894169,0.003796299,1.380485499,0.020957925,0.010894679,2024,7,2576336,3.3193576,,,,
,,,67.72028749,0.408610311,0.017699176,4.380978484,0.077765962,0.043548939,2024,7,4360438,13.55502157,,,,
44.81614138,0.357449743,0.021428138,18.32440152,0.088655105,0.004624902,2.187875518,0.10745112,0.051308825,2024,7,4035676,11.13088533,,,,
,,,19.77136096,0.165696607,0.008643953,1.730253157,0.013904396,0.007786462,2024,7,3116164,4.70365108,,,,
,,,48.54797632,0.316943848,0.014019432,4.053170419,0.07587044,0.042487447,2024,7,3895856,10.75469911,,,,
21.99456991,0.124189528,0.011631309,7.806734503,0.038216091,0.002013085,1.059919862,0.058615511,0.027857919,2024,7,4685247,4.98760497,,,,
,,,14.64208707,0.067651847,0.002670201,1.125945173,0.020469719,0.011463043,2024,7,3929785,2.97901988,,,,
28.22298958,0.224426671,0.010959481,1.632814074,0.008557791,0.000814832,0.234891217,0.055258313,0.025617119,2024,7,4429096,4.63747843,,,,
2.700229893,0.016402353,0.000928126,47.1684702,0.203588384,0.010264553,3.912648857,0.086743294,0.047727213,2024,7,4430034,10.156054,,,,
,,,24.46168247,0.247291631,0.010919161,2.050617806,0.018832985,0.010546472,2024,7,4361050,5.98177862,,,,
21.74855458,0.121016864,0.005343541,,,,,0.551139243,0.263328641,2024,7,4431452,15.49758582,232.1209144,1.356756567,0.044007373,0.850929106
,,,28.85165125,0.115540947,0.006473306,2.728104333,0.054562087,0.030554769,2024,7,4369863,6.25979221,,,,
50.52762198,0.28508603,0.018279365,10.49567567,0.027001541,0.002635509,1.388052626,0.219856767,0.103405695,2024,7,4361777,9.20372818,,,,
0.827776856,0.00293855,0.000129753,49.2892485,0.214526734,0.006958329,3.947896704,0.081610169,0.045436471,2024,7,4427095,10.18984817,,,,
63.85852835,0.494222194,0.025914565,14.10217186,0.06883907,0.002981801,1.936525639,0.191996306,0.090323927,2024,7,4360569,12.99317812,,,,
,,,5.262573957,0.037439264,0.001972165,0.447282836,0.006308211,0.003532598,2024,7,3045138,1.19522175,,,,
,,,38.88804758,0.179901179,0.007943536,2.753873299,0.046023005,0.025772883,2024,7,4360939,7.68764444,,,,
,,,30.05425001,0.200139286,0.00955663,3.389408901,0.036481293,0.020429524,2024,7,3127292,7.57488983,,,,
14.35274746,0.091793637,0.002403479,20.03919711,0.123235427,0.00544146,2.567560582,0.053840863,0.027201056,2024,7,4038441,7.2969647,,,,
33.77794497,0.108392497,0.004786108,13.38349898,0.070836823,0.002297643,1.763489724,0.078197261,0.037429233,2024,7,4360294,7.51090859,,,,
11.99989003,0.096277754,0.002833543,5.070445349,0.039320801,0.001571945,0.816369792,0.027358066,0.013136054,2024,7,4429501,3.33694285,,,,
31.9851812,0.166814747,0.007507884,10.80087552,0.037927953,0.002303178,1.580907967,0.06165554,0.029601752,2024,7,4722893,7.05001446,,,,
18.8766881,0.07256758,0.00529225,1.552141941,0.011190872,0.000618678,0.227731375,0.039484055,0.018354916,2024,7,4429275,2.74932112,,,,
,,,29.07567034,0.184708435,0.009729772,2.864245674,0.038569679,0.02159902,2024,7,3915486,6.85734306,,,,
,,,30.30838641,0.113172411,0.006340606,3.210273798,0.061691961,0.034547498,2024,7,4372414,6.86535912,,,,
,,,27.61727289,0.180782284,0.007830682,2.045548197,0.02173375,0.0121709,2024,7,4428209,5.88386253,,,,
,,,25.49343537,0.147295847,0.008759088,2.628190996,0.021120268,0.01182735,2024,7,3929645,6.05573049,,,,
22.49796803,0.1303379,0.005238763,6.619232604,0.030623227,0.001027134,1.00930916,0.037980496,0.018067469,2024,7,4242431,4.86419484,,,,
,,,6.596329998,0.066669027,0.002948983,0.668915533,0.007679196,0.00430035,2024,7,4430539,1.72606276,,,,
22.18601464,0.113638252,0.008539197,6.911460577,0.047002137,0.002244347,0.954147,0.050665838,0.024111776,2024,7,4430968,4.80241839,,,,
,,,13.62381491,0.044204364,0.002684313,0.956844953,0.019136899,0.010716663,2024,7,4686472,2.70485594,,,,
18.6496504,0.124170289,0.008011849,,,,,0.527194401,0.252161986,2024,7,4360310,17.60074012,244.7288369,1.724741847,0.076290805,0.687784426
4.285811071,0.033509318,0.002035435,44.73141236,0.278172345,0.015749951,3.712071517,0.08551461,0.046760864,2024,7,3728262,10.4621301,,,,
,,,46.25766091,0.475512097,0.021033409,3.053131781,0.06101915,0.034170724,2024,7,4243537,10.50730382,,,,
,,,15.86217595,0.094809774,0.005514842,1.589527687,0.014598308,0.008175053,2024,7,4240472,3.7396687,,,,
,,,38.66205493,0.245673496,0.023391863,3.184649769,0.063692995,0.035668077,2024,7,3043116,8.50202381,,,,
,,,24.83320033,0.162058994,0.009059905,1.546770032,0.028528251,0.015975821,2024,7,4360078,4.9893682,,,,
,,,31.35218992,0.23948831,0.012615377,2.588607492,0.036508177,0.020444579,2024,7,3128390,7.14606394,,,,
,,,43.12071978,0.355600571,0.01697989,3.858498867,0.069163824,0.038731741,2024,7,4242433,10.26249457,,,,
,,,24.6322399,0.113577211,0.007061682,3.157143512,0.025370955,0.014207735,2024,7,4036131,6.28821066,,,,
3.872727492,0.041765029,0.001229183,4.547176934,0.051462422,0.002057335,0.538235464,0.022746246,0.011325216,2024,7,3121427,1.92411322,,,,
,,,22.05405992,0.1734357,0.007952768,1.594145122,0.031882902,0.017854425,2024,7,4428850,4.821202,,,,
3.969184197,0.072179696,0.003225083,,,,,0.023240494,0.010817485,2024,7,4362887,0.92204972,1.797344464,0.011316283,0.000712383,0.005978873
,,,5.138339572,0.070131217,0.002803666,0.532352221,0.006113705,0.003423675,2024,7,3930086,1.46589486,,,,
,,,39.57348209,0.318273839,0.017595493,3.458765245,0.067473615,0.037785224,2024,7,4360761,9.28715903,,,,
2.710890224,0.017317546,0.000979912,28.74870699,0.106646127,0.005376902,2.392549248,0.056341302,0.030702097,2024,7,4695883,6.23508844,,,,
4.338998211,0.042912263,0.002751481,51.13684344,0.130236221,0.012711818,3.711920867,0.074214832,0.04018257,2024,7,4428718,10.35223753,1.272351861,0.003793698,0.000398098,0.005405816
23.83945668,0.133328384,0.006000753,1.902816829,0.008124795,0.000493379,0.247863935,0.042374326,0.019701436,2024,7,4569682,3.64551175,,,,
13.44103227,0.09148557,0.004382176,6.284581988,0.019771773,0.001618197,0.892656383,0.035794877,0.017370328,2024,7,4371733,3.53467368,,,,
,,,32.95796869,0.247975193,0.02361102,3.302243517,0.030327984,0.016983671,2024,7,4242557,8.09994424,,,,
2.284853623,0.026579389,0.001208279,27.28847446,0.22125484,0.009362832,2.144895272,0.041788405,0.022694552,2024,7,2976592,6.56609057,,,,
,,,29.6668001,0.137578134,0.004462446,2.205122678,0.044102454,0.024697374,2024,7,4429022,5.95796564,,,,
23.89349151,0.0997359,0.005887428,,,,,0.603360257,0.288221382,2024,7,3122840,12.20188583,184.0713331,0.894337706,0.05010623,0.638763709
1.983358643,0.014443266,0.00050471,23.65592277,0.167490243,0.009363539,1.709920713,0.040323526,0.021968664,2024,7,4597500,5.34231108,,,,
,,,35.2356259,0.181415108,0.016960907,2.783545516,0.05567091,0.03117571,2024,7,3916945,7.36863915,,,,
0.820672962,0.00373739,0.000165026,38.8269658,0.231887122,0.007521425,3.09457376,0.06454371,0.035879254,2024,7,4430637,8.4184031,,,,
28.40936063,0.143161091,0.012063428,,,,,0.532644936,0.253990351,2024,7,3917792,15.46844568,219.7401586,1.165445466,0.108960124,0.715475772
70.42806682,0.510283899,0.017831513,8.417188325,0.039797063,0.002224854,1.253683977,0.099707596,0.046606346,2024,7,4241401,12.38822931,,,,
,,,41.83519519,0.194298417,0.016060784,3.036727964,0.050116349,0.028065155,2024,7,3121409,8.36335524,,,,
13.24074696,0.05738971,0.004802816,1.436708353,0.008131692,0.001073997,0.211952031,0.027328367,0.012749979,2024,7,4682745,2.05979964,,,,
20.0369121,0.093885592,0.005312507,13.92906854,0.024597694,0.001240171,1.969070738,0.063498879,0.031221541,2024,7,4045163,6.02890479,,,,
12.04276527,0.066691519,0.002164055,,,,,0.489018344,0.234053182,2024,7,3116407,12.93941394,234.9317344,0.882596106,0.034835844,0.605729467
19.44796542,0.13716128,0.005564833,7.208955247,0.046232517,0.002689227,0.982036304,0.048955607,0.023348614,2024,7,4714365,4.74110644,,,,
,,,51.70797579,0.23631954,0.013746102,4.384218171,0.087684363,0.049103244,2024,7,3120348,10.90453471,,,,
8.481187961,0.060868604,0.002469528,9.604420829,0.048359486,0.002812947,1.291205541,0.026436532,0.013189145,2024,7,3116389,3.74001762,,,,
,,,29.16005102,0.141065583,0.011660537,2.193394095,0.03637249,0.020368595,2024,7,3917914,5.99968952,,,,
,,,18.96228344,0.1150494,0.005082777,1.445944455,0.020392739,0.011419934,2024,7,3134353,4.02033309,,,,
2.533627957,0.029505242,0.000977399,,,,,0.003439005,0.001581942,2024,7,3127586,0.42927576,,,,
,,,26.93443933,0.117839404,0.006701987,1.990797388,0.039815948,0.022296931,2024,7,4243389,5.40942021,,,,
,,,2.239150722,0.017687164,0.000782359,0.203400831,0.004068017,0.002278089,2024,7,4432620,0.64550109,,,,
,,,30.09680759,0.21768383,0.011355988,2.128400737,0.042568015,0.023838088,2024,7,4368003,6.42034228,,,,
16.68457543,0.134152062,0.0044269,3.839362376,0.006354254,0.000377862,0.739760769,0.038582021,0.018281691,2024,7,2980453,3.664429,,,,
6.05177771,0.093807179,0.006014801,,,,,0.382154422,0.183068881,2024,7,4260394,13.61361603,272.3106356,0.81193284,0.079221589,0.754488311
34.45156205,0.205002494,0.017156198,,,,,0.554067938,0.263855617,2024,7,4035671,14.11954689,193.3805341,0.822758521,0.108666236,0.66022668
1.922733187,0.018359409,0.000896549,52.17541697,0.176271479,0.016783733,3.828067291,0.07589418,0.041922802,2024,7,4360797,10.35918659,,,,
6.772142534,0.054572869,0.00160613,1.46974479,0.008403495,0.00033595,0.177496966,0.017761086,0.008332453,2024,7,3915411,1.38058319,,,,
,,,38.56762492,0.139822518,0.008490732,3.171756784,0.063435136,0.035523676,2024,7,4569559,7.8150625,,,,
,,,30.17659751,0.058017625,0.002289941,2.922322501,0.04667698,0.026139109,2024,7,3045144,6.24161967,,,,
,,,17.15161543,0.127908075,0.011958414,1.724347442,0.019795626,0.01108555,2024,7,4429148,4.20922576,,,,
26.07593766,0.111729375,0.009109088,7.960750559,0.046508432,0.00213261,1.135505542,0.065206579,0.031049371,2024,7,4887558,5.45070786,,,,
14.13025211,0.088715191,0.00469881,5.819759917,0.019254132,0.00087224,0.847728792,0.043289684,0.020714824,2024,7,4360238,3.52363495,,,,
32.0941295,0.145503618,0.008589104,5.87313207,0.023306213,0.001305756,0.95570775,0.077631767,0.036563303,2024,7,3125116,5.72677797,,,,
1.855235127,0.005230165,0.00023094,22.52483815,0.137230964,0.004451185,2.118483551,0.047436975,0.026036898,2024,7,3045523,5.36980211,,,,
,,,16.91152788,0.097593922,0.007987459,1.423322329,0.02294136,0.012847162,2024,7,4361409,3.69092524,,,,
,,,7.42669194,0.053076519,0.007010107,0.642129733,0.010493819,0.005876539,2024,7,16733,1.70580238,,,,
,,,15.05070503,0.076201608,0.004531401,1.4559476,0.02043575,0.01144402,2024,7,3843945,3.40494202,,,,
,,,6.256476056,0.060105497,0.002870031,0.625090335,0.007176079,0.004018604,2024,7,4250764,1.60926338,,,,
,,,30.37708607,0.171190762,0.014010905,2.956345032,0.033939041,0.019005863,2024,7,4241374,7.0121023,,,,
32.47072146,0.138552281,0.00893982,21.15891591,0.089519442,0.003959729,2.794661836,0.080797376,0.039537925,2024,7,3139602,9.47491516,,,,
5.13467786,0.060779019,0.002762967,4.275024812,0.018294894,0.000774184,0.548685871,0.017536632,0.008530051,2024,7,4430871,1.9935649,,,,
,,,4.466631425,0.022712034,0.002123399,0.357985608,0.007159712,0.004009439,2024,7,4692590,0.93733789,,,,
,,,20.1704265,0.112871622,0.003661072,1.890415081,0.018587421,0.010408956,2024,7,3043275,4.5716825,,,,
,,,18.18980553,0.103741891,0.008575346,1.504507752,0.030090155,0.016850487,2024,7,4426948,3.93018137,,,,
0.7953153,0.008129498,0.000426271,14.23974544,0.09265416,0.004013365,1.957045508,0.017569706,0.00964913,2024,7,16002,4.05529834,,,,
,,,5.143336888,0.039727429,0.002225772,0.62725279,0.009485732,0.00531201,2024,7,3128452,1.37402878,,,,
,,,7.54962585,0.046978522,0.002920897,0.881688884,0.010121848,0.005668235,2024,7,4576297,1.91329493,,,,
,,,48.87156935,0.216177291,0.020583374,3.986723553,0.079734471,0.044651304,2024,7,4569382,10.12995069,,,,
,,,5.605010132,0.035563287,0.00150493,0.426081527,0.008521631,0.004772113,2024,7,4426407,1.23636264,,,,
38.7646677,0.249052682,0.008702971,10.18543175,0.049023477,0.002740657,1.474227895,0.082251452,0.039080211,2024,7,4429676,8.14503525,,,,
1.714725086,0.010392604,0.000467743,31.08166268,0.139407292,0.008465517,2.358668884,0.052196119,0.028727552,2024,7,4431280,6.49889845,,,,
1.278067183,0.010945593,0.000439944,21.7204175,0.116896395,0.003920825,1.716359926,0.03866146,0.021216991,2024,7,4382466,4.76263847,,,,
,,,5.583341447,0.015839026,0.000798575,0.457544621,0.008952525,0.005013414,2024,7,4212909,1.10271964,,,,
,,,1.734671635,0.008930457,0.001179495,0.177396434,0.003547929,0.00198684,2024,7,4569603,0.40292525,,,,
,,,8.556394624,0.041260531,0.003928632,0.769095748,0.012396421,0.006941996,2024,7,2310331,1.86659893,,,,
8.218479418,0.062815652,0.003554417,,,,,0.481400599,0.230562267,2024,7,14012,14.34551224,271.6093791,1.122922786,0.056615706,0.940615817
,,,32.20551306,0.133889248,0.00675045,3.197262872,0.036704795,0.020554685,2024,7,4431588,7.1945132,,,,
,,,5.917556935,0.045603343,0.002014714,0.625318666,0.005742961,0.003216058,2024,7,4242392,1.48844353,,,,
4.559980065,0.027337798,0.00144795,6.305014351,0.024806551,0.001123772,0.831696173,0.011876454,0.005954651,2024,7,2983509,2.22460965,,,,
,,,7.028919313,0.03073008,0.001357627,0.667183889,0.013343678,0.00747246,2024,7,2973405,1.65505807,,,,
,,,25.48862346,0.171950806,0.009506151,2.470954228,0.048576389,0.027202778,2024,7,4037235,6.0705361,,,,
,,,25.13261722,0.057289489,0.002888431,1.915455618,0.038309112,0.021453103,2024,7,4426485,4.73633893,,,,
11.4056761,0.080637004,0.00266095,,,,,0.520280339,0.248953046,2024,7,4426339,10.09419951,197.6665173,0.709914802,0.042215762,0.941048676
,,,20.2193576,0.133677821,0.004483691,2.289651572,0.021028284,0.011775839,2024,7,3052096,5.09962496,,,,
,,,29.57736997,0.088008955,0.005233537,2.640991461,0.052819829,0.029579104,2024,7,4573697,6.07948305,,,,
,,,18.25566893,0.078870161,0.003572932,1.327615617,0.026552312,0.014869295,2024,7,4567096,3.60451275,,,,
,,,7.435865746,0.081300942,0.003250203,0.602733045,0.010046057,0.005625792,2024,7,2991662,1.82963929,,,,
2.835026272,0.025935777,0.002185471,,,,,0.00594372,0.002734111,2024,7,4570561,0.47230814,,,,
,,,1.950867509,0.016397378,0.000906515,0.187180432,0.002917872,0.001634008,2024,7,3059722,0.47927326,,,,
31.53476686,0.157982464,0.005126329,10.98971991,0.039641298,0.001564632,1.498104253,0.069038759,0.033022528,2024,7,4367567,6.88545637,,,,
,,,25.07243552,0.136607041,0.007769375,1.697635702,0.027554433,0.015430483,2024,7,3930066,5.00992528,,,,
1.434693306,0.007835995,0.00046256,,,,,0.00620492,0.002854263,2024,7,4367178,0.18586569,,,,
,,,27.62182108,0.180439281,0.009413039,2.586678065,0.02969524,0.016629334,2024,7,4427834,6.41784927,,,,
,,,27.57032218,0.162413154,0.007171352,1.855730545,0.036294284,0.020324799,2024,7,2971618,5.56189479,,,,
,,,21.57399973,0.115725996,0.006731485,1.39156549,0.02677814,0.014995758,2024,7,3118892,4.22750089,,,,
3.675973448,0.01690442,0.00127026,,,,,0.007101822,0.003266838,2024,7,4372071,0.4652182,,,,
10.48153661,0.037911981,0.002764866,7.365980269,0.040014237,0.002212152,1.129544518,0.020697905,0.010188529,2024,7,4362478,3.37802908,,,,
5.395805235,0.02408836,0.00181,13.3560859,0.105115292,0.005019244,1.166172634,0.040148438,0.020800627,2024,7,4362477,3.95738162,,,,
,,,8.695108683,0.072233758,0.002422794,0.863799708,0.014708083,0.008236527,2024,7,3921690,2.15547386,,,,
2.219268411,0.010765596,0.000877699,,,,,0.00432164,0.001987954,2024,7,3149687,0.284414,,,,
,,,21.14085569,0.063013438,0.003826495,1.625016213,0.032500324,0.018200182,2024,7,4039057,4.08929304,,,,
,,,5.61527299,0.049479198,0.002814075,0.595392715,0.006835149,0.003827683,2024,7,4430802,1.45194859,,,,
,,,1.00454177,0.00615037,0.000349796,0.089603133,0.001792063,0.001003555,2024,7,4431492,0.22569935,,,,
,,,11.41254175,0.069609266,0.00575393,0.737395225,0.014747904,0.008258827,2024,7,4361577,2.2916846,,,,
12.60809812,0.052776457,0.003115404,15.88122815,0.05648954,0.003164887,2.29119903,0.045740217,0.023068342,2024,7,4249836,5.80422143,,,,
4.744354205,0.018607257,0.00082161,1.798960256,0.008986223,0.000291475,0.23738749,0.014710936,0.007036016,2024,7,3928925,1.07971503,,,,
0.757603046,0.010334328,0.000419279,13.55186563,0.08769671,0.005101093,1.156543714,0.025666148,0.014119516,2024,7,4035004,3.26160866,,,,
,,,10.37341926,0.052237529,0.003247877,1.016700077,0.020334002,0.011387041,2024,7,4360405,2.35172585,,,,
,,,30.28616028,0.083584669,0.004970442,2.784839377,0.029588647,0.016569642,2024,7,4036335,6.34082737,,,,
1.639064762,0.007902384,0.000644267,4.427618323,0.035912948,0.001646762,0.34199509,0.011959118,0.006185184,2024,7,4259305,1.2040828,,,,
,,,30.70202185,0.112074291,0.005077127,2.109719573,0.042194391,0.023628859,2024,7,4686422,5.81638004,,,,
,,,35.69699225,0.118078004,0.007021621,3.219241001,0.06438482,0.036055499,2024,7,4427985,7.44103849,,,,
,,,1.476169507,0.007833602,0.001034627,0.179435536,0.003588711,0.002009678,2024,7,3123075,0.46014504,,,,
,,,2.205854195,0.019382149,0.000839548,0.215384505,0.002472629,0.001384672,2024,7,2975863,0.55123797,,,,
,,,2.011389768,0.012939873,0.001232073,0.212964488,0.002444847,0.001369114,2024,7,4426553,0.49153342,,,,
,,,13.68666794,0.074560709,0.003377707,1.288458596,0.014791592,0.008283292,2024,7,4426496,3.09506907,,,,
,,,3.873880613,0.026701908,0.00149277,0.355845497,0.00420454,0.002354542,2024,7,4039160,0.90183246,,,,
,,,4.676619498,0.030811974,0.001871059,0.43472335,0.005015401,0.002808625,2024,7,3911853,1.08551461,,,,
,,,4.899960654,0.024731314,0.001438557,0.393043884,0.007860878,0.004402091,2024,7,4430191,1.04449213,,,,
,,,3.035357634,0.011478717,0.000385008,0.509188506,0.005055325,0.002830982,2024,7,4012556,0.87683782,,,,
,,,5.924888278,0.042345448,0.002397574,0.417032048,0.008266359,0.004629161,2024,7,3047876,1.25934862,,,,
,,,6.340270681,0.034085856,0.001143275,0.617476989,0.01234954,0.006915742,2024,7,3115255,1.50036712,,,,
4.377574446,0.040550077,0.002600021,38.47905202,0.087157006,0.008507034,2.715209846,0.068203793,0.036804164,2024,7,4036211,7.72370905,,,,
,,,21.52382588,0.116559056,0.007078057,1.948463827,0.022368497,0.012526358,2024,7,4360231,4.78989455,,,,
,,,6.77773508,0.045712352,0.002407961,0.732206547,0.008405781,0.004707237,2024,7,4361372,1.67987761,,,,
,,,15.03740665,0.171263398,0.009574477,1.155911895,0.017692969,0.009908063,2024,7,2998565,3.68703258,,,,
3.476899429,0.019717322,0.001650098,2.835718419,0.011756175,0.001552703,0.425915114,0.011923566,0.005890796,2024,7,3917668,1.24095689,,,,
,,,5.421307619,0.043959954,0.002500174,0.590190673,0.006775429,0.00379424,2024,7,4241961,1.39367183,,,,
,,,3.816334153,0.041025583,0.002268064,0.418263462,0.004801693,0.002688948,2024,7,4426844,1.04533521,,,,
,,,1.478045902,0.011169248,0.000493178,0.205048923,0.001731022,0.000969372,2024,7,2975417,0.41896231,,,,
,,,4.840342999,0.026650906,0.003519932,0.616667668,0.004955571,0.00277512,2024,7,3052897,1.26222783,,,,
,,,6.595682939,0.057012375,0.002722335,0.591496886,0.011829938,0.006624765,2024,7,4686781,1.58564717,,,,
,,,4.799391915,0.031730137,0.001655277,0.470260627,0.006670202,0.003735313,2024,7,3127310,1.13659637,,,,
,,,6.095273603,0.062102879,0.002847682,0.610171461,0.00700481,0.003922693,2024,7,4373030,1.59035087,,,,
,,,25.22987399,0.137861115,0.005971529,1.679521289,0.033590426,0.018810638,2024,7,2578533,5.00488516,,,,
,,,0.998144205,0.005173241,0.000294222,0.088734057,0.001430231,0.000800929,2024,7,3914397,0.21861225,,,,
,,,2.783176034,0.012684508,0.000788661,0.290457081,0.005323717,0.002981282,2024,7,4243160,0.73904485,,,,
,,,2.223108348,0.014379407,0.0004823,0.170226798,0.002743745,0.001536497,2024,7,3122168,0.47677828,,,,
,,,8.170018608,0.077372723,0.003416392,0.773105884,0.008875308,0.004970172,2024,7,4241263,2.05147112,,,,
,,,5.05754809,0.020384289,0.001267396,0.571263262,0.008761979,0.004906708,2024,7,2971281,1.19227678,,,,
,,,3.545575673,0.027411163,0.003620343,0.380692795,0.004370379,0.002447412,2024,7,4365395,0.9021784,,,,
,,,2.261929298,0.016270601,0.000946419,0.220345238,0.002529578,0.001416564,2024,7,4430723,0.54328808,,,,
,,,13.28152372,0.066868942,0.0026393,1.353017664,0.015532735,0.008698331,2024,7,4360086,3.07067543,,,,
,,,3.693603773,0.011243257,0.000682748,0.501557983,0.00423415,0.002371124,2024,7,2515270,0.93511275,,,,
,,,5.012034549,0.025352596,0.001420406,0.580336746,0.006166021,0.003452972,2024,7,4428678,1.22975324,,,,
,,,23.30432866,0.150715577,0.014710723,2.304354576,0.038459433,0.021537282,2024,7,4040774,5.52644179,,,,
,,,5.654341143,0.051999774,0.002907046,0.529684844,0.006080818,0.003405258,2024,7,4722908,1.40628198,,,,
,,,2.296123807,0.015422034,0.001274791,0.221996191,0.003653343,0.002045872,2024,7,4048228,0.54269521,,,,
2.024519211,0.013301665,0.000464817,,,,,0.006125112,0.002817552,2024,7,4061956,0.27771844,,,,
3.321970878,0.02845844,0.00127156,,,,,0.006885668,0.003167407,2024,7,4248068,0.52832434,,,,
,,,13.45524135,0.052241422,0.002633917,1.239043713,0.015251456,0.008540816,2024,7,4045305,2.88660518,,,,
,,,9.009685118,0.036243393,0.003450924,0.744812645,0.014896253,0.008341902,2024,7,4386544,1.9081702,,,,
,,,2.204892385,0.018820415,0.000832487,0.232515507,0.002669294,0.001494805,2024,7,4040612,0.5646728,,,,
,,,6.907862537,0.036765231,0.002232571,0.667282012,0.007660443,0.004289848,2024,7,4383440,1.5747473,,,,
,,,25.69444096,0.200587374,0.009578026,1.93915573,0.038783115,0.021718544,2024,7,4360739,5.68886903,,,,
,,,10.24858339,0.067845205,0.006459898,1.060191232,0.012171067,0.006815798,2024,7,4239944,2.4917306,,,,
,,,7.273664797,0.081928359,0.004659585,0.812431226,0.009326766,0.005222989,2024,7,2508256,2.03048705,,,,
,,,4.480680979,0.019172556,0.000756736,0.445693795,0.005116595,0.002865293,2024,7,2576399,1.00471511,,,,
,,,2.036594005,0.01909687,0.001055754,0.187212734,0.003744255,0.002096783,2024,7,4428811,0.50347014,,,,
,,,3.732060149,0.02643921,0.001478084,0.368794742,0.004233789,0.002370922,2024,7,4362523,0.89896194,,,,
1.40578469,0.010721628,0.000687458,,,,,0.004633199,0.002131271,2024,7,4589248,0.22960779,,,,
,,,9.772186302,0.057988129,0.00474597,1.039022481,0.011928049,0.006679707,2024,7,4034862,2.36061741,,,,
,,,10.22589719,0.119893933,0.005724923,1.054420582,0.01210482,0.006778699,2024,7,2511973,2.79458615,,,,
,,,25.490137,0.07797733,0.007611044,1.951673097,0.039033462,0.021858739,2024,7,3910176,4.94108739,,,,
,,,25.43127744,0.055758226,0.005442329,1.977324827,0.039546497,0.022146038,2024,7,3919510,4.82263851,,,,
,,,74.59506122,0.523593707,0.022078101,6.317431973,0.093847244,0.052554457,2024,8,4374302,16.86002563,,,,
,,,90.3588306,0.495397798,0.021447305,6.012499991,0.100723869,0.056405367,2024,8,4262921,17.95351172,,,,
1.079811579,0.00799099,0.000478825,87.8813133,0.526831744,0.026421842,6.690615486,0.124786888,0.069500062,2024,8,4362628,18.71375959,,,,
91.54227828,0.595736227,0.034160423,31.91254811,0.174384735,0.010065084,3.573780166,0.149024446,0.071134558,2024,8,4430807,20.49010648,,,,
67.33117803,0.747689799,0.018396858,22.6979971,0.194943943,0.008220099,2.737647708,0.123179882,0.058478865,2024,8,4429795,17.33589586,,,,
60.36524411,0.280713754,0.008504709,,,,,0.543684711,0.257985293,2024,8,3916387,22.53174911,214.5468896,1.900996128,0.067579178,0.512727553
100.3167273,0.918113978,0.027815851,10.47988594,0.07970835,0.00283358,1.080494797,0.180727844,0.083979969,2024,8,3043078,18.04519901,,,,
86.90012215,0.621111325,0.020353224,16.93409212,0.071615589,0.004289701,2.193648287,0.197613359,0.092963311,2024,8,4242335,16.60200443,,,,
66.48867348,0.412666224,0.032491703,24.42713126,0.131394206,0.005818648,3.136944417,0.181532195,0.086561659,2024,8,4047365,15.40117886,,,,
55.41321418,0.56244469,0.047113633,35.03904805,0.227872779,0.026351334,3.997762703,0.089612431,0.043421707,2024,8,4429160,17.86484105,,,,
,,,57.29396492,0.140457567,0.015187016,6.02062817,0.06911722,0.038705643,2024,8,4432665,12.54755681,,,,
,,,70.42190872,0.464831848,0.027480139,5.239321863,0.057314374,0.032096049,2024,8,3040151,15.062784,,,,
,,,47.57674907,0.296909673,0.016750591,5.320166874,0.065075492,0.036442276,2024,8,4361307,11.82163245,,,,
3.202049836,0.023537924,0.002199267,89.21432371,0.379480436,0.039645677,7.222537469,0.156674399,0.086515299,2024,8,4595348,18.79707827,,,,
51.95435096,0.71487106,0.024202788,,,,,0.553401561,0.263279344,2024,8,4426348,22.86582694,237.0242258,1.367264054,0.100170934,0.652814258
10.57201475,0.171798984,0.010294289,,,,,0.50216135,0.240312864,2024,8,3915511,17.98840729,266.3062048,1.690177916,0.08476637,0.617651769
,,,72.38905977,0.549059968,0.034395026,5.732445082,0.087823596,0.049181214,2024,8,16800,16.23845449,,,,
78.43002729,0.460885103,0.05133295,38.4928691,0.173591586,0.010874381,4.293815836,0.216408197,0.103939377,2024,8,4427366,19.71521352,,,,
4.744500432,0.047931095,0.004014987,89.11657334,0.431824221,0.049936392,5.896345115,0.089248845,0.048931656,2024,8,3116406,18.17941713,,,,
36.84192366,0.588465428,0.017122387,,,,,0.582817853,0.277958206,2024,8,3918298,23.7000816,273.0202156,1.726963013,0.06377156,0.482397745
87.27187288,0.647516709,0.025943706,21.47465989,0.131251329,0.010844973,3.056722992,0.128515112,0.060858038,2024,8,3929630,18.55923578,,,,
,,,72.6481677,0.553764338,0.034689724,5.622430684,0.112448614,0.062971224,2024,8,4569618,16.15624048,,,,
,,,77.10574905,0.573522574,0.033102399,6.451754067,0.122209859,0.068437521,2024,8,4426502,17.53602217,,,,
,,,84.5443286,0.436880009,0.036098316,5.794320479,0.109832249,0.061506059,2024,8,4047646,16.82211591,,,,
78.00490806,0.486658069,0.022905601,28.52195266,0.207462045,0.008981674,3.308679881,0.194053675,0.09254457,2024,8,3042519,18.00989605,,,,
81.24459655,0.674430966,0.036086666,24.06712125,0.216030071,0.01321151,3.114854747,0.103448041,0.049121096,2024,8,3116385,18.99187691,,,,
,,,33.6918878,0.318607537,0.013434557,3.100991586,0.024919716,0.013955041,2024,8,4430027,8.38144462,,,,
1.614198984,0.009704083,0.000420987,54.13411433,0.099415292,0.009754378,4.284119836,0.084906419,0.047046347,2024,8,4426515,10.44216945,,,,
1.593765434,0.014131358,0.000478433,71.65401217,0.360249221,0.02639322,5.423431945,0.094098494,0.052242795,2024,8,3121422,14.9462349,,,,
82.07825571,0.491656897,0.01430558,20.30320558,0.120603529,0.004453526,2.26843556,0.12936177,0.06108826,2024,8,4379399,16.09889994,,,,
2.89617942,0.019017203,0.001179331,63.7780344,0.392585655,0.023237711,4.768006292,0.105203114,0.057929445,2024,8,4432773,13.84079802,,,,
6.211092676,0.042375182,0.001283829,59.19375566,0.430740366,0.01531254,3.920027584,0.080260406,0.043313072,2024,8,4429615,13.2478903,,,,
41.47871947,0.415727008,0.024236632,13.46684548,0.080246439,0.004636012,1.93720981,0.105059761,0.050120106,2024,8,4596448,10.38689241,,,,
58.63335686,0.293549173,0.010035171,37.98665009,0.095554538,0.005514234,5.062537758,0.128596889,0.062700001,2024,8,3054850,16.96825553,,,,
84.00257122,0.743511943,0.032255396,15.43947796,0.084777829,0.008318187,2.16419677,0.190628731,0.089515372,2024,8,4430737,16.99132603,,,,
,,,65.29816967,0.527008263,0.029424535,4.446811675,0.088936233,0.049804291,2024,8,4426354,14.10026471,,,,
51.14336091,0.388636179,0.023287293,14.85647095,0.073533795,0.003687892,2.222604018,0.159728405,0.075935228,2024,8,4362238,11.53672534,,,,
1.382691137,0.012340075,0.000684793,75.21129257,0.350590458,0.027855646,5.781589025,0.094378213,0.052490581,2024,8,3915416,15.57316031,,,,
0.066972073,0.004562101,0.000137636,47.55568226,0.198613373,0.013655702,4.714926521,0.048888973,0.027225813,2024,8,15847,10.67066985,,,,
,,,56.83580312,0.511144868,0.028836981,4.282882897,0.085657658,0.047968288,2024,8,4432708,12.9973318,,,,
15.29607375,0.204178795,0.0119035,,,,,0.5120085,0.244832585,2024,8,3052587,17.73219119,245.562401,1.787111312,0.103245318,0.873781355
,,,61.65389391,0.397714591,0.021771867,5.254986502,0.089722069,0.050244358,2024,8,4430878,13.75208846,,,,
67.54615589,0.709071018,0.024006421,17.05315711,0.083469944,0.006115324,2.206567643,0.136770556,0.064608193,2024,8,4241474,15.35638382,,,,
2.997836588,0.020950708,0.000908894,71.68321457,0.186980148,0.018346021,6.266934757,0.113873164,0.06286936,2024,8,2977187,14.89840212,,,,
62.71847521,0.578360143,0.032095193,28.96395672,0.115623327,0.00918668,3.525400554,0.165900678,0.079601766,2024,8,4259545,16.78528478,,,,
0.742131908,0.007278577,0.000342582,50.18342316,0.316372545,0.013696747,3.476164055,0.057986109,0.032276552,2024,8,4429205,10.47568185,,,,
24.0884207,0.150666865,0.004545526,,,,,0.326668591,0.155971697,2024,8,3139477,14.19421028,215.8666297,1.048541488,0.07209268,0.898718569
36.65020898,0.712739539,0.028556954,,,,,0.662962297,0.315117335,2024,8,4040715,19.55307061,214.0616831,1.189071093,0.098250008,0.674019234
44.80533122,0.214711392,0.014133148,,,,,0.56409733,0.268975233,2024,8,3917315,18.11837133,193.9092508,1.531896628,0.086424175,0.606215436
,,,33.79016062,0.37764613,0.013425075,2.525757674,0.032099714,0.01797584,2024,8,3116365,8.16239499,,,,
25.31723378,0.179491672,0.009194156,15.69889554,0.048768593,0.002669712,2.386911592,0.033875477,0.016590234,2024,8,4426385,7.84952738,,,,
39.51563146,0.268763513,0.015668749,24.2125238,0.152769348,0.008825818,3.625236642,0.095093947,0.046289849,2024,8,4697815,12.48616925,,,,
95.93083894,0.64302513,0.023994106,10.93503943,0.083302337,0.004651033,1.609084238,0.120597957,0.056408767,2024,8,4241457,16.60129562,,,,
10.40628819,0.180206052,0.009331918,76.12499214,0.402551831,0.023798241,4.157225978,0.127861949,0.066938053,2024,8,3126486,16.2518064,,,,
,,,60.01391835,0.330104108,0.027275687,4.975225424,0.085502213,0.047881239,2024,8,4241478,12.9182868,,,,
,,,57.6735054,0.484514096,0.023607741,4.20374613,0.084074923,0.047081957,2024,8,4612826,12.89380576,,,,
16.37825057,0.182469043,0.008588295,,,,,0.700978074,0.334956725,2024,8,3912547,16.55431844,249.8262991,1.528491862,0.066173145,0.89171486
,,,51.72263402,0.420572401,0.023884796,3.604025953,0.066498712,0.037239279,2024,8,3128429,11.2747728,,,,
69.61350264,0.337826017,0.011063138,24.30511645,0.068233227,0.002545333,3.823773847,0.104167723,0.050103017,2024,8,3916148,15.58175013,,,,
8.010853719,0.040813647,0.004371297,88.49628063,0.462048082,0.027833278,6.287702559,0.115471506,0.062648848,2024,8,4241389,18.89774582,,,,
57.44258409,0.267673968,0.021118569,19.74145622,0.105761302,0.005015499,2.784936361,0.278118386,0.132617654,2024,8,4569173,12.53830484,,,,
,,,38.70698186,0.179052554,0.020705737,3.14322721,0.040633604,0.022754818,2024,8,3054212,8.08521656,,,,
9.722572666,0.055983107,0.004407888,64.37031165,0.434333165,0.019233966,4.996139391,0.125742663,0.067833904,2024,8,4362249,15.29847112,,,,
2.707616367,0.019658494,0.000643777,55.50239012,0.218982911,0.008168813,3.712979594,0.069319991,0.038109508,2024,8,3925357,10.90906484,,,,
84.5323836,0.468771659,0.030856394,16.76213724,0.108808333,0.00613858,2.369716982,0.247676389,0.116763773,2024,8,3045147,15.81165142,,,,
106.6844139,0.433375729,0.03343691,15.61388084,0.106995356,0.005213303,2.062490873,0.1197045,0.056235741,2024,8,4241985,17.5025378,,,,
67.02504662,0.681937116,0.034931071,25.97345563,0.11604342,0.0063525,3.602335082,0.083453579,0.040087231,2024,8,4567048,17.6946632,,,,
3.183908321,0.061794664,0.001520454,,,,,0.381081137,0.18242365,2024,8,3046779,14.55022646,213.7803362,1.67251253,0.070523959,0.584758724
,,,48.92603411,0.232325522,0.018459081,4.838884905,0.093089879,0.052130332,2024,8,15818,11.06055895,,,,
30.86764649,0.214210836,0.020014801,20.86929036,0.084181032,0.008794693,2.949242466,0.110067139,0.053503054,2024,8,4360516,9.8798338,,,,
,,,51.76190959,0.16887383,0.01358312,3.513469178,0.067266846,0.037669434,2024,8,4241463,9.65650649,,,,
11.32153284,0.086803313,0.004495084,2.077841347,0.010868221,0.000642512,0.236564958,0.024393827,0.011420869,2024,8,4372561,2.19633363,,,,
31.36224159,0.362435353,0.014732494,,,,,0.2492554,0.118879435,2024,8,4426338,18.2467527,220.6956791,1.390332404,0.078958594,0.704731832
16.12408943,0.234202213,0.012128093,,,,,0.468618625,0.223870912,2024,8,4361741,20.22830227,302.4980985,1.732679772,0.102433345,0.806852017
1.173689995,0.008801878,0.000632495,49.20878964,0.123404406,0.013343138,4.851740307,0.090149936,0.050086603,2024,8,3916433,10.61338603,,,,
1.529053041,0.020391689,0.001708126,67.23581027,0.265099471,0.03065625,5.040388208,0.091227299,0.050637479,2024,8,4372016,13.59568129,,,,
16.78106456,0.07994393,0.006168038,,,,,0.481532698,0.230105803,2024,8,4038941,17.31932632,227.402275,1.833456781,0.089334393,0.505937549
,,,65.96540388,0.429673283,0.02479975,4.573844918,0.069804673,0.039090617,2024,8,4040655,13.72168527,,,,
9.442960218,0.07847816,0.006179059,,,,,0.465359109,0.222767995,2024,8,4036378,19.33560367,292.2070938,2.15703079,0.095521735,1.083066913
7.681228125,0.09009808,0.002718203,41.99859019,0.208824631,0.014357779,3.005856675,0.084326336,0.044801828,2024,8,4683062,9.71414908,,,,
,,,62.78823722,0.319542549,0.025701938,5.147175805,0.061592024,0.034491534,2024,8,3123076,13.32730163,,,,
,,,49.54611398,0.183252463,0.010976636,4.272454086,0.080440969,0.045046942,2024,8,4035687,10.26056365,,,,
,,,46.9579513,0.251439496,0.017287773,3.845496626,0.076208859,0.042676961,2024,8,15795,10.00116036,,,,
1.684248869,0.014052972,0.000408895,52.67906374,0.264601114,0.009770925,4.371809881,0.084515189,0.046863721,2024,8,4373678,11.40892986,,,,
,,,52.65108888,0.287578213,0.0106194,4.638104103,0.063775477,0.035714267,2024,8,4385690,11.58017854,,,,
75.92646776,0.239649496,0.01264028,15.15632208,0.060129858,0.003448464,2.990274137,0.207861411,0.09859557,2024,8,4241416,13.73770559,,,,
12.33089942,0.097197033,0.005200706,,,,,0.441339271,0.211183143,2024,8,4432577,16.36866287,255.9523285,1.397269781,0.085451269,0.5226796
,,,50.4532428,0.26040597,0.015030031,3.617984723,0.029074297,0.016281606,2024,8,4360248,10.22400967,,,,
58.73677451,0.346852392,0.012942594,17.54355221,0.088212737,0.004925196,2.579540161,0.132993999,0.0637559,2024,8,4569987,12.75311949,,,,
64.96800141,0.431698067,0.017547927,22.10979406,0.11459114,0.006507764,3.111518535,0.197811436,0.094440278,2024,8,4361579,14.96148415,,,,
63.41979237,0.889232083,0.021879497,13.43162766,0.062237472,0.002624335,1.688689476,0.151982529,0.071270197,2024,8,4035538,14.99313008,,,,
,,,65.4410525,0.47038995,0.017370089,4.510112186,0.075042022,0.042023532,2024,8,2976499,13.82923025,,,,
,,,34.73623383,0.312773091,0.022914939,3.698630157,0.034931706,0.019561755,2024,8,15835,9.05652245,,,,
,,,43.80631189,0.259160006,0.015611519,4.525353233,0.047140604,0.026398738,2024,8,4242355,10.44061202,,,,
4.414999884,0.026247969,0.001404446,64.12028328,0.335475556,0.020516304,4.372029655,0.09451501,0.051552532,2024,8,4366031,13.33913156,,,,
1.487755658,0.00689178,0.0002356,60.51904788,0.111353251,0.006425942,5.153390509,0.102386661,0.056900353,2024,8,4361370,11.96576943,,,,
1.67283832,0.011159901,0.000365699,40.26678806,0.185265828,0.011097234,3.759299185,0.065124864,0.036016742,2024,8,4688813,9.14478352,,,,
,,,42.28868344,0.365186763,0.017318185,3.728732774,0.035025902,0.019614505,2024,8,3046439,10.14505306,,,,
1.430382506,0.013732897,0.000762086,44.29224637,0.208965712,0.016603062,3.53993052,0.075400372,0.041764032,2024,8,4431299,9.40157929,,,,
,,,45.72897189,0.316064013,0.013996547,4.120633856,0.052053207,0.029149796,2024,8,4572680,10.56098263,,,,
76.89800418,0.89903025,0.027123187,11.70557679,0.058798271,0.004042687,1.776761832,0.109995764,0.051563823,2024,8,3059915,16.34619916,,,,
,,,42.45700505,0.342970476,0.019814152,4.265371044,0.062924739,0.035237854,2024,8,4243331,10.53970822,,,,
,,,30.1205314,0.223503669,0.012478916,3.059316958,0.039230483,0.02196907,2024,8,4361411,7.3944498,,,,
44.49897111,0.271277058,0.01949374,14.46420925,0.070163438,0.007586443,2.15857958,0.096757366,0.045811399,2024,8,4048244,10.06863416,,,,
7.051770471,0.093780186,0.007855573,,,,,0.426725644,0.204313661,2024,8,4241479,17.40172138,294.223908,1.531818941,0.177140391,0.867506735
,,,51.81883057,0.218788731,0.01295042,5.818611277,0.078210589,0.04379793,2024,8,3051876,12.2535957,,,,
,,,36.80194818,0.359099648,0.015902333,2.40668998,0.038791453,0.021723214,2024,8,4248528,8.23086692,,,,
55.13692972,0.440580625,0.027840396,18.08027261,0.041821913,0.003363884,2.053769136,0.09767772,0.046195759,2024,8,3128720,12.24250164,,,,
38.90018053,0.293204491,0.00960803,,,,,0.804214309,0.382905187,2024,8,4429084,14.65996975,191.7464999,0.950969859,0.056962124,0.925792309
22.58102065,0.313804914,0.011709447,,,,,0.425687125,0.20324396,2024,8,14881,16.77612254,199.8276955,1.470109981,0.082080882,0.515334746
6.437708023,0.052751077,0.005875365,,,,,0.426801147,0.204487822,2024,8,8439,17.22487586,263.8680535,1.86872538,0.117063457,0.806603531
,,,58.89916104,0.402556634,0.022036932,5.116348749,0.084404513,0.047266527,2024,8,2577327,13.37337147,,,,
23.99941367,0.291891775,0.009882334,19.84712528,0.116404191,0.008528211,2.509061217,0.099922827,0.049103576,2024,8,3068267,9.33718584,,,,
,,,48.66341831,0.335708054,0.012396691,3.252072955,0.065041459,0.036423217,2024,8,4635008,10.08632606,,,,
1.527259843,0.013602182,0.000792999,44.10163931,0.344005625,0.019873955,3.505978595,0.07507546,0.041546669,2024,8,4430834,10.1928418,,,,
23.23259346,0.165167996,0.015432481,6.667049198,0.01417954,0.001481387,1.051512664,0.096950664,0.045981097,2024,8,4040761,5.06198969,,,,
20.21388445,0.12604857,0.006456624,,,,,0.497951784,0.238229092,2024,8,15864,17.91001684,270.7496921,1.559064696,0.085347005,0.827099284
21.98436454,0.114390883,0.006347943,,,,,0.548045001,0.261985192,2024,8,4431611,15.8995198,256.1241652,1.189448299,0.094505855,0.840109483
,,,35.83606253,0.212951161,0.013023217,3.315451135,0.036556432,0.020471602,2024,8,3117256,8.16283358,,,,
69.18065001,0.53553964,0.033210896,8.68877242,0.043663546,0.002584508,1.240308588,0.354546261,0.165571897,2024,8,4429013,12.25227696,,,,
6.120563991,0.081515625,0.00467423,,,,,0.593338455,0.284266276,2024,8,14880,16.62533943,273.2332267,1.671017651,0.09644728,0.869290429
,,,55.8745713,0.45214253,0.020022634,4.470755184,0.089415104,0.050072458,2024,8,4361432,12.71332585,,,,
1.188169276,0.008606232,0.000804124,55.36749814,0.081451359,0.008509514,6.077541775,0.088587278,0.049321551,2024,8,4569587,12.19577824,,,,
35.14938029,0.375829887,0.031481694,12.23607895,0.076711212,0.008870927,1.563917074,0.095792962,0.045657444,2024,8,2576414,9.00962595,,,,
2.198857061,0.046521223,0.002018206,,,,,0.374440473,0.179495036,2024,8,12483,10.94511996,236.1009749,0.716566874,0.070307735,0.829880692
1.520680923,0.013600197,0.000727703,66.46112349,0.296007784,0.018102618,5.613913371,0.079691672,0.044289803,2024,8,2976212,14.22092873,,,,
47.70019286,0.290889594,0.016680052,6.153577522,0.024332661,0.001404425,0.834141442,0.041257806,0.019330681,2024,8,4373626,8.1094516,,,,
15.887882,0.065485181,0.002238654,6.9511009,0.020412875,0.00117798,1.02175444,0.03013033,0.014550004,2024,8,4599739,3.79957233,,,,
,,,27.41431873,0.086791076,0.003237604,2.741062203,0.031526648,0.017654923,2024,8,4360635,5.9752382,,,,
2.36305245,0.01290374,0.000927252,7.998150018,0.030109995,0.003255652,1.191113673,0.016916757,0.008863716,2024,8,2576336,2.51062691,,,,
,,,39.78338601,0.19765906,0.015704708,4.330822739,0.050583023,0.028326493,2024,8,4258595,9.47121013,,,,
28.21600737,0.269979575,0.016177324,21.24368196,0.106020987,0.0053172,2.958550314,0.084101926,0.041146822,2024,8,4035676,10.12343802,,,,
,,,18.67914802,0.160174499,0.008033125,1.908695215,0.015338365,0.008589485,2024,8,3116164,4.73694929,,,,
9.645968491,0.085963005,0.009206964,,,,,0.599554602,0.287127259,2024,8,2577417,16.22419571,270.9776514,1.556019257,0.093732922,0.983413756
,,,41.14056954,0.231735345,0.013716749,3.522296914,0.065883264,0.036894628,2024,8,3895856,8.98215018,,,,
22.66260228,0.10927228,0.012170644,8.021677041,0.042314151,0.002650706,1.066929314,0.050770413,0.024255091,2024,8,4685247,5.02734635,,,,
,,,32.84125046,0.140844358,0.005253977,2.625940638,0.047630304,0.02667297,2024,8,3929785,6.71355385,,,,
18.61424358,0.127444953,0.005528879,3.329690695,0.012920215,0.001267699,0.486542732,0.042681322,0.020044147,2024,8,4429096,3.55796338,,,,
2.712275258,0.008579664,0.000452533,38.69443168,0.156324078,0.00896523,3.868932284,0.08666295,0.047602821,2024,8,4430034,8.93111822,,,,
,,,27.29641074,0.35901016,0.012762578,1.95786565,0.017981144,0.010069441,2024,8,4361050,6.84742856,,,,
19.22854138,0.063642725,0.005021195,,,,,0.519602716,0.248301779,2024,8,4431452,14.32827835,224.7774465,1.256897389,0.059605615,0.820754807
,,,51.45263081,0.137768156,0.011081181,3.563362735,0.071267255,0.039909663,2024,8,4369863,9.47946179,,,,
17.32328537,0.073912597,0.005311297,4.492430659,0.012246283,0.001324133,0.720779199,0.092432473,0.04365465,2024,8,4361777,3.34770764,,,,
1.392450964,0.004757067,0.000375316,49.00422519,0.185764035,0.008809454,3.725104906,0.079244792,0.043902814,2024,8,4427095,9.84055705,,,,
22.09700695,0.132002184,0.014137936,6.451115935,0.043304663,0.002608626,1.047135162,0.05324553,0.025339524,2024,8,3051392,4.93800661,,,,
87.82174046,0.638882787,0.033084358,14.84612014,0.0594006,0.003511671,1.668024569,0.203012055,0.095015942,2024,8,4360569,16.01302913,,,,
,,,31.2768534,0.239689893,0.015015008,2.450546525,0.034561048,0.019354187,2024,8,3045138,7.00860487,,,,
,,,37.50017084,0.270482376,0.009615473,2.283499676,0.03796184,0.021258631,2024,8,4360939,7.6341267,,,,
,,,38.06391118,0.259496934,0.012643877,3.849657467,0.040723295,0.022805045,2024,8,3127292,9.19378185,,,,
14.27954154,0.080773134,0.002447162,19.71069198,0.142478247,0.005065009,2.119326238,0.051131506,0.0255065,2024,8,4038441,6.85182299,,,,
24.62853328,0.078050753,0.00615794,10.67213735,0.057704462,0.002736508,1.4507702,0.062852161,0.030109221,2024,8,4360294,5.76914571,,,,
17.73401028,0.154750793,0.005290257,14.35743064,0.076135924,0.00439363,1.673057683,0.098866417,0.048614178,2024,8,2468609,6.28704501,2.270010152,0.006447695,0.000358921,0.011267759
23.23981392,0.176494357,0.005135399,5.842835994,0.031431528,0.001160672,0.756838144,0.037757566,0.017879618,2024,8,4429501,4.91088877,,,,
22.93113461,0.151183846,0.006145413,10.01146567,0.044626333,0.002534381,1.471747312,0.063571081,0.030707666,2024,8,4722893,5.89849267,,,,
13.22015438,0.055399249,0.003646596,1.410321556,0.011025166,0.000622001,0.222872914,0.027315025,0.012753061,2024,8,4429275,2.06821807,,,,
,,,26.520917,0.20251806,0.012686436,2.675887163,0.035774954,0.020033974,2024,8,3915486,6.52933415,,,,
,,,39.45654605,0.080998441,0.006514991,3.105622722,0.059157327,0.033128103,2024,8,4372414,7.48560175,,,,
,,,46.28403511,0.267670511,0.015824266,2.925107529,0.058502151,0.032761204,2024,8,4428209,9.12720223,,,,
,,,21.42986374,0.102415107,0.005910142,2.16834882,0.017424954,0.009757974,2024,8,3929645,4.91859037,,,,
22.71374856,0.13886562,0.006536007,7.080426314,0.033077454,0.001432025,0.938412892,0.026507205,0.012589418,2024,8,4242431,4.94094805,,,,
15.34030843,0.051645305,0.002724024,,,,,0.439960702,0.21049812,2024,8,4685720,9.02989883,174.0248613,0.531920803,0.030505807,0.779892463
,,,4.139096786,0.038214628,0.002261979,0.438862961,0.005038177,0.002821379,2024,8,4430539,1.08107481,,,,
24.50957899,0.111487189,0.008601744,9.034015311,0.063247397,0.003081702,1.123532058,0.048986295,0.023482181,2024,8,4430968,5.50399753,,,,
0.916341723,0.006330227,0.000257315,15.12958193,0.072034065,0.004090898,1.082770128,0.024546446,0.013456906,2024,8,4686472,3.25886712,,,,
15.19628727,0.122440907,0.007593037,,,,,0.512568681,0.245228091,2024,8,4360310,15.7456084,236.0020119,1.440961642,0.085292596,0.710733947
4.365628497,0.028702546,0.001645848,38.89348597,0.192145006,0.011090166,3.344060214,0.078056553,0.042594135,2024,8,3728262,8.97428179,,,,
,,,44.47986997,0.417839632,0.02473253,2.990713752,0.059685861,0.033424082,2024,8,4243537,9.92993344,,,,
,,,16.3947916,0.073945061,0.005084107,1.676434559,0.015396466,0.008622021,2024,8,4240472,3.75291446,,,,
,,,32.43710814,0.122976897,0.012066183,2.657614386,0.053152288,0.029765281,2024,8,3043116,6.60519239,,,,
10.47721916,0.083720274,0.005290304,,,,,0.540713628,0.258615045,2024,8,2969939,13.69617483,270.8883432,0.909153874,0.073126465,0.989950701
,,,28.2365746,0.133544476,0.007999178,1.77035702,0.032558465,0.01823274,2024,8,4360078,5.37567221,,,,
,,,36.98674646,0.325155583,0.015843066,3.068799934,0.054717047,0.030641546,2024,8,4242433,8.69025712,,,,
,,,31.69210777,0.16170735,0.008852255,3.541300252,0.028458057,0.015936512,2024,8,4036131,7.66733662,,,,
,,,40.32253026,0.291820288,0.01292294,2.375918988,0.04751838,0.026610293,2024,8,4428850,8.13297304,,,,
,,,7.397328011,0.076531005,0.00282606,0.654345714,0.007501824,0.004201022,2024,8,3930086,1.85071262,,,,
,,,32.93434978,0.27150219,0.015317191,2.922017606,0.056837653,0.031829086,2024,8,4360761,7.81294193,,,,
,,,29.04154672,0.078124931,0.004480487,2.93986817,0.058797363,0.032926524,2024,8,4695883,6.25743435,,,,
,,,44.21080231,0.261350928,0.015743498,3.607397054,0.072147941,0.040402847,2024,8,4249417,9.54916616,,,,
3.659838693,0.02632,0.001891333,41.41894173,0.064773397,0.007003643,3.072840597,0.060346218,0.032712119,2024,8,4428718,8.12650544,,,,
27.03276562,0.29048353,0.01611993,9.506801697,0.028731945,0.002282854,1.362695983,0.059813935,0.028590415,2024,8,4426386,6.9131483,,,,
27.65893539,0.192659451,0.007831339,,,,,0.051252976,0.023576369,2024,8,4569682,3.89171619,,,,
11.30765353,0.093052865,0.003728299,4.07767225,0.01473701,0.001217683,0.621445994,0.032729565,0.015675457,2024,8,4371733,2.81321483,,,,
,,,25.54446223,0.126550189,0.012416785,2.57073476,0.023609767,0.01322147,2024,8,4242557,5.88349675,,,,
1.507416367,0.013877676,0.00080906,35.29610522,0.310648282,0.017946829,2.895523624,0.050834901,0.028066802,2024,8,2976592,8.5057537,,,,
,,,21.80439956,0.091202681,0.004325088,1.676063873,0.033521277,0.018771915,2024,8,4429022,4.37570826,,,,
1.713557443,0.011316352,0.000370826,24.13108107,0.129277441,0.007743587,1.905322606,0.043729691,0.023926303,2024,8,4597500,5.30287744,,,,
,,,35.1446987,0.113455648,0.011853117,2.865037206,0.057300744,0.032088417,2024,8,3916945,7.02128236,,,,
23.12956973,0.092436027,0.00864,,,,,0.555178767,0.264951185,2024,8,3917792,13.80596914,234.7948009,0.797584311,0.083326482,0.656201933
6.9439093,0.046635602,0.001528204,1.238861635,0.005379477,0.000322225,0.207746414,0.007997601,0.003766586,2024,8,4241401,1.33449287,,,,
,,,32.89175244,0.158507689,0.011612873,2.607675126,0.042985846,0.024072074,2024,8,3121409,6.8241121,,,,
13.29198938,0.115969162,0.00971425,,,,,0.0264821,0.012181766,2024,8,4682745,2.02078088,,,,
16.72424415,0.042900262,0.002262768,9.457481628,0.014286642,0.000819343,1.796475361,0.05849824,0.028739303,2024,8,4045163,4.70799698,,,,
,,,6.909443947,0.061646106,0.003713495,0.746743246,0.008572663,0.004800691,2024,8,4372096,1.80561608,,,,
10.97411414,0.058916156,0.001929388,,,,,0.811458256,0.388490445,2024,8,3116407,11.80372992,236.1215941,0.766168946,0.028580726,0.731088658
24.85591783,0.190766108,0.005755296,4.702763127,0.0250656,0.00172339,0.64680471,0.053999143,0.025385638,2024,8,4714365,4.87879416,,,,
10.66220068,0.068311377,0.002060912,8.813257516,0.039154432,0.002692071,1.163335971,0.028495601,0.014032853,2024,8,3116389,3.7378669,,,,
,,,31.34567031,0.152112601,0.011144344,2.648423619,0.043708005,0.024476483,2024,8,3917914,6.73050692,,,,
,,,34.22342287,0.279506186,0.011785791,2.352461356,0.033177713,0.018579519,2024,8,3134353,7.4391293,,,,
2.382641702,0.02355382,0.000797442,,,,,0.003237028,0.001489033,2024,8,3127586,0.37828911,,,,
,,,33.45426345,0.175571358,0.009802703,2.297148403,0.045942968,0.025728062,2024,8,4243389,6.71364653,,,,
,,,43.81720486,0.306431374,0.015368249,3.374968159,0.067499363,0.037799643,2024,8,4368003,9.5521961,,,,
4.937993026,0.026385339,0.000902,2.902771414,0.003984836,0.000229956,0.534035424,0.01210574,0.005953324,2024,8,2980453,1.55327559,,,,
1.530400458,0.012362086,0.000536298,16.60206287,0.0197412,0.001936957,1.349852335,0.02942682,0.015990373,2024,8,4360797,3.32945815,,,,
3.737131828,0.028273462,0.000822664,6.566018426,0.029788731,0.001100008,0.665375739,0.013050758,0.006611183,2024,8,3915411,2.05135243,,,,
,,,23.01726374,0.123542774,0.007016138,1.877701142,0.037554023,0.021030253,2024,8,4569559,4.89364593,,,,
,,,42.85863609,0.06403969,0.0023889,4.39038899,0.0699999,0.039199944,2024,8,3045144,8.98871665,,,,
,,,13.84272543,0.078661265,0.008218023,1.434523355,0.016468425,0.009222318,2024,8,4429148,3.2891899,,,,
28.71803503,0.142068486,0.011185909,8.567420973,0.041142139,0.001821934,1.10947897,0.071456345,0.033883378,2024,8,4887558,5.89742125,,,,
15.15756951,0.097092371,0.005195105,3.590244645,0.013654539,0.000835055,0.503630807,0.039907501,0.018832818,2024,8,4360238,3.03490544,,,,
11.59236557,0.089131348,0.005632231,6.327374646,0.016887431,0.001358316,0.778868913,0.037681737,0.018026922,2024,8,3125116,3.1998205,,,,
,,,30.27559903,0.164007733,0.007777709,2.68574479,0.053372825,0.029888782,2024,8,3045523,6.65453895,,,,
,,,13.30657696,0.08462667,0.006992493,1.124470908,0.01812442,0.010149675,2024,8,4361409,2.95705246,,,,
,,,21.15136867,0.151271576,0.017493129,1.377374688,0.022509346,0.012605234,2024,8,16733,4.4105108,,,,
,,,11.91431979,0.053965668,0.003114236,1.136861876,0.015823299,0.008861047,2024,8,3843945,2.64101184,,,,
,,,8.798482485,0.077648185,0.003783374,0.801736171,0.009203986,0.005154232,2024,8,4250764,2.14497481,,,,
,,,27.19335662,0.168382037,0.013912992,2.737859249,0.03143081,0.017601253,2024,8,4241374,6.46093861,,,,
25.60444719,0.138135849,0.008566341,19.87397314,0.082206882,0.004865944,2.749496727,0.074400951,0.03652257,2024,8,3139602,8.57517658,,,,
15.74065828,0.133424136,0.007778546,7.628531242,0.037638126,0.002174437,1.096241921,0.04063266,0.019616471,2024,8,4430871,4.47929817,,,,
,,,9.757071,0.029473425,0.003079194,0.766412692,0.015328254,0.008583822,2024,8,4692590,1.90835549,,,,
4.028819026,0.01959898,0.002099125,23.90215212,0.15366107,0.009256377,2.125102527,0.055795173,0.029915985,2024,8,3676833,6.0505179,,,,
,,,19.24720117,0.105843332,0.005019389,1.792901922,0.017553287,0.009829841,2024,8,3043275,4.34352433,,,,
,,,14.10415723,0.085196335,0.006241806,1.273641584,0.025472832,0.014264786,2024,8,4426948,3.17986136,,,,
3.291345705,0.03222587,0.001668807,17.05305584,0.089352976,0.00528241,1.867523203,0.021288061,0.011285169,2024,8,16002,4.62333073,,,,
,,,17.53849911,0.082934458,0.006670712,1.681395555,0.025063347,0.014035474,2024,8,3128452,3.91878269,,,,
,,,10.51435058,0.073843017,0.004042347,1.088153688,0.012492078,0.006995564,2024,8,4576297,2.57707041,,,,
,,,41.13476587,0.262024519,0.015137728,3.213583147,0.064271663,0.035992131,2024,8,4426407,8.89570863,,,,
6.032974165,0.036347897,0.001191086,1.273007764,0.005680553,0.000340259,0.208867673,0.010904879,0.005157305,2024,8,4429676,1.23287915,,,,
0.921664491,0.006917829,0.0002812,38.50200782,0.232223464,0.013188241,3.001330528,0.062917654,0.034944782,2024,8,4431280,8.33725684,,,,
6.136907956,0.065662597,0.004718459,,,,,0.58314698,0.279175932,2024,8,4038524,9.09709274,212.161972,0.542584706,0.058667133,1.075615332
1.457606266,0.013573358,0.000638859,31.10034761,0.176810068,0.007654655,2.162744523,0.048110737,0.026456428,2024,8,4382466,6.53785723,,,,
,,,17.23391463,0.020382539,0.001168944,1.620752016,0.031712366,0.017758925,2024,8,4212909,3.43409875,,,,
,,,1.064754469,0.007839297,0.000574337,0.110816778,0.001272184,0.000712423,2024,8,4690923,0.26408543,,,,
,,,11.46675107,0.067829175,0.007843803,0.850232919,0.017004658,0.009522609,2024,8,4569603,2.45529191,,,,
,,,4.400387437,0.011690234,0.001147016,0.393312676,0.006339483,0.00355011,2024,8,2310331,0.89885404,,,,
5.515681237,0.022250897,0.002383156,,,,,0.015082959,0.006938161,2024,8,3116593,0.6763619,,,,
,,,19.40451198,0.068535797,0.003930547,2.384711314,0.027376648,0.015330923,2024,8,4431588,4.71429654,,,,
,,,5.99141656,0.060815635,0.002564381,0.571553789,0.005249181,0.002939541,2024,8,4242392,1.53497754,,,,
6.176233809,0.037920727,0.002029018,7.828177878,0.038803367,0.002373054,0.980647421,0.0145986,0.007294859,2024,8,2983509,2.83603278,,,,
,,,19.47965003,0.124778377,0.005261464,1.580370919,0.031607418,0.017700154,2024,8,2973405,4.35808709,,,,
,,,15.50739089,0.119980271,0.006768861,1.586981287,0.031117515,0.017425808,2024,8,4037235,3.89053749,,,,
,,,26.19308535,0.007426433,0.000425908,2.336247004,0.04672494,0.026165966,2024,8,4426485,4.94987002,,,,
18.06428607,0.075182007,0.002570146,,,,,0.713486265,0.341175864,2024,8,4426339,10.81252089,216.7015968,0.615515218,0.03553314,0.993909673
,,,27.29995241,0.185598133,0.008035118,2.784644864,0.025574329,0.014321624,2024,8,3052096,6.61633389,,,,
,,,24.67455086,0.052881073,0.003051646,2.260942815,0.045218856,0.02532256,2024,8,4573697,5.00233651,,,,
,,,13.47620414,0.11033089,0.004074189,0.862619375,0.014377714,0.00805152,2024,8,2991662,2.86465027,,,,
2.919366483,0.024583156,0.002296928,1.850825692,0.007861511,0.00082132,0.266947211,0.009133033,0.004426552,2024,8,4570561,0.97274179,,,,
,,,9.011399895,0.097801388,0.005517607,0.976154542,0.015216836,0.008521428,2024,8,3059722,2.45849722,,,,
17.18695291,0.072606357,0.002377715,5.519520965,0.021171589,0.000789773,0.810365941,0.039016611,0.018631752,2024,8,4367567,3.61378448,,,,
,,,8.002581457,0.053066618,0.002661415,0.690461375,0.013809228,0.007733167,2024,8,4429033,1.79934052,,,,
,,,24.05894275,0.178558482,0.009969484,1.613440102,0.026139837,0.014638309,2024,8,3930066,5.08203762,,,,
,,,23.7574358,0.15616914,0.007832247,2.558237728,0.029368743,0.016446496,2024,8,4427834,5.85454165,,,,
,,,21.26342641,0.181293125,0.006444853,1.228093884,0.023978645,0.013428041,2024,8,2971618,4.4288649,,,,
,,,18.90039111,0.078465161,0.005394888,1.283765978,0.024642015,0.013799529,2024,8,3118892,3.62843477,,,,
15.21601846,0.061413477,0.004738329,,,,,0.024688402,0.011356665,2024,8,4372071,1.87749781,,,,
10.00930682,0.039257906,0.00258411,6.627886666,0.0389815,0.002199198,1.094860391,0.019417945,0.009579251,2024,8,4362478,3.22536798,,,,
,,,9.062444429,0.078242327,0.003387353,0.807424202,0.013626383,0.007630775,2024,8,3921690,2.17499576,,,,
2.17596958,0.012261526,0.000965424,,,,,0.004359425,0.002005336,2024,8,3149687,0.28920149,,,,
,,,19.23273237,0.09671057,0.005492306,1.535308741,0.030706175,0.017195458,2024,8,4039057,4.01624909,,,,
,,,11.19016944,0.104379257,0.005827824,1.122236528,0.012883351,0.007214677,2024,8,4430802,2.86509551,,,,
,,,13.30030314,0.083195821,0.00609524,0.897789685,0.017955794,0.010055244,2024,8,4361577,2.71954892,,,,
10.05997697,0.072420675,0.00457628,18.18182131,0.043812088,0.003523961,2.040744309,0.04236355,0.021270759,2024,8,4249836,5.58170893,,,,
8.710422602,0.033625145,0.00265291,5.066270469,0.025432725,0.001206091,0.687485467,0.031353882,0.0151867,2024,8,3928925,2.43161225,,,,
1.024031822,0.012786737,0.000385768,16.90341864,0.097170097,0.006680949,1.464999604,0.032326142,0.017800025,2024,8,4035004,3.99041491,,,,
,,,7.550991322,0.055189719,0.003457276,0.629058494,0.01258117,0.007045455,2024,8,4427278,1.82726127,,,,
,,,37.65891937,0.207656885,0.011367644,3.150110226,0.063002205,0.035281235,2024,8,4360405,8.11577829,,,,
,,,9.440447683,0.055552275,0.004413824,1.006652977,0.016439628,0.009206192,2024,8,3918639,2.27486046,,,,
,,,11.73423405,0.102817683,0.005896623,1.378382427,0.020316819,0.011377419,2024,8,4372780,3.15828674,,,,
3.162372707,0.01755276,0.001382035,8.351318523,0.061894432,0.002740927,0.661803603,0.023564022,0.012163057,2024,8,4259305,2.27439969,,,,
,,,24.34695828,0.110784882,0.006775147,1.665102926,0.033302059,0.018649153,2024,8,4686422,4.74164203,,,,
,,,2.081318632,0.008840095,0.000923556,0.264184678,0.003278495,0.001835957,2024,8,4361516,0.52361871,,,,
,,,31.79465321,0.086190612,0.004973864,2.871108445,0.057422169,0.032156415,2024,8,4427985,6.51487034,,,,
,,,14.62595934,0.078317257,0.004789561,1.168124041,0.020242667,0.011335894,2024,8,15880,3.17499032,,,,
,,,2.551220545,0.019184647,0.001134167,0.211456467,0.002427535,0.001359419,2024,8,2975863,0.5813001,,,,
,,,2.060037779,0.008241288,0.000808614,0.219665911,0.00252178,0.001412197,2024,8,4426553,0.47397685,,,,
,,,15.07639782,0.095245165,0.005824802,1.383156596,0.015878731,0.00889209,2024,8,4426496,3.45655219,,,,
,,,5.577502151,0.029861859,0.001788695,0.514799656,0.006082684,0.003406303,2024,8,4039160,1.24864661,,,,
3.7720492,0.01916,0.002052109,5.79947293,0.02552075,0.001537342,0.852359247,0.014676978,0.007470971,2024,8,4383396,2.07022052,,,,
,,,19.63714188,0.114025925,0.005407431,1.69895473,0.033979095,0.019028293,2024,8,3916566,4.32048274,,,,
,,,8.766241132,0.074187212,0.004213178,0.794667433,0.009168075,0.005134122,2024,8,3911853,2.11481473,,,,
0.518385886,0.00439599,0.000206907,1.631923885,0.006295902,0.000272569,0.236735319,0.003555601,0.001870612,2024,8,4012556,0.51322898,,,,
,,,2.749219406,0.016553423,0.000955425,0.20941964,0.004151091,0.002324611,2024,8,3047876,0.58103355,,,,
,,,2.227138138,0.013075286,0.00056607,0.19510109,0.003902022,0.002185132,2024,8,3115255,0.58958681,,,,
3.648477767,0.024981548,0.001795153,25.53883281,0.02824246,0.003053724,1.87700431,0.050962985,0.027196982,2024,8,4036211,5.07783896,,,,
,,,24.5380767,0.168200647,0.00955231,2.238201586,0.025694706,0.014389035,2024,8,4360231,5.69221769,,,,
,,,6.96751822,0.052597666,0.003294901,0.734594046,0.008433189,0.004722586,2024,8,4361372,1.74429909,,,,
,,,12.04662312,0.122585092,0.007342722,0.952639752,0.014581583,0.008165687,2024,8,2998565,2.89155189,,,,
,,,24.34615297,0.153560841,0.009078279,1.565046448,0.031300929,0.01752852,2024,8,4575665,4.96530725,,,,
3.169629958,0.036959696,0.003095959,4.122893378,0.017139793,0.001982055,0.525631219,0.015832285,0.007918178,2024,8,3917668,1.57421836,,,,
,,,9.669272981,0.108029674,0.004555231,0.82878682,0.011688715,0.006545681,2024,8,16799,2.44021966,,,,
,,,3.543072197,0.040105541,0.002262612,0.407439528,0.004677433,0.002619363,2024,8,4426844,1.00179009,,,,
,,,25.66564964,0.149800586,0.009023826,1.864506095,0.037290122,0.020882468,2024,8,4692835,5.30714129,,,,
,,,1.439190459,0.012647222,0.000449601,0.166067012,0.001401937,0.000785085,2024,8,2975417,0.38523544,,,,
,,,4.769577441,0.032027089,0.00370363,0.508568221,0.004086878,0.002288652,2024,8,3052897,1.18062646,,,,
,,,30.93168777,0.194577599,0.009758521,2.531691709,0.050633834,0.028354947,2024,8,3931391,6.75647123,,,,
,,,8.002581457,0.053066618,0.002661415,0.718809122,0.014376182,0.008050662,2024,8,4257188,1.93891532,,,,
,,,9.134099183,0.060305542,0.003024464,1.022844708,0.014508085,0.008124527,2024,8,3127310,2.28827055,,,,
,,,4.700153465,0.012024161,0.000448542,0.432129228,0.008642585,0.004839847,2024,8,4427575,1.07850266,,,,
,,,7.762889717,0.069140368,0.003061805,0.761702257,0.008744394,0.00489686,2024,8,4373030,1.94939433,,,,
,,,2.572306507,0.017580327,0.00105902,0.230357481,0.00460715,0.002580004,2024,8,5083754,0.59014993,,,,
,,,27.74958734,0.141486076,0.008364438,1.600008297,0.032000166,0.017920093,2024,8,2578533,5.20561818,,,,
,,,14.94172714,0.07878881,0.004313092,1.338667093,0.024536103,0.013740218,2024,8,4243160,3.37892273,,,,
,,,2.359859872,0.016160304,0.00069963,0.158441479,0.002553788,0.001430121,2024,8,3122168,0.48999551,,,,
,,,3.87319695,0.046990153,0.001670469,0.316738918,0.003636184,0.002036263,2024,8,4241263,0.98536394,,,,
,,,5.28487306,0.025419328,0.001391516,0.526275555,0.008071962,0.004520299,2024,8,2971281,1.20123426,,,,
,,,10.37882494,0.082991072,0.009597134,0.938448042,0.010773447,0.00603313,2024,8,4365395,2.48168938,,,,
,,,15.77341894,0.068221848,0.002544909,1.690603804,0.019408246,0.010868618,2024,8,4360086,3.66114177,,,,
,,,3.428599643,0.013430763,0.000762749,0.467630905,0.003947738,0.002210733,2024,8,2515270,0.88828388,,,,
,,,7.040332187,0.04196843,0.001990261,0.50595957,0.010119191,0.005666747,2024,8,4362921,1.4547174,,,,
,,,5.301051848,0.01651501,0.001328361,0.419228501,0.00838457,0.004695359,2024,8,4428678,1.04191115,,,,
,,,11.74665294,0.07318716,0.007913384,1.329125485,0.021965943,0.012300928,2024,8,4040774,2.93471855,,,,
,,,7.068974416,0.054522696,0.003265854,0.687491241,0.007892446,0.00441977,2024,8,4722908,1.71942523,,,,
,,,21.04318436,0.123772222,0.007317222,1.254025657,0.025080513,0.014045087,2024,8,4372063,4.0881817,,,,
,,,1.027059828,0.007515864,0.000550641,0.109701011,0.001805326,0.001010982,2024,8,4048228,0.25662914,,,,
,,,18.39350914,0.135079936,0.007803863,1.601269224,0.032025384,0.017934215,2024,8,4429006,4.23168505,,,,
1.788257103,0.010441779,0.000342167,1.973504774,0.010729626,0.000642694,0.156528307,0.008753805,0.004339807,2024,8,4061956,0.65325403,,,,
,,,18.87147585,0.121728561,0.007032524,1.526103672,0.030522073,0.017092361,2024,8,4369466,4.12430695,,,,
,,,4.952375157,0.035738401,0.002152843,0.500691461,0.005747972,0.003218864,2024,8,4360967,1.20837914,,,,
,,,6.441218388,0.019069029,0.00110043,0.638807132,0.012619341,0.007066831,2024,8,3932442,1.38574334,,,,
,,,8.432308032,0.046566068,0.00254914,0.682004229,0.013640085,0.007638447,2024,8,4401805,1.79481283,,,,
,,,7.109333169,0.023892843,0.001370261,0.793682631,0.009694323,0.005428821,2024,8,4045305,1.64011209,,,,
,,,2.082865111,0.015927223,0.000942755,0.228968605,0.002628575,0.001472002,2024,8,4040612,0.53182956,,,,
,,,3.700140374,0.0356377,0.002010553,0.402662082,0.004622588,0.002588649,2024,8,4696700,0.98546793,,,,
,,,4.237281987,0.030213036,0.001715833,0.41627247,0.004778836,0.002676148,2024,8,4383440,1.01948425,,,,
,,,11.59645185,0.107359047,0.005231023,0.945094416,0.018901888,0.010585057,2024,8,4241802,2.73868502,,,,
,,,36.9005303,0.302166964,0.014722955,2.54336964,0.050867393,0.02848574,2024,8,4360739,8.02024288,,,,
,,,10.47041888,0.043273581,0.004245895,1.097561798,0.012600084,0.007056047,2024,8,4239944,2.39895727,,,,
,,,7.227027114,0.089573878,0.005001192,0.753607136,0.008651461,0.004844818,2024,8,2508256,2.01429446,,,,
,,,9.02037717,0.033803285,0.001260978,0.96640493,0.011094394,0.006212861,2024,8,2576399,2.06165139,,,,
6.683815022,0.028235805,0.000924667,3.657060396,0.014114393,0.000526515,0.533404259,0.018309718,0.008907015,2024,8,3910544,1.80716492,,,,
,,,3.453376262,0.01925476,0.00115334,0.364392375,0.004183249,0.00234262,2024,8,4362523,0.8229904,,,,
,,,14.52935126,0.037942409,0.001415382,1.35074347,0.027014869,0.015128327,2024,8,4057082,3.00462116,,,,
,,,3.451170453,0.02308993,0.001907864,0.382981046,0.004396648,0.002462123,2024,8,4034862,0.86564495,,,,
,,,11.02614619,0.097060231,0.004729218,1.002170214,0.011504982,0.00644279,2024,8,2511973,2.68402268,,,,
,,,1.934207155,0.017065366,0.001173333,0.198651321,0.002284811,0.001279494,2024,8,4408854,0.49431251,,,,
,,,84.34928109,0.447025085,0.015852869,7.088456282,0.105274447,0.058953691,2024,9,4374302,18.12211126,,,,
,,,96.56118964,0.526329668,0.020466191,6.867690762,0.11473467,0.064251415,2024,9,4262921,19.59724729,,,,
1.273038447,0.008631582,0.000495724,85.13579526,0.568483267,0.026117008,6.899088352,0.128510461,0.071525868,2024,9,4362628,18.91622454,,,,
86.57834644,0.591116738,0.033121604,34.79941526,0.194748997,0.00949481,3.514909459,0.151002094,0.071953671,2024,9,4430807,20.31318953,,,,
64.08570269,0.615679233,0.013868851,26.713419,0.175748344,0.006232571,3.155396291,0.111758577,0.053478462,2024,9,4429795,16.92007184,,,,
57.59954621,0.240654503,0.007023485,,,,,0.566133622,0.26888195,2024,9,3916387,21.62491952,204.5776561,1.89459674,0.055233426,0.471072623
88.97036332,0.818601948,0.023890842,11.20121138,0.086537331,0.002522834,1.504347759,0.169207953,0.078993034,2024,9,3043078,16.85165219,,,,
84.17418917,0.677955538,0.025035242,20.31406477,0.072556539,0.003273724,2.588518519,0.194411443,0.091708533,2024,9,4242335,17.41874724,,,,
70.53861952,0.379382191,0.026890345,20.03296957,0.100569905,0.004183017,2.771711694,0.157824769,0.075156393,2024,9,4047365,14.62458112,,,,
48.55698648,0.444027133,0.028164955,41.65219223,0.256533195,0.025343967,5.113733716,0.083175938,0.041033085,2024,9,4429160,18.38596374,,,,
,,,59.9424652,0.159018547,0.01494096,6.169083005,0.056657193,0.031728028,2024,9,4432665,13.08536067,,,,
,,,52.87386422,0.322919264,0.020643651,5.387947541,0.064566016,0.036156969,2024,9,4361307,12.58352691,,,,
2.735761356,0.020856933,0.002168782,85.61966235,0.444378108,0.057548439,6.912285417,0.118447986,0.065627417,2024,9,4595348,18.53054364,,,,
61.37820752,0.56702619,0.019882095,,,,,0.500476576,0.238089793,2024,9,4426348,24.53086089,263.6346975,1.418211654,0.089670318,0.491738377
11.58642947,0.161426306,0.009270935,,,,,0.455578582,0.217937856,2024,9,3915511,18.13758062,253.3591752,1.816043858,0.083431889,0.574846268
,,,56.73375622,0.440964272,0.030654099,4.782136146,0.073217601,0.041001856,2024,9,16800,13.08253389,,,,
70.52161944,0.354034815,0.043282559,28.96902043,0.14873664,0.010339585,3.62531537,0.219950603,0.105422049,2024,9,4427366,16.49321628,,,,
4.19387797,0.041755692,0.002648593,88.79291679,0.371499604,0.03670197,6.258111815,0.092329766,0.050797386,2024,9,3116406,18.02190071,,,,
31.18266903,0.55060617,0.014014082,,,,,0.584278281,0.278625766,2024,9,3918298,22.41489946,247.2461417,1.86787127,0.059456192,0.486722115
96.81530476,0.765665125,0.024806104,21.97220341,0.122153516,0.010016373,2.694966545,0.134395514,0.063348178,2024,9,3929630,19.84712381,,,,
,,,63.84139569,0.482390001,0.033533853,5.012042982,0.10024086,0.056134881,2024,9,4569618,14.2479665,,,,
,,,79.73778429,0.660884767,0.032220836,6.049067271,0.113965916,0.063820913,2024,9,4426502,17.92796015,,,,
,,,88.46522782,0.492274809,0.040365667,5.897359908,0.111404892,0.062386739,2024,9,4047646,17.6564294,,,,
78.20324366,0.504484788,0.022293476,27.66654995,0.192660479,0.007491552,3.289035344,0.194829553,0.092754438,2024,9,3042519,17.93808949,,,,
78.36943679,0.707451808,0.035353167,21.23455319,0.198930489,0.011509699,2.967980679,0.109407672,0.051785473,2024,9,3116385,18.35971425,,,,
,,,44.42737696,0.344545911,0.012218646,4.090573544,0.032872043,0.018408344,2024,9,4430027,10.58907731,,,,
7.627506513,0.045982086,0.002162982,79.24408674,0.296844404,0.019364403,5.859974531,0.12873109,0.069974466,2024,9,4426515,16.51059463,,,,
1.898687062,0.012445792,0.000436397,75.9539819,0.357511004,0.022604613,5.391842786,0.093469795,0.051884211,2024,9,3121422,15.34163006,,,,
78.35633356,0.630283985,0.016042049,19.81103058,0.134188907,0.004271366,2.356134709,0.137867817,0.065039242,2024,9,4379399,16.67389882,,,,
2.68412997,0.017705308,0.001009884,63.21578094,0.4132857,0.022283869,4.620761496,0.101971158,0.056148256,2024,9,4432773,13.73368363,,,,
3.540009922,0.023074073,0.000673415,58.89516773,0.420221943,0.012250785,4.630614332,0.084643772,0.046438335,2024,9,4429615,13.46911192,,,,
31.30597963,0.325844794,0.02262471,15.4963485,0.0878268,0.004248033,2.304979712,0.105015955,0.050344233,2024,9,4596448,9.442959,,,,
71.19955148,0.493466221,0.018737674,52.42734951,0.17066257,0.007240413,5.869923968,0.156834975,0.07616435,2024,9,3054850,22.12115429,,,,
104.1238107,0.855441475,0.040239679,19.25826646,0.123700182,0.00806948,2.47676837,0.192804199,0.090673285,2024,9,4430737,20.61622107,,,,
64.9405769,0.474096509,0.027228015,22.10755962,0.111301725,0.005113375,3.200820526,0.191604279,0.091433541,2024,9,4362238,15.31922802,,,,
3.235692888,0.028753504,0.001663424,61.80981548,0.369151598,0.034871264,4.929151198,0.085940741,0.047262809,2024,9,3915416,13.8019444,,,,
0.133284944,0.005071941,0.000142285,59.92956074,0.280843849,0.016297817,5.731215437,0.064601223,0.036032705,2024,9,15847,13.41551354,,,,
,,,56.8544397,0.546124214,0.034912745,4.092063798,0.081841276,0.045831115,2024,9,4432708,13.03457631,,,,
10.86721315,0.148485609,0.010309951,,,,,0.556430501,0.266158158,2024,9,3052587,16.86074731,250.1023995,1.810886796,0.087589516,1.021356722
,,,64.4083655,0.331636138,0.019656729,5.145766896,0.087000213,0.04872012,2024,9,4430878,13.52059149,,,,
3.659738486,0.024918306,0.001172149,74.48223183,0.389924864,0.02543643,6.219270311,0.113524869,0.062611627,2024,9,2977187,16.45352027,,,,
80.01954449,0.748881417,0.04332368,21.29128005,0.100261858,0.009471062,2.668377696,0.182805115,0.086493451,2024,9,4259545,17.83174638,,,,
0.734520873,0.007167192,0.000316722,46.41152103,0.280473971,0.010906157,3.384793544,0.056532933,0.031460819,2024,9,4429205,9.78626283,,,,
27.38203622,0.190945896,0.005356682,,,,,0.366194585,0.174890109,2024,9,3139477,17.3794799,262.5063143,1.305381877,0.075753397,1.024139557
40.29125442,1.07686289,0.034888324,,,,,0.60320283,0.28629247,2024,9,4040715,23.79951307,237.2320087,1.341898149,0.110033283,0.640410465
44.53462259,0.217880219,0.015459461,,,,,0.555214063,0.264634913,2024,9,3917315,19.27478822,204.54028,1.689195981,0.10798728,0.578307069
,,,29.42693619,0.33939739,0.009894496,2.89319601,0.036562112,0.020474783,2024,9,3116365,7.8520794,,,,
22.47921262,0.21252095,0.008779217,21.50376639,0.050720043,0.003006277,2.852048482,0.035973601,0.017751705,2024,9,4426385,8.81880792,,,,
23.51397175,0.17228025,0.011962108,27.33699489,0.164836498,0.007972861,3.9990176,0.116808055,0.057547643,2024,9,4697815,11.0346734,,,,
,,,65.66526847,0.371097132,0.030429311,5.164228544,0.088429865,0.049520724,2024,9,4241478,13.92148936,,,,
,,,62.2693508,0.407646909,0.018463392,4.363585942,0.087271719,0.048872163,2024,9,4612826,12.97788893,,,,
,,,42.81329124,0.260719519,0.01013801,4.01635587,0.043571627,0.024400111,2024,9,4036133,9.83462991,,,,
15.49253651,0.165919227,0.007332067,,,,,0.671123582,0.320700661,2024,9,3912547,17.1591913,261.8543426,1.559821092,0.060653234,0.805652533
,,,66.82526483,0.371024731,0.018252564,4.560621082,0.089657066,0.050207957,2024,9,3128429,13.40774917,,,,
86.50892639,0.400276177,0.011612689,19.82363196,0.066842638,0.002050276,2.814423629,0.120142787,0.056865115,2024,9,3916148,16.16716205,,,,
6.603429649,0.037325286,0.003543585,94.80150714,0.530687122,0.028336786,7.855206269,0.155048873,0.084919045,2024,9,4241389,21.30178905,,,,
70.4368977,0.431967094,0.026873171,16.39471427,0.100453199,0.007091805,2.717362996,0.297626586,0.141026402,2024,9,4569173,14.3887831,,,,
,,,43.61197214,0.148695305,0.014690219,3.857456421,0.04946525,0.02770054,2024,9,3054212,9.08611282,,,,
7.232888348,0.035219488,0.002496333,59.69764742,0.320242917,0.013319904,4.591284922,0.110030175,0.05979645,2024,9,4362249,13.36826827,,,,
39.35463331,0.267305722,0.01524671,22.9665215,0.118239709,0.006375343,3.020259148,0.125614333,0.060688893,2024,9,4239996,11.49083154,,,,
3.464779875,0.024064284,0.000698146,61.28822762,0.310771475,0.00953235,3.822532936,0.078367822,0.042891865,2024,9,3925357,12.2435955,,,,
89.53258268,0.579756297,0.041135996,15.96984197,0.102318943,0.006541067,2.03988668,0.247769593,0.116249471,2024,9,3045147,16.55197577,,,,
77.25903247,0.438116052,0.025672372,23.08116776,0.122622065,0.005553873,2.970061874,0.111354441,0.052889214,2024,9,4241985,16.32812466,,,,
61.553431,0.743831001,0.030727577,30.23924175,0.111843741,0.0066292,3.741786534,0.086969741,0.041766542,2024,9,4567048,18.04858073,,,,
3.612116602,0.05280472,0.001189484,,,,,0.497836391,0.238427127,2024,9,3046779,15.00135641,248.6070017,1.497810104,0.053116902,0.628551288
,,,47.9136972,0.276619057,0.026130338,4.62488468,0.088857415,0.049760152,2024,9,15818,11.03105511,,,,
63.59360528,0.409725585,0.042604796,15.94711114,0.069654879,0.009020538,2.341917306,0.138927132,0.066014391,2024,9,4360516,13.14715962,,,,
,,,54.33689903,0.23627312,0.017105719,3.627090017,0.069065872,0.038676888,2024,9,4241463,10.4371003,,,,
48.47312742,0.22654573,0.021507781,18.55248627,0.08789249,0.004693143,2.841278698,0.120899282,0.058014597,2024,9,4038815,11.37003404,,,,
22.2390043,0.416373359,0.015276599,,,,,0.2938934,0.14033704,2024,9,4426338,18.6124231,265.6622957,1.246629999,0.061327972,0.801502183
1.316951726,0.010063432,0.000705893,53.25412167,0.198589724,0.018658962,5.188337163,0.095831573,0.053263918,2024,9,3916433,11.83209731,,,,
1.352351462,0.017647673,0.001119404,63.24069811,0.181554708,0.017936534,5.109943409,0.091612203,0.050912642,2024,9,4372016,12.70316724,,,,
13.40022829,0.073802858,0.004324641,,,,,0.485450897,0.232124594,2024,9,4038941,16.1074793,237.2079641,1.521946798,0.068932942,0.473286208
,,,71.40896615,0.524977269,0.025594789,4.493455913,0.068479224,0.038348366,2024,9,4040655,14.76051499,,,,
10.04523781,0.065863735,0.004668376,,,,,0.483717304,0.231627794,2024,9,4036378,16.92927512,281.2470688,1.766592611,0.073478109,1.246250825
7.236001843,0.100122255,0.00280877,53.84589279,0.279241731,0.016204844,3.653706375,0.093977503,0.050537064,2024,9,4683062,11.97751685,,,,
,,,56.94810932,0.378762479,0.027421675,4.838674684,0.057494107,0.0321967,2024,9,3123076,12.79802844,,,,
,,,60.82271571,0.237194946,0.010702146,5.190851986,0.097668195,0.054694189,2024,9,4035687,12.61088915,,,,
,,,51.32047298,0.273257961,0.015857596,4.052304323,0.080161215,0.04489028,2024,9,15795,10.76795202,,,,
3.079481467,0.028963528,0.000737183,53.62178484,0.311565532,0.009917439,4.594348813,0.087165493,0.047913883,2024,9,4373678,12.23543528,,,,
,,,49.83577397,0.340440607,0.010836562,4.434137252,0.060041032,0.033622978,2024,9,4385690,11.41636946,,,,
103.4638149,0.37643547,0.020799089,15.05007169,0.070482771,0.003068074,2.190005087,0.203407163,0.095652324,2024,9,4241416,16.58470287,,,,
9.918673458,0.090173418,0.004506195,,,,,0.469211821,0.224563658,2024,9,4432577,14.67335085,230.8966593,1.321882192,0.07648132,0.554079927
,,,58.59588568,0.332259411,0.016199005,3.770673006,0.030301307,0.016968732,2024,9,4360248,11.62307659,,,,
36.42446704,0.333966465,0.012253117,26.16994032,0.097622182,0.004802524,3.710007819,0.154716068,0.074971592,2024,9,4361579,12.44723453,,,,
58.02402578,0.729020466,0.016421987,15.71926689,0.054812575,0.001943821,1.944882109,0.128356995,0.060564539,2024,9,4035538,13.94120216,,,,
,,,43.65777964,0.337678385,0.021350641,4.24987124,0.039947446,0.02237057,2024,9,15835,10.64073566,,,,
,,,46.11538182,0.271493644,0.014496785,5.419727487,0.068188312,0.038185455,2024,9,4242355,11.61465019,,,,
3.946220363,0.025206494,0.001259633,60.77726996,0.343413993,0.01986921,4.40316099,0.094160682,0.05140048,2024,9,4366031,13.02917367,,,,
,,,76.00219226,0.416393128,0.017665609,5.722090373,0.107663682,0.060291662,2024,9,4361370,15.73826026,,,,
,,,58.23866687,0.266849331,0.012040141,5.286699569,0.07456046,0.041753858,2024,9,4688813,12.70248516,,,,
,,,37.81970641,0.303068832,0.021396085,3.874237481,0.036276349,0.020314756,2024,9,3046439,9.47774377,,,,
3.433668587,0.032085099,0.001856161,44.60456746,0.242144269,0.022873737,3.513935961,0.081297552,0.044424746,2024,9,4431299,9.92589408,,,,
,,,41.72636974,0.24563144,0.010216579,3.783789179,0.047156391,0.026407579,2024,9,4572680,9.39907479,,,,
78.36837659,1.045394152,0.029326863,10.92383169,0.051364992,0.002980793,1.545287631,0.098657222,0.046216863,2024,9,3059915,17.02984891,,,,
,,,47.76999417,0.413639613,0.020007045,4.970295235,0.071223107,0.03988494,2024,9,4243331,12.19125454,,,,
21.41742098,0.065734709,0.006897451,8.371155078,0.028838487,0.002087851,1.239650643,0.0286244,0.013800184,2024,9,4372019,4.77707366,,,,
58.95186541,0.372481626,0.026127485,17.93325675,0.08537334,0.008021452,2.536549728,0.110309691,0.052260761,2024,9,4048244,12.93887809,,,,
1.52042054,0.008813982,0.000516475,46.17799977,0.293603665,0.013298076,2.971117204,0.052074661,0.028743243,2024,9,4429025,9.52698173,,,,
7.235610207,0.08830259,0.005601096,,,,,0.702473102,0.336422894,2024,9,4241479,15.42115382,286.9991156,1.23347952,0.121860501,0.923361425
,,,52.08888225,0.233960394,0.012614864,5.880727641,0.078668221,0.044054204,2024,9,3051876,12.43257555,,,,
,,,48.97354836,0.401815267,0.016712753,3.153132924,0.050822752,0.028460741,2024,9,4248528,10.43922739,,,,
81.00959241,0.342999455,0.035990454,13.94635957,0.042977641,0.003111499,1.665361337,0.103451034,0.048604024,2024,9,3128720,13.46054497,,,,
5.249488153,0.037431817,0.00457623,,,,,0.41460969,0.198709516,2024,9,8439,13.08694005,205.2752993,1.521494406,0.105768299,0.896889645
,,,57.83351665,0.320929227,0.019022109,4.580740408,0.075539487,0.042302113,2024,9,2577327,12.24509943,,,,
76.92106351,0.642775666,0.022538159,26.8701152,0.142561772,0.009013859,3.080437569,0.210740746,0.10069813,2024,9,3068267,18.08415985,,,,
,,,56.49290437,0.469009853,0.014929048,3.755832121,0.075116642,0.04206532,2024,9,4635008,12.16689513,,,,
2.309187144,0.018221808,0.001265213,45.54084546,0.354743998,0.017158364,3.5392879,0.079696252,0.043738852,2024,9,4430834,10.53166733,,,,
16.45845814,0.114720382,0.011929054,9.727400622,0.022526566,0.002917265,1.531876891,0.064575066,0.031673749,2024,9,4040761,4.9419936,,,,
19.78067209,0.142738603,0.005896516,,,,,0.515968968,0.246757515,2024,9,15864,17.45166618,283.0780743,1.292503331,0.076609226,0.780542701
26.01663879,0.097133244,0.005619274,,,,,0.541489583,0.258584187,2024,9,4431611,15.62945538,225.3471133,1.276120096,0.120546465,0.711407994
,,,39.15066769,0.221639325,0.012823585,3.771742989,0.041439639,0.023206198,2024,9,3117256,8.99697248,,,,
42.22964403,0.32020816,0.018264184,5.026067541,0.026766401,0.001443212,0.746592372,0.195886053,0.091406621,2024,9,4429013,7.41578445,,,,
6.723527272,0.092637613,0.005190694,,,,,0.577077524,0.276310281,2024,9,14880,19.3167492,296.0387992,2.016065495,0.098291439,0.743413429
,,,54.29599404,0.363566739,0.015121877,4.25431934,0.085086387,0.047648377,2024,9,4361432,11.80251018,,,,
,,,23.90103845,0.322669778,0.009406834,1.851297386,0.034461313,0.019298335,2024,9,3932905,6.1585489,,,,
1.497293516,0.011422545,0.001187759,48.23936042,0.112083851,0.014515231,5.554459788,0.058153148,0.032345933,2024,9,4569587,11.23741367,,,,
36.84804008,0.448087074,0.02842248,9.609457503,0.056977601,0.005629051,1.38068147,0.110661933,0.052501976,2024,9,2576414,9.02284039,,,,
2.881847153,0.048272104,0.002270704,,,,,0.350569609,0.168047463,2024,9,12483,14.95780632,263.1236301,1.357544135,0.088558284,0.714967907
49.96152988,0.32553165,0.018240273,6.894656474,0.027836426,0.00135714,0.803399712,0.047379524,0.022133696,2024,9,4373626,8.60540224,,,,
,,,27.74898377,0.119288277,0.003658951,2.527389008,0.029069061,0.016278674,2024,9,4360635,5.9935456,,,,
4.633163593,0.024049425,0.001686932,8.98461553,0.033179654,0.003117472,1.236248559,0.02146309,0.01099192,2024,9,2576336,2.98004906,,,,
,,,32.73182647,0.192866969,0.018218843,3.633378023,0.042383644,0.023734841,2024,9,4258595,8.05384649,,,,
,,,32.32650919,0.278256111,0.01278352,3.342171894,0.031521348,0.017651955,2024,9,3116164,8.23545661,,,,
7.841151698,0.078580474,0.007460267,,,,,0.573201372,0.274606951,2024,9,2577417,16.24765353,274.0481815,1.59219558,0.085017524,0.994757873
27.46779704,0.121270773,0.014825969,5.683496769,0.036919783,0.002566518,0.914612047,0.047130504,0.022297724,2024,9,4685247,5.17031629,,,,
,,,32.77245819,0.223429674,0.006853299,2.4160092,0.041250219,0.023100123,2024,9,3929785,7.00243142,,,,
22.28853668,0.14114767,0.006639539,3.85747419,0.017920067,0.001169001,0.502905312,0.043146589,0.020271984,2024,9,4429096,4.10216812,,,,
5.238981195,0.019893704,0.001099182,46.69878138,0.330103762,0.014369224,3.728800861,0.089714031,0.048726056,2024,9,4430034,10.96452271,,,,
,,,20.01384035,0.256166638,0.007468059,1.842530153,0.016921897,0.009476262,2024,9,4361050,5.37734461,,,,
23.82767243,0.122712031,0.007634057,,,,,0.433512439,0.207002687,2024,9,4431452,13.19980264,191.8582107,1.02195145,0.072147834,0.719194713
,,,54.5317726,0.227005965,0.016434795,3.762744183,0.075254884,0.042142735,2024,9,4369863,10.52852735,,,,
11.55725496,0.047223359,0.003312452,3.366678314,0.009583535,0.000900443,0.501478022,0.053449278,0.025362931,2024,9,4361777,2.29382264,,,,
,,,39.09480846,0.120806649,0.00852872,3.448682733,0.068973655,0.038625247,2024,9,4427095,8.02462842,,,,
,,,15.31208728,0.123830176,0.008608186,1.32038121,0.01862187,0.010428247,2024,9,3045138,3.59142227,,,,
,,,32.06796684,0.218560958,0.006371736,2.347601629,0.038978178,0.02182778,2024,9,4360939,6.83588397,,,,
,,,27.60702408,0.128770112,0.005832334,2.762145765,0.028933675,0.016202858,2024,9,3127292,6.2754898,,,,
7.16222666,0.039299759,0.001146961,14.80313528,0.110242659,0.003213919,2.110846223,0.036322783,0.018678206,2024,9,4038441,5.20957222,,,,
28.98775405,0.116655332,0.007257263,7.475879118,0.042908691,0.003029272,1.167736763,0.09556721,0.045304416,2024,9,4360294,5.71673565,,,,
29.4480407,0.331432659,0.012585009,20.45331339,0.156551613,0.006641751,2.069781704,0.154392984,0.074826323,2024,9,2468609,10.05593735,2.315689142,0.012487203,0.000632721,0.010484971
16.28784276,0.144784866,0.003685079,3.341281226,0.021724573,0.000691515,0.468058303,0.029915665,0.014077314,2024,9,4429501,3.4310775,,,,
19.88833811,0.162766928,0.005971864,9.882895167,0.037282488,0.001834112,1.465833575,0.065477325,0.031480655,2024,9,4722893,5.59763204,,,,
15.50658506,0.069971539,0.004964757,,,,,0.030051493,0.013823687,2024,9,4429275,1.95356188,,,,
,,,24.06829778,0.202775368,0.014096145,2.656204226,0.035325405,0.019782227,2024,9,3915486,6.26924405,,,,
,,,9.38186919,0.048182411,0.002044154,0.540856478,0.009762877,0.005467211,2024,9,3051738,1.76154975,,,,
,,,40.49516001,0.134753927,0.009755925,3.320301364,0.062555295,0.035030965,2024,9,4372414,8.12944085,,,,
,,,29.37044959,0.207097663,0.008786183,2.645109937,0.021256229,0.011903488,2024,9,3929645,6.81906726,,,,
19.24142902,0.118118717,0.005219735,3.663495586,0.01678195,0.000652562,0.50025479,0.02177781,0.01022895,2024,9,4242431,3.59201275,,,,
18.64178616,0.074120268,0.004095348,,,,,0.419507617,0.200691374,2024,9,4685720,13.66628598,218.5538158,1.161629118,0.050565036,0.875160682
,,,19.48580668,0.177681184,0.009580356,2.027820061,0.023279512,0.013036527,2024,9,4430539,5.03618749,,,,
20.00246416,0.118955244,0.006970444,5.544203504,0.032096357,0.001453728,0.688573183,0.045273817,0.021407249,2024,9,4430968,4.1247774,,,,
,,,14.98984595,0.051149358,0.002516293,1.069756525,0.02139513,0.011981273,2024,9,4686472,3.01667082,,,,
13.61904987,0.13995863,0.007983026,,,,,0.544124878,0.260361473,2024,9,4360310,15.31265706,234.5166423,1.38502036,0.074678635,0.734343609
4.610593322,0.0303565,0.001700943,36.34954667,0.213586268,0.010413204,2.851191576,0.06928421,0.03757312,2024,9,3728262,8.39410038,,,,
,,,22.38937074,0.102583709,0.005953097,2.207437738,0.020273228,0.011353008,2024,9,4240472,5.05161244,,,,
,,,33.14822801,0.215973269,0.01408884,2.591617418,0.051832348,0.029026115,2024,9,3043116,7.17377328,,,,
14.31284173,0.055526033,0.005826269,,,,,0.575076623,0.275110293,2024,9,2969939,14.20832597,250.1174253,1.165277819,0.084363872,0.933631195
5.697212047,0.05783953,0.002196256,,,,,0.408232457,0.19552433,2024,9,16757,15.91175968,274.2523906,1.478888144,0.062639346,0.820034724
,,,34.94423414,0.158962094,0.007172309,2.376184677,0.043639504,0.024438122,2024,9,4360078,6.79100103,,,,
,,,29.25541306,0.181377926,0.00821508,2.308132655,0.041048721,0.022987284,2024,9,4242433,6.29348311,,,,
,,,21.86517075,0.177818699,0.005660145,1.748003531,0.027992934,0.015676043,2024,9,3121427,4.982139,,,,
,,,31.96434992,0.189043858,0.007862925,2.145502816,0.042910056,0.024029632,2024,9,4428850,6.44500154,,,,
,,,13.4405632,0.157011391,0.004997828,1.214354489,0.013875066,0.007770037,2024,9,3930086,3.49530134,,,,
,,,36.28900808,0.338339153,0.021629417,3.058236745,0.058703157,0.032873768,2024,9,4360761,8.69623177,,,,
,,,40.60151327,0.257549367,0.011210973,3.227024224,0.064540484,0.036142671,2024,9,4695883,8.78431236,,,,
,,,38.29381889,0.232819027,0.0124317,3.683398425,0.073667968,0.041254062,2024,9,4249417,8.85399375,,,,
6.635255975,0.060509428,0.002234465,,,,,0.518915276,0.248534173,2024,9,11252,13.40456508,245.0066038,1.161267591,0.052395954,0.846612045
4.102627028,0.029000746,0.002034239,39.11139135,0.085850173,0.008066254,2.887362564,0.057517092,0.031111764,2024,9,4428718,7.90263008,,,,
27.49171552,0.328094616,0.018980663,6.648385535,0.023951567,0.002262543,0.975137958,0.057538631,0.027235222,2024,9,4426386,6.49095913,,,,
7.346462491,0.067576979,0.002479377,,,,,0.018136682,0.008342874,2024,9,4569682,1.12885993,,,,
13.08353736,0.12083586,0.003914854,6.630115649,0.021829456,0.001789977,0.832269348,0.038548259,0.018557818,2024,9,4371733,3.66024858,,,,
,,,25.90158091,0.17545867,0.011445903,2.467220438,0.022659086,0.012689088,2024,9,4242557,6.10824238,,,,
1.097476229,0.009643327,0.000669575,35.94280903,0.303399292,0.014674908,3.12780879,0.054046157,0.029906522,2024,9,2976592,8.68239695,,,,
,,,25.12549487,0.101509341,0.007166367,2.169158893,0.043383178,0.02429458,2024,9,4429022,5.257654,,,,
1.410247727,0.010175403,0.000375753,27.56424128,0.14591478,0.00658362,2.132486249,0.047522322,0.026125241,2024,9,4597500,5.92939851,,,,
,,,45.44931106,0.16379912,0.021212529,3.576495195,0.071529904,0.040056746,2024,9,3916945,9.06842259,,,,
,,,17.58079463,0.08896914,0.006281052,1.536807601,0.030736152,0.017212245,2024,9,4430637,3.80764952,,,,
27.81734247,0.111993618,0.011645514,,,,,0.561787319,0.268127627,2024,9,3917792,14.66339174,226.7007694,0.928466102,0.12023944,0.657267028
8.354344219,0.063286445,0.002337014,3.372384717,0.012160597,0.000548682,0.538147063,0.011526767,0.005529464,2024,9,4241401,2.15851887,,,,
,,,42.33102319,0.185397253,0.011722249,3.091276283,0.050786533,0.028440458,2024,9,3121409,8.4046637,,,,
7.934158465,0.066745059,0.004233686,,,,,0.015352509,0.007062154,2024,9,4682745,1.18863486,,,,
21.85982482,0.064920433,0.003587031,16.31744237,0.042156631,0.001835053,2.227214805,0.047578828,0.023577959,2024,9,4045163,6.65234616,,,,
,,,2.315370445,0.021071165,0.001125125,0.283002907,0.003248893,0.00181938,2024,9,4372096,0.63966423,,,,
11.73588893,0.079172268,0.002296921,,,,,0.610316247,0.292022837,2024,9,3116407,13.07207821,221.5564599,1.071878742,0.032877931,0.614380843
21.74990674,0.187932299,0.00527214,5.890438081,0.028375642,0.001646684,0.750595751,0.043835594,0.020798026,2024,9,4714365,4.80780829,,,,
7.810184818,0.056752041,0.001592088,13.24553248,0.054608841,0.003169038,1.619536941,0.025310269,0.012928798,2024,9,3116389,4.37760462,,,,
,,,26.3555918,0.121805858,0.007701509,1.976540204,0.037363338,0.020923469,2024,9,3917914,5.37782756,,,,
,,,28.09441659,0.175354807,0.006218615,1.920482679,0.027085343,0.015167792,2024,9,3134353,5.76486883,,,,
32.80347042,0.228736457,0.00802037,7.8109922,0.032403971,0.00204883,0.979399841,0.041977527,0.019888429,2024,9,3127586,6.58916021,,,,
,,,36.43677876,0.227026846,0.012241015,3.024623034,0.060492461,0.033875778,2024,9,4432620,8.23337847,,,,
,,,36.26728911,0.280672708,0.012894542,2.841465491,0.05682931,0.031824413,2024,9,4368003,8.11587091,,,,
,,,10.38672467,0.038734981,0.002526845,0.753945999,0.0136909,0.007666904,2024,9,4360797,2.01510943,,,,
3.32546422,0.029819961,0.000758981,3.817063139,0.022255224,0.000708406,0.404789918,0.010935718,0.005400214,2024,9,3915411,1.43964439,,,,
,,,24.34383331,0.094290072,0.004638601,2.07830073,0.041566015,0.023276968,2024,9,4569559,5.04224576,,,,
,,,34.37605767,0.129850578,0.00398293,3.304991993,0.052638978,0.029477828,2024,9,3045144,7.47210343,,,,
,,,13.23212122,0.079118637,0.010246126,1.399275971,0.016063783,0.008995718,2024,9,4429148,3.20012493,,,,
15.34695636,0.060938221,0.004319259,7.583564059,0.034136941,0.001419862,1.087974382,0.038360474,0.018622364,2024,9,4887558,3.92672491,,,,
,,,21.26558694,0.118513824,0.008366851,2.114169741,0.042014123,0.023527909,2024,9,3045523,4.92259926,,,,
,,,15.31734234,0.097373768,0.007984477,1.177479058,0.018978815,0.010628136,2024,9,4361409,3.28866958,,,,
,,,11.64604605,0.07214573,0.007127573,0.835434928,0.013652853,0.007645598,2024,9,16733,2.43223846,,,,
,,,14.40237614,0.107701778,0.004569282,1.230034583,0.017120114,0.009587264,2024,9,3843945,3.3068987,,,,
,,,31.15495295,0.185248913,0.015190084,2.821844483,0.032394966,0.018141181,2024,9,4241374,7.04378906,,,,
5.580329008,0.03077432,0.00175532,3.476049844,0.015995253,0.000862445,0.500148768,0.016122896,0.007833584,2024,9,3139602,1.67639785,,,,
8.252401729,0.073153536,0.005079343,3.816193147,0.018819134,0.00091025,0.561972023,0.027310869,0.013037416,2024,9,4430871,2.34706768,,,,
,,,4.642652573,0.017008622,0.002202673,0.373965906,0.007479318,0.004188418,2024,9,4692590,0.93650881,,,,
5.397821981,0.028003541,0.002658598,27.31557398,0.175974761,0.00939642,2.359082816,0.064821734,0.034536163,2024,9,3676833,6.93960215,,,,
,,,24.27812742,0.23530551,0.010657601,2.557902326,0.038505616,0.021563145,2024,9,3924365,6.37675104,,,,
,,,18.34225561,0.100259555,0.007078134,1.950212941,0.01903444,0.010659286,2024,9,3043275,4.37933633,,,,
,,,18.37115546,0.107918835,0.006823464,1.529698904,0.030593978,0.017132628,2024,9,4426948,3.99451913,,,,
,,,13.62342848,0.090060225,0.006520187,1.342576243,0.020012813,0.011207175,2024,9,3128452,3.23643506,,,,
,,,34.32420009,0.18241683,0.010812206,3.141746696,0.036067465,0.02019778,2024,9,4576297,7.65085054,,,,
,,,32.96286645,0.209004823,0.010109208,2.636012444,0.052720249,0.029523339,2024,9,4426407,7.18569754,,,,
2.912877557,0.019605242,0.000723974,1.731571623,0.007308625,0.000329762,0.26745678,0.006742428,0.003282146,2024,9,4429676,0.93739299,,,,
17.00668189,0.104814137,0.003979954,6.273924789,0.02522312,0.001070099,0.816140784,0.040434193,0.019288714,2024,9,4243004,3.89701567,,,,
1.115962681,0.009968683,0.000365748,37.22677215,0.162233091,0.007981058,2.89160581,0.062128892,0.034362502,2024,9,4431280,7.70869655,,,,
7.513968614,0.071229802,0.004996369,,,,,0.605074578,0.289677268,2024,9,4038524,10.97065029,230.637034,0.732183713,0.068794033,0.97326393
1.442117854,0.013435368,0.000593717,26.65098209,0.148272731,0.005765546,1.952011431,0.043944591,0.024118535,2024,9,4382466,5.70928007,,,,
,,,32.99215824,0.131478788,0.005723195,2.475753999,0.047890942,0.026818928,2024,9,4212909,6.52291709,,,,
,,,1.188978056,0.008034721,0.000508017,0.114285922,0.00131201,0.000734726,2024,9,4690923,0.28097326,,,,
,,,8.326204521,0.040250321,0.003976494,0.694136214,0.013882724,0.007774326,2024,9,4569603,1.81534717,,,,
,,,5.077017312,0.026198337,0.001709027,0.428422039,0.006905382,0.003867014,2024,9,2310331,1.08918022,,,,
5.610542657,0.049483349,0.001603167,,,,,0.01145713,0.00527028,2024,9,4431545,0.87680572,,,,
28.49850766,0.139189338,0.013214347,7.232602173,0.033308707,0.001778565,1.126360939,0.087430156,0.041489968,2024,9,3116593,5.68377608,,,,
,,,28.41528384,0.16918142,0.007364368,2.745992516,0.03152418,0.017653541,2024,9,4431588,6.58286507,,,,
,,,6.978974673,0.055104235,0.001954164,0.659800179,0.006059641,0.003393399,2024,9,4242392,1.68560479,,,,
12.39743308,0.084216436,0.00420851,8.561349936,0.047585414,0.002753192,1.163959535,0.02684191,0.013035109,2024,9,2983509,4.03921012,,,,
,,,28.49655063,0.134412053,0.00476666,2.28646765,0.045729353,0.025608438,2024,9,2973405,6.03388209,,,,
,,,16.53023731,0.134825806,0.008619173,1.527086015,0.029866671,0.016725336,2024,9,4037235,4.02687402,,,,
1.748930609,0.007009269,0.000387281,29.69314757,0.109354208,0.004760125,2.082255267,0.04669111,0.025642421,2024,9,4426485,5.88488392,,,,
,,,8.573280792,0.057268962,0.002226889,0.915240039,0.008405614,0.004707144,2024,9,3052096,2.11144338,,,,
,,,37.97474689,0.194932504,0.008270073,3.004841054,0.060096821,0.03365422,2024,9,4573697,7.92272647,,,,
,,,25.17579363,0.134372475,0.007774508,1.878124673,0.037562493,0.021034996,2024,9,4567096,5.17640791,,,,
,,,25.02056963,0.233856483,0.007443883,1.69479782,0.028248054,0.01581891,2024,9,2991662,5.58398763,,,,
2.012732847,0.01659237,0.001725337,1.758553087,0.007826505,0.001013558,0.260617133,0.005884519,0.002926892,2024,9,4570561,0.81060839,,,,
29.31273485,0.216818114,0.012452163,12.83983188,0.07156762,0.003287928,1.825924316,0.083399931,0.04007139,2024,9,4035222,7.75178551,,,,
,,,7.686225358,0.085695666,0.005478371,0.740997992,0.011545665,0.006465572,2024,9,3059722,2.02212492,,,,
33.66705997,0.168129333,0.004877716,8.642793579,0.028402456,0.000871194,1.151208382,0.073009385,0.034556167,2024,9,4367567,6.50569596,,,,
11.48117157,0.064656133,0.00226709,,,,,0.023443542,0.010784029,2024,9,4362619,1.51963808,,,,
,,,20.94555589,0.145824442,0.006699402,2.261587225,0.025963175,0.014539378,2024,9,4427834,5.21609351,,,,
,,,8.838889929,0.075947794,0.002214116,0.654101208,0.012708433,0.007116722,2024,9,2971618,1.98420715,,,,
,,,22.71848224,0.100950651,0.005858328,1.49139172,0.028424961,0.015917978,2024,9,3118892,4.34957455,,,,
5.503725279,0.033173041,0.001943847,,,,,0.010961357,0.005042224,2024,9,4372071,0.74350322,,,,
8.059257874,0.034383554,0.002439649,8.847747173,0.050169822,0.003207267,1.25405927,0.017928756,0.008988301,2024,9,4362478,3.45206243,,,,
4.906923917,0.024337275,0.001426096,,,,,0.015581184,0.007167345,2024,9,4362477,0.78830519,,,,
,,,7.10740039,0.062235799,0.002420023,0.65778896,0.01091368,0.006111661,2024,9,3921690,1.73484852,,,,
13.06727208,0.058911133,0.00417558,1.849156854,0.008253281,0.00034328,0.274134612,0.025366559,0.011900041,2024,9,3149687,2.15467363,,,,
,,,34.7497469,0.14170407,0.006971133,2.75130773,0.055026155,0.030814647,2024,9,4039057,7.03027181,,,,
,,,17.5939452,0.102160725,0.006459392,1.122463888,0.022449278,0.012571596,2024,9,4361577,3.48319115,,,,
3.262712131,0.012246535,0.001285012,7.864541205,0.026605975,0.001926221,0.965469524,0.014119064,0.007335996,2024,9,4249836,2.34106026,,,,
3.321477615,0.015989502,0.000994725,2.830511841,0.014971631,0.001056969,0.443882076,0.013746009,0.006816393,2024,9,3928925,1.26547154,,,,
0.959655794,0.014161005,0.000397264,17.30806614,0.10151225,0.005890918,1.460153325,0.031815988,0.017555661,2024,9,4035004,4.06118473,,,,
,,,3.801340079,0.030709322,0.002134791,0.404664278,0.008093286,0.00453224,2024,9,4427278,1.08426611,,,,
,,,39.42517982,0.160213772,0.009496187,3.105044143,0.062100883,0.034776494,2024,9,4360405,7.95992214,,,,
,,,10.34754111,0.071124776,0.006718678,1.117755406,0.018211509,0.010198445,2024,9,3918639,2.57277924,,,,
,,,26.12816102,0.147981301,0.006278153,2.164756443,0.023000326,0.012880183,2024,9,4036335,5.70114465,,,,
3.048046179,0.014076415,0.000997726,7.896202147,0.047194598,0.001962971,0.631981657,0.021741871,0.011265224,2024,9,4259305,2.07799771,,,,
,,,35.27975079,0.15254079,0.008825689,2.512262039,0.050245241,0.028137335,2024,9,4686422,6.91818457,,,,
,,,27.10801112,0.138099463,0.007990144,2.379160825,0.041174354,0.023057638,2024,9,15880,5.92860354,,,,
,,,13.60926299,0.085300243,0.004935292,1.318175064,0.015132739,0.008474334,2024,9,4426496,3.18422434,,,,
,,,9.330066514,0.045906483,0.002071283,0.897412182,0.010572823,0.005920781,2024,9,4039160,2.09843774,,,,
3.718958537,0.02108749,0.002002003,5.910750759,0.026142393,0.00139591,0.956117687,0.015517414,0.007945164,2024,9,4383396,2.19378321,,,,
,,,5.928458557,0.030490589,0.002152578,0.577734389,0.011554688,0.006470625,2024,9,4692022,1.34519248,,,,
,,,21.33662353,0.14040161,0.006907058,1.921634884,0.02196668,0.012301341,2024,9,3911853,4.88749853,,,,
0.508539348,0.004324379,0.000191097,,,,,0.001217287,0.000559952,2024,9,4012556,0.07609466,,,,
,,,3.000197464,0.020316017,0.000990489,0.199100157,0.003946539,0.002210062,2024,9,3047876,0.61868126,,,,
,,,1.171138402,0.00671987,0.0002613,0.098196642,0.001963933,0.001099802,2024,9,3115255,0.30907817,,,,
4.049363634,0.027203601,0.001908179,35.11041448,0.0756344,0.007106407,2.603882084,0.065699622,0.03542959,2024,9,4036211,7.10473931,,,,
,,,21.02451742,0.10848165,0.005336756,1.95328478,0.022423842,0.012557351,2024,9,4360231,4.69277743,,,,
,,,6.865905089,0.055168842,0.003835121,0.839220241,0.009634305,0.005395211,2024,9,4361372,1.85395802,,,,
,,,15.31100697,0.134204638,0.006055262,1.246969829,0.019086748,0.010688579,2024,9,2998565,3.57453572,,,,
2.824575389,0.032031259,0.002031765,5.871351883,0.021603823,0.00213433,0.846604317,0.018062995,0.009309401,2024,9,3917668,2.02819792,,,,
,,,11.24101319,0.09483279,0.003363059,0.947065755,0.013356851,0.007479837,2024,9,16799,2.63228306,,,,
,,,7.535299334,0.089341829,0.005711463,0.792713957,0.00910041,0.00509623,2024,9,4426844,2.08376533,,,,
,,,25.95376129,0.154175614,0.008232424,2.149378065,0.042987561,0.024073034,2024,9,4692835,5.63926066,,,,
,,,9.25938987,0.052399584,0.00517677,1.084400824,0.008714296,0.004880006,2024,9,3052897,2.32556064,,,,
,,,26.24519892,0.2343636,0.010767029,2.13552038,0.042710408,0.023917828,2024,9,3931391,6.20140122,,,,
,,,4.45165573,0.031879022,0.001464572,0.498971847,0.007077444,0.003963368,2024,9,3127310,1.13060056,,,,
,,,11.27749065,0.049190568,0.001508831,0.924031941,0.018480639,0.010349158,2024,9,4427575,2.42986936,,,,
,,,7.227266653,0.056137665,0.002334941,0.737443869,0.008465906,0.004740907,2024,9,4373030,1.79240779,,,,
,,,4.934666402,0.032642252,0.001894282,0.457857984,0.005256241,0.002943495,2024,9,4258248,1.14521831,,,,
,,,15.62403542,0.060386127,0.003579205,1.283901052,0.023506959,0.013163897,2024,9,4243160,3.27109633,,,,
,,,1.235493512,0.008358144,0.000325004,0.087728474,0.001414023,0.000791853,2024,9,3122168,0.26053031,,,,
,,,5.429469945,0.064852249,0.001890646,0.567281652,0.006512432,0.003646962,2024,9,4241263,1.49600171,,,,
,,,16.94705992,0.058489335,0.003466778,1.507501847,0.023121913,0.012948271,2024,9,2971281,3.53479286,,,,
,,,5.252347223,0.041456341,0.002021166,0.459337309,0.005273223,0.002953005,2024,9,4035020,1.2315856,,,,
,,,2.586702644,0.015974304,0.000566497,0.193506397,0.003870128,0.002167272,2024,9,4569371,0.54492294,,,,
,,,17.16974674,0.09976569,0.003060131,1.673488971,0.019211767,0.010758589,2024,9,4360086,3.97416787,,,,
,,,4.118590197,0.012450206,0.000612488,0.558731963,0.004716813,0.002641415,2024,9,2515270,1.04135916,,,,
,,,12.93409073,0.084954341,0.007982084,1.394821411,0.023051674,0.012908938,2024,9,4040774,3.18870882,,,,
,,,6.747368203,0.046569349,0.002101191,0.677154553,0.00777378,0.004353317,2024,9,4722908,1.62700842,,,,
,,,3.501134905,0.022739132,0.001437744,0.338157724,0.005521071,0.0030918,2024,9,4048228,0.82154369,,,,
,,,19.01457768,0.120836498,0.005844656,1.565483414,0.031309668,0.017533414,2024,9,4429006,4.16941065,,,,
,,,2.084596935,0.012069814,0.001563081,0.227384996,0.002610395,0.001461821,2024,9,2531358,0.50853509,,,,
1.474975784,0.009385855,0.000346597,,,,,0.004872597,0.002241395,2024,9,4061956,0.20015151,,,,
,,,22.2217702,0.13778014,0.006664191,1.771013337,0.035420267,0.019835349,2024,9,4369466,4.79446488,,,,
,,,7.556928712,0.058630656,0.003130666,0.839885465,0.009641942,0.005399488,2024,9,4360967,1.94307903,,,,
,,,8.785417452,0.051322171,0.002234024,0.76933338,0.009396913,0.005262271,2024,9,4045305,1.94999946,,,,
,,,4.153696926,0.016649259,0.00070635,0.541492158,0.004571274,0.002559914,2024,9,3929914,1.05317088,,,,
,,,1.953616884,0.019461283,0.001244125,0.194444697,0.002232238,0.001250053,2024,9,4696700,0.50662115,,,,
,,,4.994265974,0.029990541,0.001475385,0.497637744,0.005712915,0.003199232,2024,9,4383440,1.17371049,,,,
,,,4.825563201,0.03301976,0.001495551,0.381700987,0.00763402,0.004275051,2024,9,4241802,1.05701847,,,,
,,,12.40987322,0.07951362,0.003601379,0.828118967,0.016562379,0.009274932,2024,9,4360739,2.5352783,,,,
,,,27.17414886,0.138721562,0.0074797,2.179179025,0.04358358,0.024406805,2024,9,4245131,5.69622107,,,,
,,,11.76802,0.072789361,0.004748355,1.143567351,0.013128231,0.007351809,2024,9,4239944,2.75224541,,,,
,,,8.457069686,0.044337384,0.001359969,0.824053962,0.009460195,0.005297709,2024,9,2576399,1.92815935,,,,
,,,2.772708727,0.015868118,0.000940535,0.252493261,0.00289864,0.001623238,2024,9,4243176,0.62368424,,,,
,,,6.630282983,0.03364021,0.001517834,0.703064567,0.008071229,0.004519888,2024,9,4362523,1.56214302,,,,
,,,8.026898112,0.051920556,0.004257394,0.786148742,0.009025041,0.005054023,2024,9,4034862,1.89900683,,,,
,,,4.988886503,0.031819648,0.003143594,0.505851546,0.00580721,0.003252038,2024,9,4047422,1.1955948,,,,
,,,4.646605912,0.033343311,0.001797831,0.409443275,0.008188865,0.004585765,2024,9,4241588,1.06880386,,,,
,,,13.03977958,0.093695363,0.004304511,1.128687268,0.011992192,0.006715628,2024,9,4035776,2.99033197,,,,
,,,68.86959887,0.493138571,0.016597418,6.574969816,0.097563992,0.054635836,2024,10,4374302,16.34725829,,,,
,,,104.1925315,0.598952311,0.02107429,7.171322294,0.119276985,0.066795112,2024,10,4262921,21.09599767,,,,
,,,104.2398751,0.553608533,0.023157295,7.974988095,0.1107778,0.062035568,2024,10,4362628,21.64579226,,,,
92.30901304,0.579302574,0.036552747,35.80561478,0.20154244,0.011756451,4.017043369,0.151580897,0.072506053,2024,10,4430807,21.46918453,,,,
71.11535747,0.58646462,0.013370233,19.98764499,0.175401394,0.005903433,2.636901277,0.106214677,0.050569573,2024,10,4429795,16.25860779,,,,
54.25257982,0.266321123,0.007233588,,,,,0.561537155,0.266767866,2024,10,3916387,23.87105039,229.4804777,2.224672188,0.064919671,0.427816488
95.19329251,1.022991651,0.027785631,10.98515733,0.082349373,0.002403093,1.25157229,0.197470797,0.09193876,2024,10,3043078,18.38317735,,,,
85.92216516,0.737243105,0.027177806,25.73455621,0.087612561,0.003946253,3.34904423,0.184047084,0.087504876,2024,10,4242335,19.35594873,,,,
51.48604905,0.449740453,0.026490962,45.24016664,0.273177446,0.023113872,4.825324188,0.087218498,0.042693424,2024,10,4429160,18.85756747,,,,
,,,59.84809845,0.354753899,0.021857369,4.705023777,0.051210179,0.0286777,2024,10,3040151,12.80606635,,,,
,,,49.70988332,0.346928656,0.024462459,5.138425438,0.061055805,0.034191251,2024,10,4361307,12.17314212,,,,
3.48001886,0.028502187,0.003525302,79.00677078,0.545785038,0.085849932,6.596446916,0.115730777,0.063868427,2024,10,4595348,18.34491684,,,,
47.89304558,0.535510004,0.019505145,,,,,0.480119309,0.228474882,2024,10,4426348,23.57824592,252.6332847,1.67897389,0.098669815,0.518702884
9.200929251,0.154656773,0.009638733,,,,,0.507881824,0.243123461,2024,10,3915511,19.98903754,317.0007833,1.785582909,0.07469045,0.688575219
,,,73.5668227,0.54558801,0.03625395,6.049261242,0.063154532,0.035366538,2024,10,16800,16.6829144,,,,
65.52940687,0.41755851,0.049332775,36.89518031,0.169658438,0.011273687,4.234171186,0.252873199,0.121803505,2024,10,4427366,17.88419751,,,,
3.147100148,0.02799514,0.001648992,80.08811912,0.347765616,0.029424867,5.083541079,0.074561694,0.041042927,2024,10,3116406,15.6496927,,,,
29.82700688,0.458301937,0.015790059,,,,,0.570998683,0.272392238,2024,10,3918298,22.0195938,261.104533,1.783459632,0.06928845,0.465685448
107.9186326,0.694763695,0.033984947,20.57751538,0.133203631,0.018944778,2.322569724,0.171632601,0.080584503,2024,10,3929630,20.08920892,,,,
,,,77.68533168,0.596505634,0.039637392,6.29409061,0.121958359,0.068296681,2024,10,4569618,17.587561,,,,
,,,73.18976294,0.623698798,0.036381837,5.937053558,0.087638985,0.049077832,2024,10,4426502,16.97514665,,,,
,,,79.00159325,0.390576192,0.05554938,4.868945689,0.091854164,0.051438332,2024,10,4047646,15.12320826,,,,
81.44743761,0.459444695,0.023391162,27.57546327,0.204531257,0.007196484,3.125126668,0.192789451,0.091552597,2024,10,3042519,17.89443057,,,,
88.95378964,0.630072819,0.0327,20.45257447,0.149383036,0.00880465,2.83916407,0.100297887,0.047527997,2024,10,3116385,18.44713492,,,,
,,,30.35889108,0.295182308,0.009934863,3.086208384,0.024800917,0.013888514,2024,10,4430027,7.88593804,,,,
6.405652139,0.040869209,0.002062067,75.46483608,0.327079941,0.019152639,5.624783487,0.122599624,0.066705356,2024,10,4426515,15.93177991,,,,
1.587231231,0.013480084,0.000490992,70.42376316,0.451386425,0.026527044,4.916062755,0.085570105,0.047459901,2024,10,3121422,14.86773952,,,,
68.5302743,0.50121058,0.017268407,22.14995873,0.130138562,0.005055959,2.601974556,0.122484017,0.058113865,2024,10,4379399,15.38974771,,,,
1.387689318,0.009299535,0.000678376,58.81087827,0.263940396,0.021786259,4.664019884,0.098110207,0.054458735,2024,10,4432773,12.26192003,,,,
3.843765839,0.029473975,0.000800547,66.63581545,0.541592007,0.015804564,4.532540702,0.062495457,0.034232686,2024,10,4429615,14.97328957,,,,
45.42558626,0.362873179,0.024343727,16.88348899,0.103546699,0.005019574,2.470747784,0.11496599,0.055092705,2024,10,4596448,11.48346267,,,,
75.7701393,0.472967754,0.021580001,44.10922736,0.1412076,0.008091666,5.828227446,0.148401917,0.07210611,2024,10,3054850,21.42026535,,,,
84.75763368,0.760011404,0.038346585,17.36527254,0.128632123,0.00753224,2.41572375,0.216109978,0.101690297,2024,10,4430737,17.85395859,,,,
,,,79.7092437,0.50103731,0.024110578,5.266119252,0.105322385,0.058980536,2024,10,4426354,16.17630557,,,,
46.92662367,0.419083787,0.026118719,33.68328256,0.138092184,0.005776359,4.381773083,0.15301842,0.074362377,2024,10,4362238,15.70492293,,,,
3.368807775,0.026767484,0.001704918,56.6638251,0.334540747,0.032926858,4.190388114,0.074627742,0.040893383,2024,10,3915416,12.35094557,,,,
,,,53.7992792,0.22571801,0.011703151,6.108782334,0.103517839,0.05796999,2024,10,15847,12.75321464,,,,
,,,51.96507889,0.486586406,0.034309936,3.640476627,0.072809533,0.040773338,2024,10,4432708,11.74549615,,,,
15.7899363,0.154236519,0.010347118,,,,,0.528677696,0.252824226,2024,10,3052587,17.62708935,240.2331053,1.952297112,0.094640389,1.007071309
3.060559051,0.022151052,0.001117637,67.80679217,0.373881698,0.021893184,6.169382993,0.111550881,0.061582823,2024,10,2977187,15.55811661,,,,
80.89282424,0.666634172,0.042460335,22.08948495,0.099398348,0.009783189,2.706342934,0.214934805,0.101671187,2024,10,4259545,17.50758965,,,,
1.626534551,0.012826465,0.000653019,49.82864257,0.350107269,0.012318613,3.592168547,0.062135355,0.034372184,2024,10,4429205,10.87412556,,,,
19.29742182,0.119676799,0.003537536,,,,,0.347278224,0.165909744,2024,10,3139477,14.11585382,222.2777734,1.130623696,0.058621196,0.873616425
44.75793037,0.956936623,0.046809355,,,,,0.548827412,0.260259107,2024,10,4040715,22.22708264,223.213942,1.060044615,0.15076398,0.524077366
38.42416313,0.254420943,0.014330402,,,,,0.550476435,0.262484057,2024,10,3917315,17.61670937,183.7149208,1.569016707,0.110633718,0.558188193
,,,34.80844936,0.405476344,0.011832481,3.010539132,0.037960545,0.021257905,2024,10,3116365,8.90639328,,,,
29.24113774,0.171092163,0.011477897,24.33770919,0.158283964,0.007673041,3.513918753,0.101721758,0.05009082,2024,10,4697815,10.78886844,,,,
73.25838431,0.504085889,0.01985305,16.57327537,0.097361209,0.00468515,2.440171996,0.103139046,0.048852605,2024,10,4241457,14.98611574,,,,
10.66197906,0.157827224,0.007000765,74.3660573,0.321862404,0.019830833,4.231184738,0.121106963,0.063643587,2024,10,3126486,15.55738308,,,,
,,,60.91904985,0.305907091,0.043507386,4.442204317,0.07588856,0.042497593,2024,10,4241478,12.37357543,,,,
,,,60.10799097,0.412209912,0.018312522,5.016732684,0.100334654,0.056187406,2024,10,4612826,13.42768749,,,,
,,,48.19953451,0.310065354,0.010909728,4.413050598,0.04775991,0.02674555,2024,10,4036133,11.06298453,,,,
15.94402733,0.129525985,0.006594403,,,,,0.656799016,0.313817779,2024,10,3912547,18.55167058,279.5618641,1.819898213,0.064033582,0.906457947
,,,55.39761413,0.277623893,0.013325185,4.317019268,0.084011556,0.047046471,2024,10,3128429,11.45730147,,,,
75.20108905,0.22811943,0.008007501,16.10005491,0.049966286,0.001417564,2.742743394,0.10782076,0.051144487,2024,10,3916148,13.46077724,,,,
7.531132143,0.033629829,0.003634686,83.00774833,0.338987777,0.024040604,6.642969849,0.133006694,0.072240096,2024,10,4241389,17.84694392,,,,
70.48130855,0.405492207,0.025098782,19.55027623,0.111094412,0.007642147,2.84619433,0.260798613,0.124052135,2024,10,4569173,14.77315011,,,,
,,,49.94069945,0.183014716,0.015485095,3.863314695,0.049061237,0.027474293,2024,10,3054212,9.93279054,,,,
34.50852098,0.227691174,0.016609467,19.5279761,0.067863901,0.005601645,2.612266919,0.104263695,0.050422923,2024,10,4239996,9.73557746,,,,
3.040290559,0.013694661,0.000480713,56.44257178,0.211695149,0.006005877,3.752125163,0.075715103,0.04151614,2024,10,3925357,10.98468916,,,,
4.626402971,0.037067086,0.000845056,38.12272837,0.264004794,0.008885531,2.180083092,0.055040982,0.02959769,2024,10,4426388,8.2231453,,,,
87.2679924,0.719773368,0.040541637,15.68176064,0.10508163,0.007409463,2.10202264,0.238263453,0.111824642,2024,10,3045147,17.22468085,,,,
79.23919879,0.524113781,0.024919531,17.97419923,0.10897691,0.004841325,2.969429981,0.111073445,0.052744872,2024,10,4241985,16.4462799,,,,
5.137051534,0.055481491,0.001264868,,,,,0.466340089,0.223241564,2024,10,3046779,14.05358824,211.1138719,1.614640458,0.054343474,0.686578062
,,,48.49657257,0.287928269,0.028339069,4.221049737,0.080890699,0.045298791,2024,10,15818,10.76649316,,,,
77.11396562,0.526258232,0.065090412,15.28039982,0.081278223,0.012784758,2.102312265,0.170084745,0.080118025,2024,10,4360516,14.98696983,,,,
46.79472171,0.185686478,0.020068851,18.57506899,0.095314827,0.006759612,2.764316155,0.116640686,0.055819263,2024,10,4038815,10.93239946,,,,
,,,52.8451592,0.27912373,0.017197585,3.660743368,0.069200511,0.038752286,2024,10,3886598,10.57871627,,,,
25.66478301,0.273114192,0.011059739,,,,,0.287962927,0.137410286,2024,10,4426338,14.84139815,215.4302593,0.924851776,0.044390346,0.762041189
20.52978375,0.281538157,0.012488228,,,,,0.501475704,0.239539229,2024,10,4361741,19.24482739,287.0460744,1.476340673,0.090961434,0.812833232
1.519744429,0.01777936,0.001047254,55.71003971,0.195735437,0.016561411,4.057960819,0.074167182,0.041073849,2024,10,4372016,11.01705365,,,,
13.0302353,0.074769484,0.003554992,,,,,0.467854033,0.223710561,2024,10,4038941,15.47610765,220.3136274,1.535947503,0.068234828,0.470193207
,,,70.4610289,0.478694921,0.027923415,4.5177213,0.0687724,0.038512544,2024,10,4040655,14.41663346,,,,
5.908244447,0.073967314,0.002186405,41.46152019,0.221311897,0.0114747,3.070422688,0.08316054,0.044394694,2024,10,4683062,9.51980324,,,,
,,,51.23494852,0.30334795,0.01572815,4.644796711,0.091232473,0.051090185,2024,10,15795,11.52006119,,,,
1.483992791,0.012418737,0.000427868,58.90240898,0.298442714,0.011594674,5.06403102,0.089610749,0.049756722,2024,10,4373678,12.89473554,,,,
,,,55.93250686,0.343820177,0.013357615,4.723700185,0.063041473,0.035303225,2024,10,4385690,12.33764271,,,,
91.84282185,0.446281332,0.026406102,14.80588225,0.059712827,0.003740606,2.245307127,0.188594858,0.088810919,2024,10,4241416,15.83379407,,,,
16.10665844,0.090068313,0.004676011,,,,,0.510179149,0.244066919,2024,10,4432577,15.59142353,254.4432844,1.210171544,0.071327624,0.62769159
,,,47.76043108,0.262177218,0.015293422,3.272607508,0.026298829,0.014727344,2024,10,4360248,9.62354208,,,,
37.86895967,0.234233113,0.009225098,19.46520444,0.088713196,0.004268996,2.862215665,0.084499432,0.041213679,2024,10,4569987,10.55048808,,,,
39.6669217,0.232924375,0.009432256,20.72397492,0.079328269,0.003807539,3.47987292,0.15350442,0.074033184,2024,10,4361579,11.27494167,,,,
69.77567623,0.733708703,0.016727107,14.24996718,0.069368764,0.002334724,1.985046097,0.129584201,0.061097355,2024,10,4035538,15.12542419,,,,
,,,39.18910953,0.363486937,0.021361374,3.839132239,0.036062941,0.020195247,2024,10,15835,9.94225107,,,,
,,,44.23593938,0.16555331,0.011740841,4.869704949,0.060153489,0.033685954,2024,10,4242355,10.24431852,,,,
2.78737617,0.01469917,0.000763126,57.63146535,0.233598725,0.013768331,4.238348463,0.08517148,0.04690261,2024,10,4366031,11.71356297,,,,
,,,67.19855789,0.320546427,0.014438081,6.289342875,0.088701144,0.04967264,2024,10,4688813,14.91263046,,,,
,,,45.37746308,0.294042573,0.020227088,4.294442371,0.040039668,0.022422214,2024,10,3046439,10.59310987,,,,
1.787411868,0.014929201,0.000950895,46.06847027,0.258560774,0.025448601,3.372278726,0.073178741,0.040406778,2024,10,4431299,9.77272423,,,,
65.69752996,0.815568493,0.024107451,9.062019335,0.047268012,0.002450778,1.481637645,0.107020075,0.050023214,2024,10,3059915,14.09050763,,,,
64.52577476,0.518587306,0.023,36.3893638,0.228963053,0.014107047,4.226919351,0.11853631,0.057457695,2024,10,3117251,18.76616607,,,,
,,,48.72998654,0.486201812,0.023569327,5.010946138,0.070134767,0.03927547,2024,10,4243331,12.77159738,,,,
,,,32.0490218,0.186265666,0.00896335,3.274341706,0.041822805,0.023420771,2024,10,4361411,7.56902704,,,,
28.67473942,0.08118139,0.002849648,13.76762977,0.046605195,0.001322208,2.012872289,0.062900928,0.030430442,2024,10,4428557,6.97297355,,,,
3.078781974,0.019062781,0.00090636,47.11658775,0.312615855,0.013888033,3.516451964,0.065244993,0.035680576,2024,10,4429025,10.48601039,,,,
6.595833272,0.073922523,0.004354242,,,,,0.585728184,0.280434411,2024,10,4241479,16.03792127,285.5333516,1.320595055,0.111737135,0.727852706
,,,53.14658807,0.115058775,0.009497221,6.00376233,0.079845268,0.04471335,2024,10,3051876,11.94044753,,,,
19.45988744,0.283733403,0.01117463,,,,,0.537274236,0.256804653,2024,10,14881,17.84534383,246.3041278,1.460713285,0.070291455,0.580773224
,,,42.39383423,0.136153616,0.019364337,3.529815755,0.040264022,0.022547852,2024,10,3121023,8.58081584,,,,
4.403219117,0.041897611,0.004950026,,,,,0.414398466,0.198627272,2024,10,8439,16.49544522,254.1651087,1.823472521,0.121168503,0.761329652
50.76490051,0.594145193,0.021640843,25.92281828,0.155748191,0.009152998,2.942850684,0.168071111,0.080687587,2024,10,3068267,15.07159019,,,,
2.975850679,0.020081893,0.001347215,41.07186796,0.360403169,0.017471058,3.123053935,0.071908252,0.039323904,2024,10,4430834,9.7776562,,,,
24.48212119,0.180325108,0.022303567,7.861236413,0.025222119,0.003967344,1.143972922,0.0828716,0.039538217,2024,10,4040761,5.58724743,,,,
27.86973338,0.223667732,0.0106,3.305901613,0.015499228,0.000688557,0.494428634,0.072132016,0.033680386,2024,10,3051926,5.00411224,,,,
25.00451452,0.073300778,0.004668791,,,,,0.481521991,0.229957154,2024,10,4431611,15.05964363,216.5890431,1.231938824,0.121252418,0.638288811
,,,36.67836095,0.140348264,0.00827214,3.453589937,0.037844872,0.021193128,2024,10,3117256,7.93867564,,,,
45.52118959,0.325055579,0.023711943,3.516557207,0.012520037,0.001033433,0.518814509,0.188446973,0.087544294,2024,10,4429013,7.34585129,,,,
7.236240246,0.092359845,0.005827708,,,,,0.621570693,0.297553905,2024,10,14880,17.48900947,271.6424279,1.82508217,0.106461391,0.800324903
,,,44.0340638,0.587816176,0.017153463,2.830328336,0.052685663,0.029503971,2024,10,3932905,10.73732276,,,,
1.91308752,0.015618215,0.001931744,40.53344579,0.188538981,0.029656472,4.606933159,0.049349626,0.027341788,2024,10,4569587,10.08632452,,,,
39.84113239,0.423391776,0.024938951,12.54259208,0.068381178,0.005785814,1.455717177,0.156435695,0.074060798,2024,10,2576414,9.56218328,,,,
2.397966074,0.050878361,0.002567082,,,,,0.38821135,0.186077369,2024,10,12483,14.2328675,242.8097333,1.418147744,0.083041693,0.753251196
46.67244585,0.299184488,0.018877898,6.102899027,0.025476286,0.001486092,0.784083579,0.042336395,0.019805703,2024,10,4373626,8.01181528,,,,
,,,21.78852526,0.08945,0.002537733,2.236391888,0.025722123,0.014404389,2024,10,4360635,4.9288891,,,,
,,,25.17300916,0.153416335,0.015099858,2.657388029,0.030998643,0.01735924,2024,10,4258595,6.09148419,,,,
,,,48.57972377,0.327527516,0.013700387,4.487734013,0.042183281,0.023622637,2024,10,3116164,11.29214299,,,,
24.44525358,0.139986812,0.016538851,7.661813931,0.042074593,0.002795828,1.069758681,0.047074773,0.022376867,2024,10,4685247,5.36799149,,,,
,,,29.87635828,0.189074457,0.005364119,2.513158236,0.042556798,0.023831807,2024,10,3929785,6.59942743,,,,
14.62006294,0.101519836,0.005122211,1.68342187,0.009377081,0.000549089,0.248934665,0.031297732,0.014607107,2024,10,4429096,2.56387183,,,,
6.63776287,0.028710907,0.001698801,45.91938617,0.293594948,0.018391743,3.898458276,0.098344516,0.053035394,2024,10,4430034,11.03058142,,,,
37.05421046,0.124929589,0.007732776,,,,,0.668467341,0.319004266,2024,10,4431452,14.95189934,219.2394849,0.953742311,0.065607608,0.806980056
,,,42.94648109,0.091431416,0.006289536,3.625756506,0.07251513,0.040608473,2024,10,4427095,8.40226924,,,,
20.39274719,0.129187426,0.013962477,4.30288307,0.028076316,0.001991138,0.7715911,0.043330989,0.020437848,2024,10,3051392,4.17691411,,,,
39.19026527,0.247553087,0.010980748,5.76564693,0.021748684,0.001339997,0.729852855,0.082895404,0.038831448,2024,10,4360569,6.7904233,,,,
,,,19.08703877,0.121729329,0.005857776,1.409529183,0.01987916,0.011132329,2024,10,3045138,4.03858493,,,,
,,,32.63510573,0.246516979,0.007193779,2.122881233,0.035117611,0.019665862,2024,10,4360939,6.84147951,,,,
,,,24.66244614,0.124151116,0.005515442,2.96568693,0.03095005,0.017332028,2024,10,3127292,6.15402107,,,,
11.6979364,0.076565604,0.00207961,18.76086647,0.134554446,0.003926525,2.265371331,0.038534849,0.01943458,2024,10,4038441,6.60098137,,,,
20.62309713,0.071205083,0.004407386,6.992664173,0.032681758,0.002248167,0.968469346,0.06248979,0.02985047,2024,10,4360294,4.32309166,,,,
22.37375073,0.292109078,0.013328,19.73053828,0.144862757,0.008301119,2.338478842,0.131805477,0.064874777,2024,10,2468609,9.18377047,1.893898522,0.010014085,0.000712928,0.010597552
19.98111573,0.160236584,0.005520695,6.140405682,0.034126227,0.001325824,0.776334863,0.037619906,0.017829462,2024,10,4429501,4.53955918,,,,
20.75307086,0.109145397,0.004419835,7.409535035,0.029363582,0.001409371,1.38999756,0.062881332,0.03015196,2024,10,4722893,4.99032852,,,,
19.04626976,0.132084172,0.007439715,1.368260367,0.011166342,0.000787355,0.197871839,0.040854874,0.018960286,2024,10,4429275,3.0784415,,,,
,,,30.15310481,0.250056574,0.016616088,3.167044955,0.042046392,0.02354598,2024,10,3915486,7.6699451,,,,
,,,37.79545166,0.164601553,0.009432217,2.535938714,0.045710226,0.025597727,2024,10,3051738,7.27196818,,,,
,,,47.32202632,0.21757477,0.013405384,3.254997866,0.065099957,0.036455976,2024,10,4428209,9.24826393,,,,
,,,27.69710088,0.18927611,0.010846152,2.901495832,0.023316558,0.013057273,2024,10,3929645,6.80305834,,,,
17.13838314,0.079973585,0.004731972,,,,,0.4100192,0.196137488,2024,10,4685720,13.07397183,218.2063871,1.025030374,0.064211239,0.852248208
,,,10.93398438,0.066904516,0.005522456,1.183011138,0.013581048,0.007605387,2024,10,4430539,2.67402961,,,,
,,,17.46245727,0.045998183,0.002207787,1.396544531,0.027930891,0.015641299,2024,10,4686472,3.50878109,,,,
4.647509044,0.029116272,0.00184,33.18000358,0.196949469,0.011488532,2.813908681,0.068208324,0.037003646,2024,10,3728262,7.93971002,,,,
,,,45.25449601,0.316012672,0.026084427,3.197293775,0.063808592,0.035732811,2024,10,4243537,9.60120864,,,,
13.17515961,0.044830258,0.001573642,,,,,0.630377817,0.301532682,2024,10,4361418,9.74401582,188.5631417,0.778187289,0.022077488,0.979306705
22.06088738,0.133486637,0.006796046,10.06488799,0.054257957,0.00190908,1.248065841,0.074463618,0.035626577,2024,10,4240021,5.58718831,,,,
,,,14.82711322,0.067190066,0.003483707,1.63328089,0.01500014,0.008400079,2024,10,4240472,3.50969586,,,,
,,,30.23210786,0.230532228,0.013499148,2.525769321,0.050515386,0.028288616,2024,10,3043116,6.90392654,,,,
5.768897895,0.05592953,0.002551885,,,,,0.418378349,0.200421956,2024,10,16757,13.39326357,233.4003055,1.234116005,0.070579871,0.774069619
,,,52.14584243,0.243128911,0.010951034,3.646636302,0.066704596,0.037354574,2024,10,4360078,10.26895093,,,,
,,,29.35246325,0.199089949,0.008844618,2.71318848,0.048131333,0.026953547,2024,10,4242433,6.80802864,,,,
2.422363333,0.025967852,0.000894681,31.33019399,0.260143784,0.010106738,2.925954835,0.054938235,0.02995728,2024,10,3121427,7.98142066,,,,
,,,17.60841516,0.18130568,0.007043832,1.569018231,0.01789753,0.010022617,2024,10,3930086,4.41220846,,,,
,,,30.77629288,0.310233312,0.021875015,2.599890275,0.049905152,0.027946885,2024,10,4360761,7.52809569,,,,
,,,41.24925404,0.21664712,0.013571481,3.365285988,0.06730572,0.037691203,2024,10,4695883,8.74363067,,,,
,,,33.80166431,0.180516479,0.012802011,3.083857973,0.061127862,0.034231603,2024,10,4249417,7.50587809,,,,
7.102026395,0.068435393,0.002522809,,,,,0.577406168,0.276577316,2024,10,11252,14.74603734,259.2152223,1.321262197,0.059512411,0.807295574
32.34471135,0.346607089,0.022076656,8.056466109,0.028945582,0.002848942,1.112135045,0.066878607,0.031632529,2024,10,4426386,7.39391895,,,,
4.661141251,0.027693351,0.00112144,,,,,0.011174794,0.005140405,2024,10,4569682,0.6245315,,,,
17.37734008,0.134673915,0.006587687,6.128335636,0.018205913,0.002589321,0.718434623,0.045695726,0.021728178,2024,10,4371733,3.994642,,,,
16.43831045,0.136524579,0.008508673,11.55872537,0.049406947,0.002066679,1.500674828,0.041184932,0.020047801,2024,10,4035886,5.40212948,,,,
,,,14.76675427,0.117130578,0.006858751,1.539557513,0.01413938,0.007918053,2024,10,4242557,3.717271,,,,
2.957256683,0.021423794,0.001437238,31.75873788,0.293678679,0.014236493,2.73968117,0.051557916,0.028114229,2024,10,2976592,8.07837647,,,,
,,,35.96281661,0.125021135,0.008600161,2.729877609,0.054597552,0.030574629,2024,10,4429022,7.03377714,,,,
1.47938942,0.011956862,0.000440779,43.4492723,0.239754347,0.010799037,3.229649199,0.069354018,0.038362146,2024,10,4597500,9.18036797,,,,
2.946584354,0.027792363,0.003003777,,,,,0.565581565,0.270978652,2024,10,2972515,12.10500841,239.6250991,1.063836012,0.075356262,0.913227497
,,,6.334282888,0.026298382,0.001809057,0.547109014,0.01094218,0.006127621,2024,10,4430637,1.32997907,,,,
33.50929579,0.230265396,0.028480447,,,,,0.522686521,0.248974247,2024,10,3917792,17.12031501,208.2666293,1.301513568,0.204723185,0.565592581
13.09190845,0.108014309,0.003981851,9.149781291,0.031965864,0.001439809,1.452712211,0.019194497,0.009442658,2024,10,4241401,4.50922723,,,,
,,,43.61543443,0.234866749,0.013802632,3.171607219,0.051831071,0.0290254,2024,10,3121409,8.91327362,,,,
13.1135377,0.099209368,0.00584,,,,,0.027168068,0.012497311,2024,10,4682745,1.89401536,,,,
25.28126905,0.088198435,0.005218629,16.08328289,0.033638331,0.002107215,2.314575477,0.056159181,0.027587778,2024,10,4045163,7.1430094,,,,
,,,2.087553748,0.01659599,0.001176968,0.242053871,0.002778795,0.001556125,2024,10,4372096,0.54970007,,,,
15.25073809,0.12363371,0.003654498,3.26279464,0.017632889,0.00091424,0.4787229,0.038472191,0.018101345,2024,10,4714365,3.16930072,,,,
8.394246308,0.049331953,0.003598635,,,,,0.467637446,0.223727792,2024,10,4241464,12.46887492,238.7954768,1.009005534,0.083285682,0.996527841
6.28415818,0.042511901,0.001256613,14.88409717,0.074730056,0.003874645,2.06267775,0.029250961,0.015088737,2024,10,3116389,4.86381407,,,,
,,,25.81027183,0.150132266,0.008822962,2.005094502,0.037751545,0.021140865,2024,10,3917914,5.52362842,,,,
,,,18.46555449,0.147166695,0.004953146,1.396859665,0.019700476,0.011032267,2024,10,3134353,4.11477724,,,,
20.17181947,0.186701258,0.006800312,9.218633049,0.045185934,0.002655484,1.158070096,0.034859199,0.016719581,2024,10,3127586,5.47482893,,,,
,,,35.92065887,0.163986303,0.007891238,2.433126244,0.048662525,0.027251014,2024,10,4243389,7.06599256,,,,
,,,33.19658585,0.113716864,0.009386456,2.955999972,0.059119999,0.0331072,2024,10,4432620,6.91207825,,,,
,,,38.27591349,0.240333872,0.010053101,2.769201058,0.055384021,0.031015052,2024,10,4368003,7.99833574,,,,
,,,7.134372203,0.030749437,0.001800578,0.587065871,0.010648423,0.005963117,2024,10,4360797,1.47695604,,,,
4.302744991,0.033751715,0.001162861,6.564699513,0.033901616,0.001317098,0.675302645,0.015331074,0.007666879,2024,10,3915411,2.1626904,,,,
,,,24.10153968,0.071879827,0.003450034,2.427748588,0.048554972,0.027190784,2024,10,4569559,5.22298402,,,,
0.777866968,0.002336577,8.20191e-05,22.91630718,0.065471845,0.001857463,2.584019249,0.04311669,0.023947846,2024,10,3045144,5.31741047,,,,
,,,28.29499757,0.21037233,0.033090776,2.692605798,0.030911297,0.017310326,2024,10,4429148,6.81671644,,,,
,,,33.94749109,0.153028736,0.010526794,3.049622866,0.06027208,0.033752365,2024,10,3045523,7.31768325,,,,
,,,6.075142082,0.033861133,0.004815872,0.432818383,0.006976243,0.003906696,2024,10,4361409,1.24550194,,,,
,,,17.77196068,0.109161517,0.009236287,1.110928072,0.018100557,0.010136312,2024,10,16733,3.54177079,,,,
,,,17.55521598,0.15010529,0.008601533,1.711653859,0.023725731,0.013286409,2024,10,3843945,4.35906145,,,,
,,,6.011274759,0.03146857,0.004475592,0.529611356,0.006079974,0.003404786,2024,10,4241374,1.32185266,,,,
9.692771034,0.056107394,0.004092886,5.583534521,0.01911621,0.001577897,0.775162549,0.02653828,0.012852469,2024,10,3139602,2.74047336,,,,
2.775140951,0.021206326,0.000575988,1.567075939,0.013012745,0.000379734,0.202437796,0.005635419,0.002729011,2024,10,4596334,0.83857613,,,,
15.93969304,0.106378073,0.007136484,5.6175594,0.030001289,0.001454355,0.798638743,0.030914642,0.014760104,2024,10,4430871,3.79282853,,,,
,,,27.79357724,0.152607999,0.024004664,1.942259413,0.038845188,0.021753305,2024,10,4692590,5.64279385,,,,
3.81836217,0.016613722,0.001795598,11.58931327,0.058316398,0.004135728,1.071686105,0.03491341,0.018203541,2024,10,3676833,3.17957254,,,,
,,,19.41970672,0.212897235,0.00945801,2.548191976,0.038255475,0.021423066,2024,10,3924365,5.74462395,,,,
,,,20.99341118,0.090310459,0.006212426,2.018182411,0.019677951,0.011019653,2024,10,3043275,4.65029143,,,,
,,,12.59482173,0.092155468,0.005415786,1.036536055,0.020730721,0.011609204,2024,10,4426948,2.8371114,,,,
1.116970972,0.00984089,0.000436514,7.710067211,0.038400735,0.002365976,0.955803905,0.009582998,0.005169399,2024,10,16002,2.12347686,,,,
,,,6.974278631,0.03976246,0.002328348,0.639169306,0.012783386,0.007158696,2024,10,4569382,1.56584843,,,,
,,,16.86779007,0.142714658,0.006340132,1.250229789,0.023633599,0.013234815,2024,10,3115394,3.78013138,,,,
,,,26.41959947,0.19067073,0.009243036,2.160699716,0.043213994,0.024199837,2024,10,4426407,5.97222809,,,,
17.84793348,0.105038799,0.004792583,5.191225715,0.022739625,0.001303056,0.820731092,0.040472542,0.01931023,2024,10,4243004,3.87895984,,,,
1.166349547,0.006794988,0.000275163,27.96862285,0.115541841,0.005545691,2.448017123,0.053372725,0.029447488,2024,10,4431280,6.04969207,,,,
0.789675579,0.006162475,0.000313743,14.08220029,0.094656206,0.003330503,1.019731885,0.02302282,0.012629961,2024,10,4382466,3.09748377,,,,
,,,35.44722084,0.111425527,0.006980058,2.642970852,0.050859153,0.028481126,2024,10,4212909,6.81458796,,,,
,,,4.565262896,0.036979659,0.002173218,0.436250495,0.005008185,0.002804584,2024,10,4690923,1.11352401,,,,
,,,2.793739041,0.014046664,0.001188505,0.209785464,0.004195709,0.002349597,2024,10,4569603,0.62554581,,,,
,,,4.428087696,0.025978812,0.001521227,0.401983274,0.006479237,0.003628373,2024,10,2310331,0.99662162,,,,
3.741917768,0.03570549,0.001406234,1.847378942,0.011498246,0.000553311,0.238978817,0.007926897,0.003833877,2024,10,15807,1.07759164,,,,
3.081057526,0.022775579,0.00111,,,,,0.006013066,0.002766011,2024,10,4431545,0.44664639,,,,
,,,29.60935895,0.137225235,0.008596235,2.861287359,0.032847773,0.018394753,2024,10,4431588,6.62684763,,,,
,,,7.617127756,0.077160694,0.002596975,0.799425574,0.007341968,0.004111502,2024,10,4242392,2.02126726,,,,
10.05793706,0.053132588,0.002758446,11.14734855,0.055081756,0.003246524,1.424104602,0.021279885,0.010630307,2024,10,2983509,4.18523015,,,,
,,,11.66959696,0.073279046,0.002466331,1.097714489,0.02195429,0.012294402,2024,10,2973405,2.78268297,,,,
,,,11.12311206,0.091168698,0.006428441,1.037577367,0.020292886,0.011364016,2024,10,4037235,2.74067454,,,,
,,,14.17673582,0.042554568,0.003017919,1.171744353,0.023434887,0.013123537,2024,10,4426485,2.82515211,,,,
,,,4.682571812,0.036215574,0.001274254,0.466996377,0.00428892,0.002401795,2024,10,3052096,1.15040532,,,,
,,,38.67101493,0.171699556,0.009838957,3.36693599,0.06733872,0.037709683,2024,10,4573697,8.21026937,,,,
,,,7.437641458,0.033328198,0.001964367,0.581033338,0.011620667,0.006507573,2024,10,4567096,1.51598686,,,,
,,,38.73513253,0.326343054,0.012678618,2.507040415,0.041522657,0.023252688,2024,10,2991662,8.31856185,,,,
,,,3.432273276,0.039840087,0.002809184,0.356563584,0.005555702,0.003111193,2024,10,3059722,0.93837382,,,,
28.34069263,0.27565921,0.010040471,1.772719039,0.010406389,0.000611562,0.238394145,0.068472425,0.031732816,2024,10,4362619,4.92577334,,,,
,,,34.40456466,0.200676383,0.008394239,2.495847452,0.049916949,0.027953491,2024,10,4429033,7.10256371,,,,
,,,21.32765348,0.129039122,0.006209533,1.408924728,0.022745991,0.012737755,2024,10,3930066,4.30346836,,,,
,,,9.886952783,0.090155685,0.002630894,0.650692181,0.012621816,0.007068217,2024,10,2971618,2.17177992,,,,
,,,19.82268905,0.08404219,0.004357465,1.446701727,0.027393409,0.015340309,2024,10,3118892,3.91198408,,,,
1.36179267,0.008381241,0.000990208,7.200822172,0.056360461,0.003745114,0.681576408,0.018002319,0.00964422,2024,10,4613104,1.91694551,,,,
9.301775016,0.05781654,0.003256549,9.296005125,0.056439502,0.003979634,1.351814285,0.020788658,0.010361623,2024,10,4362478,3.89746015,,,,
1.679971824,0.008933097,0.000424733,,,,,0.005314622,0.002444726,2024,10,4362477,0.37131195,,,,
,,,10.32100435,0.096633932,0.00340009,0.920052925,0.014687463,0.008224979,2024,10,3921690,2.52269477,,,,
,,,25.34101101,0.106052229,0.005090216,2.330115975,0.04635011,0.025956062,2024,10,4039057,5.46002276,,,,
,,,13.78654257,0.101338097,0.004876523,1.367569619,0.015699792,0.008791883,2024,10,4430802,3.34683634,,,,
,,,17.29659391,0.120951792,0.007108086,1.061450274,0.021229005,0.011888243,2024,10,4361577,3.5078205,,,,
1.321596943,0.007877976,0.000851446,,,,,0.00979638,0.004596847,2024,10,4383351,0.27151994,2.132672388,0.00946818,0.000761174,0.012688686
6.371522845,0.026562381,0.001644134,4.949103277,0.020919376,0.001439037,0.68937081,0.022564776,0.011141707,2024,10,3928925,2.11973263,,,,
,,,9.796879567,0.059593376,0.00308983,0.942805647,0.018856113,0.010559423,2024,10,4035004,2.36152062,,,,
,,,12.21751445,0.09567129,0.006357292,1.066105184,0.021322104,0.011940378,2024,10,4427278,2.96343196,,,,
,,,10.04121496,0.069148769,0.006805903,1.021157852,0.016599151,0.009295525,2024,10,3918639,2.43563072,,,,
,,,17.65223408,0.066454623,0.003916842,1.285798982,0.02571598,0.014400949,2024,10,4686422,3.42945991,,,,
,,,1.059790768,0.00552337,0.000785557,0.072231301,0.001444626,0.000808991,2024,10,4686104,0.21134189,,,,
1.370632332,0.009169323,0.000668878,2.107101787,0.010498454,0.000866567,0.230419395,0.008920702,0.004539094,2024,10,4039050,0.80630281,,,,
,,,11.15979506,0.042702968,0.002516917,0.989197925,0.017096917,0.009574274,2024,10,15880,2.37769415,,,,
,,,12.74549041,0.1044589,0.006116742,1.324935093,0.015210345,0.008517793,2024,10,4426553,3.22183683,,,,
,,,11.80886057,0.055812211,0.003289577,1.128070505,0.012950326,0.007252182,2024,10,4426496,2.63624662,,,,
,,,9.79377011,0.049964699,0.002250514,0.986692806,0.011591822,0.00649142,2024,10,4039160,2.2576822,,,,
3.379220734,0.016608282,0.00179501,5.235870142,0.020531687,0.001456082,0.838331084,0.014663551,0.007452952,2024,10,4383396,1.91466327,,,,
,,,14.18736525,0.068800461,0.002877905,1.41318245,0.017937279,0.010044876,2024,10,3050481,3.2308612,,,,
,,,2.185495295,0.008914064,0.000613195,0.193514141,0.003870283,0.002167358,2024,10,4692022,0.4685688,,,,
,,,12.75756248,0.084000242,0.004031781,1.357663438,0.015485885,0.008672095,2024,10,3911853,3.12854911,,,,
0.561902777,0.003964553,0.000201843,,,,,0.001304656,0.000600142,2024,10,4012556,0.07921544,,,,
,,,2.780170202,0.01786576,0.001042152,0.199238594,0.003935867,0.002204085,2024,10,3047876,0.58223011,,,,
,,,5.185459388,0.033843362,0.001190787,0.390451803,0.007809036,0.00437306,2024,10,3115255,1.1711119,,,,
,,,19.11202187,0.093205898,0.004473627,2.045299063,0.023480172,0.013148896,2024,10,4360231,4.4990041,,,,
,,,8.784518621,0.067557522,0.004489151,1.005202113,0.011539788,0.006462282,2024,10,4361372,2.28535765,,,,
,,,16.08366218,0.141383954,0.006368229,1.371535821,0.020993417,0.011756314,2024,10,2998565,3.81798399,,,,
3.105222397,0.032225104,0.001898148,6.233457978,0.021963846,0.001858387,0.740285695,0.018255163,0.009272162,2024,10,3917668,1.98873798,,,,
,,,1.772762209,0.019938192,0.000671054,0.171128812,0.002413499,0.001351559,2024,10,16799,0.46673677,,,,
,,,2.172380176,0.016115572,0.000775503,0.22195938,0.002548109,0.001426941,2024,10,4241961,0.53465515,,,,
,,,8.597390627,0.103364865,0.007288411,0.914720359,0.010501052,0.005880589,2024,10,4426844,2.39774146,,,,
,,,20.18803946,0.096816884,0.006866136,1.565343353,0.031306867,0.017531846,2024,10,4692835,4.14454518,,,,
,,,2.367826264,0.013433094,0.00113659,0.238042013,0.001912917,0.001071233,2024,10,3052897,0.55560444,,,,
2.182293396,0.017496851,0.000855873,1.04740602,0.005145099,0.000731757,0.078071001,0.008684222,0.004150884,2024,10,4428532,0.53199533,,,,
,,,12.50786448,0.092189424,0.003856259,0.982014381,0.019640288,0.010998561,2024,10,3931391,2.82045352,,,,
,,,19.56346862,0.114947589,0.004808227,2.051222588,0.028606266,0.016019509,2024,10,3127310,4.67558842,,,,
0.757892637,0.002590862,9.09e-05,7.610722935,0.026367476,0.000748056,0.760978875,0.017700493,0.009664185,2024,10,4427575,1.86332724,,,,
,,,4.126432504,0.029789249,0.001544529,0.435939778,0.005004618,0.002802586,2024,10,4258248,1.02493441,,,,
,,,19.15136509,0.124512642,0.007134989,1.717159282,0.034343186,0.019232184,2024,10,3127306,4.35608325,,,,
,,,5.429568465,0.040634991,0.001429753,0.369518879,0.00595597,0.003335343,2024,10,3122168,1.15263169,,,,
,,,10.16699081,0.123198433,0.003595137,0.915267135,0.010507329,0.005884104,2024,10,4241263,2.66685608,,,,
,,,2.362517381,0.018677278,0.00108949,0.223551529,0.002566387,0.001437177,2024,10,4035020,0.57123936,,,,
,,,12.84475063,0.093915541,0.007946307,1.103758007,0.012671217,0.007095881,2024,10,4365395,2.95376197,,,,
,,,12.79092391,0.065522029,0.001858886,1.402663175,0.016102668,0.009017494,2024,10,4360086,3.06099592,,,,
,,,3.165111819,0.010097238,0.00048464,0.526118301,0.003553191,0.001989787,2024,10,2515270,0.90029622,,,,
,,,7.827959709,0.058412607,0.002269364,0.650064495,0.01300129,0.007280722,2024,10,4241476,1.77365659,,,,
,,,9.509658444,0.066128442,0.002978563,0.988529646,0.011348387,0.006355097,2024,10,4722908,2.32981247,,,,
,,,2.799655195,0.013913397,0.000857243,0.18240783,0.003648157,0.002042968,2024,10,4372063,0.54357888,,,,
,,,2.223856886,0.017674081,0.001038669,0.214193391,0.003497117,0.001958385,2024,10,4048228,0.54087653,,,,
,,,23.95106209,0.170862668,0.008282812,1.905585487,0.03811171,0.021342557,2024,10,4429006,5.30075621,,,,
,,,3.975055907,0.035183212,0.005534187,0.411548676,0.004724607,0.00264578,2024,10,2531358,1.02605515,,,,
4.097259975,0.026282651,0.001364497,,,,,0.008368725,0.003849614,2024,10,4039607,0.56267247,,,,
4.70293918,0.031126404,0.001147447,18.95599254,0.101253102,0.004560651,1.574406355,0.045771228,0.024203577,2024,10,4061956,4.7199976,,,,
,,,21.46309377,0.158648103,0.007690693,1.649147644,0.032982953,0.018470454,2024,10,4369466,4.72665612,,,,
,,,4.556954943,0.030039957,0.002130397,0.478278471,0.005490669,0.003074775,2024,10,4360967,1.11247015,,,,
,,,11.006513,0.053799048,0.003370147,1.000982788,0.012226361,0.006846762,2024,10,4045305,2.41779795,,,,
,,,19.69212558,0.096951134,0.006073335,1.744619754,0.034892395,0.019539741,2024,10,4374187,4.2695303,,,,
,,,2.160146456,0.010698289,0.000883062,0.242826872,0.002787669,0.001561095,2024,10,4040612,0.52174899,,,,
,,,3.286093458,0.014251272,0.000816645,0.538534369,0.004546305,0.002545931,2024,10,3929914,0.94931277,,,,
,,,1.764863586,0.018207211,0.001283818,0.177929934,0.002042648,0.001143883,2024,10,4696700,0.46399337,,,,
,,,1.990808232,0.011760572,0.000564475,0.233604051,0.00268179,0.001501803,2024,10,4383440,0.50144445,,,,
,,,4.55762815,0.012675418,0.001046259,0.412112761,0.008242255,0.004615663,2024,10,4245131,0.93700708,,,,
,,,4.208319591,0.030564485,0.001789748,0.450917777,0.005176567,0.002898877,2024,10,4239944,1.05305519,,,,
,,,5.521145735,0.062525667,0.009835052,0.617593562,0.012351871,0.006917048,2024,10,4242540,1.55102395,,,,
,,,4.365729656,0.043629234,0.002099496,0.459077889,0.005270245,0.002951337,2024,10,2508256,1.15586178,,,,
,,,4.393363369,0.022036203,0.001380419,0.421355394,0.004837188,0.002708826,2024,10,4034948,0.99037993,,,,
,,,7.270047694,0.034034853,0.000965583,0.798571884,0.009167659,0.005133889,2024,10,2576399,1.72169096,,,,
,,,2.313584238,0.012305285,0.000554256,0.256084441,0.002939867,0.001646325,2024,10,4362523,0.55916784,,,,
,,,12.3183756,0.067152047,0.003848036,1.109316722,0.022186334,0.012424347,2024,10,4698301,2.83986637,,,,
,,,4.880544653,0.027218606,0.001225983,0.488923019,0.00977846,0.005475938,2024,10,3051889,1.13204721,,,,
,,,15.91285185,0.116825214,0.004538728,1.30012899,0.02600258,0.014561445,2024,10,4036448,3.57300403,,,,
,,,69.42846622,0.527309321,0.019935565,6.3780747,0.068873625,0.03856923,2024,11,4374302,16.44932792,,,,
,,,82.37209135,0.513078455,0.016314832,6.396548939,0.103891911,0.05817947,2024,11,4262921,17.63124153,,,,
,,,95.13610496,0.560665245,0.02435928,7.372598326,0.101644032,0.056920658,2024,11,4362628,20.18775954,,,,
72.25065168,0.55105433,0.029077339,30.30793603,0.154168784,0.00933452,3.875674611,0.145743143,0.06967153,2024,11,4430807,18.30419872,,,,
79.12252119,0.608904636,0.01648383,21.59915781,0.174399846,0.006593397,2.46581918,0.118915898,0.056273053,2024,11,4429795,17.17456032,,,,
48.33599536,0.224615523,0.007276797,,,,,0.552409667,0.262691371,2024,11,3916387,23.8157398,246.5705737,2.240028541,0.071272822,0.417393243
91.94020018,0.959389988,0.031081051,9.799600774,0.069784297,0.002220384,1.073489907,0.188027786,0.087414177,2024,11,3043078,17.31925223,,,,
95.98078497,0.657069457,0.019385572,19.36670128,0.072077467,0.003312061,2.143727044,0.187662472,0.088072231,2024,11,4242335,17.92756402,,,,
79.73679659,0.376729103,0.03173779,16.99242911,0.089138826,0.004576001,2.186628731,0.16707779,0.078821474,2024,11,4047365,14.57415351,,,,
62.47449178,0.475573069,0.027930506,32.33423171,0.268927468,0.019297968,4.357489188,0.093748446,0.045419067,2024,11,4429160,18.31621685,,,,
,,,57.53175025,0.170071247,0.01624389,6.129442619,0.056293133,0.031524155,2024,11,4432665,12.8739726,,,,
39.75184191,0.453880553,0.013445367,,,,,0.462462308,0.220286704,2024,11,4426348,18.49788677,214.6913558,1.146541964,0.072333918,0.558783995
11.52180864,0.119136456,0.008958336,,,,,0.54055887,0.25879152,2024,11,3915511,18.75151959,283.5406026,1.774355665,0.07709061,0.611660815
,,,72.23937266,0.507098284,0.034529794,5.908749699,0.061522074,0.034452362,2024,11,16800,16.17705753,,,,
65.5307168,0.348831112,0.042232301,35.5457612,0.135433004,0.009222026,4.0142793,0.238674171,0.114790846,2024,11,4427366,16.90713876,,,,
5.483945172,0.040596527,0.002384243,61.15949879,0.419249718,0.030084943,4.629310369,0.073062586,0.039729941,2024,11,3116406,14.04617202,,,,
,,,78.40074006,0.460303154,0.025235125,5.162940736,0.080758025,0.045224494,2024,11,4258173,15.72698493,,,,
25.45753333,0.520423539,0.014505165,,,,,0.568371677,0.271218377,2024,11,3918298,20.68401473,246.4136652,1.6488378,0.06231144,0.531187049
97.30884624,0.577336581,0.02658617,19.30912575,0.125350381,0.015931717,2.527348339,0.150094367,0.070792751,2024,11,3929630,18.35267758,,,,
,,,71.49848058,0.456351821,0.03107432,5.922255425,0.11258015,0.063044884,2024,11,4569618,15.74924328,,,,
,,,65.25388003,0.46475128,0.028139484,5.818222444,0.08479396,0.047484617,2024,11,4426502,15.09566586,,,,
,,,81.67538521,0.355466142,0.04517885,5.298521282,0.099628853,0.055792158,2024,11,4047646,15.58025804,,,,
,,,69.01782166,0.426738849,0.018540566,5.370724762,0.085753063,0.048021715,2024,11,4239993,14.77623972,,,,
78.72915224,0.35690989,0.019082334,20.5918072,0.172578234,0.00548763,2.761545045,0.182185121,0.086283637,2024,11,3042519,15.75195439,,,,
97.39029116,0.751661588,0.035618834,23.78035481,0.171284742,0.009390316,2.609459327,0.12003965,0.056493141,2024,11,3116385,20.24440192,,,,
4.837536892,0.025156968,0.001370972,74.32701315,0.277696931,0.015144412,5.510370483,0.113823114,0.062319682,2024,11,4426515,15.15534629,,,,
1.371902235,0.012295195,0.000364222,59.60784366,0.30039353,0.018951457,4.708649551,0.081604991,0.045279818,2024,11,3121422,12.63298221,,,,
55.22962297,0.579856286,0.016161665,22.47031643,0.125449339,0.004740872,2.842353083,0.119934235,0.057080093,2024,11,4379399,14.77499366,,,,
,,,74.41005451,0.333348742,0.017447297,4.907868593,0.093420841,0.052315671,2024,11,4047650,14.28169575,,,,
1.288327199,0.008476309,0.000530534,55.1206987,0.163533543,0.015473717,4.458513172,0.093361352,0.051863248,2024,11,4432773,11.06222288,,,,
3.614038918,0.02685329,0.000869957,65.9049186,0.50043432,0.015922728,4.27316973,0.058756196,0.03217597,2024,11,4429615,14.35957857,,,,
77.83498313,0.436942293,0.020361356,54.51723031,0.150614893,0.007580557,5.321873176,0.151536768,0.073147963,2024,11,3054850,21.99602754,,,,
90.0942965,0.632105644,0.034447669,20.27252117,0.131913228,0.007193988,2.752751576,0.253182171,0.119402163,2024,11,4430737,18.22468556,,,,
1.383168121,0.018481661,0.000636399,81.13543544,0.510341549,0.021471596,4.939538848,0.104111011,0.057770143,2024,11,4426354,16.29576217,,,,
61.78299481,0.387392804,0.029129579,26.7472989,0.131494054,0.005713035,4.181009451,0.195651006,0.094720923,2024,11,4362238,16.03276935,,,,
2.634029476,0.016280526,0.00117,55.83520148,0.22827483,0.022101987,4.433024586,0.076942914,0.042331334,2024,11,3915416,11.71119512,,,,
,,,68.6564029,0.344920698,0.014811798,7.719304862,0.122780626,0.068757151,2024,11,15847,16.54981863,,,,
,,,59.01877256,0.299238279,0.015661973,5.048015283,0.083933388,0.047002698,2024,11,4430878,12.68485476,,,,
56.5845816,0.603917347,0.017889927,11.32554244,0.058411715,0.003685123,1.678400185,0.122611462,0.057671271,2024,11,4241474,12.37442852,,,,
1.542437055,0.009085068,0.000495106,70.03976286,0.344778161,0.018802738,6.449400414,0.111468397,0.061987029,2024,11,2977187,15.64836141,,,,
65.71581319,0.435778587,0.031273064,20.52262708,0.074390989,0.007202672,2.765562802,0.189981179,0.090161957,2024,11,4259545,14.35206784,,,,
1.564809358,0.009634503,0.000515113,36.74812652,0.255152519,0.008113322,3.027064862,0.052947755,0.029235044,2024,11,4429205,8.40726536,,,,
20.8712069,0.129690684,0.003929933,,,,,0.384509006,0.18383076,2024,11,3139477,16.73516569,259.3667493,1.407776903,0.060453626,0.953561144
45.57607358,0.876686853,0.040371157,,,,,0.603176504,0.286497108,2024,11,4040715,21.21976,223.0867962,0.979581119,0.12450229,0.60620874
,,,37.65443523,0.40889249,0.013010067,3.13323687,0.039250263,0.021980147,2024,11,3116365,9.33513317,,,,
18.76762841,0.141974386,0.006333442,15.34686699,0.034333224,0.001796983,2.573130748,0.030496616,0.015114561,2024,11,4426385,7.02926168,,,,
51.98679964,0.540927247,0.018626334,15.5736904,0.089086465,0.003748134,2.058116233,0.097407366,0.045989803,2024,11,4241457,12.54959084,,,,
11.48586972,0.158726993,0.00707585,73.66770229,0.383870959,0.020696524,4.073721498,0.098571115,0.051590587,2024,11,3126486,15.81278838,,,,
,,,58.72570902,0.247134628,0.031410188,4.628284587,0.078976726,0.044226966,2024,11,4241478,11.9601117,,,,
,,,60.60052137,0.395015408,0.017576607,4.562295961,0.091245919,0.051097715,2024,11,4612826,12.92780433,,,,
,,,48.39016694,0.300437837,0.009553301,5.241613258,0.056373974,0.031569425,2024,11,4036133,11.84071273,,,,
15.83671215,0.084879964,0.004538142,,,,,0.624418987,0.298333578,2024,11,3912547,15.20032851,232.6453661,1.589881293,0.050554932,1.043990651
,,,58.03854042,0.402523562,0.016776919,4.690758496,0.090629185,0.050752344,2024,11,3128429,12.84419706,,,,
64.43195254,0.279248796,0.009246457,16.0635686,0.070454881,0.001591021,2.785714058,0.106843332,0.050714303,2024,11,3916148,12.85655458,,,,
9.077340552,0.0369847,0.003305404,74.40605956,0.240419374,0.019521813,5.912262334,0.120748347,0.065171152,2024,11,4241389,15.84352492,,,,
61.91495368,0.533591231,0.030694155,20.99417846,0.128024246,0.00834796,2.734750556,0.262302393,0.124340486,2024,11,4569173,14.83165989,,,,
,,,37.91646153,0.197544348,0.014175586,3.445440391,0.043508622,0.024364828,2024,11,3054212,8.40312015,,,,
8.242342785,0.037292272,0.003141712,52.62177874,0.289923846,0.014883434,3.856700729,0.098294087,0.052928682,2024,11,4362249,11.87540628,,,,
59.90833303,0.374063551,0.023412722,22.69973006,0.060699651,0.005743465,3.047469064,0.148602028,0.071108384,2024,11,4239996,13.83687419,,,,
2.97408697,0.018612043,0.00061628,61.03155085,0.368411955,0.008319524,4.194410054,0.084031568,0.046098395,2024,11,3925357,12.84501264,,,,
4.988718654,0.038712998,0.00105,45.6586062,0.331149732,0.012519515,2.615326904,0.064564452,0.034786854,2024,11,4426388,9.85850509,,,,
65.50111056,0.639238204,0.022099147,22.03856135,0.122133188,0.005434439,3.189505768,0.103545705,0.04938798,2024,11,4241985,16.47072852,,,,
59.08271389,0.546675771,0.02438707,22.3408333,0.08013719,0.004194338,3.502770128,0.082764461,0.039712336,2024,11,4567048,15.38592476,,,,
4.020488579,0.045848372,0.001241174,,,,,0.397818323,0.190422496,2024,11,3046779,15.118171,228.1823355,1.784857777,0.067478702,0.796393687
,,,50.04012356,0.198453237,0.019214606,4.745575564,0.090656647,0.050767723,2024,11,15818,10.87959511,,,,
,,,55.42982499,0.315254249,0.023125688,3.777202098,0.071401977,0.039985107,2024,11,4241463,11.17987525,,,,
59.56567601,0.194240978,0.017359743,16.39872877,0.082126554,0.006668594,2.419920315,0.118501119,0.056308381,2024,11,4038815,11.6131319,,,,
,,,59.04164024,0.378686328,0.020416993,3.871040976,0.072190496,0.040426678,2024,11,3886598,12.0092116,,,,
9.718002176,0.067161054,0.00299,1.911883102,0.010548952,0.00056875,0.229938187,0.019600179,0.009210196,2024,11,4372561,1.86484405,,,,
30.42059898,0.342893377,0.012740902,,,,,0.333684875,0.159191472,2024,11,4426338,17.80041316,220.0670285,1.347225055,0.056151461,0.659405069
21.34960334,0.278632967,0.012421108,,,,,0.500644852,0.23907886,2024,11,4361741,19.89463467,281.3010588,1.661707255,0.089591473,0.77503114
1.387570024,0.011190915,0.000699713,54.65844051,0.18927505,0.018078089,5.457765774,0.100212962,0.055710276,2024,11,3916433,12.19394367,,,,
1.720939791,0.018755366,0.001101507,47.43212423,0.246409228,0.017682081,3.998760853,0.073502201,0.040650255,2024,11,4372016,10.46325949,,,,
13.6348536,0.18006018,0.006224873,,,,,0.46379293,0.221621382,2024,11,4038941,17.45751963,241.2402463,1.615181938,0.071869142,0.41092484
,,,69.15441662,0.358297186,0.021693965,4.845228331,0.07365864,0.041248838,2024,11,4040655,13.87328736,,,,
9.007955651,0.055521697,0.004677462,,,,,0.548942845,0.262821753,2024,11,4036378,16.13615897,261.5295743,1.716127015,0.088098527,1.04894314
5.501549895,0.073970067,0.002241467,43.1774055,0.242803538,0.01042662,3.09935408,0.080110503,0.04304954,2024,11,4683062,9.80924034,,,,
,,,53.77234731,0.36045451,0.026441384,4.541662343,0.053599508,0.030015725,2024,11,3123076,12.07589145,,,,
,,,44.22905679,0.185443746,0.008521401,3.151228547,0.059253001,0.03318168,2024,11,4035687,8.63904214,,,,
,,,57.75411903,0.361524815,0.015524822,5.292940965,0.103606825,0.058019822,2024,11,15795,13.15524776,,,,
1.24769647,0.012848535,0.000358112,56.56940263,0.238279044,0.009004834,5.092053054,0.067649088,0.037576605,2024,11,4373678,12.32588912,,,,
13.57801902,0.07789768,0.003691321,,,,,0.469781255,0.22471437,2024,11,4432577,16.57840383,267.7773444,1.353749437,0.074216386,0.545841177
,,,44.41814852,0.207366709,0.012555516,3.40199188,0.027338568,0.015309598,2024,11,4360248,9.08321882,,,,
33.39131256,0.257701244,0.008873706,20.63850055,0.090270068,0.003797932,2.697301948,0.131019557,0.063421623,2024,11,4569987,10.16338094,,,,
28.89517048,0.173112093,0.006432332,17.89285719,0.085207274,0.003551384,2.989893011,0.096262967,0.047196721,2024,11,4361579,9.14672997,,,,
70.57455685,0.783819106,0.021218989,16.48282309,0.076937061,0.002908698,1.985211533,0.1698779,0.079930138,2024,11,4035538,15.74836363,,,,
,,,50.14586447,0.347887048,0.013147044,3.820012241,0.06353251,0.035578206,2024,11,2976499,10.87873865,,,,
,,,33.34572007,0.262147314,0.016538551,3.930486305,0.036826223,0.020622685,2024,11,15835,8.83074593,,,,
,,,41.55633566,0.136370228,0.011073127,4.405913849,0.06313566,0.03535597,2024,11,4242355,9.3328711,,,,
3.058317265,0.016806589,0.00079641,59.01701115,0.26465445,0.014509108,3.969146465,0.076912927,0.042156748,2024,11,4366031,11.81980637,,,,
,,,55.91438485,0.270868784,0.012446802,4.340627119,0.061217618,0.034281866,2024,11,4688813,11.56350453,,,,
,,,44.64740587,0.356292031,0.023232408,3.831598639,0.035703214,0.0199938,2024,11,3046439,10.44151063,,,,
1.418368225,0.009368198,0.000672296,48.00278818,0.181271978,0.017551085,3.714766785,0.079130533,0.043829579,2024,11,4431299,9.75159909,,,,
0.128831495,,,38.91560409,0.238921744,0.012265207,3.335505659,0.043971766,0.024301118,2024,11,4572680,8.65056586,,,,
67.623695,0.83718076,0.025368549,17.24966383,0.101060082,0.004339785,2.589380161,0.100727582,0.047714665,2024,11,3059915,16.67280643,,,,
86.00507499,0.601120539,0.0268,44.36048179,0.275711013,0.014865047,4.815223174,0.153403125,0.073872799,2024,11,3117251,23.05240266,,,,
,,,30.17650197,0.193714428,0.008150146,2.871719375,0.036468711,0.020422478,2024,11,4361411,7.02807148,,,,
22.19783611,0.070016055,0.007929414,13.2800312,0.044426578,0.003258942,1.770031798,0.03141771,0.015354543,2024,11,4372019,5.99696995,,,,
32.51518797,0.128443861,0.00425302,13.42702614,0.061523064,0.001389321,2.045049949,0.059102647,0.028346817,2024,11,4428557,7.73522396,,,,
46.78069581,0.297586006,0.018606599,13.48355302,0.067425135,0.006439927,2.033789323,0.084127215,0.039911197,2024,11,4048244,10.22277171,,,,
2.899675158,0.027514695,0.000951212,51.30895133,0.341910118,0.015213634,3.491528537,0.064951852,0.035505559,2024,11,4429025,11.09197464,,,,
6.861038101,0.065642763,0.003855213,,,,,0.551562135,0.264036633,2024,11,4241479,14.43642669,226.9437047,1.528283806,0.109668127,0.77398526
,,,58.0182173,0.027446449,0.002597012,6.620641497,0.087448487,0.048971153,2024,11,3051876,12.49670364,,,,
,,,48.81830838,0.420099034,0.021566065,2.880758991,0.046432581,0.026002245,2024,11,4248528,10.27553567,,,,
89.67059067,0.389595504,0.0441,12.97389422,0.040915644,0.003001395,1.483046762,0.109773384,0.051393796,2024,11,3128720,14.32487534,,,,
37.38359778,0.241065197,0.007112166,,,,,0.787909597,0.375396656,2024,11,4429084,15.69629879,213.0874207,1.07960548,0.04960939,0.856920359
12.84915974,0.247243173,0.008513592,,,,,0.478330261,0.228679273,2024,11,14881,17.39295092,254.0525718,1.536466635,0.064643749,0.69247482
,,,41.8103183,0.155027371,0.019703588,3.826158875,0.043548469,0.024387143,2024,11,3121023,8.92913982,,,,
4.140018094,0.033373428,0.004040456,,,,,0.42589015,0.204149047,2024,11,8439,15.62746754,255.3671116,1.580598852,0.107627562,0.675056324
,,,38.86412425,0.185979831,0.009734086,3.628876446,0.059774218,0.033473562,2024,11,2577327,8.58526691,,,,
24.55510208,0.334540985,0.009910154,15.64663894,0.09561213,0.006032051,2.199936134,0.091129524,0.044330347,2024,11,3068267,8.80300497,,,,
28.33550201,0.350129859,0.012104363,1.857275067,0.008124573,0.000361511,0.243317267,0.07764333,0.035958818,2024,11,3051926,5.36718768,,,,
19.94439902,0.110207608,0.004916334,,,,,0.545805204,0.26101953,2024,11,15864,15.07914097,258.05617,1.148850431,0.060130225,1.058323579
22.16804945,0.046424639,0.003331602,,,,,0.495552675,0.236835978,2024,11,4431611,13.23153711,222.1200923,0.877979882,0.085007621,0.688312688
,,,37.6872037,0.146391693,0.008025608,3.047011009,0.033303642,0.018650039,2024,11,3117256,7.67371468,,,,
3.725099,0.07253846,0.003827618,,,,,0.645177178,0.308998502,2024,11,14880,14.62390683,253.0438891,1.392005787,0.084282338,0.724437727
,,,49.88684943,0.343317285,0.017624422,3.755540688,0.075110814,0.042062056,2024,11,4361432,10.75723407,,,,
,,,24.19169935,0.307288473,0.009777249,1.515593994,0.028195207,0.015789316,2024,11,3932905,5.76721463,,,,
32.33035654,0.303526689,0.017826186,11.39024246,0.083239741,0.005973201,1.595323276,0.124603083,0.059585194,2024,11,2576414,8.21969814,,,,
2.311838317,0.037966567,0.002069052,,,,,0.435659541,0.208850729,2024,11,12483,14.02348745,251.3558017,1.316513537,0.071797062,0.748666384
35.40338138,0.296371661,0.015638566,3.636445075,0.013661663,0.000827178,0.536463096,0.040027142,0.018638926,2024,11,4373626,6.29735532,,,,
,,,19.5953211,0.126691776,0.002860969,2.070585596,0.023815083,0.013336446,2024,11,4360635,4.76994741,,,,
9.872427695,0.052428883,0.003278122,10.17073807,0.037195701,0.003552646,1.499119386,0.034161098,0.017054273,2024,11,2576336,4.07887901,,,,
,,,27.70951521,0.118953233,0.01151727,3.169050176,0.036875218,0.020650122,2024,11,4258595,6.63642739,,,,
,,,30.65309252,0.243127103,0.010563168,3.108196551,0.029140378,0.016318612,2024,11,3116164,7.62152553,,,,
28.21845185,0.137253669,0.016617033,6.047695941,0.02765876,0.001883365,0.804045444,0.051228742,0.024108241,2024,11,4685247,5.21026911,,,,
,,,27.21627817,0.252794285,0.005708631,2.452415098,0.041337167,0.023148814,2024,11,3929785,6.65702026,,,,
13.71020977,0.076491383,0.004168528,1.81292236,0.008919639,0.000486439,0.25677324,0.028717095,0.013426632,2024,11,4429096,2.33823366,,,,
,,,19.04348724,0.232606084,0.007401018,1.449202717,0.013309556,0.007453352,2024,11,4361050,4.74943488,,,,
32.34755469,0.1366981,0.007863384,,,,,0.572309102,0.273051855,2024,11,4431452,16.22233889,227.6270903,1.229423985,0.080165924,0.75022982
,,,60.21953726,0.31602622,0.023182317,4.154551388,0.083091028,0.046530976,2024,11,4369863,12.02816112,,,,
24.57233622,0.120625452,0.00754212,3.193559738,0.009259962,0.00088444,0.502613021,0.096383711,0.04507721,2024,11,4361777,3.9877578,,,,
,,,47.01072794,0.155613364,0.010146938,3.713412221,0.074268244,0.041590217,2024,11,4427095,9.28724064,,,,
26.13521475,0.135426201,0.012103337,5.228804596,0.033330678,0.002706418,0.88906435,0.074606577,0.035214936,2024,11,3051392,4.9991652,,,,
11.61964941,0.075051715,0.003345711,1.912050402,0.008541513,0.000460518,0.231816465,0.024699936,0.011583465,2024,11,4360569,2.07164534,,,,
,,,37.07775071,0.238976007,0.010054436,2.443226928,0.034457817,0.019296377,2024,11,3045138,7.56728616,,,,
,,,43.49451922,0.331980656,0.0105629,2.71135322,0.044544783,0.024945078,2024,11,4360939,9.02510072,,,,
,,,33.99320561,0.173681372,0.007728127,3.665783772,0.037917913,0.021234031,2024,11,3127292,8.08118276,,,,
8.469396765,0.054246212,0.001757397,16.32670861,0.113728623,0.003618597,1.912781201,0.030171843,0.015312433,2024,11,4038441,5.43211111,,,,
13.33608436,0.067585738,0.003887783,3.70470757,0.019514507,0.001272465,0.463867398,0.044978903,0.021209691,2024,11,4360294,2.67317581,,,,
19.46821682,0.224232888,0.010449173,25.33734029,0.156898211,0.007896801,2.268916968,0.124080414,0.061168268,2024,11,2468609,9.05829519,2.128147961,0.010005262,0.000631618,0.01100285
15.76518424,0.163620437,0.004560404,3.721281063,0.019938533,0.0007535,0.521110556,0.034568999,0.016253677,2024,11,4429501,3.55637879,,,,
13.46403044,0.071359519,0.002651508,4.586140109,0.023032286,0.000959971,0.842488497,0.033074881,0.015949372,2024,11,4722893,3.1900566,,,,
,,,28.6704071,0.188060628,0.012805594,2.914879048,0.038632171,0.021634016,2024,11,3915486,6.89364668,,,,
,,,41.80289835,0.194785628,0.009803702,2.142809544,0.038462484,0.021538991,2024,11,3051738,7.46935657,,,,
,,,49.14962813,0.184847089,0.013559583,3.760411456,0.0705702,0.039519312,2024,11,4372414,9.73440335,,,,
,,,54.11738962,0.309126466,0.016666651,3.485879478,0.06971759,0.03904185,2024,11,4428209,10.70946884,,,,
,,,30.9692126,0.18029718,0.009074488,2.504967507,0.020130038,0.011272821,2024,11,3929645,6.67980678,,,,
,,,16.45573739,0.069000707,0.00652892,1.748331011,0.020070959,0.011239737,2024,11,4430539,3.79901716,,,,
3.069884222,0.016371725,0.000608325,17.45989489,0.080201357,0.00334274,1.458722683,0.03900469,0.020859603,2024,11,4686472,4.17386824,,,,
3.832582789,0.026670991,0.001407341,28.08553311,0.117900055,0.007138542,2.691545188,0.065374645,0.035455427,2024,11,3728262,6.73112755,,,,
,,,51.10691139,0.265250815,0.025098313,3.494910473,0.069648836,0.039003348,2024,11,4243537,10.17113243,,,,
14.20144908,0.059507183,0.001970396,,,,,0.63711891,0.30456637,2024,11,4361418,11.67276754,187.5261021,1.218329776,0.027512471,0.972708325
21.05493938,0.098934569,0.005289577,6.310117366,0.039478022,0.001255319,0.9668004,0.064607909,0.030698244,2024,11,4240021,4.53981806,,,,
,,,15.05429832,0.071556388,0.003072819,1.658280047,0.015229734,0.008528651,2024,11,4240472,3.58253854,,,,
,,,31.83701078,0.230131551,0.012550398,2.576812754,0.051536255,0.028860303,2024,11,3043116,7.11004533,,,,
14.94740398,0.055480397,0.006283231,,,,,0.580551398,0.277733201,2024,11,2969939,15.42917157,263.8577438,1.377507896,0.101048021,1.068644326
5.987440234,0.049188954,0.002292188,,,,,0.439243202,0.210364463,2024,11,16757,14.66878687,264.8001012,1.244929547,0.062530164,0.758654447
,,,28.55706933,0.151775782,0.006974311,1.624946897,0.029576486,0.016562832,2024,11,4360078,5.37291148,,,,
,,,30.18897763,0.19390825,0.008628142,2.453248467,0.043466317,0.024341138,2024,11,4242433,6.60531574,,,,
0.986068697,0.01340018,0.000373488,24.38512624,0.179317888,0.006776625,2.436971927,0.042836863,0.023601723,2024,11,3121427,6.09862461,,,,
,,,27.10176669,0.175974653,0.009033776,1.708624701,0.034172494,0.019136597,2024,11,4428850,5.45534365,,,,
,,,36.2733755,0.333695842,0.012610742,3.366913727,0.038279724,0.021436646,2024,11,3930086,8.97978252,,,,
,,,29.37796513,0.131403429,0.010669827,2.636339051,0.051743289,0.028976242,2024,11,4249417,6.32731131,,,,
4.317946822,0.03168438,0.001981069,40.35598239,0.07939294,0.007583,3.022653063,0.059948354,0.032448208,2024,11,4428718,8.11836092,,,,
22.07286731,0.194184642,0.0139354,9.752759245,0.025816658,0.002499616,1.475158253,0.054768174,0.026341682,2024,11,4426386,5.95936138,,,,
49.38614274,0.282280589,0.01048871,6.842657172,0.037419728,0.00155963,1.049952282,0.102223852,0.047909341,2024,11,4569682,8.52201217,,,,
15.71363488,0.114574256,0.005276109,5.644398673,0.016861585,0.002143065,0.781596979,0.040865897,0.019562353,2024,11,4371733,3.72276393,,,,
17.96875028,0.10108122,0.007600692,9.443121724,0.048887749,0.002124031,1.424109228,0.036927519,0.018033129,2024,11,4035886,5.0541928,,,,
,,,4.410848966,0.03189814,0.001739589,0.453428013,0.004164307,0.002332012,2024,11,4242557,1.0848267,,,,
,,,45.36765569,0.207825065,0.013551459,3.164281409,0.063285628,0.035439952,2024,11,4429022,8.90588838,,,,
1.739761104,0.011698376,0.000345138,22.31489276,0.120945805,0.00555763,1.567507029,0.037070044,0.020187234,2024,11,4597500,4.74124657,,,,
4.452174602,0.029079532,0.002598902,,,,,0.802104913,0.384142524,2024,11,2972515,9.86054484,210.4695381,0.795737978,0.064562909,0.874050912
,,,17.99734343,0.108393557,0.007067919,1.35529811,0.027105962,0.015179339,2024,11,4430637,3.78988495,,,,
8.206216595,0.057259004,0.001689317,4.5312848,0.017273689,0.00079375,0.620433042,0.011069141,0.005353689,2024,11,4241401,2.3359303,,,,
,,,41.9302241,0.145232531,0.009162541,3.443903679,0.05611216,0.03142281,2024,11,3121409,8.46528274,,,,
28.29952133,0.185605008,0.010900621,,,,,0.055486495,0.025523788,2024,11,4682745,3.91579985,,,,
,,,2.822176463,0.020522285,0.001666389,0.30949035,0.00355297,0.001989663,2024,11,4372096,0.71428876,,,,
12.89302132,0.106201131,0.003218144,3.929353718,0.019788878,0.000849786,0.530715931,0.029342451,0.013945557,2024,11,4714365,2.97310853,,,,
,,,15.3619431,0.067398649,0.002894274,1.573715439,0.031474309,0.017625613,2024,11,3120348,3.48566697,,,,
9.310818904,0.089826366,0.005622253,,,,,0.509002014,0.243577507,2024,11,4241464,11.58080289,250.1332018,0.68040579,0.064380716,1.141239677
5.086842402,0.035324624,0.001070419,13.49005488,0.06085502,0.002613274,1.82103994,0.023362411,0.012187042,2024,11,3116389,4.23941883,,,,
,,,17.24051746,0.0709014,0.004473082,1.619601147,0.032392023,0.018139533,2024,11,3917914,3.80293934,,,,
,,,22.07856883,0.184155271,0.006962212,1.620804254,0.022858857,0.01280096,2024,11,3134353,4.92252127,,,,
3.986468136,0.042528575,0.00125983,,,,,0.006023702,0.002770903,2024,11,3127586,0.65095512,,,,
,,,30.69217849,0.151604567,0.006378458,1.867169443,0.037343389,0.020912298,2024,11,4243389,5.90943065,,,,
,,,29.50896702,0.054199273,0.005128393,2.671296263,0.053425925,0.029918518,2024,11,4432620,5.89921835,,,,
,,,18.55241249,0.135967945,0.005907413,1.49887903,0.029977581,0.016787445,2024,11,4368003,4.14895989,,,,
,,,7.437151338,0.027332896,0.00149062,0.603655768,0.010324568,0.005781758,2024,11,4360797,1.5030584,,,,
3.424510582,0.034828456,0.000970733,8.20888577,0.041140293,0.001554738,0.913538108,0.017059492,0.008675698,2024,11,3915411,2.52582872,,,,
,,,26.84527177,0.144874719,0.006038284,2.662355029,0.053247101,0.029818376,2024,11,4569559,6.16997434,,,,
0.762906409,0.003141429,0.000104019,20.91565015,0.119978444,0.002709368,2.426742428,0.040789107,0.022626748,2024,11,3045144,5.2947646,,,,
18.62924647,0.077930014,0.006565265,7.212297665,0.033450739,0.001717216,0.959195927,0.043645027,0.020926451,2024,11,4887558,4.18749892,,,,
9.932074117,0.05692802,0.002697636,1.878369654,0.005636097,0.000308987,0.235264425,0.024948691,0.011698265,2024,11,4360238,1.79869037,,,,
,,,9.252540345,0.052222311,0.003405212,0.773625018,0.015289756,0.008562263,2024,11,3045523,2.00230262,,,,
,,,12.79863932,0.053769512,0.005135648,1.324678916,0.015207404,0.008516146,2024,11,4429086,2.92080032,,,,
,,,5.968678617,0.030366472,0.003859502,0.468350268,0.007548952,0.004227413,2024,11,4361409,1.24688034,,,,
,,,14.11440993,0.120450895,0.008643437,1.070475741,0.017407731,0.009748329,2024,11,16733,3.20287192,,,,
,,,19.46058815,0.149877557,0.007543446,1.452261141,0.020130213,0.011272919,2024,11,3843945,4.29065795,,,,
,,,2.252457392,0.017906697,0.000796776,0.210695868,0.002418803,0.00135453,2024,11,4250764,0.54232988,,,,
,,,5.822640148,0.028606896,0.003635864,0.57002998,0.006543983,0.00366463,2024,11,4241374,1.32405064,,,,
24.98169817,0.137248873,0.008590438,7.910968551,0.020492437,0.001939016,1.093401131,0.056164894,0.026745456,2024,11,3139602,5.29816566,,,,
5.185981754,0.038751741,0.001255428,5.130793728,0.039743289,0.001264545,0.623246591,0.01236557,0.006109078,2024,11,4596334,2.11904251,,,,
4.654064526,0.017414074,0.001556334,10.21890068,0.042703779,0.003467504,0.913499837,0.033303645,0.017146676,2024,11,3676833,2.86912046,,,,
,,,21.72817679,0.231053224,0.010280945,2.465518465,0.037014315,0.020728016,2024,11,3924365,6.00473935,,,,
,,,24.65171767,0.130179256,0.00848848,2.138801463,0.020792232,0.01164365,2024,11,3043275,5.37928743,,,,
,,,12.89323177,0.07289811,0.004599052,1.209115526,0.024182311,0.013542094,2024,11,4426948,2.91857728,,,,
1.17685732,0.01039865,0.000463559,5.778140858,0.033300473,0.001795406,0.682817465,0.007520535,0.004003255,2024,11,16002,1.63722204,,,,
,,,14.71061511,0.100538795,0.007375091,1.397280307,0.020613329,0.011543464,2024,11,3128452,3.46378204,,,,
,,,33.39252575,0.166338624,0.008706076,3.639785707,0.041784987,0.023399593,2024,11,4576297,7.94878699,,,,
,,,2.404122377,0.012199213,0.000665293,0.219807653,0.004396153,0.002461846,2024,11,4569382,0.52993786,,,,
,,,13.12169155,0.10771422,0.004792852,0.89433611,0.016905997,0.009467358,2024,11,3115394,2.84388797,,,,
,,,6.225722249,0.033399566,0.001534757,0.821721837,0.005549578,0.003107763,2024,11,4429676,1.67560374,,,,
18.01392781,0.092936651,0.004330815,8.192307294,0.030610345,0.001540641,0.947193723,0.043286139,0.020711245,2024,11,4243004,4.33512926,,,,
1.529867317,0.009608145,0.00035701,26.12834626,0.159492111,0.006647527,2.266748168,0.050250081,0.027648534,2024,11,4431280,6.00720907,,,,
7.715420603,0.07478785,0.004676119,,,,,0.631932401,0.302547624,2024,11,4038524,10.45258484,222.1283163,0.682924375,0.065227653,0.967953382
1.477462321,0.010039687,0.000536776,16.7153905,0.11466263,0.003646034,1.357093125,0.032300002,0.017572187,2024,11,4382466,3.9016832,,,,
,,,3.775356114,0.026446798,0.001668496,0.430742451,0.004944953,0.002769173,2024,11,4690923,0.9648883,,,,
1.890881492,0.016988851,0.000998,9.000333281,0.064002184,0.004592733,0.763686038,0.02124888,0.011301857,2024,11,4569603,2.38221012,,,,
,,,9.354767733,0.048280601,0.002633019,0.83599105,0.013474651,0.007545805,2024,11,2310331,2.05168166,,,,
3.958858656,0.048260445,0.001661804,1.925556462,0.011629189,0.000489275,0.223842272,0.010072893,0.004808603,2024,11,15807,1.16657234,,,,
2.764007926,0.018804285,0.000865932,,,,,0.005216994,0.002399817,2024,11,4431545,0.39253968,,,,
,,,29.73419812,0.292593707,0.011061858,2.819351501,0.025893077,0.014500123,2024,11,4242392,7.54214103,,,,
4.487747017,0.024921796,0.001180964,10.3820586,0.049013421,0.002687055,1.109532806,0.012886976,0.006583676,2024,11,2983509,3.03503356,,,,
,,,14.8774683,0.100076606,0.003783517,1.170885605,0.023417712,0.013113919,2024,11,2973405,3.33539989,,,,
,,,10.3348882,0.019131127,0.001553428,0.895674264,0.017913485,0.010031552,2024,11,4426485,2.0274664,,,,
,,,1.894005793,0.015566091,0.000494969,0.225183652,0.002068099,0.001158135,2024,11,3052096,0.50670905,,,,
,,,10.57300631,0.052173877,0.00286032,0.745545043,0.014910901,0.008350104,2024,11,4567096,2.10530297,,,,
,,,31.28127312,0.237717557,0.008983615,2.271330033,0.037441414,0.020967192,2024,11,2991662,6.80278553,,,,
,,,17.58726901,0.123241735,0.005354496,1.429737863,0.028594757,0.016013064,2024,11,4429033,3.90735404,,,,
,,,13.43656236,0.082209385,0.003458795,0.827449403,0.013358526,0.007480774,2024,11,3930066,2.65667079,,,,
,,,13.33955114,0.118488997,0.003770061,0.856756032,0.016592419,0.009291755,2024,11,2971618,2.89103974,,,,
,,,14.15885806,0.066795557,0.002868376,1.039257846,0.019598223,0.010975005,2024,11,3118892,2.84022094,,,,
1.41296445,0.007408075,0.000896881,12.33157938,0.081230043,0.005531189,1.106470016,0.026650305,0.01447208,2024,11,4613104,2.99736709,,,,
2.068327534,0.02302989,0.000796168,,,,,0.00454347,0.002089996,2024,11,4372071,0.34254444,,,,
1.590639344,0.012099207,0.000418282,2.431266124,0.01556709,0.000692673,0.198123527,0.009344457,0.004694697,2024,11,4362477,0.91960148,,,,
3.145051717,0.01019464,0.000911117,3.196391677,0.019619214,0.001593061,0.484284939,0.010434031,0.005208487,2024,11,4431453,1.29217918,,,,
,,,15.24278663,0.147790594,0.004699435,1.550258387,0.024080568,0.013485118,2024,11,3921690,3.94434525,,,,
13.51106716,0.057403649,0.004836008,5.428554914,0.024953174,0.001280988,0.722636715,0.030662566,0.01471483,2024,11,3149687,3.09435419,,,,
,,,28.66275898,0.178767954,0.007450932,2.599784137,0.051357539,0.028760222,2024,11,4039057,6.49740518,,,,
,,,18.90806116,0.135376723,0.005695704,1.681420153,0.019302817,0.010809578,2024,11,4430802,4.37476826,,,,
,,,17.09916271,0.102123737,0.006442861,1.215736099,0.024314722,0.013616244,2024,11,4361577,3.52469003,,,,
2.447844402,0.009125798,0.000815593,,,,,0.009924579,0.004648257,2024,11,4383351,0.37586128,1.960714744,0.007413021,0.000652151,0.012829897
3.56198599,0.013707248,0.001552365,4.321865628,0.015044812,0.001103622,0.499816348,0.010336579,0.005187752,2024,11,4249836,1.50087964,,,,
14.67930845,0.08806633,0.005065903,7.11450694,0.033380226,0.002176594,0.883816215,0.050915794,0.024380599,2024,11,3928925,3.78602215,,,,
,,,5.64975468,0.035893305,0.001541352,0.55617456,0.011123491,0.006229155,2024,11,4035004,1.43000222,,,,
,,,15.21274885,0.094944721,0.006465062,1.274948437,0.025498969,0.014279422,2024,11,4427278,3.46022652,,,,
,,,7.346702286,0.02661606,0.001393071,0.730211224,0.014604224,0.008178366,2024,11,4360405,1.61139302,,,,
,,,8.202122875,0.041657224,0.004033329,0.908639471,0.01477014,0.008271278,2024,11,3918639,1.9707092,,,,
,,,37.66470157,0.16741402,0.008426069,2.686078963,0.028539327,0.015982023,2024,11,4036335,7.49095969,,,,
,,,25.42882391,0.119630015,0.006021066,1.774609914,0.035492198,0.019875631,2024,11,4372758,5.00849927,,,,
3.460490872,0.014889022,0.001254335,9.996587147,0.063567467,0.003263278,0.731159167,0.02520322,0.013055799,2024,11,4259305,2.53119553,,,,
,,,21.23374114,0.08556563,0.004690951,1.386858267,0.027737165,0.015532813,2024,11,4686422,4.00267444,,,,
,,,3.108522548,0.016181592,0.00205664,0.245566929,0.004911339,0.00275035,2024,11,4686104,0.65225092,,,,
,,,9.583357415,0.043133148,0.002364682,0.691862536,0.011950139,0.006692078,2024,11,15880,1.9198025,,,,
,,,22.73720354,0.146448668,0.007895826,1.858751853,0.021338597,0.011949614,2024,11,2975863,5.00362004,,,,
,,,27.2312053,0.189019416,0.010308317,2.757121861,0.031651946,0.01772509,2024,11,4426553,6.60035934,,,,
,,,15.24150161,0.075593225,0.004144235,1.262201655,0.014490161,0.00811449,2024,11,4426496,3.23235346,,,,
,,,12.34431848,0.067931865,0.003121565,1.030188708,0.012036781,0.006740597,2024,11,4039160,2.66529168,,,,
,,,9.441262679,0.055597814,0.002415564,1.080725275,0.013302706,0.007449515,2024,11,3050481,2.34872152,,,,
,,,6.886306396,0.037979422,0.002476489,0.557099648,0.011141993,0.006239516,2024,11,4692022,1.47201586,,,,
,,,8.904612299,0.074638739,0.003110894,0.92462033,0.010523896,0.005893382,2024,11,3911853,2.25762682,,,,
,,,5.159802272,0.042731823,0.001359633,0.323183474,0.006463669,0.003619655,2024,11,4241424,1.15155794,,,,
,,,5.202286538,0.025613634,0.001550839,0.39718213,0.00784615,0.004393844,2024,11,3047876,1.06561358,,,,
,,,2.130553215,0.013976897,0.000444436,0.194926771,0.003898535,0.00218318,2024,11,3115255,0.55349708,,,,
4.263467442,0.029974382,0.001874152,16.21351495,0.035577409,0.003398079,1.304844732,0.04002986,0.021023425,2024,11,4036211,3.76392827,,,,
,,,17.297468,0.115030404,0.004794392,1.864037719,0.021399279,0.011983596,2024,11,4360231,4.27015374,,,,
,,,2.054954696,0.009161732,0.000887056,0.199018684,0.003980374,0.002229009,2024,11,2580216,0.55619717,,,,
,,,9.088632292,0.05607543,0.003818339,1.013133067,0.011630836,0.006513268,2024,11,4361372,2.25336622,,,,
,,,9.056397197,0.08981721,0.004127227,0.624665989,0.009561452,0.005354413,2024,11,2998565,2.0670072,,,,
,,,4.48833423,0.033258256,0.001399274,0.414217985,0.004755251,0.00266294,2024,11,4241961,1.06019901,,,,
,,,17.8654983,0.071363793,0.005794669,1.293428689,0.025868574,0.014486401,2024,11,4692835,3.49146181,,,,
,,,5.541900764,0.045780651,0.003285174,0.675335034,0.005427024,0.003039134,2024,11,3052897,1.5048445,,,,
1.950742405,0.014946854,0.000688298,1.022017905,0.004586052,0.000582876,0.08510618,0.007881935,0.003795903,2024,11,4428532,0.49473839,,,,
,,,13.35813993,0.125412256,0.004739471,1.393270033,0.015994834,0.008957107,2024,11,4244049,3.47354469,,,,
,,,6.962218674,0.04863517,0.002113057,0.831671619,0.011598458,0.006495137,2024,11,3127310,1.81124635,,,,
0.741146906,0.003485185,0.000115,5.64475027,0.035304098,0.000797241,0.552245701,0.013747558,0.007428368,2024,11,4427575,1.50499051,,,,
,,,4.555398106,0.036780246,0.001888139,0.430585865,0.004943155,0.002768167,2024,11,4373030,1.1051773,,,,
,,,4.884895238,0.035179973,0.00151072,0.516261896,0.005926722,0.003318964,2024,11,4258248,1.21237137,,,,
,,,2.817347633,0.017840438,0.000961873,0.192698199,0.003853964,0.00215822,2024,11,2578533,0.5791849,,,,
,,,21.61746237,0.097783336,0.004921506,1.487152415,0.029743048,0.016656107,2024,11,3127306,4.21291547,,,,
,,,2.651214008,0.008764905,0.000458751,0.25730126,0.004710932,0.002638122,2024,11,4243160,0.66867367,,,,
,,,2.25032062,0.017160014,0.000545653,0.177790741,0.002865662,0.001604771,2024,11,3122168,0.50374025,,,,
,,,6.525057498,0.074349488,0.002365639,0.560443783,0.006433933,0.003603002,2024,11,4241263,1.65674153,,,,
,,,4.685076354,0.014093576,0.00073765,0.50354208,0.007723278,0.004325036,2024,11,2971281,1.0496404,,,,
,,,8.054501969,0.082679574,0.005933004,0.828376742,0.009509821,0.0053255,2024,11,4365395,2.13137019,,,,
,,,12.72592685,0.106970192,0.002415614,1.4128184,0.016219251,0.009082781,2024,11,4360086,3.3143263,,,,
,,,3.298066988,0.013505705,0.000562909,0.532260944,0.003594676,0.002013018,2024,11,2515270,0.94029645,,,,
,,,6.000802603,0.044965683,0.002066236,0.514096963,0.005901868,0.003305046,2024,11,4722908,1.3816497,,,,
,,,1.827118508,0.0123747,0.000780705,0.211332476,0.003450407,0.001932228,2024,11,4048228,0.46608068,,,,
5.553494132,0.02946687,0.000869363,4.546790384,0.025105883,0.001153651,0.304062279,0.023240955,0.011298964,2024,11,4061956,1.64167369,,,,
,,,1.024503817,0.006160537,0.000500229,0.102779692,0.001179918,0.000660754,2024,11,4360967,0.24190339,,,,
,,,4.548273528,0.014340625,0.001356925,0.516751985,0.005932348,0.003322115,2024,11,4040612,1.05384931,,,,
,,,1.937684304,0.007023624,0.000353504,0.234263659,0.001977653,0.001107486,2024,11,3929914,0.46871807,,,,
,,,4.110414465,0.032531217,0.00135588,0.474934187,0.005452277,0.003053275,2024,11,4383440,1.07791215,,,,
,,,6.98524314,0.050246476,0.003042294,0.698269354,0.00801618,0.004489061,2024,11,3120303,1.69559079,,,,
,,,4.763697863,0.005442291,0.000514955,0.440889058,0.008817781,0.004937957,2024,11,4245131,0.94129939,,,,
,,,2.228475634,0.014343759,0.000782248,0.23234667,0.002667356,0.001493719,2024,11,4239944,0.53990405,,,,
,,,8.32304689,0.098236233,0.003713939,0.769646135,0.00883559,0.00494793,2024,11,4608362,2.18913364,,,,
,,,7.222322259,0.05277547,0.001191782,0.811116092,0.009311668,0.005214534,2024,11,2576399,1.84220163,,,,
,,,4.732433554,0.03374616,0.002297874,0.503513594,0.00578037,0.003237007,2024,11,4044144,1.17750804,,,,
,,,9.987237708,0.065088297,0.003509256,0.826111935,0.009483821,0.00531094,2024,11,4259147,2.21201232,,,,
,,,13.72213803,0.040957417,0.003911936,1.249691567,0.024993831,0.013996546,2024,11,4426399,2.84814065,,,,
,,,3.683707668,0.023425612,0.000529,0.372177167,0.007443543,0.004168384,2024,11,4362617,0.87401964,,,,
,,,4.969981636,0.032544148,0.001754628,0.413055967,0.004741911,0.00265547,2024,11,4360290,1.10364273,,,,
,,,78.27099455,0.476904973,0.017016215,6.829346744,0.073607282,0.041220078,2024,12,4374302,17.47141231,,,,
,,,92.50810377,0.471539526,0.01443626,5.968313153,0.094612974,0.052983265,2024,12,4262921,17.97376268,,,,
74.3329449,0.603785049,0.01434374,24.07453003,0.171950553,0.006135284,2.62576572,0.111480654,0.052939015,2024,12,4429795,17.05895284,,,,
54.48548903,0.213777541,0.007870948,,,,,0.554472566,0.263784018,2024,12,3916387,23.05802851,243.4334728,1.999712717,0.077022299,0.533116941
102.732458,0.934915445,0.034422096,9.477269908,0.064968695,0.002502379,1.103231506,0.20388037,0.094843083,2024,12,3043078,18.21305392,,,,
82.96766881,0.504456482,0.021219595,15.1409785,0.045029623,0.003751813,1.899553508,0.166658955,0.078159798,2024,12,4242335,14.90535609,,,,
80.42657053,0.531164084,0.038783064,17.61279356,0.107874928,0.007053918,2.592256353,0.182408666,0.086163736,2024,12,4047365,16.15459133,,,,
66.71287436,0.566954814,0.030377072,34.43073337,0.257562124,0.015523219,4.13451777,0.0934471,0.045133558,2024,12,4429160,19.2055355,,,,
,,,60.74992279,0.159338771,0.016531538,6.710932522,0.061633568,0.034514798,2024,12,4432665,13.70761691,,,,
,,,51.5539748,0.297989901,0.016071127,4.598997909,0.049932995,0.027962477,2024,12,3040151,11.5198721,,,,
,,,53.99957675,0.320429038,0.024054586,5.550860099,0.05267785,0.029499596,2024,12,4361307,12.86389398,,,,
3.111631693,0.028244524,0.003103321,73.17180949,0.35166462,0.062594573,5.896606454,0.103502411,0.057115363,2024,12,4595348,15.8243005,,,,
48.70003873,0.486559988,0.016974484,,,,,0.411355175,0.195674831,2024,12,4426348,22.57190082,256.2995056,1.389848773,0.101990954,0.443139754
,,,70.68634357,0.646856507,0.029562357,5.121371524,0.072228772,0.040448112,2024,12,16737,16.05128141,,,,
5.270267053,0.042779187,0.002292081,66.60671559,0.46009329,0.027729732,4.752526872,0.070493853,0.038427181,2024,12,3116406,14.94854455,,,,
,,,73.54295089,0.393485533,0.022405665,5.594381105,0.087333557,0.048906792,2024,12,4258173,15.25889114,,,,
92.91677431,0.621620021,0.02699065,21.46524042,0.12671189,0.015987578,2.407715764,0.157966655,0.074289229,2024,12,3929630,18.2774567,,,,
,,,88.03459736,0.360356669,0.045467166,5.356232991,0.100389622,0.056218188,2024,12,4047646,16.3029827,,,,
66.34983541,0.294739592,0.013579764,25.44092633,0.166699872,0.005103544,2.679925527,0.170193947,0.081010157,2024,12,3042519,14.50747879,,,,
80.29604874,0.829106448,0.031,20.22020857,0.169202942,0.009634673,2.702169433,0.111929571,0.052804929,2024,12,3116385,18.72226299,,,,
,,,43.09846762,0.368617721,0.01315247,3.901782813,0.031354912,0.017558751,2024,12,4430027,10.41535134,,,,
2.637491517,0.012076938,0.000766316,74.21275606,0.299425131,0.013307021,6.118875446,0.118270554,0.065357776,2024,12,4426515,15.57346374,,,,
1.886419209,0.015505413,0.000540933,64.66076877,0.34579647,0.025375503,4.369391615,0.076742174,0.042469591,2024,12,3121422,13.1608434,,,,
,,,77.33167887,0.344146845,0.01862428,5.436151387,0.102972198,0.057664431,2024,12,4047650,15.15883804,,,,
3.841138387,0.025478273,0.000938069,65.31585377,0.45254113,0.017430383,4.226591359,0.057734327,0.031638961,2024,12,4429615,13.98538997,,,,
67.59801608,0.400911289,0.026010865,17.70370605,0.096940677,0.004430341,2.39663808,0.126619467,0.060238804,2024,12,4596448,13.88464814,,,,
66.99049671,0.42168455,0.026757066,15.97043059,0.125787882,0.005590252,2.805842845,0.221426384,0.104765673,2024,12,4430737,14.24777746,,,,
2.038526428,0.015150262,0.00050876,73.6620185,0.435130434,0.018173806,4.452486273,0.095343463,0.052762965,2024,12,4426354,14.65858414,,,,
2.463992338,0.020957211,0.0014,53.17292695,0.200118328,0.026611917,4.167522593,0.054190117,0.029757201,2024,12,3915416,11.05560519,,,,
,,,60.47682379,0.423254411,0.014985232,6.501135383,0.101971158,0.057103848,2024,12,15847,15.006801,,,,
,,,55.42923298,0.416696309,0.031281364,4.149693538,0.082993871,0.046476568,2024,12,4432708,12.16459428,,,,
17.99177609,0.126967051,0.00823754,,,,,0.545128995,0.260640553,2024,12,3052587,18.48879355,244.5502707,1.978284639,0.090410711,0.728875573
,,,62.59297764,0.317962903,0.017207278,5.59828348,0.087891183,0.049219063,2024,12,4430878,13.70365709,,,,
83.06701983,0.812072921,0.028330563,12.75834077,0.05558396,0.004078905,1.384055965,0.143866982,0.067211904,2024,12,4241474,16.10672644,,,,
1.253491131,0.006538496,0.000414886,63.86754501,0.378401343,0.016816874,6.47096646,0.111319032,0.061934084,2024,12,2977187,15.20624446,,,,
57.63322596,0.566310637,0.037894575,19.56875377,0.068284052,0.009080475,2.549037003,0.18604367,0.088066328,2024,12,4259545,13.99953455,,,,
1.578070877,0.009648557,0.000444545,54.39825117,0.281886233,0.008629993,3.380686815,0.058472802,0.03234654,2024,12,4429205,10.68252576,,,,
20.00058319,0.102217486,0.003342235,,,,,0.349582814,0.16710115,2024,12,3139477,17.24653538,237.2033193,1.800549098,0.063748056,0.933187652
39.23865508,0.835362371,0.036271312,,,,,0.555848127,0.263835388,2024,12,4040715,20.37316804,225.8824498,0.933010025,0.117720373,0.562611189
38.5412371,0.40190846,0.017412557,,,,,0.550363943,0.262502993,2024,12,3917315,18.97044023,207.0244094,1.417188048,0.106388211,0.490989177
,,,32.03868843,0.318056574,0.012250484,2.804772168,0.035060587,0.019633928,2024,12,3116365,7.90313757,,,,
20.61846656,0.168293851,0.006354465,14.1579792,0.032374938,0.001752043,2.345319349,0.030893914,0.015201159,2024,12,4426385,7.01360336,,,,
52.62684145,0.223592436,0.014506532,27.3127179,0.159799069,0.007303068,3.657684377,0.131744433,0.063909538,2024,12,4697815,13.87126947,,,,
78.89646972,0.421392099,0.014150752,15.65197947,0.083564305,0.003490175,1.910392394,0.106276923,0.049979605,2024,12,4241457,14.33310638,,,,
8.837744104,0.116986586,0.004984871,54.69184685,0.192992008,0.010408404,3.944174054,0.090287521,0.047561409,2024,12,3126486,12.10980403,,,,
,,,68.65905246,0.336430508,0.014306484,4.825394806,0.096507896,0.054044422,2024,12,4612826,13.63295722,,,,
,,,53.09383881,0.242466327,0.007423146,4.602989055,0.049430349,0.027680996,2024,12,4036133,11.3279572,,,,
17.79324624,0.116581611,0.005371354,,,,,0.643334782,0.307306271,2024,12,3912547,16.99869747,278.9187692,1.448867923,0.044357328,0.967082052
,,,56.2775665,0.507034451,0.017212217,4.691042064,0.089405256,0.050066944,2024,12,3128429,13.29765397,,,,
76.76399354,0.278902255,0.00863263,16.40012195,0.068111807,0.001397693,2.792816312,0.114355968,0.054170125,2024,12,3916148,14.10605063,,,,
8.805091495,0.035552743,0.003874356,75.06492253,0.255953857,0.018302362,6.126273079,0.118805328,0.064392579,2024,12,4241389,16.18102036,,,,
64.50304834,0.547097613,0.030588435,16.72127675,0.120020657,0.007297007,2.784876185,0.267966066,0.127201678,2024,12,4569173,14.73846584,,,,
,,,48.08329851,0.279434224,0.016841446,3.885258503,0.048532679,0.0271783,2024,12,3054212,10.35080399,,,,
7.983677707,0.056444745,0.004121326,49.09138589,0.307969597,0.020138064,3.992816106,0.102465222,0.055119634,2024,12,4362249,11.86400579,,,,
3.085600227,0.016716493,0.000517412,58.38407427,0.320009388,0.006566773,3.621316206,0.073212593,0.040083561,2024,12,3925357,11.72457219,,,,
4.574401017,0.035683643,0.000848,55.061344,0.319434793,0.011397598,2.976003814,0.069668503,0.03775998,2024,12,4426388,11.02110217,,,,
83.98882702,0.747492714,0.032384885,18.5081844,0.098966896,0.007429438,2.341035474,0.208146951,0.098135444,2024,12,3045147,17.55834803,,,,
47.16959251,0.565066852,0.016823321,23.02177544,0.107879251,0.004587494,3.136259613,0.082963233,0.039880575,2024,12,4241985,14.15832351,,,,
64.69776967,0.675350707,0.025499994,23.27670092,0.086484217,0.004680288,3.58877255,0.087550618,0.041950248,2024,12,4567048,16.93599922,,,,
4.754109303,0.046910831,0.001114431,,,,,0.417889947,0.20003494,2024,12,3046779,15.68608373,253.2052609,1.648268462,0.058811067,0.761448794
,,,49.62769345,0.174331142,0.023182713,4.449149564,0.084784036,0.04747906,2024,12,15818,10.41155107,,,,
73.97784805,0.480104193,0.0528,14.4886381,0.077334701,0.013765196,1.953794074,0.287107613,0.135238751,2024,12,4360516,14.01528894,,,,
,,,52.29689932,0.254265596,0.025474653,3.401303523,0.063913568,0.035791598,2024,12,4241463,10.13763914,,,,
62.40794726,0.201764558,0.021987267,18.10809239,0.075541873,0.005401734,2.501322449,0.11278904,0.053677121,2024,12,4038815,12.16716476,,,,
,,,48.85742342,0.233625352,0.012599832,4.527126843,0.082976604,0.046466898,2024,12,3886598,10.74907717,,,,
7.439745385,0.049018473,0.002088708,0.793200707,0.003651488,0.000196931,0.118280325,0.015493479,0.007226852,2024,12,4372561,1.29115275,,,,
25.43144161,0.278604271,0.010720076,,,,,0.30464561,0.145355423,2024,12,4426338,17.71476993,207.231268,1.647055256,0.055912318,0.614032772
1.223699312,0.008335975,0.000696987,52.0343438,0.158127326,0.01640585,5.50289669,0.100512451,0.055899704,2024,12,3916433,11.75253907,,,,
1.657485818,0.019557543,0.00104788,49.53691656,0.253468837,0.015276517,3.774596663,0.069216724,0.038288039,2024,12,4372016,10.4900979,,,,
14.98330241,0.179757543,0.005351789,,,,,0.513389869,0.245390598,2024,12,4038941,17.95574251,278.8358163,1.403199751,0.05967014,0.520093653
8.541973153,0.108486092,0.007921136,,,,,0.512565078,0.245333788,2024,12,4036378,14.8196944,227.5247021,1.660815229,0.108600341,1.092801925
6.681927717,0.071764212,0.002346495,45.57161381,0.348791406,0.012348885,3.135127288,0.084581356,0.045177679,2024,12,4683062,10.82508255,,,,
,,,47.14166988,0.282077113,0.028261065,4.356853377,0.050823042,0.028460903,2024,12,3123076,10.76442737,,,,
,,,52.40321709,0.120969503,0.010079031,3.976392511,0.074527852,0.041735597,2024,12,4035687,9.88118611,,,,
,,,43.72379291,0.384813608,0.013624244,3.988151619,0.077869022,0.043606653,2024,12,15795,10.61150574,,,,
63.61032991,0.442617708,0.022765551,17.88162368,0.065640556,0.004100367,3.264801811,0.20642334,0.098244199,2024,12,4241416,14.32623819,,,,
13.00835863,0.080192409,0.003000988,,,,,0.48263497,0.230879541,2024,12,4432577,13.9579791,232.9249489,1.112695596,0.063358581,0.637735806
52.30263965,0.205613867,0.006904712,18.11506904,0.074506646,0.00311187,2.27007662,0.136760231,0.065425547,2024,12,4569987,10.93541036,,,,
40.16069707,0.244631977,0.009412897,18.86500859,0.10423665,0.003538505,3.021725711,0.125568972,0.060614867,2024,12,4361579,10.92549911,,,,
66.67434178,0.7808074,0.018549148,19.30699556,0.07847446,0.002800009,2.359316145,0.156055963,0.073826333,2024,12,4035538,16.01230869,,,,
,,,42.20823478,0.331267234,0.024309307,3.877519498,0.03619567,0.020269575,2024,12,15835,10.09497984,,,,
,,,36.38753545,0.196093379,0.012249361,4.33517315,0.072928178,0.04083978,2024,12,16460,9.09523213,,,,
3.778420051,0.02589335,0.00096899,51.23146932,0.198113443,0.011280881,4.139059531,0.082487859,0.04495333,2024,12,4366031,10.94500148,,,,
,,,51.5542632,0.162536815,0.013542368,4.459100354,0.044920353,0.025155398,2024,12,4688813,10.61599186,,,,
,,,43.70086571,0.364842173,0.022181648,4.444888605,0.041275447,0.02311425,2024,12,3046439,11.00325501,,,,
1.342365282,0.012382228,0.000828555,53.35029767,0.188598563,0.025080008,3.848352989,0.082051747,0.045440509,2024,12,4431299,10.48660614,,,,
0.00841402,,,28.74578772,0.202780664,0.013259783,2.783936837,0.037455914,0.02063012,2024,12,4572680,6.86229032,,,,
85.99761771,0.850132428,0.027797027,14.02090112,0.102440587,0.003626887,2.034044698,0.119729445,0.056155742,2024,12,3059915,17.70503302,,,,
77.05005978,0.479778415,0.020443656,37.45839741,0.198139865,0.010686037,4.948031813,0.148567923,0.071702125,2024,12,3117251,20.38916635,,,,
,,,46.24333665,0.414980462,0.018965258,4.616515574,0.090064824,0.050436302,2024,12,4243331,11.67016592,,,,
,,,24.1261898,0.140749554,0.005878594,2.226437294,0.02816762,0.015773867,2024,12,4361411,5.46450705,,,,
22.11870653,0.062041794,0.011051792,11.26600822,0.038246277,0.003831862,1.665802036,0.034891494,0.016895598,2024,12,4372019,5.60290205,,,,
1.179005138,0.012768028,0.000380133,59.10591559,0.322529469,0.013715352,3.540245165,0.060786041,0.033667809,2024,12,4429025,11.54297957,,,,
6.968246117,0.070804176,0.003793642,,,,,0.597001207,0.285876312,2024,12,4241479,17.00408903,265.3399682,1.7571323,0.105902018,0.711553633
,,,47.67565636,0.43527442,0.028462498,3.058986828,0.043142127,0.024159591,2024,12,4248528,10.4479448,,,,
68.78862108,0.259432248,0.0462,11.13615319,0.036178389,0.003624682,1.376570714,0.091633826,0.042914736,2024,12,3128720,11.15894986,,,,
37.12582657,0.330648829,0.013908503,,,,,0.837293625,0.398966563,2024,12,4429084,14.90928362,218.3164006,0.756598811,0.063038887,0.962142469
16.4314774,0.160193527,0.005379453,,,,,0.384042305,0.183487398,2024,12,14881,14.58281198,213.6268419,1.2108635,0.050453749,0.582428101
,,,52.3481231,0.174746907,0.022048285,4.476549664,0.055579093,0.031124292,2024,12,3121023,10.7431614,,,,
,,,39.8910396,0.207965379,0.011254514,3.740041132,0.061558926,0.034472999,2024,12,2577327,8.9321264,,,,
24.88225783,0.298515443,0.010414226,25.2976054,0.123559331,0.009067126,2.604858396,0.102285494,0.050446102,2024,12,3068267,10.13219488,,,,
3.906882734,0.020365295,0.001321287,31.74732272,0.269695338,0.0123255,2.444460482,0.05980259,0.032398112,2024,12,4430834,7.72035547,,,,
32.02776152,0.220273618,0.024202205,10.23339147,0.0239061,0.004255168,1.436024849,0.101321857,0.048315467,2024,12,4040761,7.09017827,,,,
23.33183012,0.326919114,0.009733123,2.103364747,0.007789483,0.000331243,0.258531009,0.052102533,0.024160747,2024,12,3051926,4.78348332,,,,
21.70007411,0.176532594,0.006665544,,,,,0.549897249,0.262914652,2024,12,15864,16.22983529,264.0572057,1.201003184,0.064994988,0.998840204
24.48267416,0.031218834,0.002089003,,,,,0.461357774,0.220361372,2024,12,4431611,12.69266442,214.1589397,0.779409939,0.10364664,0.704920942
,,,33.48425923,0.111972275,0.006375872,3.407893463,0.037092019,0.020771531,2024,12,3117256,7.40033972,,,,
,,,40.84611045,0.309635111,0.020246972,3.455435258,0.069108705,0.038700875,2024,12,4361432,9.36277316,,,,
,,,16.36204518,0.195144951,0.007516336,1.131150354,0.021043247,0.011784218,2024,12,3932905,3.93024441,,,,
0.871917596,0.006933164,0.00076177,46.38500318,0.104415015,0.018585359,4.829028013,0.049968807,0.027850346,2024,12,4569587,10.20712273,,,,
20.7254927,0.220439148,0.011810987,7.800902588,0.051228975,0.00308756,0.961553093,0.075081354,0.035875698,2024,12,2576414,5.40422706,,,,
1.451869933,0.030707958,0.001948506,,,,,0.446312816,0.213938413,2024,12,12483,12.58665659,223.9920073,1.311984199,0.058307069,0.827394783
,,,22.86310417,0.135728116,0.002785218,2.282790645,0.026255784,0.014703239,2024,12,4360635,5.36032972,,,,
29.33051823,0.152503516,0.012751115,13.87469819,0.05772165,0.005988672,2.11065603,0.093151632,0.044723949,2024,12,2576336,7.69904168,,,,
,,,24.45364961,0.09591705,0.012755136,2.703330854,0.031340687,0.017550785,2024,12,4258595,5.71543482,,,,
19.58644102,0.122151291,0.006282716,9.281355537,0.046901318,0.002929784,1.429818994,0.057487804,0.027617123,2024,12,4678008,5.29562306,,,,
,,,33.31259897,0.271479726,0.005570917,2.493833102,0.041911625,0.02347051,2024,12,3929785,7.41927617,,,,
14.08538235,0.07359106,0.004669559,1.412166036,0.0086041,0.000382383,0.262607007,0.035180967,0.016404937,2024,12,4429096,2.32080773,,,,
3.72486905,0.02084464,0.001072121,35.89710015,0.197665085,0.012347541,3.565990531,0.085874268,0.046634144,2024,12,4430034,8.78174375,,,,
,,,28.87519399,0.317941621,0.012246056,2.242240126,0.025168855,0.014094559,2024,12,4361050,7.03437825,,,,
27.1069373,0.112101668,0.006267647,,,,,0.619422254,0.296014885,2024,12,4431452,14.97498604,216.6923244,1.236758671,0.075192363,0.805157805
,,,54.90528172,0.288365845,0.028891128,3.719374658,0.059949536,0.03357174,2024,12,4369863,10.93232068,,,,
,,,45.56393203,0.147257416,0.008952946,4.136988134,0.082739763,0.046334267,2024,12,4427095,9.50434719,,,,
21.56306946,0.112633407,0.012274211,6.694187776,0.033116587,0.002368051,1.059160643,0.059097934,0.028230061,2024,12,3051392,4.73377073,,,,
10.23591055,0.063586174,0.002709446,0.793283862,0.002806571,0.000151363,0.119234098,0.022093738,0.010276336,2024,12,4360569,1.60626216,,,,
,,,24.14550754,0.148490945,0.006201924,1.564447022,0.022064028,0.012355856,2024,12,3045138,4.85821818,,,,
,,,42.573603,0.28457312,0.010960812,2.768692841,0.045388512,0.025417567,2024,12,4360939,8.70577835,,,,
,,,44.20185385,0.173718024,0.007387244,4.369630225,0.04489731,0.025142494,2024,12,3127292,9.79780125,,,,
12.14512086,0.065646755,0.002417009,21.7785738,0.138510311,0.005334958,2.51315133,0.037894282,0.019297094,2024,12,4038441,7.15880617,,,,
16.33377317,0.079969508,0.004471126,4.949879784,0.028946326,0.001759877,0.766531309,0.052282934,0.024893849,2024,12,4360294,3.52833399,,,,
18.68693435,0.096159978,0.003700023,2.902081976,0.01778681,0.000603806,0.520299688,0.042376757,0.019937437,2024,12,4722893,3.33273083,,,,
36.31507788,0.240195205,0.010406381,6.463398685,0.04082275,0.003064561,0.883593862,0.092098587,0.043289351,2024,12,4429275,6.79034243,,,,
,,,44.01136609,0.136011476,0.013626874,3.517783513,0.065522296,0.036692486,2024,12,4372414,8.69058575,,,,
,,,29.06753008,0.116452434,0.006280488,2.535441823,0.050708836,0.028396948,2024,12,4428209,6.09801452,,,,
12.8844676,0.07543501,0.003879916,,,,,0.415945209,0.199025012,2024,12,4685720,10.81532345,184.1534611,0.918387262,0.057368879,0.850424212
6.227215138,0.031097166,0.00119655,14.35732006,0.0923063,0.003133507,1.176668861,0.045754206,0.023400272,2024,12,4686472,4.03890503,,,,
18.1737582,0.05759644,0.001782735,,,,,0.613694324,0.29323087,2024,12,4361418,11.70153078,188.6648311,1.137799189,0.023348282,1.019606987
31.98715992,0.139665157,0.0064349,8.034350038,0.039732528,0.001216418,0.938641872,0.082555825,0.038876963,2024,12,4240021,6.00929984,,,,
,,,18.41492042,0.14316099,0.005068584,1.962453009,0.015770366,0.008831405,2024,12,4240472,4.65580175,,,,
,,,27.86316381,0.210344776,0.009348121,2.588179174,0.051763583,0.028987607,2024,12,3043116,6.59865324,,,,
14.75472375,0.085076507,0.007113412,1.700815855,0.007472249,0.000775252,0.262537092,0.039448888,0.018368122,2024,12,4430104,2.44346867,,,,
11.92284665,0.039019626,0.006950747,,,,,0.516720895,0.247222727,2024,12,2969939,13.62196123,238.2693847,1.164993641,0.116719718,0.880853311
,,,36.78187912,0.126871516,0.010570779,2.26782574,0.041134681,0.023035421,2024,12,4360078,6.68339946,,,,
,,,37.08625581,0.181315914,0.007710339,2.77990017,0.04913427,0.027515191,2024,12,4242433,7.53810753,,,,
,,,21.21910798,0.152425314,0.009967058,1.464449137,0.029288983,0.01640183,2024,12,4428850,4.48881628,,,,
5.597040718,0.066876097,0.002245764,,,,,0.031021501,0.014491474,2024,12,4362887,1.15912969,3.844261865,0.021789754,0.001029668,0.010572186
,,,34.53137986,0.259075084,0.019448749,2.986503831,0.056920829,0.031875664,2024,12,4360761,7.97073849,,,,
,,,32.57691944,0.148077451,0.010588499,2.890591454,0.056389677,0.031578219,2024,12,4249417,6.99625666,,,,
3.619751644,0.024040892,0.002010106,37.76477904,0.064829271,0.006726094,3.029894697,0.05949951,0.032253412,2024,12,4428718,7.66214161,,,,
20.38496828,0.287124025,0.019212853,6.154660524,0.015702824,0.002088176,0.903225516,0.041856664,0.019793778,2024,12,4426386,5.37826799,,,,
35.12122123,0.193744974,0.007454878,8.077245593,0.052062219,0.001767348,1.224862186,0.083030683,0.039228142,2024,12,4569682,6.96173019,,,,
14.83087974,0.115468772,0.005013637,6.121531145,0.016416903,0.002071365,0.747944427,0.042944108,0.020481755,2024,12,4371733,3.64299106,,,,
,,,7.408799494,0.063655447,0.002828969,0.92506208,0.00849582,0.004757659,2024,12,4242557,2.04424173,,,,
5.778806226,0.033798377,0.002192817,21.2535148,0.18591496,0.008496605,1.836296246,0.042547098,0.022514602,2024,12,2976592,5.83528001,,,,
,,,43.47188711,0.197171865,0.011987641,3.521009194,0.070420184,0.039435303,2024,12,4429022,8.99819377,,,,
1.540830653,0.009576221,0.000402817,23.12293751,0.084162931,0.007012352,1.680835343,0.038820072,0.021218904,2024,12,4597500,4.6830656,,,,
0.808933395,0.007144787,0.000785022,41.47060044,0.167281336,0.029775255,3.090317487,0.064430676,0.035818746,2024,12,3916945,8.35600867,,,,
4.833861746,0.028700827,0.003127669,,,,,0.838736457,0.401785514,2024,12,2972515,12.44622547,244.0839391,1.029591067,0.073763131,0.731719037
,,,6.138666705,0.040483929,0.002461339,0.566331345,0.011326627,0.006342911,2024,12,4430637,1.41563725,,,,
3.120847621,0.019741462,0.00083041,2.856244189,0.008599724,0.000716519,0.451612405,0.005200763,0.002582977,2024,12,4241401,1.21743401,,,,
,,,46.2866472,0.17815782,0.013073714,3.126007431,0.050883014,0.028494488,2024,12,3121409,8.79412152,,,,
27.37818086,0.192633147,0.010321159,1.913881674,0.011234806,0.00067712,0.242145295,0.042801551,0.019852249,2024,12,4682745,4.37797933,,,,
,,,36.05342009,0.205944748,0.014726386,3.637530849,0.041759101,0.023385096,2024,12,4372096,8.46232793,,,,
13.22529142,0.08930371,0.002919989,1.802440428,0.011487246,0.000406704,0.242610818,0.060202024,0.028142205,2024,12,4714365,2.33266473,,,,
,,,11.58124558,0.080035149,0.002833627,1.159611445,0.023192229,0.012987648,2024,12,3120348,2.77825085,,,,
3.700957935,0.021134576,0.000691043,16.61091806,0.099363948,0.003517959,2.121142721,0.023240235,0.012366327,2024,12,3116389,4.85961881,,,,
,,,20.6740361,0.093110014,0.006832671,1.4439801,0.028879602,0.016172577,2024,12,3917914,4.10040834,,,,
26.1907246,0.18857007,0.020718829,,,,,0.465716603,0.222359722,2024,12,4240391,15.24290393,230.2315097,0.969959919,0.172648096,0.77550171
,,,18.68214775,0.128104205,0.004570824,1.350070124,0.019040584,0.010662727,2024,12,3134353,3.97522912,,,,
12.8450342,0.119984528,0.004185867,1.933841256,0.007799456,0.000572346,0.221885318,0.017715994,0.008280478,2024,12,3127586,2.45990024,,,,
,,,23.77732514,0.101201827,0.00422683,1.407557547,0.028151151,0.015764645,2024,12,4243389,4.45997424,,,,
,,,6.457749418,0.025497189,0.001133144,0.632055109,0.01079152,0.006043251,2024,12,4360797,1.42127797,,,,
,,,27.61932061,0.200083931,0.006792217,2.835075349,0.056701507,0.031752844,2024,12,4569559,6.74908374,,,,
,,,25.00027813,0.126490619,0.002595659,2.614477284,0.041597988,0.023294874,2024,12,3045144,5.83314838,,,,
,,,35.3015708,0.197281335,0.035115107,3.262076943,0.037448864,0.020971364,2024,12,4429148,8.00519952,,,,
16.87038243,0.100754026,0.007356578,4.312436848,0.024558943,0.001605904,0.696989141,0.041023117,0.019485061,2024,12,4887558,3.54718972,,,,
7.052219952,0.049827381,0.001864658,1.44891312,0.00471407,0.000268426,0.246824362,0.02072286,0.00976508,2024,12,4360238,1.4350675,,,,
,,,25.77319164,0.169005559,0.010275188,2.571815766,0.05049338,0.028276293,2024,12,3045523,6.12849807,,,,
,,,17.26165358,0.075582332,0.007841734,1.835981269,0.021077189,0.011803226,2024,12,4429086,4.00827384,,,,
,,,21.39014167,0.095843237,0.012092798,1.493971307,0.024080093,0.013484852,2024,12,4361409,4.20589679,,,,
,,,16.41088426,0.14152218,0.008529514,1.135828682,0.018435708,0.010323996,2024,12,16733,3.62294782,,,,
,,,5.079470653,0.033594528,0.001428585,0.445290138,0.005111961,0.002862698,2024,12,4250764,1.15207115,,,,
,,,8.124177359,0.03681444,0.004644976,0.725700014,0.008331085,0.004665408,2024,12,4241374,1.75918373,,,,
4.156306696,0.020250998,0.001313872,3.944065819,0.018626446,0.000851258,0.513715089,0.008997267,0.004485685,2024,12,4430871,1.57959274,,,,
,,,4.850580933,0.017766437,0.003162338,0.34683098,0.00693662,0.003884507,2024,12,4692590,0.93722636,,,,
2.93668673,0.01132563,0.001234209,15.64012437,0.067522606,0.004828305,1.33594186,0.035683652,0.019086364,2024,12,3676833,3.77922279,,,,
,,,23.05128103,0.125441716,0.007626596,2.399077259,0.023233622,0.013010828,2024,12,3043275,5.44669919,,,,
,,,15.5305025,0.089149826,0.006542061,1.168885138,0.023377703,0.013091514,2024,12,4426948,3.24435344,,,,
1.027273996,0.008647219,0.000368463,6.372717296,0.029918597,0.001613563,0.941044645,0.009415227,0.005077857,2024,12,16002,1.90649541,,,,
,,,15.20334577,0.117865857,0.01180888,1.460725343,0.021476627,0.012026911,2024,12,3128452,3.688386,,,,
,,,29.4694774,0.151392558,0.008192949,3.173781183,0.036435223,0.020403725,2024,12,4576297,7.00562272,,,,
,,,2.079995223,0.011787673,0.000523867,0.223178914,0.004463578,0.002499604,2024,12,4569382,0.4980706,,,,
,,,5.006906266,0.035596003,0.001626793,0.402765243,0.008055305,0.004510971,2024,12,4426407,1.16579358,,,,
,,,2.954099805,0.013849286,0.001153906,0.447418713,0.003021685,0.001692144,2024,12,4429676,0.86625863,,,,
1.628619735,0.009762725,0.000375648,22.35995559,0.186136547,0.006318747,1.863341784,0.042822043,0.023424823,2024,12,4431280,5.40526209,,,,
5.392563697,0.053193959,0.00444765,,,,,0.609744679,0.292003792,2024,12,4038524,10.03104039,223.7157846,0.644285126,0.066845151,0.963904819
1.494394507,0.009947098,0.0004583,23.15477374,0.119989254,0.003673491,1.455275949,0.034046893,0.018572123,2024,12,4382466,4.67484787,,,,
,,,24.55072806,0.064280091,0.004015383,2.162813687,0.041414593,0.023192172,2024,12,4212909,4.96630546,,,,
,,,2.373272755,0.015655789,0.001148865,0.208531523,0.002393956,0.001340615,2024,12,4690923,0.53947303,,,,
9.408968231,0.088799233,0.00378379,,,,,0.456522777,0.218433796,2024,12,2574511,13.00954638,229.5883744,1.075576217,0.058007746,0.824380585
3.640475469,0.034778674,0.001863419,16.00500625,0.114433538,0.006896887,1.244675115,0.035976136,0.019038373,2024,12,4569603,4.13920607,,,,
,,,3.961475912,0.02294506,0.001019722,0.423684801,0.006829026,0.003824255,2024,12,2310331,0.95207369,,,,
6.283235568,0.03939073,0.001322779,1.692209035,0.01012195,0.000422757,0.187237573,0.011285685,0.005337551,2024,12,15807,1.27497228,,,,
2.542992579,0.019152432,0.000832,,,,,0.005629064,0.002589369,2024,12,4431545,0.37118401,,,,
,,,17.74465975,0.097172889,0.006070097,2.01967229,0.023185975,0.012984146,2024,12,4431588,4.3639595,,,,
,,,6.629073768,0.060832958,0.002170551,0.644668332,0.005920669,0.003315575,2024,12,4242392,1.67044001,,,,
2.691696194,0.018396047,0.000688423,6.646618605,0.035434347,0.002017686,0.93324852,0.009841773,0.005078709,2024,12,2983509,2.18557696,,,,
,,,8.081707596,0.043948798,0.001568116,0.636385781,0.012727716,0.007127521,2024,12,2973405,1.79196433,,,,
,,,12.57914055,0.076293736,0.005727366,1.179791612,0.02301633,0.012889145,2024,12,4037235,2.93468365,,,,
,,,20.55598517,0.067466564,0.004824297,1.525406081,0.030508122,0.017084548,2024,12,4426485,3.96208748,,,,
,,,14.34609067,0.085971218,0.002632023,1.304865366,0.011983954,0.006711014,2024,12,3052096,3.24745996,,,,
,,,20.92712244,0.091257146,0.005196321,1.783000635,0.035660013,0.019969607,2024,12,4567096,4.39465118,,,,
,,,5.940237772,0.052131284,0.003913492,0.535775201,0.00834804,0.004674902,2024,12,3059722,1.44128406,,,,
23.99688106,0.093849394,0.002904842,4.023942061,0.017930311,0.00036794,0.629913126,0.05337808,0.025085689,2024,12,4367567,4.06045785,,,,
,,,11.55528751,0.065176548,0.002722186,0.692055292,0.011172693,0.006256708,2024,12,3930066,2.23186949,,,,
,,,15.66770693,0.12435134,0.004789601,0.990106072,0.019174951,0.010737972,2024,12,2971618,3.29159446,,,,
24.51021213,0.135289916,0.011311853,12.36964168,0.05230574,0.005426767,1.811523251,0.074864953,0.035967166,2024,12,4366963,6.58859948,,,,
,,,10.19960456,0.071714582,0.002539039,0.767998987,0.01442674,0.008078975,2024,12,3118892,2.20754806,,,,
5.728385048,0.080967598,0.002410589,,,,,0.013652349,0.00628008,2024,12,4372071,1.05126571,,,,
10.52195702,0.065743892,0.002848333,6.041685508,0.028733101,0.002156992,0.8603452,0.018194617,0.008877936,2024,12,4362478,3.08212025,,,,
1.298546473,0.010716984,0.000319069,11.21555433,0.055777126,0.002371885,0.831937856,0.021259313,0.01144316,2024,12,4362477,2.6280598,,,,
11.83140366,0.074167089,0.005415326,7.389632672,0.041098559,0.002687426,1.172760495,0.033758467,0.016518939,2024,12,3149687,3.77051964,,,,
,,,27.0206534,0.220436664,0.007483128,2.44924772,0.048984954,0.027431574,2024,12,4039057,6.43533215,,,,
,,,18.78159249,0.129399365,0.005404538,1.56226174,0.017934871,0.010043528,2024,12,4430802,4.2080126,,,,
,,,19.94638791,0.121069191,0.008884393,1.198704494,0.02397409,0.01342549,2024,12,4361577,3.91130624,,,,
2.880313664,0.010863655,0.001183865,,,,,0.018975781,0.008982058,2024,12,4383351,0.74081871,8.02983833,0.033871339,0.002281334,0.029270378
8.227567667,0.027837546,0.004958831,,,,,0.016311075,0.007503095,2024,12,4249836,1.03142709,,,,
9.830122517,0.057885184,0.003236383,3.103165563,0.016692039,0.001014841,0.48586141,0.030556636,0.014580817,2024,12,3928925,2.23857452,,,,
1.894552344,0.020925399,0.000684204,10.32210464,0.090378195,0.003199821,0.980531064,0.025080324,0.013498011,2024,12,4035004,2.94998576,,,,
,,,7.562268903,0.029505671,0.001596766,0.713823867,0.014276477,0.007994827,2024,12,4360405,1.63466546,,,,
,,,5.865824585,0.028339359,0.003768594,0.622235426,0.010114577,0.005664163,2024,12,3918639,1.3753299,,,,
,,,12.80966399,0.112734982,0.007042214,1.407687787,0.020537404,0.011500946,2024,12,4372780,3.35668901,,,,
1.719476554,0.010487811,0.00076577,8.718671105,0.061287444,0.004007572,0.713895549,0.019930136,0.010595654,2024,12,4259305,2.17724342,,,,
,,,6.635489752,0.024207832,0.001378431,0.525226738,0.010504535,0.005882539,2024,12,4686422,1.32529169,,,,
,,,10.91340681,0.052118427,0.006575922,0.779100801,0.015582016,0.008725929,2024,12,4686104,2.17926363,,,,
,,,5.919759365,0.023602989,0.00134399,0.578385273,0.009977295,0.005587285,2024,12,15880,1.35832328,,,,
,,,18.89857139,0.151555888,0.006735431,2.336054838,0.026818068,0.015018118,2024,12,4426553,5.11938993,,,,
,,,12.8681576,0.060705019,0.003456636,1.332265147,0.015294494,0.008564917,2024,12,4426496,2.97349826,,,,
,,,14.14115254,0.053619063,0.004467475,1.307679345,0.015238636,0.008533636,2024,12,4039160,3.03577866,,,,
3.124175825,0.012727893,0.00138702,5.967623366,0.018519218,0.001324244,0.845974793,0.012817785,0.006610353,2024,12,4383396,1.9351776,,,,
,,,2.134179426,0.012716627,0.000773145,0.205282785,0.004105656,0.002299167,2024,12,4692022,0.49867708,,,,
,,,8.463700516,0.087087249,0.002956337,0.852356872,0.009701404,0.005432786,2024,12,3911853,2.21655372,,,,
,,,5.015272395,0.036731611,0.00141478,0.331093482,0.00662187,0.003708247,2024,12,4241424,1.108951,,,,
,,,5.215919882,0.024870267,0.000761407,0.399510374,0.007990207,0.004474516,2024,12,3115255,1.12777872,,,,
2.371590175,0.015373381,0.001285398,18.85670953,0.036512309,0.003788184,1.607377209,0.040968338,0.02206019,2024,12,4036211,4.05697943,,,,
,,,14.27074066,0.122550489,0.004160202,1.515683563,0.01740015,0.009744084,2024,12,4360231,3.6673524,,,,
,,,1.965133109,0.008118621,0.001079622,0.189493959,0.003789879,0.002122332,2024,12,2580216,0.52890785,,,,
,,,13.43543999,0.107183583,0.008930405,1.028389881,0.017519699,0.009811031,2024,12,2998565,3.01373673,,,,
2.40824931,0.023474844,0.001257767,5.776638277,0.026531723,0.001599062,0.735676147,0.015241514,0.007880437,2024,12,3917668,1.84455969,,,,
,,,11.55071517,0.108012476,0.008108489,1.241628219,0.014253976,0.007982227,2024,12,4426844,3.04540332,,,,
,,,13.20402246,0.052480284,0.006621578,0.971469677,0.019429394,0.01088046,2024,12,3926231,2.64703122,,,,
,,,6.627176397,0.05126854,0.003089945,0.715115565,0.005746703,0.003218153,2024,12,3052897,1.68533983,,,,
1.885157074,0.0152256,0.000661,4.281209512,0.017521269,0.002210705,0.325803333,0.013183997,0.006716245,2024,12,4428532,1.13158013,,,,
,,,1.913119523,0.017910249,0.001171147,0.209236521,0.002402049,0.001345148,2024,12,4373030,0.50772557,,,,
,,,23.40102097,0.098689583,0.007056946,2.091237398,0.041824748,0.023421859,2024,12,5083754,4.99185117,,,,
,,,4.47895402,0.045108976,0.001597074,0.456316676,0.005238546,0.002933586,2024,12,4258248,1.17233091,,,,
,,,2.72651482,0.015712699,0.000481047,0.169689314,0.002735082,0.001531646,2024,12,3122168,0.53458779,,,,
,,,6.329265377,0.066893364,0.00257651,0.573357653,0.006582185,0.003686023,2024,12,4241263,1.60559935,,,,
,,,9.775083133,0.031170674,0.001686871,1.035492712,0.015882284,0.008894079,2024,12,2971281,2.18603005,,,,
,,,12.14781468,0.110354062,0.006651018,1.090614419,0.012520327,0.007011383,2024,12,4365395,2.96713013,,,,
,,,12.29982032,0.097762421,0.00200614,1.313159191,0.015075157,0.008442088,2024,12,4360086,3.11724165,,,,
1.091349509,0.007198595,0.000276986,3.114614297,0.017753194,0.000602665,0.494280395,0.005214052,0.002732281,2024,12,2515270,1.06101965,,,,
,,,2.308660509,0.011983088,0.001200575,0.209742092,0.004194842,0.002349111,2024,12,4428678,0.5103206,,,,
,,,5.926188663,0.033776767,0.002814239,0.564648031,0.006482198,0.003630031,2024,12,4722908,1.35846692,,,,
,,,4.629868197,0.028699684,0.002106062,0.409595211,0.006586539,0.003688462,2024,12,4048228,1.04178933,,,,
,,,7.550168546,0.054731385,0.00250131,0.617829674,0.012356593,0.006919692,2024,12,4429006,1.69272447,,,,
,,,4.329915262,0.030310376,0.005395098,0.433019134,0.004971089,0.00278381,2024,12,2531358,1.05322689,,,,
4.973480728,0.023758218,0.000999372,,,,,0.015610094,0.007180643,2024,12,4061956,0.64999019,,,,
,,,14.96035774,0.114757456,0.004879985,1.367598876,0.015700128,0.008792072,2024,12,4242558,3.54476981,,,,
,,,13.10218833,0.095143794,0.004348221,0.962978983,0.01925958,0.010785365,2024,12,4369466,2.83169449,,,,
,,,2.083998616,0.014180365,0.000862137,0.224099285,0.002572675,0.001440698,2024,12,4429262,0.51649201,,,,
,,,18.05148135,0.09262992,0.006623641,1.719247853,0.019737082,0.011052766,2024,12,4360967,4.07183806,,,,
,,,18.00231081,0.081120185,0.005067333,1.802232753,0.036044655,0.020185007,2024,12,4374187,4.0599036,,,,
,,,1.980857701,0.016027374,0.001203174,0.200538461,0.002302195,0.001289229,2024,12,4696700,0.49467697,,,,
,,,3.903060192,0.039580753,0.001343641,0.442914223,0.005084685,0.002847424,2024,12,4383440,1.06783159,,,,
,,,2.027063087,0.006752106,0.000282011,0.15350589,0.002474235,0.001385572,2024,12,4035656,0.39458311,,,,
1.102819296,0.011626515,0.000346148,11.44643004,0.061573126,0.002618356,0.734953783,0.019319631,0.010356938,2024,12,4241802,2.41480169,,,,
,,,1.859354375,0.013979711,0.000621285,0.236318005,0.002712947,0.00151925,2024,12,4239944,0.50440718,,,,
,,,3.936862152,0.037559573,0.001568726,0.354401482,0.004068553,0.00227839,2024,12,2508256,0.97213321,,,,
,,,1.873694907,0.011712007,0.000731614,0.210578418,0.002417455,0.001353775,2024,12,4034948,0.46703923,,,,
,,,6.98649113,0.047983298,0.000984644,0.754273468,0.008659111,0.004849102,2024,12,2576399,1.73332205,,,,
,,,9.724788801,0.04506677,0.002815185,1.001240418,0.020024808,0.011213893,2024,12,3929637,2.2278511,,,,
,,,9.103220139,0.03239548,0.00336106,0.846623486,0.01693247,0.009482183,2024,12,4426399,1.93952313,,,,
,,,9.394400093,0.052303504,0.001073297,0.958490755,0.019169815,0.010735096,2024,12,4362617,2.19293399,,,,
,,,94.87959725,0.442203136,0.015888809,7.297802049,0.078526969,0.043975103,2024,13,4374302,19.41506047,,,,
,,,84.89484761,0.490954898,0.014916944,6.080659616,0.095697967,0.053590861,2024,13,4262921,17.44105193,,,,
,,,95.61281407,0.644635733,0.026814222,6.873869729,0.094333517,0.05282677,2024,13,4362628,20.25343044,,,,
88.53345661,0.599208578,0.03294159,30.09555035,0.160430922,0.009889414,3.87918148,0.143925699,0.068805004,2024,13,4430807,20.25176918,,,,
83.02623023,0.693976396,0.014755942,26.51283571,0.149236101,0.005362205,2.585223271,0.144947913,0.068705121,2024,13,4429795,18.5050589,,,,
45.87282504,0.239920902,0.010306445,,,,,0.536477632,0.255205554,2024,13,3916387,21.51546876,221.6251989,1.981406498,0.086628649,0.499796094
90.10455288,0.869055724,0.037332617,8.48820463,0.065656771,0.002870566,1.10328495,0.202182349,0.094024734,2024,13,3043078,16.46853257,,,,
98.68279469,0.689437298,0.028997245,13.77597471,0.047272893,0.003938253,1.552543635,0.216746321,0.10112706,2024,13,4242335,17.0880226,,,,
88.95253603,0.760861983,0.039389001,19.56569814,0.097959158,0.007076967,2.649960167,0.189919621,0.089542443,2024,13,4047365,18.57357348,,,,
59.99501691,0.360967197,0.023089769,38.11260183,0.254257917,0.012228484,4.970006851,0.094599002,0.04605713,2024,13,4429160,18.45939167,,,,
,,,67.49808474,0.257404852,0.024361704,7.104159035,0.065244982,0.03653719,2024,13,4432665,15.37576765,,,,
,,,63.3811715,0.404818125,0.019974706,5.395669436,0.058301709,0.032648957,2024,13,3040151,14.13888883,,,,
,,,61.38825454,0.253885623,0.019303577,6.006813434,0.055433313,0.031042655,2024,13,4361307,13.64693847,,,,
3.556836543,0.027746731,0.00274,82.13810345,0.258938875,0.054130828,5.990600126,0.12220595,0.067349652,2024,13,4595348,16.26247811,,,,
43.47431044,0.475406529,0.019753453,,,,,0.417516654,0.198715691,2024,13,4426348,19.80236228,225.469403,1.240402738,0.100966416,0.616471685
11.03769043,0.114652272,0.008471614,,,,,0.503731963,0.241112794,2024,13,3915511,19.44519839,281.9932722,1.923740659,0.080019779,0.514627503
,,,67.73005028,0.472175925,0.031294871,5.705066354,0.059245228,0.033177328,2024,13,16800,15.30892802,,,,
71.84652548,0.358815841,0.042283275,35.81320217,0.141271935,0.00936322,4.287573811,0.237049004,0.114095401,2024,13,4427366,17.93541542,,,,
,,,66.5092543,0.631351951,0.030972214,4.996973847,0.070474341,0.039465631,2024,13,16737,15.42088415,,,,
3.019978005,0.017129539,0.001095715,66.15113942,0.358851836,0.017258908,5.275910966,0.072662909,0.040060997,2024,13,3116406,14.4134535,,,,
,,,94.24372704,0.447603864,0.023034086,6.239633021,0.097175996,0.054418558,2024,13,4258173,18.28942796,,,,
31.45655484,0.557795504,0.013026072,,,,,0.550553961,0.262590082,2024,13,3918298,20.49444044,230.9272057,1.580908001,0.056553416,0.593603556
83.37285605,0.660483342,0.028387904,26.94366308,0.173659043,0.019104638,3.222291015,0.149218071,0.070765671,2024,13,3929630,19.21619298,,,,
,,,68.38076607,0.454825204,0.0301449,5.745412543,0.107697507,0.060310604,2024,13,4569618,15.25495297,,,,
,,,66.09683616,0.512078341,0.03156595,5.600409616,0.081247145,0.045498401,2024,13,4426502,15.25684038,,,,
,,,95.74418655,0.433388798,0.047678115,6.025809856,0.112513512,0.063007567,2024,13,4047646,18.1728724,,,,
,,,80.66691434,0.529704827,0.022033564,5.919189126,0.094210364,0.052757804,2024,13,4239993,17.10515104,,,,
64.00826343,0.443221266,0.016561263,25.03740649,0.186917263,0.005679207,3.081438498,0.198978099,0.094924197,2024,13,3042519,15.62672521,,,,
88.39274205,0.864611086,0.032373071,31.63199679,0.198619342,0.010221125,3.447810811,0.118202124,0.056050737,2024,13,3116385,21.80587418,,,,
,,,51.73892508,0.346195651,0.012439162,4.094702806,0.032905226,0.018426927,2024,13,4430027,11.33466369,,,,
3.516271057,0.017254005,0.001224825,91.69326062,0.435417433,0.023278362,6.353101434,0.121885627,0.067309975,2024,13,4426515,18.50768565,,,,
0.75686872,0.006408001,0.000266257,60.77632891,0.321932661,0.026204704,4.6093295,0.07608197,0.042378171,2024,13,3121422,12.70288882,,,,
60.32678032,0.614810711,0.014357535,21.36798309,0.126285187,0.004517568,2.95557599,0.114214077,0.05450807,2024,13,4379399,15.50337979,,,,
,,,78.92455076,0.322819084,0.01703306,5.005834779,0.094563413,0.052955511,2024,13,4047650,14.76585546,,,,
1.517729317,0.009116686,0.000589731,60.76262095,0.30454998,0.02981994,3.963542453,0.084305884,0.046707791,2024,13,4432773,12.04320724,,,,
1.755015341,0.012410413,0.000533123,65.61276619,0.50633106,0.022137192,4.603050468,0.058600542,0.032461798,2024,13,4429615,14.43424249,,,,
56.85030576,0.499213336,0.023371176,21.62854585,0.128798417,0.00631846,2.963537297,0.164675393,0.079118402,2024,13,4596448,14.51358739,,,,
75.5494645,0.488197403,0.018409896,52.56639544,0.134548242,0.006617428,5.469088529,0.144309121,0.069865717,2024,13,3054850,21.93128161,,,,
99.06378798,0.622033764,0.044156865,18.09899477,0.123101831,0.006581291,2.279175406,0.294777647,0.13853671,2024,13,4430737,18.29847014,,,,
1.631976012,0.015087837,0.000689644,77.59174091,0.45919122,0.025350871,4.86693995,0.103014047,0.057120341,2024,13,4426354,15.57554433,,,,
65.41363068,0.445040877,0.032883905,26.55560453,0.136678771,0.00568528,3.875680829,0.204164681,0.097934591,2024,13,4362238,16.44957943,,,,
3.924035643,0.026443929,0.002639097,59.505317,0.237083749,0.033180451,4.958352556,0.065106432,0.035664276,2024,13,3915416,12.88448043,,,,
,,,53.10803717,0.430210636,0.013531559,5.836308564,0.088107583,0.049340247,2024,13,15847,13.65908672,,,,
,,,58.50049361,0.333570999,0.025362261,4.09013969,0.081802794,0.045809565,2024,13,4432708,11.90288044,,,,
18.68424754,0.24457961,0.011450241,,,,,0.572363396,0.273566428,2024,13,3052587,19.19012594,239.2980907,2.02603927,0.099391349,0.755763753
,,,71.93559924,0.349028722,0.018415971,5.63595281,0.086258894,0.04830498,2024,13,4430878,14.86618705,,,,
65.36032096,0.698180252,0.029009848,17.58610789,0.084710136,0.006895243,2.281680823,0.143752797,0.067821474,2024,13,4241474,15.21363127,,,,
,,,76.92123764,0.515119606,0.027539414,6.453722673,0.107294613,0.060084983,2024,13,2977187,17.17430494,,,,
67.07742012,0.513348475,0.05123204,18.58050219,0.065433865,0.009157629,2.682570602,0.177936755,0.084361531,2024,13,4259545,14.67781115,,,,
1.410793942,0.012407244,0.000463605,55.7345758,0.339237009,0.010307218,3.938305295,0.058897544,0.032647222,2024,13,4429205,11.72050899,,,,
20.31142516,0.102194656,0.003422718,,,,,0.370872775,0.177248322,2024,13,3139477,17.64808152,223.8963985,2.009206731,0.063196253,0.888716545
34.93052571,0.864876113,0.037172808,,,,,0.578958303,0.275196008,2024,13,4040715,20.68624503,231.5521777,1.098183278,0.120813711,0.715882732
29.06289541,0.314422884,0.014264824,,,,,0.569081387,0.271730622,2024,13,3917315,16.87598167,226.8191461,1.150210631,0.087453473,0.632714447
,,,33.06566101,0.36988341,0.016171593,3.272668867,0.040653133,0.022765755,2024,13,3116365,8.7864211,,,,
19.93099829,0.177368804,0.0064549,13.29976356,0.027357495,0.001443477,1.881989284,0.029994808,0.014591999,2024,13,4426385,6.42082802,,,,
49.29463147,0.346597314,0.016226303,22.3354971,0.140415758,0.006888372,3.092524173,0.126352019,0.060846995,2024,13,4697815,13.10548682,,,,
58.13209679,0.400443173,0.018303693,15.31907913,0.086932939,0.004799364,2.107090697,0.096036636,0.045376882,2024,13,4241457,12.33445531,,,,
5.20520242,0.065712249,0.002962665,66.12890033,0.256638808,0.01266318,4.075223336,0.079049648,0.042588219,2024,13,3126486,13.10692728,,,,
,,,62.93557381,0.322492256,0.013787764,5.05554145,0.101110829,0.056622064,2024,13,4612826,13.20105377,,,,
,,,52.09917354,0.264159231,0.00802609,5.220077534,0.055766643,0.03122932,2024,13,4036133,11.97001381,,,,
14.54861374,0.143301448,0.005354556,,,,,0.641225827,0.306405671,2024,13,3912547,16.76830377,262.4525186,1.566523883,0.047596527,0.910286697
,,,65.69368351,0.527200949,0.016300454,4.874852361,0.089510331,0.050125786,2024,13,3128429,14.54213974,,,,
69.66121275,0.338577074,0.009020906,20.25404102,0.075862095,0.001450556,3.121360142,0.101200323,0.048292241,2024,13,3916148,14.52654898,,,,
11.20148887,0.038634967,0.004193513,76.9377725,0.301098198,0.018381369,6.413802612,0.125274488,0.067547012,2024,13,4241389,17.17948948,,,,
64.33180083,0.439006037,0.034972843,16.26080189,0.114652907,0.008080527,2.506438916,0.256829519,0.121616435,2024,13,4569173,13.73730672,,,,
,,,58.69319709,0.26761466,0.012870874,5.323711613,0.07708081,0.043165254,2024,13,3054212,12.74016452,,,,
8.913746965,0.068595725,0.003551126,52.34349199,0.255846933,0.01848342,4.160886698,0.108377644,0.058175489,2024,13,4362249,12.20005842,,,,
49.74279959,0.287966268,0.018627666,20.76794571,0.086839077,0.008502828,2.510568395,0.121903066,0.058247313,2024,13,4239996,11.75145736,,,,
1.576761514,0.011685127,0.000311334,69.78915951,0.398342784,0.007616695,4.305810771,0.080353132,0.044548861,2024,13,3925357,13.83145268,,,,
4.749921733,0.03583199,0.000761892,69.00459304,0.30516848,0.010965014,3.363644654,0.075203847,0.040877824,2024,13,4426388,12.72878312,,,,
56.71431022,0.581367663,0.026375648,24.08393954,0.099216913,0.007543717,2.965509704,0.187862237,0.089373046,2024,13,3045147,15.02289677,,,,
61.70388261,0.643763333,0.023428179,25.46996673,0.08681811,0.004580826,3.271128945,0.089375226,0.042636817,2024,13,4567048,16.34510491,,,,
5.534970413,0.049197041,0.001046071,,,,,0.466367908,0.22326788,2024,13,3046779,17.26371575,305.0675616,1.555081465,0.05587566,0.843799783
,,,56.08886138,0.227795885,0.031880591,5.244031667,0.102693117,0.057508146,2024,13,15818,12.17115001,,,,
83.78158426,0.465474148,0.045962245,18.15138018,0.075974664,0.015882403,2.274157217,0.344143084,0.1623183,2024,13,4360516,15.52425923,,,,
,,,65.29840311,0.233590318,0.032511229,4.675021129,0.087346022,0.048913773,2024,13,4241463,12.57590226,,,,
50.8254649,0.422983172,0.014166614,14.20055749,0.113283438,0.003563142,2.138357185,0.147797596,0.070183704,2024,13,4361529,11.75755119,,,,
85.17598678,0.216004644,0.023445553,19.50633588,0.081580025,0.004980277,2.561058979,0.172340978,0.081517976,2024,13,4038815,14.71316297,,,,
,,,66.66688196,0.327796249,0.01617426,5.27543171,0.095933919,0.053722995,2024,13,3886598,13.83633193,,,,
26.0064695,0.239777186,0.009625903,,,,,0.310571881,0.148291724,2024,13,4426338,19.14196135,246.435935,1.65536695,0.051182065,0.604753204
24.18671516,0.308843262,0.013924329,,,,,0.525090298,0.250752935,2024,13,4361741,19.23544783,283.4487861,1.413347932,0.069738008,0.853652616
1.130216941,0.010344137,0.000928736,60.24348966,0.228341919,0.021611085,6.272034605,0.08697291,0.048434145,2024,13,3916433,13.79203095,,,,
1.420227037,0.011801843,0.000754921,62.75691209,0.23863319,0.011477016,5.199831114,0.092490681,0.051369643,2024,13,4372016,13.04432181,,,,
18.93323274,0.247461836,0.006509702,,,,,0.502878437,0.240318037,2024,13,4038941,18.57032186,261.8583732,1.417410531,0.060599665,0.309296071
,,,63.09592698,0.368980172,0.022744976,4.304230859,0.065399831,0.036623906,2024,13,4040655,12.80167473,,,,
8.89550431,0.124986737,0.006470428,,,,,0.505070178,0.241741128,2024,13,4036378,15.1756596,252.2023042,1.438559538,0.103927373,1.02838746
6.043911856,0.071820678,0.002405429,46.14137367,0.402098238,0.012647331,3.238868583,0.086551856,0.046291591,2024,13,4683062,11.24071897,,,,
,,,52.29573789,0.286537248,0.039880411,5.013677155,0.058411872,0.032710648,2024,13,3123076,11.97835596,,,,
,,,59.67002836,0.196432971,0.016364617,4.201992177,0.078459312,0.043937215,2024,13,4035687,11.29451764,,,,
,,,38.30540316,0.422387596,0.013285499,3.718323718,0.072301505,0.040488843,2024,13,15795,10.03069092,,,,
1.443509385,0.013062031,0.000305035,56.54387761,0.247700544,0.008860928,5.319921656,0.069681167,0.038710093,2024,13,4373678,12.62598955,,,,
84.9169234,0.616338863,0.039936052,21.62695987,0.078131111,0.005824814,3.311755804,0.212040516,0.10077107,2024,13,4241416,18.02854157,,,,
14.74960534,0.08051794,0.003014781,,,,,0.483405382,0.231251102,2024,13,4432577,17.02738394,295.6757076,1.238792958,0.063749368,0.698345231
,,,41.99539647,0.219032357,0.013501771,3.085281952,0.024793472,0.013884344,2024,13,4360248,8.5989046,,,,
40.21976131,0.217415706,0.009937765,19.67688296,0.083086647,0.004587019,2.689076675,0.124519444,0.060123951,2024,13,4569987,10.45532969,,,,
43.86200133,0.22913234,0.009198564,23.06239747,0.101930709,0.003151582,3.059806939,0.121027917,0.058498427,2024,13,4361579,11.64952655,,,,
68.74446386,0.778418588,0.0166,21.33011709,0.066475106,0.002388518,2.285083389,0.142554537,0.067435903,2024,13,4035538,16.26877088,,,,
,,,45.25950706,0.328347435,0.011745888,3.585741157,0.059585589,0.03336793,2024,13,2976499,10.04010439,,,,
,,,37.97128344,0.334550289,0.027231755,4.296814405,0.03996841,0.02238231,2024,13,15835,10.11199937,,,,
,,,38.9503588,0.252022273,0.01878871,4.063070489,0.068251518,0.03822085,2024,13,16460,9.43317573,,,,
3.925297563,0.026269188,0.00098358,58.10144462,0.197426446,0.010159737,4.072434962,0.061347313,0.033443132,2024,13,4366031,11.58637394,,,,
,,,43.05953063,0.339456366,0.023924262,4.244111719,0.029558217,0.016552601,2024,13,3046439,10.6023263,,,,
1.373462709,0.010815668,0.001079401,58.3797943,0.238853876,0.033428184,4.353191669,0.091663764,0.050871715,2024,13,4431299,11.79622437,,,,
0.016676907,,,33.96699121,0.187316678,0.013532516,3.082829069,0.040383211,0.022240761,2024,13,4572680,7.58874746,,,,
42.03549624,0.457741565,0.015330747,11.34556604,0.102806542,0.003233609,1.730096104,0.069573886,0.032918532,2024,13,3059915,10.40461862,,,,
72.628938,0.421757721,0.019015126,41.61052723,0.213012372,0.010510546,5.110290012,0.200083003,0.097025169,2024,13,3117251,20.2131381,,,,
,,,43.26527264,0.405085879,0.019872286,4.326325097,0.083565804,0.04679685,2024,13,4243331,11.03172651,,,,
,,,26.7205655,0.157066877,0.008671294,2.687500836,0.033751411,0.01890079,2024,13,4361411,6.28239366,,,,
13.76567654,0.050336496,0.008038167,10.22855133,0.028807146,0.004009394,1.604141531,0.026963414,0.013215459,2024,13,4372019,4.47680437,,,,
33.45470995,0.14788622,0.003940219,17.51869203,0.071706813,0.001371103,2.39952545,0.055166427,0.026728951,2024,13,4428557,8.77304659,,,,
1.448848872,0.013910431,0.000365926,55.12606088,0.341383313,0.014595429,3.501271162,0.060443003,0.033447192,2024,13,4429025,11.25514893,,,,
5.757923249,0.043040233,0.002753128,,,,,0.61804768,0.296074432,2024,13,4241479,16.78856267,293.6957534,1.543083466,0.074214294,0.771870517
,,,54.11865903,0.086388637,0.008458723,5.349789146,0.070270538,0.039351501,2024,13,3051876,11.22005532,,,,
1.882543923,0.01869254,0.000967693,58.11658384,0.42891199,0.030986341,3.426177326,0.052756268,0.029099959,2024,13,4248528,12.11881743,,,,
59.0506222,0.345526362,0.055176638,9.675402183,0.026298968,0.003660305,1.29202025,0.091603478,0.042850033,2024,13,3128720,10.42996649,,,,
47.12720709,0.42568855,0.017904159,,,,,0.787855145,0.374618793,2024,13,4429084,18.15340032,223.509951,1.00505737,0.083730236,0.774465209
13.07633919,0.163852228,0.007489454,,,,,0.450139107,0.215183522,2024,13,14881,14.65628798,218.2546967,1.2658051,0.069677923,0.581857642
,,,50.36795617,0.224540245,0.024702198,4.617959324,0.057043778,0.031944515,2024,13,3121023,10.98901778,,,,
4.574245052,0.032304266,0.003806772,,,,,0.444472777,0.213050841,2024,13,8439,15.02819794,244.2877754,1.554042611,0.102998819,0.70500156
,,,32.64278069,0.171123437,0.009029069,2.729148406,0.044886724,0.025136566,2024,13,2577327,6.9891401,,,,
,,,45.72435946,0.342640111,0.012257177,3.346371629,0.066927433,0.037479362,2024,13,4635008,9.92596787,,,,
3.792527167,0.02982989,0.001396516,28.78308967,0.254362555,0.012478256,2.231763985,0.055881737,0.030169127,2024,13,4430834,7.16940292,,,,
35.36758376,0.230790409,0.022788903,11.38152614,0.01837255,0.003840757,1.47901093,0.103352843,0.049227221,2024,13,4040761,7.60643455,,,,
58.91996156,0.730874506,0.019226299,5.868118876,0.023267783,0.000994786,0.780556147,0.111213583,0.051738614,2024,13,3051926,11.72411687,,,,
19.75197355,0.165066131,0.006007175,,,,,0.544550283,0.260316534,2024,13,15864,16.36695625,275.564452,1.147721813,0.060557802,0.919500056
29.97447859,0.027376244,0.002732142,,,,,0.487641638,0.232996772,2024,13,4431611,14.61899754,233.2644064,0.927384549,0.129789736,0.697386225
,,,40.19017167,0.118571393,0.006101788,3.489046428,0.037912802,0.021231169,2024,13,3117256,8.19023519,,,,
44.17290015,0.280582844,0.018150054,1.739192476,0.007510793,0.000735418,0.224300672,0.164260298,0.07592661,2024,13,4429013,6.45197758,,,,
5.401196168,0.075819252,0.004168176,,,,,0.672195534,0.321985486,2024,13,14880,14.90463108,251.3519086,1.516592939,0.093487058,0.889975822
,,,10.50169841,0.132319126,0.005785096,0.787934001,0.014658255,0.008208623,2024,13,3932905,2.62755854,,,,
1.941438941,0.013329236,0.001316167,50.10611215,0.041601958,0.008696834,4.753135218,0.050824476,0.028167501,2024,13,4569587,10.25251249,,,,
11.97839737,0.091723465,0.005867219,6.119934211,0.034587197,0.001663464,0.870351897,0.047450352,0.022966063,2024,13,2576414,3.40843227,,,,
3.673349753,0.045393717,0.003222404,,,,,0.443093951,0.212341063,2024,13,12483,17.13255012,278.2191733,1.768348582,0.094539758,0.74592531
40.03700976,0.304051284,0.016715269,5.414191067,0.022542466,0.001389581,0.798310499,0.037568755,0.017618594,2024,13,4373626,7.30495559,,,,
,,,23.81594675,0.140768922,0.002691636,2.185132166,0.025132554,0.01407423,2024,13,4360635,5.38924119,,,,
32.84322868,0.226639453,0.0203,23.98800351,0.112191341,0.010618184,3.493149039,0.11102142,0.054108926,2024,13,2576336,11.22726778,,,,
,,,30.34616166,0.116807551,0.016347503,3.641929447,0.041729594,0.023368573,2024,13,4258595,7.36445278,,,,
20.04425969,0.126757615,0.008213337,9.1615644,0.045001259,0.003354924,1.23690934,0.049301834,0.023723042,2024,13,4678008,5.16503743,,,,
,,,24.988841,0.210267405,0.008746268,2.361139649,0.022136471,0.012396424,2024,13,3116164,6.11491227,,,,
26.64413644,0.119727961,0.014108882,5.74882008,0.028254761,0.001872669,0.789164846,0.046558586,0.02194992,2024,13,4685247,4.90565009,,,,
,,,46.16407923,0.368584037,0.007047679,3.244046074,0.054364604,0.030444178,2024,13,3929785,10.02659922,,,,
20.46231296,0.1046086,0.00743,4.020158987,0.021094117,0.001127737,0.520938515,0.040500035,0.019069792,2024,13,4429096,3.73890522,,,,
2.957245893,0.017523162,0.001135424,41.83858113,0.239931278,0.017887305,3.750393177,0.084698725,0.0464622,2024,13,4430034,9.72917136,,,,
,,,24.1077637,0.291458719,0.012742804,2.063343293,0.023160761,0.012970026,2024,13,4361050,6.22302953,,,,
28.76362736,0.084229505,0.00671,,,,,0.620002687,0.296213479,2024,13,4431452,15.50277677,225.4360576,1.250656462,0.088143974,0.756346067
1.469157872,0.006265707,0.000499149,47.28527708,0.147076184,0.01036566,4.195325576,0.082106444,0.045524055,2024,13,4427095,9.92366793,,,,
24.51032341,0.106844162,0.011597068,5.553471961,0.027303606,0.001666824,0.809338719,0.059488257,0.028147979,2024,13,3051392,4.59240869,,,,
19.18789976,0.112745581,0.005083182,1.849917716,0.006784364,0.000334757,0.258720778,0.050434315,0.02350922,2024,13,4360569,3.04483163,,,,
,,,14.7690252,0.094823683,0.005234993,1.031403632,0.014546302,0.008145929,2024,13,3045138,3.07181038,,,,
,,,39.21668651,0.294074419,0.012857165,2.789462344,0.045632935,0.025554443,2024,13,4360939,8.45138895,,,,
,,,41.06187849,0.172215886,0.007362881,4.470402285,0.045642631,0.025559873,2024,13,3127292,9.57469747,,,,
11.99639161,0.073776029,0.003169247,19.19340803,0.136163303,0.005953167,2.52909261,0.040411549,0.020449937,2024,13,4038441,6.93762142,,,,
22.74308037,0.086916894,0.006924121,7.163937744,0.039056523,0.002752632,1.021803215,0.06941561,0.033031953,2024,13,4360294,4.73731112,,,,
28.6320526,0.355685955,0.013412897,34.68089773,0.19050751,0.009369649,3.318167379,0.136563162,0.06824752,2024,13,2468609,12.950772,2.279404463,0.010205761,0.000640451,0.01090369
17.15673523,0.148524015,0.003468448,3.29438139,0.019161487,0.000685459,0.494756018,0.03191003,0.015012752,2024,13,4429501,3.53097692,,,,
28.44147145,0.118972514,0.004776175,7.295562049,0.035847638,0.001108368,1.059272806,0.057599047,0.027369178,2024,13,4722893,5.5204458,,,,
24.82453871,0.187547311,0.008508698,5.188295553,0.026890607,0.002044562,0.691693145,0.078104981,0.036633948,2024,13,4429275,4.9295067,,,,
,,,22.63303577,0.159535657,0.010573703,2.372471234,0.031336694,0.017548549,2024,13,3915486,5.57986706,,,,
,,,54.87308222,0.240675158,0.011837022,2.827950506,0.050622781,0.028348757,2024,13,3051738,9.72762421,,,,
,,,52.20707249,0.095337903,0.013269182,4.458464964,0.082743981,0.046336629,2024,13,4372414,10.18724874,,,,
,,,34.95667698,0.173687776,0.010603249,3.014998817,0.045420784,0.025435639,2024,13,16731,7.52432839,,,,
,,,28.74698141,0.128024707,0.006317049,2.162703078,0.043254062,0.024222274,2024,13,4428209,5.77087901,,,,
,,,32.99332018,0.192496655,0.00946748,2.847088548,0.022879339,0.01281243,2024,13,3929645,7.2953166,,,,
16.55830436,0.095777654,0.006205971,,,,,0.462204544,0.221138456,2024,13,4685720,13.97397389,216.7048636,1.255903816,0.093629872,0.858953528
,,,13.34657686,0.094468956,0.009249906,1.213197371,0.013927588,0.007799449,2024,13,4430539,3.11793751,,,,
24.73507157,0.236963837,0.006233543,15.60348561,0.08541026,0.003651612,2.099277572,0.066014857,0.032139043,2024,13,4430968,8.0246101,,,,
7.564309495,0.03210979,0.001289054,19.93174698,0.109986137,0.003400646,1.396128532,0.053682116,0.02748603,2024,13,4686472,5.05814919,,,,
16.92974408,0.236613649,0.01530582,,,,,0.521899724,0.249569804,2024,13,4360310,14.22569966,234.2058674,0.943336877,0.092366608,0.879272048
4.260251121,0.028760414,0.001581108,32.95093496,0.157170903,0.009688457,3.166818576,0.074511728,0.040609032,2024,13,3728262,7.98341136,,,,
21.90838974,0.081511797,0.002171766,,,,,0.652933155,0.311754593,2024,13,4361418,14.78275491,226.8630185,1.362856321,0.026059115,0.936636721
22.26767244,0.143485951,0.00536145,5.242018864,0.031207549,0.000948196,0.751543023,0.063349374,0.029851627,2024,13,4240021,4.56333273,,,,
,,,26.73431832,0.24898915,0.007831539,2.902660469,0.023325917,0.013062514,2024,13,4240472,7.06018325,,,,
,,,32.04835988,0.278372135,0.014882379,2.398025273,0.047960505,0.026857883,2024,13,3043116,7.25040906,,,,
31.35503583,0.227518053,0.020427431,9.780178527,0.041875931,0.003963286,1.441157305,0.087003246,0.041238117,2024,13,4430104,7.13964584,,,,
9.663112349,0.067346641,0.010754494,,,,,0.574652169,0.274996007,2024,13,2969939,13.16050725,251.8247475,0.94821132,0.131972572,0.913180565
6.104538122,0.054514873,0.002055753,,,,,0.483435652,0.23156356,2024,13,16757,15.93333915,288.5582376,1.291985069,0.063404638,0.697523671
,,,51.33443641,0.231423802,0.019279665,2.880603837,0.049268131,0.027590154,2024,13,4360078,9.38727131,,,,
,,,37.79649011,0.209946137,0.008975992,2.98135331,0.052508119,0.029404547,2024,13,4242433,7.98120803,,,,
,,,30.22359738,0.092864347,0.004899846,3.193907547,0.025666393,0.01437318,2024,13,4036131,6.7551847,,,,
1.174466328,0.01366186,0.000319042,5.592182216,0.045316359,0.00162109,0.634090827,0.014092316,0.007494537,2024,13,3121427,1.65388819,,,,
,,,48.58652321,0.258857638,0.018700925,3.028168691,0.060563374,0.033915489,2024,13,4428850,9.41113371,,,,
5.967451403,0.084865695,0.003879091,,,,,0.035847951,0.01673275,2024,13,4362887,1.30139822,3.803380901,0.022058352,0.001421998,0.011497205
,,,35.01543528,0.324792694,0.011618726,3.384954636,0.038239552,0.021414149,2024,13,3930086,8.81667148,,,,
,,,38.18249828,0.213516831,0.016234234,3.095118882,0.058730868,0.032889286,2024,13,4360761,8.16270759,,,,
,,,26.09293865,0.152540884,0.009312279,2.28714165,0.044125319,0.024710179,2024,13,4249417,5.78204902,,,,
3.343739251,0.030244995,0.00271551,41.27620568,0.098576225,0.009329602,3.394422498,0.06445407,0.035120062,2024,13,4428718,8.5909337,,,,
15.71856538,0.192772564,0.01923865,6.286193644,0.019929517,0.002789185,1.048520142,0.029478724,0.014183573,2024,13,4426386,4.54167705,,,,
25.10806758,0.114421144,0.00459346,3.893491293,0.020968279,0.000648315,0.502155476,0.049906207,0.023380774,2024,13,4569682,4.1796899,,,,
15.19189372,0.140549244,0.006040877,2.962811608,0.009500094,0.001045128,0.401602851,0.03421077,0.016057829,2024,13,4371733,3.14435684,,,,
13.45385378,0.082137273,0.006069093,5.54711311,0.030859263,0.00128362,0.795799705,0.028194201,0.013554106,2024,13,4035886,3.36773159,,,,
,,,14.62625637,0.123699396,0.006613239,1.375624748,0.012633812,0.007074935,2024,13,4242557,3.57985697,,,,
5.604784943,0.048457806,0.002268601,28.03041213,0.255435508,0.012530892,2.475348106,0.052990994,0.028328186,2024,13,2976592,7.63656831,,,,
,,,39.31040475,0.179550813,0.012654412,3.122377665,0.062447553,0.03497063,2024,13,4429022,8.08774058,,,,
3.754029767,0.027170436,0.00114,47.26941453,0.219327608,0.018271944,2.978289798,0.071833992,0.039000216,2024,13,4597500,9.52234195,,,,
,,,40.229117,0.154769894,0.032354441,2.696794701,0.053935894,0.030204101,2024,13,3916945,7.65404845,,,,
6.460034942,0.030144171,0.003271905,,,,,0.812838428,0.389157001,2024,13,2972515,14.55275089,263.266536,1.26928888,0.077435476,0.643257675
,,,6.425704392,0.041988639,0.002959282,0.541221439,0.010824429,0.00606168,2024,13,4430637,1.42980452,,,,
5.147732046,0.037553672,0.001579481,1.506667337,0.005190312,0.000432399,0.207294922,0.006053394,0.00287206,2024,13,4241401,1.127638,,,,
,,,44.2170931,0.150725589,0.012268775,3.445519894,0.055771726,0.031232166,2024,13,3121409,8.73512596,,,,
24.03994605,0.118163714,0.007558507,2.008782173,0.010037355,0.000482745,0.288971671,0.061037398,0.028368687,2024,13,4682745,3.62401004,,,,
,,,39.1090408,0.246704936,0.015060783,3.745593095,0.042999663,0.024079811,2024,13,4372096,9.11982274,,,,
,,,13.27619709,0.111767005,0.003515445,1.333077723,0.026661554,0.01493047,2024,13,3120348,3.30917141,,,,
,,,3.775758065,0.026394447,0.000830193,0.5183839,0.004088711,0.002289678,2024,13,3116389,1.05151542,,,,
,,,15.94251033,0.070827592,0.005765231,1.351355028,0.027027101,0.015135176,2024,13,3917914,3.40082808,,,,
,,,25.54581566,0.134121693,0.004819129,1.665498354,0.023489196,0.01315395,2024,13,3134353,5.00875844,,,,
16.48563915,0.166026907,0.0069,14.26919981,0.063361154,0.005157477,1.974413108,0.036881654,0.01813232,2024,13,3127586,6.43725005,,,,
,,,27.31616317,0.125154147,0.006909467,1.731067559,0.034621351,0.019387957,2024,13,4243389,5.27936862,,,,
,,,34.02648865,0.128529142,0.012584901,2.445673724,0.048913474,0.027391546,2024,13,4432620,6.59117415,,,,
,,,20.78524195,0.163385188,0.006796159,1.60450906,0.032090181,0.017970501,2024,13,4368003,4.6418417,,,,
11.10943146,0.080598694,0.003039372,3.842388582,0.008456258,0.0004159,0.559172171,0.023340935,0.011139076,2024,13,2980453,2.58620549,,,,
2.685113122,0.04540592,0.004076715,,,,,0.401282327,0.192401015,2024,13,4260394,12.2048094,246.7783385,0.895348343,0.084738927,0.7960568
,,,16.40987904,0.080920877,0.004326206,1.23505519,0.020981142,0.011749439,2024,13,4360797,3.34727569,,,,
10.43334113,0.087393467,0.00204088,5.459506407,0.03058684,0.001094175,0.641057289,0.028204563,0.013551874,2024,13,3915411,2.92283339,,,,
,,,37.94102505,0.217138713,0.006713682,3.349647358,0.066992947,0.03751605,2024,13,4569559,8.38674741,,,,
,,,26.01342506,0.137284946,0.002625019,2.624731646,0.041663194,0.023331388,2024,13,3045144,6.00946909,,,,
,,,42.31534041,0.165786893,0.03465753,3.494471513,0.04011677,0.022465391,2024,13,4429148,8.74617319,,,,
18.8846527,0.120369173,0.006231382,3.192166267,0.014640558,0.001057693,0.479094251,0.034168571,0.01605285,2024,13,4887558,3.48020698,,,,
3.766637688,0.025239892,0.000945041,,,,,0.008926679,0.004106272,2024,13,4360238,0.62943219,,,,
,,,2.284577015,0.021707762,0.001064917,0.231318717,0.002655555,0.001487111,2024,13,4372505,0.5892488,,,,
,,,34.21715664,0.212775367,0.014996018,3.273120885,0.063934748,0.035803459,2024,13,3045523,7.93155987,,,,
,,,18.91061388,0.09241041,0.008746047,2.018940718,0.023177576,0.012979443,2024,13,4429086,4.45660977,,,,
,,,19.52830594,0.102873995,0.011317409,1.442820051,0.023255628,0.013023151,2024,13,4361409,4.01009513,,,,
,,,21.08081348,0.14614391,0.007028762,1.531046012,0.024827565,0.013903436,2024,13,16733,4.50289547,,,,
,,,30.09812197,0.213041332,0.01047792,2.337412026,0.032014188,0.017927945,2024,13,3843945,6.61141817,,,,
,,,6.134602411,0.032770468,0.003605156,0.584177278,0.006706395,0.003755581,2024,13,4241374,1.39413648,,,,
10.5065672,0.089553767,0.00419255,3.806368357,0.018865605,0.000925489,0.513718778,0.028707566,0.013739232,2024,13,4430871,2.60764413,,,,
,,,2.699351054,0.006454188,0.001349239,0.177900148,0.003558003,0.001992482,2024,13,4692590,0.4853681,,,,
20.97545398,0.173798941,0.017161403,,,,,0.80301748,0.383738086,2024,13,3924327,14.3642389,255.5983035,0.757365579,0.158326268,0.817086884
1.901708135,0.006282735,0.00068194,8.126658443,0.04118281,0.002514118,0.693520228,0.019487881,0.010351466,2024,13,3676833,2.11553106,,,,
,,,24.04412877,0.131784297,0.009287916,2.463505438,0.023770242,0.013311336,2024,13,3043275,5.65120726,,,,
,,,11.44173494,0.06773801,0.005513745,1.020833941,0.020416679,0.01143334,2024,13,4426948,2.56013511,,,,
0.971613046,0.007667749,0.000345704,7.496961168,0.035469797,0.001750166,1.029413286,0.009898051,0.005368689,2024,13,16002,2.12881195,,,,
,,,23.26715564,0.149713731,0.020837239,2.369088972,0.039638885,0.022197776,2024,13,3128452,5.59240985,,,,
,,,14.99532649,0.07003804,0.003695451,1.454857615,0.016701864,0.009353044,2024,13,4576297,3.36374432,,,,
,,,7.477110972,0.05518916,0.002707413,0.606944791,0.012138896,0.006797782,2024,13,4426407,1.73224816,,,,
,,,1.549378315,0.007854684,0.000654365,0.205413913,0.001387283,0.000776878,2024,13,4429676,0.43960333,,,,
4.751970363,0.027555512,0.001039117,,,,,0.009068432,0.004171479,2024,13,4243004,0.68358963,,,,
1.65445934,0.008569324,0.000344017,26.79360742,0.187917703,0.005810202,1.93418212,0.043835551,0.024032718,2024,13,4431280,5.92331196,,,,
1.330250807,0.012517834,0.000467737,24.54788305,0.152498636,0.004633447,1.752491362,0.039806174,0.021815823,2024,13,4382466,5.30104194,,,,
,,,40.78602644,0.200775254,0.014968154,3.129740926,0.05913944,0.033118086,2024,13,4212909,8.37825523,,,,
,,,1.039196674,0.007332886,0.000596883,0.108972338,0.00125101,0.000700566,2024,13,4690923,0.25671496,,,,
4.656773468,0.030680675,0.001962532,14.41663817,0.079704699,0.003833382,1.250540719,0.040042551,0.020920655,2024,13,4569603,3.84531829,,,,
,,,5.061228355,0.033707223,0.001802061,0.425636281,0.006860481,0.003841869,2024,13,2310331,1.13010404,,,,
4.820465304,0.040222448,0.00184,1.662846787,0.010574544,0.000583796,0.205433771,0.01045133,0.004967782,2024,13,15807,1.15373496,,,,
,,,10.76583519,0.075491903,0.002712501,0.921242647,0.008460742,0.004738016,2024,13,4242392,2.44694975,,,,
1.913799475,0.012427077,0.000465299,6.720497752,0.028032245,0.001442564,0.756163301,0.007267754,0.003790014,2024,13,2983509,1.85877665,,,,
,,,11.34996879,0.047472385,0.003609448,1.015537239,0.01976291,0.01106723,2024,13,4037235,2.47400039,,,,
,,,16.01548001,0.063689862,0.003888123,1.126504227,0.022530085,0.012616847,2024,13,4426485,3.09332855,,,,
,,,10.78091258,0.079363457,0.002411342,1.164161751,0.010691725,0.005987366,2024,13,3052096,2.7115637,,,,
,,,32.57473147,0.122081924,0.006282443,2.349384821,0.046987696,0.02631311,2024,13,4567096,6.30053018,,,,
,,,6.681092124,0.056403833,0.00201772,0.569262323,0.009362745,0.005243137,2024,13,2991662,1.5695909,,,,
5.31856075,0.039145243,0.003865313,6.17358534,0.022262274,0.004653899,0.757928336,0.01626032,0.00811959,2024,13,4570561,2.29790615,,,,
,,,10.88343232,0.069528294,0.005286415,0.970034738,0.015114341,0.008464031,2024,13,3059722,2.4695915,,,,
8.754233321,0.08685005,0.003608677,0.797932214,0.004450094,0.000362229,0.118340596,0.023422202,0.010889996,2024,13,4362619,1.60813783,,,,
,,,14.14668624,0.111661107,0.004644647,1.103647034,0.022072941,0.012360847,2024,13,4429033,3.1734325,,,,
,,,11.91682014,0.068755583,0.003795835,0.778288216,0.012543536,0.00702438,2024,13,3930066,2.37637784,,,,
,,,11.90032004,0.104044814,0.004548921,0.830999579,0.016093605,0.009012419,2024,13,2971618,2.63679827,,,,
,,,12.1512881,0.100906853,0.003173857,0.962324232,0.018043344,0.010104272,2024,13,3118892,2.76950973,,,,
1.459884163,0.007166137,0.000844466,11.79106973,0.081495671,0.005401369,1.116866857,0.02685936,0.014589039,2024,13,4613104,2.95795469,,,,
9.541641021,0.111888885,0.002943336,3.613709232,0.019305806,0.000825396,0.527818179,0.023353008,0.011187967,2024,13,4372071,2.61630088,,,,
8.30752851,0.059096413,0.002681102,4.830816477,0.017957591,0.001365362,0.666903223,0.017110446,0.008264905,2024,13,4362478,2.44100562,,,,
1.577544268,0.011600016,0.000305149,12.92514894,0.069401828,0.002967191,1.075589332,0.026486169,0.014334816,2024,13,4362477,3.14477515,,,,
11.85421246,0.083747364,0.00433551,8.313046524,0.036901989,0.002665949,1.212356068,0.034129686,0.016723126,2024,13,3149687,3.93443475,,,,
,,,28.88697571,0.203359158,0.006287634,2.290760642,0.045815213,0.025656519,2024,13,4039057,6.36208739,,,,
,,,23.12790595,0.162781557,0.008986788,2.12153272,0.024355339,0.01363899,2024,13,4430802,5.40235025,,,,
0.815446283,0.007270837,0.000302108,15.35709428,0.095339623,0.007760463,1.082370795,0.019738264,0.010824186,2024,13,4361577,3.31028518,,,,
4.48093811,0.015054894,0.001634087,,,,,0.013797405,0.006431238,2024,13,4383351,0.65618344,2.481618548,0.011964646,0.000782177,0.010848655
5.803427064,0.02658744,0.004245712,,,,,0.013194223,0.006069343,2024,13,4249836,0.78467552,,,,
8.403507644,0.039332343,0.00313336,3.269640641,0.016327957,0.001150764,0.492303054,0.026418024,0.01268015,2024,13,3928925,2.00517562,,,,
5.248797604,0.063550867,0.002128455,4.857899424,0.050362827,0.001584079,0.477297272,0.025876809,0.012857927,2024,13,4035004,2.25091682,,,,
,,,14.56706925,0.095235398,0.006312011,1.255936166,0.025118723,0.014066485,2024,13,4427278,3.37687734,,,,
,,,5.240558585,0.018486705,0.000975423,0.451814007,0.00903628,0.005060317,2024,13,4360405,1.07885911,,,,
,,,4.077576276,0.021480106,0.003006193,0.479863754,0.007800294,0.004368164,2024,13,3918639,1.01398388,,,,
,,,24.25528308,0.103228928,0.005077064,1.857699216,0.019737873,0.011053209,2024,13,4036335,4.93945196,,,,
,,,23.69666466,0.218734685,0.016307061,2.294914892,0.033316169,0.018657055,2024,13,4372780,5.97317148,,,,
,,,40.56700152,0.143525997,0.007058977,2.757425437,0.055148509,0.030883165,2024,13,4372758,7.6290912,,,,
1.913492577,0.012528237,0.000648573,16.92102229,0.089700641,0.006480338,1.272514885,0.031740275,0.017145556,2024,13,4259305,3.75014635,,,,
,,,18.40148647,0.102121169,0.00999917,1.529692975,0.028916404,0.016193186,2024,13,4039050,4.08318352,,,,
,,,13.00472099,0.045018912,0.002316713,1.05604794,0.018205519,0.010195091,2024,13,15880,2.66594924,,,,
,,,4.7360182,0.029461702,0.001453712,0.462651898,0.005311275,0.002974314,2024,13,2975863,1.11012313,,,,
,,,16.91032914,0.138216444,0.007389351,1.600771134,0.018376961,0.010291098,2024,13,4426553,4.11578462,,,,
,,,19.20841724,0.081438831,0.004190913,1.686674182,0.019363134,0.010843355,2024,13,4426496,4.08335521,,,,
,,,14.22155765,0.067287389,0.005605639,1.170360777,0.013638437,0.007637524,2024,13,4039160,2.99253711,,,,
4.099922646,0.014118935,0.001532496,6.510684853,0.020754221,0.001266999,0.861071369,0.014382567,0.007342897,2024,13,4383396,2.12266405,,,,
,,,6.870858181,0.044761867,0.001861911,0.757366379,0.009250744,0.005180416,2024,13,3050481,1.70663059,,,,
,,,2.219833776,0.013568727,0.000956299,0.20638981,0.004127796,0.002311566,2024,13,4692022,0.51295338,,,,
,,,9.954215619,0.087203773,0.002696242,0.865961557,0.009835563,0.005507915,2024,13,3911853,2.37924221,,,,
,,,1.646207362,0.006645699,0.00020192,0.254312438,0.002524865,0.001413924,2024,13,4012556,0.45644996,,,,
,,,6.908824034,0.055280957,0.002416927,0.503041446,0.010060829,0.005634064,2024,13,4241424,1.57979406,,,,
,,,5.211758519,0.028875536,0.001779969,0.413518202,0.0081161,0.004545016,2024,13,3047876,1.10263138,,,,
,,,1.20063584,0.006937762,0.000210794,0.103692908,0.002073858,0.001161361,2024,13,3115255,0.32736707,,,,
2.191172922,0.019207571,0.001724528,22.76855761,0.059623934,0.00564302,1.952445013,0.047107853,0.025574502,2024,13,4036211,4.93534248,,,,
,,,14.49635849,0.105951442,0.003275898,1.32613693,0.015224142,0.008525519,2024,13,4360231,3.40138419,,,,
,,,10.78964413,0.069822882,0.00462772,1.237903585,0.014211217,0.007958282,2024,13,4361372,2.72951917,,,,
,,,11.0650813,0.101902684,0.008489402,0.789662577,0.013452729,0.007533528,2024,13,2998565,2.50985376,,,,
2.020576088,0.014103252,0.000902,4.064486313,0.015679862,0.00075412,0.590123253,0.012757946,0.006558619,2024,13,3917668,1.36785978,,,,
,,,9.108875401,0.052779276,0.003812989,0.760857139,0.015217143,0.0085216,2024,13,4689334,1.97940511,,,,
,,,5.289842535,0.036189397,0.001300322,0.396832606,0.005596691,0.003134147,2024,13,16799,1.13943319,,,,
,,,12.41144699,0.088171389,0.006703898,1.286122094,0.014764769,0.008268271,2024,13,4426844,3.05355638,,,,
,,,13.9170525,0.067603532,0.004127044,1.011507956,0.020230159,0.011328889,2024,13,4692835,2.79496471,,,,
,,,2.629866295,0.02619392,0.001145219,0.407544783,0.003440491,0.001926675,2024,13,2975417,0.82622262,,,,
,,,15.60299553,0.05960008,0.006556744,1.180430358,0.023608607,0.01322082,2024,13,3926231,3.13390859,,,,
,,,7.135534533,0.043195372,0.002077473,0.863827125,0.006941756,0.003887383,2024,13,3052897,1.83311599,,,,
,,,6.55753577,0.032255067,0.003548455,0.522916674,0.010458333,0.005856667,2024,13,4428532,1.36786023,,,,
,,,5.988881032,0.059673511,0.002134685,0.652691552,0.007492943,0.004196048,2024,13,4244049,1.605696,,,,
,,,6.819198771,0.051786497,0.002154107,0.76819187,0.010628101,0.005951737,2024,13,3127310,1.75351627,,,,
,,,2.087905376,0.015644677,0.001130235,0.215416912,0.002473001,0.00138488,2024,13,4373030,0.51763162,,,,
,,,2.831426625,0.011341808,0.000559632,0.184054603,0.003681092,0.002061412,2024,13,2578533,0.53234175,,,,
,,,14.88445273,0.068766286,0.003382103,1.139687158,0.022793743,0.012764496,2024,13,3127306,3.02256536,,,,
,,,2.832308575,0.009185874,0.000484679,0.241849181,0.004428019,0.002479691,2024,13,4243160,0.6612316,,,,
,,,1.268857447,0.008602379,0.000261371,0.091261362,0.001470967,0.000823741,2024,13,3122168,0.26867546,,,,
,,,6.49131409,0.047482242,0.002926939,0.672138694,0.007716198,0.004321071,2024,13,4035020,1.60357929,,,,
,,,13.15571405,0.094377468,0.004539066,1.310758097,0.015047592,0.008426651,2024,13,4365395,3.18521634,,,,
,,,12.66142834,0.099553092,0.00190355,1.290096384,0.014810394,0.008293821,2024,13,4360086,3.14116843,,,,
2.31185664,0.012615381,0.000506447,3.828552392,0.017848047,0.000551841,0.507954207,0.006909909,0.00352161,2024,13,2515270,1.30003143,,,,
,,,20.66941216,0.079354737,0.011044636,1.750281513,0.03500563,0.019603153,2024,13,4428678,4.27715812,,,,
,,,7.99001043,0.058166944,0.004845825,0.686217714,0.007877826,0.004411582,2024,13,4722908,1.83529711,,,,
,,,7.710120639,0.029595488,0.003255869,0.729501272,0.01222518,0.006846101,2024,13,3121410,1.6712286,,,,
,,,6.070921427,0.039434704,0.00320991,0.644237253,0.012468275,0.006982234,2024,13,4048228,1.48072237,,,,
,,,10.08875876,0.075670071,0.003712144,0.800502889,0.016010058,0.008965632,2024,13,4429006,2.25331462,,,,
,,,2.403787764,0.013204284,0.002760338,0.220468469,0.002530993,0.001417356,2024,13,2531358,0.54282551,,,,
,,,18.18301269,0.048571268,0.006760176,1.436658775,0.028733176,0.016090578,2024,13,4243830,3.5767652,,,,
,,,9.207904628,0.076498255,0.00327059,0.933463474,0.010716224,0.006001085,2024,13,4242558,2.30806568,,,,
,,,5.089203883,0.039156604,0.001920904,0.401402147,0.008028043,0.004495704,2024,13,4369466,1.14032436,,,,
,,,2.179641259,0.014418682,0.001016202,0.226338974,0.002598387,0.001455097,2024,13,4429262,0.5300058,,,,
,,,19.02204202,0.105107674,0.006416588,1.775169503,0.020379066,0.011412277,2024,13,4360967,4.29856657,,,,
,,,27.3843629,0.132727919,0.009895103,2.384977616,0.047699552,0.026711749,2024,13,4374187,5.88740813,,,,
,,,8.764617009,0.049291232,0.004826339,0.830703158,0.009536529,0.005340456,2024,13,4040612,2.00213602,,,,
,,,2.076698648,0.006944465,0.000341547,0.260475639,0.002198934,0.001231403,2024,13,3929914,0.50809066,,,,
,,,4.658319024,0.040014403,0.0012372,0.452387627,0.005193441,0.002908327,2024,13,4383440,1.15510109,,,,
,,,15.12740191,0.070198082,0.005848126,1.144605971,0.022892119,0.012819587,2024,13,4429684,3.12555068,,,,
,,,2.313204912,0.00492373,0.000465999,0.222242621,0.004444852,0.002489117,2024,13,4362630,0.47917686,,,,
1.366828982,0.012586926,0.00033111,15.91107943,0.089615974,0.003831422,1.053825286,0.026050888,0.014091059,2024,13,4241802,3.37566647,,,,
,,,16.93790545,0.049046294,0.004802356,1.305193596,0.026103872,0.014618168,2024,13,4245131,3.27432028,,,,
,,,2.429468496,0.018699519,0.000999717,0.23525048,0.002700691,0.001512387,2024,13,4239944,0.5894405,,,,
,,,3.957047801,0.039496255,0.002180496,0.389279952,0.00446896,0.002502618,2024,13,2508256,1.02143622,,,,
6.210316125,0.031982109,0.002068826,5.34037478,0.034591597,0.003387028,0.688642676,0.018037378,0.008862016,2024,13,4567095,2.23681808,,,,
,,,13.26034544,0.088580038,0.0066038,1.314172583,0.01508679,0.008448603,2024,13,4034948,3.16839615,,,,
,,,8.404777798,0.057542912,0.001100275,0.85719876,0.0098407,0.005510792,2024,13,2576399,2.03437278,,,,
,,,6.834117954,0.051425179,0.003408357,0.744327279,0.008544928,0.004785159,2024,13,4044144,1.73376214,,,,
,,,2.24146876,0.013210719,0.000252602,0.197941144,0.003958823,0.002216941,2024,13,4362617,0.49752806,,,,
,,,78.32256425,0.448836405,0.014141368,6.992916746,0.075246294,0.042137925,2024,14,4374302,17.49436096,,,,
,,,87.08975029,0.504907857,0.01359762,6.494767567,0.099921938,0.055956285,2024,14,4262921,18.15111241,,,,
,,,97.97124659,0.705593989,0.026914606,6.989895599,0.095558739,0.053512894,2024,14,4362628,20.96990762,,,,
69.85817348,0.504091663,0.025632248,30.06354002,0.125168889,0.008195546,3.967543928,0.140449423,0.067204119,2024,14,4430807,17.67223394,,,,
65.79563663,0.648551478,0.013116201,24.79023336,0.165442679,0.005212558,2.773680363,0.131431189,0.062635343,2024,14,4429795,16.63108714,,,,
75.1916046,0.633230765,0.031546813,22.6244395,0.096621598,0.006689786,2.863239891,0.166548624,0.078967193,2024,14,4047365,16.94689529,,,,
64.24063012,0.513723013,0.049077052,37.62776658,0.316707466,0.023117637,4.686467491,0.103256208,0.049894447,2024,14,4429160,19.90842335,,,,
0.115758658,,,75.66684415,0.333973717,0.028061447,7.229691556,0.068400265,0.03810391,2024,14,4432665,16.79351521,,,,
,,,64.28819411,0.418480023,0.019822545,4.847166668,0.041204649,0.023074604,2024,14,3040151,13.7814481,,,,
,,,60.08376563,0.302733513,0.021805721,6.412576814,0.057718985,0.032322632,2024,14,4361307,14.21784463,,,,
3.349438555,0.027695293,0.002522395,82.10410821,0.294034522,0.059613841,6.036023856,0.122051948,0.067363242,2024,14,4595348,16.50452541,,,,
12.34517632,0.105586221,0.007160908,,,,,0.521403161,0.249580281,2024,14,3915511,21.06917129,301.2521637,2.126830826,0.081127128,0.523714513
,,,69.51117389,0.382951809,0.02889597,5.770834216,0.05979941,0.033487669,2024,14,16800,15.01205706,,,,
,,,64.62824858,0.570560332,0.028626024,4.921938917,0.069416093,0.038873012,2024,14,16737,14.78946179,,,,
3.220372638,0.022823407,0.002180369,56.94033402,0.458901078,0.03349687,4.393041369,0.062220906,0.034147199,2024,14,3116406,13.31019832,,,,
34.06106551,0.576485211,0.01182107,,,,,0.523345985,0.249532875,2024,14,3918298,21.75452571,251.7039133,1.55044251,0.051243906,0.510641442
130.6381966,0.83346808,0.033557499,19.045499,0.154599513,0.01683779,2.294560002,0.200685589,0.094030207,2024,14,3929630,23.10936328,,,,
,,,66.71618052,0.358297151,0.02703563,5.625325727,0.103753219,0.058101803,2024,14,4569618,14.38733634,,,,
,,,72.25114766,0.384665574,0.025186325,6.022930436,0.08612316,0.04822897,2024,14,4426502,15.51222736,,,,
,,,74.76449009,0.456146406,0.049679958,5.040989113,0.09383641,0.05254839,2024,14,4047646,15.25105769,,,,
,,,81.8020822,0.574359808,0.02190873,5.962229341,0.094734567,0.053051358,2024,14,4239993,17.52881315,,,,
64.55174858,0.411941013,0.015539571,28.01684531,0.214405022,0.005774119,3.504627374,0.236897124,0.113599689,2024,14,3042519,16.34123098,,,,
,,,43.78644915,0.387008963,0.012193387,4.011970207,0.032240383,0.018054614,2024,14,4430027,10.70179845,,,,
3.201853333,0.015195065,0.001036284,90.77840551,0.404936221,0.020398071,7.212757237,0.135543809,0.07502413,2024,14,4426515,19.02796729,,,,
70.94112307,0.639712475,0.013117571,22.82860524,0.122456737,0.004047336,2.693199264,0.117746839,0.055942602,2024,14,4379399,16.56873998,,,,
,,,76.37146717,0.349158205,0.01596851,5.251499416,0.105029988,0.058816793,2024,14,4047650,14.9006708,,,,
3.112937456,0.023553926,0.002209422,62.11274073,0.411394907,0.049477054,4.859894687,0.086711653,0.047720624,2024,14,4432773,14.00237921,,,,
65.88318511,0.630121684,0.0263,19.50768767,0.117307633,0.005885532,2.723918984,0.183149124,0.087019743,2024,14,4596448,15.6690809,,,,
94.80968899,0.592555285,0.030155504,42.62400332,0.123723162,0.007147019,4.936589119,0.156697495,0.075170501,2024,14,3054850,22.90602708,,,,
82.16503527,0.520901442,0.035524804,14.36316484,0.103148216,0.005195941,2.224359949,0.246880722,0.116344145,2024,14,4430737,15.47677111,,,,
83.12704327,0.521229619,0.035350042,30.20884758,0.146077772,0.005572079,4.087587855,0.214127721,0.102568065,2024,14,4362238,19.3073814,,,,
4.41585091,0.037265489,0.004067858,59.15028564,0.379684338,0.052323096,5.092495908,0.06733562,0.036844324,2024,14,3915416,13.99167778,,,,
,,,58.89182396,0.395522468,0.011025789,6.41159101,0.093101301,0.052136728,2024,14,15847,14.59414634,,,,
,,,57.93441516,0.409495643,0.029495736,4.180864852,0.083617297,0.046825686,2024,14,4432708,12.39882833,,,,
15.47903438,0.219433109,0.009167515,,,,,0.573510119,0.274100763,2024,14,3052587,16.52882872,214.7077153,1.760685717,0.088336725,0.814325903
1.337041937,0.009733105,0.000364743,66.69623996,0.311737125,0.014257083,5.788786181,0.090311883,0.050237915,2024,14,4430878,14.45208557,,,,
,,,71.89564216,0.461242009,0.023234393,6.957250995,0.114317283,0.064017678,2024,14,2977187,16.8357187,,,,
76.23433162,0.708347729,0.077322432,13.29471443,0.063899246,0.008805753,1.976722684,0.184454623,0.086699145,2024,14,4259545,15.56683922,,,,
1.474700584,0.01212926,0.00045755,57.19650017,0.372120943,0.01002155,4.194017362,0.062543816,0.034685147,2024,14,4429205,12.31987656,,,,
20.59899619,0.090807331,0.00328,,,,,0.430614923,0.205933836,2024,14,3139477,17.05025869,238.4647887,1.781436783,0.049660252,0.962088214
50.87878697,1.006270697,0.040514962,,,,,0.518724303,0.245817096,2024,14,4040715,22.49431332,186.9817449,1.249459126,0.136081476,0.491767271
34.29722267,0.313200985,0.014570509,,,,,0.568698199,0.271480061,2024,14,3917315,17.45332016,214.5996661,1.286569765,0.092670881,0.636198189
61.77631414,0.53908149,0.020201806,22.28120553,0.043274326,0.001979121,3.371365636,0.080475404,0.038441738,2024,14,4426385,15.24085488,,,,
38.96298103,0.308183451,0.012875342,21.6566871,0.137282059,0.006887684,3.088233144,0.115393706,0.055746079,2024,14,4697815,11.75407491,,,,
70.39132661,0.476668352,0.019162149,20.61999091,0.106138991,0.005178383,2.355600905,0.104928263,0.049602416,2024,14,4241457,14.90582495,,,,
9.894988704,0.099462497,0.004463947,65.74527789,0.249038604,0.01179645,3.680739141,0.107400566,0.056338884,2024,14,3126486,13.27263664,,,,
,,,48.51708977,0.314061066,0.034205115,3.899939964,0.066398358,0.03718308,2024,14,4241478,10.63181141,,,,
,,,48.5643712,0.259675827,0.006993302,4.938857809,0.052647998,0.029482879,2024,14,4036133,11.30976274,,,,
16.3002933,0.132935472,0.005014699,,,,,0.626773867,0.299472025,2024,14,3912547,17.81954664,269.4931372,1.70965125,0.046042437,0.873078115
74.00898867,0.361382255,0.018652834,24.94041982,0.100181493,0.002908291,3.415683747,0.135154067,0.064459892,2024,14,3916148,15.99777955,,,,
5.275847191,0.028078566,0.002786074,74.48049734,0.323745171,0.018067301,6.069254839,0.107639227,0.058901852,2024,14,4241389,16.08257876,,,,
,,,50.19771792,0.346410344,0.025285759,4.470296095,0.064724401,0.036245664,2024,14,3054212,11.54832014,,,,
7.796354071,0.05227624,0.002604341,59.83328227,0.238667096,0.016524585,4.45181389,0.109797424,0.059410443,2024,14,4362249,12.91898427,,,,
56.90424178,0.428116451,0.040158476,19.35191301,0.091062884,0.010951821,2.952420913,0.139514648,0.066639051,2024,14,4239996,13.66573889,,,,
1.638401864,0.012337041,0.000636779,68.43363203,0.488700591,0.014187085,4.145565201,0.077758972,0.043061913,2024,14,3925357,14.10457028,,,,
4.084369044,0.034233778,0.000692,63.26527747,0.328147674,0.01033886,3.604371263,0.078686771,0.042929702,2024,14,4426388,12.45190294,,,,
71.66636322,0.614727413,0.028597903,22.80268148,0.104369617,0.007517684,2.96515517,0.186370253,0.088587649,2024,14,3045147,16.6266177,,,,
3.897344133,0.04940786,0.000999217,,,,,0.446253725,0.213668237,2024,14,3046779,15.84432068,262.189914,1.631029021,0.051388391,0.771386138
,,,50.73242283,0.340748951,0.046957534,5.095521114,0.099784857,0.05587952,2024,14,15818,12.19804713,,,,
75.67283915,0.479571439,0.043677762,16.63378431,0.079450597,0.01610816,2.090449358,0.298909501,0.141186721,2024,14,4360516,14.52036232,,,,
,,,80.58438748,0.315276179,0.040684995,5.001147238,0.072526159,0.040614649,2024,14,4241463,14.95329775,,,,
48.71860957,0.343360976,0.012405492,14.77958018,0.105549097,0.002942341,2.326060557,0.130897709,0.06258179,2024,14,4361529,11.27832806,,,,
61.34493605,0.250082881,0.024814278,19.34584774,0.088677078,0.004948817,2.593582817,0.147259905,0.070009143,2024,14,4038815,12.61861685,,,,
,,,70.88275653,0.34234678,0.016216268,4.890659586,0.068830458,0.038545057,2024,14,3886598,13.99017634,,,,
71.8209052,0.357117755,0.016027695,13.56668268,0.059135232,0.002801115,1.562068798,0.141072879,0.066212222,2024,14,4372561,12.54867238,,,,
22.86538824,0.225644555,0.010127086,,,,,0.501758931,0.239601038,2024,14,4361741,18.34946106,277.9025669,1.348035718,0.063853701,0.740605069
1.383285225,0.011694499,0.001121726,66.81450911,0.286557973,0.024077438,6.067468712,0.084097722,0.04680301,2024,14,3916433,14.63577529,,,,
1.510984864,0.015640404,0.001494161,50.45612507,0.310736431,0.02268179,4.138244719,0.074923017,0.041487043,2024,14,4372016,11.26057454,,,,
15.05997257,0.22138821,0.007932762,,,,,0.512310484,0.244871112,2024,14,4038941,17.46723153,271.0343024,1.192846519,0.069940375,0.329678605
,,,61.96640157,0.265120988,0.017359036,4.296240234,0.047915953,0.026832934,2024,14,4040655,12.06592452,,,,
6.860932911,0.090386373,0.004502943,,,,,0.503616878,0.241211843,2024,14,4036378,13.71845513,258.9747181,1.15767152,0.080153659,1.099920359
3.867286057,0.041359622,0.001494306,46.79979935,0.324892268,0.009056865,3.26733347,0.07823724,0.042523797,2024,14,4683062,10.53002504,,,,
,,,52.80732106,0.406092205,0.052404402,4.715318272,0.054341306,0.030431131,2024,14,3123076,12.47798415,,,,
,,,41.31796668,0.380973933,0.010620226,3.939470105,0.076354795,0.042758685,2024,14,15795,10.29484945,,,,
1.626652655,0.013025542,0.000267094,68.66210344,0.27118545,0.008962991,5.766764175,0.075017244,0.041679518,2024,14,4373678,14.43798687,,,,
60.44660466,0.346762667,0.021807106,14.94702863,0.051681287,0.003863015,2.988126106,0.191427901,0.091297802,2024,14,4241416,12.7919498,,,,
,,,36.25473383,0.155637347,0.010190496,2.658282618,0.021362085,0.011962768,2024,14,4360248,7.21459954,,,,
38.04897126,0.207437653,0.008339029,23.81235472,0.102471109,0.004999432,2.712365889,0.110341139,0.053569201,2024,14,4569987,10.73307077,,,,
58.22845,0.773747532,0.015648146,20.16121227,0.07818292,0.002463288,2.533384768,0.139353662,0.0661657,2024,14,4035538,15.39150318,,,,
,,,51.10651466,0.351278409,0.011610155,3.793244663,0.062954505,0.035254523,2024,14,2976499,10.96593985,,,,
,,,48.3272628,0.219321314,0.012239702,4.802063344,0.068602505,0.038417403,2024,14,4242355,10.90017411,,,,
,,,43.27201004,0.208996983,0.015621873,5.078405017,0.084987022,0.047592732,2024,14,16460,10.5978902,,,,
1.543021547,0.015233327,0.001662853,52.972304,0.338900813,0.046702848,4.176295718,0.088520852,0.049072183,2024,14,4431299,11.75355415,,,,
0.03078394,,,42.61314936,0.170357356,0.011795026,3.709710061,0.047181206,0.026112997,2024,14,4572680,8.96885959,,,,
35.19555343,0.32861853,0.011872854,11.50263483,0.09849956,0.002745825,1.848587854,0.055081698,0.026312686,2024,14,3059915,9.05917921,,,,
,,,38.07661066,0.352953819,0.017708319,3.881902537,0.072214347,0.040440034,2024,14,4243331,9.76373109,,,,
,,,33.28270261,0.191996305,0.009367249,2.941883395,0.0365567,0.020471752,2024,14,4361411,7.40088848,,,,
28.83762512,0.098213711,0.018211154,9.301120211,0.029425602,0.003797244,1.308522534,0.040203711,0.01915329,2024,14,4372019,5.89500516,,,,
29.53600529,0.134459022,0.006940136,17.75163296,0.080347733,0.002332512,2.212515542,0.05110473,0.0247537,2024,14,4428557,8.20050779,,,,
1.178397405,0.012124609,0.000434448,56.82070718,0.30458282,0.017858657,3.424160817,0.05884921,0.03258976,2024,14,4429025,11.09727654,,,,
5.334925415,0.049898229,0.004766884,,,,,0.533143389,0.255324237,2024,14,4241479,17.1779791,252.1161641,1.917787976,0.139986365,0.601829652
,,,49.32329572,0.131494984,0.015814451,6.352987898,0.082817852,0.046377997,2024,14,3051876,12.01534428,,,,
1.570437242,0.014768593,0.000735754,53.001651,0.319126458,0.022095347,2.958631771,0.045386815,0.025050613,2024,14,4248528,10.41597188,,,,
59.73995551,0.336014351,0.062305039,8.422082886,0.030504511,0.003936472,1.013274618,0.080120889,0.037412804,2024,14,3128720,10.08836704,,,,
13.65491838,0.163592763,0.006576457,,,,,0.42507814,0.203205439,2024,14,14881,16.28227125,245.3236093,1.388668675,0.067505529,0.592684667
4.181588325,0.033333671,0.004472023,,,,,0.461155046,0.221064269,2024,14,8439,13.88065085,243.3009728,1.296559351,0.09783304,0.715223955
,,,33.89210321,0.172191023,0.007875038,3.178509646,0.052219689,0.029243026,2024,14,2577327,7.55951013,,,,
1.777692992,0.014763941,0.00061681,20.94938406,0.174116332,0.008735725,1.645762723,0.03879174,0.021135726,2024,14,4430834,5.03524698,,,,
41.47426325,0.283288748,0.025800991,8.421576133,0.016176234,0.00327964,1.12613912,0.109505464,0.05165543,2024,14,4040761,7.87025535,,,,
42.17644028,0.578750208,0.020737724,10.12244595,0.033664817,0.001973875,1.30547776,0.098610782,0.046326439,2024,14,3051926,10.16523085,,,,
18.1132416,0.144774269,0.005425342,,,,,0.538553299,0.25754999,2024,14,15864,15.70014932,265.4089599,1.135501644,0.051931386,0.876009451
30.66499726,0.033177613,0.00362163,,,,,0.43272448,0.206678843,2024,14,4431611,15.62180515,206.8215556,1.306378795,0.180027925,0.553739541
44.40707769,0.369974817,0.0347,4.960887604,0.024137814,0.002902972,0.789461761,0.170867668,0.079833679,2024,14,4429013,8.02920625,,,,
3.438510091,0.060298494,0.003066081,,,,,0.657695499,0.31503772,2024,14,14880,12.51685799,251.7020434,1.086312973,0.071127321,1.068884488
1.830478557,0.013687187,0.001246583,42.07675058,0.053276727,0.010801556,4.185202713,0.044832674,0.024839145,2024,14,4569587,8.9533091,,,,
3.056155097,0.038587756,0.002631635,,,,,0.448223818,0.214828459,2024,14,12483,15.89158563,263.791838,1.616870215,0.081447476,0.707516052
31.4055579,0.241850307,0.012297698,5.507624057,0.017561236,0.001149838,0.802555789,0.037363489,0.017525964,2024,14,4373626,6.04317039,,,,
20.51232005,0.113380973,0.005770028,3.809772287,0.014749668,0.000852033,0.510039328,0.032533651,0.015309939,2024,14,4599739,3.69451465,,,,
,,,31.0151562,0.226689992,0.00658086,2.659442282,0.030587887,0.017129217,2024,14,4360635,7.10081114,,,,
35.33109217,0.210671048,0.020207377,19.15978584,0.091063336,0.007651407,2.588011868,0.148350643,0.071772335,2024,14,2576336,9.86013057,,,,
,,,26.14947638,0.158022623,0.021776597,3.397336496,0.038927024,0.021799133,2024,14,4258595,6.9614008,,,,
20.38634448,0.109878075,0.006909979,7.170513321,0.037714583,0.002819048,1.216269607,0.054471404,0.02608362,2024,14,4678008,4.82624215,,,,
,,,32.98304822,0.26676504,0.010175648,3.070235414,0.0286947,0.016069032,2024,14,3116164,7.95809971,,,,
57.97140151,0.295938578,0.039702917,18.17452544,0.073646909,0.005557093,2.469443814,0.113279895,0.053776514,2024,14,4685247,12.28750442,,,,
,,,49.68941633,0.484398453,0.014062193,3.293386366,0.054965337,0.030780589,2024,14,3929785,11.13673393,,,,
26.40445244,0.133111465,0.00907803,1.796087191,0.010020509,0.000504769,0.284764633,0.051046179,0.02372164,2024,14,4429096,3.97671712,,,,
2.37129943,0.01121745,0.00070544,35.08696928,0.1600853,0.011965878,3.557055845,0.079518977,0.043692841,2024,14,4430034,8.2777594,,,,
12.92064565,0.091819599,0.00911,5.507465729,0.029948709,0.001671353,0.811370088,0.040145863,0.019252444,2024,14,3051392,3.36891089,,,,
,,,34.8775922,0.222564553,0.010858634,2.108904003,0.029742725,0.016655926,2024,14,3045138,6.92124196,,,,
,,,39.90239123,0.138232068,0.008104985,4.181190057,0.042689785,0.02390628,2024,14,3127292,8.970347,,,,
19.88189567,0.152531716,0.003127726,3.875726962,0.019716275,0.000651646,0.491736527,0.033799804,0.015880009,2024,14,4429501,3.8835376,,,,
27.37896322,0.174878473,0.00813557,1.629742133,0.009672908,0.000696734,0.231446441,0.064635092,0.029964336,2024,14,4429275,4.1990652,,,,
29.08477195,0.146489165,0.006574537,5.581037251,0.020099756,0.000952084,0.670160287,0.047154626,0.022143727,2024,14,4039358,5.10828252,,,,
,,,25.23052285,0.135597903,0.010231661,2.717521619,0.035656039,0.019967382,2024,14,3915486,6.03563188,,,,
,,,44.77270694,0.238162685,0.013757757,2.515039209,0.044902011,0.025145126,2024,14,3051738,8.39969928,,,,
1.208006927,0.006335625,0.001174775,56.30406949,0.168154284,0.021699566,4.273455688,0.064465031,0.035781735,2024,14,4372414,11.047492,,,,
,,,40.90705917,0.263887678,0.014726824,3.387456963,0.051031844,0.028577833,2024,14,16731,9.03513693,,,,
,,,36.80886845,0.158456832,0.007505777,2.369666678,0.047393334,0.026540267,2024,14,4428209,6.96447954,,,,
,,,36.60067472,0.235723382,0.013616848,3.435408483,0.027607106,0.015459979,2024,14,3929645,8.50685599,,,,
2.032424329,0.010785006,0.000406841,,,,,0.002031512,0.000934496,2024,14,4242431,0.2669508,,,,
15.7131104,0.096629835,0.006076828,,,,,0.47073031,0.225235245,2024,14,4685720,10.63181578,182.4599005,0.801347545,0.059898233,0.858480052
,,,12.65725865,0.109041116,0.013114001,1.437616907,0.01650394,0.009242206,2024,14,4430539,3.36576866,,,,
23.4107544,0.248689572,0.008911022,14.04428076,0.068439935,0.004012851,1.83926822,0.069172063,0.033371858,2024,14,4430968,7.44847681,,,,
3.57010871,0.022780855,0.00115837,36.56054403,0.094271943,0.00617254,3.425383524,0.079610097,0.043471411,2024,14,3728262,8.10447545,,,,
20.31070561,0.077302528,0.003989989,,,,,0.645861759,0.308327413,2024,14,4361418,17.23541268,246.0392007,1.793629918,0.05206947,0.894032421
24.83209986,0.143269978,0.005404546,5.475514238,0.032216613,0.000867622,0.790902398,0.065744938,0.030980477,2024,14,4240021,4.88059923,,,,
,,,28.85002065,0.229098649,0.006386472,3.124337515,0.025107325,0.014060102,2024,14,4240472,7.36924421,,,,
,,,33.14008088,0.288387518,0.0145271,2.884051123,0.057681022,0.032301373,2024,14,3043116,7.89435977,,,,
48.81417345,0.291219634,0.0279,10.40354993,0.033528323,0.002817148,1.393884395,0.107478119,0.050616651,2024,14,4430104,9.22718347,,,,
10.67138222,0.068450746,0.012692394,,,,,0.526828647,0.252163339,2024,14,2969939,15.35218464,273.6092191,1.269487983,0.163821805,1.005300239
7.306861994,0.062054767,0.003158005,,,,,0.450922618,0.215937019,2024,14,16757,15.04474998,255.2712376,1.297479227,0.074950467,0.597627069
,,,22.31642287,0.136866102,0.010327354,2.040908832,0.028783762,0.016118907,2024,14,3128390,5.08292663,,,,
,,,32.83668078,0.146604015,0.008595858,2.55355468,0.044921562,0.025156075,2024,14,4242433,6.68491441,,,,
,,,31.432603,0.113407761,0.005186626,3.658065454,0.029396388,0.016461977,2024,14,4036131,7.45999562,,,,
1.356233434,0.013330647,0.00027335,15.55566594,0.109203804,0.003609311,1.478132939,0.027819617,0.015155423,2024,14,3121427,3.88271606,,,,
,,,49.21118445,0.206045602,0.014265972,3.099400102,0.061988002,0.034713281,2024,14,4428850,9.21753554,,,,
6.669020681,0.091465662,0.003676935,,,,,0.036296858,0.016933853,2024,14,4362887,1.42745274,4.098405314,0.023199264,0.001377664,0.011089032
,,,37.76203439,0.31603809,0.010445422,3.192695378,0.035955669,0.020135175,2024,14,3930086,8.84669585,,,,
,,,35.83525754,0.232940122,0.016778543,3.13791984,0.058945331,0.033009385,2024,14,4360761,8.08817864,,,,
,,,23.27101688,0.149868526,0.008363738,2.035091842,0.039262578,0.021987043,2024,14,4249417,5.23519608,,,,
4.168468072,0.034029828,0.00326411,42.21040844,0.138184561,0.01161067,3.142530068,0.061194516,0.033214663,2024,14,4428718,8.79674417,,,,
18.70600893,0.138946536,0.005594333,2.418256401,0.01029387,0.001121129,0.330121172,0.03282501,0.015363266,2024,14,4371733,3.35234803,,,,
15.25742465,0.082127769,0.005569945,4.161567776,0.022096171,0.00084285,0.557477732,0.026486925,0.012593442,2024,14,4035886,3.11760144,,,,
,,,8.967811904,0.075848602,0.003820763,1.012312435,0.009297132,0.005206394,2024,14,4242557,2.36165938,,,,
5.245289739,0.047551499,0.001986615,36.96784756,0.323310482,0.01622106,3.154614399,0.06426091,0.034582665,2024,14,2976592,9.57004803,,,,
,,,39.08973391,0.176528621,0.035790182,2.581777873,0.051635557,0.028915912,2024,14,3916945,7.56503353,,,,
4.472709202,0.042017534,0.00417,,,,,0.850670953,0.40728167,2024,14,2972515,14.6935916,264.0453331,1.35527962,0.075596743,0.678063235
29.60647489,0.184466233,0.017622451,7.236268738,0.046480358,0.003392771,0.954319728,0.085032235,0.040077443,2024,14,4682745,5.98839319,,,,
,,,7.390380396,0.051497958,0.002873955,0.756852286,0.008688716,0.004865681,2024,14,4372096,1.80112382,,,,
,,,13.99690053,0.094858292,0.002644319,1.50495363,0.030099073,0.016855481,2024,14,3120348,3.44616311,,,,
8.19000492,0.097739733,0.00916825,,,,,0.532402774,0.254747879,2024,14,4241464,12.97526186,221.1890318,1.209933025,0.145514494,0.965690064
1.830649445,0.010468308,0.000378216,3.921527191,0.024371693,0.000679398,0.563246563,0.007827365,0.0040446,2024,14,3116389,1.34173666,,,,
,,,25.01668187,0.165108602,0.005202032,1.871793281,0.026398657,0.014783248,2024,14,3134353,5.34564665,,,,
,,,49.51226334,0.24753847,0.012077079,2.731815052,0.054636301,0.030596329,2024,14,4243389,9.22247855,,,,
18.69629755,0.094966464,0.012740636,17.60517434,0.084069514,0.00634354,2.592315715,0.059929731,0.029756108,2024,14,4695404,7.27691891,,,,
,,,38.85242602,0.212424308,0.025547543,3.548562193,0.070971244,0.039743897,2024,14,4432620,8.68182994,,,,
,,,28.44797647,0.229328871,0.00874766,2.177834074,0.043556681,0.024391742,2024,14,4368003,6.36846878,,,,
12.70784911,0.092747865,0.004719996,1.64727154,0.00416515,0.000240605,0.266625401,0.022558907,0.010568768,2024,14,2980453,2.31554131,,,,
3.529477122,0.047354239,0.004542176,,,,,0.473587238,0.22705719,2024,14,4260394,14.29956942,269.4056751,1.163255706,0.097740142,0.764841904
,,,17.97337536,0.080791333,0.004069745,1.509840828,0.025527094,0.014295173,2024,14,4360797,3.77214751,,,,
12.04131488,0.085999638,0.001763458,6.384383903,0.032167973,0.001063188,0.641712315,0.029502607,0.014145528,2024,14,3915411,3.17611661,,,,
,,,28.37638131,0.194889024,0.005657671,2.696819522,0.042765598,0.023948735,2024,14,3045144,6.66833767,,,,
14.81446639,0.087244155,0.004346401,1.585174744,0.006251452,0.000432832,0.234742634,0.025254584,0.0117814,2024,14,4887558,2.42234206,,,,
,,,20.20228103,0.108172662,0.009088983,1.97965899,0.022726619,0.012726907,2024,14,4429086,4.64224722,,,,
,,,10.2413725,0.075634828,0.008237564,0.80018871,0.012897582,0.007222646,2024,14,4361409,2.28050496,,,,
,,,15.61514918,0.152969297,0.011165789,1.120857135,0.018175909,0.010178509,2024,14,16733,3.6026424,,,,
,,,31.95959463,0.253229689,0.014628121,2.649348055,0.036008887,0.020164977,2024,14,3843945,7.35455994,,,,
,,,4.874046516,0.028874193,0.001692986,0.451533971,0.005183641,0.002902839,2024,14,4250764,1.10990087,,,,
,,,25.33382772,0.180244128,0.019630804,2.401588617,0.0275704,0.015439424,2024,14,4241374,6.02554492,,,,
3.505487713,0.033082498,0.001382126,1.677104373,0.008303833,0.000416618,0.233982767,0.01158954,0.005574295,2024,14,4430871,1.01964602,,,,
,,,7.355775413,0.020370356,0.004129975,0.518241629,0.010364833,0.005804306,2024,14,4692590,1.37296624,,,,
21.49352297,0.219793856,0.020018089,,,,,0.76380881,0.365106036,2024,14,3924327,13.80740595,230.1224453,0.791350402,0.16044183,0.840938337
1.322666035,0.006779323,0.000672673,11.08813455,0.068746594,0.003836553,0.931375421,0.023075829,0.012477632,2024,14,3676833,2.77202736,,,,
2.312945641,0.014490439,0.000650341,13.55978375,0.061135408,0.00289586,1.552828745,0.020391437,0.010918821,2024,14,16002,3.57964973,,,,
,,,19.67332245,0.138289284,0.01784562,1.824069399,0.030519781,0.017091078,2024,14,3128452,4.62345043,,,,
,,,14.43413412,0.06843488,0.003129822,1.55420144,0.017842338,0.009991709,2024,14,4576297,3.39497136,,,,
17.35538779,0.127708785,0.004785822,7.650966507,0.03413696,0.00156123,1.107098598,0.045307626,0.02177612,2024,14,4427391,4.60905302,,,,
,,,6.737382337,0.045016,0.002258533,0.549098277,0.010981966,0.006149901,2024,14,4426407,1.53975722,,,,
19.32255978,0.183409545,0.020020777,4.522352283,0.025122825,0.003462097,0.737216209,0.043160449,0.020492361,2024,14,4037457,4.38002266,,,,
1.393200243,0.012309688,0.000464356,16.60081141,0.110681029,0.002980739,1.242629925,0.029665471,0.016131377,2024,14,4382466,3.75840647,,,,
,,,41.06450233,0.124909982,0.009336632,3.79862492,0.071093463,0.03981234,2024,14,4212909,8.59546163,,,,
3.31380037,0.02718871,0.002597395,15.01186405,0.121086602,0.008838554,1.231863575,0.035712268,0.01889137,2024,14,4569603,3.99443069,,,,
,,,7.088706998,0.048087802,0.002422353,0.699794387,0.011279409,0.006316469,2024,14,2310331,1.68970127,,,,
9.546126042,0.076363343,0.003069819,5.974374619,0.035046216,0.001709859,0.622551093,0.020753349,0.010028917,2024,14,15807,2.83310784,,,,
3.572567756,0.024424856,0.000983405,,,,,0.006379146,0.002934407,2024,14,4431545,0.50488337,,,,
,,,23.14123371,0.103011302,0.007699774,2.745419285,0.0315176,0.017649856,2024,14,4431588,5.6585443,,,,
,,,6.84749563,0.058301778,0.001836898,0.688870978,0.006326628,0.003542912,2024,14,4242392,1.72018598,,,,
,,,12.81639109,0.066515938,0.004791105,1.224607224,0.023660386,0.013249816,2024,14,4037235,2.94174416,,,,
,,,16.10797815,0.072266665,0.004032998,1.17677177,0.023535435,0.013179844,2024,14,4426485,3.20349988,,,,
,,,2.224704381,0.017706417,0.00047685,0.247337487,0.002271561,0.001272074,2024,14,3052096,0.57451592,,,,
,,,28.80390601,0.223644433,0.007391705,2.011514417,0.033047141,0.018506399,2024,14,2991662,6.21241223,,,,
2.549872168,0.020003083,0.001821814,3.691618366,0.015402052,0.003122679,0.466051857,0.008411942,0.004262934,2024,14,4570561,1.32716569,,,,
,,,4.033858125,0.031570458,0.002274002,0.38509728,0.006000292,0.003360163,2024,14,3059722,0.97589192,,,,
2.315787517,0.012395794,0.000639812,,,,,0.004636743,0.002132902,2024,14,4367567,0.30308974,,,,
,,,2.997009523,0.024658735,0.000940598,0.215799621,0.004315992,0.002416956,2024,14,4429033,0.66061427,,,,
,,,37.4895465,0.215536173,0.010515728,1.967792595,0.031688159,0.017745369,2024,14,3930066,6.996339,,,,
,,,18.40453528,0.127670822,0.003559018,1.420644328,0.026588181,0.014889381,2024,14,3118892,4.00516406,,,,
4.936262744,0.065269633,0.002338736,,,,,0.014643026,0.006735792,2024,14,4372071,0.87683636,,,,
12.89267753,0.077780463,0.003618446,7.613155374,0.033499716,0.002412965,1.109611638,0.023241142,0.011346639,2024,14,4362478,3.82337413,,,,
2.558384304,0.019577841,0.000701511,13.24167287,0.055642037,0.003262469,1.075577847,0.030589466,0.01622231,2024,14,4362477,3.23840031,,,,
,,,20.06511868,0.174086597,0.004688308,1.944401805,0.029641745,0.016599377,2024,14,3921690,4.97239112,,,,
10.04784725,0.06575005,0.00327559,8.208925216,0.032751647,0.002267625,1.194912306,0.029804813,0.014718958,2024,14,3149687,3.59403425,,,,
,,,21.76524766,0.155977723,0.007609949,1.749986284,0.020089961,0.011250378,2024,14,4430802,4.85562693,,,,
3.080555832,0.016638236,0.001650916,,,,,0.012057838,0.005635087,2024,14,4383351,0.52957938,2.534621753,0.013009589,0.000763603,0.012803156
2.496517063,0.014601431,0.002707452,12.50394213,0.048452634,0.006252598,1.15801738,0.030749144,0.016366628,2024,14,4240600,3.07066689,,,,
,,,4.680196341,0.024801176,0.001871395,0.435482766,0.008709655,0.004877407,2024,14,4427278,1.15653133,,,,
,,,10.21630737,0.036205992,0.001655856,0.923182415,0.018463648,0.010339643,2024,14,4360405,2.14516873,,,,
,,,29.63360697,0.140517529,0.008117166,2.442452517,0.02595082,0.014532459,2024,14,4036335,6.29569073,,,,
,,,12.45940023,0.0968816,0.007241598,1.415991526,0.020084501,0.01124732,2024,14,4372780,3.23574011,,,,
1.909118989,0.012118029,0.000616694,32.40145172,0.127293969,0.007353291,2.462696941,0.054996864,0.030223952,2024,14,4372758,6.68717007,,,,
1.595975073,0.009878091,0.000492115,17.30020389,0.067754215,0.004691096,1.235037746,0.029891041,0.016219955,2024,14,4259305,3.56916799,,,,
,,,6.940147837,0.02424954,0.004916457,0.566743674,0.006506256,0.003643503,2024,14,4367209,1.40897321,,,,
7.363456382,0.045313022,0.004328849,,,,,0.02049915,0.009429609,2024,14,3122976,0.99856345,,,,
,,,17.23619801,0.07046765,0.014286918,1.825883012,0.022658954,0.012689014,2024,14,4361516,3.97610272,,,,
,,,1.756241254,0.014491046,0.001578253,0.133311381,0.002666228,0.001493087,2024,14,4686104,0.39612231,,,,
,,,21.55021763,0.15331193,0.0184383,2.280448785,0.042935864,0.024044084,2024,14,4039050,5.45845957,,,,
,,,4.712828622,0.028542494,0.001352,0.395484705,0.004540191,0.002542507,2024,14,2975863,1.03576152,,,,
,,,13.29934089,0.10976597,0.0055293,1.509553331,0.017329775,0.009704674,2024,14,4426553,3.49019029,,,,
3.68757475,0.020680262,0.002051983,6.512529123,0.023010665,0.00128416,0.865520951,0.014817264,0.007546614,2024,14,4383396,2.13964716,,,,
,,,12.67286701,0.082252114,0.003137475,1.349430371,0.016248757,0.009099304,2024,14,3050481,3.0987351,,,,
,,,1.723492066,0.007031829,0.000189373,0.267446926,0.002655266,0.001486949,2024,14,4012556,0.47946215,,,,
,,,2.580470726,0.009513543,0.000622908,0.20155706,0.00395595,0.002215332,2024,14,3047876,0.51360494,,,,
,,,1.232871285,0.007567152,0.00020379,0.104555161,0.002091103,0.001171018,2024,14,3115255,0.33519636,,,,
,,,10.79271253,0.054807185,0.004135525,1.274809568,0.0146349,0.008195544,2024,14,4361372,2.67519029,,,,
1.057936135,0.009392801,0.000897314,3.59230866,0.018449389,0.001346688,0.490025563,0.008966499,0.004697521,2024,14,3917668,1.11743314,,,,
,,,4.596707622,0.020096095,0.001391393,0.370026653,0.007400533,0.004144299,2024,14,4689334,0.94496377,,,,
,,,9.811684817,0.081234939,0.005851306,1.084477518,0.012449875,0.00697193,2024,14,4426844,2.55114319,,,,
,,,10.96165242,0.060534531,0.003378261,0.80330196,0.016066039,0.008996982,2024,14,4692835,2.25186115,,,,
,,,6.269218479,0.054631729,0.00398777,0.716893375,0.005760989,0.003226154,2024,14,3052897,1.67328063,,,,
,,,1.742950113,0.012104019,0.001318277,0.143775991,0.00287552,0.001610291,2024,14,4428532,0.39018729,,,,
,,,10.00751832,0.075698326,0.002887483,1.086636106,0.01491898,0.008354629,2024,14,3127310,2.5310372,,,,
,,,2.757137573,0.01080059,0.000511602,0.169542537,0.003390851,0.001898876,2024,14,2578533,0.50737469,,,,
,,,5.247507285,0.03032548,0.001479541,0.3571819,0.005757121,0.003223988,2024,14,3914397,1.06054841,,,,
,,,22.81506134,0.108486427,0.006266851,1.689162648,0.033783253,0.018918622,2024,14,3127306,4.5971778,,,,
,,,1.303158192,0.009251962,0.000249164,0.09769115,0.001574603,0.000881778,2024,14,3122168,0.28229509,,,,
,,,2.43393303,0.006955373,0.000318099,0.250867051,0.00380169,0.002128947,2024,14,2971281,0.5324711,,,,
,,,31.59400335,0.116449676,0.015027315,2.187936863,0.043758737,0.024504893,2024,14,4360174,6.0282381,,,,
,,,6.517581502,0.034373453,0.002250633,0.679444352,0.007800067,0.004368038,2024,14,4035020,1.53341421,,,,
,,,9.169411395,0.091415283,0.006672736,0.869171256,0.009978145,0.005587761,2024,14,4365395,2.33703744,,,,
,,,14.12995487,0.124957709,0.00362755,1.310997469,0.01505034,0.00842819,2024,14,4360086,3.46453513,,,,
1.600957625,0.007947737,0.001066263,3.70537853,0.017137277,0.001293108,0.572231023,0.008139069,0.004227049,2024,14,4035537,1.33173701,,,,
,,,2.229400027,0.015600573,0.000782708,0.186348047,0.003726961,0.002087098,2024,14,4429006,0.50038111,,,,
,,,6.572752564,0.041394103,0.008392421,0.607057413,0.00696906,0.003902674,2024,14,2531358,1.52186098,,,,
,,,9.432840344,0.066669414,0.003909039,0.934942887,0.010733208,0.006010596,2024,14,4242558,2.27432349,,,,
,,,2.277362917,0.016234655,0.000814521,0.180537559,0.003610751,0.002022021,2024,14,4369466,0.50336218,,,,
,,,2.680130608,0.016784318,0.000936685,0.253365325,0.002908651,0.001628845,2024,14,4360967,0.62077677,,,,
,,,5.31824296,0.018066506,0.001350415,0.571258915,0.011425178,0.0063981,2024,14,4374187,1.20168868,,,,
,,,8.16982181,0.057128148,0.006870606,0.977680775,0.011223842,0.006285351,2024,14,4040612,2.13889875,,,,
,,,1.805307549,0.006923646,0.000399953,0.247972226,0.00209338,0.001172293,2024,14,3929914,0.46855544,,,,
,,,2.038714793,0.01453691,0.001047085,0.210183433,0.00241292,0.001351235,2024,14,4696700,0.50073167,,,,
,,,9.948022916,0.038006558,0.00185429,0.683485548,0.01101654,0.006169263,2024,14,4035656,1.89798824,,,,
1.335309828,0.008943665,0.000857868,18.49578862,0.090248344,0.007582929,1.510516645,0.034570902,0.018923648,2024,14,4362630,4.06872484,,,,
1.103557037,0.01101637,0.000394738,13.53588213,0.061217642,0.003589385,0.911005766,0.02275907,0.012291184,2024,14,4241802,2.79233963,,,,
,,,4.210470609,0.019936933,0.002397747,0.397173747,0.007943475,0.004448346,2024,14,4245131,0.93395121,,,,
,,,4.489222228,0.034642035,0.001745042,0.516821159,0.005933142,0.003322559,2024,14,4239944,1.17059716,,,,
,,,6.892411891,0.066266358,0.003233049,0.585375096,0.006720146,0.003763282,2024,14,2508256,1.67133157,,,,
,,,9.262305177,0.075070386,0.00217931,0.884877203,0.01015845,0.005688732,2024,14,2576399,2.25477939,,,,
,,,4.568685512,0.028384323,0.002141764,0.513478993,0.005894774,0.003301073,2024,14,4044144,1.13849026,,,,
,,,3.162018033,0.03188425,0.003472587,0.329597569,0.002648662,0.001483251,2024,14,2574576,0.84115374,,,,
,,,2.418970022,0.016843609,0.002173593,0.232907274,0.002673791,0.001497323,2024,14,4362018,0.57728927,,,,
,,,16.452508,0.08152679,0.006850119,1.346494078,0.026929882,0.015080734,2024,14,4426399,3.46515239,,,,
,,,2.440301976,0.018394537,0.000533997,0.190815618,0.003816312,0.002137135,2024,14,4362617,0.54210756,,,,
,,,7.201786543,0.04450392,0.002570823,0.693350871,0.007959715,0.00445744,2024,14,4373634,1.67698981,,,,
,,,11.73866202,0.072966321,0.002411621,1.084044203,0.012444901,0.006969145,2024,14,4746079,2.68692208,,,,
,,,4.986310709,0.031785018,0.001050531,0.408783639,0.008175673,0.004578377,2024,14,4036448,1.09128513,,,,
1.912818443,0.017460817,0.000310405,75.08306491,0.407897173,0.011421173,6.986868825,0.078249348,0.043506325,2024,15,4374302,17.17711961,,,,
,,,99.61584106,0.576834016,0.013097008,6.304890816,0.095144695,0.053281029,2024,15,4262921,19.64962498,,,,
1.075695557,0.00652792,0.000413063,97.96510963,0.715289044,0.025456307,7.763562725,0.107937385,0.060167783,2024,15,4362628,21.9327982,,,,
90.3399721,0.776997248,0.03964813,29.19276688,0.131912964,0.011341265,3.658265644,0.156006631,0.074120151,2024,15,4430807,21.0228553,,,,
67.39995561,0.640684079,0.011389596,25.73660045,0.175375941,0.004910549,3.023444864,0.125410166,0.059996632,2024,15,4429795,17.14937962,,,,
56.33916863,0.223251583,0.009734519,,,,,0.52307669,0.248488562,2024,15,3916387,23.93965646,224.4663075,2.264888593,0.087438137,0.391572382
116.5330504,0.869244176,0.037901967,10.88892037,0.085235684,0.003290603,1.224927309,0.221444113,0.102965994,2024,15,3043078,19.5763007,,,,
77.50823099,0.403867116,0.02328212,11.84141906,0.040706053,0.003496629,1.418771609,0.220971558,0.103073266,2024,15,4242335,12.87441859,,,,
92.2163971,0.777550287,0.034218203,19.98080637,0.087896464,0.005773133,2.47871722,0.18581232,0.087478196,2024,15,4047365,18.80105235,,,,
58.36444244,0.464750124,0.045644316,36.54303414,0.277287371,0.023507305,4.706739116,0.09364487,0.045459989,2024,15,4429160,18.69956701,,,,
0.375763964,,,68.42730116,0.355539321,0.030469046,6.555759336,0.064702104,0.035783813,2024,15,4432665,15.56038224,,,,
,,,66.96635571,0.436268003,0.021132958,5.075407054,0.042891642,0.02401932,2024,15,3040151,14.38501192,,,,
,,,62.95661782,0.46924082,0.034357622,6.306017291,0.056006231,0.03136349,2024,15,4361307,15.42458826,,,,
2.237416166,0.02218744,0.002270618,79.88059602,0.208315508,0.051482909,6.51786782,0.12810624,0.070950268,2024,15,4595348,16.08167724,,,,
53.02628956,0.522274712,0.020005021,,,,,0.437023938,0.207906863,2024,15,4426348,21.8717038,229.7416632,1.428505445,0.101330997,0.653320021
9.510385716,0.102955117,0.006514625,,,,,0.542273578,0.259626849,2024,15,3915511,19.75468387,284.3477072,2.088577338,0.074330043,0.59953934
,,,76.98156839,0.517480865,0.036739175,6.128439585,0.068674899,0.038457943,2024,15,16800,16.92985608,,,,
62.88672177,0.369845555,0.046685628,35.05198928,0.124937972,0.008870121,3.916272177,0.260189762,0.125317352,2024,15,4427366,16.54616124,,,,
,,,68.858712,0.450238769,0.020893996,5.318333951,0.075006613,0.042003703,2024,15,16737,14.86539835,,,,
2.831946814,0.017201993,0.001689452,69.02753899,0.420316749,0.035632759,5.356451651,0.072988912,0.040288074,2024,15,3116406,15.16350696,,,,
,,,93.46076283,0.411269541,0.01970062,6.405267819,0.099400138,0.055664077,2024,15,4258173,18.14965643,,,,
34.50354261,0.671112964,0.010927564,,,,,0.549327109,0.262025383,2024,15,3918298,21.51172003,264.3533792,1.265841898,0.040790576,0.598360143
108.7950419,0.653389267,0.030257169,18.04502796,0.132048108,0.014847393,2.201035241,0.183290307,0.085930115,2024,15,3929630,19.52085137,,,,
,,,74.22522544,0.461928746,0.032795186,5.851591737,0.105729134,0.059208315,2024,15,4569618,15.9956505,,,,
,,,69.84004386,0.416425511,0.035802336,5.431457279,0.077139188,0.043197945,2024,15,4426502,14.90125751,,,,
,,,75.04989749,0.366026098,0.041155707,5.164440919,0.095903179,0.05370578,2024,15,4047646,14.84301911,,,,
,,,70.71033728,0.525813096,0.018713078,5.768974126,0.091602955,0.051297655,2024,15,4239993,15.93213528,,,,
69.95332067,0.44694936,0.015178078,30.12943007,0.203531059,0.00462117,3.122233065,0.228826251,0.109274136,2024,15,3042519,16.86050088,,,,
75.99990657,0.783143714,0.027188466,30.49630059,0.198590327,0.009512867,3.638806425,0.106808446,0.050898616,2024,15,3116385,20.15325682,,,,
,,,46.03591302,0.400992506,0.011227842,4.308583456,0.034623981,0.019389429,2024,15,4430027,11.30271862,,,,
7.894844863,0.074066427,0.003633734,91.82358263,0.479068745,0.023025512,7.402674492,0.116209715,0.063251506,2024,15,4426515,20.62320975,,,,
0.952983629,0.006658513,0.000255045,70.25126996,0.412008918,0.029225842,5.048959876,0.080595351,0.04490182,2024,15,3121422,14.65267795,,,,
58.31757652,0.569317762,0.009270059,19.87563438,0.104695642,0.00337372,2.507005351,0.102833394,0.048951914,2024,15,4379399,14.3005026,,,,
,,,72.64370976,0.318508095,0.015102793,5.099386135,0.101987723,0.057113125,2024,15,4047650,14.19347902,,,,
3.125965002,0.025543043,0.002434659,66.80491304,0.431308638,0.049976698,4.915590388,0.088092667,0.048445662,2024,15,4432773,14.66004767,,,,
4.299833089,0.027245937,0.001188014,64.80837254,0.593961772,0.022930448,4.202972337,0.058155462,0.031759081,2024,15,4429615,14.82729392,,,,
38.65153396,0.328296567,0.012779142,16.21054663,0.083662172,0.003882467,2.4033061,0.106586257,0.051433307,2024,15,4596448,10.30080546,,,,
63.09497329,0.386009733,0.018619639,33.42083125,0.085179734,0.004829442,4.311031547,0.116703897,0.05634845,2024,15,3054850,16.72702807,,,,
82.73525936,0.689123528,0.033808724,10.71134662,0.090716235,0.0043601,1.774689002,0.249445604,0.116843606,2024,15,4430737,15.64763861,,,,
64.17627064,0.493006187,0.031195639,30.57089916,0.165639559,0.00589492,4.626865751,0.193293231,0.093302991,2024,15,4362238,17.94613234,,,,
2.50439124,0.018447004,0.002464533,70.01029804,0.344358053,0.048029169,5.454948184,0.068049975,0.037579365,2024,15,3915416,14.91087013,,,,
,,,61.99940508,0.343918185,0.009178281,5.898562574,0.083563034,0.046795299,2024,15,15847,14.08898616,,,,
,,,55.34715985,0.487913694,0.035724843,3.893577826,0.077871557,0.043608072,2024,15,4432708,12.34206752,,,,
16.96359659,0.20256371,0.007884915,,,,,0.628846929,0.300675107,2024,15,3052587,15.43626139,228.6196548,1.442300488,0.066932087,0.97718623
1.369207881,0.011137616,0.000326215,66.81385533,0.309854148,0.014692447,5.87461677,0.089957092,0.05002663,2024,15,4430878,14.55123374,,,,
91.18537122,0.781648777,0.029939991,12.89377843,0.061424063,0.004357114,1.533451314,0.144913209,0.067784891,2024,15,4241474,16.93665575,,,,
,,,65.48292893,0.485034153,0.023312228,6.272006666,0.101260262,0.056705747,2024,15,2977187,15.66639344,,,,
65.70241389,0.560056694,0.07482399,15.34742062,0.058701465,0.008187358,2.014377539,0.176787785,0.083172989,2024,15,4259545,13.83625466,,,,
1.536508798,0.012886655,0.000437622,76.7919475,0.492476193,0.011181665,4.64331193,0.068879743,0.038233332,2024,15,4429205,15.45692456,,,,
20.18597486,0.08220841,0.002516073,,,,,0.403160265,0.192771155,2024,15,3139477,17.55183292,261.5283641,1.617201073,0.043158886,0.803190744
43.66090829,0.80537461,0.037295311,,,,,0.561901162,0.266674808,2024,15,4040715,20.01046083,191.746045,1.086656587,0.122182873,0.502386279
31.94144369,0.269098614,0.017416733,,,,,0.541629931,0.25858972,2024,15,3917315,18.75628498,217.1432247,1.709140926,0.125142605,0.678481502
0.181383832,,,40.21443418,0.509009629,0.019650792,3.630462597,0.048960472,0.026999645,2024,15,3116365,10.71069447,,,,
62.98045526,0.694055365,0.020328549,24.82250248,0.044749219,0.002121887,3.709120075,0.083783319,0.040105946,2024,15,4426385,16.88914633,,,,
51.1268403,0.360744994,0.014042217,20.20856522,0.118650867,0.005506169,3.031516179,0.126070982,0.060534262,2024,15,4697815,12.96279015,,,,
48.5666702,0.343227471,0.012612088,15.89076489,0.082244186,0.003848148,2.543728286,0.090328242,0.042988377,2024,15,4241457,11.49162746,,,,
12.33539057,0.170403239,0.005330289,62.59261996,0.250472045,0.012132944,3.644096291,0.115706606,0.059957129,2024,15,3126486,13.61507106,,,,
,,,52.15156515,0.296783597,0.033370131,4.212568659,0.071563198,0.040075391,2024,15,4241478,11.19690624,,,,
,,,71.55019744,0.293355689,0.015624802,5.803139375,0.116062788,0.064995161,2024,15,4612826,14.62261853,,,,
,,,56.69159586,0.309097795,0.007018061,4.75017385,0.050492958,0.028276057,2024,15,4036133,12.23273621,,,,
16.33041521,0.135829753,0.00461268,,,,,0.614700634,0.293771093,2024,15,3912547,20.63818861,314.9574535,1.942202828,0.044097687,0.851509715
,,,65.05826087,0.473214315,0.013271146,5.43659488,0.097487169,0.054592815,2024,15,3128429,14.70163752,,,,
80.04963907,0.372407034,0.018310044,23.1524228,0.093208206,0.002577496,3.323839626,0.137490268,0.065435751,2024,15,3916148,16.35227083,,,,
6.403701839,0.030221594,0.002819722,68.91517708,0.375392261,0.019699106,6.171192979,0.109181513,0.059649545,2024,15,4241389,16.06538257,,,,
61.23666529,0.416290043,0.039982348,17.33825431,0.117945412,0.010162611,2.840292553,0.258955471,0.12324775,2024,15,4569173,13.76383166,,,,
,,,49.96560305,0.279950474,0.023733073,4.451348926,0.063422688,0.035516705,2024,15,3054212,11.10571881,,,,
7.802655054,0.049183719,0.002164463,51.14983044,0.217616159,0.014293259,3.792798077,0.096065316,0.051775642,2024,15,4362249,11.26420217,,,,
42.17905572,0.35247821,0.033596788,22.35518393,0.094453935,0.010944589,3.028460971,0.11513757,0.055449459,2024,15,4239996,12.14470364,,,,
,,,66.77560179,0.466797868,0.012908408,4.051067812,0.069572188,0.038960426,2024,15,3925357,13.47914716,,,,
4.101859533,0.035660973,0.000633954,66.02616783,0.322211727,0.00902197,3.91651658,0.083363319,0.045603576,2024,15,4426388,13.00686221,,,,
81.22292311,0.65783857,0.042576952,21.23119888,0.126669248,0.009274671,2.676988858,0.224215776,0.105931127,2024,15,3045147,17.52721096,,,,
4.453706803,0.051644859,0.000918103,,,,,0.452959941,0.216906218,2024,15,3046779,16.35226442,272.7198803,1.661005548,0.04650837,0.814386665
,,,55.72633454,0.280206235,0.039081626,5.020050366,0.098119801,0.054947088,2024,15,15818,12.24478231,,,,
54.99654173,0.464973698,0.047584475,21.69157794,0.08472035,0.020937712,3.018161198,0.27056177,0.129283157,2024,15,4360516,13.87075551,,,,
,,,71.21189505,0.327497024,0.042051197,4.955347851,0.071464471,0.040020104,2024,15,4241463,14.04746569,,,,
67.64553212,0.441742083,0.013519973,21.49532649,0.122662652,0.003273547,2.731914089,0.130487091,0.062083525,2024,15,4361529,14.94529235,,,,
87.95251023,0.284554261,0.026549355,14.68071143,0.0794111,0.004167181,2.217201581,0.159599668,0.075271626,2024,15,4038815,14.57941773,,,,
,,,75.12540321,0.380251431,0.018419498,5.278064382,0.073341428,0.0410712,2024,15,3886598,15.02874789,,,,
76.555201,0.612423344,0.019156874,15.71761206,0.073835298,0.003576605,1.841389516,0.295829198,0.139051334,2024,15,4372561,14.96761121,,,,
22.5460684,0.244831989,0.00689,,,,,0.307189565,0.146737817,2024,15,4426338,17.57544623,234.7517696,1.477955275,0.041448787,0.630673185
22.22548416,0.322380861,0.010084216,,,,,0.493052221,0.235406831,2024,15,4361741,19.3372624,280.5223822,1.421535856,0.068859639,0.713351969
1.572578673,0.01232531,0.001060274,66.51855685,0.314381781,0.026941923,6.010386728,0.083298895,0.046321586,2024,15,3916433,14.74530605,,,,
1.331173695,0.011817786,0.001160655,59.11084279,0.251186326,0.021294564,4.871312984,0.065651321,0.036464232,2024,15,4372016,12.46725528,,,,
17.41687114,0.21816996,0.007415057,,,,,0.492373098,0.235312134,2024,15,4038941,17.93367729,264.3560598,1.32162079,0.070392578,0.337883067
,,,57.74489174,0.272310779,0.023412019,3.835431876,0.042689116,0.023905905,2024,15,4040655,11.24392595,,,,
8.256068244,0.092245286,0.004059503,,,,,0.452580563,0.216669843,2024,15,4036378,14.00004667,247.7548605,1.221590907,0.08023538,0.96139
5.76322572,0.059677192,0.001826482,52.51876326,0.306032216,0.008167203,3.3826398,0.069929304,0.037619678,2024,15,4683062,11.35169116,,,,
,,,60.21291864,0.128443035,0.011033192,4.412372657,0.082134915,0.045995552,2024,15,4035687,11.13656401,,,,
,,,47.89125001,0.372858547,0.009950624,3.940713773,0.076137724,0.042637126,2024,15,15795,10.90362705,,,,
1.359361637,0.012670061,0.000206303,71.01229869,0.229824655,0.007405885,5.802394138,0.07448407,0.041426649,2024,15,4373678,14.42886754,,,,
,,,45.77876741,0.226642959,0.007303358,3.759414938,0.049825176,0.027902098,2024,15,4385690,9.65726595,,,,
95.93916795,0.659051398,0.036445749,18.8063842,0.072439274,0.005053637,2.800515809,0.23699344,0.111902116,2024,15,4241416,18.5294496,,,,
13.85546533,0.074729443,0.002594388,,,,,0.499712038,0.23908978,2024,15,4432577,15.55303004,273.850267,1.120821416,0.053689549,0.682888904
,,,38.56725969,0.218925619,0.01882221,2.524012929,0.020283088,0.011358529,2024,15,4360248,7.70975517,,,,
27.39734676,0.139126291,0.005112274,19.33515006,0.082824815,0.003875316,2.868444518,0.0966174,0.047334137,2024,15,4569987,8.82439701,,,,
36.7237965,0.26196099,0.007368324,20.72134622,0.090864074,0.002548254,3.186928707,0.109733199,0.053389842,2024,15,4361579,10.96434484,,,,
58.58200254,0.805054188,0.014311644,21.13869534,0.076476423,0.00214135,2.739526173,0.130379661,0.062147744,2024,15,4035538,15.91283413,,,,
,,,51.651166,0.213766059,0.006888412,3.222443373,0.053349871,0.029875928,2024,15,2976499,9.6255913,,,,
,,,38.39617997,0.348158321,0.024696602,3.833701162,0.041542706,0.023263915,2024,15,15835,9.76623246,,,,
,,,42.20919632,0.212649632,0.011159014,4.571720573,0.064728689,0.036248066,2024,15,4242355,10.02006989,,,,
,,,50.86411452,0.326205079,0.022757295,5.060039522,0.084338242,0.047229416,2024,15,16460,12.05696321,,,,
3.3701017,0.024180212,0.000839466,48.87195009,0.160471491,0.0076869,3.478301172,0.052538433,0.028620299,2024,15,4366031,9.78368529,,,,
,,,53.42448186,0.195861857,0.016824435,4.334885917,0.043669034,0.024454659,2024,15,4688813,10.88667915,,,,
,,,44.7685101,0.347759203,0.029964214,4.605262644,0.031916819,0.017873419,2024,15,3046439,11.19369046,,,,
1.317567324,0.011303201,0.00151,59.67322793,0.341885076,0.047684252,4.338509763,0.091364565,0.050704719,2024,15,4431299,12.55611002,,,,
0.04762516,,,38.3180696,0.187380176,0.012307328,3.288344612,0.040442173,0.022477549,2024,15,4572680,8.2299227,,,,
25.67698722,0.23440408,0.007174179,7.668628173,0.054685429,0.001459412,1.010368073,0.038050909,0.01803563,2024,15,3059915,6.06166459,,,,
,,,38.72670733,0.282255133,0.013098467,3.945661583,0.071512711,0.040047118,2024,15,4243331,9.45985581,,,,
,,,32.41511092,0.146179194,0.006839623,3.664097603,0.045299131,0.025367513,2024,15,4361411,7.74682208,,,,
40.24731396,0.171606506,0.028659411,12.75056901,0.053061293,0.006813164,1.847922199,0.062287279,0.029578429,2024,15,4372019,8.55788193,,,,
25.05577901,0.107916558,0.005305907,14.34552495,0.064514689,0.001784031,1.895493193,0.042279261,0.020507024,2024,15,4428557,6.87515076,,,,
27.48580875,0.184876392,0.015903832,10.08453666,0.054595986,0.004678773,1.361293589,0.048797196,0.023255681,2024,15,4048244,6.55110625,,,,
1.36386474,0.013023108,0.000442623,54.46671973,0.312604725,0.01665005,3.467770378,0.059719149,0.033060222,2024,15,4429025,10.97423873,,,,
4.782295338,0.036743445,0.00361,,,,,0.560679977,0.26866426,2024,15,4241479,15.89667752,263.9381229,1.555075278,0.131833013,0.664108109
0.904043605,0.007960296,0.000350314,54.46230919,0.34224714,0.022479153,2.999614345,0.05291509,0.029389495,2024,15,4248528,10.62577218,,,,
45.46327772,0.325557055,0.054370162,8.033181625,0.03409893,0.004378363,1.014661954,0.070170198,0.032834748,2024,15,3128720,8.57592535,,,,
40.61687487,0.304200633,0.017536549,,,,,0.829517343,0.394642587,2024,15,4429084,15.59547521,221.4056329,0.810696627,0.069638431,0.898696341
11.92140494,0.139461615,0.005124596,,,,,0.46326552,0.22146453,2024,15,14881,12.54509292,210.4165303,0.936539506,0.043724359,0.656822674
4.182376796,0.034088163,0.004302951,,,,,0.437542779,0.209748729,2024,15,8439,16.82029233,275.8411352,1.668458404,0.118454208,0.673775108
,,,28.38863808,0.152467975,0.007229619,2.682158793,0.044065148,0.024676483,2024,15,2577327,6.40210072,,,,
,,,44.37589591,0.282778017,0.009112258,2.957457696,0.059149154,0.033123526,2024,15,4635008,9.04525285,,,,
1.613548784,0.012002882,0.000467219,33.17557544,0.205331955,0.009528733,2.519568748,0.055393731,0.030520254,2024,15,4430834,7.26290559,,,,
21.11432244,0.183471597,0.018776115,6.391958141,0.009498553,0.002347464,1.005586383,0.074303221,0.035317021,2024,15,4040761,4.88761046,,,,
45.94336349,0.594901003,0.020219212,7.766480279,0.026047718,0.001387362,1.041769137,0.091263131,0.042745759,2024,15,3051926,10.09857947,,,,
17.22469159,0.159254263,0.004664481,,,,,0.538648339,0.257569077,2024,15,15864,15.30531923,261.4650316,1.070648149,0.050767243,0.861907332
28.16530047,0.026676663,0.003564022,,,,,0.475350115,0.227092076,2024,15,4431611,15.75207921,235.4940514,1.1774418,0.164223113,0.623985096
,,,39.79694861,0.104573415,0.005009272,3.650109904,0.039503041,0.022121703,2024,15,3117256,8.22406439,,,,
56.44234351,0.528491533,0.050373661,10.41820385,0.044379088,0.005142304,1.460647827,0.220442526,0.103483404,2024,15,4429013,11.49381141,,,,
3.928171812,0.071079377,0.00363,,,,,0.589358129,0.282301252,2024,15,14880,13.23774859,246.4796527,1.211306176,0.104142492,0.976219071
,,,46.62919008,0.211643845,0.013900991,3.449706257,0.068994125,0.03863671,2024,15,4361432,9.3348409,,,,
1.244372543,0.010929648,0.001118518,41.67801256,0.014647204,0.003619897,4.572806474,0.048221165,0.026788317,2024,15,4569587,8.97567829,,,,
25.48118975,0.200928841,0.019733743,7.309078784,0.045782364,0.003881244,1.0050388,0.08959451,0.042528621,2024,15,2576414,5.72886962,,,,
2.775411232,0.050481143,0.00248,,,,,0.417941116,0.200272818,2024,15,12483,15.43732639,241.9188815,1.669771928,0.080254356,0.637453818
36.92477148,0.328994279,0.016787714,3.600785459,0.012626741,0.001085589,0.490335502,0.037562222,0.017485593,2024,15,4373626,6.59438274,,,,
27.42204099,0.150818153,0.007274893,6.649852868,0.023628243,0.001339652,0.970540858,0.04849552,0.022963403,2024,15,4599739,5.43027737,,,,
,,,29.08357464,0.196336797,0.005429321,2.562775049,0.029476058,0.016506592,2024,15,4360635,6.62777875,,,,
10.61539834,0.058376595,0.005021796,11.68618926,0.072152819,0.00618336,1.614941392,0.054416316,0.027195278,2024,15,2576336,4.69019206,,,,
,,,25.65623059,0.12221389,0.017045722,2.984759595,0.034199676,0.019151819,2024,15,4258595,6.2803538,,,,
,,,28.08414274,0.237608306,0.008456204,3.03049402,0.028271936,0.015832284,2024,15,3116164,7.25054997,,,,
23.48643683,0.122763232,0.015496411,8.915984949,0.037970816,0.002695784,1.124661405,0.04532825,0.021610546,2024,15,4685247,5.32366517,,,,
,,,44.29134027,0.424894768,0.011749658,2.926719673,0.048781119,0.027317427,2024,15,3929785,9.87537677,,,,
23.43578122,0.155818924,0.00764455,1.560666315,0.010272416,0.000493724,0.258384925,0.048779874,0.022656871,2024,15,4429096,3.72683052,,,,
1.712358008,0.009820538,0.000543079,37.09636852,0.240574062,0.016783353,3.068703227,0.066761732,0.036847803,2024,15,4430034,8.44783729,,,,
,,,24.53909035,0.328060245,0.012665072,1.902990274,0.02083521,0.011667718,2024,15,4361050,6.32780569,,,,
34.23694794,0.089299626,0.008576733,,,,,0.597709231,0.285495777,2024,15,4431452,15.6564501,220.3248347,1.199428134,0.103347146,0.79119229
1.387526929,0.006157662,0.000591409,43.189461,0.121792234,0.010494068,4.138299442,0.07943163,0.044062792,2024,15,4427095,9.29983698,,,,
14.64994952,0.088750575,0.008280567,4.636180582,0.029770751,0.001562252,0.788114212,0.03785397,0.018165631,2024,15,3051392,3.41221155,,,,
,,,33.64774279,0.154801497,0.007243055,2.527520201,0.035646639,0.019962118,2024,15,3045138,6.79660734,,,,
,,,38.90611604,0.356003695,0.013743855,2.591130568,0.042388417,0.023737513,2024,15,4360939,8.59889903,,,,
14.18026129,0.068725987,0.002996684,22.25299583,0.163327314,0.006305403,2.507575315,0.040483854,0.020448645,2024,15,4038441,7.53348809,,,,
27.12167608,0.111478726,0.010706913,6.951028227,0.037583544,0.003238337,1.04477588,0.076794229,0.036429614,2024,15,4360294,5.33431252,,,,
17.32804135,0.153233784,0.002495067,3.716266781,0.018524558,0.000596937,0.501009609,0.031388689,0.014777158,2024,15,4429501,3.64143565,,,,
40.32331854,0.206652754,0.005812638,6.500667975,0.03255304,0.00091294,1.111057046,0.075046432,0.03538281,2024,15,4722893,7.173356,,,,
36.21173401,0.21898834,0.0142,12.06147475,0.077737661,0.00569192,1.587899121,0.098323857,0.046797596,2024,15,4429275,8.14436265,,,,
23.3263201,0.188482978,0.0059,5.502787391,0.020900093,0.001012407,0.68195363,0.039982728,0.018852619,2024,15,4039358,4.81078688,,,,
,,,45.64533561,0.208213173,0.01180508,2.775339372,0.049295413,0.027605431,2024,15,3051738,8.55885327,,,,
,,,50.04999244,0.177222354,0.022755664,4.180558506,0.059696149,0.033429844,2024,15,4372414,10.22912151,,,,
,,,32.64686766,0.268986255,0.014115338,3.026105801,0.045578814,0.025524136,2024,15,16731,7.8830985,,,,
,,,28.3277009,0.129688281,0.006282141,1.876787026,0.037535741,0.021020015,2024,15,4428209,5.45920105,,,,
,,,34.02687553,0.204800542,0.011611594,3.478235373,0.035977962,0.020147658,2024,15,3929645,8.09360205,,,,
2.15621788,0.011459235,0.000389147,,,,,0.00203112,0.000934315,2024,15,4242431,0.31615068,,,,
18.90914109,0.134882562,0.007459048,,,,,0.407489347,0.194843983,2024,15,4685720,14.47398546,207.9875055,1.267903613,0.088453731,0.715108142
,,,26.4430029,0.207983034,0.02409946,2.675908442,0.03071961,0.017202982,2024,15,4430539,6.58270989,,,,
36.13495266,0.335327347,0.011396946,11.61153944,0.055476696,0.002954817,1.559487896,0.085286725,0.040548413,2024,15,4430968,8.62881806,,,,
10.0382431,0.051037994,0.001435574,34.66572303,0.172194264,0.004829134,2.404662415,0.083373476,0.043161124,2024,15,4686472,8.24830944,,,,
4.207862568,0.032499568,0.001658368,41.15931882,0.121597692,0.010454406,3.593662466,0.084330377,0.045979298,2024,15,3728262,9.02031225,,,,
18.99290364,0.06793071,0.003339932,,,,,0.676370175,0.323098785,2024,15,4361418,15.8081414,230.7703766,1.644762907,0.045482793,0.888963899
26.78616146,0.149370008,0.005072498,4.374259215,0.023041333,0.000523153,0.505935247,0.062067075,0.02901528,2024,15,4240021,4.63311756,,,,
,,,31.36860426,0.205225302,0.005476929,2.997655282,0.0240893,0.013490008,2024,15,4240472,7.35047736,,,,
,,,25.09630569,0.253971196,0.012206634,2.175950418,0.043519008,0.024370645,2024,15,3043116,6.18622614,,,,
53.86093855,0.299892703,0.025798011,11.8299679,0.045846719,0.003928977,1.605245825,0.116815816,0.055090423,2024,15,4430104,10.20113013,,,,
10.21072833,0.077961857,0.013020141,,,,,0.528889333,0.253086612,2024,15,2969939,14.65735682,257.6966331,1.262172279,0.162065154,1.023009482
,,,35.97903084,0.141861009,0.012185789,2.123160072,0.036188373,0.020265489,2024,15,4360078,6.55702381,,,,
,,,33.84764953,0.235739295,0.016736594,2.831856771,0.03993882,0.022365739,2024,15,3128390,7.6208552,,,,
,,,40.21721805,0.175727752,0.009359666,3.198368717,0.055888904,0.031297786,2024,15,4242433,8.23205679,,,,
,,,31.48351169,0.10673825,0.005061239,3.658501294,0.02939989,0.016463938,2024,15,4036131,7.42525057,,,,
1.10801048,0.012369583,0.000201411,2.111521152,0.012797849,0.000412399,0.210303704,0.007023602,0.003566044,2024,15,3121427,0.67754239,,,,
,,,22.77340231,0.104774232,0.006881682,1.417152805,0.028343056,0.015872111,2024,15,4428850,4.30590757,,,,
2.38899579,0.030966165,0.001137869,,,,,0.017089343,0.00800091,2024,15,4362887,0.48090561,1.661364957,0.007394542,0.00044166,0.01371608
,,,12.0458198,0.09583394,0.003088159,1.075907646,0.012098155,0.006774967,2024,15,3930086,2.84843885,,,,
,,,34.17674179,0.277813906,0.020341421,2.875502925,0.053816701,0.030137353,2024,15,4360761,7.94189068,,,,
,,,25.17858255,0.153635933,0.010718221,2.038094393,0.040761888,0.022826657,2024,15,4695883,5.45462537,,,,
,,,22.48919781,0.170069843,0.008924595,2.140797341,0.04130193,0.023129081,2024,15,4249417,5.38281921,,,,
4.738620534,0.035147874,0.003023565,40.15728743,0.151857146,0.01301387,2.971854269,0.059730534,0.032266133,2024,15,4428718,8.55863108,,,,
14.72311326,0.082604991,0.002323477,1.757583573,0.00973354,0.000272974,0.265482918,0.029897361,0.013976907,2024,15,4569682,2.44561488,,,,
15.10735471,0.104961456,0.004860558,4.85620176,0.017648906,0.00198443,0.691995121,0.032473099,0.015487283,2024,15,4371733,3.42845694,,,,
14.09852265,0.093703222,0.005929199,3.741635152,0.021719002,0.000772954,0.592866519,0.028358863,0.01347992,2024,15,4035886,3.06596368,,,,
,,,12.03504552,0.117087579,0.005627588,1.377647426,0.012652389,0.007085338,2024,15,4242557,3.28109615,,,,
3.177277208,0.026085599,0.001015398,41.57309256,0.257927777,0.01196952,3.585104623,0.064869286,0.035532499,2024,15,2976592,9.72083669,,,,
,,,41.54297285,0.188071846,0.016204963,3.365856566,0.067317131,0.037697594,2024,15,4429022,8.60737567,,,,
1.49566151,0.007863597,0.000453,20.35105868,0.086464889,0.00742729,1.373914476,0.032961218,0.017909989,2024,15,4597500,4.10536801,,,,
,,,38.60330712,0.147857894,0.036541468,2.848459968,0.056969199,0.031902752,2024,15,3916945,7.60672148,,,,
6.385113948,0.039928401,0.003725382,,,,,0.758279303,0.363025696,2024,15,2972515,14.10998158,233.7199424,1.444575501,0.075805626,0.674125271
,,,8.390208095,0.051663335,0.004451503,0.7481345,0.01496269,0.008379106,2024,15,4430637,1.88967491,,,,
,,,0.736280054,0.002260759,0.000194198,0.107987066,0.000455813,0.000255255,2024,15,4241401,0.21883768,,,,
6.869805081,0.036194147,0.003554721,1.785629879,0.01061011,0.000899482,0.250106027,0.018629158,0.008816483,2024,15,4682745,1.38824251,,,,
,,,8.65291279,0.069253154,0.003634132,0.984721675,0.011304672,0.006330616,2024,15,4372096,2.26043711,,,,
,,,15.38110085,0.083214869,0.002220788,1.396443646,0.027928873,0.015640169,2024,15,3120348,3.40774218,,,,
7.417425888,0.102449244,0.009765045,,,,,0.483020785,0.231069389,2024,15,4241464,14.12072346,227.5321758,1.418608765,0.164377377,0.955181375
3.216132224,0.017705197,0.000541886,9.110054976,0.046762687,0.001247974,1.066296579,0.014041895,0.007298923,2024,15,3116389,2.69094592,,,,
,,,32.37024121,0.152887361,0.010845061,2.527527186,0.050550544,0.028308304,2024,15,3917914,6.69656334,,,,
18.7752978,0.140976592,0.014427262,,,,,0.485062446,0.231877446,2024,15,4240391,12.26475796,227.7192117,0.574705656,0.142032244,0.864083294
,,,31.46427964,0.216820941,0.006071014,2.513307294,0.035446188,0.019849865,2024,15,3134353,6.9340392,,,,
23.65224339,0.181959509,0.006969711,10.075352,0.04475607,0.003174771,1.26545618,0.025516421,0.012271703,2024,15,3127586,6.04573178,,,,
,,,35.57521764,0.121625095,0.005690754,2.382572394,0.047651448,0.026684811,2024,15,4243389,6.71735457,,,,
5.543384159,0.029455852,0.003718214,6.5248937,0.036764714,0.002610155,0.859853672,0.018143325,0.009071818,2024,15,4695404,2.48323875,,,,
26.28883345,0.144216374,0.007975211,9.006118277,0.041249968,0.002877753,1.11559494,0.065659264,0.031284805,2024,15,3139033,5.71875848,,,,
,,,39.05685192,0.215660414,0.024989055,3.300627074,0.066012541,0.036967023,2024,15,4432620,8.47805881,,,,
,,,29.48187869,0.242205279,0.008619805,2.5952201,0.051904402,0.029066465,2024,15,4368003,6.95711432,,,,
5.834576468,0.041430666,0.001998457,4.184663267,0.008389666,0.00047567,0.772605615,0.015803259,0.007823046,2024,15,2980453,2.0964592,,,,
,,,21.15681524,0.107615886,0.005172349,1.866546888,0.031415247,0.017592539,2024,15,4360797,4.60391135,,,,
7.94161322,0.065995248,0.001074584,8.77596688,0.0439959,0.001417727,0.86202316,0.024154351,0.011880748,2024,15,3915411,3.17558718,,,,
,,,35.0381766,0.210480938,0.005902871,3.490108681,0.069802174,0.039089217,2024,15,4569559,8.19228128,,,,
,,,26.52250449,0.179825349,0.004972728,2.538045938,0.040234818,0.022531498,2024,15,3045144,6.23519294,,,,
17.29925721,0.093381248,0.004109494,,,,,0.026171919,0.012039083,2024,15,4887558,2.27504403,,,,
3.201156235,0.023104988,0.000802138,1.750226646,0.004670751,0.000223738,0.263854157,0.010340305,0.005004934,2024,15,4360238,1.03842695,,,,
,,,30.99271262,0.180386569,0.015542771,3.142531751,0.061080564,0.034205116,2024,15,3045523,7.28841174,,,,
,,,33.78870289,0.191733573,0.016431204,3.322641661,0.038144152,0.021360725,2024,15,4429086,7.84306235,,,,
,,,6.903436375,0.042074903,0.004730871,0.547996645,0.008832706,0.004946316,2024,15,4361409,1.49059221,,,,
,,,26.0638725,0.19378472,0.010987028,2.295776134,0.030971381,0.017343973,2024,15,3843945,6.05297381,,,,
,,,31.74095061,0.182808815,0.00973682,2.966758992,0.034058594,0.019072813,2024,15,4250764,7.21993496,,,,
,,,25.85477307,0.167917598,0.018880532,2.526578679,0.029005295,0.016242965,2024,15,4241374,6.12560471,,,,
10.9835783,0.089379585,0.003479154,5.201396265,0.020878749,0.000968909,0.741193193,0.033078254,0.015972153,2024,15,4430871,3.0304098,,,,
,,,9.706861292,0.015510907,0.003833352,0.772085888,0.015441718,0.008647362,2024,15,4692590,1.82661684,,,,
4.927249534,0.021078706,0.001966676,17.48946259,0.122612861,0.006434239,1.549936274,0.045651815,0.024099708,2024,15,3676833,4.78467361,,,,
,,,23.45067102,0.13270925,0.011434718,2.558581573,0.028640614,0.016038744,2024,15,3043275,5.69145212,,,,
,,,25.59651991,0.155372779,0.011021364,2.155801352,0.043116027,0.024144975,2024,15,4426948,5.6225828,,,,
1.162696662,0.010972353,0.00034322,13.22978252,0.061912586,0.002999065,1.58360435,0.018239075,0.009955036,2024,15,16002,3.4474182,,,,
,,,28.39206152,0.230561561,0.029604512,2.788197658,0.04647686,0.026027042,2024,15,3128452,7.01915212,,,,
,,,12.08936202,0.055851082,0.002648307,1.303117869,0.014959881,0.008377534,2024,15,4576297,2.83609691,,,,
19.60976974,0.162806507,0.004768525,15.39254248,0.049678275,0.00235561,2.228162256,0.060888658,0.029889796,2024,15,4427391,6.97699061,,,,
,,,13.88509133,0.088827424,0.004731154,0.909777869,0.01716324,0.009611415,2024,15,3115394,2.82194402,,,,
,,,2.318397818,0.011240635,0.000521638,0.200467986,0.00400936,0.002245241,2024,15,4426407,0.55676292,,,,
,,,0.759162758,0.00355427,0.00030531,0.107000889,0.000722641,0.000404679,2024,15,4429676,0.23971528,,,,
13.21261354,0.112020282,0.015,6.988522898,0.021587064,0.003010845,1.017690412,0.036359304,0.017599269,2024,15,4037457,3.84123128,,,,
1.58089044,0.010126282,0.000284828,31.30914075,0.200239761,0.005615661,2.466415368,0.05436834,0.029942267,2024,15,4431280,6.97096519,,,,
1.455024199,0.013102737,0.000444959,19.22795236,0.125165399,0.002841879,1.177366552,0.028359274,0.015399999,2024,15,4382466,4.0517967,,,,
,,,30.54780717,0.159811763,0.01114907,2.308060445,0.043044916,0.024105153,2024,15,4212909,6.32590298,,,,
,,,2.069597336,0.014912209,0.001057797,0.198184055,0.002275166,0.001274093,2024,15,4690923,0.49424445,,,,
2.908641504,0.020711786,0.002034158,15.49803416,0.094445717,0.008006727,1.276472221,0.034876326,0.018596054,2024,15,4569603,3.90870025,,,,
,,,4.23925292,0.033614585,0.00161562,0.420561902,0.006778691,0.003796067,2024,15,2310331,1.04199261,,,,
7.729060215,0.059562425,0.002188655,4.653201879,0.02764707,0.001293587,0.673801263,0.023431862,0.01137106,2024,15,15807,2.48396058,,,,
,,,6.575495085,0.068789666,0.007970813,0.60314177,0.011472623,0.006424669,2024,15,3115306,1.67682456,,,,
,,,22.11039776,0.133737225,0.009330012,2.135852431,0.024519731,0.013731049,2024,15,4431588,5.14116148,,,,
,,,7.235159126,0.061230837,0.001714471,0.734030876,0.006741379,0.003775172,2024,15,4242392,1.82098861,,,,
1.627427487,0.011384861,0.000395249,3.950802025,0.018196651,0.000871655,0.496836591,0.005401802,0.002778429,2024,15,2983509,1.22926836,,,,
,,,12.9728907,0.092650476,0.00678383,1.200061549,0.023132168,0.012954014,2024,15,4037235,3.10671144,,,,
,,,14.03049873,0.076067482,0.003991722,1.113689592,0.022273792,0.012473323,2024,15,4426485,2.95676916,,,,
,,,2.615719333,0.019753763,0.000448509,0.236755913,0.002174379,0.001217652,2024,15,3052096,0.61536956,,,,
,,,27.1817695,0.099154826,0.004749711,2.100113584,0.042002272,0.023521272,2024,15,4567096,5.37678637,,,,
,,,5.01004216,0.036982319,0.001191721,0.404106883,0.006610802,0.003702049,2024,15,2991662,1.12215896,,,,
,,,6.238681736,0.061009492,0.00446709,0.564890101,0.008797594,0.004926653,2024,15,3059722,1.5541283,,,,
8.95406362,0.067995886,0.00260449,,,,,0.016642612,0.007655602,2024,15,4362619,1.29371865,,,,
,,,2.8356355,0.02432006,0.000865523,0.224630658,0.004492613,0.002515863,2024,15,4429033,0.65093269,,,,
,,,30.38585259,0.137268538,0.0064227,1.955011286,0.031456442,0.017615608,2024,15,3930066,5.79564996,,,,
13.69519302,0.142842985,0.012287944,,,,,0.805526615,0.38525519,2024,15,4239086,15.42292186,252.4482467,1.242282015,0.106461215,0.679470608
,,,14.47015282,0.148925952,0.005749425,0.913276048,0.017687017,0.00990473,2024,15,2971618,3.24600323,,,,
,,,14.09523099,0.081841186,0.002184128,0.984676131,0.018428784,0.010320119,2024,15,3118892,2.86946096,,,,
2.975808812,0.03510708,0.001193203,,,,,0.007655831,0.003521682,2024,15,4372071,0.5037686,,,,
4.307545478,0.030949716,0.001051904,15.3671787,0.067543526,0.003597524,1.266611451,0.039570872,0.020735824,2024,15,4362477,3.9470564,,,,
,,,20.4456258,0.165100793,0.003748611,1.620233588,0.024553349,0.013749876,2024,15,3921690,4.6360464,,,,
9.115239356,0.05490625,0.002416298,8.044821135,0.033066933,0.002171871,1.128402257,0.026586695,0.013182476,2024,15,3149687,3.35576079,,,,
,,,9.375273088,0.065393286,0.001833934,0.88579347,0.017715869,0.009920887,2024,15,4039057,2.19997399,,,,
,,,12.11593747,0.07177981,0.003358528,1.245574159,0.014299276,0.008007594,2024,15,4430802,2.87892603,,,,
1.008341177,0.007327847,0.000280683,34.04940308,0.211646196,0.015013118,2.138152489,0.0368706,0.020406788,2024,15,4361577,6.9485172,,,,
,,,5.995911279,0.023563758,0.003025628,0.773412586,0.00662371,0.003709277,2024,15,4249836,1.57354651,,,,
2.988179819,0.014497785,0.00139,1.565511277,0.007830216,0.00067468,0.251535637,0.010108363,0.004919549,2024,15,3928925,0.85598556,,,,
,,,2.511463082,0.008709483,0.00041298,0.225296308,0.004505926,0.002523319,2024,15,4360405,0.52459764,,,,
,,,14.6169077,0.061047736,0.003461229,1.44913767,0.015396947,0.00862229,2024,15,4036335,3.26719893,,,,
,,,14.37773255,0.14025031,0.00978439,1.338753824,0.018906318,0.010587538,2024,15,4372780,3.61692184,,,,
1.508098057,0.009099348,0.000438918,30.7604021,0.08935168,0.00506598,2.573477835,0.056246599,0.031020391,2024,15,4372758,6.34148503,,,,
0.918248797,0.005319841,0.000234114,2.318853019,0.010068937,0.000661338,0.169027849,0.006267608,0.003221155,2024,15,4259305,0.58058489,,,,
,,,7.796844719,0.024437265,0.001170593,0.568898615,0.011377972,0.006371664,2024,15,4686422,1.48510513,,,,
,,,23.31878614,0.060225822,0.014884156,2.805428316,0.034139619,0.019118186,2024,15,4361516,5.4910938,,,,
,,,7.265644546,0.049782016,0.005597454,0.578052497,0.01156105,0.006474188,2024,15,4686104,1.60186098,,,,
1.448086997,0.01311351,0.001249926,26.07053466,0.175873574,0.020378865,2.563619037,0.053033946,0.029185367,2024,15,4039050,6.51050778,,,,
,,,7.040262301,0.025664842,0.001229396,0.610760362,0.010529077,0.005896283,2024,15,15880,1.5162512,,,,
,,,4.673984993,0.02979162,0.001443115,0.409007055,0.004695429,0.00262944,2024,15,2975863,1.05290682,,,,
,,,5.835858506,0.056868842,0.002733291,0.682158914,0.007831231,0.004385489,2024,15,4426553,1.60386042,,,,
,,,17.00834583,0.064099794,0.00550614,1.350390935,0.015736362,0.008812363,2024,15,4039160,3.42962704,,,,
3.582855893,0.01699163,0.001585346,5.611107874,0.023085922,0.001211458,0.839231049,0.01326985,0.00681261,2024,15,4383396,1.99141153,,,,
,,,9.42848565,0.064389558,0.00229155,1.150448779,0.013806485,0.007731631,2024,15,3050481,2.46911873,,,,
,,,9.220642159,0.078950445,0.00221414,0.912891116,0.010368587,0.005806409,2024,15,3911853,2.30174706,,,,
,,,2.094327388,0.007822317,0.000177606,0.256824927,0.002549809,0.001427893,2024,15,4012556,0.51075819,,,,
,,,6.916896104,0.065938075,0.002545601,0.464261503,0.00928523,0.005199729,2024,15,4241424,1.60686965,,,,
,,,1.449906174,0.008848555,0.000200906,0.10609963,0.002121993,0.001188316,2024,15,3115255,0.36945271,,,,
,,,13.31884843,0.091901822,0.002577357,1.423693098,0.016344093,0.009152692,2024,15,4360231,3.2942696,,,,
,,,24.79207455,0.145289415,0.010314996,2.599208796,0.029839093,0.016709892,2024,15,4361372,5.93814895,,,,
,,,11.03305136,0.089904608,0.00772276,0.828935634,0.013975504,0.007826282,2024,15,2998565,2.47183037,,,,
,,,2.770868896,0.015015734,0.000727367,0.187934332,0.003758687,0.002104865,2024,15,4575665,0.60074198,,,,
0.948817564,0.007194444,0.000706585,3.644584729,0.015681003,0.001329372,0.516231547,0.008767774,0.004636747,2024,15,3917668,1.10785448,,,,
,,,7.978360164,0.079374086,0.005811738,0.847534735,0.009729756,0.005448663,2024,15,4426844,2.12259822,,,,
,,,1.469329235,0.014426226,0.000556938,0.188009707,0.001587177,0.000888819,2024,15,2975417,0.4208781,,,,
12.93168515,0.082550133,0.003981904,,,,,0.547973049,0.262113283,2024,15,4243322,11.98906213,214.7797405,0.961658851,0.054523252,0.922237975
,,,6.391755329,0.043423266,0.003681249,0.747974479,0.006010758,0.003366025,2024,15,3052897,1.64847846,,,,
,,,11.52958342,0.091593435,0.003259704,1.451532056,0.019782203,0.011078034,2024,15,3127310,3.13893635,,,,
,,,4.077578373,0.026897021,0.001766625,0.401222426,0.004606061,0.002579394,2024,15,4373030,0.96885865,,,,
,,,5.615266548,0.023400766,0.00113354,0.343506846,0.006870137,0.003847277,2024,15,2578533,1.04019182,,,,
,,,16.34038588,0.046245588,0.002163799,1.241046314,0.020003403,0.011201906,2024,15,3914397,3.13501022,,,,
,,,11.64169717,0.04741991,0.002688571,1.07377305,0.021475461,0.012026258,2024,15,3127306,2.55263621,,,,
,,,1.520848742,0.010531605,0.00023912,0.09218411,0.00148584,0.00083207,2024,15,3122168,0.30631195,,,,
,,,7.319446636,0.024091622,0.00114236,0.752013948,0.011330148,0.006344883,2024,15,2971281,1.6184027,,,,
,,,41.88250864,0.177348239,0.022771828,2.943471916,0.058869438,0.032966885,2024,15,4360174,8.1769761,,,,
,,,6.374586271,0.03750687,0.003224667,0.623390265,0.007156563,0.004007675,2024,15,4035020,1.4845131,,,,
,,,9.505343529,0.0755492,0.006404757,0.906344859,0.0104049,0.005826744,2024,15,4365395,2.31160524,,,,
,,,5.156677486,0.040842696,0.003462479,0.468103193,0.009362064,0.005242756,2024,15,3052056,1.22551376,,,,
,,,13.46923762,0.112954296,0.003123536,1.26830398,0.014560216,0.008153721,2024,15,4360086,3.28327775,,,,
2.182958661,0.016130633,0.000453715,3.470473954,0.01641602,0.000460382,0.536842986,0.007029455,0.003596112,2024,15,2515270,1.29228754,,,,
,,,15.38041711,0.088309412,0.011339085,1.310500785,0.026210016,0.014677609,2024,15,4428678,3.37241192,,,,
,,,8.111635568,0.049896211,0.004286059,0.710023205,0.008151115,0.004564624,2024,15,4722908,1.8202223,,,,
,,,4.039321306,0.027339527,0.001939329,0.388691621,0.007522561,0.004212634,2024,15,4048228,0.9523129,,,,
,,,1.160277937,0.00590446,0.000274005,0.099381945,0.001987639,0.001113078,2024,15,4429006,0.27428391,,,,
,,,6.448112504,0.033929419,0.008385286,0.681066844,0.007818694,0.004378468,2024,15,2531358,1.53767464,,,,
,,,15.96321057,0.112601941,0.00599744,1.640013218,0.018827463,0.010543379,2024,15,4242558,3.90335084,,,,
,,,1.186383629,0.006209969,0.000288183,0.096192201,0.001923844,0.001077353,2024,15,4369466,0.2505628,,,,
,,,2.135505236,0.013686525,0.001179281,0.23151864,0.00265785,0.001488396,2024,15,4429262,0.52664028,,,,
,,,2.35862956,0.01727624,0.000906589,0.245278249,0.002815811,0.001576854,2024,15,4360967,0.58353252,,,,
,,,2.092016724,0.008490017,0.001184141,0.192440282,0.003848806,0.002155331,2024,15,4039043,0.45074108,,,,
,,,12.59761102,0.08385089,0.009715991,1.361200807,0.015626678,0.008750939,2024,15,4040612,3.12641015,,,,
,,,1.548336138,0.005592047,0.000317053,0.237662415,0.002006345,0.001123553,2024,15,3929914,0.42448829,,,,
,,,4.180098992,0.036731543,0.002689469,0.412085215,0.004730766,0.002649229,2024,15,4696700,1.05068965,,,,
,,,4.315632935,0.03601377,0.001009995,0.481452988,0.005527113,0.003095183,2024,15,4383440,1.12507433,,,,
,,,4.149922513,0.008107648,0.000379351,0.366511035,0.005907489,0.003308194,2024,15,4035656,0.82444749,,,,
,,,9.95570456,0.056174669,0.004814063,0.831980639,0.016639613,0.009318183,2024,15,4362630,2.15603007,,,,
,,,9.987873802,0.037861657,0.004861504,0.823968838,0.016479377,0.009228451,2024,15,3916204,2.04162727,,,,
,,,10.9578429,0.053297377,0.006175687,0.973966836,0.019479337,0.010908429,2024,15,4245131,2.3805841,,,,
,,,3.977079144,0.035522291,0.00170731,0.463850654,0.005325037,0.002982021,2024,15,4239944,1.07228329,,,,
,,,7.568608671,0.065210606,0.003051159,0.843359347,0.009681822,0.005421821,2024,15,2508256,1.98699813,,,,
,,,8.649059038,0.072934385,0.002016862,0.84661837,0.009719236,0.005442772,2024,15,2576399,2.14253556,,,,
,,,15.50174939,0.108346581,0.007692196,1.58257611,0.018168081,0.010174125,2024,15,4044144,3.77834608,,,,
,,,13.50439973,0.073792306,0.003534797,1.418488636,0.020694983,0.01158919,2024,15,4040980,3.19612026,,,,
,,,1.619498615,0.014375359,0.001616355,0.171717208,0.001379928,0.000772759,2024,15,2574576,0.42164284,,,,
,,,14.01222258,0.112648052,0.014464209,1.40555256,0.016135839,0.00903607,2024,15,4362018,3.49394541,,,,
,,,1.948248243,0.007644142,0.000656628,0.186585138,0.00214201,0.001199526,2024,15,4362523,0.42624554,,,,
,,,2.282947744,0.016414068,0.0004539,0.199830444,0.003996609,0.002238101,2024,15,4362617,0.52314682,,,,
,,,6.220966346,0.0342514,0.001941955,0.654548577,0.007514262,0.004207987,2024,15,4373634,1.47782015,,,,
,,,6.252536482,0.043012149,0.004983914,0.708854881,0.008137702,0.004557113,2024,15,3914151,1.59324983,,,,
,,,2.198163231,0.016882481,0.000466853,0.210227165,0.002413422,0.001351516,2024,15,4360978,0.52963265,,,,
2.06840968,0.019971644,0.00032965,79.61434477,0.519843164,0.010941845,6.619833101,0.093037982,0.05168631,2024,16,4374302,17.94862176,,,,
,,,95.94652474,0.474963138,0.009752981,6.766491987,0.100418113,0.056234143,2024,16,4262921,19.12061297,,,,
1.31587823,0.007256236,0.000408011,99.03243679,0.775408246,0.024522429,7.064070843,0.098331905,0.054751668,2024,16,4362628,21.73784478,,,,
96.82398899,0.641846433,0.037126691,27.89388346,0.142855057,0.010518115,3.449017688,0.149485076,0.070954102,2024,16,4430807,20.58634328,,,,
90.88927065,0.934748014,0.015428839,34.11478017,0.230163915,0.004844572,3.417331187,0.158051711,0.075271808,2024,16,4429795,22.80138105,,,,
49.96062577,0.196091974,0.008388743,,,,,0.548213154,0.260680475,2024,16,3916387,23.99892809,235.9577888,2.375628356,0.078251085,0.390445008
101.528576,0.800067911,0.034226613,9.397410806,0.073568221,0.002423272,1.057925609,0.208711621,0.096943519,2024,16,3043078,17.27726181,,,,
95.69444061,0.535846503,0.027765646,8.92905215,0.038771721,0.003412608,1.159479034,0.262344542,0.121933319,2024,16,4242335,14.89492752,,,,
117.9751243,1.055924232,0.042436483,20.94333958,0.111070571,0.006796158,2.43232429,0.241502137,0.113221134,2024,16,4047365,23.20452251,,,,
58.62855537,0.510127722,0.051590795,34.08503173,0.274604864,0.022408866,5.199329358,0.127175355,0.061969688,2024,16,4429160,19.20650353,,,,
0.399808925,,,71.17835501,0.356840963,0.029043661,6.227167444,0.06181827,0.034155469,2024,16,4432665,15.517438,,,,
,,,65.94259734,0.384583497,0.018480521,5.197133017,0.043752612,0.024501463,2024,16,3040151,14.08800985,,,,
,,,66.74252508,0.505337659,0.035569415,6.968746259,0.060907079,0.034107964,2024,16,4361307,16.67955562,,,,
2.618060249,0.019645279,0.00207,84.8717211,0.29374364,0.062455223,7.013765642,0.136106305,0.075375012,2024,16,4595348,17.62497171,,,,
42.64913166,0.447148749,0.017539326,,,,,0.501670005,0.238919839,2024,16,4426348,19.27111922,219.5343263,1.287749921,0.082022976,0.671802049
10.57605759,0.100921923,0.005674744,,,,,0.522082119,0.249920673,2024,16,3915511,20.53444178,283.0696894,2.286225441,0.072302302,0.633148802
,,,82.31301218,0.61185447,0.0461511,6.139943914,0.068687753,0.038465141,2024,16,16800,18.05955587,,,,
59.89681299,0.385258989,0.051667137,26.9764271,0.111173854,0.008385647,3.144934368,0.228555049,0.109542236,2024,16,4427366,14.71793653,,,,
,,,77.83821707,0.558003946,0.022213015,5.607978778,0.056493993,0.031636636,2024,16,16737,16.72247092,,,,
2.804568505,0.019062393,0.001927839,65.81346371,0.468943681,0.038267698,5.804883458,0.078492362,0.04337701,2024,16,3116406,15.59043018,,,,
,,,86.8710356,0.392115806,0.016937823,6.370032923,0.073018088,0.040890129,2024,16,4258173,17.36385271,,,,
40.79851456,0.881684244,0.011930571,,,,,0.490420782,0.233561048,2024,16,3918298,25.54723366,249.6209827,1.864296358,0.048088328,0.465311851
106.3392691,0.673700332,0.029693733,19.15248543,0.13785154,0.014620408,2.308011179,0.171779679,0.080685912,2024,16,3929630,19.65829032,,,,
,,,66.41981186,0.477088074,0.03598591,5.114052095,0.091650496,0.051324278,2024,16,4569618,14.59030299,,,,
,,,61.36469463,0.502453281,0.036994569,5.16602927,0.073079984,0.040924791,2024,16,4426502,14.31128998,,,,
,,,80.88895247,0.429770436,0.045581057,5.413228387,0.078239675,0.043814218,2024,16,4047646,16.08634393,,,,
,,,69.56734481,0.579535633,0.018327921,4.994167071,0.059046692,0.033066148,2024,16,4239993,15.4001989,,,,
63.39956064,0.381674422,0.010218937,25.87357585,0.183065851,0.003759108,3.168269882,0.211047995,0.101026742,2024,16,3042519,15.31550178,,,,
67.70986934,0.662166664,0.021979961,29.65991548,0.186193777,0.008042821,3.755023953,0.100426697,0.048016618,2024,16,3116385,18.54882941,,,,
,,,51.01380629,0.433886063,0.009132589,4.125742402,0.033154662,0.018566611,2024,16,4430027,11.81244736,,,,
7.930416989,0.084496883,0.003798779,92.43656115,0.517557616,0.025094387,6.936441675,0.110188265,0.059765666,2024,16,4426515,20.52663148,,,,
0.646666151,0.005143641,0.000201758,73.02198263,0.409482032,0.026081877,6.007792956,0.092835232,0.051804662,2024,16,3121422,15.81381782,,,,
79.1021316,0.869790574,0.011769631,15.17963758,0.098881965,0.002550597,1.858787346,0.121677224,0.057183752,2024,16,4379399,17.01648245,,,,
,,,69.2659488,0.255002117,0.011087078,4.628832636,0.092576653,0.051842926,2024,16,4047650,13.00637052,,,,
3.252015779,0.020004995,0.002556533,72.81483932,0.461094848,0.053018573,5.410059015,0.095850415,0.052811219,2024,16,4432773,15.91140336,,,,
3.776903417,0.025088427,0.001073274,64.80253824,0.586931184,0.019332991,4.226907283,0.05771122,0.031555627,2024,16,4429615,14.73619439,,,,
62.3502172,0.468707529,0.017567218,20.20602942,0.109544834,0.00436076,2.611292141,0.143852139,0.068648574,2024,16,4596448,14.25219491,,,,
83.78513267,0.80563687,0.036219514,11.39449483,0.095974389,0.004653431,1.655239848,0.259127798,0.121063987,2024,16,4430737,16.42932807,,,,
84.78703686,0.582073124,0.03272942,26.08439955,0.162571885,0.005141366,3.553563503,0.202749906,0.096442628,2024,16,4362238,18.99678551,,,,
5.365158397,0.026751136,0.004605036,71.74089712,0.347716208,0.049738964,5.565327759,0.07392057,0.040386453,2024,16,3915416,15.55260247,,,,
,,,54.69324077,0.324503845,0.006869959,5.814906785,0.080892696,0.04529991,2024,16,15847,13.15653003,,,,
,,,55.06746017,0.509976602,0.035895938,3.920347261,0.078406945,0.043907889,2024,16,4432708,12.47299899,,,,
17.40098297,0.180449908,0.006763286,,,,,0.56655225,0.270870843,2024,16,3052587,17.89654924,254.0033529,1.740652269,0.069291868,0.83715016
1.320434133,0.008518778,0.000241737,70.08176777,0.269332545,0.011710142,5.847574759,0.086853141,0.048311398,2024,16,4430878,14.58447585,,,,
61.37999115,0.624068962,0.024478988,13.5333571,0.065453956,0.004169077,2.023047563,0.127881506,0.060284318,2024,16,4241474,13.59162539,,,,
,,,64.1185034,0.49938035,0.024213041,5.490430823,0.088641881,0.049639453,2024,16,2977187,14.85005044,,,,
67.50651257,0.421897165,0.072626886,18.00718492,0.068791337,0.009840237,2.280181151,0.160771342,0.07600317,2024,16,4259545,13.79285182,,,,
1.401380134,0.011010328,0.00029479,66.70962373,0.355319998,0.007296206,4.78220397,0.050451393,0.028025166,2024,16,4429205,13.75174997,,,,
18.46733925,0.06164678,0.001993796,,,,,0.4169342,0.19940778,2024,16,3139477,15.49362605,228.0273196,1.560329085,0.033033191,0.883808047
45.23096199,0.94147118,0.041495889,,,,,0.588005938,0.279137258,2024,16,4040715,22.17951355,206.2249448,1.220912988,0.129488909,0.462147277
32.80267462,0.275560877,0.015642045,,,,,0.537964173,0.256904491,2024,16,3917315,19.50883758,223.7781545,1.785136398,0.125651149,0.64973216
0.020091511,,,37.38017542,0.488360372,0.016086156,3.389492981,0.045684634,0.025187245,2024,16,3116365,10.04268573,,,,
22.74295585,0.199746672,0.005668194,17.03629517,0.024381186,0.001060054,2.385481229,0.034161339,0.016721127,2024,16,4426385,7.68908772,,,,
48.71585224,0.308426953,0.011559882,20.75813306,0.126483871,0.005035069,2.685825966,0.131633514,0.063164472,2024,16,4697815,12.1530244,,,,
41.19511724,0.344334032,0.012443505,18.07778324,0.08560037,0.003573882,2.441400422,0.080165552,0.038253787,2024,16,4241457,10.90594208,,,,
11.45523913,0.165726036,0.004842373,56.26620633,0.184462619,0.008864045,3.514480604,0.113241742,0.058503525,2024,16,3126486,12.3417211,,,,
,,,60.20678821,0.355294046,0.03768216,4.881795441,0.062739067,0.035133877,2024,16,4241478,13.0409911,,,,
,,,69.187387,0.182706324,0.008459325,5.661100584,0.113222012,0.063404327,2024,16,4612826,13.56917522,,,,
,,,49.24401882,0.209044327,0.004292555,4.831866787,0.051183316,0.028662657,2024,16,4036133,10.96314443,,,,
14.59007392,0.115856099,0.003101927,,,,,0.607591762,0.290466751,2024,16,3912547,16.82517966,277.3212144,1.466416084,0.030111658,0.894495453
,,,62.46732051,0.398672577,0.00932795,5.055228363,0.08967695,0.050219092,2024,16,3128429,13.61458359,,,,
79.7590669,0.276230227,0.009221606,17.00954395,0.045807879,0.001217794,2.794732463,0.156400119,0.074045227,2024,16,3916148,14.28073853,,,,
5.450560643,0.029236545,0.002505971,73.65223719,0.372614279,0.017963119,6.487694604,0.111729573,0.061163572,2024,16,4241389,16.73064237,,,,
56.39779143,0.446563536,0.037002492,18.24769258,0.110828649,0.009429346,2.746972866,0.234298383,0.111651886,2024,16,4569173,13.43161428,,,,
,,,51.92362653,0.355548512,0.029014194,5.486741916,0.074872172,0.041928417,2024,16,3054212,12.7885412,,,,
10.69052144,0.070903271,0.002849528,47.19814648,0.279466839,0.017099945,3.425869399,0.094984467,0.050544594,2024,16,4362249,11.30172873,,,,
54.33791792,0.320596567,0.040970547,22.18594207,0.089110592,0.010246301,3.049036534,0.126784209,0.06074755,2024,16,4239996,13.14395208,,,,
1.62767396,0.007981151,0.000266441,62.38084669,0.254022319,0.006753138,4.271088685,0.076383452,0.042340801,2024,16,3925357,12.17533513,,,,
4.429736765,0.040798252,0.000673411,61.98044734,0.362141826,0.007622491,3.340685191,0.073014335,0.039748073,2024,16,4426388,12.33836573,,,,
96.85490354,0.800641408,0.04544792,23.56036329,0.141116555,0.00993283,3.104387033,0.223884475,0.106123604,2024,16,3045147,20.70088579,,,,
57.05515091,0.52112851,0.014788019,24.40869926,0.077963894,0.003389744,3.274204384,0.1131478,0.054067712,2024,16,4567048,14.94635193,,,,
5.137849573,0.055245126,0.000911869,,,,,0.446272725,0.213673369,2024,16,3046779,18.11338427,280.62008,1.95325966,0.041112908,0.719088052
,,,63.79570125,0.362786949,0.051894754,5.283233586,0.101525641,0.056854359,2024,16,15818,13.8322882,,,,
58.39463079,0.368562779,0.038864215,22.12134454,0.082585114,0.017559093,2.975178289,0.250908245,0.119961104,2024,16,4360516,13.61318759,,,,
,,,66.5343347,0.202773443,0.028433593,4.992049718,0.071161892,0.039850659,2024,16,4241463,12.84116771,,,,
46.44827805,0.254564385,0.008233185,10.70691919,0.072338027,0.001531444,1.651752457,0.095317684,0.045079456,2024,16,4361529,9.260571,,,,
70.41901107,0.252865604,0.021674031,12.91444681,0.065930918,0.003178421,1.958511283,0.138162635,0.065113909,2024,16,4038815,12.12776129,,,,
,,,75.4359647,0.3230369,0.015523001,5.447360385,0.075432023,0.042241933,2024,16,3886598,14.87773239,,,,
22.5801297,0.191389773,0.004870805,,,,,0.314931504,0.150430713,2024,16,4426338,15.46855365,223.7609995,1.247978866,0.029199611,0.827886406
19.24236776,0.293867332,0.008586552,,,,,0.496539759,0.237170634,2024,16,4361741,17.38931945,268.9915153,1.181729338,0.056786039,0.727091597
1.62588403,0.013034322,0.00116017,70.09712001,0.319074336,0.025969796,5.91123851,0.081756691,0.045449542,2024,16,3916433,15.04171171,,,,
14.09658521,0.125945486,0.004500831,,,,,0.491348615,0.234914676,2024,16,4038941,14.7563408,254.6612813,0.892879249,0.041340416,0.400886015
,,,45.70314136,0.302015432,0.022236755,3.261606219,0.036302323,0.020329301,2024,16,4040655,9.64878785,,,,
9.049046127,0.108255829,0.004350688,,,,,0.402648329,0.192694256,2024,16,4036378,15.12788567,232.0045195,1.539115455,0.094175002,0.84273969
5.094317252,0.046774936,0.001512807,49.70726088,0.308424366,0.006529546,3.518167382,0.070756271,0.038218529,2024,16,4683062,11.07103466,,,,
,,,49.31608923,0.361944346,0.050753087,4.693619532,0.04288213,0.024013993,2024,16,3123076,11.85150672,,,,
,,,51.56791092,0.159984063,0.014081471,4.27685046,0.081710079,0.045757644,2024,16,4035687,10.33235358,,,,
,,,36.17637235,0.314277802,0.006653467,3.533310665,0.067898632,0.038023234,2024,16,15795,8.97566918,,,,
1.815863112,0.019090878,0.00025833,62.64680401,0.386234119,0.009962661,5.168347508,0.066974807,0.037138486,2024,16,4373678,13.99449921,,,,
,,,46.41098266,0.322272086,0.008312802,3.653223498,0.047777092,0.026755171,2024,16,4385690,10.19232954,,,,
79.83873311,0.551605947,0.028338996,18.13684945,0.078953558,0.005280973,3.092352262,0.21184256,0.100566163,2024,16,4241416,16.54496716,,,,
14.29076554,0.063956776,0.002122981,,,,,0.528280808,0.252677017,2024,16,4432577,14.61437428,263.0637808,1.014104592,0.043805233,0.688917463
,,,37.96223974,0.266810637,0.019644701,2.639819783,0.021213717,0.011879682,2024,16,4360248,8.05299742,,,,
25.15592492,0.150395495,0.005434976,25.83032264,0.099548816,0.00415624,3.249567613,0.095603124,0.047212617,2024,16,4569987,9.80385872,,,,
45.31091142,0.269670321,0.006863019,19.01866431,0.076529665,0.001790604,3.070180797,0.126209412,0.060818433,2024,16,4361579,11.47933867,,,,
,,,32.23004027,0.232806042,0.006005082,2.094370323,0.034673809,0.019417333,2024,16,2976499,6.6883041,,,,
,,,35.92589967,0.325758213,0.020749105,4.439180463,0.047425572,0.02655832,2024,16,15835,9.97595528,,,,
,,,37.93892038,0.163927244,0.007902662,4.057302778,0.057111876,0.03198265,2024,16,4242355,8.7881043,,,,
,,,55.24637129,0.29173563,0.019513346,5.82956837,0.096954431,0.054294481,2024,16,16460,13.03761901,,,,
3.296919006,0.020702889,0.000687212,44.6110543,0.13135566,0.005674035,3.421695899,0.051173626,0.027895251,2024,16,4366031,9.09278299,,,,
,,,44.33942408,0.218125934,0.019199,3.889449143,0.039181766,0.021941789,2024,16,4688813,9.67597593,,,,
,,,47.03847215,0.332417506,0.028282216,4.71324186,0.032577498,0.018243399,2024,16,3046439,11.43252974,,,,
,,,56.43272921,0.356578732,0.051006701,3.872012848,0.077440257,0.043366544,2024,16,4431299,11.67208448,,,,
0.091590682,,,33.48532836,0.216085944,0.013221811,2.764509776,0.034326169,0.019028854,2024,16,4572680,7.40800926,,,,
29.38029949,0.229661203,0.00742776,9.55297852,0.081057095,0.001716032,1.523832052,0.049193805,0.023429276,2024,16,3059915,7.25419467,,,,
,,,43.44793965,0.212110047,0.008855759,4.286230854,0.058821023,0.032939773,2024,16,4361411,9.85707107,,,,
54.53738293,0.24229363,0.035796995,11.10823474,0.034591328,0.004850516,1.576982958,0.068373192,0.032239244,2024,16,4372019,9.87505122,,,,
24.30474433,0.097305506,0.003248424,18.20103018,0.056341235,0.001497822,2.554460313,0.04538544,0.02228873,2024,16,4428557,7.71928071,,,,
57.90382195,0.396605738,0.035301422,13.21051505,0.064681406,0.005264488,1.620649601,0.125809171,0.059148052,2024,16,4048244,11.46596588,,,,
1.120697122,0.00731718,0.000261489,56.41487744,0.228347356,0.01057251,3.492982821,0.05974815,0.0331142,2024,16,4429025,10.61754509,,,,
4.523272163,0.038788334,0.003922784,,,,,0.57822734,0.277105963,2024,16,4241479,15.94852395,244.6266292,1.798917035,0.146798893,0.739869004
1.072994231,0.010328475,0.000415091,55.82506789,0.436552539,0.026711665,2.915278314,0.051627165,0.028633999,2024,16,4248528,11.28471812,,,,
44.47996101,0.404215833,0.020945016,,,,,0.76880805,0.365515372,2024,16,4429084,16.0554628,192.5404651,0.95841112,0.084357391,0.926472725
12.07534475,0.164567353,0.00595,,,,,0.515196135,0.246280227,2024,16,14881,14.87704029,248.5646131,1.116310127,0.046606815,0.675948256
5.90707454,0.040338745,0.005409835,,,,,0.43733422,0.209590087,2024,16,8439,16.8959398,259.1544684,1.794349394,0.135344601,0.677112565
,,,25.99077662,0.119453135,0.005193628,2.308566374,0.037913566,0.021231597,2024,16,2577327,5.59328891,,,,
,,,48.42256984,0.432726056,0.011161891,3.135661648,0.062713233,0.03511941,2024,16,4635008,10.52801593,,,,
1.900781651,0.013132981,0.000492,50.32004297,0.342809198,0.013646545,3.534053516,0.076388495,0.042206815,2024,16,4430834,10.83766851,,,,
31.92171677,0.222439425,0.023455796,9.939347407,0.015854135,0.003370877,1.53361317,0.100332473,0.047827393,2024,16,4040761,7.11012551,,,,
40.57826883,0.364517801,0.013026533,3.691480685,0.009575485,0.000443346,0.511139298,0.088024651,0.040864365,2024,16,3051926,7.13020699,,,,
14.95839906,0.108689621,0.003084276,,,,,0.53108549,0.254081349,2024,16,15864,14.05061274,263.2690512,0.922938434,0.040127865,0.956091129
29.11706175,0.021820655,0.003756286,,,,,0.508738534,0.243077938,2024,16,4431611,16.6987335,243.8445077,1.294301345,0.185142961,0.589982457
,,,38.85504889,0.082183639,0.003550002,3.731252462,0.040317221,0.022577644,2024,16,3117256,8.0728659,,,,
50.72726187,0.343811761,0.043937326,6.909153282,0.028237282,0.003246838,0.971251925,0.208337517,0.097452795,2024,16,4429013,8.87215244,,,,
,,,43.45990483,0.297450305,0.018200313,3.063707814,0.061274156,0.034313528,2024,16,4361432,9.1637937,,,,
1.445288063,0.009757828,0.001028944,43.8693801,0.04350405,0.00924975,4.729223349,0.049978582,0.027754301,2024,16,4569587,9.54663022,,,,
27.92583275,0.244303163,0.024707135,8.509670817,0.059662733,0.00486872,1.397041435,0.09825968,0.046944647,2024,16,2576414,6.83224158,,,,
2.684496586,0.058288223,0.0026205,,,,,0.390683661,0.187161149,2024,16,12483,16.0250717,244.7691749,1.742351217,0.08447994,0.581738871
43.14125079,0.308121896,0.017822872,3.464636454,0.014436632,0.001062939,0.467634108,0.040385252,0.018774604,2024,16,4373626,7.06486441,,,,
58.68767159,0.229754674,0.015276432,19.86940155,0.051365388,0.003271858,2.917417957,0.117998469,0.056249602,2024,16,4599739,12.42058202,,,,
,,,32.36404485,0.120227,0.003196213,3.256308327,0.037452812,0.020973575,2024,16,4360635,7.17951009,,,,
29.62013866,0.16631834,0.014803805,21.68400508,0.143382908,0.011670086,2.747743472,0.118089142,0.057718662,2024,16,2576336,9.76862491,,,,
,,,24.40263142,0.118846853,0.017000414,2.752868298,0.031506959,0.017643897,2024,16,4258595,5.90575959,,,,
,,,9.172954026,0.062896066,0.001331551,0.802252849,0.014692403,0.008227746,2024,16,4241372,2.08351986,,,,
,,,30.65691231,0.267347364,0.00845491,2.899907425,0.027005803,0.01512325,2024,16,3116164,7.55706016,,,,
21.72756122,0.116734248,0.015655246,7.959761347,0.039673035,0.002992467,1.04778639,0.040948734,0.01954405,2024,16,4685247,4.95424967,,,,
,,,34.44680346,0.227259441,0.006041652,2.635572526,0.043814845,0.024536313,2024,16,3929785,7.4079782,,,,
20.72971103,0.165248599,0.007429183,5.129120739,0.031943155,0.001548801,0.716484966,0.040870313,0.019284229,2024,16,4429096,4.46598618,,,,
,,,25.58999257,0.338276611,0.011142531,1.983382324,0.021605361,0.012099002,2024,16,4361050,6.57069891,,,,
36.14547008,0.171518095,0.0142,,,,,0.6573698,0.313964183,2024,16,4431452,17.57930468,248.6549475,1.26913155,0.107978226,0.860421543
1.289755458,0.007037979,0.000583171,45.05227806,0.146386987,0.012454664,4.205236454,0.08843721,0.049091589,2024,16,4427095,9.69021609,,,,
14.49695062,0.102324086,0.00877057,4.745415641,0.028593963,0.001378468,0.797910071,0.04164355,0.019889445,2024,16,3051392,3.48927218,,,,
,,,35.4999109,0.167923462,0.007010935,2.420407284,0.034135982,0.01911615,2024,16,3045138,6.95462872,,,,
,,,44.68097645,0.416413145,0.013716279,2.838791343,0.046298661,0.02592725,2024,16,4360939,9.78216992,,,,
12.0703316,0.062827686,0.002687745,25.68616065,0.186636848,0.006147652,2.831423617,0.041303552,0.021041382,2024,16,4038441,8.09369655,,,,
28.95687495,0.147196166,0.012196753,12.17711087,0.058292231,0.004959527,1.670436232,0.086732538,0.041624668,2024,16,4360294,7.03752113,,,,
25.77515103,0.24881349,0.003366837,3.559371982,0.02475656,0.00063858,0.465508961,0.027289018,0.01274944,2024,16,4429501,5.04566292,,,,
49.63674525,0.426803852,0.0125,14.09619698,0.049547856,0.00238094,1.896281551,0.09544917,0.04518729,2024,16,4039358,11.08227152,,,,
,,,25.77777463,0.183993514,0.013878305,2.592499775,0.033850186,0.018956104,2024,16,3915486,6.26497672,,,,
,,,41.71785986,0.097676445,0.013696529,3.641403145,0.051855499,0.029039079,2024,16,4372414,8.3699307,,,,
,,,35.41417624,0.25746037,0.012411739,3.258442507,0.049048589,0.02746721,2024,16,16731,8.31580741,,,,
,,,29.9467637,0.113343301,0.005446524,2.099657934,0.041993159,0.023516169,2024,16,4428209,5.73936482,,,,
,,,33.59549326,0.144092715,0.009178376,3.641798388,0.037542479,0.021023788,2024,16,3929645,7.84320318,,,,
1.940898913,0.009747119,0.000260969,,,,,0.001907427,0.000877417,2024,16,4242431,0.28320783,,,,
19.2105474,0.178174703,0.009153803,,,,,0.508045034,0.242942696,2024,16,4685720,14.09684875,215.7784698,1.123536092,0.075150053,0.857349846
11.5196429,0.11737038,0.006789122,,,,,0.466857735,0.223411595,2024,16,4360423,14.70275822,220.3229475,1.453029634,0.106983488,0.785743408
,,,38.90647552,0.282159208,0.032443821,4.174609388,0.047924799,0.026837887,2024,16,4430539,9.77069006,,,,
27.03219931,0.176210942,0.006297135,15.02009094,0.057126254,0.002644952,2.033111108,0.078558066,0.037853062,2024,16,4430968,7.58261736,,,,
6.490266497,0.027106433,0.00068985,33.15814513,0.136423684,0.003191976,2.535136654,0.074018616,0.039118837,2024,16,4686472,7.51972778,,,,
4.476664281,0.028806453,0.001666268,36.01395424,0.166767539,0.01227874,3.338140828,0.079314635,0.043161014,2024,16,3728262,8.53142459,,,,
23.90130983,0.13715752,0.00367225,3.630552217,0.019591614,0.000402298,0.515257976,0.056998748,0.026679046,2024,16,4240021,4.18644784,,,,
,,,29.60975814,0.222797011,0.004716759,3.165639211,0.025439227,0.014245967,2024,16,4240472,7.44501067,,,,
,,,20.90306863,0.222268044,0.010776927,1.628548369,0.032570967,0.018239742,2024,16,3043116,5.03839587,,,,
,,,28.80194071,0.227403031,0.017152608,2.304447052,0.032500548,0.018200307,2024,16,3128390,6.54782191,,,,
,,,38.70537378,0.097806198,0.004528439,3.11222737,0.054267091,0.030389571,2024,16,4242433,7.51931367,,,,
,,,31.72228388,0.095026519,0.004131599,3.391887305,0.027257367,0.015264126,2024,16,4036131,7.11272975,,,,
,,,21.14992334,0.134623873,0.008237331,1.298047661,0.025960953,0.014538134,2024,16,4428850,4.20886563,,,,
,,,11.46111161,0.122120016,0.003150007,1.003693515,0.011252057,0.006301152,2024,16,3930086,2.87651948,,,,
,,,32.32794782,0.264843973,0.018641684,2.876299929,0.053642481,0.030039789,2024,16,4360761,7.67677834,,,,
,,,45.69875366,0.227340202,0.015206123,3.69895797,0.073979159,0.041428329,2024,16,4695883,9.58238614,,,,
,,,25.19491348,0.182132309,0.008780298,2.369005769,0.045587195,0.025528829,2024,16,4249417,5.94899991,,,,
3.266106166,0.025148979,0.002238482,42.13767614,0.162742816,0.013245809,2.942846452,0.055554883,0.030298578,2024,16,4428718,8.58844617,,,,
16.03698928,0.166946843,0.028738826,5.043816885,0.018642299,0.002666682,0.747759452,0.026675404,0.012715239,2024,16,4426386,4.00745746,,,,
37.51686075,0.17175421,0.004371087,8.308205752,0.04358722,0.001019833,1.287730953,0.142836187,0.067604513,2024,16,4569682,7.041627,,,,
16.64965916,0.125997623,0.005553418,6.719888792,0.027880869,0.002957019,0.908965143,0.035673139,0.01712345,2024,16,4371733,4.17739705,,,,
12.0280818,0.071823864,0.004038588,1.897890618,0.011379689,0.000359885,0.260101864,0.02071028,0.009717415,2024,16,4035886,2.14980837,,,,
,,,8.410092449,0.085468721,0.004144051,0.834236998,0.007661678,0.00429054,2024,16,4242557,2.18796779,,,,
3.744720886,0.028772664,0.001078403,37.24032777,0.267477388,0.010647737,2.989404451,0.056492803,0.030730309,2024,16,2976592,8.82889529,,,,
,,,50.23863896,0.208929016,0.017775765,3.764535657,0.075290713,0.042162799,2024,16,4429022,9.99518558,,,,
0.855487829,0.005300979,0.000274678,33.03130997,0.206262326,0.018154789,2.128891547,0.045655366,0.025259251,2024,16,4597500,6.77449759,,,,
,,,32.84764464,0.129391093,0.027510892,2.505983362,0.050119667,0.028067014,2024,16,3916945,6.56730814,,,,
4.189674648,0.03505291,0.003004512,,,,,0.833455592,0.399085733,2024,16,2972515,13.67018715,238.3358987,1.363562718,0.065735106,0.654056181
16.69415144,0.119763209,0.006152887,7.043910697,0.032771013,0.002191957,1.010550308,0.08883218,0.042689307,2024,16,4259308,4.31538472,,,,
,,,9.48684664,0.058747287,0.004998243,0.780295924,0.015605918,0.008739314,2024,16,4430637,2.07439437,,,,
2.389737733,0.015017196,0.000778137,2.593342719,0.009933531,0.000874329,0.415228852,0.004350734,0.002176605,2024,16,4241401,1.06230758,,,,
4.859778458,0.02854246,0.002886587,1.663639491,0.011181651,0.000912468,0.275994701,0.01406869,0.006742915,2024,16,4682745,1.16116484,,,,
,,,8.761208841,0.065086472,0.003137711,0.993625443,0.011406887,0.006387857,2024,16,4372096,2.25406607,,,,
13.77512741,0.065804656,0.002196807,,,,,0.619528426,0.296323564,2024,16,3116407,12.55288114,222.6220915,0.947796218,0.025196994,0.697024271
,,,11.03954686,0.068015945,0.001439942,1.143701663,0.022874033,0.012809459,2024,16,3120348,2.63361899,,,,
9.577491913,0.082311477,0.010518972,,,,,0.454448686,0.217385007,2024,16,4241464,14.32808986,230.5711532,1.457129658,0.167546733,1.054127174
2.703471871,0.012675061,0.00040994,9.992805625,0.058750931,0.001243796,1.342099137,0.015699243,0.008277336,2024,16,3116389,3.04355825,,,,
,,,28.6780319,0.120506313,0.007675626,2.724689086,0.054493782,0.030516518,2024,16,3917914,6.31957072,,,,
,,,40.83521001,0.318747551,0.006709112,2.866669718,0.040429801,0.022640689,2024,16,3134353,8.83188087,,,,
12.26820682,0.113641186,0.004457554,8.972175796,0.041827882,0.002664219,1.455312288,0.019406175,0.009541128,2024,16,3127586,4.57438021,,,,
,,,47.11835586,0.166476573,0.006950526,2.966079612,0.059321592,0.033220092,2024,16,4243389,8.71403946,,,,
10.2033752,0.055784482,0.007481265,9.751663439,0.062932212,0.004746865,1.340546938,0.030722958,0.01526425,2024,16,4695404,4.06903045,,,,
,,,34.94374337,0.189388868,0.021776707,2.900687788,0.058013756,0.032487703,2024,16,4432620,7.51150334,,,,
,,,31.80039539,0.278377161,0.008803729,2.390455507,0.04780911,0.026773102,2024,16,4368003,7.20607927,,,,
16.65006995,0.087606105,0.005824947,9.005715938,0.011185702,0.000712504,1.698455281,0.044755912,0.021804608,2024,16,2980453,4.86045739,,,,
5.526793727,0.088528998,0.007879865,,,,,0.510750369,0.244682993,2024,16,4260394,15.42157512,270.2679779,1.333493682,0.108534452,0.781967366
,,,19.14652116,0.10319411,0.005003487,1.552698867,0.026094823,0.014613101,2024,16,4360797,4.06798641,,,,
27.49342996,0.223205138,0.003684197,4.212583272,0.02107475,0.000443589,0.468535035,0.077901522,0.036383629,2024,16,4421446,5.042362,,,,
9.361326138,0.08681291,0.001174715,15.1293037,0.093061794,0.002400469,1.435440567,0.031323387,0.01568059,2024,16,3915411,4.94036896,,,,
,,,30.88588239,0.156510393,0.003661955,3.095690923,0.061913818,0.034671738,2024,16,4569559,7.06295395,,,,
,,,26.03308052,0.088975726,0.002365404,2.727484216,0.043210263,0.024197747,2024,16,3045144,5.82212194,,,,
14.35254227,0.08243896,0.003313135,,,,,0.020543787,0.009450142,2024,16,4887558,1.91815637,,,,
1.495689423,0.010218558,0.000339195,1.691033789,0.004417933,0.000190837,0.271761005,0.006315404,0.003160924,2024,16,4360238,0.78892943,,,,
,,,18.99604841,0.148186042,0.005898988,1.769989037,0.020319594,0.011378973,2024,16,4372505,4.54828656,,,,
30.63276441,0.193068269,0.028524332,1.947642137,0.006208954,0.000870641,0.262375374,0.082427695,0.038202199,2024,16,3125116,4.70064291,,,,
,,,37.55007621,0.2039814,0.01735482,3.637464001,0.070445172,0.039449296,2024,16,3045523,8.57403107,,,,
,,,34.00630898,0.186680469,0.01519412,3.054739323,0.035068615,0.019638424,2024,16,4429086,7.56748843,,,,
,,,7.458762645,0.051052414,0.005414572,0.565628511,0.0091169,0.005105464,2024,16,4361409,1.61867808,,,,
,,,27.56609731,0.170581012,0.01086562,2.610391052,0.034716127,0.019441031,2024,16,3843945,6.37425403,,,,
,,,28.26207807,0.108195894,0.005009483,2.704700029,0.03105014,0.017388078,2024,16,4250764,6.15614801,,,,
,,,23.98586634,0.162444251,0.017228688,2.292125856,0.02631376,0.014735706,2024,16,4241374,5.67105996,,,,
13.21275628,0.096199798,0.003605581,3.955624516,0.016366503,0.000651518,0.483392173,0.032805473,0.015565717,2024,16,4430871,2.8809104,,,,
,,,7.179225882,0.01430121,0.003040696,0.533879913,0.010677598,0.005979455,2024,16,4692590,1.33201424,,,,
20.17855095,0.164392766,0.017334891,,,,,0.684757699,0.327427677,2024,16,3924327,12.73946519,226.5655282,0.656734184,0.139633594,0.815722992
4.418927643,0.018950757,0.001624338,17.71013544,0.113593715,0.005476165,1.55101273,0.045017752,0.023810192,2024,16,3676833,4.68705841,,,,
,,,11.67187038,0.078548779,0.003636818,1.412434133,0.021204579,0.011874564,2024,16,3924365,3.03499815,,,,
,,,28.86383202,0.149548473,0.012723645,3.00631177,0.033504911,0.01876275,2024,16,3043275,6.7787896,,,,
,,,2.079716697,0.012665653,0.000806736,0.215341651,0.004306833,0.002411826,2024,16,4426948,0.49621106,,,,
0.989352927,0.009934503,0.000290278,12.42040145,0.05671191,0.002725197,1.65130132,0.018738361,0.010251612,2024,16,16002,3.37817736,,,,
,,,16.29547008,0.097538356,0.013677165,1.612266144,0.026581032,0.014885378,2024,16,3128452,3.82532886,,,,
,,,14.72381125,0.055083246,0.00239493,1.461401514,0.016776988,0.009395114,2024,16,4576297,3.25072455,,,,
,,,4.623453,0.035233433,0.001708334,0.409629803,0.008192596,0.004587854,2024,16,4569382,1.11967759,,,,
,,,16.1936031,0.072289015,0.00334699,1.10615377,0.020785629,0.011639952,2024,16,3115394,3.14321125,,,,
,,,10.3505711,0.059002639,0.002348776,0.734711259,0.014694225,0.008228766,2024,16,4426407,2.17276537,,,,
9.022195675,0.037669626,0.002504661,5.188027275,0.015069963,0.000959922,0.77492723,0.025740254,0.01249471,2024,16,4243004,2.49500481,,,,
1.46262258,0.007720423,0.000196482,32.67667935,0.183427347,0.004291745,2.491424665,0.05449167,0.030049017,2024,16,4431280,7.0025599,,,,
9.977695126,0.078220408,0.002285534,1.75553257,0.007815083,0.000375541,0.235125039,0.022645537,0.010615439,2024,16,4429202,1.90934963,,,,
1.324857845,0.011097919,0.000297135,16.76041359,0.093295961,0.001915756,1.193001521,0.028378932,0.015440312,2024,16,4382466,3.6021871,,,,
,,,33.62169609,0.151116107,0.010107716,2.73826313,0.050896951,0.028502292,2024,16,4212909,6.9813407,,,,
,,,1.932430493,0.013687346,0.000871813,0.228622263,0.002624599,0.001469775,2024,16,4690923,0.50286246,,,,
1.440197333,0.011479244,0.001160931,35.95236538,0.245554217,0.020038216,3.374675928,0.072114035,0.039921808,2024,16,4569603,8.73948429,,,,
11.60105275,0.10505455,0.00379645,9.630932306,0.050656137,0.002114933,1.186478259,0.037202062,0.018152635,2024,16,15807,4.29264488,,,,
,,,18.08018868,0.174384773,0.020051475,1.635730739,0.031113949,0.017423811,2024,16,3115306,4.49613557,,,,
,,,19.99602577,0.110834683,0.007413409,2.107769456,0.024197336,0.013550508,2024,16,4431588,4.76074193,,,,
,,,4.912786604,0.044927868,0.000945658,0.445884237,0.004095025,0.002293214,2024,16,4242392,1.20414299,,,,
3.841502562,0.025074111,0.00083231,3.840911047,0.017555463,0.000758325,0.512115301,0.008922192,0.004406837,2024,16,2983509,1.5307375,,,,
2.035855442,0.014610429,0.000829352,18.50090304,0.132181768,0.009303934,1.7157655,0.040177803,0.02191332,2024,16,4037235,4.69371154,,,,
,,,9.342845938,0.046295477,0.002231828,0.769280734,0.015385615,0.008615944,2024,16,4426485,1.96897616,,,,
11.92801607,0.048026441,0.003193287,,,,,0.708034485,0.338859579,2024,16,4426339,11.5959094,231.8997454,0.719962764,0.045859982,0.739999551
,,,2.227929363,0.015239894,0.000312939,0.238829198,0.00219342,0.001228315,2024,16,3052096,0.55128865,,,,
,,,14.58116102,0.151437719,0.003906239,1.048793841,0.017139609,0.009598181,2024,16,2991662,3.40460477,,,,
,,,8.539173881,0.083996355,0.005912287,0.780941185,0.01215677,0.006807791,2024,16,3059722,2.1373667,,,,
4.798829653,0.04364976,0.001712154,,,,,0.0111834,0.005144364,2024,16,4362619,0.73521231,,,,
,,,14.52248435,0.110771133,0.005370868,1.492063022,0.013878977,0.007772227,2024,16,2573401,3.60450214,,,,
,,,32.08299955,0.1544253,0.006447376,1.894334459,0.030455382,0.017055014,2024,16,3930066,6.00877494,,,,
16.00151346,0.089105314,0.013164616,,,,,0.607643354,0.290682212,2024,16,4367178,13.67316885,245.2657453,1.015820447,0.142441855,1.040697247
5.514553905,0.033034978,0.002940406,2.154100155,0.010091994,0.000821398,0.267355704,0.012891318,0.006155708,2024,16,4366963,1.30019517,,,,
,,,7.375483237,0.047267998,0.001000695,0.607660983,0.011372727,0.006368727,2024,16,3118892,1.61838123,,,,
2.371157858,0.011609149,0.000414869,7.290856161,0.019140443,0.000886205,0.628345953,0.021122821,0.01097319,2024,16,4362477,1.90789632,,,,
,,,12.65562568,0.095890036,0.001969024,1.177128536,0.017838445,0.009989529,2024,16,3921690,3.00246131,,,,
38.24104776,0.221075818,0.0125,6.456734957,0.032350175,0.002277045,0.966872303,0.118910196,0.056037412,2024,16,4240631,6.91791674,,,,
9.410429212,0.060935608,0.002448938,6.103514261,0.031079102,0.00190166,0.805990901,0.018849435,0.009215074,2024,16,3149687,2.90024196,,,,
,,,6.653380745,0.040534854,0.000948415,0.628618306,0.012572366,0.007040525,2024,16,4039057,1.52531308,,,,
,,,11.97690901,0.070465973,0.002942009,1.09458198,0.012565875,0.00703689,2024,16,4430802,2.70721076,,,,
0.691457396,0.005660931,0.000222049,36.06820646,0.205260364,0.013074018,2.689687942,0.04530082,0.025173664,2024,16,4361577,7.6086209,,,,
21.99230824,0.202234305,0.003338055,3.936121521,0.022474523,0.000473052,0.468899716,0.045700455,0.021418054,2024,16,4912274,4.37598777,,,,
8.081830289,0.046931788,0.006933806,6.057336277,0.017775327,0.002492518,0.7653293,0.022213905,0.010873844,2024,16,4249836,2.62553275,,,,
,,,5.112367212,0.013620998,0.000592219,0.453639187,0.009072784,0.005080759,2024,16,4360405,1.03786422,,,,
,,,16.1930494,0.039139976,0.002493127,1.569985069,0.016680938,0.009341326,2024,16,4036335,3.41087387,,,,
,,,14.34735441,0.131236208,0.008778007,1.493332412,0.020911629,0.011710512,2024,16,4372780,3.71017209,,,,
0.671260623,0.0028839,0.000191751,33.90434225,0.046501378,0.002962031,2.886630705,0.060006759,0.033376371,2024,16,4372758,6.58164148,,,,
,,,18.09082621,0.049271357,0.002128324,1.383763934,0.027675279,0.015498156,2024,16,4686422,3.46246703,,,,
,,,23.58425209,0.065297086,0.013883344,2.823782243,0.034001719,0.019040962,2024,16,4361516,5.56457473,,,,
,,,7.812200881,0.056619433,0.006005005,0.613026377,0.012260528,0.006865895,2024,16,4686104,1.73256468,,,,
1.513863249,0.010290378,0.001315056,21.98598915,0.144295173,0.01659165,2.157753453,0.045079183,0.024745749,2024,16,4039050,5.49646717,,,,
,,,26.27912334,0.081332614,0.003513241,2.307061484,0.042116914,0.023585472,2024,16,15880,5.439769,,,,
,,,4.434753674,0.025692677,0.001234619,0.425325064,0.004882761,0.002734346,2024,16,2975863,1.02008604,,,,
,,,4.084875184,0.040560266,0.001966612,0.420779426,0.004830576,0.002705123,2024,16,4426553,1.07127932,,,,
,,,17.52264464,0.086409384,0.007605578,1.470995828,0.017012076,0.009526763,2024,16,4039160,3.73832363,,,,
2.922580302,0.016091004,0.001379219,5.678091126,0.021959805,0.001058646,0.84724786,0.013060803,0.006723216,2024,16,4383396,1.92739415,,,,
,,,15.57218563,0.068248917,0.004347101,1.812791118,0.036255822,0.020303261,2024,16,2576716,3.74855086,,,,
,,,10.82687908,0.090443587,0.002116156,1.10051469,0.012448707,0.006971276,2024,16,3911853,2.71648268,,,,
,,,1.72104869,0.006144929,0.000126181,0.261560689,0.002596827,0.001454223,2024,16,4012556,0.46794745,,,,
,,,19.83477054,0.186517378,0.006143717,1.326781112,0.026535622,0.014859948,2024,16,4241424,4.47298492,,,,
,,,1.241481015,0.006104176,0.000125344,0.108281604,0.002165632,0.001212754,2024,16,3115255,0.33395971,,,,
,,,7.068270442,0.083988229,0.002766498,0.504071971,0.010081439,0.005645606,2024,16,4696882,1.70933657,,,,
21.45990006,0.177256946,0.005179297,3.424270244,0.014597168,0.000701443,0.460282106,0.059059613,0.027632546,2024,16,3917612,4.05788021,,,,
,,,12.47714434,0.075938093,0.001776763,1.376922343,0.015807162,0.008852011,2024,16,4360231,3.06653244,,,,
,,,8.842364871,0.06104769,0.004604719,0.948741582,0.010891618,0.006099306,2024,16,4361372,2.19656244,,,,
,,,7.832839604,0.079869731,0.007029971,0.640215542,0.010793763,0.006044507,2024,16,2998565,1.90497382,,,,
,,,2.621921779,0.012609316,0.00060592,0.19501676,0.003900335,0.002184188,2024,16,4575665,0.57809385,,,,
0.940418708,0.007968943,0.000805924,1.688884362,0.008463243,0.000690635,0.284274524,0.006024824,0.003103789,2024,16,3917668,0.64274249,,,,
,,,4.04890714,0.040669695,0.002862635,0.450074236,0.005166883,0.002893454,2024,16,4426844,1.09905768,,,,
,,,1.517493702,0.014936368,0.000491991,0.194450685,0.001641552,0.000919269,2024,16,2975417,0.43500703,,,,
,,,2.258258575,0.011199325,0.001602004,0.186045462,0.003720909,0.002083709,2024,16,4565908,0.47820226,,,,
,,,8.013973466,0.064824511,0.005289942,1.103619193,0.008868736,0.004966492,2024,16,3052897,2.29484451,,,,
,,,13.95551529,0.118355729,0.003743022,1.531190934,0.02079305,0.011644108,2024,16,3127310,3.62162367,,,,
,,,3.839294793,0.032786283,0.002006119,0.357196069,0.004100635,0.002296356,2024,16,4373030,0.93737077,,,,
,,,4.618616546,0.029889671,0.001440932,0.455494845,0.009109897,0.005101542,2024,16,5083754,1.08961391,,,,
,,,2.646906579,0.009329011,0.00044829,0.177677964,0.003553559,0.001989993,2024,16,2578533,0.49535288,,,,
,,,10.6925944,0.034889835,0.001456678,0.743344549,0.011981358,0.006709561,2024,16,3914397,2.01175343,,,,
,,,29.38628814,0.074531315,0.004747474,2.561726543,0.051234531,0.028691337,2024,16,3127306,5.94928788,,,,
,,,1.310420735,0.007756157,0.000159266,0.09424807,0.001519107,0.0008507,2024,16,3122168,0.2704843,,,,
,,,4.927101202,0.013074796,0.000568471,0.47348542,0.007133724,0.003994886,2024,16,2971281,1.03797989,,,,
,,,30.98159684,0.096628776,0.013549621,2.382267134,0.047645343,0.026681392,2024,16,4360174,6.03519593,,,,
,,,7.920397634,0.057691056,0.00424767,0.788419972,0.009051115,0.005068624,2024,16,4035020,1.92520296,,,,
,,,11.30055372,0.103543443,0.008449563,1.258511894,0.014447802,0.008090769,2024,16,4365395,3.01092711,,,,
,,,25.67541997,0.206590181,0.016858593,2.332303038,0.046646061,0.026121794,2024,16,3052056,6.12208972,,,,
,,,14.89206892,0.077206155,0.002052512,1.634906053,0.018768832,0.010510546,2024,16,4360086,3.57092941,,,,
2.019611946,0.012347169,0.000314231,3.198958129,0.014568154,0.000340859,0.519847654,0.006660162,0.003414759,2024,16,2515270,1.19785306,,,,
,,,14.43918359,0.05929007,0.008313859,1.284069947,0.025681399,0.014381583,2024,16,4428678,3.07227128,,,,
,,,5.380629537,0.042674604,0.003756132,0.512340909,0.005881708,0.003293757,2024,16,4722908,1.30753164,,,,
,,,3.750339933,0.024859244,0.001583405,0.448600501,0.008605976,0.004819347,2024,16,4048228,0.96654547,,,,
,,,2.152612388,0.012057856,0.002563719,0.228228226,0.002620076,0.001467242,2024,16,2531358,0.51809855,,,,
0.963062899,0.004474792,0.000231868,12.33149914,0.067129134,0.005908569,0.913162318,0.021340781,0.011643084,2024,16,4061956,2.67736518,,,,
,,,6.514946226,0.034250413,0.001585798,0.689100839,0.007910924,0.004430118,2024,16,4242558,1.5406181,,,,
,,,2.364891124,0.016078495,0.000775118,0.248411659,0.002851783,0.001596998,2024,16,4360967,0.57980298,,,,
,,,2.163288358,0.009739642,0.001393204,0.198580677,0.003971614,0.002224104,2024,16,4039043,0.47179056,,,,
2.892594418,0.017378509,0.000892828,21.68750843,0.099548692,0.006658522,2.016444253,0.049515402,0.026809973,2024,16,4374187,5.14363673,,,,
,,,8.376174288,0.053842959,0.006191084,0.913117025,0.010482645,0.005870281,2024,16,4040612,2.07471041,,,,
,,,1.626127196,0.004483678,0.0002856,0.262261659,0.002214012,0.001239847,2024,16,3929914,0.44992639,,,,
,,,8.534139121,0.074663616,0.005255379,0.872195629,0.010012865,0.005607204,2024,16,4696700,2.17315219,,,,
,,,4.089739826,0.031343292,0.000733355,0.464191062,0.005328945,0.002984209,2024,16,4383440,1.05686349,,,,
,,,7.419906176,0.018278177,0.000763128,0.583799052,0.009409776,0.005269475,2024,16,4035656,1.42669444,,,,
,,,5.547998328,0.031135103,0.002740448,0.492047259,0.009840945,0.005510929,2024,16,4429684,1.22837655,,,,
,,,15.79989747,0.089998789,0.007325096,1.237288561,0.024745771,0.013857632,2024,16,4362630,3.34485997,,,,
,,,9.558467324,0.077437158,0.003082618,0.866324939,0.009945469,0.005569463,2024,16,4034779,2.28208373,,,,
,,,4.290217896,0.020814868,0.002393379,0.385140236,0.007702805,0.004313571,2024,16,4245131,0.93541425,,,,
,,,6.786959389,0.055935437,0.002335348,0.66688064,0.007655835,0.004287268,2024,16,2508256,1.67748756,,,,
,,,4.779891241,0.035340691,0.001406842,0.444217675,0.005099649,0.002855803,2024,16,4361112,1.13148742,,,,
,,,8.336249525,0.044533158,0.001183906,0.914650806,0.010500253,0.005880142,2024,16,2576399,2.00635943,,,,
,,,2.311712269,0.019183515,0.001446979,0.244309705,0.002804692,0.001570628,2024,16,4044144,0.59040852,,,,
,,,13.16483217,0.069678343,0.003009824,1.463833022,0.021356533,0.011959658,2024,16,4040980,3.18105063,,,,
,,,6.867997863,0.041393402,0.005804326,0.688882533,0.007908418,0.004428714,2024,16,4362018,1.62700276,,,,
,,,3.463814047,0.018115589,0.001594497,0.355176708,0.004077453,0.002283374,2024,16,4362523,0.80898129,,,,
,,,8.958423371,0.033423305,0.000888553,0.810035707,0.016200714,0.0090724,2024,16,4362617,1.89047798,,,,
,,,2.188744147,0.008683603,0.000553126,0.243400216,0.002794251,0.001564781,2024,16,4373634,0.51242674,,,,
,,,2.078429623,0.013801086,0.001586905,0.23777298,0.00272965,0.001528604,2024,16,3914151,0.52861106,,,,
,,,10.07479467,0.093249734,0.00294904,0.966244272,0.01109255,0.006211828,2024,16,4700712,2.52698937,,,,
1.960288125,0.018337825,0.000257057,71.79015013,0.541558231,0.00929191,6.80839294,0.094489449,0.05251543,2024,17,4374302,17.45937618,,,,
,,,97.82261979,0.515862466,0.008545852,7.241307154,0.105293681,0.058964462,2024,17,4262921,20.02068471,,,,
1.021002129,0.005982835,0.000311423,103.9446959,0.670983516,0.019643911,7.670728095,0.105620443,0.058881112,2024,17,4362628,22.15403445,,,,
79.95557816,0.618314918,0.029052393,24.80146302,0.115154261,0.008623953,3.364622488,0.126767994,0.060421311,2024,17,4430807,18.19899975,,,,
100.429254,1.040471787,0.014585197,29.67658403,0.230730493,0.003958812,3.525055888,0.172323481,0.081840688,2024,17,4429795,24.04080801,,,,
50.04922763,0.168655512,0.006878421,,,,,0.560270645,0.266389352,2024,17,3916387,22.09610391,223.7845416,2.14325812,0.062888248,0.533370354
100.1264343,0.660342255,0.026931299,12.56201253,0.094945983,0.002785939,1.436068182,0.19993961,0.093209039,2024,17,3043078,17.11493869,,,,
109.5135312,0.675040331,0.038571035,21.30510877,0.084206736,0.005412286,2.556043237,0.269474594,0.126602143,2024,17,4242335,20.03529199,,,,
85.92021128,0.938363762,0.032874681,25.77662644,0.118467257,0.007134864,3.018602882,0.212415463,0.100313277,2024,17,4047365,20.4142753,,,,
70.95623065,0.23298121,0.017344181,27.2172639,0.155194417,0.015949695,3.570631345,0.12341617,0.05909368,2024,17,4429160,15.66869295,,,,
0.556838451,,,63.80229524,0.316239467,0.033551627,5.824962028,0.036471274,0.020120334,2024,17,4432665,14.18613479,,,,
,,,72.34614122,0.407672644,0.016612961,5.376921217,0.044931236,0.025161492,2024,17,3040151,15.04166214,,,,
,,,64.31763717,0.375154565,0.025415172,6.71578012,0.058398402,0.032703105,2024,17,4361307,15.38543736,,,,
1.258982785,0.007107093,0.000856241,84.4584007,0.2731961,0.052603435,7.048048782,0.108552749,0.060455753,2024,17,4595348,17.29048213,,,,
49.86229681,0.416207642,,,,,,0.470235219,0.223778645,2024,17,4426348,21.45199439,238.2605248,1.555223116,,0.673828653
9.32389115,0.095832989,0.004988372,,,,,0.566733538,0.271357236,2024,17,3915511,19.608632,296.6981924,1.985754644,0.058135538,0.654087334
,,,94.78107874,0.602702586,0.045507894,7.198752783,0.080429945,0.045040769,2024,17,16800,20.29613442,,,,
51.41636608,0.367257025,0.049303923,35.77823529,0.143971952,0.010870802,4.163663067,0.217253391,0.105537924,2024,17,4427366,15.86550667,,,,
,,,68.11077041,0.694739855,0.024043126,5.192911795,0.052312667,0.029295093,2024,17,16737,16.16330403,,,,
3.66539872,0.009721979,0.000723748,46.24756292,0.165031883,0.016960715,3.919345046,0.056316587,0.030809861,2024,17,3116406,9.93440159,,,,
,,,93.68056834,0.445482656,0.015157817,6.810221864,0.077766955,0.043549495,2024,17,4258173,18.79644328,,,,
37.31890107,0.833083145,0.009627388,,,,,0.49307097,0.234876831,2024,17,3918298,24.2796423,244.1740877,1.785335809,0.037815402,0.498602668
117.5997916,0.626774613,0.031732078,19.94399111,0.110272669,0.009419949,2.410657289,0.178739674,0.083925063,2024,17,3929630,20.50648918,,,,
,,,69.44768004,0.407424088,0.03076312,5.661382921,0.099912122,0.055950788,2024,17,4569618,15.00296012,,,,
,,,64.74594853,0.402062425,0.030110632,5.510739584,0.077459842,0.043377512,2024,17,4426502,14.37322123,,,,
,,,86.25624035,0.369276971,0.031545173,6.387176095,0.091782461,0.051398178,2024,17,4047646,17.19117995,,,,
,,,82.41466247,0.563410832,0.016494582,6.208103574,0.073151709,0.040964957,2024,17,4239993,17.78302606,,,,
54.12245599,0.359627375,0.009219355,28.57970506,0.20123414,0.003333674,3.613940478,0.201954532,0.097264511,2024,17,3042519,15.08523671,,,,
56.84701438,0.529655575,0.020581734,29.1921775,0.18658292,0.006348597,3.556823119,0.089927525,0.043088612,2024,17,3116385,16.42823272,,,,
,,,44.9855761,0.444709315,0.007630203,4.192601592,0.033691945,0.018867489,2024,17,4430027,11.33782852,,,,
7.275383947,0.072671243,0.002888227,96.51100965,0.524811652,0.02499874,7.751944798,0.116063998,0.06344558,2024,17,4426515,21.6474303,,,,
1.528254215,0.010622967,,75.49837523,0.48608506,,5.906539053,0.09220148,0.051231325,2024,17,3121422,16.48942351,,,,
65.47513007,0.741030825,0.0085636,18.89618128,0.130935687,0.002773364,2.36185651,0.134827647,0.063876731,2024,17,4379399,15.92926518,,,,
,,,75.72896351,0.345343592,0.012656327,4.685794051,0.093715881,0.052480893,2024,17,4047650,14.25357482,,,,
3.396212129,0.024095059,0.002699266,80.70654553,0.527107527,0.061967872,6.47288929,0.113093316,0.062456042,2024,17,4432773,18.19779076,,,,
3.721400986,0.0212139,0.000865184,71.06169892,0.55884746,0.016397903,4.523259881,0.060762379,0.033282779,2024,17,4429615,15.45150065,,,,
87.76607623,0.650591741,0.024132366,16.12057823,0.11960631,0.004139261,2.284287541,0.16445574,0.077706798,2024,17,4596448,17.20510071,,,,
104.0802149,0.886713746,0.035241319,11.33739032,0.096373634,0.004590636,1.716374682,0.259593362,0.121283107,2024,17,4430737,19.00059718,,,,
,,,76.90104315,0.454754666,0.016165325,4.946469132,0.098929383,0.055400454,2024,17,4426354,15.28924119,,,,
66.5209614,0.520925443,0.02711561,26.47027001,0.14184525,0.004152703,3.871667001,0.180150724,0.086200715,2024,17,4362238,17.0423075,,,,
7.137236574,0.027717603,0.005610357,64.60605132,0.396196604,0.051416553,5.457614067,0.076441243,0.041408514,2024,17,3915416,15.20868089,,,,
,,,56.84259518,0.31809888,0.006002861,6.016378722,0.081951904,0.045893066,2024,17,15847,13.53161711,,,,
,,,59.91401067,0.434748777,0.029452434,4.157950375,0.083159007,0.046569044,2024,17,4432708,12.72580688,,,,
20.96196548,0.192389823,0.007136306,,,,,0.560205589,0.267807392,2024,17,3052587,19.46558109,231.8855945,2.244645203,0.077681289,0.843869695
2.974226986,0.020811514,0.000555158,81.118859,0.37052231,0.013579089,6.189769213,0.093145594,0.051499051,2024,17,4430878,16.87481115,,,,
66.44207955,0.5751929,,15.88206681,0.074833869,,2.034332389,0.184023234,0.086742049,2024,17,4241474,13.99828354,,,,
,,,57.40354655,0.444729866,0.021184146,5.314597218,0.08498693,0.047592681,2024,17,2977187,13.672758,,,,
72.4687623,0.369151569,0.074720463,14.53364034,0.064499828,0.008370488,1.982060338,0.173735965,0.081677175,2024,17,4259545,13.29162054,,,,
1.178972335,0.010125747,0.000259582,74.2174753,0.436754072,0.007235331,5.526102797,0.057731961,0.032123621,2024,17,4429205,15.69929306,,,,
19.42773195,0.105225798,0.002592074,,,,,0.419976035,0.200865243,2024,17,3139477,17.48371085,254.7028834,1.642816817,0.031001686,0.763178385
30.95907742,0.283593493,0.01468698,,,,,0.580464171,0.27725727,2024,17,3917315,18.15228489,232.5629641,1.454042321,0.098505362,0.725520899
0.063369928,,,37.26204514,0.483776966,0.014195157,3.478941625,0.037769396,0.020836692,2024,17,3116365,10.10185786,,,,
72.09370618,0.686226523,0.018305451,31.51606163,0.052256925,0.001915138,3.806934154,0.084086706,0.040286791,2024,17,4426385,18.56089922,,,,
55.93874011,0.339466142,0.0125918,22.44975852,0.178410814,0.006174331,3.121693748,0.157484011,0.075886432,2024,17,4697815,13.95772275,,,,
50.01715577,0.34452684,0.012657096,12.79582023,0.069594877,0.002473914,1.850340681,0.083625807,0.039510124,2024,17,4241457,10.56981836,,,,
13.04881177,0.161800792,0.004782628,70.14974217,0.221942366,0.009044315,4.049205424,0.12295561,0.063759288,2024,17,3126486,14.61506679,,,,
,,,64.40785576,0.255999896,0.021868574,5.936198347,0.075990063,0.042554435,2024,17,4241478,13.87361558,,,,
,,,70.55129757,0.352786833,0.024867132,5.680958924,0.113619178,0.06362674,2024,17,4612826,14.77829046,,,,
,,,47.36039978,0.212873416,0.003526492,4.831521395,0.051109864,0.028621524,2024,17,4036133,10.79596181,,,,
12.24067828,0.111236932,0.002851654,,,,,0.644962119,0.308412944,2024,17,3912547,17.35899351,283.4200627,1.597302423,0.026461142,0.858673905
,,,67.39285143,0.455373056,0.008883919,5.270429454,0.09195208,0.051493165,2024,17,3128429,14.65916444,,,,
61.15773873,0.429897923,0.032552508,11.71944897,0.085827043,0.006686684,1.888681148,0.237294493,0.111975445,2024,17,4569173,12.13151721,,,,
,,,40.8589642,0.109167602,0.011219411,3.896947806,0.051845525,0.029033494,2024,17,3054212,8.60358967,,,,
8.415903026,0.061482832,0.002153992,53.592149,0.252223207,0.015190513,3.907695218,0.101217739,0.05437555,2024,17,4362249,11.96279868,,,,
53.18506348,0.344938473,0.038641977,17.90927985,0.078035115,0.009173973,2.676455185,0.116721466,0.055787409,2024,17,4239996,12.31087213,,,,
1.677753124,0.012232759,0.000679896,69.29581943,0.387398608,0.020111877,4.275384287,0.075710393,0.041950158,2024,17,3925357,13.73021097,,,,
6.295667305,0.054554255,0.000764734,65.02149747,0.405885857,0.00696408,3.858882032,0.087044805,0.047099312,2024,17,4426388,13.67679619,,,,
75.15805093,0.657895266,0.0341,24.94704886,0.128253092,0.008688617,3.226341665,0.193830666,0.092339302,2024,17,3045147,17.85975842,,,,
60.78377352,0.559333072,0.029405826,14.96776347,0.076583942,0.005398226,2.280374608,0.081587192,0.038773604,2024,17,4241985,13.66524529,,,,
4.547034597,0.049313968,0.000691277,,,,,0.44857527,0.214804473,2024,17,3046779,16.8866832,251.7744271,1.958901246,0.033610301,0.710650174
,,,65.81068198,0.427863325,0.055526113,5.846546143,0.108528409,0.060775909,2024,17,15818,14.9871627,,,,
54.09082252,0.255180492,0.03074339,21.82730323,0.102533937,0.019742732,2.977510943,0.226865908,0.108716698,2024,17,4360516,12.60513694,,,,
,,,49.31351399,0.161766584,0.024849383,4.06042713,0.05776408,0.032347885,2024,17,4241463,9.94890503,,,,
40.00843537,0.24301186,0.005986219,11.97564475,0.071209574,0.0013438,1.761922665,0.082838727,0.039412693,2024,17,4361529,8.78367793,,,,
67.7727528,0.19448439,0.016228619,13.61375483,0.067213637,0.003154471,2.412270659,0.146880218,0.069432041,2024,17,4038815,12.02488768,,,,
,,,79.60174181,0.316721294,0.012906626,5.350231872,0.073591592,0.041211292,2024,17,3886598,15.15606849,,,,
66.550681,0.495434964,0.014644435,20.67994288,0.08361411,0.003407337,2.491272922,0.242944906,0.115216643,2024,17,4372561,14.50789246,,,,
22.34971643,0.236990689,0.005243473,,,,,0.362831901,0.173362705,2024,17,4426338,17.89638472,251.9438996,1.525990595,0.029770705,0.837576182
20.5039848,0.269361802,0.007961996,,,,,0.51353975,0.245361335,2024,17,4361741,18.5473081,299.0258044,1.25353984,0.051082674,0.867689698
1.775162743,0.015137253,0.001298549,61.14512811,0.318937556,0.033837883,5.190675832,0.072271908,0.040121925,2024,17,3916433,13.47909079,,,,
19.00607243,0.20407392,0.010728781,,,,,0.474041046,0.226497504,2024,17,4038941,17.81423863,254.0654128,1.407756174,0.099229494,0.441957441
,,,49.11584977,0.225305943,0.016873261,3.568932385,0.039657699,0.022208312,2024,17,4040655,9.82272692,,,,
6.962153413,0.104847463,0.003673231,,,,,0.439902164,0.210617386,2024,17,4036378,14.16796135,248.6962358,1.242432053,0.074827293,0.911161345
6.219535791,0.067878207,0.00167,64.01835156,0.404629531,0.007635786,4.521035034,0.090099562,0.048732883,2024,17,4683062,14.303392,,,,
,,,58.62636315,0.227309892,0.014610067,4.919792512,0.093167434,0.052173763,2024,17,4035687,12.07362079,,,,
,,,34.17720505,0.274480854,0.005179743,3.399541575,0.064123205,0.035908995,2024,17,15795,8.4043807,,,,
1.644430241,0.020167666,0.000233064,62.51444647,0.371109211,0.007860507,5.082021635,0.091372196,0.050683983,2024,17,4373678,13.76280174,,,,
,,,48.4019675,0.317223677,0.006719151,3.833493315,0.049506102,0.027723417,2024,17,4385690,10.5363316,,,,
14.82953865,0.059375511,0.002307256,,,,,0.544216652,0.26031058,2024,17,4432577,15.59330236,275.3957823,1.206788617,0.041061712,0.834673555
,,,32.53036415,0.191548853,0.014345178,2.3329103,0.018747378,0.010498532,2024,17,4360248,6.74342813,,,,
38.00875279,0.187916331,0.006903599,23.198137,0.099477866,0.003536175,3.13429996,0.14141881,0.068725265,2024,17,4569987,10.89052207,,,,
21.29755733,0.165651348,0.003665074,21.87392617,0.087532318,0.001707677,3.178433338,0.073862393,0.03677951,2024,17,4361579,8.95382017,,,,
,,,23.97407965,0.169431963,0.003588758,1.616541998,0.026752244,0.014981257,2024,17,2976499,5.00846474,,,,
,,,37.16144737,0.345279684,,4.047275696,0.042945503,0.024049481,2024,17,15835,9.78813358,,,,
,,,34.03757436,0.091006272,0.004271107,4.111176281,0.082223526,0.046045174,2024,17,4242355,7.97959522,,,,
,,,57.27579767,0.281931789,0.015413116,6.008892211,0.099726452,0.055846813,2024,17,16460,13.34982932,,,,
,,,62.55523165,0.334809213,0.021519455,5.273088483,0.053120355,0.029747399,2024,17,4688813,13.57069739,,,,
,,,41.16093133,0.367268202,0.028613433,4.226836712,0.029139305,0.016318011,2024,17,3046439,10.5718979,,,,
,,,48.54316016,0.360620194,0.046799612,3.635637358,0.072712747,0.040719138,2024,17,4431299,10.66775549,,,,
-0.014711476,,,38.19385032,0.190761446,0.011488888,3.145758386,0.038142175,0.021192496,2024,17,4572680,8.08984173,,,,
35.03092628,0.315198758,0.007764431,9.176316297,0.067376957,0.001271474,1.363267839,0.054147292,0.025621514,2024,17,3059915,8.04770317,,,,
,,,33.9327799,0.198495072,0.007055975,3.68087697,0.071215806,0.039880851,2024,17,4361411,8.20135364,,,,
72.66931202,0.244783219,0.033427673,18.12491556,0.073648572,0.011313348,2.721208939,0.094353066,0.044753102,2024,17,4372019,13.74994963,,,,
58.39666577,0.417945172,0.023229361,27.866684,0.099517615,0.005166477,3.32751547,0.09437596,0.04522829,2024,17,4428557,15.05688331,,,,
58.86819533,0.444908802,0.038166507,19.10786611,0.098652773,0.010466629,2.402768131,0.123722677,0.058752736,2024,17,4048244,13.44476852,,,,
1.421280808,0.012777391,0.000671746,59.5028159,0.382312108,0.026948301,3.629921893,0.062364353,0.034538375,2024,17,4429025,12.0806759,,,,
13.97583123,0.142297767,0.005227681,,,,,0.499276757,0.238614926,2024,17,14881,15.1741318,230.9705771,1.324451229,0.047080737,0.627226456
5.596272893,0.042212733,0.005667021,,,,,0.476994704,0.228617605,2024,17,8439,17.53209259,288.73693,1.668541748,0.125985556,0.661562619
,,,25.80990486,0.140982056,0.005166782,2.142167008,0.035155309,0.019686973,2024,17,2577327,5.54093945,,,,
,,,39.19028649,0.344262087,0.007291855,2.585582842,0.051711657,0.028958528,2024,17,4635008,8.52821867,,,,
2.167185875,0.014939672,0.000554156,45.84644455,0.475131302,0.016443049,3.405199239,0.074133054,0.040911603,2024,17,4430834,11.10111533,,,,
32.42591054,0.168629642,0.020316,6.233011964,0.009334415,0.001797325,1.013224375,0.095388374,0.044972098,2024,17,4040761,5.90370342,,,,
15.6670278,0.120477541,0.003213801,,,,,0.514725022,0.246299822,2024,17,15864,16.79186114,295.8434838,1.220034705,0.04471245,0.914198957
28.2768623,0.017206574,0.003482806,,,,,0.5280711,0.252235238,2024,17,4431611,16.30370955,221.4812153,1.423307736,0.184710262,0.532765668
,,,46.26936241,0.153499273,0.005222906,4.282125129,0.046089884,0.025810335,2024,17,3117256,9.79010015,,,,
58.53731682,0.488031249,0.054672047,5.005761266,0.021615201,0.002541129,0.77401394,0.251878728,0.117303116,2024,17,4429013,10.07268057,,,,
,,,48.72915601,0.256400751,0.015442111,3.491622795,0.069832456,0.039106175,2024,17,4361432,9.85745677,,,,
1.390308675,0.007056137,0.000850103,49.14363383,0.037669507,0.007253198,5.312003248,0.055764832,0.031003061,2024,17,4569587,10.58942184,,,,
27.05480631,0.152996307,0.007923502,4.85698565,0.02484416,0.001683089,0.711624652,0.056082694,0.026377885,2024,17,4240657,4.93778606,,,,
28.90357389,0.09555248,0.007113361,9.279359754,0.041651424,0.004280615,1.27621011,0.091697268,0.043706298,2024,17,2576414,5.85552025,,,,
4.337055284,0.06859949,0.0027264,,,,,0.385224318,0.184478717,2024,17,12483,15.80317403,240.5973533,1.665061037,0.07931308,0.565764121
38.84129429,0.297852333,0.013995009,3.297228674,0.011795791,0.000883392,0.487372066,0.037658685,0.017528715,2024,17,4373626,6.55480848,,,,
46.97909471,0.186828903,0.013261418,13.6564413,0.041223207,0.002452075,1.890716176,0.090366419,0.042845466,2024,17,4599739,9.29897358,,,,
,,,46.47465411,0.211550073,0.010982665,4.259087218,0.048986391,0.027432379,2024,17,4360635,10.14424964,,,,
39.34105619,0.237059184,0.020336125,19.9783063,0.144604329,0.015341888,2.722533205,0.127848289,0.061922263,2024,17,2576336,10.98093249,,,,
,,,15.7063261,0.102100917,0.013250182,1.955451905,0.022330295,0.012504965,2024,17,4258595,4.14077025,,,,
,,,29.16442812,0.189088472,0.003568299,2.351031689,0.042885957,0.024016136,2024,17,4241372,6.36224366,,,,
,,,31.49530277,0.225726971,0.006608449,3.172585455,0.029510978,0.016526148,2024,17,3116164,7.65742216,,,,
12.60221298,0.076759177,0.01030485,6.608778114,0.027648943,0.002087672,0.888925037,0.026852858,0.012952659,2024,17,4685247,3.43606059,,,,
,,,38.01196698,0.319421132,0.016582813,2.618376799,0.043419869,0.024315127,2024,17,3929785,8.32178166,,,,
22.04975501,0.154737154,0.00615,3.376071146,0.021094396,0.001004805,0.493706301,0.03561764,0.016717544,2024,17,4429096,4.07309474,,,,
2.386053336,0.014557765,0.00070752,36.86823376,0.191143955,0.010449776,3.26452166,0.073708674,0.040435033,2024,17,4430034,8.36754922,,,,
,,,24.11305593,0.304720805,0.008941227,1.927065529,0.02083895,0.011669812,2024,17,4361050,6.16178898,,,,
35.11397944,0.136004735,0.01029848,,,,,0.661591275,0.315950901,2024,17,4431452,15.81589547,208.9009608,1.306864271,0.101816255,0.852407033
1.583500975,0.00762501,0.000577377,35.27046217,0.155243352,0.012094827,3.409811591,0.073288641,0.040532398,2024,17,4427095,8.01862969,,,,
6.444542398,0.040490664,0.003378716,1.201934182,0.007485751,0.000351321,0.254259071,0.019187853,0.009059318,2024,17,3051392,1.29661306,,,,
,,,10.08682227,0.059640287,0.002120054,0.760995327,0.010732625,0.00601027,2024,17,3045138,2.12002204,,,,
,,,39.89778693,0.349611806,0.010258435,2.52494574,0.041139408,0.023038069,2024,17,4360939,8.587922,,,,
,,,30.50970823,0.137413982,0.009685995,3.294938261,0.033538862,0.018781763,2024,17,3127292,7.15308944,,,,
43.98724869,0.210983049,0.015975949,9.882733134,0.055912141,0.004356049,1.451548914,0.13512452,0.063919997,2024,17,4360294,8.38630968,,,,
18.73415627,0.189999692,0.0021957,5.314670551,0.036083038,0.000764279,0.706272064,0.023398157,0.01106127,2024,17,4429501,4.47493363,,,,
37.92385993,0.211447365,0.004678321,10.47136747,0.049172728,0.000959316,1.734245276,0.074649921,0.035638265,2024,17,4722893,8.07945532,,,,
11.18814078,0.089048007,0.002632147,3.801011136,0.012293326,0.000500962,0.470882383,0.018416015,0.00874963,2024,17,4039358,2.58144343,,,,
,,,31.70779258,0.176392544,0.013318763,3.220314224,0.041716209,0.023361077,2024,17,3915486,7.43046812,,,,
0.742505024,0.003370025,0.00023921,47.06961798,0.186809604,0.011111975,2.76032876,0.051106553,0.028393752,2024,17,3051738,8.6498837,,,,
,,,34.09810732,0.055121182,0.008467307,3.229312259,0.045863663,0.025683651,2024,17,4372414,6.9366294,,,,
1.272390694,0.005753318,0.000480082,38.06194291,0.205221242,0.009631445,3.761724159,0.060051719,0.03328287,2024,17,16731,8.91624619,,,,
,,,32.61107202,0.119016199,0.004849998,2.180285225,0.043605704,0.024419195,2024,17,4428209,6.11750323,,,,
,,,27.59601038,0.146849322,0.008735022,2.809279578,0.028864936,0.016164364,2024,17,3929645,6.43587986,,,,
1.57687376,0.008967254,0.000229883,,,,,0.001728626,0.000795168,2024,17,4242431,0.24718727,,,,
21.06193652,0.226265181,0.010996686,,,,,0.516754392,0.247081272,2024,17,4685720,15.12883051,226.2474826,1.164683197,0.063672839,0.856191414
11.2111095,0.097866544,0.004598397,,,,,0.50757083,0.242896615,2024,17,4360423,13.02113525,219.7939499,1.101255224,0.082473489,0.792842198
,,,33.83055381,0.261272733,0.030715773,3.908710075,0.044872257,0.025128464,2024,17,4430539,8.87175847,,,,
26.38666749,0.222120536,0.011677546,5.562432311,0.030289009,0.002135003,0.754105678,0.056864551,0.026794309,2024,17,4430968,5.43900941,,,,
5.900073547,0.031653974,0.000700351,42.24652734,0.218833657,0.004269248,2.908757075,0.079832172,0.042540313,2024,17,4686472,9.27279297,,,,
3.851838588,0.026242304,0.001233031,33.75095685,0.091682252,0.006866124,3.261399593,0.07611106,0.041533887,2024,17,3728262,7.70021038,,,,
17.06627281,0.111486352,0.002858048,1.804018954,0.010236006,0.000169571,0.273912694,0.044336865,0.02063865,2024,17,4240021,2.88174481,,,,
,,,27.38717371,0.191297129,0.003609979,2.902390778,0.02332375,0.0130613,2024,17,4240472,6.77060628,,,,
,,,18.28817346,0.196040996,0.009338165,1.504884552,0.030097691,0.016854707,2024,17,3043116,4.49570679,,,,
,,,33.46751888,0.201505732,0.012951536,2.238407307,0.038152714,0.02136552,2024,17,4360078,6.77837362,,,,
,,,31.53325213,0.201913591,0.015245765,2.607672877,0.036777064,0.020595156,2024,17,3128390,6.96275285,,,,
,,,33.60613157,0.169232076,0.01192878,2.665601255,0.046333728,0.025946888,2024,17,4242433,7.01479465,,,,
,,,39.39587176,0.138111569,0.005061583,3.668741148,0.029482178,0.01651002,2024,17,4036131,8.41488086,,,,
30.14528104,0.130869278,0.009289313,16.61745669,0.140135373,0.008335657,2.113853575,0.061783621,0.029792565,2024,17,4242214,8.39345206,,,,
,,,42.64116235,0.236827252,0.014263269,2.515015044,0.050300301,0.028168168,2024,17,4428850,8.17361099,,,,
,,,13.54449709,0.138428089,0.002932061,1.22200075,0.013658802,0.007648929,2024,17,3930086,3.39794586,,,,
,,,34.2022257,0.209074859,0.014163958,2.899201496,0.053888362,0.030177483,2024,17,4360761,7.54326817,,,,
,,,44.1295531,0.233706005,0.012776629,3.513816752,0.070276335,0.039354748,2024,17,4695883,9.27770585,,,,
,,,30.70547093,0.184255199,0.008647466,3.0701745,0.058789172,0.032921936,2024,17,4249417,7.19925785,,,,
7.752140941,0.059355764,0.003391521,,,,,0.526605321,0.252113009,2024,17,11252,13.69467074,237.3224326,1.258417575,0.08088326,0.820744541
6.75571633,0.057451469,0.004928475,36.77565629,0.152306243,0.016159028,2.57891823,0.058616653,0.031120406,2024,17,4428718,8.17811925,,,,
15.06878897,0.126756553,0.025656964,4.513009477,0.019836575,0.002574299,0.726097349,0.026070816,0.012423535,2024,17,4426386,3.59614142,,,,
20.13997015,0.127408503,0.002818942,1.870413767,0.009942804,0.000193975,0.274486534,0.065263631,0.03039274,2024,17,4569682,3.24659512,,,,
23.13045764,0.141988652,0.007188541,7.499540471,0.021981838,0.00187778,1.046180566,0.046261735,0.022097414,2024,17,4371733,5.08713205,,,,
5.741387961,0.039176949,0.002039268,,,,,0.010183177,0.004684261,2024,17,4035886,0.8136618,,,,
,,,10.41746831,0.104990794,0.005001104,1.075920946,0.009881316,0.005533537,2024,17,4242557,2.74680867,,,,
,,,45.82254886,0.225272222,0.017550693,3.420843573,0.068416871,0.038313448,2024,17,4429022,9.31501228,,,,
0.857823278,0.005813732,0.00033219,17.15504545,0.116039243,0.007458281,1.191841129,0.026737643,0.014682998,2024,17,4597500,3.7111688,,,,
1.317218118,0.007850676,0.000945826,26.44670582,0.095502795,0.018388897,2.081863065,0.046109142,0.025373932,2024,17,3916945,5.46751587,,,,
3.327016053,0.02784168,0.00232323,,,,,0.777997052,0.372396057,2024,17,2972515,10.28678765,200.4917941,0.925998858,0.043458984,0.651961771
31.47701482,0.23807626,0.011570715,13.04894471,0.054531178,0.002981201,1.808352422,0.171284486,0.081949672,2024,17,4259308,7.97888653,,,,
,,,3.919479403,0.029019436,0.00226087,0.350509535,0.007010191,0.003925707,2024,17,4430637,0.91342922,,,,
9.792441667,0.064465864,0.003683506,5.040579304,0.018348827,0.001179349,0.748834256,0.012956313,0.006275987,2024,17,4241401,2.72654024,,,,
,,,9.189172391,0.056073836,0.002631658,1.190147902,0.013662979,0.007651268,2024,17,4372096,2.43582954,,,,
14.24003748,0.102418741,0.005692426,,,,,0.57989292,0.277285331,2024,17,3116407,15.52929934,253.9747637,1.394628086,0.0724024,0.93181937
,,,4.776369187,0.028480551,0.000537458,0.491422776,0.009828456,0.005503935,2024,17,3120348,1.13026925,,,,
8.98412608,0.086214808,0.009658275,,,,,0.435480623,0.208391969,2024,17,4241464,14.79125887,228.3854561,1.536539611,0.180638835,0.940674776
2.727867381,0.014561329,0.000358696,9.090192292,0.047886303,0.000903665,1.160851906,0.014153049,0.007422048,2024,17,3116389,2.72255994,,,,
,,,37.33115394,0.199260448,,3.192870223,0.063857404,0.035760146,2024,17,3917914,8.09999637,,,,
,,,25.78413234,0.229247592,0.003933369,2.091574722,0.029498323,0.016519061,2024,17,3134353,6.02108212,,,,
13.62598118,0.108412193,,10.58877547,0.048746266,,1.488429833,0.019903906,0.009784063,2024,17,3127586,4.89058554,,,,
,,,28.24607492,0.129617227,0.004607549,1.994881246,0.039897625,0.02234267,2024,17,4243389,5.65101581,,,,
11.43343881,0.069951647,0.009390945,6.488303272,0.035932025,0.002713097,0.906361273,0.030647179,0.014862852,2024,17,4695404,3.35903056,,,,
45.62291874,0.280319413,0.013623769,11.18602748,0.045222346,0.00247229,1.510629526,0.123222598,0.058128143,2024,17,3139033,9.06396253,,,,
,,,36.19731798,0.209398655,0.024617347,3.419104085,0.068382082,0.038293966,2024,17,4432620,8.26968058,,,,
,,,30.04233591,0.219467555,0.006425197,2.426685279,0.048533706,0.027178875,2024,17,4368003,6.70750084,,,,
19.22970199,0.103270914,0.007330337,5.760869107,0.010321592,0.000613958,1.021995951,0.043821562,0.020888685,2024,17,2980453,4.20614441,,,,
8.559732663,0.133841297,0.011481577,,,,,0.466587663,0.223303849,2024,17,4260394,14.22063413,231.8704135,1.212034673,0.128591589,0.703590394
36.4992863,0.119185765,0.008872731,,,,,0.492861239,0.234501861,2024,17,4035671,11.92124755,168.2488502,0.599271333,0.061588524,0.627886897
,,,18.9007274,0.097078912,0.004624231,1.537011841,0.025794095,0.014444693,2024,17,4360797,3.99059513,,,,
28.35880956,0.223420432,0.003131878,5.312890406,0.027696904,0.000475216,0.725706715,0.084474074,0.039695133,2024,17,4421446,5.52963665,,,,
16.20427937,0.155063512,0.00179,10.60634651,0.064682444,0.001370046,1.033338937,0.035693647,0.017154287,2024,17,3915411,5.00583078,,,,
,,,32.18281782,0.198949257,0.003881321,3.077717649,0.061554353,0.034470438,2024,17,4569559,7.43014274,,,,
,,,29.33931104,0.147545034,0.00765983,2.726728372,0.043170956,0.024175735,2024,17,3045144,6.51403787,,,,
10.62169299,0.083521065,0.002926081,1.646936573,0.007159457,0.000431189,0.224764385,0.018722114,0.008761424,2024,17,4887558,1.98539657,,,,
3.135038374,0.020812734,0.000808756,1.762155456,0.005183514,0.000176372,0.279249119,0.010936099,0.005293265,2024,17,4360238,1.05219513,,,,
,,,32.01555063,0.344565905,0.011924523,3.194939154,0.036678118,0.020539746,2024,17,4372505,8.4476252,,,,
18.80295795,0.094390987,0.012890063,,,,,0.070588768,0.032470833,2024,17,3125116,2.40934618,,,,
,,,28.93490404,0.184126934,0.014345112,2.925108967,0.056515432,0.031648642,2024,17,3045523,6.89024792,,,,
,,,22.17346697,0.128304959,0.013612596,2.067339186,0.023733194,0.013290589,2024,17,4429086,5.05578365,,,,
,,,7.335864322,0.03775761,0.003225412,0.651308406,0.010497904,0.005878826,2024,17,4361409,1.60641087,,,,
,,,26.53395614,0.195574839,0.011633357,2.300588114,0.030387229,0.017016848,2024,17,3843945,6.11746978,,,,
15.01625971,0.165075092,0.008357351,,,,,0.353280704,0.168671827,2024,17,4240703,13.38965115,212.8473955,0.933838357,0.079772351,0.599945188
,,,19.12786636,0.128686645,0.009070826,1.788753877,0.020535016,0.011499609,2024,17,4250764,4.46934522,,,,
,,,21.65046829,0.106280726,0.009078941,2.212529365,0.025399987,0.014223993,2024,17,4241374,5.00564245,,,,
,,,5.364356452,0.023618935,0.002776692,0.773553792,0.006413031,0.003591297,2024,17,3139602,1.45024304,,,,
4.233820593,0.022006012,0.00089749,7.702228368,0.065335176,0.001917088,1.026851479,0.01332998,0.006825285,2024,17,4596334,2.73683429,,,,
6.220086222,0.043783266,0.00162405,1.740091318,0.010336956,0.000357735,0.232765294,0.014141981,0.006734131,2024,17,4430871,1.37180168,,,,
,,,6.833852666,0.010997874,0.002117622,0.534359486,0.01068719,0.005984826,2024,17,4692590,1.27627959,,,,
18.70700556,0.114052796,0.013740743,,,,,0.683672915,0.326997678,2024,17,3924327,11.55572525,218.7198228,0.591086084,0.1138126,0.865800329
7.83677536,0.028372084,0.002367489,17.66479611,0.083721289,0.003929208,1.773277095,0.063072308,0.032559816,2024,17,3676833,5.09012258,,,,
,,,8.694053791,0.04214459,0.00253822,0.820058853,0.009414331,0.005272025,2024,17,4428085,1.93711256,,,,
,,,26.58621753,0.168960156,0.013163487,2.82176555,0.031270052,0.017511229,2024,17,3043275,6.48628076,,,,
,,,16.98969126,0.112035784,,1.519886704,0.030397734,0.017022731,2024,17,4426948,3.85782907,,,,
0.935755955,0.008576425,0.000253508,12.08598439,0.049798244,0.002029315,1.430213963,0.016227713,0.008870786,2024,17,16002,3.06988849,,,,
,,,22.69459627,0.171396439,0.026328651,2.338249402,0.038411956,0.021510696,2024,17,3128452,5.64673757,,,,
,,,19.25987968,0.095799969,0.003510926,1.755516566,0.020153449,0.011285932,2024,17,4576297,4.24128654,,,,
24.27935088,0.165879433,0.00442492,8.893559377,0.027329467,0.001001584,1.082851619,0.055153365,0.026284691,2024,17,4427391,5.53576694,,,,
,,,2.269474516,0.017068692,0.000813046,0.213328616,0.004266572,0.002389281,2024,17,4569382,0.58257856,,,,
,,,2.665226799,0.01977327,0.001393772,0.178321932,0.00335083,0.001876465,2024,17,3115394,0.56260705,,,,
,,,11.90566189,0.105537057,0.003652361,0.906771375,0.018135428,0.010155839,2024,17,4426407,2.77838469,,,,
5.13858499,0.029368518,0.001678084,3.462918335,0.018269561,0.001174254,0.492348147,0.011161509,0.005466806,2024,17,4429676,1.66042304,,,,
1.344909729,0.009345332,0.000206768,33.93333746,0.206750007,0.004033507,2.467029621,0.053671998,0.029623179,2024,17,4431280,7.24207657,,,,
1.109623206,0.01029682,0.000263968,16.86941276,0.100901306,0.001671546,1.265367157,0.029402645,0.016055951,2024,17,4382466,3.70299264,,,,
,,,22.41346372,0.101452919,0.005546397,1.899507268,0.035139229,0.019677968,2024,17,4212909,4.73189448,,,,
,,,2.216858788,0.016906135,,0.23207166,0.002664198,0.001491951,2024,17,4690923,0.55228065,,,,
3.760801464,0.011714034,0.000872046,21.39268358,0.051374892,0.005279918,1.979553378,0.051217924,0.027519352,2024,17,4569603,4.92117178,,,,
11.16111635,0.084778132,0.003114547,6.871793485,0.044500895,0.001581889,0.910120004,0.031665509,0.015362775,2024,17,15807,3.52865383,,,,
,,,22.46564465,0.225289404,0.026485497,2.131365065,0.040541626,0.022703311,2024,17,3115306,5.73829833,,,,
,,,16.04288524,0.081767105,0.00447018,1.675654122,0.019236623,0.010772509,2024,17,4431588,3.75844822,,,,
,,,4.269069465,0.045422482,0.000779347,0.458668989,0.004212441,0.002358967,2024,17,4242392,1.15506259,,,,
2.576384926,0.016416759,0.000637934,6.058173206,0.029083189,0.000989573,0.774503451,0.008753307,0.004484206,2024,17,2983509,1.90547655,,,,
1.637314766,0.011772923,0.000609706,19.42196608,0.102366797,0.006934928,1.763927685,0.040421225,0.022121619,2024,17,4037235,4.59563781,,,,
,,,10.13616685,0.0309173,0.001451011,0.903849442,0.018076989,0.010123114,2024,17,4426485,2.08610272,,,,
15.87028319,0.055100562,0.003911127,,,,,0.694296876,0.332000299,2024,17,4426339,12.69446954,220.9635535,0.972251262,0.057832315,0.714247815
,,,2.243150662,0.01647584,0.000272941,0.253866988,0.002331528,0.001305656,2024,17,3052096,0.57503346,,,,
,,,33.55355568,0.142751759,0.004857215,2.644836722,0.052896734,0.029622171,2024,17,4567096,6.80857093,,,,
,,,21.73161218,0.213179613,0.004515382,1.601325014,0.026116468,0.014625222,2024,17,2991662,5.03403423,,,,
,,,3.454486259,0.012749948,0.00245498,0.520313759,0.004392486,0.002459792,2024,17,4570561,0.96500129,,,,
,,,6.590606854,0.051258475,0.00347255,0.622022262,0.009682908,0.005422428,2024,17,3059722,1.58498964,,,,
29.24993478,0.16830479,0.009354368,9.716251103,0.034877035,0.001810648,1.269065742,0.069687152,0.033127435,2024,17,4367567,6.36231314,,,,
12.69962005,0.098291677,,,,,,0.027105787,0.012468662,2024,17,4362619,1.83548874,,,,
,,,20.03188393,0.144610118,0.00688832,2.194586684,0.020402088,0.01142517,2024,17,2573401,5.05690088,,,,
,,,17.76312473,0.107066992,0.003805948,1.172815225,0.018825392,0.01054222,2024,17,3930066,3.57855391,,,,
23.42815468,0.081877138,0.011181167,,,,,0.630322457,0.300905732,2024,17,4367178,11.11554494,190.7256284,0.720743213,0.11071523,0.944566339
,,,8.094607264,0.050268566,0.000948621,0.622551695,0.011651415,0.006524793,2024,17,3118892,1.72277927,,,,
8.370224008,0.091060256,0.004787312,1.755516227,0.007274183,0.00051274,0.256662319,0.02301037,0.010856826,2024,17,4372071,1.84873543,,,,
4.33205692,0.02925931,0.00153825,7.449563886,0.042136776,0.002970124,0.628564396,0.026927627,0.013643837,2024,17,4362477,2.36480571,,,,
,,,10.22832832,0.081076788,0.00134313,0.993160875,0.015050562,0.008428315,2024,17,3921690,2.48868127,,,,
3.395303877,0.021017478,0.001088471,3.214887282,0.015159271,0.001026978,0.500855058,0.017562388,0.008770085,2024,17,4240631,1.41299805,,,,
6.908475741,0.059553901,0.002086414,5.040262446,0.022330144,0.001344866,0.687568726,0.016325849,0.007974247,2024,17,3149687,2.36509168,,,,
,,,7.523697962,0.050625653,0.000987661,0.672555858,0.013451117,0.007532626,2024,17,4039057,1.71594484,,,,
,,,10.75952832,0.075523894,0.002684675,1.049559628,0.012049016,0.006747449,2024,17,4430802,2.57084828,,,,
3.860680538,0.034910759,0.000489374,4.93452721,0.033650371,0.000577364,0.727010382,0.013732865,0.00693086,2024,17,4912274,2.00653209,,,,
14.05754216,0.059444131,0.008117709,7.893672896,0.02966251,0.004556535,1.081122251,0.037231835,0.018042733,2024,17,4249836,3.80113062,,,,
2.299500029,0.012390421,0.000938221,1.457903653,0.008057229,0.000627729,0.2305069,0.007931747,0.003895758,2024,17,3928925,0.7344821,,,,
,,,8.585002595,0.030775719,0.001127884,0.690399026,0.013807981,0.007732469,2024,17,4360405,1.72070923,,,,
,,,3.83504447,0.030101812,0.003906473,0.446030181,0.007233658,0.004050848,2024,17,3918639,1.01004755,,,,
,,,13.04506742,0.046942511,0.002792276,1.224086889,0.013005804,0.00728325,2024,17,4036335,2.80160995,,,,
,,,19.38760368,0.154931431,0.008470049,1.986667207,0.027485972,0.015392144,2024,17,4372780,4.84189797,,,,
0.768214011,0.003431289,0.000243558,34.17977835,0.079030153,0.004700942,2.650854213,0.055570367,0.030864077,2024,17,4372758,6.59005295,,,,
2.607434875,0.018063207,0.000632827,17.34764683,0.080033039,0.004820107,1.18864753,0.032421889,0.017291364,2024,17,4259305,3.74991432,,,,
,,,18.81446901,0.063540371,0.002162,1.440799684,0.028815994,0.016136956,2024,17,4686422,3.6763009,,,,
5.293496061,0.013064921,0.000972612,1.300020573,0.005089381,0.000523048,0.173819935,0.014059578,0.006650258,2024,17,3122976,0.93215961,,,,
,,,20.32242837,0.049101507,0.00945441,2.527762115,0.030335561,0.016987914,2024,17,4361516,4.84034499,,,,
,,,5.753435154,0.032268647,0.002756522,0.478199455,0.009563989,0.005355834,2024,17,4686104,1.24220883,,,,
1.584509205,0.012372589,0.001386048,14.690362,0.106713644,0.012545481,1.547661924,0.036389428,0.019834461,2024,17,4039050,3.95325199,,,,
,,,33.34175595,0.121849966,0.004146019,2.802394903,0.053919172,0.030194736,2024,17,15880,6.88542901,,,,
,,,4.875234781,0.029088174,0.001185365,0.436663745,0.005012929,0.00280724,2024,17,2975863,1.09560512,,,,
,,,12.72356479,0.05881497,0.002001215,1.255263622,0.014410511,0.008069886,2024,17,4426496,2.86875298,,,,
,,,14.35617145,0.075836652,0.004874309,1.204278151,0.013927485,0.007799391,2024,17,4039160,3.08943284,,,,
2.620747438,0.011724151,0.000978314,4.651828369,0.015883025,0.000745422,0.798315061,0.012565777,0.006454195,2024,17,4383396,1.68208658,,,,
,,,4.146331716,0.027177556,0.002117371,0.382590557,0.007651811,0.004285014,2024,17,4692022,0.96865491,,,,
,,,27.05611541,0.162279767,,2.540598869,0.050811977,0.028454707,2024,17,2576716,6.1643236,,,,
,,,11.22737368,0.078899762,,1.015986513,0.02031973,0.011379049,2024,17,3916566,2.58990076,,,,
,,,9.717432268,0.08382064,0.001635265,0.944593451,0.010663815,0.005971737,2024,17,3911853,2.41086897,,,,
,,,1.725451607,0.006608123,0.000109471,0.278676988,0.002752937,0.001541645,2024,17,4012556,0.48807914,,,,
,,,14.08717431,0.12077593,0.003543851,0.99309285,0.019861857,0.01112264,2024,17,4241424,3.17218563,,,,
,,,1.248511156,0.006811506,0.00011284,0.11450143,0.002290029,0.001282416,2024,17,3115255,0.34496562,,,,
,,,6.73117864,0.074049817,0.002172796,0.482037513,0.00964075,0.00539882,2024,17,4696882,1.59325663,,,,
,,,14.06164291,0.09041059,0.001763829,1.48797539,0.017082058,0.009565953,2024,17,4360231,3.42145017,,,,
,,,9.812636868,0.054859883,0.004142271,1.085113572,0.012457177,0.006976019,2024,17,4361372,2.39019786,,,,
,,,12.14281165,0.114314897,0.007347451,0.980259955,0.016442794,0.009207965,2024,17,2998565,2.87714327,,,,
,,,2.874933998,0.013393484,0.000545794,0.206407813,0.004128156,0.002311768,2024,17,4575665,0.61912172,,,,
2.502039979,0.00809252,0.000602444,1.302005425,0.003421817,0.000351668,0.182990054,0.008890449,0.004302454,2024,17,3917668,0.62601853,,,,
,,,7.034392038,0.03608491,0.002173267,0.5371175,0.01074235,0.006015716,2024,17,4689334,1.44966507,,,,
,,,2.031796956,0.014602086,0.000519066,0.208094366,0.002388937,0.001337805,2024,17,4241961,0.4973121,,,,
7.710168195,0.041659274,0.001699026,8.96827778,0.077443764,0.002272383,1.165372492,0.025825668,0.012863614,2024,17,4690013,3.58488902,,,,
,,,8.466479264,0.066961858,0.004536389,0.909166908,0.010437298,0.005844887,2024,17,4426844,2.15524439,,,,
,,,26.88435825,0.119105929,0.00558988,2.235632998,0.04471266,0.02503909,2024,17,4692835,5.60098798,,,,
,,,1.399083034,0.013750413,0.00040347,0.187141021,0.001579844,0.000884712,2024,17,2975417,0.40863102,,,,
,,,5.84887651,0.016047196,0.001649208,0.700495128,0.005629212,0.003152359,2024,17,3052897,1.37880845,,,,
2.647243966,0.017236845,0.000837726,5.894973209,0.019996468,0.0010932,0.741823721,0.011592479,0.005958788,2024,17,4035693,1.81169559,,,,
,,,11.95119722,0.083250472,0.002437265,1.387352309,0.018773485,0.010513152,2024,17,3127310,3.06631869,,,,
,,,12.32660902,0.053917859,0.002530473,1.318571973,0.026371439,0.014768006,2024,17,5083754,2.85096096,,,,
,,,2.354260969,0.010373957,0.000368767,0.179240049,0.002889023,0.001617853,2024,17,3914397,0.47448792,,,,
,,,34.92608506,0.120216909,0.007150849,2.73185029,0.054637006,0.030596723,2024,17,3127306,6.94859086,,,,
,,,1.320989268,0.008468761,0.000140295,0.100240067,0.001615687,0.000904785,2024,17,3122168,0.28166524,,,,
,,,5.535381348,0.018913097,0.000693137,0.485974674,0.007280462,0.004077059,2024,17,2971281,1.14641555,,,,
,,,28.87319457,0.085553085,0.013142031,2.302678058,0.046053561,0.025789994,2024,17,4360174,5.6792381,,,,
,,,11.55213888,0.063705699,0.004770948,1.199484207,0.01377016,0.00771129,2024,17,4035020,2.73141521,,,,
,,,1.623881181,0.007582843,0.000779307,0.16018338,0.001838916,0.001029793,2024,17,4365395,0.36761612,,,,
,,,13.17823217,0.044709878,0.004594939,1.169997451,0.023399949,0.013103971,2024,17,3052056,2.73967987,,,,
,,,14.35432059,0.093841386,0.004871795,1.403283456,0.016109789,0.009021482,2024,17,4360086,3.39388986,,,,
1.848619238,0.014960765,0.00033101,3.680299958,0.019432136,0.000379104,0.558157448,0.006694827,0.003456577,2024,17,2515270,1.31209085,,,,
,,,13.22808972,0.059459911,0.009133791,1.262579826,0.025251597,0.014140894,2024,17,4428678,2.93280006,,,,
,,,6.743577008,0.052964854,0.003404252,0.623446282,0.007157206,0.004008035,2024,17,4722908,1.61457454,,,,
,,,4.308666829,0.030896341,,0.452431227,0.008679465,0.004860501,2024,17,4048228,1.05918415,,,,
,,,9.356473632,0.086825193,0.003004792,0.761533835,0.015230677,0.008529179,2024,17,4429006,2.22942862,,,,
0.959221299,0.00490084,0.000280028,2.467106937,0.014811968,0.000952021,0.189812063,0.006697062,0.003460272,2024,17,4061956,0.66085852,,,,
,,,6.617047377,0.053815719,0.003793346,0.683166627,0.007842799,0.004391968,2024,17,4242558,1.66677543,,,,
,,,24.34026532,0.229491812,0.00794211,1.865929813,0.037318596,0.020898414,2024,17,4369466,5.65197861,,,,
,,,2.018185847,0.011197518,0.000525522,0.237042227,0.002721261,0.001523906,2024,17,4360967,0.50412115,,,,
,,,3.933301495,0.022088481,0.00286654,0.368252056,0.007365041,0.004124423,2024,17,4039043,0.89179173,,,,
,,,10.17832814,0.069037238,0.008116163,1.211640811,0.013909719,0.007789442,2024,17,4040612,2.64471769,,,,
,,,1.578271044,0.00514775,0.000306203,0.232400341,0.001961923,0.001098677,2024,17,3929914,0.41958078,,,,
,,,6.631116617,0.046220468,0.003131246,0.670719119,0.007699901,0.004311945,2024,17,4696700,1.60899559,,,,
,,,6.989585037,0.05514775,0.001075883,0.7491752,0.008600582,0.004816326,2024,17,4383440,1.77176612,,,,
,,,8.887694501,0.052989346,0.005621938,0.719216763,0.014384335,0.008055228,2024,17,4362630,1.92143551,,,,
,,,7.333038175,0.01273239,0.001955855,0.690726391,0.013814528,0.007736136,2024,17,3916204,1.53751114,,,,
,,,2.061608,0.018261977,0.000869886,0.224620817,0.002578662,0.001444051,2024,17,4239944,0.53927295,,,,
,,,6.029395169,0.06080341,0.0021614,0.635937759,0.008384238,0.004695173,2024,17,2508256,1.59885159,,,,
,,,7.044990261,0.047333515,0.002457329,0.686713414,0.007883517,0.004414769,2024,17,2576399,1.67150685,,,,
,,,2.579172931,0.017696136,0.001336171,0.274668654,0.003153215,0.0017658,2024,17,4044144,0.63798691,,,,
,,,9.166499962,0.07140254,0.010968329,0.976022179,0.011204801,0.006274688,2024,17,4362018,2.3307705,,,,
14.03908334,0.071141457,0.003954037,1.87593181,0.006360799,0.000330222,0.236915595,0.033881437,0.015800675,2024,17,3910544,2.27129181,,,,
,,,7.521073372,0.033325707,0.001730111,0.581245129,0.011624903,0.006509945,2024,17,4057082,1.57233599,,,,
,,,2.47376097,0.013457184,0.000698632,0.21159618,0.004231924,0.002369877,2024,17,4362617,0.53648449,,,,
,,,2.037306449,0.014451159,0.001698909,0.2529337,0.002322957,0.001300856,2024,17,3914151,0.5442286,,,,
,,,10.37972814,0.081070048,0.002373431,1.048168309,0.012033043,0.006738504,2024,17,4700712,2.56414867,,,,
1.766824068,0.01796499,0.00031632,78.57449478,0.530871478,0.01156395,7.016477226,0.095910583,0.05333393,2024,18,4374302,18.2632526,,,,
,,,117.7857664,0.664482409,0.009093576,7.786071152,0.111635966,0.062516141,2024,18,4262921,23.44764312,,,,
1.133314067,0.00679253,0.000317857,105.2251196,0.742936988,0.01955347,7.683014352,0.105389175,0.058740559,2024,18,4362628,22.74228036,,,,
115.6677268,0.970363498,0.039312951,24.37817046,0.128148437,0.009383422,3.098888148,0.180728995,0.085394174,2024,18,4430807,23.62592388,,,,
83.58641923,0.936401813,0.016487792,31.16135463,0.203087017,0.004423836,3.426176199,0.153256471,0.072944508,2024,18,4429795,21.63786481,,,,
58.08565295,0.224838704,0.007483192,,,,,0.500389381,0.237485435,2024,18,3916387,23.98409561,212.2872048,2.3414283,0.064317396,0.356266805
121.1577669,0.820586125,0.027311149,13.90755298,0.112958784,0.003102899,1.479838563,0.225686655,0.105057143,2024,18,3043078,20.44431182,,,,
107.7546934,0.745616973,0.052449158,26.8409877,0.124547838,0.008315244,3.069627515,0.262506445,0.123789498,2024,18,4242335,21.6310943,,,,
103.0221265,1.097034639,0.0421,21.72883199,0.100133489,0.007068952,2.393666045,0.234336514,0.110018531,2024,18,4047365,21.9362515,,,,
51.2861904,0.388435327,0.0265,23.30874501,0.185062846,0.017402344,3.23032108,0.103366537,0.049624138,2024,18,4429160,14.12209007,,,,
0.464426291,,,63.27404005,0.243291706,0.024754995,6.438095908,0.039658027,0.021938181,2024,18,4432665,14.27837041,,,,
,,,59.59806466,0.366965171,0.01296099,5.55719664,0.046107238,0.025820054,2024,18,3040151,13.69429324,,,,
,,,58.21411525,0.443540391,0.028945574,6.538393789,0.055777282,0.031235278,2024,18,4361307,15.01793825,,,,
1.43461871,0.007888779,0.000912,82.06346616,0.41345946,0.05681625,6.54529976,0.099371875,0.055279842,2024,18,4595348,17.4307165,,,,
55.04804688,0.399834663,,,,,,0.445954311,0.212160438,2024,18,4426348,22.40186844,246.6426067,1.579292886,,0.636129579
10.70664742,0.135394995,0.00633581,,,,,0.54645217,0.261628282,2024,18,3915511,21.23193756,302.4356967,2.204629744,0.058023981,0.593453505
,,,75.10243336,0.467152008,0.045479235,5.973724212,0.066683424,0.037342718,2024,18,16800,16.30491063,,,,
59.11695481,0.305890578,0.052947898,29.35547393,0.127170748,0.012380613,3.605996166,0.232646862,0.111763812,2024,18,4427366,14.96485639,,,,
,,,65.71411182,0.713799531,0.020592496,4.770529396,0.048057645,0.026912281,2024,18,16737,15.61336419,,,,
2.946850088,0.017423199,0.001186788,52.82725813,0.346273646,0.032561766,4.688606328,0.064920323,0.035713654,2024,18,3116406,12.44598402,,,,
,,,24.61943116,0.15141477,0.004924267,2.095936236,0.023896385,0.013381975,2024,18,4258173,5.45008256,,,,
7.766540632,0.120968272,0.001327707,,,,,0.079264507,0.037703295,2024,18,3918298,3.66809481,38.56906198,0.199468347,0.0027056,0.054879387
,,,59.83596604,0.354893514,0.034550393,5.107846938,0.102156939,0.057207886,2024,18,4569618,13.17818364,,,,
,,,67.19543012,0.540463243,0.039574379,5.443710702,0.075866388,0.042485177,2024,18,4426502,15.40221558,,,,
,,,83.6917356,0.653268128,0.017193462,6.471698584,0.100043391,0.056024299,2024,18,4239993,18.68545924,,,,
52.40780876,0.413381868,0.008760099,31.32319289,0.197215252,0.002698931,3.453356746,0.178391103,0.086144299,2024,18,3042519,15.34537909,,,,
19.98230395,0.163608394,0.006073125,8.16245747,0.06507199,0.002116252,1.051563246,0.027889267,0.013337661,2024,18,3116385,5.22856312,,,,
,,,51.88219084,0.455270906,0.009917146,4.571162899,0.02623863,0.014693633,2024,18,4430027,12.48214445,,,,
0.840750951,0.005595741,,68.88249357,0.433140861,,5.100221709,0.078016695,0.043481861,2024,18,3121422,14.62006005,,,,
21.6794894,0.170510849,0.00187147,7.439312815,0.03801241,0.00057597,1.021224596,0.042612135,0.020391758,2024,18,4379399,5.14947774,,,,
,,,60.44964398,0.303537402,0.010273908,4.186737081,0.083734742,0.046891455,2024,18,4047650,11.9818988,,,,
3.123772703,0.020864355,0.002285697,94.02502937,0.478966819,0.055519257,7.141289864,0.123311273,0.068233642,2024,18,4432773,19.83755774,,,,
4.472629043,0.026398653,0.000878613,65.78583771,0.615734177,0.016913787,4.066770679,0.056534396,0.030791913,2024,18,4429615,14.92090931,,,,
98.97229707,0.66955953,0.023975397,18.17636544,0.13850418,0.003995725,2.3285063,0.187284865,0.088133259,2024,18,4596448,18.78108769,,,,
,,,77.41737213,0.444873355,0.015489259,4.789859537,0.095797191,0.053646427,2024,18,4426354,15.12705454,,,,
7.797469376,0.026386548,0.005651842,72.52795022,0.306593723,0.042463796,6.259367947,0.088192293,0.047716122,2024,18,3915416,16.29291856,,,,
,,,56.91429542,0.473954939,0.030930436,4.315403386,0.084698198,0.047430991,2024,18,4432708,12.81979945,,,,
18.75572722,0.156073991,0.005588653,,,,,0.523133448,0.250056743,2024,18,3052587,19.09779169,222.0534793,2.336639771,0.067410028,0.801303557
3.244009093,0.019484281,0.000515009,71.65351976,0.355756975,0.012041397,5.976561198,0.090011617,0.049702799,2024,18,4430878,15.64584483,,,,
73.51633874,0.576946374,,12.08636789,0.054051647,,1.480643157,0.176919918,0.082867748,2024,18,4241474,13.66583445,,,,
51.86043485,0.254762935,0.054568711,19.50379227,0.066486595,0.009208516,2.709861524,0.146085253,0.069566759,2024,18,4259545,11.76606035,,,,
1.19103476,0.01244584,0.000263744,78.53856686,0.499404873,0.006834456,5.265730559,0.05499882,0.03060408,2024,18,4429205,16.26423524,,,,
32.41200686,0.350135767,0.017986132,,,,,0.544180592,0.259815663,2024,18,3917315,18.22541586,206.1549951,1.584196746,0.103385138,0.718518714
0.137986025,,,34.47243747,0.507923778,0.013952311,2.978701666,0.033237596,0.018247138,2024,18,3116365,9.47957303,,,,
77.89934576,0.621215561,0.016420001,27.23323439,0.050170258,0.001698125,3.709195318,0.087329919,0.041737413,2024,18,4426385,18.20583367,,,,
36.24841361,0.201760801,0.007224593,19.61014197,0.160360135,0.004626251,2.606757736,0.114701174,0.055599625,2024,18,4697815,10.28087135,,,,
53.5722197,0.371654711,0.011870719,15.7731226,0.078274051,0.002725286,2.096248363,0.083112924,0.039409271,2024,18,4241457,11.68292463,,,,
,,,72.09437055,0.322194007,0.020185099,5.764002638,0.115280053,0.06455683,2024,18,4612826,14.82090227,,,,
,,,53.41596868,0.246631391,0.0033752,4.731738424,0.049886771,0.027936592,2024,18,4036133,11.50532085,,,,
12.67123018,0.136027914,0.002882608,,,,,0.653478698,0.31257508,2024,18,3912547,20.57912588,331.5114431,1.936222841,0.0264976,0.980201982
,,,59.08521202,0.531795248,0.00833851,4.944701404,0.084966867,0.047581445,2024,18,3128429,13.96775222,,,,
71.83603692,0.352727331,0.019032796,12.86382328,0.044281236,0.002247566,2.017862563,0.131916583,0.062184847,2024,18,3916148,12.79157102,,,,
56.37544742,0.385042926,0.030648349,11.48188434,0.085549052,0.00628445,1.701585134,0.215285179,0.101561583,2024,18,4569173,11.18729461,,,,
,,,43.86328545,0.246729354,0.02320114,4.328866316,0.056913516,0.031871569,2024,18,3054212,10.17973013,,,,
10.2338089,0.077142986,0.002959665,51.37669163,0.266384732,0.018805505,3.587574778,0.097843752,0.052183275,2024,18,4362249,11.79499505,,,,
44.76824194,0.285662506,0.031294417,20.269086,0.074329271,0.008615849,2.735859256,0.106819073,0.0512336,2024,18,4239996,11.37971604,,,,
1.824686604,0.012881092,0.00069505,55.72952715,0.321341316,0.016310197,3.664406799,0.064282353,0.035541526,2024,18,3925357,11.38978806,,,,
5.365110332,0.071579512,0.001260344,72.15056206,0.39677596,0.008642953,4.177137585,0.091344944,0.049595324,2024,18,4426388,14.6618656,,,,
55.27879623,0.450910788,0.022724806,20.08735404,0.088560759,0.005548234,2.965711441,0.082532528,0.039567761,2024,18,4241985,13.71874431,,,,
3.370063549,0.045345921,0.000798433,,,,,0.454683289,0.217764087,2024,18,3046779,17.27527774,276.0202146,1.868209263,0.040695121,0.753454353
,,,70.34278396,0.307461397,0.04258397,6.437768738,0.1175859,0.065848104,2024,18,15818,15.27338925,,,,
69.66658228,0.314440719,0.036351834,18.81134251,0.102511511,0.014086797,2.665187515,0.298873363,0.141720259,2024,18,4360516,13.84005012,,,,
,,,75.56480251,0.082431635,0.013866772,5.797006157,0.081509217,0.045645161,2024,18,4241463,13.78667344,,,,
79.22833632,0.244296493,0.019265371,13.60472829,0.06967401,0.003090319,2.041157792,0.169375984,0.079764959,2024,18,4038815,13.09793873,,,,
,,,52.88091837,0.261309989,0.009229312,5.261070392,0.095883642,0.05369484,2024,18,3886598,12.03062311,,,,
72.34075166,0.435679915,0.011146473,18.13237041,0.082448333,0.002912026,2.71093903,0.237232965,0.112634892,2024,18,4372561,14.67610794,,,,
24.99242128,0.215505947,0.004282592,,,,,0.359687383,0.171731922,2024,18,4426338,17.84067935,222.655468,1.734836833,0.027202111,0.763075037
1.544963316,0.011808072,0.001006602,61.34974528,0.27960493,0.028449875,5.640136908,0.07759917,0.043144558,2024,18,3916433,13.65275562,,,,
1.380105364,0.012043285,0.000820333,39.23900073,0.150845749,0.014184747,3.71189415,0.051042844,0.028253293,2024,18,4372016,8.72599007,,,,
16.67448132,0.152345134,0.007677824,,,,,0.458601701,0.21917225,2024,18,4038941,16.56366754,252.9937964,1.251063101,0.078377724,0.443871126
7.21169356,0.101564638,0.003896625,,,,,0.394442159,0.188869365,2024,18,4036378,15.5380407,251.8684671,1.443094295,0.101875649,0.741939083
,,,13.59861572,0.044701,0.0014129,1.071823616,0.017275842,0.009674471,2024,18,4683062,2.68382405,,,,
,,,57.1159882,0.299526301,0.019997412,4.763325182,0.08715237,0.048805327,2024,18,4035687,12.21676398,,,,
,,,24.38099235,0.080204341,0.001215268,2.35881286,0.039707706,0.022236315,2024,18,4373678,5.23714605,,,,
,,,14.18464606,0.053483938,0.000810397,1.256765834,0.016131906,0.009033867,2024,18,4385690,2.98011313,,,,
4.630793307,0.01615527,0.000599682,,,,,0.119107499,0.056923422,2024,18,4432577,3.83821708,60.68418459,0.314652873,0.009882068,0.1590167
,,,33.43611187,0.259979558,0.019036502,2.405284956,0.019328984,0.010824231,2024,18,4360248,7.32570803,,,,
50.23026763,0.257686378,0.00823055,27.1133409,0.11018186,0.003836227,3.446196996,0.160902223,0.077893749,2024,18,4569987,13.28653004,,,,
16.69604566,0.11603064,0.002305792,17.19056893,0.084486378,0.00132474,2.723485955,0.058450936,0.02928076,2024,18,4361579,7.26549107,,,,
,,,38.85067866,0.366642313,,3.950447245,0.040387562,0.022617035,2024,18,15835,9.99120292,,,,
,,,37.43927024,0.137513101,0.006099251,3.870189194,0.077403784,0.043346119,2024,18,4242355,8.36674709,,,,
,,,57.59349959,0.284964504,0.015841101,6.056740788,0.100314287,0.056176001,2024,18,16460,13.44785397,,,,
,,,61.05821182,0.391048994,0.026107783,5.01106851,0.050480803,0.02826925,2024,18,4688813,13.50847508,,,,
,,,49.12906846,0.270638088,0.037483874,3.752053639,0.075041073,0.042023001,2024,18,4431299,10.28169076,,,,
0.072462638,,,37.59215732,0.197904191,0.013971102,2.945416425,0.03586267,0.019894954,2024,18,4572680,7.88840386,,,,
,,,35.83558852,0.207637994,0.00722938,3.810004889,0.076200098,0.042672055,2024,18,4361411,8.57051636,,,,
56.22524133,0.392821235,0.033486808,18.59409841,0.086817487,0.008833702,2.611718646,0.122554768,0.058342655,2024,18,4048244,12.94267466,,,,
1.344677205,0.010258079,0.000516982,61.49368378,0.34044109,0.021328259,3.716158545,0.063711991,0.035297285,2024,18,4429025,12.07896557,,,,
2.128608304,0.023040623,0.000883976,53.65844921,0.38158119,0.026937832,2.786929677,0.052026151,0.028589574,2024,18,4248528,10.79320477,,,,
15.79930156,0.19392549,0.00619,,,,,0.517736532,0.247512842,2024,18,14881,16.09269183,242.3785817,1.332550096,0.046395706,0.649980325
,,,16.37147439,0.056203971,0.004164824,1.561056979,0.019211163,0.010758252,2024,18,3121023,3.52274839,,,,
5.187711617,0.028684531,0.004965127,,,,,0.434602315,0.208287656,2024,18,8439,14.1804275,236.6091359,1.368900602,0.133268297,0.660885116
,,,33.28234018,0.206031004,0.006973584,3.012077489,0.049378433,0.027651923,2024,18,2577327,7.53644285,,,,
18.02457287,0.173727403,,17.52054876,0.090560912,,2.012972119,0.086932862,0.042947728,2024,18,3068267,7.06961672,,,,
,,,32.12724898,0.197176914,0.002987654,2.35291907,0.047058381,0.026352694,2024,18,4635008,6.70321737,,,,
2.147903811,0.012762746,0.000457,44.26555781,0.493345486,0.014232589,3.139674086,0.069139213,0.038083386,2024,18,4430834,10.77270605,,,,
27.54032934,0.137306599,0.015873729,5.336933316,0.012274515,0.001686724,0.913785981,0.079254282,0.037427012,2024,18,4040761,5.06135981,,,,
15.41804257,0.097068376,0.002565716,,,,,0.520106402,0.24887507,2024,18,15864,15.06813343,260.448379,1.189271612,0.040253579,0.916365571
26.06885743,0.01468141,0.003144671,,,,,0.575264257,0.274874226,2024,18,4431611,15.15704724,237.0323442,1.069802988,0.148169687,0.533246476
,,,11.46670364,0.044694514,0.001453542,1.132884982,0.009573872,0.005361368,2024,18,3117256,2.54015938,,,,
50.65928807,0.406174337,0.044496526,5.630927494,0.019738649,0.002287998,0.789424195,0.226418013,0.105553656,2024,18,4429013,8.8623614,,,,
,,,11.44946129,0.085033949,0.00276545,0.970224312,0.018049475,0.010107706,2024,18,3932905,2.61116602,,,,
1.582629019,0.007806228,0.000902462,45.08861499,0.121352456,0.016675858,4.793005675,0.050822689,0.028206844,2024,18,4569587,10.21516913,,,,
71.30055442,0.510826732,0.02624067,14.95179099,0.086695905,0.0056578,2.291038975,0.148877265,0.070331876,2024,18,4240657,14.42847253,,,,
25.15429224,0.191076966,0.013015278,11.84189017,0.074842739,0.00703782,1.703722742,0.094266428,0.045337407,2024,18,2576414,6.95078059,,,,
46.13323149,0.346889983,0.014053773,3.280443411,0.014229354,0.001041917,0.451070051,0.039366712,0.018299084,2024,18,4373626,7.55378478,,,,
,,,43.13631574,0.188251406,0.009555004,4.218554148,0.048520195,0.027171309,2024,18,4360635,9.62773955,,,,
,,,14.56776501,0.069155749,0.009578199,1.868331136,0.021335419,0.011947835,2024,18,4258595,3.73586626,,,,
,,,20.41199349,0.051426803,0.001625487,1.653333471,0.03006593,0.016836921,2024,18,4241372,3.97346277,,,,
,,,31.80872715,0.23819816,0.006269173,3.275955719,0.034277572,0.01919544,2024,18,3116164,7.86107086,,,,
14.45051198,0.063583859,0.011006,5.348224295,0.024151971,0.002351297,0.767518895,0.018536419,0.008850722,2024,18,4685247,3.28331025,,,,
,,,36.72474011,0.321664068,0.016326579,2.616180138,0.043226514,0.024206848,2024,18,3929785,8.20401802,,,,
57.09889527,0.306076174,0.011242195,10.8925754,0.044548009,0.002290642,1.51752353,0.102182377,0.048028768,2024,18,4429096,10.35412383,,,,
2.704242859,0.016876772,0.000699887,39.79406429,0.183417293,0.010196118,3.514375925,0.063888326,0.035053163,2024,18,4430034,8.91934271,,,,
,,,22.76871914,0.334881712,0.009198966,1.751111463,0.018891588,0.010579289,2024,18,4361050,6.0350116,,,,
30.79329468,0.10408183,0.00828,,,,,0.50536765,0.241128653,2024,18,4431452,12.97592075,167.0755994,1.021169368,0.07713905,0.598750968
1.671069497,0.007706632,0.000613,42.99808593,0.215543535,0.015833871,4.000079594,0.08532468,0.047249512,2024,18,4427095,9.74714086,,,,
,,,13.33389909,0.075321273,0.002622478,0.953470977,0.013447186,0.007530424,2024,18,3045138,2.72932783,,,,
,,,34.75224921,0.359237762,0.00986801,2.165693942,0.035251687,0.019740945,2024,18,4360939,7.77752957,,,,
,,,27.70813627,0.096511705,0.006046352,2.950302835,0.029941808,0.016767412,2024,18,3127292,6.27953657,,,,
55.86389887,0.243589153,0.019389021,12.91703941,0.073098283,0.005369814,1.741413635,0.161318597,0.076254338,2024,18,4360294,10.44805764,,,,
51.3428314,0.345631921,0.00379354,10.8937777,0.051536666,0.000780891,1.530704498,0.056955211,0.026845507,2024,18,4429501,10.11697189,,,,
48.07913975,0.228292665,0.004536693,9.187888621,0.052694948,0.000826253,1.616203397,0.083618759,0.039632999,2024,18,4722893,8.96249981,,,,
18.11778261,0.114911648,0.00294,4.370773769,0.016463465,0.00058148,0.693672183,0.028245922,0.013403043,2024,18,4039358,3.77537449,,,,
,,,27.92857236,0.15590542,0.015178056,3.09317529,0.032484337,0.018191229,2024,18,3915486,6.8162967,,,,
,,,48.96127905,0.15305381,0.00890249,2.908217295,0.051464448,0.028820091,2024,18,3051738,8.68418886,,,,
,,,46.74781205,-0.017067658,-0.002871147,3.979838585,0.056447838,0.031610789,2024,18,4372414,8.48473797,,,,
,,,46.08594836,0.279334014,0.012389571,3.66814135,0.055140222,0.030878524,2024,18,16731,9.91722036,,,,
9.826702298,0.057414997,0.00146891,42.33279312,0.179002629,0.006322265,3.977873702,0.108400953,0.057820186,2024,18,4428209,10.51513298,,,,
,,,38.13302436,0.14348083,0.008345671,3.798464649,0.046803776,0.026210115,2024,18,3929645,8.43815918,,,,
4.914130245,0.032640498,0.000691695,,,,,0.004908863,0.002258077,2024,18,4242431,0.72636862,,,,
21.41205703,0.233250575,0.009673008,,,,,0.548932584,0.26247123,2024,18,4685720,14.1543223,211.4657615,1.034526277,0.05750904,0.803532028
14.02656093,0.14443913,0.005851754,,,,,0.531938838,0.254355775,2024,18,4360423,14.64749989,211.7011528,1.399354119,0.102465008,0.704607771
,,,32.21188951,0.195385176,0.022647998,3.491234545,0.040079609,0.022444581,2024,18,4430539,7.88619739,,,,
14.74493928,0.105188653,0.005301252,0.901729501,0.004434812,0.000277836,0.124163967,0.031014588,0.014371529,2024,18,4430968,2.32980275,,,,
7.14381468,0.033746649,0.000670622,45.9230302,0.308446859,0.004836424,3.364022603,0.093466656,0.049722707,2024,18,4686472,10.73832089,,,,
5.129354775,0.037235567,0.001508548,34.94616048,0.1531968,0.01121754,3.238386515,0.077916367,0.042318302,2024,18,3728262,8.36148347,,,,
11.1223415,0.041271699,0.002226977,,,,,0.457963256,0.218870349,2024,18,4361418,8.75630625,146.2065478,0.830368565,0.042839611,0.718903371
17.83190829,0.133820988,0.002835841,4.438676244,0.023746995,0.000324982,0.564241049,0.043802904,0.020641452,2024,18,4240021,3.73098133,,,,
,,,19.50580079,0.072629255,0.00229565,2.059512927,0.016550344,0.009268192,2024,18,4240472,4.43236025,,,,
,,,25.91183514,0.143643139,0.007386077,1.865983096,0.037319662,0.020899011,2024,18,3043116,5.29298358,,,,
,,,35.89733831,0.257138625,0.017167464,2.299172034,0.038812741,0.021735135,2024,18,4360078,7.42362827,,,,
,,,23.45744321,0.145320771,0.014147595,1.999591971,0.028201053,0.01579259,2024,18,3128390,5.21471493,,,,
,,,37.75692303,0.136313544,0.004613839,3.784873153,0.03041542,0.017032635,2024,18,4036131,8.35441313,,,,
,,,19.53333026,0.108013347,0.001636634,2.130385619,0.033942736,0.019007932,2024,18,3121427,4.69795013,,,,
45.85811855,0.194732888,0.014126802,22.0134624,0.140661346,0.008181673,2.719990449,0.091564813,0.04387522,2024,18,4242214,11.47879846,,,,
,,,43.5685606,0.266620819,0.018822172,2.52416364,0.050483273,0.028270633,2024,18,4428850,8.46317969,,,,
,,,13.49091466,0.092548557,0.00140231,1.304747177,0.014562345,0.008154913,2024,18,3930086,3.19600938,,,,
1.731771253,0.015089476,0.000775132,30.64723117,0.234945912,0.015332638,2.880921499,0.058274633,0.032119833,2024,18,4360761,7.58854594,,,,
,,,36.36555413,0.191342871,0.010636699,3.012146867,0.060242937,0.033736045,2024,18,4695883,7.75215081,,,,
,,,34.75084501,0.254019298,0.011266763,2.910856495,0.055354963,0.030998779,2024,18,4249417,7.87205675,,,,
6.474996729,0.053298937,0.003749223,,,,,0.553448881,0.265082139,2024,18,11252,15.34025053,252.6964077,1.621492185,0.108256426,0.964677414
5.845467693,0.04463921,0.003805356,40.20512497,0.141179648,0.014365066,2.9223115,0.062283308,0.033360555,2024,18,4428718,8.67390059,,,,
13.77216177,0.114145025,0.024449188,4.788614939,0.016434594,0.002276222,0.793073868,0.026873646,0.012829551,2024,18,4426386,3.46112897,,,,
36.95080024,0.201215227,0.003998603,3.36129647,0.02129781,0.000333948,0.511570657,0.10830366,0.05046174,2024,18,4569682,5.78846217,,,,
59.37185407,0.302104702,0.015575053,16.95142336,0.040348634,0.002989913,2.193318273,0.122346606,0.057984853,2024,18,4371733,11.82443257,,,,
48.87200192,0.337587344,0.015797403,14.64146616,0.077112112,0.002029525,1.987774165,0.09509378,0.045197761,2024,18,4035886,10.78444078,,,,
,,,4.443098586,0.026071113,0.001340567,0.43411373,0.003986924,0.002232677,2024,18,4242557,1.03317105,,,,
4.31966216,0.028200055,0.00100978,25.81971818,0.292536648,0.008439428,2.038654449,0.042364214,0.022718315,2024,18,2976592,6.95159049,,,,
,,,54.20497533,0.28713917,0.021093301,4.02552558,0.080510512,0.045085887,2024,18,4429022,11.12299696,,,,
1.685046664,0.012352632,0.000868925,27.09426325,0.211231124,0.01410252,1.763141995,0.040986527,0.022380086,2024,18,4597500,5.96883824,,,,
1.500252604,0.008713567,0.001007357,29.46570568,0.14319159,0.019676921,2.158797233,0.04821596,0.026496936,2024,18,3916945,6.15647069,,,,
2.659129405,0.01761105,0.001388818,,,,,0.449138822,0.215078981,2024,18,2972515,7.38581252,131.3561734,0.722122747,0.033135404,0.389637563
35.4496408,0.261053694,0.010826016,10.41178492,0.045917657,0.00255255,1.49205332,0.158146785,0.075153994,2024,18,4259308,7.88682325,,,,
7.200363489,0.051438135,0.003618328,5.384070584,0.021863028,0.001459651,0.772695317,0.010509446,0.0051605,2024,18,4241401,2.47105786,,,,
46.66361036,0.239083462,0.0099149,11.67827283,0.02346401,0.001304358,1.938206094,0.092947968,0.04422386,2024,18,4045163,9.28412404,,,,
,,,8.193375244,0.057324825,0.002542583,0.89997057,0.010331723,0.005785765,2024,18,4372096,2.05704368,,,,
5.623412156,0.036222062,0.001954504,,,,,0.175123117,0.083655166,2024,18,3116407,4.26515672,66.09383172,0.375374708,0.018359833,0.268856655
43.99250454,0.26149664,0.00734781,13.66984269,0.050966356,0.001610934,1.840945064,0.244652056,0.115867334,2024,18,4714365,9.27462058,,,,
,,,22.43325458,0.038991671,0.00123244,2.15756422,0.043151284,0.024164719,2024,18,3120348,4.59011515,,,,
9.224803691,0.083270502,0.00912231,,,,,0.441561597,0.211252759,2024,18,4241464,14.68256295,250.5310807,1.286140041,0.149082434,0.905443899
30.9063416,0.149207996,0.004192605,23.1433171,0.084378506,0.002667018,2.847323742,0.083967656,0.040856453,2024,18,3116389,9.60658933,,,,
,,,37.60244999,0.197506351,,3.176970701,0.063539414,0.035582072,2024,18,3917914,8.10105202,,,,
,,,22.43184158,0.172483501,0.003757201,1.724321052,0.024318796,0.013618526,2024,18,3134353,4.98332557,,,,
12.75313834,0.09431658,,3.566177695,0.015469898,,0.47797641,0.013781286,0.006541145,2024,18,3127586,2.80821673,,,,
,,,32.17157201,0.143011401,0.004979261,2.248666383,0.044973328,0.025185063,2024,18,4243389,6.37145341,,,,
13.26866971,0.058141233,0.010063913,5.262853842,0.03227582,0.003142188,0.785427444,0.033624792,0.016130462,2024,18,4695404,3.19888409,,,,
11.76855372,0.071606645,0.00296956,3.298931127,0.012341969,0.000686087,0.476589788,0.030120406,0.014307829,2024,18,3139033,2.46652359,,,,
,,,39.48939813,0.180191459,0.020886824,3.568545081,0.071370902,0.039967705,2024,18,4432620,8.56235589,,,,
,,,34.18650802,0.272331947,0.007167545,2.710482335,0.054209647,0.030357402,2024,18,4368003,7.71817911,,,,
18.68925621,0.114029489,0.008272213,12.24689856,0.01610211,0.000936591,2.046857142,0.05180556,0.025291235,2024,18,2980453,5.92700391,,,,
6.322041119,0.092026102,0.007844943,,,,,0.46412287,0.222266076,2024,18,4260394,12.96210932,235.0995614,0.992052683,0.100941623,0.689862787
28.20781714,0.247008793,0.016825095,,,,,0.57879396,0.27595006,2024,18,4035671,14.96655887,193.3908796,1.141064617,0.107299759,0.673909422
,,,41.13147976,0.033820372,0.001739031,3.09073261,0.051868599,0.029046415,2024,18,4360797,7.35355605,,,,
25.89934676,0.222937473,0.003925395,8.128734314,0.035740492,0.000778534,1.00134272,0.085227333,0.040329566,2024,18,4421446,5.88721734,,,,
23.66693785,0.151598723,0.001663897,17.51359134,0.074139162,0.001123368,1.79419844,0.04968047,0.024121353,2024,18,3915411,7.22532449,,,,
,,,23.7002804,0.191369096,0.003000653,2.458560069,0.049171201,0.027535873,2024,18,4569559,5.92902825,,,,
25.78721859,0.217367386,0.008339508,5.123386137,0.021746043,0.001535168,0.632024688,0.040325297,0.018962266,2024,18,4887558,5.14065255,,,,
43.84865954,0.247015327,0.009169181,10.46748884,0.033533793,0.001090576,1.61564244,0.116691361,0.055191175,2024,18,4360238,8.74769241,,,,
,,,20.56750229,0.242892736,0.007007244,1.922884252,0.022074842,0.012361911,2024,18,4372505,5.42686416,,,,
50.85446883,0.174964468,0.028460718,13.80399751,0.035365905,0.005949305,1.907328175,0.211738807,0.099970693,2024,18,3125116,9.50962771,,,,
,,,33.67662587,0.22444903,0.01648807,3.235685861,0.062370491,0.034927475,2024,18,3045523,7.91480782,,,,
,,,17.49017579,0.081922281,0.008335614,1.803325274,0.020702296,0.011593286,2024,18,4429086,4.0379078,,,,
29.06595962,0.259392453,0.006636319,,,,,0.808020141,0.385782606,2024,18,3044720,14.88892272,208.0101707,1.069734938,0.037782396,0.75600338
,,,42.23572673,0.157765641,0.011690743,3.238652263,0.052201167,0.029232654,2024,18,4361409,8.37511496,,,,
,,,31.11436009,0.195865637,0.011392673,2.70135772,0.03532853,0.019783977,2024,18,3843945,6.97213494,,,,
,,,11.61798374,0.066277501,0.004152212,1.093802927,0.012556932,0.007031882,2024,18,4250764,2.64783877,,,,
,,,17.39237476,0.068139222,0.00504925,1.675730829,0.019237504,0.010773002,2024,18,4241374,3.81286373,,,,
,,,7.92779368,0.027820745,0.003224831,1.065833198,0.008816147,0.004937043,2024,18,3139602,2.02234541,,,,
11.92539048,0.05622292,0.001871239,9.246681826,0.073960116,0.002031633,1.065003614,0.024613302,0.012041379,2024,18,4596334,3.94768005,,,,
7.488894834,0.047360601,0.001695875,1.669246861,0.010321691,0.000297772,0.21137062,0.017000566,0.008020139,2024,18,4430871,1.4852401,,,,
,,,4.166985765,0.013150386,0.001807083,0.337266138,0.006745323,0.003777381,2024,18,4692590,0.82910463,,,,
19.26984583,0.146447168,0.016930451,,,,,0.612039205,0.292594917,2024,18,3924327,12.41723241,202.5800683,0.883797431,0.121448559,0.867267909
11.86592666,0.045615767,0.003597287,25.2159548,0.151903129,0.006737506,1.949757829,0.075942559,0.038833093,2024,18,3676833,6.94497421,,,,
,,,8.615700853,0.046755521,0.003300719,0.771746068,0.008859697,0.00496143,2024,18,4428085,1.91076186,,,,
,,,3.843306048,0.033873684,0.002122149,0.452807243,0.00677964,0.003796598,2024,18,3924365,1.03720985,,,,
,,,35.46038785,0.238119146,0.01749228,3.653527338,0.040320501,0.022579481,2024,18,3043275,8.6191686,,,,
,,,2.38066437,0.01567086,,0.209653903,0.004193078,0.002348124,2024,18,4426948,0.53715965,,,,
1.069470741,0.007838663,0.000200545,9.353678945,0.04827289,0.00170497,1.394719664,0.016032798,0.008742679,2024,18,16002,2.76045262,,,,
,,,33.6583058,0.137984705,0.023211992,3.42074419,0.05503888,0.030821773,2024,18,3128452,7.60071544,,,,
,,,14.47619341,0.08001109,0.002708156,1.458247295,0.016740778,0.009374836,2024,18,4576297,3.37304202,,,,
29.29516546,0.164800093,0.004356004,5.723125474,0.019854327,0.000672014,0.785796274,0.060121311,0.028319172,2024,18,4427391,5.3649233,,,,
,,,43.99178253,0.111842472,0.005750898,3.488217346,0.069764347,0.039068034,2024,18,4569382,8.53346845,,,,
,,,30.37069685,0.178268307,0.011168313,1.923487692,0.036144073,0.020240681,2024,18,3115394,6.01297648,,,,
,,,4.58401995,0.043336943,0.001250233,0.342656584,0.006853132,0.003837754,2024,18,4426407,1.10436875,,,,
10.37412306,0.081629225,0.002293705,,,,,0.628036151,0.300504687,2024,18,2573079,12.47786417,249.5988366,0.760482494,0.02403717,0.771709651
6.299187446,0.038975614,0.002741673,3.690549146,0.020569379,0.001373283,0.506661484,0.013085655,0.00636158,2024,18,4429676,1.89280871,,,,
13.77300548,0.066839475,0.004848837,15.6530865,0.038200846,0.002221981,2.135158818,0.047948747,0.023858924,2024,18,4243004,5.67569973,,,,
,,,24.74994515,0.193025654,0.003026628,1.928330447,0.038566609,0.021597301,2024,18,4431280,5.52535754,,,,
1.125390067,0.012746296,0.000270111,26.48799434,0.167334905,0.002290012,1.787744024,0.039631423,0.021805943,2024,18,4382466,5.59212203,,,,
,,,16.67165731,0.072765725,0.004045027,1.446682175,0.026721836,0.014964228,2024,18,4212909,3.53896833,,,,
,,,2.269279363,0.016569306,,0.224143311,0.00257318,0.001440981,2024,18,4690923,0.54767292,,,,
1.447379372,0.010275824,0.000699942,10.74460203,0.061946406,0.005825117,1.079944957,0.026741888,0.014461158,2024,18,4569603,2.81286836,,,,
,,,42.21803394,0.126057398,0.006481824,3.292534527,0.053069651,0.029719005,2024,18,2310331,8.22561195,,,,
4.693544779,0.03762179,0.001201647,5.540913035,0.034172099,0.001189778,0.695734067,0.015338297,0.007663933,2024,18,15807,2.20465992,,,,
,,,16.92108842,0.138916919,0.016102502,1.535241871,0.029202506,0.016353404,2024,18,3115306,4.06111842,,,,
58.26223871,0.283188155,0.014599808,15.57882798,0.064709926,0.004795132,1.991996282,0.133674671,0.063171991,2024,18,4431545,11.39422406,,,,
,,,17.28497308,0.087393333,0.004858172,1.849220301,0.021229174,0.011888338,2024,18,4431588,4.08857768,,,,
,,,2.361577982,0.021629036,0.000471144,0.236255863,0.002169787,0.001215081,2024,18,4242392,0.6007573,,,,
27.30164154,0.149929719,0.005565374,13.69882953,0.074206736,0.00241333,1.754973627,0.049376623,0.02375033,2024,18,2983509,7.16959821,,,,
,,,5.680194384,0.032680428,0.000711876,0.486745508,0.00973491,0.00545155,2024,18,2973405,1.3232563,,,,
3.541754733,0.031293704,0.001607527,15.12179653,0.09893288,0.006456388,1.531174741,0.041770064,0.022276579,2024,18,4037235,4.21697716,,,,
,,,21.30222095,0.085974707,0.003813319,1.664206862,0.033284137,0.018639117,2024,18,4426485,4.2815016,,,,
13.65703002,0.044812943,0.003250933,,,,,0.769079901,0.368125508,2024,18,4426339,13.03050084,255.9529264,0.884725883,0.051460749,0.887276379
,,,5.36448081,0.039425657,0.000539548,0.526575028,0.004836094,0.002708212,2024,18,3052096,1.29536752,,,,
,,,34.92832641,0.185422868,0.006030269,3.013208315,0.060264166,0.033747933,2024,18,4567096,7.56473284,,,,
,,,28.1543889,0.17372787,0.002632351,2.337841396,0.038053786,0.02131012,2024,18,2991662,6.15929397,,,,
,,,1.485873526,0.006948776,0.000954878,0.234241612,0.001977467,0.001107381,2024,18,4570561,0.44408059,,,,
25.61402287,0.187685826,0.00878276,8.290180108,0.045793981,0.001205259,1.142063119,0.068939686,0.032780199,2024,18,4035222,5.8895959,,,,
,,,7.956481191,0.074032191,0.004831362,0.794271082,0.012358631,0.006920834,2024,18,3059722,2.0302598,,,,
31.09550519,0.171216321,0.009238653,6.331456843,0.024400875,0.001238506,0.89804059,0.066713303,0.031446245,2024,18,4367567,5.81771493,,,,
,,,6.21974274,0.021697969,0.001115701,0.670295054,0.006224392,0.003485659,2024,18,2573401,1.41788163,,,,
,,,13.12989887,0.078868936,0.002745998,0.846705602,0.013590858,0.00761088,2024,18,3930066,2.62353814,,,,
,,,31.05013262,0.083432466,0.002637116,2.196174738,0.040958267,0.02293663,2024,18,3118892,5.76226377,,,,
15.15119061,0.095817799,0.004939901,,,,,0.466528581,0.222885405,2024,18,4685201,12.2225023,215.1357062,0.811102204,0.060104263,0.706989068
19.38974691,0.180341309,0.009088763,0.863448941,0.003083525,0.000193179,0.125198483,0.048737916,0.022545044,2024,18,4372071,3.22582487,,,,
3.95361695,0.02265588,0.001141801,20.13438661,0.095975053,0.006012731,1.640090107,0.047000529,0.024900423,2024,18,4362477,4.86789174,,,,
6.071129885,0.027178659,0.002143326,1.676256742,0.006925907,0.000307191,0.251686094,0.01382135,0.006570294,2024,18,4431453,1.2231774,,,,
,,,8.9996111,0.071130551,0.000973436,0.769790182,0.011665557,0.006532712,2024,18,3921690,2.08572385,,,,
22.01398932,0.167898957,0.008624805,7.262597266,0.040402214,0.00263666,1.227346035,0.085925316,0.041214817,2024,18,4240631,5.38589591,,,,
5.923247009,0.049988318,0.00191785,1.708094848,0.007516659,0.000530641,0.214799714,0.010261499,0.004865357,2024,18,3149687,1.31840123,,,,
,,,6.698608245,0.057557541,0.000902498,0.630847325,0.012616946,0.00706549,2024,18,4039057,1.63406041,,,,
,,,6.816846813,0.046081363,0.001604426,0.644036459,0.007393582,0.004140406,2024,18,4430802,1.59733236,,,,
0.89239621,0.006158215,,36.5671811,0.226793086,,2.518571243,0.051414743,0.028522701,2024,18,4361577,7.60654738,,,,
8.060522384,0.185265579,0.00203,,,,,0.36698055,0.175383072,2024,18,3039707,11.42922568,191.6086275,0.990945963,0.015331736,0.905083154
15.17374479,0.070405244,0.005552201,,,,,0.196952942,0.093832288,2024,18,4383351,6.92989353,95.1333031,0.522989673,0.02209027,0.3900128
,,,1.84271225,0.010857534,0.000236509,0.249536905,0.002106589,0.00117969,2024,18,4912274,0.49712259,,,,
,,,5.013272102,0.019584088,0.000662868,0.437954462,0.008759089,0.00490509,2024,18,4360405,1.04853276,,,,
,,,4.097617037,0.025657891,0.003553665,0.483900107,0.007847827,0.004394783,2024,18,3918639,1.04613392,,,,
,,,20.71175915,0.053170472,0.003092701,1.952987545,0.020750302,0.011620169,2024,18,4036335,4.32667916,,,,
3.578641449,0.073502654,0.002699757,,,,,0.442807436,0.212067765,2024,18,16760,11.76976922,251.3081533,0.758108084,0.038981635,0.892398285
,,,14.1305547,0.117506381,0.006532148,1.487657222,0.020582061,0.011525954,2024,18,4372780,3.59630697,,,,
,,,29.27875537,0.04776527,0.002778303,2.305123644,0.046102473,0.025817385,2024,18,4372758,5.47473064,,,,
1.072374804,0.007593382,0.000291327,19.29666556,0.098463499,0.006951058,1.28558301,0.028973192,0.015898834,2024,18,4259305,3.94227743,,,,
,,,35.45367925,0.133323596,0.004335911,2.614581649,0.052291633,0.029283314,2024,18,4686422,6.91137634,,,,
9.154364783,0.052844109,0.003599496,1.437770738,0.008416786,0.000791471,0.202043867,0.026365188,0.012339676,2024,18,3122976,1.61362137,,,,
,,,14.31840807,0.058016227,0.007972401,1.820623886,0.021849227,0.012235567,2024,18,4361516,3.59261232,,,,
,,,44.1460186,0.182425988,0.013518123,3.156603198,0.063132064,0.035353956,2024,18,4686104,8.62375732,,,,
1.406836093,0.01055599,0.001156412,13.69597694,0.074753025,0.008664968,1.368381837,0.032459222,0.017668006,2024,18,4039050,3.45155254,,,,
,,,17.61568823,0.07929645,0.002578856,1.698527664,0.032620979,0.018267748,2024,18,15880,3.96982152,,,,
,,,3.638309266,0.025625953,0.000905093,0.428447992,0.004918612,0.002754423,2024,18,2975863,0.94246558,,,,
,,,15.52107992,0.080609812,0.004144926,1.546270661,0.017751292,0.009940724,2024,18,4426553,3.57091453,,,,
,,,24.05187339,0.125748169,0.004089546,2.437779194,0.02798587,0.015672087,2024,18,4426496,5.57502847,,,,
,,,15.44366316,0.10101172,0.006743892,1.242914346,0.014272267,0.00799247,2024,18,4039160,3.39123063,,,,
2.066064491,0.009930262,0.000783107,5.207894314,0.018920587,0.000839203,0.759758908,0.010312754,0.005385255,2024,18,4383396,1.65300639,,,,
,,,10.04843392,0.066305919,0.001745115,1.106509104,0.013235876,0.007412091,2024,18,3050481,2.49820326,,,,
,,,16.1456707,0.109627318,0.008053245,1.391056765,0.027821135,0.015579836,2024,18,4692022,3.6603818,,,,
,,,22.48545759,0.132416803,,2.036504221,0.040730084,0.022808847,2024,18,2576716,5.0350071,,,,
,,,10.8140021,0.111734347,0.001751986,1.090806912,0.012290544,0.006882705,2024,18,3911853,2.83267637,,,,
,,,2.129689738,0.007689434,0.000105231,0.289474885,0.002832193,0.001586028,2024,18,4012556,0.54569387,,,,
,,,13.25984098,0.13368118,0.003672128,0.854192526,0.017083851,0.009566956,2024,18,4241424,3.03127819,,,,
,,,30.58753626,0.18993247,0.013907439,2.068243849,0.040468194,0.022662189,2024,18,3047876,6.2501508,,,,
,,,1.475687642,0.008737678,0.000119577,0.120704715,0.002414094,0.001351893,2024,18,3115255,0.38515672,,,,
10.91103681,0.051521145,0.001892374,3.472567593,0.011168895,0.0005743,0.517386966,0.020840192,0.00993591,2024,18,4243003,2.31749937,,,,
,,,10.80853419,0.134171051,0.003685585,0.718876175,0.014377524,0.008051413,2024,18,4696882,2.59640404,,,,
,,,12.45354888,0.100997287,0.00158363,1.394616695,0.016010294,0.008965765,2024,18,4360231,3.23161344,,,,
,,,6.01173192,0.032698244,0.003183313,0.699433701,0.008029546,0.004496546,2024,18,4361372,1.49438169,,,,
3.196375859,0.025390311,0.002020998,,,,,0.127831515,0.061172817,2024,18,4360698,4.01574238,61.99859401,0.378936633,0.025713017,0.194210879
,,,12.98764007,0.131619828,0.008787395,0.999095403,0.016758738,0.009384893,2024,18,2998565,3.08682558,,,,
,,,9.761272735,0.05685934,0.002008238,0.955272112,0.019105442,0.010699048,2024,18,4575665,2.30396076,,,,
1.9176568,0.014490822,0.000987048,1.440035116,0.006242524,0.000587014,0.21261233,0.008455173,0.004136683,2024,18,3917668,0.66787956,,,,
,,,9.199928943,0.055988153,0.003952499,0.675834816,0.013516696,0.00756935,2024,18,4689334,1.92487993,,,,
,,,6.515801027,0.04416295,0.001537632,0.638418938,0.007329093,0.004104292,2024,18,4241961,1.55003662,,,,
3.124564123,0.017253126,0.000574227,5.882039636,0.054431557,0.001495197,0.695803246,0.012095646,0.006151394,2024,18,4690013,2.05808033,,,,
6.77777377,0.075543044,0.001330132,1.806551732,0.008812913,0.000191971,0.250066919,0.016612156,0.007852698,2024,18,4374033,1.60241262,,,,
,,,9.623468753,0.088760477,0.005792534,1.113451095,0.012782494,0.007158197,2024,18,4426844,2.60596671,,,,
,,,19.34949782,0.107646942,0.004774569,1.405530477,0.02811061,0.015741941,2024,18,4692835,3.96517117,,,,
,,,1.403311666,0.014448183,0.000396881,0.168798742,0.001424998,0.000797999,2024,18,2975417,0.39505439,,,,
,,,3.247819139,0.020053555,0.001885732,0.408157659,0.003279974,0.001836786,2024,18,3052897,0.85344519,,,,
1.820135954,0.009828259,0.000506697,43.86089742,0.144583559,0.010713925,3.525247573,0.076523426,0.042251271,2024,18,4428532,8.95978252,,,,
,,,23.8747423,0.178586054,0.002705963,2.431401556,0.027912655,0.015631087,2024,18,4244049,5.86527986,,,,
,,,9.802324192,0.074246295,0.001954099,1.124173057,0.015159619,0.008489387,2024,18,3127310,2.53721287,,,,
6.283021978,0.054405052,0.002019509,,,,,0.377676534,0.180836901,2024,18,4242546,9.97285828,173.726972,0.900789739,0.029646205,0.622864848
,,,11.42923378,0.061579124,0.002731278,1.031618134,0.020632363,0.011554123,2024,18,5083754,2.52691537,,,,
,,,21.60958281,0.108532527,0.003430473,2.15066294,0.024689756,0.013826264,2024,18,4258248,4.9426788,,,,
2.425643775,0.014654469,0.000411777,28.8747647,0.081218507,0.002567137,2.422362032,0.05695264,0.031042939,2024,18,4372716,6.17667914,,,,
,,,7.941989412,0.032787169,0.001158023,0.719829149,0.014396583,0.008062086,2024,18,2578533,1.69732278,,,,
,,,36.00210954,0.091678409,0.005332544,2.748477702,0.054969554,0.03078295,2024,18,3127306,6.93413121,,,,
9.108005835,0.036032671,0.00586128,,,,,0.627695012,0.300486955,2024,18,4250360,10.12958812,253.4069385,0.424625578,0.071431146,1.20117964
,,,1.55180839,0.010423696,0.00014265,0.103277051,0.001664638,0.000932197,2024,18,3122168,0.31946489,,,,
,,,4.860126672,0.018012923,0.000609688,0.472948223,0.008397424,0.004702557,2024,18,2971281,1.05907409,,,,
,,,7.466539626,0.05407812,0.003959766,0.750793818,0.008619164,0.004826732,2024,18,4035020,1.82040997,,,,
,,,1.816942376,0.014773123,0.001389187,0.186860177,0.002145167,0.001201294,2024,18,4365395,0.45762558,,,,
,,,3.623530683,0.02587789,0.002433422,0.341338137,0.006826763,0.003822987,2024,18,3052056,0.85635942,,,,
,,,10.03983205,0.068039232,0.003453441,1.031677656,0.011843729,0.006632488,2024,18,4360086,2.43785076,,,,
2.31540091,0.01647179,0.000327332,3.266631221,0.020884898,0.000327474,0.518586582,0.007039345,0.003588331,2024,18,2515270,1.29524887,,,,
,,,28.76759512,0.046977074,0.007902553,2.461388899,0.049227778,0.027567556,2024,18,4428678,5.58198285,,,,
,,,38.58474407,0.142985051,0.002166531,2.874255798,0.057485116,0.032191665,2024,18,4241476,7.53210824,,,,
31.77423654,0.180395429,0.006625934,3.532635782,0.015604056,0.000802355,0.507265187,0.067358475,0.031400956,2024,18,4391845,5.16778,,,,
,,,7.18369542,0.062935349,0.004201782,0.641184038,0.007360836,0.004122068,2024,18,4722908,1.7375195,,,,
,,,4.431307742,0.030470848,,0.438536446,0.008341016,0.004670969,2024,18,4048228,1.05537057,,,,
,,,2.247633673,0.022148369,0.000638961,0.172244232,0.003444885,0.001929135,2024,18,4429006,0.54626126,,,,
,,,1.842738298,0.012892509,0.001771647,0.202682516,0.002326809,0.001303013,2024,18,2531358,0.46530987,,,,
1.885117838,0.010407063,0.000732067,,,,,0.005723687,0.002632896,2024,18,4061956,0.26546437,,,,
,,,2.154015288,0.015044017,0.000942491,0.221929127,0.002547761,0.001426746,2024,18,4242558,0.52669345,,,,
,,,2.259513622,0.023289198,0.000671873,0.166873768,0.003337475,0.001868986,2024,18,4369466,0.53025429,,,,
,,,15.54939535,0.116167252,0.00853367,1.545610607,0.017743715,0.00993648,2024,18,4429262,3.79521663,,,,
,,,2.234250931,0.014296776,0.000634119,0.224033004,0.002571914,0.001440272,2024,18,4360967,0.53169425,,,,
,,,2.074752304,0.007374951,0.001021444,0.196951037,0.003939021,0.002205852,2024,18,4039043,0.44641096,,,,
3.286168119,0.017496289,0.00064264,38.18620354,0.073436075,0.003776056,2.775187632,0.065777372,0.035807966,2024,18,4386544,7.48438894,,,,
,,,11.17612864,0.058129283,0.006738034,1.246402102,0.014308781,0.008012917,2024,18,4040612,2.7106189,,,,
,,,1.838191376,0.004747153,0.000276122,0.270200627,0.002281032,0.001277378,2024,18,3929914,0.48056017,,,,
,,,34.44968637,0.075008594,0.002370856,2.66654029,0.053330806,0.029865251,2024,18,4360306,6.5079817,,,,
,,,3.983493853,0.03348084,0.002184969,0.438664738,0.005035901,0.002820105,2024,18,4696700,1.03676209,,,,
,,,6.224455739,0.060546767,0.000949369,0.701900347,0.008057864,0.004512404,2024,18,4383440,1.68071345,,,,
,,,2.297281775,0.007911295,0.000275449,0.192777384,0.00310722,0.001740043,2024,18,4035656,0.46712634,,,,
,,,20.63513098,0.093087699,0.009471698,1.772155512,0.03544311,0.019848142,2024,18,4362630,4.37437792,,,,
,,,15.00380984,-0.003394701,-0.000571062,1.29548135,0.025909627,0.014509391,2024,18,3916204,2.86654803,,,,
,,,6.94757204,0.025643126,0.002972413,0.641608608,0.012832172,0.007186016,2024,18,4245131,1.48213636,,,,
,,,15.78711838,0.069608774,0.003579257,1.603746921,0.018411123,0.010310229,2024,18,4239944,3.58713546,,,,
,,,18.59896292,0.096925261,0.007182352,1.7699201,0.020318803,0.01137853,2024,18,4248557,4.203512,,,,
28.42489987,0.160480433,0.013680466,8.943229939,0.04283041,0.004358005,1.307831985,0.064710848,0.030871061,2024,18,4698191,6.24055484,,,,
,,,6.432944984,0.062053519,0.002160532,0.647985382,0.008543074,0.004784122,2024,18,2508256,1.65857941,,,,
,,,17.13966772,0.196104853,0.005657455,1.546345759,0.017752154,0.009941206,2024,18,4361112,4.42884275,,,,
,,,7.86313582,0.056333653,0.002859305,0.816924425,0.009378348,0.005251875,2024,18,2576399,1.93670259,,,,
,,,10.41076057,0.059326137,0.004344042,0.827632174,0.016552643,0.00926948,2024,18,4369886,2.21525098,,,,
,,,4.306436928,0.029332106,0.002855605,0.464402061,0.005331367,0.002985566,2024,18,4044144,1.07091947,,,,
,,,17.28916954,0.11792214,0.00383503,1.934177431,0.028218604,0.015802418,2024,18,4040980,4.34743645,,,,
,,,16.3823501,0.072573717,0.012208459,1.710508203,0.01963675,0.01099658,2024,18,4362018,3.78712767,,,,
15.36001554,0.049257247,0.008012465,13.40404549,0.052357807,0.008807708,1.970018783,0.050614208,0.024945625,2024,18,3915381,5.44120231,,,,
11.90750875,0.057869013,0.003122551,3.076420313,0.011122659,0.000564549,0.437850137,0.029429021,0.013935093,2024,18,3910544,2.33047109,,,,
,,,4.236469505,0.015412534,0.000856779,0.38453337,0.007690667,0.004306774,2024,18,3929637,0.89395833,,,,
,,,4.608015966,0.023318523,0.002372666,0.429381879,0.008587638,0.004809077,2024,18,4426399,1.02544859,,,,
,,,17.37140697,0.071046529,0.003606081,1.432149953,0.028642999,0.016040079,2024,18,4057082,3.61974018,,,,
,,,12.85634891,0.066826437,0.003391884,1.124539198,0.022490784,0.012594839,2024,18,4362617,2.7933208,,,,
13.6909153,0.117543331,0.006038086,1.479724683,0.009450997,0.000616775,0.233422769,0.021140237,0.009862448,2024,18,4046676,2.50659556,,,,
,,,20.8518457,0.069196811,0.002187158,2.234961845,0.031043478,0.017384348,2024,18,3049698,4.7057549,,,,
,,,2.23619049,0.012265569,0.001421759,0.260172941,0.002389442,0.001338088,2024,18,3914151,0.55761575,,,,
8.286897103,0.067415886,0.003154727,2.096487177,0.012199441,0.000321079,0.28714978,0.01995639,0.009422351,2024,18,4429012,1.79181388,,,,
,,,2.644714794,0.022236774,0.000585253,0.265834088,0.003051793,0.001709004,2024,18,4700712,0.66155911,,,,
,,,25.20804784,0.119773636,0.003895244,2.214620524,0.04429241,0.02480375,2024,18,4430681,5.41342011,,,,
,,,6.640128629,0.050413214,0.003703365,0.665307604,0.007637776,0.004277155,2024,18,4361100,1.63085377,,,,
,,,6.307372314,0.03243586,0.001646334,0.553562445,0.011071249,0.006199899,2024,18,4245144,1.37009991,,,,
