rush_yd,rush_td,rush_2pt,rec_yd,rec_td,rec_2pt,rec,fum,fum_lost,season,week,espn_id,espn_total,pass_yd,pass_td,pass_2pt,pass_int
90.43467029,0.874900557,0.0165,31.52970474,0.200679569,0.00443976,3.896305029,0.170190969,0.081207443,2026,1,4429795,22.43018192,,,,
0.807391359,0.006822315,0.000129,82.46315974,0.622433585,0.013770489,6.783742851,0.084935957,0.047391888,2026,1,4374302,18.82159256,,,,
0.745706372,0.006192086,0.000233608,81.04229787,0.489558136,0.017529585,6.143194185,0.070306072,0.039225209,2026,1,4241389,17.25542591,,,,
32.23564833,0.621370861,0.029923099,,,,,0.526138438,0.250744694,2026,1,3918298,19.32266889,223.6531766,1.272172062,0.102661919,0.720768533
75.67817169,0.379179061,0.020250337,39.36008497,0.169378612,0.010175337,4.221629392,0.18887097,0.090745927,2026,1,4430807,18.90114659,,,,
1.46079831,0.011200062,0.00032,91.01033897,0.498312502,0.018119687,6.768839654,0.120768106,0.067164793,2026,1,4430878,18.97876455,,,,
58.12279652,0.437760364,0.021897609,38.63619933,0.249388812,0.01290098,4.781583817,0.138596355,0.067113197,2026,1,3117251,18.51940924,,,,
1.222098541,0.008685294,0.000587065,88.77955855,0.654000259,0.030465801,7.015111945,0.099359262,0.055315994,2026,1,4362628,19.94548672,,,,
5.264014211,0.060229488,0.000903,94.40399718,0.579343347,0.007892064,7.33784075,0.102085742,0.056173621,2026,1,4426515,21.05001579,,,,
83.17265452,0.634188353,0.03118148,22.56690526,0.083906533,0.006687961,2.949946478,0.176776232,0.083741727,2026,1,4242335,17.7453952,,,,
75.78000179,0.534423126,0.025735993,20.84863221,0.102257459,0.008308914,2.536859586,0.22177777,0.104897279,2026,1,4379399,15.88395775,,,,
,,,60.79895691,0.299686765,0.016493994,6.481729053,0.050807461,0.028452178,2026,1,4361307,14.33717297,,,,
88.33792034,0.781391531,0.020234488,12.53244507,0.070190972,0.00231362,1.287174687,0.184961471,0.086277037,2026,1,3043078,16.36113137,,,,
0.617057396,0.005656834,0.000320797,79.81985155,0.427091316,0.025047425,6.469448896,0.071312448,0.039805843,2026,1,4262921,17.08263745,,,,
39.75876216,0.218630609,0.005661539,,,,,0.539050718,0.256677386,2026,1,3916387,19.1264909,232.0394424,1.527117056,0.049929159,0.581630758
66.8638537,0.448349128,0.019555966,20.80086385,0.088715965,0.004001752,2.762842857,0.107021368,0.050819499,2026,1,4567048,14.70000761,,,,
72.79943314,0.586312233,0.032554615,27.41129176,0.151616147,0.009469594,3.555404371,0.150553547,0.071883301,2026,1,4890973,17.94830096,,,,
,,,72.20178373,0.328965663,0.017429655,5.62945821,0.068530534,0.038377099,2026,1,4361370,14.78334767,,,,
,,,64.013152,0.31748407,0.019072699,5.575476294,0.088717149,0.049681603,2026,1,4426502,13.82281811,,,,
60.58906808,0.448115792,0.030289473,25.51040145,0.170209327,0.007928993,3.768755278,0.141183245,0.067938016,2026,1,4362238,16.03293985,,,,
0.707602793,0.005833696,0.000418,73.12017029,0.482660729,0.031391186,5.296984187,0.073844777,0.041185627,2026,1,4258173,15.59392516,,,,
,,,68.79855217,0.490104283,0.01754914,4.942595187,0.098851904,0.055357066,2026,1,4426354,14.69007025,,,,
74.54068908,0.652266172,0.0246,12.94131154,0.087562344,0.003135341,2.190610173,0.15196984,0.071644608,2026,1,4361579,15.2939768,,,,
82.71586592,0.62061265,0.018451543,22.90416366,0.15111679,0.006722648,2.548511552,0.131888529,0.062266762,2026,1,3929630,17.67018601,,,,
,,,60.33777265,0.629752693,0.008578761,4.03439349,0.039207824,0.021956382,2026,1,16800,13.82096676,,,,
0.660759128,0.005618382,0.000629,69.32340882,0.320014084,0.038642175,5.871004189,0.115118291,0.06421458,2026,1,4569618,14.77637097,,,,
3.356590082,0.026334888,0.000682,69.57373539,0.321216642,0.010587873,4.921832857,0.108229895,0.059494544,2026,1,4429615,14.20658124,,,,
62.28957757,0.605516369,0.009078878,13.31289236,0.097153586,0.001323468,1.994047019,0.134595023,0.063620984,2026,1,4430737,13.67255689,,,,
0.772551719,0.020718616,0.001018683,52.16693889,0.313800164,0.025012154,4.934096483,0.064511333,0.035691221,2026,1,4431459,12.21754146,,,,
51.60403136,0.285255732,0.014553395,26.96393251,0.119895083,0.006598719,3.653328001,0.130482311,0.063147783,2026,1,4870808,13.86048194,,,,
,,,68.34250532,0.445984322,0.019840253,5.345742169,0.059721721,0.033444164,2026,1,4241478,14.83026881,,,,
1.344379744,0.009261216,0.000388,57.47739393,0.398488086,0.021235712,4.411392532,0.070123546,0.038879613,2026,1,4595348,12.70740791,,,,
,,,71.62278247,0.441591123,0.026542075,5.01186353,0.086436601,0.048404497,2026,1,4685472,14.78224367,,,,
74.47692866,0.710570938,0.017574326,22.56170054,0.123869455,0.003035919,2.958439856,0.145270371,0.069032223,2026,1,4685382,17.57593518,,,,
2.329961704,0.029363923,0.001280787,61.08488171,0.442943797,0.019980072,5.268549536,0.114826183,0.063357143,2026,1,4428331,14.36271763,,,,
59.1293513,0.435089138,0.0182,20.19817557,0.092768066,0.004943676,2.695472807,0.138312153,0.065854952,2026,1,4696981,13.71360017,,,,
11.03042952,0.126931446,0.008579672,,,,,0.351309652,0.168083339,2026,1,3915511,18.15056965,243.1775664,2.001710452,0.093089052,0.662238608
71.46055002,0.453282287,0.0507,26.10433992,0.165419843,0.019974691,3.051897315,0.175402315,0.083493578,2026,1,4427366,16.49959332,,,,
27.45845348,0.636108493,0.018912253,,,,,0.492388823,0.23465946,2026,1,4040715,21.05270363,228.9390259,1.658250538,0.073829862,0.514770588
,,,35.89377677,0.210865764,0.010908168,3.527903868,0.030317984,0.016978071,2026,1,3040151,8.37113432,,,,
,,,56.24550393,0.508092687,0.023668876,4.291750979,0.046402625,0.02598547,2026,1,4239993,12.96144831,,,,
15.24550658,0.179535759,0.008980721,,,,,0.472771145,0.226003991,2026,1,4361741,15.48212099,240.8127007,1.300643426,0.066814142,0.833393847
66.32116723,0.412635105,0.03764667,16.923914,0.09846163,0.008525964,2.132390932,0.128777806,0.060763337,2026,1,4596448,13.49770006,,,,
58.39685572,0.458354406,0.027118174,15.86369512,0.064359824,0.004283277,1.79334417,0.118506181,0.055964333,2026,1,4259545,12.30968487,,,,
,,,45.5528601,0.320637113,0.007093656,4.500192961,0.038522549,0.021572627,2026,1,4430027,10.95135771,,,,
0.690349528,0.006907637,0.000630217,68.53219441,0.458396907,0.039693388,4.314946038,0.064718194,0.036061446,2026,1,4567750,14.03926201,,,,
71.59377386,0.423057919,0.025639417,13.17512909,0.043264716,0.003074451,1.898708752,0.084891821,0.03986254,2026,1,4685702,13.15348151,,,,
18.51297551,0.166269561,0.007252299,,,,,0.378005914,0.180819372,2026,1,3139477,15.48147217,224.669091,1.32504292,0.05937427,0.717976233
,,,71.32155545,0.3018317,0.011748897,5.284324925,0.062597153,0.035054406,2026,1,4047646,14.18250965,,,,
,,,62.52174538,0.488688676,0.011977281,4.596956279,0.059127583,0.033111446,2026,1,4612826,13.74055454,,,,
,,,43.17968581,0.220465172,0.009944625,4.205588884,0.052105518,0.02917909,2026,1,15847,9.80925357,,,,
0.740880123,0.008687774,0.000243659,51.7462539,0.395921729,0.0125,3.276505483,0.056690425,0.031534081,2026,1,4248528,10.91678906,,,,
2.432157011,0.016187475,0.000646117,51.52902172,0.327206109,0.013506385,3.734780224,0.084851885,0.046501428,2026,1,4432620,11.33859597,,,,
0.666409516,0.004173882,0.000257,58.04133769,0.302777327,0.018501813,4.571160215,0.070913311,0.039538749,2026,1,4372016,12.24395432,,,,
1.953959546,0.018863591,0.000908406,53.82562995,0.338242761,0.027483862,3.855293473,0.060397623,0.033264782,2026,1,3915416,11.56774001,,,,
11.03057063,0.126682831,0.004779352,,,,,0.440017831,0.210505215,2026,1,2577417,16.74869081,242.6028303,1.707722487,0.060767823,0.685595158
53.13394864,0.338229296,0.0234,18.49516351,0.095053025,0.005713214,2.456838579,0.12089571,0.057566378,2026,1,4241416,12.21881146,,,,
59.48880629,0.52763882,0.0378,14.12841198,0.043436112,0.002824989,1.917454551,0.132068698,0.062418655,2026,1,4035538,12.66552464,,,,
38.77232487,0.193914395,0.010996815,19.86756096,0.121823644,0.007144535,2.747335657,0.126832088,0.061292111,2026,1,3042519,10.42279895,,,,
55.66376558,0.365747084,0.014598664,16.1664812,0.095228467,0.003930832,2.115022094,0.170807214,0.080891244,2026,1,4882093,11.96086575,,,,
1.239255166,0.01889089,0.00114,48.33583853,0.190251762,0.013519555,4.953589438,0.066974517,0.03690849,2026,1,5083076,11.12322685,,,,
,,,60.48335559,0.281111044,0.025441811,4.516948455,0.064812692,0.036295107,2026,1,3121422,12.23195369,,,,
53.30259019,0.351604495,0.011659218,19.72723271,0.101255124,0.003050565,2.675546353,0.117607642,0.056299619,2026,1,4569987,12.62103937,,,,
,,,54.19544236,0.283937865,0.014688216,3.546883214,0.045248534,0.025339179,2026,1,16737,10.64994671,,,,
,,,52.79755124,0.338702415,0.022541335,4.725004727,0.046225123,0.025886069,2026,1,4723086,12.03150287,,,,
2.708332562,0.032335194,0.00061,59.53293292,0.341032576,0.007544878,3.68531603,0.044303017,0.024355221,2026,1,4426388,12.11841851,,,,
2.906355329,0.022314184,0.001320201,55.06383892,0.280835849,0.018690197,4.421709329,0.072272557,0.03969211,2026,1,4685278,12.00017353,,,,
29.56517251,0.189959241,0.00685432,,,,,0.656325451,0.313132323,2026,1,4431452,16.25394244,232.0896134,1.196374105,0.04632333,0.704420934
54.56445257,0.424569346,0.0153,23.21256861,0.123764028,0.004817555,3.040733113,0.191325495,0.091501692,2026,1,4569173,13.9707192,,,,
,,,41.41958735,0.26173111,0.013947836,3.805818479,0.05603909,0.03138189,2026,1,4361050,9.48477777,,,,
,,,39.6015877,0.214877929,0.017459872,3.418095738,0.046445537,0.026009501,2026,1,4385690,8.65164682,,,,
2.324407348,0.035248053,0.000528496,,,,,0.433746149,0.207823776,2026,1,12483,17.49967376,254.286987,2.073970243,0.028051306,0.532289349
,,,56.88104168,0.455561278,0.013724928,3.795011082,0.049925116,0.027958065,2026,1,4047650,12.18933664,,,,
19.74714047,0.276019779,0.011,,,,,0.452158132,0.215993085,2026,1,4360310,16.91473316,225.0378813,1.497589639,0.062055402,0.717019003
,,,51.17279792,0.186809574,0.010281522,4.248628007,0.046486794,0.026032605,2026,1,4360761,10.45649308,,,,
,,,60.45699285,0.47719232,0.03175812,3.496787578,0.064591094,0.036171013,2026,1,4431299,12.398519,,,,
66.97569455,0.308237081,0.0158,26.42356299,0.133868989,0.007092808,3.16575502,0.129216098,0.061594134,2026,1,4239996,15.08432854,,,,
22.49456078,0.128991245,0.00763,,,,,0.494842758,0.236412838,2026,1,4431611,16.38930619,225.115663,1.424387735,0.094385907,0.540280476
,,,60.05411714,0.297083732,0.004627567,4.291263208,0.07820684,0.04379583,2026,1,4871023,12.00290479,,,,
2.107998517,0.017004866,0.000477,51.9619135,0.254338868,0.008023968,3.985270789,0.079608588,0.043882974,2026,1,4701936,11.00256492,,,,
2.879747945,0.036908388,0.000696396,,,,,0.414802429,0.198720605,2026,1,3046779,15.78437663,244.5989753,1.737647221,0.038066133,0.575330117
0.475865341,0.009123215,0.000256,40.81631946,0.204238531,0.006443386,3.595434313,0.040528525,0.022557032,2026,1,4572680,8.97417598,,,,
65.09651976,0.362766498,0.004819208,10.80367784,0.03246933,0.000505763,1.708055449,0.159591716,0.075061085,2026,1,3916148,11.53422995,,,,
37.63014977,0.245916368,0.016788015,,,,,0.460756871,0.219466151,2026,1,4426348,16.83950007,220.2781853,1.040528609,0.094303534,0.583842882
16.07383448,0.205721836,0.010539819,,,,,0.414051952,0.197956258,2026,1,4360689,14.21129978,226.8620783,0.984336088,0.052040052,0.691204696
,,,44.02418203,0.150948464,0.013661514,4.418645034,0.053546666,0.029986133,2026,1,2976212,9.69552078,,,,
,,,41.80498083,0.23244709,0.013971359,3.66617952,0.063228397,0.035407902,2026,1,4695883,9.20015506,,,,
5.586861018,0.053708594,0.00269,38.80582877,0.182795265,0.00945607,3.072614495,0.085180143,0.045328095,2026,1,3126486,8.91619953,,,,
16.58781691,0.153714451,0.010629203,,,,,0.480352528,0.229679747,2026,1,4685720,15.68576365,222.5043657,1.488069458,0.089487134,0.750645195
0.594711556,0.004733813,0.000233,40.53783631,0.145616875,0.011606724,4.087047562,0.05862416,0.032663724,2026,1,4688813,9.10608609,,,,
0.841061366,0.006640323,0.000377,44.62720617,0.301228467,0.017666006,3.530800858,0.046565366,0.025924405,2026,1,4429205,9.91030755,,,,
48.45350033,0.363937078,0.021532048,12.6647919,0.07352163,0.004893014,1.511937455,0.054564882,0.02574668,2026,1,4608686,10.25131569,,,,
2.047206806,0.039444759,0.00102144,36.82252651,0.414753968,0.01367103,3.49064381,0.055402195,0.030253601,2026,1,3116365,10.07315124,,,,
,,,52.16949717,0.394806954,0.024125467,4.124807231,0.051608625,0.02890083,2026,1,3128429,11.70240995,,,,
66.02126552,0.648261009,0.018518749,14.01806697,0.084386363,0.003068465,1.795062084,0.154624743,0.072663302,2026,1,4685512,14.09680739,,,,
,,,44.25522578,0.392422813,0.017457493,4.162198814,0.040912743,0.022911136,2026,1,3121023,10.93243098,,,,
52.25672245,0.333986852,0.020595179,7.574051539,0.044769017,0.0027357,1.277864704,0.054283984,0.025517326,2026,1,4241985,9.53053842,,,,
,,,40.07162712,0.137928587,0.007307898,4.050135619,0.067996453,0.038078013,2026,1,3929645,8.82512362,,,,
,,,35.32957963,0.336642656,0.0121,4.325197297,0.086503946,0.04844221,2026,1,4242355,9.80761278,,,,
20.16437084,0.210538904,0.013,,,,,0.387161229,0.184927846,2026,1,4426338,16.13492696,225.0314605,1.356815886,0.082917873,0.702722783
1.999978092,0.017406776,0.000694785,43.81617967,0.312437711,0.012896776,3.888291973,0.061938137,0.034132793,2026,1,3916433,10.40953021,,,,
,,,46.56690315,0.125960036,0.007566987,4.434720852,0.027115782,0.015184838,2026,1,4360248,9.83264968,,,,
17.16774232,0.144962829,0.00894,21.18722348,0.141044279,0.008618792,2.916786805,0.047364276,0.023692355,2026,1,4568490,8.46699603,,,,
,,,52.48991642,0.326809653,0.009845962,5.15522636,0.067460483,0.03777787,2026,1,4035687,12.3109941,,,,
,,,39.7131711,0.175059858,0.012439997,3.275084445,0.059687321,0.0334249,2026,1,4832800,8.28341196,,,,
7.778929112,0.067005812,0.001914142,1.666595599,0.008905885,0.000323837,0.224934587,0.016492793,0.00776136,2026,1,4887558,1.61434608,,,,
,,,56.753993,0.281809951,0.0155101,4.142195073,0.064907732,0.03634833,2026,1,4432708,11.46849362,,,,
4.180952342,0.029442857,0.00128423,44.58802209,0.223511369,0.010082031,3.144331497,0.03511411,0.01901771,2026,1,4683062,9.5245814,,,,
45.19773221,0.341897395,0.023340368,6.658261399,0.035114729,0.003178041,0.945514191,0.179743154,0.084114092,2026,1,4575131,8.28274093,,,,
65.41583102,0.431583451,0.014311323,13.05162763,0.074189794,0.002235154,1.700929763,0.127567874,0.060034704,2026,1,4038815,12.49870464,,,,
48.69802716,0.435827823,0.00653,6.960520379,0.036195039,0.000493064,0.995711237,0.049431754,0.02316459,2026,1,4429096,9.37306127,,,,
12.42790421,0.080267076,0.003014659,1.669611676,0.007678285,0.000398115,0.228727167,0.02147434,0.010034762,2026,1,4711533,2.15347395,,,,
25.53344008,0.164825016,0.004076565,,,,,0.42619114,0.203471132,2026,1,4038941,18.9940644,234.0030416,1.917924825,0.046867538,0.643138303
21.37381468,0.174195253,0.019498466,5.392436955,0.026177697,0.003160996,0.744944166,0.04745127,0.022444363,2026,1,4685247,4.62549123,,,,
,,,42.0738868,0.210709191,0.011164048,3.87635492,0.05651622,0.031649083,2026,1,4569559,9.30852268,,,,
1.448328652,0.009946901,0.000397027,49.32408713,0.303390119,0.01252331,3.176018325,0.031254622,0.01727122,2026,1,4432773,10.12540826,,,,
33.82739233,0.346189521,0.0316,23.0320686,0.133566665,0.01156577,3.474381781,0.104207751,0.051253384,2026,1,4371733,12.02544376,,,,
1.39972003,0.00998281,0.000132618,48.38231594,0.144236723,0.002246724,4.53637528,0.058745245,0.032589048,2026,1,4569587,10.38102466,,,,
,,,37.15834447,0.235708124,0.009175016,3.106177416,0.05488026,0.030732946,2026,1,4361432,8.19459075,,,,
,,,36.98451998,0.162540008,0.009532408,4.543632433,0.035570798,0.019919647,2026,1,4036133,9.197492,,,,
30.23367509,0.233071615,0.0159,14.93368408,0.095125048,0.008609244,2.383334162,0.071094394,0.034416482,2026,1,4697815,8.85131358,,,,
,,,49.51624556,0.267455977,0.021318186,3.147719398,0.046171045,0.025855785,2026,1,4360078,9.69622262,,,,
0.680780732,0.006148028,0.000296,43.41665124,0.159238378,0.012938889,4.046684822,0.062008498,0.034530629,2026,1,4373678,9.47277047,,,,
29.14119211,0.202392796,0.0115,,,,,0.489718082,0.233891842,2026,1,3917315,16.39717541,219.250799,1.268852643,0.0744135,0.646843213
,,,45.50501451,0.297813875,0.025788223,3.946053283,0.06517564,0.036498358,2026,1,3116165,10.26373971,,,,
,,,21.43445661,0.141548814,0.017092229,2.086116915,0.025510824,0.014286061,2026,1,5083315,5.0851398,,,,
54.80790373,0.395508444,0.022429141,6.435251262,0.026122881,0.001532016,1.044623712,0.156892664,0.073422261,2026,1,4360569,9.60394495,,,,
2.013627507,0.011991286,0.000727,42.28961793,0.185357496,0.013171762,3.467736471,0.069827288,0.038440387,2026,1,4870653,9.07998423,,,,
,,,39.25510792,0.297889998,0.013252065,2.745087985,0.050028312,0.028015855,2026,1,4870795,8.44738124,,,,
7.179346674,0.057569236,0.001644569,,,,,0.559555969,0.267756004,2026,1,3912547,14.03172575,233.1238745,1.393287962,0.050256699,0.756390844
37.13495375,0.223079301,0.015968965,12.30095677,0.087298588,0.005677707,1.474385007,0.084647305,0.040146719,2026,1,4429059,8.26511432,,,,
,,,34.09611546,0.233478836,0.010386641,2.522860125,0.050457203,0.028256033,2026,1,4428850,7.2989379,,,,
,,,33.84989168,0.22463011,0.014609445,3.632879529,0.039522213,0.022132439,2026,1,3117256,8.35164737,,,,
12.30982576,0.063386768,0.001777759,,,,,0.494776486,0.236696436,2026,1,4036378,14.8753287,234.3754748,1.369900004,0.042900085,0.609818154
0.73633724,0.006533442,0.00016159,46.84171467,0.420659027,0.010309941,3.061376254,0.046733073,0.025972714,2026,1,4429025,10.35256989,,,,
45.66109278,0.287249224,0.019863,17.16655768,0.093867774,0.005641974,2.190737221,0.108523874,0.051795456,2026,1,4678008,10.71049129,,,,
62.38285533,0.546568248,0.015329167,12.00883269,0.074092712,0.002337502,1.679845577,0.141056745,0.06632344,2026,1,4429023,12.7493926,,,,
82.97201776,0.343910669,0.012916547,30.48458984,0.183146214,0.009496031,3.761792822,0.121163644,0.058057652,2026,1,4429160,18.20170273,,,,
1.594357147,0.008978082,0.000531,13.24933601,0.058550667,0.003896666,1.355338635,0.030642006,0.016654164,2026,1,2973405,3.30303903,,,,
,,,34.83524129,0.242751726,0.00944919,3.305656568,0.023898805,0.013383331,2026,1,3046439,8.23845277,,,,
,,,31.34946949,0.148023799,0.011798573,3.195509745,0.059347724,0.033234726,2026,1,15818,7.17729318,,,,
15.17803851,0.075494538,0.0054,,,,,0.485397321,0.23214018,2026,1,4432577,16.22983857,242.6631676,1.544245686,0.100014172,0.691914972
27.8532256,0.196901892,0.002615763,19.84799618,0.100458371,0.001564804,2.848695692,0.054830746,0.026887138,2026,1,4428557,9.35901231,,,,
30.72598588,0.165461436,0.00883659,3.17108572,0.014140558,0.000849487,0.487775525,0.060299778,0.028096855,2026,1,4241474,4.91986309,,,,
3.672966003,0.027901542,0.000782532,43.41257221,0.238871789,0.007536008,3.788476714,0.085980396,0.047127936,2026,1,4362249,10.03860918,,,,
4.000049661,0.028837845,0.001601203,44.1591931,0.278344426,0.01738475,3.264202989,0.036021447,0.019544316,2026,1,4428718,10.0160646,,,,
5.043756837,0.034470054,0.000984699,40.36248337,0.218545683,0.007946779,2.65718947,0.069420043,0.037247599,2026,1,4032473,8.96712297,,,,
32.66879961,0.416403759,0.017433274,,,,,0.462231097,0.22043898,2026,1,4689114,18.52088037,220.7613258,1.330626588,0.071087894,0.572862955
19.52478176,0.098553588,0.008991514,,,,,0.556666858,0.266243998,2026,1,3052587,16.28481367,233.1818414,1.519809501,0.131632308,0.714476671
34.1174185,0.275234846,0.014,9.405546043,0.027746114,0.001527075,1.358570841,0.042561512,0.020159517,2026,1,4373626,7.52061017,,,,
22.24511141,0.145764884,0.00729,5.295742902,0.027585844,0.001427026,0.738880215,0.05504792,0.025954256,2026,1,4696044,4.50004755,,,,
,,,27.88274175,0.116924279,0.00606246,2.589951229,0.048781866,0.027317845,2026,1,4569603,6.21410526,,,,
3.968239398,0.101872923,0.005656429,,,,,0.480594001,0.230169435,2026,1,14880,14.7158605,235.8394771,1.484218944,0.09237822,0.705523135
,,,28.78391964,0.276615961,0.016626153,2.572449666,0.022020682,0.012331582,2026,1,2576925,7.11970794,,,,
,,,49.14781988,0.23461287,0.012136615,3.313650868,0.060390181,0.033818501,2026,1,4710714,9.5943423,,,,
2.546081787,0.021344242,0.000634589,5.193518717,0.026819088,0.001193086,0.666297886,0.012438154,0.006392573,2026,1,4431545,1.75338309,,,,
14.06794918,0.083424623,0.004256221,,,,,0.510458413,0.244228062,2026,1,2578570,13.1532015,224.8011257,0.969133298,0.053379206,0.631517052
0.684229885,0.006505614,0.000728,39.22380424,0.234971749,0.028373187,2.617466554,0.054973652,0.030522813,2026,1,4597500,8.05574289,,,,
,,,24.2013418,0.172760535,0.01403763,1.750088938,0.030310594,0.016973932,2026,1,4635008,5.22201719,,,,
14.81124805,0.106958239,0.0066,7.291709339,0.043473637,0.002656543,1.043619293,0.040172496,0.019372307,2026,1,4702555,4.13733676,,,,
,,,34.31674529,0.23897738,0.009864487,3.291165039,0.039275522,0.021994292,2026,1,4430539,8.13348224,,,,
17.43989026,0.333447823,0.016394809,,,,,0.567286023,0.271038022,2026,1,3917792,15.16607053,217.3520436,1.086210201,0.086626984,0.64824776
,,,36.48932976,0.231119435,0.007618109,2.273326662,0.033060946,0.01851413,2026,1,4360939,7.28805421,,,,
26.8234544,0.183423902,0.004536565,9.738096484,0.054211324,0.001328666,1.151532315,0.061451186,0.029345635,2026,1,4596334,6.21004102,,,,
36.42279241,0.288115819,0.015997448,7.77474237,0.046341544,0.002894386,1.04335347,0.079654926,0.037533997,2026,1,4686658,7.4346668,,,,
,,,36.68605858,0.218815476,0.006592366,3.490079319,0.048982048,0.027429947,2026,1,4361411,8.43119887,,,,
16.07073789,0.079982967,0.003,3.364257917,0.012297728,0.00063763,0.434481838,0.065251642,0.030701189,2026,1,4682745,2.88599113,,,,
,,,34.4135271,0.319792542,0.004356351,2.743409899,0.033548765,0.018787309,2026,1,4570037,8.07554395,,,,
13.8505335,0.097785221,0.00427,3.236891206,0.020942961,0.000944684,0.47953746,0.034441368,0.016253339,2026,1,4832955,2.87948371,,,,
33.43537979,0.256097671,0.010222047,3.388845123,0.018850104,0.000778093,0.459373544,0.047890076,0.022293518,2026,1,4362619,5.77016193,,,,
4.47054924,0.024487536,0.00092,34.16807386,0.142663891,0.007397045,2.544750915,0.060833347,0.032621063,2026,1,4869645,7.36452175,,,,
,,,20.75241196,0.250900544,0.011687895,2.121696606,0.020929576,0.011720563,2026,1,3116164,5.70282833,,,,
,,,39.8470503,0.234953407,0.014674647,3.947048037,0.048125265,0.026950149,2026,1,4429086,9.31819451,,,,
,,,8.241881643,0.051632725,0.001555566,0.667909157,0.012172421,0.006816556,2026,1,4431492,1.79169329,,,,
,,,41.26563559,0.161766812,0.011495375,3.072127452,0.049077476,0.027483387,2026,1,4241463,8.13861186,,,,
24.42844318,0.111960623,0.005736118,10.858426,0.040823945,0.002162983,1.50423365,0.031687569,0.01521982,2026,1,4599739,5.95327178,,,,
21.20585289,0.104961122,0.006361167,,,,,0.552400008,0.263952464,2026,1,3122840,12.60264984,205.1877105,0.88316539,0.063118753,0.756753535
25.27133135,0.253097829,0.00752,1.78080205,0.009482233,0.000421831,0.214156566,0.058192007,0.026990174,2026,1,4429013,4.45828959,,,,
24.60536444,0.23275901,0.00665,8.385349025,0.0394805,0.001435594,1.094802349,0.060431558,0.028735269,2026,1,4429835,5.99336664,,,,
6.254438579,0.064546822,0.00214,,,,,0.412336111,0.197536826,2026,1,8439,14.77417561,229.2656383,1.53562326,0.046329653,0.632196701
,,,31.53287015,0.188481594,0.006853586,2.511513931,0.038806641,0.021731719,2026,1,2977187,6.76696024,,,,
,,,16.7753578,0.075742653,0.002948307,1.545223456,0.022444776,0.012569075,2026,1,2991662,3.65856642,,,,
15.72649736,0.095585676,0.00248,20.83162077,0.097646025,0.003218587,2.373319089,0.05467311,0.027401435,2026,1,4038441,7.14656141,,,,
1.99850073,0.016497637,0.000219164,39.81436278,0.222182529,0.003460858,2.497896143,0.04508817,0.024658282,2026,1,3925357,8.0704973,,,,
33.37280272,0.225046351,0.008452258,,,,,0.749623042,0.357314815,2026,1,4242512,15.08554785,212.7786645,0.885597482,0.045998014,0.534808974
12.33031137,0.056737921,0.00344,12.32085482,0.071608681,0.005088613,1.762842671,0.041521378,0.020666279,2026,1,5081397,5.01577441,,,,
,,,34.31539874,0.240111354,0.007914498,2.247608505,0.040961915,0.022938672,2026,1,4870847,7.09084816,,,,
,,,43.76228978,0.279128682,0.018153912,3.331206744,0.048568105,0.027198139,2026,1,4429022,9.36540336,,,,
13.31761087,0.061450663,0.006878452,,,,,0.416012532,0.198907056,2026,1,15864,13.7743888,224.9474179,1.219326923,0.146670971,0.860772705
28.86757859,0.213594541,0.005990517,13.42991705,0.065100305,0.002053806,1.880475926,0.051015394,0.024593384,2026,1,3149687,7.75064044,,,,
1.01364693,0.031553514,0.000901,27.12780702,0.231099344,0.008403257,2.810472367,0.05312412,0.028889921,2026,1,4576297,7.16276758,,,,
,,,32.51708808,0.185294845,0.009874493,2.55409087,0.046547454,0.026066574,2026,1,4682648,6.88641459,,,,
25.71078912,0.20301757,0.013722559,8.182790569,0.044390177,0.002067862,1.102165667,0.097335029,0.046298765,2026,1,3116389,5.91752143,,,,
,,,28.07636418,0.193419674,0.011343394,2.714557788,0.047740682,0.026734782,2026,1,3886598,6.65318947,,,,
0.769928739,0.006915526,0.00038398,40.97626425,0.313062024,0.0196,3.006080053,0.054002305,0.030004645,2026,1,4382466,9.08195132,,,,
1.202612561,0.009224097,0.000629703,24.87719705,0.132959093,0.012033395,1.898943042,0.038753899,0.021287554,2026,1,5081432,5.37750287,,,,
11.97296137,0.13026114,0.001730467,,,,,0.567310851,0.271463103,2026,1,4688380,13.60324749,221.0446654,1.098263577,0.017096455,0.560092024
,,,24.93084272,0.196244108,0.004809751,1.993059517,0.036322844,0.020340793,2026,1,4686612,5.63350635,,,,
,,,19.60122127,0.184084365,0.004511728,1.741298939,0.023732579,0.013290244,2026,1,4595342,4.78899422,,,,
10.939605,0.078931057,0.00884,5.735651461,0.025434179,0.003071215,0.754275821,0.01333152,0.006455192,2026,1,4695404,3.0686154,,,,
,,,2.504191519,0.022990513,0.001070985,0.216389597,0.003943628,0.002208432,2026,1,4384852,0.74742153,,,,
5.332248648,0.04373339,0.001226556,1.671073551,0.010086747,0.00031822,0.240057527,0.012975,0.006173902,2026,1,4819231,1.25439492,,,,
19.09640918,0.133112884,0.00641,8.44798254,0.050946235,0.004139628,1.118583859,0.058465355,0.028016436,2026,1,4429501,5.1018565,,,,
1.33093969,0.008927581,0.000639,32.7693563,0.21764374,0.014155067,2.861567362,0.056630719,0.031265242,2026,1,4586312,7.70575762,,,,
0.731830408,0.005580919,0.000211,22.58871248,0.151767626,0.005434336,2.007215246,0.039083891,0.021648469,2026,1,5083754,5.25238654,,,,
,,,36.78751032,0.152854169,0.007925405,2.726518837,0.049689896,0.027826342,2026,1,4869961,7.28390701,,,,
0.742617897,0.004761971,0.000341,26.55470262,0.155678265,0.01012497,2.0511796,0.031697494,0.017571412,2026,1,4686422,5.73017618,,,,
0.359604176,0.004059377,0.000225394,,,,,0.018617317,0.008915833,2026,1,4837248,0.57906949,8.971550917,0.056461056,0.003849093,0.028381081
,,,2.304627312,0.018419452,0.000819416,0.192722201,0.003512298,0.001966887,2026,1,4715355,0.5314997,,,,
,,,31.90212916,0.099443904,0.00900012,3.015328248,0.027482993,0.015390476,2026,1,4360635,6.79014988,,,,
,,,26.94538459,0.104526544,0.006387303,2.824611426,0.029411047,0.016470186,2026,1,3051876,6.12691738,,,,
,,,31.59509032,0.165536594,0.014334102,3.20519918,0.032305798,0.018091247,2026,1,4243331,7.35126549,,,,
,,,29.42098774,0.214942416,0.003348081,3.320270259,0.040603108,0.02273774,2026,1,4686728,7.51431821,,,,
0.761952144,0.0063376,0.00021,30.58371131,0.214815968,0.006471871,2.3655521,0.04557527,0.025275764,2026,1,4685261,6.80735013,,,,
,,,11.48822835,0.092994645,0.001266813,1.140857505,0.011204023,0.006274253,2026,1,2573401,2.83792913,,,,
0.732969546,0.006384525,0.000715,25.77383629,0.148715692,0.01795764,2.081891967,0.040333155,0.02234743,2026,1,4723820,5.65688627,,,,
,,,23.59442155,0.130937189,0.008001178,2.117954661,0.038599017,0.021615449,2026,1,4600981,5.23681141,,,,
,,,17.42591052,0.192399842,0.004256582,1.363651976,0.024852102,0.013917177,2026,1,5123663,4.24197489,,,,
,,,25.48083357,0.276344032,0.006772922,2.298083141,0.027006358,0.01512356,2026,1,3123076,6.48824341,,,,
1.099072059,0.006652718,0.000240051,23.02407829,0.091108493,0.003546428,2.021232144,0.044293043,0.024363501,2026,1,4427095,4.9801304,,,,
,,,19.38961195,0.078625648,0.004723397,1.714674551,0.031249371,0.017499648,2026,1,4870612,4.23771308,,,,
8.87429982,0.031975177,0.00134,5.286577871,0.025888312,0.001379606,0.716232373,0.025950339,0.01260282,2026,1,4360516,2.46041865,,,,
9.386672026,0.082971924,0.00205,3.913569299,0.025426073,0.000623168,0.450668336,0.020797165,0.009925038,2026,1,4430968,2.41712571,,,,
,,,34.32713573,0.112878037,0.005852664,3.015307551,0.038367562,0.021485835,2026,1,4367209,7.095037,,,,
,,,18.63832501,0.141530933,0.004263975,1.805799242,0.030120075,0.016867242,2026,1,4430802,4.49440881,,,,
6.069971822,0.025267399,0.000953261,10.75835658,0.078897334,0.002825073,0.856530301,0.038002813,0.019194355,2026,1,3676833,3.3239415,,,,
0.776875245,0.006320137,0.000707442,8.75568689,0.034045824,0.004111084,0.886645868,0.018550194,0.010148972,2026,1,4569371,2.29560685,,,,
,,,19.91526785,0.093630019,0.007607893,1.680420666,0.026261748,0.014706579,2026,1,4242433,4.22022619,,,,
0.711782946,0.004926179,0.000206,21.31422914,0.118968204,0.0063399,1.664827931,0.027534996,0.015220523,2026,1,16733,4.59417219,,,,
0.458584172,0.00226552,0.000137,,,,,0.015973723,0.007650274,2026,1,4432762,0.53591891,9.774819671,0.04207261,0.002629948,0.036735501
,,,5.050355037,0.028793054,0.001489476,0.409797117,0.008054078,0.004510284,2026,1,3043116,1.08176173,,,,
0.310411229,0.002504753,0.000142,,,,,0.021477242,0.010288713,2026,1,2573079,0.53168503,9.134498962,0.052863357,0.003100562,0.038846347
0.69705742,0.004748836,0.000199,28.72670954,0.162758304,0.008673505,1.936575123,0.031166006,0.01725727,2026,1,4040655,5.86804713,,,,
,,,2.202923491,0.012917596,0.000776419,0.197419685,0.003597908,0.002014828,2026,1,4360763,0.58854495,,,,
,,,14.90802282,0.067079342,0.003554078,1.788890389,0.022223135,0.012444956,2026,1,4036131,3.66497377,,,,
0.673631734,0.004273161,0.000295485,25.52101526,0.193848939,0.011651396,2.151411258,0.038136727,0.021147293,2026,1,4430034,5.95548625,,,,
,,,13.73971274,0.073324611,0.003307487,1.14394087,0.020847941,0.011674847,2026,1,4912218,2.94167529,,,,
,,,14.22650246,0.035250321,0.001940088,1.36948243,0.02487346,0.013929138,2026,1,3045523,2.9803105,,,,
,,,26.05151912,0.187030273,0.016195277,1.973773765,0.035971368,0.020143966,2026,1,5220680,5.69415794,,,,
0.29935287,0.003275302,9.35649e-05,,,,,0.021658481,0.010374794,2026,1,3924327,0.45971283,7.766630618,0.046418038,0.002094029,0.035204522
,,,20.25120058,0.150583443,0.006792437,1.343182038,0.019583235,0.010966612,2026,1,4362921,4.2639716,,,,
10.48475752,0.079261594,0.0039,5.169325185,0.028132019,0.002242326,0.750056254,0.028810369,0.013894545,2026,1,4686468,2.94508376,,,,
,,,12.89361374,0.094508193,0.006289713,1.277756091,0.013766827,0.007709423,2026,1,4258595,3.1316908,,,,
,,,14.92719034,0.14057422,0.011422336,1.436784552,0.012299162,0.006887531,2026,1,3930086,3.78234312,,,,
10.76475296,0.095745346,0.00181,1.737017661,0.011625727,0.000257203,0.24116512,0.023690211,0.011103847,2026,1,4912274,2.16412047,,,,
,,,22.29546057,0.092756927,0.005572327,1.909820151,0.024364084,0.013643887,2026,1,4361409,4.68040665,,,,
,,,17.29294315,0.184768065,0.00251699,1.671891152,0.030350458,0.016996256,2026,1,4242557,4.48163933,,,,
3.135332173,0.038076898,0.000506,6.615222507,0.050616357,0.000788433,0.609397202,0.02475041,0.012603983,2026,1,4431268,2.38004972,,,,
,,,9.334138371,0.047740006,0.001506118,0.740863526,0.014817271,0.008297671,2026,1,4430191,2.02264143,,,,
26.08004903,0.148088689,0.005586929,4.978941811,0.028363936,0.001015626,0.724289906,0.058878088,0.02777138,2026,1,4362478,4.84812109,,,,
21.67350663,0.193734817,0.00366,5.266173833,0.034877181,0.00077161,0.723495359,0.049443919,0.023363251,2026,1,4383429,4.87308229,,,,
,,,7.515376428,0.068053022,0.000927047,0.589842303,0.010749679,0.00601982,2026,1,4710855,1.73979633,,,,
0.572530383,0.003205675,8.3e-05,,,,,0.016595467,0.007937592,2026,1,4035671,0.51578715,7.712318394,0.050756944,0.002080382,0.030555013
2.700290387,0.019895605,0.00136,1.640462983,0.009886225,0.000894748,0.239390904,0.007888293,0.003833446,2026,1,4685246,0.84920803,,,,
0.579132973,0.004020514,0.000247924,9.997657556,0.073576409,0.004496033,0.822245882,0.013961632,0.007648373,2026,1,4431280,2.34006604,,,,
9.39970341,0.061042429,0.002662531,6.641425498,0.051671663,0.002330778,0.934615228,0.032138555,0.015694391,2026,1,4596602,3.25269851,,,,
2.471202459,0.015988043,0.000986,13.16617845,0.066744319,0.004078545,1.201943205,0.033167424,0.017660901,2026,1,4686472,3.41284627,,,,
,,,27.86175746,0.175327292,0.010950538,2.401718864,0.043770525,0.024511494,2026,1,4603186,6.21389445,,,,
0.94145651,0.007103941,0.000355353,9.051491642,0.048446801,0.002506172,1.234204275,0.014621864,0.007952464,2026,1,16002,2.55700746,,,,
1.149896166,0.008326642,0.0003,15.6177264,0.069320416,0.00269832,1.137565844,0.024800792,0.01348154,2026,1,4613202,3.3160518,,,,
,,,8.44805618,0.054425013,0.002815427,0.896375916,0.010961652,0.006138525,2026,1,4259147,2.06137462,,,,
0.647484893,0.005222602,0.000353,16.21652641,0.149468586,0.006962811,1.401695495,0.022166713,0.012240323,2026,1,4368003,4.00697973,,,,
,,,15.71348949,0.102773777,0.003387607,1.025052828,0.015924241,0.008917575,2026,1,2576581,3.2024051,,,,
,,,10.3849028,0.059908833,0.002331971,1.154709574,0.014120777,0.007907635,2026,1,4831959,2.54187412,,,,
,,,16.3324818,0.102149039,0.005443595,1.528688055,0.014955285,0.00837496,2026,1,4429148,3.76936254,,,,
,,,17.49287287,0.114697574,0.004170644,1.596477954,0.019523099,0.010932936,2026,1,4678006,4.0209415,,,,
0.068597903,0.001060177,7.16605e-05,,,,,0.018821764,0.009028756,2026,1,11252,0.62728498,9.702699967,0.079867548,0.00387871,0.041927044
,,,24.22424922,0.122208966,0.014756914,2.770558323,0.033880759,0.018973225,2026,1,4808766,5.91869842,,,,
,,,14.59847158,0.067601456,0.00304933,1.486396042,0.012723846,0.007125354,2026,1,4240472,3.34403589,,,,
7.492021549,0.057189119,0.00387,,,,,0.015232429,0.007006917,2026,1,4429299,1.09984982,,,,
0.12510421,0.000726458,3.63e-05,,,,,0.018324188,0.008781688,2026,1,4241464,0.44832818,8.286630424,0.044756574,0.002783923,0.033796587
,,,6.809024202,0.040891311,0.000636949,0.509105307,0.009278274,0.005195834,2026,1,4883647,1.42648262,,,,
,,,12.98978461,0.108937488,0.006547747,1.320804157,0.0180223,0.010092488,2026,1,4372780,3.26679386,,,,
,,,25.64854105,0.075413022,0.003910124,1.893264477,0.034504113,0.019322303,2026,1,4685307,4.88068436,,,,
,,,4.362280891,0.031369562,0.001415001,0.386752607,0.007048437,0.003947125,2026,1,5082630,1.00631982,,,,
3.642009862,0.025732862,0.000666,1.704054567,0.008843855,0.000291509,0.212372437,0.00906657,0.004352336,2026,1,4690013,0.97853108,,,,
,,,16.18210342,0.132022406,0.006150102,1.774023365,0.021694277,0.012148795,2026,1,4427834,4.17294376,,,,
,,,6.681492294,0.033171554,0.002644014,0.601566068,0.010963341,0.006139471,2026,1,3051889,1.46204291,,,,
0.596010847,0.009362747,0.000263,14.03235561,0.090357449,0.002850627,1.52549044,0.025774634,0.014234792,2026,1,3054212,3.56508393,,,,
,,,2.296984632,0.014415476,0.000595041,0.180409212,0.003287898,0.001841223,2026,1,4879194,0.51808616,,,,
,,,19.67423619,0.069165522,0.003664611,1.594379135,0.029057028,0.016271935,2026,1,4879276,3.95234924,,,,
0.761952144,0.0063376,0.00021,,,,,0.002463873,0.001133381,2026,1,5081338,0.24969635,,,,
,,,9.66274089,0.033644068,0.002021151,1.136260152,0.0136674,0.007653744,2026,1,3043275,2.29349406,,,,
,,,6.496906178,0.051294651,0.001836705,0.675287009,0.00660639,0.003699579,2026,1,4372096,1.62919438,,,,
1.406051645,0.013890517,0.000208,7.604453113,0.054483244,0.000742194,0.670948327,0.017038517,0.009060499,2026,1,4569382,1.99231866,,,,
,,,8.747809509,0.060729552,0.002701641,0.815892722,0.007981948,0.004469891,2026,1,3052096,2.05172508,,,,
,,,8.50387117,0.073756535,0.004908648,0.747071687,0.013615132,0.007624474,2026,1,5160110,2.03492576,,,,
0.505358086,0.005817625,0.000286,,,,,0.025485343,0.012200911,2026,1,4429084,0.53366034,9.182207056,0.045887799,0.003609458,0.043340895
,,,9.590066928,0.034582761,0.001832305,0.783896848,0.014286258,0.008000305,2026,1,4698597,2.07981912,,,,
1.467882904,0.009534176,0.000468772,9.824391391,0.043717188,0.003484578,0.789582436,0.018725809,0.01005286,2026,1,4061956,2.31883495,,,,
3.327103608,0.025867692,0.000975908,3.643953335,0.020453977,0.000732395,0.509005796,0.008841896,0.004415691,2026,1,4383396,1.47886013,,,,
1.351406914,0.014412093,0.001314884,24.79168728,0.185684995,0.016078788,2.057407568,0.04201415,0.023076066,2026,1,4608810,5.86204473,,,,
,,,11.40917899,0.062799965,0.005683679,0.90952513,0.016575792,0.009282443,2026,1,4602667,2.62378111,,,,
,,,4.177055493,0.036936968,0.00081718,0.443165726,0.004335528,0.002427896,2026,1,4242392,1.07938625,,,,
24.35618516,0.159747947,0.00576,6.547568343,0.03243703,0.001262622,0.995151093,0.060095276,0.028495314,2026,1,4431431,5.19727492,,,,
2.195345956,0.012395233,0.000495,4.822530126,0.035162274,0.001451425,0.760791966,0.011562651,0.00601224,2026,1,2576336,1.74009839,,,,
1.358372012,0.006948827,0.000421,8.670464357,0.052714853,0.003745991,0.668550871,0.016603416,0.008855983,2026,1,4808839,2.0204772,,,,
,,,26.2571395,0.1473402,0.009202528,1.950606326,0.035549149,0.019907524,2026,1,5150247,5.43988748,,,,
,,,2.139526736,0.013638137,0.000799829,0.219502116,0.004000353,0.002240198,2026,1,4565185,0.52549727,,,,
,,,10.81720821,0.037275196,0.002051532,1.256502982,0.016219047,0.009082666,2026,1,4426844,2.54824111,,,,
,,,7.725017285,0.061121344,0.002847263,0.620932847,0.011316294,0.006337125,2026,1,5092508,1.75348172,,,,
,,,20.15846205,0.121860755,0.011028945,1.529099147,0.030581983,0.01712591,2026,1,4361577,4.26472595,,,,
0.391242003,0.004580039,0.000512665,,,,,0.019184564,0.009185569,2026,1,4685413,0.48518374,8.474328502,0.045935077,0.00611129,0.049758659
0.769342427,0.0076214,0.000188498,7.411041472,0.056936548,0.001395459,0.529835634,0.012121971,0.006541715,2026,1,4685553,1.75519446,,,,
,,,8.738653943,0.066085416,0.003875681,0.973345692,0.014102774,0.007897553,2026,1,3921690,2.23605244,,,,
,,,10.78176132,0.088382157,0.004117175,1.26856747,0.015886031,0.008896177,2026,1,3127310,2.86789794,,,,
,,,6.939668437,0.023468297,0.001409846,0.803934924,0.015527716,0.008695521,2026,1,3917914,1.65180564,,,,
,,,2.391783421,0.014235526,0.000509731,0.170028317,0.003400566,0.001904317,2026,1,4426485,0.49192064,,,,
,,,2.168316085,0.018927531,0.000677737,0.228940282,0.002799678,0.00156782,2026,1,4360967,0.55763071,,,,
,,,5.296086104,0.038571771,0.000525441,0.428207423,0.007803937,0.004370205,2026,1,4386544,1.27910085,,,,
,,,1.987588835,0.015892567,0.001057683,0.214777296,0.002626481,0.001470829,2026,1,4685504,0.50813489,,,,
,,,8.775731042,0.06756318,0.004128583,0.931585576,0.010741644,0.006015321,2026,1,3911853,2.21104808,,,,
,,,2.13191876,0.017044957,0.000561832,0.200688502,0.002454191,0.001374347,2026,1,4432260,0.51458989,,,,
,,,2.226121628,0.010657831,0.00058658,0.217597104,0.004351942,0.002437088,2026,1,4039050,0.59528701,,,,
,,,6.191608446,0.043572464,0.003540474,0.639698462,0.007822781,0.004380757,2026,1,4573699,1.51881992,,,,
2.216904079,0.030639503,0.00164,,,,,0.603946236,0.289402963,2026,1,2972515,10.45760545,213.1153026,0.86292,0.051839493,0.734163572
0.386516969,0.005051382,9.53e-05,,,,,0.028208316,0.013504708,2026,1,3044720,0.50388295,7.693450522,0.054654779,0.001586089,0.034265769
0.228817587,0.002924051,0.000202,,,,,0.018668266,0.008941582,2026,1,4240703,0.59932617,9.389984917,0.062798542,0.003728631,0.029182078
,,,1.632648974,0.008467198,0.000451223,0.235509156,0.002015102,0.001128457,2026,1,2975417,0.44827599,,,,
0.32717391,0.004287749,6.42889e-05,,,,,0.01968791,0.009430509,2026,1,4259553,0.6116601,8.708872759,0.071029757,0.001168804,0.031691246
,,,9.121823587,0.083923502,0.002056883,0.845084014,0.010334411,0.00578727,2026,1,4241263,2.25361961,,,,
,,,2.532832445,0.012820595,0.000663214,0.199531083,0.003636387,0.002036377,2026,1,4575665,0.60717221,,,,
,,,1.605989826,0.007068999,0.000275163,0.244465495,0.002091736,0.001171372,2026,1,4039505,0.44574125,,,,
,,,5.750137954,0.033052978,0.003991196,0.72720624,0.00711432,0.003984019,2026,1,4361372,1.50074006,,,,
,,,1.812282298,0.010970571,0.000330516,0.247810437,0.002120356,0.001187399,2026,1,4693370,0.49320431,,,,
,,,2.210387247,0.01603985,0.001043196,0.241734104,0.002956132,0.001655434,2026,1,4695705,0.55786545,,,,
,,,10.37422039,0.050033215,0.002594195,1.054346082,0.012893447,0.00722033,2026,1,4880236,2.38305534,,,,
,,,2.041785774,0.011728119,0.0006067,0.22692016,0.002774974,0.001553985,2026,1,4040612,0.49964608,,,,
0.701159135,0.007184893,0.000655512,,,,,0.002259292,0.001039274,2026,1,5097554,0.24423677,,,,
2.2927412,0.012541818,0.000867254,4.608979238,0.031339326,0.001883667,0.388746554,0.013914258,0.007109036,2026,1,4708486,1.33385643,,,,
,,,6.618229445,0.053005978,0.004224962,0.617846915,0.009095545,0.005093505,2026,1,2998565,1.59620864,,,,
0.428088144,0.00115646,5.92e-05,,,,,0.022146366,0.010607388,2026,1,4426339,0.48259573,8.939534292,0.038787912,0.002168335,0.03185478
,,,3.969423689,0.035377923,0.002161839,0.467751312,0.005720064,0.003203236,2026,1,4383440,1.07502962,,,,
0.598828005,0.007382397,0.000528463,8.205025382,0.054797211,0.003563889,0.945688687,0.014570534,0.007858915,2026,1,4426496,2.19200315,,,,
,,,6.032428469,0.039201633,0.003547924,0.654089632,0.007998768,0.00447931,2026,1,4690923,1.4908907,,,,
,,,1.042580584,0.006278477,0.000189155,0.104133735,0.001518242,0.000850216,2026,1,4035656,0.24478061,,,,
,,,4.914115824,0.043895877,0.001075845,0.37171659,0.006774411,0.00379367,2026,1,4430870,1.13765888,,,,
,,,7.505322952,0.057128056,0.001883043,0.789096351,0.006754822,0.0037827,2026,1,3052897,1.87877587,,,,
,,,2.411277835,0.016546379,0.000366066,0.192754134,0.00351288,0.001967213,2026,1,3126997,0.5300509,,,,
,,,2.196333032,0.01513306,0.000334798,0.211468179,0.002854497,0.001598518,2026,1,3915486,0.519448,,,,
,,,3.713400294,0.020210036,0.001436153,0.421862052,0.00515889,0.002888979,2026,1,4362018,0.91169285,,,,
0.591272277,0.006089106,0.0001506,3.664408403,0.016531739,0.000405177,0.455361901,0.00703389,0.003777852,2026,1,3917668,1.01039629,,,,
,,,4.815503887,0.040546713,0.002637069,0.467670468,0.006284672,0.003519416,2026,1,3843945,1.19090264,,,,
,,,1.98247822,0.017483976,0.000635754,0.198323262,0.002425267,0.001358149,2026,1,2975863,0.50009435,,,,
0.489899192,0.003466455,0.000197,1.69636322,0.009766457,0.000572769,0.263132113,0.003272266,0.001730388,2026,1,4878695,0.55932099,,,,
1.023311388,0.005899135,0.000358,1.57933424,0.008656901,0.000615171,0.249580109,0.004210331,0.002150302,2026,1,2515270,0.59493763,,,,
,,,4.221082645,0.033415999,0.001379343,0.435361612,0.005323975,0.002981426,2026,1,4686248,1.0549021,,,,
1.235541926,0.011006277,0.000611117,1.865276159,0.013217039,0.000825506,0.247629111,0.003581113,0.001816817,2026,1,4241961,0.70238523,,,,
,,,7.311642871,0.03831258,0.001393126,0.516922027,0.009420731,0.00527561,2026,1,4600597,1.47044583,,,,
2.525361505,0.01220938,0.00074,1.917436619,0.006236518,0.000443176,0.198129269,0.010239789,0.005071387,2026,1,4613104,0.78542753,,,,
,,,13.20879307,0.050207873,0.002603251,1.076534066,0.019619474,0.010986905,2026,1,4369466,2.6824111,,,,
5.297074791,0.037019392,0.000491788,1.725572279,0.007283026,0.000113445,0.234807637,0.012758002,0.006069591,2026,1,4367567,1.19229474,,,,
,,,7.656349207,0.056941139,0.005153429,0.829678756,0.014754248,0.008262379,2026,1,4048228,1.93113201,,,,
,,,8.698243899,0.064249678,0.003861762,0.89904369,0.010994276,0.006156795,2026,1,4683243,2.15006648,,,,
,,,2.13191876,0.017044957,0.000561832,0.200688502,0.002454191,0.001374347,2026,1,4876132,0.51458989,,,,
0.94766289,0.006756515,0.000416638,1.714745515,0.007871223,0.000480987,0.247106386,0.004067014,0.00208226,2026,1,3929914,0.59885178,,,,
,,,1.703738029,0.013672175,0.001650935,0.245655183,0.002101915,0.001177072,2026,1,3125107,0.49906526,,,,
,,,3.931445538,0.035731866,0.001127281,0.432163246,0.005284862,0.002959523,2026,1,4360086,1.03617431,,,,
,,,0.989524312,0.007542967,0.00040197,0.109451294,0.001338464,0.00074954,2026,1,2531358,0.25300173,,,,
,,,2.103416886,0.015267912,0.001216964,0.209025543,0.002556143,0.00143144,2026,1,4722908,0.51061295,,,,
0.749252829,0.004933009,0.000122007,2.33167329,0.021119274,0.000517613,0.201500266,0.006736111,0.003501612,2026,1,4362477,0.75216794,,,,
,,,16.20990903,0.106834871,0.006672659,1.667579463,0.016314072,0.00913588,2026,1,4045305,3.92508395,,,,
1.087375491,0.006993994,0.00050066,,,,,0.002103147,0.000967448,2026,1,4373273,0.14982344,,,,
,,,4.370062908,0.043892046,0.000597916,0.466700533,0.005707214,0.00319604,2026,1,4426553,1.16201345,,,,
,,,6.636155407,0.033138204,0.000516182,0.728237787,0.008707538,0.004876221,2026,1,4361516,1.58219227,,,,
1.448885023,0.011670043,0.00131,,,,,0.004782738,0.002200059,2026,1,4429105,0.21325464,,,,
,,,1.981647592,0.010110367,0.000718457,0.224713673,0.002747991,0.001538875,2026,1,4685540,0.4819724,,,,
,,,4.116424523,0.020013286,0.001037678,0.421738433,0.005157379,0.002888132,2026,1,4714379,0.94989589,,,,
,,,4.31631251,0.038422386,0.003327061,0.446481892,0.005459963,0.003057579,2026,1,4372505,1.10933042,,,,
,,,2.204126799,0.018574674,0.001608413,0.226202798,0.002766201,0.001549073,2026,1,4034779,0.5582554,,,,
0.187776402,0.001529017,6.1e-05,,,,,0.01744325,0.008358294,2026,1,3059989,0.60838762,10.27919943,0.068406361,0.002585642,0.046697522
,,,1.716594925,0.007461783,0.000448263,0.216834636,0.00265164,0.001484918,2026,1,4035020,0.43126172,,,,
,,,1.980961013,0.011151163,0.000613732,0.232805686,0.002846947,0.00159429,2026,1,4239944,0.49592265,,,,
,,,12.44840402,0.07364305,0.004599575,1.043007977,0.019008472,0.010644744,2026,1,4401805,2.73500584,,,,
,,,2.024903188,0.021051433,0.000868959,0.207962358,0.002543142,0.001424159,2026,1,4244049,0.53571807,,,,
94.76926962,0.951728792,0.038466539,34.83598468,0.205198337,0.009724542,4.3176016,0.17128206,0.082025033,2026,2,4429795,24.1565459,,,,
0.694593563,0.006258267,0.000253,88.06069023,0.610797669,0.028946275,7.864303185,0.098026026,0.0547388,2026,2,4374302,20.39367413,,,,
0.820248273,0.008644305,0.000396119,78.13067186,0.656678601,0.028560427,6.130319941,0.070245542,0.039182938,2026,2,4241389,17.99875061,,,,
32.63700196,0.774960368,0.0256,,,,,0.542346106,0.258525668,2026,2,3918298,22.65422402,245.1687367,1.6659,0.092904766,0.731943025
83.85667811,0.509084134,0.021478732,49.54793355,0.255809268,0.012140531,5.126768436,0.206064464,0.09948367,2026,2,4430807,22.9303032,,,,
1.586876572,0.013401327,0.000524263,83.89232897,0.566426908,0.028205416,6.534213508,0.116916356,0.064990504,2026,2,4430878,18.49166582,,,,
72.08468199,0.622809538,0.027007655,41.68176032,0.311810397,0.013983236,4.549466277,0.140448303,0.067802039,2026,2,3117251,21.48391582,,,,
1.159650807,0.008113976,0.00047,86.94277292,0.507416371,0.020266644,7.174807728,0.101366075,0.056457912,2026,2,4362628,19.00946565,,,,
85.26124964,0.706483578,0.024345353,22.73412806,0.08536293,0.004768731,2.999203639,0.179528217,0.085048126,2026,2,4242335,18.44269237,,,,
80.45523899,0.670244951,0.0222,26.30073896,0.15408754,0.008593233,3.152496192,0.234043452,0.111238282,2026,2,4379399,18.61937884,,,,
,,,60.86714497,0.324728597,0.015414082,6.459359398,0.050632115,0.028353985,2026,2,4361307,14.46990367,,,,
97.51416274,0.860320944,0.033156505,11.70379724,0.060951625,0.002990066,1.268369137,0.200588441,0.093447988,2026,2,3043078,17.60849572,,,,
0.623380271,0.005879076,0.000293069,85.29823929,0.518509268,0.026730192,6.645291507,0.073185834,0.040857922,2026,2,4262921,18.35804621,,,,
44.97905203,0.304484761,0.0117,,,,,0.545659874,0.259709665,2026,2,3916387,21.66281505,243.1940678,1.731546,0.084943363,0.502106416
79.02506205,0.635083467,0.0278,23.54601012,0.149665533,0.006766661,2.916846787,0.118704547,0.056282372,2026,2,4567048,17.84214858,,,,
64.31947942,0.445892544,0.019,34.48344714,0.170142666,0.00814899,4.850709551,0.155929236,0.075313795,2026,2,4890973,18.33499986,,,,
,,,77.81426425,0.384217795,0.020465623,5.866344526,0.071414283,0.039991998,2026,2,4361370,15.91590897,,,,
,,,57.23387019,0.359920971,0.0170816,5.021639356,0.079904478,0.044746508,2026,2,4426502,12.85133439,,,,
59.21270551,0.398300665,0.023083156,24.0051118,0.146512057,0.005851817,3.934120185,0.145206878,0.069920246,2026,2,4362238,15.4466417,,,,
,,,67.95577905,0.578596618,0.025164466,4.570108202,0.091402164,0.051185212,2026,2,4426354,14.78763632,,,,
78.10228104,0.788773534,0.0361,14.39911582,0.086490044,0.003761646,2.262319512,0.160248653,0.075509771,2026,2,4361579,16.69697442,,,,
88.69758845,0.554020513,0.019583481,20.97694278,0.15366594,0.008127504,2.468105294,0.132781526,0.062627122,2026,2,3929630,17.61534886,,,,
,,,70.14114495,0.629039173,0.026941327,4.705488761,0.045729792,0.025608684,2026,2,16800,15.49770958,,,,
0.667143189,0.005736187,0.000248,73.06677074,0.395123276,0.018441904,6.177337842,0.120937096,0.067478756,2026,2,4569618,15.86150031,,,,
59.73577219,0.644280198,0.0304,15.77684466,0.129764978,0.005557747,2.330316589,0.133238688,0.063284979,2026,2,4430737,14.47471087,,,,
0.71298493,0.018493115,0.000637,47.92939542,0.280220431,0.015654286,4.759499676,0.062285842,0.034454614,2026,2,4431459,11.38133633,,,,
50.59516549,0.303324312,0.013346765,23.01601844,0.095894403,0.004551876,3.205475335,0.129288532,0.062215446,2026,2,4870808,12.87668641,,,,
,,,64.99328763,0.365709472,0.019342642,5.287380576,0.059069715,0.033079041,2026,2,4241478,13.95505337,,,,
1.267263663,0.0087491,0.000353942,69.63513003,0.41606142,0.020565562,5.336601495,0.083862432,0.046588508,2026,2,4595348,14.92657998,,,,
,,,67.60280563,0.409742116,0.017581159,4.453964451,0.076814851,0.043016316,2026,2,4685472,13.6238554,,,,
71.58241835,0.63533615,0.0285,18.55928445,0.109146496,0.004850286,2.423797815,0.138145354,0.065355718,2026,2,4685382,15.84450111,,,,
2.679939275,0.028060247,0.001226757,61.80269461,0.51676402,0.023363875,5.396445468,0.118197881,0.065163916,2026,2,4428331,15.03562789,,,,
66.47489218,0.498426067,0.020163644,12.13536627,0.067607622,0.003341787,1.661081927,0.145895045,0.068486795,2026,2,4696981,12.83219918,,,,
11.44450735,0.085456385,0.004952548,,,,,0.375750303,0.179799224,2026,2,3915511,16.50318618,244.6671671,1.660122,0.066306693,0.686998792
69.43233655,0.494814706,0.021408557,22.87780627,0.12323147,0.005751681,2.957216426,0.171226245,0.081485456,2026,2,4427366,15.79237533,,,,
29.66073202,0.540066185,0.0191,,,,,0.508595119,0.242370099,2026,2,4040715,19.94761142,231.9412981,1.470326,0.077766622,0.570123931
,,,47.00066736,0.373470201,0.016748389,3.562990621,0.030619511,0.017146926,2026,2,3040151,10.50388985,,,,
,,,56.00188031,0.411683651,0.016442997,4.267076551,0.046135844,0.025836073,2026,2,4239993,12.31979834,,,,
19.6378807,0.223679323,0.009699681,,,,,0.431708843,0.206229244,2026,2,4361741,20.59426378,261.0797712,2.150036,0.096419045,0.783057021
65.07827369,0.398865273,0.0185,21.58226051,0.127297316,0.005605353,2.822933688,0.12358233,0.058867443,2026,2,4596448,14.57970246,,,,
64.27251556,0.569507103,0.0236,15.45576202,0.058160609,0.002714112,1.823971712,0.13307363,0.062690149,2026,2,4259545,13.49356967,,,,
,,,45.11164808,0.358171147,0.016974067,4.60336587,0.03940573,0.022067209,2026,2,4430027,11.25440928,,,,
0.759012187,0.005940835,0.000275623,69.29880789,0.44884923,0.019764424,4.092451263,0.061692765,0.034345356,2026,2,4567750,13.79998904,,,,
64.2772285,0.30779038,0.013148613,14.24614537,0.038027688,0.001904804,2.08350211,0.081063951,0.038180777,2026,2,4685702,11.96663519,,,,
20.54900343,0.179379427,0.007842233,,,,,0.379444155,0.181365717,2026,2,3139477,18.22038326,239.6372927,1.76173,0.079651133,0.682740328
,,,65.9354504,0.496944975,0.022083397,4.9154513,0.063224172,0.035405536,2026,2,4612826,14.46568991,,,,
,,,45.42660659,0.305449332,0.01380994,4.201373464,0.052053291,0.029149843,2026,2,15847,10.54742431,,,,
0.684572685,0.005881213,0.000245329,58.88716866,0.485303068,0.022771815,3.605340036,0.062176981,0.034605518,2026,2,4248528,12.48808711,,,,
2.097317718,0.012491768,0.000561,57.16980393,0.271751396,0.012617663,4.428115356,0.097549228,0.053728876,2026,2,4432620,12.19179173,,,,
0.669978887,0.005202402,0.000234072,55.81754137,0.342746333,0.015281723,4.486055867,0.069722094,0.03886198,2026,2,4372016,12.17764993,,,,
2.123378053,0.02839613,0.000938544,57.41724812,0.383279562,0.021374931,4.181859765,0.065193672,0.035935311,2026,2,3915416,12.58045486,,,,
13.70949763,0.167911372,0.007694419,,,,,0.445191921,0.212959293,2026,2,2577417,20.01222987,258.4515398,2.215552,0.096359331,0.680203316
65.14920774,0.381292472,0.0188,20.7284099,0.117621178,0.005046873,2.965800039,0.141293039,0.067354015,2026,2,4241416,14.46376142,,,,
65.87947248,0.580781341,0.0278,16.49836865,0.062943109,0.002734885,2.178127675,0.149043704,0.07045379,2026,2,4035538,14.20235668,,,,
65.69893473,0.517220746,0.0258,17.49025125,0.111621686,0.005754322,2.154391686,0.178275812,0.08431968,2026,2,3042519,14.14553816,,,,
47.84776116,0.2830492,0.012708187,13.96870964,0.06232692,0.002893895,1.90910284,0.151553446,0.071808642,2026,2,4882093,10.05459552,,,,
1.000831385,0.014433977,0.00061661,44.32206347,0.145926422,0.007309442,4.59129647,0.062390847,0.034353848,2026,2,5083076,10.03454276,,,,
,,,60.19359164,0.32435776,0.020244502,4.501700986,0.064593909,0.036172589,2026,2,3121422,12.43705454,,,,
53.3046935,0.270744868,0.013254092,15.88088693,0.068214075,0.003033975,2.506701106,0.119255768,0.056918916,2026,2,4569987,11.38090111,,,,
,,,60.17721774,0.513114708,0.023010791,3.906493003,0.049836172,0.027908256,2026,2,16737,12.9944221,,,,
,,,49.14643024,0.415109398,0.019371418,4.02951534,0.039421091,0.022075811,2026,2,4723086,11.43044397,,,,
2.532572009,0.039398016,0.00159,59.66198936,0.331741833,0.015721557,3.897051011,0.046152631,0.02543447,2026,2,4426388,12.32831842,,,,
2.904330336,0.02560396,0.001062194,56.47608128,0.354874394,0.016560503,4.28053243,0.070451275,0.038648488,2026,2,4685278,12.46125213,,,,
34.27784247,0.197830946,0.008539486,,,,,0.65074607,0.310337241,2026,2,4431452,18.22985288,239.4496338,1.472418,0.068564129,0.70163357
50.51137102,0.418273228,0.018055004,21.06878189,0.126183864,0.005875836,2.597357756,0.177315529,0.084547937,2026,2,4569173,12.90556253,,,,
,,,47.41026309,0.314783345,0.015559473,4.373633919,0.064399935,0.036063964,2026,2,4361050,10.96404932,,,,
,,,48.34230286,0.268779015,0.014989406,4.014943516,0.054555584,0.030551127,2026,2,4385690,10.43216445,,,,
2.514419293,0.04669891,0.002201404,,,,,0.450762196,0.215979561,2026,2,12483,18.21125763,261.6034481,2.16957,0.092921232,0.61649098
,,,61.16760405,0.327143565,0.014550448,4.150328173,0.054599475,0.030575706,2026,2,4047650,12.19933945,,,,
18.6827855,0.242933668,0.010907102,,,,,0.49863857,0.238316371,2026,2,4360310,15.90718672,235.8185745,1.259964,0.058501265,0.783308407
,,,48.08849722,0.172857499,0.008205128,4.140317424,0.045301703,0.025368954,2026,2,4360761,9.95317849,,,,
,,,55.05753502,0.538254933,0.025118105,2.968712489,0.054836727,0.030708567,2026,2,4431299,11.69426067,,,,
52.19630518,0.299340972,0.016090106,22.68066621,0.109688495,0.005842632,2.88011313,0.107341299,0.051337308,2026,2,4239996,12.76600993,,,,
37.86970398,0.307255615,0.0133,13.7323851,0.067214972,0.00312991,1.925714482,0.067910918,0.032448021,2026,2,4432710,9.31387551,,,,
25.97357761,0.232493735,0.00965,,,,,0.508082656,0.24265652,2026,2,4431611,19.41957156,237.7981157,1.81908,0.084888851,0.539098949
,,,58.86256985,0.231561311,0.011652939,4.200580594,0.076554179,0.04287034,2026,2,4871023,11.41579264,,,,
2.083795058,0.017406281,0.000726,51.61131694,0.26063658,0.012229818,3.868583783,0.077515995,0.042707723,2026,2,4701936,10.84889434,,,,
2.6205862,0.055835527,0.002256735,,,,,0.462359679,0.221544273,2026,2,3046779,17.0130448,267.9569809,1.817318,0.086124408,0.658715981
0.291819587,0.005863815,0.000244603,49.03535402,0.223315088,0.010478586,4.306100636,0.04827145,0.026892394,2026,2,4572680,10.582825,,,,
62.08331284,0.309783383,0.0133,10.74593672,0.028403699,0.001429369,1.936000939,0.164675926,0.077619872,2026,2,3916148,11.12661738,,,,
43.72412437,0.310352402,0.014610992,,,,,0.479438701,0.228358574,2026,2,4426348,19.79421746,239.6635157,1.322832,0.082563385,0.534234812
15.9927822,0.177417981,0.00954,,,,,0.428978223,0.205101748,2026,2,4360689,15.06637737,235.5518952,1.161846,0.061886519,0.705429042
,,,48.5213147,0.170446649,0.010638276,4.490589001,0.054418507,0.030474364,2026,2,2976212,10.32716219,,,,
,,,55.49517636,0.320787222,0.013764294,4.512211522,0.077819403,0.043578866,2026,2,4695883,11.92887535,,,,
7.880108594,0.098270125,0.00426,49.22186179,0.383398675,0.017193635,3.451315185,0.098726886,0.052316998,2026,2,3126486,12.02502407,,,,
19.12859352,0.168417255,0.00831,,,,,0.492689051,0.235579983,2026,2,4685720,16.59967041,235.4069759,1.504932,0.064573417,0.723663188
0.599308969,0.005091987,0.000175469,42.27221706,0.144595618,0.008077717,4.227874934,0.0605502,0.03374599,2026,2,4688813,9.43223239,,,,
0.754886935,0.009160235,0.000456632,47.72874228,0.346791114,0.017877777,3.611579681,0.047560732,0.026485325,2026,2,4429205,10.58060286,,,,
44.19818882,0.372702038,0.0155,12.53540993,0.075350426,0.003516289,1.460592978,0.049906219,0.023581729,2026,2,4608686,9.81445676,,,,
1.282072474,0.022462239,0.000866,39.93676197,0.408733263,0.020050971,3.678378651,0.058305457,0.031845567,2026,2,3116365,10.36711992,,,,
,,,52.00755238,0.465499507,0.020754808,4.011573513,0.050191871,0.028107448,2026,2,3128429,11.99194651,,,,
63.50364768,0.545014941,0.0213,14.39401105,0.078373038,0.003902611,1.750148043,0.135346418,0.063756842,2026,2,4685512,13.20670933,,,,
,,,45.83056732,0.321514197,0.017005122,4.289468137,0.042163749,0.023611699,2026,2,3121023,10.7895129,,,,
66.0555232,0.524696782,0.023607672,10.18154995,0.04980586,0.002220649,1.567499828,0.068572265,0.032213847,2026,2,4241985,12.62726394,,,,
,,,39.33270029,0.190130024,0.010127405,3.848728965,0.0646151,0.036184456,2026,2,3929645,8.87236904,,,,
,,,35.40017894,0.371771725,0.016169187,3.907242002,0.07814484,0.04376111,2026,2,4242355,9.6247704,,,,
21.8620909,0.240431071,0.0108,,,,,0.393746108,0.188039165,2026,2,4426338,18.55112576,242.1620726,1.726452,0.076975763,0.739906929
1.753995356,0.014608513,0.000656,41.82949579,0.256158559,0.011893673,3.834149356,0.060516417,0.03340025,2026,2,3916433,9.77699575,,,,
,,,48.35454345,0.206887047,0.009818716,4.31282776,0.026370475,0.014767466,2026,2,4360248,10.38040289,,,,
,,,46.33925674,0.172958773,0.00866349,3.810667692,0.069448147,0.038890962,2026,2,4832800,9.42372706,,,,
10.2551994,0.078603057,0.00307,1.764875745,0.010072489,0.000501563,0.213645389,0.019138573,0.008969652,2026,2,4887558,1.9374152,,,,
,,,46.09182338,0.237533756,0.011275154,3.297311388,0.051668499,0.02893436,2026,2,4432708,9.29773985,,,,
4.378969468,0.051278057,0.002241809,48.23000179,0.347491896,0.015710763,3.388756647,0.037897551,0.020520822,2026,2,4683062,11.03813899,,,,
52.03577671,0.469626401,0.0221,8.608559994,0.038184136,0.002383229,1.195801336,0.198359225,0.093056613,2026,2,4575131,10.17518946,,,,
48.87119192,0.255269168,0.0125,13.56183598,0.066792477,0.002970746,2.008255854,0.10570877,0.050224065,2026,2,4038815,10.11721188,,,,
53.83203447,0.463515379,0.021850289,5.810967259,0.029962494,0.001283274,0.796709516,0.054354895,0.025344098,2026,2,4429096,9.72901769,,,,
11.76258103,0.053284965,0.002075702,1.612241981,0.006777623,0.000364486,0.232894693,0.021558654,0.010076399,2026,2,4711533,1.9160495,,,,
27.12531089,0.15794165,0.00849,10.18638051,0.03687407,0.001964122,1.533621871,0.070655136,0.033782745,2026,2,3054850,6.38889409,,,,
25.28790846,0.200071331,0.00897,,,,,0.448919832,0.214349645,2026,2,4038941,19.48423796,243.3092011,1.862154,0.082750984,0.596293797
30.39719006,0.235632205,0.010194817,12.89713776,0.065814885,0.003071831,1.757950907,0.074029026,0.035508853,2026,2,4685247,7.85353782,,,,
,,,41.5136473,0.245309414,0.013066573,3.877059325,0.05652649,0.031654834,2026,2,4569559,9.46459802,,,,
1.229295968,0.008190086,0.000367714,48.39763767,0.24053162,0.0111681,3.29870257,0.032106172,0.017774727,2026,2,4432773,9.74209434,,,,
39.43282531,0.258167124,0.012,14.32519191,0.073702512,0.003245383,2.280694305,0.109356487,0.052481905,2026,2,4371733,9.58012154,,,,
1.30715906,0.008543281,0.000367,44.24490602,0.065958404,0.003319247,4.551859119,0.05870705,0.032590478,2026,2,4569587,9.49781528,,,,
,,,50.0095208,0.331513052,0.015437127,3.640018657,0.064312222,0.036014844,2026,2,4361432,10.59059162,,,,
,,,39.82939016,0.191244089,0.009859016,4.445860267,0.034805368,0.019491006,2026,2,4036133,9.55791784,,,,
21.90871162,0.176163011,0.008293528,15.38871515,0.092062469,0.005745997,2.210341727,0.053716533,0.026298325,2026,2,4697815,7.55967225,,,,
,,,56.14516515,0.281512029,0.015726441,3.754205054,0.055067034,0.030837539,2026,2,4360078,11.02902355,,,,
0.725633388,0.007937012,0.000262333,45.31986996,0.258712973,0.014428038,4.167185887,0.063850254,0.035556704,2026,2,4373678,10.33158947,,,,
0.778828697,0.006799851,0.000315477,44.09566291,0.295266208,0.013001619,3.757692889,0.064359617,0.035811879,2026,2,3116165,10.01424684,,,,
,,,34.31685654,0.229753946,0.010723489,3.310632576,0.04048525,0.02267174,2026,2,5083315,8.0980134,,,,
7.761489974,0.03484868,0.001488714,41.21853073,0.155662896,0.007797141,3.429600923,0.088476906,0.04694971,2026,2,4870653,9.49035085,,,,
,,,43.1642502,0.281198499,0.014872795,3.02308664,0.055094745,0.030853057,2026,2,4870795,8.99619413,,,,
30.70370971,0.160493042,0.007675361,14.28387504,0.095861084,0.004165174,1.720767908,0.075464327,0.036124577,2026,2,4429059,7.73655265,,,,
,,,41.94617114,0.260071306,0.013755362,2.901840445,0.058036809,0.032500613,2026,2,4428850,8.62092489,,,,
,,,38.74459089,0.225164775,0.009783433,3.724777478,0.040521974,0.022692305,2026,2,3117256,8.92547547,,,,
11.69946027,0.129168761,0.00539,,,,,0.513637199,0.245780064,2026,2,4036378,15.9313052,247.4987519,1.47888,0.069393301,0.750344972
0.708536753,0.006298988,0.000282,46.60520358,0.373062383,0.016578263,2.946477351,0.045002999,0.025008907,2026,2,4429025,9.93891032,,,,
40.35095131,0.217742774,0.010748605,13.7065678,0.064044282,0.002748003,1.613213299,0.092384192,0.043877052,2026,2,4678008,8.65136266,,,,
56.50142801,0.475206493,0.0198,10.00265395,0.054510231,0.002557777,1.406269328,0.126163946,0.05923867,2026,2,4429023,11.16454608,,,,
73.22084933,0.265724572,0.010351234,31.25110582,0.172204666,0.009260804,4.134110801,0.115552095,0.055706194,2026,2,4429160,17.13974143,,,,
1.610638841,0.012413164,0.000514967,25.91730885,0.155199674,0.007242519,2.352792249,0.049627122,0.027270481,2026,2,2973405,6.18976724,,,,
,,,39.11546178,0.311489356,0.01450471,3.592012965,0.025969067,0.014542678,2026,2,3046439,9.37310334,,,,
,,,37.45146728,0.164227284,0.009174424,4.035429111,0.074946895,0.041970261,2026,2,15818,8.70232787,,,,
15.88710212,0.087941241,0.00420567,,,,,0.50050084,0.239375528,2026,2,4432577,16.92943635,251.4986226,1.59666,0.069375047,0.657558293
24.78536576,0.151195464,0.00649,20.1051347,0.088148976,0.004435951,2.753231842,0.051446773,0.025274714,2026,2,4428557,8.651007,,,,
35.97660021,0.256941324,0.010840593,3.728016762,0.023189253,0.001100546,0.514868057,0.063861388,0.029755133,2026,2,4241474,6.15719956,,,,
1.729582196,0.010465036,0.000469853,11.38608737,0.054651747,0.00253753,1.019868202,0.024728644,0.013233852,2026,2,4685415,2.75142082,,,,
3.648684816,0.036948214,0.001541259,42.95259041,0.239035225,0.01121622,3.708235534,0.084425306,0.046252112,2026,2,4362249,9.95950042,,,,
2.638927819,0.018368027,0.000782,47.64329668,0.197767654,0.00947209,3.550015068,0.036701261,0.020117472,2026,2,4428718,9.85629084,,,,
4.944940842,0.032313479,0.001264111,37.23579734,0.24548458,0.012223986,2.436032013,0.065602324,0.035049133,2026,2,4032473,8.61181767,,,,
34.66838224,0.313762749,0.0127,,,,,0.495548024,0.23629375,2026,2,4689114,18.17765277,229.9535486,1.305116,0.064510773,0.642640969
17.10058588,0.131496212,0.006100716,,,,,0.536718358,0.256648174,2026,2,3052587,16.80187106,235.2739075,1.624192,0.071518937,0.630496029
33.8627933,0.234807969,0.0103,8.707601875,0.028574771,0.001356375,1.276918444,0.043189304,0.020413369,2026,2,4373626,7.09788041,,,,
47.30248823,0.361976102,0.0157,5.718465248,0.03590944,0.00161037,0.682191039,0.094782213,0.044183525,2026,2,4696044,8.32035533,,,,
2.725902422,0.015146331,0.000590021,34.62614078,0.082388618,0.004430686,3.149134849,0.068469873,0.037427554,2026,2,4569603,7.54439082,,,,
2.582236812,0.053918004,0.0023,,,,,0.54222135,0.259801157,2026,2,14880,12.21169438,240.4793677,1.05372,0.050467963,0.902182824
,,,25.57303257,0.196079876,0.008413369,2.377924253,0.020355506,0.011399083,2026,2,2576925,6.10627294,,,,
6.21558325,0.0438007,0.001548264,4.927362035,0.024491245,0.00129536,0.655742219,0.020876785,0.010263713,2026,2,4431545,2.17807298,,,,
12.6274493,0.088909719,0.003912173,,,,,0.52395841,0.250725615,2026,2,2578570,13.02720839,222.6838878,0.980758,0.046554214,0.606361954
0.670969774,0.005810362,0.00025139,44.25329417,0.287493579,0.013418417,2.843105635,0.059427563,0.03302289,2026,2,4597500,9.05821551,,,,
,,,23.78103639,0.215473153,0.012016617,1.540607102,0.026682482,0.01494219,2026,2,4635008,5.20640051,,,,
23.03971755,0.195519968,0.008797026,9.706115589,0.062828612,0.002801283,1.315851125,0.058689666,0.028123136,2026,2,4702555,6.27223277,,,,
,,,33.91482491,0.19986813,0.009280058,3.430076774,0.040933242,0.022922615,2026,2,4430539,7.99456293,,,,
15.90235651,0.206170455,0.0071,,,,,0.595690829,0.284796714,2026,2,3917792,13.90829024,224.709089,1.045602,0.058411705,0.833444844
,,,51.7201772,0.332411599,0.016306907,3.16710236,0.046059108,0.025793101,2026,2,4360939,10.31583529,,,,
32.62541231,0.211938542,0.0095,13.87588498,0.078360912,0.003482227,1.651806062,0.07719058,0.037054123,2026,2,4596334,8.0204673,,,,
23.37503924,0.166816316,0.0071,1.833899549,0.010030244,0.000480399,0.27558657,0.049356133,0.022939623,2026,2,4686658,3.82814336,,,,
,,,34.5304258,0.16140288,0.007178757,4.127362714,0.057926099,0.032438615,2026,2,4361411,8.49983286,,,,
13.09082257,0.048139023,0.001875243,1.591526116,0.005878237,0.000316119,0.226291255,0.05341646,0.024928566,2026,2,4682745,2.00698373,,,,
,,,31.97143297,0.284428428,0.012181879,2.569208709,0.031418484,0.017594351,2026,2,4570037,7.46292563,,,,
24.42384388,0.185968801,0.00813,10.93990234,0.071733644,0.003243213,1.417931521,0.060458116,0.029023967,2026,2,4832955,6.46681531,,,,
28.04189391,0.190912377,0.008571478,3.370911424,0.019475455,0.000904263,0.494546625,0.041590839,0.01941609,2026,2,4362619,4.87937145,,,,
,,,49.26597412,0.142011999,0.007637106,3.676251252,0.066998452,0.037519133,2026,2,4869645,9.3969266,,,,
,,,24.36695954,0.223571583,0.00892964,2.769245716,0.027317355,0.015297719,2026,2,3116164,6.53535501,,,,
0.789930228,0.005721706,0.000265456,29.05724616,0.272377533,0.011993749,2.375801637,0.036664472,0.020329512,2026,2,4430834,7.0139401,,,,
,,,43.34969358,0.168932127,0.008091011,4.673720881,0.056985387,0.031911816,2026,2,4429086,9.97614739,,,,
,,,40.91801986,0.140315522,0.006240849,3.436297771,0.06262538,0.035070213,2026,2,4431492,8.31399016,,,,
,,,36.12495158,0.10895239,0.005457416,2.867630778,0.045810626,0.025653951,2026,2,4241463,7.09465661,,,,
23.79914343,0.092825546,0.003965449,,,,,0.578862054,0.276558834,2026,2,3122840,12.32304603,207.3344391,0.741158,0.037124542,0.708096732
19.09053514,0.165986602,0.005867284,1.722581751,0.009349271,0.00049449,0.215095053,0.046272895,0.021508354,2026,2,4429013,3.34869061,,,,
38.5492626,0.346440471,0.0136,8.661330155,0.041158162,0.002049484,1.046120747,0.083581329,0.03934251,2026,2,4429835,8.0531557,,,,
6.620337432,0.049245965,0.00241,,,,,0.458469985,0.219681839,2026,2,8439,12.69751834,228.2134674,1.06834,0.047516832,0.667249936
,,,30.62378756,0.229234728,0.011414819,2.51820463,0.038910022,0.021789612,2026,2,2977187,6.93626817,,,,
,,,42.00250364,0.239362776,0.011146088,3.321782548,0.048249763,0.027019867,2026,2,2991662,8.92773401,,,,
18.40794097,0.118986056,0.00459,21.77967061,0.109966769,0.005394571,2.300911853,0.060991481,0.030239186,2026,2,4038441,7.65448873,,,,
1.18718857,0.008356484,0.000358647,32.15691578,0.120486474,0.006063282,2.311348056,0.039900351,0.021979302,2026,2,3925357,6.38875487,,,,
33.71833496,0.18299511,0.007128528,,,,,0.816498226,0.389299334,2026,2,4242512,14.05290845,217.9645877,0.69091,0.037155684,0.615314485
,,,46.33092022,0.31476336,0.013676501,3.321837034,0.048431497,0.027121638,2026,2,4429022,9.81789694,,,,
13.34420807,0.109476218,0.004736577,,,,,0.439423747,0.210150047,2026,2,15864,15.22723261,239.8433846,1.368718,0.063883267,0.780586241
41.88099842,0.308550331,0.012870882,13.27925384,0.066543741,0.003122424,1.897499908,0.068211203,0.032513652,2026,2,3149687,9.63284887,,,,
1.241715759,0.033376718,0.001305705,24.55503898,0.211906457,0.010551952,2.541605753,0.049184022,0.026651492,2026,2,4576297,6.56468861,,,,
,,,29.48940509,0.158117414,0.007815609,2.269930066,0.041368718,0.023166482,2026,2,4682648,6.13796531,,,,
23.52366791,0.168532164,0.009767129,8.017723474,0.035575618,0.001420921,1.136820467,0.093244771,0.044465185,2026,2,3116389,5.45151203,,,,
0.622690673,0.0047038,0.0002,40.44045392,0.219597501,0.010517631,3.166746555,0.056446722,0.031405056,2026,2,4382466,8.57898197,,,,
,,,28.63086603,0.168279496,0.010503015,2.177483138,0.039683903,0.022222986,2026,2,5081432,6.02785678,,,,
11.87953307,0.088267787,0.003788317,,,,,0.613323526,0.29353789,2026,2,4688380,12.10217764,217.9332459,0.834142,0.041976814,0.594967354
,,,29.78299879,0.190313352,0.008457204,2.293292332,0.041794487,0.023404913,2026,2,4686612,6.38468091,,,,
,,,16.46454424,0.149533218,0.006645004,1.498646265,0.020425408,0.011438228,2026,2,4595342,4.03325295,,,,
1.808053006,0.013290351,0.00077023,2.410755643,0.01811331,0.000723461,0.219871788,0.010134748,0.005062693,2026,2,4384852,0.967143,,,,
14.71494449,0.124657692,0.004120165,3.558863592,0.034356072,0.001915987,0.465556245,0.039723387,0.018739891,2026,2,4429501,3.28531342,,,,
1.330630237,0.008345503,0.000399,40.39527091,0.248688796,0.010805555,3.220745579,0.063242536,0.034961268,2026,2,4586312,8.99390586,,,,
0.789291681,0.00737327,0.000337875,31.25032313,0.253437521,0.011022567,2.651956078,0.0510086,0.028312643,2026,2,5083754,7.3882219,,,,
,,,35.98605546,0.106508999,0.00572783,2.757188439,0.050248839,0.02813935,2026,2,4869961,6.95135094,,,,
1.474377795,0.008129671,0.000389,44.67227505,0.262919967,0.011423901,3.174623322,0.049921579,0.027592442,2026,2,4686422,9.38534735,,,,
16.94191069,0.102220887,0.00414,16.37817168,0.063935717,0.003160288,2.520616868,0.050273668,0.025000237,2026,2,4040761,6.81549083,,,,
,,,28.18407066,0.164856677,0.007350316,3.289099206,0.03424749,0.019178595,2026,2,3051876,7.07389578,,,,
,,,25.77214659,0.174208974,0.007671039,2.558050227,0.025783064,0.014438516,2026,2,4243331,6.16766178,,,,
,,,30.29339076,0.201014431,0.010115718,3.411674408,0.041720876,0.02336369,2026,2,4686728,7.62170813,,,,
,,,26.20007516,0.122195573,0.005434924,2.299592598,0.041909308,0.023469212,2026,2,4685261,5.61780898,,,,
,,,12.31348377,0.086664715,0.003711792,1.187839095,0.011665416,0.006532633,2026,2,2573401,2.93384188,,,,
,,,32.80250864,0.204065305,0.009098476,2.756567945,0.050237531,0.028133017,2026,2,4600981,7.22446756,,,,
,,,21.46712965,0.18680501,0.008852865,1.713924775,0.031235707,0.017491996,2026,2,5123663,4.96501154,,,,
,,,27.80837517,0.283270054,0.012588044,2.473043877,0.029062442,0.016274967,2026,2,3123076,6.94689512,,,,
1.244036115,0.008028076,0.000346536,37.1391991,0.16323741,0.007601259,2.987503435,0.063829318,0.035257029,2026,2,4427095,7.8004874,,,,
,,,16.12508736,0.09179776,0.004356658,1.402544813,0.025560911,0.01431411,2026,2,4870612,3.65596371,,,,
3.181252177,0.012729334,0.000514961,,,,,0.006954347,0.003198999,2026,2,4360516,0.38931675,,,,
3.403444588,0.023298096,0.001044776,3.913359495,0.02736527,0.001216066,0.45865033,0.009937768,0.004936062,2026,2,4430968,1.48922269,,,,
,,,30.8534627,0.098680459,0.005306827,3.1235206,0.039744493,0.022256916,2026,2,4367209,6.76809945,,,,
,,,19.27027254,0.103263331,0.00459287,2.151356241,0.035883841,0.020094951,2026,2,4430802,4.66790732,,,,
6.930835258,0.046449088,0.002128496,8.273608413,0.078331691,0.003406821,0.625789,0.034583655,0.017160059,2026,2,3676833,3.06353798,,,,
0.737115201,0.005958711,0.000257808,20.98873157,0.087609176,0.004089053,2.025322556,0.039248551,0.021745416,2026,2,4569371,4.93500347,,,,
,,,17.23634219,0.115359707,0.006433439,1.284957129,0.020081412,0.011245591,2026,2,4242433,3.69165569,,,,
0.67168834,0.004653777,0.000188,11.41540028,0.060857339,0.003008126,0.905166992,0.0158019,0.008657715,2026,2,16733,2.49643637,,,,
,,,34.04766002,0.333556785,0.01495846,2.117567379,0.041618284,0.023306239,2026,2,3043116,7.50807653,,,,
19.15448109,0.174362492,0.00869,,,,,0.579465498,0.276908588,2026,2,2573079,16.83731188,245.2777352,1.537724,0.079272755,0.861862461
0.662751153,0.004542086,0.000183748,26.9737229,0.131651513,0.006507422,1.844499452,0.029701296,0.016444627,2026,2,4040655,5.40658754,,,,
10.90516944,0.053929021,0.002303814,7.932672318,0.028886905,0.001446943,1.180064786,0.03245351,0.015938321,2026,2,4601080,3.59186717,,,,
,,,2.313571352,0.015370459,0.000659514,0.193280858,0.003522479,0.001972588,2026,2,4360763,0.5143276,,,,
,,,13.13305582,0.053009925,0.00282361,1.428137395,0.017741551,0.009935269,2026,2,4036131,3.04574781,,,,
1.393698697,0.0078155,0.000385803,23.93035462,0.183838976,0.007888138,1.923067919,0.036492403,0.020008345,2026,2,4430034,5.61995872,,,,
,,,9.250596404,0.067534792,0.003053375,0.721108521,0.013141962,0.007359499,2026,2,4912218,2.04311147,,,,
,,,27.75494246,0.085058935,0.004037542,2.681124293,0.04869638,0.027269973,2026,2,3045523,5.92179129,,,,
,,,24.78747458,0.180960525,0.007968334,1.895674515,0.034548035,0.0193469,2026,2,5220680,5.43833999,,,,
14.21619245,0.148916006,0.005825629,,,,,0.549599704,0.262860371,2026,2,3924327,15.70639184,226.9762686,1.588134,0.079081659,0.849462011
,,,23.59194031,0.182591409,0.008255302,1.5625764,0.022781947,0.01275789,2026,2,4362921,5.00891371,,,,
8.492517071,0.068358865,0.00235564,5.056672784,0.023884369,0.001334281,0.776314621,0.024556582,0.011960271,2026,2,4686468,2.74126181,,,,
,,,14.59012679,0.139173867,0.006494662,1.552367953,0.016725556,0.009366311,2026,2,4258595,3.84112214,,,,
,,,15.54611267,0.173188776,0.00965848,1.411316354,0.012081149,0.006765444,2026,2,3930086,4.01116555,,,,
23.49454996,0.209661397,0.00847,7.617919055,0.037740967,0.00178858,1.050720549,0.054626511,0.02602723,2026,2,4912274,5.61628433,,,,
,,,24.50212306,0.134157348,0.006367015,2.225952401,0.028397068,0.015902358,2026,2,4361409,5.46278811,,,,
,,,32.9736113,0.340015556,0.014562639,3.106572119,0.056394752,0.031581061,2026,2,4242557,8.41147774,,,,
2.223148284,0.0135116,0.00058,4.180673118,0.023200358,0.00116752,0.393380891,0.017173727,0.008686676,2026,2,4431268,1.52866566,,,,
29.55330968,0.193178082,0.00885,5.374483277,0.031150816,0.001354819,0.74357149,0.062040127,0.029244219,2026,2,4362478,5.54588337,,,,
,,,24.61078889,0.17711809,0.007585849,1.786603811,0.032560258,0.018233745,2026,2,4710855,5.28995345,,,,
17.06442425,0.150960417,0.00753,1.834318155,0.010985621,0.000566331,0.258825315,0.036120654,0.016836961,2026,2,4832846,3.10384852,,,,
9.795756886,0.083226185,0.003918182,1.75269592,0.010278768,0.00064154,0.248024549,0.021701721,0.010195011,2026,2,4685246,1.95320197,,,,
1.91581566,0.015437441,0.000694576,16.7310491,0.144323604,0.006434827,1.193996747,0.023193795,0.012449473,2026,2,4431280,4.00722135,,,,
,,,32.89904646,0.111382184,0.005334654,2.92215295,0.053255262,0.029822947,2026,2,4603186,6.83277811,,,,
,,,7.156922684,0.049445361,0.002549007,0.632286077,0.011523203,0.006452994,2026,2,4430656,1.76269327,,,,
9.544094864,0.089436998,0.00415,,,,,0.030742537,0.014141567,2026,2,4430871,1.47585308,,,,
1.327109219,0.011028912,0.000478,9.656353073,0.079482096,0.0035644,1.119524783,0.014075813,0.007587326,2026,2,16002,2.75421861,,,,
,,,8.871720072,0.086800739,0.004322272,0.67180227,0.012243372,0.006856288,2026,2,4597703,2.07503408,,,,
1.281899797,0.009994135,0.000431403,21.58097811,0.132294604,0.006160387,1.472284039,0.031333002,0.017096369,2026,2,4613202,4.63760641,,,,
1.807793979,0.009585351,0.000430358,6.680969121,0.034240534,0.001589819,1.002021767,0.01241843,0.006569844,2026,2,4911851,2.10508165,,,,
0.58912663,0.004384458,0.000254097,19.2272663,0.162992831,0.006510073,1.827286058,0.028275385,0.015670811,2026,2,4368003,4.7961198,,,,
,,,33.77882967,0.194604824,0.009546606,2.016372275,0.031324432,0.017541682,2026,2,2576581,6.59418865,,,,
,,,13.08540419,0.091426314,0.004257327,1.316459527,0.016098794,0.009015325,2026,2,4831959,3.16446663,,,,
,,,12.8885,0.070866203,0.003502856,1.194384117,0.011684761,0.006543466,2026,2,4429148,2.90265852,,,,
,,,12.92658452,0.088507557,0.004407263,1.171761,0.014329297,0.008024406,2026,2,4678006,2.98860851,,,,
,,,17.87164746,0.108565034,0.005067142,2.103300869,0.025720964,0.01440374,2026,2,4808766,4.52386062,,,,
,,,14.85076709,0.100811716,0.004557888,1.472408414,0.01260411,0.007058301,2026,2,4240472,3.55768759,,,,
,,,10.93392146,0.054061761,0.002720569,0.842408518,0.015352614,0.008597464,2026,2,4883647,2.24882304,,,,
,,,17.53162586,0.127502107,0.005470843,1.76594535,0.024096227,0.013493887,2026,2,4372780,4.26871049,,,,
3.136783304,0.02438049,0.001096951,14.01079077,0.075188702,0.003352371,1.771301519,0.021342521,0.011333149,2026,2,4362748,4.07026982,,,,
,,,22.60035477,0.04115111,0.00221302,1.797536601,0.032759505,0.018345323,2026,2,4685307,4.27307813,,,,
10.39223458,0.084893034,0.00423,8.689431461,0.044394352,0.002288618,1.208078945,0.057808033,0.028565005,2026,2,4240631,3.84940109,,,,
,,,3.690425724,0.020060488,0.000960798,0.55117314,0.004716038,0.002640981,2026,2,4366963,1.07986005,,,,
,,,8.74570577,0.057617257,0.002301283,1.027142428,0.012560777,0.007034035,2026,2,4427834,2.23828284,,,,
,,,6.472080597,0.024122006,0.001347556,0.616091082,0.011228054,0.00628771,2026,2,3051889,1.39844727,,,,
0.332968112,0.006894892,0.000287614,17.48259566,0.118744766,0.005571846,1.835737771,0.030621532,0.016948086,2026,2,3054212,4.34976484,,,,
,,,2.315847741,0.01063574,0.000493827,0.187274254,0.003413011,0.001911286,2026,2,4879194,0.5076953,,,,
,,,22.32630788,0.098292357,0.005235609,1.756184433,0.032005875,0.01792329,2026,2,4879276,4.55404,,,,
,,,6.526295919,0.023735973,0.001055711,0.598087652,0.010899948,0.006103971,2026,2,5081338,1.49275145,,,,
,,,2.109091266,0.010533992,0.000499936,0.240579778,0.002893792,0.001620523,2026,2,3043275,0.51252788,,,,
,,,2.206895605,0.021739526,0.000945501,0.228002986,0.002230573,0.001249121,2026,2,4372096,0.57858132,,,,
2.118016841,0.006525289,0.000279,4.294481323,0.028398202,0.001422464,0.757193125,0.006516517,0.003398023,2026,2,4722893,1.60476297,,,,
,,,8.380135247,0.05432607,0.002873346,0.793121539,0.007759175,0.004345138,2026,2,3052096,1.9543525,,,,
,,,6.568329467,0.062928673,0.002936618,0.537845311,0.009802051,0.005489149,2026,2,5160110,1.56740383,,,,
1.269294371,0.008792553,0.000472615,4.743801669,0.021842746,0.001163469,0.380501833,0.011285018,0.00588456,2026,2,4698597,1.31784107,,,,
3.686414972,0.033918349,0.00155,3.916527228,0.025888828,0.001125963,0.518874164,0.009216363,0.004594701,2026,2,4383396,1.63441757,,,,
1.422868312,0.011385252,0.000528214,2.219221055,0.017454946,0.000768603,0.18915075,0.008512005,0.004260243,2026,2,4608810,0.84554874,,,,
,,,26.69293273,0.237005888,0.011626649,1.74872066,0.03186985,0.017847116,2026,2,4696882,5.82844833,,,,
,,,9.363044619,0.049102129,0.003064666,0.758158076,0.013817178,0.00773762,2026,2,4602667,2.21808084,,,,
,,,8.881697683,0.072553594,0.003438383,1.005718072,0.009839025,0.005509854,2026,2,4242392,2.32532626,,,,
,,,2.030640469,0.006182835,0.000309698,0.175119131,0.003191488,0.001787233,2026,2,4808839,0.41240912,,,,
0.626169258,0.004902721,0.000208749,15.34076587,0.05646707,0.002704493,1.286987614,0.02563109,0.014135794,2026,2,5150247,3.30372462,,,,
,,,2.165789182,0.012930777,0.000554832,0.195694624,0.003752921,0.002101636,2026,2,4567096,0.61115992,,,,
,,,19.68090354,0.131854295,0.006797353,1.646976104,0.03001559,0.01680873,2026,2,4565185,4.38696147,,,,
,,,7.377956608,0.069885727,0.003115932,0.632544044,0.012595891,0.007053699,2026,2,4039057,1.78211093,,,,
,,,4.143590436,0.015427197,0.000732292,0.484489243,0.006253828,0.003502144,2026,2,4426844,0.98603676,,,,
,,,2.437533092,0.015093516,0.000602848,0.214364717,0.003906725,0.002187766,2026,2,5092508,0.54561249,,,,
,,,24.02327951,0.158644228,0.009901639,1.798340459,0.035966809,0.020141413,2026,2,4361577,5.13300223,,,,
,,,2.221473092,0.014554574,0.000682942,0.181085508,0.003300223,0.001848125,2026,2,4259305,0.51864379,,,,
0.743170769,0.006967907,0.000312468,7.408011888,0.051947668,0.002308467,0.530569382,0.012072591,0.006520337,2026,2,4685553,1.71864785,,,,
,,,15.7352182,0.121892592,0.006283807,1.696345148,0.024578289,0.013763842,2026,2,3921690,3.98691045,,,,
,,,10.28183847,0.064378012,0.002571313,1.305786308,0.016352115,0.009157184,2026,2,3127310,2.70749789,,,,
,,,13.81033863,0.074590228,0.003540001,1.427871725,0.027578833,0.015444147,2026,2,3917914,3.24900737,,,,
,,,2.143536839,0.014205281,0.000756654,0.228858359,0.002798676,0.001567259,2026,2,4702559,0.52689632,,,,
,,,2.453796011,0.019263493,0.000837813,0.172399786,0.003447996,0.001930878,2026,2,4426485,0.53126542,,,,
,,,9.090160418,0.092203137,0.004010121,0.925049766,0.011312301,0.006334888,2026,2,4360967,2.3829339,,,,
,,,20.03808591,0.142103284,0.006086189,1.563155319,0.028487984,0.015953271,2026,2,4386544,4.51756726,,,,
,,,2.051132104,0.020028026,0.000935,0.208064705,0.002544393,0.00142486,2026,2,4685504,0.53243355,,,,
,,,22.95120166,0.143080243,0.007018997,1.556599834,0.028368512,0.015886367,2026,2,4690143,4.79361457,,,,
,,,8.998929746,0.090599777,0.004039491,0.912545623,0.010522104,0.005892378,2026,2,3911853,2.35260929,,,,
,,,4.366988759,0.034564209,0.001695595,0.400320381,0.00489546,0.002741458,2026,2,4432260,1.04244178,,,,
,,,4.268594127,0.040064461,0.002234335,0.430427988,0.005263642,0.00294764,2026,2,4573699,1.09638676,,,,
2.84736218,0.039574542,0.00167,,,,,0.585689092,0.280675302,2026,2,2972515,12.29797206,225.6007027,1.2084,0.057349827,0.827004283
,,,1.595673878,0.008062133,0.000398504,0.226163487,0.001935137,0.001083677,2026,2,2975417,0.43278439,,,,
,,,6.905589519,0.064363891,0.00286,0.650768595,0.007958156,0.004456567,2026,2,4241263,1.72452776,,,,
,,,2.630484406,0.02209504,0.000990859,0.179663809,0.003274313,0.001833615,2026,2,4575665,0.68476347,,,,
,,,1.715399152,0.009695653,0.000451485,0.235906612,0.002018503,0.001130361,2026,2,4039505,0.46431597,,,,
7.237836074,0.038860844,0.002088839,1.677534466,0.008275894,0.000440821,0.240603351,0.018398941,0.008669382,2026,2,5081999,1.40316739,,,,
,,,3.882167856,0.021729422,0.001014195,0.49329997,0.004825996,0.002702557,2026,2,4361372,1.00864376,,,,
,,,1.661987491,0.00832924,0.000370462,0.261362032,0.002236308,0.001252333,2026,2,4693370,0.47583152,,,,
,,,2.307845012,0.017282878,0.000750943,0.244416667,0.002988936,0.001673804,2026,2,4695705,0.57713191,,,,
,,,10.17772598,0.035308289,0.001898805,1.061790147,0.012984479,0.007271308,2026,2,4880236,2.28101007,,,,
,,,10.94530119,0.097198658,0.004358905,1.051576774,0.012859581,0.007201365,2026,2,4040612,2.72395352,,,,
0.765728774,0.005794749,0.000268845,,,,,0.002532398,0.001164903,2026,2,5097554,0.14157378,,,,
,,,6.647962685,0.041677332,0.00232827,0.658689723,0.009696806,0.005430212,2026,2,2998565,1.5676023,,,,
,,,4.456669807,0.045636037,0.002034733,0.491183804,0.006006616,0.003363705,2026,2,4383440,1.20816746,,,,
0.56286591,0.007816251,0.000373802,8.5942467,0.06181187,0.002685732,0.956761817,0.014750175,0.007955091,2026,2,4426496,2.28084009,,,,
,,,20.00005031,0.137987535,0.00861237,2.120284061,0.025928649,0.014520043,2026,2,4690923,4.93708296,,,,
,,,8.496063697,0.046947365,0.00208809,0.874172143,0.012745196,0.00713731,2026,2,4035656,1.99570086,,,,
,,,9.871380644,0.081273034,0.00398696,0.981621422,0.008402875,0.00470561,2026,2,3052897,2.45518239,,,,
,,,2.319922196,0.014309442,0.000678138,0.246843589,0.003332011,0.001865926,2026,2,3915486,0.56240508,,,,
,,,7.238262197,0.037987683,0.0019028,0.840331875,0.010276298,0.005754727,2026,2,4362018,1.78465154,,,,
0.575823285,0.00519191,0.000232825,3.692850689,0.018326608,0.000814404,0.471094338,0.007180234,0.003863905,2026,2,3917668,1.03362909,,,,
,,,16.34792883,0.161836659,0.00703182,1.736762278,0.023339042,0.013069864,2026,2,3843945,4.33111703,,,,
5.690445999,0.059703848,0.00197,3.39762781,0.022598742,0.001260298,0.459681376,0.015429568,0.007490922,2026,2,4429805,1.85419045,,,,
,,,4.050794167,0.030169343,0.001502292,0.402564148,0.004922899,0.002756823,2026,2,2975863,0.98628076,,,,
,,,1.834318155,0.010985621,0.000566331,0.258825315,0.002214603,0.001240178,2026,2,4878695,0.5068816,,,,
0.985484981,0.004689107,0.000200316,1.539975426,0.008482979,0.000424912,0.247139138,0.004147016,0.002119089,2026,2,2515270,0.57583917,,,,
,,,12.7872902,0.076589691,0.003556128,1.364590916,0.016687386,0.009344936,2026,2,4686248,3.09172087,,,,
0.990856177,0.007878589,0.000335457,1.782213717,0.009812391,0.000469965,0.267947158,0.00346884,0.001779078,2026,2,4241961,0.64954452,,,,
,,,23.3233013,0.145387502,0.006317102,1.89043912,0.034452622,0.019293468,2026,2,4430681,5.07005353,,,,
,,,16.66849745,0.130367855,0.008136794,1.737897659,0.030905182,0.017306902,2026,2,4048228,4.16943032,,,,
,,,6.35964261,0.057015007,0.002446392,0.64000658,0.007826548,0.004382867,2026,2,4683243,1.61439433,,,,
,,,2.172672134,0.017825518,0.000874455,0.199503571,0.0024397,0.001366232,2026,2,4876132,0.52280454,,,,
1.034297388,0.008279846,0.000372535,1.887337987,0.01101586,0.000491154,0.255769208,0.004250661,0.00217415,2026,2,3929914,0.66119826,,,,
,,,2.02634537,0.016236727,0.000761874,0.224326325,0.002743254,0.001536222,2026,2,4360086,0.52290513,,,,
,,,2.031915371,0.013173293,0.000651145,0.218090009,0.002666991,0.001493515,2026,2,2531358,0.49870676,,,,
0.716123366,0.004543076,0.000203729,2.357647902,0.019519174,0.000867399,0.199007771,0.006617395,0.003442017,2026,2,4362477,0.74472081,,,,
,,,9.063448706,0.041111892,0.001969056,1.019749212,0.009976293,0.005586724,2026,2,4045305,2.1657935,,,,
,,,6.51290041,0.043120973,0.002691357,0.688080013,0.008414432,0.004712082,2026,2,4361088,1.59427644,,,,
1.095081932,0.00623295,0.000298,,,,,0.002134094,0.000981683,2026,2,4373273,0.14559487,,,,
,,,9.421099564,0.084490102,0.003618655,0.955002246,0.011678585,0.006540008,2026,2,4426553,2.39851851,,,,
,,,6.409797524,0.021306587,0.001072219,0.703997855,0.008417701,0.004713913,2026,2,4361516,1.46575574,,,,
2.089038415,0.01765361,0.000764,9.688972238,0.049397212,0.002305555,0.823013155,0.02201231,0.011625577,2026,2,4429105,2.38658851,,,,
,,,2.103752015,0.012087074,0.000573644,0.204893704,0.003734119,0.002091107,2026,2,4369886,0.48485482,,,,
,,,2.047459483,0.009691227,0.000485433,0.201667753,0.003675327,0.002058183,2026,2,4241424,0.46151276,,,,
,,,2.064516741,0.017420508,0.000767087,0.218289975,0.002669437,0.001494885,2026,2,4372505,0.5278793,,,,
,,,2.071379127,0.016654247,0.000733346,0.219514038,0.002684406,0.001503267,2026,2,4034779,0.52510839,,,,
,,,8.085946415,0.03942706,0.001871181,0.9384889,0.011476646,0.006426922,2026,2,4035020,1.97483742,,,,
,,,4.014268988,0.020682842,0.000981765,0.461278648,0.00564091,0.00315891,2026,2,4239944,0.98259711,,,,
,,,9.952676362,0.048415782,0.002318876,0.897265209,0.016352359,0.009157321,2026,2,4401805,2.1925596,,,,
,,,2.229619764,0.017167794,0.000685696,0.248079053,0.003033723,0.001698885,2026,2,5085189,0.57210122,,,,
,,,3.996996733,0.033734208,0.00156631,0.425890946,0.005208159,0.002916569,2026,2,4244049,1.02543275,,,,
,,,1.998773465,0.019687659,0.000890116,0.210158917,0.002570003,0.001439202,2026,2,4431196,0.52713185,,,,
106.6285114,1.078136677,0.0409,31.35521947,0.210523184,0.009363589,3.894230015,0.194792775,0.092522719,2026,3,4429795,25.34518601,,,,
0.728250473,0.00654155,0.000248141,85.33539525,0.661456604,0.029420073,7.280543246,0.091001977,0.050791663,2026,3,4374302,19.85504984,,,,
0.701305059,0.006447777,0.000282,77.15751651,0.493756536,0.020460288,6.567125113,0.07499539,0.041857377,2026,3,4241389,17.31398297,,,,
33.65343172,0.804322804,0.028565443,,,,,0.535537189,0.255125656,2026,3,3918298,23.55309535,248.6436896,1.7189,0.10300416,0.613290062
72.53642849,0.424279753,0.0169,41.12850011,0.217656468,0.009762904,4.441953155,0.189988401,0.091461671,2026,3,4430807,19.53548181,,,,
1.511552311,0.015049382,0.000553,96.40065271,0.625992887,0.029267501,7.273408309,0.129562706,0.072075861,2026,3,4430878,20.82979171,,,,
65.77808217,0.634977778,0.025905501,40.61400927,0.318328916,0.013430588,4.589136567,0.138147827,0.066771687,2026,3,3117251,20.89696268,,,,
1.233733478,0.007529022,0.000412444,86.42004397,0.483035459,0.018236363,7.306262061,0.103214213,0.057488148,2026,3,4362628,18.94007201,,,,
93.66826778,0.852591695,0.026379653,25.91179987,0.104347869,0.00566995,3.032723453,0.195143273,0.092258603,2026,3,4242335,20.6171036,,,,
83.30235705,0.71012812,0.0252,17.66262195,0.10594954,0.006348969,2.112571749,0.23270125,0.109440485,2026,3,4379399,16.95587258,,,,
,,,67.47853867,0.39960575,0.017787261,7.398969017,0.057997307,0.032478492,2026,3,4361307,16.51660492,,,,
95.64899022,0.831420149,0.030175033,13.40200497,0.074587574,0.003445727,1.552666549,0.194364988,0.090849085,2026,3,3043078,17.78448576,,,,
0.604828767,0.004696639,0.000251263,83.74645062,0.480962237,0.026609525,6.938725277,0.076409008,0.042658176,2026,3,4262921,18.2582277,,,,
0.55257785,0.008989193,0.000376932,59.43022994,0.348278557,0.015102681,6.043929402,0.038462461,0.021388249,2026,3,4432665,14.17501341,,,,
43.4457759,0.267204764,0.009697759,,,,,0.558596696,0.266089063,2026,3,3916387,21.08355261,247.2135236,1.653,0.076363747,0.509749699
89.5447714,0.789055421,0.032291246,29.20529877,0.187906882,0.007952533,3.306805312,0.135823138,0.064381296,2026,3,4567048,20.99889911,,,,
68.77721175,0.503761297,0.021123537,34.16937334,0.164716571,0.007142736,4.660140149,0.162035416,0.077981741,2026,3,4890973,18.87051293,,,,
,,,81.96525254,0.588907326,0.036540115,6.031077038,0.073419664,0.041115012,2026,3,4361370,17.75383445,,,,
1.248254502,0.010852073,0.000433,73.46826399,0.36465171,0.016356324,5.73584233,0.09520072,0.052919221,2026,3,4426502,15.39077108,,,,
70.21741256,0.409027811,0.022406748,24.78692558,0.133613871,0.005044414,3.917974495,0.159485947,0.076475792,2026,3,4362238,16.58042114,,,,
,,,65.1085153,0.417798913,0.017312755,4.853452509,0.09706905,0.054358668,2026,3,4426354,13.79956769,,,,
68.06626681,0.619520477,0.027,15.11136325,0.077287912,0.003202657,2.631504493,0.155757864,0.073736995,2026,3,4361579,15.04715916,,,,
84.76111799,0.562193262,0.0186782,21.59373575,0.158036195,0.007856362,2.47646207,0.128206242,0.060527731,2026,3,3929630,17.36872185,,,,
,,,73.92267796,0.513775936,0.02094137,5.15539149,0.050102124,0.02805719,2026,3,16800,15.61740326,,,,
0.646150866,0.00553242,0.000225,74.27841556,0.452950953,0.019909722,5.930267147,0.116075857,0.064768722,2026,3,4569618,16.08742203,,,,
3.240920864,0.027924138,0.001013461,67.46245435,0.342039499,0.015801221,4.649484164,0.102642213,0.056386976,2026,3,4429615,13.86317092,,,,
55.38318788,0.479930466,0.021530861,14.81262007,0.122118192,0.004977505,2.395865897,0.122381441,0.058346767,2026,3,4430737,12.96728984,,,,
1.378690672,0.031083486,0.000962,50.81182994,0.376169976,0.020439947,4.679782745,0.061793714,0.034131038,2026,3,4431459,12.3185294,,,,
49.6247977,0.320902545,0.0132,22.84283333,0.086999278,0.003872514,3.15767934,0.128465678,0.061796037,2026,3,4870808,12.76579634,,,,
,,,72.2062847,0.440307618,0.021888758,5.784445121,0.064622836,0.036188788,2026,3,4241478,15.62002324,,,,
1.422964739,0.012522846,0.000469,66.96700302,0.471896638,0.021573148,4.722425952,0.075146371,0.041657064,2026,3,4595348,14.4306958,,,,
,,,70.18802169,0.440910135,0.017280019,4.59937727,0.079322698,0.044420711,2026,3,4685472,14.21145287,,,,
69.39184476,0.638452272,0.025733517,15.87223739,0.068311361,0.002970243,2.318307884,0.14117604,0.066671107,2026,3,4685382,15.0130892,,,,
1.395538915,0.016032643,0.000656,52.36355417,0.476805287,0.020179195,4.458728454,0.094660846,0.052461446,2026,3,4428331,12.73091484,,,,
67.93069054,0.633703475,0.0237,13.78157985,0.059449935,0.002717803,1.772791431,0.152908804,0.071805599,2026,3,4696981,14.01620134,,,,
11.60749935,0.074949223,0.00411,,,,,0.372025658,0.178029926,2026,3,3915511,16.41705864,251.9104289,1.518122,0.057314681,0.559460651
67.92701779,0.485088132,0.0198,26.18513132,0.139311339,0.006123511,3.114922015,0.169987262,0.081060653,2026,3,4427366,16.16674747,,,,
27.95036766,0.53026294,0.017617353,,,,,0.51359598,0.244856941,2026,3,4040715,19.80032742,233.5763979,1.526506,0.075886312,0.668110174
,,,55.73877559,0.469802609,0.019821402,4.27693126,0.036754951,0.020582772,2026,3,3040151,12.66907373,,,,
,,,60.10730231,0.372087405,0.014047666,4.462751499,0.048251492,0.027020835,2026,3,4239993,12.68133182,,,,
19.84278934,0.265158414,0.0108,,,,,0.439673285,0.210027993,2026,3,4361741,20.81304335,260.0517063,2.146316,0.090555037,0.771876204
72.15262099,0.402210695,0.017683018,23.28674959,0.12501163,0.005216381,3.152841759,0.138693131,0.066054434,2026,3,4596448,15.7774627,,,,
61.91466057,0.403172583,0.0161,17.52436939,0.050400624,0.002265274,2.246897308,0.132265365,0.062660653,2026,3,4259545,12.82714079,,,,
,,,43.86809659,0.398180439,0.017710153,4.42356637,0.03786661,0.021205302,2026,3,4430027,11.19347037,,,,
0.656483104,0.004861074,0.000213715,62.91965442,0.366168741,0.015279183,3.822804898,0.05758454,0.032062436,2026,3,4567750,12.37497646,,,,
66.72789201,0.468432106,0.0181,16.15420603,0.059806712,0.002716334,2.295667838,0.08026858,0.037905675,2026,3,4685702,13.72124987,,,,
21.28834402,0.19542105,0.007997397,,,,,0.372034563,0.177773546,2026,3,3139477,19.6292025,246.0785704,1.97687,0.083664434,0.630198795
,,,61.54973366,0.389580919,0.016939349,5.122104359,0.065882212,0.036894039,2026,3,4612826,13.57639386,,,,
,,,54.59490313,0.392880667,0.016627365,4.891428888,0.060602794,0.033937564,2026,3,15847,12.67518272,,,,
0.707401172,0.007530381,0.000293,65.11107452,0.6065469,0.0265,3.77984742,0.06523034,0.036300676,2026,3,4248528,14.02886532,,,,
2.351727516,0.016123083,0.00067,69.67392212,0.389877972,0.016746895,5.296768993,0.115513831,0.0637299,2026,3,4432620,15.00977752,,,,
0.621290591,0.004268537,0.00018199,62.1396428,0.302975177,0.012800586,5.029333688,0.077829112,0.04341348,2026,3,4372016,13.0900795,,,,
2.092003174,0.023400291,0.000831059,57.63342986,0.385330062,0.023090697,4.154537512,0.065016184,0.035814817,2026,3,3915416,12.55739281,,,,
13.30841303,0.133157473,0.00581,,,,,0.46860506,0.224183997,2026,3,2577417,17.12347065,249.9732016,1.65248,0.068475482,0.663863263
69.33900889,0.414491826,0.0205,17.83984977,0.11188407,0.004384927,2.756576439,0.149275758,0.070859634,2026,3,4241416,14.54471027,,,,
59.95859361,0.498347317,0.022551614,12.03742169,0.042706491,0.001755851,1.641199124,0.132634501,0.062438746,2026,3,4035538,12.01436494,,,,
74.97588931,0.472187332,0.025261259,12.6772496,0.080056857,0.004429194,1.697900159,0.210337745,0.098578111,2026,3,3042519,13.64445387,,,,
54.56365699,0.383847012,0.015943303,12.44663935,0.066801153,0.00286939,1.704712521,0.157908631,0.074507836,2026,3,4882093,11.00241086,,,,
1.211811331,0.024381274,0.000944,41.25107656,0.216631157,0.009839073,4.140404921,0.057324918,0.031468259,2026,3,5083076,9.79290992,,,,
,,,60.630017,0.255773646,0.016005796,4.248809659,0.060965228,0.034140528,2026,3,3121422,11.81179177,,,,
71.43582112,0.41815116,0.0195,22.80458188,0.125576882,0.005091988,3.172686025,0.159324385,0.075898119,2026,3,4569987,15.76068832,,,,
,,,57.03916778,0.502494825,0.021200717,3.772068854,0.048121287,0.026947921,2026,3,16737,12.48073217,,,,
,,,42.32423594,0.263620322,0.011848512,3.897116888,0.038125826,0.021350462,2026,3,4723086,9.69326651,,,,
2.672927488,0.041181384,0.00156,52.10445133,0.322279845,0.014334269,3.277337077,0.03982765,0.021856412,2026,3,4426388,10.92496805,,,,
2.69634127,0.017300016,0.000691,51.61137003,0.190753091,0.008573468,4.545215345,0.073740668,0.04054751,2026,3,4685278,11.16368303,,,,
33.76155562,0.200798099,0.008127198,,,,,0.668542963,0.318939818,2026,3,4431452,18.63541531,256.4129917,1.501942,0.065578689,0.868494326
41.13622375,0.36102482,0.01461229,22.68744707,0.130446428,0.00569563,2.818581382,0.147135716,0.070919275,2026,3,4569173,12.05243524,,,,
,,,53.18419844,0.388669612,0.017768355,4.637364549,0.068283259,0.038238625,2026,3,4361050,12.24866153,,,,
,,,53.7876031,0.300889529,0.018030644,4.470862787,0.060750675,0.034020378,2026,3,4385690,11.6245828,,,,
2.397342251,0.036825208,0.00165,,,,,0.465124563,0.222883186,2026,3,12483,15.72953359,257.5345434,1.64593,0.067087666,0.660131291
,,,54.30376816,0.389903706,0.015810115,3.542401293,0.046601918,0.026097074,2026,3,4047650,11.29285643,,,,
18.01114699,0.263304465,0.0109,,,,,0.482657746,0.230727741,2026,3,4360310,17.47131556,243.0696171,1.565996,0.067266101,0.801995666
,,,55.80410055,0.18007453,0.008015482,4.695430333,0.051375527,0.028770295,2026,3,4360761,11.31613394,,,,
,,,47.5973826,0.351637206,0.015804463,3.106183762,0.057376035,0.03213058,2026,3,4431299,9.94460502,,,,
49.76794789,0.343967213,0.021537003,19.21718145,0.113677911,0.007053409,2.328021729,0.09772875,0.046539762,2026,3,4239996,11.93908671,,,,
47.35376766,0.379607521,0.015364415,13.05491344,0.061754512,0.002696362,1.838121078,0.078659729,0.037337481,2026,3,4432710,10.5042672,,,,
,,,60.2372462,0.246288162,0.011466373,4.314918552,0.07863795,0.044037252,2026,3,4871023,11.75330639,,,,
2.154353641,0.022287225,0.000866274,52.05972986,0.348294186,0.015228168,3.815723231,0.077035971,0.042390575,2026,3,4701936,11.41006178,,,,
2.574270836,0.05591429,0.002120996,,,,,0.437898574,0.209770906,2026,3,3046779,16.61992624,248.0679875,1.910302,0.084965854,0.651562984
0.287576718,0.007508103,0.00029183,46.23690013,0.265574379,0.011611481,4.007612541,0.045118409,0.025117067,2026,3,4572680,10.27332161,,,,
60.29901895,0.282129544,0.011202261,10.20051989,0.026836841,0.001249436,1.732518835,0.145603875,0.068650294,2026,3,3916148,10.52771984,,,,
17.93663277,0.299854374,0.018774942,,,,,0.411789159,0.196730961,2026,3,4360689,18.87513791,242.0198714,1.732374,0.107489147,0.598934363
,,,51.38149513,0.129659705,0.008113841,4.9456359,0.059932923,0.033562437,2026,3,2976212,10.81243045,,,,
,,,62.43900618,0.366305642,0.014356142,5.304559014,0.091484545,0.051231345,2026,3,4695883,13.7780617,,,,
5.798626173,0.071897971,0.002933257,51.90775585,0.414383602,0.017483224,3.670623207,0.09660807,0.051780959,2026,3,3126486,12.33416431,,,,
18.38157902,0.163511803,0.008070652,,,,,0.508136273,0.243019526,2026,3,4685720,16.74544908,235.2632629,1.538296,0.060288438,0.650806644
0.67339396,0.005823927,0.000180195,55.80611447,0.222799672,0.012106265,4.996268424,0.071443069,0.039827712,2026,3,4688813,12.0108956,,,,
0.74125969,0.00731787,0.000391494,47.69233978,0.309739567,0.017136528,3.842788761,0.050566003,0.028162709,2026,3,4429205,10.56855596,,,,
39.09240879,0.232827228,0.009302858,12.29741648,0.058579118,0.00263286,1.591530428,0.045181512,0.021464381,2026,3,4608686,8.46108771,,,,
0.640445381,0.010457277,0.00037953,38.76605357,0.39772656,0.018373799,3.867392082,0.056616269,0.031326753,2026,3,3116365,10.23349215,,,,
,,,47.65319908,0.390624456,0.016503734,3.846617179,0.048127976,0.026951667,2026,3,3128429,10.93605996,,,,
55.08819527,0.549241762,0.0202,12.83683714,0.07557616,0.003533467,1.606145317,0.12370416,0.05827819,2026,3,4685512,12.08173064,,,,
59.63522831,0.444415394,0.018947728,7.898426547,0.036424426,0.001538918,1.313889778,0.062597126,0.029356784,2026,3,4241985,10.93620391,,,,
,,,39.5543809,0.282130347,0.017505429,3.557588532,0.059727235,0.033447251,2026,3,3929645,9.17550306,,,,
,,,31.71466447,0.285537149,0.011832091,3.886125047,0.077722501,0.043524601,2026,3,4242355,8.70948137,,,,
19.40351945,0.18298541,0.007801615,,,,,0.404749302,0.193369444,2026,3,4426338,16.55882076,237.0244036,1.459332,0.061656221,0.780302285
1.956716815,0.018586683,0.000772,37.84387528,0.292238976,0.012552891,3.48293433,0.055742713,0.030694793,2026,3,3916433,9.29467769,,,,
,,,47.40093999,0.179329348,0.008043755,4.081432497,0.024955626,0.01397515,2026,3,4360248,9.88629979,,,,
21.78595793,0.184513002,0.00787,20.91664322,0.129248588,0.005460704,2.928245968,0.054500817,0.026982648,2026,3,4568490,9.09806436,,,,
,,,49.81660683,0.255956221,0.01037871,4.867805534,0.063699339,0.03567163,2026,3,4035687,11.3362977,,,,
,,,53.21363706,0.320192265,0.014542668,4.119097845,0.075069183,0.042038743,2026,3,4832800,11.30860299,,,,
45.51986366,0.427997623,0.0157,7.043962704,0.036596119,0.001711005,0.896896621,0.089407415,0.041823904,2026,3,4887558,8.89437391,,,,
,,,34.34948741,0.17722474,0.007888632,2.581013758,0.040444196,0.02264875,2026,3,4432708,7.0508587,,,,
3.046852308,0.039064648,0.0016,49.17305777,0.423816933,0.017936639,3.416390455,0.036130566,0.019733189,2026,3,4683062,11.41623185,,,,
48.99864042,0.375746129,0.017736086,6.382675198,0.024824107,0.001553442,0.960943504,0.187916093,0.087897016,2026,3,4575131,8.77024351,,,,
53.79966847,0.358718197,0.0161,5.388272713,0.02156393,0.00087894,0.794513897,0.053240189,0.024830395,2026,3,4429096,8.98070187,,,,
20.91208424,0.122479763,0.00441,1.64920403,0.007778337,0.000386458,0.221207988,0.037494949,0.017399096,2026,3,4711533,3.23467014,,,,
41.05644204,0.308526684,0.019317946,13.40068341,0.055014593,0.003413507,2.008514499,0.101662987,0.048443142,2026,3,3054850,9.58673333,,,,
21.68143476,0.175876674,0.007088902,,,,,0.475374465,0.227123051,2026,3,4038941,17.25591452,244.2719657,1.512922,0.065783289,0.747046955
28.34090271,0.232230089,0.009462463,9.358700994,0.048334507,0.002124571,1.200470627,0.064431312,0.030632337,2026,3,4685247,6.61742597,,,,
,,,48.05779776,0.418157899,0.025945573,4.209618057,0.061375107,0.03437006,2026,3,4569559,11.50911625,,,,
1.368390627,0.010570917,0.000439069,51.7208608,0.305620526,0.013127684,3.477603803,0.033871135,0.018749631,2026,3,4432773,10.67420585,,,,
25.50234759,0.158472943,0.00697,14.29242469,0.066143282,0.002759972,2.310983917,0.080200979,0.039099296,2026,3,4371733,7.60168048,,,,
1.43221519,0.009326009,0.000370299,36.2857006,0.073400645,0.003417295,3.781806925,0.049328828,0.027331624,2026,3,4569587,8.00417237,,,,
,,,54.26789587,0.352360147,0.0154,4.026420358,0.071139206,0.039837956,2026,3,4361432,11.52037292,,,,
,,,37.48165213,0.154489109,0.008547203,4.527241237,0.035442476,0.019847787,2026,3,4036133,9.18067594,,,,
25.54469095,0.17987146,0.008490349,20.01617911,0.101904161,0.006376956,3.07088601,0.066492883,0.032793976,2026,3,4697815,9.29832238,,,,
0.732668702,0.007958712,0.000283,46.27637737,0.262276946,0.015716805,4.056960138,0.062287537,0.03467424,2026,3,4373678,10.40480612,,,,
30.89190212,0.235845937,0.012617377,,,,,0.505471239,0.241387202,2026,3,3917315,17.34641262,232.2931203,1.340564,0.074167509,0.757974697
2.149281429,0.016824562,0.000739685,38.79125504,0.208568416,0.008702969,3.397421911,0.062398226,0.034314592,2026,3,3116165,8.79573955,,,,
0.351181451,0.008736371,0.000356,35.46122683,0.211505746,0.009296858,3.59238449,0.045421209,0.025286831,2026,3,5083315,8.46501007,,,,
8.539114804,0.058955605,0.002283668,45.19855361,0.276529684,0.012559577,3.557402685,0.092966767,0.049247961,2026,3,4870653,10.97363256,,,,
3.009139762,0.027819985,0.000924,33.47542002,0.229773139,0.011422579,2.324844103,0.052446094,0.028362154,2026,3,4870795,7.48821368,,,,
7.167619427,0.08105213,0.002977101,,,,,0.572457336,0.273922099,2026,3,3912547,15.81651372,247.1213196,1.645134,0.076916146,0.739506041
35.76570251,0.170593052,0.007719814,15.92573619,0.100105265,0.004115766,1.981316515,0.088011935,0.04211012,2026,3,4429059,8.74903695,,,,
,,,48.32333138,0.29745394,0.014787156,3.3227594,0.066455188,0.037214905,2026,3,4428850,9.89671268,,,,
,,,48.63746388,0.225994555,0.009291626,4.807296264,0.05229873,0.029287289,2026,3,3117256,10.98839866,,,,
9.819386492,0.135635156,0.005271951,,,,,0.491325825,0.235164813,2026,3,4036378,17.27558774,245.106717,1.83072,0.080043001,0.6802854
1.214040458,0.009993498,0.000402799,52.39724975,0.334887775,0.014561239,3.46583837,0.054085706,0.029946219,2026,3,4429025,10.86771867,,,,
38.84182745,0.412561559,0.016,8.247613147,0.054614361,0.002387857,1.162243244,0.092058713,0.043341466,2026,3,4429023,8.62676561,,,,
82.7089978,0.360941215,0.012989979,35.12950506,0.208110367,0.010339727,4.300358156,0.131628253,0.063203861,2026,3,4429160,19.42224362,,,,
1.495420001,0.008377218,0.000334721,30.19279752,0.099739014,0.004482807,3.292776118,0.067004945,0.037038942,2026,3,2973405,7.15479091,,,,
,,,41.99558223,0.3262844,0.014246424,3.916946941,0.028318233,0.01585821,2026,3,3046439,10.07173799,,,,
,,,42.83379928,0.209166378,0.011365473,4.068080342,0.075553301,0.042309849,2026,3,15818,9.54656179,,,,
15.22534018,0.071817351,0.00325,,,,,0.503170871,0.240730767,2026,3,4432577,16.09320882,249.3038228,1.41414,0.058141491,0.57176183
28.06404129,0.158277738,0.00628459,23.59352346,0.094389593,0.004394472,3.073592676,0.054192247,0.026724875,2026,3,4428557,9.72468951,,,,
30.13348312,0.208368236,0.008308769,5.580155186,0.027407907,0.001229372,0.775736722,0.060260793,0.028290834,2026,3,4241474,5.73781657,,,,
1.930696751,0.013343875,0.000554245,14.14358858,0.088557602,0.003803921,1.205676447,0.028519204,0.015316139,2026,3,4685415,3.45234156,,,,
1.389315731,0.009490919,0.000398,48.25946012,0.21528761,0.009335689,3.509942842,0.034230082,0.018944214,2026,3,4428718,9.80597655,,,,
4.769155666,0.039442072,0.00145,50.57232873,0.300740381,0.014060734,3.103916138,0.078841041,0.042474711,2026,3,4032473,10.94819037,,,,
19.10444736,0.133249708,0.005858265,,,,,0.572243921,0.273585172,2026,3,3052587,15.60147962,232.2037924,1.356672,0.056610076,0.708094698
32.14411296,0.229230052,0.00946,11.29670907,0.033711591,0.001500571,1.615197922,0.041329773,0.019702706,2026,3,4373626,7.52053771,,,,
44.62272457,0.333234127,0.013595117,3.65551102,0.024840976,0.001048064,0.454707257,0.093202154,0.043262055,2026,3,4696044,7.37620369,,,,
2.797963103,0.017472253,0.000628812,48.0758135,0.137085716,0.006810948,3.774940026,0.080530258,0.044154038,2026,3,4569603,9.87127692,,,,
3.472140373,0.066480404,0.00279,,,,,0.540339637,0.258749701,2026,3,14880,12.98901861,240.4625619,1.216564,0.052754837,0.9248533
,,,22.39894466,0.187999984,0.007368039,2.182902938,0.018686084,0.010464207,2026,3,2576925,5.54509817,,,,
6.048907103,0.047365542,0.001573664,5.007913409,0.025351029,0.001260261,0.665949592,0.020627439,0.010159293,2026,3,4431545,2.20817407,,,,
12.93696998,0.093445403,0.003855733,,,,,0.534611044,0.255856793,2026,3,2578570,13.63772012,231.9702871,1.006622,0.044806782,0.560830112
,,,29.14288865,0.251807236,0.015089413,1.940954039,0.033616274,0.018825113,2026,3,4635008,6.35950292,,,,
,,,32.22690147,0.23784018,0.010216234,3.272831277,0.039056733,0.021871771,2026,3,4430539,7.90028343,,,,
14.20875835,0.180561483,0.005586671,,,,,0.554432811,0.265119853,2026,3,3917792,13.99891971,223.1480572,1.133762,0.061605224,0.792539698
,,,42.07535701,0.289517798,0.013374872,2.847247152,0.04140746,0.023188178,2026,3,4360939,8.77335503,,,,
18.55894958,0.121424905,0.004894164,9.417234427,0.045570706,0.001981458,1.243516043,0.048850779,0.023635565,2026,3,4596334,5.03539327,,,,
19.33545009,0.130824352,0.00548568,3.690877026,0.019381994,0.000840477,0.532244539,0.042520745,0.02001495,2026,3,4686658,3.70985974,,,,
,,,33.06316286,0.220419373,0.008937734,3.698022494,0.051900458,0.029064257,2026,3,4361411,8.28796997,,,,
,,,46.3029929,0.340839268,0.013892517,3.949519856,0.04829811,0.027046942,2026,3,4570037,10.5998239,,,,
20.72967497,0.172056239,0.007041217,11.4915907,0.077333132,0.003272867,1.41741089,0.054376204,0.026225842,2026,3,4832955,6.11643437,,,,
26.22221398,0.204014955,0.008473877,1.749582211,0.011228635,0.000482317,0.250666125,0.035856216,0.016637962,2026,3,4362619,4.32489175,,,,
,,,25.06323175,0.219054648,0.008270118,2.793959278,0.027561143,0.01543424,2026,3,3116164,6.6010081,,,,
1.414538713,0.00963688,0.000423681,23.91007464,0.19853907,0.008284472,2.040664884,0.03345048,0.018362456,2026,3,4430834,5.80375531,,,,
,,,26.90482407,0.116814998,0.005065542,2.888099908,0.035213804,0.01971973,2026,3,4429086,6.25109393,,,,
,,,32.96527342,0.180294963,0.007310739,2.752002932,0.050154335,0.028086428,2026,3,4431492,7.09007467,,,,
,,,27.35205938,0.149663526,0.0067975,2.09743594,0.033506703,0.018763754,2026,3,4241463,5.70757253,,,,
27.46422266,0.150803451,0.005841429,,,,,0.565351111,0.269888133,2026,3,3122840,15.41003647,212.9540964,1.212922,0.055089157,0.604041634
18.4530526,0.186052271,0.006181364,1.719701042,0.008623105,0.000428675,0.211426667,0.045148214,0.020987201,2026,3,4429013,3.40267483,,,,
5.833926304,0.062160681,0.002283205,8.75489388,0.043155531,0.002017682,1.084420283,0.02123102,0.010694138,2026,3,4429835,3.16880488,,,,
31.80563523,0.183611187,0.008666873,,,,,0.713329197,0.340416261,2026,3,2576980,15.40350681,231.7111765,1.012368,0.063351936,0.839343997
8.449135452,0.070528036,0.003290114,,,,,0.452365788,0.216645408,2026,3,8439,14.42713919,229.1011988,1.417944,0.057495883,0.688495079
,,,26.56823611,0.184097446,0.008607242,2.131476506,0.032934495,0.018443317,2026,3,2977187,5.87408264,,,,
,,,41.08677525,0.238134197,0.010397558,3.297798069,0.047901382,0.026824774,2026,3,2991662,8.80369234,,,,
17.80957879,0.109993672,0.00399204,17.29583527,0.094334669,0.004357985,1.970913843,0.055489234,0.02739505,2026,3,4038441,6.67079925,,,,
1.309282182,0.009122099,0.000362203,30.97114392,0.170456455,0.007935896,2.08663058,0.036465967,0.020047036,2026,3,3925357,6.36960664,,,,
29.93361452,0.188416769,0.00678,,,,,0.776553495,0.370379387,2026,3,4242512,14.70667607,227.7005448,0.84249,0.041858159,0.636102668
,,,41.99360854,0.271366368,0.01115706,3.095081865,0.045125467,0.025270262,2026,3,4429022,8.89560852,,,,
14.12801946,0.107241934,0.004369687,,,,,0.452373489,0.216336187,2026,3,15864,15.15022183,238.7741841,1.329922,0.058457494,0.740804538
23.11778987,0.217419948,0.008450814,13.76585057,0.078675769,0.003439873,1.860306494,0.043987876,0.021348645,2026,3,3149687,7.30749292,,,,
1.852570118,0.066122349,0.002428719,23.26471106,0.199228884,0.009314693,2.480384021,0.048151216,0.026079403,2026,3,4576297,6.55681955,,,,
28.96147754,0.239725893,0.008969469,4.984476417,0.014858429,0.000679265,0.674513405,0.04918893,0.023039927,2026,3,4241457,5.57112835,,,,
,,,40.03561204,0.242987661,0.011108383,2.832871236,0.051628133,0.028911754,2026,3,4682648,8.26011366,,,,
18.17871697,0.112054377,0.00614,8.36451236,0.033393579,0.00126073,1.146979274,0.072538006,0.034954126,2026,3,3116389,4.62079715,,,,
8.798470526,0.103779938,0.00414,,,,,0.514919495,0.246530628,2026,3,4360423,14.13672842,240.8611586,1.12092,0.050278472,0.556660144
,,,26.07873031,0.164796473,0.009117464,2.584253197,0.045449027,0.025451455,2026,3,3886598,6.14943708,,,,
0.656422664,0.004860989,0.000203829,29.14220291,0.181189396,0.007857061,2.2458287,0.040694102,0.022576977,2026,3,4382466,6.31403539,,,,
,,,24.88238647,0.113896877,0.007127436,1.971582796,0.035931438,0.020121605,2026,3,5081432,5.11816237,,,,
13.38878381,0.157380768,0.006248975,,,,,0.606859917,0.290382585,2026,3,4688380,13.83795336,227.811255,0.984238,0.04582291,0.517005217
,,,38.72923479,0.183143007,0.007963232,3.017807762,0.054998539,0.030799182,2026,3,4686612,7.94536938,,,,
,,,34.96642455,0.287826642,0.012514976,3.480482565,0.047436328,0.026564344,2026,3,4595342,8.67724014,,,,
2.560308269,0.016517568,0.000904841,12.64802213,0.082379829,0.003110141,1.103050896,0.028398541,0.015073602,2026,3,4384852,3.34019495,,,,
40.59693147,0.40870932,0.015885968,5.018557561,0.036202225,0.001582839,0.719640028,0.092963876,0.043379133,2026,3,4819231,7.90129155,,,,
5.671161445,0.048068908,0.00171,1.795071806,0.016904536,0.001012995,0.230890579,0.016294625,0.0077272,2026,3,4429501,1.44576767,,,,
2.028791048,0.011358418,0.000514,34.01786283,0.183241193,0.007533848,2.721217067,0.056239333,0.03082942,2026,3,4586312,7.54751921,,,,
0.673257362,0.005501253,0.000240184,35.1830709,0.198377362,0.008220363,3.285381518,0.062352835,0.03468911,2026,3,5083754,8.04347291,,,,
,,,38.92999354,0.136757023,0.006794617,2.627342494,0.04788244,0.026814166,2026,3,4869961,7.30211089,,,,
0.720584226,0.003688294,0.000166906,47.05558851,0.256632409,0.010551283,3.244152108,0.049071154,0.027302618,2026,3,4686422,9.55182074,,,,
,,,14.02025313,0.087964294,0.004372918,1.111918334,0.02026434,0.011348031,2026,3,4715355,3.02831439,,,,
10.30794015,0.141438306,0.005291988,,,,,0.487037639,0.232954615,2026,3,2969939,14.68264398,231.2807415,1.478884,0.067608415,1.028138553
,,,24.93427173,0.10304547,0.004353632,3.061865078,0.031881432,0.017853602,2026,3,3051876,6.14740513,,,,
,,,32.32073924,0.166329964,0.006940478,3.272827997,0.032987442,0.018472967,2026,3,4243331,7.48068673,,,,
,,,31.62759584,0.204145375,0.009504343,3.507052611,0.042887242,0.024016856,2026,3,4686728,7.86679342,,,,
,,,13.96942691,0.095662696,0.003879005,1.18540532,0.021603616,0.012098025,2026,3,4685261,3.16492652,,,,
,,,4.653311978,0.02562173,0.001044335,0.48536701,0.004766646,0.002669321,2026,3,2573401,1.10130462,,,,
,,,26.76679521,0.135530787,0.005726124,2.318047663,0.042245645,0.023657561,2026,3,4600981,5.77316503,,,,
,,,22.53705905,0.22146272,0.009850154,1.703308588,0.03104223,0.017383649,2026,3,5123663,5.27154582,,,,
1.208836253,0.008386822,0.000339,41.94523273,0.183545534,0.008014075,3.490709108,0.073472107,0.040685738,2026,3,4427095,8.89498282,,,,
,,,7.536874503,0.036518257,0.001638014,0.604617658,0.011018955,0.006170615,2026,3,4870612,1.65739958,,,,
5.941251193,0.030363168,0.00114,8.732545593,0.047005759,0.002148907,1.099377634,0.023369756,0.011771847,2026,3,4360516,3.04199127,,,,
12.51473634,0.103842955,0.004149155,,,,,0.512837453,0.245387823,2026,3,15168,12.92385792,221.4967052,1.14828,0.051609865,1.018982025
,,,13.97118511,0.118136865,0.00587287,1.439700505,0.017582098,0.009845975,2026,3,15835,3.5381584,,,,
1.887649639,0.013235239,0.000533461,1.883624907,0.01226754,0.000533404,0.247313834,0.005684292,0.002811422,2026,3,4430968,0.78944075,,,,
12.69636528,0.125021165,0.00444,12.26760491,0.115617386,0.00692831,1.337916706,0.045959925,0.02253823,2026,3,3915411,5.2790882,,,,
,,,29.79001587,0.119273339,0.00592596,2.770619757,0.03525409,0.01974229,2026,3,4367209,6.43855872,,,,
,,,15.1804457,0.108716567,0.004408323,1.588908653,0.026502419,0.014841355,2026,3,4430802,3.73908856,,,,
5.920597694,0.028966489,0.00126,5.331651543,0.039587263,0.001640417,0.442603635,0.028846299,0.014154505,2026,3,3676833,2.13732711,,,,
1.475548649,0.011449054,0.000466504,34.03862357,0.137377922,0.006038526,3.081208674,0.060596451,0.033489767,2026,3,4569371,7.66462849,,,,
,,,12.43204875,0.083107564,0.004980176,0.889802395,0.013905903,0.007787306,2026,3,4242433,2.62640559,,,,
0.754666201,0.006661088,0.000249228,2.226691329,0.014153708,0.000647049,0.163090843,0.004673678,0.00240013,2026,3,16733,0.58323127,,,,
0.744524914,0.006501222,0.000243247,24.44593311,0.13769426,0.006294808,1.580622727,0.025974708,0.014332395,2026,3,4040655,4.94993674,,,,
13.64437888,0.099023041,0.003835695,9.804117593,0.047316165,0.002149032,1.387491161,0.038289615,0.018800411,2026,3,4601080,4.61684357,,,,
,,,16.48138008,0.110912624,0.004346854,1.388077858,0.025297256,0.014166463,2026,3,4360763,3.68271839,,,,
,,,13.59039162,0.088126978,0.005468042,1.383619139,0.017188507,0.009625564,2026,3,4036131,3.26355873,,,,
,,,4.781152686,0.039585737,0.001675334,0.363870606,0.00663142,0.003713595,2026,3,4912218,1.07559897,,,,
,,,31.49291912,0.09190338,0.004090805,3.084157333,0.056016537,0.031369261,2026,3,3045523,6.73178861,,,,
,,,27.37939345,0.167975254,0.007009131,2.109326705,0.038441775,0.021527394,2026,3,5220680,5.82709505,,,,
,,,24.41431332,0.209321423,0.008858832,1.601973764,0.02335635,0.013079556,2026,3,4362921,5.29151019,,,,
10.96236828,0.086273332,0.00267,3.518826901,0.018285907,0.000993601,0.477577171,0.026235811,0.012477105,2026,3,4686468,2.57618245,,,,
,,,14.02075337,0.093757279,0.004213955,1.666368623,0.017953825,0.010054142,2026,3,4258595,3.61978126,,,,
,,,15.49819071,0.177049253,0.010609581,1.412852027,0.012094295,0.006772805,2026,3,3930086,4.03295937,,,,
16.30968123,0.145724098,0.00552775,6.827947823,0.039112229,0.001739622,0.950996414,0.041231121,0.019780023,2026,3,4912274,4.34983798,,,,
,,,30.39421984,0.139924953,0.006276285,2.415899998,0.03082028,0.017259357,2026,3,4361409,6.27372156,,,,
,,,19.15660572,0.168016737,0.006848317,1.967274176,0.035712655,0.019999087,2026,3,4242557,4.86567563,,,,
10.66414103,0.06035108,0.002396305,,,,,0.02039818,0.009383163,2026,3,4685555,1.41508567,,,,
28.65065596,0.145900371,0.007201383,7.447620849,0.038419809,0.001505738,0.977728293,0.056689086,0.026768773,2026,3,4239934,5.65884775,,,,
1.231800552,0.007374761,0.000292823,2.176940967,0.012184262,0.00056726,0.201821668,0.008804389,0.004453662,2026,3,4431268,0.92262964,,,,
,,,23.74638025,0.186166775,0.00813961,1.799182155,0.035983643,0.02015084,2026,3,4430191,5.37142608,,,,
,,,21.21827679,0.113193007,0.004613717,1.645549211,0.029989585,0.016794168,2026,3,4710855,4.42296603,,,,
2.872765874,0.021282052,0.001138555,3.45847364,0.019062817,0.001054662,0.5189319,0.010647639,0.005341931,2026,3,4832846,1.38810844,,,,
7.736817752,0.056203224,0.002652922,,,,,0.01566787,0.00720722,2026,3,4685246,1.10220592,,,,
0.591907097,0.004216501,0.00018,13.61708718,0.110644294,0.004674679,1.01991687,0.016890486,0.009290386,2026,3,4431280,3.12155545,,,,
2.200014694,0.016407855,0.000699552,11.0595164,0.077936237,0.003292776,0.93859376,0.027800908,0.014665605,2026,3,4686472,2.90490037,,,,
,,,22.37957032,0.090577691,0.003927793,1.993983279,0.03633968,0.020350221,2026,3,4603186,4.7435216,,,,
,,,13.80035801,0.060253405,0.002993622,1.030781686,0.017293976,0.009684627,2026,3,4249417,2.75941251,,,,
3.184380231,0.028244208,0.00124,,,,,0.010522075,0.004840154,2026,3,4430871,0.48098076,,,,
1.216056512,0.010215711,0.000416775,9.22520506,0.067798023,0.002860461,1.108305283,0.013894166,0.00749262,2026,3,16002,2.61244968,,,,
,,,4.926503719,0.044939071,0.002101069,0.361644713,0.006590854,0.003690878,2026,3,4597703,1.12092389,,,,
1.244466616,0.010440738,0.000422583,25.38317348,0.113970367,0.004976242,1.771807267,0.036526223,0.020031122,2026,3,4613202,5.20707219,,,,
2.043146964,0.012371781,0.000514,5.025585477,0.028624866,0.001229558,0.73417928,0.01037974,0.005402871,2026,3,4911851,1.67998798,,,,
,,,27.92823043,0.165619674,0.007651143,1.73729499,0.026988954,0.015113814,2026,3,2576581,5.55569971,,,,
,,,13.2394073,0.080869677,0.003697025,1.087706025,0.01064112,0.005959027,2026,3,4429148,2.89262161,,,,
17.11740751,0.110709817,0.00483358,3.551243779,0.018753271,0.000777098,0.523468282,0.034377203,0.016171832,2026,3,4429676,3.34689563,,,,
,,,10.75482618,0.082326162,0.003849055,1.007068199,0.012315292,0.006896564,2026,3,4678006,2.57073797,,,,
,,,2.540028431,0.012911482,0.000563749,0.207903064,0.003788964,0.00212182,2026,3,4695193,0.53635886,,,,
,,,11.00626101,0.083455341,0.003531969,1.040518295,0.008907044,0.004987945,2026,3,4240472,2.63919969,,,,
,,,23.78717194,0.125822301,0.005857876,1.65883446,0.030231704,0.016929754,2026,3,4883647,4.7711397,,,,
,,,19.1515097,0.145016519,0.005683444,1.991871741,0.027178981,0.015220229,2026,3,4372780,4.75876826,,,,
1.929359801,0.013467741,0.000574,5.531867759,0.028797857,0.001216698,0.761138289,0.01037536,0.005423923,2026,3,4362748,1.76457554,,,,
,,,32.48506609,0.076475662,0.003799606,2.19252473,0.039958031,0.022376498,2026,3,4685307,5.86378753,,,,
11.92490008,0.08030617,0.00429625,8.197436681,0.04017271,0.002222579,1.25268771,0.067862527,0.033262938,2026,3,4240631,3.93610045,,,,
,,,6.959770501,0.063514398,0.002688035,0.54734207,0.009975127,0.005586071,2026,3,5082630,1.61887284,,,,
,,,8.479124725,0.055487647,0.002094862,1.00695441,0.012313901,0.006895784,2026,3,4427834,2.17851612,,,,
,,,28.4433939,0.116854536,0.006349525,2.264772826,0.041274729,0.023113848,2026,3,3051889,5.77780279,,,,
0.331561495,0.008828308,0.000343144,13.01684332,0.108602101,0.004748317,1.35576907,0.023275959,0.012820782,2026,3,3054212,3.38034536,,,,
,,,2.381761664,0.014445915,0.000620513,0.191475753,0.003489582,0.001954166,2026,3,4879194,0.53903575,,,,
,,,20.41853799,0.142757573,0.008857723,1.507585318,0.027475239,0.015386134,2026,3,4879276,4.39365373,,,,
,,,6.571101376,0.03019357,0.001354322,0.72587436,0.008731113,0.004889423,2026,3,3043275,1.55730612,,,,
,,,4.231821313,0.033004894,0.001367657,0.477792564,0.004674285,0.0026176,2026,3,4372096,1.09662777,,,,
7.386706416,0.033361877,0.00129,2.802077103,0.014460113,0.000656757,0.483330526,0.010719764,0.00518669,2026,3,4722893,1.78294415,,,,
1.348751489,0.010796129,0.000484341,27.32846988,0.12402391,0.005055181,2.356724934,0.047467943,0.026130306,2026,3,4569382,6.02414346,,,,
,,,16.82130372,0.111769941,0.005556355,1.560487741,0.015266384,0.008549175,2026,3,3052096,3.90765532,,,,
,,,1.921649831,0.013323517,0.00059883,0.19395947,0.003534847,0.001979514,2026,3,5160110,0.46339779,,,,
,,,5.252629608,0.04581337,0.001932908,0.373199047,0.006801428,0.0038088,2026,3,4431466,1.16976984,,,,
3.084862152,0.025216715,0.001100959,3.705063734,0.021941068,0.000909194,0.543274793,0.008851101,0.004443383,2026,3,4383396,1.50058102,,,,
1.271251203,0.00962793,0.000423288,9.303501377,0.057935643,0.00241749,0.749658139,0.018284933,0.009777296,2026,3,4608810,2.28615565,,,,
,,,12.88841839,0.092209491,0.004259808,0.894870073,0.016308708,0.009132877,2026,3,4696882,2.72765352,,,,
,,,6.03981799,0.057286979,0.002547993,0.679813176,0.00665067,0.003724375,2026,3,4242392,1.62533989,,,,
,,,2.051891737,0.012507697,0.0005718,0.187889161,0.003757783,0.002104359,2026,3,3123075,0.57330939,,,,
6.387533264,0.03764123,0.00156,3.101714867,0.021635065,0.000929317,0.529810929,0.017924291,0.008728067,2026,3,2576336,1.85272931,,,,
,,,2.385081479,0.009417089,0.000589302,0.182297342,0.002657847,0.001488394,2026,3,4567156,0.47558004,,,,
,,,2.089697267,0.014778046,0.000671197,0.167607207,0.003054585,0.001710568,2026,3,4808839,0.46324687,,,,
0.660013371,0.005026404,0.000211,7.606140684,0.03297983,0.001430131,0.620232565,0.013549845,0.007363282,2026,3,5150247,1.74851944,,,,
,,,13.13072226,0.08032451,0.003148054,1.180577371,0.022640445,0.012678649,2026,3,4567096,3.01767802,,,,
,,,4.417818651,0.015910301,0.0007082,0.51345937,0.006627777,0.003711555,2026,3,4426844,1.04487153,,,,
,,,15.39267004,0.081081392,0.00306112,1.273960183,0.023217499,0.013001799,2026,3,5092508,3.28044618,,,,
,,,28.04738295,0.149256098,0.009340144,2.186436337,0.043728727,0.024488087,2026,3,4361577,5.85756733,,,,
,,,13.57149957,0.109758494,0.004798877,1.060261598,0.019322914,0.010820832,2026,3,4259305,3.08328738,,,,
,,,12.96078752,0.091284228,0.005050355,1.484504928,0.021508943,0.012045008,2026,3,3921690,3.31486734,,,,
,,,10.64859601,0.057988169,0.002189266,1.316599703,0.016487529,0.009233016,2026,3,3127310,2.71573582,,,,
,,,17.80397836,0.076928341,0.003450594,1.665651334,0.032171462,0.018016018,2026,3,3917914,3.92424492,,,,
,,,2.216134401,0.019314055,0.001198385,0.222594196,0.002722072,0.001524361,2026,3,4702559,0.55951201,,,,
,,,2.370183401,0.013004948,0.000538899,0.180471386,0.003609428,0.00202128,2026,3,4426485,0.49265005,,,,
,,,6.508107396,0.053430684,0.002214061,0.727013314,0.008890541,0.004978703,2026,3,4360967,1.69311347,,,,
,,,19.14041726,0.092450821,0.003768271,1.553542301,0.02831279,0.015855162,2026,3,4386544,4.09740162,,,,
,,,4.006730023,0.026469829,0.001189696,0.444476645,0.005435441,0.003043847,2026,3,4685504,1.00040372,,,,
,,,17.57891119,0.112625709,0.005202977,1.239758895,0.022594192,0.012652748,2026,3,4690143,3.74943746,,,,
,,,8.65227359,0.079539629,0.003360519,0.915654789,0.010557954,0.005912454,2026,3,3911853,2.25329505,,,,
,,,2.138227214,0.017765587,0.000820718,0.208602976,0.002550976,0.001428546,2026,3,4432260,0.52787076,,,,
,,,2.147852465,0.019967948,0.001196569,0.213627437,0.002612419,0.001462955,2026,3,4573699,0.5477566,,,,
,,,1.63140262,0.008790625,0.000401871,0.214639349,0.001836532,0.001028458,2026,3,2975417,0.42931867,,,,
,,,16.05489012,0.13744011,0.005798724,1.106111381,0.020158511,0.011288766,2026,3,4575665,3.62154976,,,,
29.49723945,0.217915617,0.010165704,6.997933073,0.041413591,0.00167927,1.002828596,0.075122717,0.035487487,2026,3,4037457,6.16302207,,,,
,,,1.807508287,0.007910729,0.000345403,0.248093547,0.002122778,0.001188756,2026,3,4039505,0.47467808,,,,
7.901317772,0.06507773,0.00407,3.599511323,0.024287318,0.001506963,0.476504441,0.020089497,0.009648883,2026,3,5081999,2.1551642,,,,
,,,14.04734759,0.077964264,0.003426964,1.656848886,0.016209093,0.009077092,2026,3,4361372,3.51849677,,,,
3.067257069,0.023861188,0.001113118,,,,,0.006498592,0.002989352,2026,3,4693370,0.44631197,,,,
,,,2.271396825,0.015541356,0.000638973,0.243870957,0.002982263,0.001670067,2026,3,4695705,0.56227519,,,,
,,,8.392485823,0.03478563,0.001728285,0.810433114,0.00991067,0.005549975,2026,3,4880236,1.8510137,,,,
,,,6.372377839,0.060468013,0.002551201,0.631181602,0.007718629,0.004322432,2026,3,4040612,1.627889,,,,
,,,2.283779405,0.016242029,0.000882543,0.203150334,0.002990649,0.001674763,2026,3,2998565,0.52747521,,,,
,,,6.133547258,0.056124627,0.002371244,0.727903968,0.008901433,0.004984802,2026,3,4383440,1.67301454,,,,
,,,2.094507952,0.013718682,0.000564035,0.23860572,0.002917875,0.00163401,2026,3,4426496,0.52830546,,,,
,,,20.28185576,0.115677599,0.00723887,2.290953625,0.028015743,0.015688816,2026,3,4690923,4.9970429,,,,
,,,7.678031211,0.06657344,0.003075497,0.812025653,0.006951101,0.003892617,2026,3,3052897,1.97781877,,,,
,,,11.38418956,0.087033475,0.003952934,1.230191201,0.015043831,0.008424546,2026,3,4362018,2.88226498,,,,
0.479520617,0.004424149,0.00017832,3.567156579,0.01570605,0.000682914,0.508180582,0.00744361,0.004029222,2026,3,3917668,1.02749032,,,,
,,,13.86796672,0.126139246,0.005186137,1.494761556,0.020086977,0.011248707,2026,3,3843945,3.62679896,,,,
,,,5.998367337,0.052481359,0.002453699,0.625089673,0.007644132,0.004280714,2026,3,2975863,1.53636213,,,,
1.131327408,0.007920644,0.000306809,1.578022085,0.010818751,0.000491372,0.241447202,0.004267388,0.002169589,2026,3,2515270,0.62218851,,,,
,,,6.528555348,0.048355003,0.00207705,0.693227566,0.00847738,0.004747333,2026,3,4686248,1.63109635,,,,
2.097339899,0.016202442,0.000679395,1.784620093,0.010142945,0.000439837,0.261029762,0.005161587,0.002553007,2026,3,4241961,0.80456673,,,,
,,,31.40226965,0.178694434,0.007346911,2.431814887,0.044319015,0.024818648,2026,3,4430681,6.61043498,,,,
,,,19.44810286,0.06197052,0.003078935,1.391518522,0.025359961,0.014201578,2026,3,4369466,3.68657864,,,,
,,,13.78468049,0.088352587,0.005528926,1.514973349,0.0269409,0.015086904,2026,3,4048228,3.40515496,,,,
,,,6.186207713,0.056522707,0.002215221,0.646943184,0.007911375,0.00443037,2026,3,4683243,1.6004787,,,,
0.956310215,0.006793559,0.00029,1.72113288,0.008440452,0.000356606,0.249387981,0.004065246,0.002083399,2026,3,3929914,0.60577017,,,,
,,,4.257746084,0.030867165,0.001677229,0.392029369,0.004794071,0.00268468,2026,3,4722908,1.00111867,,,,
0.60389342,0.003871262,0.000156035,9.343667116,0.061743827,0.00268468,0.848473835,0.019307329,0.010578319,2026,3,4362477,2.29717606,,,,
,,,7.802469838,0.051385947,0.00223431,0.52988561,0.008998845,0.005039353,2026,3,3051738,1.61307579,,,,
,,,2.284761972,0.017239942,0.000753767,0.183760047,0.003348966,0.001875421,2026,3,4635009,0.51352079,,,,
,,,2.169781787,0.01461216,0.000633639,0.242236509,0.00236982,0.001327099,2026,3,4045305,0.54556313,,,,
,,,3.9194229,0.02360613,0.001477224,0.44226075,0.005408343,0.003028672,2026,3,4361088,0.97287972,,,,
1.071453303,0.005655568,0.00025593,,,,,0.002080188,0.000956887,2026,3,4373273,0.13973172,,,,
,,,26.42042092,0.140132058,0.006159586,2.326939467,0.039380968,0.022053342,2026,3,2976592,5.7790244,,,,
,,,6.700583145,0.049203478,0.002005521,0.734491069,0.008981986,0.005029912,2026,3,4426553,1.69395847,,,,
,,,8.931412193,0.030714366,0.001429961,0.949932681,0.011358343,0.006360672,2026,3,4361516,2.01779867,,,,
,,,7.03882807,0.027504351,0.001233698,0.596368548,0.010868618,0.006086426,2026,3,4369886,1.45585881,,,,
2.859769637,0.023704077,0.000733,9.280767357,0.039028468,0.00212069,0.735890797,0.022846845,0.011850685,2026,3,4683151,2.30895178,,,,
,,,11.64443493,0.074624204,0.003258287,1.196766769,0.014635089,0.00819565,2026,3,4372026,2.79946716,,,,
,,,2.126460135,0.015692106,0.000712713,0.197727814,0.003603523,0.002017973,2026,3,4241424,0.50201134,,,,
,,,3.938297156,0.020805095,0.000933205,0.456295026,0.005579966,0.003124781,2026,3,4035020,0.97071976,,,,
,,,4.287880279,0.021192431,0.000943318,0.489524237,0.005986322,0.00335234,2026,3,4239944,1.04080661,,,,
,,,4.925481582,0.022582248,0.000979252,0.428536224,0.00780993,0.004373561,2026,3,4401805,1.06425007,,,,
,,,2.047506125,0.019044868,0.000833,0.221013977,0.002702748,0.001513539,2026,3,4431346,0.53874412,,,,
,,,11.52782675,0.076797031,0.003375658,1.187679936,0.014523967,0.008133422,2026,3,4241410,2.79211267,,,,
,,,14.19138414,0.104945557,0.004427749,0.880427795,0.01628906,0.009121874,2026,3,3047876,2.9202815,,,,
,,,6.22662996,0.060770105,0.002610331,0.652991674,0.007985341,0.004471791,2026,3,4244049,1.63676298,,,,
,,,8.742932652,0.062498227,0.002717482,0.931035316,0.011385497,0.006375878,2026,3,4428396,2.17330175,,,,
,,,6.43726962,0.049089874,0.002440377,0.623366195,0.007623056,0.004268911,2026,3,4248557,1.55817633,,,,
,,,2.088668381,0.022250201,0.000941666,0.2096233,0.002563453,0.001435534,2026,3,4431196,0.55107141,,,,
101.3999905,1.045219347,0.038062938,37.04462992,0.236476634,0.009686913,4.722922707,0.218811748,0.104814293,2026,4,4429795,26.14920975,,,,
0.719566423,0.006160926,0.000224358,86.47191505,0.684744888,0.028049555,7.310788786,0.079687079,0.044484899,2026,4,4374302,20.14505585,,,,
0.673092983,0.005947061,0.0003,75.92577161,0.459728742,0.022003171,6.483536327,0.079795376,0.044538432,2026,4,4241389,16.89511308,,,,
34.45194477,0.775516827,0.02604899,,,,,0.618847227,0.294701382,2026,4,3918298,22.22972707,237.0758958,1.580642,0.093239694,0.669833401
87.83540227,0.648092668,0.0311,37.35306415,0.203361543,0.013488981,3.986577965,0.271691585,0.129926048,2026,4,4430807,21.45067574,,,,
1.521387535,0.012236539,0.000530178,98.13140872,0.769214579,0.028969403,7.283335165,0.123596941,0.068753586,2026,4,4430878,21.86207749,,,,
67.68833759,0.559017851,0.021016494,40.86510756,0.235997057,0.009571269,4.704293534,0.136581341,0.066100504,2026,4,3117251,20.26230802,,,,
1.144417169,0.007990272,0.00045308,88.07987924,0.62872963,0.02113548,7.775925684,0.121820513,0.067885633,2026,4,4362628,20.42929659,,,,
4.292012993,0.047050948,0.002031029,83.09345969,0.478079453,0.017938099,6.251684622,0.105055637,0.05772883,2026,4,4426515,18.06826689,,,,
85.14593604,1.007445546,0.028914475,23.57359753,0.101941362,0.00513821,2.947196405,0.212321636,0.100363281,2026,4,4242335,20.34845402,,,,
92.88382572,0.705702781,0.0237,15.54388497,0.100507267,0.005928773,1.953842242,0.310075975,0.145469829,2026,4,4379399,17.41035149,,,,
,,,64.99501498,0.602803412,0.023355385,7.332464505,0.074219508,0.041562925,2026,4,4361307,17.4143334,,,,
103.3928299,1.151455161,0.034843255,12.80255912,0.076938148,0.003626143,1.391742558,0.167393909,0.07796739,2026,4,3043078,20.30706733,,,,
0.513204631,0.009491932,0.000570451,64.56293347,0.472858871,0.026971869,6.520668985,0.057660534,0.032077997,2026,4,4432665,15.91484026,,,,
41.84417682,0.283898409,0.00859082,,,,,0.466709328,0.222193838,2026,4,3916387,21.19866493,238.1907065,1.741896,0.082096637,0.46682135
87.7512076,0.745808988,0.028663519,27.1812315,0.222064091,0.008826036,3.228699219,0.112876619,0.053570468,2026,4,4567048,20.50000178,,,,
65.94515941,0.545219686,0.032766869,34.43829205,0.171682166,0.00979275,4.568188,0.127709422,0.06140026,2026,4,4890973,18.87363498,,,,
,,,83.18073636,0.598002286,0.031785075,6.376195486,0.099542699,0.055743911,2026,4,4361370,18.23699317,,,,
1.454212403,0.011975904,0.000575407,81.27457037,0.403856911,0.026787849,6.015896984,0.103527082,0.057528481,2026,4,4426502,16.7261777,,,,
66.69636431,0.444972757,0.0252,23.50895363,0.128081243,0.0043056,3.799495237,0.127436704,0.061067017,2026,4,4362238,16.1985942,,,,
0.71744406,0.006037657,0.000233979,68.00214673,0.518671437,0.020786768,5.323942209,0.080905436,0.045121858,2026,4,4258173,15.29808963,,,,
,,,64.5095482,0.394793502,0.018895292,4.996538082,0.099930762,0.055961227,2026,4,4426354,13.74476204,,,,
65.37259957,0.589712758,0.029737746,15.35514725,0.076018174,0.003638321,2.601738911,0.200938478,0.095161959,2026,4,4361579,14.5506314,,,,
77.54527366,0.429235272,0.0144,14.97594345,0.10279825,0.004573575,1.935297194,0.111445436,0.052385438,2026,4,3929630,14.31573631,,,,
,,,75.26769363,0.543194007,0.020381273,4.880604463,0.066353168,0.037157774,2026,4,16800,15.63473687,,,,
0.66774641,0.005630242,0.000332,76.14694256,0.39283661,0.028323925,6.480811245,0.124460319,0.069463123,2026,4,4569618,16.47475486,,,,
3.797142624,0.032087817,0.000971,76.02174634,0.430321844,0.020281335,4.776692801,0.091952741,0.050420396,2026,4,4429615,15.47713354,,,,
54.58792875,0.491537745,0.0212,15.26399954,0.137978724,0.005177123,2.405816441,0.145710519,0.069424535,2026,4,4430737,13.08585926,,,,
1.322334797,0.037818126,0.00108541,49.08775189,0.398198578,0.020070634,5.425804784,0.065806143,0.036399566,2026,4,4431459,13.05416663,,,,
71.5525544,0.495482883,0.0204,20.17086594,0.118496984,0.00459112,2.767452654,0.131553482,0.062417833,2026,4,4870808,15.55229446,,,,
,,,64.64121569,0.458179939,0.019640115,4.443786004,0.066109496,0.037021318,2026,4,4595348,13.6239708,,,,
,,,74.36862151,0.625043994,0.027051512,4.705962279,0.090520468,0.050691462,2026,4,4685472,15.84819649,,,,
62.49860353,0.354339319,0.013244466,9.270671837,0.029344445,0.001286075,1.488719993,0.28070038,0.131548308,2026,4,4685382,10.74115458,,,,
1.343156066,0.014447814,0.000555,63.76302694,0.476944592,0.018956375,5.524460741,0.115596265,0.064223203,2026,4,4428331,14.89706382,,,,
75.0090963,0.671392761,0.0236,20.60019522,0.077956569,0.003341648,2.369319921,0.396677616,0.187210343,2026,4,4696981,16.11630766,,,,
11.23458872,0.080431015,0.004560753,,,,,0.458884043,0.219611341,2026,4,3915511,18.10289295,264.3079501,1.864652,0.062682453,0.620730872
25.78770612,0.432469206,0.01451333,,,,,0.419370594,0.200041332,2026,4,4040715,17.6206991,225.8483358,1.299088,0.05779745,0.769405538
,,,62.70218144,0.434820147,0.017634883,4.866362313,0.046416197,0.025993071,2026,4,3040151,13.73000896,,,,
,,,64.42328693,0.413001008,0.013883511,4.787675238,0.066542865,0.037264004,2026,4,4239993,13.66300699,,,,
21.07026263,0.218307253,0.00821,,,,,0.365724154,0.174772411,2026,4,4361741,18.74141627,261.4723897,1.655418,0.067138339,0.783416476
80.83862044,0.469875483,0.0166,19.9175021,0.11096872,0.004783444,2.522483314,0.208925205,0.098713908,2026,4,4596448,15.93401386,,,,
66.72178074,0.53584732,0.018406094,19.74301058,0.067366146,0.002945435,2.510681805,0.176017043,0.083486309,2026,4,4259545,14.65681617,,,,
,,,43.30920092,0.410009347,0.016795423,4.399984314,0.037478024,0.020987694,2026,4,4430027,11.18356595,,,,
0.741765769,0.005819444,0.000205308,55.91660393,0.345394298,0.014888647,3.458300769,0.052643229,0.029277998,2026,4,4567750,11.2044441,,,,
66.0447442,0.333615666,0.0201,14.97004245,0.047542569,0.002832345,2.111716236,0.081627479,0.038456308,2026,4,4685702,12.47125039,,,,
19.9825211,0.171858082,0.006604985,,,,,0.329164468,0.157363253,2026,4,3139477,18.69331389,243.943095,1.84047,0.0731503,0.654587287
,,,55.36135467,0.197838567,0.008670647,5.09862355,0.08308843,0.046529521,2026,4,4612826,11.74826867,,,,
,,,52.471071,0.345312434,0.013724597,4.503802765,0.055721736,0.031204172,2026,4,15847,11.78929532,,,,
0.552213767,0.003581583,0.00017764,67.7552896,0.482098636,0.017290926,4.761517909,0.079463966,0.044322625,2026,4,4248528,14.45474144,,,,
0.646271414,0.004077593,0.000172,70.27348267,0.498547389,0.019094266,5.109572173,0.104725143,0.05839271,2026,4,4432620,15.34471864,,,,
0.655576441,0.003330052,0.000223443,60.28735997,0.169647048,0.011280194,4.833358246,0.073253311,0.040850488,2026,4,4372016,11.90875279,,,,
2.234214517,0.022517893,0.000756358,61.24693592,0.375392119,0.022143817,4.275125588,0.071469491,0.03937208,2026,4,3915416,12.97964089,,,,
14.14742747,0.127944635,0.006451929,,,,,0.357243521,0.170870228,2026,4,2577417,17.26641108,249.9107943,1.628288,0.077931824,0.631015147
71.78451791,0.560590028,0.033551315,21.03858142,0.154651235,0.006693208,3.075791554,0.136725901,0.06502895,2026,4,4241416,16.60359221,,,,
62.68491512,0.626728686,0.024287831,13.19456838,0.051498034,0.002063884,1.888304678,0.134753414,0.063566464,2026,4,4035538,13.47474185,,,,
82.4628215,0.635547329,0.0309,23.72662146,0.159411526,0.008731663,2.723433445,0.190631982,0.089976166,2026,4,3042519,18.01647587,,,,
66.46481572,0.446243892,0.018811376,13.28733515,0.075619329,0.002896205,1.668499149,0.16618376,0.07813897,2026,4,4882093,12.66641678,,,,
,,,47.57719262,0.284682079,0.016959914,4.67081646,0.055199334,0.030911627,2026,4,5083076,11.11018277,,,,
85.83213689,0.363154638,0.018141299,23.79787548,0.139593359,0.005042644,3.130043925,0.224510072,0.106569973,2026,4,4569987,16.94868908,,,,
,,,57.2435727,0.363933127,0.014759937,3.9136284,0.050125264,0.028070148,2026,4,16737,11.79629001,,,,
,,,36.59488275,0.280301263,0.012255549,3.328459286,0.032401175,0.018144658,2026,4,4723086,8.65883492,,,,
2.620280926,0.038785219,0.00141,48.73757892,0.291684521,0.011948422,3.27449857,0.052777425,0.028991314,2026,4,4426388,10.36322921,,,,
2.824975402,0.022327613,0.000766943,54.8527505,0.30225778,0.013215549,4.789066854,0.091455568,0.050307558,2026,4,4685278,12.43411367,,,,
32.8323763,0.183066463,0.007135452,,,,,0.659007902,0.314383574,2026,4,4431452,17.5009484,247.2413464,1.413724,0.056985298,0.97105611
41.75209793,0.333265352,0.012989813,21.06698447,0.115210232,0.004643968,2.737926335,0.170324151,0.081959008,2026,4,4569173,11.58653163,,,,
,,,50.55185062,0.406735967,0.017434944,4.288552669,0.068493244,0.038356216,2026,4,4361050,11.74411699,,,,
,,,50.30818678,0.257033453,0.015162017,4.166454573,0.06139429,0.034380803,2026,4,4385690,10.7026564,,,,
2.602706357,0.043422726,0.001874411,,,,,0.375411697,0.179853483,2026,4,12483,16.4763104,266.0450154,1.749132,0.065629472,0.734013005
,,,48.19702428,0.345365572,0.012475921,3.218802969,0.053645845,0.030041673,2026,4,4047650,10.07698333,,,,
19.10963362,0.237212311,0.009999666,,,,,0.408986049,0.19548682,2026,4,4360310,18.48817124,247.9053959,1.79543,0.068764614,0.860678371
,,,63.15138261,0.345674051,0.013393008,5.016083716,0.072513643,0.04060764,2026,4,4360761,13.35275102,,,,
,,,46.70494122,0.369060844,0.016136365,3.052528032,0.055304511,0.030970526,2026,4,4431299,9.9091769,,,,
47.90240629,0.332597827,0.012963794,10.22636348,0.045417117,0.001830702,1.491335531,0.088016119,0.041547524,2026,4,4432710,9.52111812,,,,
,,,61.87812924,0.212676589,0.009674543,4.516371474,0.082635888,0.046276097,2026,4,4871023,11.90922482,,,,
1.682108125,0.0106002,0.00052575,62.8186513,0.318340065,0.011417569,4.517835953,0.070898991,0.03922655,2026,4,4701936,12.88885902,,,,
3.247507094,0.056332773,0.002051427,,,,,0.561259496,0.268848733,2026,4,3046779,17.30625869,254.9467719,1.96452,0.080473638,0.527306097
0.219661541,0.003570987,0.000177114,41.79508271,0.130025014,0.004663471,3.944917413,0.052150867,0.029064768,2026,4,4572680,8.90089348,,,,
67.50055307,0.305082075,0.010902857,11.36356573,0.024205604,0.0011011,2.011070429,0.14033743,0.066146477,2026,4,3916148,11.76862534,,,,
17.5542507,0.251590896,0.0168,,,,,0.699923498,0.334467441,2026,4,4360689,18.59707548,244.5061672,1.865784,0.099170329,0.746381717
,,,58.24538555,0.33108917,0.016805136,5.043999421,0.079474657,0.044505808,2026,4,2976212,12.80177165,,,,
6.789730253,0.065744064,0.002471674,46.13257877,0.284006849,0.011518389,3.396096909,0.092124611,0.049058416,2026,4,3126486,10.75556208,,,,
16.77002126,0.201294498,0.012,,,,,0.42417039,0.202951783,2026,4,4685720,20.20119434,256.8946405,2.15166,0.093122496,0.690780911
0.666852218,0.00731849,0.00021,61.61362538,0.364180626,0.018356007,5.190731131,0.075516867,0.042100303,2026,4,4688813,13.60269699,,,,
1.774557024,0.021631137,0.00105,66.53698753,0.538352887,0.029487931,4.603387048,0.062670732,0.034724497,2026,4,4429205,14.78772852,,,,
38.72004281,0.274663239,0.00943,10.65729827,0.054554791,0.002385287,1.382733249,0.060705785,0.028756727,2026,4,4608686,8.26349466,,,,
,,,40.74384459,0.379081546,0.017866348,3.761149348,0.048691115,0.027267025,2026,4,3116365,10.09250573,,,,
,,,46.7181016,0.346790828,0.023058861,3.803623591,0.063830072,0.03574484,2026,4,3128429,10.53249276,,,,
62.00258116,0.348512028,0.023384779,6.097235909,0.025826263,0.001717243,1.038864721,0.069374819,0.032380551,2026,4,4241985,10.08214912,,,,
,,,42.76759426,0.394065395,0.020945401,3.956412917,0.06055327,0.033909831,2026,4,3929645,10.57323185,,,,
,,,28.93490187,0.286720517,0.013722789,3.566452687,0.064344415,0.036032873,2026,4,4242355,8.13734381,,,,
18.2987406,0.180189687,0.0121,,,,,0.593330373,0.283454019,2026,4,4426338,15.09445615,233.6569947,1.165626,0.077504955,0.726650847
1.428627256,0.012520408,0.000528,44.4048014,0.371853151,0.014241902,3.946185907,0.065275533,0.036160475,2026,4,3916433,10.79471098,,,,
,,,35.14318352,0.146144161,0.009693749,2.984261612,0.025419234,0.014234771,2026,4,4360248,7.36703489,,,,
18.30014184,0.119903488,0.008045394,27.25342207,0.16521734,0.010985653,3.873032993,0.061938956,0.031312792,2026,4,4568490,10.11618886,,,,
,,,43.56248174,0.187704535,0.006780603,4.299879514,0.072646759,0.040682185,2026,4,4035687,9.71647173,,,,
,,,51.7568694,0.251923919,0.015008349,3.915596617,0.071643532,0.040120378,2026,4,4832800,10.55449301,,,,
66.41851596,0.51945817,0.0225,7.15458803,0.040688986,0.001532389,0.867422354,0.131288256,0.061076205,2026,4,4887558,11.51499606,,,,
,,,30.29464772,0.206852872,0.008014435,2.114012572,0.033003147,0.018481762,2026,4,4432708,6.36452992,,,,
2.924406749,0.035203103,0.001352953,41.55422307,0.342922113,0.013629592,3.104975767,0.046309187,0.02527904,2026,4,4683062,9.80222105,,,,
63.76185361,0.509977126,0.025,6.802896103,0.034822449,0.001767488,0.945888691,0.214174869,0.099816249,2026,4,4575131,11.13071559,,,,
43.98620328,0.308202992,0.0133,7.04603719,0.031525985,0.001182892,1.015080877,0.078198731,0.036691004,2026,4,4429096,8.11432656,,,,
43.93620249,0.195386573,0.00606,13.86809999,0.034787214,0.001973364,1.881023287,0.080893604,0.038342972,2026,4,4711533,8.98401304,,,,
38.90980244,0.270644145,0.0181,18.64124276,0.076454172,0.004063699,2.795771335,0.100155913,0.048185403,2026,4,3054850,10.58406835,,,,
20.5146782,0.093885648,0.00351,,,,,0.622788856,0.29755718,2026,4,4038941,12.48659257,222.4513687,0.785998,0.034447838,0.833738601
64.01764827,0.512369839,0.0302,12.78711302,0.061491731,0.004433617,1.664908198,0.130318534,0.061272725,2026,4,4685247,12.73871353,,,,
,,,44.35029557,0.403089671,0.021425061,3.79144937,0.055497611,0.031078662,2026,4,4569559,10.62717375,,,,
0.748126129,0.005346855,0.000225,39.92292474,0.25495305,0.009764651,2.605106876,0.040344903,0.022406049,2026,4,4432773,8.2102466,,,,
21.76786346,0.141301301,0.004985071,19.48308206,0.118037142,0.005088137,2.599677456,0.064796404,0.032030725,2026,4,4371733,8.26777092,,,,
1.398841721,0.008887032,0.000318,41.60567185,0.075477404,0.003433426,4.450575553,0.064824949,0.035967763,2026,4,4569587,9.19449085,,,,
,,,47.09579878,0.282386425,0.011382614,3.417726779,0.066160674,0.037049978,2026,4,4361432,9.77203648,,,,
,,,37.12343576,0.24265645,0.01329135,3.89733211,0.041043529,0.022984376,2026,4,4036133,9.04731433,,,,
0.780951472,0.007659142,0.000257,43.30794262,0.274703536,0.016204348,3.708305801,0.06260371,0.034825985,2026,4,4373678,9.776292,,,,
30.33616825,0.275592333,0.013419678,,,,,0.494233667,0.235894258,2026,4,3917315,19.20733983,231.0776638,1.72068,0.094249135,0.681113327
3.228241825,0.026926685,0.00095,30.23340392,0.157188766,0.006775816,2.639769494,0.050185307,0.02723509,2026,4,3116165,7.05293423,,,,
0.366349183,0.008596948,0.000507,42.35256812,0.239414704,0.017262047,4.129523519,0.051764389,0.02883652,2026,4,5083315,9.86871822,,,,
5.274570359,0.027019566,0.001624378,42.53909597,0.121428184,0.007234075,3.742797683,0.086385456,0.046585493,2026,4,4870653,9.45455798,,,,
1.316379914,0.009719127,0.000326166,50.36972194,0.289621673,0.012885497,3.594456224,0.070425995,0.038972721,2026,4,4870795,10.50944909,,,,
7.049593482,0.062757856,0.00272,,,,,0.577707971,0.276451199,2026,4,3912547,16.99324832,252.4653513,1.942908,0.07317189,0.786312797
35.9438922,0.233715742,0.00906,12.93196011,0.080953054,0.003244351,1.709580597,0.084876764,0.040433238,2026,4,4429059,8.45962035,,,,
,,,54.44382905,0.325831009,0.014496479,3.894428461,0.077888569,0.043617599,2026,4,4428850,11.23761318,,,,
,,,38.9842628,0.181008665,0.007254275,4.096560326,0.047224314,0.026445616,2026,4,3117256,9.04390391,,,,
8.035630642,0.067744081,0.003359982,,,,,0.685980319,0.328573006,2026,4,4036378,14.86035039,253.7308762,1.36934,0.04911268,0.721095759
1.161124854,0.005669071,0.000211898,46.07556285,0.131817869,0.005777166,3.017622423,0.047629861,0.026333488,2026,4,4429025,8.52678399,,,,
32.6987765,0.217989427,0.0108,6.565754299,0.037698805,0.001352103,1.082548284,0.080256987,0.037848826,2026,4,4429023,6.49385531,,,,
1.550873191,0.010736306,0.000368787,42.20642114,0.173643064,0.007592157,4.456428555,0.09440457,0.052338959,2026,4,2973405,9.96458568,,,,
,,,37.93802807,0.270087421,0.010886858,3.518938825,0.034665406,0.019412627,2026,4,3046439,8.91713262,,,,
14.91565853,0.08406084,0.00326,,,,,0.515278135,0.246530258,2026,4,4432577,16.82494904,244.0512533,1.589928,0.063719461,0.473631198
23.82081707,0.1321518,0.004722769,19.35997026,0.06988778,0.003179157,2.542847574,0.067025925,0.032934236,2026,4,4428557,8.02486917,,,,
35.82501507,0.255873419,0.012293969,3.581990194,0.019044556,0.001263226,0.492929238,0.080762444,0.037611969,2026,4,4241474,6.05712612,,,,
1.410272996,0.008990341,0.000378987,2.384979637,0.017549731,0.000672151,0.19302951,0.008167755,0.004110353,2026,4,4685415,0.79347741,,,,
1.35762408,0.010021719,0.00060229,44.64046331,0.207787401,0.011852193,3.380515235,0.046483517,0.025712139,2026,4,4428718,9.26189338,,,,
3.200570629,0.021384644,0.000927,39.57265656,0.259399856,0.009769262,2.321996058,0.057719652,0.031195032,2026,4,4032473,8.5318795,,,,
27.57368599,0.218410343,0.008971878,15.48611798,0.058661357,0.002272812,2.088047782,0.029852132,0.014449976,2026,4,4373626,8.05083381,,,,
32.96420253,0.207461906,0.0078,3.661714518,0.020868487,0.000846358,0.461388771,0.068122235,0.031732861,2026,4,4696044,5.44958983,,,,
3.82749523,0.016919279,0.000525,55.40224798,0.08497792,0.004820517,3.846780224,0.091388023,0.049732051,2026,4,4569603,10.426726,,,,
3.114546078,0.068514805,0.004117635,,,,,0.516024704,0.247084875,2026,4,14880,13.99021421,241.506917,1.424512,0.081254162,0.890423874
,,,40.29097971,0.373944374,0.016184078,3.846641564,0.032764782,0.018348278,2026,4,2576925,10.11594138,,,,
6.269389956,0.039405465,0.00132,9.726533879,0.043007195,0.001913424,1.412322422,0.028058055,0.014254606,2026,4,4431545,3.52352641,,,,
12.18134512,0.139553553,0.005732592,,,,,0.394216197,0.188662532,2026,4,2578570,15.94691267,229.1856077,1.526753222,0.059153464,0.572903702
,,,27.33797567,0.225733073,0.013315654,1.922912343,0.032894699,0.018421031,2026,4,4635008,6.00176759,,,,
,,,33.54985762,0.258126546,0.009886196,3.116584726,0.035896085,0.020101807,2026,4,4430539,8.00084654,,,,
12.93137416,0.20697712,0.005940405,,,,,0.609037915,0.291253567,2026,4,3917792,15.1930097,229.6879464,1.38376,0.069746458,0.824747441
,,,37.3733451,0.307365701,0.014486336,2.40063035,0.0362446,0.020296976,2026,4,4360939,7.97149179,,,,
20.99580249,0.079239536,0.002961809,7.958446378,0.041256323,0.001808136,1.23221679,0.046184637,0.022216031,2026,4,4596334,4.84715981,,,,
18.84641754,0.140490424,0.00844,1.834832642,0.009796925,0.000558817,0.258265768,0.040715096,0.018950962,2026,4,4686658,3.20928459,,,,
1.959783096,0.024492752,0.00122,32.06524203,0.209021385,0.007550649,3.350865196,0.056673341,0.030703145,2026,4,4361411,8.11208154,,,,
36.98191216,0.118453717,0.003676042,12.64207566,0.039615517,0.002247257,1.651717869,0.133188071,0.063258123,2026,4,4682745,7.48042755,,,,
21.12163593,0.160712013,0.006176611,7.42151237,0.048730127,0.001936801,0.960711618,0.049966333,0.023810388,2026,4,4832955,5.05435417,,,,
31.14705225,0.22731743,0.00958,1.857196404,0.012239743,0.00046878,0.241041828,0.052101298,0.024143927,2026,4,4362619,4.95199344,,,,
,,,26.92088294,0.298706632,0.010041372,2.977008799,0.030803204,0.017249794,2026,4,3116164,7.44773604,,,,
,,,26.80771553,0.144447557,0.008239288,2.926882907,0.034653853,0.019406158,2026,4,4429086,6.45291806,,,,
,,,39.97641652,0.183984738,0.00664623,3.28819699,0.060164023,0.033691853,2026,4,4431492,8.33724582,,,,
,,,23.12987379,0.094774516,0.005646185,1.723865838,0.025895735,0.014501612,2026,4,4241463,4.58847346,,,,
42.26589522,0.288328297,0.019300698,11.0602012,0.058901374,0.003130731,1.421301592,0.09754716,0.045990172,2026,4,4599739,8.80302913,,,,
30.53396696,0.116869869,0.007026052,,,,,0.611840347,0.29184638,2026,4,3122840,14.49605361,212.7547975,0.953694,0.05681625,0.571831021
13.82817514,0.10988293,0.00369,3.284442645,0.015135874,0.000673407,0.45501305,0.04791361,0.022619347,2026,4,4429013,2.89761606,,,,
37.46786898,0.328625415,0.014238513,18.84428974,0.095353148,0.003591096,2.200502587,0.115896043,0.055584302,2026,4,4429835,10.30314045,,,,
32.89051164,0.194928735,0.00957,,,,,0.478496739,0.228194473,2026,4,2576980,18.51854493,239.411008,1.56116,0.079240001,0.747525009
8.530841858,0.052007469,0.00259802,,,,,0.473052119,0.226560522,2026,4,8439,13.78083312,225.3339669,1.30172,0.047023087,0.631567863
,,,30.184699,0.242760599,0.009142611,2.321161326,0.039139258,0.021917984,2026,4,2977187,6.77167607,,,,
,,,44.79285962,0.261949097,0.010558813,3.679017924,0.053218222,0.029802204,2026,4,2991662,9.69291569,,,,
19.2458908,0.140462613,0.004250426,10.93008568,0.06538233,0.00308151,1.169801918,0.052301345,0.025153572,2026,4,4038441,5.38820595,,,,
,,,12.03058391,0.058207037,0.002647807,0.862124479,0.013981043,0.007829384,2026,4,3925357,2.40443094,,,,
27.33152593,0.10853643,0.00337,,,,,0.687620097,0.3281511,2026,4,4242512,11.80132612,216.1080402,0.405504,0.023002903,0.632003132
,,,23.27090903,0.173525431,0.00695437,1.806738825,0.026446269,0.01480991,2026,4,4429022,5.15996723,,,,
15.05166809,0.106641602,0.00629,,,,,0.590013539,0.282109771,2026,4,15864,15.00924692,238.7382059,1.257556,0.090671087,0.680412182
10.79204334,0.061862425,0.003068262,8.559840332,0.037287429,0.001337349,1.33866081,0.023739328,0.011725636,2026,4,3149687,3.85473225,,,,
0.930642933,0.026891203,0.001165128,32.36818841,0.324240644,0.012211232,2.987120528,0.055088152,0.030374176,2026,4,4576297,8.39125111,,,,
33.5220004,0.25666086,0.009,7.181909832,0.020497485,0.000878635,0.866300518,0.057713467,0.027119362,2026,4,4241457,6.56668416,,,,
,,,38.7742381,0.235786588,0.010107112,2.540471901,0.046482924,0.026030437,2026,4,4682648,7.80199859,,,,
15.75080091,0.112968312,0.006405745,11.20674593,0.044808902,0.001506304,1.466945236,0.053282197,0.026015311,2026,4,3116389,5.07456068,,,,
8.702127298,0.110148009,0.005292289,,,,,0.479933589,0.22977892,2026,4,4360423,14.74480659,240.5412209,1.25411,0.083185178,0.57722006
,,,41.49696859,0.339842534,0.018614655,3.557569091,0.061032592,0.034178252,2026,4,3886598,9.71680796,,,,
0.640225825,0.00513285,0.000308476,32.1042416,0.200670048,0.011446219,2.324279167,0.041814905,0.023203934,2026,4,4382466,6.81174882,,,,
,,,39.7336558,0.294434481,0.014944649,2.855068162,0.05223908,0.029253885,2026,4,5081432,8.56780216,,,,
12.28407922,0.144222291,0.005154138,,,,,0.435582349,0.208436496,2026,4,4688380,12.87568796,220.2952164,0.830034,0.037757798,0.515234624
,,,40.60361132,0.071346687,0.003126902,3.348040699,0.061258981,0.03430503,2026,4,4686612,7.7757457,,,,
,,,29.71696638,0.179510541,0.007867386,3.048590064,0.040564585,0.022716168,2026,4,4595342,7.06872038,,,,
36.21367555,0.265776729,0.015683521,16.36882146,0.077280753,0.005572022,1.964692033,0.058285533,0.027993608,2026,4,4695404,9.2693465,,,,
1.189105961,0.008785644,0.000498,24.78794416,0.172855752,0.005810748,2.059703722,0.04169532,0.02294848,2026,4,4384852,5.8392704,,,,
35.66337071,0.217312397,0.0108,8.458793417,0.037470619,0.001343919,1.338221329,0.089923391,0.042515161,2026,4,4819231,7.22076935,,,,
6.112805713,0.046259322,0.00155,1.651226851,0.016506763,0.000973709,0.222494015,0.014690516,0.006955705,2026,4,4429501,1.39935821,,,,
2.835212406,0.018860605,0.000730911,14.24436004,0.084272249,0.003377374,1.232864375,0.031685333,0.016831021,2026,4,4586312,3.63231599,,,,
0.645786039,0.005074797,0.000256,43.29179298,0.258987043,0.012395432,3.630909724,0.066841491,0.037214526,2026,4,5083754,9.56167648,,,,
,,,48.83759325,0.089440376,0.005073657,3.302916299,0.060433342,0.033842671,2026,4,4869961,8.66737585,,,,
0.728438008,0.005068469,0.00019642,37.98236497,0.217094108,0.008700469,2.538102047,0.038977182,0.021644669,2026,4,4686422,7.71768825,,,,
,,,28.83667292,0.159278697,0.007086435,2.424181764,0.044355167,0.024838894,2026,4,4715355,6.22918632,,,,
10.30719504,0.125005488,0.004385531,,,,,0.385059113,0.184232535,2026,4,2969939,14.880237,234.2579762,1.489324,0.063840629,1.003128864
,,,30.01394765,0.150647718,0.007646446,2.837826495,0.032518482,0.01821035,2026,4,4360635,6.72283776,,,,
,,,22.49295888,0.056088946,0.003729473,2.783926832,0.034594628,0.019372992,2026,4,3051876,5.33938136,,,,
,,,38.11944429,0.158597983,0.006836562,3.161930065,0.042875076,0.024010043,2026,4,4243331,7.89224943,,,,
,,,28.52961292,0.173677067,0.007900476,3.243140593,0.031570633,0.017679554,2026,4,4686728,7.11944013,,,,
,,,8.914712576,0.058078442,0.002098015,0.786169079,0.014384508,0.008055324,2026,4,4685261,2.01457617,,,,
,,,31.7856991,0.192727455,0.007231359,3.370455131,0.034389281,0.019257997,2026,4,2573401,7.6822425,,,,
12.88584852,0.102906274,0.00505,16.82316377,0.0772289,0.003919917,1.904721961,0.075826997,0.037739187,2026,4,3068267,5.90089969,,,,
0.643671366,0.003827989,0.000256854,24.25033386,0.098890644,0.00657545,2.185730605,0.042110626,0.023370111,2026,4,4600981,5.25947731,,,,
,,,27.79890625,0.256270516,0.01049774,2.004075733,0.036668502,0.020534361,2026,4,5123663,6.30248221,,,,
1.233768297,0.007816105,0.000304651,43.53823577,0.215885647,0.008702058,3.359058232,0.070160664,0.038828028,2026,4,4427095,9.12068051,,,,
,,,12.41621334,0.068184845,0.004522704,0.952889213,0.01743498,0.009763589,2026,4,4870612,2.67665059,,,,
2.533146271,0.012208801,0.000428,1.835921038,0.009698924,0.000415749,0.211691049,0.008321588,0.004055216,2026,4,4360516,0.78676461,,,,
15.68240193,0.204679521,0.007030642,,,,,0.604162337,0.28875838,2026,4,4434153,15.55424741,229.7374913,1.389546,0.060754809,0.78188385
,,,16.5457353,0.134013318,0.005962358,1.934308757,0.022029023,0.012336253,2026,4,15835,4.38079581,,,,
1.790214926,0.008362624,0.000313,9.035182188,0.036826252,0.00161398,1.140536021,0.013759358,0.007308073,2026,4,4430968,2.49891838,,,,
9.944327813,0.087502035,0.002939123,11.64720371,0.083506365,0.004925915,1.291593232,0.029899603,0.014833757,2026,4,3915411,4.46365135,,,,
,,,30.33838593,0.077648934,0.004404768,2.854367656,0.035200031,0.019712017,2026,4,4367209,6.32441536,,,,
,,,17.78937721,0.106091161,0.003832417,1.816520748,0.028527978,0.015975668,2026,4,4430802,4.20847493,,,,
5.750089012,0.038524137,0.00194,5.376212461,0.037956053,0.001816622,0.439565813,0.028257485,0.013877575,2026,4,3676833,2.1854204,,,,
21.25134921,0.176955984,0.00624,,,,,0.49143504,0.234654658,2026,4,4596472,14.86160341,215.6645533,1.250364,0.053898482,0.808616597
1.522732954,0.011628639,0.000686208,32.54285037,0.110821547,0.007990348,2.827994787,0.056300986,0.031072826,2026,4,4569371,7.14311859,,,,
,,,11.95280192,0.081291833,0.004795283,0.848325722,0.01374093,0.007694921,2026,4,4242433,2.52592064,,,,
1.593147198,0.013208089,0.000463376,30.4519809,0.161292182,0.006913871,1.860098405,0.034651213,0.018948948,2026,4,4040655,6.08938144,,,,
13.68241681,0.07480349,0.0045,17.64567354,0.065401644,0.003896298,2.331051216,0.047376849,0.023797237,2026,4,4601080,6.30526566,,,,
,,,41.81933507,0.306390868,0.013260405,3.202675049,0.058599231,0.03281557,2026,4,4360763,9.18539143,,,,
,,,18.44821512,0.142611807,0.007580116,1.860023382,0.025519661,0.01429101,2026,4,4036131,4.54776595,,,,
,,,24.06908753,0.120906591,0.004684479,2.331353466,0.043139545,0.024158145,2026,4,3045523,5.42589443,,,,
,,,29.78796985,0.195589863,0.008431142,2.160762488,0.039535394,0.022139821,2026,4,5220680,6.28672529,,,,
,,,23.84677859,0.184369446,0.007327846,1.664003229,0.024356966,0.013639901,2026,4,4362921,5.14291565,,,,
15.02223396,0.151747104,0.004355261,1.762787196,0.009835269,0.000495733,0.250833306,0.0342536,0.015972285,2026,4,4686468,2.91775779,,,,
,,,10.41225125,0.078871708,0.00344849,1.165894632,0.013230516,0.007409089,2026,4,4258595,2.67277801,,,,
,,,12.1280026,0.148040136,0.008732665,1.185478188,0.010097622,0.005654669,2026,4,3930086,3.29294166,,,,
19.81674039,0.163181735,0.005942462,5.382503035,0.029018292,0.001188691,0.755386554,0.044668316,0.021196793,2026,4,4912274,4.40156178,,,,
,,,30.34409657,0.151897563,0.010075373,2.210640227,0.028313604,0.015855618,2026,4,4361409,6.14562477,,,,
5.138145193,0.028795171,0.00103,,,,,0.010398516,0.004783317,2026,4,4685555,0.67935371,,,,
23.65529505,0.160255474,0.009591291,6.109828875,0.032294339,0.001397679,0.784162643,0.048946036,0.023093497,2026,4,4239934,4.89305486,,,,
1.195462185,0.00702763,0.00025115,4.190220846,0.019493702,0.000886758,0.40940573,0.013026607,0.00681105,2026,4,4431268,1.3234312,,,,
,,,28.74101033,0.156218213,0.005602915,2.430357611,0.048607152,0.027220005,2026,4,4430191,6.31050637,,,,
,,,15.88154033,0.094796461,0.003556874,1.144916526,0.020948497,0.011731158,2026,4,4710855,3.28605396,,,,
16.53025827,0.145245756,0.007072589,1.845509538,0.011888428,0.000651181,0.233347023,0.036878056,0.017164502,2026,4,4832846,2.99581944,,,,
19.39968568,0.149027865,0.00731,5.386770854,0.036523691,0.001853838,0.722009995,0.044537331,0.021107847,2026,4,4685246,4.29125297,,,,
0.59887841,0.003314857,0.000222,13.66160235,0.090017815,0.005985476,1.003428473,0.017532394,0.009636774,2026,4,4431280,2.98307659,,,,
,,,1.678683782,0.012967881,0.000515414,0.226889826,0.002208622,0.001236828,2026,4,4596602,0.49157911,,,,
1.667677729,0.009674485,0.000649,10.88194607,0.062685328,0.004168081,0.956328296,0.026073263,0.013906357,2026,4,4686472,2.64582842,,,,
,,,16.09092754,0.11805703,0.006466498,1.327435972,0.024288049,0.013601307,2026,4,4430656,3.83633805,,,,
,,,8.297837117,0.021190899,0.00120209,0.647031152,0.010893011,0.006100086,2026,4,4249417,1.59445167,,,,
7.257454749,0.067257297,0.002372819,,,,,0.018751771,0.008625815,2026,4,4430871,1.11727826,,,,
,,,1.127189271,0.008575432,0.000374942,0.097801636,0.001789473,0.001002105,2026,4,4869748,0.29153402,,,,
1.115497402,0.007850925,0.000295,9.162154287,0.065798407,0.002668568,1.108621491,0.015603379,0.008443927,2026,4,16002,2.56773413,,,,
,,,10.13482235,0.082210749,0.00309614,0.722626713,0.013221875,0.00740425,2026,4,4597703,2.22655452,,,,
1.270063933,0.009730253,0.00037926,24.81297617,0.108998732,0.004393591,1.654278853,0.03460011,0.018942879,2026,4,4613202,4.9949253,,,,
1.129290892,0.006257747,0.000263795,7.06496121,0.043204007,0.001654705,0.943414302,0.010288147,0.005543553,2026,4,4911851,2.05263173,,,,
,,,10.57425104,0.072201142,0.002928242,0.762471029,0.011015586,0.006168728,2026,4,16731,2.24691301,,,,
,,,17.13062411,0.111953363,0.00638582,1.434163047,0.02624083,0.014694865,2026,4,4241983,3.80301755,,,,
,,,8.893050227,0.065135746,0.00263,0.928087516,0.011293185,0.006324184,2026,4,4831959,2.20111685,,,,
,,,14.15123704,0.084298555,0.0036135,1.014140241,0.009872236,0.005528452,2026,4,4429148,2.93148577,,,,
18.08136908,0.125443475,0.00633,3.476981195,0.025162257,0.001204296,0.510414709,0.033631562,0.01582154,2026,4,4429676,3.55419764,,,,
,,,6.598005045,0.057464774,0.002164182,0.589910171,0.007178164,0.004019772,2026,4,4678006,1.59097774,,,,
,,,7.185427736,0.041180568,0.001659933,0.595088584,0.010888315,0.006097456,2026,4,4695193,1.56783473,,,,
,,,12.88635183,0.088415119,0.003514098,1.277940942,0.010885198,0.006095711,2026,4,4240472,3.09219101,,,,
,,,30.39997776,0.168236197,0.007652974,2.121750889,0.0388216,0.021740096,2026,4,4883647,6.1440176,,,,
,,,24.67002595,0.203006067,0.008785975,2.410737828,0.04180531,0.023410974,2026,4,4372780,6.06763083,,,,
2.917891322,0.015821415,0.0010616,5.663923388,0.025535352,0.0016979,0.769270398,0.015698339,0.008046151,2026,4,4362748,1.8768973,,,,
,,,2.543183386,0.012844265,0.000481932,0.204627275,0.002620841,0.001467671,2026,4,4360797,0.53410873,,,,
,,,22.55311259,0.015851319,0.000899193,1.684854776,0.030827728,0.017263528,2026,4,4685307,4.01788585,,,,
8.308533756,0.069103446,0.003364919,7.034275865,0.040572534,0.002222334,0.935166722,0.0450755,0.022157168,2026,4,4240631,3.09555173,,,,
,,,9.561224247,0.070736502,0.003333855,0.633579576,0.011546776,0.006466195,2026,4,5088338,2.00816113,,,,
,,,9.112543132,0.079002452,0.003139988,0.77248095,0.014134056,0.007915072,2026,4,5082630,2.14857301,,,,
,,,4.442747709,0.033487557,0.001125723,0.527421387,0.006417786,0.00359396,2026,4,4427834,1.16785423,,,,
,,,31.10627083,0.154428945,0.007783772,2.538319558,0.046443543,0.026008384,2026,4,3051889,6.54029509,,,,
0.254502855,0.0041989,0.000208,13.24573234,0.08427215,0.003022501,1.583037318,0.025787666,0.014275543,2026,4,3054212,3.44247505,,,,
,,,20.71961105,0.138150446,0.005291135,1.489287571,0.027249442,0.015259687,2026,4,4879194,4.41104434,,,,
,,,18.24508436,0.135268498,0.007189804,1.328274215,0.024303386,0.013609896,2026,4,4879276,3.95219546,,,,
,,,16.85266612,0.146525943,0.009719073,1.841780307,0.023637979,0.013237268,2026,4,3043275,4.39979019,,,,
,,,3.210636305,0.023535434,0.001126434,0.354688287,0.003452744,0.001933537,2026,4,4372096,0.81544152,,,,
2.272059062,0.00779741,0.000468769,1.462000426,0.006385625,0.000380423,0.238281479,0.005107926,0.002516941,2026,4,4722893,0.69358514,,,,
1.275328202,0.010853589,0.000469,10.20962916,0.058467835,0.002193781,0.922214107,0.021740834,0.011719567,2026,4,4569382,2.49954977,,,,
,,,14.25313581,0.080140613,0.003565519,1.459808985,0.014210637,0.007957957,2026,4,3052096,3.35755637,,,,
,,,1.035719752,0.008498916,0.000371596,0.097118018,0.001776965,0.0009951,2026,4,5160110,0.2504834,,,,
,,,8.204737249,0.04479505,0.001816741,0.566844541,0.010371534,0.005808059,2026,4,4431466,1.64837953,,,,
1.334888757,0.010876816,0.000728,,,,,0.004780935,0.00219923,2026,4,4698597,0.30639703,,,,
1.540352927,0.013725965,0.000394,30.821833,0.153188511,0.007721249,2.272423137,0.046458204,0.025528618,2026,4,4061956,6.47652585,,,,
2.945247854,0.023265136,0.001173203,1.877876587,0.010726386,0.000513378,0.26675028,0.006854717,0.003336619,2026,4,4383396,0.94989298,,,,
2.157139535,0.017299806,0.00061,20.32139723,0.148976094,0.006421798,1.393629984,0.03308209,0.017767681,2026,4,4608810,4.71725837,,,,
,,,15.34714057,0.118546447,0.005587167,0.940063253,0.017200304,0.00963217,2026,4,4696882,3.17842019,,,,
,,,19.29669169,0.130137339,0.006605398,1.491525354,0.027290386,0.015282616,2026,4,4602667,4.47050017,,,,
,,,6.202037813,0.056315802,0.002306893,0.724505569,0.007052762,0.003949547,2026,4,4242392,1.67950485,,,,
,,,4.319934792,0.025928126,0.001111422,0.362350732,0.007247015,0.004058328,2026,4,3123075,1.10057102,,,,
3.506420378,0.018803423,0.000793,3.252307118,0.023771645,0.000910449,0.505145194,0.013010551,0.006504292,2026,4,2576336,1.44860192,,,,
,,,28.79320574,0.204699278,0.010389948,1.989821607,0.029126156,0.016310647,2026,4,4567156,6.08626445,,,,
,,,2.146360093,0.01211021,0.000721465,0.168216316,0.003077848,0.001723595,2026,4,4808839,0.45359033,,,,
0.643849497,0.005307815,0.000319,10.27329708,0.050735234,0.002893938,0.812100766,0.017134907,0.009367955,2026,4,5150247,2.30316977,,,,
,,,11.42436798,0.091734591,0.003441989,1.227461902,0.014936043,0.008364184,2026,4,4833029,2.91085606,,,,
,,,23.74364909,0.223422578,0.009669589,2.029407544,0.038826531,0.021742857,2026,4,4567096,5.72118739,,,,
,,,30.92467887,0.218886016,0.01198934,2.322909919,0.0425022,0.023801232,2026,4,4565185,6.70619212,,,,
,,,6.742649676,0.041890366,0.001623026,0.728965254,0.009272191,0.005192427,2026,4,4426844,1.64767842,,,,
,,,26.00999406,0.222520326,0.011294493,1.887313765,0.037746275,0.021137914,2026,4,4361577,5.80474429,,,,
,,,8.904569016,0.051703519,0.001854396,0.812984756,0.014875153,0.008330086,2026,4,4259305,2.02147097,,,,
,,,11.33352353,0.072099555,0.002423711,1.376102923,0.017629956,0.009872775,2026,4,3127310,2.92762008,,,,
,,,17.1359059,0.083009496,0.005506024,1.603937143,0.032078743,0.017964096,2026,4,3917914,3.83736401,,,,
,,,2.271865358,0.020364812,0.001082432,0.225268771,0.002741123,0.001535029,2026,4,4702559,0.57381158,,,,
,,,2.388931094,0.012430856,0.000594956,0.175658866,0.003513177,0.001967379,2026,4,4426485,0.48648527,,,,
,,,5.56299473,0.042229035,0.002021132,0.601554335,0.007319853,0.004099118,2026,4,4360967,1.40726525,,,,
,,,6.403026565,0.046416056,0.002029439,0.667790636,0.008125832,0.004550466,2026,4,4685504,1.58176237,,,,
,,,19.48381597,0.136735815,0.006444444,1.265933925,0.023162748,0.012971139,2026,4,4690143,4.1434766,,,,
,,,8.546911043,0.064497513,0.004288577,0.935027502,0.009102106,0.005097179,2026,4,3911853,2.17532648,,,,
,,,8.36423107,0.084730208,0.003993387,0.749240225,0.00911693,0.005105481,2026,4,4432260,2.09206099,,,,
,,,1.951734805,0.017927455,0.001057514,0.196584158,0.002392082,0.001339566,2026,4,4573699,0.49882126,,,,
,,,1.749492957,0.008949665,0.000383632,0.204984062,0.001762144,0.000986801,2026,4,2975417,0.43247151,,,,
,,,16.35700668,0.087954766,0.003567158,1.078187164,0.019727552,0.011047429,2026,4,4575665,3.30584665,,,,
20.56722429,0.118225142,0.00591,4.973022976,0.029502566,0.001065745,0.745993242,0.059624735,0.028238809,2026,4,4037457,4.14543009,,,,
,,,1.69162211,0.007473015,0.000301227,0.236954544,0.002036978,0.001140708,2026,4,4039505,0.44932964,,,,
7.148701575,0.056575847,0.00379,5.540932175,0.037025985,0.001968009,0.716535686,0.021883337,0.010682305,2026,4,5081999,2.53783926,,,,
,,,16.07260391,0.106513301,0.007679719,1.933822293,0.01882496,0.010541978,2026,4,4361372,4.17493477,,,,
,,,5.908514175,0.013912995,0.000789238,0.576997809,0.007021044,0.003931785,2026,4,4880236,1.2452275,,,,
,,,6.569085471,0.045042969,0.001826795,0.641144142,0.007801591,0.004368891,2026,4,4040612,1.56343211,,,,
,,,5.249394962,0.043635655,0.001466863,0.436727146,0.007990781,0.004474837,2026,4,4690070,1.21767582,,,,
,,,4.555685287,0.037869241,0.001908745,0.418172294,0.005512708,0.003087116,2026,4,2998565,1.09874533,,,,
,,,6.071498976,0.053356193,0.003547767,0.742045746,0.009029386,0.005056456,2026,4,4383440,1.66655362,,,,
,,,1.985399641,0.014297414,0.000572997,0.23233848,0.002827149,0.001583203,2026,4,4426496,0.51471692,,,,
,,,2.087054902,0.018257787,0.000926713,0.220526141,0.002683413,0.001502712,2026,4,4690923,0.53769716,,,,
,,,6.057814062,0.042378243,0.001530864,0.62052474,0.009082975,0.005086466,2026,4,4035656,1.4737044,,,,
,,,5.494986063,0.053302692,0.002512189,0.536630647,0.005223877,0.002925371,2026,4,3052897,1.40525704,,,,
,,,9.947450755,0.060848678,0.003625056,1.019752945,0.012408592,0.006948811,2026,4,4362018,2.37327018,,,,
0.454360689,0.002509721,9.38e-05,4.832453732,0.017556675,0.000769454,0.725281669,0.010589238,0.005784287,2026,4,3917668,1.36479902,,,,
,,,10.94117683,0.124638385,0.004995126,1.216778059,0.014302969,0.008009662,2026,4,3843945,3.05307438,,,,
,,,22.38371758,0.079754665,0.003548348,1.844432068,0.032360039,0.018121622,2026,4,4372414,4.53303727,,,,
,,,4.061221641,0.039914909,0.001503236,0.403485611,0.004909707,0.002749436,2026,4,2975863,1.04673443,,,,
,,,1.855776486,0.012481243,0.000683652,0.243234178,0.002090961,0.001170938,2026,4,4878695,0.50277991,,,,
,,,1.580238472,0.008596576,0.00051214,0.22999638,0.001977162,0.001107211,2026,4,2515270,0.43846174,,,,
,,,6.857326631,0.056525577,0.002164918,0.65821078,0.008009262,0.004485187,2026,4,4686248,1.67866757,,,,
2.027702085,0.017108769,0.001028211,,,,,0.00342177,0.001574014,2026,4,4241961,0.30442182,,,,
,,,22.51410478,0.143969225,0.005769847,1.621027681,0.029659886,0.016609536,2026,4,4430681,4.71536013,,,,
,,,18.26017353,0.028078826,0.001592819,1.323402398,0.024214247,0.013559978,2026,4,4369466,3.29460039,,,,
,,,6.218241891,0.060798859,0.003085976,0.637802286,0.010607378,0.005940132,2026,4,4048228,1.61899152,,,,
,,,11.81479147,0.123580039,0.005348467,1.197945261,0.014576877,0.008163051,2026,4,4683243,3.11566007,,,,
,,,4.442482185,0.038531353,0.00211053,0.45107845,0.005488828,0.003073744,2026,4,4708049,1.12473356,,,,
,,,3.607357722,0.019839471,0.000747175,0.440423684,0.003786099,0.002120215,2026,4,4243176,0.9175504,,,,
,,,2.06772778,0.018754767,0.000883924,0.185080749,0.002252106,0.001261179,2026,4,4876132,0.50368708,,,,
,,,1.731700589,0.00707273,0.000470281,0.255305194,0.002194729,0.001229048,2026,4,3929914,0.46945206,,,,
,,,6.380157925,0.051804413,0.002611128,0.610669019,0.007430763,0.004161227,2026,4,4722908,1.55660729,,,,
0.577467447,0.002196081,8.21e-05,8.440955691,0.02848205,0.001248279,0.810439481,0.018522844,0.010141387,2026,4,4362477,1.98601791,,,,
,,,7.275828961,0.034924804,0.001530645,0.475795694,0.008554944,0.004790769,2026,4,3051738,1.40663277,,,,
,,,13.03882745,0.109326506,0.004731583,0.974467863,0.017829804,0.00998469,2026,4,4212909,3.04537024,,,,
,,,6.886152895,0.034225551,0.001227532,0.645535162,0.011811334,0.006614347,2026,4,4635009,1.52904213,,,,
,,,2.183693223,0.015661221,0.000893316,0.237518709,0.002890183,0.001618502,2026,4,4045305,0.54848119,,,,
,,,23.23707333,0.166254953,0.011987154,2.096553185,0.038499909,0.021559949,2026,4,2976592,5.39965865,,,,
,,,13.52940539,0.107783224,0.004044152,1.439947962,0.017521622,0.009812109,2026,4,4426553,3.42851453,,,,
,,,10.93748387,0.02817262,0.001281557,1.195379184,0.01415311,0.007925741,2026,4,4361516,2.44524872,,,,
,,,4.54031365,0.020592401,0.001365895,0.375047265,0.006862226,0.003842847,2026,4,4369886,0.94786033,,,,
1.419315459,0.015207649,0.000436,14.07329409,0.074326488,0.003746321,1.164949462,0.026194798,0.014181111,2026,4,4683151,3.23210766,,,,
,,,1.885149922,0.015611133,0.000672937,0.184438922,0.002244296,0.001256806,2026,4,4372505,0.46551219,,,,
,,,6.819034623,0.040805778,0.001815481,0.59039181,0.010802378,0.006049332,2026,4,3926231,1.58260969,,,,
,,,1.899217115,0.01149258,0.000762303,0.215361747,0.002620572,0.00146752,2026,4,4035020,0.4728975,,,,
,,,4.275841226,0.031467588,0.0012192,0.458005669,0.00557312,0.003120947,2026,4,4239944,1.07073883,,,,
,,,7.530823962,0.038919214,0.002219952,0.631305565,0.011550975,0.006468546,2026,4,4401805,1.62431256,,,,
3.610643254,0.029538174,0.001279815,1.808114067,0.011820286,0.000445164,0.223947593,0.009197623,0.004423423,2026,4,4035693,1.0088202,,,,
,,,6.712943264,0.037986567,0.001914659,0.597122695,0.010925533,0.006118298,2026,4,4429684,1.58424949,,,,
,,,8.91514191,0.058710651,0.004233099,0.904720984,0.011008856,0.006164959,2026,4,4241410,2.14492576,,,,
,,,4.330612247,0.044889386,0.001719255,0.416988943,0.005074019,0.00284145,2026,4,4244049,1.11727589,,,,
,,,3.880334707,0.017093787,0.000749167,0.452522711,0.005506402,0.003083585,2026,4,4428396,0.93859527,,,,
,,,10.3150912,0.044231752,0.003189155,0.783739227,0.014340049,0.008030427,2026,4,4682509,2.07133492,,,,
,,,4.209568568,0.028700928,0.001276927,0.441590813,0.00537338,0.003009093,2026,4,4248557,1.03143051,,,,
,,,4.354591042,0.029246066,0.000983141,0.561499107,0.006686612,0.003744503,2026,4,3050481,1.16708828,,,,
,,,4.027672775,0.039741744,0.001579553,0.416962804,0.005073701,0.002841272,2026,4,4431196,1.05579091,,,,
97.05026363,1.147549227,0.040849611,41.38656551,0.252229295,0.009285336,4.85317352,0.210973993,0.101086799,2026,5,4429795,26.99919186,,,,
,,,85.99816259,0.697442761,0.025675012,7.242769083,0.07719563,0.043229553,2026,5,4374302,19.99417283,,,,
1.399413547,0.015130656,0.000606569,82.28455963,0.562310611,0.027543164,7.359112028,0.090864019,0.050566925,2026,5,4241389,19.14972256,,,,
29.8646724,0.730401746,0.026133405,,,,,0.67161304,0.320102495,2026,5,3918298,19.89927293,236.0350472,1.262332,0.089461728,0.784539977
95.24601231,0.8626831,0.029525012,32.54660944,0.182026943,0.011387546,3.299980374,0.265229547,0.125745527,2026,5,4430807,22.18485687,,,,
,,,92.95131395,0.638147011,0.022630257,7.428325308,0.120978716,0.067748081,2026,5,4430878,20.46529512,,,,
61.27265448,0.565149005,0.019359125,35.66792039,0.186756357,0.007196154,4.570583409,0.11657724,0.056383813,2026,5,3117251,18.719494,,,,
0.620137266,0.004730121,0.000248,90.22032754,0.791086297,0.024571957,8.050235325,0.124358966,0.069459484,2026,5,4362628,21.82318326,,,,
4.515111542,0.090004598,0.00329565,97.42969091,0.633139071,0.022973663,7.203510868,0.119147327,0.065603709,2026,5,4426515,21.66132834,,,,
88.68907569,0.779305599,0.019652063,23.41226381,0.072004829,0.003744602,2.772974217,0.204453501,0.096584606,2026,5,4242335,18.94999485,,,,
79.92319203,0.639917826,0.022895936,14.893589,0.085695318,0.006073245,2.061430665,0.258499898,0.121646985,2026,5,4379399,15.71827202,,,,
,,,68.12841044,0.719175208,0.024124144,7.631636191,0.077022794,0.043132765,2026,5,4361307,18.72354524,,,,
85.91541677,0.817431129,0.0222,13.01480359,0.059904363,0.002854986,1.708596678,0.158265301,0.07398067,2026,5,3043078,16.7719563,,,,
,,,82.32248911,0.593720157,0.033873222,6.731924851,0.095815845,0.053656873,2026,5,4262921,18.4894594,,,,
,,,68.10022379,0.491623189,0.031242789,6.518186218,0.055520366,0.031091405,2026,5,4432665,16.2797145,,,,
62.77830971,0.450430794,0.0344,34.59621662,0.176389093,0.011209575,4.35211018,0.117090693,0.056357068,2026,5,4890973,17.83207715,,,,
,,,80.44866278,0.399278469,0.020102122,6.150048119,0.095592888,0.053532017,2026,5,4361370,16.52625142,,,,
1.580506378,0.015081711,0.000516166,79.0773917,0.393269791,0.024602829,5.506167337,0.095440012,0.05293884,2026,5,4426502,15.96894647,,,,
68.81629675,0.479899225,0.02514379,26.02571967,0.145104378,0.004507092,4.28913893,0.135378771,0.065010143,2026,5,4362238,17.45621967,,,,
1.342913439,0.009657346,0.0003523,74.22245276,0.498237227,0.018796489,5.90413417,0.091069938,0.050631017,2026,5,4258173,16.44747977,,,,
,,,61.35872523,0.418290058,0.020488732,4.635910484,0.09271821,0.051922197,2026,5,4426354,13.22110442,,,,
73.40778854,0.897143701,0.035965383,16.08804592,0.081346624,0.00398453,2.785364952,0.200486252,0.094800849,2026,5,4361579,17.50148048,,,,
,,,72.64203044,0.629039548,0.022824911,4.48684522,0.060963196,0.03413939,2026,5,16800,15.50426459,,,,
,,,64.88920382,0.357553005,0.026592398,5.977514683,0.11232217,0.062900415,2026,5,4569618,14.54210106,,,,
3.027161845,0.020739293,0.000563,68.71776986,0.198363068,0.0094538,5.590656242,0.103502818,0.057053639,2026,5,4429615,13.9884199,,,,
63.77262049,0.764609754,0.027997305,22.33307033,0.202058182,0.007331749,3.468675504,0.17418087,0.083645146,2026,5,4430737,17.78721602,,,,
1.86963949,0.037567066,0.000947344,46.49089716,0.262151699,0.013633167,5.250354521,0.065126636,0.035888812,2026,5,4431459,11.84382617,,,,
67.64780261,0.504837362,0.021679779,19.1610179,0.123057528,0.004127864,2.64470101,0.124836197,0.059243463,2026,5,4870808,15.02937476,,,,
,,,63.49963523,0.40679197,0.028676564,4.768558096,0.070549053,0.03950747,2026,5,4595348,13.53947163,,,,
64.05991392,0.476789776,0.0154,9.453951122,0.036457754,0.001503252,1.314383315,0.239177192,0.111958694,2026,5,4685382,11.56144412,,,,
67.49590114,0.529039154,0.034571182,14.11155573,0.053572798,0.003776583,1.779259324,0.339867001,0.159570513,2026,5,4696981,13.20223123,,,,
11.45541751,0.132043407,0.006918269,,,,,0.47339945,0.22651195,2026,5,3915511,20.05611046,270.8583087,2.209788,0.068638298,0.63287266
71.88455724,0.574223538,0.034952899,22.73229313,0.113406364,0.008434406,2.820560906,0.146383334,0.069474835,2026,5,4427366,16.3597143,,,,
23.18854674,0.340718617,0.011033305,,,,,0.485206612,0.231533477,2026,5,4040715,16.09703883,232.2469343,1.06932,0.044076248,0.746608533
,,,63.71931344,0.385062757,0.014837358,5.005665923,0.047676338,0.026698749,2026,5,3040151,13.66551103,,,,
,,,66.11427836,0.443835775,0.013785998,5.014223221,0.069481219,0.038909483,2026,5,4239993,14.24025474,,,,
20.92868391,0.204777498,0.007014634,,,,,0.375251143,0.17927023,2026,5,4361741,17.90112214,255.5559166,1.51932,0.058542912,0.751201266
77.49511087,0.417559658,0.012172266,19.91456445,0.095957733,0.004356767,2.53096588,0.183864136,0.086956264,2026,5,4596448,15.2170373,,,,
65.11159498,0.567200529,0.0162,17.78059267,0.059989197,0.002672856,2.218309583,0.202190892,0.095692801,2026,5,4259545,14.12236681,,,,
,,,51.73394243,0.530650568,0.019534878,4.737876822,0.040356113,0.022599423,2026,5,4430027,13.09011338,,,,
0.71532336,0.005457721,0.000159098,48.52625316,0.271695162,0.01233577,3.197034321,0.048744518,0.02710216,2026,5,4567750,9.75617869,,,,
59.72634485,0.461384613,0.025790869,21.46524556,0.114345867,0.005807264,3.057510519,0.080283078,0.038244409,2026,5,4685702,14.61987789,,,,
,,,50.54304174,0.260485857,0.010740536,3.936016357,0.064142295,0.035919685,2026,5,4612826,10.50456938,,,,
,,,66.3582515,0.438036263,0.013704844,4.586103824,0.074552396,0.041749342,2026,5,4248528,13.79602556,,,,
0.661594904,0.004505222,0.000231782,62.4574369,0.525066707,0.023480415,4.448031617,0.091738613,0.051095825,2026,5,4432620,14.11948228,,,,
0.716461704,0.004033305,0.000336886,55.42625728,0.217101049,0.017969625,4.425130921,0.067191041,0.037443204,2026,5,4372016,11.32971156,,,,
2.502056179,0.024954907,0.000893,61.19219061,0.286589893,0.020310685,4.402445359,0.074391612,0.040904174,2026,5,3915416,12.60369986,,,,
13.25462634,0.141021191,0.005653365,,,,,0.340778866,0.1630065,2026,5,2577417,17.7510295,244.9298185,1.754964,0.08596185,0.551913225
56.16309615,0.484009201,0.017656666,12.97301037,0.041882257,0.001580049,1.862584689,0.106390787,0.050194636,2026,5,4035538,11.87243625,,,,
84.56844397,0.552495882,0.028,24.61773827,0.131761336,0.007517314,2.928626572,0.233977794,0.110866824,2026,5,3042519,17.80826908,,,,
71.10482858,0.507590377,0.026114163,14.58886812,0.09074202,0.004057885,1.84570629,0.149519016,0.070247336,2026,5,4882093,13.92886777,,,,
,,,47.96815344,0.409141031,0.020778977,4.739911081,0.056015889,0.031368898,2026,5,5083076,11.97186877,,,,
,,,61.78692738,0.477619746,0.021972129,4.151984495,0.061240204,0.034294515,2026,5,3121422,13.17336494,,,,
62.6471687,0.264137129,0.0303,26.50426636,0.156224653,0.008528942,3.13435838,0.171990823,0.082415661,2026,5,4569987,14.48904114,,,,
,,,61.47342493,0.360011628,0.01387208,4.503947495,0.057685997,0.032304158,2026,5,16737,12.7760196,,,,
,,,40.259207,0.331754706,0.014781535,3.644338324,0.035476127,0.019866631,2026,5,4723086,9.65155307,,,,
,,,53.70185613,0.332278645,0.012232198,3.602158716,0.051677781,0.028939558,2026,5,4426388,10.93396348,,,,
3.164447777,0.025778559,0.000737445,55.25983716,0.278345113,0.012401838,4.669611501,0.089288321,0.049033012,2026,5,4685278,12.26735257,,,,
36.08493215,0.169370796,0.00951,,,,,0.762721656,0.363767021,2026,5,4431452,18.462989,240.9820779,1.631872,0.08697139,0.907044425
51.64136672,0.393221352,0.022080623,23.02047896,0.133847191,0.007133449,2.712792561,0.179150174,0.085844799,2026,5,4569173,13.23285493,,,,
,,,57.3310002,0.359960702,0.025375221,5.003046057,0.078350805,0.043876451,2026,5,4361050,12.86097783,,,,
,,,42.46546815,0.160491385,0.011374057,3.667639779,0.053926519,0.03019885,2026,5,4385690,8.84090732,,,,
2.84696232,0.050382392,0.001844825,,,,,0.375050936,0.179701731,2026,5,12483,18.16733464,268.6772177,2.177154,0.078998762,0.843772853
,,,58.80317469,0.415820406,0.022701334,3.654087644,0.060900472,0.034104264,2026,5,4047650,12.00812969,,,,
16.74458643,0.222606908,0.011452528,,,,,0.385259069,0.184115507,2026,5,4360310,19.01768309,241.4526907,1.98,0.088543457,0.706242791
,,,74.59453456,0.610821959,0.020489523,5.717388004,0.08230281,0.046089574,2026,5,4360761,16.79274511,,,,
,,,52.81108101,0.35552327,0.015840558,3.536242351,0.063121544,0.035348064,2026,5,4431299,10.91314306,,,,
58.29165506,0.355335851,0.019953232,9.724226032,0.049471164,0.002636589,1.335245312,0.095585001,0.044911197,2026,5,4432710,10.52355876,,,,
,,,71.02061909,0.273559672,0.019139265,4.827420828,0.088327147,0.049463202,2026,5,4871023,13.51252689,,,,
1.200928717,0.005669461,0.000315,64.57542952,0.328222477,0.010269099,4.211659606,0.064738938,0.035944758,2026,5,4701936,12.74363574,,,,
2.756539218,0.05760319,0.002050516,,,,,0.519063393,0.248669381,2026,5,3046779,19.38482904,280.6381503,2.227164,0.081988752,0.527522906
0.833582677,0.009069912,0.000504539,47.21314094,0.205018227,0.006414407,4.419816333,0.058607874,0.032553206,2026,5,4572680,10.45929701,,,,
67.26125629,0.418781429,0.019581459,13.82839481,0.031173577,0.002181021,2.267630372,0.125667017,0.059281316,2026,5,3916148,13.00460585,,,,
51.22979894,0.216534203,0.012,,,,,0.485134143,0.230817279,2026,5,4426348,20.48303234,224.9124908,1.633326,0.075138537,0.597189462
17.88000146,0.173338853,0.012068274,,,,,0.652142286,0.311785855,2026,5,4360689,16.4892385,240.560259,1.47126,0.074072233,0.706087214
,,,47.65368453,0.291112555,0.013392165,4.286698527,0.067542414,0.037823752,2026,5,2976212,10.75166114,,,,
9.707938525,0.077743318,0.00266309,43.39676848,0.289893234,0.011170256,3.615566763,0.106720355,0.056322497,2026,5,3126486,11.09322863,,,,
,,,58.35303911,0.225053245,0.011703867,4.905181855,0.069575207,0.038962116,2026,5,4688813,12.03812474,,,,
0.820025814,0.008381151,0.000425,53.6309812,0.319244228,0.018213683,3.943302596,0.052127649,0.029029251,2026,5,4429205,11.33474844,,,,
52.47650759,0.438565452,0.0125,10.65047761,0.05208501,0.00232068,1.355284768,0.054661787,0.025726957,2026,5,4608686,10.59151951,,,,
,,,36.01054969,0.287824066,0.013717428,4.245986931,0.054627124,0.030591189,2026,5,3116365,9.54167877,,,,
,,,46.11543621,0.385969032,0.031946962,3.310109497,0.055504813,0.031082696,2026,5,3128429,10.24065984,,,,
64.28082342,0.3995702,0.033374552,6.232898944,0.026842104,0.002221742,0.98807561,0.070242265,0.032754305,2026,5,4241985,10.60545965,,,,
,,,41.52564826,0.341682315,0.017202379,3.896864633,0.058942777,0.033007955,2026,5,3929645,10.0694662,,,,
,,,23.87294984,0.260103093,0.0127404,2.9526557,0.052939723,0.029646245,2026,5,4242355,6.86815555,,,,
18.09149746,0.191976152,0.016035025,,,,,0.505431946,0.241464896,2026,5,4426338,16.20083735,234.2933396,1.365966,0.113062084,0.692175661
0.734904171,0.006880874,0.000354003,42.8698457,0.418069884,0.018695633,3.820427773,0.061443678,0.034192906,2026,5,3916433,10.70194077,,,,
,,,34.9922944,0.15027415,0.009401102,2.719493891,0.023164005,0.012971843,2026,5,4360248,7.11383875,,,,
22.10243224,0.155228308,0.013,29.66309233,0.176975902,0.014648435,4.085432559,0.080116491,0.040277076,2026,5,4568490,11.26220954,,,,
,,,36.26965295,0.22410104,0.012234591,3.506774503,0.059247196,0.033178429,2026,5,4035687,8.43802436,,,,
,,,55.83387322,0.361285396,0.018348541,4.208583203,0.077004297,0.043122406,2026,5,4832800,11.91216917,,,,
68.70615065,0.509350564,0.0208,15.12542866,0.079793252,0.002829664,1.796468774,0.196970383,0.092487429,2026,5,4887558,13.58197607,,,,
,,,28.96833144,0.300658778,0.010085353,2.011538117,0.031351135,0.017556635,2026,5,4432708,6.69820937,,,,
56.53662117,0.343490133,0.019013909,4.912921232,0.032580734,0.001498824,0.673694937,0.183235972,0.085211468,2026,5,4575131,8.95051291,,,,
39.36799657,0.178786464,0.0205,10.71177596,0.067922994,0.003708194,1.480613623,0.080451774,0.038166332,2026,5,4038815,7.94305535,,,,
42.69589702,0.373649256,0.0137,7.026455422,0.03487487,0.001265446,0.979479787,0.073740531,0.034612793,2026,5,4429096,8.36550909,,,,
54.50120421,0.388734698,0.010020568,12.36319274,0.04071389,0.002164339,1.673480437,0.086845429,0.040955922,2026,5,4711533,10.88136163,,,,
43.48445276,0.234448206,0.016322856,20.46497951,0.068115439,0.003429348,3.011683992,0.102000817,0.049182847,2026,5,3054850,11.1658418,,,,
22.69073243,0.116210177,0.003764426,,,,,0.569427273,0.27194402,2026,5,4038941,13.9323129,218.4052879,1.097706,0.045261386,0.865140254
30.3376439,0.253109353,0.0154,8.304924416,0.045195751,0.003361357,1.180303171,0.064454229,0.030567487,2026,5,4685247,6.81248237,,,,
,,,43.37950358,0.343192441,0.017278408,3.816807126,0.055868787,0.031286521,2026,5,4569559,10.1873719,,,,
,,,35.39659532,0.276077774,0.012345899,2.378973491,0.03507406,0.019641474,2026,5,4432773,7.56143252,,,,
17.47192047,0.109150584,0.003181845,18.21819,0.110044257,0.004996337,2.409376771,0.054771226,0.027256314,2026,5,4371733,7.29529108,,,,
1.447043861,0.010139514,0.000474105,40.42397497,0.129349643,0.009049788,4.008750762,0.059004427,0.032674614,2026,5,4569587,8.98804615,,,,
,,,51.04021614,0.390646034,0.020819665,3.520830713,0.067567747,0.037837939,2026,5,4361432,10.93647398,,,,
,,,40.9250062,0.216581758,0.012356532,4.992201023,0.052153642,0.029206039,2026,5,4036133,10.35186718,,,,
29.10462554,0.162529865,0.009,13.71605723,0.11078443,0.0051,2.09833274,0.079029946,0.03825685,2026,5,4697815,8.00560981,,,,
,,,43.53905721,0.202591206,0.01435768,3.929661473,0.067926112,0.038038623,2026,5,4373678,9.45354654,,,,
30.1305032,0.235139393,0.011926082,,,,,0.419230606,0.200221477,2026,5,3917315,17.86240168,231.072415,1.43532,0.081888601,0.671944006
2.334646453,0.01891424,0.000551368,30.34439788,0.089873566,0.004080528,2.930562643,0.052160557,0.028584588,2026,5,3116165,6.80466853,,,,
0.362700762,0.009345301,0.000568847,37.60328506,0.224052886,0.016663553,3.638778469,0.045820677,0.025505262,2026,5,5083315,8.82043245,,,,
3.656176069,0.025423779,0.00142116,47.19657317,0.148617,0.007547787,4.375571043,0.092668905,0.050633663,2026,5,4870653,10.50939763,,,,
1.173467879,0.007938261,0.00025706,50.64468323,0.22574753,0.009305076,3.841509607,0.074637093,0.041361859,2026,5,4870795,10.36380802,,,,
6.531247417,0.052381908,0.002137084,,,,,0.443046625,0.212041856,2026,5,3912547,15.53566196,245.5341318,1.663068,0.058976467,0.807617445
31.81025669,0.190472048,0.006948425,12.85043862,0.069464332,0.00262061,1.662434013,0.081829026,0.038985681,2026,5,4429059,7.64270297,,,,
,,,51.63868241,0.217521421,0.008966005,3.972800746,0.079036842,0.044260631,2026,5,4428850,10.37329626,,,,
,,,35.40866125,0.117157583,0.004419885,3.856513531,0.044379972,0.024852785,2026,5,3117256,8.06062935,,,,
8.652293891,0.05604913,0.003117889,,,,,0.645215154,0.309034278,2026,5,4036378,15.27531307,258.6748568,1.44435,0.045189391,0.773095687
2.783716871,0.017217355,0.000557726,36.07205424,0.176475571,0.007276565,2.019379086,0.03749597,0.02020394,2026,5,4429025,7.04336446,,,,
34.47053486,0.169403871,0.009423561,12.29885706,0.077720674,0.002431647,1.910962971,0.083582589,0.040090749,2026,5,4429023,8.01638635,,,,
,,,34.32493196,0.13442357,0.005989325,3.649526753,0.072990535,0.0408747,2026,5,2973405,7.94069764,,,,
,,,32.64689978,0.248865143,0.013263385,2.937027248,0.028847808,0.016154772,2026,5,3046439,7.68988731,,,,
,,,43.8459195,0.209431669,0.010891468,4.423575739,0.079213082,0.044359326,2026,5,15818,9.99991599,,,,
12.90513648,0.060281772,0.00219908,,,,,0.484986838,0.232088439,2026,5,4432577,15.35580799,245.9360618,1.276952,0.04817427,0.445498293
20.2272339,0.136648017,0.00639,14.51635142,0.055953686,0.003914731,1.85415914,0.057083136,0.027788071,2026,5,4428557,6.45066721,,,,
39.89416466,0.380810104,0.013,6.881240017,0.04990059,0.003121765,0.879950209,0.096821439,0.045351793,2026,5,4241474,8.09561982,,,,
,,,45.01084867,0.214939537,0.013659467,3.346405738,0.042860347,0.024001794,2026,5,4428718,9.11757717,,,,
8.025455088,0.059221672,0.00242,41.63054378,0.226202301,0.008021688,2.524892444,0.077083588,0.040508235,2026,5,4032473,9.45214325,,,,
32.17126503,0.301545046,0.012949577,14.36264574,0.066257923,0.002222568,1.925623555,0.033283462,0.015972537,2026,5,4373626,8.78510766,,,,
23.95236371,0.155925895,0.00534,6.983955381,0.039837265,0.001535022,0.96273555,0.058984189,0.027960342,2026,5,4696044,5.19033578,,,,
8.367624527,0.066147791,0.001705118,48.5821722,0.129153486,0.006865764,3.642003466,0.103460603,0.054875884,2026,5,4569603,10.55178555,,,,
3.357547683,0.059860427,0.00458,,,,,0.492409029,0.235787705,2026,5,14880,14.15678079,243.3074547,1.444654,0.091808159,0.891635818
43.09347391,0.251441593,0.008142296,17.79636237,0.057772853,0.002381336,2.461188586,0.12741791,0.060912546,2026,5,4431545,10.35058662,,,,
13.51418375,0.166299339,0.007141573,,,,,0.395624883,0.189280722,2026,5,2578570,18.82786926,239.5598547,2.101118253,0.070480293,0.647667321
,,,52.24083326,0.305761076,0.022740461,3.093128539,0.061862571,0.03464304,2026,5,4597500,10.12960516,,,,
,,,35.43046351,0.252467524,0.017892425,2.66243667,0.045092151,0.025251605,2026,5,4635008,7.70675781,,,,
,,,41.26246563,0.313787,0.014032215,3.728293954,0.052663046,0.029491306,2026,5,4430539,9.70773634,,,,
12.52289501,0.181707238,0.004582184,,,,,0.616668103,0.294981659,2026,5,3917792,12.78689975,220.3738737,0.92529,0.048119594,0.801724181
,,,25.79458378,0.147656654,0.007037179,2.244041917,0.033803157,0.018929768,2026,5,4360939,5.68654904,,,,
33.96149697,0.154142333,0.004993173,12.94653112,0.076571899,0.003157266,1.740275626,0.067880627,0.032568945,2026,5,4596334,7.79270097,,,,
28.35715092,0.17852428,0.0137,3.701875746,0.019192355,0.001219679,0.514898865,0.060546406,0.028293979,2026,5,4686658,4.88194874,,,,
0.606874205,0.007896799,0.000906,33.25457108,0.271189082,0.014805319,3.424326951,0.050552517,0.027989145,2026,5,4361411,8.46176311,,,,
40.2874955,0.20697487,0.00534,9.653474687,0.040014644,0.002127168,1.227951647,0.126555843,0.059672248,2026,5,4682745,7.63891274,,,,
31.76826254,0.257779606,0.013262069,1.764850948,0.012925074,0.000577995,0.230909636,0.05660891,0.026209168,2026,5,4362619,5.18520486,,,,
,,,42.23965468,0.144737218,0.007694191,2.967609565,0.054298246,0.030407018,2026,5,4869645,8.01600669,,,,
,,,22.57755075,0.318349812,0.009888274,2.437839876,0.025144296,0.014080806,2026,5,3116164,6.59797476,,,,
,,,33.89833152,0.168020634,0.010677757,3.778527508,0.043190022,0.024186412,2026,5,4429086,8.15060715,,,,
,,,43.18500313,0.293387855,0.016017241,3.149407544,0.057624598,0.032269775,2026,5,4431492,9.19725392,,,,
,,,22.09282222,0.124202681,0.006307861,1.724304207,0.025902321,0.0145053,2026,5,4241463,4.66309164,,,,
39.70599149,0.181640766,0.0126,10.59829057,0.04859736,0.002446689,1.475369566,0.103496725,0.049017023,2026,5,4599739,7.82201586,,,,
32.70110984,0.151144522,0.008448805,,,,,0.650053117,0.309940268,2026,5,3122840,16.86880285,225.5669928,1.343745,0.068244551,0.628250577
26.64384177,0.212972018,0.008688859,13.94919536,0.066821803,0.002369665,1.832141265,0.08400147,0.04045587,2026,5,4429835,7.51363321,,,,
6.906144434,0.043827608,0.00503,,,,,0.486775462,0.23324373,2026,5,8439,15.89500785,243.2473539,1.753752,0.095744483,0.775687952
,,,26.61485548,0.187005851,0.006631686,2.189690016,0.036892509,0.020659805,2026,5,2977187,5.94612643,,,,
,,,39.12293807,0.25155204,0.013406585,3.079047963,0.044456249,0.024895499,2026,5,2991662,8.47885218,,,,
9.598421903,0.05795327,0.00157,10.21685373,0.047748073,0.002275629,1.256701944,0.034304189,0.016952739,2026,5,4038441,3.84712935,,,,
,,,14.08114035,0.072399991,0.005065376,0.933877978,0.015126681,0.008470941,2026,5,3925357,2.76998043,,,,
28.22800241,0.179642641,0.00463,,,,,0.697116043,0.332640162,2026,5,4242512,13.42871515,214.9565854,0.6885,0.036600474,0.62990249
,,,22.92797142,0.126195705,0.004760857,1.812589272,0.026531905,0.014857867,2026,5,4429022,4.84306862,,,,
12.37462543,0.094074577,0.005726305,,,,,0.537394498,0.257069134,2026,5,15864,14.74839346,231.781122,1.293922,0.096233253,0.602195136
14.69189052,0.06588874,0.003665244,6.92738291,0.029171278,0.000912682,1.051997808,0.025387947,0.0123115,2026,5,3149687,3.76949011,,,,
0.841091713,0.022805838,0.00093,31.71056996,0.283380246,0.010049358,3.013014291,0.055001905,0.0303551,2026,5,4576297,8.06799748,,,,
31.50235214,0.218290318,0.0143,3.390375885,0.009730733,0.000685962,0.444960798,0.060133148,0.027981113,2026,5,4241457,5.2779596,,,,
,,,38.1869596,0.222401998,0.0156781,2.618659554,0.047913521,0.026831572,2026,5,4682648,7.75072656,,,,
20.04402614,0.154552844,0.0081,11.53715023,0.054391361,0.001689452,1.458704267,0.063741111,0.030813604,2026,5,3116389,5.83011883,,,,
7.481420208,0.113081084,0.003870159,,,,,0.340320174,0.162911967,2026,5,4360423,14.5577589,231.8188547,1.266144,0.079209554,0.527767652
,,,10.23500473,0.06593336,0.003761663,1.010070742,0.017307358,0.009692121,2026,5,3886598,2.41776766,,,,
,,,26.75740906,0.176101895,0.011191324,1.952320935,0.033338996,0.018669838,2026,5,4382466,5.67059818,,,,
,,,26.5967014,0.217961732,0.010026979,2.01696488,0.036904335,0.020666427,2026,5,5081432,6.01278586,,,,
12.68447933,0.169288181,0.00792,,,,,0.458318297,0.219204523,2026,5,4688380,13.1632962,214.0114888,0.917854,0.064216524,0.535370187
,,,36.52668722,0.111262332,0.004587647,2.553984961,0.046730172,0.026168896,2026,5,4686612,6.83230118,,,,
,,,24.77997505,0.178422017,0.007356822,2.244699967,0.029092194,0.016291628,2026,5,4595342,5.77612796,,,,
0.64446072,0.005186403,0.000272,28.24165393,0.233158051,0.00724213,2.293396945,0.044144239,0.02450257,2026,5,4384852,6.72858895,,,,
35.203174,0.163896681,0.00912,3.460166676,0.015361988,0.000480631,0.536483338,0.161579791,0.075339434,2026,5,4819231,5.35115781,,,,
4.046891121,0.031421753,0.00112,1.554374486,0.009763123,0.000691915,0.229055107,0.010860734,0.005199217,2026,5,4429501,1.07149024,,,,
5.289813256,0.030120802,0.001098808,22.22988702,0.089587311,0.003379769,1.810005377,0.051321506,0.026919653,2026,5,4586312,5.33815462,,,,
,,,37.41809998,0.259810897,0.012726087,3.151915004,0.055545083,0.031105246,2026,5,5083754,8.41729607,,,,
,,,37.19785555,0.128655305,0.006839281,2.637875169,0.048265108,0.02702846,2026,5,4869961,7.0904862,,,,
1.36483941,0.008106831,0.000296,43.18950808,0.171241177,0.006460242,2.663717559,0.042631137,0.023509358,2026,5,4686422,8.16286212,,,,
,,,45.08094371,0.249848764,0.010298504,3.521020109,0.064423979,0.036077429,2026,5,4715355,9.47834721,,,,
7.302291638,0.07974784,0.005211291,,,,,0.378781795,0.181369306,2026,5,2969939,13.33949072,228.0529158,1.333582,0.094010091,1.085697136
,,,25.08211281,0.132235575,0.006083285,2.463208536,0.028225758,0.015806424,2026,5,4360635,5.74613099,,,,
,,,22.0450864,0.070208125,0.005811182,2.421550776,0.030060809,0.016834053,2026,5,3051876,5.02605442,,,,
,,,40.72725124,0.093797658,0.004258693,3.358786405,0.045264486,0.025348112,2026,5,4243331,7.95331264,,,,
,,,23.47780102,0.161622627,0.011307728,2.541847942,0.024743839,0.01385655,2026,5,4686728,5.85492016,,,,
,,,7.052344067,0.05988422,0.003269324,0.616061894,0.011272063,0.006312355,2026,5,4685261,1.67481316,,,,
,,,13.43206575,0.103044064,0.003738988,1.459332609,0.014822598,0.008300655,2026,5,2573401,3.41207143,,,,
13.7298894,0.081919798,0.00453,8.151660065,0.046107011,0.002121079,0.888938804,0.061001763,0.029395006,2026,5,3068267,3.80137475,,,,
,,,34.34753634,0.314959776,0.011594637,2.283956752,0.041789475,0.023402106,2026,5,5123663,7.5859581,,,,
,,,36.50854009,0.227197393,0.012108592,2.693038655,0.052346503,0.029314041,2026,5,4427095,7.67404612,,,,
,,,14.34423436,0.085414998,0.005343534,1.019979286,0.018662525,0.010451014,2026,5,4870612,3.06349796,,,,
3.459522525,0.014809943,0.000967787,5.320154948,0.028920423,0.002038728,0.652551861,0.015787416,0.007962143,2026,5,4360516,1.81000669,,,,
14.86205868,0.209831461,0.006,,,,,0.544833008,0.260387847,2026,5,4434153,15.52350108,230.0685084,1.344824,0.059919462,0.714596559
,,,27.19372232,0.152472814,0.006284769,3.14338451,0.035713139,0.019999358,2026,5,15835,6.75110645,,,,
11.37106487,0.063734359,0.00206,13.0115487,0.071038703,0.002929118,1.388263492,0.03487828,0.017225028,2026,5,4430968,4.62379948,,,,
6.187756371,0.055171768,0.001974018,13.10960691,0.085397981,0.006052172,1.594552545,0.025724608,0.013162243,2026,5,3915411,4.35811326,,,,
,,,26.26237282,0.102707711,0.005459914,2.456547306,0.030294115,0.016964704,2026,5,4367209,5.67681927,,,,
,,,21.14217608,0.209897138,0.011459142,2.097452786,0.032939942,0.018446367,2026,5,4430802,5.45794877,,,,
3.137401043,0.0246468,0.000988,5.339943444,0.040953111,0.00200597,0.417242499,0.018983074,0.009566699,2026,5,3676833,1.82599594,,,,
26.04761249,0.175346586,0.005111522,,,,,0.494808946,0.236102895,2026,5,4596472,12.92264292,208.8586149,0.928824,0.042171379,1.219639228
0.764961478,0.006225231,0.000379,21.6004733,0.087195768,0.006485037,1.918861111,0.03742975,0.020728618,2026,5,4569371,4.88700888,,,,
,,,12.17580126,0.061530865,0.004360705,0.902289662,0.014597839,0.00817479,2026,5,4242433,2.48181201,,,,
1.473188625,0.010730745,0.000701,27.27620327,0.131161979,0.009246188,1.70835639,0.032057431,0.01751031,2026,5,4040655,5.42037168,,,,
8.723545711,0.064812093,0.00362,14.54743031,0.064014932,0.003251116,2.012665679,0.035074522,0.017864467,2026,5,4601080,5.12346063,,,,
,,,18.19751332,0.117891401,0.005935375,1.854532784,0.025444329,0.014248824,2026,5,4036131,4.36567762,,,,
,,,22.52918411,0.171867207,0.005765145,2.168242075,0.04012132,0.022467939,2026,5,3045523,5.42002014,,,,
,,,28.55797226,0.144215632,0.00654782,2.183213825,0.039946186,0.022369864,2026,5,5220680,5.87371676,,,,
16.77244639,0.121028582,0.003052026,3.508276655,0.014517828,0.000754998,0.486851214,0.037411075,0.017627616,2026,5,4686468,3.3405111,,,,
,,,10.27182667,0.072581732,0.003233924,1.145854441,0.012972793,0.007264764,2026,5,4258595,2.60080842,,,,
,,,9.77161763,0.103138311,0.007309433,1.045131234,0.00890218,0.004985221,2026,5,3930086,2.64600649,,,,
17.46118602,0.159883584,0.00569,6.388591236,0.032894233,0.001210938,0.790292252,0.042036768,0.020016287,2026,5,4912274,4.30681618,,,,
,,,31.87067494,0.190005769,0.011886699,2.13454155,0.027338941,0.015309807,2026,5,4361409,6.45551744,,,,
,,,28.7450698,0.361749089,0.013126187,2.792719495,0.035671636,0.019976116,2026,5,4242557,7.82496315,,,,
11.61286159,0.079088859,0.0037,,,,,0.025204808,0.011594211,2026,5,4685555,1.62069689,,,,
,,,6.220399354,0.031561821,0.002208184,0.563870625,0.011277413,0.006315351,2026,5,4431268,1.63749349,,,,
,,,21.32616365,0.117378895,0.003672434,1.833326814,0.036666536,0.02053326,2026,5,4430191,4.74788725,,,,
,,,7.89783927,0.058615615,0.002126887,0.560403631,0.010253685,0.005742064,2026,5,4710855,1.69492149,,,,
13.89270155,0.104655327,0.00531,1.738075455,0.009289693,0.00053,0.244545698,0.028235434,0.013198523,2026,5,4832846,2.47732047,,,,
26.49359255,0.152538308,0.004139585,,,,,0.626186844,0.298621279,2026,5,4035671,14.05368713,201.3700414,1.007538,0.048018325,0.559744444
1.311045329,0.008026429,0.000670417,30.68274457,0.223800058,0.018524108,2.103592831,0.036851482,0.020246963,2026,5,4431280,6.69279787,,,,
1.827964481,0.011711949,0.000978254,19.8291229,0.092766747,0.007678377,1.617642644,0.039819162,0.0215521,2026,5,4686472,4.4565705,,,,
0.726727906,0.006016314,0.000305143,2.096671573,0.01135312,0.000647724,0.195612279,0.005896714,0.0030704,2026,5,4430656,0.767982,,,,
10.50564068,0.109916841,0.003204182,,,,,0.026872796,0.012361486,2026,5,4430871,1.69245851,,,,
,,,2.289278642,0.016233048,0.000723273,0.186352012,0.003409676,0.001909419,2026,5,4869748,0.57170802,,,,
,,,12.2296421,0.094331131,0.003345213,0.943060222,0.017255139,0.009662878,2026,5,4597703,2.72656914,,,,
,,,24.47623955,0.142457928,0.007592363,1.465478748,0.026813812,0.015015735,2026,5,4613202,4.79365882,,,,
1.141612055,0.006868302,0.000353356,3.30719196,0.023043616,0.001030486,0.451999094,0.006273696,0.003274461,2026,5,4911851,1.07273537,,,,
,,,12.43172994,0.083477205,0.00321657,0.946306255,0.013671494,0.007656037,2026,5,16731,2.68182474,,,,
,,,17.50398324,0.086049409,0.004101035,1.29685676,0.021864737,0.012244253,2026,5,2576581,3.58120767,,,,
,,,17.38654801,0.116926494,0.007430711,1.428730675,0.026141434,0.014639203,2026,5,4241983,3.85521746,,,,
10.87554222,0.069171341,0.002239938,1.80291368,0.008904333,0.000367027,0.249808274,0.026667774,0.012481924,2026,5,4685279,1.96705999,,,,
,,,14.22456336,0.060015894,0.00247,1.164282611,0.018667737,0.010453932,2026,5,4241372,2.93135905,,,,
,,,8.658083809,0.080058521,0.004266757,0.847517942,0.010312796,0.005775166,2026,5,4831959,2.19093303,,,,
,,,11.15314673,0.077343988,0.00545232,0.878928103,0.008556002,0.004791361,2026,5,4429148,2.45985422,,,,
19.71364305,0.162385864,0.00651,3.37503652,0.025508696,0.00124947,0.484160762,0.036252178,0.017008969,2026,5,4429676,3.90285708,,,,
,,,2.094239707,0.016724395,0.000593088,0.203775596,0.002479589,0.00138857,2026,5,4678006,0.51202037,,,,
,,,15.08149178,0.091024164,0.006769768,1.710827447,0.020817747,0.011657938,2026,5,4808766,3.75589487,,,,
,,,14.13077526,0.099210696,0.005287481,1.078747899,0.019737812,0.011053175,2026,5,4695193,3.09484689,,,,
24.21258147,0.137410188,0.00445,8.990709542,0.035814102,0.00147622,1.251889705,0.077674703,0.0369601,2026,5,4360238,5.55154879,,,,
,,,19.93276036,0.131435532,0.009195725,1.358235107,0.024851579,0.013916884,2026,5,4883647,4.13133602,,,,
5.340276336,0.031687658,0.002646747,7.899786485,0.035777253,0.002961311,0.976773464,0.023208046,0.011696295,2026,5,4362748,2.7140971,,,,
,,,2.543159162,0.016915569,0.000613787,0.204509584,0.002619333,0.001466827,2026,5,4360797,0.55868183,,,,
,,,21.91287334,0.046501055,0.002471984,1.593170915,0.029150191,0.016324107,2026,5,4685307,4.04372736,,,,
6.97695684,0.050191933,0.002545695,4.946493032,0.023029862,0.001313911,0.717168624,0.033836196,0.01664934,2026,5,4240631,2.32415891,,,,
2.288500552,0.011472204,0.000638,14.10473578,0.093311518,0.002919438,1.374548422,0.032876236,0.017638075,2026,5,4431487,3.61528311,,,,
,,,4.601835437,0.043150681,0.001340305,0.535479348,0.006515838,0.003648869,2026,5,4427834,1.25012205,,,,
,,,25.71044697,0.078206862,0.004067138,2.181906349,0.039922263,0.022356467,2026,5,3051889,5.18666956,,,,
,,,11.45597506,0.070570991,0.002207955,1.297660551,0.019742856,0.011056,2026,5,3054212,2.84950931,,,,
,,,25.50805443,0.19389467,0.00867076,1.770082147,0.03238713,0.018136793,2026,5,4879194,5.50080808,,,,
,,,20.65629703,0.120390863,0.006061213,1.582863231,0.028961592,0.016218492,2026,5,4879276,4.35128555,,,,
,,,12.04992321,0.095978325,0.006004373,1.235451057,0.01581807,0.008858119,2026,5,3043275,3.01102344,,,,
,,,2.113733749,0.016904899,0.000828038,0.228283722,0.002222248,0.001244459,2026,5,4372096,0.54031233,,,,
4.197859835,0.020789993,0.00116,1.530724414,0.008123226,0.000412553,0.254591523,0.008238661,0.00396853,2026,5,4722893,0.99635511,,,,
,,,7.494151302,0.054712699,0.001985269,0.679846837,0.012617373,0.007065729,2026,5,4569382,1.74771024,,,,
,,,14.87435366,0.061222289,0.002523518,1.555304159,0.015140243,0.008478536,2026,5,3052096,3.39856282,,,,
,,,13.22849856,0.067346255,0.002595007,0.987325304,0.018065056,0.010116431,2026,5,4431466,2.69968684,,,,
1.286741385,0.00787659,0.000548,,,,,0.004393823,0.002021159,2026,5,4698597,0.2920248,,,,
,,,14.60770467,0.037760099,0.001963709,1.094534807,0.020026664,0.011214932,2026,5,4061956,2.76389202,,,,
3.2116272,0.030507789,0.00122,1.7925935,0.009470708,0.000463895,0.252079227,0.007220683,0.003494874,2026,5,4383396,0.98894112,,,,
2.837550732,0.02103037,0.000613056,16.88356991,0.096357529,0.004374919,1.244783723,0.032514263,0.017234137,2026,5,4608810,3.97953992,,,,
,,,10.17913871,0.052010536,0.002478774,0.835881999,0.015294103,0.008564698,2026,5,4696882,2.15409104,,,,
,,,7.081496063,0.066708722,0.002455753,0.75848238,0.007383512,0.004134767,2026,5,4242392,1.86372129,,,,
2.369875606,0.01376871,0.000708363,3.069520474,0.025162557,0.001125242,0.478570055,0.010634278,0.005383879,2026,5,2576336,1.26774501,,,,
,,,19.75463786,0.160557303,0.007386181,1.362849973,0.019948814,0.011171336,2026,5,4567156,4.29461407,,,,
,,,2.278263702,0.016951107,0.000860893,0.183344073,0.00335464,0.001878598,2026,5,4808839,0.51093048,,,,
,,,2.550328691,0.013066879,0.000830404,0.204571133,0.003743031,0.002096097,2026,5,5150247,0.6165357,,,,
,,,6.568499815,0.035073218,0.002001015,0.56854654,0.010402676,0.005825498,2026,5,4565185,1.42846166,,,,
,,,7.250035229,0.065107851,0.00218399,0.770969143,0.009739759,0.005454265,2026,5,4426844,1.88033662,,,,
,,,5.550104866,0.045834771,0.001423675,0.45364254,0.008300281,0.004648158,2026,5,5092508,1.27743169,,,,
,,,9.558853355,0.08677318,0.003991861,0.73273038,0.014654608,0.00820658,2026,5,4361577,2.21383185,,,,
,,,6.861070325,0.040058001,0.001253295,0.582131416,0.010651238,0.005964693,2026,5,4259305,1.52113044,,,,
,,,6.648503228,0.027849249,0.0011483,0.504856388,0.009237339,0.00517291,2026,5,4685553,1.32899658,,,,
,,,6.989685555,0.05712131,0.001774247,0.836668001,0.01071898,0.006002629,2026,5,3127310,1.87019085,,,,
,,,14.27514833,0.083865594,0.005246604,1.230783968,0.024615679,0.01378478,2026,5,3917914,3.18220422,,,,
,,,4.689588568,0.02670323,0.001307981,0.34160901,0.00683218,0.003826021,2026,5,4426485,0.96593177,,,,
,,,6.596542129,0.053562075,0.002623584,0.686447993,0.008352859,0.004677601,2026,5,4360967,1.66358742,,,,
,,,6.421275664,0.043888354,0.001955473,0.65439236,0.007962799,0.004459167,2026,5,4685504,1.55505266,,,,
,,,3.642521404,0.016442398,0.000783629,0.339707822,0.006215622,0.003480748,2026,5,4690143,0.88736818,,,,
,,,8.532732949,0.06879921,0.005694565,0.863905885,0.008409767,0.004709469,2026,5,3911853,2.13216663,,,,
,,,13.18265334,0.091091549,0.004341339,1.409607429,0.017152432,0.009605362,2026,5,4432260,3.26434701,,,,
,,,1.902878395,0.014666394,0.00103941,0.204845883,0.002492612,0.001395863,2026,5,4573699,0.48248518,,,,
,,,3.256540959,0.016662248,0.001174595,0.416948486,0.003584295,0.002007205,2026,5,2975417,0.84100565,,,,
,,,11.99632637,0.070947911,0.002925374,1.180011139,0.014358651,0.008040844,2026,5,4241263,2.7954795,,,,
1.286337621,0.009284284,0.000318,10.29870755,0.051770071,0.00199482,0.745564479,0.018138571,0.009707899,2026,5,4575665,2.32820298,,,,
,,,1.653680253,0.00856589,0.000456523,0.218956661,0.001882259,0.001054065,2026,5,4039505,0.43457462,,,,
6.214831467,0.033235585,0.002313942,5.28936395,0.032111714,0.0016167,0.722676436,0.018598625,0.009176616,2026,5,5081999,2.25517862,,,,
,,,9.328617216,0.069732986,0.005186272,1.184791066,0.011533451,0.006458733,2026,5,4361372,2.53380998,,,,
,,,8.043869423,0.029010215,0.001542175,0.756205357,0.009201683,0.005152943,2026,5,4880236,1.72767505,,,,
,,,8.355597951,0.055165228,0.002125644,0.892282111,0.010857497,0.006080198,2026,5,4040612,2.05121097,,,,
,,,3.824197648,0.014662547,0.000665723,0.332582768,0.006085255,0.003407743,2026,5,5097554,0.82328423,,,,
,,,2.30460109,0.013855312,0.000720544,0.204574157,0.002696873,0.001510249,2026,5,2998565,0.51665813,,,,
,,,6.097728941,0.06015484,0.004979064,0.686373492,0.008351953,0.004677093,2026,5,4383440,1.65789957,,,,
,,,2.003209799,0.010920526,0.000411988,0.231078573,0.002811818,0.001574618,2026,5,4426496,0.49467185,,,,
,,,1.934831812,0.01834787,0.000844064,0.211167653,0.002569537,0.001438941,2026,5,4690923,0.5136161,,,,
,,,6.324389599,0.055324612,0.003020396,0.639261996,0.009357243,0.005240056,2026,5,4035656,1.59945651,,,,
,,,3.107184053,0.020447883,0.000974527,0.379599538,0.003695245,0.002069337,2026,5,3052897,0.81091342,,,,
,,,6.274868902,0.049755818,0.00252694,0.656010912,0.007982494,0.004470196,2026,5,4362018,1.5783568,,,,
,,,5.06430305,0.022775733,0.000939105,0.634542011,0.007989823,0.004474301,2026,5,3917668,1.27076752,,,,
,,,10.69260827,0.103266423,0.003895827,1.208707779,0.01392161,0.007796102,2026,5,3843945,2.89013439,,,,
,,,5.821155085,0.052601934,0.001865393,0.627195718,0.007631864,0.004273844,2026,5,2975863,1.52030753,,,,
,,,1.656552341,0.010448819,0.000530662,0.245839327,0.002113356,0.001183479,2026,5,2515270,0.47293764,,,,
,,,11.22786123,0.101230697,0.004526927,1.043998916,0.012703622,0.007114028,2026,5,4686248,2.76933042,,,,
3.158978734,0.022730499,0.001738176,1.782447787,0.009928235,0.000630942,0.252237183,0.006914999,0.003354368,2026,5,4241961,0.94054414,,,,
,,,7.252893556,0.03589832,0.001354299,0.551679589,0.010094062,0.005652675,2026,5,4430681,1.48402851,,,,
,,,8.701119981,0.027006476,0.001435657,0.660530993,0.012085712,0.006767999,2026,5,4369466,1.68233636,,,,
,,,3.827937858,0.040946627,0.001883684,0.407198495,0.006772174,0.003792418,2026,5,4048228,1.03203337,,,,
,,,3.991455587,0.029333266,0.001673536,0.445459756,0.005420458,0.003035457,2026,5,4708049,1.01802447,,,,
,,,3.40718767,0.018060076,0.000640455,0.456683882,0.00392588,0.002198493,2026,5,4243176,0.90275083,,,,
,,,1.768452554,0.007571681,0.000626714,0.24027795,0.002065548,0.001156707,2026,5,3929914,0.46154785,,,,
,,,2.140724739,0.012308457,0.0006401,0.19911122,0.002422832,0.001356786,2026,5,4722908,0.48566526,,,,
,,,6.433177249,0.033277213,0.001372109,0.53308345,0.010661669,0.005970535,2026,5,4362477,1.49326958,,,,
,,,4.929188801,0.032141762,0.001325292,0.273946154,0.004925631,0.002758353,2026,5,3051738,0.95697968,,,,
,,,4.492931807,0.032477785,0.002063972,0.48489766,0.005900348,0.003304195,2026,5,4045305,1.1267331,,,,
,,,1.936165299,0.018299236,0.000841827,0.202258903,0.002461133,0.001378235,2026,5,4361088,0.50466283,,,,
,,,9.13368529,0.083005294,0.003011875,0.921827221,0.011217008,0.006281525,2026,5,4426553,2.32698461,,,,
,,,10.51004747,0.030797451,0.002154706,1.092089645,0.012906228,0.007227488,2026,5,4361516,2.31807433,,,,
,,,2.17535961,0.010592962,0.000662692,0.166959618,0.003054854,0.001710718,2026,5,4369886,0.4460377,,,,
1.454375285,0.011301516,0.000285,,,,,0.004714577,0.002168705,2026,5,4683151,0.20960341,,,,
,,,4.527343242,0.027035162,0.001905828,0.358372058,0.006557121,0.003671988,2026,5,4257188,1.22756625,,,,
,,,4.722485547,0.036859125,0.001871958,0.409416486,0.007491079,0.004195004,2026,5,4241424,1.0983717,,,,
,,,1.862218341,0.012219915,0.000554821,0.185889859,0.002261951,0.001266693,2026,5,4372505,0.44406714,,,,
,,,3.605978638,0.024814877,0.001552411,0.377156052,0.004589323,0.002570021,2026,5,4035020,0.88472916,,,,
,,,4.565695263,0.044171798,0.001481707,0.483314329,0.005881081,0.003293406,2026,5,4239944,1.20144665,,,,
,,,5.030293025,0.025987903,0.001651538,0.417063058,0.007630988,0.004273353,2026,5,4401805,1.09695783,,,,
,,,4.093683355,0.029499689,0.000922957,0.495719468,0.00603203,0.003377937,2026,5,4431346,1.07733498,,,,
,,,2.185420669,0.013101139,0.000494253,0.230541599,0.002805284,0.001570959,2026,5,4362504,0.52561089,,,,
,,,9.000002326,0.077755564,0.002415168,1.142263412,0.013575942,0.007602528,2026,5,3050481,2.49878051,,,,
1.433089875,0.016870796,0.000673454,85.19417254,0.631441379,0.030797841,7.583220119,0.093441828,0.052019775,2026,6,4241389,20.09718845,,,,
35.28954025,0.852599061,0.030270072,,,,,0.650911866,0.310093967,2026,6,3918298,22.78055422,244.616418,1.506132,0.105915892,0.671261441
101.1984341,0.792470718,0.027269517,32.7213921,0.174487743,0.01097526,3.216587923,0.261184037,0.123790082,2026,6,4430807,22.2461307,,,,
,,,92.05549528,0.60628942,0.021583516,6.971468594,0.113538285,0.06358144,2026,6,4430878,19.73375879,,,,
71.97434389,0.859345224,0.029006757,37.41207234,0.245437542,0.009319118,4.241107147,0.128015983,0.061446801,2026,6,3117251,21.76558151,,,,
4.868233858,0.095712366,0.003498155,98.16370559,0.681025092,0.024665438,6.873168266,0.115074506,0.063235126,2026,6,4426515,21.76967989,,,,
89.52352546,0.932312522,0.023263385,23.18038582,0.080105665,0.004122098,2.700971302,0.216704817,0.102154362,2026,6,4242335,19.90205779,,,,
97.42492583,0.779575783,0.027677505,15.95202442,0.094928929,0.006675698,2.043241779,0.275986261,0.129666562,2026,6,4379399,18.44459836,,,,
,,,59.99975684,0.4609092,0.015859545,7.286528431,0.073539771,0.041182272,2026,6,4361307,16.00325786,,,,
103.3184428,1.080771051,0.0289,12.22697649,0.06265458,0.002941105,1.43813033,0.162107967,0.075561722,2026,6,3043078,19.77006281,,,,
,,,71.56026141,0.62838481,0.039418246,6.494494804,0.055318569,0.030978398,2026,6,4432665,17.4391675,,,,
41.22532673,0.250040635,0.00668,,,,,0.472076915,0.224954941,2026,6,3916387,19.57738243,240.7123322,1.399538,0.065696536,0.489681265
99.04458151,1.066281464,0.042471679,25.40151496,0.2157326,0.010499248,2.842952186,0.12390131,0.058440428,2026,6,4567048,22.97197722,,,,
62.80754735,0.596566138,0.045,36.6302032,0.210807545,0.013223845,4.339470548,0.11746657,0.056522724,2026,6,4890973,19.13399194,,,,
,,,82.28314869,0.485930051,0.024266175,6.658725655,0.103499485,0.057959712,2026,6,4361370,17.73796376,,,,
1.67051464,0.013854235,0.000476735,79.27406458,0.35809302,0.022524012,5.352416382,0.092847659,0.05149403,2026,6,4426502,15.62402527,,,,
1.158705661,0.008214596,0.000303027,76.32604435,0.441358804,0.016837296,6.167933337,0.094598341,0.052644537,2026,6,4258173,16.54533631,,,,
,,,63.480533,0.470678367,0.022956806,4.778606609,0.095572132,0.053520394,2026,6,4426354,13.89212893,,,,
76.55844538,1.000322059,0.039931186,16.85356091,0.089474194,0.004364003,2.870197725,0.196156845,0.092887814,2026,6,4361579,18.65816862,,,,
83.67604466,0.489207854,0.0156,14.53432116,0.101908228,0.004133968,1.765373467,0.119971176,0.05627713,2026,6,3929630,15.06318822,,,,
,,,73.302563,0.665683283,0.024109787,4.280746198,0.058162909,0.032571229,2026,6,16800,15.58971531,,,,
,,,64.85157037,0.308255589,0.023093076,6.284097824,0.118083106,0.06612654,2026,6,4569618,14.53584147,,,,
3.639146821,0.02850296,0.000762,82.86571861,0.322601644,0.015143433,5.382706714,0.100716848,0.055420877,2026,6,4429615,16.06344799,,,,
68.75504284,0.813098551,0.0297,23.57082954,0.209045732,0.00757124,3.309783953,0.183473387,0.087758372,2026,6,4430737,18.57910463,,,,
1.858131196,0.04494289,0.001121431,46.03102548,0.300054114,0.015440264,5.111609182,0.063979038,0.035204196,2026,6,4431459,11.93491387,,,,
57.45216379,0.299479906,0.0132,16.18247416,0.08950141,0.003079677,2.533884107,0.114233664,0.054290087,2026,6,4870808,12.15823298,,,,
,,,67.56033405,0.394521322,0.016003992,5.525114292,0.079308965,0.04441302,2026,6,4241478,14.59355157,,,,
,,,65.10340273,0.478525912,0.033440577,4.798211374,0.070987762,0.039753147,2026,6,4595348,14.16895398,,,,
,,,75.55505072,0.503815234,0.020606113,5.463694469,0.109273889,0.061193378,2026,6,4685472,15.96380242,,,,
53.62523745,0.376394086,0.0124,9.610451122,0.031065502,0.00129862,1.441217806,0.218756066,0.102751909,2026,6,4685382,10.03721561,,,,
,,,64.22967935,0.537564898,0.026162144,5.200939472,0.104018789,0.058250522,2026,6,4428331,14.78786804,,,,
76.52275731,0.622264579,0.040310209,14.65512206,0.060660068,0.004239076,1.785810154,0.348449221,0.163530232,2026,6,4696981,14.77236408,,,,
67.10785093,0.503618932,0.0309,22.64110884,0.106457349,0.00797529,2.954225731,0.142513151,0.067795893,2026,6,4427366,15.53550019,,,,
26.59651634,0.449829205,0.014335681,,,,,0.466122192,0.222344174,2026,6,4040715,18.50912649,224.324504,1.449966,0.058818731,0.668132504
,,,65.17868659,0.549384723,0.020859812,4.645298847,0.044244031,0.024776657,2026,6,3040151,14.45281215,,,,
21.73749174,0.275948438,0.009314498,,,,,0.348561777,0.166442389,2026,6,4361741,21.8443119,263.2409295,2.25708,0.085699989,0.704704639
82.97353607,0.363725364,0.0107,18.552781,0.089142929,0.00409116,2.317508456,0.193955964,0.091397884,2026,6,4596448,15.03925447,,,,
53.20115554,0.4340677,0.012563587,17.06736381,0.050817885,0.00229089,2.085039067,0.189434067,0.089663354,2026,6,4259545,11.87659076,,,,
0.766428878,0.004754079,0.000140086,45.57529915,0.236833355,0.010869322,2.905022418,0.044617374,0.024776239,2026,6,4567750,8.96236216,,,,
56.42407261,0.498348738,0.027768174,21.73593841,0.119747327,0.006062169,3.045990292,0.078646775,0.037486758,2026,6,4685702,14.56533095,,,,
18.08652454,0.186871648,0.007443394,,,,,0.31346228,0.149858301,2026,6,3139477,19.42114385,246.2126955,1.99607,0.097144496,0.629632745
,,,51.73618637,0.204545556,0.008550545,4.32774006,0.070525922,0.039494516,2026,6,4612826,10.66860409,,,,
,,,50.77162708,0.350606315,0.017063266,3.950207446,0.048807642,0.02733228,2026,6,15847,11.11176002,,,,
,,,70.96049362,0.561810011,0.017308186,5.112058283,0.083102391,0.046537339,2026,6,4248528,15.52270541,,,,
0.632223624,0.004337887,0.00022361,63.12253892,0.505838617,0.022664911,4.49968093,0.092738776,0.051659199,2026,6,4432620,14.112499,,,,
0.662378592,0.003338667,0.000282022,53.2027731,0.161480237,0.013517127,4.48746455,0.068026255,0.037919461,2026,6,4372016,10.81644652,,,,
3.018867671,0.030401155,0.00108,62.76310568,0.351501338,0.024718669,4.391089967,0.074798399,0.041074056,2026,6,3915416,13.23212549,,,,
14.22415927,0.162451883,0.00648,,,,,0.348875017,0.166891004,2026,6,2577417,19.21736916,253.8352717,1.963996,0.095791688,0.534577149
69.82187991,0.480691595,0.0272,14.13766186,0.099967636,0.00408869,2.192230487,0.128706248,0.060713495,2026,6,4241416,14.01668644,,,,
47.79284396,0.411701122,0.01518718,13.34902042,0.037180776,0.001418401,1.94942257,0.097387696,0.046111719,2026,6,4035538,10.70046212,,,,
67.63507842,0.488737152,0.02519352,14.95332037,0.088725565,0.003975491,1.863589325,0.148068158,0.06959417,2026,6,4882093,13.51026119,,,,
,,,48.58837189,0.434127478,0.021977561,4.712573755,0.055692819,0.031187978,2026,6,5083076,12.15922498,,,,
,,,62.80033362,0.367500019,0.017161059,4.531892069,0.066843698,0.037432471,2026,6,3121422,12.97814672,,,,
58.38067715,0.193037676,0.0226,25.45038165,0.132323979,0.007357175,3.2190581,0.171673133,0.082358696,2026,6,4569987,13.45406087,,,,
,,,62.81381282,0.559764683,0.021253933,4.187369213,0.053631302,0.030033529,2026,6,16737,13.8111954,,,,
,,,39.03456422,0.282000389,0.012712687,3.383106535,0.032933143,0.01844256,2026,6,4723086,8.96797555,,,,
2.658536481,0.019727837,0.000570999,54.29701607,0.205197862,0.009250399,4.320890086,0.0827281,0.045420838,2026,6,4685278,11.29698466,,,,
33.41255284,0.161769395,0.00909,,,,,0.760200211,0.362559056,2026,6,4431452,17.87322189,242.5140418,1.564032,0.083400838,0.937621502
46.74287919,0.377168747,0.021190655,23.30062355,0.130532126,0.006960528,2.842969153,0.181269105,0.086984374,2026,6,4569173,12.78064628,,,,
,,,59.01451423,0.419847772,0.029340003,5.030765435,0.078784907,0.044119548,2026,6,4361050,13.4238264,,,,
,,,43.8826993,0.199779726,0.014049132,3.642460869,0.053556305,0.029991531,2026,6,4385690,9.19894036,,,,
2.915991956,0.050930336,0.001861434,,,,,0.358514409,0.171756066,2026,6,12483,18.92695152,273.8057467,2.310714,0.083689683,0.85119283
,,,56.58503896,0.298241861,0.016582162,3.806887503,0.063447094,0.035530373,2026,6,4047650,11.21862014,,,,
16.0768856,0.216184159,0.011143904,,,,,0.387843176,0.185358553,2026,6,4360310,18.70476359,244.6520933,1.91004,0.085582409,0.72963459
,,,67.99605996,0.329740277,0.01134612,5.336473919,0.076819485,0.043018911,2026,6,4360761,14.053204,,,,
,,,51.99759026,0.290139615,0.013079607,3.248430665,0.057984136,0.032471116,2026,6,4431299,10.15177436,,,,
53.06934306,0.340829858,0.01914901,9.893636058,0.04790913,0.002554719,1.400195918,0.096323111,0.045296554,2026,6,4432710,9.98428611,,,,
26.18989178,0.197554722,0.00572,,,,,0.523136158,0.249800305,2026,6,4431611,15.44388382,224.714699,1.069224,0.048201034,0.623979554
,,,71.51651166,0.262931587,0.018447284,4.811072586,0.088028024,0.049295693,2026,6,4871023,13.48093846,,,,
1.149027639,0.007526326,0.000412261,69.14184073,0.447857016,0.013797533,4.72416538,0.072172161,0.040114225,2026,6,4701936,14.43565141,,,,
0.789837656,0.012040495,0.000659529,50.73138129,0.285385476,0.008792127,4.874118681,0.064298059,0.035745643,2026,6,4572680,11.75990643,,,,
71.74740919,0.401091074,0.018806896,13.69036491,0.02996848,0.002102589,2.274133811,0.122683036,0.057912913,2026,6,3916148,13.33350169,,,,
47.40701422,0.179175271,0.0101,,,,,0.517136922,0.246208943,2026,6,4426348,18.54551342,227.646226,1.235614,0.057699168,0.487702558
18.64481262,0.201473276,0.013913239,,,,,0.648293076,0.309927353,2026,6,4360689,17.91126541,246.3099148,1.72354,0.086069433,0.752911368
,,,48.44089035,0.19124559,0.008930549,4.679923739,0.07373818,0.041293381,2026,6,2976212,10.60870465,,,,
,,,61.57681158,0.391959071,0.01603118,5.344455832,0.089723308,0.050245052,2026,6,4695883,13.85725675,,,,
11.34262938,0.118213689,0.003990242,44.51095397,0.436981554,0.01659193,3.357330103,0.106747104,0.055818328,2026,6,3126486,12.24357704,,,,
14.82436914,0.14862336,0.00840611,,,,,0.435313722,0.208337283,2026,6,4685720,17.83376615,253.1913099,1.72354,0.070493024,0.657433513
,,,57.63168951,0.27210477,0.014002039,4.787103889,0.067900386,0.038024216,2026,6,4688813,12.13665111,,,,
43.04546391,0.33562574,0.00971,10.1765595,0.045781419,0.002063844,1.270073662,0.051191742,0.02409411,2026,6,4608686,8.85742843,,,,
,,,41.10543902,0.368218082,0.017284741,4.086349093,0.052573289,0.029441042,2026,6,3116365,10.38327488,,,,
,,,43.94138832,0.330510855,0.027666278,3.354606767,0.056250956,0.031500535,2026,6,3128429,9.72563022,,,,
,,,45.89842021,0.329791549,0.01337819,4.131007328,0.049164034,0.027531859,2026,6,3121023,10.6725873,,,,
58.84021973,0.330754027,0.027939292,5.62617104,0.023217557,0.001943486,1.002439781,0.067249442,0.031384044,2026,6,4241985,9.57168183,,,,
,,,42.50029839,0.38578988,0.019265417,4.208799881,0.063661014,0.035650168,2026,6,3929645,10.7424795,,,,
,,,24.79437903,0.284233952,0.01386319,3.042721639,0.054554562,0.030550555,2026,6,4242355,7.19562852,,,,
16.99022805,0.163730108,0.01383053,,,,,0.5161275,0.246618809,2026,6,4426338,14.38870003,222.3414612,1.138914,0.095335782,0.74036644
0.704666689,0.006625301,0.000341522,43.45965537,0.403612077,0.018084487,3.860054224,0.062033161,0.034525563,2026,6,3916433,10.70734959,,,,
,,,35.11165219,0.135465096,0.00852074,2.639263529,0.022480622,0.012589148,2026,6,4360248,6.95567591,,,,
20.1604448,0.128494037,0.0109,27.65652356,0.161316463,0.013503417,4.145820452,0.078491214,0.039580052,2026,6,4568490,10.66938813,,,,
,,,34.82719346,0.138238109,0.007685999,3.621387561,0.061183591,0.034262811,2026,6,4035687,7.88199594,,,,
,,,56.60589068,0.390873717,0.019787853,4.175002059,0.076389864,0.042778324,2026,6,4832800,12.13686849,,,,
39.6098104,0.215842494,0.00884,5.553138377,0.029147594,0.001037636,0.632205327,0.10449284,0.048728678,2026,6,4887558,6.54349865,,,,
,,,26.19194215,0.18715742,0.006439949,1.852077103,0.028865831,0.016164865,2026,6,4432708,5.57552801,,,,
,,,45.6704929,0.389364439,0.018949542,3.072486548,0.039352024,0.022037133,2026,6,4683062,9.97058529,,,,
45.09845842,0.250873218,0.0141,4.935444147,0.028266062,0.001319933,0.735657184,0.16138959,0.075247017,2026,6,4575131,7.29848895,,,,
36.54452408,0.130661387,0.0153,10.25862535,0.056381565,0.003134799,1.52317979,0.080185604,0.038077199,2026,6,4038815,7.28858565,,,,
46.03115669,0.397344746,0.0145,7.418766184,0.036833745,0.001334048,0.934582006,0.078667288,0.036847374,2026,6,4429096,8.84469459,,,,
45.95549686,0.275464016,0.019022854,21.0274877,0.079535449,0.003971809,3.23683188,0.10525794,0.050850262,2026,6,3054850,12.01219393,,,,
21.35398289,0.102020668,0.003350462,,,,,0.605823923,0.289415398,2026,6,4038941,12.86203412,222.7045266,0.880194,0.036794434,0.915962118
28.30452182,0.221987873,0.0136,8.252455184,0.042111547,0.003154801,1.238745825,0.062749726,0.029828897,2026,6,4685247,6.45454785,,,,
,,,44.42170455,0.399241955,0.019937181,4.141214932,0.06061733,0.033945705,2026,6,4569559,10.95242207,,,,
,,,35.72028438,0.265675173,0.011904003,2.406894424,0.035485708,0.019871997,2026,6,4432773,7.55797391,,,,
18.70370326,0.095078237,0.0028,16.87826597,0.102898953,0.004722484,2.204509501,0.055599679,0.027462111,2026,6,4371733,6.93934345,,,,
1.506333639,0.009711196,0.000455,40.49865034,0.121977502,0.008557943,4.007973737,0.058893339,0.032622442,2026,6,4569587,8.95293932,,,,
,,,51.24409099,0.375137163,0.020003909,3.721902266,0.071426482,0.03999883,2026,6,4361432,11.0590285,,,,
23.1917941,0.118706147,0.006670022,13.81409548,0.099103309,0.004627803,2.291803715,0.072959093,0.035639726,2026,6,4697815,7.29423592,,,,
,,,44.99170642,0.252772761,0.017775768,3.901123534,0.06743282,0.037762379,2026,6,4373678,9.87873952,,,,
55.49919061,0.437615971,0.0179,15.06162947,0.050162455,0.001785751,2.002941722,0.05226328,0.02472984,2026,6,4426385,11.97698611,,,,
2.502222524,0.016475703,0.000485,28.36117628,0.067416906,0.003094058,2.676275139,0.048649738,0.026571269,2026,6,3116165,6.22127025,,,,
0.333390105,0.008196234,0.00050254,37.47984847,0.199302618,0.014930826,3.822652703,0.047997811,0.026730486,2026,6,5083315,8.82764143,,,,
3.486353189,0.027460622,0.001530116,47.85195365,0.177246994,0.008973071,4.343952232,0.091792375,0.050172606,2026,6,4870653,10.71147705,,,,
1.411121981,0.011213396,0.000357362,31.84329817,0.215283451,0.008733101,2.216592761,0.045308296,0.024897508,2026,6,4870795,6.87059577,,,,
7.074702846,0.040570199,0.001661578,,,,,0.431692246,0.206589236,2026,6,3912547,14.90781161,242.5717523,1.551132,0.055219307,0.83123063
26.96216838,0.162016664,0.005976608,13.22519063,0.064174793,0.00244819,1.737677494,0.075450295,0.03611231,2026,6,4429059,7.07510803,,,,
,,,40.83812746,0.263450455,0.010687024,2.844706978,0.056593992,0.031692636,2026,6,4428850,8.46870523,,,,
,,,36.36053139,0.091099107,0.003475319,4.031781102,0.046396916,0.025982273,2026,6,3117256,8.17063898,,,,
8.345162655,0.075721592,0.004147721,,,,,0.656790879,0.314593916,2026,6,4036378,18.1364555,278.3483985,1.92135,0.059192756,0.743279689
2.358207031,0.013591966,0.000446374,36.81240707,0.139078265,0.005813839,2.233021405,0.039818087,0.021584826,2026,6,4429025,7.03650498,,,,
32.77141839,0.224887125,0.012318402,13.53464024,0.091087584,0.002806217,2.09453728,0.083669665,0.040288613,2026,6,4429023,8.57287141,,,,
,,,33.72731039,0.087456597,0.003942577,3.404326606,0.068086532,0.038128458,2026,6,2973405,7.33550979,,,,
,,,32.87990247,0.239348423,0.012763076,3.087416361,0.030324946,0.01698197,2026,6,3046439,7.80385736,,,,
,,,43.27066117,0.250903314,0.012911049,4.314934842,0.077267647,0.043269882,2026,6,15818,10.08874318,,,,
12.37654071,0.057390965,0.002117087,,,,,0.513927693,0.245976595,2026,6,4432577,14.57470359,252.5841347,1.09616,0.041817158,0.552388478
21.55199297,0.130875669,0.00614,14.46948764,0.054777793,0.003843211,1.860410516,0.055994706,0.027292552,2026,6,4428557,6.54333667,,,,
42.80827812,0.349816586,0.012,6.932385361,0.047954866,0.003016356,0.859403121,0.095424562,0.044690224,2026,6,4241474,8.17305317,,,,
,,,47.15057706,0.307103158,0.019264418,3.327627599,0.042619839,0.02386711,2026,6,4428718,9.87722687,,,,
3.429335906,0.018895652,0.000774,41.34116876,0.211140508,0.007516467,2.349674291,0.057990211,0.031374846,2026,6,4032473,8.46493329,,,,
27.22593447,0.178882723,0.007880067,12.32033305,0.043776439,0.001506315,1.851162261,0.030567314,0.014697505,2026,6,4373626,7.13192574,,,,
28.14904732,0.237095301,0.008,7.410341483,0.052224804,0.001982945,0.893330334,0.066038154,0.031145502,2026,6,4696044,6.14461073,,,,
3.335368932,0.079299066,0.00599,,,,,0.49526673,0.237156506,2026,6,14880,16.77003637,255.9356966,1.913386,0.120025688,0.860532575
,,,28.47726949,0.236829302,0.009686351,2.78074632,0.023685739,0.013264014,2026,6,2576925,7.04291776,,,,
21.48529579,0.143583545,0.00458,11.2475113,0.051319881,0.002081821,1.468705667,0.059841267,0.028899683,2026,6,4431545,5.90557404,,,,
12.23066367,0.105221105,0.004635156,,,,,0.410848554,0.196607792,2026,6,2578570,13.63427758,213.2957623,1.260616267,0.043376875,0.754039729
,,,52.18058975,0.270435777,0.020259792,3.283558245,0.065671165,0.036775852,2026,6,4597500,10.09293376,,,,
,,,36.53057645,0.294203725,0.020689322,2.656227222,0.044986985,0.025192712,2026,6,4635008,8.06668844,,,,
,,,41.80102351,0.30250479,0.013554213,3.765939486,0.053194798,0.029789087,2026,6,4430539,9.73000483,,,,
11.83009476,0.205223128,0.005120799,,,,,0.59146681,0.282872694,2026,6,3917792,13.58106953,217.9699591,1.09701,0.05645023,0.756556872
,,,32.88950172,0.206441939,0.009690712,2.159325663,0.032527033,0.018215138,2026,6,4360939,6.67073662,,,,
28.6556911,0.121685207,0.003996266,13.17184497,0.068352677,0.002857322,1.908426922,0.063658137,0.030756448,2026,6,4596334,7.21715692,,,,
28.3829139,0.236443737,0.0178,3.931309219,0.023176148,0.001453827,0.513438341,0.060806935,0.028412567,2026,6,4686658,5.28587048,,,,
0.536306266,0.005771168,0.000674,31.96153944,0.204634108,0.011377598,3.523724066,0.051899063,0.028745998,2026,6,4361411,8.00391949,,,,
21.01410785,0.192276888,0.007658693,7.655303117,0.052850018,0.002572098,0.911774118,0.050529531,0.02402739,2026,6,4832955,5.23467924,,,,
30.22897836,0.248205002,0.0128,1.811740309,0.012670622,0.000567728,0.233145376,0.055976382,0.025919842,2026,6,4362619,4.97884276,,,,
,,,35.73872345,0.239588627,0.015029267,3.7668097,0.043056083,0.024111407,2026,6,4429086,8.76118353,,,,
,,,41.54772665,0.204744378,0.011383729,3.26491358,0.059738007,0.033453284,2026,6,4431492,8.6055914,,,,
,,,22.37803133,0.136745347,0.006922688,1.708979533,0.025672115,0.014376384,2026,6,4241463,4.75302536,,,,
41.9191751,0.213418118,0.01473812,10.88220898,0.054365334,0.002714874,1.503402361,0.105528048,0.049978194,2026,6,4599739,8.32797508,,,,
31.68702493,0.166325489,0.009267717,,,,,0.65832294,0.313920754,2026,6,3122840,17.4227436,228.5486855,1.457105,0.073765462,0.634952051
11.56949341,0.067952236,0.002783027,6.863954629,0.032318725,0.001150526,0.881171241,0.035967708,0.017418166,2026,6,4429835,3.30012058,,,,
6.388530344,0.032121769,0.00375,,,,,0.485526062,0.232646416,2026,6,8439,13.51081946,233.7990829,1.282008,0.071279279,0.749182617
,,,26.50627086,0.176152734,0.006270925,2.04831608,0.034510601,0.019325937,2026,6,2977187,5.73066155,,,,
,,,39.30367015,0.239619288,0.01277752,3.099092094,0.044745652,0.025057565,2026,6,2991662,8.44379675,,,,
14.7039674,0.097347354,0.0026,10.94807451,0.056579711,0.002655941,1.208770245,0.041080736,0.020025219,2026,6,4038441,4.66908427,,,,
,,,14.109775,0.069958911,0.004908318,0.958326674,0.015522693,0.008692708,2026,6,3925357,2.78189866,,,,
,,,23.50552277,0.107493531,0.004100746,1.890514256,0.027672538,0.015496621,2026,6,4429022,4.86396797,,,,
11.9049939,0.085239164,0.00522631,,,,,0.548828123,0.26256366,2026,6,15864,13.87675848,231.2208285,1.138598,0.085298471,0.64939164
13.98713246,0.087468658,0.00479,7.627982163,0.036235051,0.001116326,1.155461439,0.025587417,0.012465516,2026,6,3149687,4.04675478,,,,
0.924630633,0.018191448,0.000745,31.64449556,0.272733096,0.009709124,2.824468758,0.051991111,0.028653857,2026,6,4576297,7.79190318,,,,
35.72271151,0.256756672,0.01663266,3.528073601,0.011421802,0.000798184,0.446597302,0.06171165,0.0287084,2026,6,4241457,5.95982355,,,,
,,,39.12540448,0.263516097,0.018415158,2.636859422,0.048246523,0.027018053,2026,6,4682648,8.11456266,,,,
8.253098347,0.105274462,0.003622574,,,,,0.343491525,0.164434368,2026,6,4360423,14.15410118,232.7007418,1.164384,0.073239628,0.551168383
,,,28.06089538,0.235456822,0.014770081,1.939306941,0.033116761,0.018545386,2026,6,4382466,6.1514628,,,,
,,,26.87930053,0.167497139,0.007821573,2.205676811,0.04035719,0.022600026,2026,6,5081432,5.90350712,,,,
13.8552531,0.16662811,0.00781,,,,,0.466743915,0.223249087,2026,6,4688380,13.08555542,214.4067266,0.884146,0.062031697,0.559038417
,,,37.29821177,0.074059097,0.003095866,2.813558963,0.051479588,0.028828569,2026,6,4686612,6.93763132,,,,
,,,25.21051931,0.149930612,0.006267496,2.468192264,0.031988742,0.017913695,2026,6,4595342,5.86638147,,,,
33.46255371,0.217576217,0.01191794,3.809214789,0.018923138,0.000582982,0.555751884,0.15858088,0.073996308,2026,6,4819231,5.58312209,,,,
5.007094306,0.038279349,0.00136,1.67910685,0.010795964,0.000759206,0.227033825,0.011519907,0.005500643,2026,6,4429501,1.22140565,,,,
4.561344052,0.025620935,0.000945127,22.80027341,0.071665638,0.002733956,1.914856029,0.051380004,0.027138407,2026,6,4586312,5.2810823,,,,
,,,38.74976472,0.295359568,0.01440583,3.248950099,0.057255098,0.032062855,2026,6,5083754,8.86228193,,,,
1.178391386,0.006895719,0.000254375,44.33067741,0.139125118,0.005307452,2.769888409,0.04381323,0.02420853,2026,6,4686422,8.1607849,,,,
,,,6.513932833,0.056022701,0.002272594,0.525043885,0.009606709,0.005379757,2026,6,4715355,1.50661285,,,,
8.272789309,0.09237937,0.00598,,,,,0.37323656,0.178702265,2026,6,2969939,14.87010136,234.4620353,1.566358,0.109460981,1.019342317
,,,25.2757155,0.087142378,0.004069267,2.68939118,0.030817571,0.01725784,2026,6,4360635,5.71425585,,,,
,,,20.56827912,0.046741195,0.003912594,2.455979629,0.030488205,0.017073395,2026,6,3051876,4.76773711,,,,
,,,38.38326638,0.071386449,0.003276237,3.064796089,0.041302543,0.023129424,2026,6,4243331,7.29282705,,,,
,,,23.44120106,0.157296379,0.011035916,2.544957816,0.024774112,0.013873503,2026,6,4686728,5.82783502,,,,
,,,6.778283343,0.04306797,0.002394567,0.614522496,0.011243896,0.006296582,2026,6,4685261,1.54325162,,,,
,,,13.90677663,0.110726726,0.004010312,1.39243544,0.014143116,0.007920145,2026,6,2573401,3.44002699,,,,
10.923076,0.059831364,0.003361886,8.201110797,0.04033456,0.001883493,0.970683028,0.05601251,0.027222638,2026,6,3068267,3.44161873,,,,
,,,36.67749306,0.21610166,0.01152346,2.841839439,0.055238849,0.030933755,2026,6,4427095,7.76883612,,,,
,,,14.38841606,0.078080905,0.004911281,1.025566365,0.018764751,0.010508261,2026,6,4870612,3.03599344,,,,
3.901633194,0.0174197,0.00113,5.525186957,0.031772842,0.002220365,0.655129414,0.016056896,0.008088868,2026,6,4360516,1.91025784,,,,
9.501859615,0.050314074,0.00165,13.23283267,0.063698192,0.002662753,1.524829767,0.033700738,0.016799538,2026,6,4430968,4.47422443,,,,
7.637067353,0.067212652,0.00239,13.87817197,0.093114247,0.006548084,1.580762014,0.026563481,0.013536632,2026,6,3915411,4.68575224,,,,
,,,20.3194575,0.165684689,0.009212021,2.161610554,0.033947522,0.019010613,2026,6,4430802,5.16896125,,,,
3.194842801,0.027481369,0.0011,5.511219088,0.045735356,0.00223069,0.429279891,0.018912415,0.009558271,2026,6,3676833,1.90455753,,,,
25.78464672,0.141165907,0.004159661,,,,,0.468569678,0.223516374,2026,6,4596472,11.75804738,195.7662907,0.796536,0.036556532,1.165484002
0.719934743,0.005459797,0.000335,21.53648166,0.071138137,0.005329339,2.01938095,0.0391783,0.021716872,2026,6,4569371,4.83516992,,,,
,,,12.61334666,0.075620054,0.005317838,0.865675761,0.014005475,0.007843066,2026,6,4242433,2.5760499,,,,
1.629365082,0.012621679,0.000818,27.97397593,0.160608282,0.011223705,1.723451344,0.032423237,0.017703003,2026,6,4040655,5.71270062,,,,
8.267134082,0.070004555,0.0039,14.72683009,0.067560859,0.003420246,2.004683816,0.034585874,0.017632827,2026,6,4601080,5.14529206,,,,
,,,23.35191035,0.135097112,0.005525491,1.90431163,0.034843122,0.019512148,2026,6,4360763,5.02303002,,,,
,,,18.63361389,0.13847686,0.006915201,2.001719421,0.027463741,0.015379695,2026,6,4036131,4.67973898,,,,
,,,9.669045209,0.080550555,0.003920225,0.689455735,0.012614947,0.00706437,2026,6,4912218,2.1337083,,,,
,,,20.1733779,0.082759781,0.002847703,2.059635961,0.038111664,0.021342532,2026,6,3045523,4.53755078,,,,
,,,26.82998948,0.123197057,0.005654054,1.988025271,0.036374828,0.020369903,2026,6,5220680,5.38173486,,,,
16.8843765,0.144791032,0.003612876,3.478987,0.015928641,0.00081966,0.473851723,0.039694384,0.018666763,2026,6,4686468,3.47996628,,,,
,,,9.938546487,0.059067624,0.002662791,1.069361428,0.012106777,0.006779795,2026,6,4258595,2.40970761,,,,
,,,10.31169138,0.116288764,0.008177788,1.039088568,0.00885071,0.004956398,2026,6,3930086,2.77466647,,,,
,,,31.99866999,0.173021781,0.010883051,2.057448815,0.026351547,0.014756867,2026,6,4361409,6.28839487,,,,
,,,29.59696137,0.37820439,0.013697846,2.664651098,0.034035808,0.019060052,2026,6,4242557,7.88374916,,,,
12.38249132,0.075747951,0.00355,,,,,0.024517149,0.011277889,2026,6,4685555,1.67792906,,,,
19.0498519,0.109345045,0.006184536,7.584453387,0.035910333,0.001468738,1.040154947,0.044258197,0.021123995,2026,6,4239934,4.5493463,,,,
,,,6.215178694,0.030372957,0.002130967,0.56277385,0.011255477,0.006303067,2026,6,4431268,1.62510465,,,,
,,,23.04188167,0.165683515,0.005104361,1.899173299,0.037983466,0.021270741,2026,6,4430191,5.2647324,,,,
,,,8.088319906,0.063231149,0.002290112,0.534925685,0.009787516,0.005481009,2026,6,4710855,1.71702138,,,,
1.208540639,0.006644073,0.000561235,29.54895382,0.191683366,0.016045359,2.139684367,0.037235754,0.020480266,2026,6,4431280,6.3986351,,,,
,,,1.728975525,0.014025021,0.000682568,0.214340624,0.002086464,0.00116842,2026,6,4596602,0.48881374,,,,
1.680645918,0.009694853,0.000818939,19.11111324,0.073673866,0.006167064,1.640867104,0.039936823,0.021652673,2026,6,4686472,4.27035344,,,,
11.24640994,0.095745703,0.00282,,,,,0.028903749,0.013295725,2026,6,4430871,1.67892576,,,,
,,,2.253280223,0.012988033,0.000585506,0.178515681,0.003266295,0.001829125,2026,6,4869748,0.5462559,,,,
,,,12.18892862,0.089482771,0.003185529,0.907132613,0.016597773,0.009294753,2026,6,4597703,2.65685247,,,,
,,,24.56903124,0.135344642,0.007217152,1.559406335,0.028532402,0.015978145,2026,6,4613202,4.84973864,,,,
1.085014965,0.006613195,0.000340898,3.406095028,0.02253896,0.001009894,0.456452542,0.006283763,0.00328292,2026,6,4911851,1.07677782,,,,
,,,12.86830369,0.128982645,0.004897395,0.880724137,0.012724015,0.007125448,2026,6,16731,2.93733027,,,,
,,,24.57634949,0.137395515,0.006449564,1.403497481,0.023662678,0.0132511,2026,6,2576581,4.70319409,,,,
,,,18.27233472,0.158208681,0.009924347,1.420190995,0.025985184,0.014551703,2026,6,4241983,4.18810584,,,,
,,,8.735767101,0.077290461,0.004121456,0.89054073,0.010836307,0.006068332,2026,6,4831959,2.22425265,,,,
,,,11.48256285,0.089039774,0.00622232,0.884944899,0.008614573,0.004824161,2026,6,4429148,2.57046355,,,,
20.4801072,0.181061475,0.00723,3.515559059,0.027058477,0.001319747,0.498942439,0.035390111,0.016622584,2026,6,4429676,4.1320191,,,,
,,,2.09563177,0.015931884,0.000567165,0.190743875,0.002321016,0.001299769,2026,6,4678006,0.49449435,,,,
,,,15.00216322,0.078895134,0.005910457,1.800296044,0.021906422,0.012267596,2026,6,4808766,3.76174729,,,,
,,,14.22840645,0.094445311,0.005036226,1.142028747,0.020895659,0.011701569,2026,6,4695193,3.13658073,,,,
,,,17.49478824,0.135917399,0.006614812,1.602991046,0.013653898,0.007646183,2026,6,4240472,4.16627212,,,,
,,,19.96270089,0.127617957,0.008953678,1.346217058,0.024631686,0.013793744,2026,6,4883647,4.09916276,,,,
,,,20.14463363,0.135650584,0.005548128,2.201177276,0.037438348,0.020965475,2026,6,4372780,4.99969945,,,,
4.884190301,0.026230235,0.002215708,7.355717743,0.031910661,0.002671165,0.990943723,0.022752126,0.011501378,2026,6,4362748,2.57201163,,,,
,,,2.611579086,0.018435713,0.000667707,0.195120065,0.002499073,0.001399481,2026,6,4360797,0.5654947,,,,
2.187215219,0.015229587,0.000834,15.23858419,0.126082213,0.003884328,1.522436739,0.035410602,0.019074474,2026,6,4431487,4.08511119,,,,
,,,21.53911662,0.197317019,0.009603001,1.583264286,0.02896893,0.016222601,2026,6,5082630,4.90860086,,,,
,,,25.46933494,0.099170893,0.005103162,2.093618085,0.038306856,0.021451839,2026,6,3051889,5.20389358,,,,
,,,12.38700067,0.093408661,0.002877725,1.426367417,0.021701027,0.012152575,2026,6,3054212,3.20754275,,,,
,,,25.79650015,0.185920633,0.008330473,1.773332386,0.032446599,0.018170096,2026,6,4879194,5.48639978,,,,
,,,21.13090439,0.14517362,0.007249621,1.612938462,0.029511878,0.016526651,2026,6,4879276,4.57929656,,,,
,,,12.11184591,0.089557357,0.005633148,1.204167704,0.015417534,0.008633819,2026,6,3043275,2.9471019,,,,
,,,2.190134192,0.018883741,0.000921033,0.235276528,0.00229032,0.001282579,2026,6,4372096,0.5669299,,,,
3.987430256,0.022455596,0.00125,1.548331046,0.008567013,0.000433702,0.253629142,0.008079439,0.003894612,2026,6,4722893,0.98913211,,,,
,,,7.700491499,0.059300903,0.002147766,0.648663222,0.012038632,0.006741634,2026,6,4569382,1.76564805,,,,
,,,5.888558774,0.037668413,0.001528042,0.565207793,0.005502064,0.003081156,2026,6,3052096,1.37711312,,,,
,,,13.64707645,0.111809481,0.00424534,0.918365087,0.016803293,0.009409844,2026,6,4431466,2.94404401,,,,
1.34878875,0.009254569,0.000639,,,,,0.004480494,0.002061027,2026,6,4698597,0.30751336,,,,
,,,14.49301217,0.049076952,0.002525415,1.070346855,0.019584098,0.010967095,2026,6,4061956,2.79774362,,,,
3.341536804,0.034016417,0.00136,1.864159753,0.010223528,0.000498641,0.25975853,0.007112874,0.003450563,2026,6,4383396,1.04277181,,,,
3.040178415,0.018319009,0.000539797,15.85974841,0.083244487,0.003820455,1.156840953,0.03164118,0.01667161,2026,6,4608810,3.74846211,,,,
,,,12.90267454,0.074525348,0.003498338,0.809432531,0.014810158,0.008293689,2026,6,4696882,2.53765257,,,,
2.255657577,0.013257305,0.00068339,3.173891282,0.024654694,0.001104693,0.479448809,0.010575809,0.005357887,2026,6,2576336,1.26259632,,,,
,,,19.93674884,0.123840819,0.005782965,1.487507469,0.021773497,0.012193158,2026,6,4567156,4.21198168,,,,
,,,2.306024864,0.018358935,0.000929415,0.181544438,0.003321712,0.001860159,2026,6,4808839,0.52052665,,,,
,,,2.676986852,0.01881171,0.001180049,0.203355463,0.003720788,0.002083641,2026,6,5150247,0.65850357,,,,
,,,13.51960116,0.102157405,0.004178252,1.228274162,0.023319273,0.013058793,2026,6,4567096,3.17603563,,,,
,,,6.429547442,0.039626419,0.001363516,0.736784998,0.009307906,0.005212427,2026,6,4426844,1.61004643,,,,
,,,9.628282684,0.068367299,0.003192531,0.799859379,0.015997188,0.008958425,2026,6,4361577,2.17847978,,,,
,,,7.420300633,0.05619466,0.001731239,0.652299225,0.011935096,0.006683654,2026,6,4259305,1.74875959,,,,
,,,6.756348132,0.020202526,0.000844519,0.544523701,0.009963131,0.005579353,2026,6,4685553,1.3321668,,,,
,,,14.34847846,0.075528027,0.004750705,1.193133267,0.023862665,0.013363093,2026,6,3917914,3.10321111,,,,
,,,4.850869551,0.031389698,0.001530997,0.352278087,0.007045562,0.003945515,2026,6,4426485,1.02106019,,,,
,,,6.830919845,0.05951774,0.002902911,0.70747248,0.00860869,0.004820866,2026,6,4360967,1.74406239,,,,
,,,6.222468031,0.035774575,0.001612732,0.609470935,0.007416184,0.004153063,2026,6,4685504,1.44148013,,,,
,,,4.766189935,0.025361722,0.00119052,0.326860612,0.005980557,0.003349112,2026,6,4690143,1.05853972,,,,
,,,8.011437249,0.059093663,0.00494659,0.876139665,0.008528857,0.00477616,2026,6,3911853,2.03241123,,,,
,,,14.80863717,0.117793266,0.005529403,1.356587343,0.016507271,0.009244072,2026,6,4432260,3.53721692,,,,
,,,2.013988868,0.017126491,0.001204388,0.203806984,0.002479971,0.001388784,2026,6,4573699,0.50766142,,,,
,,,3.394949273,0.018506139,0.001293255,0.418816016,0.003600349,0.002016195,2026,6,2975417,0.8679967,,,,
,,,12.1884841,0.057374661,0.002398412,1.29628781,0.015773532,0.008833178,2026,6,4241263,2.84693105,,,,
1.504700267,0.014117348,0.000476524,10.64455902,0.087204523,0.003311104,0.684163963,0.017693616,0.009390876,2026,6,4575665,2.57749606,,,,
,,,1.681420735,0.008303796,0.000442794,0.229758429,0.001975117,0.001106065,2026,6,4039505,0.44644888,,,,
6.557416455,0.039050022,0.002696697,5.430548161,0.035026851,0.001749157,0.778388745,0.01932188,0.009557206,2026,6,5081999,2.41193374,,,,
,,,9.276611053,0.06200185,0.00464489,1.243335767,0.01210336,0.006777881,2026,6,4361372,2.53906179,,,,
,,,8.755123155,0.085290045,0.003238412,0.828679046,0.01008356,0.005646793,2026,6,4040612,2.21138127,,,,
,,,3.582550238,0.011605461,0.000532626,0.302786639,0.005540076,0.003102443,2026,6,5097554,0.74380329,,,,
,,,2.289169725,0.015624897,0.00080403,0.19964649,0.002631912,0.001473871,2026,6,2998565,0.52104276,,,,
,,,5.695016824,0.05264392,0.004406697,0.696208415,0.008471626,0.004744111,2026,6,4383440,1.58112259,,,,
,,,2.054975959,0.009215157,0.000351547,0.241456205,0.002938095,0.001645333,2026,6,4426496,0.49973457,,,,
,,,1.943509293,0.01453635,0.0006788,0.23056825,0.002805608,0.001571141,2026,6,4690923,0.5104264,,,,
,,,6.070836572,0.038691343,0.002151228,0.660797567,0.009672472,0.005416584,2026,6,4035656,1.49375417,,,,
,,,3.622770715,0.027966192,0.001312777,0.365229768,0.003555361,0.001991002,2026,6,3052897,0.89404114,,,,
,,,6.350820074,0.053286138,0.002697593,0.6518574,0.007931953,0.004441894,2026,6,4362018,1.60337703,,,,
,,,5.142262767,0.019912191,0.000832382,0.69617964,0.008765932,0.004908922,2026,6,3917668,1.32195758,,,,
,,,10.96581253,0.093702053,0.003574618,1.263684384,0.014554817,0.008150698,2026,6,3843945,2.9137098,,,,
,,,5.834474965,0.0502465,0.001788743,0.587495998,0.007148788,0.004003321,2026,6,2975863,1.46818234,,,,
,,,1.675858136,0.010903087,0.000551965,0.244774096,0.002104199,0.001178351,2026,6,2515270,0.47658122,,,,
,,,11.40704397,0.097898867,0.004386516,1.054974624,0.012837177,0.007188819,2026,6,4686248,2.77780662,,,,
3.161401518,0.03010506,0.002272367,1.895870858,0.011934066,0.000748618,0.251459074,0.006934856,0.003362967,2026,6,4241961,1.0089201,,,,
,,,7.427028861,0.029795743,0.001136671,0.574612369,0.010513662,0.005887651,2026,6,4430681,1.48686555,,,,
,,,3.845938478,0.033292404,0.001554647,0.444583454,0.007393929,0.0041406,2026,6,4048228,1.02395482,,,,
,,,8.843917672,0.082153324,0.003360082,0.954925653,0.011619758,0.006507064,2026,6,4683243,2.32625,,,,
,,,3.426564003,0.017526313,0.000623926,0.428748639,0.003685735,0.002064011,2026,6,4243176,0.87377995,,,,
,,,1.624087205,0.006642217,0.000556004,0.243753337,0.002095424,0.001173437,2026,6,3929914,0.44483581,,,,
,,,2.125693286,0.014040755,0.000722513,0.194404604,0.002365561,0.001324714,2026,6,4722908,0.49007646,,,,
,,,6.537330749,0.025430631,0.001063068,0.586749331,0.011734987,0.006571593,2026,6,4362477,1.47825813,,,,
,,,5.007647587,0.026544089,0.001109613,0.303324326,0.005453859,0.003054161,2026,6,3051738,0.95960852,,,,
,,,4.735791391,0.042442985,0.002662426,0.483161733,0.005879225,0.003292366,2026,6,4045305,1.2102943,,,,
,,,1.944856311,0.014488072,0.000676546,0.220825977,0.002687062,0.001504755,2026,6,4361088,0.50065442,,,,
,,,9.445753924,0.088227266,0.003195424,0.879550531,0.010702576,0.005993442,2026,6,4426553,2.34817608,,,,
,,,10.50285636,0.029244434,0.00205179,1.094249,0.012931747,0.007241778,2026,6,4361516,2.30996266,,,,
,,,2.184069316,0.009421124,0.000592588,0.161532378,0.002955552,0.001655109,2026,6,4369886,0.43441901,,,,
1.486072872,0.013520428,0.000337,,,,,0.005054423,0.002325035,2026,6,4683151,0.22588699,,,,
,,,4.658843187,0.032459312,0.002268337,0.355416445,0.006503042,0.003641704,2026,6,4257188,1.269273,,,,
,,,4.780635293,0.039688105,0.002009197,0.414227682,0.007579109,0.004244301,2026,6,4241424,1.12614943,,,,
,,,1.743213783,0.010810403,0.000496137,0.169607181,0.00206382,0.001155739,2026,6,4372505,0.40752625,,,,
,,,3.62976786,0.022774081,0.001432487,0.366538408,0.004460125,0.00249767,2026,6,4035020,0.86414691,,,,
,,,4.002270827,0.027145321,0.00093405,0.459241685,0.00558816,0.00312937,2026,6,4239944,1.01809765,,,,
,,,5.28274308,0.037471446,0.002350564,0.420891579,0.007701038,0.004312581,2026,6,4401805,1.1999132,,,,
,,,4.455078533,0.038682676,0.001191732,0.546363755,0.006648282,0.003723038,2026,6,4431346,1.21908085,,,,
,,,2.239056996,0.011349278,0.000432961,0.240888125,0.002931183,0.001641462,2026,6,4362504,0.53054989,,,,
,,,2.05215254,0.022141736,0.001077591,0.196425727,0.002390154,0.001338486,2026,6,4431196,0.53403261,,,,
103.7848447,1.203520688,0.042758671,39.02323142,0.259826005,0.00954638,4.79893041,0.219375937,0.104906553,2026,7,4429795,27.76040518,,,,
,,,82.16450417,0.735486502,0.027022829,7.180123901,0.076527939,0.042855646,2026,7,4374302,19.7798497,,,,
1.311687628,0.014683993,0.00059,84.30230965,0.55011411,0.026984952,7.654865451,0.094155953,0.052433649,2026,7,4241389,19.5578204,,,,
88.28076225,0.753888102,0.025949469,32.33695213,0.170634956,0.010736068,3.509142198,0.252267326,0.120019953,2026,7,4430807,20.95804315,,,,
,,,94.25889798,0.650052479,0.023046351,7.335489677,0.119466782,0.066901398,2026,7,4430878,20.57714026,,,,
59.50383286,0.664980969,0.02262361,36.34783428,0.207377409,0.00793627,4.428852856,0.119906289,0.057829643,2026,7,3117251,19.19679831,,,,
0.52984302,0.003985177,0.00021,90.55066161,0.678645246,0.021239811,8.249304841,0.12711851,0.071031905,2026,7,4362628,21.35732765,,,,
4.82495046,0.080068689,0.002945227,95.10663402,0.547295343,0.019949527,7.035195023,0.116605716,0.064182313,2026,7,4426515,20.71304055,,,,
84.19528082,0.575136986,0.014775404,21.82453471,0.060227471,0.00319085,2.571285442,0.194821507,0.091969437,2026,7,4242335,16.84258937,,,,
,,,63.08510874,0.541511323,0.018413505,7.117912497,0.071838004,0.040229282,2026,7,4361307,16.63375576,,,,
102.7660715,1.185262554,0.0316,12.94017149,0.066169804,0.003096008,1.473690987,0.162846373,0.07592592,2026,7,3043078,20.47475161,,,,
,,,79.80191408,0.56128393,0.032127887,6.377083514,0.090765369,0.050828607,2026,7,4262921,17.68997106,,,,
,,,66.47199861,0.504129967,0.03203909,6.210689516,0.052901182,0.029624662,2026,7,4432665,15.88889604,,,,
41.05911692,0.273937625,0.0073,,,,,0.472735405,0.225267364,2026,7,3916387,20.49936799,249.8679979,1.534582,0.071801307,0.551682627
83.45016284,0.770259958,0.0311,23.91448695,0.187868025,0.009259682,3.051145984,0.111379902,0.05278646,2026,7,4567048,19.51446531,,,,
57.70109455,0.463216964,0.0354,33.09929155,0.179592149,0.011413662,4.162698273,0.113068001,0.054398027,2026,7,4890973,17.08740483,,,,
,,,84.3586899,0.493581648,0.024651382,6.745092742,0.104841927,0.058711479,2026,7,4361370,18.07709743,,,,
1.465597001,0.013179721,0.000453657,79.89496612,0.340546515,0.021426621,5.853021011,0.100790807,0.055969444,2026,7,4426502,16.04591441,,,,
58.86465037,0.404320176,0.021345093,25.09070841,0.128858299,0.004032926,4.421528646,0.12011203,0.05807189,2026,7,4362238,15.95391563,,,,
1.473501086,0.010994194,0.000398588,72.49988685,0.552505967,0.020714942,5.605515197,0.086742086,0.048198212,2026,7,4258173,16.33197759,,,,
,,,62.72922257,0.40904869,0.020065218,4.808207761,0.096164155,0.053851927,2026,7,4426354,13.47038674,,,,
69.08224765,0.870659674,0.034954447,16.2954215,0.079910139,0.003919862,2.897216119,0.18870905,0.089486827,2026,7,4361579,17.04215688,,,,
81.81650845,0.545837007,0.0173,16.29522045,0.10845244,0.0043798,1.943952238,0.118680756,0.055793837,2026,7,3929630,15.61576574,,,,
,,,70.92995022,0.56300531,0.020522173,4.367562727,0.059342493,0.033231796,2026,7,16800,14.81473636,,,,
,,,67.10060309,0.452706732,0.033182716,6.141928031,0.115411625,0.06463051,2026,7,4569618,15.50838114,,,,
3.627592392,0.031258694,0.000833,85.19358202,0.365962323,0.017122952,5.52299616,0.103118039,0.056762366,2026,7,4429615,16.71355088,,,,
69.48536379,0.680201915,0.025020384,21.53348852,0.189270675,0.006899128,3.395168946,0.173197874,0.083118333,2026,7,4430737,17.61606408,,,,
1.771570028,0.02772495,0.00071226,43.70678518,0.208434599,0.011042861,4.880026767,0.060690469,0.03342987,2026,7,4431459,10.80307208,,,,
66.86133468,0.366064579,0.0159,17.51059575,0.100155362,0.003405674,2.472195209,0.124125383,0.058797853,2026,7,4870808,13.63099954,,,,
,,,72.50682127,0.453260737,0.018304719,6.081705595,0.087298425,0.048887118,2026,7,4241478,15.99309135,,,,
,,,63.16574264,0.307227278,0.022114567,4.906357674,0.072587747,0.040649138,2026,7,4595348,13.03114046,,,,
,,,73.91399537,0.517052958,0.021110495,5.298271206,0.105965424,0.059340638,2026,7,4685472,15.71832421,,,,
,,,62.45077412,0.386473283,0.019048584,5.581681936,0.111633639,0.062514838,2026,7,4428331,14.06161254,,,,
61.83791308,0.400012844,0.026690964,14.06393863,0.043524982,0.003132977,1.828710272,0.32985123,0.155053076,2026,7,4696981,11.83836413,,,,
10.86570597,0.123284641,0.00650851,,,,,0.50846565,0.24338482,2026,7,3915511,18.43163989,268.7406011,1.896028,0.059340688,0.693371677
72.28562946,0.711134656,0.0427,23.91915936,0.126402993,0.009265147,2.869941174,0.156829635,0.074317572,2026,7,4427366,17.4750811,,,,
26.52953487,0.512021248,0.016244853,,,,,0.473930245,0.226095137,2026,7,4040715,20.35329587,242.1548699,1.631226,0.065876285,0.653737951
,,,64.37215818,0.441998899,0.016915163,4.850172503,0.046195345,0.025869393,2026,7,3040151,13.92269126,,,,
,,,66.195216,0.365805974,0.011448764,5.107510485,0.070773885,0.039633375,2026,7,4239993,13.86736471,,,,
19.70892223,0.231628489,0.007880335,,,,,0.367124039,0.175363685,2026,7,4361741,19.11091069,258.8030333,1.77372,0.067879724,0.753633275
80.24432554,0.35451284,0.0105,18.69317483,0.087378542,0.004018905,2.578496664,0.189940569,0.089796096,2026,7,4596448,14.97805661,,,,
64.13967968,0.498604022,0.014329615,17.02519966,0.055600629,0.002488799,2.036684983,0.199716208,0.094334612,2026,7,4259545,13.32864243,,,,
,,,49.46517682,0.551411687,0.020259656,4.693252783,0.039976016,0.022386569,2026,7,4430027,12.94504276,,,,
0.729271536,0.004562379,0.00013473,50.77987339,0.228083942,0.010490536,3.236816057,0.049364306,0.027445494,2026,7,4567750,9.75127002,,,,
58.86810274,0.439100974,0.024636133,21.5948116,0.110949603,0.005655645,3.030472717,0.082207224,0.039117895,2026,7,4685702,14.36158738,,,,
17.79795182,0.157013145,0.0063338,,,,,0.337844809,0.161550566,2026,7,3139477,16.53268852,236.9398022,1.47233,0.072568539,0.699870584
,,,49.07201955,0.251638202,0.012402802,4.23892586,0.052374965,0.02932998,2026,7,15847,10.62348267,,,,
,,,69.45106932,0.549487104,0.016942637,5.115615178,0.083160212,0.046569719,2026,7,4248528,15.30058657,,,,
0.732430952,0.004830141,0.000400374,58.53577254,0.296924731,0.024389752,4.366345579,0.066358052,0.036973211,2026,7,4372016,12.08108099,,,,
13.44626474,0.147661758,0.005928189,,,,,0.356872007,0.17073131,2026,7,2577417,17.84219038,249.9460062,1.718076,0.084277422,0.553459747
74.58782995,0.500536309,0.0283,13.96423721,0.101281883,0.004135187,2.117262039,0.137705732,0.064801667,2026,7,4241416,14.52228095,,,,
62.99980324,0.551009704,0.019976551,12.31367348,0.046364384,0.001738326,1.77618123,0.1081557,0.050948283,2026,7,4035538,12.83616262,,,,
44.52013319,0.249960153,0.012719441,23.55147692,0.127044493,0.007272026,2.777712639,0.142399081,0.06857381,2026,7,3042519,11.75349884,,,,
,,,47.93188034,0.393478816,0.020057543,4.702859054,0.055578011,0.031123686,2026,7,5083076,11.8362577,,,,
65.58574526,0.298318451,0.034031654,27.62332208,0.167262579,0.009080785,3.249197232,0.172967471,0.082985822,2026,7,4569987,15.28840938,,,,
,,,62.09193883,0.428591116,0.016402051,4.359637753,0.055837696,0.03126911,2026,7,16737,13.11212021,,,,
,,,38.86206462,0.307952408,0.013784589,3.319302054,0.032312033,0.018094738,2026,7,4723086,9.04545467,,,,
,,,51.96456791,0.352371879,0.012946648,3.577302253,0.051321182,0.028739862,2026,7,4426388,10.85775989,,,,
3.125370419,0.022660933,0.000651263,53.83065714,0.243163971,0.010884524,4.239444433,0.08193991,0.044919428,2026,7,4685278,11.46539533,,,,
34.77750678,0.12909849,0.0074,,,,,0.784652348,0.374301245,2026,7,4431452,16.12185098,242.0969895,1.184128,0.064395479,0.983285341
46.29878653,0.282075236,0.016162391,23.32074205,0.111366278,0.006056343,2.785676915,0.171111545,0.082239337,2026,7,4569173,11.99275565,,,,
,,,57.00884347,0.276518432,0.019904109,5.14614479,0.08059182,0.045131419,2026,7,4361050,12.45781511,,,,
3.57403576,0.044782536,0.00164727,,,,,0.373682537,0.179045722,2026,7,12483,17.00891743,261.6656058,1.936746,0.070596557,0.8135129
,,,60.74369754,0.47266351,0.025661183,3.843443316,0.064056348,0.035871555,2026,7,4047650,12.73506539,,,,
,,,69.76242766,0.416409905,0.014159567,5.255540786,0.075654438,0.042366485,2026,7,4360761,14.67582715,,,,
,,,51.56004028,0.32417182,0.014510603,3.198884267,0.057099738,0.031975853,2026,7,4431299,10.26649472,,,,
52.39112651,0.254898274,0.014605201,9.918988792,0.039029479,0.002122509,1.371003777,0.090504331,0.042599319,2026,7,4432710,9.31622661,,,,
28.64316903,0.212473138,0.00611,,,,,0.503052454,0.240162376,2026,7,4431611,16.40121983,223.3373341,1.212536,0.054275626,0.587639883
,,,69.81125268,0.273559672,0.019130495,4.59903412,0.084148363,0.047123084,2026,7,4871023,13.16775224,,,,
1.128305043,0.007329915,0.000402,67.61100059,0.435864258,0.013439241,4.728153493,0.072177886,0.040122696,2026,7,4701936,14.21059418,,,,
2.943617903,0.058281442,0.002070622,,,,,0.50338794,0.24113805,2026,7,3046779,19.48399889,268.4513056,2.332316,0.085692636,0.466939098
0.775373428,0.01172628,0.000642853,49.41554372,0.277315741,0.008550628,4.876260101,0.064279638,0.035739879,2026,7,4572680,11.57820915,,,,
75.90783822,0.419907783,0.019625128,13.16495275,0.031173577,0.002180021,2.176424513,0.126513932,0.059611591,2026,7,3916148,13.71792089,,,,
18.21951745,0.203486229,0.014054018,,,,,0.646340505,0.308987036,2026,7,4360689,18.57309758,255.4929664,1.7458,0.087192024,0.637124106
,,,60.31035304,0.403115398,0.016458595,5.170512655,0.086803131,0.048609753,2026,7,4695883,13.63336397,,,,
9.621917762,0.091476454,0.003112161,43.8860561,0.340537086,0.01303225,3.502075485,0.106068386,0.055795608,2026,7,3126486,11.41039043,,,,
14.70107518,0.143344482,0.008093336,,,,,0.417019746,0.199553836,2026,7,4685720,17.82369215,248.6263629,1.76806,0.072187231,0.648105121
,,,55.61962557,0.160232385,0.008489109,4.503977792,0.063884519,0.035775331,2026,7,4688813,10.97444821,,,,
0.808828646,0.007000246,0.000356,51.95351781,0.298102023,0.017063357,3.715256791,0.049243899,0.027410648,2026,7,4429205,10.80342447,,,,
51.71200111,0.385525907,0.0111,10.17167353,0.049078408,0.002196851,1.242852876,0.05410156,0.025420926,2026,7,4608686,10.01602608,,,,
,,,43.17721058,0.396019886,0.01852931,4.191826657,0.05393032,0.030200979,2026,7,3116365,10.86374569,,,,
,,,46.0596968,0.446819619,0.036702297,3.093644688,0.051875073,0.029050041,2026,7,3128429,10.39720459,,,,
,,,49.39579309,0.365697038,0.014768501,4.534262887,0.053963268,0.03021943,2026,7,3121023,11.63854457,,,,
65.77720909,0.478510883,0.039664144,6.810780988,0.032499462,0.002669545,0.975079953,0.071444267,0.033301401,2026,7,4241985,11.31988961,,,,
,,,44.04529633,0.389677051,0.019461983,4.261138436,0.06445267,0.036093495,2026,7,3929645,10.97217135,,,,
,,,24.22454693,0.255835021,0.012549571,3.069950241,0.055042758,0.030823945,2026,7,4242355,6.99231831,,,,
18.32975111,0.227539444,0.018860924,,,,,0.502719079,0.240152817,2026,7,4426338,17.91419045,244.546222,1.633086,0.134143633,0.718588843
,,,34.92421834,0.128092616,0.008059375,2.890175169,0.024617828,0.013785983,2026,7,4360248,7.14034748,,,,
22.62466179,0.185895832,0.0154,31.85032191,0.203607491,0.016724562,4.031990105,0.080547232,0.040430433,2026,7,4568490,11.8325303,,,,
,,,37.76525384,0.266184734,0.014451327,3.65562885,0.0617621,0.034586776,2026,7,4035687,8.99062374,,,,
,,,55.54515625,0.342788427,0.017473606,4.180460812,0.076489743,0.042834256,2026,7,4832800,11.7430077,,,,
35.62755227,0.231061923,0.00942,5.657193118,0.030480712,0.001080635,0.665244604,0.101558913,0.047413666,2026,7,4887558,6.29183089,,,,
,,,27.10370292,0.22248566,0.007565383,1.833040356,0.028569131,0.015998713,2026,7,4432708,5.86221395,,,,
,,,44.29733234,0.282148941,0.013906622,3.295721468,0.042211189,0.023638266,2026,7,4683062,9.40000106,,,,
41.33105488,0.201922771,0.023,11.27634868,0.073307292,0.003979896,1.537484056,0.08078162,0.038362559,2026,7,4038815,8.42896946,,,,
46.64520811,0.33240086,0.012226953,6.781103151,0.031341885,0.001142447,0.957435368,0.073470966,0.034473216,2026,7,4429096,8.44225333,,,,
53.24197225,0.373929622,0.009640617,11.96362164,0.039836474,0.002118067,1.71155316,0.087410657,0.041238837,2026,7,4711533,10.65805882,,,,
44.9972343,0.279323811,0.019291831,22.43809724,0.080543013,0.00402263,3.273618789,0.106056436,0.051245205,2026,7,3054850,12.1232934,,,,
30.4598106,0.313457775,0.018804386,8.944088082,0.050998037,0.003738079,1.207398521,0.069118451,0.032734115,2026,7,4685247,7.31596396,,,,
,,,46.06830745,0.404186597,0.020186647,4.196819431,0.061431244,0.034401497,2026,7,4569559,11.20196006,,,,
19.00120339,0.097327337,0.00287,16.97726908,0.101037098,0.00464712,2.448303753,0.05808243,0.028812775,2026,7,4371733,7.22776258,,,,
1.587288608,0.010166785,0.000475,39.31029135,0.129349643,0.009045641,3.833603098,0.056634925,0.031342918,2026,7,4569587,8.71830911,,,,
,,,51.1512852,0.288091996,0.015667075,3.611197408,0.069301961,0.038809098,2026,7,4361432,10.41042386,,,,
,,,39.30509511,0.200266879,0.011463274,4.750301263,0.049626509,0.027790845,2026,7,4036133,9.85106491,,,,
29.10464138,0.192393191,0.009790096,,,,,0.412787127,0.197126614,2026,7,3917315,16.73501876,223.1957597,1.34628,0.077061054,0.716561993
49.89127211,0.468473031,0.0191,15.35517672,0.053808701,0.001907683,2.105698647,0.051096003,0.024228226,2026,7,4426385,11.75894284,,,,
2.380121715,0.01581135,0.000467,31.87158383,0.061888265,0.002846501,3.004758364,0.053443167,0.029290816,2026,7,3116165,6.84558198,,,,
0.350455689,0.011573485,0.000694295,39.13540812,0.27153146,0.019902844,3.731797435,0.047076896,0.02619631,2026,7,5083315,9.36905714,,,,
62.06901857,0.443141363,0.022549636,6.566196753,0.028414061,0.001626421,0.953417241,0.143219257,0.066844616,2026,7,4360569,10.5647142,,,,
3.649345525,0.024195879,0.00135753,47.11968915,0.130800405,0.006667538,4.344642211,0.092486184,0.050493021,2026,7,4870653,10.37052785,,,,
1.379812876,0.012511424,0.000396949,34.06675235,0.242947101,0.009811303,2.464257276,0.049735539,0.027387191,2026,7,4870795,7.50862107,,,,
6.287516612,0.044751205,0.001825282,,,,,0.443220519,0.21212538,2026,7,3912547,15.44470101,247.8169819,1.663068,0.058960855,0.863265334
35.9038714,0.216838743,0.007861368,12.18706111,0.074390597,0.002789105,1.580433738,0.082876291,0.039401113,2026,7,4429059,8.09288308,,,,
,,,43.79155844,0.299405492,0.012091348,3.16691311,0.063004119,0.035282307,2026,7,4428850,9.29778199,,,,
,,,34.08135497,0.142599675,0.005346447,3.667837751,0.04220873,0.023636889,2026,7,3117256,7.89610641,,,,
8.282771521,0.074559052,0.004087442,,,,,0.661511167,0.316864038,2026,7,4036378,17.57010387,270.9866886,1.87365,0.057771276,0.773522247
32.17443318,0.219018348,0.012006922,12.95053243,0.089782967,0.002768327,2.095148775,0.082530821,0.039765271,2026,7,4429023,8.41265118,,,,
,,,33.51233382,0.111794462,0.005004152,3.32669408,0.066533882,0.037258974,2026,7,2973405,7.39873559,,,,
,,,32.80945026,0.185833078,0.010106011,3.014692131,0.029610641,0.016581959,2026,7,3046439,7.39846373,,,,
,,,41.20125024,0.152092577,0.008057862,4.072075993,0.072918767,0.04083451,2026,7,15818,9.04112918,,,,
13.97771756,0.066989944,0.002428683,,,,,0.479197225,0.229309024,2026,7,4432577,15.65984431,238.3185821,1.451048,0.05440371,0.572254565
22.79755081,0.137015545,0.0064,14.05399009,0.055953686,0.003912937,1.780641831,0.057019,0.027697911,2026,7,4428557,6.59034736,,,,
36.9444961,0.332785245,0.0115,6.753524612,0.046957779,0.002954506,0.935971705,0.091371424,0.042896604,2026,7,4241474,7.54139148,,,,
,,,44.32906034,0.223245204,0.014187955,3.15545132,0.040414626,0.022632191,2026,7,4428718,8.91200811,,,,
3.158244654,0.020228017,0.000825,42.22406286,0.230422401,0.00816918,2.487101432,0.060370237,0.032744512,2026,7,4032473,8.78134509,,,,
19.26785712,0.112847399,0.00333,,,,,0.602352803,0.28792562,2026,7,3052587,12.30155656,211.5867481,0.763464,0.035114909,0.668289025
31.77066199,0.218654498,0.009518609,13.20483328,0.050815069,0.001727911,1.80393717,0.032983917,0.015792903,2026,7,4373626,7.91008133,,,,
23.21866003,0.183469761,0.00624,7.143911078,0.044192769,0.001691244,0.932884793,0.061111787,0.028913376,2026,7,4696044,5.29476682,,,,
8.224517457,0.063628533,0.001640465,47.7606391,0.122868205,0.006532783,3.739414563,0.105542883,0.056028555,2026,7,4569603,10.4846402,,,,
2.849338236,0.062349331,0.00477,,,,,0.502061157,0.240431789,2026,7,14880,13.9506547,236.7002001,1.487266,0.094520564,0.928212332
,,,28.05637303,0.241944223,0.009878219,2.692198072,0.022931506,0.012841643,2026,7,2576925,6.94417987,,,,
21.00729924,0.160204321,0.00508,12.61604705,0.056068928,0.002264317,1.610549959,0.06015504,0.029176591,2026,7,4431545,6.27246781,,,,
13.24718154,0.119619211,0.005207341,,,,,0.390497197,0.186821658,2026,7,2578570,15.39817139,222.6631142,1.521461711,0.051735655,0.693598059
,,,53.60324031,0.373618451,0.027385665,3.259691104,0.065193822,0.03650854,2026,7,4597500,10.84520209,,,,
12.29952062,0.138886846,0.003568036,,,,,0.62949201,0.301146667,2026,7,3917792,10.88022901,208.0908992,0.68679,0.036386121,0.874037538
,,,34.05392177,0.226872096,0.010615082,2.222665456,0.033481153,0.018749445,2026,7,4360939,6.97390348,,,,
26.20358443,0.183591966,0.014,3.497182319,0.019561806,0.001243216,0.492663939,0.058566559,0.027364136,2026,7,4686658,4.65896941,,,,
0.659251106,0.008918704,0.00102,34.55326513,0.303106791,0.016455848,3.556831592,0.05237937,0.029012718,2026,7,4361411,8.92854245,,,,
39.35547386,0.199092171,0.005132975,9.359219264,0.039302972,0.002089701,1.25641469,0.12738376,0.060086851,2026,7,4682745,7.49089752,,,,
17.6440013,0.138896898,0.005603004,7.167266181,0.044579154,0.002197228,0.978646192,0.045807038,0.02191253,2026,7,4832955,4.54722188,,,,
,,,41.5441224,0.139157353,0.007398861,3.050585586,0.055816456,0.031257215,2026,7,4869645,7.99370124,,,,
,,,22.15045696,0.289676538,0.009066113,2.499249754,0.025777688,0.014435505,2026,7,3116164,6.44229389,,,,
,,,32.74041998,0.174471422,0.011088223,3.610357637,0.041267776,0.023109955,2026,7,4429086,7.9082767,,,,
,,,44.66369313,0.336387261,0.018262664,3.295995496,0.060306712,0.033771759,2026,7,4431492,9.75126019,,,,
,,,22.0413634,0.116373413,0.005932123,1.713585739,0.025741309,0.014415133,2026,7,4241463,4.59967454,,,,
41.077456,0.216408527,0.0149,11.57571944,0.054873445,0.002740593,1.502509341,0.106107677,0.050243971,2026,7,4599739,8.33311396,,,,
31.80177292,0.140640413,0.00789075,,,,,0.640282769,0.305234994,2026,7,3122840,16.50385759,225.3769877,1.272895,0.064885696,0.589412296
10.40093705,0.072743666,0.00296702,6.992459629,0.034034226,0.001206618,0.911330103,0.035353737,0.017165619,2026,7,4429835,3.26628916,,,,
7.304365353,0.049640075,0.00566,,,,,0.488956671,0.234290233,2026,7,8439,17.3760025,252.5366926,1.9812,0.107560524,0.724651388
,,,27.05612028,0.19049469,0.00675362,2.160226979,0.036396107,0.02038182,2026,7,2977187,5.98251075,,,,
,,,39.2220446,0.173190391,0.009418473,3.178579267,0.045893312,0.025700255,2026,7,2991662,8.10857451,,,,
14.62320885,0.106759127,0.00284,11.55175508,0.059607906,0.002788985,1.239124512,0.04146057,0.020228271,2026,7,4038441,4.82671653,,,,
,,,13.79590517,0.072399991,0.005063055,0.920993626,0.014917984,0.008354071,2026,7,3925357,2.72879566,,,,
27.58551091,0.171849674,0.00443,,,,,0.694595368,0.331432511,2026,7,4242512,13.15056768,210.8150807,0.6615,0.035171312,0.576191144
,,,22.2772401,0.144235962,0.005407796,1.714306303,0.025093281,0.014052237,2026,7,4429022,4.7908172,,,,
11.61087017,0.109402582,0.00656308,,,,,0.51355234,0.245611954,2026,7,15864,16.46749679,241.0896604,1.592622,0.116736774,0.566507968
13.73289015,0.085186028,0.00467,7.293140132,0.035535375,0.001095682,1.155856908,0.025265119,0.012317497,2026,7,3149687,3.97035072,,,,
0.815560346,0.019474158,0.000794,32.27524232,0.288667076,0.010234132,2.974345659,0.0543507,0.029990681,2026,7,4576297,8.09578223,,,,
28.858298,0.165051925,0.011013134,3.378669803,0.007381355,0.000531318,0.457326834,0.058201622,0.0271015,2026,7,4241457,4.6860452,,,,
,,,37.91708089,0.165506188,0.011913322,2.69516651,0.049313366,0.027615485,2026,7,4682648,7.4498094,,,,
17.1424322,0.130212407,0.00687,11.25228504,0.048573327,0.001520217,1.500561451,0.056888765,0.027704356,2026,7,3116389,5.3756193,,,,
7.453148981,0.106442932,0.003663856,,,,,0.359738983,0.172230943,2026,7,4360423,13.90306685,231.8836982,1.113504,0.070059823,0.511367518
,,,9.834695941,0.061000418,0.003491663,0.954351503,0.01635262,0.009157467,2026,7,3886598,2.292924,,,,
,,,26.23115459,0.181490596,0.011534314,1.830619547,0.03126075,0.01750602,2026,7,4382466,5.53156317,,,,
14.0713776,0.167554311,0.00783,,,,,0.45411957,0.217189199,2026,7,4688380,13.12545137,208.7459899,0.917854,0.064187098,0.514961826
0.550538614,0.0043696,0.000231,27.98417773,0.195866311,0.0061301,2.463520968,0.04693154,0.026096004,2026,7,4384852,6.61839859,,,,
32.85282402,0.211898229,0.011616586,3.641798608,0.018570966,0.000572609,0.555134057,0.155988965,0.072802861,2026,7,4819231,5.47030016,,,,
5.810116976,0.03429037,0.001243178,21.55614305,0.107038084,0.004013147,1.770186445,0.051048229,0.026721089,2026,7,4586312,5.41934639,,,,
,,,38.15767751,0.25354411,0.012437194,3.268899198,0.057606654,0.032259726,2026,7,5083754,8.56780455,,,,
,,,36.57477283,0.123695425,0.006576765,2.711631632,0.049614627,0.027784191,2026,7,4869961,7.07017461,,,,
1.495975437,0.009229045,0.000334594,42.08586993,0.202457597,0.007590682,2.501282508,0.04034454,0.022219758,2026,7,4686422,8.10206593,,,,
,,,7.044760656,0.062483992,0.002523386,0.541237523,0.009903004,0.005545682,2026,7,4715355,1.61483455,,,,
6.771823335,0.06154161,0.00410638,,,,,0.385737044,0.184714782,2026,7,2969939,11.78741564,226.7287847,1.010282,0.07272124,1.081860707
,,,23.65632759,0.103118802,0.008470302,2.389474895,0.029662624,0.016611069,2026,7,3051876,5.35832493,,,,
,,,39.85882672,0.065863819,0.003029353,3.415157545,0.046024169,0.025773534,2026,7,4243331,7.75195277,,,,
,,,22.8171849,0.161622627,0.011302546,2.434874761,0.023702499,0.013273399,2026,7,4686728,5.68301131,,,,
,,,7.330321079,0.068011024,0.003692359,0.619968914,0.011343549,0.006352388,2026,7,4685261,1.75604651,,,,
,,,13.04026043,0.089268114,0.003253923,1.426330499,0.014487392,0.00811294,2026,7,2573401,3.25662939,,,,
0.719390358,0.005557813,0.000461,25.48675015,0.157392381,0.012928398,2.075467497,0.0402952,0.022333268,2026,7,4600981,5.65695697,,,,
,,,33.1235471,0.329202775,0.012095382,2.273186475,0.041592412,0.023291751,2026,7,5123663,7.5394631,,,,
,,,36.59550562,0.154406985,0.008396991,2.762816521,0.053702824,0.030073582,2026,7,4427095,7.30687181,,,,
,,,14.32609338,0.074419365,0.004682343,1.089228224,0.01992957,0.011160559,2026,7,4870612,3.05364526,,,,
3.178878963,0.011197976,0.000747,5.298758854,0.024760502,0.001782289,0.670764433,0.015670904,0.007928082,2026,7,4360516,1.75137565,,,,
,,,25.70044787,0.099280614,0.005278654,2.517529884,0.031046151,0.017385845,2026,7,4367209,5.65986597,,,,
,,,21.97664432,0.230885652,0.012534919,2.181975413,0.034267347,0.019189714,2026,7,4430802,5.75255017,,,,
2.937121005,0.023919217,0.00096,5.423808349,0.04010905,0.001967484,0.440186367,0.018661832,0.009464816,2026,7,3676833,1.83385645,,,,
0.785129104,0.007709502,0.000462,22.43464351,0.118383577,0.008677336,1.977030275,0.03868104,0.021410643,2026,7,4569371,5.23092132,,,,
1.368284495,0.008113645,0.000541,27.07928793,0.090855878,0.006539909,1.759670674,0.032730829,0.017903093,2026,7,4040655,5.17746469,,,,
8.634831025,0.061681842,0.00346,14.63356067,0.061789837,0.003149731,1.995071973,0.035463374,0.018028214,2026,7,4601080,5.06897078,,,,
,,,22.96772664,0.13962811,0.005700806,1.846435978,0.033784173,0.018919137,2026,7,4360763,4.95543464,,,,
,,,19.41127745,0.140293344,0.007006794,2.026336791,0.027801493,0.015568836,2026,7,4036131,4.79283252,,,,
,,,9.256269877,0.055571059,0.002738999,0.741834897,0.013573327,0.007601063,2026,7,4912218,1.99152231,,,,
,,,21.01281191,0.110102061,0.003743901,2.015645737,0.037297665,0.020886692,2026,7,3045523,4.74423771,,,,
,,,29.89806216,0.117946653,0.005424861,2.222282804,0.040661029,0.022770176,2026,7,5220680,5.88615231,,,,
15.91734149,0.089320562,0.002294666,3.228431273,0.012430022,0.000658542,0.453152673,0.035676636,0.016800805,2026,7,4686468,2.99251007,,,,
,,,9.919628878,0.066100912,0.002958814,1.046218917,0.011844769,0.006633071,2026,7,4258595,2.42775136,,,,
18.706957,0.16768187,0.00596,6.000029601,0.034115021,0.001253435,0.781861181,0.043793386,0.020817084,2026,7,4912274,4.43729189,,,,
,,,31.85306579,0.164549887,0.010353206,2.266439085,0.029028269,0.01625583,2026,7,4361409,6.42800774,,,,
,,,27.94338614,0.331906871,0.012098377,2.727537152,0.034839057,0.019509872,2026,7,4242557,7.499412,,,,
13.09967223,0.079301576,0.00371,,,,,0.02553201,0.011744725,2026,7,4685555,1.77037923,,,,
20.3193106,0.11385921,0.006428576,7.495195064,0.036549089,0.001492244,1.005306066,0.047067476,0.022390626,2026,7,4239934,4.66150881,,,,
,,,6.063061005,0.031561821,0.002207172,0.538115048,0.010762301,0.006026889,2026,7,4431268,1.59673775,,,,
,,,22.35647284,0.160828177,0.004958903,1.897061996,0.03794124,0.021247094,2026,7,4430191,5.15857009,,,,
,,,7.692177733,0.050347235,0.001835213,0.556746642,0.010186773,0.005704593,2026,7,4710855,1.62057787,,,,
0.670325005,0.004806081,0.00039838,11.32375626,0.099427336,0.00816708,0.755467834,0.013821076,0.007541136,2026,7,4431280,2.58268991,,,,
,,,1.598439738,0.011939117,0.000588458,0.230025206,0.002239143,0.00125392,2026,7,4596602,0.48200042,,,,
1.869717419,0.014025808,0.00116261,14.76131291,0.086301761,0.00708893,1.14020087,0.030413297,0.016270518,2026,7,4686472,3.47016888,,,,
0.713401072,0.005025047,0.000255704,2.017830214,0.010384893,0.000594431,0.184596363,0.005748059,0.002981862,2026,7,4430656,0.75066354,,,,
11.90122006,0.102094367,0.00301,,,,,0.030433237,0.013999289,2026,7,4430871,1.78151363,,,,
,,,2.246610957,0.014675798,0.000656919,0.171051849,0.00312973,0.001752649,2026,7,4869748,0.53719906,,,,
,,,12.42979979,0.096091002,0.00340672,0.938180025,0.017165846,0.009612874,2026,7,4597703,2.75251678,,,,
,,,24.48287154,0.095828748,0.005211378,1.50174515,0.027477378,0.015387331,2026,7,4613202,4.54715651,,,,
,,,12.60915094,0.099108769,0.003792862,0.915450529,0.013225715,0.0074064,2026,7,16731,2.76414036,,,,
,,,25.35241231,0.151510369,0.007088994,1.44686527,0.02439385,0.013660556,2026,7,2576581,4.91069552,,,,
,,,16.93453632,0.120668557,0.007668877,1.344590495,0.024601924,0.013777078,2026,7,4241983,3.75048707,,,,
,,,8.717464229,0.061639539,0.003352093,0.869978385,0.0105861,0.005928216,2026,7,4831959,2.1066894,,,,
,,,11.07460708,0.060936917,0.004386308,0.904566954,0.008805585,0.004931128,2026,7,4429148,2.37679172,,,,
18.53612622,0.157592171,0.00633,3.412242675,0.025233101,0.001237769,0.503272769,0.033969352,0.015972012,2026,7,4429676,3.7791468,,,,
,,,2.134807951,0.01703641,0.000603993,0.20107275,0.0024467,0.001370152,2026,7,4678006,0.51530449,,,,
,,,16.02554709,0.11441541,0.008386476,1.762297016,0.021444041,0.012008663,2026,7,4808766,4.04466621,,,,
,,,14.19491899,0.067930575,0.003694214,1.106214995,0.020240376,0.011334611,2026,7,4695193,2.93919493,,,,
,,,16.60264399,0.09450866,0.004658165,1.719979077,0.014650374,0.00820421,2026,7,4240472,3.94059035,,,,
,,,19.47832671,0.131435532,0.009191511,1.285567846,0.023521989,0.013172314,2026,7,4883647,4.0146701,,,,
,,,19.86571666,0.139431998,0.005692799,2.129321303,0.036216198,0.020281071,2026,7,4372780,4.92426241,,,,
5.465034957,0.037947998,0.003145539,8.486054053,0.042068763,0.003455578,0.963917802,0.023322696,0.011735601,2026,7,4362748,2.84981606,,,,
,,,2.47549676,0.014198035,0.000517534,0.199261856,0.002552121,0.001429188,2026,7,4360797,0.53024363,,,,
,,,21.50472486,0.0435929,0.002317792,1.598538475,0.029248402,0.016379105,2026,7,4685307,3.99022194,,,,
2.147701256,0.014832148,0.000813,14.7805987,0.122800047,0.003786361,1.523264239,0.035294114,0.019022404,2026,7,4431487,4.01397132,,,,
,,,20.64789679,0.140753243,0.006937478,1.698154389,0.03107107,0.017399799,2026,7,5082630,4.58736088,,,,
,,,4.480015807,0.036949271,0.001156415,0.54866141,0.00667624,0.003738694,2026,7,4427834,1.21337046,,,,
,,,24.40304686,0.049735127,0.002634966,2.174505306,0.039786846,0.022280634,2026,7,3051889,4.87497942,,,,
,,,12.0020808,0.091126116,0.002809741,1.426881718,0.021708852,0.012156957,2026,7,3054212,3.15572506,,,,
,,,21.81755902,0.14736167,0.007359813,1.611980377,0.029494348,0.016516835,2026,7,4879276,4.66037226,,,,
,,,11.92646218,0.086331705,0.005431848,1.313748132,0.016820545,0.009419505,2026,7,3043275,3.01685327,,,,
,,,2.14141556,0.016555642,0.00081211,0.237081057,0.002307886,0.001292416,2026,7,4372096,0.54965705,,,,
4.168177741,0.019785892,0.00111,1.549765648,0.0078447,0.000399883,0.252341751,0.008418912,0.004049866,2026,7,4722893,0.98506168,,,,
,,,7.291806388,0.046501745,0.001695041,0.663670885,0.012317161,0.00689761,2026,7,4569382,1.66178206,,,,
,,,6.43791658,0.042910271,0.001732911,0.624016962,0.006074547,0.003401746,2026,7,3052096,1.52209278,,,,
,,,13.40189599,0.0825365,0.003158647,0.955439333,0.017481639,0.009789718,2026,7,4431466,2.77804719,,,,
1.328973336,0.009384243,0.000648,,,,,0.004509397,0.002074322,2026,7,4698597,0.31276313,,,,
,,,13.91025443,0.022473144,0.001190627,0.994680724,0.018199638,0.010191797,2026,7,4061956,2.50302329,,,,
3.020799473,0.029607188,0.00119,1.81302598,0.009337326,0.000458027,0.26218506,0.006887805,0.0033487,2026,7,4383396,0.97601514,,,,
2.892886552,0.017580328,0.000519,17.68569581,0.079960818,0.003677733,1.368422793,0.034963882,0.018587184,2026,7,4608810,4.06682454,,,,
,,,13.34525501,0.082357425,0.003853408,0.813707554,0.014888378,0.008337492,2026,7,4696882,2.63380244,,,,
,,,6.710248579,0.069902131,0.002568305,0.751095275,0.007311602,0.004094497,2026,7,4242392,1.83867373,,,,
,,,2.278893082,0.016071108,0.000819223,0.182291704,0.003335385,0.001867815,2026,7,4808839,0.50459868,,,,
,,,2.487230539,0.013584247,0.000863323,0.192559004,0.003523245,0.001973017,2026,7,5150247,0.60416992,,,,
,,,13.32298077,0.105193853,0.004294907,1.170430937,0.022221097,0.012443814,2026,7,4567096,3.11818112,,,,
,,,6.332678802,0.032158385,0.001840746,0.557184903,0.010194792,0.005709084,2026,7,4565185,1.37593582,,,,
,,,6.749838175,0.047543078,0.001616651,0.719498872,0.009089528,0.005090136,2026,7,4426844,1.67303419,,,,
,,,5.471232439,0.038381344,0.001201235,0.460753953,0.008430399,0.004721023,2026,7,5092508,1.23134828,,,,
,,,7.189163758,0.054573413,0.001682692,0.65283406,0.011944882,0.006689134,2026,7,4259305,1.71576527,,,,
,,,6.812635072,0.047866164,0.001498085,0.858922337,0.011004092,0.006162291,2026,7,3127310,1.81834482,,,,
,,,14.16270141,0.071377984,0.004490984,1.307834054,0.026156681,0.014647741,2026,7,3917914,3.17119454,,,,
,,,4.758371163,0.025878335,0.00126942,0.352882197,0.007057644,0.003952281,2026,7,4426485,0.9788102,,,,
,,,6.687964272,0.052510475,0.002575816,0.712927806,0.008675072,0.00485804,2026,7,4360967,1.69245184,,,,
,,,6.209125206,0.039997592,0.001790375,0.596929466,0.007263577,0.004067603,2026,7,4685504,1.45346508,,,,
,,,4.949373129,0.028471125,0.001332131,0.336576974,0.006158337,0.003448669,2026,7,4690143,1.09954819,,,,
,,,9.122547569,0.083837646,0.006886524,0.852448264,0.008298231,0.00464701,2026,7,3911853,2.27242692,,,,
,,,15.48008794,0.127034485,0.005943796,1.391717329,0.016934741,0.009483455,2026,7,4432260,3.69530071,,,,
,,,3.24736663,0.014005181,0.001008109,0.428681476,0.003685157,0.002063688,2026,7,2975417,0.83543527,,,,
1.269323089,0.010924326,0.000372,10.44022837,0.063864624,0.00244408,0.72683869,0.018007388,0.009613293,2026,7,4575665,2.4000536,,,,
,,,1.683718221,0.006810931,0.000370393,0.224800544,0.001932496,0.001082198,2026,7,4039505,0.43266534,,,,
6.428619916,0.03959719,0.002734827,5.778019584,0.035283233,0.001762182,0.787603779,0.019482574,0.009639047,2026,7,5081999,2.44778039,,,,
,,,9.926970852,0.084565341,0.006198511,1.211681368,0.011795217,0.006605322,2026,7,4361372,2.71126828,,,,
,,,7.870501422,0.027970384,0.001487158,0.774970389,0.00943002,0.005280811,2026,7,4880236,1.72250453,,,,
,,,8.509859584,0.065512829,0.002507156,0.864200881,0.010515798,0.005888847,2026,7,4040612,2.10177823,,,,
,,,4.015783579,0.01084977,0.000499026,0.338360131,0.006190963,0.003466939,2026,7,5097554,0.820918,,,,
,,,2.183199121,0.011317382,0.000599595,0.187856671,0.002476489,0.001386834,2026,7,2998565,0.4725718,,,,
,,,6.53871204,0.072040869,0.005917523,0.677304086,0.008241594,0.004615293,2026,7,4383440,1.76624276,,,,
,,,1.915007552,0.012568596,0.000471231,0.219505308,0.002670992,0.001495755,2026,7,4426496,0.48443939,,,,
,,,6.604146761,0.063391155,0.003441543,0.667056393,0.009764086,0.005467888,2026,7,4035656,1.70402331,,,,
,,,3.824228539,0.03057658,0.001430643,0.375148777,0.003651918,0.002045074,2026,7,3052897,0.93989885,,,,
,,,6.290190493,0.047546169,0.002423661,0.651072701,0.007922404,0.004436546,2026,7,4362018,1.56155239,,,,
,,,10.27167132,0.112290379,0.00421007,1.149668559,0.01324161,0.007415302,2026,7,3843945,2.8445173,,,,
,,,5.943623709,0.053583292,0.001899692,0.61900506,0.007532198,0.004218031,2026,7,2975863,1.5304291,,,,
,,,1.672507598,0.010162854,0.00051805,0.243736647,0.00209528,0.001173357,2026,7,2515270,0.47070924,,,,
2.914091926,0.023375739,0.0017876,1.675982018,0.010114532,0.000642811,0.241031532,0.006672825,0.003235261,2026,7,4241961,0.89954725,,,,
,,,7.027448704,0.041812437,0.001567661,0.520073935,0.009515774,0.005328834,2026,7,4430681,1.46642248,,,,
,,,8.537031258,0.025795674,0.001371531,0.678973687,0.012423157,0.006956968,2026,7,4369466,1.67660818,,,,
,,,8.729785104,0.083862487,0.003423979,0.924090483,0.011244548,0.006296947,2026,7,4683243,2.29479498,,,,
,,,3.832354066,0.027624917,0.00158125,0.422344108,0.005139182,0.002877942,2026,7,4708049,0.96887123,,,,
,,,3.489597518,0.018397011,0.00065223,0.451023935,0.003877224,0.002171245,2026,7,4243176,0.90743032,,,,
,,,1.914189183,0.009047139,0.000743143,0.237112533,0.002038336,0.001141468,2026,7,3929914,0.48207146,,,,
,,,2.013771799,0.009847293,0.000521709,0.182412264,0.002219635,0.001242996,2026,7,4722908,0.44148925,,,,
,,,4.332452748,0.033385573,0.002121761,0.462155133,0.005623611,0.003149222,2026,7,4045305,1.09380712,,,,
,,,8.871302391,0.073610788,0.002683196,0.900159021,0.010953345,0.006133873,2026,7,4426553,2.22234183,,,,
,,,10.25102525,0.030797451,0.002153718,1.047062387,0.012374099,0.006929496,2026,7,4361516,2.24772446,,,,
,,,2.159953291,0.008838966,0.000556133,0.177364793,0.003245237,0.001817333,2026,7,4369886,0.44395732,,,,
1.382748881,0.008340656,0.000214,,,,,0.004509574,0.002074404,2026,7,4683151,0.18471682,,,,
,,,4.494488821,0.019565286,0.001408331,0.366470849,0.006705304,0.00375497,2026,7,4257188,1.19395175,,,,
,,,4.719169512,0.035089667,0.001788692,0.402535725,0.007365182,0.004124502,2026,7,4241424,1.08051346,,,,
,,,1.806478676,0.010455094,0.000480874,0.188971392,0.002299448,0.001287691,2026,7,4372505,0.43079679,,,,
,,,3.545760939,0.021754228,0.00136874,0.400901858,0.004878267,0.00273183,2026,7,4035020,0.88340614,,,,
,,,4.233795821,0.032439253,0.001103062,0.449385435,0.005468227,0.003062207,2026,7,4239944,1.06362685,,,,
,,,4.900891056,0.027021949,0.001717332,0.424119486,0.007760099,0.004345656,2026,7,4401805,1.10084578,,,,
,,,4.295287753,0.037765836,0.001164455,0.54659636,0.006651112,0.003724623,2026,7,4431346,1.19777562,,,,
,,,2.10322508,0.014784322,0.000554304,0.218980147,0.002664601,0.001492177,2026,7,4362504,0.51620304,,,,
,,,8.753211977,0.065405526,0.002047021,1.173916915,0.013952148,0.007813203,2026,7,3050481,2.4305073,,,,
,,,1.93267267,0.016850315,0.000830522,0.210749282,0.002564446,0.00143609,2026,7,4431196,0.5039751,,,,
94.59407876,0.862309016,0.031020983,36.73844601,0.211450935,0.007866612,4.597174251,0.202769811,0.097099835,2026,8,4429795,24.06191395,,,,
,,,78.5439589,0.498775592,0.018555954,6.820991634,0.072700198,0.040712111,2026,8,4374302,17.62564876,,,,
1.462231607,0.018839006,0.000749551,87.60604851,0.704664159,0.034256293,7.265582687,0.089764431,0.04994966,2026,8,4241389,20.48591206,,,,
30.8980977,0.874321995,0.031014277,,,,,0.65776821,0.31340125,2026,8,3918298,22.70209304,249.4476427,1.535388,0.107879242,0.710715471
93.22572967,0.703071337,0.024299979,31.69889034,0.16433397,0.010382203,3.346817767,0.264383928,0.125409624,2026,8,4430807,20.86921673,,,,
,,,93.064837,0.671474813,0.023791655,6.815024965,0.110990423,0.062154637,2026,8,4430878,20.07655958,,,,
0.615029981,0.00449352,0.000236,88.48018832,0.751731755,0.023401452,7.862260818,0.121489705,0.067853482,2026,8,4362628,21.22391224,,,,
4.758789993,0.084612058,0.00310328,94.73957535,0.585496327,0.021279803,7.001381416,0.116759491,0.064202373,2026,8,4426515,20.89531368,,,,
72.61723702,0.650576468,0.016569394,23.33756123,0.058303615,0.003062298,3.001450801,0.19127929,0.09073342,2026,8,4242335,16.71305967,,,,
85.23796517,0.790323365,0.028034646,16.384444,0.09601384,0.006746113,2.128066079,0.27257068,0.128208019,2026,8,4379399,17.42867571,,,,
,,,69.96315252,0.617199553,0.020861451,7.973135599,0.0804694,0.045062864,2026,8,4361307,18.62636934,,,,
97.07629781,1.234156227,0.0328,12.84812985,0.06805298,0.003177574,1.515327961,0.157895908,0.073677428,2026,8,3043078,20.24979626,,,,
,,,83.06288901,0.618661118,0.035170636,6.939403246,0.098768896,0.055310582,2026,8,4262921,18.91998896,,,,
,,,70.05359143,0.533244932,0.033703585,6.642718198,0.0565811,0.031685416,2026,8,4432665,16.85307727,,,,
40.36151554,0.295034532,0.00784,,,,,0.485035532,0.231173297,2026,8,3916387,21.00111561,251.2669296,1.607298,0.075048992,0.500661855
93.47331287,0.874969475,0.0351,24.58873454,0.197766153,0.009699389,2.894162375,0.116903113,0.055247301,2026,8,4567048,21.11896906,,,,
62.70089833,0.494805698,0.0376,35.89653654,0.186998245,0.011819168,4.431573576,0.118210215,0.05691761,2026,8,4890973,18.37026384,,,,
1.548729227,0.012291326,0.00042482,77.40463808,0.312540844,0.019745537,5.589771499,0.096781415,0.053693092,2026,8,4426502,15.36961178,,,,
68.17422371,0.455894626,0.023939175,25.04167179,0.13942472,0.004340299,4.200411147,0.134345985,0.064478466,2026,8,4362238,17.02506479,,,,
,,,65.38729585,0.52617871,0.025579465,4.557513538,0.091150271,0.051044152,2026,8,4426354,14.20479201,,,,
77.74543014,1.11702332,0.0444,18.25927027,0.098061378,0.004767121,2.749840961,0.200981907,0.094995982,2026,8,4361579,19.55446547,,,,
80.05486057,0.497623648,0.0158,14.94682033,0.102789293,0.004167077,1.826080458,0.12055594,0.056583618,2026,8,3929630,14.85867311,,,,
,,,70.74260661,0.592478836,0.021533582,4.361317791,0.059257643,0.03318428,2026,8,16800,14.96871607,,,,
,,,65.98074592,0.414601434,0.030583245,5.989805556,0.112553125,0.06302975,2026,8,4569618,15.01356574,,,,
3.446190476,0.032548157,0.000865,86.29737095,0.389356965,0.018180106,5.676710745,0.105376733,0.058060982,2026,8,4429615,17.10724987,,,,
67.15039117,0.718798885,0.026363076,22.02383674,0.195027876,0.007088268,3.371150331,0.181158351,0.086755764,2026,8,4430737,17.66970685,,,,
1.48626616,0.031361572,0.000798741,46.32125851,0.206298812,0.010835495,5.682405015,0.069510767,0.038393536,2026,8,4431459,11.83743719,,,,
63.46353197,0.421451845,0.0182,19.83269384,0.109985222,0.003717519,2.763196009,0.118975165,0.05662888,2026,8,4870808,14.21515627,,,,
,,,68.37735507,0.402340315,0.016310875,5.71387043,0.082018421,0.045930316,2026,8,4241478,14.90857495,,,,
,,,76.52163988,0.592076205,0.024032919,5.430735819,0.108614716,0.060824241,2026,8,4685472,16.56464239,,,,
55.41715066,0.377121579,0.012413038,8.810532914,0.031065502,0.001301554,1.352931175,0.219914143,0.103154505,2026,8,4685382,10.05175019,,,,
,,,63.14524225,0.43911749,0.021536403,5.293679529,0.105873591,0.059289211,2026,8,4428331,14.17019908,,,,
11.36469198,0.125690777,0.006600064,,,,,0.473651456,0.226634583,2026,8,3915511,19.33144885,264.722349,2.099972,0.065372246,0.625551212
76.76302345,0.653755263,0.039468725,23.1256938,0.121250128,0.008944065,2.827078139,0.146733422,0.069640816,2026,8,4427366,17.42740216,,,,
25.35770064,0.456982455,0.014554459,,,,,0.465847179,0.222211272,2026,8,4040715,18.60483342,227.6687404,1.474134,0.059761386,0.696313068
,,,64.92317723,0.416503055,0.012965764,4.883814857,0.067674173,0.037897537,2026,8,4239993,13.82707536,,,,
71.50740822,0.371550369,0.0109,18.33627042,0.089142929,0.004081608,2.550735208,0.194093663,0.091680427,2026,8,4596448,14.15098922,,,,
54.90433984,0.341661848,0.010047725,16.71670668,0.043371427,0.001986582,2.146789159,0.183353681,0.086941117,2026,8,4259545,11.47412184,,,,
,,,46.98928439,0.420763041,0.015653652,4.469879724,0.038073377,0.021321091,2026,8,4430027,11.68305953,,,,
0.665048089,0.004781642,0.000140569,49.95597155,0.236833355,0.010843943,3.22727159,0.049277479,0.027391582,2026,8,4567750,9.7075514,,,,
61.07500872,0.412640933,0.0233,21.70769015,0.107534575,0.005511863,3.031335424,0.079959398,0.038084266,2026,8,4685702,14.41422555,,,,
18.4265238,0.165721915,0.006652081,,,,,0.326051602,0.155895713,2026,8,3139477,17.63265409,240.8330723,1.65503,0.081170515,0.665103218
,,,70.0119379,0.424190626,0.022617521,5.109321979,0.082010332,0.045925786,2026,8,4047646,14.611209,,,,
,,,49.57763394,0.204545556,0.008569864,4.031602309,0.065699988,0.036791993,2026,8,4612826,10.16192878,,,,
,,,49.76189417,0.286118788,0.014032621,4.017295783,0.049636567,0.027796477,2026,8,15847,10.68397822,,,,
,,,65.74193574,0.503119396,0.015588494,4.578242342,0.074424598,0.041677775,2026,8,4248528,14.12093573,,,,
0.705203293,0.004884442,0.000250553,63.19068519,0.569298528,0.02538363,4.298374872,0.088795636,0.049442742,2026,8,4432620,14.32790032,,,,
0.644237578,0.003716802,0.000311742,56.28212856,0.205388644,0.017070928,4.547199337,0.068881767,0.038401217,2026,8,4372016,11.45424953,,,,
2.666374436,0.030820279,0.00109,63.90362303,0.359320923,0.025246562,4.594081038,0.077731934,0.042731674,2026,8,3915416,13.56118977,,,,
14.00963075,0.175756555,0.00699286,,,,,0.342941705,0.164041425,2026,8,2577417,20.48640624,263.590953,2.185324,0.106236564,0.580733143
77.28604004,0.568366512,0.0319,14.56499821,0.108675614,0.004411243,2.169236995,0.134242528,0.06324436,2026,8,4241416,15.36627334,,,,
42.49764504,0.275420382,0.013919421,24.77313854,0.135488854,0.007702487,3.016961354,0.139300843,0.067413064,2026,8,3042519,12.12159082,,,,
76.25154472,0.550315975,0.028229114,14.88491585,0.095367164,0.004252189,1.790323706,0.151512808,0.071120413,2026,8,4882093,14.70479238,,,,
,,,48.1256443,0.377774478,0.019363457,4.695776992,0.055494316,0.031076817,2026,8,5083076,11.75302557,,,,
,,,62.68630337,0.477619746,0.021979425,4.225246534,0.062320792,0.034899643,2026,8,3121422,13.33539891,,,,
63.8721725,0.23886247,0.0275,25.71631771,0.147878846,0.008114766,3.079594389,0.172104127,0.082410125,2026,8,4569987,14.26984259,,,,
,,,38.36592262,0.241558053,0.011064308,3.488022474,0.033954456,0.019014496,2026,8,4723086,8.75895668,,,,
,,,49.89528111,0.227704189,0.008471282,3.37871699,0.048472211,0.027144438,2026,8,4426388,9.69840192,,,,
2.701533604,0.015528106,0.000456657,53.56028635,0.147244362,0.00674437,4.454902861,0.084635529,0.04652671,2026,8,4685278,10.9813003,,,,
32.51080919,0.160123626,0.009,,,,,0.745262706,0.355391379,2026,8,4431452,18.1451539,246.6995829,1.591168,0.084839864,0.897950529
46.56161953,0.386051544,0.0217,23.7112378,0.130738705,0.006970888,2.840547162,0.18603827,0.089175123,2026,8,4569173,12.85247992,,,,
,,,44.68628172,0.204520529,0.014369996,3.799083625,0.055859181,0.031281141,2026,8,4385690,9.46248868,,,,
2.859984827,0.045532641,0.001669981,,,,,0.361288611,0.173090503,2026,8,12483,17.44494862,263.6884501,2.043594,0.074274212,0.825703546
,,,57.28448056,0.373767984,0.020510302,3.582734619,0.059711274,0.033438313,2026,8,4047650,11.52951256,,,,
17.71836498,0.238379637,0.012227968,,,,,0.381725315,0.182414817,2026,8,4360310,19.93667983,244.7620309,2.140908,0.095457856,0.740084869
,,,76.2601124,0.498808935,0.016859828,5.971133958,0.085955528,0.048135096,2026,8,4360761,16.52971627,,,,
,,,51.36021203,0.23757077,0.010881674,3.352946723,0.059849736,0.033515852,2026,8,4431299,9.87070219,,,,
52.97945959,0.348856829,0.019598149,10.18511519,0.048121455,0.002565799,1.399609919,0.099175286,0.046608141,2026,8,4432710,10.05166472,,,,
27.63301636,0.162089489,0.00477,,,,,0.534108923,0.255068485,2026,8,4431611,14.33785958,221.1995317,0.848744,0.038875808,0.616095453
,,,72.47233593,0.227571079,0.016123504,4.977969893,0.091081738,0.051005773,2026,8,4871023,13.52327142,,,,
1.18006436,0.005493343,0.000303,63.91093659,0.390300863,0.01209296,4.202191233,0.064612599,0.035872783,2026,8,4701936,13.04080692,,,,
2.807825309,0.044232813,0.001591245,,,,,0.524829582,0.251444122,2026,8,3046779,16.01113406,255.7705266,1.675116,0.06231936,0.552561688
0.811261641,0.008788162,0.000484126,46.49367458,0.246586144,0.007640148,4.416248936,0.058573322,0.032532798,2026,8,4572680,10.63171935,,,,
70.09313525,0.347985751,0.016477384,14.36494306,0.025958373,0.001839161,2.343244199,0.119946897,0.056699227,2026,8,3916148,12.95911941,,,,
48.19725263,0.219284016,0.0121,,,,,0.490211357,0.233257424,2026,8,4426348,20.54337971,228.466124,1.633326,0.07516349,0.492485371
,,,48.47742789,0.291112555,0.013396613,4.362752874,0.068740747,0.038494818,2026,8,2976212,10.90878658,,,,
,,,62.4491316,0.466378255,0.018930723,5.298428612,0.088950598,0.049812335,2026,8,4695883,14.34636083,,,,
15.5818665,0.168204641,0.009441698,,,,,0.426324537,0.204019321,2026,8,4685720,19.48020411,257.663103,2.02034,0.082007464,0.630617092
,,,47.39080555,0.139000808,0.007300782,4.426204834,0.062781386,0.035157576,2026,8,4688813,9.94523265,,,,
0.770660023,0.007713271,0.00039,54.07255682,0.33535087,0.019064562,4.076091646,0.053780114,0.02995946,2026,8,4429205,11.59921038,,,,
58.63410815,0.37662522,0.0207,17.24375079,0.084247517,0.002610299,2.450579834,0.169311015,0.080406761,2026,8,4047365,12.69387923,,,,
44.3264441,0.264176557,0.00777,9.933927634,0.040585411,0.001858971,1.308407727,0.049454816,0.023311601,2026,8,4608686,8.53695945,,,,
,,,43.10008514,0.410960658,0.019188839,4.308824067,0.055435561,0.031043914,2026,8,3116365,11.06235038,,,,
,,,43.89353802,0.364169491,0.030268037,3.220581348,0.054003581,0.030242005,2026,8,3128429,9.79643216,,,,
56.34228649,0.315331376,0.01285386,13.21502663,0.0809971,0.002869884,1.447319271,0.119498182,0.056213351,2026,8,4685512,10.70319823,,,,
,,,46.5590081,0.334586251,0.013564125,4.265214862,0.050761268,0.02842631,2026,8,3121023,10.90024681,,,,
56.99384231,0.368214942,0.030883561,6.122963723,0.026836053,0.002230485,1.015733288,0.066353206,0.030977734,2026,8,4241985,9.70374449,,,,
,,,26.16061204,0.309703214,0.015055802,2.913226773,0.052232781,0.029250357,2026,8,4242355,7.36049815,,,,
16.61767281,0.18437813,0.015464481,,,,,0.521470716,0.249187889,2026,8,4426338,15.39144825,231.5143935,1.272474,0.10576199,0.742438356
0.779836184,0.007460061,0.000382673,43.45500339,0.451319488,0.020123233,3.700850347,0.059626909,0.033171623,2026,8,3916433,10.85325216,,,,
,,,34.16445356,0.116349246,0.00735065,2.76238879,0.023529373,0.013176449,2026,8,4360248,6.86590202,,,,
19.49907519,0.14304716,0.012,29.6524795,0.180588658,0.015009671,4.200686182,0.078284632,0.039531001,2026,8,4568490,11.06907099,,,,
,,,35.18750439,0.193167293,0.010599943,3.442746522,0.058165438,0.032572645,2026,8,4035687,8.07809132,,,,
,,,55.78234197,0.324287524,0.016621894,4.165904013,0.076223397,0.042685102,2026,8,4832800,11.63974694,,,,
,,,29.4844215,0.2557509,0.008644424,2.100377483,0.032735754,0.018332022,2026,8,4432708,6.56481384,,,,
,,,44.84261372,0.319518421,0.015670698,3.115023483,0.039896832,0.022342226,2026,8,4683062,9.50410833,,,,
51.11735968,0.341883619,0.018931266,5.013400602,0.032580734,0.001499322,0.685715966,0.180157493,0.083811835,2026,8,4575131,8.42357362,,,,
40.17276971,0.161678809,0.0186,10.34032543,0.063871661,0.00350492,1.454389149,0.080588388,0.038208654,2026,8,4038815,7.82892402,,,,
44.95135302,0.351262415,0.0129,6.940590905,0.032919542,0.001196457,0.951974,0.077377403,0.036266317,2026,8,4429096,8.40396041,,,,
55.19504273,0.391779305,0.010078902,11.45458272,0.04071389,0.002160022,1.6389797,0.089177776,0.04200804,2026,8,4711533,10.84171518,,,,
21.72063845,0.100934464,0.00332228,,,,,0.601491147,0.287336025,2026,8,4038941,12.43009216,211.6949079,0.880194,0.036877568,0.928889214
32.43762639,0.288165776,0.017397238,8.460863587,0.048693207,0.003591874,1.18286673,0.064607125,0.030639814,2026,8,4685247,7.27627222,,,,
,,,35.81091597,0.300010672,0.013376743,2.298369391,0.033885685,0.018975984,2026,8,4432773,7.66922054,,,,
16.83056621,0.102004791,0.002998703,16.62586409,0.102898953,0.004711458,2.423898328,0.058862764,0.029150847,2026,8,4371733,6.98772569,,,,
1.46911059,0.008425412,0.000399,41.5284268,0.097703177,0.00692231,4.138185875,0.060584784,0.033580216,2026,8,4569587,9.02379534,,,,
,,,39.71677118,0.298496434,0.015915602,2.95338248,0.056677931,0.031739642,2026,8,4361432,8.68588412,,,,
,,,41.19724088,0.228944874,0.013015424,5.134221243,0.053637331,0.030036905,2026,8,4036133,10.59498761,,,,
26.28845901,0.161769708,0.008957742,13.98959358,0.11078443,0.005098152,2.13597505,0.078253069,0.037933626,2026,8,4697815,7.78654492,,,,
,,,56.91763106,0.197225518,0.010358936,3.991436559,0.05851337,0.032767487,2026,8,4360078,10.82327767,,,,
,,,45.87471548,0.258829478,0.018185845,4.067696191,0.07031211,0.039374781,2026,8,4373678,10.16762074,,,,
29.08502527,0.222330985,0.011236346,,,,,0.427169702,0.204035447,2026,8,3917315,17.93361282,233.0695144,1.49892,0.085213001,0.711721996
59.79441506,0.491279981,0.02,15.57763993,0.055596867,0.001969905,1.958161141,0.053448809,0.025259785,2026,8,4426385,12.77145797,,,,
2.192573971,0.016571228,0.000487155,31.32728191,0.067416906,0.003086833,2.980083696,0.053226414,0.029152457,2026,8,3116165,6.78624515,,,,
0.399769773,0.010639654,0.000642341,38.22406282,0.252554769,0.018629806,3.646440303,0.04591762,0.025559179,2026,8,5083315,9.07662804,,,,
59.22626622,0.488278478,0.024677018,6.930028802,0.03080177,0.001751068,1.030312774,0.137128702,0.06412069,2026,8,4360569,10.68865656,,,,
3.712464087,0.022737845,0.001282778,47.36563593,0.113054945,0.005794819,4.332434602,0.09183998,0.050173431,2026,8,4870653,10.28020636,,,,
1.358216667,0.011406299,0.00036328,32.23134911,0.218970907,0.00887708,2.305397883,0.046942301,0.025811637,2026,8,4870795,7.01471714,,,,
7.630267515,0.044525624,0.001814999,,,,,0.424044919,0.202914486,2026,8,3912547,15.93818983,247.1229871,1.733028,0.061404543,0.820426132
,,,41.354275,0.268240313,0.010874461,2.961017429,0.058907929,0.03298844,2026,8,4428850,8.66321285,,,,
8.414951314,0.054258567,0.002989022,,,,,0.646404152,0.309602956,2026,8,4036378,16.15509571,256.5808447,1.68285,0.052140898,0.757339269
2.42845003,0.013618237,0.000448247,35.48306107,0.139078265,0.005826975,2.047305662,0.037188553,0.020103405,2026,8,4429025,6.72796342,,,,
12.73585409,0.062107579,0.003421412,3.274304518,0.02428972,0.000752585,0.545828635,0.030202977,0.01436259,2026,8,4429023,2.6456491,,,,
,,,33.20441352,0.050563443,0.002316004,3.505572944,0.070111459,0.039262417,2026,8,2973405,7.16695477,,,,
,,,33.10621784,0.241086334,0.012854539,3.091324914,0.030363336,0.017003468,2026,8,3046439,7.84097084,,,,
,,,36.80682789,0.13445623,0.007062085,4.105253635,0.07351288,0.041167213,2026,8,15818,8.52640155,,,,
21.05344091,0.113547449,0.00538,14.91011917,0.050757745,0.003596207,1.916308093,0.055255907,0.026998824,2026,8,4428557,6.46390803,,,,
38.96405993,0.310353441,0.0107,6.677817773,0.045322681,0.002863372,0.891808629,0.096395353,0.045166762,2026,8,4241474,7.53833158,,,,
,,,46.13140448,0.242691642,0.015339252,3.418008337,0.043777424,0.024515357,2026,8,4428718,9.47010443,,,,
3.6412739,0.021212789,0.000865,41.88307042,0.240385796,0.008517335,2.295603912,0.05723343,0.030918586,2026,8,4032473,8.69354727,,,,
17.0780008,0.114929831,0.00338,,,,,0.591330601,0.282637807,2026,8,3052587,12.01909994,208.0541872,0.796536,0.036471176,0.708308674
30.18258127,0.251737937,0.010893156,14.79010177,0.057403044,0.001940233,2.012007088,0.031911514,0.015371145,2026,8,4373626,8.35988577,,,,
8.511343749,0.066665867,0.001715044,46.46960541,0.129153486,0.006852067,3.571002938,0.103053613,0.054546668,2026,8,4569603,10.27995503,,,,
3.299443165,0.06561859,0.00499,,,,,0.491609279,0.235400939,2026,8,14880,15.12573406,250.6080006,1.586694,0.100286517,0.86086449
,,,29.07399644,0.270886344,0.010995527,2.759020579,0.023500684,0.013160383,2026,8,2576925,7.28802658,,,,
20.4698495,0.146053598,0.00465,11.57025986,0.051955375,0.002106271,1.51560172,0.06036828,0.02918594,2026,8,4431545,5.90164411,,,,
13.25952429,0.145194477,0.006282828,,,,,0.40763044,0.195055546,2026,8,2578570,17.48424334,245.3615425,1.767815741,0.059752476,0.675650065
,,,53.0713028,0.346484972,0.025558606,3.097414938,0.061948299,0.034691047,2026,8,4597500,10.46682817,,,,
,,,37.20603418,0.299189874,0.021021642,2.779511368,0.047074978,0.026361988,2026,8,4635008,8.28581534,,,,
,,,41.84046419,0.339738163,0.015148094,3.613540974,0.051042133,0.028583594,2026,8,4430539,9.81049537,,,,
10.87738866,0.16360073,0.004166712,,,,,0.647520825,0.309804634,2026,8,3917792,11.89060111,225.4078893,0.78219,0.041083202,0.905904136
,,,34.29093503,0.237874894,0.011107007,2.282241609,0.034378579,0.019252004,2026,8,4360939,7.12320048,,,,
29.54393544,0.1219204,0.004013036,12.11719251,0.068352677,0.002863778,1.790948368,0.063360079,0.030528623,2026,8,4596334,7.08374576,,,,
28.34626354,0.196111882,0.0149,3.856886846,0.020417199,0.001290463,0.524259766,0.061031257,0.028525058,2026,8,4686658,5.0206941,,,,
0.625922547,0.007141173,0.000823,32.32431467,0.247486521,0.01358068,3.363543519,0.04972793,0.027525787,2026,8,4361411,8.16140319,,,,
40.79950034,0.208595917,0.00537,8.983275595,0.040014644,0.002122924,1.202783702,0.129962287,0.061209358,2026,8,4682745,7.60044415,,,,
,,,24.55727116,0.239401837,0.008701035,2.07662362,0.02526884,0.014150551,2026,8,4570037,5.95852873,,,,
19.85062029,0.15777861,0.006333236,7.390153375,0.047498984,0.002329575,0.928932787,0.047845593,0.022807529,2026,8,4832955,4.86960807,,,,
34.05165499,0.279477787,0.0143,1.802918441,0.013508155,0.000602296,0.22398384,0.057549767,0.026636891,2026,8,4362619,5.54540565,,,,
,,,40.45892519,0.144737218,0.007678841,2.910767175,0.053258203,0.029824594,2026,8,4869645,7.7821955,,,,
,,,22.00453766,0.308338708,0.009598601,2.381404482,0.024562211,0.013754838,2026,8,3116164,6.42422602,,,,
,,,35.01277986,0.189573868,0.011981959,3.848380577,0.04398847,0.024633543,2026,8,4429086,8.4629626,,,,
,,,42.05531588,0.261627435,0.014356654,3.090158137,0.056540513,0.031662687,2026,8,4431492,8.83233627,,,,
,,,22.12135074,0.108553273,0.005564078,1.706230471,0.025630819,0.014353258,2026,8,4241463,4.55278482,,,,
33.30462492,0.135317699,0.007634079,,,,,0.649346761,0.309605606,2026,8,3122840,16.31334312,226.377889,1.202045,0.061612809,0.614381846
7.023742485,0.039445548,0.00455,,,,,0.48415742,0.231986993,2026,8,8439,14.99828203,236.4466523,1.585272,0.086990884,0.735803689
,,,26.98191544,0.197726436,0.007005831,2.001899256,0.033728557,0.018887992,2026,8,2977187,5.86357309,,,,
,,,22.97036521,0.145385998,0.00775187,1.804865026,0.0260592,0.014593152,2026,8,2991662,4.96122497,,,,
13.80829359,0.111163084,0.002955571,11.48819206,0.061229213,0.002858954,1.273983521,0.040760295,0.019938676,2026,8,4038441,4.81081157,,,,
,,,14.35068471,0.0617971,0.00437835,0.972531704,0.015752782,0.008821558,2026,8,3925357,2.76991216,,,,
27.66259171,0.17445891,0.00449,,,,,0.682273523,0.32552469,2026,8,4242512,13.0070423,204.7640729,0.6885,0.036527456,0.599759389
13.28414304,0.107109862,0.006466471,,,,,0.538741228,0.257713401,2026,8,15864,15.86246488,235.6634938,1.473142,0.108666923,0.578388165
9.577167936,0.042561301,0.00234,3.289608967,0.016460945,0.000510021,0.525752332,0.015919121,0.007639169,2026,8,3149687,2.1574052,,,,
1.007277504,0.02042223,0.000832,32.30346644,0.295979634,0.010487132,2.760867959,0.051060368,0.028119027,2026,8,4576297,7.95810375,,,,
19.86031189,0.146822098,0.00771,11.20832233,0.052357878,0.001629904,1.427154016,0.063207302,0.030535766,2026,8,3116389,5.68837357,,,,
7.302023398,0.092387896,0.003193167,,,,,0.339715901,0.162623495,2026,8,4360423,13.23089693,226.3217049,1.032096,0.065205205,0.52768737
,,,10.29925456,0.069672446,0.003960851,1.042582575,0.017864442,0.010004088,2026,8,3886598,2.47892783,,,,
,,,27.46628603,0.19407081,0.012266187,1.996480984,0.034093099,0.019092135,2026,8,4382466,5.89478255,,,,
,,,26.9784478,0.217961732,0.010030309,2.054296744,0.037587394,0.021048941,2026,8,5081432,6.08769684,,,,
13.92282805,0.148736628,0.00704,,,,,0.474703956,0.227071111,2026,8,4688380,12.63985684,219.1351405,0.771786,0.054681354,0.58961792
,,,35.78707944,0.074059097,0.003102861,2.60701793,0.047700514,0.026712288,2026,8,4686612,6.5841216,,,,
,,,23.84197941,0.149930612,0.006281657,2.299056915,0.029796681,0.016686141,2026,8,4595342,5.56281556,,,,
0.639248319,0.004926979,0.000259,27.63877208,0.220099725,0.006851717,2.289061645,0.044055486,0.024453812,2026,8,4384852,6.58079479,,,,
4.320917754,0.038807085,0.001376579,1.7263572,0.010917211,0.000767064,0.236458863,0.011430078,0.005467686,2026,8,4429501,1.17331819,,,,
,,,40.20441275,0.333053808,0.016190959,3.098392315,0.054601871,0.030577048,2026,8,5083754,9.08982426,,,,
,,,35.61663684,0.128655305,0.006825637,2.5873486,0.047340625,0.02651075,2026,8,4869961,6.88282189,,,,
,,,6.621547208,0.05688495,0.002306116,0.52328438,0.009574516,0.005361729,2026,8,4715355,1.52089017,,,,
,,,25.48794094,0.132235575,0.006085305,2.507006514,0.028727636,0.016087476,2026,8,4360635,5.82996572,,,,
,,,22.01833689,0.063990786,0.00531861,2.488636343,0.030893601,0.017300416,2026,8,3051876,5.05126714,,,,
,,,39.24041192,0.071386449,0.003268588,3.390459885,0.045691332,0.025587146,2026,8,4243331,7.69938866,,,,
,,,24.05425573,0.142691726,0.010109767,2.625162856,0.025554875,0.01431073,2026,8,4686728,5.87900886,,,,
,,,6.855653833,0.053870988,0.002956139,0.60782415,0.011121337,0.006227949,2026,8,4685261,1.61036524,,,,
,,,6.538043643,0.047699693,0.00173364,0.709177827,0.007203195,0.004033789,2026,8,2573401,1.64477025,,,,
12.38260878,0.081536657,0.004514964,8.284609179,0.046107011,0.002121783,0.904794318,0.060351447,0.029119657,2026,8,3068267,3.6940083,,,,
0.632222221,0.004276747,0.000359,24.22216915,0.113455125,0.009429851,2.161426295,0.041685554,0.023130109,2026,8,4600981,5.32767215,,,,
,,,31.6844701,0.240053728,0.008930722,2.131453139,0.038999122,0.021839508,2026,8,5123663,6.71543695,,,,
,,,25.75326012,0.15618598,0.008327717,2.037826918,0.039610687,0.022181985,2026,8,4427095,5.52360427,,,,
,,,14.01051444,0.068569936,0.004332075,1.022746083,0.018713149,0.010479363,2026,8,4870612,2.93426514,,,,
9.824571859,0.05041132,0.00166,12.37781417,0.063698192,0.002668769,1.424640354,0.033106505,0.016440958,2026,8,4430968,4.32152552,,,,
6.605495163,0.068139276,0.00242,14.21096581,0.094012464,0.006605492,1.646596645,0.026867795,0.013731483,2026,8,3915411,4.6924492,,,,
,,,24.92567854,0.102707711,0.005449022,2.407332265,0.029687195,0.016624829,2026,8,4367209,5.49458077,,,,
,,,20.55003625,0.194235489,0.01065856,2.059767037,0.032348097,0.018114934,2026,8,4430802,5.26612285,,,,
3.264634631,0.030687447,0.00122,5.703520501,0.050797777,0.002469465,0.420522597,0.01909887,0.009626525,2026,8,3676833,1.97165937,,,,
0.802998101,0.007087445,0.000428,21.9552349,0.105870045,0.007809547,1.92266947,0.037505013,0.020770207,2026,8,4569371,5.02648879,,,,
,,,12.84766297,0.077317726,0.005432489,0.880041161,0.014237888,0.007973217,2026,8,4242433,2.62400796,,,,
8.899470708,0.05796492,0.00327,14.70376162,0.059556544,0.003052669,1.995285919,0.034869219,0.017755087,2026,8,4601080,5.06990178,,,,
,,,23.77333552,0.165347847,0.006711622,1.892575134,0.03462838,0.019391893,2026,8,4360763,5.23754723,,,,
,,,9.432974428,0.064261038,0.003151666,0.71556088,0.013092592,0.007331851,2026,8,4912218,2.03640978,,,,
,,,22.97550461,0.136226969,0.004604495,2.265085545,0.041913319,0.023471458,2026,8,3045523,5.34336789,,,,
,,,29.42773434,0.123197057,0.005640852,2.21074095,0.040449848,0.022651915,2026,8,5220680,5.8597426,,,,
13.66275759,0.101036548,0.002573278,3.492368966,0.011913313,0.000625727,0.526883709,0.034923452,0.016517723,2026,8,4686468,2.94200892,,,,
,,,9.740039883,0.048208673,0.002208147,1.101565461,0.012471375,0.00698397,2026,8,4258595,2.35559924,,,,
,,,10.54679486,0.117845429,0.008280041,1.084619355,0.009238531,0.005173577,2026,8,3930086,2.85282794,,,,
17.03933907,0.120142171,0.004322033,5.606271295,0.026416079,0.000982758,0.747733019,0.040416069,0.01923418,2026,8,4912274,3.86485278,,,,
,,,31.1051946,0.151027845,0.009541556,2.17348184,0.027837684,0.015589103,2026,8,4361409,6.17880528,,,,
,,,13.84799034,0.172637253,0.006274483,1.357177173,0.017335336,0.009707788,2026,8,4242557,3.77139092,,,,
12.09666006,0.065718759,0.00311,,,,,0.023793305,0.01094492,2026,8,4685555,1.58893872,,,,
21.19946996,0.129288846,0.007257269,7.800048737,0.040156484,0.001629989,1.030065423,0.046018621,0.021926367,2026,8,4239934,4.92182305,,,,
,,,6.357358487,0.026413479,0.001871406,0.581736148,0.011634723,0.006515445,2026,8,4431268,1.60929481,,,,
,,,20.90535998,0.142312343,0.004409361,1.841194359,0.036823887,0.020621377,2026,8,4430191,4.84922128,,,,
,,,7.740895326,0.05402525,0.001963542,0.544435217,0.009961512,0.005578447,2026,8,4710855,1.63570924,,,,
0.58701433,0.003698288,0.000310189,10.85495861,0.081057719,0.006737132,0.788158479,0.014176986,0.007756065,2026,8,4431280,2.43984873,,,,
,,,1.659176768,0.012676626,0.000621722,0.218115239,0.002123207,0.001188996,2026,8,4596602,0.47814344,,,,
1.630890903,0.010792883,0.000905239,14.20780487,0.064167403,0.005333289,1.187614231,0.030763331,0.016526361,2026,8,4686472,3.26596464,,,,
0.680138678,0.005536884,0.000279828,2.109326051,0.012083501,0.000686942,0.202034125,0.005945242,0.003104472,2026,8,4430656,0.75276051,,,,
10.54525022,0.107000919,0.003145578,,,,,0.031243905,0.014372197,2026,8,4430871,1.6748993,,,,
,,,2.21434667,0.010389159,0.000475864,0.182731309,0.003343428,0.00187232,2026,8,4869748,0.53317184,,,,
,,,12.41095646,0.099345153,0.003519991,0.888262572,0.016252509,0.009101405,2026,8,4597703,2.72027751,,,,
,,,10.68020069,0.060894224,0.003246834,0.699736361,0.012803051,0.007169709,2026,8,4613202,2.15996692,,,,
1.225550384,0.00744643,0.000381973,3.384057474,0.02420102,0.001079064,0.438296199,0.006199017,0.003228329,2026,8,4911851,1.0857709,,,,
,,,25.56813256,0.159113939,0.00742945,1.484937831,0.025035746,0.014020017,2026,8,2576581,5.02019322,,,,
,,,17.89316182,0.129409961,0.008179318,1.459906682,0.026711861,0.014958642,2026,8,4241983,4.01283198,,,,
,,,8.835080075,0.077731065,0.004144561,0.891410212,0.010846887,0.006074257,2026,8,4831959,2.23773142,,,,
20.81853206,0.202184774,0.00804,3.762551136,0.028681805,0.001394327,0.477526788,0.036361891,0.017054874,2026,8,4429676,4.30655349,,,,
,,,2.147224428,0.01757118,0.000622581,0.186429862,0.002268522,0.001270372,2026,8,4678006,0.50534368,,,,
,,,15.35035502,0.105050651,0.007749104,1.714232928,0.020859186,0.011681144,2026,8,4808766,3.87225906,,,,
,,,16.99722486,0.108917997,0.005341855,1.628957338,0.013875073,0.007770041,2026,8,4240472,3.97769803,,,,
,,,20.36173674,0.114777411,0.008132027,1.398033025,0.02557976,0.014324666,2026,8,4883647,4.11116389,,,,
,,,20.60524946,0.16087176,0.006529933,2.181975561,0.037111759,0.020782585,2026,8,4372780,5.18020376,,,,
4.729275258,0.029201049,0.002449201,7.878244701,0.036196833,0.003008509,1.004088127,0.022700636,0.011491426,2026,8,4362748,2.66868811,,,,
,,,2.495164195,0.015405418,0.000559908,0.198783185,0.00254599,0.001425755,2026,8,4360797,0.53906762,,,,
,,,20.91202739,0.046501055,0.002467052,1.551661573,0.028390697,0.01589879,2026,8,4685307,3.90210124,,,,
2.246322332,0.011115828,0.000612,13.81940202,0.110345862,0.003418922,1.372935627,0.032877364,0.017635643,2026,8,4431487,3.68193876,,,,
,,,21.02856975,0.160455135,0.00786948,1.604142603,0.02935094,0.016436526,2026,8,5082630,4.6533703,,,,
,,,4.470071915,0.040980077,0.001275712,0.522949989,0.006363377,0.003563491,2026,8,4427834,1.21143008,,,,
,,,4.386806467,0.009943392,0.00052226,0.428092865,0.0078328,0.004386368,2026,8,3051889,0.91891265,,,,
,,,11.20835588,0.082490348,0.002555855,1.296969721,0.019732346,0.011050114,2026,8,3054212,2.89627968,,,,
,,,25.83920944,0.212246944,0.009463573,1.743279485,0.031896723,0.017862165,2026,8,4879194,5.62073641,,,,
,,,11.73238345,0.081145768,0.005126584,1.253009541,0.016042879,0.008984012,2026,8,3043275,2.90583124,,,,
,,,2.302133518,0.020978576,0.001019845,0.224858274,0.002188902,0.001225785,2026,8,4372096,0.58058898,,,,
4.275039964,0.018593602,0.00105,1.557780243,0.007565108,0.000387762,0.252410816,0.00820306,0.003950623,2026,8,4722893,0.98783597,,,,
,,,7.351358004,0.050152051,0.001822771,0.66077794,0.01226347,0.006867543,2026,8,4569382,1.6870605,,,,
,,,6.008125716,0.038366596,0.001555382,0.585521371,0.005699808,0.003191893,2026,8,3052096,1.4134111,,,,
,,,2.34397284,0.004259437,0.00022372,0.19761293,0.003615717,0.002024801,2026,8,4061956,0.45406007,,,,
3.395426316,0.037984898,0.00151,1.984965231,0.011016191,0.000535537,0.248840844,0.007224301,0.003494311,2026,8,4383396,1.07817978,,,,
2.635348145,0.01842522,0.000542,17.41192584,0.083244487,0.003811534,1.333148453,0.034582871,0.018347378,2026,8,4608810,4.00644,,,,
,,,13.43041282,0.086577138,0.004042515,0.841796491,0.01540232,0.008625299,2026,8,4696882,2.69554183,,,,
,,,6.312814771,0.049952436,0.001858381,0.716106969,0.006971005,0.003903763,2026,8,4242392,1.6431965,,,,
2.539316788,0.014927669,0.000765733,3.147412783,0.026326573,0.001173838,0.471323525,0.010662915,0.005389601,2026,8,2576336,1.30010941,,,,
,,,20.02643799,0.160557303,0.007388634,1.386879284,0.020300545,0.011368305,2026,8,4567156,4.34544336,,,,
,,,2.286216924,0.015191011,0.00077864,0.181358457,0.003318309,0.001858253,2026,8,4808839,0.49905459,,,,
,,,2.621801792,0.014795906,0.000935171,0.209026832,0.003824556,0.002141752,2026,8,5150247,0.63736699,,,,
,,,13.82115867,0.122417222,0.004969028,1.197387003,0.022732868,0.012730406,2026,8,4567096,3.29908345,,,,
,,,6.610456552,0.037274002,0.002119012,0.575697517,0.010533517,0.005898769,2026,8,4565185,1.45310547,,,,
,,,7.389110032,0.055011574,0.001859401,0.805479999,0.010175739,0.005698414,2026,8,4426844,1.86705122,,,,
,,,5.428201979,0.043224667,0.001345586,0.44126788,0.008073863,0.004521363,2026,8,5092508,1.23729753,,,,
,,,9.691473723,0.08677318,0.003993186,0.745694643,0.014913893,0.00835178,2026,8,4361577,2.24041001,,,,
,,,6.712357854,0.048394644,0.001499445,0.580873809,0.010628227,0.005951807,2026,8,4259305,1.55673233,,,,
,,,6.433465263,0.020202526,0.000846427,0.534746548,0.009784239,0.005479174,2026,8,4685553,1.29030134,,,,
,,,6.792967421,0.053880309,0.001677297,0.817810732,0.01047739,0.005867338,2026,8,3127310,1.81228585,,,,
,,,13.9035792,0.064768671,0.00409192,1.250697659,0.025013953,0.014007814,2026,8,3917914,3.04719507,,,,
,,,5.061145812,0.036369662,0.001768062,0.333854384,0.006677088,0.003739169,2026,8,4426485,1.05442112,,,,
,,,7.158997324,0.06581872,0.003199688,0.676184203,0.008227967,0.004607662,2026,8,4360967,1.78439751,,,,
,,,6.103676279,0.029252703,0.001339889,0.628034232,0.007642067,0.004279557,2026,8,4685504,1.40824034,,,,
,,,4.966903665,0.030147941,0.001407687,0.345557112,0.006322646,0.003540682,2026,8,4690143,1.11003775,,,,
,,,8.54260065,0.068599499,0.005701664,0.887795074,0.008642318,0.004839698,2026,8,3911853,2.15560407,,,,
,,,15.47711673,0.132002435,0.006163543,1.430524597,0.017406957,0.009747896,2026,8,4432260,3.76354177,,,,
,,,2.060763475,0.017420526,0.001223999,0.212846586,0.002589967,0.001450381,2026,8,4573699,0.52306173,,,,
,,,11.49109344,0.057374661,0.002403831,1.210603457,0.014730905,0.008249307,2026,8,4241263,2.69265862,,,,
,,,1.72939687,0.00833718,0.000444532,0.229766674,0.001975188,0.001106105,2026,8,4039505,0.45145844,,,,
,,,9.495234994,0.078636794,0.005800675,1.187372211,0.011558577,0.006472803,2026,8,4361372,2.60767762,,,,
,,,7.636785168,0.029010215,0.001539099,0.741053288,0.009017309,0.005049693,2026,8,4880236,1.67201011,,,,
,,,3.952654259,0.011605461,0.000531382,0.336675443,0.006160139,0.003449678,2026,8,5097554,0.81595914,,,,
,,,2.28575059,0.011069235,0.000581393,0.221516977,0.002920228,0.001635328,2026,8,2998565,0.51447638,,,,
,,,6.088290227,0.060412599,0.005021208,0.705457142,0.008584167,0.004807133,2026,8,4383440,1.67741671,,,,
,,,1.96765752,0.01834787,0.000844345,0.214926693,0.002615278,0.001464556,2026,8,4690923,0.52060824,,,,
,,,6.132703596,0.049365782,0.002708919,0.627500891,0.009185089,0.00514365,2026,8,4035656,1.53233888,,,,
,,,3.799650778,0.031981837,0.001493316,0.385460402,0.003752298,0.002101287,2026,8,3052897,0.95619956,,,,
,,,6.312987979,0.045333571,0.002323647,0.649763871,0.007906478,0.004427628,2026,8,4362018,1.54906493,,,,
,,,4.756693455,0.019912191,0.000834263,0.652474962,0.008215626,0.00460075,2026,8,3917668,1.24030108,,,,
,,,5.996335309,0.055179007,0.001955099,0.574236433,0.006987443,0.003912968,2026,8,2975863,1.50121247,,,,
,,,1.680394563,0.009875,0.00050616,0.243682585,0.002094816,0.001173097,2026,8,2515270,0.46969349,,,,
,,,11.40644817,0.108891293,0.004855197,1.011043877,0.012302618,0.006889466,2026,8,4686248,2.80129251,,,,
3.15690826,0.02496983,0.001899032,1.860504273,0.010545617,0.000666533,0.256895479,0.006984363,0.003389479,2026,8,4241961,0.97026579,,,,
,,,8.306556061,0.027006476,0.001432793,0.647871676,0.011854085,0.006638288,2026,8,4369466,1.63046835,,,,
,,,3.893841794,0.040946627,0.001884309,0.414436407,0.006892549,0.003859828,2026,8,4048228,1.04573111,,,,
,,,9.053544472,0.093530269,0.00379648,0.946979372,0.011523066,0.006452917,2026,8,4683243,2.40850676,,,,
,,,4.014623237,0.030642564,0.001742017,0.458985599,0.005585044,0.003127624,2026,8,4708049,1.04167969,,,,
,,,3.542515008,0.018772014,0.000665129,0.419137499,0.003603113,0.002017743,2026,8,4243176,0.88341126,,,,
,,,1.750878629,0.00761119,0.000632606,0.246987785,0.002123229,0.001189008,2026,8,3929914,0.46668602,,,,
,,,2.12490616,0.00971964,0.000510508,0.215621882,0.002623737,0.001469293,2026,8,4722908,0.48458177,,,,
,,,6.205869449,0.025430631,0.001065469,0.54500952,0.01090019,0.006104107,2026,8,4362477,1.42013749,,,,
,,,4.812492802,0.026544089,0.00111212,0.277075024,0.004981889,0.002789858,2026,8,3051738,0.91436476,,,,
,,,4.641094058,0.035502043,0.002243896,0.494131045,0.006012702,0.003367113,2026,8,4045305,1.16916527,,,,
,,,1.968989636,0.018299236,0.000842106,0.205853051,0.002504868,0.001402726,2026,8,4361088,0.51149219,,,,
,,,6.7111178,0.058349917,0.002120722,0.67197316,0.008176726,0.004578967,2026,8,4426553,1.68848395,,,,
,,,10.73527991,0.024115911,0.001708622,1.128169515,0.013332617,0.007466265,2026,8,4361516,2.33522989,,,,
,,,2.121209409,0.007913683,0.000499966,0.169780379,0.003106466,0.001739621,2026,8,4369886,0.42698631,,,,
1.218408126,0.009434682,0.00024,,,,,0.004312765,0.001983872,2026,8,4683151,0.17507516,,,,
,,,4.734084526,0.03331897,0.001707819,0.408295409,0.007470567,0.004183517,2026,8,4241424,1.07686369,,,,
,,,1.776072902,0.010810403,0.000494978,0.18761888,0.00228299,0.001278475,2026,8,4372505,0.42858159,,,,
,,,3.503024002,0.020123357,0.001271343,0.382914859,0.004659397,0.002609262,2026,8,4035020,0.85140456,,,,
,,,4.66644581,0.037429544,0.001265125,0.504903661,0.006143785,0.00344052,2026,8,4239944,1.19193672,,,,
,,,5.173953509,0.029443778,0.001860985,0.418835722,0.007663422,0.004291516,2026,8,4401805,1.13523079,,,,
,,,3.981157794,0.034302218,0.001062809,0.495342955,0.006027449,0.003375371,2026,8,4431346,1.09480592,,,,
,,,8.734438236,0.073431106,0.002285914,1.117069902,0.013276514,0.007434848,2026,8,3050481,2.42115289,,,,
,,,1.986488403,0.018699368,0.000917106,0.199522023,0.00242783,0.001359585,2026,8,4431196,0.50954631,,,,
98.6337416,1.115413747,0.039711505,40.20368181,0.247459167,0.00911107,4.943931156,0.220566491,0.105574876,2026,9,4429795,26.89722638,,,,
,,,83.45808961,0.673691741,0.024804304,7.423625353,0.079123251,0.044309021,2026,9,4374302,19.77466333,,,,
1.363050244,0.015202889,0.000609769,85.34193974,0.570442169,0.027955412,7.54925554,0.092889243,0.051725112,2026,9,4241389,19.68975902,,,,
31.82480031,0.639179386,0.022973273,,,,,0.659241223,0.314141179,2026,9,3918298,18.99746237,236.1017241,1.116052,0.079453685,0.761171249
95.68620613,0.779808596,0.026825005,33.64029647,0.173338219,0.01089938,3.421840779,0.25659094,0.121909875,2026,9,4430807,21.91178095,,,,
,,,96.16943567,0.862759236,0.030150981,6.778077076,0.110388685,0.061817663,2026,9,4430878,21.5111587,,,,
79.25141951,0.808886705,0.02735198,37.27814679,0.237663744,0.009039956,4.192968217,0.125451794,0.060238223,2026,9,3117251,22.08084697,,,,
0.523932232,0.004063463,0.000214,87.23830588,0.687078267,0.021479371,7.814391486,0.120592665,0.067367975,2026,9,4362628,20.64930247,,,,
4.534192768,0.085642144,0.003142494,95.27381746,0.595035752,0.021636387,7.200153314,0.119349935,0.065691877,2026,9,4426515,21.18634572,,,,
88.81319407,1.083192784,0.026886379,24.33358608,0.082667663,0.004231613,2.936789045,0.205388048,0.097164313,2026,9,4242335,21.1199611,,,,
86.48635684,0.571369339,0.020536056,15.24880946,0.079939705,0.005691047,1.979964017,0.264483538,0.124291293,2026,9,4379399,15.87216653,,,,
,,,61.0394976,0.415822036,0.014400085,7.623790476,0.076943611,0.043088422,2026,9,4361307,16.16732978,,,,
87.70337109,1.057343773,0.0283,13.06130072,0.062111389,0.002917418,1.553546038,0.156512644,0.073067491,2026,9,3043078,18.26717805,,,,
,,,81.56383072,0.609113874,0.034641029,6.587244908,0.093756607,0.0525037,2026,9,4262921,18.36506388,,,,
,,,69.1407801,0.449786093,0.028761454,6.858473491,0.058418853,0.032714558,2026,9,4432665,16.46490385,,,,
37.68540495,0.254571901,0.00681,,,,,0.485684658,0.231491626,2026,9,3916387,19.4636457,252.2954483,1.378762,0.064761476,0.566095916
98.14637051,1.064609736,0.0424,25.25130442,0.2157326,0.010495807,2.945213021,0.1233431,0.058235657,2026,9,4567048,22.95961283,,,,
54.8623511,0.404994738,0.031161725,35.04255178,0.165563997,0.010586946,4.581130661,0.110818361,0.053603107,2026,9,4890973,16.97419249,,,,
,,,78.11361455,0.491108514,0.024452179,6.228837595,0.096817547,0.054217826,2026,9,4361370,16.92987484,,,,
1.582212987,0.013632872,0.000468964,81.18554348,0.35282589,0.022185433,5.707832876,0.09852642,0.054689551,2026,9,4426502,16.12189479,,,,
57.02293628,0.412262785,0.021739737,23.53961616,0.130078905,0.004066514,4.198589307,0.124316737,0.059863849,2026,9,4362238,15.4440615,,,,
1.355357364,0.010145743,0.000369221,74.81809157,0.519158823,0.019538383,5.73593582,0.08850598,0.049202642,2026,9,4258173,16.47285203,,,,
,,,63.51765827,0.424451633,0.020800917,4.726756489,0.09453513,0.052939673,2026,9,4426354,13.5634506,,,,
72.79622926,0.901426616,0.0362,16.75312093,0.082303877,0.00403343,2.857148707,0.187885652,0.089070992,2026,9,4361579,17.62175356,,,,
88.2702481,0.474187203,0.0151,14.19102195,0.099692356,0.004050299,1.781253833,0.123826609,0.058060438,2026,9,3929630,15.39610791,,,,
,,,71.09654527,0.59981593,0.021810202,4.493447388,0.0610529,0.034189624,2026,9,16800,15.17885265,,,,
,,,66.62502104,0.270462145,0.020482787,6.540227315,0.122895979,0.068821748,2026,9,4569618,14.73207037,,,,
3.18957609,0.027885117,0.000745817,86.11192081,0.315942308,0.014840045,5.828352412,0.107831775,0.059446417,2026,9,4429615,16.73658954,,,,
63.69280612,0.727549704,0.0267,21.90322923,0.196448141,0.007143147,3.462519424,0.177259892,0.085055246,2026,9,4430737,17.46836583,,,,
1.874366856,0.052216197,0.0013,48.13246173,0.317806866,0.016267978,5.557572009,0.068578505,0.037823691,2026,9,4431459,12.73969382,,,,
57.30338219,0.265141953,0.0118,16.70064415,0.083418403,0.002888813,2.646090183,0.115085623,0.054759154,2026,9,4870808,12.06075027,,,,
,,,66.02713224,0.374993928,0.015235244,5.573682889,0.080006131,0.044803434,2026,9,4241478,14.3693353,,,,
,,,61.39870988,0.327131786,0.023405357,4.73465764,0.070047508,0.039226605,2026,9,4595348,12.80752485,,,,
,,,74.76444087,0.517052958,0.021115705,5.14581293,0.102916259,0.057633105,2026,9,4685472,15.65425797,,,,
58.82630758,0.502752512,0.0162,9.808970116,0.03793185,0.001560294,1.363997548,0.239239727,0.112060583,2026,9,4685382,11.28933091,,,,
,,,64.13649046,0.537564898,0.02615357,5.389241098,0.107784822,0.0603595,2026,9,4428331,14.96271167,,,,
64.09049718,0.379432051,0.0252,13.46276984,0.045560737,0.003259742,1.761215405,0.327188023,0.153705409,2026,9,4696981,11.8246475,,,,
10.01096802,0.120887968,0.006374751,,,,,0.495566246,0.237179163,2026,9,3915511,17.93561745,258.1961464,1.91956,0.06000909,0.734191184
57.55355782,0.447288614,0.027723978,23.14773522,0.100978539,0.007647362,3.080792384,0.133679613,0.063828426,2026,9,4427366,14.38713843,,,,
27.30930271,0.424022745,0.013534031,,,,,0.456155532,0.217551822,2026,9,4040715,17.828304,219.4972226,1.389546,0.05645444,0.750884473
,,,65.48978233,0.525925354,0.02000449,4.591554994,0.043732149,0.024490003,2026,9,3040151,14.28826632,,,,
,,,64.02630672,0.371650801,0.01161851,4.826375316,0.066878244,0.037451816,2026,9,4239993,13.40900818,,,,
24.09698203,0.264756405,0.008952566,,,,,0.353063572,0.168606144,2026,9,4361741,21.52779645,261.3301075,2.12988,0.08101371,0.647592372
82.07829098,0.277674872,0.0084,19.07844721,0.078033027,0.003676926,2.572580179,0.189286399,0.089489617,2026,9,4596448,14.67267401,,,,
62.54030045,0.478662804,0.0138,16.99239885,0.053765142,0.002414881,2.014857229,0.204382019,0.096454465,2026,9,4259545,13.00760967,,,,
,,,50.40095016,0.517652782,0.019059187,4.847143505,0.04128682,0.023120619,2026,9,4430027,12.98612435,,,,
0.74297437,0.003573518,0.000108111,50.92036386,0.18404388,0.00867217,3.236330019,0.049350021,0.027438211,2026,9,4567750,9.49235437,,,,
65.29106284,0.55916288,0.031031102,22.4416579,0.127789946,0.006443232,3.047080481,0.0808422,0.038497122,2026,9,4685702,15.94215994,,,,
18.13868952,0.18884483,0.007519523,,,,,0.315699877,0.150931035,2026,9,3139477,19.40441509,245.538196,1.99607,0.097112658,0.632036486
,,,69.22140346,0.476160673,0.025273608,4.881622736,0.078355504,0.043879082,2026,9,4047646,14.62558617,,,,
,,,51.55650999,0.2760809,0.011356352,4.106303037,0.066917329,0.037473704,2026,9,4612826,10.86796873,,,,
,,,50.67174307,0.350606315,0.017057674,4.097566317,0.050628367,0.028351885,2026,9,15847,11.24712809,,,,
,,,64.37164991,0.407782627,0.012798759,4.844007699,0.07874492,0.044097155,2026,9,4248528,13.66734766,,,,
0.615411738,0.00424338,0.000218355,64.44424984,0.500070608,0.022367176,4.694026762,0.096458173,0.053758813,2026,9,4432620,14.34181232,,,,
0.708183814,0.004008851,0.000335196,56.0460762,0.228989406,0.018973552,4.346777422,0.065974235,0.036767756,2026,9,4372016,11.38701495,,,,
2.696255519,0.022281718,0.000801,60.74990752,0.247924543,0.01765018,4.227521646,0.071966657,0.039523116,2026,9,3915416,12.15313364,,,,
14.17685743,0.153435517,0.00615,,,,,0.357909774,0.171228968,2026,9,2577417,18.26826008,253.6736926,1.779556,0.087209931,0.594446198
75.46001196,0.4964121,0.028,14.03161114,0.101281883,0.004136208,2.079728385,0.132044145,0.062171507,2026,9,4241416,14.55847,,,,
57.24481956,0.508486798,0.018504723,13.00304106,0.043610558,0.00164127,1.819460365,0.104203384,0.049159376,2026,9,4035538,12.1015518,,,,
42.40586466,0.271844586,0.013743922,24.06534572,0.134096331,0.007626217,2.868152411,0.139873113,0.067511828,2026,9,3042519,11.86232557,,,,
66.16352042,0.478089302,0.024601428,15.14788227,0.088119893,0.00394143,1.946233265,0.140594962,0.066222258,2026,9,4882093,13.4029839,,,,
,,,49.70381409,0.471473422,0.023771924,4.721118581,0.055793801,0.031244528,2026,9,5083076,12.50686531,,,,
,,,60.94254709,0.418640052,0.019417561,4.036043063,0.059530112,0.033336863,2026,9,3121422,12.61587148,,,,
,,,63.09705597,0.529921874,0.020156505,4.122421645,0.052799461,0.029567698,2026,9,16737,13.5942281,,,,
,,,38.69272004,0.297994394,0.013384526,3.289907729,0.032025891,0.017934499,2026,9,4723086,8.93889215,,,,
,,,52.35654401,0.319743039,0.011772452,3.707734704,0.05319241,0.02978775,2026,9,4426388,10.82722074,,,,
3.079830423,0.021754629,0.000627358,53.4535685,0.228540837,0.010264995,4.201920685,0.08157253,0.044686466,2026,9,4685278,11.29159915,,,,
34.00521753,0.177770695,0.00994,,,,,0.746547663,0.35600318,2026,9,4431452,18.95804815,242.349638,1.767552,0.093817947,0.894240416
49.52754952,0.428900167,0.02398578,22.9711986,0.139317205,0.007394665,2.72812394,0.185040477,0.088573756,2026,9,4569173,13.27780036,,,,
,,,55.11140242,0.293240946,0.020980563,4.960915058,0.077691007,0.043506964,2026,9,4361050,12.18850017,,,,
,,,42.4023449,0.13716253,0.009764839,3.522450633,0.051791755,0.029003383,2026,9,4385690,8.54855122,,,,
2.675155739,0.047163389,0.001730581,,,,,0.36923063,0.176906036,2026,9,12483,17.47668785,264.4046518,2.070306,0.075279414,0.870573025
16.50375393,0.222099273,0.011428742,,,,,0.403613687,0.192939562,2026,9,4360310,18.83015711,249.0092667,1.889052,0.084493586,0.74301906
,,,68.41238035,0.281975308,0.009764918,5.654243451,0.081393833,0.045580547,2026,9,4360761,14.11785008,,,,
,,,51.15267355,0.311092158,0.013972817,3.17547637,0.05668191,0.03174187,2026,9,4431299,10.12325257,,,,
59.68617096,0.332583789,0.022899416,17.16639328,0.101019749,0.00502975,2.248739184,0.113421696,0.053764954,2026,9,4239996,12.48693926,,,,
56.15681959,0.387577137,0.021674834,9.753769383,0.052171494,0.002769153,1.343564842,0.09903338,0.046503321,2026,9,4432710,10.53161286,,,,
27.45403863,0.197859421,0.005705848,,,,,0.492426014,0.23506516,2026,9,4431611,16.01027528,222.1181886,1.157416,0.051985759,0.547474772
1.131836403,0.004293746,0.00024,62.57903997,0.298688283,0.009374699,4.464934475,0.068379485,0.037990143,2026,9,4701936,12.5989694,,,,
2.496579219,0.053935981,0.001920255,,,,,0.501642558,0.240301022,2026,9,3046779,18.91074193,273.0315578,2.161444,0.079581078,0.462615407
0.772428352,0.006869067,0.000383323,45.51443775,0.185130431,0.005810546,4.639081068,0.061325081,0.034080617,2026,9,4572680,10.36561117,,,,
47.58738169,0.199303881,0.0111,,,,,0.506132395,0.240915028,2026,9,4426348,18.95765286,219.3129081,1.420266,0.06587545,0.567994883
18.58048764,0.216056386,0.014876146,,,,,0.641637713,0.306721282,2026,9,4360689,18.78270205,248.0549217,1.84226,0.0917257,0.639801513
,,,46.46317704,0.237551349,0.011018219,4.202481755,0.066215471,0.037080664,2026,9,2976212,10.22372866,,,,
,,,60.96148455,0.403115398,0.016462658,5.054743098,0.084859579,0.047521364,2026,9,4695883,13.5775178,,,,
12.12623103,0.111272489,0.003762607,44.66972771,0.415310828,0.015797074,3.314066483,0.105002731,0.054929389,2026,9,3126486,12.12344222,,,,
15.39280704,0.148406843,0.008381229,,,,,0.427591246,0.20462932,2026,9,4685720,17.94464578,250.9063254,1.76806,0.072205048,0.678381454
,,,48.94602611,0.251571259,0.012877493,4.338587862,0.061538625,0.03446163,2026,9,4688813,10.70107575,,,,
0.774208561,0.007613129,0.000385,53.05636835,0.32913412,0.018718248,3.844135812,0.050842189,0.028310928,2026,9,4429205,11.23060564,,,,
55.94142991,0.29438053,0.016427668,16.87912041,0.071616854,0.002247783,2.56394438,0.166808423,0.079372315,2026,9,4047365,11.92499399,,,,
50.49719092,0.370107146,0.0107,10.17589446,0.047815975,0.002147672,1.230474769,0.055421475,0.026022767,2026,9,4608686,9.78043584,,,,
,,,43.60422898,0.363933592,0.017094231,4.422719437,0.056900892,0.031864499,2026,9,3116365,10.93870335,,,,
,,,43.68825625,0.385677971,0.031956418,3.060488394,0.051319099,0.028738695,2026,9,3128429,9.75117329,,,,
56.38673777,0.405209244,0.016291558,13.98122968,0.094547191,0.003304155,1.439438219,0.125187177,0.058823513,2026,9,4685512,11.39962397,,,,
,,,44.96582645,0.317793445,0.012911304,4.16099713,0.04952095,0.027731732,2026,9,3121023,10.53600759,,,,
63.96144691,0.397147531,0.033207057,6.078892983,0.028311966,0.002345866,0.974972952,0.068048133,0.031739132,2026,9,4241985,10.54118551,,,,
,,,39.63345479,0.369927273,0.018418593,3.846071204,0.058174491,0.032577715,2026,9,3929645,10.00219808,,,,
,,,24.69317008,0.262946703,0.012886115,3.026119335,0.054256891,0.030383859,2026,9,4242355,7.03955507,,,,
18.45306512,0.195052348,0.016309089,,,,,0.514452739,0.245807382,2026,9,4426338,16.07169231,230.4907087,1.365966,0.113180901,0.704172928
0.683434071,0.006480959,0.000333496,44.28453955,0.399274541,0.017858766,4.029647566,0.064535048,0.035939619,2026,9,3916433,10.92718721,,,,
,,,35.96651034,0.13325092,0.00837872,2.818607361,0.02400823,0.013444609,2026,9,4360248,7.20526814,,,,
22.0439097,0.15428713,0.0129,29.48397249,0.186667024,0.015466814,4.041067518,0.078256038,0.039384091,2026,9,4568490,11.25209821,,,,
,,,57.59358496,0.435243706,0.021945203,4.18932097,0.076651857,0.04292504,2026,9,4832800,12.52020403,,,,
,,,26.39425645,0.167459704,0.005799197,1.977414447,0.030819295,0.017258805,2026,9,4432708,5.5994951,,,,
,,,45.59551332,0.389364439,0.018943331,3.199600993,0.04098009,0.02294885,2026,9,4683062,10.08840792,,,,
47.37243628,0.292247797,0.016310694,4.641944822,0.030276925,0.001404319,0.666302252,0.168514789,0.078429596,2026,9,4575131,7.68590553,,,,
42.6098895,0.355538763,0.013,6.899309847,0.033312085,0.001211277,0.978516514,0.075244315,0.035303853,2026,9,4429096,8.22234238,,,,
55.44703598,0.568203813,0.014283042,12.5133688,0.050516689,0.002618757,1.721376126,0.08848467,0.041738794,2026,9,4711533,12.18239963,,,,
29.52443478,0.190624466,0.01312508,13.65109254,0.054730799,0.002725034,2.098803688,0.068478053,0.033076591,2026,9,3054850,7.85584106,,,,
21.18642411,0.123025814,0.003975681,,,,,0.571403967,0.272891556,2026,9,4038941,14.30295048,223.5103586,1.158126,0.047638526,0.84963523
24.23802864,0.197158292,0.012220325,8.441981507,0.039692215,0.003005993,1.290407399,0.058821667,0.028062194,2026,9,4685247,5.9553937,,,,
,,,28.22668222,0.274341783,0.013659414,2.676233225,0.039173555,0.021937191,2026,9,4569559,7.12942859,,,,
,,,36.37316479,0.262554794,0.01174356,2.510670456,0.037015716,0.020728801,2026,9,4432773,7.70632322,,,,
19.45535468,0.076232375,0.002306292,17.42759609,0.091076197,0.004291521,2.443222059,0.057904814,0.028726724,2026,9,4371733,7.12332838,,,,
,,,39.16412752,0.330288448,0.017531017,2.817667271,0.054073441,0.030281127,2026,9,4361432,8.69173849,,,,
,,,40.14173786,0.224150308,0.012747694,4.90007694,0.051191219,0.028667083,2026,9,4036133,10.2286638,,,,
24.36030776,0.138283434,0.00772,13.03857396,0.104558903,0.00485,2.09247097,0.073935699,0.03590818,2026,9,4697815,7.28295609,,,,
,,,58.55513709,0.321221718,0.016442778,3.922384592,0.057501087,0.032200609,2026,9,4360078,11.67523095,,,,
,,,43.45530471,0.172807754,0.012302485,3.774153227,0.065238077,0.036533323,2026,9,4373678,9.10979055,,,,
28.68434524,0.215458151,0.010893136,,,,,0.421911582,0.201509156,2026,9,3917315,17.58368201,227.999299,1.47348,0.083798556,0.694459227
59.7531119,0.631307905,0.0254,16.56731517,0.071538638,0.002500072,1.945542728,0.055917453,0.026391022,2026,9,4426385,13.79915879,,,,
2.420535566,0.01238436,0.00037467,32.14603363,0.034982929,0.0016484,2.999969333,0.053345124,0.029238214,2026,9,3116165,6.6878097,,,,
0.274801486,0.007279477,0.000451199,38.26869997,0.180221004,0.013648596,3.980000705,0.049791556,0.027747073,2026,9,5083315,8.93337318,,,,
59.182672,0.481939136,0.024365884,6.707374607,0.030405899,0.00172922,0.983447257,0.139306428,0.06507507,2026,9,4360569,10.5722402,,,,
3.910864215,0.030811677,0.001709914,48.93436843,0.220417819,0.011113576,4.356456441,0.092432589,0.050489984,2026,9,4870653,11.17029683,,,,
1.484905154,0.0108691,0.000346922,31.19775253,0.206066413,0.008372061,2.248027802,0.046047146,0.025294896,2026,9,4870795,6.78597282,,,,
7.132672661,0.055032738,0.002212608,,,,,0.411032268,0.196659915,2026,9,3912547,18.37929337,257.309714,2.222748,0.077678719,0.812436856
32.51328099,0.200104713,0.00728216,12.87866142,0.071375353,0.00268619,1.61772625,0.080085191,0.038147364,2026,9,4429059,7.74437818,,,,
,,,39.97772345,0.25148225,0.010217215,2.887188388,0.057439138,0.032165917,2026,9,4428850,8.35147483,,,,
,,,35.56978917,0.126909032,0.004776183,3.754772643,0.043209159,0.024197129,2026,9,3117256,8.03550386,,,,
8.126269778,0.043006175,0.002399925,,,,,0.650531271,0.311591873,2026,9,4036378,14.28977669,251.1983766,1.31715,0.041340372,0.789439625
2.592021934,0.018154895,0.000586691,36.71308713,0.186895197,0.007687775,2.1298426,0.039088691,0.021098279,2026,9,4429025,7.26603843,,,,
12.15708079,0.048544975,0.002709013,3.204532173,0.021299103,0.000668499,0.571030845,0.029769781,0.014184985,2026,9,4429023,2.50542766,,,,
,,,33.32580511,0.102408683,0.004599723,3.291596384,0.065831928,0.03686588,2026,9,2973405,7.31514656,,,,
,,,32.44791681,0.265791848,0.014107673,2.961958861,0.029092689,0.016291906,2026,9,3046439,7.79790116,,,,
,,,38.21274923,0.23682739,0.01212278,4.022143069,0.072024617,0.040333786,2026,9,15818,9.20986232,,,,
13.3913189,0.064789843,0.002357816,,,,,0.491736653,0.235326681,2026,9,4432577,15.68518515,247.407922,1.343912,0.050577716,0.481414189
40.34734314,0.344227205,0.0118,7.146537962,0.047657578,0.002996674,0.91263718,0.09322366,0.043727049,2026,9,4241474,7.96872824,,,,
,,,45.79351162,0.187399701,0.011983225,3.51733064,0.045049531,0.025227738,2026,9,4428718,9.19577898,,,,
,,,45.45571959,0.367505356,0.018298007,3.227266339,0.058815852,0.032936877,2026,9,4880281,9.95014669,,,,
3.70138333,0.027259001,0.0011,43.38871907,0.325356965,0.0113703,2.299296159,0.057916058,0.031239979,2026,9,4032473,9.3891706,,,,
19.65280949,0.088494763,0.00268,,,,,0.601294168,0.287420382,2026,9,3052587,11.56238575,213.472772,0.598104,0.028182732,0.683987678
27.15029939,0.158372276,0.007021386,12.64127559,0.039823943,0.001379119,1.929548293,0.030856926,0.01485768,2026,9,4373626,7.08578476,,,,
31.07410038,0.22317368,0.00755,3.645217896,0.025294415,0.000962117,0.441600875,0.060859349,0.028374922,2026,9,4696044,5.36622366,,,,
8.513282823,0.096686577,0.00243,49.32228009,0.203217758,0.010534695,3.769508424,0.106549537,0.056551804,2026,9,4569603,11.38411302,,,,
2.781325396,0.055637545,0.00428,,,,,0.515042897,0.246681175,2026,9,14880,13.66685662,246.7493504,1.302614,0.08329531,0.860469739
,,,28.26049213,0.241944223,0.009880657,2.626585113,0.02237263,0.012528673,2026,9,2576925,6.89959403,,,,
22.70369562,0.139174952,0.00444221,10.98465688,0.049727594,0.002020331,1.478619669,0.061522554,0.029682341,2026,9,4431545,5.96841085,,,,
12.1757609,0.092983639,0.004122401,,,,,0.409649673,0.196032946,2026,9,2578570,13.11602282,216.1748849,1.115702132,0.038637214,0.736756184
,,,53.38432762,0.243234872,0.018420796,3.399599045,0.067991981,0.038075509,2026,9,4597500,10.15992561,,,,
,,,35.3138743,0.227218987,0.016176115,2.556626727,0.043300109,0.024248061,2026,9,4635008,7.43633019,,,,
,,,42.47895976,0.299120248,0.013379061,3.932020814,0.055540737,0.031102813,2026,9,4430539,9.94065477,,,,
12.65201838,0.254649315,0.006320757,,,,,0.624290326,0.298635143,2026,9,3917792,15.24108807,233.4229275,1.28781,0.065920743,0.801939738
,,,34.37602977,0.203299319,0.00954912,2.351515946,0.035422094,0.019836372,2026,9,4360939,6.98927633,,,,
31.47623729,0.162535879,0.005252482,13.41550676,0.07876486,0.003239925,1.806365994,0.068225358,0.032778557,2026,9,4596334,7.72290391,,,,
24.90637333,0.160516099,0.0124,3.724441749,0.017946276,0.00114757,0.542014227,0.056159258,0.026299201,2026,9,4686658,4.45184872,,,,
40.98664737,0.302530005,0.0076,9.775727083,0.047800347,0.002477943,1.263937751,0.128953412,0.060817815,2026,9,4682745,8.38304373,,,,
,,,24.56817901,0.242085219,0.00880258,2.137393726,0.026008305,0.014564651,2026,9,4570037,6.0358828,,,,
20.82497973,0.191975434,0.007644179,7.605481087,0.052850018,0.002571255,0.943618312,0.050382668,0.023987208,2026,9,4832955,5.24080614,,,,
29.55980558,0.242797495,0.0125,1.831358356,0.012594162,0.000563312,0.243485529,0.052740385,0.024438855,2026,9,4362619,4.89359278,,,,
,,,42.89284364,0.20977769,0.010874758,3.077264596,0.056304601,0.031530576,2026,9,4869645,8.58539146,,,,
,,,21.24944289,0.291835191,0.009123322,2.367921208,0.024423143,0.01367696,2026,9,3116164,6.23541137,,,,
,,,34.29793015,0.146628814,0.009376141,3.97693963,0.045457949,0.025456452,2026,9,4429086,8.25554491,,,,
,,,22.84045262,0.155588323,0.00784484,1.715978792,0.025777257,0.014435264,2026,9,4241463,4.92105114,,,,
2.171123312,0.011901593,0.000819,5.336932444,0.027591655,0.001373782,0.745306301,0.011900232,0.006185648,2026,9,4599739,1.72540003,,,,
35.05102992,0.18243726,0.010124472,,,,,0.650668875,0.310225556,2026,9,3122840,18.83432082,233.8308019,1.627145,0.082041458,0.604129278
,,,28.12422729,0.260692317,0.009110455,1.99647344,0.033637142,0.018836799,2026,9,2977187,6.35448538,,,,
,,,22.60926613,0.163993657,0.008704439,1.790319121,0.025849182,0.014475542,2026,9,2991662,5.02434947,,,,
12.45439135,0.095237209,0.00254722,11.65668108,0.056111542,0.002635601,1.306662297,0.040742787,0.01996112,2026,9,4038441,4.59737945,,,,
28.33655452,0.259079605,0.00651,,,,,0.695713618,0.331959026,2026,9,4242512,15.43582832,218.1728022,1.0035,0.052020879,0.582360279
,,,23.0655653,0.13313127,0.005010355,1.752538088,0.025652902,0.014365625,2026,9,4429022,4.8398497,,,,
10.91051643,0.081406505,0.005045763,,,,,0.574076735,0.274693795,2026,9,15864,13.41101219,236.666822,1.019118,0.077180402,0.67093405
9.151527897,0.033267072,0.00186,3.219515745,0.013728759,0.000430894,0.5507932,0.015744882,0.007574088,2026,9,3149687,2.05972196,,,,
0.993595405,0.026243111,0.00106,33.79137125,0.364983367,0.01275513,2.748522393,0.051108579,0.028120495,2026,9,4576297,8.5471172,,,,
29.3542441,0.153639385,0.0102,3.232651341,0.007851317,0.00056174,0.44044857,0.056794779,0.026442219,2026,9,4241457,4.63822137,,,,
,,,36.99464292,0.17685881,0.012653749,2.60023445,0.047576397,0.026642782,2026,9,4682648,7.33412754,,,,
16.65797496,0.132770346,0.007,10.74267155,0.049010619,0.001532165,1.423684896,0.058644828,0.028433478,2026,9,3116389,5.21618071,,,,
8.013518992,0.107211327,0.003688013,,,,,0.352826004,0.168913562,2026,9,4360423,14.22279668,238.6505868,1.14912,0.072255823,0.593843603
,,,10.03779453,0.068222727,0.003879907,0.986593181,0.016905075,0.009466842,2026,9,3886598,2.38898153,,,,
,,,27.15258445,0.158153965,0.010113114,2.050864521,0.035021785,0.019612199,2026,9,4382466,5.69697259,,,,
,,,26.03895141,0.190932624,0.008855927,2.109535844,0.038598102,0.021614937,2026,9,5081432,5.87435765,,,,
,,,37.24271653,0.121793072,0.005009854,2.67431494,0.048931845,0.027401833,2026,9,4686612,7.08585107,,,,
,,,25.41055795,0.186247313,0.007661124,2.341984102,0.030353034,0.016997699,2026,9,4595342,5.98265462,,,,
0.545894839,0.004455438,0.000235,26.9826974,0.198661125,0.006210524,2.377448876,0.045470345,0.025266368,2026,9,4384852,6.44710965,,,,
4.406028917,0.028055831,0.00101,1.601578907,0.00911831,0.000649148,0.220002978,0.011050257,0.005278364,2026,9,4429501,1.07418366,,,,
5.34124323,0.031644089,0.001151584,22.35718436,0.09628036,0.003623482,1.824324757,0.051215545,0.026897111,2026,9,4586312,5.40833897,,,,
,,,38.71251302,0.263989945,0.012937241,3.21335166,0.056627759,0.031711545,2026,9,5083754,8.63248802,,,,
,,,37.77325936,0.186469058,0.009666452,2.735346308,0.050048534,0.028027179,2026,9,4869961,7.59608514,,,,
1.376840138,0.008516814,0.000309942,43.49030251,0.183219259,0.006895401,2.55254018,0.040930177,0.022564181,2026,9,4686422,8.16003321,,,,
,,,6.384977708,0.053865921,0.002188463,0.51166273,0.009361875,0.00524265,2026,9,4715355,1.46749485,,,,
,,,24.26042685,0.108051345,0.005011689,2.423009564,0.02776512,0.015548467,2026,9,4360635,5.47701876,,,,
,,,21.91037958,0.074052691,0.006135841,2.381808704,0.029567457,0.016557776,2026,9,3051876,4.99709894,,,,
,,,40.13668801,0.038942355,0.001834968,3.410632521,0.045963187,0.025739385,2026,9,4243331,7.61135862,,,,
,,,6.526153163,0.048465118,0.001762264,0.728996261,0.007404493,0.004146516,2026,9,2573401,1.66782938,,,,
11.47280927,0.069698888,0.00389,7.861149238,0.043026116,0.001995658,0.878654087,0.056843062,0.027466567,2026,9,3068267,3.44673814,,,,
0.695803408,0.004612793,0.000386,24.12773275,0.124800012,0.010340651,2.066054786,0.040005502,0.022182784,2026,9,4600981,5.30302897,,,,
,,,33.4942233,0.306054674,0.011268467,2.363276123,0.043240779,0.024214836,2026,9,5123663,7.52427376,,,,
,,,25.36017928,0.176786903,0.009383477,1.946794785,0.037841231,0.021191089,2026,9,4427095,5.52092091,,,,
,,,14.72946011,0.076982025,0.004840573,1.061217673,0.019417062,0.010873555,2026,9,4870612,3.08938662,,,,
3.340855004,0.010795965,0.000716021,5.079215776,0.025617889,0.001832888,0.645910885,0.015501535,0.007823514,2026,9,4360516,1.72228789,,,,
10.42034032,0.0672049,0.00217,13.39889663,0.0729904,0.003002398,1.445411774,0.035294271,0.017465001,2026,9,4430968,4.65801775,,,,
6.730052416,0.049261726,0.00177,13.31394331,0.080509788,0.005731632,1.531527122,0.025579476,0.013042956,2026,9,3915411,4.30415113,,,,
,,,26.64944246,0.142328276,0.007378218,2.535000489,0.031261598,0.017506495,2026,9,4367209,6.03448584,,,,
3.038969018,0.024764462,0.000993,5.495238943,0.041515794,0.002034547,0.440773944,0.018646021,0.009458718,2026,9,3676833,1.87013318,,,,
0.629830523,0.004849113,0.000301,21.99685072,0.058898028,0.004460498,2.100510665,0.040480932,0.022464526,2026,9,4569371,4.85083026,,,,
,,,12.18008197,0.053142289,0.003783292,0.867612896,0.014036815,0.007860617,2026,9,4242433,2.39669098,,,,
16.50622552,0.135568238,0.00899,,,,,0.560097215,0.267672469,2026,9,4433970,12.99582103,219.9279664,1.074942,0.07690907,1.108155405
1.425816423,0.007822362,0.000519,26.42554775,0.098841293,0.007071816,1.696658091,0.031760246,0.017354679,2026,9,4040655,5.10308871,,,,
9.467415926,0.078547302,0.00436,15.19859089,0.072853726,0.003673321,2.005689622,0.035174423,0.017904424,2026,9,4601080,5.39621723,,,,
,,,23.16131518,0.13962811,0.005702213,1.79390106,0.032822944,0.018380849,2026,9,4360763,4.92330797,,,,
,,,16.17514503,0.125349576,0.006241126,1.700968279,0.023337413,0.013068951,2026,9,4036131,4.05754259,,,,
,,,9.637351914,0.080550555,0.00391894,0.696520257,0.012744206,0.007136756,2026,9,4912218,2.13745975,,,,
,,,20.39493187,0.067782856,0.002347348,2.161072659,0.039988656,0.022393647,2026,9,3045523,4.56822638,,,,
,,,30.0517353,0.091731203,0.004322385,2.220580658,0.040629885,0.022752736,2026,9,5220680,5.7403547,,,,
16.79924695,0.168223206,0.004175538,3.664770753,0.016222277,0.00083039,0.515174969,0.037549999,0.017715869,2026,9,4686468,3.69178489,,,,
,,,9.896870156,0.063397557,0.002847524,1.035705093,0.011725737,0.006566413,2026,9,4258595,2.39864927,,,,
,,,9.903195109,0.095048726,0.006766684,1.003719333,0.008549444,0.004787688,2026,9,3930086,2.56851479,,,,
17.67692063,0.155406272,0.00553285,6.217331439,0.032129531,0.00118296,0.806068226,0.04399815,0.020932085,2026,9,4912274,4.2934397,,,,
,,,32.82810255,0.170478687,0.010719575,2.210727528,0.028314722,0.015856244,2026,9,4361409,6.50688657,,,,
,,,13.8381325,0.174294874,0.006337622,1.395687297,0.017827229,0.009983248,2026,9,4242557,3.81844894,,,,
20.6769082,0.112921058,0.006377181,7.531754573,0.036549089,0.001492613,0.985512585,0.045181033,0.0215083,2026,9,4239934,4.67711673,,,,
,,,20.46508932,0.105407405,0.003308341,1.855991021,0.03711982,0.020787099,2026,9,4430191,4.59556718,,,,
,,,7.74849835,0.054944094,0.001997849,0.55446225,0.010144976,0.005681187,2026,9,4710855,1.65187757,,,,
0.649222017,0.003988882,0.000333526,10.82770744,0.085838273,0.007112368,0.774540979,0.014019281,0.007662189,2026,9,4431280,2.46113446,,,,
,,,1.714713323,0.014025021,0.000682344,0.222162291,0.002162603,0.001211057,2026,9,4596602,0.49502437,,,,
1.8135597,0.011640937,0.000973344,14.17491741,0.069890438,0.005790966,1.138081481,0.029985685,0.016069578,2026,9,4686472,3.27794256,,,,
0.681793073,0.005464998,0.000276299,2.058031351,0.011799099,0.000671029,0.190904754,0.00578866,0.003012082,2026,9,4430656,0.73816462,,,,
12.18497262,0.079966188,0.002419253,,,,,0.030323307,0.013948721,2026,9,4430871,1.67603345,,,,
,,,2.237200028,0.014026763,0.000630017,0.167816859,0.003070539,0.001719502,2026,9,4869748,0.52402339,,,,
0.640586361,0.005186514,0.000175,11.00059742,0.091831656,0.003492978,1.286716508,0.016141455,0.008882569,2026,9,16002,3.02294072,,,,
,,,12.93948574,0.128254678,0.004482136,0.8655761,0.015837415,0.008868952,2026,9,4597703,2.92624138,,,,
,,,10.53835049,0.069112678,0.003668356,0.664253503,0.012153823,0.006806141,2026,9,4613202,2.1642296,,,,
1.062340788,0.006469117,0.000332887,3.441161201,0.022387372,0.001001343,0.47664967,0.00631338,0.003313906,2026,9,4911851,1.09634625,,,,
,,,10.25451335,0.097761715,0.003718538,0.692048174,0.009998172,0.005598976,2026,9,16731,2.30057292,,,,
,,,25.57220306,0.135224808,0.00635161,1.532592765,0.025839198,0.014469951,2026,9,2576581,4.92108367,,,,
,,,17.6100185,0.104474685,0.006680606,1.501407881,0.027471207,0.015383876,2026,9,4241983,3.8725773,,,,
,,,8.624555188,0.084912513,0.004506978,0.854382601,0.010396327,0.005821943,2026,9,4831959,2.22395747,,,,
,,,10.73749981,0.06423921,0.004596134,0.871537667,0.008484059,0.004751073,2026,9,4429148,2.33063683,,,,
19.47484068,0.163161085,0.00654,3.492910397,0.025692041,0.001259079,0.495956425,0.033833736,0.015904598,2026,9,4429676,3.91053325,,,,
,,,2.256555327,0.022391183,0.000782508,0.185823232,0.00226114,0.001266239,2026,9,4678006,0.5449181,,,,
,,,15.32844185,0.069589181,0.005270166,1.872709662,0.022787568,0.012761038,2026,9,4808766,3.80870719,,,,
,,,17.4150098,0.135917399,0.006612644,1.664419491,0.014177131,0.007939193,2026,9,4240472,4.21914617,,,,
,,,19.996634,0.139431998,0.005694204,2.082232717,0.0354153,0.019832568,2026,9,4372780,4.89114738,,,,
5.316690424,0.031495529,0.002633464,7.840878083,0.037736399,0.003126754,0.963528992,0.02264779,0.011424738,2026,9,4362748,2.7056053,,,,
,,,2.495874526,0.015707427,0.000571145,0.204696665,0.002621729,0.001468168,2026,9,4360797,0.54680363,,,,
,,,22.24685392,0.081083591,0.004203328,1.589396837,0.029081137,0.016285437,2026,9,4685307,4.28498039,,,,
2.152765454,0.008688434,0.000485,13.52754148,0.085231866,0.002675107,1.446416211,0.034024244,0.018297655,2026,9,4431487,3.54859361,,,,
,,,21.46987896,0.197317019,0.009599854,1.65011602,0.030192114,0.016907584,2026,9,5082630,4.96718857,,,,
,,,4.279130503,0.03741434,0.001169643,0.519712336,0.006323981,0.003541429,2026,9,4427834,1.16753465,,,,
,,,4.560502298,0.020753085,0.001062314,0.413120639,0.007558854,0.004232958,2026,9,3051889,0.98754789,,,,
,,,10.97076509,0.064957362,0.002038767,1.359431967,0.020682659,0.011582289,2026,9,3054212,2.8277116,,,,
,,,26.23829162,0.183529117,0.008208897,1.860425135,0.034040132,0.019062474,2026,9,4879194,5.60736347,,,,
,,,2.50850746,0.018956173,0.000943823,0.199902107,0.003657602,0.002048257,2026,9,4879276,0.56237762,,,,
,,,12.43875094,0.088590812,0.005570525,1.281066166,0.016402102,0.009185177,2026,9,3043275,3.04969003,,,,
,,,2.179705203,0.017137728,0.000839861,0.233403455,0.002272086,0.001272368,2026,9,4372096,0.55339533,,,,
4.531353858,0.025195882,0.0014,1.611305672,0.009229306,0.000465346,0.253722176,0.008290588,0.003991806,2026,9,4722893,1.07050534,,,,
,,,7.353065781,0.051064538,0.001856783,0.679704977,0.01261474,0.007064254,2026,9,4569382,1.71131684,,,,
,,,5.768131373,0.035924091,0.001459523,0.571093793,0.005559362,0.003113243,2026,9,3052096,1.36029104,,,,
,,,10.88999125,0.084007949,0.003195389,0.72254423,0.013220366,0.007403405,2026,9,4431466,2.30752422,,,,
1.365896289,0.01006386,0.000693,,,,,0.004585114,0.002109153,2026,9,4698597,0.31743934,,,,
,,,2.431674485,0.009583754,0.000490576,0.194060877,0.003550725,0.001988406,2026,9,4061956,0.49182879,,,,
3.177443558,0.030653432,0.00123,1.852839971,0.009559531,0.00046848,0.258540968,0.006848528,0.003328126,2026,9,4383396,0.99976841,,,,
2.947785301,0.013769925,0.000417,17.81054117,0.063495806,0.00299193,1.359648529,0.034767486,0.018480787,2026,9,4608810,3.97538135,,,,
,,,13.45566015,0.073321018,0.003443943,0.844490062,0.015451605,0.008652899,2026,9,4696882,2.61997227,,,,
,,,6.900737503,0.064713067,0.002382637,0.775371273,0.007547919,0.004226834,2026,9,4242392,1.85023423,,,,
2.205083921,0.012968475,0.000667329,3.203481523,0.024502099,0.001095931,0.502995728,0.010473422,0.005335002,2026,9,2576336,1.28460436,,,,
,,,19.35050757,0.140892769,0.006534955,1.323232362,0.019368908,0.010846589,2026,9,4567156,4.09552767,,,,
,,,2.360747157,0.020470365,0.001032126,0.182411737,0.003337581,0.001869045,2026,9,4808839,0.539723,,,,
,,,2.577643941,0.0113521,0.000725907,0.214981373,0.003933507,0.002202764,2026,9,5150247,0.60866355,,,,
,,,13.41588569,0.105193853,0.004295967,1.192964998,0.022648915,0.012683392,2026,9,4567096,3.14954004,,,,
,,,6.459024631,0.036417733,0.00207112,0.56961335,0.010422195,0.005836429,2026,9,4565185,1.42676699,,,,
,,,6.518158022,0.035222374,0.001219765,0.770494588,0.009733764,0.005450908,2026,9,4426844,1.62543915,,,,
,,,5.279690712,0.038939884,0.001217335,0.434876247,0.007956915,0.004455873,2026,9,5092508,1.19021755,,,,
,,,9.332270287,0.076918623,0.003567676,0.715276295,0.014305526,0.008011094,2026,9,4361577,2.11681334,,,,
,,,6.570159933,0.0360614,0.001131831,0.6167655,0.011284936,0.006319564,2026,9,4259305,1.50169902,,,,
,,,6.799800522,0.030000933,0.001234063,0.507412216,0.009284103,0.005199098,2026,9,4685553,1.3597132,,,,
,,,6.511425132,0.048559735,0.00151807,0.814243372,0.010431687,0.005841745,2026,9,3127310,1.74837235,,,,
,,,14.74079844,0.074281592,0.004670772,1.275487896,0.025509758,0.014285464,2026,9,3917914,3.21521866,,,,
,,,4.832873158,0.027253549,0.001335603,0.345365106,0.006907302,0.003868089,2026,9,4426485,0.98729114,,,,
,,,6.801722856,0.054263031,0.002659245,0.701897251,0.008540849,0.004782876,2026,9,4360967,1.70362606,,,,
,,,6.191057908,0.038374491,0.001723604,0.591203707,0.007193905,0.004028587,2026,9,4685504,1.43613668,,,,
,,,4.989066006,0.024883977,0.001168819,0.356196921,0.006517322,0.003649701,2026,9,4690143,1.09427919,,,,
,,,8.508682737,0.072566624,0.006012709,0.849245206,0.008267051,0.004629548,2026,9,3911853,2.13849795,,,,
,,,15.61169821,0.116369536,0.005465964,1.468471322,0.017868701,0.010006473,2026,9,4432260,3.71924894,,,,
,,,1.932683892,0.013179368,0.000938262,0.196724162,0.002393785,0.00134052,2026,9,4573699,0.46832724,,,,
,,,3.100978474,0.01454891,0.001040934,0.412675881,0.003547565,0.001986637,2026,9,2975417,0.80826938,,,,
,,,12.31658034,0.074711967,0.003073213,1.228945115,0.014954091,0.008374291,2026,9,4241263,2.89866759,,,,
0.809605631,0.006644207,0.00022467,10.6626963,0.0817624,0.003109976,0.692872467,0.015207763,0.008263317,2026,9,4575665,2.4358107,,,,
,,,1.658871168,0.009016582,0.000478581,0.220454049,0.001895132,0.001061274,2026,9,4039505,0.43932531,,,,
4.416141106,0.028309907,0.001949224,1.787379846,0.011729121,0.00058399,0.252164781,0.01078466,0.005177717,2026,9,5081999,1.10774704,,,,
,,,9.473764089,0.056042016,0.004244205,1.295256143,0.012608783,0.007060918,2026,9,4361372,2.57358422,,,,
,,,8.163628021,0.041082586,0.002129698,0.780343982,0.009495407,0.005317428,2026,9,4880236,1.83707764,,,,
,,,4.342378516,0.040400065,0.001536687,0.408863768,0.00497515,0.002786084,2026,9,4040612,1.08313462,,,,
,,,4.063346224,0.007145339,0.000336689,0.338120894,0.006186586,0.003464488,2026,9,5097554,0.80169357,,,,
,,,2.37360706,0.016329086,0.000835857,0.217128898,0.00286238,0.001602933,2026,9,2998565,0.55100557,,,,
,,,6.061987453,0.063448892,0.005257234,0.67586036,0.008224026,0.004605455,2026,9,4383440,1.66427322,,,,
,,,2.008917491,0.011553828,0.000434825,0.224641023,0.002733484,0.001530751,2026,9,4426496,0.49273589,,,,
,,,1.856215715,0.016307366,0.000756376,0.208088539,0.00253207,0.001417959,2026,9,4690923,0.49029774,,,,
,,,3.85665945,0.027564511,0.001294726,0.396227893,0.003857115,0.002159984,2026,9,3052897,0.94565239,,,,
,,,6.520919049,0.058572257,0.002953242,0.653307598,0.007949599,0.004451776,2026,9,4362018,1.65404598,,,,
,,,5.237079833,0.023549776,0.0009687,0.659234464,0.008300738,0.004648413,2026,9,3917668,1.31710068,,,,
,,,10.73281625,0.10675531,0.004017703,1.176941815,0.013555737,0.007591213,2026,9,3843945,2.88396588,,,,
,,,6.326147007,0.069714173,0.002436312,0.572034797,0.006960653,0.003897966,2026,9,2975863,1.62019483,,,,
,,,1.737452877,0.011578492,0.000583793,0.244962242,0.002105816,0.001179257,2026,9,2515270,0.48704317,,,,
,,,11.56617777,0.096899166,0.004334109,1.101236074,0.013400097,0.007504054,2026,9,4686248,2.83326296,,,,
2.770115153,0.020437618,0.00157,1.791412601,0.009299347,0.000594644,0.265484618,0.00657962,0.003209204,2026,9,4241961,0.89814406,,,,
,,,7.289736996,0.038169322,0.001436491,0.531247054,0.009720208,0.005443317,2026,9,4430681,1.48147983,,,,
,,,8.835398824,0.041224004,0.002137029,0.684896261,0.012531522,0.007017653,2026,9,4369466,1.80634952,,,,
,,,3.66953754,0.036851029,0.001709242,0.400345544,0.006658202,0.003728593,2026,9,4048228,0.98454257,,,,
,,,8.782707225,0.083862487,0.003424824,0.902733375,0.01098467,0.006151415,2026,9,4683243,2.27901564,,,,
,,,3.909791252,0.030139909,0.001714092,0.436146472,0.005307132,0.002971994,2026,9,4708049,1.00558965,,,,
,,,3.765227803,0.022510252,0.000786669,0.416742293,0.003582522,0.002006212,2026,9,4243176,0.9259823,,,,
,,,1.741225352,0.007986303,0.000661727,0.236917703,0.002036661,0.00114053,2026,9,3929914,0.45805421,,,,
,,,2.212412662,0.014826903,0.000758963,0.211439979,0.002572851,0.001440797,2026,9,4722908,0.5203468,,,,
,,,6.587402914,0.03547306,0.001459154,0.557262271,0.011145245,0.006241337,2026,9,4362477,1.55324971,,,,
,,,5.023249863,0.033686671,0.001385673,0.289653065,0.005208046,0.002916506,2026,9,3051738,0.99117381,,,,
,,,4.533147177,0.029448108,0.001883052,0.510227279,0.006208564,0.003476796,2026,9,4045305,1.13720696,,,,
,,,1.857606607,0.016258899,0.000754128,0.198770911,0.002418691,0.001354467,2026,9,4361088,0.48094789,,,,
,,,6.701846619,0.059132822,0.002150158,0.691106384,0.008409544,0.004709344,2026,9,4426553,1.71119161,,,,
,,,2.238475369,0.009246191,0.000581394,0.172987409,0.003165144,0.001772481,2026,9,4369886,0.45001332,,,,
1.455103935,0.015708498,0.00039,,,,,0.00469974,0.002161881,2026,9,4683151,0.23634182,,,,
,,,4.38454815,0.021051103,0.001506147,0.357088894,0.006533643,0.00365884,2026,9,4257188,1.17669441,,,,
,,,4.887908249,0.043927638,0.002214853,0.409778441,0.007497702,0.004198713,2026,9,4241424,1.15836537,,,,
,,,1.838020504,0.008653264,0.000407743,0.188724873,0.002296448,0.001286011,2026,9,4372505,0.42275057,,,,
,,,3.736111153,0.022468084,0.001412777,0.390959724,0.004757289,0.002664082,2026,9,4035020,0.89700213,,,,
,,,4.073740896,0.024197508,0.000837969,0.481780017,0.005862412,0.00328295,2026,9,4239944,1.02960399,,,,
,,,5.085328378,0.022560913,0.001442652,0.441887632,0.008085202,0.004527713,2026,9,4401805,1.11216689,,,,
,,,3.896524817,0.027245909,0.000855146,0.520139439,0.006329178,0.00354434,2026,9,4431346,1.06805579,,,,
,,,2.193815919,0.013748886,0.000517435,0.224099801,0.002726899,0.001527063,2026,9,4362504,0.52402745,,,,
,,,8.346859449,0.066331132,0.002073637,1.113342672,0.013232216,0.007410041,2026,9,3050481,2.3356918,,,,
,,,2.040709638,0.022141736,0.001077238,0.204063827,0.002483096,0.001390534,2026,9,4431196,0.54042401,,,,
96.09969966,0.988090506,0.035336734,37.73676425,0.229633274,0.008492782,4.893450384,0.208976178,0.100201322,2026,10,4429795,25.47620984,,,,
,,,80.33714887,0.586022244,0.02167351,7.313073084,0.077944952,0.043649173,2026,10,4374302,18.82102811,,,,
1.246206071,0.014390319,0.000577801,84.85435477,0.541983693,0.026589413,7.867037789,0.096547025,0.053786377,2026,10,4241389,19.76464962,,,,
32.06599358,0.82370615,0.029247824,,,,,0.648626016,0.30899404,2026,10,3918298,22.09439377,246.4267439,1.457372,0.102499362,0.701803266
86.49476053,0.753872583,0.025946996,32.66933691,0.170634956,0.010735266,3.468899716,0.251766282,0.119743865,2026,10,4430807,20.77289149,,,,
,,,93.41957548,0.709724755,0.02503996,6.980338774,0.113682746,0.063662338,2026,10,4430878,20.5064001,,,,
67.84907484,0.782494028,0.026492682,41.31447904,0.234571374,0.008933512,4.753108937,0.120629933,0.058358204,2026,10,3117251,21.72917872,,,,
0.623668795,0.004309113,0.000227,89.05947319,0.723621476,0.022596415,7.857280807,0.121350149,0.067781706,2026,10,4362628,21.10646596,,,,
4.659130903,0.088424567,0.003240782,98.28148114,0.618910323,0.022478083,7.134222222,0.118468671,0.065187684,2026,10,4426515,21.59648113,,,,
93.91337494,1.100115005,0.027251902,23.1277637,0.082667663,0.004223166,2.73413992,0.225462202,0.106213093,2026,10,4242335,21.39142574,,,,
89.51963083,0.755436565,0.026823735,16.19823871,0.093110982,0.006548648,2.132727939,0.278217093,0.130811558,2026,10,4379399,17.60824183,,,,
,,,60.28575243,0.519178779,0.017718236,7.13919362,0.072052785,0.04034956,2026,10,4361307,16.23948089,,,,
105.037235,1.274788906,0.0339,12.60662882,0.068858277,0.003211093,1.412024411,0.169954265,0.079153011,2026,10,3043078,21.15869806,,,,
,,,79.74755933,0.570863358,0.032587075,6.554855722,0.09329561,0.052245542,2026,10,4262921,17.91794087,,,,
,,,63.89763227,0.462363185,0.029513711,5.960047704,0.050766275,0.028429114,2026,10,4432665,15.12749724,,,,
40.47446379,0.282106384,0.00749,,,,,0.457713123,0.218048867,2026,10,3916387,20.85223353,244.7202813,1.638462,0.076406995,0.487133333
81.48367439,0.904418049,0.0362,24.42815652,0.201016762,0.009840332,2.956741608,0.115472782,0.054621174,2026,10,4567048,20.16641988,,,,
57.53506914,0.364957889,0.028031777,32.32634609,0.16883756,0.010777292,3.994264366,0.112181231,0.053893539,2026,10,4890973,16.15597364,,,,
,,,79.48708254,0.539847524,0.02678908,6.260650283,0.097312026,0.054494734,2026,10,4361370,17.39560037,,,,
1.438097318,0.01317945,0.000453614,80.27560651,0.340546515,0.021425021,5.782107703,0.099626013,0.05531726,2026,10,4426502,16.01158463,,,,
70.0766762,0.437185415,0.023028124,25.22735211,0.135363809,0.004226985,4.205788683,0.130587085,0.062752802,2026,10,4362238,17.10394147,,,,
1.372064714,0.009123492,0.000334305,73.0802563,0.477243861,0.018084569,5.646672481,0.087126745,0.048436073,2026,10,4258173,15.9523723,,,,
,,,63.04959964,0.402888474,0.01976548,4.940676849,0.098813537,0.055335581,2026,10,4426354,13.59443746,,,,
65.5571167,0.853246848,0.0343,16.08490899,0.078952059,0.003873343,2.977514081,0.181884181,0.086421683,2026,10,4361579,16.64321341,,,,
,,,73.31253797,0.618153052,0.02245058,4.443335806,0.060372029,0.033808336,2026,10,16800,15.4623884,,,,
,,,67.95143256,0.433647835,0.031919937,6.271038853,0.117837718,0.065989122,2026,10,4569618,15.60303875,,,,
3.732911798,0.033619755,0.000893,83.58808801,0.399391841,0.018624985,5.289854072,0.09966576,0.054780553,2026,10,4429615,16.55213249,,,,
65.80183988,0.751187024,0.0275,23.55193339,0.19998324,0.007263152,3.435494857,0.178312625,0.085512063,2026,10,4430737,17.98110595,,,,
1.951737215,0.053031946,0.0013137,45.76898007,0.317806866,0.016235503,5.170908633,0.064923637,0.035705694,2026,10,4431459,12.13341625,,,,
59.77748663,0.345951255,0.0151,16.27724338,0.097226253,0.003318082,2.482648551,0.117799507,0.055895139,2026,10,4870808,12.67534049,,,,
,,,62.32558303,0.45859697,0.032085115,4.523552404,0.066924284,0.037477599,2026,10,4595348,13.49867156,,,,
,,,78.89451673,0.614144412,0.024927701,5.551937737,0.111038755,0.062181703,2026,10,4685472,17.05468188,,,,
56.84245173,0.455688767,0.0148,9.910870254,0.035569051,0.001468849,1.434924946,0.224225421,0.105258538,2026,10,4685382,10.88574667,,,,
,,,63.19773949,0.456682599,0.022355889,5.40867643,0.108173529,0.060577176,2026,10,4428331,14.3949594,,,,
68.9010476,0.535317514,0.034718067,13.8664881,0.058700226,0.004106882,1.681691086,0.34449751,0.161523332,2026,10,4696981,13.28627433,,,,
12.03090741,0.123251942,0.006492122,,,,,0.481872738,0.230590495,2026,10,3915511,19.06569369,266.2585124,2.021532,0.063126064,0.65207629
67.09044892,0.67791723,0.040840087,23.81669319,0.12383309,0.009115102,2.953182906,0.142961037,0.06800113,2026,10,4427366,16.82208116,,,,
,,,69.63666378,0.517208571,0.019697582,5.207326986,0.049597053,0.02777435,2026,10,3040151,15.25939925,,,,
,,,65.27453357,0.396993505,0.012396854,4.871345858,0.067501392,0.03780078,2026,10,4239993,13.73173439,,,,
22.47215326,0.277007541,0.009378567,,,,,0.372572941,0.177976707,2026,10,4361741,22.00568041,281.8701469,2.09172,0.079661917,0.688616794
,,,48.10248444,0.469385341,0.017359798,4.781836525,0.040730551,0.022809109,2026,10,4430027,12.39857239,,,,
56.35185047,0.477503964,0.026704147,21.50379205,0.116375748,0.005913063,2.968886885,0.08136348,0.038703302,2026,10,4685702,14.30770523,,,,
16.63228677,0.175063035,0.00701386,,,,,0.330121922,0.157846738,2026,10,3139477,17.66213592,240.5302262,1.71593,0.083999566,0.705716694
,,,72.12047123,0.490173233,0.025993564,5.241624071,0.084133928,0.047115,2026,10,4047646,15.35468772,,,,
,,,52.55209789,0.251138853,0.010370959,4.316673905,0.070345585,0.039393528,2026,10,4612826,11.02253167,,,,
,,,49.76293945,0.29762415,0.014569533,4.106458777,0.050738239,0.028413414,2026,10,15847,10.84214786,,,,
,,,62.75071394,0.3575074,0.011345443,4.377106201,0.071154899,0.039846743,2026,10,4248528,12.7420974,,,,
0.668349866,0.004310996,0.000222009,62.90056262,0.500070608,0.022384762,4.555251576,0.093929312,0.052317987,2026,10,4432620,14.10514094,,,,
2.793987981,0.029459797,0.00105,63.0864903,0.33848145,0.023805955,4.617292529,0.078266796,0.043012951,2026,10,3915416,13.37873785,,,,
13.3873651,0.151782541,0.00609,,,,,0.366356922,0.175284151,2026,10,2577417,17.80444479,250.4818106,1.693484,0.083081366,0.537814909
78.71312013,0.585694368,0.0329,15.24725472,0.110835821,0.00449875,2.218316309,0.130916168,0.061748009,2026,10,4241416,15.74829241,,,,
58.48054231,0.457253378,0.0167548,12.45806629,0.040147505,0.00152134,1.795324053,0.102561624,0.048387905,2026,10,4035538,11.81607268,,,,
44.81526894,0.254928619,0.012936879,23.61733095,0.128467654,0.007333428,2.851471754,0.143833466,0.069315154,2026,10,3042519,11.90081769,,,,
71.76877061,0.485707507,0.025013095,15.00022945,0.088119893,0.003944529,1.877862524,0.152022107,0.071424344,2026,10,4882093,13.91680749,,,,
,,,47.9373009,0.418520678,0.021265074,4.595972284,0.054314832,0.030416306,2026,10,5083076,11.88395798,,,,
,,,61.76096822,0.426505498,0.019741768,4.257177468,0.062791761,0.035163386,2026,10,3121422,12.96312004,,,,
58.07550644,0.204720394,0.0238,27.05893351,0.136730163,0.007579172,3.300036409,0.162814537,0.078368997,2026,10,4569987,13.7725001,,,,
,,,67.74917176,0.519280611,0.019776494,4.713962574,0.060375844,0.033810472,2026,10,16737,14.57809146,,,,
,,,50.90864427,0.273541533,0.01011669,3.640632841,0.052229744,0.029248657,2026,10,4426388,10.33586253,,,,
34.26981765,0.194963853,0.0109,,,,,0.782922535,0.373454419,2026,10,4431452,19.52340424,252.7326754,1.81504,0.096250379,0.965429792
46.10967893,0.433900469,0.024243218,24.10931906,0.141602148,0.007509069,2.922268603,0.176344131,0.084819318,2026,10,4569173,13.29570604,,,,
,,,56.28266925,0.403223976,0.028211018,4.738980852,0.07421538,0.041560613,2026,10,4361050,12.76185444,,,,
,,,44.16146024,0.19188945,0.0134959,3.810841201,0.056032056,0.031377952,2026,10,4385690,9.34404182,,,,
2.871418465,0.048412568,0.001774332,,,,,0.367585746,0.176115365,2026,10,12483,18.20778042,275.0032022,2.137086,0.07761641,0.867281971
,,,59.56327141,0.319194358,0.017693454,3.876257337,0.06460324,0.036177814,2026,10,4047650,11.71248591,,,,
16.67492611,0.210131543,0.01082141,,,,,0.380156901,0.181664097,2026,10,4360310,18.73575581,244.2126943,1.889052,0.084560019,0.677348246
,,,68.19557884,0.39226392,0.013386959,5.228569533,0.075266182,0.042149062,2026,10,4360761,14.34617273,,,,
58.16432657,0.358173059,0.024578922,17.38617223,0.106179524,0.005268991,2.262397738,0.111835031,0.053044752,2026,10,4239996,12.56012144,,,,
52.26482538,0.392095678,0.021907469,10.2858991,0.053256536,0.002824159,1.439500671,0.093072002,0.043828776,2026,10,4432710,10.33095211,,,,
,,,72.67096827,0.220513417,0.015635313,5.122819402,0.093732044,0.052489945,2026,10,4871023,13.64175947,,,,
1.13684607,0.003671907,0.000207,60.97874102,0.251149868,0.007970203,4.005722172,0.061653526,0.034224026,2026,10,4701936,11.69574388,,,,
2.772682549,0.049962676,0.001786798,,,,,0.520271777,0.249252504,2026,10,3046779,17.31729225,261.6958787,1.91828,0.070945876,0.530703775
0.777937964,0.005874258,0.000331449,44.31571036,0.153367024,0.004867079,4.243362652,0.056313354,0.031274413,2026,10,4572680,9.65751141,,,,
61.56818903,0.337185661,0.015978099,14.42423226,0.025157847,0.001783795,2.401207312,0.119348369,0.056461594,2026,10,3916148,12.10026109,,,,
50.9685033,0.196891162,0.011,,,,,0.493995854,0.235081342,2026,10,4426348,19.54888114,224.6020241,1.448674,0.067055141,0.60353036
18.33558487,0.235532086,0.016162926,,,,,0.649248421,0.31038102,2026,10,4360689,19.59957468,251.8916567,1.99066,0.098783357,0.655886558
,,,47.6458498,0.24468587,0.011325837,4.395304559,0.069253641,0.038782039,2026,10,2976212,10.57492236,,,,
,,,64.4272225,0.484996712,0.019685684,5.417618784,0.090951575,0.050932882,2026,10,4695883,14.77354017,,,,
10.56006285,0.107641846,0.0036444,47.97593496,0.407485443,0.015518842,3.7688787,0.110927644,0.058564474,2026,10,3126486,12.68778769,,,,
16.24749349,0.178735142,0.010032401,,,,,0.434031357,0.207718902,2026,10,4685720,20.23539471,266.4093917,2.09454,0.085015944,0.641210024
,,,46.41083151,0.251571259,0.012851786,4.049373887,0.057436408,0.032164388,2026,10,4688813,10.16277739,,,,
0.813931955,0.00713939,0.000362,51.95426334,0.304301036,0.017370673,3.840303928,0.050854685,0.028311768,2026,10,4429205,10.96595182,,,,
56.29816323,0.251747052,0.014204584,16.35099975,0.064810216,0.002056742,2.361127636,0.16452444,0.078112815,2026,10,4047365,11.40602856,,,,
,,,42.13421252,0.417358411,0.019462827,4.015166481,0.051657483,0.02892819,2026,10,3116365,10.71516947,,,,
57.92372159,0.332916937,0.013512977,13.04518422,0.083749255,0.002954776,1.482417818,0.1181426,0.055619956,2026,10,4685512,11.00412115,,,,
,,,40.2139728,0.394317731,0.019567394,3.867666644,0.058501137,0.032760637,2026,10,3929645,10.23012582,,,,
,,,24.10900367,0.252987784,0.012411437,3.15496273,0.056566992,0.031677516,2026,10,4242355,7.04675164,,,,
0.742880961,0.006584231,0.000339076,43.37309399,0.399274541,0.017872807,3.8960608,0.062653332,0.03486672,2026,10,3916433,10.71115725,,,,
,,,35.19436157,0.128092616,0.008058773,2.854044057,0.024310071,0.01361364,2026,10,4360248,7.13156818,,,,
,,,37.04972376,0.153375681,0.008501859,3.702794096,0.06255896,0.035033018,2026,10,4035687,8.27660824,,,,
,,,55.67338675,0.372381925,0.01892076,4.074346967,0.074548181,0.041746982,2026,10,4832800,11.83229275,,,,
,,,26.34159022,0.212685361,0.007258404,1.814627797,0.028282159,0.015838009,2026,10,4432708,5.70848377,,,,
,,,44.86663546,0.331983486,0.016251519,3.189617715,0.040852225,0.022877246,2026,10,4683062,9.65601072,,,,
54.35759014,0.301831872,0.01681101,4.898721655,0.03058497,0.001415694,0.690763395,0.176763241,0.082257394,2026,10,4575131,8.48750225,,,,
36.50853621,0.138569066,0.0161,11.04837675,0.058493854,0.003242408,1.560248842,0.075664055,0.036026292,2026,10,4038815,7.46694789,,,,
44.05400211,0.367089841,0.0135,7.402207911,0.034292922,0.001245478,0.97007893,0.075822836,0.03556401,2026,10,4429096,8.48436345,,,,
53.80721495,0.372985414,0.009651292,11.91045584,0.039836474,0.00212578,1.657648897,0.086287283,0.040689648,2026,10,4711533,10.65080215,,,,
28.76454499,0.205291269,0.01408771,13.81231902,0.059185621,0.002936993,2.11271432,0.067672628,0.032716546,2026,10,3054850,7.92766638,,,,
21.95397268,0.120367606,0.003905058,,,,,0.598420293,0.285858931,2026,10,4038941,14.03716672,227.0223191,1.061454,0.043833503,0.873342104
28.29473559,0.298816019,0.018001714,8.754179177,0.049847916,0.003669204,1.237141924,0.062938776,0.029914612,2026,10,4685247,7.01919162,,,,
,,,28.64926999,0.296214077,0.014699156,2.688740383,0.03935663,0.022039713,2026,10,4569559,7.31730873,,,,
,,,35.60666634,0.262554794,0.011752794,2.437350845,0.035934738,0.020123453,2026,10,4432773,7.55755292,,,,
1.332425213,0.008163921,0.000386861,41.66640251,0.092913395,0.006587944,4.249375843,0.062086996,0.034424689,2026,10,4569587,9.10246074,,,,
,,,40.7777029,0.33884243,0.017968591,3.027496475,0.058100242,0.032536136,2026,10,4361432,9.11072225,,,,
,,,39.38926358,0.205030745,0.011703943,4.860132643,0.05077392,0.028433395,2026,10,4036133,9.99712257,,,,
27.98287682,0.142818348,0.00795,13.68463827,0.105392654,0.004878336,2.151495235,0.077199616,0.037463114,2026,10,4697815,7.79390632,,,,
,,,55.66301299,0.321221718,0.016409955,3.673971561,0.05385942,0.030161275,2026,10,4360078,11.14152253,,,,
,,,45.30257506,0.242692979,0.017068995,4.079541403,0.07051686,0.039489442,2026,10,4373678,10.02297589,,,,
29.15710299,0.195337364,0.009912797,,,,,0.411605025,0.196558161,2026,10,3917315,16.98498363,223.3715582,1.37172,0.078303051,0.659334277
61.54546818,0.518677935,0.021052948,15.31859591,0.058784178,0.002073978,2.005110267,0.05288706,0.025017524,2026,10,4426385,13.15390616,,,,
0.332562491,0.011032882,0.000664659,39.25511917,0.262045216,0.019288617,3.815985961,0.047922315,0.026687646,2026,10,5083315,9.40101998,,,,
62.4763074,0.451949697,0.022935119,6.593195678,0.028814219,0.001644826,0.975357865,0.144181465,0.06730941,2026,10,4360569,10.68523674,,,,
3.529527539,0.026312007,0.001471485,47.1109748,0.159336818,0.008095918,4.238285449,0.090431435,0.049353236,2026,10,4870653,10.44580101,,,,
8.139676419,0.047676185,0.001935159,,,,,0.42992737,0.205739005,2026,10,3912547,16.47131408,246.7531981,1.830972,0.064598939,0.777828391
33.29961697,0.179942834,0.006593513,12.33241523,0.067529435,0.002558945,1.593666091,0.078812726,0.037542574,2026,10,4429059,7.59950798,,,,
,,,34.38507353,0.107455887,0.004071909,3.699756434,0.042576044,0.023842584,2026,10,3117256,7.74457976,,,,
8.180375491,0.036762977,0.002074315,,,,,0.649027183,0.310871101,2026,10,4036378,13.18452916,244.4690847,1.12635,0.035744546,0.80465258
2.486691677,0.016455376,0.000533858,37.35801518,0.170229423,0.007029746,2.235618108,0.040056965,0.02169851,2026,10,4429025,7.31298378,,,,
12.2323471,0.041514479,0.002342414,3.095239806,0.019651443,0.000623636,0.52593479,0.029347531,0.013951984,2026,10,4429023,2.40449114,,,,
,,,33.82742259,0.272434915,0.014447045,3.176215379,0.03119714,0.017470398,2026,10,3046439,8.18834242,,,,
,,,36.14174766,0.23682739,0.01209858,3.75160226,0.067180036,0.03762082,2026,10,15818,8.73747289,,,,
13.83233148,0.05917387,0.002168265,,,,,0.49514406,0.236962721,2026,10,4432577,14.87243849,240.2754657,1.209992,0.045851157,0.476008954
18.52031949,0.110023389,0.00521,14.95583438,0.049931915,0.003540379,1.9630389,0.055274028,0.027045716,2026,10,4428557,6.23525344,,,,
36.0938023,0.332778394,0.0115,6.850509832,0.046957779,0.002954285,0.925676688,0.091258694,0.042835226,2026,10,4241474,7.45585037,,,,
,,,41.59250024,0.195636061,0.012487902,3.044302283,0.038991043,0.021834984,2026,10,4428718,8.35970651,,,,
,,,46.19696605,0.396674859,0.019684363,3.237902534,0.059009693,0.033045428,2026,10,4880281,10.21248616,,,,
3.696434122,0.022395795,0.000909037,41.97070424,0.257303126,0.00907797,2.355726033,0.05826061,0.031511333,2026,10,4032473,8.8623652,,,,
28.32787881,0.206640583,0.009028287,12.40001588,0.048867679,0.001667728,1.813731454,0.031418154,0.01507602,2026,10,4373626,7.41163849,,,,
26.56447099,0.215891881,0.00731,4.051041382,0.024968103,0.000950895,0.500581416,0.056692832,0.026509027,2026,10,4696044,4.97229029,,,,
8.273327912,0.063467865,0.001642281,47.79280062,0.122868205,0.006556572,3.596006323,0.102356049,0.054275795,2026,10,4569603,10.37385238,,,,
,,,30.08613229,0.27938733,0.01134014,2.820933717,0.024028045,0.013455705,2026,10,2576925,7.5022758,,,,
12.3754674,0.118203519,0.005164403,,,,,0.403751134,0.193193932,2026,10,2578570,14.55840025,214.3020966,1.449004643,0.049450802,0.744996295
,,,54.43324547,0.360053062,0.026502775,3.262008637,0.065240173,0.036534497,2026,10,4597500,10.84731011,,,,
,,,36.75289636,0.285884108,0.020106698,2.793866053,0.047318095,0.026498133,2026,10,4635008,8.17292547,,,,
,,,41.74326867,0.299120248,0.01338958,3.798539421,0.05365528,0.030046957,2026,10,4430539,9.73568902,,,,
12.0025021,0.234037864,0.0058,,,,,0.576344623,0.275604749,2026,10,3917792,14.73489,221.6820711,1.28781,0.065789149,0.74765952
,,,33.38564916,0.242590737,0.011312822,2.126847052,0.032037791,0.017941163,2026,10,4360939,6.90854571,,,,
30.26964251,0.147320545,0.004779486,13.56684742,0.075240008,0.00310709,1.900238281,0.064972542,0.031354751,2026,10,4596334,7.60517668,,,,
26.13858234,0.144647846,0.011110148,3.452537232,0.01832266,0.001169578,0.472605013,0.058442224,0.027289698,2026,10,4686658,4.38106206,,,,
0.565341526,0.006120441,0.000713,33.82134395,0.216567676,0.012004693,3.609015943,0.052854673,0.029303516,2026,10,4361411,8.35203955,,,,
39.77420508,0.198589444,0.00514,9.321760454,0.039302972,0.002097311,1.215917425,0.125737906,0.059281722,2026,10,4682745,7.48947565,,,,
,,,25.66488701,0.248787525,0.009035666,2.11586479,0.025746336,0.014417948,2026,10,4570037,6.16499208,,,,
17.11321588,0.163088916,0.006534119,7.33458857,0.048462765,0.002372388,0.94860334,0.047332603,0.022588463,2026,10,4832955,4.64968516,,,,
32.06706577,0.246666398,0.0127,1.819450006,0.012594162,0.000563755,0.234927227,0.057553634,0.026646683,2026,10,4362619,5.15389431,,,,
,,,41.57126064,0.139157353,0.007425804,2.927272331,0.053560198,0.029993711,2026,10,4869645,7.8756227,,,,
,,,22.1105435,0.301172702,0.009404673,2.380239876,0.0245502,0.013748112,2026,10,3116164,6.39029156,,,,
,,,31.63801729,0.1530269,0.009768061,3.457856678,0.039524631,0.022133794,2026,10,4429086,7.51613234,,,,
,,,43.76694571,0.220499407,0.012222635,3.33220097,0.060969162,0.034142731,2026,10,4431492,8.98965979,,,,
,,,22.06808006,0.128904073,0.006549628,1.668223844,0.025059887,0.014033537,2026,10,4241463,4.63414847,,,,
2.115771138,0.012817311,0.00088,5.39849167,0.029288747,0.001453408,0.758505928,0.011943651,0.006218222,2026,10,4599739,1.75511453,,,,
30.89049894,0.154036272,0.008614394,,,,,0.644130213,0.307084426,2026,10,3122840,16.86630724,225.3547824,1.386255,0.070435745,0.633541503
6.780619913,0.035942099,0.00419,,,,,0.504968258,0.241986501,2026,10,8439,14.30406371,247.443757,1.366248,0.075733313,0.820793388
,,,26.92147457,0.210287609,0.007419205,2.051952124,0.034571862,0.019360243,2026,10,2977187,5.98285516,,,,
,,,23.53166193,0.169013797,0.008962691,1.889586829,0.02728244,0.015278166,2026,10,2991662,5.24492485,,,,
14.93955398,0.114822956,0.003049003,11.26693867,0.06192235,0.002887647,1.187141948,0.042450543,0.020635146,2026,10,4038441,4.83998806,,,,
,,,14.38449643,0.060159332,0.004265545,0.980932473,0.015888855,0.008897759,2026,10,3925357,2.77149308,,,,
28.08510548,0.173457277,0.00449,,,,,0.69926443,0.33367085,2026,10,4242512,13.1417076,210.7446234,0.6615,0.035299389,0.607024312
,,,22.43080675,0.119264528,0.004519382,1.721727187,0.025201905,0.014113067,2026,10,4429022,4.66187366,,,,
11.91454083,0.114902482,0.006922124,,,,,0.552351578,0.264250358,2026,10,15864,16.20119814,242.3779579,1.532882,0.112832333,0.615952674
9.204638691,0.028449189,0.00161,3.110050883,0.012271014,0.000389419,0.506107648,0.015458694,0.007415552,2026,10,3149687,1.97147356,,,,
1.047448987,0.021561147,0.000875,32.14973787,0.309846417,0.010931762,2.828560109,0.05212238,0.028721104,2026,10,4576297,8.10426949,,,,
31.5582778,0.216760428,0.0141,3.33914358,0.01095209,0.000766248,0.420560563,0.06005882,0.027929381,2026,10,4241457,5.25203554,,,,
,,,37.62739645,0.252086552,0.017636894,2.484727096,0.045462963,0.025459259,2026,10,4682648,7.74554132,,,,
20.37306726,0.140796746,0.00742,11.26600372,0.050903635,0.00158956,1.428016597,0.061501978,0.029752199,2026,10,3116389,5.7022667,,,,
7.252624064,0.106465573,0.003664362,,,,,0.359800703,0.172260559,2026,10,4360423,13.81784931,233.665834,1.113504,0.070054589,0.57962634
,,,9.858393013,0.062441111,0.003564379,0.983591513,0.016853642,0.00943804,2026,10,3886598,2.33277536,,,,
,,,24.67261292,0.163535814,0.010438869,1.772879212,0.030274742,0.016953855,2026,10,4382466,5.20912342,,,,
,,,26.54661387,0.194537133,0.00900459,2.068065874,0.037839328,0.021190023,2026,10,5081432,5.91308999,,,,
12.39954682,0.145433919,0.00689,,,,,0.477282454,0.228309015,2026,10,4688380,12.38343719,219.7753092,0.749314,0.053129462,0.596705134
,,,37.89803401,0.10497901,0.004335183,2.809901606,0.05141267,0.028791095,2026,10,4686612,7.18202324,,,,
,,,25.75561481,0.173710936,0.007173517,2.461942192,0.031907738,0.017868333,2026,10,4595342,6.05921966,,,,
0.647032994,0.004724783,0.000249,27.77382705,0.210776205,0.006581876,2.32223959,0.044585918,0.024758516,2026,10,4384852,6.58276789,,,,
4.553016623,0.037094046,0.00132,1.707850778,0.01059275,0.000745005,0.236976753,0.011647973,0.005568377,2026,10,4429501,1.17861505,,,,
5.409362608,0.028455737,0.001042683,21.71518468,0.082921777,0.003142219,1.823636086,0.050916013,0.026758066,2026,10,4586312,5.26634063,,,,
,,,38.2353162,0.249367499,0.012233828,3.358950253,0.059193592,0.033148411,2026,10,5083754,8.6384177,,,,
,,,36.59261625,0.123695425,0.006600715,2.602019849,0.047609064,0.026661076,2026,10,4869961,6.9645873,,,,
1.393201889,0.007658689,0.000281,42.39034774,0.159304445,0.006036646,2.497977806,0.04007413,0.022090533,2026,10,4686422,7.8476218,,,,
16.06921467,0.134551063,0.0103,,,,,0.533827949,0.255222895,2026,10,4837248,14.94332731,226.362612,1.345226,0.085868885,0.801150495
,,,25.02042182,0.111272807,0.005150513,2.525615375,0.028940874,0.016206889,2026,10,4360635,5.67394365,,,,
,,,24.12250445,0.139730846,0.009907495,2.693105609,0.026216269,0.014681111,2026,10,4686728,5.9348839,,,,
,,,7.170178336,0.046065473,0.002553483,0.638862373,0.011689242,0.006545976,2026,10,4685261,1.62459646,,,,
,,,6.873415247,0.050380636,0.001829764,0.722661186,0.007340147,0.004110482,2026,10,2573401,1.70791889,,,,
13.20071283,0.071984618,0.00401,8.128325437,0.043438214,0.002010636,0.911460592,0.059502887,0.028739325,2026,10,3068267,3.69303603,,,,
,,,32.36174559,0.27308013,0.010099625,2.311130589,0.042286674,0.023680537,2026,10,5123663,7.1597401,,,,
,,,26.39442537,0.182347008,0.009669742,2.090470716,0.040633962,0.022755019,2026,10,4427095,5.79889875,,,,
,,,14.43098605,0.074419365,0.004681993,1.084877764,0.01984997,0.011115983,2026,10,4870612,3.05491518,,,,
3.589437885,0.015231367,0.000988,5.236966019,0.030989081,0.002168109,0.616785403,0.015733802,0.007899117,2026,10,4360516,1.79262214,,,,
10.07981871,0.060913705,0.00198,13.56473701,0.069852075,0.002884591,1.519883079,0.034242386,0.017044488,2026,10,4430968,4.66105276,,,,
6.956480541,0.065131442,0.002312661,14.05003334,0.09160551,0.006442766,1.650337157,0.02719943,0.013887153,2026,10,3915411,4.68186681,,,,
,,,25.66767297,0.099280614,0.005297876,2.429266988,0.029957694,0.016776309,2026,10,4367209,5.5695531,,,,
,,,21.50190344,0.173673176,0.009626982,2.21233607,0.034744153,0.019456726,2026,10,4430802,5.38582398,,,,
2.791492425,0.023440842,0.000941,5.428134601,0.039546317,0.00194012,0.452740355,0.018452113,0.009393453,2026,10,3676833,1.81436981,,,,
0.720573929,0.007349388,0.000443,22.54378443,0.112121333,0.008253024,2.014210338,0.039092155,0.021667785,2026,10,4569371,5.1895826,,,,
,,,12.69962834,0.072793543,0.005119689,0.86826519,0.014047369,0.007866526,2026,10,4242433,2.56986641,,,,
16.84944257,0.181756598,0.0118,,,,,0.541432979,0.258701121,2026,10,4433970,15.26367183,224.2847363,1.501698,0.105064263,1.110299878
1.528511239,0.011036093,0.000716,26.91911197,0.152403156,0.01066268,1.622012206,0.030826426,0.016804355,2026,10,4040655,5.43737467,,,,
8.294738041,0.067076427,0.003751212,14.57682081,0.065346548,0.003320264,1.9540521,0.034957473,0.017760237,2026,10,4601080,5.04684892,,,,
,,,24.54098433,0.172924319,0.00701888,1.934830195,0.035401519,0.019824851,2026,10,4360763,5.4017986,,,,
,,,16.39637328,0.135883391,0.006742999,1.710740597,0.02347149,0.013144034,2026,10,4036131,4.1534942,,,,
,,,9.412923184,0.06716422,0.003287876,0.723297406,0.013234147,0.007411122,2026,10,4912218,2.05967775,,,,
,,,20.2935438,0.102467593,0.003496955,2.017989781,0.037341039,0.020910982,2026,10,3045523,4.62830567,,,,
17.71624148,0.17085128,0.004232305,3.491798373,0.016222277,0.000828732,0.479156061,0.041308398,0.019413769,2026,10,4686468,3.72615812,,,,
,,,10.42935397,0.113685294,0.007995673,1.088515808,0.00927172,0.005192163,2026,10,3930086,2.81941479,,,,
17.29772656,0.137666818,0.00492,5.768705526,0.029286538,0.001083137,0.797074787,0.041613079,0.019827221,2026,10,4912274,4.07888796,,,,
,,,32.10854399,0.164549887,0.010352432,2.234438391,0.028618408,0.016026308,2026,10,4361409,6.42200036,,,,
,,,14.5156456,0.178430668,0.006480389,1.382929411,0.017664271,0.009891992,2026,10,4242557,3.89872097,,,,
10.63097472,0.063679111,0.00302,,,,,0.02357166,0.010842964,2026,10,4685555,1.43015021,,,,
21.69380003,0.13323049,0.007478226,8.136162314,0.041214198,0.001672856,1.05331457,0.045009164,0.021479121,2026,10,4239934,5.05951085,,,,
,,,6.373683845,0.025622322,0.001816729,0.598077831,0.011961557,0.006698472,2026,10,4431268,1.60892734,,,,
,,,19.89106827,0.086380907,0.002741285,1.818343738,0.036366875,0.02036545,2026,10,4430191,4.39731758,,,,
,,,8.069010978,0.057244136,0.002079039,0.555243021,0.010159262,0.005689187,2026,10,4710855,1.69865684,,,,
,,,1.641805959,0.012919758,0.000632458,0.222880237,0.002169591,0.001214971,2026,10,4596602,0.48444318,,,,
0.717975441,0.00512493,0.000260075,2.022801617,0.010666616,0.000608891,0.190492307,0.005869076,0.003048318,2026,10,4430656,0.73957856,,,,
0.547191918,0.005017286,0.00017,12.23286745,0.090806717,0.00345832,1.460692577,0.017983836,0.009927132,2026,10,16002,3.30151951,,,,
,,,12.38124184,0.105123283,0.003708878,0.904895894,0.016556848,0.009271835,2026,10,4597703,2.76919525,,,,
,,,10.94119497,0.071331458,0.00378266,0.715377175,0.013089231,0.007329969,2026,10,4613202,2.27771133,,,,
1.152095667,0.0065722,0.000338457,3.424464509,0.022387372,0.00100213,0.460131219,0.006383406,0.003331918,2026,10,4911851,1.08773061,,,,
,,,11.04559662,0.095822866,0.003649357,0.795125184,0.011487348,0.006432915,2026,10,16731,2.46935793,,,,
,,,24.9012892,0.162373215,0.007572009,1.383872714,0.023331808,0.013065813,2026,10,2576581,4.86729623,,,,
,,,15.94629571,0.108206411,0.006907065,1.298939081,0.023766642,0.01330932,2026,10,4241983,3.53063261,,,,
,,,8.998860889,0.086839998,0.004605068,0.916048349,0.01114669,0.006242146,2026,10,4831959,2.33399427,,,,
,,,10.99273334,0.085797994,0.00600274,0.832805823,0.00810702,0.004539931,2026,10,4429148,2.45000694,,,,
17.59464473,0.154440394,0.0062,3.376723987,0.025048967,0.001228888,0.517202362,0.032639097,0.015369675,2026,10,4429676,3.67625783,,,,
,,,2.129957692,0.018535836,0.000653967,0.191063247,0.002324902,0.001301945,2026,10,4678006,0.51403928,,,,
,,,15.83123351,0.109731852,0.008077139,1.795757378,0.021851194,0.012236669,2026,10,4808766,4.02952938,,,,
,,,16.92492661,0.113730859,0.005567443,1.665823526,0.01418909,0.007945891,2026,10,4240472,4.03631885,,,,
,,,20.41501734,0.112184245,0.007954327,1.444059159,0.026421899,0.014796263,2026,10,4883647,4.14567849,,,,
,,,21.36150016,0.167180728,0.006785751,2.231076689,0.037946887,0.021250257,2026,10,4372780,5.34238406,,,,
,,,2.604556659,0.016463838,0.000597947,0.202531038,0.002593992,0.001452636,2026,10,4360797,0.56012875,,,,
,,,21.49825263,0.0435929,0.002326232,1.602590022,0.029322533,0.016420618,2026,10,4685307,3.99403351,,,,
2.162939065,0.007430137,0.000419,13.14950622,0.072172231,0.002290375,1.316537359,0.03163734,0.01696204,2026,10,4431487,3.29772477,,,,
,,,20.98583276,0.167030561,0.008176612,1.64314727,0.030064607,0.01683618,2026,10,5082630,4.72738678,,,,
,,,4.491686364,0.039429714,0.001231266,0.522600584,0.006359126,0.00356111,2026,10,4427834,1.20385582,,,,
,,,4.360434227,0.020753085,0.001060194,0.37706228,0.006899095,0.003863493,2026,10,3051889,0.93220001,,,,
,,,10.66259556,0.055794715,0.001770637,1.248074097,0.018988439,0.010633526,2026,10,3054212,2.63187716,,,,
,,,25.74025986,0.183529117,0.008215351,1.752608239,0.032067411,0.01795775,2026,10,4879194,5.44054789,,,,
,,,2.543378499,0.020764201,0.001030391,0.203442441,0.003722379,0.002084532,2026,10,4879276,0.58035561,,,,
,,,12.05487334,0.086331705,0.005431442,1.298665909,0.01662744,0.009311366,2026,10,3043275,3.01482283,,,,
,,,2.131705691,0.016322795,0.000800787,0.243630739,0.002371644,0.001328121,2026,10,4372096,0.55374581,,,,
4.014259307,0.021516331,0.0012,1.538150527,0.008289893,0.00042121,0.247209891,0.008327246,0.004004096,2026,10,4722893,0.97674205,,,,
,,,7.682286815,0.053349298,0.001937583,0.673300492,0.012495878,0.006997692,2026,10,4569382,1.75183474,,,,
,,,11.67456825,0.082108773,0.003127064,0.827995799,0.01514981,0.008483893,2026,10,4431466,2.4777918,,,,
1.33338093,0.010838182,0.000743749,,,,,0.004505964,0.002072743,2026,10,4698597,0.30272562,,,,
,,,2.32853517,0.009583754,0.000489596,0.181596209,0.003322659,0.001860689,2026,10,4061956,0.46929766,,,,
2.867090363,0.029015056,0.00117,1.79701831,0.009248304,0.000453717,0.269450701,0.006700097,0.003267351,2026,10,4383396,0.96233146,,,,
,,,13.10271271,0.088386037,0.004121738,0.784106406,0.014346767,0.00803419,2026,10,4696882,2.6172476,,,,
,,,6.480385717,0.057330939,0.002120334,0.76538435,0.0074507,0.004172392,2026,10,4242392,1.75350124,,,,
2.39228703,0.013175124,0.000678496,3.195714663,0.024502099,0.001096792,0.473845704,0.010680917,0.005400475,2026,10,2576336,1.26847564,,,,
,,,19.70950456,0.143515279,0.006642928,1.39737858,0.020454229,0.011454368,2026,10,4567156,4.22033783,,,,
,,,2.27912774,0.017479065,0.000888113,0.177263488,0.003243384,0.001816295,2026,10,4808839,0.50828009,,,,
,,,2.349504351,0.011864816,0.000757359,0.185998044,0.0034032,0.001905792,2026,10,5150247,0.57520933,,,,
,,,14.32932498,0.127487441,0.005174628,1.225712435,0.023270638,0.013031557,2026,10,4567096,3.40846772,,,,
,,,6.345355863,0.0330071,0.001884172,0.552927207,0.010116889,0.005665458,2026,10,4565185,1.37820982,,,,
,,,6.476545914,0.045345097,0.001547512,0.721887083,0.009119699,0.005107031,2026,10,4426844,1.63473382,,,,
,,,5.450577032,0.041361178,0.001291579,0.439734565,0.008045808,0.004505652,2026,10,5092508,1.22674359,,,,
,,,9.532425958,0.078233219,0.003621201,0.751294535,0.015025891,0.008414499,2026,10,4361577,2.17819569,,,,
,,,6.385027072,0.029696014,0.000942399,0.553985177,0.010136247,0.005676298,2026,10,4259305,1.3832846,,,,
,,,6.890410296,0.02656317,0.001096945,0.536195479,0.00981075,0.00549402,2026,10,4685553,1.37608058,,,,
,,,6.82580501,0.051566363,0.001610255,0.817770522,0.010476875,0.00586705,2026,10,3127310,1.80151221,,,,
,,,14.3090422,0.071377984,0.004490649,1.291136284,0.025822726,0.014460726,2026,10,3917914,3.16857801,,,,
,,,4.749714918,0.025328813,0.001242617,0.362522695,0.007250454,0.004060254,2026,10,4426485,0.98402319,,,,
,,,6.665329817,0.051809294,0.002541735,0.7326249,0.008914751,0.00499226,2026,10,4360967,1.7053478,,,,
,,,4.8549429,0.030867042,0.001439434,0.322031089,0.005892191,0.003299627,2026,10,4690143,1.08165452,,,,
,,,15.14813965,0.134130061,0.006254936,1.333032801,0.016220654,0.009083566,2026,10,4432260,3.64739827,,,,
,,,2.038216791,0.016635936,0.001170033,0.213680435,0.002600113,0.001456063,2026,10,4573699,0.51681407,,,,
,,,3.207870085,0.017998106,0.001259213,0.394117111,0.003388025,0.001897294,2026,10,2975417,0.82170599,,,,
,,,12.46836452,0.068688353,0.002836535,1.292211583,0.015723932,0.008805402,2026,10,4241263,2.93965562,,,,
0.702368297,0.006427417,0.000217611,11.44960044,0.079869701,0.00304179,0.746822619,0.015987652,0.008720779,2026,10,4575665,2.53916555,,,,
,,,1.745717363,0.009198478,0.000487789,0.236250763,0.002030928,0.00113732,2026,10,4039505,0.46476795,,,,
4.304161154,0.030488094,0.002092185,1.807630638,0.012304325,0.000610583,0.253723218,0.010649308,0.005116795,2026,10,5081999,1.11711026,,,,
,,,9.792270406,0.081601694,0.006006535,1.241781692,0.012088231,0.006769409,2026,10,4361372,2.70941235,,,,
,,,7.858379203,0.027970384,0.001492574,0.747813451,0.009099568,0.005095758,2026,10,4880236,1.69450731,,,,
,,,4.740223169,0.039597841,0.00150806,0.465295252,0.005661821,0.00317062,2026,10,4040612,1.17372889,,,,
,,,2.272778878,0.016329086,0.000834189,0.202650786,0.002671517,0.00149605,2026,10,2998565,0.52665027,,,,
,,,1.932489939,0.01028806,0.000389853,0.221206297,0.00269169,0.001507346,2026,10,4426496,0.47401946,,,,
,,,1.928632343,0.016579591,0.000767424,0.21651771,0.002634638,0.001475397,2026,10,4690923,0.50751214,,,,
,,,6.463080128,0.041648213,0.002308627,0.675339932,0.009885337,0.005535788,2026,10,4035656,1.5653439,,,,
,,,3.731679624,0.032584028,0.001519503,0.359199722,0.003496661,0.00195813,2026,10,3052897,0.927087,,,,
,,,6.282007325,0.051080369,0.002595398,0.635833884,0.007736975,0.004332706,2026,10,4362018,1.56724621,,,,
,,,5.290932405,0.022307486,0.000921204,0.693406844,0.008731018,0.00488937,2026,10,3917668,1.34863907,,,,
,,,10.35797137,0.099750974,0.00377994,1.1597479,0.013357702,0.007480313,2026,10,3843945,2.78700294,,,,
,,,5.931463343,0.058090812,0.002049515,0.588416476,0.007159989,0.004009594,2026,10,2975863,1.52637652,,,,
,,,1.662887486,0.010619606,0.000539583,0.238617519,0.002051274,0.001148713,2026,10,2515270,0.46745982,,,,
,,,11.40898415,0.096899166,0.004337517,1.065178192,0.012961337,0.007258348,2026,10,4686248,2.78197194,,,,
2.906494831,0.018417202,0.001414593,1.658435166,0.009489401,0.00060573,0.231441264,0.006611311,0.00320037,2026,10,4241961,0.85318839,,,,
,,,7.073575461,0.033632677,0.001274469,0.520996736,0.009532659,0.005338289,2026,10,4430681,1.4222741,,,,
,,,8.53142483,0.025795674,0.001376525,0.651573443,0.011921816,0.006676217,2026,10,4369466,1.64920559,,,,
,,,3.815960731,0.037397666,0.001731035,0.417515108,0.006943751,0.003888501,2026,10,4048228,1.01936585,,,,
,,,9.386293627,0.096369038,0.003911553,0.968263033,0.01178205,0.006597948,2026,10,4683243,2.48004463,,,,
,,,3.843394805,0.028128161,0.001605664,0.433729843,0.005277726,0.002955526,2026,10,4708049,0.98427777,,,,
,,,3.485262893,0.019526729,0.000688927,0.429270851,0.003690224,0.002066525,2026,10,4243176,0.89229952,,,,
,,,2.116188531,0.014826903,0.000757448,0.197458412,0.00240272,0.001345523,2026,10,4722908,0.49692613,,,,
,,,6.673290898,0.031962608,0.001319919,0.585650217,0.011713004,0.006559282,2026,10,4362477,1.5383642,,,,
,,,5.09310442,0.031213029,0.001288964,0.303935082,0.005464841,0.003060311,2026,10,3051738,0.997125,,,,
,,,4.201671408,0.030357665,0.0019378,0.443414731,0.005395574,0.003021521,2026,10,4045305,1.04370262,,,,
,,,1.929961458,0.016531099,0.000765179,0.207383251,0.002523488,0.001413153,2026,10,4361088,0.49833664,,,,
,,,7.045239497,0.061090363,0.002218729,0.684717954,0.008331808,0.004665812,2026,10,4426553,1.75111012,,,,
,,,10.76216967,0.023100681,0.001637934,1.156775727,0.013670683,0.007655582,2026,10,4361516,2.35992268,,,,
,,,2.179787026,0.008838966,0.000556091,0.175017216,0.003202284,0.001793279,2026,10,4369886,0.44363994,,,,
1.557401311,0.015953905,0.000395,,,,,0.005276973,0.002427408,2026,10,4683151,0.24753795,,,,
,,,4.486774507,0.030949849,0.002165364,0.339998164,0.006220934,0.003483723,2026,10,4257188,1.22594376,,,,
,,,4.722253987,0.037920278,0.001926733,0.401940145,0.007354285,0.004118399,2026,10,4241424,1.09749828,,,,
,,,3.592786545,0.021754228,0.001368638,0.396022288,0.004818892,0.002698579,2026,10,4035020,0.88329363,,,,
,,,4.031826104,0.030969962,0.001056925,0.449955742,0.005475166,0.003066093,2026,10,4239944,1.03508439,,,,
,,,4.627059323,0.023585528,0.001505519,0.38612983,0.007065004,0.003956402,2026,10,4401805,1.01383931,,,,
,,,3.779431779,0.023549167,0.000747329,0.476075674,0.005793,0.00324408,2026,10,4431346,0.99047335,,,,
,,,2.119278411,0.01245285,0.000471885,0.220665279,0.002685107,0.00150366,2026,10,4362504,0.50531747,,,,
,,,8.778710824,0.070343413,0.002196603,1.117402639,0.013280469,0.007437063,2026,10,3050481,2.40720368,,,,
,,,1.974678195,0.01931484,0.000945515,0.204085993,0.002483366,0.001390685,2026,10,4431196,0.51661791,,,,
96.27580304,0.999798453,0.035755224,37.62855044,0.231090317,0.008546618,4.784139171,0.216907424,0.103758728,2026,11,4429795,25.44671737,,,,
,,,79.56076223,0.593116702,0.021935759,7.156725208,0.076278548,0.042715987,2026,11,4374302,18.63195719,,,,
1.416614131,0.016199537,0.000647416,84.30030364,0.602972499,0.029443734,7.472777301,0.092239161,0.05133494,2026,11,4241389,19.71944971,,,,
32.50697197,0.946554649,0.033407953,,,,,0.612561859,0.291568348,2026,11,3918298,24.19139551,246.965515,1.730428,0.120972653,0.640393347
68.31448974,0.578278247,0.0198,35.661244,0.188742984,0.007268692,4.132598978,0.118666817,0.057080701,2026,11,3117251,19.07540772,,,,
0.587433194,0.004696677,0.000246,89.62176187,0.791086297,0.024602621,7.861182982,0.1213682,0.067795949,2026,11,4362628,21.57410968,,,,
79.58777609,0.777352503,0.019603391,22.60527702,0.065440944,0.003403349,2.843134443,0.201926194,0.095486209,2026,11,4242335,17.9795695,,,,
96.86623867,0.923785942,0.032604349,16.54732939,0.103149734,0.007211104,2.028782821,0.30588776,0.143402054,2026,11,4379399,19.33268048,,,,
,,,63.82477819,0.4609092,0.015837075,7.75489584,0.0782668,0.043829408,2026,11,4361307,16.84890819,,,,
100.9683318,1.157825064,0.0309,12.38327597,0.065360798,0.003060153,1.452114635,0.159904158,0.074557617,2026,11,3043078,20.04941966,,,,
,,,79.30384482,0.433499834,0.025194359,6.903141683,0.098252783,0.055021558,2026,11,4262921,17.37746277,,,,
,,,65.0780104,0.47073502,0.030025171,5.799312169,0.049397168,0.027662414,2026,11,4432665,15.13755084,,,,
41.01581327,0.272134072,0.00726,,,,,0.478399899,0.227989033,2026,11,3916387,20.229606,244.431659,1.503418,0.070389115,0.503819144
101.2996211,1.199302986,0.0476,26.66564035,0.228290372,0.011076814,2.8173752,0.125833216,0.059316097,2026,11,4567048,24.18150693,,,,
62.31703077,0.374052808,0.028708414,33.2696166,0.171007007,0.010907441,3.890847748,0.113459097,0.054422062,2026,11,4890973,16.69325296,,,,
,,,79.60897417,0.40357896,0.020281362,6.397832769,0.099444313,0.055688815,2026,11,4361370,16.71201704,,,,
65.36953022,0.476506118,0.024997168,24.91280083,0.145104378,0.004512716,4.213759158,0.128177523,0.061649487,2026,11,4362238,16.91076003,,,,
1.40906486,0.011479487,0.000415688,74.55945947,0.57327951,0.021468286,5.604190288,0.08663808,0.048148408,2026,11,4258173,16.65935384,,,,
,,,62.89870919,0.449102816,0.021930127,4.720025361,0.094400507,0.052864284,2026,11,4426354,13.64513486,,,,
74.45992555,0.960521006,0.0384,17.04810506,0.086129917,0.004205808,2.82846592,0.202023557,0.095547889,2026,11,4361579,18.15862436,,,,
85.04975842,0.45178777,0.0145,15.09751615,0.097455792,0.00397106,1.824547764,0.122644439,0.057543381,2026,11,3929630,15.05983195,,,,
,,,66.85680669,0.346162909,0.025758709,6.201895236,0.116538455,0.065261535,2026,11,4569618,14.88862571,,,,
3.563392579,0.030535091,0.000814,84.3038943,0.355945379,0.016665146,5.430821349,0.101381272,0.055807775,2026,11,4429615,16.4624516,,,,
1.638346818,0.037472915,0.000944998,44.97510589,0.238254226,0.012390749,5.384142724,0.066534847,0.03668771,2026,11,4431459,11.65490491,,,,
55.55885347,0.298952874,0.013150688,17.64752709,0.08950141,0.003075314,2.691563767,0.11406772,0.054322192,2026,11,4870808,12.26974715,,,,
,,,68.09165173,0.355497999,0.014485584,5.708708015,0.081944318,0.045888818,2026,11,4241478,14.59022071,,,,
,,,63.62130651,0.299266995,0.021575329,4.950560973,0.073241718,0.041015362,2026,11,4595348,13.07134553,,,,
,,,77.5964514,0.561182516,0.02283343,5.527884524,0.11055769,0.061912307,2026,11,4685472,16.57938301,,,,
64.41967186,0.556621184,0.0178,9.789919673,0.040857411,0.00166748,1.371170677,0.243642027,0.114096214,2026,11,4685382,12.19416393,,,,
,,,66.31122001,0.607980705,0.029499663,5.154112355,0.103082247,0.057726058,2026,11,4428331,15.3793898,,,,
57.74370761,0.344938622,0.023052185,14.25578636,0.042705956,0.003078839,1.835407909,0.316592498,0.148966225,2026,11,4696981,11.12389437,,,,
11.35404039,0.136599387,0.007165905,,,,,0.489019257,0.234025976,2026,11,3915511,19.75436182,266.8586814,2.209788,0.068723952,0.70538278
67.51296991,0.557110658,0.03392893,23.52523827,0.111817137,0.008320548,2.92045131,0.144028821,0.068467494,2026,11,4427366,15.98920687,,,,
26.53995747,0.407929889,0.013058617,,,,,0.459144817,0.218991207,2026,11,4040715,17.93293929,227.3471734,1.329126,0.054158296,0.643799068
,,,63.35958797,0.390216267,0.015027641,4.523983595,0.043088567,0.024129597,2026,11,3040151,13.18417608,,,,
,,,65.7150571,0.443835775,0.013803201,4.866904722,0.067439852,0.037766317,2026,11,4239993,14.05528085,,,,
22.10830657,0.199766204,0.006839197,,,,,0.36397125,0.173852411,2026,11,4361741,17.94618327,251.9454644,1.5384,0.059245409,0.744363789
80.35156851,0.482330926,0.013954091,19.94198303,0.101408405,0.004569428,2.742409774,0.191878233,0.090841477,2026,11,4596448,16.134629,,,,
69.23930796,0.635760629,0.0181,18.23461226,0.066538497,0.002950861,2.066259491,0.202534107,0.095666642,2026,11,4259545,14.88356071,,,,
,,,47.86569959,0.473310566,0.017504863,4.678210173,0.039847886,0.022314816,2026,11,4430027,12.29607362,,,,
0.730364901,0.006207325,0.000179581,52.97011224,0.300618892,0.013545785,3.541164191,0.053823981,0.029942436,2026,11,4567750,10.72115707,,,,
18.145925,0.20626306,0.008190942,,,,,0.310950152,0.14865258,2026,11,3139477,20.85396003,255.2651599,2.23967,0.108670407,0.656067384
,,,51.63244622,0.307324414,0.012542581,4.135243928,0.067388957,0.037737816,2026,11,4612826,11.09382656,,,,
,,,52.44981555,0.396735663,0.019249901,3.914513069,0.048366613,0.027085303,2026,11,15847,11.5255158,,,,
0.709594851,0.004298404,0.000222,61.53584834,0.500070608,0.022401658,4.427733107,0.091330119,0.050867321,2026,11,4432620,13.85190827,,,,
0.794519897,0.004758742,0.000394695,56.05341614,0.290103994,0.023843927,4.232601429,0.064401543,0.035875695,2026,11,4372016,11.6649953,,,,
3.031359003,0.036024926,0.00127,62.74135753,0.411578045,0.028773048,4.414593541,0.076138434,0.041726156,2026,11,3915416,13.6561268,,,,
13.3730402,0.150247201,0.006004639,,,,,0.340243164,0.16274845,2026,11,2577417,18.69456156,252.3698266,1.877924,0.091700856,0.514814412
68.88181845,0.532577308,0.03,14.73192044,0.105641126,0.004298333,2.21590093,0.127025641,0.059956705,2026,11,4241416,14.35862268,,,,
59.8278533,0.575331715,0.020833574,12.84327687,0.048079374,0.001800486,1.780538885,0.106033801,0.049975146,2026,11,4035538,12.73623826,,,,
37.88167635,0.183764659,0.00949,22.90711473,0.107372101,0.006240305,3.005024233,0.133772275,0.064856729,2026,11,3042519,10.73600505,,,,
76.96955478,0.484288765,0.024958856,14.29346326,0.088119893,0.003947506,1.836997115,0.149327192,0.070152167,2026,11,4882093,14.31920126,,,,
,,,64.38263443,0.457962505,0.021127141,4.297952275,0.063393174,0.035500178,2026,11,3121422,13.45691867,,,,
57.21677073,0.217907294,0.0253,25.89378191,0.14106538,0.007785173,3.249299815,0.167439527,0.080443076,2026,11,4569987,13.62389732,,,,
,,,61.02045668,0.365955365,0.014093328,4.038006603,0.051718284,0.028962239,2026,11,16737,12.30741464,,,,
,,,41.24665893,0.367262232,0.016287412,3.374205731,0.032846497,0.018394039,2026,11,4723086,9.69910176,,,,
,,,50.45429718,0.277275647,0.01025473,3.565209179,0.051147691,0.028642707,2026,11,4426388,10.23886683,,,,
3.333928559,0.02889453,0.000822735,56.86452495,0.331289875,0.014692104,4.309588513,0.083271538,0.045651554,2026,11,4685278,12.43246286,,,,
,,,57.40886235,0.269823283,0.019452616,5.182586892,0.081162525,0.045451014,2026,11,4361050,12.49255803,,,,
,,,44.24125213,0.236235633,0.016515019,3.630944661,0.053386978,0.029896708,2026,11,4385690,9.44713029,,,,
,,,57.77681637,0.34016928,0.0187734,3.816587745,0.063608763,0.035620907,2026,11,4047650,11.60327005,,,,
18.0959227,0.2123603,0.010944442,,,,,0.384800304,0.183896139,2026,11,4360310,18.35410164,237.692936,1.889052,0.084623842,0.813531082
,,,71.00813812,0.329740277,0.011330044,5.751909449,0.082799753,0.046367861,2026,11,4360761,14.76327329,,,,
,,,54.15900479,0.402470123,0.017848818,3.257134034,0.05813949,0.032558115,2026,11,4431299,11.05997266,,,,
57.12427829,0.281308459,0.019549453,17.75818766,0.091667056,0.004606615,2.311095973,0.107888933,0.051264001,2026,11,4239996,11.98582979,,,,
30.16651357,0.268311994,0.00764,,,,,0.502269045,0.239780753,2026,11,4431611,18.88992211,236.5598327,1.543256,0.068440597,0.528939106
,,,75.46917128,0.316143409,0.021850985,5.264705705,0.096328133,0.053943754,2026,11,4871023,14.64684175,,,,
2.38920889,0.048707506,0.001741899,,,,,0.503731897,0.241306629,2026,11,3046779,17.37823549,259.8879174,1.937996,0.071674619,0.488985455
69.9904799,0.473986626,0.021894621,15.35152429,0.036001361,0.002488318,2.459253553,0.120489211,0.057024124,2026,11,3916148,13.99127952,,,,
50.15561633,0.214528977,0.0119,,,,,0.498667488,0.237323447,2026,11,4426348,20.58334814,236.2811471,1.562306,0.072073716,0.563148888
18.47222639,0.189991885,0.013203433,,,,,0.660065282,0.315596928,2026,11,4360689,17.6452959,253.7691636,1.57514,0.079156714,0.682065516
,,,50.28532963,0.273246361,0.012605649,4.437798395,0.069923185,0.039156984,2026,11,2976212,11.05455485,,,,
,,,63.29005814,0.440320714,0.017915797,5.404302484,0.09072802,0.050807691,2026,11,4695883,14.36662228,,,,
10.66559901,0.079549409,0.002723454,43.1463604,0.294343556,0.011335481,3.258933016,0.101417563,0.053169945,2026,11,3126486,10.84697295,,,,
14.88027913,0.167614975,0.009431115,,,,,0.440319369,0.210739138,2026,11,4685720,19.01190804,260.8473046,1.91646,0.077977046,0.673259977
,,,46.07538581,0.170448023,0.008864391,4.188040132,0.059403253,0.033265822,2026,11,4688813,9.77102999,,,,
0.699979185,0.005146411,0.000265899,51.39673105,0.216437222,0.012579006,4.032417203,0.053140566,0.02960933,2026,11,4429205,10.53946517,,,,
55.73147129,0.491576847,0.014,10.98617299,0.056547955,0.002507799,1.261922129,0.054868672,0.025781994,2026,11,4608686,11.20533298,,,,
,,,41.68484755,0.389610804,0.01824134,4.123478302,0.053050978,0.029708548,2026,11,3116365,10.60809147,,,,
,,,43.75581884,0.44072223,0.036223385,2.987696929,0.050098512,0.028055167,2026,11,3128429,10.02526863,,,,
,,,46.48298762,0.305777566,0.01245961,4.259313807,0.050691038,0.028386981,2026,11,3121023,10.71176122,,,,
72.89738676,0.471437533,0.039101507,6.155243973,0.032082297,0.002636875,0.947684637,0.071991638,0.033540913,2026,11,4241985,11.89236363,,,,
,,,40.49085196,0.325906211,0.016378014,3.951628368,0.059771116,0.033471825,2026,11,3929645,9.92354121,,,,
,,,24.83593685,0.27430811,0.013394732,2.999483105,0.053779316,0.030116417,2026,11,4242355,7.09690408,,,,
20.35725829,0.222665582,0.018468109,,,,,0.499626972,0.238664934,2026,11,4426338,17.58364987,231.3571789,1.606374,0.132029429,0.652358906
0.782837499,0.006564998,0.000338341,42.18721438,0.399274541,0.017886297,3.802611262,0.06116523,0.034037171,2026,11,3916433,10.50464262,,,,
25.26063542,0.183147919,0.0152,29.65626974,0.201936428,0.01659735,3.924230053,0.080111427,0.040139663,2026,11,4568490,11.74117707,,,,
,,,35.49054646,0.168613432,0.009305506,3.645838161,0.061596686,0.034494144,2026,11,4035687,8.15782212,,,,
,,,27.3606815,0.18715742,0.006430824,2.011660875,0.031353048,0.017557707,2026,11,4432708,5.84924778,,,,
,,,47.15486781,0.439302862,0.021315292,3.04435378,0.038991703,0.021835354,2026,11,4683062,10.39564961,,,,
52.42321437,0.324225389,0.018,5.29420666,0.031814353,0.001467689,0.697506911,0.174515218,0.081232542,2026,11,4575131,8.48656576,,,,
35.84708121,0.147494882,0.0171,10.40707631,0.060579791,0.003343302,1.536257217,0.078032545,0.037097024,2026,11,4038815,7.37887156,,,,
51.4602563,0.420715631,0.010759316,12.15036833,0.042731701,0.002253668,1.709258179,0.08453714,0.039915638,2026,11,4711533,10.79943133,,,,
28.27296194,0.161235383,0.011205008,14.21029647,0.046713127,0.00234751,2.157722906,0.065691395,0.031838991,2026,11,3054850,7.61890086,,,,
22.53280139,0.133755741,0.004288596,,,,,0.565431367,0.270022977,2026,11,4038941,15.04240311,223.7382991,1.278966,0.052197398,0.833336734
28.47013309,0.245566245,0.014955377,8.689457774,0.044489067,0.003310525,1.223468959,0.063414224,0.030122677,2026,11,4685247,6.65772037,,,,
,,,28.93490156,0.234966695,0.011807961,2.74812322,0.04022585,0.022526476,2026,11,4569559,7.03103852,,,,
,,,34.90809575,0.262554794,0.011761664,2.368141049,0.034914353,0.019552038,2026,11,4432773,7.41962264,,,,
19.02580134,0.132418292,0.003830932,18.24699472,0.115714504,0.005214056,2.611554464,0.059568251,0.029635936,2026,11,4371733,7.82360151,,,,
1.466749518,0.011476139,0.000530111,43.63972164,0.159160032,0.011000715,4.359436239,0.063631285,0.035286959,2026,11,4569587,9.84806811,,,,
,,,38.37880256,0.137962811,0.008018191,5.13092761,0.053602922,0.030017636,2026,11,4036133,9.75400184,,,,
26.97998307,0.153414331,0.00852,14.72599367,0.108715829,0.005015377,2.172690582,0.076584852,0.037199546,2026,11,4697815,7.90677725,,,,
,,,55.57218566,0.232382191,0.012085365,3.770621068,0.055276275,0.030954714,2026,11,4360078,10.68585208,,,,
,,,45.28061632,0.299353908,0.02092756,3.885698001,0.067166182,0.037613062,2026,11,4373678,10.17828808,,,,
27.48747852,0.154407824,0.007977768,,,,,0.435116819,0.207862266,2026,11,3917315,14.86582224,219.7803075,1.0092,0.058653188,0.683191117
2.383862664,0.021512065,0.000622356,33.4928268,0.108909233,0.004907413,3.225674463,0.056919095,0.031235809,2026,11,3116165,7.54595912,,,,
0.333809673,0.009066795,0.000552182,38.68809019,0.218345918,0.016247578,3.77386877,0.047426069,0.026408123,2026,11,5083315,9.02257231,,,,
53.00396832,0.325786813,0.016832382,6.333627025,0.022997875,0.001336602,1.029760137,0.13066912,0.061148723,2026,11,4360569,8.97371832,,,,
1.435144826,0.010355671,0.000331505,32.11513328,0.196851884,0.008021183,2.307184053,0.047066377,0.02587198,2026,11,4870795,6.87166061,,,,
34.03051286,0.22641018,0.008198633,12.71693917,0.076252363,0.002855514,1.581335174,0.08131589,0.038684058,2026,11,4429059,8.03174285,,,,
,,,41.21536768,0.239524137,0.009759962,2.964000059,0.058967267,0.03302167,2026,11,4428850,8.47771223,,,,
,,,35.29041285,0.152453759,0.005709119,3.670876662,0.042243701,0.023656473,2026,11,3117256,8.07986179,,,,
2.804296619,0.020100147,0.000644469,36.79550127,0.207764449,0.008479321,2.152626876,0.039577353,0.021356413,2026,11,4429025,7.45637299,,,,
,,,35.49642306,0.168575892,0.007476034,3.375603325,0.067512067,0.037806757,2026,11,2973405,8.00279839,,,,
,,,35.60612325,0.163148655,0.008484777,3.885479632,0.069577382,0.038963334,2026,11,15818,8.36586277,,,,
13.65895357,0.071730223,0.002597453,,,,,0.486762732,0.232938661,2026,11,4432577,16.35900579,245.9729854,1.518008,0.056846667,0.507036622
21.02246996,0.154661425,0.00714,15.71944697,0.060549362,0.00418501,2.00993479,0.055948534,0.027394682,2026,11,4428557,6.94472786,,,,
,,,42.19197012,0.201139676,0.012829411,2.953516444,0.03782827,0.021183831,2026,11,4428718,8.36383867,,,,
,,,46.25997524,0.314990759,0.015829471,3.311204925,0.060345604,0.033793539,2026,11,4880281,9.79281487,,,,
19.33579033,0.153844499,0.00445,,,,,0.605688106,0.289521241,2026,11,3052587,14.10236804,222.4156575,1.039064,0.046819871,0.673338775
26.29865475,0.178567921,0.007855054,13.28896182,0.043776439,0.001504181,1.962686087,0.030638215,0.014768468,2026,11,4373626,7.24550544,,,,
26.73949243,0.159548283,0.00546,3.47155854,0.020128934,0.000775186,0.43525089,0.057146341,0.02666148,2026,11,4696044,4.4950727,,,,
7.942641917,0.071589724,0.00183,48.70685643,0.14386919,0.007587655,3.715078627,0.103915616,0.055231341,2026,11,4569603,10.69759719,,,,
,,,29.38047306,0.258976898,0.010537268,2.812359126,0.023955009,0.013414805,2026,11,2576925,7.29914275,,,,
21.82903574,0.132600671,0.004244802,11.69065832,0.048129741,0.001961157,1.513262157,0.061233445,0.029581729,2026,11,4431545,5.9377132,,,,
11.93981269,0.106062938,0.00466562,,,,,0.413539086,0.197901204,2026,11,2578570,14.12249511,225.3548969,1.260616267,0.043315417,0.737802201
,,,53.48151692,0.297612061,0.022145938,3.226533988,0.06453068,0.036137181,2026,11,4597500,10.33407956,,,,
,,,36.72502372,0.332337894,0.023233441,2.6717428,0.045249764,0.025339868,2026,11,4635008,8.33525368,,,,
,,,40.63069733,0.299120248,0.013399687,3.710824384,0.052416284,0.029353119,2026,11,4430539,9.53809474,,,,
11.26260956,0.184086129,0.004642311,,,,,0.623597203,0.298310006,2026,11,3917792,12.55823289,219.0800991,0.92529,0.048121018,0.831127724
,,,33.40230415,0.222157001,0.010401255,2.17447716,0.032755267,0.01834295,2026,11,4360939,6.83263019,,,,
34.19228005,0.179951191,0.005769756,13.39254592,0.083064877,0.003390059,1.816000798,0.069363949,0.033309749,2026,11,4596334,8.13097104,,,,
28.13919304,0.148252537,0.011378327,3.574733654,0.018572311,0.001184609,0.460413705,0.059476925,0.02775518,2026,11,4686658,4.60394297,,,,
0.532006391,0.006514685,0.000755,32.52723721,0.228476211,0.012609238,3.553519551,0.052206174,0.028928468,2026,11,4361411,8.23964083,,,,
38.03862044,0.224002548,0.00573,9.504780536,0.041640046,0.002196094,1.254031141,0.123184096,0.058152178,2026,11,4682745,7.5454512,,,,
21.49979078,0.216263954,0.008588089,8.048790932,0.056618559,0.002747173,0.903599381,0.051263593,0.024358032,2026,11,4832955,5.48268529,,,,
34.3638563,0.24594589,0.0127,1.728297093,0.012594162,0.000564181,0.229819938,0.056551025,0.026181743,2026,11,4362619,5.36593447,,,,
,,,42.35024845,0.157752963,0.008319884,3.025968021,0.055366029,0.031004976,2026,11,4869645,8.16360446,,,,
,,,22.08060543,0.318349812,0.009900614,2.381673542,0.024564987,0.013756393,2026,11,3116164,6.4927694,,,,
,,,32.40048735,0.157301954,0.010033284,3.367215622,0.038488569,0.021553599,2026,11,4429086,7.52904945,,,,
,,,42.38368366,0.236292518,0.013040607,3.280928324,0.060031029,0.033617376,2026,11,4431492,8.89748226,,,,
2.077919647,0.010066692,0.0007,5.535790028,0.0245254,0.001232494,0.771344335,0.011855681,0.006190012,2026,11,4599739,1.73206602,,,,
6.437347427,0.03719514,0.00431,,,,,0.495621264,0.237495403,2026,11,8439,14.4102378,238.209464,1.450488,0.080050118,0.746903885
14.36759872,0.104287773,0.002780299,11.09010038,0.058911205,0.002758187,1.220250969,0.04073746,0.019878026,2026,11,4038441,4.71760967,,,,
,,,14.97899859,0.082137576,0.005677129,0.991631665,0.016062158,0.008994808,2026,11,3925357,2.97614582,,,,
27.85911186,0.202192097,0.00517,,,,,0.713161371,0.340330494,2026,11,4242512,13.85699654,214.6997571,0.7515,0.039634076,0.581922339
,,,22.95443834,0.151180578,0.00566144,1.709856172,0.025028142,0.01401576,2026,11,4429022,4.89633483,,,,
11.83394057,0.093238595,0.00567838,,,,,0.545443134,0.260935889,2026,11,15864,14.78644578,238.8160318,1.258078,0.093616225,0.616225273
26.44356689,0.139672328,0.00933,3.432301419,0.007193355,0.000518597,0.459000385,0.054758447,0.025518842,2026,11,4241457,4.29788682,,,,
,,,38.18164659,0.160969927,0.011604952,2.721446563,0.049794211,0.027884758,2026,11,4682648,7.47418517,,,,
19.03209686,0.153460085,0.00805,11.216747,0.054391361,0.00169156,1.430018439,0.060410604,0.029252216,2026,11,3116389,5.66458619,,,,
,,,9.585003874,0.042151502,0.002449782,1.034388699,0.017724042,0.009925463,2026,11,3886598,2.23131474,,,,
,,,25.08750718,0.16712497,0.010659831,1.717326756,0.029326095,0.016422613,2026,11,4382466,5.21807573,,,,
,,,27.77763266,0.208953151,0.009639616,2.089535384,0.038232154,0.021410007,2026,11,5081432,6.14113016,,,,
13.99019312,0.203875187,0.00942,,,,,0.478643325,0.228958628,2026,11,4688380,14.70078367,229.6518539,1.052686,0.072758835,0.518702669
,,,37.30876876,0.143041798,0.005837848,2.696473214,0.049337274,0.027628874,2026,11,4686612,7.24332083,,,,
,,,25.4290533,0.201813117,0.008236434,2.358547455,0.030567702,0.017117913,2026,11,4595342,6.09537253,,,,
0.610243369,0.005149733,0.00027,27.85435996,0.233158051,0.007251167,2.348731224,0.045020933,0.025007094,2026,11,4384852,6.74315819,,,,
4.907445093,0.04536047,0.0016,1.755428752,0.011714232,0.000818931,0.225426768,0.012655059,0.006021386,2026,11,4429501,1.25607752,,,,
5.554248202,0.035803974,0.001296512,22.23490563,0.113787893,0.004261152,1.80144177,0.051202796,0.026849378,2026,11,4586312,5.54626881,,,,
,,,38.52440479,0.280714895,0.013707581,3.209246113,0.056555409,0.031671029,2026,11,5083754,8.71154307,,,,
,,,37.27322524,0.140224856,0.007395453,2.689749352,0.049214248,0.027559979,2026,11,4869961,7.21939396,,,,
1.431036575,0.009636422,0.000348948,43.3150261,0.21452098,0.008033424,2.483724118,0.040004065,0.022037439,2026,11,4686422,8.27702066,,,,
16.96776981,0.135384487,0.0104,,,,,0.527809803,0.25233185,2026,11,4837248,15.39699941,231.0158711,1.373634,0.087615313,0.776271133
,,,6.624038291,0.051707331,0.002106934,0.516984849,0.009459253,0.005297182,2026,11,4715355,1.48350177,,,,
,,,26.46137271,0.124168623,0.005728259,2.550124488,0.029221723,0.016364165,2026,11,4360635,5.92077569,,,,
,,,22.07199682,0.100195056,0.008235128,2.318047955,0.028775939,0.016114526,2026,11,3051876,5.11142118,,,,
,,,41.78883676,0.11277531,0.005081617,3.679287366,0.049583699,0.027766871,2026,11,4243331,8.49076039,,,,
,,,25.2794399,0.178730079,0.012353344,2.760706808,0.026874339,0.01504963,2026,11,4686728,6.3563467,,,,
,,,6.893495673,0.049065748,0.00270786,0.629064998,0.01150998,0.006445589,2026,11,4685261,1.6056372,,,,
12.7225563,0.077325302,0.00429,8.612930907,0.045082391,0.002079782,0.920352729,0.05899532,0.02851919,2026,11,3068267,3.74560879,,,,
0.78134901,0.005475658,0.000454,24.21755906,0.154123526,0.012667561,2.011829953,0.039154011,0.021691883,2026,11,4600981,5.45320722,,,,
,,,32.12707675,0.275755444,0.010198507,2.265157771,0.041445511,0.023209486,2026,11,5123663,7.10746815,,,,
3.021076818,0.009814524,0.000656,5.372601063,0.024412965,0.001760026,0.673362248,0.015449117,0.007828846,2026,11,4360516,1.73723056,,,,
11.43191686,0.074405737,0.00239,13.39585763,0.076810579,0.003134808,1.454618524,0.035823511,0.017716284,2026,11,4430968,4.83368947,,,,
7.502881781,0.079646013,0.002811048,14.27116082,0.099884403,0.006982828,1.57012949,0.028093975,0.014231798,2026,11,3915411,4.8165844,,,,
,,,26.13957019,0.110679638,0.005837239,2.50739027,0.030921109,0.017315821,2026,11,4367209,5.76328395,,,,
,,,20.66894696,0.1816137,0.01002297,2.178312168,0.034209817,0.019157497,2026,11,4430802,5.31752601,,,,
3.174008497,0.026387934,0.00105,5.482239675,0.043766341,0.002137153,0.418174026,0.019071028,0.009609021,2026,11,3676833,1.86722692,,,,
0.726056005,0.006039708,0.000368,22.20818406,0.083478089,0.00621178,1.992034464,0.038710833,0.021451801,2026,11,4569371,4.95112271,,,,
,,,12.74813927,0.08866473,0.006198471,0.802663099,0.012986015,0.007272168,2026,11,4242433,2.60766061,,,,
15.50203295,0.127845279,0.00854,,,,,0.574193417,0.274444087,2026,11,4433970,12.62476223,228.5919512,0.984418,0.070970546,1.199587852
1.306592849,0.007111246,0.000475,27.30334686,0.087675386,0.006320862,1.780188359,0.032937257,0.018031245,2026,11,4040655,5.18830136,,,,
,,,24.03613192,0.154749163,0.006296444,1.926631215,0.035251503,0.019740842,2026,11,4360763,5.23278059,,,,
,,,16.55980034,0.106398251,0.005346913,1.74778929,0.023979801,0.013428688,2026,11,4036131,4.02663128,,,,
,,,10.03699399,0.09222276,0.004474715,0.683777349,0.01251105,0.007006188,2026,11,4912218,2.23608036,,,,
,,,21.19335244,0.082759781,0.002843668,2.198273508,0.040677024,0.022779133,2026,11,3045523,4.77537051,,,,
,,,31.27630461,0.16174706,0.007288268,2.411800682,0.044128631,0.024712033,2026,11,5220680,6.47622997,,,,
14.98908913,0.12072526,0.003044468,3.376626553,0.013194398,0.000686193,0.499309569,0.036930262,0.017417152,2026,11,4686468,3.15503866,,,,
,,,10.58697624,0.082288345,0.003649338,1.062169121,0.012025349,0.006734196,2026,11,4258595,2.6087445,,,,
,,,10.58268315,0.128133595,0.008957703,1.038046998,0.008841838,0.00495143,2026,11,3930086,2.87336283,,,,
17.23194398,0.139298041,0.00498,5.77616535,0.029517953,0.001091689,0.779423491,0.043287868,0.02058245,2026,11,4912274,4.06524887,,,,
12.07891614,0.089514622,0.00413,,,,,0.023745128,0.010922759,2026,11,4685555,1.73201783,,,,
18.79887197,0.121147718,0.006816563,7.881123277,0.038673362,0.001573544,1.051561,0.043748174,0.020897776,2026,11,4239934,4.65462367,,,,
,,,6.664295665,0.036320928,0.002510405,0.614157927,0.012283159,0.006878569,2026,11,4431268,1.71717751,,,,
0.731793428,0.004735038,0.000392729,10.87187889,0.098072185,0.008060648,0.745351172,0.013682447,0.00746152,2026,11,4431280,2.52490666,,,,
,,,1.829856328,0.014972885,0.000726495,0.212408974,0.002067661,0.00115789,2026,11,4596602,0.50301924,,,,
2.052711331,0.013818478,0.001146119,14.2230091,0.084657405,0.006958074,1.107009934,0.029825505,0.015933752,2026,11,4686472,3.39091069,,,,
0.614068421,0.003694293,0.000190873,1.965474758,0.006723386,0.000390753,0.200197077,0.005797099,0.003032965,2026,11,4430656,0.68926638,,,,
11.91665481,0.138904054,0.004018569,,,,,0.030506169,0.014032838,2026,11,4430871,2.00586527,,,,
,,,2.378023062,0.018568045,0.000823459,0.172014857,0.00314735,0.001762516,2026,11,4869748,0.58267772,,,,
0.550717394,0.003707872,0.000127,10.48380728,0.075418767,0.002904456,1.266912008,0.015816696,0.008710747,2026,11,16002,2.83418333,,,,
1.237776954,0.006553003,0.000338,3.234000469,0.022387372,0.001002887,0.449872258,0.006253243,0.003263224,2026,11,4911851,1.06701258,,,,
,,,9.871132991,0.067868468,0.002613686,0.675561157,0.00975998,0.005465589,2026,11,16731,2.06443886,,,,
,,,24.95766349,0.14825235,0.006941085,1.412053192,0.023806926,0.013331878,2026,11,2576581,4.8189491,,,,
,,,16.27242734,0.110696124,0.007060597,1.259521944,0.023045428,0.01290544,2026,11,4241983,3.53985774,,,,
,,,11.16063579,0.059612234,0.004297679,0.9120639,0.008878565,0.004971996,2026,11,4429148,2.38468685,,,,
19.98757102,0.173857357,0.00695,3.543359794,0.02642259,0.001290241,0.491947584,0.036520266,0.017137644,2026,11,4429676,4.02989154,,,,
,,,15.67057867,0.088222561,0.006564826,1.775984236,0.02161059,0.01210193,2026,11,4808766,3.86187386,,,,
,,,18.25382959,0.155257747,0.007533218,1.58845809,0.01353011,0.007576861,2026,11,4240472,4.34565725,,,,
,,,21.30220149,0.146581933,0.01013135,1.488480039,0.027234666,0.015251413,2026,11,4883647,4.48867166,,,,
,,,20.81860987,0.152041437,0.006186272,2.22577357,0.03785669,0.021199746,2026,11,4372780,5.19085823,,,,
6.067347741,0.03738705,0.00310092,7.906471506,0.041639106,0.003422358,0.936671961,0.023170411,0.011637082,2026,11,4362748,2.81814391,,,,
,,,21.89256359,0.053331226,0.002812686,1.637390783,0.029959281,0.016777197,2026,11,4685307,4.12758239,,,,
,,,22.36510663,0.223692842,0.010853738,1.568727469,0.028702951,0.016073652,2026,11,5082630,5.13771136,,,,
,,,4.470334464,0.043150681,0.001341977,0.522846833,0.006362122,0.003562788,2026,11,4427834,1.22451074,,,,
,,,4.276439466,0.012923201,0.000672089,0.409002309,0.007483501,0.00419076,2026,11,3051889,0.90734552,,,,
,,,25.13472113,0.183529117,0.008221552,1.760608309,0.032213787,0.018039721,2026,11,4879194,5.39044845,,,,
,,,2.557700168,0.015707867,0.000789379,0.20688589,0.003785384,0.002119815,2026,11,4879276,0.55434244,,,,
,,,2.192224309,0.018068977,0.000882326,0.23214633,0.002259849,0.001265515,2026,11,4372096,0.55907588,,,,
,,,6.029820304,0.03418155,0.001392806,0.585289429,0.005697551,0.003190628,2026,11,3052096,1.38991572,,,,
,,,10.49819482,0.054905037,0.002114451,0.706661387,0.012929758,0.007240665,2026,11,4431466,2.07600006,,,,
1.302120144,0.008512288,0.000592,,,,,0.004304214,0.001979938,2026,11,4698597,0.30069709,,,,
,,,2.290486981,0.005719655,0.000297459,0.186761463,0.003417168,0.001913614,2026,11,4061956,0.44698578,,,,
3.25679978,0.032662964,0.00131,1.875347059,0.009914113,0.000484116,0.255994961,0.007283368,0.003526402,2026,11,4383396,1.02139953,,,,
2.89720202,0.02391884,0.000691985,18.54393907,0.107264714,0.004833312,1.375385088,0.035115058,0.018669464,2026,11,4608810,4.35969678,,,,
,,,13.0951796,0.080549465,0.003771277,0.826554224,0.015123433,0.008469123,2026,11,4696882,2.61037228,,,,
,,,6.475365831,0.057929371,0.002142453,0.74870472,0.007288331,0.004081465,2026,11,4242392,1.74013211,,,,
2.562126661,0.013136639,0.000677025,2.996351264,0.024502099,0.00109762,0.476008651,0.010602747,0.005366741,2026,11,2576336,1.2689063,,,,
,,,20.5908974,0.154003481,0.007104628,1.410745107,0.020649882,0.011563934,2026,11,4567156,4.38548252,,,,
,,,2.395003272,0.012207479,0.000778637,0.180363038,0.003300096,0.001848054,2026,11,5150247,0.58199202,,,,
,,,13.97033777,0.115322113,0.004692233,1.237693987,0.023498112,0.013158943,2026,11,4567096,3.31034502,,,,
,,,6.186120626,0.021113993,0.001227114,0.593305982,0.010855698,0.006079191,2026,11,4565185,1.32918465,,,,
,,,6.780254093,0.039626419,0.001361584,0.783742294,0.009901124,0.005544629,2026,11,4426844,1.69142173,,,,
,,,5.459655619,0.045834771,0.001425452,0.439035495,0.008033017,0.004498489,2026,11,5092508,1.25407541,,,,
,,,9.979794439,0.083489498,0.003851613,0.758523917,0.015170478,0.008495468,2026,11,4361577,2.26295919,,,,
,,,6.809562873,0.034330596,0.001401107,0.504497839,0.009230779,0.005169236,2026,11,4685553,1.38414504,,,,
,,,6.796861304,0.05712131,0.001776461,0.818526274,0.010486557,0.005872472,2026,11,3127310,1.83302484,,,,
,,,4.840508178,0.029457691,0.001438448,0.349077574,0.006981551,0.003909669,2026,11,4426485,1.0051163,,,,
,,,6.828688073,0.05706605,0.002786591,0.698039384,0.008493906,0.004756587,2026,11,4360967,1.7195889,,,,
,,,6.607436391,0.049715037,0.002204771,0.606326176,0.007377918,0.004131634,2026,11,4685504,1.56170131,,,,
,,,4.834109452,0.027752995,0.001299378,0.329078585,0.006021139,0.003371838,2026,11,4690143,1.0665036,,,,
,,,8.572514737,0.082713974,0.006798341,0.82669514,0.008047535,0.00450662,2026,11,3911853,2.1850263,,,,
,,,15.0122301,0.124903743,0.005847917,1.368846792,0.016656447,0.00932761,2026,11,4432260,3.61297267,,,,
,,,2.07252394,0.019375826,0.001354546,0.203890612,0.002480988,0.001389354,2026,11,4573699,0.52739375,,,,
,,,3.304466095,0.013785468,0.000993848,0.430519624,0.003700959,0.002072537,2026,11,2975417,0.84161946,,,,
,,,12.32335211,0.082234087,0.003356153,1.236893932,0.015050814,0.008428456,2026,11,4241263,2.95288626,,,,
0.708900534,0.004749986,0.000163,10.2739101,0.052788525,0.002032942,0.706599337,0.015296701,0.008329345,2026,11,4575665,2.21664687,,,,
4.225206733,0.023945293,0.001664071,1.852685991,0.010685675,0.000536995,0.259173836,0.010317009,0.004968623,2026,11,5081999,1.0694862,,,,
,,,9.696159236,0.067950259,0.005056321,1.228055587,0.011954613,0.006694583,2026,11,4361372,2.60241214,,,,
,,,7.99928993,0.031432476,0.001657747,0.771858912,0.009392159,0.005259609,2026,11,4880236,1.75342684,,,,
,,,4.159211651,0.028032097,0.001079546,0.401865211,0.00488999,0.002738394,2026,11,4040612,0.98279026,,,,
,,,4.235709577,0.017242402,0.000776937,0.36749877,0.006724112,0.003765503,2026,11,5097554,0.91244498,,,,
,,,2.232212853,0.012592276,0.000654879,0.209599523,0.002763122,0.001547348,2026,11,2998565,0.50666273,,,,
,,,6.112708707,0.071186155,0.005850859,0.657480806,0.00800038,0.004480213,2026,11,4383440,1.6988211,,,,
,,,1.989132816,0.013203623,0.000494452,0.219523361,0.002671211,0.001495878,2026,11,4426496,0.49572633,,,,
,,,2.052283517,0.017667984,0.000815075,0.218622941,0.002660255,0.001489743,2026,11,4690923,0.52858006,,,,
,,,6.167879488,0.044611941,0.002462062,0.664951058,0.009733269,0.00545063,2026,11,4035656,1.54369032,,,,
,,,3.668053997,0.029974259,0.001403377,0.368259353,0.003584853,0.002007517,2026,11,3052897,0.91379683,,,,
,,,5.231415279,0.025077482,0.001023467,0.662951778,0.008347544,0.004674625,2026,11,3917668,1.32947608,,,,
,,,10.64332963,0.115724475,0.004333673,1.150679474,0.013253254,0.007421822,2026,11,3843945,2.90353279,,,,
,,,11.04424702,0.096899166,0.004340791,1.039142109,0.012644523,0.007080933,2026,11,4686248,2.71981512,,,,
3.135040088,0.018876167,0.001448739,1.721316861,0.009615414,0.000613306,0.225390125,0.006674881,0.00322545,2026,11,4241961,0.8798249,,,,
,,,7.249122459,0.044094493,0.001651259,0.517683693,0.00947204,0.005304342,2026,11,4430681,1.50010693,,,,
,,,8.68285441,0.029837904,0.00157365,0.673529021,0.012323537,0.00690118,2026,11,4369466,1.71051203,,,,
,,,4.064494261,0.039582423,0.001826052,0.421564448,0.007011097,0.003926214,2026,11,4048228,1.06149289,,,,
,,,9.142198729,0.089552671,0.003643725,0.965678069,0.011750596,0.006580334,2026,11,4683243,2.41165095,,,,
,,,3.723588052,0.020941275,0.001217075,0.456991223,0.005560776,0.003114034,2026,11,4708049,0.95135076,,,,
,,,1.760291393,0.008941644,0.000734922,0.230352855,0.001980227,0.001108927,2026,11,3929914,0.45933611,,,,
,,,2.070255588,0.011186431,0.000581766,0.203967316,0.002481922,0.001389876,2026,11,4722908,0.47656064,,,,
,,,6.595036354,0.03988023,0.001627599,0.561565273,0.011231305,0.006289531,2026,11,4362477,1.56450317,,,,
,,,5.034839666,0.036766962,0.00150054,0.292991877,0.005268079,0.002950124,2026,11,3051738,1.01431765,,,,
,,,4.30516931,0.030963711,0.001974977,0.431490724,0.00525048,0.002940269,2026,11,4045305,1.04599794,,,,
,,,2.053576792,0.0176194,0.000812834,0.209393654,0.002547951,0.001426852,2026,11,4361088,0.5193069,,,,
,,,11.24705403,0.03706132,0.002561579,1.185320809,0.014008026,0.007844495,2026,11,4361516,2.5221979,,,,
1.329535732,0.011273192,0.000284,,,,,0.004631155,0.002130331,2026,11,4683151,0.19702246,,,,
,,,4.550998123,0.018972431,0.001367797,0.366192982,0.00670022,0.003752123,2026,11,4257188,1.18468594,,,,
,,,1.918950731,0.013383482,0.000603055,0.203641407,0.002477956,0.001387655,2026,11,4372505,0.47433357,,,,
,,,4.251203591,0.027145321,0.000932727,0.49007293,0.005963322,0.00333946,2026,11,4239944,1.07340895,,,,
,,,4.719629012,0.024270334,0.001548049,0.382593961,0.007000308,0.003920173,2026,11,4401805,1.02218778,,,,
,,,2.176942028,0.015430953,0.000577861,0.218988928,0.002664708,0.001492237,2026,11,4362504,0.5275103,,,,
,,,8.730497792,0.077755564,0.002418182,1.118718796,0.013296112,0.007445823,2026,11,3050481,2.44859768,,,,
,,,2.149038657,0.024595604,0.001193397,0.194641624,0.002368445,0.001326329,2026,11,4431196,0.55691565,,,,
100.2286012,0.998209309,0.035745364,39.14882957,0.231090317,0.008557863,4.743841249,0.207574197,0.099431908,2026,12,4429795,25.95260272,,,,
,,,82.3560754,0.593116702,0.021964622,7.063046194,0.075280089,0.04215685,2026,12,4374302,18.81895549,,,,
1.369565627,0.016127485,0.000645121,83.98318756,0.602972499,0.029470454,7.464195532,0.092013426,0.051220875,2026,12,4241389,19.67429015,,,,
29.60297117,0.797765169,0.0284,,,,,0.665249089,0.317022096,2026,12,3918298,21.28331073,246.2011144,1.389108,0.097951719,0.752146609
92.65667449,0.561401133,0.0197,31.16817469,0.147615919,0.00945177,3.193395376,0.249342204,0.118316554,2026,12,4430807,19.65825304,,,,
,,,93.8586903,0.573140518,0.020476568,7.610482654,0.123945355,0.069409399,2026,12,4430878,20.34059913,,,,
63.85545895,0.631839526,0.021545091,35.88882564,0.201076871,0.007712692,4.437651377,0.119526363,0.057660188,2026,12,3117251,19.35592941,,,,
0.655884986,0.005315731,0.000278,91.84848136,0.892284355,0.027637964,7.902876393,0.122062977,0.068179014,2026,12,4362628,22.46160944,,,,
4.975964537,0.092969222,0.003399362,94.24691716,0.657180823,0.02381211,7.042137644,0.117715347,0.064703148,2026,12,4426515,21.39345073,,,,
95.88566735,0.930235793,0.023228088,21.6044911,0.073718613,0.003796132,2.699064222,0.213486389,0.100672141,2026,12,4242335,20.33014466,,,,
80.54409975,0.709286311,0.025250393,16.01448809,0.090543542,0.006384598,2.141612294,0.265640887,0.1250383,2026,12,4379399,16.41666358,,,,
,,,65.43626126,0.674885936,0.022696003,7.19348589,0.072600733,0.040656411,2026,12,4361307,17.75242082,,,,
92.19761837,1.078523827,0.028841268,12.64261759,0.06265458,0.002942423,1.498485501,0.160574583,0.074898,2026,12,3043078,18.74759292,,,,
,,,78.10559964,0.51326929,0.029469009,6.408101127,0.091206844,0.051075833,2026,12,4262921,17.25746918,,,,
,,,65.08628751,0.491623189,0.03127211,5.793711176,0.04934946,0.027635697,2026,12,4432665,15.26065389,,,,
38.30525175,0.252549536,0.00675,,,,,0.476309103,0.226987752,2026,12,3916387,19.46870044,246.052561,1.399538,0.065725963,0.510476405
90.43402144,1.03061843,0.0411,25.82853025,0.213832014,0.010419636,3.038246919,0.114963379,0.0544283,2026,12,4567048,22.12842342,,,,
64.72394581,0.394041014,0.0302,33.25275532,0.176389093,0.011220095,3.885693696,0.114344165,0.054826238,2026,12,4890973,17.08215017,,,,
,,,81.27773625,0.427861788,0.02142723,6.688006014,0.103954603,0.058214577,2026,12,4361370,17.31211767,,,,
1.533249015,0.0098146,0.000343793,76.93614584,0.243012798,0.015559983,5.299352399,0.091718841,0.050887688,2026,12,4426502,14.59571245,,,,
74.4525599,0.539312877,0.028177883,26.05989447,0.159684621,0.004946134,4.229285302,0.131852993,0.063350107,2026,12,4362238,18.41754355,,,,
1.284087269,0.010923225,0.000396226,75.71132747,0.552505967,0.020725951,5.909829222,0.090965715,0.050591503,2026,12,4258173,16.9334072,,,,
,,,62.55046325,0.449102816,0.021950029,4.688443333,0.093768867,0.052510565,2026,12,4426354,13.57946348,,,,
72.13049035,0.956248808,0.038251227,16.26646471,0.086129917,0.004209624,2.825051302,0.195185258,0.092399112,2026,12,4361579,17.82429664,,,,
78.67371376,0.487082063,0.0155,16.3031654,0.102789293,0.004169627,1.989401615,0.114863843,0.054066129,2026,12,3929630,14.96055466,,,,
,,,70.43872996,0.647477077,0.023460507,4.406908867,0.059877093,0.033531172,2026,12,16800,15.317081,,,,
,,,67.4346421,0.403180188,0.029732394,6.308943287,0.118549972,0.066387984,2026,12,4569618,15.40130945,,,,
3.334704009,0.028443695,0.000761,84.24434565,0.322601644,0.015150217,5.618803665,0.104578786,0.057596125,2026,12,4429615,16.40237085,,,,
70.54582184,0.789794914,0.0289,21.72883944,0.205596792,0.007449538,3.380225249,0.185536109,0.088778747,2026,12,4430737,18.4800792,,,,
2.033854246,0.044842779,0.001119729,43.20830758,0.276129946,0.014219282,5.11255539,0.063885684,0.035162323,2026,12,4431459,11.5246473,,,,
67.04763238,0.47243507,0.0203,18.29701933,0.117399464,0.003948073,2.495612345,0.128182776,0.060680358,2026,12,4870808,14.49960415,,,,
,,,72.70075431,0.402340315,0.016320852,6.223895164,0.089339452,0.050030093,2026,12,4241478,15.842952,,,,
,,,62.26867371,0.347041108,0.02475267,4.649696062,0.068790533,0.038522698,2026,12,4595348,12.93308803,,,,
,,,74.03152479,0.459694076,0.018876077,5.431183647,0.108623673,0.060829257,2026,12,4685472,15.51146222,,,,
64.50666675,0.503696539,0.0162,9.38450248,0.03793185,0.001557433,1.34605339,0.241863377,0.113241016,2026,12,4685382,11.80033348,,,,
,,,65.93513932,0.527008439,0.02568014,5.558194324,0.111163886,0.062251776,2026,12,4428331,15.24354962,,,,
67.59160478,0.402046824,0.026582109,13.7506364,0.047581537,0.003393748,1.735234379,0.326114243,0.153164281,2026,12,4696981,12.32943182,,,,
12.80233464,0.151483717,0.007914683,,,,,0.482848768,0.231054007,2026,12,3915511,21.57986882,274.6189198,2.492172,0.077193509,0.641770056
69.544864,0.639854995,0.0386,23.97794154,0.119693458,0.008826756,2.947982459,0.152300039,0.072293128,2026,12,4427366,16.81184099,,,,
26.28952096,0.470859646,0.015005608,,,,,0.482520349,0.230230975,2026,12,4040715,19.42371205,242.4803697,1.474134,0.059797943,0.664006929
,,,64.19953934,0.423921167,0.016260315,4.860079837,0.046289707,0.025922236,2026,12,3040151,13.80546093,,,,
,,,67.29417576,0.514204652,0.015927176,4.900674928,0.0679078,0.038028368,2026,12,4239993,14.67291203,,,,
21.03478518,0.220795838,0.007528916,,,,,0.367477748,0.175534689,2026,12,4361741,18.68334254,254.761027,1.68468,0.064619154,0.738509425
83.11072668,0.423495529,0.012352193,18.67375495,0.094845271,0.004308662,2.514198484,0.195255433,0.092180502,2026,12,4596448,15.65680615,,,,
61.99451869,0.591432464,0.016866895,18.41906343,0.063631887,0.002826417,2.18866595,0.19258682,0.091239048,2026,12,4259545,14.0224008,,,,
,,,49.4257537,0.473310566,0.017527896,4.623607086,0.03938279,0.022054362,2026,12,4430027,12.39803092,,,,
0.755321786,0.005450147,0.000158966,50.66300715,0.265897921,0.012079297,3.156101824,0.048253758,0.026816495,2026,12,4567750,9.89813866,,,,
69.36508283,0.552052485,0.030626603,21.20101807,0.126453721,0.006373799,2.86593808,0.08221994,0.039053023,2026,12,4685702,15.99165216,,,,
18.50694912,0.202505608,0.008076106,,,,,0.333806022,0.159611573,2026,12,3139477,19.56018845,251.5819294,1.95953,0.095484247,0.651827424
,,,69.60790068,0.364414256,0.019560155,4.968245819,0.079745901,0.044657705,2026,12,4047646,14.06743232,,,,
,,,50.35343271,0.2760809,0.011335526,4.050818313,0.066013136,0.036967356,2026,12,4612826,10.69312332,,,,
,,,51.85784181,0.343691019,0.016747423,4.221477087,0.052159373,0.029209249,2026,12,15847,11.44586373,,,,
,,,62.94777056,0.365921624,0.011608938,4.601341153,0.074800096,0.041888054,2026,12,4248528,13.03306372,,,,
0.695887341,0.004755802,0.000243928,62.62116237,0.550066158,0.024523471,4.415896393,0.091258575,0.050810737,2026,12,4432620,14.2589631,,,,
0.72122134,0.003630706,0.00030564,56.40138817,0.195310252,0.016292945,4.518688904,0.068552673,0.038207728,2026,12,4372016,11.38318932,,,,
2.525541716,0.027660073,0.000985,63.27911644,0.320282763,0.022584455,4.613788132,0.077798857,0.042792379,2026,12,3915416,13.24551712,,,,
13.47254291,0.155627379,0.00623,,,,,0.348939435,0.166922567,2026,12,2577417,18.54608148,249.3214818,1.877924,0.091784075,0.545457687
71.27392578,0.442375634,0.0251,13.9543698,0.095560818,0.003923943,2.170375678,0.13260039,0.06248976,2026,12,4241416,13.85739031,,,,
53.84380921,0.547452817,0.019858147,13.05611344,0.046364384,0.00173925,1.871784182,0.101647425,0.048018887,2026,12,4035538,12.07451867,,,,
37.87474087,0.22541661,0.011505457,22.70391664,0.119816834,0.006879202,2.791110149,0.13994406,0.067459309,2026,12,3042519,10.82592326,,,,
74.72580081,0.53582248,0.0275,14.97097339,0.093358245,0.004162169,1.820414571,0.157213017,0.073766452,2026,12,4882093,14.48511978,,,,
,,,47.74159896,0.465258551,0.023450985,4.419945793,0.052234565,0.029251356,2026,12,5083076,11.97543625,,,,
,,,65.81293775,0.524788544,0.024041886,4.212688471,0.062135565,0.034795917,2026,12,3121422,13.92284345,,,,
61.62052389,0.22600132,0.0261,25.70707558,0.143636769,0.007906519,3.086236803,0.170429076,0.081646595,2026,12,4569987,13.94604513,,,,
,,,61.83468372,0.406274815,0.015583455,4.372953518,0.056008242,0.031364616,2026,12,16737,12.96398446,,,,
,,,41.69764522,0.351505574,0.015613262,3.586283419,0.034910986,0.019550152,2026,12,4723086,9.85813161,,,,
,,,51.81806378,0.277275647,0.010268223,3.507076137,0.050313695,0.028175669,2026,12,4426388,10.31804751,,,,
3.00999032,0.02687987,0.000766579,57.66386883,0.307737261,0.01366915,4.580494797,0.087258493,0.047947372,2026,12,4685278,12.59086421,,,,
33.35765905,0.147126696,0.00832,,,,,0.771927249,0.368190355,2026,12,4431452,17.05999252,243.6242497,1.387648,0.074482844,0.951860266
45.25560751,0.332741911,0.0188,23.16681675,0.120614436,0.006474053,2.786514358,0.176057918,0.084515729,2026,12,4569173,12.23506151,,,,
,,,55.99992231,0.309944012,0.022106724,4.876073149,0.07636233,0.042762905,2026,12,4361050,12.29643309,,,,
,,,44.13683483,0.180868349,0.012753771,3.820775052,0.056178117,0.031459746,2026,12,4385690,9.28373868,,,,
3.062650325,0.049145132,0.001796961,,,,,0.355865563,0.170483842,2026,12,12483,18.32146358,262.1114637,2.243934,0.081306091,0.787262607
,,,57.26077077,0.352763631,0.019417956,3.580870157,0.0596802,0.033420912,2026,12,4047650,11.39710111,,,,
16.85980676,0.22510802,0.011545943,,,,,0.370487652,0.177013864,2026,12,4360310,19.59735902,243.4772072,2.070948,0.092328589,0.6628257
,,,71.88868904,0.56206075,0.018901761,5.35080562,0.077025792,0.043134444,2026,12,4360761,15.86560766,,,,
,,,54.88580554,0.381614885,0.016950665,3.471537733,0.061966573,0.034701281,2026,12,4431299,11.21594437,,,,
54.55899356,0.293575887,0.020331346,18.2788773,0.094275062,0.004721276,2.410628279,0.107023264,0.050936212,2026,12,4239996,11.97257988,,,,
51.38349414,0.300683393,0.017004751,9.85826524,0.043399254,0.002329481,1.3718649,0.093447605,0.043953832,2026,12,4432710,9.51376352,,,,
29.25397658,0.267521826,0.00763,,,,,0.524179088,0.250293931,2026,12,4431611,18.43321012,239.4456061,1.455064,0.064631395,0.576596832
,,,72.76515448,0.174796856,0.01265623,5.232098383,0.095731518,0.05360965,2026,12,4871023,13.47801413,,,,
1.004239516,0.003755551,0.000211839,61.09431384,0.259055932,0.008218602,4.211530552,0.064429838,0.035802384,2026,12,4701936,11.9452089,,,,
3.15244483,0.050518059,0.001809026,,,,,0.520773954,0.249493582,2026,12,3046779,17.73498611,268.5115899,1.937996,0.071768928,0.518861534
0.673409763,0.006008071,0.000339,43.95597465,0.158641234,0.005032925,4.459678033,0.058846736,0.032713531,2026,12,4572680,9.85738309,,,,
59.39025025,0.269417049,0.013037078,14.42157431,0.019970822,0.001445995,2.452429397,0.116011869,0.05496011,2026,12,3916148,11.49204501,,,,
49.53523564,0.243244693,0.0134,,,,,0.492959596,0.234573575,2026,12,4426348,21.99409312,242.4889989,1.803774,0.082635434,0.534749137
17.8755358,0.200638811,0.013895069,,,,,0.666468963,0.318677413,2026,12,4360689,18.10614035,259.6884118,1.64934,0.082598609,0.72167755
,,,51.63486658,0.334031668,0.015302833,4.354027729,0.068603271,0.038417832,2026,12,2976212,11.4772864,,,,
,,,60.38030674,0.354792469,0.01456858,5.300220145,0.088980674,0.049829178,2026,12,4695883,13.47103691,,,,
10.11715381,0.086917434,0.002963797,43.68234492,0.324182621,0.01243465,3.510410682,0.106067665,0.055811947,2026,12,3126486,11.31980735,,,,
14.64302483,0.132055223,0.007498625,,,,,0.426324569,0.204022582,2026,12,4685720,16.93647597,248.70322,1.57514,0.064678807,0.658218174
,,,44.48593382,0.208674235,0.010745658,3.971833288,0.05633657,0.031548479,2026,12,4688813,9.63235444,,,,
0.718083347,0.006312893,0.000322,50.7681499,0.267171714,0.015339483,3.733988347,0.049445139,0.02752721,2026,12,4429205,10.50109586,,,,
49.01171701,0.257481721,0.0145,15.88844349,0.065958861,0.002092558,2.481165683,0.154791727,0.073759386,2026,12,4047365,10.80157757,,,,
49.9574706,0.45730184,0.013,11.08757684,0.054570288,0.002423917,1.338536841,0.052014782,0.024502136,2026,12,4608686,10.49749192,,,,
,,,42.31756171,0.368218082,0.017292484,4.264131788,0.054860568,0.030721918,2026,12,3116365,10.67978358,,,,
,,,44.22908199,0.354929235,0.029608494,3.217175805,0.053946476,0.030210027,2026,12,3128429,9.76987835,,,,
46.47847118,0.268347924,0.011029752,12.87174883,0.073782387,0.00263602,1.616202548,0.110659645,0.052292804,2026,12,4685512,9.52967435,,,,
,,,49.42477143,0.334586251,0.013572423,4.640273426,0.055224923,0.030925957,2026,12,3121023,11.55701901,,,,
65.06399019,0.359685585,0.030279091,6.400841357,0.026201409,0.002185743,1.005655313,0.069601489,0.032467427,2026,12,4241985,10.46929125,,,,
,,,41.41635074,0.338152512,0.016934608,4.126105006,0.062410196,0.03494971,2026,12,3929645,10.26227495,,,,
,,,24.20517623,0.27430811,0.013406888,2.993482906,0.053671735,0.030056172,2026,12,4242355,7.02796662,,,,
18.46819889,0.173886294,0.014638115,,,,,0.507166231,0.242302828,2026,12,4426338,15.59588686,234.3048258,1.232406,0.102808339,0.679867541
0.77348928,0.007263587,0.000372554,43.20978199,0.43686367,0.019476591,3.776871715,0.060893963,0.033872444,2026,12,3916433,10.81352379,,,,
,,,33.70845664,0.087362809,0.005593795,2.60883316,0.022221423,0.012443997,2026,12,4360248,6.49074207,,,,
22.41486986,0.139733606,0.0118,30.31904006,0.177953044,0.014844992,4.150725807,0.080161988,0.040352719,2026,12,4568490,11.33416143,,,,
,,,35.18769735,0.177798066,0.009786936,3.446649938,0.058231387,0.032609577,2026,12,4035687,7.98809879,,,,
,,,55.71239354,0.427849591,0.021565416,3.90191692,0.071393235,0.039980212,2026,12,4832800,12.00530823,,,,
,,,28.00089861,0.281144651,0.009454724,1.8745933,0.02921676,0.016361386,2026,12,4432708,6.34851174,,,,
,,,46.77654646,0.38187665,0.018608138,3.283274168,0.042051765,0.023548989,2026,12,4683062,10.24341701,,,,
52.74124094,0.376932153,0.0208,5.491704749,0.034415022,0.001576639,0.685042896,0.179358311,0.08344329,2026,12,4575131,8.85902121,,,,
38.70176119,0.152973484,0.0177,10.34101006,0.061820309,0.003402913,1.457072655,0.079744795,0.037822701,2026,12,4038815,7.61877896,,,,
47.25518415,0.385956732,0.0141,6.859177533,0.035860837,0.001299372,0.956337975,0.079468962,0.037231518,2026,12,4429096,8.85711527,,,,
55.08700288,0.443439594,0.011298947,11.943718,0.043585498,0.002290284,1.673142833,0.089851713,0.042338609,2026,12,4711533,11.24323672,,,,
26.9808642,0.16826661,0.01165316,14.67272465,0.048940103,0.00245091,2.247822977,0.065519652,0.031827675,2026,12,3054850,7.68270293,,,,
22.64502131,0.121616309,0.00392,,,,,0.566315657,0.270449589,2026,12,4038941,14.17427066,217.4979986,1.158126,0.04755116,0.864668206
29.30490335,0.282038741,0.017,8.961291749,0.04799796,0.003539594,1.240230878,0.067109548,0.031835571,2026,12,4685247,7.02624864,,,,
,,,29.64138283,0.245904984,0.012314871,2.875588953,0.042091639,0.023571318,2026,12,4569559,7.29375425,,,,
,,,35.51149173,0.289603968,0.012911346,2.362786912,0.034835416,0.019507833,2026,12,4432773,7.63928492,,,,
19.67994386,0.116265724,0.00339,16.95733698,0.10888242,0.004946346,2.387252104,0.058886505,0.029130412,2026,12,4371733,7.39232628,,,,
1.285291448,0.006523111,0.000316,41.71533285,0.06249309,0.004524835,4.340022697,0.063216338,0.03506929,2026,12,4569587,8.99539342,,,,
,,,39.34120494,0.261763782,0.014050329,2.864780144,0.054977577,0.030787443,2026,12,4361432,8.3374611,,,,
,,,38.03932831,0.176559627,0.010137052,4.772711229,0.049860627,0.027921951,2026,12,4036133,9.60174602,,,,
27.135781,0.178353688,0.00983,15.24686256,0.115727832,0.005301784,2.13592963,0.077980271,0.037808098,2026,12,4697815,8.13115373,,,,
,,,54.08324567,0.274494917,0.014135087,3.570828113,0.052347365,0.029314524,2026,12,4360078,10.59714331,,,,
,,,45.32152236,0.228614994,0.016120584,4.091460731,0.070722891,0.039604819,2026,12,4373678,9.95020046,,,,
26.31306334,0.176829468,0.009025527,,,,,0.417579334,0.199431499,2026,12,3917315,15.53503567,217.2359028,1.21908,0.069992653,0.746608472
49.1944012,0.418080702,0.0172,15.08420213,0.047404335,0.001693613,2.183834421,0.049734478,0.023628792,2026,12,4426385,11.39644862,,,,
2.465141852,0.018887993,0.000551,31.81373838,0.086097899,0.003911283,2.929830793,0.052497095,0.028738249,2026,12,3116165,6.94046824,,,,
0.337167891,0.010413432,0.000628506,39.22556577,0.246858282,0.018204485,3.83327487,0.048248472,0.026858715,2026,12,5083315,9.31839907,,,,
53.28915657,0.399629391,0.020397426,6.295806306,0.026397624,0.001515602,0.957911894,0.140151555,0.065438016,2026,12,4360569,9.3892223,,,,
4.12339738,0.030419871,0.001687625,46.870391,0.213206717,0.010746514,4.064725097,0.087499755,0.0476871,2026,12,4870653,10.65150692,,,,
1.32681051,0.01116467,0.000355802,34.09880723,0.218970907,0.00888251,2.521871324,0.050611193,0.027895408,2026,12,4870795,7.40927037,,,,
6.481638042,0.041167851,0.00169,,,,,0.452880343,0.216766754,2026,12,3912547,14.73156614,246.1564662,1.481172,0.052917772,0.811086728
30.51931835,0.215439002,0.007814773,12.9291282,0.074390597,0.002790587,1.666013212,0.078356161,0.037391058,2026,12,4429059,7.71254925,,,,
,,,43.85402308,0.268240313,0.010881113,3.24095517,0.064477148,0.036107203,2026,12,4428850,9.18705118,,,,
,,,35.8242716,0.142599675,0.005349289,3.86628571,0.044492429,0.02491576,2026,12,3117256,8.26635398,,,,
7.470631059,0.03964786,0.002236412,,,,,0.672677784,0.32224195,2026,12,4036378,13.11963508,242.7802965,1.15815,0.036742545,0.830180528
2.804549239,0.018188985,0.000586714,35.96926261,0.186895197,0.007673676,2.099514885,0.038749081,0.020897667,2026,12,4429025,7.18314661,,,,
10.66402536,0.042460158,0.002395045,2.959902699,0.019931778,0.00063234,0.552671423,0.027635141,0.013187268,2026,12,4429023,2.26982808,,,,
,,,35.93679993,0.153371027,0.006812472,3.576671619,0.071533432,0.040058722,2026,12,2973405,8.12236234,,,,
,,,32.59597159,0.212502806,0.011406216,3.020435939,0.029667057,0.016613552,2026,12,3046439,7.54542126,,,,
,,,34.04079382,0.197912639,0.01019149,3.685844758,0.066002515,0.036961408,2026,12,15818,8.22560014,,,,
13.10185077,0.072298469,0.002622534,,,,,0.502130736,0.240313239,2026,12,4432577,16.20697906,249.6667294,1.451048,0.054432625,0.487300925
17.86517399,0.087910549,0.00425,14.94535119,0.044324887,0.00320936,2.004914062,0.054237191,0.026603322,2026,12,4428557,6.04252527,,,,
39.01560993,0.247816636,0.00868,6.514075894,0.040953746,0.002622247,0.854880683,0.090875649,0.04259354,2026,12,4241474,7.09080561,,,,
,,,42.20178135,0.214939537,0.013672286,2.953481263,0.037827819,0.021183579,2026,12,4428718,8.44927003,,,,
,,,47.21183179,0.329579611,0.016505279,3.47560655,0.063341769,0.035471391,2026,12,4880281,10.13800917,,,,
3.089083088,0.018052146,0.000742,41.93693343,0.19713548,0.007043051,2.58680784,0.061969291,0.033679489,2026,12,4032473,8.64174298,,,,
19.23923197,0.129963076,0.00379,,,,,0.58914273,0.281586573,2026,12,3052587,13.00935196,211.2843358,0.906776,0.041193313,0.657580305
31.80343238,0.282190791,0.012149209,13.76600519,0.062414535,0.002098963,1.819021258,0.034009873,0.01627003,2026,12,4373626,8.44045326,,,,
24.96201921,0.174325961,0.00594,3.482261744,0.021432017,0.000822066,0.46736755,0.056863239,0.026558862,2026,12,4696044,4.44824992,,,,
8.509527309,0.075456474,0.001922649,47.61564547,0.15019455,0.007892261,3.655495383,0.104930259,0.05557891,2026,12,4569603,10.65755777,,,,
,,,28.02818236,0.219759013,0.009023802,2.759734557,0.023506765,0.013163789,2026,12,2576925,6.8734449,,,,
20.20035172,0.142959621,0.00456,12.61939458,0.051955375,0.002107559,1.648204429,0.058774468,0.028576722,2026,12,4431545,6.10374827,,,,
12.98509231,0.150970021,0.006499739,,,,,0.385191165,0.184266436,2026,12,2578570,17.63703654,230.5348828,1.956204117,0.065785954,0.699841557
,,,53.79440976,0.338342692,0.024950974,3.34833072,0.066966614,0.037501304,2026,12,4597500,10.73449719,,,,
,,,36.77818762,0.274215223,0.019336043,2.791208778,0.04727309,0.02647293,2026,12,4635008,8.1012931,,,,
,,,41.65726098,0.328454718,0.01464342,3.68233373,0.052013847,0.029127754,2026,12,4430539,9.79119347,,,,
13.0132641,0.207752607,0.005187605,,,,,0.598465959,0.286234688,2026,12,3917792,13.16320021,211.1443764,1.09701,0.056490413,0.892561781
,,,33.56609779,0.206441939,0.009695053,2.264050624,0.034104559,0.019098553,2026,12,4360939,6.84140504,,,,
34.20983309,0.162841075,0.005252694,12.85451789,0.07876486,0.003233984,1.782575266,0.068756982,0.033004732,2026,12,4596334,7.9152244,,,,
29.14532778,0.156174687,0.012,3.57404601,0.019192355,0.001220824,0.459789218,0.060028644,0.028008434,2026,12,4686658,4.75593763,,,,
0.59259928,0.006756668,0.000782,32.30263882,0.235610841,0.012969253,3.369580805,0.049771203,0.027554041,2026,12,4361411,8.08701809,,,,
40.71928612,0.236101518,0.00602,9.346052485,0.042323558,0.002223973,1.228218487,0.130947171,0.061692575,2026,12,4682745,7.83485613,,,,
,,,24.42002888,0.25949439,0.009402449,2.093122017,0.025469597,0.014262974,2026,12,4570037,6.08304219,,,,
19.19423343,0.185845962,0.007411704,7.758696071,0.052281442,0.002547577,0.97442361,0.047194168,0.02254698,2026,12,4832955,5.08887351,,,,
33.38829896,0.272117271,0.014,1.817773191,0.013254984,0.000590944,0.227740285,0.059801476,0.027675428,2026,12,4362619,5.43599006,,,,
,,,41.43275862,0.163329672,0.008582471,2.982124965,0.054563834,0.030555747,2026,12,4869645,8.06287231,,,,
,,,22.80427072,0.343999347,0.01065517,2.394013445,0.024692262,0.013827667,2026,12,3116164,6.73274561,,,,
,,,32.403013,0.168020634,0.010687778,3.36311578,0.038441707,0.021527356,2026,12,4429086,7.59087573,,,,
,,,42.03251655,0.245784344,0.013529256,3.091428944,0.056563765,0.031675709,2026,12,4431492,8.73458776,,,,
,,,22.03447719,0.152445778,0.007683907,1.59486252,0.023957861,0.013416402,2026,12,4241463,4.70214992,,,,
1.984625021,0.010505685,0.000728,5.706894636,0.025378909,0.001270971,0.783478969,0.011894498,0.006219453,2026,12,4599739,1.75981133,,,,
36.18871945,0.175998673,0.009764002,,,,,0.640879512,0.305509404,2026,12,3122840,18.45172488,224.3013535,1.598805,0.080586485,0.588507706
6.807998668,0.037636528,0.00435,,,,,0.48689452,0.233302501,2026,12,8439,14.55429064,236.3452664,1.501032,0.082624654,0.765225678
,,,26.80203855,0.165530891,0.005913915,2.243385581,0.037797186,0.021166424,2026,12,2977187,5.88726576,,,,
,,,22.69620637,0.124010824,0.006656356,1.868506024,0.026978069,0.015107719,2026,12,2991662,4.86600288,,,,
13.09757746,0.097144942,0.0026,11.2989209,0.056579711,0.002657131,1.260159006,0.041178542,0.020118168,2026,12,4038441,4.59352069,,,,
,,,14.37258498,0.049454583,0.003580777,1.001857532,0.016227793,0.009087564,2026,12,3925357,2.72525835,,,,
27.52013901,0.196502414,0.00501,,,,,0.681391603,0.32509938,2026,12,4242512,13.78114189,210.3371518,0.7785,0.040907777,0.568504682
,,,23.27635066,0.144235962,0.00541067,1.808069886,0.026465752,0.014820821,2026,12,4429022,4.98299642,,,,
11.52484418,0.101558082,0.006129574,,,,,0.525633813,0.251417679,2026,12,15864,15.76917767,241.884011,1.437298,0.105993081,0.576238816
8.047854809,0.029097247,0.00164,2.97539486,0.012516086,0.000397075,0.531860539,0.014642547,0.007055621,2026,12,3149687,1.87421481,,,,
0.809362882,0.017379378,0.000714,31.91340405,0.260106329,0.009292808,3.086899409,0.056073068,0.030971775,2026,12,4576297,7.98364241,,,,
30.96144108,0.162796544,0.010763611,3.304993031,0.008321229,0.000593511,0.43395339,0.056638744,0.026365774,2026,12,4241457,4.85878014,,,,
,,,37.48474502,0.188226586,0.013425241,2.55114871,0.046678277,0.026139835,2026,12,4682648,7.40478354,,,,
21.61252076,0.173687172,0.00907,11.62317714,0.059609566,0.00184637,1.436103465,0.062089066,0.030030535,2026,12,3116389,6.12286335,,,,
7.874535735,0.07859163,0.00275,,,,,0.355806709,0.17034587,2026,12,4360423,12.11072554,223.5452096,0.828576,0.053053288,0.592362517
,,,9.51730324,0.053829909,0.003090608,0.959074491,0.016433548,0.009202787,2026,12,3886598,2.22199371,,,,
,,,25.09647713,0.176101895,0.011201827,1.718179059,0.029340649,0.016430764,2026,12,4382466,5.27475427,,,,
,,,28.45785873,0.239578705,0.010975704,2.065987915,0.037801307,0.021168732,2026,12,5081432,6.37157717,,,,
12.37453905,0.120222603,0.00582,,,,,0.486255361,0.232617597,2026,12,4688380,11.60627749,219.8463163,0.603246,0.043678247,0.602974991
,,,36.40356945,0.121793072,0.005000666,2.637519751,0.048258605,0.027024819,2026,12,4686612,6.96585882,,,,
,,,24.67044225,0.186247313,0.007647074,2.310327602,0.029942753,0.016767942,2026,12,4595342,5.87740597,,,,
0.679500489,0.005828503,0.000305,28.63686447,0.266760235,0.008262736,2.331797569,0.044783344,0.02486682,2026,12,4384852,7.01864083,,,,
4.068696875,0.034827939,0.00124,1.682952866,0.010305648,0.000726694,0.237964123,0.011171885,0.005350253,2026,12,4429501,1.11855863,,,,
5.058699361,0.034069018,0.00123581,22.55313,0.107038084,0.00401528,1.860830897,0.051319297,0.027011632,2026,12,4586312,5.51796932,,,,
,,,38.07767637,0.280714895,0.013720021,3.187476377,0.056171768,0.03145619,2026,12,5083754,8.64554305,,,,
,,,36.48397118,0.145181931,0.007628863,2.650777747,0.048501186,0.027160664,2026,12,4869961,7.13248085,,,,
1.304890484,0.009169469,0.000333,43.94568231,0.202457597,0.007594717,2.639995652,0.042097473,0.02322915,2026,12,4686422,8.40532246,,,,
17.42268647,0.141445449,0.0108,,,,,0.525422962,0.251184415,2026,12,4837248,15.83411305,231.0380378,1.444654,0.091894319,0.746922806
,,,7.043701796,0.05688495,0.002307526,0.553891593,0.010134535,0.005675339,2026,12,4715355,1.59310345,,,,
,,,27.22614474,0.151614169,0.006945827,2.502971951,0.028681404,0.016061587,2026,12,4360635,6.11779592,,,,
,,,22.5250667,0.059701355,0.004980337,2.470385433,0.030667036,0.01717354,2026,12,3051876,5.05752383,,,,
,,,39.82562697,0.090031624,0.004089986,3.329996134,0.044876496,0.025130838,2026,12,4243331,7.81184887,,,,
,,,24.10438568,0.120047304,0.008692069,2.750554411,0.02677551,0.014994285,2026,12,4686728,5.86938037,,,,
,,,6.849923113,0.050867075,0.00279999,0.612362483,0.011204375,0.00627445,2026,12,4685261,1.59590412,,,,
,,,6.49159938,0.053450822,0.001936722,0.712539297,0.007237338,0.004052909,2026,12,2573401,1.67836259,,,,
12.7904144,0.089895467,0.004955521,8.870067208,0.048558525,0.002224588,0.903842862,0.060120799,0.029012131,2026,12,3068267,3.85854093,,,,
0.708565665,0.00417768,0.000352,24.4589725,0.108605837,0.00905999,2.147971263,0.041553306,0.023044656,2026,12,4600981,5.31525885,,,,
,,,33.03823575,0.275755444,0.010211926,2.219155957,0.040603817,0.022738138,2026,12,5123663,7.15353377,,,,
,,,25.45948251,0.132541308,0.007114235,1.981188349,0.038509763,0.021565467,2026,12,4427095,5.29449598,,,,
,,,13.83090636,0.054010275,0.00345825,1.049243625,0.019197973,0.010750865,2026,12,4870612,2.84945178,,,,
3.512655549,0.011439422,0.000756,5.186735592,0.026460771,0.001887312,0.636160308,0.015379469,0.007756905,2026,12,4360516,1.75146693,,,,
11.44950389,0.067331092,0.00217,12.94054753,0.0729904,0.002996892,1.426076621,0.035432885,0.017512315,2026,12,4430968,4.69515413,,,,
6.223551962,0.061152508,0.002177012,13.93612789,0.089466512,0.006308652,1.656981311,0.026571824,0.013603992,2026,12,3915411,4.56712876,,,,
,,,25.66172907,0.114087009,0.005994921,2.461031991,0.03034942,0.016995675,2026,12,4367209,5.69052944,,,,
,,,20.53424098,0.186357914,0.010258115,2.062882749,0.032397028,0.018142336,2026,12,4430802,5.21954389,,,,
3.066720982,0.026270566,0.00105,5.424021196,0.043766341,0.002139093,0.42922206,0.018877534,0.00954211,2026,12,3676833,1.87196773,,,,
0.755360327,0.00693675,0.000419,22.49069212,0.102125054,0.007531179,2.030790953,0.039569627,0.02191776,2026,12,4569371,5.17588982,,,,
,,,12.67952153,0.068843153,0.004854414,0.895583204,0.014489338,0.008114029,2026,12,4242433,2.57045785,,,,
17.38347425,0.144026622,0.00952,,,,,0.561651726,0.268417942,2026,12,4433970,13.4550844,223.3145955,1.139602,0.081281991,1.149001339
1.482446728,0.008288588,0.000548,26.78693497,0.106869992,0.007622491,1.660550716,0.031167288,0.017023501,2026,12,4040655,5.16155635,,,,
10.03291459,0.077548483,0.004302212,14.38451489,0.071973421,0.003627763,1.88559335,0.03471281,0.017588842,2026,12,4601080,5.23727133,,,,
,,,22.95470367,0.120015131,0.004928092,1.892755674,0.034631683,0.019393743,2026,12,4360763,4.88029753,,,,
,,,16.95903118,0.111661037,0.005591962,1.824420967,0.025031193,0.014017468,2026,12,4036131,4.1740993,,,,
,,,9.845477871,0.078801987,0.003839874,0.737111111,0.013486896,0.007552662,2026,12,4912218,2.18740104,,,,
,,,21.74597128,0.156338264,0.005257561,2.04045116,0.037756667,0.021143733,2026,12,3045523,5.12230153,,,,
,,,29.85639263,0.140710906,0.00639226,2.166867281,0.039647093,0.022202372,2026,12,5220680,5.96619576,,,,
18.15314521,0.14446851,0.003607394,3.207991386,0.014658605,0.000754843,0.474192349,0.039103458,0.01839523,2026,12,4686468,3.57350284,,,,
,,,10.68570291,0.07797612,0.003463563,1.12647089,0.012753342,0.007141871,2026,12,4258595,2.65587788,,,,
,,,10.35158958,0.110019792,0.007757948,1.090420657,0.009287945,0.005201249,2026,12,3930086,2.79105717,,,,
18.12529995,0.139076632,0.004980263,6.013620305,0.029517953,0.001093125,0.772125039,0.041366173,0.019692196,2026,12,4912274,4.17143896,,,,
,,,30.70615729,0.117456055,0.00752065,2.019676955,0.02586777,0.014485951,2026,12,4361409,5.78178241,,,,
,,,13.76023326,0.185025336,0.006704157,1.365027315,0.017435606,0.009763939,2026,12,4242557,3.84554329,,,,
10.25491019,0.050880687,0.00246,,,,,0.022737826,0.0104594,2026,12,4685555,1.31537634,,,,
19.41653265,0.100629144,0.005714126,7.48503681,0.033775223,0.001386887,1.030525176,0.045490417,0.021683732,2026,12,4239934,4.49914289,,,,
,,,6.366444729,0.020487898,0.001483434,0.61083591,0.012216718,0.006841362,2026,12,4431268,1.58337793,,,,
,,,19.61154343,0.08953703,0.002840581,1.908562591,0.038171252,0.021375901,2026,12,4430191,4.46978762,,,,
,,,7.705000843,0.060932231,0.002207802,0.534404095,0.009777973,0.005475665,2026,12,4710855,1.66421984,,,,
0.660948574,0.00361262,0.000304118,10.90765787,0.079003909,0.006590572,0.763673865,0.013890983,0.007586149,2026,12,4431280,2.41521737,,,,
,,,1.746654203,0.013881903,0.000676439,0.229062761,0.002229774,0.001248674,2026,12,4596602,0.50884587,,,,
1.845757623,0.010542876,0.000887522,14.24095384,0.061718965,0.005148648,1.177565769,0.030935992,0.016585688,2026,12,4686472,3.29275155,,,,
0.624879724,0.004531639,0.000231299,1.954782418,0.008986063,0.000515929,0.185517302,0.005709664,0.002965886,2026,12,4430656,0.68968245,,,,
12.32634259,0.121960344,0.00356,,,,,0.031520341,0.014499357,2026,12,4430871,1.94335161,,,,
,,,2.40052179,0.017530378,0.000778669,0.179440476,0.003283216,0.001838601,2026,12,4869748,0.59681534,,,,
0.513753248,0.004051302,0.000138,10.52197514,0.079603036,0.003053328,1.362312081,0.016881969,0.009308834,2026,12,16002,2.95602174,,,,
,,,12.30400669,0.084499442,0.003018908,0.966185939,0.01767827,0.009899831,2026,12,4597703,2.6974413,,,,
,,,10.56019831,0.051467498,0.002762549,0.673012034,0.012314077,0.006895883,2026,12,4613202,2.07093002,,,,
1.199564527,0.007250316,0.000371874,3.420722334,0.023698325,0.001056537,0.446054791,0.006362432,0.00331017,2026,12,4911851,1.09017981,,,,
,,,9.969453203,0.075223631,0.002885348,0.735026911,0.010619095,0.005946693,2026,12,16731,2.17747153,,,,
,,,25.02153613,0.137395515,0.006452453,1.47468332,0.024862857,0.0139232,2026,12,2576581,4.81990935,,,,
,,,16.27712169,0.116926494,0.007437684,1.25972843,0.023049206,0.012907555,2026,12,4241983,3.57866582,,,,
,,,8.66421,0.069389935,0.003724547,0.871444459,0.010603939,0.005938206,2026,12,4831959,2.15005795,,,,
,,,10.9063657,0.067529581,0.00481654,0.855178288,0.008324807,0.004661892,2026,12,4429148,2.35152124,,,,
19.35402971,0.173084076,0.006923594,3.412275535,0.02642259,0.001291412,0.490737085,0.035229313,0.016542973,2026,12,4429676,3.94868167,,,,
,,,2.105521637,0.015088493,0.000539066,0.20877258,0.002540393,0.00142262,2026,12,4678006,0.50815579,,,,
,,,16.05597587,0.102243174,0.00753989,1.810218529,0.022027161,0.01233521,2026,12,4808766,4.02026592,,,,
,,,17.78287646,0.13301973,0.006481804,1.713045055,0.014591312,0.008171135,2026,12,4240472,4.28645762,,,,
,,,20.40655008,0.095054064,0.006882424,1.474863546,0.026985526,0.015111894,2026,12,4883647,4.070098,,,,
,,,19.84201459,0.123051557,0.005052775,2.182737461,0.037124717,0.020789842,2026,12,4372780,4.87475213,,,,
5.407819025,0.028524634,0.002401264,8.073576915,0.035532252,0.00296413,0.994371917,0.023249767,0.011733875,2026,12,4362748,2.73420932,,,,
,,,2.482967735,0.017677892,0.000640536,0.200596622,0.002569216,0.001438761,2026,12,4360797,0.5534321,,,,
,,,21.46384571,0.056274998,0.002957078,1.5626644,0.028592015,0.016011528,2026,12,4685307,4.02794497,,,,
1.90639047,0.007599392,0.000429,12.94352538,0.074345998,0.002358642,1.383784248,0.032277198,0.017379416,2026,12,4431487,3.33211663,,,,
,,,21.96953969,0.193363466,0.009422242,1.691861627,0.030955932,0.017335322,2026,12,5082630,5.03398623,,,,
,,,4.6337969,0.048732656,0.001509464,0.525635276,0.006396053,0.003581789,2026,12,4427834,1.27743485,,,,
,,,4.131190078,0.016593403,0.000854476,0.39123843,0.007158476,0.004008746,2026,12,3051889,0.89779832,,,,
,,,10.46254352,0.057322806,0.001818578,1.311603177,0.019954982,0.01117479,2026,12,3054212,2.68360874,,,,
,,,25.68034908,0.204265794,0.009106734,1.698992091,0.031086398,0.017408383,2026,12,4879194,5.50573936,,,,
,,,2.614159183,0.016609227,0.000831787,0.210140578,0.003844935,0.002153163,2026,12,4879276,0.56867051,,,,
,,,11.51196611,0.068004865,0.004354316,1.195423107,0.015305573,0.008571121,2026,12,3043275,2.7466191,,,,
,,,2.141960923,0.018068977,0.000883126,0.231175763,0.0022504,0.001260224,2026,12,4372096,0.55309092,,,,
4.79298725,0.024875487,0.00138,1.505206801,0.009119163,0.000459644,0.238632185,0.008391832,0.004027784,2026,12,4722893,1.06826461,,,,
,,,7.311562924,0.057014611,0.002065852,0.665031169,0.012342407,0.006911748,2026,12,4569382,1.72890914,,,,
,,,6.435751926,0.038366596,0.001556333,0.638606406,0.006216569,0.003481279,2026,12,3052096,1.50869568,,,,
,,,10.61240335,0.062023027,0.002379013,0.766887743,0.014031718,0.007857762,2026,12,4431466,2.18967894,,,,
1.250959691,0.008883496,0.000615,,,,,0.004230397,0.001945983,2026,12,4698597,0.2896213,,,,
,,,2.222578666,0.007527318,0.000387618,0.17693445,0.003237363,0.001812923,2026,12,4061956,0.44159081,,,,
3.154091748,0.032517686,0.001300751,1.81336496,0.009914113,0.000484555,0.255654467,0.007067255,0.003426756,2026,12,4383396,1.00389463,,,,
2.996223121,0.021001186,0.000613,17.67181519,0.094174103,0.004278172,1.334299384,0.03469409,0.018400644,2026,12,4608810,4.15327708,,,,
,,,13.15562747,0.074525348,0.003499905,0.821084861,0.01502336,0.008413082,2026,12,4696882,2.57436994,,,,
,,,6.71101136,0.057929371,0.002145272,0.740409092,0.007207576,0.004036243,2026,12,4242392,1.75549471,,,,
2.490854484,0.014534524,0.000745486,3.192148507,0.025821124,0.001151177,0.459349719,0.010771174,0.005427087,2026,12,2576336,1.2784202,,,,
,,,21.08719239,0.176283172,0.008075977,1.382570699,0.020237477,0.011332987,2026,12,4567156,4.54300895,,,,
,,,2.270355823,0.020118482,0.001014056,0.169168041,0.003095262,0.001733347,2026,12,4808839,0.51555753,,,,
,,,2.396567259,0.013066879,0.000831183,0.180389605,0.003300582,0.001848326,2026,12,5150247,0.59407795,,,,
,,,13.3112091,0.092044065,0.003779537,1.199792369,0.022778535,0.01275598,2026,12,4567096,3.06582478,,,,
,,,6.147269769,0.02794239,0.001604293,0.559286085,0.010233238,0.005730613,2026,12,4565185,1.33368476,,,,
,,,7.000457383,0.060719084,0.002041946,0.726918871,0.009183266,0.005142629,2026,12,4426844,1.78532015,,,,
,,,5.619196058,0.052551802,0.00162776,0.442428193,0.008095093,0.004533252,2026,12,5092508,1.31406123,,,,
,,,10.23116092,0.094650234,0.004336166,0.743837738,0.014876755,0.008330983,2026,12,4361577,2.3415647,,,,
,,,6.26605355,0.030752367,0.000975625,0.582434496,0.010656783,0.005967799,2026,12,4259305,1.40966329,,,,
,,,6.624401316,0.030000933,0.0012318,0.501849484,0.009182322,0.0051421,2026,12,4685553,1.33671701,,,,
,,,7.04149537,0.065461773,0.002027639,0.822461963,0.010536979,0.005900708,2026,12,3127310,1.9119144,,,,
,,,13.66097462,0.048462913,0.003103055,1.178043046,0.023560861,0.013194082,2026,12,3917914,2.85387629,,,,
,,,4.758354728,0.029457691,0.001439753,0.344092491,0.00688185,0.003853836,2026,12,4426485,0.99202774,,,,
,,,6.688536331,0.05706605,0.00278912,0.695169964,0.00845899,0.004737034,2026,12,4360967,1.70274727,,,,
,,,6.668621591,0.047126581,0.00209328,0.643570081,0.007831111,0.004385422,2026,12,4685504,1.58881444,,,,
,,,4.870850646,0.025361722,0.001191053,0.342895223,0.006273942,0.003513407,2026,12,4690143,1.08516583,,,,
,,,8.70861433,0.066894735,0.005580415,0.881691577,0.008582903,0.004806426,2026,12,3911853,2.1556962,,,,
,,,15.19574226,0.117793266,0.00553188,1.415768647,0.017227403,0.009647346,2026,12,4432260,3.63432634,,,,
,,,2.020773193,0.015948024,0.001124561,0.213934839,0.002603209,0.001457797,2026,12,4573699,0.51110283,,,,
,,,3.173921083,0.015085607,0.001075979,0.406166012,0.003491603,0.001955298,2026,12,2975417,0.81240552,,,,
,,,11.94133209,0.074711967,0.003067577,1.212481529,0.014753758,0.008262104,2026,12,4241263,2.84488689,,,,
0.670280077,0.005189939,0.000176972,10.38243576,0.059867791,0.002296345,0.723880288,0.015588094,0.008495005,2026,12,4575665,2.28194914,,,,
,,,1.673993287,0.0075439,0.000404923,0.225019033,0.001934375,0.00108325,2026,12,4039505,0.43637617,,,,
4.037427845,0.02498951,0.001730627,1.909423246,0.010976767,0.000549714,0.270270508,0.010273677,0.004958229,2026,12,5081999,1.0756687,,,,
,,,9.943492098,0.076857192,0.005667809,1.244630187,0.01211596,0.006784938,2026,12,4361372,2.69820809,,,,
,,,7.862760395,0.032469095,0.001706151,0.757578661,0.009218394,0.0051623,2026,12,4880236,1.73200057,,,,
,,,4.187104196,0.031075024,0.001191943,0.433165374,0.005270857,0.00295168,2026,12,4040612,1.03494566,,,,
,,,4.015784842,0.014149733,0.000642799,0.32992268,0.006036584,0.003380487,2026,12,5097554,0.83141137,,,,
,,,2.163075361,0.014379079,0.000740449,0.198780602,0.002620497,0.001467478,2026,12,2998565,0.49997755,,,,
,,,6.228530899,0.059105362,0.004930619,0.699648985,0.008513492,0.004767555,2026,12,4383440,1.67768537,,,,
,,,2.018554918,0.012568596,0.000471481,0.231409836,0.002815849,0.001576875,2026,12,4426496,0.50654052,,,,
,,,2.117238757,0.019978685,0.000915274,0.214624679,0.002611603,0.001462498,2026,12,4690923,0.54519522,,,,
,,,6.129393193,0.046393052,0.002553716,0.628098279,0.009193833,0.005148547,2026,12,4035656,1.51444925,,,,
,,,3.739260857,0.027966192,0.001313366,0.381816729,0.003716828,0.002081424,2026,12,3052897,0.92210225,,,,
,,,6.237466894,0.057691899,0.002907914,0.610830194,0.007432724,0.004162326,2026,12,4362018,1.57841565,,,,
,,,5.03207032,0.023549776,0.000966923,0.650511949,0.008190908,0.004586909,2026,12,3917668,1.28799367,,,,
,,,10.79779509,0.112290379,0.004212307,1.211861194,0.01395793,0.007816441,2026,12,3843945,2.95854311,,,,
,,,5.853615155,0.047675914,0.001703315,0.642575808,0.007819012,0.004378647,2026,12,2975863,1.50884854,,,,
,,,1.634016827,0.011466349,0.000577952,0.230099054,0.001978045,0.001107705,2026,12,2515270,0.46129152,,,,
,,,11.39554361,0.105561014,0.004706202,1.032592044,0.012564821,0.0070363,2026,12,4686248,2.80118409,,,,
3.250010838,0.01988485,0.001521999,1.720848243,0.009928235,0.000631534,0.225110623,0.006724382,0.003248029,2026,12,4241961,0.89906365,,,,
,,,7.347048997,0.041812437,0.001568494,0.548698438,0.010039516,0.005622129,2026,12,4430681,1.52643589,,,,
,,,8.526670872,0.031053689,0.001631776,0.663736298,0.012144359,0.006800841,2026,12,4369466,1.69270779,,,,
,,,4.194437347,0.044217499,0.002025715,0.413744641,0.006881044,0.003853385,2026,12,4048228,1.09501983,,,,
,,,8.71587213,0.076447648,0.003139113,0.947272218,0.011526629,0.006454912,2026,12,4683243,2.27121792,,,,
,,,3.703746626,0.02510655,0.001441476,0.424386422,0.005164033,0.002891858,2026,12,4708049,0.94263582,,,,
,,,3.426305422,0.016808212,0.000600506,0.467882681,0.00402215,0.002252404,2026,12,4243176,0.9081649,,,,
,,,1.811101215,0.007449644,0.000621456,0.244684058,0.002103425,0.001177918,2026,12,3929914,0.46943468,,,,
,,,1.996768923,0.012921245,0.000665378,0.193393014,0.002353251,0.001317821,2026,12,4722908,0.46935489,,,,
,,,6.40792784,0.03547306,0.001456478,0.549657671,0.010993153,0.006156166,2026,12,4362477,1.50789865,,,,
,,,4.915992089,0.033686671,0.001383131,0.285480705,0.005133026,0.002874494,2026,12,3051738,0.97635281,,,,
,,,4.306825119,0.032477785,0.002065909,0.431062839,0.005245273,0.002937353,2026,12,4045305,1.05500777,,,,
,,,2.118527169,0.019929945,0.000913041,0.205499399,0.002500565,0.001400316,2026,12,4361088,0.53602324,,,,
,,,6.6664066,0.064223191,0.002327046,0.67602012,0.00822597,0.004606543,2026,12,4426553,1.72365813,,,,
,,,10.74893804,0.016616495,0.001203123,1.18145184,0.013962303,0.00781889,2026,12,4361516,2.34318148,,,,
,,,2.0862102,0.00564412,0.00036139,0.159170806,0.002912343,0.001630912,2026,12,4369886,0.3991943,,,,
1.564648242,0.013490311,0.000337,,,,,0.004970158,0.002286273,2026,12,4683151,0.23363954,,,,
,,,4.451667634,0.022541578,0.001607776,0.357277761,0.006537098,0.003660775,2026,12,4257188,1.2016969,,,,
,,,4.70991352,0.043221327,0.002178536,0.399168892,0.007303579,0.004090004,2026,12,4241424,1.12585787,,,,
,,,1.806878743,0.011986124,0.000544509,0.184259144,0.002242108,0.001255581,2026,12,4372505,0.43550084,,,,
,,,3.422141971,0.016052501,0.001027833,0.362818941,0.004414865,0.002472325,2026,12,4035020,0.79857556,,,,
,,,4.399580665,0.041241432,0.001386924,0.454871661,0.005534984,0.003099591,2026,12,4239944,1.13899939,,,,
,,,4.722315194,0.025987903,0.001653088,0.379993307,0.006952724,0.003893525,2026,12,4401805,1.03050504,,,,
,,,3.67483058,0.024166286,0.00076668,0.5003385,0.006088235,0.003409412,2026,12,4431346,1.00769461,,,,
,,,2.207326741,0.014784322,0.000554599,0.230857784,0.002809131,0.001573114,2026,12,4362504,0.53833376,,,,
,,,9.05756755,0.088882993,0.002753097,1.123769194,0.013356136,0.007479436,2026,12,3050481,2.55372403,,,,
,,,2.080627266,0.021773351,0.001060975,0.20990958,0.002554229,0.001430368,2026,12,4431196,0.54794083,,,,
81.56479721,0.94261131,0.033770207,37.78759164,0.223291839,0.008272931,4.935734844,0.201151184,0.096637013,2026,13,4429795,23.76251487,,,,
,,,80.89045811,0.555312315,0.020574243,7.359278955,0.078437428,0.04392496,2026,13,4374302,18.73556722,,,,
1.206411673,0.011951251,0.000483974,82.76135403,0.448525012,0.022192706,7.814425048,0.095843689,0.053400147,2026,13,4241389,18.91514426,,,,
32.18482938,0.769899123,0.027420778,,,,,0.649453467,0.309400154,2026,13,3918298,21.0671933,240.3332712,1.359852,0.095932791,0.734245026
99.29010127,1.06942708,0.036293259,33.96462432,0.203649515,0.012633214,3.45087394,0.265169812,0.12588906,2026,13,4430807,24.2679009,,,,
,,,99.2319418,0.835428282,0.029287286,7.511493223,0.1223332,0.068506592,2026,13,4430878,22.37204648,,,,
73.50273723,0.695040541,0.023621487,36.39049712,0.213760689,0.008171979,4.360983644,0.123843506,0.059599805,2026,13,3117251,20.75077178,,,,
0.597525009,0.003851853,0.000204,87.12378374,0.650535259,0.020406604,7.733553215,0.119375926,0.066685221,2026,13,4362628,20.34300753,,,,
4.081925123,0.073334552,0.002705901,95.25683619,0.490485887,0.017934306,7.453672495,0.122283823,0.067421416,2026,13,4426515,20.68013684,,,,
89.49739962,0.703769951,0.025065517,15.612386,0.089434522,0.006309292,2.094086867,0.2759344,0.129710214,2026,13,4379399,17.17488146,,,,
,,,63.73022766,0.58607385,0.019843188,7.32499997,0.073928048,0.041399707,2026,13,4361307,17.1733028,,,,
,,,79.29004893,0.56128393,0.032079092,6.300779113,0.089679324,0.050220422,2026,13,4262921,17.56357493,,,,
83.61509952,0.833568887,0.0335,23.33419382,0.194492876,0.009562077,2.908909841,0.110544446,0.052329814,2026,13,4567048,19.75659028,,,,
,,,79.78221605,0.613064109,0.030278811,6.357740103,0.098821135,0.055339836,2026,13,4361370,17.96683431,,,,
1.64182836,0.018696078,0.000634491,82.00207408,0.49930106,0.03097369,5.771842448,0.099760704,0.055362371,2026,13,4426502,17.19934114,,,,
67.3267171,0.390793625,0.020678174,23.78980799,0.124786574,0.003914423,4.158148135,0.12488054,0.060097402,2026,13,4362238,16.29556623,,,,
1.364122151,0.009126937,0.000334645,74.70302209,0.477243861,0.018096108,5.89129991,0.090763303,0.050470968,2026,13,4258173,16.35455269,,,,
,,,61.4682144,0.332094956,0.016431828,4.899986162,0.097999723,0.054879845,2026,13,4426354,12.9650673,,,,
63.35709929,0.708626879,0.02869633,15.40406517,0.067904343,0.00335986,2.957552578,0.177489027,0.084381443,2026,13,4361579,15.39289185,,,,
82.64303207,0.519316844,0.0165,15.93524591,0.10497986,0.004248202,1.811812159,0.121390164,0.056958548,2026,13,3929630,15.34620349,,,,
,,,70.94726756,0.519025029,0.018977821,4.640800951,0.063055007,0.035310804,2026,13,16800,14.81867392,,,,
56.87161545,0.622993876,0.022987254,21.43828423,0.180595515,0.006603361,3.590107132,0.167803843,0.08083501,2026,13,4430737,16.14457266,,,,
64.60277295,0.401290788,0.0174,17.68281445,0.105958956,0.00358754,2.541528294,0.125562708,0.059506704,2026,13,4870808,13.73985917,,,,
,,,70.84659839,0.421906186,0.017073205,5.66955928,0.081382367,0.045574125,2026,13,4241478,15.2308024,,,,
,,,61.68392495,0.319169364,0.022877859,4.865601763,0.071984778,0.040311476,2026,13,4595348,12.91604521,,,,
,,,72.77027895,0.371480506,0.01543852,5.049927829,0.100998557,0.056559192,2026,13,4685472,14.47626142,,,,
60.39182866,0.408631139,0.0134,9.407602972,0.032579332,0.001356889,1.369687845,0.239793838,0.112323861,2026,13,4685382,10.80811989,,,,
,,,61.98074065,0.421560302,0.020725654,5.319161983,0.10638324,0.059574614,2026,13,4428331,13.97170794,,,,
61.31078969,0.367638154,0.024427916,13.37824276,0.044748357,0.003207534,1.810222952,0.316551491,0.148901618,2026,13,4696981,11.51925293,,,,
11.96574469,0.113886963,0.006026133,,,,,0.492882789,0.235889569,2026,13,3915511,17.81626979,258.4530501,1.817588,0.057015817,0.66971261
26.04748554,0.474005018,0.015069364,,,,,0.464169741,0.221402878,2026,13,4040715,19.40066929,236.9116227,1.534554,0.062098532,0.693280156
,,,64.43833518,0.458978661,0.017546557,4.776504906,0.045493699,0.025476472,2026,13,3040151,13.95955056,,,,
,,,63.91208213,0.346333683,0.010864122,4.772957192,0.066138038,0.037037301,2026,13,4239993,13.19156715,,,,
22.93378385,0.232299055,0.007894862,,,,,0.357122062,0.17055907,2026,13,4361741,19.55319169,256.4991053,1.83732,0.070239953,0.783898362
83.13465078,0.425526462,0.0124,19.14274241,0.094845271,0.004302952,2.521235228,0.200192067,0.094457967,2026,13,4596448,15.72098092,,,,
53.55078866,0.423376968,0.012279263,18.2012655,0.050078763,0.002262195,2.191870593,0.187554378,0.088928003,2026,13,4259545,12.06398731,,,,
,,,48.22142645,0.452348575,0.016759451,4.815426524,0.041016663,0.022969331,2026,13,4430027,12.34032086,,,,
0.758797983,0.005476284,0.000159516,50.97367113,0.265897921,0.012063289,3.202684733,0.048993968,0.027225178,2026,13,4567750,9.97546813,,,,
61.32184552,0.475668636,0.0266,22.13275418,0.116375748,0.005912126,2.996419971,0.079769236,0.037981784,2026,13,4685702,14.88531293,,,,
17.88685322,0.170488052,0.006860055,,,,,0.338960836,0.162084919,2026,13,3139477,16.97578669,234.1686618,1.59413,0.078374046,0.717165892
,,,70.99717898,0.456157065,0.024249836,5.021259665,0.080596833,0.045134226,2026,13,4047646,14.81828117,,,,
,,,50.10836826,0.220046797,0.009164678,4.127581709,0.067264092,0.037667891,2026,13,4612826,10.40346889,,,,
,,,48.66713059,0.274618926,0.013501406,4.031342982,0.04981013,0.027893673,2026,13,15847,10.51829906,,,,
,,,68.32147314,0.531955663,0.01644737,4.933944012,0.080206939,0.044915886,2026,13,4248528,14.90300627,,,,
0.686529397,0.003955051,0.000204953,63.18379641,0.461622764,0.020793055,4.362326978,0.089917573,0.050086737,2026,13,4432620,13.71600637,,,,
0.776212278,0.005212418,0.000430384,56.84166311,0.324256102,0.026531381,4.403502483,0.067075233,0.03735799,2026,13,4372016,12.12307869,,,,
2.791679581,0.027444952,0.000977,61.71864854,0.312494679,0.022045404,4.522625476,0.076771693,0.042181475,2026,13,3915416,12.97700593,,,,
13.25722024,0.129117197,0.005228689,,,,,0.369622834,0.176853866,2026,13,2577417,16.06021979,243.5481739,1.410676,0.069799269,0.615482279
69.93520048,0.353753243,0.0203,13.43047914,0.0865844,0.003598399,2.059794253,0.122828112,0.057918414,2026,13,4241416,12.97358804,,,,
57.95419258,0.457426042,0.016771822,13.06046091,0.040147505,0.001522311,1.862876632,0.103418756,0.048827698,2026,13,4035538,11.89144613,,,,
44.25026907,0.249333147,0.012668266,23.14728054,0.127044493,0.007260981,2.746315437,0.140559329,0.06769282,2026,13,3042519,11.65251709,,,,
74.51679694,0.445604161,0.023091481,14.96377193,0.084072307,0.003786902,1.822047261,0.144139904,0.067754119,2026,13,4882093,13.87021548,,,,
,,,48.96652433,0.418520678,0.021261707,4.633958446,0.054763749,0.0306677,2026,13,5083076,12.02436896,,,,
,,,63.05437189,0.426505498,0.019726684,4.392551037,0.06478847,0.036281543,2026,13,3121422,13.2256215,,,,
56.99614018,0.238622572,0.0275,26.4798555,0.147878846,0.008119925,3.203621289,0.171220175,0.082134084,2026,13,4569987,13.78171905,,,,
,,,62.06168311,0.4485306,0.017147132,4.304098676,0.055126358,0.030870761,2026,13,16737,13.17546133,,,,
,,,41.15537768,0.277988409,0.012557501,3.580336785,0.034853098,0.019517735,2026,13,4723086,9.35080254,,,,
,,,51.18973994,0.25738855,0.009536209,3.657797668,0.052475997,0.029386558,2026,13,4426388,10.28278826,,,,
2.661190749,0.019241957,0.000558077,56.93880479,0.199374024,0.009006273,4.572865418,0.086848338,0.047745695,2026,13,4685278,11.77049017,,,,
33.61929452,0.182359681,0.0102,,,,,0.781192156,0.372627274,2026,13,4431452,18.73524708,247.8490616,1.699712,0.09035865,0.955076837
45.00680426,0.406443882,0.0228,23.46464999,0.136035865,0.007231823,2.816435313,0.175003664,0.084068667,2026,13,4569173,12.81500553,,,,
,,,55.13169351,0.28655444,0.020540041,5.098338523,0.079843144,0.044712161,2026,13,4361050,12.28459627,,,,
,,,43.14427335,0.176154866,0.012427108,3.738919124,0.054974562,0.030785755,2026,13,4385690,9.07501036,,,,
2.343440936,0.042553119,0.00157,,,,,0.384353899,0.184173663,2026,13,12483,16.0800108,262.7123793,1.776474,0.064955646,0.899443575
,,,58.4941875,0.373767984,0.02052334,3.777197135,0.062952263,0.035253267,2026,13,4047650,11.84142594,,,,
18.02428496,0.201051421,0.010418608,,,,,0.393656259,0.188154896,2026,13,4360310,18.11076652,244.72953,1.749132,0.078786839,0.748080401
,,,70.50231709,0.46482993,0.015738132,5.444585656,0.078375772,0.043890432,2026,13,4360761,15.22956235,,,,
,,,54.13039122,0.284895953,0.012869534,3.456914007,0.061705541,0.034555103,2026,13,4431299,10.53758971,,,,
61.46019815,0.402325456,0.02747854,17.78340769,0.113884127,0.005624658,2.28868177,0.118112025,0.055950765,2026,13,4239996,13.26772472,,,,
51.08675253,0.367284437,0.020572204,9.946324098,0.050617714,0.002690896,1.386587134,0.092698604,0.043619679,2026,13,4432710,9.95904254,,,,
26.71695561,0.196645522,0.0057,,,,,0.529249291,0.252733548,2026,13,4431611,15.84009696,236.3688458,1.047176,0.04730382,0.634725056
,,,71.41618959,0.362375751,0.024880481,4.687623085,0.085769273,0.048030793,2026,13,4871023,13.95945793,,,,
1.209696436,0.005852556,0.000322,66.51454112,0.418270005,0.012932359,4.552426232,0.069707704,0.03872919,2026,13,4701936,13.82047769,,,,
1.814544655,0.049414312,0.001770328,,,,,0.534870907,0.256266606,2026,13,3046779,16.84050759,262.8160159,1.832844,0.06790661,0.561185026
0.844636152,0.009362825,0.000514702,48.66845878,0.265390862,0.008205537,4.717023415,0.06235261,0.034651921,2026,13,4572680,11.26663567,,,,
73.24836555,0.550530268,0.025261858,13.7970938,0.041241815,0.002831636,2.204923027,0.129307382,0.060915109,2026,13,3916148,14.39787223,,,,
47.83228064,0.194701842,0.0108,,,,,0.48957821,0.232958191,2026,13,4426348,19.75751414,231.2596381,1.448674,0.067003905,0.470798965
18.66474964,0.25479886,0.017402579,,,,,0.629921671,0.30107361,2026,13,4360689,20.8817629,254.6746079,2.21326,0.109311374,0.610715111
,,,49.1590071,0.24468587,0.011317183,4.517466382,0.071178456,0.039859935,2026,13,2976212,10.84627481,,,,
,,,59.25901079,0.280591726,0.011661234,4.987114681,0.083724226,0.046885566,2026,13,4695883,12.59331219,,,,
11.38013637,0.095611524,0.003249431,43.9005398,0.355380488,0.013586043,3.451744374,0.106742421,0.056005002,2026,13,3126486,11.64733255,,,,
15.31905142,0.113636941,0.00653089,,,,,0.441803006,0.2114561,2026,13,4685720,15.30960714,243.0937431,1.27834,0.053127089,0.724636564
0.802187444,0.006982686,0.000355,51.5528702,0.298102023,0.017037442,3.660051272,0.048514658,0.027004491,2026,13,4429205,10.70811919,,,,
60.78516642,0.401252963,0.0221,18.40754523,0.088018915,0.002721429,2.604491657,0.169434058,0.080621864,2026,13,4047365,13.35226922,,,,
43.29419787,0.327359553,0.00949,10.96792381,0.045269549,0.00204495,1.338789946,0.050603418,0.023853017,2026,13,4608686,8.97747859,,,,
,,,44.71326735,0.471179313,0.038552977,3.161171374,0.053007379,0.029684132,2026,13,3128429,10.47870968,,,,
53.85338261,0.391330626,0.015782843,14.35455797,0.092639426,0.003247625,1.595125388,0.118881339,0.056056664,2026,13,4685512,11.24882537,,,,
,,,48.37296362,0.346562619,0.01402429,4.234008503,0.050389874,0.02821833,2026,13,3121023,11.1236245,,,,
69.086527,0.516382223,0.042637157,6.614205016,0.0341653,0.002795483,0.974273742,0.07747214,0.036073861,2026,13,4241985,11.86839564,,,,
,,,40.72789972,0.430839739,0.021278876,3.919740815,0.059288795,0.033201725,2026,13,3929645,10.55528952,,,,
,,,23.31762396,0.220113846,0.01089108,3.133115984,0.05617529,0.031458163,2026,13,4242355,6.74590929,,,,
18.15120049,0.232391593,0.019188339,,,,,0.478284064,0.228387682,2026,13,4426338,18.28654014,237.8148404,1.739934,0.142365407,0.637095604
0.757016373,0.006040592,0.000313027,43.4957985,0.370355053,0.016682048,3.762699812,0.060464829,0.033653049,2026,13,3916433,10.41463522,,,,
,,,36.37469417,0.195084644,0.0121019,2.854796498,0.02431648,0.013617229,2026,13,4360248,7.66038512,,,,
23.68757219,0.200608401,0.0166,30.92263827,0.210250832,0.017203207,4.00832549,0.084553744,0.042253599,2026,13,4568490,11.94312481,,,,
,,,36.21128252,0.193167293,0.010606682,3.59982252,0.060819248,0.034058779,2026,13,4035687,8.33465834,,,,
,,,56.70273046,0.372381925,0.018917764,4.103462119,0.0750809,0.042045304,2026,13,4832800,11.96375164,,,,
,,,27.38521736,0.242062661,0.008195716,1.90660085,0.029715619,0.016640747,2026,13,4432708,6.08139449,,,,
,,,43.95755717,0.30705734,0.015096213,3.110667404,0.039841039,0.022310982,2026,13,4683062,9.33538762,,,,
50.54966679,0.303110931,0.01686935,5.167907764,0.03058497,0.001414613,0.707063805,0.179808394,0.083680495,2026,13,4575131,8.1549496,,,,
35.62650775,0.161516429,0.0186,10.75233933,0.063871661,0.003507149,1.515334875,0.079980318,0.037976629,2026,13,4038815,7.47592116,,,,
38.00269207,0.304444453,0.011233404,6.739165786,0.02898643,0.00105987,1.013603452,0.070322431,0.033064581,2026,13,4429096,7.44868592,,,,
53.01205777,0.296685484,0.007824887,11.566937,0.035295513,0.001919752,1.630006639,0.085745996,0.040424022,2026,13,4711533,10.02069533,,,,
30.38864556,0.230597756,0.015749661,14.20070033,0.065868396,0.003253194,2.132555553,0.07111426,0.034314602,2026,13,3054850,8.34154156,,,,
21.55368502,0.099468266,0.00325,,,,,0.56770061,0.27111826,2026,13,4038941,13.06701067,216.6884,0.940614,0.039175413,0.836386865
,,,29.02776766,0.329019848,0.016250062,2.73513933,0.040035797,0.022420047,2026,13,4569559,7.60075121,,,,
,,,35.71077124,0.241757585,0.010889582,2.332139363,0.034383568,0.019254798,2026,13,4432773,7.33793757,,,,
19.66375196,0.116823293,0.0034,17.48462753,0.10888242,0.004939791,2.396848974,0.060060071,0.029678464,2026,13,4371733,7.45296571,,,,
1.555047644,0.013329409,0.000612,40.52718101,0.191905184,0.013176084,3.895333165,0.057573374,0.0318598,2026,13,4569587,9.30033816,,,,
,,,40.07277585,0.318064715,0.016908687,2.89529471,0.055563177,0.031115379,2026,13,4361432,8.7840112,,,,
,,,38.73447398,0.200266879,0.011445864,4.704770318,0.049150847,0.027524474,2026,13,4036133,9.74895777,,,,
25.99404483,0.143423563,0.007982102,14.37766143,0.105392654,0.004874609,2.193750869,0.078555852,0.038125306,2026,13,4697815,7.70681414,,,,
,,,44.20853006,0.222594697,0.015703275,4.003170372,0.069196749,0.03875018,2026,13,4373678,9.71532175,,,,
29.20555035,0.194161948,0.009865095,,,,,0.416176685,0.198755411,2026,13,3917315,16.70233418,220.8573416,1.34628,0.076944017,0.694846805
57.10868834,0.609685294,0.0246,17.02892225,0.06926055,0.00242804,2.152210623,0.053292449,0.025254585,2026,13,4426385,13.64459766,,,,
2.481222807,0.018978573,0.000553,32.20810105,0.086097899,0.0039061,2.949482052,0.052992267,0.028996812,2026,13,3116165,7.00119585,,,,
61.6646628,0.442029777,0.02245891,6.428345193,0.028414061,0.00162395,0.944330568,0.141342218,0.065971992,2026,13,4360569,10.49624813,,,,
3.72274423,0.026210875,0.001465597,48.20623007,0.159336818,0.008094636,4.270188616,0.090693539,0.049532177,2026,13,4870653,10.59418787,,,,
1.397805229,0.011903541,0.000378432,33.35563348,0.228191013,0.009234166,2.283984963,0.04659069,0.025610717,2026,13,4870795,7.16912992,,,,
7.321726406,0.056326441,0.002271714,,,,,0.433499985,0.20745205,2026,13,3912547,18.4287822,264.6635944,2.152788,0.075469456,0.795541551
32.97024259,0.180010783,0.0066,12.93770871,0.067529435,0.002560578,1.6599787,0.079641923,0.037977628,2026,13,4429059,7.69292755,,,,
,,,42.85026689,0.280220857,0.011339649,2.932886036,0.05834827,0.032675031,2026,13,4428850,8.8581091,,,,
,,,35.62592499,0.107455887,0.004074507,3.851679158,0.044324339,0.02482163,2026,13,3117256,8.01868273,,,,
8.821274749,0.058225718,0.003200837,,,,,0.6506335,0.311635035,2026,13,4036378,17.20080921,268.747785,1.79415,0.055472759,0.734210546
2.649921817,0.014756078,0.000482821,35.74651995,0.149445218,0.006224209,2.145268573,0.039331465,0.021232534,2026,13,4429025,6.94210752,,,,
13.18911201,0.06616883,0.003637493,3.539009473,0.025170605,0.000778242,0.580049512,0.030238285,0.01440825,2026,13,4429023,2.78171124,,,,
,,,35.47793102,0.083732932,0.003782447,3.580902054,0.071618041,0.040106103,2026,13,2973405,7.66556479,,,,
,,,33.12481195,0.256295902,0.013624986,3.052776698,0.029984712,0.016791438,2026,13,3046439,7.8974924,,,,
13.66472831,0.058916175,0.0021602,,,,,0.493855041,0.236344209,2026,13,4432577,15.15698742,247.4493329,1.209992,0.045880414,0.468668295
22.01411094,0.179637549,0.00824,14.55967484,0.065376954,0.004488739,1.803080571,0.058186637,0.028253538,2026,13,4428557,6.90103257,,,,
41.86584909,0.472072117,0.016,7.213500556,0.055447999,0.003439666,0.918578185,0.096489833,0.045234984,2026,13,4241474,8.95400579,,,,
,,,46.5053207,0.440423999,0.021752235,3.311789672,0.060356261,0.033799506,2026,13,4880281,10.58236719,,,,
3.509096356,0.026325367,0.00106,44.56954766,0.313167193,0.010978581,2.579104609,0.062703843,0.034001977,2026,13,4032473,9.70763598,,,,
18.73434813,0.126572265,0.00369,,,,,0.576401463,0.27547465,2026,13,3052587,13.08381297,214.0148375,0.906776,0.041138724,0.645350541
30.62649694,0.23969551,0.010389751,13.33590737,0.054695823,0.001851882,1.852694404,0.033391701,0.015997249,2026,13,4373626,8.0086536,,,,
28.79103069,0.191763265,0.00652,3.54777944,0.022771478,0.000870544,0.459290851,0.059517298,0.027772786,2026,13,4696044,4.94118784,,,,
8.168984142,0.050484532,0.001331497,46.81145682,0.091702922,0.004987796,3.528879524,0.100863971,0.053455186,2026,13,4569603,9.92305475,,,,
,,,27.29665563,0.185489732,0.007708849,2.587180362,0.02203699,0.012340714,2026,13,2576925,6.42110259,,,,
21.17699147,0.152420597,0.00485,12.34021969,0.053540855,0.002166629,1.504734548,0.060656687,0.029308451,2026,13,4431545,6.08631976,,,,
12.72468176,0.130437856,0.00565391,,,,,0.389456434,0.186319846,2026,13,2578570,16.15402146,224.9602886,1.666375846,0.056419866,0.663378318
,,,35.9143546,0.269205931,0.018991535,2.736324274,0.046343543,0.025952384,2026,13,4635008,7.93029762,,,,
,,,41.78872502,0.276558236,0.012457121,3.675397359,0.051915869,0.029072887,2026,13,4430539,9.48175575,,,,
32.22417177,0.132107189,0.00432,12.8793686,0.070696461,0.00294442,1.813978154,0.068400612,0.032865052,2026,13,4596334,7.51517233,,,,
0.513044641,0.007134001,0.000823109,33.18033471,0.247486521,0.013589313,3.50537478,0.051638647,0.028600834,2026,13,4361411,8.37542102,,,,
39.18600069,0.157964904,0.004166222,9.063193286,0.035561136,0.001934199,1.195382279,0.124947395,0.058893728,2026,13,4682745,7.11368558,,,,
,,,24.27840809,0.212477304,0.007769098,2.210280922,0.026895213,0.01506132,2026,13,4570037,5.89910911,,,,
17.68395055,0.150313061,0.00605,6.980885786,0.046530789,0.002287647,0.934826888,0.045386621,0.021681469,2026,13,4832955,4.57116389,,,,
33.26709662,0.226299927,0.0117,1.812090448,0.012082762,0.000544249,0.227954913,0.054473011,0.025224491,2026,13,4362619,5.14164927,,,,
,,,40.73110103,0.111237464,0.006050296,2.87085035,0.052527847,0.029415594,2026,13,4869645,7.56604064,,,,
,,,21.31368803,0.282469508,0.00886077,2.343553535,0.02417181,0.013536214,2026,13,3116164,6.1610245,,,,
,,,42.9868237,0.261627435,0.014365781,3.24282627,0.059333877,0.033226971,2026,13,4431492,9.07511687,,,,
,,,22.49570983,0.128904073,0.006548591,1.679376538,0.025227422,0.014127356,2026,13,4241463,4.68788043,,,,
2.235665806,0.014397315,0.000983,5.546739228,0.031828199,0.001571973,0.732233766,0.011991713,0.006215248,2026,13,4599739,1.7808236,,,,
33.47869166,0.156313246,0.008740348,,,,,0.651645654,0.310705964,2026,13,3122840,17.23382346,230.3657512,1.386255,0.07042459,0.682856589
6.236475103,0.039854999,0.0046,,,,,0.488396761,0.234023699,2026,13,8439,15.11812517,242.5690372,1.585272,0.087046183,0.758323394
,,,28.88385636,0.251675954,0.008822907,2.222931221,0.037452566,0.020973437,2026,13,2977187,6.59806152,,,,
,,,23.09723323,0.156829247,0.008337224,1.889315334,0.02727852,0.015275971,2026,13,2991662,5.12685665,,,,
,,,14.17309923,0.092649198,0.006361233,0.912598569,0.014782003,0.008277922,2026,13,3925357,2.8823603,,,,
27.80698606,0.138365079,0.00365,,,,,0.698673008,0.333391101,2026,13,4242512,12.18692399,206.1809566,0.5265,0.028636763,0.596707341
,,,23.05761179,0.119264528,0.004522266,1.804973899,0.026420434,0.014795443,2026,13,4429022,4.80647189,,,,
9.896051467,0.04534441,0.00249,3.554112756,0.017281657,0.000534326,0.559681358,0.015993855,0.007693964,2026,13,3149687,2.27153731,,,,
0.955528674,0.025344272,0.00102,34.6709322,0.355169513,0.01245104,3.050964202,0.055842923,0.030805628,2026,13,4576297,8.86349982,,,,
28.08082528,0.148863807,0.009891336,3.205674852,0.007663338,0.000549303,0.452704601,0.054788842,0.025528298,2026,13,4241457,4.49178817,,,,
,,,37.12828628,0.172315813,0.012351489,2.672019127,0.048889839,0.02737831,2026,13,4682648,7.38997899,,,,
19.56546297,0.125856145,0.006659462,10.7960815,0.047114357,0.001477928,1.409614808,0.058872205,0.028523673,2026,13,3116389,5.4443737,,,,
8.040597408,0.142180724,0.004825202,,,,,0.346001792,0.165636324,2026,13,4360423,16.39088199,241.1229384,1.571424,0.097481868,0.539668562
,,,9.690214278,0.061000418,0.00348636,0.941612919,0.016134347,0.009035234,2026,13,3886598,2.26596511,,,,
,,,27.21527963,0.194537133,0.008997709,2.059965438,0.037691114,0.021107024,2026,13,5081432,5.97160699,,,,
13.35471065,0.215578522,0.00989,,,,,0.449835764,0.215129721,2026,13,4688380,14.68528002,214.9108063,1.198754,0.082305663,0.550561157
,,,36.21048844,0.084261095,0.003509371,2.690042072,0.049219604,0.027562978,2026,13,4686612,6.76985227,,,,
,,,24.59655613,0.15790477,0.006576539,2.354152475,0.030510741,0.017086015,2026,13,4595342,5.74102176,,,,
0.619672658,0.004223415,0.000223,26.99428027,0.186553181,0.005851976,2.365745668,0.045272811,0.02515409,2026,13,4384852,6.38896293,,,,
4.555728781,0.034557071,0.00123,1.642363701,0.010181592,0.000718276,0.232683266,0.011542279,0.005515947,2026,13,4429501,1.14890935,,,,
5.377241755,0.028466482,0.00104,22.35849962,0.082921777,0.003144224,1.834849408,0.051199166,0.026908834,2026,13,4586312,5.34223574,,,,
,,,37.18971347,0.201424308,0.009966335,3.331199267,0.058704546,0.032874546,2026,13,5083754,8.21444804,,,,
,,,35.84901879,0.098877746,0.005378041,2.551866978,0.046691419,0.026147195,2026,13,4869961,6.68972703,,,,
1.385353254,0.007661581,0.000280917,43.44744927,0.159304445,0.006040498,2.642510936,0.042205341,0.023282451,2026,13,4686422,8.09478127,,,,
,,,6.903306594,0.059039516,0.002389142,0.524549234,0.009597659,0.005374689,2026,13,4715355,1.5633991,,,,
,,,25.89768572,0.111272807,0.005146577,2.59174704,0.029698673,0.016631257,2026,13,4360635,5.82696909,,,,
,,,23.0247394,0.114844287,0.009396824,2.403311404,0.029834388,0.016707257,2026,13,3051876,5.3810162,,,,
,,,40.27451451,0.090031624,0.004084566,3.35732469,0.045244788,0.025337081,2026,13,4243331,7.88365486,,,,
,,,23.57473871,0.196986587,0.01352497,2.470684865,0.024051095,0.013468613,2026,13,4686728,6.01082697,,,,
,,,7.038522382,0.053870988,0.002958019,0.615422832,0.01126037,0.006305807,2026,13,4685261,1.63610242,,,,
,,,6.420610399,0.040074328,0.001465292,0.755076642,0.007669395,0.004294861,2026,13,2573401,1.63212671,,,,
12.24217606,0.072289664,0.004023212,8.42936315,0.043438214,0.002009099,0.933231907,0.060602543,0.029277843,2026,13,3068267,3.64986403,,,,
0.761999034,0.005997682,0.000495,24.81344216,0.170484925,0.013949469,2.09336714,0.040831371,0.022612657,2026,13,4600981,5.69455053,,,,
,,,32.49633195,0.261483091,0.009687911,2.317407639,0.042401525,0.023744854,2026,13,5123663,7.10894749,,,,
,,,25.91452151,0.168853419,0.008976442,2.002325841,0.038920628,0.021795551,2026,13,4427095,5.58228629,,,,
,,,14.90114034,0.107483135,0.006667619,1.036768577,0.018969718,0.010623042,2026,13,4870612,3.26100076,,,,
3.19677351,0.010460393,0.000695,5.04420236,0.025276798,0.001811825,0.663872193,0.01535942,0.007777407,2026,13,4360516,1.7218616,,,,
10.70438964,0.054623327,0.00179,12.92686438,0.065795991,0.002740322,1.452348248,0.035402632,0.017520748,2026,13,4430968,4.52465146,,,,
6.959649756,0.060676904,0.00216,13.60444986,0.088539377,0.006246143,1.620324407,0.026854088,0.013703283,2026,13,3915411,4.56214577,,,,
,,,25.08601057,0.082016615,0.00446095,2.386250623,0.029427217,0.016479241,2026,13,4367209,5.36368879,,,,
,,,21.10040644,0.194235489,0.010665336,2.149662741,0.033759885,0.018905536,2026,13,4430802,5.40952992,,,,
2.703744307,0.019467767,0.000788,5.285744181,0.033073062,0.001636432,0.453082998,0.018202595,0.00927936,2026,13,3676833,1.73197321,,,,
,,,12.3991087,0.067152748,0.004737391,0.864010071,0.013978527,0.007827975,2026,13,4242433,2.50102526,,,,
16.37601921,0.136180426,0.00905,,,,,0.57445191,0.274567115,2026,13,4433970,12.8762086,220.2429506,1.049078,0.075197249,1.109523083
1.365598824,0.007579219,0.000503605,26.49256075,0.095641564,0.006855527,1.74328124,0.03234623,0.017699662,2026,13,4040655,5.12859284,,,,
8.931651535,0.066818613,0.003736202,14.9886892,0.065346548,0.003319738,1.971978829,0.034658248,0.017638004,2026,13,4601080,5.16944013,,,,
,,,22.43367585,0.089984861,0.00373972,1.760954071,0.032220114,0.018043264,2026,13,4360763,4.51647573,,,,
,,,16.66359277,0.151689254,0.007491827,1.732877542,0.02377521,0.013314118,2026,13,4036131,4.29835776,,,,
,,,9.135857283,0.061360888,0.003016756,0.740822923,0.013554811,0.007590694,2026,13,4912218,2.0137837,,,,
,,,21.22914574,0.125441953,0.004247192,2.077406477,0.038440491,0.021526675,2026,13,3045523,4.9194278,,,,
,,,30.12747316,0.140710906,0.00638379,2.191406936,0.040096095,0.022453813,2026,13,5220680,6.01733564,,,,
,,,10.54986459,0.057984135,0.002619303,1.126853995,0.012757679,0.0071443,2026,13,4258595,2.52103187,,,,
,,,10.11421162,0.108440825,0.00765012,1.067520646,0.009092888,0.005092017,2026,13,3930086,2.73494296,,,,
14.48416299,0.131330378,0.004705072,5.75563728,0.028281617,0.00104783,0.803589408,0.039979744,0.019081487,2026,13,4912274,3.75964024,,,,
,,,33.16446789,0.241198163,0.01496251,2.254179688,0.028871252,0.016167901,2026,13,4361409,7.01616667,,,,
,,,13.6438147,0.155939182,0.005701817,1.44485679,0.018455275,0.010334954,2026,13,4242557,3.73609428,,,,
12.64380589,0.103970252,0.00477,,,,,0.026124658,0.012017343,2026,13,4685555,1.87439742,,,,
19.17109669,0.080469816,0.004624725,7.222330309,0.029467925,0.00122467,0.9744978,0.042174987,0.020117415,2026,13,4239934,4.24604691,,,,
,,,6.253479823,0.041481743,0.002848109,0.547711142,0.010954223,0.006134365,2026,13,4431268,1.67886234,,,,
,,,22.02426141,0.153620865,0.004749755,1.867959878,0.037359198,0.020921151,2026,13,4430191,5.06435915,,,,
,,,7.662705411,0.04488008,0.001641012,0.581081942,0.010632036,0.00595394,2026,13,4710855,1.60828791,,,,
0.708521576,0.005186455,0.00042824,11.06101006,0.104841251,0.008578353,0.713932979,0.013349078,0.007258953,2026,13,4431280,2.55489986,,,,
,,,1.545619417,0.012432237,0.00061122,0.219090347,0.002132699,0.001194312,2026,13,4596602,0.46998046,,,,
1.971604819,0.015135869,0.001249753,14.42001428,0.092884924,0.007600058,1.143517153,0.031163872,0.016622415,2026,13,4686472,3.51038184,,,,
0.708035166,0.005012442,0.000254675,1.989406755,0.010384893,0.000593528,0.182012173,0.005669097,0.002940811,2026,13,4430656,0.71246365,,,,
12.31697122,0.122545222,0.00357,,,,,0.032414846,0.014910829,2026,13,4430871,1.9451448,,,,
,,,2.366843913,0.01272829,0.000574972,0.182243278,0.003334499,0.001867319,2026,13,4869748,0.56407242,,,,
0.593200215,0.004456542,0.000151,10.71141308,0.083870075,0.003206317,1.339117499,0.016694,0.009196096,2026,13,16002,2.98830197,,,,
,,,13.26509,0.124122241,0.004351305,0.924889813,0.016922676,0.009476699,2026,13,4597703,2.99352528,,,,
,,,10.75127433,0.065947245,0.003505832,0.680136583,0.012444435,0.006968884,2026,13,4613202,2.18921575,,,,
1.198471498,0.006029554,0.000312455,3.408110316,0.021374242,0.000962768,0.44595685,0.006129817,0.003203082,2026,13,4911851,1.06734409,,,,
,,,10.0548265,0.082928521,0.003170322,0.72407074,0.010460809,0.005858053,2026,13,16731,2.22202505,,,,
,,,8.791088744,0.082154806,0.004367444,0.880778925,0.010717523,0.006001813,2026,13,4831959,2.2498311,,,,
,,,10.72565375,0.062919825,0.004510053,0.895603145,0.008718326,0.004882263,2026,13,4429148,2.34517345,,,,
17.01030731,0.128263719,0.00519,3.249352221,0.022903026,0.001133226,0.51355471,0.031820609,0.014990662,2026,13,4429676,3.43002626,,,,
,,,2.311694268,0.021703046,0.000760835,0.206706719,0.002515256,0.001408543,2026,13,4678006,0.56686561,,,,
,,,16.3016755,0.104109667,0.005118463,1.6326642,0.013906647,0.007787722,2026,13,4240472,3.88251843,,,,
,,,20.04050441,0.162817071,0.011178913,1.317353002,0.024103561,0.013497994,2026,13,4883647,4.29430371,,,,
,,,19.27913459,0.097889126,0.004068217,2.054843809,0.03494946,0.019571698,2026,13,4372780,4.54000906,,,,
5.735656608,0.04095136,0.003381312,8.266601465,0.043781016,0.003582264,0.963725275,0.024512262,0.012282601,2026,13,4362748,2.87788306,,,,
,,,2.464592321,0.012405806,0.00045361,0.211551245,0.002709522,0.001517332,2026,13,4360797,0.53038927,,,,
,,,21.04207192,0.029284182,0.00159279,1.591060267,0.029111573,0.016302481,2026,13,4685307,3.84922402,,,,
2.306741336,0.011842699,0.000651,14.56455993,0.118003786,0.003648522,1.471752477,0.0346067,0.018611942,2026,13,4431487,3.91024867,,,,
,,,20.37466961,0.153883488,0.007565551,1.600248213,0.029279685,0.016396623,2026,13,5082630,4.54412796,,,,
,,,4.301175791,0.035399093,0.001110432,0.514329257,0.006258478,0.003504748,2026,13,4427834,1.15221776,,,,
,,,11.83099734,0.087821441,0.002715323,1.381539181,0.021019002,0.011770641,2026,13,3054212,3.07401192,,,,
,,,25.78914371,0.167594899,0.007549043,1.794018682,0.032825096,0.018382054,2026,13,4879194,5.39448136,,,,
,,,2.579164298,0.023479552,0.001159639,0.196395861,0.003593448,0.002012331,2026,13,4879276,0.59357902,,,,
,,,12.57225035,0.115059802,0.007137631,1.292002538,0.016542125,0.00926359,2026,13,3043275,3.23577127,,,,
,,,2.064748735,0.013644392,0.000675115,0.241795584,0.00235378,0.001318117,2026,13,4372096,0.52891321,,,,
4.289151058,0.021433631,0.0012,1.590598192,0.008289893,0.000421144,0.249500959,0.008178779,0.00393741,2026,13,4722893,1.0114005,,,,
,,,7.262086381,0.04107946,0.001502044,0.703418888,0.01305485,0.007310716,2026,13,4569382,1.66483134,,,,
,,,6.30738814,0.040113094,0.00162325,0.580709261,0.005652965,0.00316566,2026,13,3052096,1.44919122,,,,
,,,10.68882804,0.069513476,0.00265747,0.755102423,0.013816082,0.007737006,2026,13,4431466,2.23127181,,,,
1.410839226,0.012174217,0.000831,,,,,0.004792371,0.002204491,2026,13,4698597,0.32779215,,,,
2.771483642,0.024097187,0.000976,1.732520783,0.008217386,0.000406591,0.267635087,0.006555377,0.003199531,2026,13,4383396,0.90846189,,,,
3.009416627,0.0211019,0.000615,17.8730707,0.094174103,0.004272502,1.307390576,0.034493486,0.018259131,2026,13,4608810,4.15004309,,,,
,,,6.474830484,0.054738014,0.002028036,0.77098632,0.007505233,0.00420293,2026,13,4242392,1.74274566,,,,
2.480258547,0.012087295,0.000626371,3.17694127,0.023481669,0.001057694,0.48504168,0.010480877,0.005319969,2026,13,2576336,1.27679674,,,,
,,,20.18332824,0.143515279,0.006637852,1.442588024,0.021115985,0.011824952,2026,13,4567156,4.31219572,,,,
,,,2.325949884,0.017479065,0.000887972,0.178365014,0.003263538,0.001827581,2026,13,4808839,0.51404157,,,,
,,,12.94115335,0.071868437,0.002986812,1.215961418,0.023085511,0.012927886,2026,13,4567096,2.92201723,,,,
,,,6.252557488,0.032158385,0.00183795,0.560424098,0.01025406,0.005742273,2026,13,4565185,1.37109211,,,,
,,,6.818316779,0.051937078,0.001758477,0.740231149,0.009351442,0.005236807,2026,13,4426844,1.72697523,,,,
,,,5.285152738,0.036520202,0.0011456,0.429910781,0.007866062,0.004404995,2026,13,5092508,1.17123608,,,,
,,,9.782350117,0.078233219,0.003618434,0.773693207,0.015473864,0.008665364,2026,13,4361577,2.22422488,,,,
,,,7.086370295,0.052171508,0.001613074,0.628747209,0.011504165,0.006442333,2026,13,4259305,1.66515586,,,,
,,,6.595725448,0.022308047,0.000929103,0.506376679,0.009265156,0.005188487,2026,13,4685553,1.29152354,,,,
,,,6.542864341,0.045555059,0.001429014,0.805998063,0.010326052,0.005782589,2026,13,3127310,1.7251801,,,,
,,,14.89186617,0.109102454,0.006768072,1.293294534,0.025865891,0.014484899,2026,13,3917914,3.4602175,,,,
,,,4.612300062,0.019038049,0.000941989,0.358757979,0.00717516,0.004018089,2026,13,4426485,0.92825368,,,,
,,,6.46253683,0.04373762,0.002164107,0.727120743,0.008847775,0.004954754,2026,13,4360967,1.63045225,,,,
,,,6.580443311,0.035123945,0.001586645,0.643295234,0.007827766,0.004383549,2026,13,4685504,1.50669583,,,,
,,,8.897705558,0.088326229,0.007227055,0.85838422,0.008356015,0.004679369,2026,13,3911853,2.28342832,,,,
,,,1.974944785,0.015652762,0.001104247,0.209501117,0.002549258,0.001427585,2026,13,4573699,0.50033269,,,,
,,,3.071334725,0.014332322,0.001027332,0.424136584,0.003646087,0.002041809,2026,13,2975417,0.81533103,,,,
,,,11.91084252,0.061149241,0.00254679,1.23491103,0.015026685,0.008414944,2026,13,4241263,2.78155102,,,,
0.75779394,0.005709073,0.000194027,10.46206115,0.067323229,0.002573738,0.70504195,0.015364175,0.008357533,2026,13,4575665,2.33470022,,,,
,,,1.689202928,0.008756022,0.00046548,0.227432367,0.001955121,0.001094868,2026,13,4039505,0.44768162,,,,
4.548566272,0.034246396,0.002339004,1.857799416,0.013162777,0.0006501,0.256562419,0.011211967,0.005378058,2026,13,5081999,1.17717192,,,,
,,,7.680542916,0.022750297,0.001237407,0.734575152,0.008938482,0.00500555,2026,13,4880236,1.63183074,,,,
,,,4.243141907,0.034262783,0.001309851,0.425978756,0.005183409,0.002902709,2026,13,4040612,1.05282073,,,,
,,,4.082943563,0.014149733,0.000641947,0.333767416,0.006106931,0.003419881,2026,13,5097554,0.84032427,,,,
,,,6.375499128,0.075451749,0.006173636,0.679668617,0.008270366,0.004631405,2026,13,4383440,1.77323189,,,,
,,,2.014992019,0.01028806,0.000390102,0.230639803,0.002806479,0.001571628,2026,13,4426496,0.49157811,,,,
,,,2.007823712,0.016579591,0.000766837,0.222004986,0.002701408,0.001512789,2026,13,4690923,0.5208444,,,,
,,,6.325285114,0.049365782,0.002710641,0.656727439,0.009612895,0.005383221,2026,13,4035656,1.58035928,,,,
,,,6.427048451,0.051080369,0.002594987,0.640907874,0.007798716,0.004367281,2026,13,4362018,1.58675615,,,,
,,,5.035983701,0.020722011,0.000863046,0.662126071,0.008337147,0.004668802,2026,13,3917668,1.2826652,,,,
,,,10.75449923,0.099750974,0.003782352,1.207245727,0.01390477,0.007786671,2026,13,3843945,2.87356006,,,,
,,,6.484923343,0.067640887,0.00237126,0.635683331,0.007735143,0.00433168,2026,13,2975863,1.68630415,,,,
,,,1.714374954,0.010619606,0.000539498,0.240762461,0.002069713,0.001159039,2026,13,2515270,0.47473317,,,,
,,,11.40038116,0.090232483,0.004064377,1.027730359,0.012505663,0.007003171,2026,13,4686248,2.70361578,,,,
,,,7.291693107,0.033632677,0.001275282,0.548420288,0.010034426,0.005619279,2026,13,4430681,1.47096287,,,,
,,,8.350624233,0.019774124,0.001075531,0.639027538,0.011692264,0.006547668,2026,13,4369466,1.58209883,,,,
,,,3.975754509,0.037397666,0.001729713,0.428550451,0.007127282,0.003991278,2026,13,4048228,1.04617717,,,,
,,,8.461024524,0.064983288,0.002700669,0.890122881,0.010831223,0.006065485,2026,13,4683243,2.11968163,,,,
,,,3.772144224,0.027624917,0.001578848,0.417484723,0.005080051,0.002844829,2026,13,4708049,0.95805109,,,,
,,,3.862128596,0.021980908,0.000770576,0.461599463,0.003968137,0.002222156,2026,13,4243176,0.97689961,,,,
,,,1.864054585,0.009468072,0.000774699,0.237277,0.00203975,0.00114226,2026,13,3929914,0.47980959,,,,
,,,6.383720388,0.027599309,0.001149477,0.560361985,0.01120724,0.006276054,2026,13,4362477,1.48712616,,,,
,,,4.8863592,0.028105727,0.001170569,0.291886592,0.005248205,0.002938995,2026,13,3051738,0.94575862,,,,
,,,2.009104847,0.016531099,0.000764595,0.212906306,0.002590694,0.001450788,2026,13,4361088,0.5116994,,,,
,,,6.598608236,0.05052498,0.001847414,0.715367675,0.008704761,0.004874666,2026,13,4426553,1.67255367,,,,
,,,10.56884485,0.043919697,0.003015498,1.061686734,0.012546929,0.00702628,2026,13,4361516,2.37439904,,,,
,,,2.264462175,0.01415345,0.000877996,0.17574375,0.003215577,0.001800723,2026,13,4369886,0.48534981,,,,
,,,4.381376696,0.020456178,0.001466286,0.367314863,0.006720747,0.003763618,2026,13,4257188,1.17554337,,,,
,,,4.81514162,0.037920278,0.001926428,0.408775731,0.007479355,0.004188439,2026,13,4241424,1.11348494,,,,
,,,1.847693417,0.011986124,0.000543788,0.185792334,0.002260764,0.001266028,2026,13,4372505,0.44109364,,,,
,,,3.773858394,0.030943779,0.001919569,0.395436012,0.004811758,0.002694584,2026,13,4035020,0.9570617,,,,
,,,4.276342106,0.035375594,0.001197741,0.463114513,0.005635285,0.00315576,2026,13,4239944,1.09923505,,,,
,,,4.236455533,0.036444693,0.001126822,0.528829918,0.006434926,0.003603558,2026,13,4431346,1.16635996,,,,
,,,2.197471153,0.01245285,0.000472187,0.230095459,0.002799855,0.001567919,2026,13,4362504,0.52244201,,,,
,,,8.394133613,0.062321084,0.001954947,1.102212646,0.013099934,0.007335963,2026,13,3050481,2.30513608,,,,
,,,1.89033197,0.018083488,0.000889059,0.199840718,0.002431708,0.001361757,2026,13,4431196,0.49649365,,,,
97.54448503,1.06775993,0.038077617,39.13502352,0.240749099,0.008878637,4.856828071,0.218656616,0.104623846,2026,14,4429795,26.26626992,,,,
,,,81.89011266,0.640478139,0.023620328,7.276229531,0.077552262,0.043429267,2026,14,4374302,19.27053775,,,,
33.24503034,0.897636059,0.0318,,,,,0.639158345,0.304414243,2026,14,3918298,23.30316798,245.2663719,1.603652,0.112466547,0.664489444
97.84725852,0.735992536,0.025384205,31.95817647,0.168292987,0.010609914,3.287616885,0.258210202,0.122502617,2026,14,4430807,21.52769653,,,,
,,,90.86333675,0.726118823,0.02556831,6.849972647,0.111559586,0.062473368,2026,14,4430878,20.22215514,,,,
64.01300898,0.679229836,0.023114893,35.05265878,0.211658301,0.008102382,4.239120347,0.118246133,0.056951471,2026,14,3117251,19.44266755,,,,
0.523451729,0.003925108,0.000207,89.04958032,0.667401236,0.020896402,8.099064783,0.124849956,0.069759669,2026,14,4362628,20.99030752,,,,
3.969987207,0.066085913,0.002449905,94.93907434,0.429195376,0.015767039,7.709552403,0.125663772,0.069359681,2026,14,4426515,20.47317882,,,,
83.64311163,0.818765017,0.020579668,22.06724841,0.067766905,0.003512695,2.818557325,0.203904681,0.096373837,2026,14,4242335,18.56960391,,,,
94.38152961,0.838710594,0.029695857,16.11731878,0.098529561,0.006910028,2.071801317,0.285936382,0.134281537,2026,14,4379399,18.55733578,,,,
101.8135052,1.156180991,0.0308,12.07837142,0.064820766,0.003034587,1.415171565,0.17196797,0.080081486,2026,14,3043078,20.04241797,,,,
,,,77.83103975,0.450489494,0.026098013,6.614559988,0.094145384,0.052721415,2026,14,4262921,17.04983812,,,,
,,,66.95308332,0.587104658,0.036931657,5.729831703,0.048805349,0.027330996,2026,14,4432665,15.96825931,,,,
39.17134763,0.252345589,0.00673,,,,,0.451394372,0.215018295,2026,14,3916387,19.59859479,236.6937439,1.482642,0.069409942,0.482557279
92.27656754,0.902769446,0.0362,26.09799919,0.201016762,0.009849055,3.039819737,0.11482182,0.054363983,2026,14,4567048,21.4863938,,,,
65.72855712,0.487600773,0.0369,34.53930189,0.200540921,0.012614972,3.839340066,0.119387226,0.057119468,2026,14,4890973,17.98291714,,,,
,,,79.53524506,0.476500515,0.023754988,6.403478269,0.099532063,0.055737956,2026,14,4361370,17.15466793,,,,
1.61704765,0.012866865,0.000443775,78.33962006,0.330033865,0.020806754,5.474153746,0.094761364,0.052574123,2026,14,4426502,15.46707971,,,,
57.76146895,0.398225869,0.021031913,24.24857712,0.127230185,0.00398359,4.347727093,0.120739354,0.058313383,2026,14,4362238,15.63805826,,,,
1.348163979,0.011670438,0.00042213,74.92746761,0.581575892,0.021754574,5.744014304,0.088665058,0.049287775,2026,14,4258173,16.8791733,,,,
84.1585251,0.491256581,0.0157,14.82783194,0.101908228,0.004135596,1.784742257,0.121479752,0.056983039,2026,14,3929630,15.17128193,,,,
,,,70.63663301,0.471179389,0.017309375,4.807625674,0.065321671,0.036580136,2026,14,16800,14.66154579,,,,
,,,64.96031692,0.338573779,0.025247922,5.986158567,0.112484595,0.062991373,2026,14,4569618,14.44111603,,,,
3.660121918,0.030491732,0.000813,81.18962585,0.349270774,0.016351125,5.308600475,0.100110724,0.055016898,2026,14,4429615,15.99908474,,,,
55.59220021,0.561415022,0.0208,21.04739737,0.170935419,0.00627953,3.709432446,0.163364812,0.078914214,2026,14,4430737,15.66813948,,,,
1.739354438,0.039469239,0.00099206,44.07607119,0.248818886,0.012897518,5.339014505,0.066096711,0.036435193,2026,14,4431459,11.60694059,,,,
,,,68.03228319,0.394521322,0.016010294,5.585164643,0.080170943,0.044895728,2026,14,4241478,14.69986803,,,,
,,,59.82834836,0.227676473,0.016831528,4.817723446,0.071276436,0.039914804,2026,14,4595348,12.12233457,,,,
,,,78.74755279,0.671525987,0.027162828,5.421628092,0.108432562,0.060722235,2026,14,4685472,17.26128248,,,,
68.26758062,0.511620069,0.0165,9.632512357,0.038519229,0.001581396,1.348838388,0.234364138,0.10979547,2026,14,4685382,12.26243533,,,,
,,,65.77047419,0.456682599,0.022375707,5.561389811,0.111227796,0.062287566,2026,14,4428331,14.80164311,,,,
59.50537496,0.262443508,0.018,12.86652126,0.035173082,0.002600254,1.795254423,0.309716749,0.145730449,2026,14,4696981,10.57604319,,,,
10.53768737,0.120443567,0.00636111,,,,,0.505675459,0.242042978,2026,14,3915511,17.98749073,263.5382818,1.864652,0.058382448,0.723899921
69.30874806,0.547241333,0.0334,22.74825791,0.110753192,0.008259021,2.826912032,0.145099476,0.068889075,2026,14,4427366,15.92994767,,,,
26.47015641,0.447132213,0.014255341,,,,,0.462666199,0.22068186,2026,14,4040715,18.52321269,226.4272191,1.449966,0.058841894,0.690309871
,,,64.01679028,0.45314276,0.017346525,4.640644507,0.044199701,0.024751832,2026,14,3040151,13.74753348,,,,
,,,65.18946493,0.358015071,0.011209489,5.006645866,0.069376221,0.038850684,2026,14,4239993,13.6202304,,,,
21.12869041,0.237918176,0.008096601,,,,,0.368664495,0.176103064,2026,14,4361741,19.18285175,252.361879,1.81188,0.069359645,0.755973938
73.4442123,0.327001159,0.00971,19.29892077,0.084370209,0.003901692,2.728622373,0.185924746,0.088089915,2026,14,4596448,14.32711544,,,,
63.86961793,0.556858406,0.015922538,18.10856766,0.059989197,0.002671604,2.09165255,0.206950645,0.097728984,2026,14,4259545,13.83775304,,,,
,,,49.3597065,0.499424136,0.018418368,4.754189291,0.040495058,0.022677233,2026,14,4430027,12.67925503,,,,
0.673294781,0.004208319,0.000124951,51.81950959,0.21346371,0.009871608,3.480550801,0.052866977,0.029413491,2026,14,4567750,9.99842755,,,,
52.60709346,0.476471345,0.0266,20.59443686,0.116375748,0.005903968,2.921062745,0.08018534,0.038140801,2026,14,4685702,13.78914267,,,,
18.80200761,0.177008923,0.007098108,,,,,0.332349548,0.158914692,2026,14,3139477,18.33274335,251.7937328,1.71593,0.08407403,0.709127574
,,,66.18877538,0.27729393,0.01513046,4.594406349,0.07374536,0.041297402,2026,14,4047646,12.82665758,,,,
,,,51.50271567,0.282324252,0.01159074,4.041626787,0.065863349,0.036883475,2026,14,4612826,10.8369984,,,,
,,,51.76485773,0.29762415,0.014582449,4.22503219,0.052203299,0.029233847,2026,14,15847,11.15934007,,,,
,,,67.68098487,0.54429492,0.016784988,4.806998594,0.078143295,0.043760245,2026,14,4248528,14.78898009,,,,
0.713187634,0.004573401,0.000235369,63.09397436,0.53083553,0.023746439,4.415894451,0.091171981,0.0507709,2026,14,4432620,14.20895092,,,,
0.710716145,0.00402459,0.000335996,56.36870474,0.228989406,0.018944503,4.566057509,0.069256447,0.03860142,2026,14,4372016,11.63527173,,,,
2.940962944,0.032707239,0.001158051,62.7458245,0.37758719,0.026480762,4.482710042,0.076502119,0.04199687,2026,14,3915416,13.48646125,,,,
82.37097761,0.644862329,0.0361,15.25196562,0.116428371,0.004709459,2.166250161,0.135932228,0.064019567,2026,14,4241416,16.45345647,,,,
56.63766834,0.584901858,0.021156398,12.9441212,0.048764199,0.001824086,1.819403292,0.105210032,0.049622396,2026,14,4035538,12.52907276,,,,
42.34718563,0.194410612,0.010012452,22.7087897,0.11007745,0.006377069,2.878642587,0.139414579,0.067312498,2026,14,3042519,11.11300054,,,,
77.13585576,0.51527185,0.0265,15.08023545,0.09134626,0.004086291,1.826582743,0.153060983,0.071861425,2026,14,4882093,14.60938826,,,,
,,,46.7211258,0.418520678,0.02123237,4.50901289,0.053287153,0.029840806,2026,14,5083076,11.67643667,,,,
,,,63.20131778,0.457962505,0.02113019,4.27131464,0.063000279,0.035280156,2026,14,3121422,13.31258352,,,,
49.21067785,0.166222699,0.0196,27.0182168,0.123245104,0.006932102,3.445099806,0.15730197,0.07598594,2026,14,4569987,12.71004041,,,,
,,,61.49795053,0.441476575,0.016899937,4.142967641,0.053062612,0.029715063,2026,14,16737,12.91738989,,,,
,,,40.81817582,0.331754706,0.014774612,3.439990664,0.033486887,0.018752656,2026,14,4723086,9.50526239,,,,
,,,51.59784507,0.302225769,0.011145848,3.628438264,0.052054797,0.029150686,2026,14,4426388,10.56694171,,,,
3.137672725,0.025308522,0.00072366,56.08185853,0.278345113,0.012396029,4.393684551,0.084932101,0.046558773,2026,14,4685278,12.07292532,,,,
33.65755062,0.116700202,0.00671,,,,,0.774665808,0.369512285,2026,14,4431452,15.04278085,230.0188801,1.089152,0.059429252,0.997126281
45.27660898,0.260524196,0.014977652,21.51970097,0.105106066,0.005735081,2.599109077,0.171426651,0.082148,2026,14,4569173,11.35417511,,,,
,,,53.34529576,0.209356752,0.015477199,5.050284239,0.079090584,0.044290727,2026,14,4361050,11.58541527,,,,
,,,43.98908644,0.215600238,0.015120372,3.701275408,0.054421074,0.030475802,2026,14,4385690,9.36450862,,,,
2.46745514,0.039500947,0.00146436,,,,,0.392162512,0.187926294,2026,14,12483,15.39230224,260.7734729,1.602846,0.05888259,0.84449659
,,,59.5340746,0.25642108,0.01442278,4.077679635,0.067960223,0.038057725,2026,14,4047650,11.52413769,,,,
17.7746681,0.22135179,0.011391817,,,,,0.37818191,0.180713314,2026,14,4360310,19.38239081,245.148373,2.000988,0.089512357,0.691707689
,,,53.33094537,0.35552327,0.015833139,3.339959434,0.059617915,0.033386032,2026,14,4431299,10.7726598,,,,
55.76541394,0.321136931,0.022139352,17.35657376,0.099467371,0.004958748,2.31401118,0.108247865,0.051431172,2026,14,4239996,12.10402562,,,,
51.35713161,0.235423602,0.013534608,9.032218683,0.036330156,0.001982344,1.278586229,0.091445884,0.042967227,2026,14,4432710,8.89555526,,,,
27.76504464,0.228640259,0.00654,,,,,0.491488246,0.234611983,2026,14,4431611,17.51137716,233.7696507,1.344824,0.059891395,0.521824856
,,,73.96153727,0.35169919,0.024135425,5.146723344,0.094169414,0.052734872,2026,14,4871023,14.59835732,,,,
1.133797198,0.006003945,0.000329193,65.84304113,0.430266075,0.013268562,4.424951855,0.067808961,0.037669177,2026,14,4701936,13.69390096,,,,
2.452136318,0.05183722,0.001848578,,,,,0.502930715,0.240920629,2026,14,3046779,18.3177762,267.6795758,2.069436,0.076319166,0.455571007
0.772638875,0.009605015,0.000526638,48.00305001,0.273460791,0.008432995,4.614101997,0.061021685,0.033909442,2026,14,4572680,11.1417741,,,,
71.51516879,0.526944606,0.024167571,14.57922031,0.040031696,0.002747183,2.40327932,0.122486632,0.057906542,2026,14,3916148,14.35582647,,,,
46.79025826,0.211382545,0.0117,,,,,0.492883153,0.234543455,2026,14,4426348,20.13284142,231.3939439,1.562306,0.072084116,0.515481377
18.04029365,0.216714526,0.014940416,,,,,0.661264925,0.316169205,2026,14,4360689,18.62657243,251.6833075,1.79774,0.089622761,0.66514217
,,,49.16271639,0.273246361,0.012607468,4.405203575,0.069409612,0.038869383,2026,14,2976212,10.91025955,,,,
,,,64.33326146,0.53342422,0.021576694,5.290461743,0.088816849,0.049737435,2026,14,4695883,14.93689917,,,,
10.13317278,0.093436564,0.003179743,43.39120899,0.350177024,0.013404946,3.343194734,0.102691593,0.053924522,2026,14,3126486,11.32838141,,,,
16.3110493,0.188787983,0.010560141,,,,,0.424915316,0.203340792,2026,14,4685720,21.11124523,266.234184,2.28746,0.092526402,0.631253228
,,,45.38640689,0.181021048,0.00938322,4.147303218,0.058825439,0.032942246,2026,14,4688813,9.72650614,,,,
0.772231878,0.005444556,0.00028,50.59242253,0.227161131,0.013160028,3.868277539,0.051142859,0.028480157,2026,14,4429205,10.37164684,,,,
55.97948471,0.411632259,0.0226,17.9717564,0.089627463,0.002763935,2.55337199,0.167383295,0.079625868,2026,14,4047365,12.85194657,,,,
51.55296057,0.430568813,0.012311475,10.94613482,0.05208501,0.002319593,1.281136995,0.056095764,0.026354716,2026,14,4608686,10.40500418,,,,
,,,40.50861102,0.385335961,0.018039518,4.02840507,0.051827805,0.029023571,2026,14,3116365,10.37068183,,,,
,,,44.09463732,0.385677971,0.031907491,3.255627159,0.054591239,0.030571094,2026,14,3128429,9.98327151,,,,
58.10115409,0.341283147,0.013825493,12.64686455,0.084921247,0.002990272,1.454694165,0.12357129,0.05809332,2026,14,4685512,11.00743128,,,,
,,,46.31369702,0.329791549,0.013383458,4.17273133,0.049660601,0.027809937,2026,14,3121023,10.75531137,,,,
63.77804014,0.398706783,0.03328639,6.281623567,0.028311966,0.002342275,1.015153056,0.06979457,0.032560501,2026,14,4241985,10.59121025,,,,
,,,40.14152981,0.362602061,0.018076806,3.955902053,0.059835759,0.033508025,2026,14,3929645,10.11638296,,,,
18.05525542,0.192668475,0.016085099,,,,,0.507835873,0.242622114,2026,14,4426338,16.15311433,233.2414441,1.365966,0.113007615,0.694132512
0.788505412,0.006985004,0.000359482,43.52999344,0.422407042,0.01889599,3.785101557,0.060954517,0.033913071,2026,14,3916433,10.76559652,,,,
,,,34.46855753,0.123680801,0.007797369,2.700336573,0.023000827,0.012880463,2026,14,4360248,6.87971694,,,,
21.93109407,0.154892881,0.0129,30.03665324,0.186667024,0.015443133,4.187586396,0.080575799,0.04057396,2026,14,4568490,11.44130075,,,,
,,,37.04074113,0.108339165,0.006093695,3.876956135,0.06550144,0.036680806,2026,14,4035687,8.17161902,,,,
,,,54.76088958,0.372381925,0.018891661,3.984545201,0.072905082,0.040826846,2026,14,4832800,11.65298134,,,,
,,,46.66798242,0.331983486,0.016265926,3.28928763,0.042128785,0.02359212,2026,14,4683062,9.9344444,,,,
48.55279643,0.326063619,0.0181,5.145076761,0.031814353,0.0014679,0.691545792,0.1781284,0.082886439,2026,14,4575131,8.08666787,,,,
30.72004517,0.112511137,0.0133,11.03154825,0.052058027,0.00292808,1.630301412,0.072724159,0.034728753,2026,14,4038815,6.75779439,,,,
37.17424523,0.274352118,0.0102,6.609572049,0.026420575,0.000970593,1.047962133,0.067848153,0.031950693,2026,14,4429096,7.19121382,,,,
56.9152178,0.364677703,0.009470984,12.00039638,0.039246714,0.002102001,1.598341173,0.08751994,0.041220981,2026,14,4711533,10.8564631,,,,
27.57818843,0.184063559,0.01268944,13.78871115,0.053394421,0.002661873,2.160912944,0.065898235,0.031936534,2026,14,3054850,7.69092034,,,,
24.51309478,0.12801787,0.004129014,,,,,0.579919626,0.27697792,2026,14,4038941,14.77396456,222.3871789,1.182294,0.048538735,0.818397475
29.2347568,0.241215991,0.01472189,8.314660377,0.044016378,0.003282363,1.18244263,0.063881921,0.03030589,2026,14,4685247,6.62586129,,,,
,,,28.62060551,0.267779757,0.013349628,2.750080237,0.040254496,0.022542518,2026,14,4569559,7.20149555,,,,
,,,35.732904,0.279198933,0.012489707,2.362269675,0.03482779,0.019503562,2026,14,4432773,7.59764396,,,,
17.3519323,0.089774328,0.00267,17.60417562,0.097849766,0.004525053,2.595118673,0.058122516,0.028956835,2026,14,4371733,7.20994278,,,,
1.49900494,0.012758355,0.000585,42.29617191,0.184314541,0.012648621,4.260962945,0.062350544,0.034561913,2026,14,4569587,9.78190542,,,,
,,,37.30541209,0.20774462,0.011335523,2.642778761,0.050717181,0.028401621,2026,14,4361432,7.58699349,,,,
,,,38.00124611,0.146084324,0.00846304,4.911769309,0.05131337,0.028735487,2026,14,4036133,9.54921097,,,,
24.95688834,0.154284129,0.008565684,14.32584993,0.108715829,0.005016101,2.151660387,0.077668138,0.037678784,2026,14,4697815,7.64673722,,,,
,,,55.02664625,0.244087147,0.012652249,3.728103434,0.054652978,0.030605668,2026,14,4360078,10.6608241,,,,
,,,45.06638086,0.272985597,0.019144894,3.962401541,0.06849204,0.038355543,2026,14,4373678,10.07033791,,,,
28.60627254,0.15405605,0.007934128,,,,,0.419524218,0.200368769,2026,14,3917315,14.96198627,216.7279707,1.05372,0.061044705,0.727648121
61.65063504,0.531712322,0.0215,14.80739252,0.060150355,0.002118032,1.96546353,0.05522361,0.026078705,2026,14,4426385,13.158979,,,,
2.205893485,0.014584323,0.000433031,32.64627655,0.052769253,0.002440309,3.196471077,0.056237618,0.030876582,2026,14,3116165,7.03128505,,,,
0.344914273,0.008906174,0.000543561,37.61609011,0.214539838,0.015998537,3.644609833,0.04587519,0.025537433,2026,14,5083315,8.76460767,,,,
59.08613444,0.344660469,0.0178,6.305012461,0.023728206,0.001374636,0.985754432,0.138642707,0.064772091,2026,14,4360569,9.64766626,,,,
3.34952511,0.026255107,0.001466044,45.88942712,0.159336818,0.008083467,4.149376994,0.088622028,0.048358233,2026,14,4870653,10.19519071,,,,
1.420517075,0.011260356,0.000358999,32.07423881,0.215283451,0.00873654,2.246682508,0.045919355,0.02523365,2026,14,4870795,6.92435672,,,,
7.615457713,0.046794949,0.0019,,,,,0.413182551,0.197695897,2026,14,3912547,16.12496813,240.1042609,1.872948,0.065950798,0.882269789
32.12009238,0.230176316,0.008325673,12.81786176,0.076992732,0.00288001,1.61930555,0.080831819,0.03849209,2026,14,4429059,7.91671496,,,,
,,,41.14681065,0.263450455,0.010691233,2.88439675,0.0573836,0.032134816,2026,14,4428850,8.53840538,,,,
,,,35.51800226,0.156404429,0.005850503,3.7579192,0.043245369,0.024217407,2026,14,3117256,8.21255219,,,,
8.132356306,0.060161968,0.003298652,,,,,0.654355567,0.313424013,2026,14,4036378,17.14130578,265.0570254,1.84185,0.056799043,0.756605019
2.92572645,0.018475112,0.000595886,36.71626643,0.191066043,0.007844161,2.07614996,0.038134776,0.020580887,2026,14,4429025,7.2743225,,,,
12.16656877,0.067880433,0.003721852,3.432021235,0.025544998,0.000787758,0.568691351,0.029870739,0.014229415,2026,14,4429023,2.67044933,,,,
,,,35.07351108,0.13442357,0.00598652,3.419273288,0.068385466,0.038295861,2026,14,2973405,7.80357098,,,,
,,,30.69986575,0.170355133,0.009295377,2.806364631,0.027564425,0.015436078,2026,14,3046439,6.8869266,,,,
,,,34.84107791,0.172774451,0.008955758,3.84876891,0.068920002,0.038595201,2026,14,15818,8.31206252,,,,
13.16610981,0.07386313,0.002671692,,,,,0.490510721,0.234736851,2026,14,4432577,16.4729643,247.3899045,1.544792,0.057784879,0.512994542
21.48062677,0.171941568,0.00789,15.18198668,0.064274317,0.004410837,1.964130265,0.056460154,0.027592235,2026,14,4428557,7.01859212,,,,
41.30176064,0.32488569,0.0112,6.71343587,0.046350704,0.002922148,0.87797045,0.094125412,0.044109789,2026,14,4241474,7.85942029,,,,
,,,43.23590458,0.279014357,0.017551321,2.928002199,0.037501486,0.021000832,2026,14,4428718,8.91976978,,,,
,,,46.15996853,0.358753857,0.017884962,3.311770755,0.060355917,0.033799313,2026,14,4880281,10.05005805,,,,
3.761682742,0.022958602,0.00093,40.95920254,0.264567103,0.009316015,2.329453771,0.058334459,0.031492759,2026,14,4032473,8.78952984,,,,
18.44147603,0.107900433,0.0032,,,,,0.61567453,0.294316848,2026,14,3052587,12.13973975,216.6936735,0.708344,0.032757297,0.676237145
25.02555294,0.187401056,0.00638,3.383532323,0.022549495,0.000863206,0.446469581,0.056636797,0.026436734,2026,14,4696044,4.51018836,,,,
8.684124166,0.06205421,0.0016116,47.60033933,0.11868619,0.006356672,3.459116377,0.100252213,0.053034251,2026,14,4569603,10.23159375,,,,
,,,30.1031644,0.301470932,0.012194321,2.754723524,0.023464083,0.013139886,2026,14,2576925,7.57259243,,,,
21.595977,0.14418485,0.0046,11.47774933,0.051319881,0.002082641,1.483164254,0.060563655,0.029245496,2026,14,4431545,5.95661137,,,,
,,,52.2609579,0.292178462,0.021788158,3.091035213,0.061820704,0.034619594,2026,14,4597500,10.0461709,,,,
,,,36.58487753,0.310809112,0.021797514,2.712368645,0.04593782,0.025725179,2026,14,4635008,8.22906774,,,,
,,,41.91628611,0.317171776,0.014188388,3.69214738,0.052152467,0.029205382,2026,14,4430539,9.75814666,,,,
11.78398473,0.191945234,0.004824546,,,,,0.619620426,0.296398761,2026,14,3917792,12.75429891,215.355827,0.97299,0.050434903,0.808032712
,,,32.33587497,0.219013744,0.010253137,2.141208557,0.032254125,0.01806231,2026,14,4360939,6.67411217,,,,
35.86152658,0.165402689,0.005334803,13.19231647,0.079633466,0.003269329,1.785939781,0.066915362,0.032160185,2026,14,4596334,8.14387725,,,,
29.71786424,0.193256274,0.0146,3.738488636,0.021984988,0.00138296,0.454267534,0.063214749,0.029469296,2026,14,4686658,5.06604572,,,,
0.434747609,0.004969492,0.000587335,33.7511956,0.180672964,0.010162216,3.771600231,0.054940596,0.030487854,2026,14,4361411,8.26602468,,,,
42.07322873,0.194166151,0.00504,9.383109531,0.038822782,0.002079296,1.17211635,0.127536983,0.060057341,2026,14,4682745,7.64704455,,,,
,,,24.01769594,0.194866147,0.007158656,2.287797563,0.027838454,0.015589534,2026,14,4570037,5.84263428,,,,
19.62195399,0.162791632,0.00652799,7.850326709,0.048462765,0.002374491,0.974680538,0.047138038,0.022521381,2026,14,4832955,4.97681873,,,,
34.44583329,0.26168064,0.0135,1.830081404,0.013001292,0.000581601,0.228514643,0.058096011,0.026891481,2026,14,4362619,5.48011394,,,,
,,,41.4070411,0.135436799,0.007253812,2.813795045,0.051483908,0.028830988,2026,14,4869645,7.7253276,,,,
,,,21.67257667,0.286795913,0.00897961,2.454019935,0.02531118,0.014174261,2026,14,3116164,6.33232978,,,,
,,,33.52561757,0.21777936,0.013699351,3.323903239,0.037993492,0.021276356,2026,14,4429086,7.96898915,,,,
,,,43.72080235,0.173377331,0.009751863,3.496128473,0.063968538,0.035822381,2026,14,4431492,8.85801766,,,,
,,,21.60113965,0.128904073,0.006539555,1.629312755,0.024475369,0.013706206,2026,14,4241463,4.54916586,,,,
2.028508886,0.011491964,0.000792,5.384981259,0.027081743,0.001350107,0.775810181,0.011914916,0.006221524,2026,14,4599739,1.740757,,,,
29.49102644,0.155317376,0.00867268,,,,,0.648398237,0.3091411,2026,14,3122840,16.40268379,219.4939808,1.386255,0.070327417,0.679960168
5.869763665,0.030368672,0.00359,,,,,0.516673799,0.247611764,2026,14,8439,13.08119408,247.1454515,1.113528,0.062632018,0.839382442
,,,26.22428231,0.215676668,0.007594471,2.01959036,0.034026622,0.019054908,2026,14,2977187,5.91405773,,,,
,,,21.4802378,0.092938361,0.005071154,1.831474447,0.026443396,0.014808301,2026,14,2991662,4.5183501,,,,
14.46968902,0.104139688,0.00278,10.81271115,0.058446071,0.002736155,1.190237682,0.042869488,0.020830749,2026,14,4038441,4.66449707,,,,
,,,14.6460877,0.090226269,0.006191795,0.967730567,0.015675015,0.008778008,2026,14,3925357,2.96893853,,,,
28.7949535,0.165601936,0.0043,,,,,0.689604759,0.329040528,2026,14,4242512,13.11486424,210.3838491,0.6435,0.034464992,0.592612809
,,,23.08079211,0.153959221,0.005759037,1.757224295,0.025721496,0.014404038,2026,14,4429022,4.97244683,,,,
12.0066066,0.090421789,0.005518621,,,,,0.540303021,0.258467148,2026,14,15864,14.39008211,231.9371158,1.234182,0.092034685,0.629887114
9.160583637,0.046517343,0.00255,3.447383731,0.017632236,0.000543744,0.548294958,0.015790383,0.007593515,2026,14,3149687,2.18540663,,,,
1.037018192,0.02210298,0.000895,31.30804975,0.315777565,0.011119253,2.778613664,0.051535871,0.028367526,2026,14,4576297,8.00905918,,,,
27.25354083,0.106268458,0.00728,3.079210482,0.005500824,0.000406662,0.448962356,0.053569669,0.024964789,2026,14,4241457,4.11971293,,,,
,,,36.04134091,0.120307361,0.00889401,2.644499136,0.048386306,0.027096332,2026,14,4682648,6.93535075,,,,
16.83837755,0.128249719,0.00677,10.97682525,0.047989991,0.001502572,1.474710587,0.057120457,0.027784482,2026,14,3116389,5.27615131,,,,
8.076737215,0.099478909,0.003431004,,,,,0.347810867,0.166507496,2026,14,4360423,13.64049502,228.5017998,1.082976,0.068275464,0.527803046
,,,9.505461821,0.044609426,0.002584339,0.991690741,0.016992421,0.009515756,2026,14,3886598,2.19647945,,,,
,,,25.78481528,0.21745462,0.013678923,1.705549406,0.029124978,0.016309988,2026,14,4382466,5.58426452,,,,
,,,27.25694162,0.208953151,0.009641007,2.05522654,0.037604407,0.021058468,2026,14,5081432,6.06098475,,,,
14.00144027,0.221993484,0.0102,,,,,0.473086337,0.226290033,2026,14,4688380,14.98371879,223.3743952,1.165046,0.079951508,0.541874452
,,,37.19255766,0.126024066,0.005173881,2.623614671,0.048004184,0.026882343,2026,14,4686612,7.05686391,,,,
,,,25.22104025,0.189368965,0.007774488,2.304948374,0.029873037,0.0167289,2026,14,4595342,5.94614337,,,,
0.544394585,0.004303737,0.000227,27.48081898,0.192140505,0.006015939,2.447626632,0.046662903,0.025943349,2026,14,4384852,6.52394146,,,,
4.811646942,0.041183033,0.00146,1.700599418,0.011198284,0.000785353,0.230206951,0.011913627,0.00568457,2026,14,4429501,1.22484034,,,,
5.311591445,0.036399542,0.001316602,22.36170512,0.116492813,0.00435756,1.809526693,0.051140134,0.026835346,2026,14,4586312,5.55650072,,,,
,,,36.46219251,0.120388266,0.006447833,2.501151151,0.045763473,0.025627545,2026,14,4869961,6.83254657,,,,
1.369882043,0.009796716,0.000354356,43.54015306,0.219353843,0.008205205,2.565438681,0.04115805,0.022687882,2026,14,4686422,8.4041749,,,,
16.95920571,0.166990712,0.0126,,,,,0.510737264,0.244126025,2026,14,4837248,17.60529628,238.1694711,1.771346,0.111426033,0.739015714
,,,6.584441935,0.056022701,0.002273489,0.521716829,0.009545834,0.005345667,2026,14,4715355,1.51040487,,,,
,,,25.88560359,0.124168623,0.005729086,2.53021907,0.028993628,0.016236431,2026,14,4360635,5.84354448,,,,
,,,22.32288648,0.074052691,0.006126447,2.495536676,0.030979261,0.017348386,2026,14,3051876,5.15051359,,,,
,,,40.73917513,0.056748854,0.002624345,3.640367074,0.049059192,0.027473147,2026,14,4243331,8.00637611,,,,
,,,24.51094318,0.19279446,0.013230557,2.69812684,0.026265149,0.014708483,2026,14,4686728,6.30372807,,,,
,,,7.151253655,0.037083374,0.002085809,0.656505603,0.01201206,0.006726753,2026,14,4685261,1.58516672,,,,
,,,6.331884644,0.035152925,0.001291387,0.780712962,0.007929785,0.00444068,2026,14,2573401,1.61872979,,,,
11.74636766,0.077763706,0.00432,8.42224396,0.045082391,0.002080082,0.912563124,0.059890411,0.028919241,2026,14,3068267,3.62304655,,,,
0.698031208,0.004630904,0.000387,24.37800919,0.124800012,0.010324819,2.170515333,0.041971001,0.023278045,2026,14,4600981,5.43068242,,,,
,,,32.9414949,0.293582892,0.010827105,2.308253606,0.042234034,0.023651059,2026,14,5123663,7.33936854,,,,
,,,24.10766786,0.098229011,0.005359836,1.831773653,0.035605484,0.019939071,2026,14,4427095,4.80369804,,,,
,,,14.13661876,0.072224446,0.00455334,1.040601795,0.019039854,0.010662318,2026,14,4870612,2.98731009,,,,
3.103783807,0.007467294,0.000512,4.852010983,0.021128368,0.001561965,0.658270307,0.015108729,0.00765608,2026,14,4360516,1.64345324,,,,
12.14278101,0.068390261,0.00221,13.24792244,0.07376277,0.003028309,1.425186793,0.034633979,0.017144061,2026,14,4430968,4.80811799,,,,
7.34875858,0.072311076,0.002560286,13.98885164,0.096089424,0.006738897,1.603164044,0.027265123,0.013878057,2026,14,3915411,4.73889032,,,,
,,,25.67943673,0.096991861,0.005194753,2.339470665,0.028850327,0.016156183,2026,14,4367209,5.46820464,,,,
,,,21.44955186,0.149527595,0.008410399,2.313878969,0.036338858,0.02034976,2026,14,4430802,5.333081,,,,
0.742888403,0.005932713,0.000362,21.60807279,0.081003377,0.006040536,1.921201553,0.037447846,0.020741225,2026,14,4569371,4.83529529,,,,
,,,12.6535432,0.081283704,0.005700549,0.84625256,0.013691234,0.007667091,2026,14,4242433,2.59573722,,,,
16.1884738,0.098968211,0.00678,,,,,0.579177485,0.276841838,2026,14,4433970,10.96847994,213.2854871,0.751642,0.055566935,1.184237192
1.327661462,0.005410529,0.000371,25.70322405,0.059518763,0.004400067,1.723263377,0.031926535,0.017474216,2026,14,4040655,4.79136138,,,,
7.787250689,0.066931371,0.00374,13.97699254,0.065346548,0.003315158,1.922031993,0.034424765,0.017487665,2026,14,4601080,4.90417467,,,,
,,,24.5447726,0.192642845,0.007792289,1.889417756,0.034570609,0.019359541,2026,14,4360763,5.47752958,,,,
,,,16.35685738,0.122190083,0.006091544,1.749768753,0.024006959,0.013443897,2026,14,4036131,4.10452628,,,,
,,,9.864627357,0.06716422,0.003290791,0.732883144,0.013409537,0.007509341,2026,14,4912218,2.1142481,,,,
,,,30.53499205,0.109200706,0.005049976,2.37872365,0.043523422,0.024373116,2026,14,5220680,6.04993281,,,,
15.78047934,0.127156752,0.003196086,3.277287432,0.013607896,0.000705365,0.495202982,0.037303713,0.017585409,2026,14,4686468,3.25902905,,,,
,,,10.50632676,0.072581732,0.003232409,1.077972496,0.012204267,0.00683439,2026,14,4258595,2.5572138,,,,
,,,10.38912014,0.121463085,0.00851839,1.057109961,0.009004212,0.005042359,2026,14,3930086,2.83199015,,,,
17.47260751,0.14876685,0.005305207,6.032173003,0.03105649,0.001145339,0.791502219,0.043628111,0.020749345,2026,14,4912274,4.19347471,,,,
,,,31.39939209,0.159474071,0.010053931,2.108500111,0.027005406,0.015123027,2026,14,4361409,6.19585955,,,,
,,,13.47584275,0.144937388,0.00532446,1.494439155,0.019088594,0.010689613,2026,14,4242557,3.70142145,,,,
12.34208615,0.099515988,0.00456,,,,,0.024281705,0.011169584,2026,14,4685555,1.81872738,,,,
22.70192711,0.146689688,0.00820531,8.143472986,0.04395879,0.001778107,1.028592202,0.046558791,0.022173762,2026,14,4239934,5.23387239,,,,
,,,6.482439402,0.040290399,0.002764936,0.6003452,0.012006904,0.006723866,2026,14,4431268,1.69921275,,,,
,,,21.65231168,0.158475552,0.004887075,1.87054973,0.037410995,0.020950157,2026,14,4430191,5.05034546,,,,
,,,7.585249428,0.03898829,0.001432285,0.59612391,0.010907258,0.006108064,2026,14,4710855,1.57951503,,,,
0.650304016,0.004004543,0.000334323,10.90268952,0.085838273,0.007101479,0.76617717,0.013934655,0.007610159,2026,14,4431280,2.46055251,,,,
,,,1.776409364,0.012919758,0.000633019,0.22921041,0.002231211,0.001249478,2026,14,4596602,0.50460316,,,,
1.813506972,0.011686641,0.00097567,14.25030057,0.069890438,0.0057821,1.189177338,0.031185298,0.016723592,2026,14,4686472,3.33887774,,,,
0.680307197,0.003908313,0.000201284,1.951239705,0.007197615,0.000416976,0.191982761,0.005796193,0.003017519,2026,14,4430656,0.68654962,,,,
10.86959156,0.094171417,0.002796092,,,,,0.029436564,0.013540819,2026,14,4430871,1.6312782,,,,
,,,2.353197859,0.016233048,0.000722935,0.168612543,0.003085098,0.001727655,2026,14,4869748,0.55185722,,,,
0.515082436,0.004355165,0.000148,10.2292884,0.083165065,0.003183599,1.299612569,0.016170469,0.008910523,2026,14,16002,2.88844038,,,,
,,,12.0799933,0.107600297,0.003788853,0.868369109,0.015888519,0.00889757,2026,14,4597703,2.71728614,,,,
,,,10.02491783,0.037805344,0.002062837,0.615613777,0.011263863,0.006307763,2026,14,4613202,1.87614492,,,,
1.239822686,0.006972241,0.000358825,3.445343972,0.023194832,0.001037599,0.447436636,0.006299904,0.003282594,2026,14,4911851,1.0933496,,,,
,,,9.864208094,0.081642512,0.003125315,0.693202835,0.010014853,0.005608318,2026,14,16731,2.16477731,,,,
,,,24.17279839,0.146080572,0.006838768,1.395337535,0.023525103,0.013174058,2026,14,2576581,4.70252203,,,,
,,,16.78515923,0.145675002,0.009163646,1.249417486,0.022860547,0.012801906,2026,14,4241983,3.7953129,,,,
,,,8.12307099,0.056996251,0.003109983,0.810113506,0.00985765,0.005520284,2026,14,4831959,1.95983791,,,,
,,,10.38078029,0.047561245,0.003516079,0.886426088,0.008628991,0.004832235,2026,14,4429148,2.20746728,,,,
,,,2.074030122,0.018949143,0.000667243,0.187938728,0.002286882,0.001280654,2026,14,4678006,0.50787038,,,,
,,,15.09326335,0.08635563,0.006439661,1.712945832,0.020843524,0.011672374,2026,14,4808766,3.73049072,,,,
,,,17.88724616,0.113730859,0.005572379,1.714911439,0.014607209,0.008180037,2026,14,4240472,4.18119169,,,,
,,,20.76780003,0.159083617,0.010917144,1.455574098,0.026632587,0.014914249,2026,14,4883647,4.47956359,,,,
,,,21.37737493,0.183589294,0.007426078,2.178711042,0.037056235,0.020751491,2026,14,4372780,5.39231147,,,,
5.298594932,0.031619185,0.002639756,7.996684936,0.037736399,0.003121967,1.003832673,0.023378354,0.01180291,2026,14,4362748,2.75797102,,,,
,,,2.437269611,0.010480935,0.00038503,0.21905759,0.002805662,0.001571171,2026,14,4360797,0.52337168,,,,
,,,21.46056014,0.041661393,0.002231328,1.562716697,0.028592972,0.016012064,2026,14,4685307,3.93870977,,,,
2.156146941,0.012149036,0.000666,14.31329639,0.121287306,0.003740263,1.437305876,0.033894365,0.018221241,2026,14,4431487,3.85813231,,,,
,,,22.01493679,0.167030561,0.008183861,1.695311038,0.031019046,0.017370666,2026,14,5082630,4.88143047,,,,
,,,4.370094386,0.03632919,0.001137471,0.538653744,0.006554464,0.0036705,2026,14,4427834,1.18874506,,,,
,,,4.19935332,0.013933951,0.000722266,0.408835186,0.007480443,0.004189048,2026,14,3051889,0.90563806,,,,
,,,11.61506342,0.090105657,0.002778682,1.35304869,0.020585542,0.011527904,2026,14,3054212,3.03823413,,,,
,,,25.84013152,0.196287538,0.008780742,1.729070441,0.03163674,0.017716575,2026,14,4879194,5.50614492,,,,
,,,2.536266806,0.018414184,0.000918003,0.208083696,0.0038073,0.002132088,2026,14,4879276,0.56986811,,,,
,,,11.81506364,0.084390789,0.005320358,1.23077347,0.01575818,0.008824581,2026,14,3043275,2.91203192,,,,
3.784063427,0.021469801,0.0012,1.45242243,0.008289893,0.000420562,0.243223471,0.008205808,0.003945436,2026,14,4722893,0.94099707,,,,
,,,7.181644708,0.035245789,0.001294799,0.727717987,0.01350582,0.007563259,2026,14,4569382,1.64517667,,,,
,,,5.970166191,0.037668413,0.001528643,0.571811385,0.005566347,0.003117155,2026,14,3052096,1.39180846,,,,
,,,10.52672452,0.068261153,0.00261307,0.725068156,0.013266546,0.007429266,2026,14,4431466,2.17802553,,,,
1.278387353,0.009717483,0.00067,,,,,0.004320121,0.001987256,2026,14,4698597,0.28913713,,,,
,,,2.255709581,0.006216649,0.00032224,0.184733869,0.003380069,0.001892839,2026,14,4061956,0.44455292,,,,
2.669772057,0.016216021,0.000481,18.0765968,0.074482003,0.003444413,1.403221614,0.035275527,0.018794212,2026,14,4608810,4.0734202,,,,
,,,12.70538663,0.079344335,0.003714508,0.770628533,0.014100163,0.007896091,2026,14,4696882,2.50924204,,,,
,,,6.723220131,0.061919475,0.002283541,0.760721628,0.00740531,0.004146974,2026,14,4242392,1.80102923,,,,
2.568670928,0.013977075,0.000719327,3.21639236,0.025314693,0.00113243,0.467481883,0.010676787,0.005392031,2026,14,2576336,1.29220628,,,,
,,,20.21951716,0.154003481,0.007105653,1.402225572,0.020525177,0.011494099,2026,14,4567156,4.33996308,,,,
,,,2.220176482,0.017479065,0.000886747,0.172895925,0.003163471,0.001771544,2026,14,4808839,0.49810177,,,,
,,,2.470626585,0.017060084,0.00107316,0.178905563,0.003273429,0.00183312,2026,14,5150247,0.60843809,,,,
,,,14.33586217,0.140677534,0.005690323,1.196943713,0.022724452,0.012725693,2026,14,4567096,3.46112439,,,,
,,,6.133051206,0.022546277,0.001306164,0.564418423,0.010327144,0.005783201,2026,14,4565185,1.30431953,,,,
,,,5.370813557,0.037636762,0.001178411,0.451313455,0.008257666,0.004624293,2026,14,5092508,1.20754142,,,,
,,,9.795739442,0.083489498,0.003852169,0.753391438,0.015067829,0.008437984,2026,14,4361577,2.23910664,,,,
,,,6.95674268,0.053792649,0.00165886,0.611375378,0.011186314,0.006264336,2026,14,4259305,1.64544353,,,,
,,,6.762699761,0.030864232,0.001267122,0.516242262,0.009445666,0.005289573,2026,14,4685553,1.36990233,,,,
,,,6.6485301,0.046941571,0.001469745,0.84367902,0.010808802,0.006052929,2026,14,3127310,1.78130069,,,,
,,,14.01080749,0.068894783,0.004343423,1.22106925,0.024421385,0.013675976,2026,14,3917914,3.05603363,,,,
,,,6.550932816,0.043888354,0.001954557,0.616420867,0.007500753,0.004200422,2026,14,4685504,1.53055054,,,,
,,,4.699036899,0.027274423,0.001276853,0.324329523,0.005934246,0.003323178,2026,14,4690143,1.06260561,,,,
,,,8.647636924,0.072566624,0.006003503,0.890782969,0.008671404,0.004855986,2026,14,3911853,2.19347064,,,,
,,,14.60970454,0.123482665,0.005780846,1.337537728,0.016275471,0.009114264,2026,14,4432260,3.53316694,,,,
,,,2.030769377,0.018105805,0.001269788,0.207501252,0.002524924,0.001413957,2026,14,4573699,0.51899128,,,,
,,,2.94629306,0.011732045,0.00086732,0.420415939,0.003614103,0.002023897,2026,14,2975417,0.78321976,,,,
,,,12.20684669,0.076216992,0.003129066,1.211435757,0.014741033,0.008254978,2026,14,4241263,2.87955995,,,,
0.671470665,0.005579204,0.00019,10.28975855,0.066076406,0.002529437,0.723982284,0.015587886,0.008495095,2026,14,4575665,2.31260315,,,,
,,,1.537012767,0.006353128,0.000346657,0.209544434,0.001801347,0.001008754,2026,14,4039505,0.40008786,,,,
4.126641578,0.027335537,0.001884527,1.802568238,0.011556009,0.000576102,0.259511559,0.010349808,0.004984001,2026,14,5081999,1.08100807,,,,
,,,9.335496449,0.066761346,0.004978487,1.186963485,0.011554599,0.006470575,2026,14,4361372,2.51840183,,,,
,,,7.86700584,0.027276508,0.001460893,0.720175187,0.00876326,0.004907425,2026,14,4880236,1.66387336,,,,
,,,4.109758573,0.033730711,0.001291228,0.412262586,0.005016507,0.002809244,2026,14,4040612,1.02271928,,,,
,,,4.115556198,0.009599854,0.000443944,0.362338198,0.006629689,0.003712626,2026,14,5097554,0.84876832,,,,
,,,2.195994295,0.013092395,0.000678644,0.207562596,0.002736269,0.001532311,2026,14,2998565,0.50408106,,,,
,,,6.175073092,0.063448892,0.005249185,0.706593339,0.008597992,0.004814876,2026,14,4383440,1.70588942,,,,
,,,2.003363558,0.013457786,0.000503405,0.22491906,0.002736868,0.001532646,2026,14,4426496,0.50401565,,,,
,,,2.004533287,0.017667984,0.000815193,0.216863792,0.002638849,0.001477756,2026,14,4690923,0.5220695,,,,
,,,6.448067225,0.03280336,0.001845073,0.707472422,0.010355678,0.00579918,2026,14,4035656,1.54146469,,,,
,,,3.581622986,0.029572688,0.00138,0.360859271,0.003512816,0.001967177,2026,14,3052897,0.89537634,,,,
,,,6.085230638,0.051080369,0.002591407,0.623298135,0.007584437,0.004247285,2026,14,4362018,1.53519206,,,,
,,,5.156378777,0.023857357,0.000979457,0.651258737,0.008200311,0.004592174,2026,14,3917668,1.30303192,,,,
,,,10.71422145,0.11709329,0.004380021,1.177896112,0.013566728,0.007597368,2026,14,3843945,2.9458015,,,,
,,,5.764588542,0.059337878,0.002089423,0.578428283,0.00703845,0.003941532,2026,14,2975863,1.50739619,,,,
,,,1.581661628,0.010619606,0.000538753,0.234584278,0.002016602,0.001129297,2026,14,2515270,0.45534021,,,,
,,,11.46303035,0.102230103,0.00457317,1.034585311,0.012589075,0.007049882,2026,14,4686248,2.78964794,,,,
3.309561799,0.024606241,0.001862498,1.80425493,0.011334935,0.000713021,0.222473166,0.007004727,0.003375174,2026,14,4241961,0.94808738,,,,
,,,7.29115998,0.045008288,0.001683591,0.533238486,0.009756646,0.005463722,2026,14,4430681,1.52510135,,,,
,,,8.523767515,0.024989488,0.001338403,0.626329684,0.011459932,0.006417562,2026,14,4369466,1.61878745,,,,
,,,3.968570164,0.039582423,0.001826316,0.418303628,0.006956865,0.003895845,2026,14,4048228,1.04869972,,,,
,,,9.396757038,0.103742028,0.004196304,0.945536911,0.011505514,0.006443088,2026,14,4683243,2.50347481,,,,
,,,3.699707459,0.021826077,0.001264441,0.437806929,0.005327337,0.002983309,2026,14,4708049,0.9354368,,,,
,,,3.376520497,0.01984892,0.000698926,0.421118798,0.003620145,0.002027281,2026,14,4243176,0.87530306,,,,
,,,1.786544525,0.007986303,0.000660714,0.247036434,0.002123647,0.001189242,2026,14,3929914,0.47260769,,,,
,,,2.030031719,0.011670672,0.000604949,0.201932691,0.002457164,0.001376012,2026,14,4722908,0.47348257,,,,
,,,6.544473774,0.036352944,0.00149246,0.547512012,0.01095024,0.006132135,2026,14,4362477,1.52620114,,,,
,,,5.011448587,0.034303684,0.001408328,0.28172844,0.005065559,0.002836713,2026,14,3051738,0.98597243,,,,
,,,4.461637127,0.039427324,0.002480165,0.426282047,0.005187099,0.002904776,2026,14,4045305,1.10829728,,,,
,,,2.005833837,0.0176194,0.000812951,0.207786044,0.002528389,0.001415898,2026,14,4361088,0.51294653,,,,
,,,6.511209045,0.045443766,0.001669435,0.739976082,0.009004201,0.005042353,2026,14,4426553,1.65725135,,,,
,,,10.94820871,0.042331511,0.002905008,1.15840159,0.013689897,0.007666342,2026,14,4361516,2.49805006,,,,
,,,2.137381832,0.00849104,0.000535312,0.16539253,0.003026181,0.001694661,2026,14,4369886,0.42783806,,,,
1.386431249,0.011873758,0.000298,,,,,0.004689155,0.002157011,2026,14,4683151,0.20629125,,,,
,,,4.242461993,0.013687086,0.001011851,0.367037145,0.006715666,0.003760773,2026,14,4257188,1.12242037,,,,
,,,4.610478071,0.037920278,0.00192377,0.404130344,0.007394359,0.004140841,2026,14,4241424,1.08846068,,,,
,,,1.85847081,0.009859644,0.000455958,0.201463717,0.002451457,0.001372816,2026,14,4372505,0.44469975,,,,
,,,3.522746031,0.021142514,0.001332915,0.374896062,0.004561823,0.002554621,2026,14,4035020,0.85170294,,,,
,,,4.870581892,0.033969753,0.002136858,0.370192766,0.006773404,0.003793106,2026,14,4401805,1.08352015,,,,
,,,4.141373901,0.037362353,0.001152182,0.517400744,0.006295853,0.003525678,2026,14,4431346,1.15113146,,,,
,,,2.191056428,0.015689508,0.000586886,0.224382227,0.002730335,0.001528988,2026,14,4362504,0.53581271,,,,
,,,8.531000496,0.064171576,0.002009219,1.153407406,0.01370839,0.007676698,2026,14,3050481,2.38056375,,,,
,,,2.098872921,0.01931484,0.000946354,0.21016709,0.002557362,0.001432123,2026,14,4431196,0.53503968,,,,
90.67516784,0.77333853,0.027958391,36.79860263,0.198382086,0.007417037,4.706549912,0.196864479,0.094474404,2026,15,4429795,23.1712487,,,,
,,,78.83782316,0.437813609,0.016368815,6.98327621,0.074429876,0.041680731,2026,15,4374302,17.44527835,,,,
1.208593939,0.0129889,0.000524448,82.253324,0.489148887,0.024131597,7.477325519,0.091824387,0.051149563,2026,15,4241389,18.785781,,,,
34.00372366,0.809619389,0.028817222,,,,,0.644156034,0.306837892,2026,15,3918298,22.06464288,245.6308757,1.437868,0.1013724,0.716918155
95.06015268,0.910412157,0.031095485,32.80707111,0.187191094,0.011686922,3.326063297,0.263608287,0.125029308,2026,15,4430807,22.54087138,,,,
,,,92.76031647,0.655083332,0.023218474,7.196852081,0.117208911,0.06563699,2026,15,4430878,20.32164269,,,,
69.81265044,0.718694766,0.024383029,38.20086435,0.218998295,0.008357689,4.357330359,0.123589056,0.059480554,2026,15,3117251,20.73462453,,,,
0.581318744,0.004173263,0.00022,88.65417364,0.706755356,0.022083504,7.765109288,0.119822127,0.066938509,2026,15,4362628,20.86812223,,,,
4.568632689,0.092749995,0.003395539,100.6576404,0.657180823,0.023841551,7.664771982,0.126002056,0.069448179,2026,15,4426515,22.60588602,,,,
86.0542129,0.822787791,0.020656918,22.66255489,0.067766905,0.003508642,2.831159579,0.210454718,0.099398379,2026,15,4242335,18.9012549,,,,
95.17911765,0.747934978,0.026621656,16.21227479,0.092380191,0.006512977,1.997471114,0.27937707,0.131165563,2026,15,4379399,17.98981951,,,,
,,,64.99494348,0.608311568,0.020531395,7.426071184,0.074948116,0.041970945,2026,15,4361307,17.53453584,,,,
102.4318545,1.081448182,0.0289,12.74951109,0.06265458,0.002942407,1.491430574,0.163071474,0.076041704,2026,15,3043078,19.79009311,,,,
,,,82.87397851,0.680590356,0.038508615,6.76608586,0.09630206,0.053929154,2026,15,4262921,19.10872877,,,,
,,,65.12121717,0.524935421,0.033251341,5.660362608,0.048213628,0.026999632,2026,15,4432665,15.33587227,,,,
40.86138196,0.249284655,0.00667,,,,,0.470783576,0.224333723,2026,15,3916387,19.79148095,246.6893767,1.399538,0.065725601,0.482317999
98.27431846,0.998987434,0.0399,24.35401456,0.20937703,0.01021301,2.887794481,0.122426743,0.057784932,2026,15,4567048,22.38870472,,,,
64.87245812,0.427215643,0.0326,33.28203518,0.184891293,0.011711695,3.79762435,0.116662378,0.05584212,2026,15,4890973,17.26573245,,,,
,,,77.34564275,0.40357896,0.02024276,6.523274925,0.101394115,0.056780705,2026,15,4361370,16.60891307,,,,
1.576677899,0.015916126,0.000543622,79.7800675,0.417950567,0.026093953,5.549462886,0.096107851,0.053317101,2026,15,4426502,16.23751653,,,,
65.38749735,0.423402669,0.022316047,24.07410824,0.132925475,0.004153432,4.181852598,0.122999302,0.059247153,2026,15,4362238,16.40367267,,,,
1.183692316,0.008883105,0.000326031,76.25135958,0.468824074,0.017794645,6.102236046,0.093697218,0.05213278,2026,15,4258173,16.6464321,,,,
,,,61.02749493,0.362862438,0.017901401,4.642694646,0.092853893,0.05199818,2026,15,4426354,12.85687921,,,,
63.53054929,0.770152349,0.031096161,14.67237594,0.072715188,0.00358732,2.829677312,0.176181241,0.083661544,2026,15,4361579,15.61386893,,,,
74.31148188,0.360968215,0.0117,13.85256393,0.088243258,0.003632016,1.851710684,0.11483634,0.053968432,2026,15,3929630,13.28914127,,,,
,,,75.0014266,0.647477077,0.023489513,4.809906509,0.065352661,0.03659749,2026,15,16800,16.17042368,,,,
,,,69.35589557,0.422218407,0.031130029,6.159950549,0.115750282,0.064820158,2026,15,4569618,15.56452429,,,,
3.619418385,0.028520818,0.000763,84.19211516,0.322601644,0.015150133,5.594266718,0.104328382,0.057439497,2026,15,4429615,16.40185612,,,,
64.85272846,0.787932529,0.0288,24.13132043,0.205596792,0.007458748,3.672114497,0.175523436,0.08446929,2026,15,4430737,18.43990623,,,,
1.786122884,0.03966316,0.000995784,45.01281871,0.248818886,0.012882637,5.357991507,0.066520215,0.03665144,2026,15,4431459,11.7249899,,,,
67.34437428,0.4191616,0.0181,18.17454938,0.108837562,0.003673425,2.574623763,0.126772861,0.060086135,2026,15,4870808,14.22123368,,,,
,,,65.59647355,0.277919169,0.011438912,5.794475519,0.083175448,0.046578251,2026,15,4241478,13.95355521,,,,
,,,60.63943678,0.358988735,0.025489755,4.448852666,0.065819129,0.036858712,2026,15,4595348,12.64573084,,,,
,,,77.78589789,0.539117049,0.021986734,5.430902619,0.108618052,0.060826109,2026,15,4685472,16.36938395,,,,
56.95033247,0.445956344,0.0145,9.464931177,0.034974641,0.00144591,1.42608197,0.225951755,0.106039619,2026,15,4685382,10.77897083,,,,
,,,62.59275691,0.502383789,0.024505317,5.283526429,0.105670529,0.059175496,2026,15,4428331,14.4905545,,,,
71.55003192,0.418695382,0.027558442,13.33852205,0.048787697,0.003464138,1.661783328,0.336961163,0.158020454,2026,15,4696981,12.71042145,,,,
11.78308429,0.125222263,0.00660002,,,,,0.49879663,0.238732462,2026,15,3915511,18.62635678,262.4612938,1.974468,0.061694859,0.685936906
69.0229248,0.663780692,0.0401,24.6095893,0.122284972,0.009016032,2.901025249,0.146083378,0.069397861,2026,15,4427366,16.94396498,,,,
24.48689095,0.3451669,0.011161131,,,,,0.47652021,0.227354899,2026,15,4040715,15.78968147,216.9811211,1.087446,0.044758334,0.714383501
,,,66.00438608,0.473557295,0.018072491,4.772223581,0.045452922,0.025453636,2026,15,3040151,14.20044367,,,,
,,,64.97611683,0.385293935,0.012039018,4.784574261,0.066299014,0.037127448,2026,15,4239993,13.54552469,,,,
21.96064653,0.240918676,0.008173605,,,,,0.358177465,0.171065164,2026,15,4361741,20.29161833,264.8728059,1.90092,0.072545306,0.688669053
89.17528304,0.528672925,0.0152,19.75849691,0.105657973,0.004744391,2.593403659,0.200835042,0.094821564,2026,15,4596448,17.1483167,,,,
59.46707694,0.522355831,0.014974147,17.97672846,0.058163202,0.002596901,2.139045269,0.188830205,0.089450945,2026,15,4259545,13.22776621,,,,
,,,47.0199515,0.386305249,0.01444304,4.576226802,0.038979216,0.021828361,2026,15,4430027,11.5823148,,,,
0.805240518,0.00680372,0.000196152,52.31277291,0.323695776,0.014535006,3.325245429,0.050787536,0.028229618,2026,15,4567750,10.59438483,,,,
63.8112987,0.437890182,0.0246,20.49219401,0.110949603,0.005660668,2.968410632,0.080683772,0.038390431,2026,15,4685702,14.67766909,,,,
18.24073362,0.178100455,0.007110086,,,,,0.316112086,0.151129339,2026,15,3139477,18.52420017,239.0027264,1.87427,0.091423294,0.66440653
,,,69.53800126,0.285177447,0.015511208,5.242183298,0.084142904,0.047120026,2026,15,4047646,13.84605047,,,,
,,,51.37624968,0.244912099,0.010125072,4.287281398,0.069866597,0.039125294,2026,15,4612826,10.83822052,,,,
,,,49.46464329,0.327560249,0.01597776,4.014890225,0.049606844,0.027779833,2026,15,15847,10.9044199,,,,
,,,67.06342456,0.564837647,0.017368236,4.846488253,0.078785244,0.044119737,2026,15,4248528,14.89043559,,,,
0.619448137,0.004117624,0.000212748,63.23024201,0.480845422,0.021594933,4.563920814,0.093968101,0.052353168,2026,15,4432620,14.02670206,,,,
0.762447202,0.004218347,0.000351851,56.11888102,0.245910302,0.020325836,4.338574184,0.065890256,0.03671701,2026,15,4372016,11.49714025,,,,
2.958482383,0.029167257,0.00104,62.7832585,0.333278214,0.023496741,4.288464524,0.073370921,0.040261604,2026,15,3915416,13.00779971,,,,
13.32370274,0.14067531,0.00568,,,,,0.370700905,0.17737041,2026,15,2577417,16.4775223,240.3398746,1.533636,0.075660166,0.632379165
74.386558,0.514196464,0.029,15.06442281,0.103465401,0.004219615,2.179048168,0.129217463,0.060939582,2026,15,4241416,14.7780915,,,,
48.82346226,0.445205613,0.016340095,13.34866658,0.039451587,0.001497421,1.928658439,0.099064677,0.046869141,2026,15,4035538,10.99836727,,,,
44.29336536,0.308103953,0.015497694,24.77427049,0.144418553,0.008171374,2.941610227,0.142945025,0.069006102,2026,15,3042519,12.47660878,,,,
66.26836097,0.463920741,0.024,14.96101576,0.086098326,0.003866705,1.890194936,0.145587442,0.068474211,2026,15,4882093,13.235878,,,,
,,,46.43627189,0.393478816,0.020075358,4.590996304,0.054256026,0.030383375,2026,15,5083076,11.57631436,,,,
,,,62.15497402,0.457962505,0.021101877,4.162853536,0.061400519,0.03438429,2026,15,3121422,13.10118114,,,,
56.49452558,0.250519311,0.0288,26.82949377,0.152072756,0.008317604,3.283117899,0.165769337,0.079710393,2026,15,4569987,13.95026066,,,,
,,,63.82074981,0.466183732,0.017791091,4.295698813,0.055018774,0.030810513,2026,15,16737,13.45028934,,,,
,,,40.87226284,0.321852117,0.014370222,3.477087647,0.03384801,0.018954886,2026,15,4723086,9.48715131,,,,
,,,49.95830568,0.195792556,0.007320221,3.459103198,0.049625459,0.027790257,2026,15,4426388,9.59005703,,,,
2.899876441,0.023740423,0.000680556,56.72710661,0.263673025,0.011772611,4.44094197,0.084705193,0.046534956,2026,15,4685278,12.06219539,,,,
31.91134786,0.128376673,0.00736,,,,,0.811016419,0.386952427,2026,15,4431452,15.41642449,241.4975995,1.116288,0.060716495,1.026847226
38.46104009,0.262408746,0.015,22.70918015,0.106559563,0.005795927,2.941269736,0.164516964,0.079402886,2026,15,4569173,11.1592317,,,,
,,,54.55805298,0.319957633,0.022718377,4.666568069,0.073081351,0.040925556,2026,15,4361050,12.00763681,,,,
,,,44.0134148,0.188737432,0.013306344,3.559752899,0.052340222,0.029310524,2026,15,4385690,9.06289061,,,,
3.023028089,0.052136854,0.00191,,,,,0.376697356,0.180492346,2026,15,12483,18.99876931,281.3646878,2.243934,0.081406616,0.831143339
,,,59.50338537,0.394787557,0.021592865,3.862416891,0.064372569,0.036048639,2026,15,4047650,12.15426722,,,,
15.99075582,0.208317206,0.010763239,,,,,0.392419949,0.187559723,2026,15,4360310,18.26869143,244.9021014,1.819092,0.081696047,0.736459283
,,,71.44422277,0.489094314,0.016507641,5.547212239,0.0798531,0.044717736,2026,15,4360761,15.57188621,,,,
,,,54.10818094,0.342466329,0.015290616,3.343750811,0.05968559,0.033423931,2026,15,4431299,10.77467825,,,,
54.21065489,0.283951987,0.019695606,17.06236004,0.091667056,0.004597847,2.348565805,0.113048559,0.053663938,2026,15,4239996,11.67382259,,,,
43.83387716,0.237126582,0.013589222,9.564661545,0.036982279,0.002011519,1.448003779,0.085950629,0.040558944,2026,15,4432710,8.38486241,,,,
28.72103352,0.240508689,0.00689,,,,,0.528450669,0.252346165,2026,15,4431611,17.37844682,235.0626872,1.289704,0.057583378,0.56813329
,,,71.30122835,0.309039127,0.021444902,4.686137111,0.085742084,0.048015567,2026,15,4871023,13.61961538,,,,
1.254232354,0.006311309,0.000345,65.31226435,0.45027055,0.013845403,4.487668833,0.069151995,0.038378775,2026,15,4701936,13.83725691,,,,
2.773069337,0.040871212,0.001477611,,,,,0.535962363,0.256793725,2026,15,3046779,15.28821454,256.2371584,1.504244,0.056240126,0.558395014
0.842555661,0.010096731,0.000552002,48.10718085,0.286923439,0.008822631,4.60500265,0.061273991,0.034013986,2026,15,4572680,11.23443862,,,,
74.43064664,0.470769166,0.021832479,13.67365467,0.035196006,0.002442328,2.215078375,0.12633417,0.059554035,2026,15,3916148,13.99407708,,,,
45.16988764,0.213116317,0.0118,,,,,0.496094071,0.236086645,2026,15,4426348,19.66823467,225.9409792,1.562306,0.071987528,0.561398464
17.03182915,0.185433575,0.012862127,,,,,0.642601045,0.307191106,2026,15,4360689,17.2404227,245.8726647,1.57514,0.079006055,0.648581202
,,,47.92228148,0.273246361,0.012590575,4.307602495,0.067871782,0.038008198,2026,15,2976212,10.69026756,,,,
,,,63.53101616,0.421714886,0.017198739,5.31234427,0.089184215,0.049943161,2026,15,4695883,14.19641152,,,,
10.94294239,0.098865459,0.003354191,45.1939224,0.368395205,0.014059162,3.447433643,0.106566349,0.055915388,2026,15,3126486,11.82982875,,,,
15.59631302,0.15837699,0.008932088,,,,,0.434996882,0.2081843,2026,15,4685720,18.70992561,262.8054109,1.84226,0.075132629,0.722222449
,,,45.96374539,0.181021048,0.009372393,4.181537403,0.059311018,0.03321417,2026,15,4688813,9.81792068,,,,
0.803223942,0.008628589,0.000434,54.01199456,0.375830202,0.021264922,3.974287856,0.052542734,0.029259876,2026,15,4429205,11.74882654,,,,
61.29133266,0.432705212,0.023656576,18.32921447,0.092299169,0.002838114,2.533846724,0.186917396,0.088591447,2026,15,4047365,13.52666621,,,,
47.94980969,0.403891057,0.0116,10.77752747,0.050835863,0.002269746,1.303939108,0.05098705,0.024014508,2026,15,4608686,9.88608882,,,,
,,,42.57364828,0.368218082,0.017292389,4.245237939,0.054617488,0.030585793,2026,15,3116365,10.68676445,,,,
,,,43.79884037,0.401002193,0.033145031,3.062500683,0.051352842,0.028757591,2026,15,3128429,9.85852876,,,,
50.60114903,0.307435494,0.012536104,12.92041764,0.079809405,0.002828728,1.528360352,0.118036891,0.055610824,2026,15,4685512,10.12660843,,,,
,,,44.39828932,0.257485325,0.010597873,4.32765839,0.051504422,0.028842477,2026,15,3121023,10.27727206,,,,
69.95470948,0.417901868,0.0348571,6.147513244,0.029362506,0.002426972,0.971412066,0.069363335,0.032342529,2026,15,4241985,11.27693367,,,,
,,,39.27532404,0.325906211,0.016346842,4.022062365,0.060836479,0.034068428,2026,15,3929645,9.87119686,,,,
,,,22.72922547,0.234439717,0.011565814,2.993474053,0.053671576,0.030056083,2026,15,4242355,6.63747036,,,,
20.04638205,0.202541941,0.016893977,,,,,0.509482114,0.243413056,2026,15,4426338,16.67546642,231.3606869,1.432746,0.118424317,0.663542691
0.690427329,0.00628889,0.000324932,43.51979516,0.384815384,0.017282191,3.915162451,0.062845327,0.034984681,2026,15,3916433,10.64971723,,,,
,,,35.27131816,0.160684133,0.01003201,2.740811422,0.023345583,0.013073526,2026,15,4360248,7.226583,,,,
24.24092949,0.162349945,0.0135,29.6597613,0.190955311,0.015783504,4.022482034,0.079028308,0.039723761,2026,15,4568490,11.54490002,,,,
,,,36.75636918,0.208604513,0.011409602,3.686025811,0.062275659,0.034874369,2026,15,4035687,8.56800427,,,,
,,,54.39787388,0.342788427,0.017489125,4.065767042,0.074391195,0.041659069,2026,15,4832800,11.5159071,,,,
,,,27.78339625,0.251841142,0.008500003,1.948302644,0.030365569,0.017004718,2026,15,4432708,6.22148369,,,,
,,,44.50981361,0.364408707,0.017775157,3.128430789,0.040068551,0.022438388,2026,15,4683062,9.75759393,,,,
45.68542242,0.325050703,0.018,4.921716617,0.031814353,0.001465933,0.678574358,0.175899669,0.081843453,2026,15,4575131,7.76036756,,,,
35.40052481,0.169568973,0.0195,10.86003351,0.065905128,0.003604674,1.552534996,0.077155971,0.036706537,2026,15,4038815,7.56626571,,,,
43.449257,0.385046622,0.0141,7.572168107,0.035860837,0.001300978,1.040114449,0.073821322,0.034692804,2026,15,4429096,8.63106806,,,,
56.02801109,0.453104712,0.011543723,11.93785497,0.044151473,0.002319724,1.668597012,0.089413773,0.042134422,2026,15,4711533,11.39453678,,,,
26.74643294,0.162750554,0.011288778,13.58896422,0.046713127,0.002343042,2.188512354,0.068568488,0.033185583,2026,15,3054850,7.44153863,,,,
21.80889563,0.116666864,0.00379,,,,,0.594829774,0.284136225,2026,15,4038941,13.73735955,220.9365832,1.037286,0.042883124,0.835466161
29.10951279,0.292584839,0.0177,9.210404227,0.049155673,0.003624232,1.215256372,0.064323871,0.030534724,2026,15,4685247,7.08096816,,,,
,,,27.99227679,0.234966695,0.011785487,2.806196246,0.041075898,0.023002503,2026,15,4569559,6.99387606,,,,
,,,35.75092629,0.252154977,0.011324367,2.441256554,0.035992322,0.0201557,2026,15,4432773,7.51256438,,,,
21.15083691,0.145140943,0.00418,18.08402744,0.120112593,0.005393451,2.467842311,0.060659603,0.030014993,2026,15,4371733,7.97390492,,,,
1.562668088,0.011398238,0.000529,40.38119223,0.154160115,0.010697508,3.90389339,0.057590722,0.031879594,2026,15,4569587,9.05184137,,,,
,,,39.12291983,0.212665024,0.011567154,3.022415473,0.058002733,0.032481531,2026,15,4361432,8.17039885,,,,
,,,41.20182291,0.260231505,0.014724209,5.005989784,0.052297693,0.029286708,2026,15,4036133,10.65981611,,,,
23.46749003,0.153804846,0.00853,13.75163892,0.108715829,0.00500938,2.118213576,0.076657578,0.037183592,2026,15,4697815,7.40531977,,,,
,,,55.34143823,0.244087147,0.012637651,3.779113546,0.055400773,0.031024433,2026,15,4360078,10.74247069,,,,
,,,45.13197783,0.238666523,0.016826439,3.812783554,0.065905821,0.03690726,2026,15,4373678,9.71955883,,,,
29.29719384,0.240372042,0.012090764,,,,,0.418457903,0.199846445,2026,15,3917315,18.76707068,232.8586273,1.66428,0.094166949,0.700104291
53.56501655,0.478978356,0.0195,15.16556623,0.05423108,0.001922142,2.065060696,0.052874738,0.025032471,2026,15,4426385,12.13155293,,,,
2.620509431,0.023578928,0.00068,33.11636527,0.124294153,0.005581217,3.043277998,0.054460224,0.029819003,2026,15,3116165,7.45852838,,,,
0.342073332,0.010802815,0.000651875,40.20668723,0.256351482,0.018900713,3.748426903,0.04714367,0.026247261,2026,15,5083315,9.3940814,,,,
61.72884747,0.546221483,0.027475055,6.937643749,0.033357904,0.00188743,1.004579853,0.142222822,0.066437973,2026,15,4360569,11.27831032,,,,
3.848313887,0.02412916,0.001354989,45.61458677,0.130800405,0.006673459,4.230838185,0.090167907,0.049218387,2026,15,4870653,10.1296356,,,,
1.264022669,0.008273947,0.000267542,30.88058571,0.160026049,0.006586533,2.333621879,0.04720265,0.025983039,2026,15,4870795,6.52087276,,,,
6.622146159,0.04414167,0.001799937,,,,,0.430188838,0.205865861,2026,15,3912547,15.60301907,244.7913897,1.691052,0.059936873,0.801495528
27.54358815,0.17520168,0.006430315,13.22479284,0.066748011,0.002533482,1.719168749,0.076624639,0.036637542,2026,15,4429059,7.20889313,,,,
,,,39.59700997,0.191821532,0.007895208,2.996503054,0.059613898,0.033383783,2026,15,4428850,8.05772809,,,,
,,,36.35551589,0.103590764,0.003931882,3.98883688,0.045902723,0.025705525,2026,15,3117256,8.20359777,,,,
8.179856614,0.058311545,0.003187971,,,,,0.613178959,0.293625232,2026,15,4036378,17.61238177,265.198314,1.92135,0.059079738,0.701145337
2.494451731,0.016103929,0.000523037,36.62776504,0.166067898,0.006865522,2.217441027,0.039857956,0.02158036,2026,15,4429025,7.19536006,,,,
13.33418754,0.071355479,0.0039011,3.548268557,0.026165275,0.000804558,0.564274866,0.033327221,0.0158156,2026,15,4429023,2.81630712,,,,
,,,35.28270597,0.124978762,0.005580117,3.493075712,0.069861514,0.039122448,2026,15,2973405,7.8044845,,,,
,,,32.19331066,0.174201642,0.009475076,3.187635956,0.031309314,0.017533216,2026,15,3046439,7.43688859,,,,
,,,35.60486841,0.172774451,0.008945425,3.876786029,0.069421705,0.038876155,2026,15,15818,8.41588812,,,,
12.37395464,0.060738723,0.002229254,,,,,0.508970016,0.243597058,2026,15,4432577,14.95470833,252.4777244,1.183208,0.044909738,0.549792159
22.35800276,0.15361157,0.00712,14.46182064,0.059793983,0.004149236,1.81209878,0.057116147,0.027768554,2026,15,4428557,6.7430218,,,,
39.85205809,0.401878915,0.0137,6.931889501,0.051229606,0.003198424,0.886931331,0.096139881,0.045044733,2026,15,4241474,8.24065227,,,,
,,,42.20658897,0.237126596,0.015020471,2.882751188,0.036921917,0.020676274,2026,15,4428718,8.51583006,,,,
,,,44.99926166,0.314990759,0.015799343,3.397226448,0.061913318,0.034671458,2026,15,4880281,9.75098494,,,,
3.358538027,0.020681622,0.000843,41.65277456,0.233150476,0.008263679,2.446876149,0.060030667,0.032507859,2026,15,4032473,8.74366368,,,,
19.95851736,0.157880687,0.00455,,,,,0.579993142,0.277194115,2026,15,3052587,14.57848739,220.0419163,1.127256,0.050617506,0.623297951
31.98207186,0.250369947,0.010818343,13.66531408,0.056630246,0.001911353,1.875422608,0.033715491,0.016154008,2026,15,4373626,8.27620174,,,,
27.31644975,0.19828952,0.006727333,3.741442505,0.023324436,0.000890137,0.458907637,0.059381583,0.027710028,2026,15,4696044,4.85576148,,,,
8.61267515,0.077101108,0.001964301,47.65631771,0.154416927,0.008113084,3.643097887,0.104518554,0.055364731,2026,15,4569603,10.7044011,,,,
,,,29.68826422,0.250463641,0.010214623,2.764044217,0.023543474,0.013184345,2026,15,2576925,7.23033704,,,,
18.96719608,0.105944938,0.00343,10.71473991,0.041666705,0.001714965,1.538059996,0.05809297,0.028160288,2026,15,4431545,5.38541728,,,,
13.1915405,0.135435538,0.005852093,,,,,0.387855193,0.185549341,2026,15,2578570,16.6704776,228.944914,1.738832914,0.058688126,0.671329824
,,,55.16777088,0.351912552,0.025946401,3.203771594,0.064075432,0.035882242,2026,15,4597500,10.81384431,,,,
,,,36.61112265,0.282552793,0.019920504,2.594046434,0.043933865,0.024602965,2026,15,4635008,7.94226854,,,,
,,,41.82463937,0.287838877,0.012926943,3.81970408,0.053954236,0.030214372,2026,15,4430539,9.69604842,,,,
11.74404508,0.187045451,0.004695965,,,,,0.605550386,0.289640313,2026,15,3917792,12.94661049,218.866738,0.97299,0.050376712,0.771760486
,,,33.63037421,0.206441939,0.009695,2.256042218,0.033983924,0.019030997,2026,15,4360939,6.83995928,,,,
30.35171354,0.14417413,0.004682611,12.97975353,0.074344712,0.003073534,1.888476339,0.06534158,0.031515425,2026,15,4596334,7.51708535,,,,
29.29309371,0.169323159,0.0129,3.582965171,0.020173693,0.001277876,0.449382348,0.061658754,0.028749338,2026,15,4686658,4.84645242,,,,
0.526510716,0.007489673,0.000860772,33.62727463,0.259345212,0.01418486,3.591279072,0.052681605,0.029199379,2026,15,4361411,8.58075142,,,,
41.41586428,0.241247538,0.00614625,9.342774019,0.042775388,0.002247424,1.224792313,0.13030762,0.061394317,2026,15,4682745,7.93683702,,,,
,,,26.21628079,0.25949439,0.009414074,2.281102451,0.027756986,0.015543912,2026,15,4570037,6.44816919,,,,
20.86501626,0.180142112,0.00719,7.329512077,0.050950815,0.002485283,0.925726412,0.049985315,0.023789045,2026,15,4832955,5.1156675,,,,
29.61813451,0.235601996,0.0122,1.811772609,0.01233884,0.000554142,0.236473886,0.05490412,0.025429039,2026,15,4362619,4.84321182,,,,
,,,41.46884684,0.167047047,0.008776672,2.971403164,0.054367658,0.030445888,2026,15,4869645,8.0786657,,,,
,,,21.59809549,0.296866316,0.00927598,2.353404361,0.024273413,0.013593112,2026,15,3116164,6.28641954,,,,
,,,32.44569294,0.1852521,0.01173455,3.286538273,0.037566396,0.021037182,2026,15,4429086,7.6250049,,,,
,,,43.68252591,0.277496373,0.015177636,3.318509945,0.060718658,0.034002449,2026,15,4431492,9.31569315,,,,
,,,21.46332642,0.116373413,0.005937392,1.664008345,0.024996562,0.013998075,2026,15,4241463,4.4931201,,,,
1.972005699,0.010161292,0.000705,5.308428095,0.0245254,0.001230148,0.752570272,0.011916616,0.006200119,2026,15,4599739,1.68051826,,,,
34.24915003,0.142142565,0.007982112,,,,,0.645797582,0.30789247,2026,15,3122840,16.19985148,218.169788,1.272895,0.064943324,0.721698184
6.440431232,0.043310044,0.00498,,,,,0.501211269,0.240179646,2026,15,8439,15.62778172,246.1580329,1.669512,0.091313787,0.762989634
,,,26.70208897,0.192349304,0.006817541,2.121679838,0.035746654,0.020018126,2026,15,2977187,5.92052539,,,,
,,,22.50078222,0.095744745,0.005207693,1.976709706,0.028540347,0.015982594,2026,15,2991662,4.7804626,,,,
14.57466657,0.097408345,0.0026,11.38535981,0.056579711,0.002657117,1.25435006,0.041622778,0.020317095,2026,15,4038441,4.74525908,,,,
,,,14.10475475,0.080517263,0.005587269,0.93344054,0.015119595,0.008466973,2026,15,3925357,2.82165919,,,,
28.03436339,0.202046641,0.00515,,,,,0.684161896,0.326426949,2026,15,4242512,13.99142324,210.4677093,0.7965,0.041848206,0.544101916
,,,23.50166989,0.11649343,0.004421614,1.870377582,0.027377786,0.01533156,2026,15,4429022,4.89840526,,,,
11.95131143,0.109697522,0.006619487,,,,,0.542330018,0.259436952,2026,15,15864,16.21688247,248.29069,1.497038,0.110376137,0.642835374
10.06036486,0.048898735,0.00267,3.562905671,0.018215162,0.000560099,0.545118513,0.017518494,0.008386535,2026,15,3149687,2.30027868,,,,
0.882304651,0.019910858,0.000812,31.87512741,0.290023877,0.010279473,2.919233601,0.053621193,0.029562659,2026,15,4576297,8.01905885,,,,
32.77576892,0.169537868,0.011158947,3.206236245,0.008603156,0.000610861,0.415585087,0.058719619,0.027309772,2026,15,4241457,5.05309982,,,,
,,,36.62283916,0.195053655,0.013849654,2.440303957,0.044650155,0.025004087,2026,15,4682648,7.25177694,,,,
19.0068016,0.136357976,0.007186943,10.93225022,0.050030308,0.001563263,1.416847332,0.058027753,0.028142627,2026,15,3116389,5.49182738,,,,
7.563572121,0.120616801,0.004119714,,,,,0.343710073,0.16453814,2026,15,4360423,14.90733821,233.7347205,1.337376,0.083496542,0.563414429
,,,10.30766754,0.079131474,0.004477353,1.016543205,0.017418263,0.009754227,2026,15,3886598,2.51200466,,,,
,,,25.11549053,0.190475581,0.012065424,1.676180187,0.028623452,0.016029133,2026,15,4382466,5.32341131,,,,
,,,26.71160782,0.208953151,0.009628089,2.062869568,0.037744251,0.021136781,2026,15,5081432,6.00299992,,,,
13.88285513,0.188900036,0.00876,,,,,0.456705063,0.218428868,2026,15,4688380,13.83467696,214.0179241,1.030214,0.071488807,0.552140804
,,,37.0683361,0.100806191,0.004167495,2.789510717,0.051039578,0.028582164,2026,15,4686612,7.05370214,,,,
,,,24.99409911,0.170562941,0.007051355,2.445156915,0.031690194,0.017746509,2026,15,4595342,5.94738816,,,,
0.603008735,0.00457583,0.000241,27.39547475,0.20518381,0.006411239,2.404423822,0.045939448,0.025531512,2026,15,4384852,6.56264354,,,,
4.869763889,0.036725697,0.00131,1.711532751,0.010511043,0.000741048,0.221948076,0.011627496,0.00554562,2026,15,4429501,1.19172871,,,,
4.659706156,0.027705982,0.001016875,22.79617025,0.080264166,0.0030465,1.89446008,0.051359265,0.027091549,2026,15,4586312,5.33608021,,,,
,,,36.72720533,0.222247096,0.010964305,3.155758508,0.055612815,0.031143177,2026,15,5083754,8.12307387,,,,
,,,36.51451619,0.148486264,0.007801486,2.641247257,0.048326807,0.027063012,2026,15,4869961,7.14637141,,,,
1.203802549,0.007456897,0.000273686,44.30786883,0.154542681,0.005865808,2.740385145,0.043451863,0.023999115,2026,15,4686422,8.22897651,,,,
17.06840724,0.149416226,0.0114,,,,,0.517029103,0.247151083,2026,15,4837248,16.29693853,231.2227664,1.558286,0.098707569,0.763993588
,,,6.284016393,0.04304967,0.001771887,0.537139107,0.009828015,0.005503688,2026,15,4715355,1.41663436,,,,
,,,25.16354626,0.124168623,0.005721409,2.477455824,0.028389017,0.015897849,2026,15,4360635,5.71921931,,,,
,,,22.05092464,0.081279578,0.006718203,2.376085532,0.02949641,0.01651799,2026,15,3051876,5.05003589,,,,
,,,41.37144648,0.128104031,0.005752293,3.468159937,0.046738452,0.026173533,2026,15,4243331,8.33432229,,,,
,,,23.43037957,0.175898184,0.01220596,2.478869535,0.02413077,0.013513231,2026,15,4686728,5.87531805,,,,
,,,7.127693089,0.056876783,0.00311087,0.63355751,0.011592179,0.00649162,2026,15,4685261,1.68113202,,,,
,,,7.020917279,0.053450822,0.001939117,0.77503184,0.007872082,0.004408366,2026,15,2573401,1.7930976,,,,
11.03428927,0.077522134,0.004298176,8.174111607,0.045082391,0.002077295,0.895232557,0.05906853,0.028515164,2026,15,3068267,3.50898041,,,,
0.749807989,0.004853851,0.000405,24.20971295,0.132925852,0.010987051,2.062200669,0.039981036,0.022164478,2026,15,4600981,5.36434213,,,,
,,,31.70821316,0.216803494,0.00810577,2.182164529,0.039926987,0.022359113,2026,15,5123663,6.62635612,,,,
,,,25.2562485,0.10132405,0.005511159,2.090409517,0.040632773,0.022754353,2026,15,4427095,5.19056628,,,,
,,,14.45844079,0.090556362,0.005653715,1.028524251,0.018818872,0.010538568,2026,15,4870612,3.11756391,,,,
3.715125509,0.011913123,0.000784,5.037202666,0.026960371,0.001914303,0.609172977,0.015443774,0.007757539,2026,15,4360516,1.73177607,,,,
10.09710044,0.059612733,0.00194,13.08848301,0.069053852,0.002854801,1.509906744,0.034352368,0.017086593,2026,15,4430968,4.59185692,,,,
7.433103076,0.064484678,0.0023,14.04451947,0.090997682,0.006415508,1.545308134,0.026483134,0.013470124,2026,15,3915411,4.61715732,,,,
,,,25.6721396,0.116355898,0.006113353,2.453482352,0.030256318,0.016943538,2026,15,4367209,5.69796933,,,,
,,,21.37265634,0.202080512,0.011052773,2.201828473,0.034579134,0.019364315,2026,15,4430802,5.53586609,,,,
2.707867354,0.021158027,0.000854,5.232598534,0.035887979,0.001770492,0.453770793,0.018208763,0.009283573,2026,15,3676833,1.75744013,,,,
0.741405476,0.007196132,0.000434,23.05538159,0.108369168,0.007990024,1.9784997,0.038504062,0.021331922,2026,15,4569371,5.20099858,,,,
,,,12.6622571,0.071664027,0.005052449,0.850724688,0.013763587,0.007707609,2026,15,4242433,2.54198784,,,,
17.72253729,0.144623814,0.00952,,,,,0.546621921,0.261198834,2026,15,4433970,13.57474406,217.6583307,1.178398,0.083671361,1.081811417
1.562819189,0.008631814,0.000568,26.1775614,0.111705502,0.007931574,1.587310784,0.030160236,0.016441765,2026,15,4040655,5.06828636,,,,
9.273755877,0.061511759,0.003454235,13.90620848,0.061789837,0.003152528,1.95356045,0.034773866,0.017675355,2026,15,4601080,5.02044441,,,,
,,,24.20804496,0.147185437,0.006002643,1.892881747,0.03463399,0.019395034,2026,15,4360763,5.17092608,,,,
,,,16.03794172,0.106398251,0.005336736,1.778142886,0.024396254,0.013661902,2026,15,4036131,4.00431823,,,,
,,,9.376488092,0.074724709,0.003644928,0.69233623,0.012667651,0.007093885,2026,15,4912218,2.07176958,,,,
,,,21.5774768,0.133142026,0.004493736,2.108443309,0.039014799,0.021848287,2026,15,3045523,5.03136604,,,,
,,,30.93450798,0.175779954,0.007893099,2.269250336,0.041520393,0.02325142,2026,15,5220680,6.38776222,,,,
16.23005487,0.127781501,0.003208084,3.39683967,0.013607896,0.000704551,0.496691632,0.038510307,0.018141722,2026,15,4686468,3.31563078,,,,
,,,10.44056142,0.069882512,0.003120151,1.097778164,0.012428497,0.006959958,2026,15,4258595,2.55377796,,,,
,,,10.42270708,0.112640564,0.007941372,1.015319225,0.008648249,0.004843019,2026,15,3930086,2.73985862,,,,
16.33342118,0.107746258,0.003895334,5.604519959,0.024376494,0.000911379,0.765523033,0.039160914,0.018672102,2026,15,4912274,3.72535488,,,,
,,,32.13316513,0.201921935,0.012606614,2.151056277,0.02755046,0.015428258,2026,15,4361409,6.57098711,,,,
,,,14.82700984,0.185025336,0.006712446,1.485683727,0.018976761,0.010626986,2026,15,4242557,4.07120865,,,,
12.84557654,0.08890699,0.00412,,,,,0.025434051,0.011699664,2026,15,4685555,1.80351227,,,,
20.41495328,0.116966546,0.006596636,8.03621028,0.037612113,0.001533929,1.033902391,0.044406128,0.021187443,2026,15,4239934,4.78154695,,,,
,,,6.215349305,0.035527386,0.002465323,0.548159558,0.010963191,0.006139387,2026,15,4431268,1.64928841,,,,
,,,21.80925282,0.166576395,0.00512207,1.756825807,0.035136516,0.019676449,2026,15,4430191,5.01676914,,,,
,,,8.238364527,0.060932231,0.002210531,0.572925526,0.010482798,0.005870367,2026,15,4710855,1.75531229,,,,
0.702252837,0.004197335,0.000350099,10.85682597,0.089244228,0.007376525,0.764012725,0.013893783,0.007587968,2026,15,4431280,2.4812139,,,,
,,,1.644422002,0.013546836,0.000660789,0.217771866,0.002119865,0.001187124,2026,15,4596602,0.47983954,,,,
1.969848732,0.012249275,0.001021709,14.20493985,0.073985811,0.006115333,1.134726433,0.030069599,0.016101469,2026,15,4686472,3.32928336,,,,
0.708877655,0.006193935,0.000311556,2.112442148,0.013942754,0.000788898,0.196988154,0.005947931,0.003096477,2026,15,4430656,0.76870838,,,,
13.24639388,0.152249853,0.00439,,,,,0.032408361,0.014907846,2026,15,4430871,2.21796081,,,,
,,,2.353974062,0.015584261,0.000695814,0.181698522,0.003324531,0.001861738,2026,15,4869748,0.5813058,,,,
0.562495537,0.004608211,0.000156,11.29254651,0.085622826,0.003267646,1.33775108,0.016674887,0.009185756,2026,15,16002,3.05355769,,,,
,,,12.27860967,0.096869546,0.0034334,0.912940987,0.016704049,0.009354267,2026,15,4597703,2.716462,,,,
,,,10.4712274,0.039036523,0.002123252,0.709782477,0.012986865,0.007272644,2026,15,4613202,2.03048539,,,,
1.06308982,0.0062774,0.000324338,3.406438263,0.021881386,0.000982701,0.462969106,0.006292097,0.003292356,2026,15,4911851,1.0750702,,,,
,,,10.39056678,0.086146494,0.003287631,0.722216313,0.010434017,0.00584305,2026,15,16731,2.27331652,,,,
,,,25.04819535,0.137395515,0.006452417,1.470049439,0.02478473,0.013879449,2026,15,2576581,4.81556738,,,,
,,,16.29643818,0.126911086,0.008039015,1.229344224,0.022493267,0.01259623,2026,15,4241983,3.61193413,,,,
,,,8.517935143,0.058133541,0.003161966,0.919705964,0.011191197,0.00626707,2026,15,4831959,2.11438572,,,,
,,,10.65271837,0.069498766,0.004934713,0.818046556,0.007963345,0.004459473,2026,15,4429148,2.30147147,,,,
17.05349368,0.139400025,0.005628504,3.129894155,0.023843184,0.001176276,0.490267953,0.031636979,0.014890177,2026,15,4429676,3.4727292,,,,
,,,2.110622618,0.017157629,0.000608127,0.197442334,0.002402524,0.001345414,2026,15,4678006,0.5100394,,,,
,,,16.48065116,0.106922832,0.007883386,1.76392195,0.021463813,0.012019736,2026,15,4808766,4.04581776,,,,
,,,16.87933117,0.126262556,0.006158845,1.629974163,0.013883734,0.007774891,2026,15,4240472,4.07261712,,,,
,,,19.94515448,0.144069667,0.00999731,1.311258061,0.023992042,0.013435544,2026,15,4883647,4.16395104,,,,
,,,21.08398705,0.145735865,0.005943525,2.187951122,0.037213393,0.0208395,2026,15,4372780,5.14195707,,,,
5.822424745,0.033141439,0.00276432,7.895287526,0.038827772,0.003209328,0.960123663,0.022875192,0.011525786,2026,15,4362748,2.77408514,,,,
,,,2.658726556,0.017677892,0.000641328,0.218766421,0.002801933,0.001569082,2026,15,4360797,0.58892472,,,,
,,,21.47786673,0.058242375,0.003060061,1.563650405,0.028610056,0.016021631,2026,15,4685307,4.04264551,,,,
2.381428123,0.01277099,0.000698,14.44283419,0.126761679,0.003897805,1.440396734,0.035013441,0.018741672,2026,15,4431487,3.93265125,,,,
,,,20.87884688,0.18414189,0.008982088,1.612700728,0.029507528,0.016524216,2026,15,5082630,4.7911325,,,,
,,,4.353573546,0.038499527,0.001202969,0.516412707,0.00628383,0.003518945,2026,15,4427834,1.17830087,,,,
,,,4.282943991,0.013933951,0.000721433,0.399005747,0.007300594,0.004088333,2026,15,3051889,0.90436265,,,,
,,,11.75734649,0.093912047,0.002887709,1.346182999,0.020481086,0.011469408,2026,15,3054212,3.06876713,,,,
,,,25.81437176,0.175559907,0.007884456,1.79864944,0.032909825,0.018429502,2026,15,4879194,5.45121164,,,,
,,,2.484884763,0.015707867,0.000787877,0.201850411,0.00369325,0.00206822,2026,15,4879276,0.5421232,,,,
,,,12.14155706,0.100452346,0.006271552,1.245215049,0.015943083,0.008928126,2026,15,3043275,3.05719228,,,,
,,,2.019253893,0.014809082,0.000730589,0.230129462,0.002240215,0.00125452,2026,15,4372096,0.51992064,,,,
4.446141207,0.019731333,0.00111,1.446467755,0.0078447,0.000400238,0.24716884,0.008261845,0.003973983,2026,15,4722893,0.99717684,,,,
,,,7.845254423,0.057014611,0.002068406,0.724099185,0.013438658,0.007525649,2026,15,4569382,1.84015241,,,,
,,,5.657442296,0.027234291,0.00112094,0.593451264,0.005777003,0.003235121,2026,15,3052096,1.31852528,,,,
,,,11.01333336,0.072650492,0.00277258,0.753421572,0.013785328,0.007719783,2026,15,4431466,2.28112765,,,,
1.263234326,0.00859228,0.000596,,,,,0.00453436,0.002085805,2026,15,4698597,0.29640462,,,,
,,,2.29184913,0.006216649,0.000321868,0.186989692,0.003421344,0.001915952,2026,15,4061956,0.45037693,,,,
2.778734137,0.026189389,0.00106,1.676242124,0.008667411,0.000427597,0.25600819,0.006471503,0.003152953,2026,15,4383396,0.9074869,,,,
3.195191922,0.026216944,0.000755838,18.36010972,0.115980571,0.005207909,1.31974168,0.034717359,0.018384712,2026,15,4608810,4.40625835,,,,
,,,13.18166387,0.074525348,0.003499886,0.813024205,0.014875875,0.00833049,2026,15,4696882,2.56907447,,,,
,,,6.309742344,0.044770513,0.001673864,0.733144538,0.007136859,0.003996641,2026,15,4242392,1.6282847,,,,
2.21007699,0.012584144,0.000650192,3.174247457,0.023992597,0.001077516,0.48629368,0.010532111,0.005344824,2026,15,2576336,1.25748916,,,,
,,,19.83350842,0.154003481,0.007096132,1.365991745,0.019994802,0.011197089,2026,15,4567156,4.26568956,,,,
,,,2.20659323,0.016071108,0.000819951,0.176739172,0.00323379,0.001810923,2026,15,4808839,0.4919284,,,,
,,,2.40083207,0.014449119,0.00091526,0.176041601,0.003221027,0.001803775,2026,15,5150247,0.59614441,,,,
,,,14.14256226,0.110256761,0.004496586,1.220842138,0.023178173,0.012979777,2026,15,4567096,3.28028455,,,,
,,,6.618238707,0.042869762,0.002425622,0.561318991,0.010270434,0.005751443,2026,15,4565185,1.47398099,,,,
,,,6.941666308,0.054133244,0.001827075,0.750292212,0.009478544,0.005307985,2026,15,4426844,1.76254669,,,,
,,,5.357662544,0.040243473,0.00125746,0.430614052,0.00787893,0.004412201,2026,15,5092508,1.20173986,,,,
,,,9.591494168,0.083489498,0.003847007,0.73546894,0.014709379,0.008237252,2026,15,4361577,2.20129732,,,,
,,,7.040535531,0.056497497,0.001737246,0.619442968,0.011333926,0.006346999,2026,15,4259305,1.67149078,,,,
,,,6.710175943,0.02570804,0.001062813,0.535011539,0.009789087,0.005481889,2026,15,4685553,1.35169782,,,,
,,,6.62373363,0.050178464,0.001567892,0.809687355,0.010373317,0.005809058,2026,15,3127310,1.76492277,,,,
,,,14.38677722,0.089727413,0.005601961,1.240411178,0.024808224,0.013892605,2026,15,3917914,3.24030036,,,,
,,,4.537257919,0.021765941,0.001073798,0.335236234,0.006704725,0.003754646,2026,15,4426485,0.91437298,,,,
,,,6.335002358,0.047249077,0.002330979,0.692125011,0.008421938,0.004716286,2026,15,4360967,1.60457169,,,,
,,,6.523639418,0.042267929,0.001887201,0.625947832,0.007616679,0.00426534,2026,15,4685504,1.52736407,,,,
,,,4.886676322,0.025361722,0.001191046,0.341716372,0.006252372,0.003501328,2026,15,4690143,1.08889344,,,,
,,,8.558579383,0.075392315,0.006231588,0.847393324,0.008249024,0.004619453,2026,15,3911853,2.15904722,,,,
,,,15.27273841,0.117793266,0.005531849,1.409525757,0.017151438,0.009604805,2026,15,4432260,3.63586628,,,,
,,,2.03781074,0.016439531,0.001159018,0.199122385,0.002422968,0.001356862,2026,15,4573699,0.50120916,,,,
,,,3.075384755,0.015404654,0.001093797,0.388860915,0.00334284,0.00187199,2026,15,2975417,0.78735913,,,,
,,,12.07899858,0.067181466,0.002777393,1.283683723,0.015620163,0.008747291,2026,15,4241263,2.88314478,,,,
0.726697037,0.005903369,0.000200283,10.79058494,0.070447027,0.002688488,0.708985608,0.01543046,0.00839524,2026,15,4575665,2.37602804,,,,
,,,1.623332767,0.006463187,0.000351542,0.237498919,0.002041658,0.001143328,2026,15,4039505,0.43708163,,,,
4.017087907,0.024170313,0.001676512,1.777580646,0.010685675,0.000535973,0.263279092,0.010784819,0.005187345,2026,15,5081999,1.04621716,,,,
,,,10.20431008,0.079822913,0.005885318,1.219815772,0.011874402,0.006649665,2026,15,4361372,2.71796876,,,,
,,,7.865629281,0.033159736,0.001742217,0.755255908,0.00919013,0.005146473,2026,15,4880236,1.73421114,,,,
,,,4.424409211,0.035594198,0.001358391,0.42540921,0.005176478,0.002898828,2026,15,4040612,1.07847125,,,,
,,,4.19999679,0.019321975,0.00086762,0.345711467,0.00632547,0.003542263,2026,15,5097554,0.89668454,,,,
,,,2.234624335,0.013092395,0.000677861,0.209269559,0.002758772,0.001544912,2026,15,2998565,0.50962486,,,,
,,,6.102324995,0.065607257,0.0054228,0.673942326,0.008200687,0.004592385,2026,15,4383440,1.6796958,,,,
,,,2.055635229,0.010035335,0.0003809,0.238884352,0.0029068,0.001627808,2026,15,4426496,0.50224287,,,,
,,,1.939115291,0.017667984,0.000814101,0.212489213,0.002585618,0.001447946,2026,15,4690923,0.51120936,,,,
,,,6.398601055,0.052343167,0.002862904,0.672353098,0.009841617,0.005511305,2026,15,4035656,1.6212352,,,,
,,,3.76909425,0.027966192,0.001313358,0.380255782,0.003701633,0.002072914,2026,15,3052897,0.92354105,,,,
,,,6.050207667,0.047546169,0.002425814,0.63497978,0.007726582,0.004326886,2026,15,4362018,1.52167942,,,,
,,,5.075512401,0.021993573,0.000909251,0.689038471,0.008676014,0.004858568,2026,15,3917668,1.32088172,,,,
,,,10.96795415,0.09833649,0.003732451,1.250224342,0.014399788,0.008063881,2026,15,3843945,2.92875624,,,,
,,,5.875701215,0.053930163,0.001911476,0.607689114,0.007394503,0.004140922,2026,15,2975863,1.51457632,,,,
,,,1.574422416,0.010162854,0.000518511,0.238517102,0.002050411,0.00114823,2026,15,2515270,0.45573115,,,,
,,,11.40865271,0.093566283,0.004202094,1.070036014,0.013020448,0.007291451,2026,15,4686248,2.76646407,,,,
3.263598319,0.021558972,0.001643231,1.72551664,0.010422933,0.000660227,0.219989854,0.006847895,0.003301323,2026,15,4241961,0.90897765,,,,
,,,7.428309611,0.032728096,0.001242225,0.568491928,0.010401677,0.005824939,2026,15,4430681,1.49880084,,,,
,,,8.531763913,0.031864893,0.001674185,0.661354333,0.012100777,0.006776435,2026,15,4369466,1.69583478,,,,
,,,3.836527567,0.039582423,0.001823869,0.409497112,0.006810403,0.003813826,2026,15,4048228,1.02684449,,,,
,,,9.265005218,0.086708847,0.003536235,0.949188801,0.011549951,0.006467972,2026,15,4683243,2.39038373,,,,
,,,4.020568734,0.033907489,0.001918526,0.447522051,0.005445553,0.003049509,2026,15,4708049,1.05090589,,,,
,,,3.450164882,0.018447189,0.000653834,0.44244817,0.003803503,0.002129961,2026,15,4243176,0.89529574,,,,
,,,1.757095695,0.008252874,0.000682145,0.23612026,0.002029806,0.001136691,2026,15,3929914,0.46049156,,,,
,,,2.075055244,0.011670672,0.000604251,0.203775011,0.002479582,0.001388566,2026,15,4722908,0.47980134,,,,
,,,6.488270883,0.031087532,0.00128521,0.581519775,0.011630396,0.006513021,2026,15,4362477,1.51350574,,,,
,,,4.984007708,0.030593056,0.001264768,0.301372446,0.005418764,0.003034508,2026,15,3051738,0.97993487,,,,
,,,4.315623964,0.034897565,0.00221054,0.421152352,0.00512468,0.002869821,2026,15,4045305,1.06091658,,,,
,,,1.940457016,0.0176194,0.000811862,0.203377706,0.002474747,0.001385859,2026,15,4361088,0.50205721,,,,
,,,7.195578848,0.064223191,0.002329923,0.735880252,0.008954362,0.005014443,2026,15,4426553,1.83564464,,,,
,,,10.50439004,0.036012269,0.00249897,1.065833191,0.012595931,0.007053721,2026,15,4361516,2.32356871,,,,
,,,2.191976496,0.011418369,0.000712884,0.168260652,0.003078659,0.001724049,2026,15,4369886,0.45402719,,,,
1.428482967,0.011932096,0.0003,,,,,0.004858549,0.002234932,2026,15,4683151,0.21069941,,,,
,,,4.350376274,0.023437831,0.001664188,0.34360753,0.006286975,0.003520706,2026,15,4257188,1.16914845,,,,
,,,4.581635465,0.035089667,0.001790281,0.404717177,0.007405096,0.004146854,2026,15,4241424,1.06890118,,,,
,,,1.904192836,0.014308976,0.00064252,0.191942991,0.002335607,0.00130794,2026,15,4372505,0.46694709,,,,
,,,3.632457514,0.026244175,0.001638505,0.380120341,0.004625393,0.00259022,2026,15,4035020,0.89905011,,,,
,,,4.363344939,0.036842812,0.001243498,0.470002838,0.005719104,0.003202698,2026,15,4239944,1.123627,,,,
,,,4.730365618,0.028750613,0.00182117,0.373427139,0.006832583,0.003826247,2026,15,4401805,1.0400547,,,,
,,,4.225086552,0.03889114,0.001195867,0.516102577,0.006280056,0.003516832,2026,15,4431346,1.16748174,,,,
,,,2.239781592,0.012193365,0.00046281,0.238322322,0.002899962,0.001623978,2026,15,4362504,0.53321514,,,,
,,,8.496104875,0.068491335,0.002140102,1.107582099,0.013163751,0.0073717,2026,15,3050481,2.3580248,,,,
,,,1.972897784,0.020913419,0.001020116,0.199782121,0.002430995,0.001361357,2026,15,4431196,0.52193413,,,,
103.7518052,1.067168735,0.038074901,37.48071738,0.240749099,0.008882922,4.770006793,0.214659822,0.10271307,2026,16,4429795,26.63492556,,,,
,,,79.81123036,0.640478139,0.023631728,7.124546819,0.075935581,0.042523926,2026,16,4374302,18.91275829,,,,
1.192294284,0.013867089,0.00055786,87.13897503,0.521659836,0.025641441,7.971944472,0.097793553,0.054484792,2026,16,4241389,19.96424197,,,,
32.13127916,0.744573911,0.0266,,,,,0.652303755,0.310779251,2026,16,3918298,20.77780687,241.6901759,1.311092,0.092678669,0.724479191
96.55476189,0.795549725,0.027324846,31.50220239,0.174487743,0.010954965,3.241777641,0.271280007,0.128462777,2026,16,4430807,21.69447295,,,,
,,,90.65806653,0.644156168,0.0228701,6.848864537,0.111541539,0.062463262,2026,16,4430878,19.70336787,,,,
59.35764926,0.611148366,0.020859248,37.81682271,0.197877753,0.00759716,4.641357954,0.115676953,0.056012393,2026,16,3117251,19.1609039,,,,
0.586945758,0.004180944,0.00022,89.25590747,0.706755356,0.022096881,7.858055586,0.121262467,0.067742552,2026,16,4362628,21.02031137,,,,
4.017836632,0.06061142,0.002256435,92.29703565,0.382380083,0.01410647,7.483695396,0.122445198,0.067540644,2026,16,4426515,19.67401016,,,,
88.98675728,0.883409804,0.02212512,23.16635907,0.071444333,0.003690073,2.799638456,0.204578768,0.096666614,2026,16,4242335,19.60777207,,,,
88.79633855,0.676592627,0.024145955,15.74282947,0.087573493,0.006190408,2.04314195,0.272633444,0.128124133,2026,16,4379399,16.89367993,,,,
,,,67.45917548,0.639403286,0.02157779,7.581286051,0.076514632,0.042848194,2026,16,4361307,18.12310451,,,,
107.2771167,1.19172016,0.0317,12.15993409,0.066169804,0.003094737,1.394856883,0.167640557,0.078076863,2026,16,3043078,20.80376549,,,,
,,,79.93622552,0.632971474,0.035965078,6.340703413,0.090247569,0.050538639,2026,16,4262921,18.10538969,,,,
,,,66.48570496,0.566418344,0.03569747,5.872190098,0.050017924,0.028010038,2026,16,4432665,15.93596552,,,,
41.41053899,0.266728064,0.0071,,,,,0.461148447,0.2197019,2026,16,3916387,20.21355112,239.1778152,1.534582,0.07177183,0.481915815
86.17621992,0.920429357,0.0369,24.72552565,0.202957158,0.009928426,3.072905885,0.114058185,0.054029537,2026,16,4567048,20.89200931,,,,
64.22652679,0.469694457,0.0356,34.3736738,0.195361244,0.012312282,3.926296255,0.121829267,0.058292665,2026,16,4890973,17.75910575,,,,
,,,82.69995845,0.637493076,0.031463179,6.267259851,0.097414761,0.054552266,2026,16,4361370,18.31860998,,,,
1.604033375,0.013908063,0.000477702,76.78433824,0.35809302,0.022482361,5.414336101,0.094082414,0.052163637,2026,16,4426502,15.42925661,,,,
65.91646234,0.424181914,0.022370661,24.66287302,0.132925475,0.004155948,4.222612153,0.12477531,0.060090116,2026,16,4362238,16.55935701,,,,
1.299779256,0.009626368,0.000351658,73.81711759,0.498237227,0.018822578,5.844340605,0.090046818,0.05007188,2026,16,4258173,16.34379257,,,,
,,,64.85355525,0.387490536,0.019046541,5.023801523,0.10047603,0.056266577,2026,16,4426354,13.76231219,,,,
61.75878275,0.822222893,0.0331,17.69062829,0.076555275,0.003762965,3.017328789,0.182054611,0.08653692,2026,16,4361579,16.26039699,,,,
76.60675922,0.449139861,0.0144,14.91969157,0.097455792,0.00397094,1.830462434,0.120706509,0.056655586,2026,16,3929630,14.18929814,,,,
,,,68.73768645,0.434303535,0.01602199,4.659208726,0.063305116,0.035450865,2026,16,16800,14.10161483,,,,
,,,64.6482653,0.357553005,0.026536889,6.134201261,0.115266433,0.064549202,2026,16,4569618,14.6713632,,,,
3.778581709,0.031428999,0.000837,82.23764409,0.365962323,0.017115922,5.220740674,0.098357025,0.054061805,2026,16,4429615,16.13709142,,,,
56.18685725,0.514907948,0.019168934,20.19942836,0.163306324,0.006024571,3.604716694,0.164367831,0.079269278,2026,16,4430737,15.20881734,,,,
1.877780645,0.042585494,0.00106656,45.97120268,0.265650021,0.013720724,5.303170513,0.065719367,0.036221127,2026,16,4431459,11.89634825,,,,
70.0430119,0.441734304,0.0191,18.9816954,0.112845728,0.003808178,2.628897488,0.123590886,0.058659751,2026,16,4870808,14.79060926,,,,
,,,67.8918826,0.355497999,0.014485144,5.727401269,0.082212646,0.046039082,2026,16,4241478,14.58864165,,,,
,,,64.83432527,0.446640576,0.031333977,4.963668885,0.073435645,0.041123961,2026,16,4595348,14.1093029,,,,
,,,76.56624653,0.481753712,0.019755542,5.519506878,0.110390138,0.061818477,2026,16,4685472,15.98544393,,,,
64.15031534,0.569555796,0.0183,10.18542138,0.041439397,0.001690526,1.382667777,0.250774221,0.117393967,2026,16,4685382,12.29400573,,,,
,,,64.09141873,0.467225148,0.022856107,5.621878711,0.112437574,0.062965042,2026,16,4428331,14.7571236,,,,
67.41159386,0.514842406,0.0335,14.49876402,0.057521305,0.004035395,1.834816762,0.325191791,0.152920826,2026,16,4696981,13.23784395,,,,
11.74788606,0.124175958,0.006548837,,,,,0.49527306,0.237037422,2026,16,3915511,18.68204573,265.1641931,1.974468,0.06173223,0.708902821
69.81635973,0.574209345,0.0349,22.62762976,0.113406364,0.0084168,2.883757655,0.146826768,0.069726729,2026,16,4427366,16.204907,,,,
24.15013009,0.411415658,0.013169804,,,,,0.464057704,0.221354279,2026,16,4040715,17.60921513,226.2743721,1.329126,0.054156654,0.672977535
,,,66.31196456,0.415139738,0.015938543,5.083190789,0.048414721,0.027112244,2026,16,3040151,14.18415627,,,,
,,,65.37728868,0.385293935,0.01204631,4.852687223,0.067242843,0.037655992,2026,16,4239993,13.65273634,,,,
20.63017747,0.224904691,0.007676275,,,,,0.379444857,0.181282809,2026,16,4361741,18.880198,264.9525446,1.64652,0.063215171,0.752833475
69.04464394,0.302941264,0.00905,18.34480995,0.081262305,0.003780956,2.613661405,0.188826025,0.089316456,2026,16,4596448,13.50984321,,,,
67.67364108,0.616348933,0.017550385,17.55743506,0.06472258,0.002870432,2.010641445,0.206576736,0.097458933,2026,16,4259545,14.47155591,,,,
,,,47.89289105,0.499424136,0.018427257,4.659367997,0.039687393,0.02222494,2026,16,4430027,12.43865655,,,,
0.642143376,0.003898682,0.000116466,50.04043341,0.198787756,0.009249156,3.306887822,0.050372675,0.028011911,2026,16,4567750,9.55530355,,,,
53.99876772,0.432461309,0.0243,21.67481809,0.110949603,0.005660105,3.111616514,0.076111096,0.036348554,2026,16,4685702,13.92867367,,,,
17.8785678,0.182624493,0.007311731,,,,,0.334548421,0.159968655,2026,16,3139477,18.26647335,243.6074443,1.75247,0.085728779,0.623135936
,,,69.47242616,0.364414256,0.019551501,5.154993395,0.082743409,0.046336309,2026,16,4047646,14.23733593,,,,
,,,52.2912357,0.313580497,0.012792563,4.188589074,0.068258283,0.038224638,2026,16,4612826,11.25013148,,,,
,,,50.37395911,0.304529786,0.01489724,4.270834917,0.052769224,0.029550766,2026,16,15847,11.10749449,,,,
,,,65.81892302,0.386892594,0.012226624,4.674916273,0.075996144,0.042557841,2026,16,4248528,13.51950571,,,,
0.657323973,0.004883208,0.000250005,67.57750931,0.576991928,0.025676865,4.8759605,0.100138914,0.055815822,2026,16,4432620,15.31464935,,,,
0.711384615,0.004925258,0.000407583,57.60969057,0.30716525,0.025189162,4.446575658,0.067488642,0.037611771,2026,16,4372016,12.12897817,,,,
2.769167721,0.026385116,0.000942,62.03988255,0.299531084,0.021173298,4.387867674,0.074639979,0.040996291,2026,16,3915416,12.78847592,,,,
12.66137721,0.146332451,0.00589,,,,,0.366150402,0.175185483,2026,16,2577417,17.64914439,260.3357995,1.632004,0.080218815,0.633971343
74.17543965,0.460647444,0.0261,14.77649715,0.097769566,0.004009291,2.206352334,0.129545917,0.061109461,2026,16,4241416,14.39346773,,,,
54.46181999,0.48245663,0.017624456,12.57958861,0.041882257,0.001582242,1.852054558,0.102799603,0.048535597,2026,16,4035538,11.64628294,,,,
43.98425405,0.286823032,0.014488005,23.71050203,0.137567635,0.007816514,2.759775362,0.145588922,0.07002131,2026,16,3042519,11.98400739,,,,
71.13129409,0.550176871,0.0282,16.29293743,0.096169937,0.004279683,2.009233634,0.143138,0.067442184,2026,16,4882093,14.56359263,,,,
,,,48.44611116,0.393478816,0.020073359,4.814106717,0.056892727,0.031859927,2026,16,5083076,11.99751759,,,,
,,,60.21459078,0.30844811,0.014596197,3.982349437,0.058738151,0.032893365,2026,16,3121422,11.81945084,,,,
62.17593657,0.26389403,0.0303,26.125121,0.156224653,0.008524039,3.0989549,0.169631174,0.081292949,2026,16,4569987,14.36931094,,,,
,,,64.21140279,0.395738577,0.01519367,4.573915524,0.058582139,0.032805998,2026,16,16737,13.33581061,,,,
,,,39.88229806,0.357418491,0.015851431,3.28413943,0.031969739,0.017903054,2026,16,4723086,9.41362294,,,,
,,,50.74062992,0.302225769,0.011151227,3.545389738,0.050863355,0.028483479,2026,16,4426388,10.39948684,,,,
3.288964172,0.028012292,0.000797643,55.01093775,0.316565808,0.014039623,4.194556742,0.081571033,0.044673224,2026,16,4685278,12.03449762,,,,
33.39007781,0.148143614,0.00837,,,,,0.775590868,0.369948144,2026,16,4431452,17.02439843,242.7387535,1.387648,0.074449891,0.954908333
44.92733718,0.332207718,0.018779256,23.01016127,0.120614436,0.006471188,2.879319082,0.176087297,0.08464678,2026,16,4569173,12.27585918,,,,
,,,58.50666307,0.393245776,0.027588076,5.192257545,0.081313974,0.045535825,2026,16,4361050,13.36865101,,,,
,,,43.3592185,0.168313411,0.011897764,3.641497056,0.053542134,0.029983595,2026,16,4385690,8.95254371,,,,
2.433748363,0.035769577,0.00133,,,,,0.387874147,0.185866771,2026,16,12483,14.3919903,253.1196913,1.469286,0.054203763,0.908763817
,,,58.34796542,0.415820406,0.022688285,3.58449148,0.059740554,0.03345471,2026,16,4047650,11.89425561,,,,
17.54544054,0.25301416,0.012953542,,,,,0.401763287,0.192046532,2026,16,4360310,20.84905565,262.3650128,2.168892,0.096518414,0.71960636
,,,73.8665122,0.523115751,0.017653462,5.656735225,0.081429703,0.045600634,2026,16,4360761,16.12833461,,,,
,,,52.57029177,0.389437309,0.017271458,3.170795042,0.056598349,0.031695075,2026,16,4431299,10.73709484,,,,
59.81638813,0.41515924,0.02833512,18.94007092,0.116444724,0.005747076,2.26018579,0.117049502,0.055441844,2026,16,4239996,13.28582618,,,,
51.00807462,0.300200668,0.01696994,9.765035104,0.043399254,0.002328451,1.418098688,0.093091856,0.043822808,2026,16,4432710,9.51042036,,,,
28.98513081,0.252735256,0.0072,,,,,0.492074076,0.234890542,2026,16,4431611,18.17003224,228.7951324,1.488136,0.065998502,0.519438798
,,,71.13285106,0.280649418,0.019555183,4.727754936,0.086503564,0.048441996,2026,16,4871023,13.46944892,,,,
1.147242012,0.004028708,0.000226365,64.0547337,0.278852457,0.008812327,4.293220735,0.065794637,0.036549766,2026,16,4701936,12.45741715,,,,
3.140206816,0.052510783,0.001873502,,,,,0.509132225,0.243899816,2026,16,3046779,17.81945823,260.3622778,2.069436,0.076356,0.591980817
0.796317928,0.006445062,0.000362135,46.76769826,0.171863077,0.005431236,4.505408533,0.059571651,0.033104867,2026,16,4572680,10.27860799,,,,
78.12119591,0.427091312,0.019888541,13.45212672,0.031977426,0.002228134,2.238383576,0.123153847,0.05810624,2026,16,3916148,14.08140114,,,,
49.26322662,0.143917394,0.00819,,,,,0.504875154,0.240321691,2026,16,4426348,17.14195275,218.6101741,1.022554,0.048388689,0.564165619
18.28764758,0.264469205,0.018050343,,,,,0.633795766,0.302936565,2026,16,4360689,21.54343996,266.2471069,2.28746,0.112896542,0.67231247
,,,46.395421,0.138023049,0.006531444,4.147340467,0.065346649,0.036594124,2026,16,2976212,9.5566235,,,,
,,,62.52315484,0.373371425,0.015311049,5.387375417,0.090443846,0.050648554,2026,16,4695883,13.88476942,,,,
9.44634544,0.084071106,0.002869451,45.3491095,0.316392443,0.012147318,3.67161977,0.107328185,0.056714205,2026,16,3126486,11.52101702,,,,
15.5113247,0.141427043,0.008020096,,,,,0.43332303,0.207382073,2026,16,4685720,17.78125874,258.4897794,1.64934,0.0676354,0.651697007
,,,46.92050814,0.198013094,0.010227302,4.119488474,0.058430915,0.032721312,2026,16,4688813,9.95617183,,,,
0.809179416,0.008032607,0.000406,52.11913763,0.344681787,0.019584622,3.706283978,0.049179309,0.027369445,2026,16,4429205,11.1019404,,,,
57.40103188,0.276209403,0.0155,17.59543925,0.068804272,0.00217436,2.498798824,0.16282324,0.077472042,2026,16,4047365,11.95322862,,,,
54.54138147,0.476567519,0.0136,10.53814839,0.055312912,0.002453115,1.228070189,0.05603663,0.026304705,2026,16,4608686,10.90828458,,,,
,,,40.85145018,0.396019886,0.018521703,3.963390549,0.050991355,0.028555159,2026,16,3116365,10.40593197,,,,
,,,45.0428721,0.455959897,0.037391104,3.150778158,0.052833102,0.029586537,2026,16,3128429,10.40782588,,,,
48.79780848,0.301970224,0.012334242,12.13214882,0.079014638,0.002805333,1.454555096,0.114380574,0.053865471,2026,16,4685512,9.75902621,,,,
,,,46.26802122,0.305777566,0.012459233,4.274306876,0.050869474,0.028486906,2026,16,3121023,10.70506305,,,,
63.89240378,0.487933929,0.04037829,6.394491435,0.03312466,0.002716396,0.992932886,0.069579718,0.03245171,2026,16,4241985,11.17109589,,,,
,,,42.56061976,0.442999931,0.021864059,3.86761763,0.058500396,0.032760222,2026,16,3929645,10.76142887,,,,
,,,25.568461,0.245862743,0.01208503,3.198718224,0.057351508,0.032116844,2026,16,4242355,7.19218915,,,,
18.16157888,0.236664957,0.019584878,,,,,0.511325336,0.24429483,2026,16,4426338,17.90766617,238.1372618,1.673154,0.137207408,0.692541421
0.726456418,0.007458175,0.000381835,46.69859341,0.457101606,0.020341595,4.169241293,0.066734005,0.03716777,2026,16,3916433,11.66798028,,,,
,,,33.98179991,0.135465096,0.008504983,2.67569101,0.022790902,0.012762905,2026,16,4360248,6.87874573,,,,
21.97700726,0.189556574,0.0157,30.64036282,0.206106132,0.016901784,4.105670088,0.079809008,0.040152593,2026,16,4568490,11.76139946,,,,
,,,35.78975563,0.22410104,0.012227558,3.456764376,0.058402271,0.032705272,2026,16,4035687,8.34093275,,,,
,,,56.50667487,0.342788427,0.017487384,4.264952974,0.078035693,0.043699988,2026,16,4832800,11.92198381,,,,
,,,28.65312616,0.265521562,0.008960493,1.985430449,0.03094423,0.017328769,2026,16,4432708,6.42795189,,,,
,,,45.46249522,0.339464278,0.016606195,3.324510944,0.042579921,0.023844756,2026,16,4683062,9.89419101,,,,
49.58918751,0.21016306,0.01196689,4.748271109,0.025919967,0.001226569,0.657684764,0.166946931,0.077696576,2026,16,4575131,7.38333255,,,,
39.08810428,0.178621918,0.0205,10.48248606,0.067922994,0.003706062,1.462550685,0.079325978,0.037634332,2026,16,4038815,7.87411665,,,,
37.56479983,0.251625055,0.00937,6.356011395,0.024440212,0.000901629,1.017702796,0.068627878,0.032287983,2026,16,4429096,7.02395481,,,,
55.41843999,0.444157742,0.011324022,12.05606447,0.043585498,0.002291655,1.616832572,0.090063315,0.042402061,2026,16,4711533,11.23554569,,,,
29.55940065,0.237953596,0.016240621,15.26787221,0.068096105,0.003360852,2.108189985,0.070465841,0.033998025,2026,16,3054850,8.40028237,,,,
21.867791,0.132675371,0.00425218,,,,,0.553483773,0.264288678,2026,16,4038941,15.32371819,227.952523,1.303134,0.053161546,0.795320078
29.44690747,0.253103097,0.015374187,8.251975275,0.045195751,0.003354341,1.209197631,0.064663302,0.030686147,2026,16,4685247,6.74667376,,,,
,,,30.45061912,0.339954525,0.0167783,2.694036815,0.039434156,0.022083128,2026,16,4569559,7.76926022,,,,
,,,38.04415632,0.304173786,0.013536115,2.609020773,0.03846573,0.021540809,2026,16,4432773,8.22348373,,,,
16.25090994,0.083168966,0.00248,16.63583991,0.094538511,0.004398668,2.483695481,0.058061428,0.028833397,2026,16,4371733,6.82831793,,,,
1.608435331,0.010340712,0.000482,40.11383829,0.134284042,0.009356688,3.941842504,0.058003969,0.032122062,2026,16,4569587,8.93878164,,,,
,,,39.23220137,0.261763782,0.014044113,2.975913277,0.057110317,0.031981777,2026,16,4361432,8.43534678,,,,
,,,39.54702998,0.236146749,0.013417723,4.710345956,0.049209095,0.027557093,2026,16,4036133,10.05495271,,,,
25.51771129,0.099443246,0.005662395,13.27645388,0.092699055,0.004386649,2.065772823,0.073193655,0.035542626,2026,16,4697815,7.08517144,,,,
,,,56.39956566,0.262803511,0.013573703,3.703129808,0.054286872,0.030400648,2026,16,4360078,10.88768755,,,,
,,,44.46023475,0.21258,0.015026887,3.900261653,0.067417922,0.037754036,2026,16,4373678,9.57809283,,,,
28.42945355,0.2156046,0.010890619,,,,,0.406771773,0.194232932,2026,16,3917315,17.64662747,224.1106469,1.53708,0.087336008,0.710709376
51.64487171,0.470463574,0.0192,14.08859831,0.053320628,0.001893094,1.970754198,0.051231831,0.024244305,2026,16,4426385,11.68185399,,,,
2.117060217,0.013511246,0.000403623,31.365471,0.043790566,0.002037478,3.053601845,0.05415272,0.029693724,2026,16,3116165,6.69258859,,,,
0.346845909,0.00934507,0.000567646,37.46399545,0.224052886,0.016628769,3.731469765,0.046948125,0.026136677,2026,16,5083315,8.89630311,,,,
61.48504739,0.508493645,0.025685031,6.624014279,0.031394177,0.001783799,0.945339178,0.147189539,0.06866278,2026,16,4360569,10.91707238,,,,
3.33649748,0.023830012,0.001338057,47.7905253,0.130800405,0.006672795,4.437543199,0.092975625,0.050888145,2026,16,4870653,10.47277014,,,,
1.307713789,0.010294976,0.000329552,32.00643092,0.196851884,0.00802094,2.312762596,0.047082433,0.025889573,2026,16,4870795,6.85322206,,,,
6.514769,0.044427333,0.00181,,,,,0.439067683,0.210130725,2026,16,3912547,14.99139451,236.475179,1.663068,0.059045513,0.875477562
30.86319611,0.189861065,0.006935749,12.45293308,0.069464332,0.002624247,1.64782174,0.079145551,0.037739466,2026,16,4429059,7.49386652,,,,
,,,41.0706661,0.239524137,0.009759666,2.970815614,0.059102859,0.033097601,2026,16,4428850,8.46991118,,,,
,,,34.71547756,0.117157583,0.004426019,3.824269737,0.044008917,0.024644994,2026,16,3117256,7.95948904,,,,
8.49880894,0.040952638,0.002301048,,,,,0.656780923,0.314597715,2026,16,4036378,14.28118313,258.2743563,1.23765,0.039112356,0.783479612
2.808891544,0.020567229,0.00065917,37.17461142,0.211942445,0.008646224,2.200118018,0.04052394,0.021861357,2026,16,4429025,7.56948243,,,,
12.45983084,0.045548456,0.002559278,3.370632884,0.020622055,0.000651701,0.556562809,0.029058555,0.013845384,2026,16,4429023,2.51613144,,,,
,,,34.32680535,0.15906841,0.007054649,3.28480947,0.065696189,0.036789866,2026,16,2973405,7.73923802,,,,
,,,32.45511663,0.212502806,0.01140117,3.126891769,0.030712678,0.0171991,2026,16,3046439,7.63663441,,,,
,,,36.41742262,0.188226892,0.009721848,3.822950847,0.068457677,0.038336299,2026,16,15818,8.53863156,,,,
13.02486617,0.062598928,0.00228678,,,,,0.496274198,0.237504466,2026,16,4432577,15.18363036,242.6155061,1.276952,0.048241132,0.473002479
23.44585332,0.139359524,0.00649,14.313479,0.056731031,0.003952924,1.831401858,0.056020287,0.027280384,2026,16,4428557,6.7516795,,,,
40.35544203,0.351175737,0.0121,6.645331243,0.047954866,0.003010778,0.863819148,0.099284109,0.0464697,2026,16,4241474,7.90686011,,,,
,,,42.88852825,0.265015531,0.016702114,3.017764052,0.038651145,0.021644641,2026,16,4428718,8.88784501,,,,
,,,48.22005841,0.455005937,0.02245661,3.253695506,0.059297515,0.033206608,2026,16,4880281,10.78580297,,,,
3.24607576,0.020313966,0.00083,40.62550517,0.228332352,0.008106705,2.283870358,0.056450987,0.030535195,2026,16,4032473,8.43377109,,,,
17.10275066,0.097190425,0.0029,,,,,0.604383397,0.288901409,2026,16,3052587,11.30137642,208.2295079,0.653224,0.030393071,0.719430416
33.38648305,0.263852878,0.01139935,14.21923717,0.059332819,0.00200229,1.915283506,0.03296375,0.015821914,2026,16,4373626,8.61099916,,,,
23.19466509,0.168617223,0.00576,3.670133823,0.021094087,0.000809869,0.488821583,0.054153852,0.025330987,2026,16,4696044,4.2774751,,,,
8.562402175,0.075578676,0.00193,47.7640557,0.15019455,0.007896987,3.514479933,0.102329489,0.054100525,2026,16,4569603,10.53807562,,,,
,,,29.19114992,0.228298379,0.009361958,2.804959431,0.02389198,0.013379509,2026,16,2576925,7.0864596,,,,
19.50426385,0.131823504,0.00422,11.55053394,0.048129741,0.001961098,1.518712965,0.060449576,0.029226244,2026,16,4431545,5.69552013,,,,
14.08039729,0.14634001,0.006322391,,,,,0.396223749,0.189571293,2026,16,2578570,17.58666286,237.1514989,1.840272809,0.062103247,0.657358404
,,,52.09285288,0.305761076,0.022692992,3.205234497,0.06410469,0.035898626,2026,16,4597500,10.22436697,,,,
,,,36.09996157,0.260844957,0.018438648,2.654206484,0.044952761,0.025173546,2026,16,4635008,7.81699059,,,,
,,,44.7454394,0.344251671,0.015319631,4.064638773,0.057413997,0.032151839,2026,16,4430539,10.57254632,,,,
12.60286778,0.206487175,0.0051715,,,,,0.619113412,0.296153578,2026,16,3917792,13.43646591,223.4445182,1.04931,0.054196468,0.870256714
,,,32.68473107,0.226872096,0.010610724,2.094351396,0.031548292,0.017667043,2026,16,4360939,6.71077844,,,,
34.18147531,0.184132848,0.005901367,13.90460668,0.083913013,0.003423244,1.831571636,0.071208742,0.034170378,2026,16,4596334,8.22311361,,,,
29.16785297,0.186159263,0.0141,3.728743166,0.021384848,0.001347741,0.464467857,0.064486186,0.030062925,2026,16,4686658,4.97186577,,,,
0.605643053,0.007889531,0.000905,32.84409534,0.271189082,0.014796809,3.382053092,0.049922193,0.027640742,2026,16,4361411,8.37894074,,,,
40.96423845,0.236483883,0.00603,9.427583276,0.042323558,0.002225304,1.186231704,0.131252069,0.061783024,2026,16,4682745,7.82795529,,,,
,,,23.31265374,0.181240808,0.006686196,2.219121563,0.027002788,0.015121562,2026,16,4570037,5.62167505,,,,
18.2298688,0.16597615,0.006645182,7.415768989,0.049039092,0.002398935,0.98532237,0.046866005,0.022405394,2026,16,4832955,4.82850093,,,,
31.76313295,0.279407143,0.0143,1.975422094,0.013609289,0.00060563,0.25136185,0.053629673,0.024853694,2026,16,4362619,5.36483582,,,,
,,,41.55756779,0.163329672,0.00858761,2.862649972,0.052377805,0.029331571,2026,16,4869645,7.95827686,,,,
,,,21.88780149,0.296866316,0.009281599,2.381176389,0.024559859,0.013753521,2026,16,3116164,6.34285859,,,,
,,,33.34423307,0.206909383,0.013040082,3.401365902,0.03887892,0.021772195,2026,16,4429086,7.96080728,,,,
,,,42.80667293,0.293387855,0.016008034,3.097906291,0.056682281,0.031742077,2026,16,4431492,9.10892663,,,,
,,,22.30809041,0.116373413,0.005936801,1.7457997,0.026225224,0.014686125,2026,16,4241463,4.65804057,,,,
2.175884565,0.014856576,0.00101,5.939429061,0.032673341,0.001612578,0.739425388,0.012018127,0.006234265,2026,16,4599739,1.82923028,,,,
31.27938365,0.148877822,0.008359503,,,,,0.668565271,0.318863758,2026,16,3122840,16.4723674,227.9972396,1.272895,0.064936859,0.643406345
6.933002485,0.044242521,0.00507,,,,,0.490622174,0.235091805,2026,16,8439,15.82885048,240.4548275,1.753752,0.095689448,0.753700639
,,,25.76625558,0.188766805,0.006701971,2.004059677,0.033764957,0.018908376,2026,16,2977187,5.68976726,,,,
,,,22.62054468,0.124010824,0.006653411,1.883230073,0.027190659,0.015226769,2026,16,2991662,4.87292277,,,,
15.26735386,0.107340777,0.00285865,10.88974611,0.059607906,0.00278784,1.17239826,0.041883088,0.020360357,2026,16,4038441,4.76147662,,,,
,,,14.02318611,0.074025746,0.00515799,0.948803184,0.015368435,0.008606323,2026,16,3925357,2.78878521,,,,
27.47411681,0.1952797,0.00498,,,,,0.678174975,0.323557336,2026,16,4242512,13.80965021,211.2146295,0.7785,0.040932271,0.56730736
,,,22.64317166,0.126195705,0.004767465,1.787177125,0.026159933,0.014649562,2026,16,4429022,4.78959433,,,,
11.99151639,0.094095412,0.005715617,,,,,0.53749184,0.257115893,2026,16,15864,14.59757881,230.8883685,1.293922,0.096032375,0.64039612
9.356733002,0.031213607,0.00175,3.385378901,0.013124865,0.000414773,0.536185165,0.015363552,0.007389886,2026,16,3149687,2.06638256,,,,
0.849032002,0.019556904,0.000799,30.57694811,0.286048717,0.010155865,2.770817659,0.050997554,0.028106823,2026,16,4576297,7.71408948,,,,
30.87940844,0.20846966,0.0136,3.49073791,0.010670252,0.000748569,0.4588504,0.056321547,0.026237761,2026,16,4241457,5.18841412,,,,
,,,38.96320467,0.245231881,0.017204192,2.731003485,0.049969073,0.027982681,2026,16,4682648,8.07847826,,,,
19.1650568,0.136608934,0.0072,11.11031855,0.050030308,0.00156421,1.431763594,0.05886548,0.028543245,2026,16,3116389,5.54113251,,,,
7.290933387,0.100782475,0.003461588,,,,,0.330026058,0.157973039,2026,16,4360423,13.79442366,224.8584349,1.164384,0.073104193,0.518561704
,,,9.902789261,0.071849972,0.004082474,0.950407015,0.016285032,0.009119618,2026,16,3886598,2.36214169,,,,
,,,25.60081524,0.208458024,0.013137682,1.763088578,0.030107551,0.016860229,2026,16,4382466,5.56726515,,,,
,,,25.84552259,0.140437547,0.006645702,2.084687887,0.03814346,0.021360338,2026,16,5081432,5.52699555,,,,
14.95823729,0.176424233,0.00822,,,,,0.465357513,0.222582972,2026,16,4688380,13.5396236,212.6632951,0.940326,0.065520347,0.498598042
,,,37.78779078,0.14731741,0.006009836,2.739655769,0.050127384,0.028071335,2026,16,4686612,7.35954231,,,,
,,,26.00294959,0.204914564,0.00835952,2.389118226,0.030963911,0.01733979,2026,16,4595342,6.20175603,,,,
0.608977121,0.004584251,0.000242,27.65658246,0.20518381,0.006415123,2.39315685,0.045763921,0.025430154,2026,16,4384852,6.59983431,,,,
4.521574583,0.033222588,0.00119,1.656472956,0.009973357,0.000704998,0.227022758,0.0113918,0.005441703,2026,16,4429501,1.13279835,,,,
5.120346557,0.030024183,0.001096803,21.92182881,0.089587311,0.00338446,1.846921069,0.051314079,0.026983781,2026,16,4586312,5.33095973,,,,
,,,39.6861337,0.238930641,0.011744293,3.415659568,0.06019296,0.033708058,2026,16,5083754,8.77551925,,,,
,,,36.59922406,0.145181931,0.007633431,2.544577753,0.046558048,0.026072507,2026,16,4869961,7.03994359,,,,
1.320882731,0.008080827,0.000295198,42.80246401,0.171241177,0.006469208,2.607146274,0.041666496,0.022982817,2026,16,4686422,8.06407415,,,,
16.35175935,0.157917662,0.012,,,,,0.503508216,0.240654732,2026,16,4837248,17.22264937,236.6419098,1.700326,0.107159906,0.698671641
,,,6.58493652,0.051707331,0.00210687,0.521654098,0.009544686,0.005345024,2026,16,4715355,1.48416743,,,,
,,,24.32043717,0.063108822,0.002986398,2.391392448,0.027402822,0.01534558,2026,16,4360635,5.17809673,,,,
,,,22.76737403,0.107510351,0.008816413,2.433335115,0.030207099,0.016915975,2026,16,3051876,5.3397335,,,,
,,,39.25064108,0.047765432,0.00222242,3.474101944,0.046818529,0.026218376,2026,16,4243331,7.63900273,,,,
,,,23.22350931,0.164494739,0.011461719,2.503886084,0.024374296,0.013649606,2026,16,4686728,5.80947168,,,,
,,,6.962283792,0.05988422,0.003267445,0.618632433,0.011319096,0.006338694,2026,16,4685261,1.66832243,,,,
,,,6.13125226,0.031392156,0.001158095,0.75812886,0.007700396,0.004312222,2026,16,2573401,1.55350217,,,,
12.03036537,0.0501223,0.00285,7.89702875,0.037189925,0.001759879,0.867278934,0.056275238,0.027188295,2026,16,3068267,3.34022286,,,,
0.698722087,0.00566726,0.000469,24.89346136,0.162298993,0.013309369,2.113605157,0.040925731,0.022693092,2026,16,4600981,5.66387157,,,,
,,,32.2528571,0.293582892,0.010832331,2.249568872,0.041160282,0.023049758,2026,16,5123663,7.21300308,,,,
,,,25.37788432,0.132541308,0.007111087,2.055839232,0.039960805,0.022378051,2026,16,4427095,5.35939758,,,,
,,,13.93796874,0.078080905,0.004902199,0.99064712,0.018125835,0.010150468,2026,16,4870612,2.95524164,,,,
3.502055188,0.01464879,0.000953,5.46679032,0.0305159,0.002140837,0.673361531,0.01569917,0.00794387,2026,16,4360516,1.86266316,,,,
11.37419404,0.076134757,0.00244,13.78426178,0.077563118,0.003164199,1.47089588,0.03669271,0.018129963,2026,16,4430968,4.89607926,,,,
6.907085125,0.058333758,0.00208,13.70111134,0.086978962,0.006148382,1.580654266,0.026382264,0.013453182,2026,16,3915411,4.50359663,,,,
,,,25.79362463,0.114087009,0.00599851,2.37190791,0.029250342,0.016380192,2026,16,4367209,5.61580306,,,,
,,,20.8728096,0.209897138,0.011452555,2.069843206,0.032506341,0.018203551,2026,16,4430802,5.403863,,,,
2.683285234,0.022588536,0.000909,5.608730868,0.038139387,0.001874687,0.451180299,0.018408859,0.009370436,2026,16,3676833,1.80858663,,,,
0.748991695,0.006225077,0.000378,21.52313332,0.087195768,0.0064715,1.971212021,0.03838695,0.021264716,2026,16,4569371,4.89783771,,,,
,,,12.46143745,0.064339222,0.004548021,0.868768506,0.014055512,0.007871087,2026,16,4242433,2.49467225,,,,
17.54410525,0.186723166,0.0121,,,,,0.569070168,0.271975238,2026,16,4433970,15.47904595,233.0138142,1.462902,0.102629588,1.134186421
1.476024817,0.010613979,0.00069,27.86431773,0.147488809,0.010347047,1.790389791,0.033228029,0.018181505,2026,16,4040655,5.65962786,,,,
7.911783612,0.060749149,0.00341107,14.6777957,0.061789837,0.003152214,2.047874967,0.03421129,0.017497648,2026,16,4601080,5.05870465,,,,
,,,23.81626527,0.127551736,0.005230585,1.923553505,0.03519519,0.019709306,2026,16,4360763,5.04246301,,,,
,,,17.48862701,0.156958989,0.007746639,1.710250346,0.023464764,0.013140268,2026,16,4036131,4.39069772,,,,
,,,9.521905697,0.068907463,0.003370872,0.741477762,0.013566792,0.007597404,2026,16,4912218,2.09901825,,,,
,,,22.28671909,0.143950555,0.004857865,2.151958657,0.03982001,0.022299206,2026,16,3045523,5.21050121,,,,
,,,29.45146626,0.100461715,0.004674262,2.265279547,0.041447739,0.023210734,2026,16,5220680,5.77721552,,,,
16.83168402,0.137196288,0.0034361,3.474604656,0.014258264,0.000736434,0.49187799,0.037432287,0.017641695,2026,16,4686468,3.44611276,,,,
,,,10.21757309,0.079593515,0.003529955,1.033664163,0.01170263,0.006553473,2026,16,4258595,2.52724453,,,,
,,,10.18084311,0.105797498,0.00747863,1.038689971,0.008847315,0.004954496,2026,16,3930086,2.69684094,,,,
18.75147857,0.148684481,0.0053,5.734174913,0.03105649,0.001145892,0.776878753,0.042825937,0.020367774,2026,16,4912274,4.27717416,,,,
,,,30.90445363,0.173021781,0.010862926,2.10526695,0.026963996,0.015099838,2026,16,4361409,6.22608318,,,,
,,,13.06470465,0.136369293,0.005030831,1.450677286,0.01852962,0.010376587,2026,16,4242557,3.565161,,,,
13.47831772,0.08065822,0.00376,,,,,0.024676953,0.011351398,2026,16,4685555,1.8172523,,,,
20.34886388,0.104785513,0.005942215,7.888004751,0.034843994,0.001428867,1.04754995,0.044551815,0.0212645,2026,16,4239934,4.68240302,,,,
,,,6.165060292,0.03235462,0.002254416,0.55323599,0.01106472,0.006196243,2026,16,4431268,1.5936206,,,,
,,,21.12908481,0.09745493,0.003079782,1.868830207,0.037376604,0.020930898,2026,16,4430191,4.64048151,,,,
,,,7.372151484,0.034493491,0.001272507,0.583608759,0.010678269,0.00597983,2026,16,4710855,1.51865221,,,,
0.651079208,0.004900725,0.000405553,11.1363745,0.101458761,0.008320151,0.769013052,0.013975666,0.007633466,2026,16,4431280,2.58846881,,,,
,,,1.659013761,0.013065084,0.000639129,0.231701297,0.002255459,0.001263057,2026,16,4596602,0.49722066,,,,
1.816075285,0.01430201,0.001183543,14.55911393,0.088769411,0.007279558,1.161106891,0.030610814,0.016403188,2026,16,4686472,3.47275694,,,,
0.710857233,0.005766116,0.000291258,2.032858528,0.012510978,0.000710867,0.183970064,0.005808504,0.003008521,2026,16,4430656,0.75965276,,,,
10.18206456,0.087242529,0.002606209,,,,,0.030167844,0.013877208,2026,16,4430871,1.51991763,,,,
,,,2.304751467,0.017919522,0.000794727,0.167212727,0.003059485,0.001713312,2026,16,4869748,0.56061932,,,,
0.477277746,0.003918632,0.000134,11.0960926,0.078521289,0.003014683,1.424859345,0.01751102,0.009669047,2026,16,16002,3.06425718,,,,
,,,11.85426264,0.095219407,0.003380667,0.918289196,0.016801905,0.009409067,2026,16,4597703,2.66987657,,,,
,,,10.52907657,0.051467498,0.002761327,0.701931002,0.012843207,0.007192196,2026,16,4613202,2.09582922,,,,
1.143415653,0.007444548,0.000381138,3.732916218,0.024401891,0.001085915,0.492338585,0.006484412,0.003406068,2026,16,4911851,1.16734338,,,,
,,,10.35494316,0.073301934,0.002814296,0.768826339,0.011107403,0.006220146,2026,16,16731,2.23761396,,,,
,,,24.43751472,0.151510369,0.007086084,1.361266139,0.022950666,0.012852373,2026,16,2576581,4.73177151,,,,
,,,16.6816629,0.139414959,0.00878637,1.289053237,0.023585761,0.013208026,2026,16,4241983,3.78548997,,,,
,,,8.617814801,0.069389935,0.003722899,0.901927098,0.010974859,0.006145921,2026,16,4831959,2.17549194,,,,
,,,11.38607449,0.083850523,0.005882516,0.915176728,0.008908867,0.004988966,2026,16,4429148,2.55890961,,,,
16.63043684,0.148824959,0.00599,3.649339215,0.024587123,0.001208545,0.524524664,0.032652151,0.015380715,2026,16,4429676,3.57747442,,,,
,,,2.009260873,0.016881881,0.000599374,0.18677632,0.002272738,0.001272733,2026,16,4678006,0.48770698,,,,
,,,15.00183186,0.091024164,0.006755636,1.757353016,0.021383881,0.011974973,2026,16,4808766,3.79380711,,,,
,,,17.11820285,0.116620569,0.005704942,1.733445681,0.01476508,0.008268445,2026,16,4240472,4.14025237,,,,
,,,19.81814072,0.133973022,0.009335017,1.321003185,0.024170348,0.013535395,2026,16,4883647,4.09889063,,,,
,,,20.72246532,0.129349902,0.005304323,2.21864688,0.037735476,0.021131867,2026,16,4372780,5.03633374,,,,
5.308474594,0.038695286,0.003202174,8.15420317,0.042712008,0.003502609,0.981570602,0.023122976,0.011662175,2026,16,4362748,2.82898719,,,,
,,,2.367708218,0.009017938,0.000332683,0.212394099,0.002720317,0.001523378,2026,16,4360797,0.50096316,,,,
,,,21.54952945,0.056274998,0.002958848,1.548238786,0.02832807,0.015863719,2026,16,4685307,4.02243882,,,,
2.186194684,0.008152126,0.000458,13.96879325,0.079785651,0.002521395,1.401167316,0.033017888,0.017751939,2026,16,4431487,3.51561768,,,,
,,,21.24314473,0.170977479,0.008364018,1.713418329,0.031350354,0.017556198,2026,16,5082630,4.84604132,,,,
,,,4.425780863,0.038499527,0.001203697,0.522615037,0.006359302,0.003561209,2026,16,4427834,1.19164326,,,,
,,,4.367043968,0.015565657,0.00080396,0.40607389,0.00742992,0.004160755,2026,16,3051889,0.92965484,,,,
,,,11.33994927,0.06114122,0.001932192,1.322790469,0.020125188,0.011270105,2026,16,3054212,2.80548849,,,,
,,,27.55150805,0.215440154,0.009587357,1.871911657,0.034250301,0.019180169,2026,16,4879194,5.94790042,,,,
,,,2.691640952,0.024385386,0.00120353,0.19832476,0.003628741,0.002032095,2026,16,4879276,0.61224004,,,,
,,,11.67621744,0.089557357,0.005622731,1.213683743,0.015539372,0.008702049,2026,16,3043275,2.91290139,,,,
,,,2.248215037,0.015740642,0.000773709,0.247343475,0.002407786,0.00134836,2026,16,4372096,0.56552313,,,,
3.816036493,0.019486708,0.00109,1.541874604,0.0078447,0.000400198,0.259093612,0.007847063,0.003791556,2026,16,4722893,0.95447745,,,,
,,,6.972030077,0.030803471,0.001136378,0.706246474,0.013107327,0.007340103,2026,16,4569382,1.57620906,,,,
,,,5.982209221,0.03418155,0.001392764,0.587054222,0.00571473,0.003200249,2026,16,3052096,1.38690007,,,,
,,,10.99856774,0.060159934,0.002309732,0.802140336,0.014676733,0.008218971,2026,16,4431466,2.25152584,,,,
1.378473584,0.012562562,0.000857,,,,,0.00475189,0.002185869,2026,16,4698597,0.32592367,,,,
,,,2.33465647,0.007020351,0.000362599,0.183495985,0.003357419,0.001880155,2026,16,4061956,0.45613743,,,,
2.70647287,0.027960072,0.00112,1.928508551,0.009025367,0.000443629,0.273074467,0.006718802,0.003278447,2026,16,4383396,0.95523321,,,,
2.544584944,0.015022888,0.000448781,17.41564986,0.068994314,0.003210153,1.366036995,0.034833671,0.018522921,2026,16,4608810,3.91898049,,,,
,,,12.83527285,0.082357425,0.003851826,0.785076646,0.014364519,0.008044131,2026,16,4696882,2.55474307,,,,
,,,6.449777076,0.061919475,0.002284643,0.745835645,0.007260402,0.004065825,2026,16,4242392,1.75895924,,,,
2.368545802,0.014923896,0.000764057,3.499103858,0.026528498,0.001180551,0.506101293,0.01059187,0.005392682,2026,16,2576336,1.35975163,,,,
,,,19.18725515,0.104148486,0.004928452,1.30559498,0.01911074,0.010702014,2026,16,4567156,3.83816889,,,,
,,,2.296399714,0.016071108,0.000819869,0.185455835,0.003393279,0.001900236,2026,16,4808839,0.50945112,,,,
,,,2.455909316,0.01618733,0.001020177,0.184562991,0.003376942,0.001891088,2026,16,5150247,0.62547081,,,,
,,,13.900366,0.09709906,0.003981795,1.220941432,0.023180059,0.012980833,2026,16,4567096,3.17618632,,,,
,,,6.375602541,0.038560873,0.002191007,0.542744633,0.009930579,0.005561124,2026,16,4565185,1.40519209,,,,
,,,7.169150024,0.057207089,0.001930554,0.766009988,0.009677109,0.005419181,2026,16,4426844,1.81944587,,,,
,,,5.413930888,0.040243473,0.001258222,0.437218429,0.00799977,0.004479871,2026,16,5092508,1.21384026,,,,
,,,9.274609188,0.05848092,0.002767399,0.705825548,0.014116511,0.007905246,2026,16,4361577,1.98874228,,,,
,,,6.79223107,0.033401631,0.001055562,0.593404715,0.010857505,0.006080203,2026,16,4259305,1.48628483,,,,
,,,6.938670528,0.035200161,0.001435996,0.494538421,0.009048552,0.005067189,2026,16,4685553,1.39258285,,,,
,,,6.730401406,0.050178464,0.001568842,0.818826522,0.010490404,0.005874626,2026,16,3127310,1.78460308,,,,
,,,13.82704927,0.075528027,0.00474192,1.21144442,0.024228888,0.013568177,2026,16,3917914,3.06622126,,,,
,,,4.960711996,0.023956536,0.001177549,0.370377993,0.00740756,0.004148234,2026,16,4426485,1.00444264,,,,
,,,7.002540522,0.050055911,0.002460426,0.743757137,0.00905021,0.005068118,2026,16,4360967,1.73937007,,,,
,,,6.386891478,0.048097453,0.002133111,0.590087937,0.007180328,0.004020983,2026,16,4685504,1.51377566,,,,
,,,4.742931072,0.028471125,0.001331584,0.317025352,0.005800602,0.003248337,2026,16,4690143,1.06751763,,,,
,,,8.821730786,0.085521967,0.00701325,0.868102463,0.008450618,0.004732346,2026,16,3911853,2.26819235,,,,
,,,14.73312968,0.127034485,0.005941356,1.31576753,0.016010566,0.008965917,2026,16,4432260,3.54566069,,,,
,,,1.988184221,0.015160014,0.001071633,0.203712936,0.002478826,0.001388143,2026,16,4573699,0.49292382,,,,
,,,3.358920191,0.017691868,0.001241169,0.430791556,0.003703297,0.002073846,2026,16,2975417,0.87126723,,,,
,,,12.62897928,0.083737682,0.003416091,1.251041823,0.015222968,0.008524862,2026,16,4241263,3.0065503,,,,
0.625233177,0.005019981,0.000171338,10.76835893,0.058014267,0.002227353,0.756896281,0.016063869,0.00877427,2026,16,4575665,2.32497149,,,,
,,,1.658492634,0.0075439,0.000404744,0.232696099,0.00200037,0.001120207,2026,16,4039505,0.44243064,,,,
4.42835139,0.035338822,0.002411917,1.988211028,0.013447985,0.000663719,0.253418439,0.011108863,0.005327928,2026,16,5081999,1.18358434,,,,
,,,9.278684659,0.069732986,0.005175447,1.213678087,0.011814654,0.006616206,2026,16,4361372,2.55737495,,,,
,,,7.904412287,0.032469095,0.001707173,0.730152746,0.008884669,0.004975415,2026,16,4880236,1.70910666,,,,
,,,4.375148811,0.030279978,0.001162545,0.453059455,0.005512933,0.003087243,2026,16,4040612,1.06855061,,,,
,,,3.950481656,0.008364016,0.000389159,0.344981168,0.006312108,0.003534781,2026,16,5097554,0.80547702,,,,
,,,2.27690311,0.013886312,0.000717223,0.206170526,0.002717918,0.001522034,2026,16,2998565,0.51564109,,,,
,,,6.297412043,0.07332139,0.006012739,0.689725483,0.00839274,0.004699935,2026,16,4383440,1.76224204,,,,
,,,1.950506784,0.010920526,0.000412559,0.22886033,0.002784826,0.001559502,2026,16,4426496,0.48721408,,,,
,,,1.872400985,0.012488178,0.000590958,0.205381091,0.002499125,0.00139951,2026,16,4690923,0.46599915,,,,
,,,6.223637714,0.055324612,0.00301866,0.629808914,0.009218873,0.005162569,2026,16,4035656,1.58007614,,,,
,,,3.605461352,0.03057658,0.00143,0.354239977,0.00344838,0.001931093,2026,16,3052897,0.89733461,,,,
,,,6.32478305,0.047546169,0.002425572,0.665901745,0.008102848,0.004537595,2026,16,4362018,1.57964722,,,,
,,,5.418600806,0.025380208,0.001035389,0.669147143,0.008425553,0.00471831,2026,16,3917668,1.35614523,,,,
,,,10.45481844,0.103266423,0.003901234,1.198703942,0.013806388,0.007731577,2026,16,3843945,2.85648784,,,,
,,,5.551393183,0.053097264,0.001885164,0.575781065,0.007006238,0.003923493,2026,16,2975863,1.44561211,,,,
,,,1.668851208,0.010162854,0.000518459,0.250047783,0.002149534,0.001203739,2026,16,2515270,0.47659623,,,,
,,,12.24742671,0.110223241,0.004905072,1.139900293,0.013870572,0.007767521,2026,16,4686248,3.02062351,,,,
3.243715429,0.023702619,0.001797479,1.800600657,0.011032898,0.000695328,0.22762718,0.007149442,0.003445287,2026,16,4241961,0.93875593,,,,
,,,7.138811058,0.03589832,0.001356179,0.542137774,0.009919476,0.005554906,2026,16,4430681,1.46327295,,,,
,,,8.562567847,0.031053689,0.001632753,0.637176682,0.011658399,0.006528703,2026,16,4369466,1.6702715,,,,
,,,3.704479369,0.02916974,0.001380353,0.395117126,0.006571248,0.003679899,2026,16,4048228,0.93615781,,,,
,,,9.105629662,0.079302224,0.00325199,0.96282947,0.011715933,0.006560923,2026,16,4683243,2.34289751,,,,
,,,3.862487075,0.031396356,0.001783923,0.419714013,0.005107178,0.00286002,2026,16,4708049,0.99232366,,,,
,,,3.212739786,0.01823014,0.000647242,0.421394778,0.003622517,0.00202861,2026,16,4243176,0.84938226,,,,
,,,1.820175079,0.009205178,0.000754873,0.241456401,0.002075678,0.00116238,2026,16,3929914,0.47794474,,,,
,,,2.116251812,0.012441565,0.000642602,0.200578645,0.002440688,0.001366785,2026,16,4722908,0.48546905,,,,
,,,6.731937673,0.040763802,0.001662965,0.569762134,0.011395243,0.006381336,2026,16,4362477,1.60975659,,,,
,,,5.103457373,0.037381704,0.001524992,0.300063092,0.005395221,0.003021324,2026,16,3051738,1.03184859,,,,
,,,4.440147597,0.03791833,0.002389733,0.436805736,0.005315154,0.002976486,2026,16,4045305,1.10729737,,,,
,,,1.873704119,0.012440201,0.000588688,0.196173214,0.002387081,0.001336766,2026,16,4361088,0.45675168,,,,
,,,6.309028999,0.041538688,0.001532413,0.71824722,0.0087398,0.004894288,2026,16,4426553,1.5918895,,,,
,,,10.42110362,0.031835957,0.002218276,1.076799391,0.012725529,0.007126296,2026,16,4361516,2.30044545,,,,
,,,2.111747269,0.009421124,0.000591492,0.164451809,0.003008969,0.001685023,2026,16,4369886,0.43004542,,,,
1.458101834,0.012811239,0.000321,,,,,0.004711455,0.002167269,2026,16,4683151,0.21910928,,,,
,,,4.644016501,0.03004511,0.002107809,0.360768157,0.006600962,0.003696539,2026,16,4257188,1.2542648,,,,
,,,4.761315462,0.035089667,0.001790103,0.423152266,0.007742402,0.004335745,2026,16,4241424,1.10493513,,,,
,,,1.774714739,0.009259385,0.000430819,0.192247405,0.002339311,0.001310014,2026,16,4372505,0.4235786,,,,
,,,3.487326743,0.022774081,0.001429838,0.370897047,0.004513162,0.002527371,2026,16,4035020,0.85419854,,,,
,,,4.515883393,0.03889602,0.001312615,0.479710202,0.005837226,0.003268846,2026,16,4239944,1.1609164,,,,
,,,4.841890847,0.032225108,0.002030928,0.365915272,0.006695139,0.003749278,2026,16,4401805,1.06265003,,,,
,,,4.051491876,0.025707248,0.000812403,0.505319351,0.006148844,0.003443352,2026,16,4431346,1.05961273,,,,
,,,2.138788471,0.013101139,0.000494939,0.228312404,0.002778159,0.001555769,2026,16,4362504,0.51874963,,,,
,,,8.643308299,0.068491335,0.002141399,1.119636454,0.013307018,0.00745193,2026,16,3050481,2.38464583,,,,
,,,1.996009592,0.019683943,0.000962915,0.212434653,0.002584954,0.001447574,2026,16,4431196,0.52923835,,,,
96.08440356,0.909034,0.032675146,39.24801498,0.218380758,0.008117779,4.858925274,0.201581555,0.096771064,2026,17,4429795,25.0500214,,,,
,,,82.73460202,0.531728502,0.019765728,7.234393367,0.077106359,0.043179561,2026,17,4374302,18.65343091,,,,
1.489896873,0.016165149,0.000646431,82.70547131,0.602972499,0.029461518,7.333253828,0.090516524,0.050376263,2026,17,4241389,19.42946791,,,,
31.94944472,0.887089931,0.0314,,,,,0.625126403,0.297641544,2026,17,3918298,23.2838533,248.7543156,1.603652,0.11239526,0.653609406
105.9701207,1.037260479,0.035268898,33.65473979,0.200128467,0.012438517,3.331598271,0.269568141,0.127777114,2026,17,4430807,24.5654186,,,,
,,,93.53131366,0.682402933,0.024125357,7.021257101,0.114349148,0.064035523,2026,17,4430878,20.39200373,,,,
69.31538198,0.760134647,0.025757796,36.99666188,0.227328227,0.008665105,4.319172426,0.125707705,0.060432105,2026,17,3117251,20.82645365,,,,
0.556062131,0.004438558,0.000233,90.49180515,0.751731755,0.023417428,8.07722359,0.124575462,0.069600154,2026,17,4362628,21.63042074,,,,
4.476092727,0.069084726,0.002555509,92.03575435,0.452716908,0.016594987,7.250857001,0.120162914,0.066141837,2026,17,4426515,19.94204283,,,,
89.44884437,0.778841926,0.019628503,21.8814699,0.065440944,0.003401192,2.732424179,0.203321494,0.096026798,2026,17,4242335,18.79052862,,,,
93.21882512,0.847691243,0.029994807,16.65659569,0.098529561,0.006905648,2.091364448,0.296215024,0.139035687,2026,17,4379399,18.55976089,,,,
,,,64.39795818,0.630524474,0.021270649,7.121157481,0.071870754,0.040247622,2026,17,4361307,17.3080422,,,,
99.03712839,1.074851709,0.028743151,13.00810845,0.06265458,0.002942431,1.51539294,0.157593919,0.073538558,2026,17,3043078,19.46540641,,,,
,,,79.83669347,0.498821841,0.028675046,6.750718289,0.096083333,0.053806666,2026,17,4262921,17.67959344,,,,
,,,69.6976759,0.616012687,0.038697317,5.83336432,0.049687216,0.027824841,2026,17,4432665,16.52226698,,,,
40.88012563,0.256649254,0.00686,,,,,0.483032265,0.23021703,2026,17,3916387,19.86126241,251.3846075,1.399538,0.065726148,0.558850107
94.98456821,0.975458886,0.039,25.49020307,0.207458361,0.010127198,2.925170687,0.119833179,0.056610901,2026,17,4567048,22.05834589,,,,
64.61081836,0.51293214,0.0388,36.37744108,0.207739513,0.013049994,3.908909033,0.117693481,0.056380234,2026,17,4890973,18.32581242,,,,
,,,78.31541897,0.427861788,0.021402503,6.510645343,0.101197808,0.056670773,2026,17,4361370,16.84149143,,,,
1.747504945,0.018133731,0.000616583,81.09512008,0.481587539,0.029931947,5.564599721,0.096487647,0.053516648,2026,17,4426502,16.80380361,,,,
61.7775486,0.450318416,0.02366251,25.12056509,0.13942472,0.004343262,4.329295155,0.124071762,0.059834534,2026,17,4362238,16.49718382,,,,
1.418477764,0.011687309,0.0004224,74.5551121,0.581575892,0.021737074,5.787587289,0.089374102,0.049678428,2026,17,4258173,16.89184557,,,,
,,,61.6255401,0.449102816,0.021943373,4.606805593,0.092136112,0.051596223,2026,17,4426354,13.4071008,,,,
80.15435753,0.958482037,0.038328933,15.83646099,0.086129917,0.004208348,2.77549632,0.198225346,0.093751702,2026,17,4361579,18.54505305,,,,
70.88061219,0.342615201,0.0111,14.36128532,0.086814504,0.003580637,1.952032139,0.110121838,0.051861725,2026,17,3929630,12.98134794,,,,
,,,68.7054044,0.489592729,0.017946723,4.536030824,0.061631486,0.034513632,2026,17,16800,14.31261982,,,,
,,,63.23245737,0.262920333,0.019939419,5.801485903,0.109014451,0.061048093,2026,17,4569618,13.62291629,,,,
3.495962512,0.028346851,0.000758,85.80546619,0.322601644,0.015150259,5.679283828,0.105400705,0.058076355,2026,17,4429615,16.63356548,,,,
62.53747337,0.586890632,0.0217,20.93326764,0.174681807,0.006403212,3.481189993,0.178108759,0.085464682,2026,17,4430737,16.28767979,,,,
1.891606641,0.037544714,0.000946208,43.70667057,0.238254226,0.012382896,5.179316117,0.064299479,0.035428078,2026,17,4431459,11.35143753,,,,
74.03587765,0.436358527,0.0188,17.89342047,0.111702953,0.003768283,2.472947528,0.125613706,0.059482999,2026,17,4870808,14.88373479,,,,
,,,67.61923309,0.266353619,0.010985673,6.108116468,0.087677534,0.049099419,2026,17,4241478,14.39425,,,,
,,,66.44555597,0.40679197,0.028738498,5.082359732,0.075191632,0.042107314,2026,17,4595348,14.14291552,,,,
,,,73.74605908,0.450870807,0.018530696,5.431225939,0.108624519,0.060829731,2026,17,4685472,15.42932662,,,,
55.63437828,0.445950175,0.0145,9.620749759,0.034974641,0.001445645,1.410602209,0.225705,0.105903297,2026,17,4685382,10.6477066,,,,
,,,64.55717859,0.491833648,0.02400914,5.351351234,0.107027025,0.059935134,2026,17,4428331,14.68904499,,,,
65.97269353,0.467545343,0.030618724,15.04591182,0.053572798,0.00378474,1.879217993,0.319532793,0.150398334,2026,17,4696981,12.88425763,,,,
11.06021122,0.133178046,0.006997997,,,,,0.499441886,0.239041264,2026,17,3915511,19.37599578,268.9795415,2.099972,0.065416875,0.684055249
67.56233398,0.440249739,0.0273,22.04873877,0.099865138,0.007573598,2.752504566,0.14089283,0.066897604,2026,17,4427366,14.89397309,,,,
24.38707751,0.341979242,0.011081043,,,,,0.489422155,0.233561596,2026,17,4040715,15.96824696,223.3989607,1.051194,0.043356172,0.658860957
,,,65.10037663,0.496852686,0.01893861,4.730682181,0.045057262,0.025232067,2026,17,3040151,14.21043705,,,,
,,,66.23994919,0.416503055,0.012974615,5.000967351,0.069297535,0.03880662,2026,17,4239993,14.07414659,,,,
21.42908352,0.249578767,0.008457184,,,,,0.353296274,0.168719511,2026,17,4361741,20.53718702,259.650658,2.00268,0.076336463,0.670694263
74.22114673,0.317996831,0.009483488,17.49670908,0.083140089,0.003861777,2.518199674,0.187200839,0.088479149,2026,17,4596448,13.95148301,,,,
64.42457261,0.654618372,0.018593775,18.37391748,0.068352237,0.003023873,2.132669625,0.198419654,0.093854374,2026,17,4259545,14.61110684,,,,
,,,49.50571626,0.439210465,0.016326593,4.735774271,0.040338204,0.022589394,2026,17,4430027,12.31014509,,,,
0.68147056,0.004092439,0.000122047,49.04011496,0.207600627,0.00964285,3.125875407,0.047714372,0.026524133,2026,17,4567750,9.33593388,,,,
63.10992561,0.527030814,0.0293,21.42594926,0.123106112,0.00622348,2.905803364,0.081837263,0.038894127,2026,17,4685702,15.25563111,,,,
18.20320601,0.179411781,0.007167942,,,,,0.321623595,0.153771838,2026,17,3139477,18.74580317,247.1303391,1.83773,0.089709837,0.640926781
,,,67.93756342,0.356463241,0.019180684,4.774064645,0.076629076,0.042912283,2026,17,4047646,13.66115924,,,,
,,,51.70198486,0.244912099,0.010123219,4.235806457,0.069027749,0.038655539,2026,17,4612826,10.8202369,,,,
,,,50.92491534,0.32064934,0.01565268,4.064447895,0.050219165,0.028122732,2026,17,15847,11.05722137,,,,
,,,65.98648174,0.461796651,0.014387966,4.803440346,0.078085451,0.043727853,2026,17,4248528,14.11625265,,,,
0.699720296,0.005386967,0.000275091,63.2955346,0.627004586,0.027831117,4.28854674,0.088682867,0.049371212,2026,17,4432620,14.67266498,,,,
0.709951102,0.003628131,0.000304833,54.95535169,0.195310252,0.016261417,4.470918938,0.067839136,0.03780895,2026,17,4372016,11.19038212,,,,
2.917215829,0.033057457,0.00117,63.26078667,0.37758719,0.026463977,4.550769994,0.077862772,0.042726102,2026,17,3915416,13.60431188,,,,
14.5978433,0.15281497,0.00611,,,,,0.344469613,0.164777101,2026,17,2577417,18.2692524,245.2266046,1.877924,0.091756244,0.651740108
66.82381529,0.428362316,0.0243,13.46359603,0.094674004,0.003891082,2.184431585,0.124893802,0.058954403,2026,17,4241416,13.293164,,,,
60.24367654,0.585747403,0.021169938,12.89053004,0.048764199,0.001822619,1.829281598,0.106910751,0.050411382,2026,17,4035538,12.89775422,,,,
42.28443164,0.218060979,0.011143826,23.61171953,0.117607549,0.006760734,2.936277241,0.14070667,0.067970564,2026,17,3042519,11.44348552,,,,
75.29275332,0.606933994,0.030993658,14.98243998,0.101378167,0.004499915,1.778307765,0.155484268,0.072937724,2026,17,4882093,14.98491576,,,,
,,,48.02347064,0.449705559,0.022734318,4.484896381,0.053002146,0.029681202,2026,17,5083076,11.97298103,,,,
,,,64.44513888,0.347822426,,4.621026436,0.068158396,0.038168702,2026,17,3121422,13.07793748,,,,
59.16716485,0.218475016,0.0253,26.49940783,0.14106538,0.007773904,3.271727758,0.173145146,0.083091273,2026,17,4569987,13.90016466,,,,
,,,62.7272614,0.494478169,0.018848101,4.262358993,0.054591761,0.030571386,2026,17,16737,13.47994758,,,,
,,,41.58767933,0.377093253,0.016682441,3.494529495,0.0340178,0.019049968,2026,17,4723086,9.91202189,,,,
,,,51.9335429,0.244996947,0.009107172,3.592156648,0.051534288,0.028859202,2026,17,4426388,10.21735056,,,,
3.12797557,0.029751591,0.000845064,57.4084522,0.346025177,0.015308003,4.46330429,0.085620317,0.046994034,2026,17,4685278,12.71218774,,,,
33.62280019,0.142458476,0.00808,,,,,0.76496806,0.364852091,2026,17,4431452,16.66371945,236.8268613,1.360512,0.073206848,0.960761697
46.47443193,0.327175888,0.018548745,22.30082533,0.119241622,0.00641619,2.686346045,0.176838757,0.084748053,2026,17,4569173,12.1274786,,,,
,,,60.12084041,0.359960702,0.025430025,5.316806281,0.083264484,0.046628111,2026,17,4361050,13.44845436,,,,
,,,44.52838412,0.215600238,0.015110788,3.742947988,0.0550338,0.030818928,2026,17,4385690,9.45942355,,,,
2.491017534,0.037797111,0.001398151,,,,,0.365258403,0.174999988,2026,17,12483,15.47329325,254.9569017,1.669626,0.061202533,0.832116316
,,,58.34199383,0.34016928,0.018746226,3.893178831,0.06488526,0.036335746,2026,17,4047650,11.73492485,,,,
17.15330714,0.25755623,0.013152352,,,,,0.375368861,0.179356657,2026,17,4360310,20.90927342,245.6113878,2.350788,0.104345418,0.732592204
,,,71.14627553,0.513389677,0.017319124,5.263160509,0.075764125,0.04242791,2026,17,4360761,15.40990655,,,,
,,,54.67605344,0.415497723,0.018381438,3.382719541,0.060381178,0.03381346,2026,17,4431299,11.31404318,,,,
47.47299322,0.294158989,0.02034822,17.0046481,0.094275062,0.004715827,2.34947009,0.107558932,0.051139349,2026,17,4239996,11.07852592,,,,
52.7297134,0.295653636,0.016761638,9.412787288,0.042764652,0.002301094,1.322151413,0.094316446,0.044318423,2026,17,4432710,9.51888983,,,,
29.2501126,0.284896183,0.00809,,,,,0.512871832,0.244866622,2026,17,4431611,19.11827976,238.6410282,1.598376,0.070711457,0.568341696
,,,71.09403609,0.273559672,0.019155053,4.816820889,0.0881332,0.049354592,2026,17,4871023,13.50951145,,,,
1.095925911,0.004975809,0.000276,64.20834596,0.35040714,0.010917459,4.428661282,0.067937576,0.037733769,2026,17,4701936,13.04009954,,,,
3.11306793,0.047389818,0.001703423,,,,,0.532162076,0.25496585,2026,17,3046779,17.0231873,269.2492867,1.767124,0.065688584,0.524909094
0.725933909,0.007960219,0.000440962,46.93863726,0.21979428,0.00684802,4.598234079,0.060885121,0.03382654,2026,17,4572680,10.67975107,,,,
75.18471578,0.420236899,0.019665722,14.06070388,0.031173577,0.00218282,2.259500458,0.127480469,0.060110217,2026,17,3916148,13.81934793,,,,
45.51032811,0.168952707,,,,,,0.516867401,0.246081356,2026,17,4426348,18.02657002,236.1314629,1.164594,,0.581635421
15.5575413,0.199633353,0.013809482,,,,,0.663013746,0.317014361,2026,17,4360689,17.38722178,247.4467798,1.64934,0.08250329,0.718840243
,,,50.3725604,0.173474837,,4.760216226,0.07500329,0.042001843,2026,17,2976212,10.7562976,,,,
,,,60.01136519,0.347363583,0.014276571,5.320075303,0.089314005,0.050015843,2026,17,4695883,13.3973604,,,,
10.95248242,0.104566033,0.003543307,44.39670244,0.389235321,0.014836543,3.418510282,0.106896077,0.056009216,2026,17,3126486,11.88025611,,,,
14.64948521,0.136536212,0.00776016,,,,,0.441376486,0.211249376,2026,17,4685720,16.60137743,245.7047758,1.54546,0.063518084,0.712258565
,,,44.99029736,0.170448023,0.008858773,4.009478588,0.056870532,0.031847498,2026,17,4688813,9.48671901,,,,
0.772823439,0.006106895,0.000312,51.95612644,0.25791635,0.014826462,3.957380676,0.052293812,0.029123717,2026,17,4429205,10.78782462,,,,
53.01889433,0.341142935,0.018897862,17.64226053,0.078807854,0.002455377,2.540752267,0.17070424,0.081140507,2026,17,4047365,12.01150395,,,,
51.91569771,0.506157854,0.0144,11.06323841,0.057779948,0.00255616,1.3042908,0.053680934,0.025253846,2026,17,4608686,10.97063185,,,,
,,,43.43093142,0.368218082,0.017292532,4.310445391,0.05545642,0.031055595,2026,17,3116365,10.8367849,,,,
,,,42.84317403,0.354929235,0.0295512,3.177305789,0.053277925,0.029835638,2026,17,3128429,9.59203373,,,,
52.95084379,0.319941493,0.013012924,12.97070761,0.081786069,0.002891427,1.491125305,0.116193058,0.054730651,2026,17,4685512,10.41905922,,,,
,,,45.6152548,0.250201225,0.010319472,4.560281583,0.054272923,0.030392837,2026,17,3121023,10.58430168,,,,
63.82273831,0.359430577,0.030199075,5.97109496,0.026201409,0.002181514,0.996318582,0.069271734,0.032311555,2026,17,4241985,10.29146189,,,,
,,,39.4700481,0.338152512,0.016915066,4.01917183,0.060792758,0.034043944,2026,17,3929645,9.96243596,,,,
,,,23.74939424,0.27430811,0.013402822,2.941028891,0.052731259,0.029529505,2026,17,4242355,6.93095561,,,,
18.14259165,0.174276164,0.014642546,,,,,0.508382463,0.242888306,2026,17,4426338,15.14754605,226.2062703,1.232406,0.102609402,0.7262061
0.776564467,0.008227572,0.000420149,43.57876174,0.494682785,0.021957693,3.681817258,0.059396558,0.033036125,2026,17,3916433,11.11506145,,,,
,,,36.04051189,0.187584363,0.011658867,2.750021891,0.023424035,0.01311746,2026,17,4360248,7.47728007,,,,
21.96019615,0.139634538,0.0117,28.9318273,0.177953044,0.014816266,4.115090741,0.079662662,0.040093168,2026,17,4568490,11.11339149,,,,
,,,36.22286968,0.168613432,0.009292037,3.689454386,0.062333585,0.034906807,2026,17,4035687,8.27383641,,,,
,,,55.93475693,0.409362826,0.02069484,3.9626797,0.072505009,0.040602805,2026,17,4832800,11.97443042,,,,
,,,27.65397068,0.261613914,0.008825507,1.836800085,0.028627728,0.016031528,2026,17,4432708,6.1582246,,,,
,,,45.85907637,0.356924097,0.017423453,3.161343209,0.040490089,0.02267445,2026,17,4683062,9.87936143,,,,
42.57099029,0.236409262,,5.279591944,0.027487764,,0.746343939,0.161305852,0.075223137,2026,17,4575131,6.96859804,,,,
37.05302778,0.147879156,0.0171,10.80009282,0.060579791,0.003338463,1.549236605,0.080844084,0.038400488,2026,17,4038815,7.5515143,,,,
41.80518256,0.286801531,0.0106,6.600312827,0.027408478,0.001004697,0.984769544,0.075605521,0.035474427,2026,17,4429096,7.66483768,,,,
53.24529375,0.490060414,0.01241435,12.13645059,0.046392656,0.002423636,1.673554525,0.086897908,0.040980107,2026,17,4711533,11.38045514,,,,
23.36489303,0.168600822,0.011662831,13.48409694,0.048940103,0.002448082,2.192279331,0.065625848,0.031834799,2026,17,3054850,7.14871011,,,,
21.38469205,0.116676074,0.003788812,,,,,0.594862559,0.284151959,2026,17,4038941,13.63545601,222.7970109,1.037286,0.042875273,0.902419163
28.50075585,0.194055658,0.012,8.001441767,0.039202153,0.002973023,1.148401932,0.062006452,0.029416683,2026,17,4685247,6.17091924,,,,
,,,28.12105301,0.245904984,0.01230066,2.797850799,0.040953741,0.022934095,2026,17,4569559,7.06519913,,,,
,,,35.92045122,0.331239362,0.014702861,2.293777142,0.03381798,0.018938069,2026,17,4432773,7.86568202,,,,
17.52842637,0.087302296,0.0026,15.71919039,0.096541496,0.00448426,2.388328953,0.057082302,0.0283014,2026,17,4371733,6.80813033,,,,
1.577512255,0.010174753,0.000476,40.6719944,0.129349643,0.009057253,3.997105211,0.058905598,0.032613081,2026,17,4569587,9.0145966,,,,
,,,38.34293172,0.256861071,0.01382126,2.750284305,0.052780304,0.02955697,2026,17,4361432,8.09566448,,,,
,,,39.36673869,0.169488522,0.00974314,5.002908943,0.052265508,0.029268684,2026,17,4036133,9.91884286,,,,
21.87585615,0.111862211,,14.70000145,0.09698434,,2.319413945,0.073130148,0.035743452,2026,17,4697815,7.20220508,,,,
,,,54.56104997,0.232382191,0.012077706,3.589912471,0.052627136,0.029471196,2026,17,4360078,10.40691563,,,,
,,,45.63632958,0.272985597,0.019132759,4.005559674,0.06923805,0.038773308,2026,17,4373678,10.16965512,,,,
28.51793693,0.172139387,0.008797041,,,,,0.41915552,0.20018953,2026,17,3917315,15.91553366,223.3918843,1.18092,0.067885832,0.696239208
56.15208774,0.498462452,0.0203,15.21398155,0.056507462,0.001997739,2.017892097,0.052047639,0.024635786,2026,17,4426385,12.48101642,,,,
2.23419693,0.014182728,0.000423,30.47013013,0.049159399,0.002283407,2.923800696,0.052091382,0.028542175,2026,17,3116165,6.52398863,,,,
0.337024494,0.007164921,0.000444718,36.5868123,0.176399003,0.013377792,3.535382057,0.044501112,0.024772447,2026,17,5083315,8.30842541,,,,
59.02665227,0.386588974,0.01975631,6.586799932,0.025786958,0.001482377,1.003999752,0.139610534,0.065235734,2026,17,4360569,9.95529047,,,,
3.839008028,0.029041096,0.001615915,47.18857375,0.195205672,0.009868385,4.126804037,0.088531563,0.048275318,2026,17,4870653,10.61199532,,,,
1.204736516,0.007853267,0.000254467,31.70723471,0.154507857,0.006372629,2.463001164,0.049337524,0.027201805,2026,17,4870795,6.68851761,,,,
7.276787047,0.046540336,0.001892927,,,,,0.43541759,0.208376655,2026,17,3912547,15.9882671,246.4324608,1.761012,0.062258002,0.821534299
34.26959791,0.230509063,0.008331002,12.76477021,0.076992732,0.002877693,1.630542251,0.082113555,0.039090775,2026,17,4429059,8.13791363,,,,
,,,40.71488342,0.184688999,0.007617441,3.16318,0.06292985,0.035240716,2026,17,4428850,8.28921779,,,,
,,,35.36695315,0.156404429,0.005845797,3.783218515,0.043536508,0.024380445,2026,17,3117256,8.22242311,,,,
7.513628181,0.048994536,0.002714088,,,,,0.64381638,0.308360747,2026,17,4036378,15.47830486,259.0350517,1.52385,0.047477827,0.762234791
2.446560393,0.016103706,0.000522934,36.82243718,0.166067898,0.006864266,2.185585631,0.039391012,0.021318938,2026,17,4429025,7.17868954,,,,
11.54571011,0.056256354,0.003116362,3.380311094,0.023010378,0.000716923,0.565862708,0.030457464,0.014496877,2026,17,4429023,2.51354204,,,,
,,,35.81135595,0.17809692,0.00787893,3.485163609,0.069703272,0.039033832,2026,17,2973405,8.17617478,,,,
,,,31.6455181,0.208683846,0.011228925,2.907566803,0.028558444,0.015992729,2026,17,3046439,7.31545008,,,,
,,,34.5276271,0.163148655,0.0084794,3.723516706,0.066677108,0.03733918,2026,17,15818,8.09920979,,,,
13.67154369,0.072601184,0.002623934,,,,,0.4852709,0.232222622,2026,17,4432577,16.59998345,246.2773062,1.544792,0.057738394,0.451078843
22.58386954,0.137122936,0.00642,14.65333613,0.055953686,0.00391796,1.847304172,0.057729626,0.028079801,2026,17,4428557,6.69552479,,,,
44.9121137,0.457872968,0.0156,7.157718763,0.054547518,0.003390273,0.887724546,0.098442654,0.046104742,2026,17,4241474,9.12792741,,,,
,,,44.82424929,0.298664766,0.01876183,2.980513463,0.038174044,0.021377465,2026,17,4428718,9.25070372,,,,
,,,45.45174825,0.329579611,0.016486232,3.375985814,0.061526215,0.03445468,2026,17,4880281,9.86432741,,,,
3.449966877,0.021522918,0.000875,41.95729526,0.245214502,0.0086692,2.361249328,0.058156993,0.031474715,2026,17,4032473,8.75659596,,,,
18.24808386,0.102581906,0.00306,,,,,0.606812685,0.290066209,2026,17,3052587,11.33804794,202.2093094,0.686296,0.031877792,0.720785711
35.33495035,0.260641866,0.011256649,13.48966365,0.058561275,0.001975556,1.804220979,0.033355681,0.015964012,2026,17,4373626,8.59731961,,,,
27.10284883,0.209722877,0.00711,3.614532413,0.024203702,0.000922576,0.454887522,0.060685417,0.028306336,2026,17,4696044,4.8912396,,,,
8.218153823,0.083389556,0.00211,48.58708615,0.171344981,0.00895137,3.63747661,0.103390819,0.05483473,2026,17,4569603,10.87952979,,,,
,,,27.54735838,0.216340646,0.008891555,2.766871534,0.023567556,0.013197832,2026,17,2576925,6.81166269,,,,
18.10123829,0.10055829,0.00326,11.10454054,0.040684642,0.001678025,1.62054262,0.056608575,0.027554557,2026,17,4431545,5.38861242,,,,
14.573839,0.141509625,0.006111544,,,,,0.389357891,0.186270985,2026,17,2578570,17.13220917,227.2402068,1.811289982,0.061103598,0.640574495
,,,51.02437386,0.237791042,0.018033657,2.958683377,0.059173668,0.033137254,2026,17,4597500,9.45921982,,,,
,,,36.99138151,0.310809112,0.021783698,2.754157739,0.046645578,0.026121524,2026,17,4635008,8.31070491,,,,
,,,42.02178229,0.37359108,0.016582745,3.592673588,0.050747376,0.028418531,2026,17,4430539,10.01406473,,,,
12.69947972,0.182271997,0.004593649,,,,,0.618332426,0.295781106,2026,17,3917792,12.51980893,213.5169057,0.92529,0.04809052,0.807866688
,,,34.25616817,0.206441939,0.00969508,2.285561607,0.03442859,0.01928001,2026,17,4360939,6.9315662,,,,
29.72931468,0.144172136,0.004681689,13.18300832,0.074344712,0.003072971,1.867886464,0.065177974,0.031424267,2026,17,4596334,7.45484127,,,,
29.19897477,0.203296138,0.0154,3.953909089,0.022819976,0.001433529,0.462500925,0.062010923,0.028922613,2026,17,4686658,5.11194583,,,,
0.546855234,0.006531658,0.000756346,33.1685068,0.228476211,0.012590986,3.584425545,0.052759554,0.029225758,2026,17,4361411,8.33564411,,,,
39.35809235,0.260923944,0.0066098,9.496246098,0.044555625,0.002327666,1.227836448,0.126630377,0.059706396,2026,17,4682745,7.88630462,,,,
,,,23.67362502,0.201651899,0.007391839,2.154833442,0.026220516,0.014683489,2026,17,4570037,5.71821404,,,,
20.15270225,0.175899333,0.00703,7.673176093,0.050378719,0.002459266,0.938142729,0.049006209,0.02334933,2026,17,4832955,5.06426883,,,,
33.63618931,0.308231229,0.0157,1.817005264,0.014264991,0.000633186,0.22247712,0.059195272,0.027392721,2026,17,4362619,5.68221483,,,,
,,,42.26051872,0.181913513,0.009503489,2.962760417,0.054209522,0.030357332,2026,17,4869645,8.24001968,,,,
,,,22.20988996,0.308338708,0.009605154,2.447115176,0.025239963,0.014134379,2026,17,3116164,6.50974397,,,,
,,,35.08227931,0.23303691,0.014639152,3.384081861,0.038681357,0.02166156,2026,17,4429086,8.27750644,,,,
,,,42.89536617,0.236292518,0.013021731,3.331832685,0.060962424,0.034138957,2026,17,4431492,8.99849796,,,,
,,,22.13744167,0.144592845,0.007309716,1.6202781,0.024339651,0.013630205,2026,17,4241463,4.68958036,,,,
1.726959403,0.010526552,0.000728,5.27030483,0.025378909,0.001269504,0.774671657,0.011857932,0.006194224,2026,17,4599739,1.68175061,,,,
33.64809989,0.168891466,0.009397517,,,,,0.642494249,0.306290371,2026,17,3122840,17.79485637,225.7159145,1.527955,0.077243908,0.650720553
6.459164666,0.03622617,0.00419,,,,,0.485032207,0.232408105,2026,17,8439,14.65016815,242.3965422,1.450488,0.079934248,0.713565653
,,,26.87096313,0.201313339,0.007117138,2.061193836,0.034727569,0.019447439,2026,17,2977187,5.93242758,,,,
,,,22.09829933,0.121170452,0.006519977,1.836129875,0.026510612,0.014845943,2026,17,2991662,4.75703259,,,,
14.09259487,0.096814186,0.00259,11.61083585,0.056579711,0.002657139,1.274188791,0.04070299,0.019912507,2026,17,4038441,4.73663851,,,,
,,,14.13713716,0.072399991,0.005069554,0.925693571,0.014994112,0.008396703,2026,17,3925357,2.76754894,,,,
27.79831133,0.227126085,0.00575,,,,,0.70052195,0.334267908,2026,17,4242512,14.49283665,214.3298289,0.8685,0.045372,0.574566165
,,,22.98184095,0.153959221,0.005754405,1.773876032,0.025965237,0.014540533,2026,17,4429022,4.9789272,,,,
11.98080933,0.074434878,0.004620085,,,,,0.547342885,0.261852331,2026,17,15864,12.96710093,225.5291284,0.995222,0.075475898,0.665294857
8.728613371,0.038551553,0.00214,3.395173683,0.015280767,0.000476095,0.545854315,0.016081218,0.00772583,2026,17,3149687,2.07143227,,,,
0.939595699,0.020720801,0.000843,32.05450639,0.299945707,0.010604141,2.84379443,0.052288152,0.028822914,2026,17,4576297,8.03383214,,,,
30.22033888,0.189318163,0.012398114,3.62738066,0.009730733,0.000687444,0.469954455,0.055226793,0.025742156,2026,17,4241457,5.02516459,,,,
,,,39.80800847,0.222401998,0.015711961,2.796079599,0.051159769,0.028649471,2026,17,4682648,8.08676741,,,,
17.99071992,0.145026265,0.007620575,11.28323618,0.052357878,0.001631016,1.469259602,0.058623725,0.028470407,2026,17,3116389,5.54407044,,,,
8.442531466,0.133988822,0.004555884,,,,,0.337567372,0.161589437,2026,17,4360423,16.16387867,238.7744576,1.520544,0.094505855,0.500673156
,,,9.845601739,0.051690832,0.002971476,1.013267254,0.01736213,0.009722793,2026,17,3886598,2.29492819,,,,
,,,26.77954709,0.230054999,0.014451831,1.736015066,0.029645228,0.016601328,2026,17,4382466,5.79078078,,,,
,,,27.72978744,0.158479967,,2.199743906,0.040248636,0.022539236,2026,17,5081432,5.91415034,,,,
13.89117856,0.16704768,0.00782,,,,,0.452876394,0.216592494,2026,17,4688380,13.37591519,215.1445414,0.917854,0.064269494,0.507810199
,,,37.30066795,0.100806191,0.004166732,2.753790907,0.050386014,0.028216168,2026,17,4686612,7.04192798,,,,
,,,25.23701676,0.170562941,0.007050064,2.415760786,0.031309209,0.017533157,2026,17,4595342,5.94270192,,,,
0.577781839,0.004866715,0.000256,28.03805609,0.220099725,0.006856394,2.412131696,0.046083145,0.025611715,2026,17,4384852,6.72696938,,,,
4.722659537,0.041624008,0.00147,1.765282645,0.011198284,0.000784855,0.232380481,0.012315586,0.0058714,2026,17,4429501,1.22203493,,,,
5.591421416,0.036452162,0.001317445,22.26559941,0.116492813,0.004354054,1.797242434,0.051232372,0.026855299,2026,17,4586312,5.55862206,,,,
,,,37.47369009,0.280714895,0.013715861,3.131981244,0.055193797,0.030908526,2026,17,5083754,8.53071229,,,,
,,,37.20132039,0.161700901,0.008447545,2.633564815,0.048186242,0.026984295,2026,17,4869961,7.28810076,,,,
1.440577648,0.009810878,0.000354582,43.3406712,0.219353843,0.008198604,2.59883334,0.041710267,0.022990784,2026,17,4686422,8.42417535,,,,
17.00787388,0.179313162,0.0136,,,,,0.518744306,0.247970613,2026,17,4837248,18.4206781,248.4271019,1.870774,0.1175202,0.778073757
,,,6.454118515,0.04174692,0.001721839,0.561595844,0.010275499,0.00575428,2026,17,4715355,1.44969553,,,,
,,,26.39429888,0.079117887,,2.732819366,0.031315212,0.017536519,2026,17,4360635,5.81271154,,,,
,,,21.51901126,0.059701355,0.0049707,2.445193429,0.030354306,0.016998411,2026,17,3051876,4.93205126,,,,
,,,38.23395336,0.053138256,0.002468221,3.318479905,0.044721298,0.025043927,2026,17,4243331,7.41673537,,,,
,,,23.65845016,0.161622627,0.011317055,2.533663486,0.024664166,0.013811933,2026,17,4686728,5.86490851,,,,
,,,7.037137522,0.049065748,0.002703941,0.616501043,0.011280098,0.006316855,2026,17,4685261,1.60768106,,,,
,,,6.275549598,0.037041879,0.001357823,0.733714648,0.007452418,0.004173354,2026,17,2573401,1.57808662,,,,
10.29174365,0.05638182,,8.585005138,0.039291977,,0.984959452,0.056163748,0.027313634,2026,17,3068267,3.39353184,,,,
0.697351403,0.004174718,0.000351,23.68612808,0.108605837,0.009042458,2.125229867,0.041127248,0.022807059,2026,17,4600981,5.21451994,,,,
,,,33.09516829,0.252557482,0.009388217,2.272991949,0.041588853,0.023289758,2026,17,5123663,7.07114859,,,,
,,,24.79567218,0.12940142,0.006962871,1.903621749,0.037002046,0.020721146,2026,17,4427095,5.13305894,,,,
,,,14.76429167,0.103799638,0.006451424,1.0175639,0.01861833,0.010426265,2026,17,4870612,3.21793334,,,,
3.427153102,0.013303048,0.000871193,5.667971244,0.028920423,0.002043132,0.68963542,0.015685949,0.007955244,2026,17,4360516,1.87592183,,,,
9.857859421,0.059611909,0.00194,13.24712768,0.069053852,0.002854278,1.492438012,0.034201806,0.017002473,2026,17,4430968,4.56653421,,,,
7.220367325,0.07308536,0.00259,14.36062357,0.096089424,0.006734626,1.618563091,0.027932504,0.014197886,2026,17,3915411,4.78270236,,,,
,,,26.11361534,0.125412481,0.006551773,2.455014921,0.030275217,0.016954122,2026,17,4367209,5.79884464,,,,
,,,21.09642011,0.1816137,0.010008462,2.200299247,0.034555118,0.019350866,2026,17,4430802,5.38185065,,,,
3.314163302,0.026331918,0.00105,5.351501702,0.043766341,0.002138444,0.421423597,0.018934591,0.009552759,2026,17,3676833,1.87773613,,,,
0.723276587,0.004772804,0.000296,21.02828305,0.056464804,0.004282192,1.859485434,0.03625101,0.020077759,2026,17,4569371,4.55862455,,,,
,,,12.82632754,0.081283704,0.005696936,0.827422755,0.013386593,0.007496492,2026,17,4242433,2.59451202,,,,
17.49698112,0.172812542,0.0113,,,,,0.575721845,0.275172109,2026,17,4433970,15.10968549,239.133273,1.333582,0.094213128,1.126204415
1.444219674,0.009638903,0.000631235,28.48301664,0.131161979,0.009266157,1.832670621,0.033817666,0.018521142,2026,17,4040655,5.65384604,,,,
9.198271407,0.074033613,0.00412,14.5292395,0.069769581,0.003527116,1.911967844,0.034792884,0.017648348,2026,17,4601080,5.16044566,,,,
,,,22.67969499,0.117003212,0.004808808,1.893128404,0.034638503,0.019397562,2026,17,4360763,4.83485167,,,,
,,,16.07054575,0.111661037,0.005585509,1.777421307,0.024386354,0.013656358,2026,17,4036131,4.03894241,,,,
,,,9.692373805,0.07297856,0.00356249,0.709394873,0.012979773,0.007268673,2026,17,4912218,2.10943385,,,,
,,,21.44458561,0.140859266,0.004751866,2.0170153,0.037323008,0.020900884,2026,17,3045523,4.97531542,,,,
,,,28.76496655,0.105704199,0.004909859,2.153064437,0.039394543,0.022060944,2026,17,5220680,5.63052212,,,,
16.92551169,0.120956572,0.003048368,3.250741704,0.013194398,0.000685758,0.480582496,0.037215974,0.01753248,2026,17,4686468,3.3156501,,,,
,,,10.66621733,0.084982225,0.003759577,1.097650489,0.012427052,0.006959149,2026,17,4258595,2.66809463,,,,
,,,10.64456253,0.121463085,0.008512991,1.070067512,0.009114582,0.005104166,2026,17,3930086,2.87036053,,,,
17.3758649,0.126652182,0.004552501,6.017730396,0.027506053,0.001022471,0.790856538,0.040091259,0.019121838,2026,17,4912274,4.02912775,,,,
,,,32.84376348,0.232646111,0.014459575,2.16399023,0.027716117,0.015521025,2026,17,4361409,6.84285234,,,,
,,,13.32046874,0.149185275,0.0054686,1.405488574,0.017952421,0.010053356,2026,17,4242557,3.62395159,,,,
12.97558672,0.079363731,0.00371,,,,,0.02562889,0.011789289,2026,17,4685555,1.75826048,,,,
18.21223675,0.097441472,0.005538175,7.252107557,0.03334696,0.001370553,1.036015555,0.043016747,0.020549883,2026,17,4239934,4.34103227,,,,
,,,6.261382201,0.031561821,0.002210005,0.56245193,0.011249039,0.006299462,2026,17,4431268,1.65045313,,,,
,,,21.19464987,0.126212027,0.003932325,1.834966265,0.036699325,0.020551622,2026,17,4430191,4.79007605,,,,
,,,7.473161857,0.04124853,0.001512024,0.551218482,0.010085625,0.00564795,2026,17,4710855,1.5380204,,,,
0.649944919,0.003610059,0.000303314,10.6390759,0.079003909,0.006577819,0.762421612,0.013862839,0.007571241,2026,17,4431280,2.38599329,,,,
,,,1.732349641,0.013402715,0.000654261,0.22053938,0.002146805,0.001202211,2026,17,4596602,0.49282195,,,,
1.813352989,0.010535401,0.000885176,13.92684904,0.061718965,0.005138685,1.166025223,0.030672519,0.016441409,2026,17,4686472,3.22730775,,,,
0.680339119,0.004383765,0.000224029,2.018653087,0.008569998,0.000492651,0.196265557,0.005888457,0.003067796,2026,17,4430656,0.7102522,,,,
10.98040044,0.091578305,0.00273,,,,,0.030034145,0.013815707,2026,17,4430871,1.62613046,,,,
,,,2.396663631,0.019216511,0.00085013,0.174849548,0.003199216,0.001791561,2026,17,4869748,0.59804533,,,,
0.557886244,0.00487392,0.000165,10.90968032,0.088400494,0.003369575,1.326254445,0.016581402,0.009129731,2026,17,16002,3.02190527,,,,
,,,12.35274063,0.100995811,0.003570559,0.919375847,0.016821787,0.009420201,2026,17,4597703,2.75573897,,,,
,,,10.30288441,0.050216289,0.002702054,0.644055369,0.011784258,0.006599185,2026,17,4613202,2.00546837,,,,
1.209107331,0.008212539,0.000419381,3.411934777,0.025705006,0.001140979,0.43551918,0.006247178,0.003248096,2026,17,4911851,1.09791819,,,,
,,,10.18512242,0.091303323,0.003480223,0.717005328,0.010358733,0.005800891,2026,17,16731,2.27896977,,,,
,,,25.48983851,0.137395515,0.006452471,1.487808119,0.025084138,0.014047117,2026,17,2576581,4.88065846,,,,
,,,17.49460503,0.154446825,0.009702199,1.271793795,0.023269966,0.013031181,2026,17,4241983,3.94188928,,,,
,,,8.389681987,0.068272225,0.003673613,0.839049498,0.01020975,0.00571746,2026,17,4831959,2.08383275,,,,
,,,11.67773924,0.077343988,0.005464095,0.936992855,0.009121238,0.005107893,2026,17,4429148,2.56978371,,,,
21.41034112,0.173488298,0.006937659,3.338197537,0.02642259,0.00129102,0.48214331,0.035829474,0.016813137,2026,17,4429676,4.14024159,,,,
,,,2.12047482,0.017846837,0.000630949,0.191975765,0.002336006,0.001308163,2026,17,4678006,0.50981164,,,,
,,,14.58752687,0.067731173,0.005136614,1.658098198,0.020176125,0.01129863,2026,17,4808766,3.51144669,,,,
,,,17.53729428,0.123368502,0.006022304,1.649349729,0.01404877,0.007867311,2026,17,4240472,4.13997096,,,,
,,,20.03082142,0.131435532,0.00920331,1.3569007,0.024827164,0.013903212,2026,17,4883647,4.13985023,,,,
,,,19.43245168,0.120532944,0.004953879,2.19126692,0.037269789,0.020871082,2026,17,4372780,4.82685935,,,,
5.303097366,0.028504411,0.002394918,7.70367396,0.035532252,0.002958394,0.985053688,0.023095526,0.011653187,2026,17,4362748,2.67704353,,,,
,,,2.406030039,0.011218509,0.000411231,0.206493539,0.002644743,0.001481056,2026,17,4360797,0.51233755,,,,
,,,21.86253778,0.066146134,0.003455593,1.603188324,0.02933348,0.016426749,2026,17,4685307,4.16882115,,,,
2.077678439,0.010068594,0.000558,14.01816768,0.099416354,0.003097465,1.433932721,0.03401844,0.018272144,2026,17,4431487,3.67209366,,,,
,,,21.60774469,0.180191351,0.008796143,1.629052469,0.029806715,0.01669176,2026,17,5082630,4.85596981,,,,
,,,4.494365452,0.040980077,0.001276583,0.537216283,0.006536973,0.003660705,2026,17,4427834,1.22793785,,,,
,,,4.16678091,0.012923201,0.000671663,0.404577674,0.007402543,0.004145424,2026,17,3051889,0.89204305,,,,
,,,11.38544668,0.074870905,0.002332715,1.347283574,0.020497831,0.011478785,2026,17,3054212,2.91730273,,,,
,,,25.93663332,0.236205265,0.010484543,1.700664896,0.031117005,0.017425523,2026,17,4879194,5.73274165,,,,
,,,2.494531427,0.016609227,0.000830827,0.207778327,0.003801713,0.002128959,2026,17,4879276,0.55439077,,,,
,,,12.46727125,0.111894637,0.006954549,1.247312602,0.015969939,0.008943166,2026,17,3043275,3.16185212,,,,
,,,2.105609251,0.018068977,0.000882859,0.227136742,0.002211082,0.001238206,2026,17,4372096,0.54545922,,,,
4.419388177,0.023748011,0.00132,1.5259209,0.008843406,0.000447068,0.241952707,0.008361912,0.004016352,2026,17,4722893,1.02775435,,,,
,,,7.085566142,0.037482461,0.001373973,0.684711733,0.012707661,0.00711629,2026,17,4569382,1.60701388,,,,
,,,5.822410304,0.026196235,0.001080456,0.625808754,0.006091989,0.003411514,2026,17,3052096,1.36072588,,,,
,,,10.81870001,0.077686698,0.002961196,0.747759218,0.013681724,0.007661765,2026,17,4431466,2.28670947,,,,
1.124910794,0.00890114,0.000616,,,,,0.004275931,0.001966928,2026,17,4698597,0.26720753,,,,
,,,2.238567616,0.005719655,0.00029727,0.178078314,0.003258293,0.001824644,2026,17,4061956,0.43328406,,,,
3.495328892,0.032593628,0.001303393,1.776632403,0.009914113,0.000484408,0.251170697,0.007146296,0.003460031,2026,17,4383396,1.03025721,,,,
2.701999993,0.015769495,0.000470287,16.96245061,0.07228809,0.003357713,1.365036345,0.034771755,0.01849261,2026,17,4608810,3.92332122,,,,
,,,13.41242281,0.074525348,0.003499915,0.836733544,0.015309684,0.008573423,2026,17,4696882,2.6153853,,,,
,,,6.71451183,0.052743793,0.001960624,0.758371172,0.00738243,0.004134161,2026,17,4242392,1.74213304,,,,
2.509044411,0.016463469,0.000840723,3.175533878,0.027837872,0.001235651,0.459801989,0.01071677,0.005402526,2026,17,2576336,1.30596105,,,,
,,,20.53883155,0.117279163,,1.517281123,0.022209311,0.012437214,2026,17,4567156,4.25055103,,,,
,,,2.28281341,0.019238738,0.000972591,0.171927006,0.003145742,0.001761616,2026,17,4808839,0.51414553,,,,
,,,2.569238929,0.018285434,0.001148673,0.182110073,0.003332062,0.001865954,2026,17,5150247,0.6346898,,,,
,,,13.04686696,0.090023106,0.003699931,1.233540629,0.023419259,0.013114785,2026,17,4567096,3.06015425,,,,
,,,6.333437453,0.026687698,0.001534157,0.56730535,0.010379966,0.005812781,2026,17,4565185,1.35249224,,,,
,,,6.890909549,0.056328935,0.001900248,0.719797873,0.009093305,0.005092251,2026,17,4426844,1.74071843,,,,
,,,5.488057604,0.043224667,0.001346505,0.451142584,0.00825454,0.004622542,2026,17,5092508,1.25296207,,,,
,,,9.945998237,0.065074649,,0.814595291,0.016291906,0.009123467,2026,17,4361577,2.19849867,,,,
,,,6.818694859,0.043015747,0.00134022,0.611729542,0.011192794,0.006267964,2026,17,4259305,1.56449397,,,,
,,,6.766058491,0.02570804,0.001062618,0.532956456,0.009751485,0.005460832,2026,17,4685553,1.35527152,,,,
,,,6.833907447,0.053880309,0.001678442,0.841005139,0.010774545,0.006033745,2026,17,3127310,1.83925153,,,,
,,,14.76117366,0.104877677,0.006518427,1.245121097,0.024902422,0.013945356,2026,17,3917914,3.37481323,,,,
,,,4.685198398,0.029457691,0.001439317,0.338163078,0.006763262,0.003787426,2026,17,4426485,0.97891165,,,,
,,,6.578908572,0.05706605,0.002788274,0.683023056,0.008311184,0.004654263,2026,17,4360967,1.67979784,,,,
,,,6.657450409,0.051332006,0.002270906,0.627104545,0.007630754,0.004273222,2026,17,4685504,1.59703859,,,,
,,,4.972737872,0.025361722,0.001191056,0.346101303,0.006332603,0.003546258,2026,17,4690143,1.09040426,,,,
,,,8.361481589,0.066894735,0.005569617,0.872558118,0.008493992,0.004756636,2026,17,3911853,2.11192505,,,,
,,,15.55617744,0.117793266,0.005531895,1.431099622,0.017413954,0.009751814,2026,17,4432260,3.68549672,,,,
,,,2.084041792,0.018105805,0.001268983,0.210180002,0.002557519,0.001432211,2026,17,4573699,0.52696036,,,,
,,,3.498115969,0.016662248,0.001177132,0.441176565,0.003792571,0.00212384,2026,17,2975417,0.88916843,,,,
,,,12.20585523,0.067181466,0.002776885,1.268750941,0.015438457,0.008645536,2026,17,4241263,2.88109536,,,,
0.726052022,0.006243757,0.000211575,10.59208476,0.075463539,0.002876455,0.698730475,0.01530217,0.008317463,2026,17,4575665,2.39432299,,,,
,,,1.600697545,0.007437181,0.000400182,0.216796266,0.001863688,0.001043665,2026,17,4039505,0.42025134,,,,
3.522830431,0.025039144,0.001732063,1.764384371,0.010976767,0.00054908,0.263447917,0.010300598,0.004964748,2026,17,5081999,1.00316945,,,,
,,,9.019494407,0.054848356,0.004159604,1.15293245,0.011223321,0.00628506,2026,17,4361372,2.38001751,,,,
,,,7.995372581,0.035919209,0.001876484,0.755736021,0.009195972,0.005149744,2026,17,4880236,1.76448501,,,,
,,,4.309535751,0.037727841,0.001438078,0.421873634,0.005133457,0.002874736,2026,17,4040612,1.07645654,,,,
,,,3.820301989,0.009103675,0.000422857,0.327719886,0.005996279,0.003357916,2026,17,5097554,0.78059724,,,,
,,,2.179304317,0.012592276,0.000654464,0.200669309,0.002645396,0.001481422,2026,17,2998565,0.49256908,,,,
,,,5.957363626,0.059105362,0.004921078,0.692735956,0.008429373,0.004720449,2026,17,4383440,1.64372835,,,,
,,,1.995629445,0.013457786,0.000503,0.22656782,0.00275693,0.001543881,2026,17,4426496,0.50486832,,,,
,,,2.044551202,0.013854303,,0.23416991,0.002849434,0.001595683,2026,17,4690923,0.51863448,,,,
,,,6.334747404,0.044611941,0.002458498,0.673501459,0.009858426,0.005520718,2026,17,4035656,1.56878381,,,,
,,,3.841920809,0.027966192,0.001313369,0.385764596,0.003755259,0.002102945,2026,17,3052897,0.93627368,,,,
,,,6.281190553,0.055489897,0.002805224,0.619942393,0.007543604,0.004224418,2026,17,4362018,1.57836164,,,,
,,,5.149839653,0.021993573,0.000909084,0.681390789,0.008579719,0.004804642,2026,17,3917668,1.32077188,,,,
,,,10.67165829,0.11709329,0.004376498,1.185778073,0.013657511,0.007648206,2026,17,3843945,2.94932083,,,,
,,,5.899969759,0.05601125,0.001980196,0.591397685,0.007196265,0.004029908,2026,17,2975863,1.51355294,,,,
,,,1.653335033,0.01118528,0.000565458,0.233350594,0.002005997,0.001123358,2026,17,2515270,0.46473296,,,,
,,,11.47131069,0.118878886,0.005276727,1.006171744,0.012243332,0.006856266,2026,17,4686248,2.86374045,,,,
3.252256408,0.025884561,0.001956588,1.912747345,0.011754964,0.000738435,0.226501711,0.006914777,0.003336567,2026,17,4241961,0.96773855,,,,
,,,7.261961811,0.045008288,0.001682237,0.539145489,0.009864726,0.005524246,2026,17,4430681,1.52796778,,,,
,,,8.676681242,0.035114499,0.001834444,0.659460083,0.012066118,0.006757026,2026,17,4369466,1.72828864,,,,
,,,4.049861777,0.031920573,,0.451831298,0.007514469,0.004208103,2026,17,4048228,1.04012331,,,,
,,,8.525275965,0.075304738,0.003095009,0.950420823,0.011564942,0.006476368,2026,17,4683243,2.24831953,,,,
,,,3.836113944,0.024350252,0.001399788,0.446647911,0.005434916,0.003043553,2026,17,4708049,0.97321669,,,,
,,,3.460508045,0.018988089,0.000671296,0.431850281,0.003712398,0.002078943,2026,17,4243176,0.88911213,,,,
,,,1.711238851,0.007449644,0.000620253,0.242360911,0.002083454,0.001166734,2026,17,3929914,0.45714472,,,,
,,,2.014396225,0.011186431,0.000581397,0.195098032,0.002373998,0.001329439,2026,17,4722908,0.46222256,,,,
,,,6.546641212,0.031087532,0.001284975,0.574285093,0.011485702,0.006431993,2026,17,4362477,1.505241,,,,
,,,5.015623841,0.030593056,0.001264536,0.296880848,0.005338003,0.002989282,2026,17,3051738,0.97869308,,,,
,,,4.665995676,0.041538587,0.002609414,0.433986122,0.005280844,0.002957273,2026,17,4045305,1.14926069,,,,
,,,2.045836043,0.013806113,,0.224453842,0.002731207,0.001529476,2026,17,4361088,0.50888717,,,,
,,,6.447761085,0.047397525,0.001737424,0.696046437,0.008469655,0.004743007,2026,17,4426553,1.61942033,,,,
,,,10.57667993,0.030797451,0.002156483,1.088390366,0.01286251,0.007203006,2026,17,4361516,2.32108962,,,,
,,,2.245246103,0.013556297,0.00084256,0.169028776,0.003092713,0.00173192,2026,17,4369886,0.47319405,,,,
1.463150712,0.011294792,0.000285,,,,,0.00469454,0.002159488,2026,17,4683151,0.21045905,,,,
,,,4.758732553,0.027035162,0.001909944,0.370013323,0.006770121,0.003791268,2026,17,4257188,1.27237988,,,,
,,,4.73322283,0.041455085,0.002095711,0.402395823,0.007362622,0.004123068,2026,17,4241424,1.1205883,,,,
,,,1.701492322,0.00962017,0.000446848,0.183602292,0.002234115,0.001251105,2026,17,4372505,0.40992301,,,,
,,,3.744620887,0.029921753,0.001859717,0.38119198,0.004638433,0.002597522,2026,17,4035020,0.93383138,,,,
,,,4.323423153,0.038309488,0.001292365,0.449684938,0.005471871,0.003064248,2026,17,4239944,1.10848502,,,,
,,,5.069413155,0.036419339,0.002287827,0.377194577,0.006901516,0.003864849,2026,17,4401805,1.12723435,,,,
,,,4.066882351,0.031237897,0.000973263,0.515547801,0.006273306,0.003513051,2026,17,4431346,1.10474944,,,,
,,,2.18257961,0.015689508,0.000586414,0.226034632,0.002750442,0.001540248,2026,17,4362504,0.53659457,,,,
,,,8.779709329,0.073431106,0.002287475,1.149428901,0.013661105,0.007650219,2026,17,3050481,2.45762158,,,,
,,,2.056027238,0.020544708,0.001002902,0.202106381,0.002459278,0.001377195,2026,17,4431196,0.53029357,,,,
99.49847332,1.114003706,0.039677701,39.06463311,0.247459167,0.009114837,4.906373123,0.212859105,0.101998223,2026,18,4429795,26.83067163,,,,
,,,82.40580306,0.673691741,0.024814559,7.340878888,0.078241314,0.043815136,2026,18,4374302,19.58767249,,,,
1.360665169,0.016836135,0.000672484,85.415764,0.631441379,0.03081678,7.51642221,0.092591582,0.051549062,2026,18,4241389,20.04605261,,,,
32.61274071,0.885154543,0.031333514,,,,,0.636889862,0.303320677,2026,18,3918298,23.02701292,245.0565375,1.584148,0.111074725,0.689508518
95.76359084,0.803937143,0.027604576,32.41163673,0.176012443,0.011047348,3.316479289,0.255407047,0.121245876,2026,18,4430807,21.85523166,,,,
,,,90.85165866,0.573140518,0.02050321,7.026839908,0.11444007,0.064086439,2026,18,4430878,19.46670642,,,,
71.43476026,0.817087428,0.027621852,40.07825637,0.239721614,0.009115778,4.319484105,0.125215091,0.06020569,2026,18,3117251,21.7680099,,,,
0.627313381,0.0043068,0.000227,86.99495725,0.723621476,0.022584418,7.551055718,0.116680289,0.065167423,2026,18,4362628,20.59921843,,,,
4.200005341,0.067856419,0.002512301,92.0497619,0.4433,0.016264219,7.311933806,0.120337395,0.066313635,2026,18,4426515,19.91194881,,,,
75.51157353,0.757853654,0.019123354,23.29941124,0.064503902,0.003356668,2.937072023,0.197220356,0.093407433,2026,18,4242335,17.61566901,,,,
93.07038685,0.829842046,0.029375512,16.11787718,0.097812937,0.006858289,2.075973786,0.287375725,0.134949175,2026,18,4379399,18.37085934,,,,
,,,63.35894383,0.519178779,0.017695867,7.686868922,0.077580234,0.043444931,2026,18,4361307,17.08838385,,,,
106.3393081,1.192414796,0.0318,12.67220371,0.066169804,0.003096009,1.446618659,0.16859055,0.078549566,2026,18,3043078,20.81642233,,,,
,,,79.40175434,0.489177737,0.028276749,6.292684734,0.089564117,0.050155905,2026,18,4262921,17.12653228,,,,
,,,66.241918,0.449786093,0.028759367,6.201829463,0.052825715,0.0295824,2026,18,4432665,15.52448375,,,,
41.04486232,0.265952541,0.00709,,,,,0.459861404,0.219083705,2026,18,3916387,20.42040121,244.9805813,1.534582,0.071801335,0.474543391
107.2502057,1.096447029,0.0437,24.91863671,0.218889618,0.010649376,2.814895534,0.122370129,0.057721816,2026,18,4567048,23.92028278,,,,
53.48635813,0.349855922,0.026917197,33.8664977,0.165563997,0.010586178,4.156222729,0.108404652,0.052249174,2026,18,4890973,15.95739823,,,,
,,,77.22540713,0.466765782,0.023276049,6.363529745,0.098911126,0.055390231,2026,18,4361370,16.82504679,,,,
1.583408673,0.014054695,0.000482592,79.68900804,0.365119885,0.022916598,5.516312269,0.095383511,0.052929499,2026,18,4426502,15.8620608,,,,
70.68315117,0.436950786,0.023003546,23.8030595,0.135363809,0.00422474,4.060023559,0.129158018,0.062002452,2026,18,4362238,16.87639186,,,,
1.401485373,0.01101007,0.000398833,73.94495731,0.552505967,0.02069777,5.751287959,0.088968196,0.049437984,2026,18,4258173,16.61269169,,,,
,,,63.63440066,0.470678367,0.022970923,4.724000833,0.094480017,0.052908809,2026,18,4426354,13.85413133,,,,
71.86049439,0.998266889,0.039873653,16.88947186,0.089474194,0.004366686,2.844835581,0.192931544,0.091380709,2026,18,4361579,18.15709196,,,,
84.86356914,0.415480218,0.0133,14.1894669,0.093827604,0.003835337,1.828379295,0.119763357,0.056220449,2026,18,3929630,14.71452161,,,,
,,,68.62449934,0.482229184,0.017692491,4.552273174,0.061852172,0.034637216,2026,18,16800,14.27584076,,,,
,,,68.1427248,0.384156907,0.028470277,6.412815649,0.120501815,0.067481016,2026,18,4569618,15.45718809,,,,
3.757487831,0.031447319,0.000838,83.51028856,0.365962323,0.017122958,5.42617991,0.101864995,0.056022449,2026,18,4429615,16.46398042,,,,
58.7343693,0.576455881,0.021342575,20.18092295,0.173188217,0.006354097,3.521983253,0.169320749,0.081463617,2026,18,4430737,15.80831318,,,,
1.54550491,0.036532957,0.000921857,46.23675797,0.234017444,0.012177852,5.560521862,0.068346268,0.037720194,2026,18,4431459,11.91461559,,,,
59.13706769,0.345336134,0.0151,17.4394534,0.097226253,0.003313893,2.667169369,0.117711324,0.055981473,2026,18,4870808,12.90816864,,,,
,,,66.18993898,0.32438006,0.013259499,5.721142153,0.082122801,0.045988769,2026,18,4241478,14.22312387,,,,
,,,61.29752874,0.378904449,0.026813082,4.615286156,0.068281451,0.038237613,2026,18,4595348,12.99741666,,,,
,,,74.87690009,0.539117049,0.021962524,5.26747091,0.105349418,0.058995674,2026,18,4685472,15.91858091,,,,
61.69973737,0.406455504,0.0133,9.45630764,0.032579332,0.001357091,1.348303196,0.231578769,0.108513412,2026,18,4685382,10.91652407,,,,
,,,63.80472503,0.555162709,0.02700967,5.148870705,0.102977414,0.057667352,2026,18,4428331,14.8017221,,,,
66.48655167,0.441468129,0.029,13.47469969,0.050788636,0.003594046,1.71681116,0.337417655,0.158330388,2026,18,4696981,12.4238842,,,,
12.19022074,0.123566982,0.006505261,,,,,0.483033171,0.23114873,2026,18,3915511,18.75797172,258.518505,2.021532,0.06309255,0.659499304
64.49053918,0.607151425,0.0368,23.82760994,0.11708633,0.008677393,3.019949006,0.138794861,0.06613531,2026,18,4427366,16.15954061,,,,
27.05188627,0.382798009,0.012292931,,,,,0.465384339,0.221994872,2026,18,4040715,16.88968122,219.6894066,1.232454,0.050378319,0.76167024
,,,67.82447687,0.531734296,0.020220004,4.73074073,0.04505782,0.025232379,2026,18,3040151,14.69475744,,,,
,,,63.91366893,0.396993505,0.012390273,4.660324264,0.064577303,0.03616329,2026,18,4239993,13.38781015,,,,
22.1414905,0.270005029,0.00912759,,,,,0.355676463,0.169860759,2026,18,4361741,21.84054901,274.0546378,2.15532,0.081959316,0.714454012
86.08468785,0.458844755,0.013334773,19.80342877,0.098704754,0.004467755,2.663454421,0.195377734,0.092377041,2026,18,4596448,16.45357411,,,,
59.75143599,0.32150678,0.00951,16.62621679,0.041485121,0.001910653,1.980330585,0.185891277,0.087906934,2026,18,4259545,11.64798271,,,,
,,,49.47614527,0.517652782,0.019067067,4.798329492,0.040871034,0.022887779,2026,18,4430027,12.84529929,,,,
0.777332869,0.005905071,0.000171611,52.4984923,0.286169162,0.012953112,3.415064064,0.052028996,0.028932163,2026,18,4567750,10.4648511,,,,
58.67905013,0.4097669,0.0231,22.08602332,0.107534575,0.005510319,3.063581614,0.077175151,0.036817372,2026,18,4685702,14.2295237,,,,
19.72856957,0.195366487,0.007779187,,,,,0.316785347,0.151451081,2026,18,3139477,19.84420847,243.7980028,2.05697,0.100075312,0.600897179
,,,69.75655505,0.476160673,0.025267015,4.970844796,0.079787618,0.044681066,2026,18,4047646,14.76674224,,,,
,,,50.65512673,0.220046797,0.00916604,4.037591906,0.065797596,0.036846654,2026,18,4612826,10.36976413,,,,
,,,50.403954,0.362134388,0.017618493,3.908031095,0.048286523,0.027040453,2026,18,15847,11.1036609,,,,
,,,68.98637777,0.605848487,0.01859398,5.000907467,0.081295507,0.045525484,2026,18,4248528,15.48292116,,,,
0.677230137,0.00444052,0.000228653,63.40383905,0.519298063,0.023242767,4.424162144,0.091199198,0.050799955,2026,18,4432620,14.15243347,,,,
0.746638939,0.004570188,0.000379421,56.40283868,0.273075866,0.022465988,4.289336657,0.065262949,0.036355732,2026,18,4372016,11.6448621,,,,
2.904810262,0.032361391,0.001145558,62.67368599,0.372365442,0.026108917,4.494421475,0.076725144,0.042117242,2026,18,3915416,13.45293456,,,,
13.62640768,0.165040055,0.00659,,,,,0.352695865,0.16872497,2026,18,2577417,19.07720061,254.4301228,1.963996,0.095850596,0.592800328
65.23101708,0.515342341,0.029,13.88206648,0.103465401,0.004214968,2.12231344,0.130161393,0.061334747,2026,18,4241416,13.69366669,,,,
58.61268156,0.551805348,0.019988814,12.95329875,0.046364384,0.001736885,1.814366101,0.1101589,0.051895482,2026,18,4035538,12.50255296,,,,
45.28575515,0.213947523,0.010994304,23.62090239,0.116122819,0.006712439,2.742256177,0.140102529,0.067478206,2026,18,3042519,11.51749706,,,,
73.22689014,0.500300577,0.025761645,14.89867873,0.090137466,0.004034377,1.842715585,0.146484713,0.068849177,2026,18,4882093,14.12366442,,,,
,,,48.85826893,0.377774478,0.019358033,4.737823813,0.055991222,0.031355084,2026,18,5083076,11.86777947,,,,
,,,67.31861155,0.5562289,,4.554328415,0.067174625,0.03761779,2026,18,3121422,14.55010339,,,,
54.01451284,0.217019693,0.0252,26.7229532,0.14106538,0.007781657,3.351614707,0.160730831,0.077464794,2026,18,4569987,13.48914748,,,,
,,,65.75886352,0.537019699,0.02042099,4.257823089,0.054533666,0.030538853,2026,18,16737,14.03703191,,,,
,,,38.05166522,0.231303288,0.010652981,3.183105749,0.030986218,0.017352282,2026,18,4723086,8.3635094,,,,
,,,52.0047029,0.319743039,0.011777319,3.657394071,0.052470206,0.029383316,2026,18,4426388,10.7424966,,,,
2.907480525,0.014612083,0.000432086,52.923626,0.132883336,0.006120119,4.065357076,0.078246298,0.042923597,2026,18,4685278,10.46276146,,,,
32.52954297,0.172311465,0.00963,,,,,0.728762349,0.347469863,2026,18,4431452,18.97318929,246.0925898,1.767552,0.093793474,0.879356307
48.41997826,0.431767932,0.024139858,23.66004214,0.139317205,0.007392736,2.76356024,0.19105253,0.09138418,2026,18,4569173,13.28341593,,,,
,,,55.11647346,0.336634872,0.023821886,4.83583911,0.07573224,0.042410054,2026,18,4361050,12.33211735,,,,
,,,43.94815394,0.212432166,0.014894975,3.709430673,0.054540984,0.030542951,2026,18,4385690,9.34898311,,,,
2.469524643,0.03887142,0.00144,,,,,0.379837013,0.182004348,2026,18,12483,15.14390265,252.7940113,1.642914,0.060276819,0.894569866
,,,59.34194426,0.34016928,0.018764921,3.942999811,0.065715596,0.036800734,2026,18,4047650,11.88387229,,,,
17.52841567,0.223246734,0.011495496,,,,,0.39099671,0.186873805,2026,18,4360310,19.06526691,245.24287,1.959012,0.087681552,0.753872173
,,,70.68530569,0.39226392,0.013370057,5.712377324,0.082230681,0.046049181,2026,18,4360761,15.07130517,,,,
,,,50.71381402,0.22436945,0.010333634,3.032316659,0.054126524,0.030310854,2026,18,4431299,9.41138832,,,,
56.54790416,0.320946927,0.022132307,17.07748363,0.098431176,0.004908434,2.291052965,0.116799271,0.055348576,2026,18,4239996,12.11632869,,,,
55.09396596,0.390168603,0.021814067,10.1687329,0.052171494,0.002768431,1.361676502,0.102471775,0.048097762,2026,18,4432710,10.49766244,,,,
28.74785043,0.147864692,0.00437,,,,,0.524243203,0.250336234,2026,18,4431611,14.05071873,219.0482629,0.793624,0.036551411,0.621355668
,,,71.18595109,0.227571079,0.016147796,4.947827818,0.090530229,0.050696928,2026,18,4871023,13.36513914,,,,
1.181130864,0.006789897,0.000371,67.15434655,0.490315731,0.015048186,4.622133857,0.07076503,0.039317595,2026,18,4701936,14.39238455,,,,
2.905532911,0.055542478,0.001978268,,,,,0.515648443,0.247029407,2026,18,3046779,18.76773155,268.786609,2.161444,0.079613979,0.468031326
0.811675435,0.010862369,0.000592735,49.14948292,0.31389069,0.009633559,4.766919462,0.063016048,0.03502025,2026,18,4572680,11.66362774,,,,
64.82036417,0.349548866,0.016576336,13.83744012,0.025958373,0.001841932,2.324190295,0.122009455,0.057635614,2026,18,3916148,12.36780147,,,,
50.35903842,0.264465216,,,,,,0.502472661,0.239142507,2026,18,4426348,22.76381912,247.9157351,1.917406,,0.490052204
17.31936364,0.204322155,0.014089933,,,,,0.629852066,0.301050369,2026,18,4360689,18.20618386,245.8630502,1.76806,0.08816724,0.638740527
,,,52.85922519,0.362670245,,4.682659965,0.073781292,0.041317524,2026,18,2976212,12.06391891,,,,
,,,61.00312417,0.421714886,0.0171798,5.164955477,0.086709836,0.048557508,2026,18,4695883,13.79098678,,,,
11.18552162,0.112400601,0.003799731,46.62666758,0.420528974,0.015991253,3.417323256,0.106681143,0.055907972,2026,18,3126486,12.36652915,,,,
13.8307328,0.156970456,0.008843014,,,,,0.432386218,0.206930893,2026,18,4685720,18.04170308,250.5200579,1.84226,0.075049897,0.719179646
,,,47.2506963,0.166230166,0.008650322,4.331266194,0.061434774,0.034403474,2026,18,4688813,10.00383052,,,,
0.814584962,0.005991696,0.000308,51.73256972,0.25175298,0.014552494,3.658454167,0.048488083,0.02699022,2026,18,4429205,10.43665624,,,,
58.67042837,0.465517368,0.025402234,18.5686968,0.097612315,0.002995801,2.627670404,0.17138974,0.081545348,2026,18,4047365,13.62859039,,,,
48.16465931,0.248592445,0.00735099,9.907391637,0.03925185,0.001807796,1.201703247,0.050264112,0.023638013,2026,18,4608686,8.70834166,,,,
,,,42.28735382,0.396019886,0.018529317,4.117684404,0.052976436,0.029666804,2026,18,3116365,10.70166213,,,,
,,,44.18286974,0.425464135,0.035002992,3.03966186,0.050969874,0.02854313,2026,18,3128429,10.02499737,,,,
46.95685121,0.268507497,0.01105067,12.11884193,0.073782387,0.00263945,1.49235333,0.11086209,0.052279462,2026,18,4685512,9.37941126,,,,
,,,44.96377014,0.286509482,0.011711485,4.271081895,0.050831093,0.028465412,2026,18,3121023,10.45435195,,,,
66.98831986,0.452757902,0.037588372,6.357927278,0.031038004,0.002553501,0.957754473,0.072878422,0.033953347,2026,18,4241985,11.20945767,,,,
,,,39.31396864,0.357716269,0.017838114,3.923568114,0.059346685,0.033234144,2026,18,3929645,9.97203653,,,,
,,,24.8440021,0.284233952,0.013871715,3.014697078,0.054052095,0.030269173,2026,18,4242355,7.17313408,,,,
18.37452488,0.21200406,0.017600769,,,,,0.495418777,0.236640703,2026,18,4426338,17.09966575,234.1312963,1.539594,0.126662607,0.680882148
0.74890258,0.006782054,0.000349224,43.57286777,0.413732643,0.018517865,3.809151713,0.06122056,0.034072773,2026,18,3916433,10.73561956,,,,
,,,34.96443112,0.138420412,0.0086879,2.719395389,0.023163166,0.012971373,2026,18,4360248,7.03840603,,,,
23.03338261,0.175891103,0.0146,30.21758948,0.197738736,0.016267993,3.960062639,0.080998446,0.040577719,2026,18,4568490,11.5378013,,,,
,,,36.65107451,0.168613432,0.009301304,3.762928624,0.063574937,0.035601965,2026,18,4035687,8.38879535,,,,
,,,56.64418911,0.324287524,0.016617238,4.195436962,0.076763761,0.042987706,2026,18,4832800,11.75486808,,,,
,,,27.28230316,0.212685361,0.00724924,2.000129355,0.031173322,0.01745706,2026,18,4432708,5.9848782,,,,
,,,45.36169067,0.401845956,0.019550533,3.032110888,0.038834897,0.021747543,2026,18,4683062,9.97598767,,,,
52.31937107,0.397232557,,5.613837694,0.035634655,,0.732723766,0.174578555,0.081309922,2026,18,4575131,8.96523607,,,,
33.84650251,0.146894091,0.017,10.81168877,0.060579791,0.003341792,1.584926063,0.074555675,0.035535746,2026,18,4038815,7.26716858,,,,
39.26798782,0.28170228,0.0104,6.359941673,0.027013483,0.000991097,0.994345051,0.071248342,0.033476891,2026,18,4429096,7.36713899,,,,
53.32728827,0.322693179,0.008430834,11.4701654,0.036842545,0.001985062,1.676990346,0.086722548,0.040901509,2026,18,4711533,10.25527083,,,,
27.89958412,0.183954657,0.0127,13.60114903,0.052503522,0.002618175,2.134918983,0.070413322,0.033993946,2026,18,3054850,7.66824983,,,,
22.65980209,0.102716656,0.003361402,,,,,0.581618713,0.277797794,2026,18,4038941,13.19162213,218.6220328,0.940614,0.039181236,0.871422509
27.19824928,0.267623485,0.016232762,8.753805647,0.046834762,0.003470974,1.265111455,0.061090516,0.029086179,2026,18,4685247,6.72991554,,,,
,,,27.99633166,0.263404975,0.013135125,2.737476726,0.040070011,0.022439206,2026,18,4569559,7.09998758,,,,
,,,35.86901358,0.272956785,0.012217013,2.365628675,0.034877313,0.019531295,2026,18,4432773,7.57656018,,,,
20.41780111,0.125970439,0.003660905,18.12729985,0.112906369,0.005110575,2.534501519,0.059859471,0.029703968,2026,18,4371733,7.81430485,,,,
1.394531046,0.008463258,0.000401345,40.51333898,0.097703177,0.006932739,4.108738235,0.060250882,0.033385979,2026,18,4569587,8.88601006,,,,
,,,39.61261819,0.330288448,0.017526444,2.8733374,0.055141798,0.030879407,2026,18,4361432,8.79108198,,,,
,,,39.33824492,0.164786349,0.009525418,4.695460474,0.049053586,0.027470008,2026,18,4036133,9.58340988,,,,
26.92672063,0.187959268,,15.59140786,0.119009799,,2.27278653,0.077348155,0.037641446,2026,18,4697815,8.33513378,,,,
,,,56.76181204,0.227698463,0.011849023,3.90582336,0.057258304,0.03206465,2026,18,4360078,10.90927609,,,,
,,,45.02405796,0.268937738,0.018856941,3.970980477,0.068640331,0.038438586,2026,18,4373678,10.04966141,,,,
29.69302323,0.166783268,0.008570634,,,,,0.415433953,0.198401605,2026,18,3917315,15.8444749,222.7233917,1.15548,0.06679212,0.710642498
49.69650548,0.418329314,0.0172,14.07897288,0.047404335,0.001695816,2.02196644,0.049730802,0.023571442,2026,18,4426385,11.18587892,,,,
2.529689043,0.020464576,0.000594734,33.21748861,0.099360839,0.004497452,3.125480374,0.055512697,0.030431911,2026,18,3116165,7.36993518,,,,
0.319674927,0.009881192,0.000599346,39.26703818,0.237360056,0.017591006,3.902258471,0.048914416,0.02724899,2026,18,5083315,9.32754999,,,,
63.00455996,0.379296442,0.019491231,6.603831228,0.025378187,0.001466977,0.942447025,0.140830536,0.065734715,2026,18,4360569,10.2455009,,,,
3.562304647,0.022579477,0.001273486,48.1781505,0.113054945,0.005793195,4.365900461,0.091903387,0.05026383,2026,18,4870653,10.36072516,,,,
1.427597112,0.009523446,0.00030583,31.20929809,0.182114661,0.007444197,2.307502395,0.04694566,0.025817033,2026,18,4870795,6.68612855,,,,
6.464890874,0.040738597,0.001676634,,,,,0.449052374,0.214928137,2026,18,3912547,14.18844881,236.5623767,1.481172,0.052986622,0.890502582
33.19767915,0.217151853,0.007866194,12.83080417,0.074390597,0.002786792,1.619396926,0.084463689,0.040162824,2026,18,4429059,7.92514044,,,,
,,,40.01602937,0.220415384,0.009009794,2.963572833,0.058958768,0.03301691,2026,18,4428850,8.24120784,,,,
,,,35.34573728,0.142599675,0.005342015,3.756676118,0.043231064,0.024209396,2026,18,3117256,8.11025313,,,,
8.432256181,0.067167824,0.003665197,,,,,0.649860762,0.311259908,2026,18,4036378,18.42419848,271.3237905,2.08035,0.063847624,0.763025765
2.681155645,0.014677514,0.000480322,36.11371649,0.149445218,0.006225134,2.071492573,0.037966299,0.020496571,2026,18,4429025,6.90913595,,,,
12.74408634,0.076766385,0.004188969,3.568634382,0.027393633,0.000840733,0.585191184,0.030586506,0.014572852,2026,18,4429023,2.82314706,,,,
,,,32.87564602,0.04149371,0.001911048,3.230658861,0.064613177,0.036183379,2026,18,2973405,6.82207619,,,,
,,,33.04970832,0.265791848,0.014103993,3.007541201,0.029540403,0.016542626,2026,18,3046439,7.90316586,,,,
,,,36.69379564,0.159306061,0.008290004,4.017199148,0.071936086,0.040284208,2026,18,15818,8.58032867,,,,
12.89517018,0.065802474,0.002383655,,,,,0.473599017,0.226622829,2026,18,4432577,16.09620892,245.3366892,1.451048,0.054358612,0.439250692
19.49319326,0.114057492,0.00541,14.5168716,0.050757745,0.003601625,1.900406138,0.05594835,0.027304227,2026,18,4428557,6.25519484,,,,
40.38400231,0.354878155,0.0122,6.793679707,0.048348921,0.0030346,0.886360769,0.092984577,0.043592766,2026,18,4241474,7.98027139,,,,
,,,42.98223632,0.187399701,0.011982355,3.167956718,0.040574794,0.022721885,2026,18,4428718,8.5701735,,,,
,,,44.99604998,0.352919339,0.017598907,3.314033488,0.060397154,0.033822406,2026,18,4880281,9.90030352,,,,
3.123613565,0.018062881,0.000743,40.6201055,0.19713548,0.007052215,2.343219272,0.057231519,0.031012937,2026,18,4032473,8.28053221,,,,
19.99079807,0.14217661,0.00413,,,,,0.593717286,0.283779759,2026,18,3052587,13.88958404,220.6306842,0.983944,0.044537074,0.634496711
28.02870025,0.206273165,0.009000856,13.16733328,0.048867679,0.001665623,1.944342826,0.031527982,0.015171453,2026,18,4373626,7.5866153,,,,
27.95369342,0.225436278,0.00762,3.944528348,0.025511552,0.000970116,0.454921907,0.060403954,0.028176892,2026,18,4696044,5.11285351,,,,
8.223326937,0.054910048,0.001434606,46.5986615,0.102034709,0.005497591,3.653820393,0.103639509,0.054981815,2026,18,4569603,10.10600992,,,,
,,,28.16626071,0.250463641,0.010203375,2.685346088,0.022873142,0.01280896,2026,18,2576925,7.00014884,,,,
21.82747511,0.121944327,0.003916042,10.98038473,0.045559812,0.001862322,1.517738537,0.060047139,0.029040212,2026,18,4431545,5.79328724,,,,
12.36711875,0.119186057,0.005200757,,,,,0.406671547,0.194597855,2026,18,2578570,15.11827465,224.0258349,1.449004643,0.049388369,0.660664037
,,,54.51371897,0.324769604,0.024069021,3.335756726,0.066715135,0.037360475,2026,18,4597500,10.71092734,,,,
,,,36.54838107,0.307491397,0.021560184,2.719518312,0.04605891,0.02579299,2026,18,4635008,8.21205719,,,,
,,,41.88321764,0.310402274,0.013893,3.719287326,0.052535825,0.029420062,2026,18,4430539,9.74035461,,,,
10.95115957,0.184515942,0.00466,,,,,0.635428956,0.303993718,2026,18,3917792,12.54811936,224.869305,0.90621,0.047157557,0.893076062
,,,33.40207147,0.226872096,0.010615086,2.18825658,0.032962834,0.018459187,2026,18,4360939,6.8748781,,,,
32.71024445,0.131403824,0.004300189,12.95303344,0.070696461,0.002944858,1.785186377,0.066221609,0.031840477,2026,18,4596334,7.54270266,,,,
24.34807504,0.138662314,0.0107,3.623853209,0.017946276,0.001147487,0.491767266,0.055741055,0.026063633,2026,18,4686658,4.20164934,,,,
0.503397799,0.006488148,0.000752,33.48239603,0.228476211,0.012603543,3.666205151,0.053584932,0.029718513,2026,18,4361411,8.44326075,,,,
39.41887909,0.171812239,0.00449,8.993033246,0.036848213,0.001985367,1.230678242,0.126378133,0.059593735,2026,18,4682745,7.25471045,,,,
,,,23.32479118,0.198939559,0.007298887,2.168189526,0.026383036,0.0147745,2026,18,4570037,5.68005077,,,,
22.93108696,0.197716484,0.00787276,7.500214513,0.053795575,0.002617252,0.903352798,0.049915514,0.023737703,2026,18,4832955,5.44233423,,,,
32.70093488,0.254077484,0.0131,1.802729565,0.012848804,0.000575087,0.230538484,0.055379997,0.025643597,2026,18,4362619,5.25998964,,,,
,,,40.55621031,0.120548554,0.00649511,2.978272673,0.054493349,0.030516275,2026,18,4869645,7.7105827,,,,
,,,21.36217352,0.301172702,0.00939968,2.288250023,0.023601401,0.013216784,2026,18,3116164,6.22449338,,,,
,,,32.92302119,0.146628814,0.009375461,3.598084909,0.041127494,0.023031397,2026,18,4429086,7.74393404,,,,
,,,43.54102215,0.236292518,0.013034718,3.387745149,0.061985452,0.034711853,2026,18,4431492,9.1178862,,,,
,,,22.44164462,0.108553273,0.005562519,1.71701802,0.025792868,0.014444006,2026,18,4241463,4.59541715,,,,
2.057027157,0.011485165,0.000792,5.317571693,0.026741576,0.001333513,0.734140959,0.011944682,0.006195435,2026,18,4599739,1.69313705,,,,
33.04139022,0.138883328,0.007833042,,,,,0.66217325,0.315786431,2026,18,3122840,16.28645391,229.9738127,1.202045,0.061595549,0.691430954
6.353256941,0.038710068,0.00449,,,,,0.51069488,0.244737217,2026,18,8439,14.62642372,245.286468,1.450488,0.080013966,0.773803302
,,,25.75522624,0.165530891,0.00592161,2.056137399,0.034642377,0.019399731,2026,18,2977187,5.59880113,,,,
,,,22.92557063,0.163993657,0.008702168,1.755948042,0.025352922,0.014197636,2026,18,2991662,5.02214811,,,,
15.13064434,0.107403344,0.002861492,11.31795986,0.059607906,0.002788986,1.216661528,0.042412275,0.020645091,2026,18,4038441,4.83472222,,,,
,,,14.07947248,0.0617971,0.004384946,0.957171045,0.015503975,0.008682226,2026,18,3925357,2.72771553,,,,
27.72895084,0.149084535,0.0039,,,,,0.695546053,0.331890787,2026,18,4242512,12.36927979,205.1689864,0.5715,0.0307922,0.607422395
,,,22.88588549,0.144235962,0.005403313,1.765664965,0.025845047,0.014473226,2026,18,4429022,4.90221346,,,,
11.83072099,0.106303692,0.006447874,,,,,0.563209483,0.269468332,2026,18,15864,15.48205179,242.6790875,1.377558,0.10209229,0.624630812
9.583897851,0.05260674,0.00287,3.583947458,0.019376511,0.000594681,0.564969534,0.016177687,0.007781709,2026,18,3149687,2.30544671,,,,
0.817001227,0.017389712,0.000716,30.54547719,0.260106329,0.009304899,2.842820441,0.052034925,0.028704795,2026,18,4576297,7.60805074,,,,
30.45166684,0.178758994,0.0117,3.238088035,0.009073003,0.000642049,0.42934386,0.058719882,0.027319784,2026,18,4241457,4.89690386,,,,
,,,36.99345035,0.206441556,0.014608787,2.534676627,0.046376888,0.025971057,2026,18,4682648,7.45117046,,,,
20.54085862,0.140721183,0.00741,10.82143987,0.050903635,0.001588716,1.376350516,0.060747655,0.029352341,2026,18,3116389,5.62322402,,,,
8.026699186,0.110594006,0.003797437,,,,,0.353191464,0.169088701,2026,18,4360423,14.22609526,231.9741683,1.184736,0.074359462,0.542742909
,,,9.842743361,0.050268278,0.00290574,0.940784294,0.016120149,0.009027283,2026,18,3886598,2.21485061,,,,
,,,25.51540237,0.158153965,0.01011238,1.844938755,0.031505274,0.017642953,2026,18,4382466,5.33117564,,,,
,,,29.07326868,0.253987694,,2.130864269,0.038988348,0.021833475,2026,18,5081432,6.55593381,,,,
12.65921112,0.146330423,0.00694,,,,,0.468328579,0.224011029,2026,18,4688380,12.4045989,214.2716619,0.771786,0.054763739,0.542530325
,,,36.57743909,0.084261095,0.003509892,2.619894856,0.047936123,0.026844229,2026,18,4686612,6.73780266,,,,
,,,24.78674229,0.15790477,0.006577516,2.30262824,0.029842967,0.016712061,2026,18,4595342,5.709248,,,,
0.650565155,0.004722248,0.000249,27.03276242,0.210776205,0.006578381,2.309918462,0.044350393,0.02462763,2026,18,4384852,6.49216189,,,,
4.733609985,0.040747563,0.00144,1.701046699,0.011118228,0.00077957,0.23067055,0.011970601,0.005711189,2026,18,4429501,1.21267518,,,,
5.520531472,0.034339884,0.001243941,22.18824059,0.107038084,0.00400982,1.763147962,0.051258131,0.026804766,2026,18,4586312,5.44377235,,,,
,,,38.83775406,0.295359568,0.014414688,3.211681797,0.056598332,0.031695066,2026,18,5083754,8.83454785,,,,
,,,35.69492977,0.10715427,0.005773431,2.647353487,0.048438532,0.027125578,2026,18,4869961,6.81834579,,,,
1.424367658,0.009242371,0.000334799,43.07492606,0.202457597,0.00758439,2.594759245,0.041780549,0.02301715,2026,18,4686422,8.2857965,,,,
15.71923236,0.135412666,0.0104,,,,,0.549244131,0.262628224,2026,18,4837248,15.04159743,235.0153758,1.302614,0.083289267,0.815257462
,,,6.379035695,0.048249239,0.001972257,0.525199455,0.009609556,0.005381351,2026,18,4715355,1.44603407,,,,
,,,27.81403863,0.164544725,,2.686246865,0.030781541,0.017237663,2026,18,4360635,6.42125375,,,,
,,,22.48051168,0.092900627,0.007642947,2.347240499,0.029138331,0.016317466,2026,18,3051876,5.13611439,,,,
,,,41.45817734,0.103257836,0.004673845,3.561838854,0.048000911,0.02688051,2026,18,4243331,8.28405627,,,,
,,,23.4772189,0.142691726,0.010124999,2.605247482,0.025361007,0.014202164,2026,18,4686728,5.8016374,,,,
,,,7.093484171,0.049065748,0.002706637,0.646775636,0.011834031,0.006627057,2026,18,4685261,1.6429903,,,,
,,,6.137501942,0.036285674,0.001331284,0.740728711,0.007523661,0.00421325,2026,18,2573401,1.56662762,,,,
12.69756919,0.094736959,,9.058991754,0.050188006,,0.967117539,0.059582412,0.028859441,2026,18,3068267,3.95617654,,,,
0.733304418,0.005258697,0.000437,24.46584898,0.145959771,0.01200813,2.038865971,0.039677805,0.021982296,2026,18,4600981,5.44806779,,,,
,,,33.1339826,0.306054674,0.011273126,2.324080591,0.04252362,0.023813227,2026,18,5123663,7.44984869,,,,
,,,25.70015098,0.176786903,0.00938103,1.982596002,0.038537125,0.02158079,2026,18,4427095,5.589953,,,,
,,,14.34015897,0.079546608,0.00499271,1.062404826,0.019438783,0.010885719,2026,18,4870612,3.0583953,,,,
3.465754497,0.012561075,0.000824,5.087143689,0.027783991,0.001966127,0.629626003,0.015647385,0.007873138,2026,18,4360516,1.74160763,,,,
10.95211768,0.054332501,0.00178,13.01467011,0.065795991,0.002740729,1.424089976,0.034333158,0.01700475,2026,18,4430968,4.53049349,,,,
7.232406223,0.071546456,0.00253,13.98503409,0.09549859,0.006696016,1.606419934,0.027366718,0.013927504,2026,18,3915411,4.72175127,,,,
,,,24.9551765,0.087799158,0.004730585,2.463162275,0.03037569,0.017010387,2026,18,4367209,5.46171927,,,,
,,,21.27370117,0.1816137,0.010018444,2.247765971,0.035300571,0.019768319,2026,18,4430802,5.44624854,,,,
3.044197925,0.027424908,0.0011,5.521584086,0.045735356,0.002232062,0.431012335,0.018764966,0.009493909,2026,18,3676833,1.89890498,,,,
0.692650026,0.006582206,0.000399,22.55475599,0.095894037,0.007106809,2.059747974,0.039838619,0.022094478,2026,18,4569371,5.12218405,,,,
,,,12.64266159,0.080149918,0.005619822,0.845159732,0.013673553,0.00765719,2026,18,4242433,2.58661186,,,,
16.59346983,0.152852506,0.01,,,,,0.548101472,0.261908306,2026,18,4433970,13.85940402,219.8978509,1.243058,0.087964701,1.085888415
1.479121265,0.009101296,0.000597,26.43771816,0.119791683,0.00847703,1.653881483,0.031229332,0.017041251,2026,18,4040655,5.20381086,,,,
8.54672301,0.057561196,0.00325,14.94944922,0.059556544,0.003051814,2.016178688,0.034275128,0.017499765,2026,18,4601080,5.08177867,,,,
,,,23.1302884,0.147185437,0.005996033,1.836144808,0.033595876,0.018813691,2026,18,4360763,5.00753895,,,,
,,,16.0639722,0.120083942,0.005988185,1.734598845,0.023798827,0.013327343,2026,18,4036131,4.0474514,,,,
,,,9.564388997,0.083466255,0.004060784,0.693394648,0.012687017,0.00710473,2026,18,4912218,2.14487799,,,,
,,,21.11021973,0.102467593,0.00349254,2.17993241,0.040337638,0.022589078,2026,18,3045523,4.86862887,,,,
,,,31.01646892,0.152979831,0.006924453,2.330545351,0.042641905,0.023879467,2026,18,5220680,6.3172892,,,,
14.20732001,0.117697028,0.002969916,3.490487819,0.013027304,0.000677918,0.515582464,0.036037732,0.017020577,2026,18,4686468,3.08905282,,,,
,,,9.686131329,0.045483178,0.002094788,1.012254865,0.011460245,0.006417737,2026,18,4258595,2.24542357,,,,
,,,10.38542745,0.120431461,0.008444218,1.059549247,0.00902499,0.005053994,2026,18,3930086,2.82769941,,,,
17.93434935,0.155209816,0.00553,5.996279447,0.032129531,0.001183449,0.799366183,0.042412769,0.020197048,2026,18,4912274,4.29061995,,,,
,,,31.87293819,0.176414504,0.011072583,2.117659877,0.027122723,0.015188725,2026,18,4361409,6.35592244,,,,
,,,13.0750486,0.147488754,0.00541121,1.417382153,0.018104339,0.01013843,2026,18,4242557,3.6008433,,,,
11.1914341,0.066013961,0.00313,,,,,0.024290132,0.011173461,2026,18,4685555,1.49978225,,,,
17.6323508,0.117227203,0.006604057,7.464767638,0.037612113,0.00153224,1.006241032,0.04463253,0.021271238,2026,18,4239934,4.41989489,,,,
,,,6.21747163,0.026413479,0.001874225,0.577934857,0.011558697,0.00647287,2026,18,4431268,1.6132677,,,,
,,,22.23181989,0.182809956,0.005610585,1.854524074,0.037090481,0.02077067,2026,18,4430191,5.23919989,,,,
,,,7.37815746,0.040343499,0.001480161,0.570214097,0.010433187,0.005842585,2026,18,4710855,1.54164139,,,,
0.683133158,0.004547423,0.000377531,10.94007721,0.094681035,0.007789422,0.741469,0.013646562,0.007438931,2026,18,4431280,2.50097683,,,,
,,,1.685409461,0.014262962,0.000693919,0.21215758,0.002065213,0.00115652,2026,18,4596602,0.48453254,,,,
1.904958008,0.013270953,0.001101767,14.28974601,0.080549325,0.006626804,1.120001389,0.030180816,0.016123178,2026,18,4686472,3.36058991,,,,
0.720784616,0.004301071,0.000221023,2.018212209,0.00829366,0.000479412,0.181886768,0.00565806,0.002935505,2026,18,4430656,0.72796128,,,,
12.78730657,0.13214039,0.00384,,,,,0.031285167,0.014391177,2026,18,4430871,2.05129864,,,,
,,,2.197648383,0.009738794,0.000448533,0.176379727,0.003227214,0.00180724,2026,18,4869748,0.51637319,,,,
0.575645704,0.005239096,0.000177,11.89936983,0.092512975,0.003517946,1.326103023,0.016571953,0.009125212,2026,18,16002,3.14969387,,,,
,,,11.83844259,0.084499442,0.003022836,0.942151963,0.017238521,0.009653572,2026,18,4597703,2.62705804,,,,
,,,10.66618194,0.069112678,0.003667399,0.680771512,0.012456052,0.006975389,2026,18,4613202,2.18763594,,,,
1.176936726,0.006769662,0.000348586,3.384286503,0.022892319,0.001024615,0.451122461,0.00621284,0.003245714,2026,18,4911851,1.08163544,,,,
,,,10.76363341,0.099054877,0.003766712,0.715796391,0.010341267,0.00579111,2026,18,16731,2.3827132,,,,
,,,24.89186472,0.151510369,0.007088997,1.425879947,0.024040042,0.013462423,2026,18,2576581,4.84051508,,,,
,,,16.53517143,0.104474685,0.006680122,1.351712026,0.024732227,0.013850047,2026,18,4241983,3.61839143,,,,
,,,8.825305296,0.084912513,0.004505802,0.867250455,0.010552906,0.005909627,2026,18,4831959,2.25672681,,,,
,,,10.75475362,0.072773305,0.005149785,0.849564221,0.008270156,0.004631288,2026,18,4429148,2.36293481,,,,
19.27019329,0.180689482,0.00722,3.521986826,0.027058477,0.001320558,0.494238675,0.034794219,0.016345238,2026,18,4429676,4.00525308,,,,
,,,2.005257598,0.015088493,0.000539767,0.19162991,0.002331797,0.001305807,2026,18,4678006,0.48121635,,,,
,,,15.83008629,0.097566332,0.007230745,1.83635619,0.02234521,0.012513318,2026,18,4808766,3.99478747,,,,
,,,17.23954558,0.140748972,0.006847692,1.584888345,0.013499704,0.007559834,2026,18,4240472,4.15226885,,,,
,,,19.93993347,0.114777411,0.008144279,1.392112618,0.025471435,0.014264004,2026,18,4883647,4.06320298,,,,
,,,19.90263774,0.145735865,0.00593698,2.127468874,0.036184691,0.020263427,2026,18,4372780,4.96444894,,,,
5.565207792,0.035905674,0.002980922,8.059416606,0.040561845,0.003337028,0.946799157,0.023442502,0.011772826,2026,18,4362748,2.77653887,,,,
,,,2.370355783,0.010923037,0.000400755,0.207519349,0.002657882,0.001488414,2026,18,4360797,0.50798803,,,,
,,,20.94534514,0.03400342,0.001832091,1.587647167,0.029049124,0.016267509,2026,18,4685307,3.86485517,,,,
2.248253924,0.013739417,0.00075,14.70403685,0.137716475,0.00422663,1.489108004,0.035016694,0.018832295,2026,18,4431487,4.0662851,,,,
,,,21.30286161,0.203908046,0.009920495,1.561641296,0.028573295,0.016001045,2026,18,5082630,4.90397063,,,,
,,,4.313476436,0.039429714,0.001230612,0.502192042,0.00611079,0.003422042,2026,18,4427834,1.16589651,,,,
,,,4.384275263,0.012521091,0.000651575,0.418910607,0.007664792,0.004292284,2026,18,3051889,0.92538546,,,,
,,,11.94578078,0.101522732,0.003115815,1.394886674,0.021222073,0.011884361,2026,18,3054212,3.18162445,,,,
,,,25.87239084,0.191502098,0.00857126,1.794294665,0.032830146,0.018384882,2026,18,4879194,5.55028961,,,,
,,,2.489922111,0.018052978,0.000900242,0.196907398,0.003602808,0.002017572,2026,18,4879276,0.55207822,,,,
,,,11.96899839,0.090844625,0.005701825,1.241553231,0.015896199,0.008901871,2026,18,3043275,2.97754013,,,,
,,,2.194108633,0.018883741,0.0009216,0.232867361,0.002266867,0.001269446,2026,18,4372096,0.5649448,,,,
4.104300968,0.018464098,0.00104,1.585122081,0.007565108,0.000387654,0.255093264,0.007941054,0.003831983,2026,18,4722893,0.97561155,,,,
,,,6.977524402,0.036586662,0.001342327,0.6900371,0.012806495,0.007171637,2026,18,4569382,1.59598869,,,,
,,,5.761482653,0.031397758,0.001283428,0.586202846,0.005706442,0.003195608,2026,18,3052096,1.3470639,,,,
,,,11.37953754,0.085275321,0.003242724,0.746754122,0.013663334,0.007651467,2026,18,4431466,2.38790292,,,,
1.317697669,0.009711733,0.00067,,,,,0.004729855,0.002175733,2026,18,4698597,0.31002501,,,,
,,,2.342979805,0.005522142,0.000287362,0.193374287,0.003538162,0.001981371,2026,18,4061956,0.4575107,,,,
3.141150821,0.03394653,0.00136,1.86752447,0.010223528,0.000498948,0.257448165,0.007003062,0.00339846,2026,18,4383396,1.02044182,,,,
3.084454457,0.022754158,0.000661273,18.39773386,0.101813054,0.004608449,1.355389393,0.03500327,0.018581455,2026,18,4608810,4.32242569,,,,
,,,13.10478046,0.082357425,0.00385341,0.788595866,0.01442891,0.00808019,2026,18,4696882,2.5851459,,,,
,,,6.705062645,0.064713067,0.002383622,0.767911462,0.007475301,0.004186168,2026,18,4242392,1.82328844,,,,
2.438590223,0.01357097,0.000698801,3.147702682,0.025010321,0.001119413,0.485116297,0.010574031,0.005362897,2026,18,2576336,1.28895978,,,,
,,,21.53323835,0.186764964,,1.495770549,0.021894448,0.012260891,2026,18,4567156,4.74574019,,,,
,,,2.317939084,0.015191011,0.000778422,0.18236288,0.003336687,0.001868545,2026,18,4808839,0.50321081,,,,
,,,2.429169659,0.0113521,0.000725854,0.193554557,0.003541461,0.001983218,2026,18,5150247,0.56695653,,,,
,,,13.356242,0.110256761,0.004491635,1.205346014,0.022883973,0.012815025,2026,18,4567096,3.18647,,,,
,,,6.327140268,0.025854164,0.001494491,0.556843293,0.010188542,0.005705583,2026,18,4565185,1.33652892,,,,
,,,6.753914528,0.045345097,0.001545558,0.776806538,0.009813504,0.005495562,2026,18,4426844,1.71662776,,,,
,,,5.299515749,0.041361178,0.001290893,0.419765685,0.007680438,0.004301045,2026,18,5092508,1.19206682,,,,
,,,10.44385061,0.099899176,,0.802087918,0.016041758,0.008983385,2026,18,4361577,2.44511002,,,,
,,,7.154761262,0.061916877,0.001900279,0.638195527,0.011677041,0.006539143,2026,18,4259305,1.74114874,,,,
,,,6.647425335,0.022308047,0.000929241,0.51788506,0.009475724,0.005306406,2026,18,4685553,1.30797175,,,,
,,,6.560981714,0.051566363,0.0016094,0.786978006,0.010082376,0.005646131,2026,18,3127310,1.74466729,,,,
,,,14.20240601,0.077191742,0.004844908,1.229144383,0.024582888,0.013766417,2026,18,3917914,3.13247774,,,,
,,,4.859963769,0.031389698,0.001531939,0.34698243,0.006939649,0.003886203,2026,18,4426485,1.01679147,,,,
,,,6.843562318,0.05951774,0.002904696,0.700251608,0.008520825,0.004771662,2026,18,4360967,1.73820535,,,,
,,,6.066123521,0.027615273,0.001271858,0.575591625,0.007003933,0.003922203,2026,18,4685504,1.34277973,,,,
,,,4.859783945,0.028471125,0.001332131,0.331449072,0.006064512,0.003396127,2026,18,4690143,1.09717098,,,,
,,,8.706923455,0.079901804,0.006573532,0.837395152,0.008151696,0.004564949,2026,18,3911853,2.19173089,,,,
,,,15.18554811,0.127034485,0.005943798,1.367174776,0.016636101,0.009316217,2026,18,4432260,3.64163086,,,,
,,,2.030211566,0.017910121,0.001255793,0.207994172,0.002530922,0.001417316,2026,18,4573699,0.51821961,,,,
,,,3.106156854,0.015932012,0.001127425,0.402271384,0.003458123,0.001936549,2026,18,2975417,0.80695209,,,,
,,,11.99454241,0.061149241,0.002547169,1.210463319,0.0147292,0.008248352,2026,18,4241263,2.76579944,,,,
0.742976922,0.006711568,0.000227,11.15924365,0.083025561,0.003157173,0.703361763,0.015374415,0.008359169,2026,18,4575665,2.49757779,,,,
,,,1.727724305,0.009016582,0.000478456,0.223539343,0.001921654,0.001076126,2026,18,4039505,0.44926669,,,,
4.190281457,0.027319364,0.001883927,1.78119416,0.011440442,0.000570497,0.256831783,0.011096795,0.005325311,2026,18,5081999,1.08108921,,,,
,,,9.789347652,0.073889972,0.005476065,1.26985612,0.012361524,0.006922454,2026,18,4361372,2.68956434,,,,
,,,7.641639546,0.024494866,0.001319774,0.758239537,0.009226435,0.005166804,2026,18,4880236,1.66192223,,,,
,,,4.620060739,0.040935131,0.001556621,0.421689198,0.005131212,0.002873479,2026,18,4040612,1.12680794,,,,
,,,4.205373412,0.015949409,0.000721931,0.355049524,0.006496328,0.003637944,2026,18,5097554,0.88716913,,,,
,,,2.28494348,0.012391281,0.00064482,0.216765611,0.002857591,0.001600251,2026,18,2998565,0.51777238,,,,
,,,6.222656785,0.06904546,0.005680379,0.665310706,0.008095656,0.004533567,2026,18,4383440,1.70435637,,,,
,,,2.001789912,0.012568596,0.00047084,0.225096411,0.002739026,0.001533854,2026,18,4426496,0.49863355,,,,
,,,2.162085409,0.021065311,,0.230087373,0.002799757,0.001567864,2026,18,4690923,0.56962585,,,,
,,,6.36820374,0.044611941,0.00246095,0.68638063,0.010046946,0.00562629,2026,18,4035656,1.58480717,,,,
,,,3.7487266,0.03057658,0.001430643,0.368830517,0.003590413,0.002010631,2026,18,3052897,0.92609748,,,,
,,,6.405379568,0.045333571,0.002322996,0.655273158,0.007973517,0.004465169,2026,18,4362018,1.56373879,,,,
,,,5.06327403,0.020722011,0.000863174,0.650917439,0.008196014,0.004589768,2026,18,3917668,1.27434032,,,,
,,,10.68190855,0.112290379,0.00420658,1.177416755,0.013561207,0.007594276,2026,18,3843945,2.91293269,,,,
,,,5.541348598,0.047675914,0.001705532,0.590743377,0.007188303,0.00402545,2026,18,2975863,1.42648348,,,,
,,,1.708455076,0.009875,0.000506018,0.246158901,0.002116103,0.001185018,2026,18,2515270,0.47495227,,,,
,,,11.4081436,0.100231227,0.004486154,1.040630978,0.01266264,0.007091079,2026,18,4686248,2.77795705,,,,
2.705668444,0.017655098,0.001358347,1.744282065,0.009299347,0.000594601,0.240826739,0.006411312,0.003114825,2026,18,4241961,0.84539391,,,,
,,,7.24525498,0.041812437,0.001566362,0.537397709,0.009832747,0.005506338,2026,18,4430681,1.50517768,,,,
,,,8.313824986,0.021774265,0.001173189,0.66289689,0.012129001,0.00679224,2026,18,4369466,1.61400728,,,,
,,,4.283784617,0.046396015,,0.444183148,0.007387271,0.004136872,2026,18,4048228,1.14285896,,,,
,,,8.737770626,0.086708847,0.003532341,0.92260271,0.011226445,0.006286809,2026,18,4683243,2.31142032,,,,
,,,3.83799325,0.023845826,0.0013784,0.416892331,0.005072843,0.002840792,2026,18,4708049,0.94097563,,,,
,,,3.207045465,0.016808212,0.000601288,0.43234519,0.003716652,0.002081325,2026,18,4243176,0.85103733,,,,
,,,1.804890399,0.008677394,0.00071389,0.232904526,0.002002162,0.001121211,2026,18,3929914,0.46469615,,,,
,,,2.124145505,0.010992147,0.000572012,0.210996961,0.00256746,0.001437778,2026,18,4722908,0.48770066,,,,
,,,6.432228365,0.027599309,0.001149648,0.546840569,0.010936811,0.006124614,2026,18,4362477,1.46841255,,,,
,,,4.927526869,0.028105727,0.001170743,0.281015798,0.005052745,0.002829537,2026,18,3051738,0.93921846,,,,
,,,4.365503104,0.029448108,0.001882915,0.461402156,0.005614449,0.003144091,2026,18,4045305,1.07226696,,,,
,,,2.163394777,0.02101651,,0.22067554,0.002685231,0.00150373,2026,18,4361088,0.56017742,,,,
,,,6.315506012,0.046615933,0.00171029,0.701762411,0.008539209,0.004781957,2026,18,4426553,1.60709088,,,,
,,,10.50396358,0.024115911,0.001711196,1.119328876,0.013228139,0.007407758,2026,18,4361516,2.30337678,,,,
,,,2.165804379,0.00965473,0.000605975,0.166356587,0.003043821,0.00170454,2026,18,4369886,0.43874867,,,,
1.266970744,0.010990419,0.000277,,,,,0.00448466,0.002062944,2026,18,4683151,0.1891859,,,,
,,,4.391838262,0.024934493,0.001764483,0.348085871,0.006368915,0.003566592,2026,18,4257188,1.18906608,,,,
,,,4.799191224,0.03331897,0.001707341,0.417938015,0.007646997,0.004282318,2026,18,4241424,1.0928226,,,,
,,,1.906221094,0.012802746,0.000579501,0.197127588,0.002398694,0.001343269,2026,18,4372505,0.46310224,,,,
,,,3.56510673,0.02318213,0.001455017,0.377748404,0.004596531,0.002574057,2026,18,4035020,0.87123498,,,,
,,,4.228361304,0.030969962,0.001055591,0.485971853,0.005913419,0.003311515,2026,18,4239944,1.09027191,,,,
,,,4.788320715,0.022560913,0.001442547,0.401670476,0.00734935,0.004115636,2026,18,4401805,1.04312234,,,,
,,,4.275905823,0.041946593,0.001287375,0.534340001,0.006501974,0.003641105,2026,18,4431346,1.20907428,,,,
,,,2.183886067,0.014784322,0.000553845,0.224573338,0.002732661,0.00153029,2026,18,4362504,0.52978699,,,,
,,,8.416469588,0.070343413,0.002195437,1.076202474,0.0127908,0.007162848,2026,18,3050481,2.33031289,,,,
,,,2.016576199,0.02275552,0.001107097,0.194140333,0.002362345,0.001322913,2026,18,4431196,0.53196184,,,,
