season,week,espn_id,espn_total,rush_yd,rush_td,rush_2pt,rec_yd,rec_td,rec_2pt,rec,fum,fum_lost,pass_yd,pass_td,pass_2pt,pass_int
2023,1,3051392,7.56214337,33.42795224,0.328814252,0.014055582,8.160030358,0.042152899,0.002303255,1.210330154,0.07134145,0.03369481,,,,
2023,1,4036133,12.52850693,,,,54.55586436,0.374002911,0.019210594,4.844508305,0.049400417,0.027664233,,,,
2023,1,16733,10.79849891,1.005025126,0.009374544,0.000355618,49.63198409,0.357198906,0.020463951,3.564243138,0.064965693,0.036120492,,,,
2023,1,3045144,8.13246411,,,,36.4161412,0.188710857,0.009269562,3.387936065,0.04379146,0.024523217,,,,
2023,1,2976316,12.15523107,,,,52.38597837,0.293021412,0.015887943,5.220987817,0.086190128,0.048266472,,,,
2023,1,2573401,11.8375288,,,,50.60298442,0.303974299,0.016036438,4.963952556,0.038993635,0.021836436,,,,
2023,1,16813,7.10813317,,,,28.25206122,0.272967038,0.014776703,2.644162386,0.026143725,0.014640486,,,,
2023,1,16782,11.18947775,19.94488522,0.192743802,0.010480536,30.99774759,0.275125899,0.01274379,3.298628496,0.0583859,0.029311445,,,,
2023,1,4242214,5.50237709,20.02804246,0.17503201,0.009517449,8.976744945,0.085196002,0.003946266,1.041684774,0.03011338,0.014436961,,,,
2023,1,3116593,11.98480564,52.3142516,0.312043251,0.016872635,18.70271363,0.085787674,0.004146108,2.606076749,0.163875292,0.078158336,,,,
2023,1,4036348,9.42480739,,,,43.01470817,0.363973296,0.020180621,2.944242962,0.041244118,0.023096706,,,,
2023,1,4240021,13.54626179,59.34052365,0.465193268,0.0209198,19.57293061,0.109560993,0.005779989,2.293887577,0.152844314,0.07246718,,,,
2023,1,3044720,12.17300516,14.63486544,0.115402379,0.004221074,,,,,0.823282444,0.393805106,223.1807538,0.903685732,0.056402693,0.94011303
2023,1,4241985,12.70408673,61.82107816,0.49915424,0.018935136,12.73558281,0.094211598,0.005397389,1.723293432,0.091225824,0.043069441,,,,
2023,1,15920,1.38062868,6.195613523,0.045235494,0.002202224,1.689298055,0.007778677,0.000389002,0.278921269,0.010868592,0.005169011,,,,
2023,1,3910544,5.92819168,26.26565919,0.219951083,0.010093284,7.33140042,0.026346956,0.001357738,1.126105414,0.063296458,0.029991985,,,,
2023,1,3115306,5.71522965,,,,25.54152997,0.195280418,0.011479441,2.004059805,0.034402271,0.019265272,,,,
2023,1,3051738,9.51473299,,,,46.85265479,0.390246128,0.018076142,2.483297586,0.028768863,0.016110563,,,,
2023,1,3925347,5.81973458,18.75298438,0.134681153,0.006556757,11.06271227,0.069412983,0.003471255,1.629439314,0.037924677,0.018448622,,,,
2023,1,4046692,7.82568929,2.519062723,0.023241296,0.000870666,34.73668804,0.212854583,0.01254562,2.721626018,0.060882394,0.033263825,,,,
2023,1,3135321,8.33216532,,,,38.3620509,0.162229914,0.009129172,3.582684532,0.071653691,0.040126067,,,,
2023,1,3049916,2.70023431,9.806045992,0.057671464,0.002219876,4.934246512,0.018645579,0.0010839,0.78677659,0.026581955,0.012891671,,,,
2023,1,4239086,12.80460421,12.95349218,0.114747882,0.00396338,,,,,0.606740162,0.29015892,204.7171078,1.105072147,0.070592426,0.686509488
2023,1,16760,15.36812306,3.271104302,0.121597604,0.004921441,,,,,0.524928104,0.251352729,277.5473702,1.316340842,0.073994057,0.862408356
2023,1,14876,14.46442285,12.58603662,0.174776845,0.006812769,,,,,0.461862199,0.220865858,237.2234266,1.095443747,0.064487501,0.713301381
2023,1,4035004,6.58956666,4.493997395,0.037768653,0.002042206,26.12354508,0.157909836,0.007631764,2.199176189,0.058183522,0.031162772,,,,
2023,1,16799,5.80068686,,,,22.90598976,0.198828866,0.010933497,2.333208683,0.034713385,0.019439496,,,,
2023,1,4242540,7.1411542,,,,28.84417015,0.212109149,0.012330277,3.025599155,0.060511983,0.033886711,,,,
2023,1,15072,8.25058509,,,,38.8646712,0.233918954,0.013750784,2.965550761,0.02967329,0.016617042,,,,
2023,1,3061612,2.98288925,3.64596096,0.016772633,0.000748163,9.244558925,0.086582522,0.004530769,0.860109517,0.027727695,0.014474959,,,,
2023,1,3051439,1.60688093,7.036043641,0.070588827,0.002123216,1.555373694,0.008222507,0.000581654,0.224118368,0.019372681,0.009134177,,,,
2023,1,14053,4.14773737,,,,17.56320134,0.120330974,0.005815582,1.694871345,0.033897427,0.018982559,,,,
2023,1,4050373,3.41416315,,,,15.59372703,0.093691022,0.006627637,1.305415143,0.023800089,0.01332805,,,,
2023,1,4411193,5.55814524,1.329277404,0.006782189,0.000330181,24.96104199,0.112087613,0.005605359,2.192737655,0.04816905,0.026543239,,,,
2023,1,13232,1.53943171,,,,7.282140153,0.031894904,0.001729377,0.624381987,0.007308633,0.004092835,,,,
2023,1,2577134,1.44961102,,,,5.558107626,0.026620365,0.00145455,0.738880433,0.007051312,0.003948735,,,,
2023,1,2976592,5.54047778,2.216702401,0.017273377,0.000664883,22.67613786,0.091501518,0.005319144,2.431783749,0.042321631,0.023161708,,,,
2023,1,3122899,2.28518836,,,,8.200472065,0.086054189,0.003986017,0.789237723,0.015784754,0.008839463,,,,
2023,1,2975674,0.95133023,,,,3.561223912,0.026136682,0.001540493,0.438075713,0.002531743,0.001417776,,,,
2023,1,3917914,0.91460971,,,,4.242706714,0.021113023,0.00149352,0.367937046,0.006641415,0.003719192,,,,
2023,1,2574576,2.85773308,,,,10.95624903,0.075081622,0.003628686,1.316005703,0.01064771,0.005962717,,,,
2023,1,2514206,4.65236489,,,,18.10043662,0.189602437,0.008782356,1.708740976,0.019750433,0.011060243,,,,
2023,1,4243160,6.6434646,4.715659897,0.025653446,0.001098993,28.91352718,0.116480176,0.006378485,2.465688452,0.050580211,0.027118623,,,,
2023,1,15839,1.12594548,0.778557781,0.00593233,0.000238308,4.831384421,0.027027668,0.001509574,0.374287118,0.010177458,0.005430205,,,,
2023,1,15478,0.89307431,4.113996916,0.03555554,0.001439046,1.065293142,0.005075516,0.000285615,0.138092643,0.011083684,0.005237899,,,,
2023,1,2580216,0.44142901,,,,1.341715108,0.007549504,0.000424834,0.115030742,0.002300615,0.001288344,,,,
2023,1,3914151,1.62654238,,,,6.916991715,0.046404418,0.002452586,0.659852033,0.007626881,0.004271053,,,,
2023,1,3045238,1.07955497,4.996064529,0.030731178,0.001061452,1.47002872,0.007181866,0.00045878,0.213885178,0.012405864,0.005892929,,,,
2023,1,2582410,1.85139399,,,,7.234382962,0.07454258,0.003670175,0.681980228,0.007882649,0.004414283,,,,
2023,1,3914397,0.80864743,,,,3.869483197,0.015062178,0.000962178,0.335271756,0.005367565,0.003005836,,,,
2023,1,3120303,0.95665814,,,,4.025689515,0.023573933,0.00142751,0.415036825,0.004797191,0.002686427,,,,
2023,1,3046401,1.03594061,,,,4.930394459,0.028158301,0.001526774,0.3791913,0.007583826,0.004246943,,,,
2023,1,3918003,2.48850885,,,,11.04866516,0.065038369,0.003431158,0.999179872,0.011548992,0.006467435,,,,
2023,1,9614,0.49152773,,,,1.78883187,0.018824513,0.001109514,0.200904947,0.00313331,0.001754654,,,,
2023,1,3040569,0.57112566,,,,1.865709927,0.013071921,0.000770457,0.16407078,0.003281416,0.001837593,,,,
2023,1,3923392,0.60679335,,,,2.434364666,0.017164539,0.00084313,0.261995242,0.003028264,0.001695828,,,,
2023,1,3116158,0.62597617,0.509342905,0.006414855,0.000239679,2.059724012,0.012814483,0.000753292,0.255050385,0.003244053,0.001714339,,,,
2023,1,17315,0.50577368,,,,1.494659815,0.011029989,0.0007046,0.212936743,0.001854059,0.001038273,,,,
2023,1,4039253,2.55957882,,,,10.96636471,0.075379016,0.004437475,1.014618434,0.011727438,0.006567365,,,,
2023,1,3126115,1.73388237,,,,7.246032851,0.070837029,0.003442725,0.590282382,0.011805648,0.006611163,,,,
2023,1,3115349,0.54186582,,,,1.981811005,0.013811225,0.0007772,0.261755594,0.002279129,0.001276312,,,,
2023,1,3046704,0.984573,,,,3.656920755,0.026307317,0.001641946,0.462429426,0.004275982,0.00239455,,,,
2023,1,3940587,0.61405511,,,,2.481439112,0.021878696,0.001231181,0.235148776,0.00271796,0.001522058,,,,
2023,1,3915145,3.28914616,10.17578127,0.055319865,0.002346568,7.41175763,0.043007773,0.002331929,0.958873338,0.02924793,0.014288947,,,,
2023,2,3116406,22.03588306,3.135392477,0.026004416,0.001392389,105.1687846,0.613284804,0.029351032,7.431782527,0.114243539,0.063278667,,,,
2023,2,4241389,16.14777776,3.598933817,0.020821986,0.000836884,73.5135732,0.365836941,0.020443898,6.160859669,0.080704668,0.044488869,,,,
2023,2,4047646,15.06494884,,,,72.51904442,0.493537807,0.03460051,4.883037678,0.091826021,0.051422572,,,,
2023,2,4040715,24.66488892,52.62404538,0.780031463,0.023252613,,,,,0.651610335,0.309673141,239.1959491,1.668161419,0.116949979,0.598233467
2023,2,3918298,24.44861046,42.45146722,0.392056045,0.019403379,,,,,0.688888929,0.328396689,264.5890109,2.323293394,0.112849274,0.825749237
2023,2,4374302,16.63817595,3.805560893,0.03484056,0.001293727,69.85726531,0.429399497,0.02508632,6.509878682,0.070678502,0.039025893,,,,
2023,2,4262921,22.09730933,1.146505644,0.011510386,0.000529782,109.2829531,0.491250279,0.025391557,8.091818287,0.097232474,0.054214752,,,,
2023,2,16800,19.18571301,0.595360026,0.003675135,0.000158186,98.08387178,0.351993795,0.019366303,7.257156199,0.103082319,0.057576462,,,,
2023,2,3929630,18.60134946,77.57617837,0.583333561,0.022279763,29.38549201,0.149158703,0.008603753,3.563215284,0.123737826,0.059008741,,,,
2023,2,4239996,16.16328459,67.19365805,0.489427868,0.021220024,25.86944893,0.128395647,0.006818567,3.307406557,0.229240152,0.109751442,,,,
2023,2,2976212,17.89445335,,,,77.79154942,0.643357411,0.031249784,6.294905511,0.093497444,0.052358569,,,,
2023,2,4362628,20.21703631,1.235662682,0.008504046,0.000423613,95.58028751,0.662622228,0.0323948,6.581156265,0.127061336,0.070731931,,,,
2023,2,4430807,16.4338116,56.64256746,0.396219648,0.012379811,30.59072754,0.191783703,0.013538677,4.262042759,0.13924382,0.06754787,,,,
2023,2,3916148,17.42228341,83.3960559,0.546593783,0.021968868,22.34417317,0.11310793,0.006320759,2.946784803,0.123036969,0.058279918,,,,
2023,2,3043078,17.78469933,92.65330157,0.615478452,0.023684937,20.43216834,0.103185253,0.005996844,2.325687099,0.241783763,0.113620276,,,,
2023,2,2577417,15.65164609,12.19291921,0.172888198,0.006948776,,,,,0.46756484,0.22361445,231.8355978,1.497167598,0.083665532,0.80671452
2023,2,4047650,15.37098983,,,,71.01221591,0.527046729,0.025938682,5.168658455,0.103373169,0.057888975,,,,
2023,2,4429795,13.19582904,44.45070653,0.362677426,0.013467219,26.78789996,0.137875354,0.008054935,3.046142215,0.10446451,0.05055211,,,,
2023,2,3116385,15.99759645,59.64170279,0.515557264,0.02568152,23.66806889,0.183819457,0.008986711,3.484221109,0.089234717,0.042778306,,,,
2023,2,15847,16.75063723,0.536384414,0.012416136,0.000703139,76.19908605,0.419318963,0.019259686,6.534857378,0.081028981,0.045122718,,,,
2023,2,4430027,8.573006,,,,35.84538678,0.281311301,0.016434731,3.309358584,0.038062976,0.021315266,,,,
2023,2,4427366,10.45474595,44.09313345,0.233887978,0.010201744,19.75310525,0.075228216,0.00419434,2.291502067,0.112746831,0.053922657,,,,
2023,2,16737,13.55948862,,,,63.66476826,0.460257727,0.024076211,4.439009156,0.050928703,0.028520074,,,,
2023,2,3126486,14.27846583,13.44820945,0.14784129,0.005361761,62.16347244,0.331346995,0.019691728,3.920128096,0.125765906,0.065692573,,,,
2023,2,2576414,12.39977688,61.38664401,0.353539762,0.018930052,15.26041145,0.092196637,0.004412414,2.129311924,0.1253203,0.059324958,,,,
2023,2,4361370,14.48780015,,,,75.49272074,0.312244294,0.016458456,5.144667962,0.102893359,0.057620281,,,,
2023,2,4697815,15.08025125,71.14465718,0.502284439,0.022396999,19.04321978,0.095590138,0.005000347,2.630882681,0.229431004,0.108760641,,,,
2023,2,4569618,13.97546143,1.329841605,0.005999418,0.000261683,67.70189806,0.37468628,0.020890587,4.856351455,0.101897084,0.056585362,,,,
2023,2,4372016,14.5166586,1.426820936,0.011207122,0.000600078,69.78812927,0.350406982,0.016770033,5.294229868,0.095396557,0.053005568,,,,
2023,2,3915416,12.15678141,3.284864784,0.014884448,0.000561347,56.53379513,0.377489865,0.022398646,3.846123911,0.066785929,0.03656918,,,,
2023,2,3040151,11.42949674,0.434042711,0.006176728,0.000224011,51.69502798,0.357518163,0.021247062,4.044694239,0.048974857,0.027253029,,,,
2023,2,3139477,23.29623991,24.03002818,0.185400506,0.010499429,,,,,0.495904638,0.237114623,294.7529067,2.422214454,0.111254427,0.740249247
2023,2,4035687,13.39050763,1.844211876,0.008349869,0.000272601,64.51024297,0.228639697,0.015567661,5.417778417,0.107332538,0.059583095,,,,
2023,2,4567048,14.96324286,69.6714324,0.504464172,0.025296686,18.62315238,0.083302706,0.004099755,2.619822092,0.077387777,0.036738928,,,,
2023,2,4379399,14.90416926,65.17791332,0.455108596,0.022523935,22.33356683,0.132774765,0.006449265,2.693346767,0.135524151,0.064574043,,,,
2023,2,3051876,9.8366834,0.301506313,0.006303839,0.000273314,43.64894363,0.237470123,0.012611065,3.988042208,0.032007436,0.017831165,,,,
2023,2,4426515,12.1719174,,,,61.45958101,0.211496166,0.012041296,4.788538804,0.050877758,0.028491545,,,,
2023,2,4259545,12.13478987,47.88015104,0.531458129,0.015842682,15.84156768,0.112688086,0.0079,1.953532427,0.111565977,0.05311154,,,,
2023,2,3916387,20.58600074,57.98714532,0.300886064,0.011530635,,,,,0.638994802,0.304006607,232.132293,1.453890703,0.084145058,0.85954144
2023,2,4360438,13.88025984,0.997525764,0.009819588,0.000356127,63.72077093,0.472650744,0.028089314,4.540242637,0.076819988,0.042776669,,,,
2023,2,3117251,22.29673706,83.69413665,0.695844725,0.025236205,38.58182866,0.222874031,0.013245253,4.616683681,0.146434198,0.070341303,,,,
2023,2,15795,12.93829631,,,,59.76279809,0.306138576,0.017791934,5.203410164,0.104068203,0.058278194,,,,
2023,2,4241478,15.04115309,,,,67.42538698,0.531317237,0.037249117,5.121317156,0.077818233,0.04357821,,,,
2023,2,3925357,16.83030546,1.36950864,0.010820611,0.000469147,76.19053259,0.551895405,0.029308903,5.751982128,0.104577057,0.058146492,,,,
2023,2,15818,15.24553689,1.567424825,0.012350394,0.000531711,66.66390152,0.399462322,0.021064728,6.028091976,0.110359784,0.061336448,,,,
2023,2,4035538,13.58615994,65.38127999,0.693929048,0.025767511,11.2863196,0.052219519,0.003050762,1.506424609,0.133423198,0.062537288,,,,
2023,2,4432577,14.12091705,12.10293747,0.099790636,0.00417457,,,,,0.514941948,0.246281282,230.3490847,1.191527647,0.066463817,0.665264349
2023,2,4047365,15.67036813,64.17332585,0.505571286,0.021760946,24.87208897,0.057942797,0.003187948,3.477797791,0.153900886,0.073507715,,,,
2023,2,4429160,4.00043583,9.948691945,0.049304034,0.002639952,9.794130859,0.058437198,0.00279673,1.320582757,0.030655541,0.015184686,,,,
2023,2,4430737,11.50729443,44.02063267,0.37370447,0.015302622,18.29892845,0.075334151,0.004289065,2.490534191,0.118460262,0.056660251,,,,
2023,2,4361529,12.5548498,56.83190759,0.461535333,0.026137239,15.95340655,0.098359943,0.004517758,2.029364388,0.188416163,0.089350826,,,,
2023,2,4258173,10.20886359,,,,50.18203769,0.29521467,0.016467175,3.446782835,0.055181594,0.030901693,,,,
2023,2,3045147,15.05913222,66.88681732,0.447101728,0.017782832,21.29477056,0.090290753,0.005204681,3.146464328,0.189564206,0.090412403,,,,
2023,2,4241479,17.87373835,8.600145341,0.132723024,0.007106566,,,,,0.559720714,0.267820215,281.0368081,1.714856821,0.08207087,0.770494189
2023,2,4362887,18.96681285,66.3007213,0.312036515,0.011768033,,,,,0.82277873,0.39085892,195.8368857,1.20866213,0.07171688,0.805287828
2023,2,3116165,13.84689943,1.631512018,0.014101962,0.00062881,62.58854298,0.320665128,0.016774083,5.50322344,0.112258378,0.062350916,,,,
2023,2,3123076,9.49896483,0.294946499,0.004279333,0.00016541,39.72988405,0.323394526,0.018878394,3.53533043,0.039581228,0.022011706,,,,
2023,2,4239993,14.68663611,,,,67.68015243,0.504828576,0.024680459,4.906806629,0.060826907,0.034063068,,,,
2023,2,16460,8.01006287,,,,34.20245598,0.201423752,0.011550745,3.404148479,0.04204037,0.023542607,,,,
2023,2,2577327,12.95292545,,,,57.39607688,0.350083699,0.017229421,5.183460072,0.096108346,0.053820674,,,,
2023,2,4242355,8.13574723,,,,32.43142789,0.275377028,0.015388768,3.250656063,0.037572614,0.021040664,,,,
2023,2,4241457,13.15880427,60.12948578,0.354715637,0.015653475,15.38388829,0.129254273,0.00698652,2.796308002,0.149381806,0.070941293,,,,
2023,2,3121422,13.02553484,1.540486759,0.007002302,0.000303381,66.88820867,0.245798527,0.013612658,4.714938627,0.070984216,0.039391193,,,,
2023,2,4361307,3.37454934,,,,14.33943171,0.077198653,0.004450006,1.487314656,0.017191084,0.009627007,,,,
2023,2,3121023,10.42082091,,,,46.64843151,0.289186675,0.020274042,4.037253258,0.052069312,0.029158815,,,,
2023,2,4361741,17.13492966,10.43111206,0.174932482,0.006344278,,,,,0.304442156,0.145599403,247.5325769,1.601781614,0.095192797,0.593060659
2023,2,4429205,11.72365959,1.211299043,0.010057469,0.00046291,55.66483555,0.316668581,0.016367845,4.09147314,0.045604908,0.025325408,,,,
2023,2,4429615,12.21594135,4.439716676,0.035726273,0.001369112,49.88680601,0.402160896,0.023275375,4.162128501,0.052159745,0.028415704,,,,
2023,2,4361579,14.78742698,62.18510394,0.442140915,0.018781191,21.82357669,0.130420859,0.007081509,3.070026143,0.183696291,0.087705637,,,,
2023,2,4426354,11.35621554,1.497842011,0.01018349,0.000449394,53.44114519,0.241624451,0.013060413,4.405204251,0.074584327,0.041361344,,,,
2023,2,4258595,8.15974885,,,,34.04305013,0.244955125,0.014534597,3.306411968,0.045507207,0.025484036,,,,
2023,2,4360310,18.38188371,17.73945232,0.216028017,0.009366283,,,,,0.605210219,0.289394264,260.1495129,1.718796578,0.091278241,0.803928485
2023,2,3128429,11.22187041,,,,50.60387665,0.388717335,0.021106327,3.83921874,0.047779157,0.026756328,,,,
2023,2,3117256,9.05869256,,,,37.92833323,0.245497851,0.013693954,3.812495222,0.042986604,0.024072498,,,,
2023,2,4241474,10.67934551,56.82148749,0.291629841,0.012635118,12.47041996,0.065663587,0.003636539,1.706497556,0.144993424,0.068237335,,,,
2023,2,4428331,5.97054148,1.277662647,0.01061873,0.00060135,23.84222416,0.251981368,0.011573724,1.882479006,0.022243603,0.012232173,,,,
2023,2,4036378,15.27773804,14.2626625,0.1155593,0.00520124,,,,,0.652455169,0.311908042,242.9994535,1.425872617,0.075288683,0.90986819
2023,2,4569987,7.30829965,27.21583947,0.161218998,0.007114537,13.21091501,0.05703997,0.003083155,2.009398044,0.078401871,0.037896517,,,,
2023,2,4385690,8.31391853,,,,33.16319558,0.330510065,0.016053857,3.020421361,0.03473973,0.019454249,,,,
2023,2,3051392,7.04848658,29.6976327,0.231989185,0.01085191,9.318798973,0.049126495,0.002580675,1.494916891,0.066546168,0.031695365,,,,
2023,2,4372019,6.09490757,24.98343592,0.158052673,0.006109258,9.609778234,0.053108487,0.003100247,1.348865677,0.066494336,0.031761864,,,,
2023,2,4360248,9.16412481,,,,45.69255558,0.234040073,0.016521701,3.189840644,0.029495745,0.016517617,,,,
2023,2,4040761,7.67266614,31.14267504,0.178746953,0.007477572,14.22375325,0.040691251,0.002269772,1.89090078,0.097110653,0.046781689,,,,
2023,2,4569173,14.74367883,58.58281302,0.366608421,0.017149082,25.95115398,0.10060443,0.005284874,3.625592409,0.196105793,0.094316649,,,,
2023,2,4426502,11.0497159,,,,50.84545981,0.278216542,0.019640271,4.351771817,0.087035436,0.048739844,,,,
2023,2,4241416,7.52557678,31.89499377,0.173509404,0.007156311,12.68454923,0.057060224,0.003272147,1.762578175,0.106723084,0.051025188,,,,
2023,2,4036133,13.49816663,,,,57.6103488,0.337243918,0.017431335,5.742845825,0.058560943,0.032794128,,,,
2023,2,2576925,11.12215258,,,,49.53431949,0.35546033,0.020503616,4.044183249,0.045017706,0.025209915,,,,
2023,2,3046779,15.74812717,5.421775155,0.106687446,0.003961601,,,,,0.49934965,0.239140146,237.4597263,1.623475026,0.094846441,0.579499987
2023,2,4243537,11.61537902,,,,52.06001333,0.542207903,0.026336651,3.165186196,0.056443955,0.031608615,,,,
2023,2,3051926,5.62819514,30.33912301,0.274930381,0.010535954,3.61385625,0.024579806,0.001422575,0.47283255,0.067212858,0.031344757,,,,
2023,2,4241372,12.09757684,1.668584119,0.007808782,0.000310583,58.16433481,0.261518531,0.015074861,4.556865182,0.082452099,0.045746498,,,,
2023,2,4048244,13.57639909,52.76210548,0.501547795,0.023084461,19.47515182,0.098725045,0.005102862,2.777965931,0.089743312,0.042837128,,,,
2023,2,4035676,10.23484744,50.7949637,0.287918397,0.009399759,13.47208341,0.066764473,0.004545871,1.760399937,0.11768049,0.055676843,,,,
2023,2,15864,17.61792896,18.06704565,0.09538584,0.004783185,,,,,0.558342886,0.26706833,261.3026579,1.665860912,0.08198559,0.765400752
2023,2,4241463,11.70035653,0.80684741,0.00530177,0.000225208,59.34533658,0.263736106,0.014320176,4.113503265,0.065922499,0.036711579,,,,
2023,2,3895856,10.4341554,1.420136394,0.010268069,0.000445191,44.97083082,0.305654247,0.016232044,3.930961292,0.059870004,0.033184489,,,,
2023,2,4362249,9.92695386,3.30813681,0.017984912,0.000809488,45.5932543,0.268025081,0.014152215,3.249913077,0.040230221,0.021958903,,,,
2023,2,3052587,15.53905165,11.10520997,0.08988546,0.004008017,,,,,0.589142946,0.281760621,234.6481143,1.560628674,0.081636924,0.681271696
2023,2,4430878,11.29352613,,,,51.02831559,0.373957278,0.018404363,3.956109445,0.042033278,0.023538635,,,,
2023,2,4242431,5.66159411,21.22436525,0.205619797,0.009463948,8.560220967,0.036465021,0.00188479,1.18041441,0.053985998,0.025861356,,,,
2023,2,4360238,13.34614389,68.18161046,0.423439902,0.017713882,16.092947,0.060904894,0.003397296,2.173204264,0.22094554,0.104319626,,,,
2023,2,4361050,4.40550347,,,,16.9331753,0.180216378,0.010430163,1.630639363,0.018847698,0.010554711,,,,
2023,2,12483,14.18705179,3.96836832,0.078446919,0.00321228,,,,,0.512992086,0.245785392,277.0595836,1.081206337,0.061557264,0.869601776
2023,2,4038941,19.04761494,15.04544324,0.227757236,0.00980543,,,,,0.473080351,0.226222913,257.153938,1.84040875,0.09704973,0.622504905
2023,2,4361411,9.5254342,,,,37.87660731,0.293326056,0.015855015,3.981554567,0.032415589,0.01815273,,,,
2023,2,4239934,15.3979588,70.19229348,0.440074464,0.019807433,23.92882052,0.097321017,0.005138728,2.844223762,0.143543719,0.068216785,,,,
2023,2,14881,15.75355787,20.50640216,0.123078595,0.005228113,,,,,0.48108104,0.229957583,224.7994603,1.408367127,0.076470626,0.688601573
2023,2,16733,10.12101577,,,,44.58890836,0.382705319,0.022149369,3.386389251,0.059250863,0.033180483,,,,
2023,2,4035886,10.54270926,52.69957534,0.293735226,0.011077825,13.19729691,0.062496139,0.003708256,1.855348099,0.075239558,0.035636207,,,,
2023,2,4361777,2.22619768,12.00320753,0.08734413,0.003759491,1.957511603,0.00794884,0.000437336,0.275891477,0.028463844,0.01333359,,,,
2023,2,3116365,12.42535002,0.567195705,0.010471715,0.0004013,62.70689113,0.10292215,0.0059567,5.487036745,0.075741282,0.042086298,,,,
2023,2,2468609,4.39697149,15.7447617,0.144668477,0.006500123,6.735819001,0.070967353,0.003740703,0.64980388,0.074875822,0.035727562,4.50703859,0.025191229,0.001466712,0.014842928
2023,2,4045163,13.74045353,70.72894904,0.357201416,0.014732598,19.49278779,0.034927675,0.002002945,2.488826318,0.170172067,0.08064305,,,,
2023,2,4361409,11.7181676,,,,61.04476402,0.238382627,0.013201955,4.249946319,0.084998926,0.047599399,,,,
2023,2,4426875,14.92367915,21.14868845,0.139524743,0.006045031,,,,,0.566263224,0.270493163,243.9389079,1.062506354,0.058843053,0.819824865
2023,2,4360294,8.48615314,22.57141212,0.14533285,0.006296673,19.67723188,0.101430061,0.005617335,2.76673617,0.075974848,0.037478576,,,,
2023,2,4426385,4.53008943,21.75464789,0.133863889,0.006712692,5.824494943,0.03451101,0.001698464,0.788061152,0.046624984,0.022093858,,,,
2023,2,3121427,8.90673078,8.8696423,0.04891282,0.002119191,34.54009525,0.115515373,0.006397399,3.642978314,0.07859473,0.041449814,,,,
2023,2,3045144,8.8031978,,,,37.69893408,0.236820016,0.011577844,3.640692136,0.04705851,0.026352766,,,,
2023,2,4428557,5.95768651,12.69935006,0.079063365,0.003042529,15.84095483,0.099502816,0.005782831,2.05457823,0.0409562,0.02052501,,,,
2023,2,4361432,9.96977463,,,,49.05839081,0.252797006,0.013348145,3.599176778,0.071983536,0.04031078,,,,
2023,2,4688813,7.18478731,,,,34.6390389,0.181036168,0.012326423,2.640699599,0.028057176,0.015712019,,,,
2023,2,3915511,20.73300037,14.75238165,0.266611502,0.013280753,,,,,0.489828726,0.234175054,279.5569575,2.019917903,0.098751346,0.686265403
2023,2,2976316,11.39957294,,,,51.00090456,0.312987747,0.016497644,4.469244371,0.07378005,0.041316828,,,,
2023,2,4366031,6.73018772,1.630414744,0.009760547,0.000408316,30.51675628,0.144088083,0.008037282,2.444794627,0.028758011,0.015826255,,,,
2023,2,2573401,10.00402582,,,,41.99920074,0.224956724,0.012807658,4.467127888,0.035090898,0.019650903,,,,
2023,2,3918639,7.05947188,1.135207566,0.021958965,0.00094538,28.25697002,0.216010668,0.0114,2.698482597,0.02857537,0.015746519,,,,
2023,2,16813,7.95842577,,,,33.30766859,0.245983501,0.013622902,3.158668622,0.031230821,0.01748926,,,,
2023,2,4373626,13.23316113,66.88326329,0.494273622,0.015443489,13.13365207,0.060616198,0.004279108,1.931697619,0.07535021,0.03550207,,,,
2023,2,4372414,9.72555544,1.717572498,0.010087666,0.000389922,48.3865206,0.218903492,0.012778653,3.387048385,0.066962978,0.036978174,,,,
2023,2,4360635,7.90415145,0.647491539,0.008613073,0.00033145,33.60744135,0.263016832,0.015285817,2.85651016,0.036104981,0.01990998,,,,
2023,2,4427095,5.7435506,,,,27.08083594,0.129488802,0.006802206,2.271322267,0.024132578,0.013514244,,,,
2023,2,4032473,9.39536844,1.694703698,0.009791075,0.000439924,43.56830848,0.219796612,0.011585521,3.417588819,0.073655779,0.040716836,,,,
2023,2,16782,8.32912919,15.41419505,0.123576086,0.006998246,23.13939304,0.211814786,0.009728838,2.471935324,0.045080958,0.022576174,,,,
2023,2,3116389,9.35531687,39.48215735,0.26251263,0.01115097,14.02051563,0.084319927,0.00457835,1.937779224,0.04867434,0.023233817,,,,
2023,2,4429025,6.20339967,,,,28.5182164,0.215820813,0.011380815,2.05780194,0.021863945,0.012243809,,,,
2023,2,4372485,7.95778425,4.038113583,0.020534128,0.000816716,32.79224445,0.120319641,0.006935653,3.504095989,0.085002725,0.046109445,,,,
2023,2,3122840,17.01049244,31.62243281,0.216983934,0.008387147,,,,,0.44499562,0.212141336,226.8361601,1.229866728,0.071794376,0.597204066
2023,2,4242214,3.35339164,14.43602233,0.112269327,0.006357932,4.393869507,0.044726268,0.002054317,0.530745081,0.020752788,0.009844245,,,,
2023,2,16757,14.56845475,7.500073619,0.053348083,0.002396991,,,,,0.478292965,0.229019809,244.4143556,1.366107244,0.071868896,0.722868233
2023,2,3116593,10.36988187,45.73473733,0.231766167,0.010109195,17.76207267,0.050278184,0.002803254,2.434891677,0.142785941,0.068274907,,,,
2023,2,3115394,8.82986011,,,,45.93355323,0.163345881,0.009367151,3.294200762,0.051667472,0.028933784,,,,
2023,2,3059722,11.87486623,0.704687683,0.005341238,0.000231579,49.83544756,0.381154216,0.020241538,4.523434055,0.057422777,0.032009152,,,,
2023,2,4036348,9.60926543,,,,43.53435047,0.339357359,0.018964152,3.231260467,0.045264772,0.025348272,,,,
2023,2,4567156,10.30839657,3.438163223,0.019752964,0.000760137,49.01592442,0.247589698,0.014389234,3.515066482,0.080988178,0.044284695,,,,
2023,2,3916566,8.59644123,1.191242555,0.00957471,0.00044069,38.64316294,0.224848535,0.011621885,3.25716719,0.0691592,0.038327567,,,,
2023,2,3120348,5.44616288,,,,23.78322295,0.089477607,0.004700369,2.57795847,0.051559169,0.028873135,,,,
2023,2,14880,17.89129896,7.163223712,0.10312149,0.004746315,,,,,0.590449562,0.282922811,304.4289471,1.592367048,0.08230566,0.807118378
2023,2,4426386,8.14235536,34.46265888,0.250451758,0.009445447,11.61219656,0.07070617,0.004195404,1.655572748,0.080817835,0.038534099,,,,
2023,2,4430191,8.40829212,1.295478747,0.010579334,0.000599119,36.53853146,0.316019178,0.014515037,2.697851007,0.058178135,0.032157644,,,,
2023,2,4040655,8.4840313,0.797817285,0.005603513,0.000211329,39.66954081,0.218249463,0.012949997,3.122906554,0.050727538,0.028194784,,,,
2023,2,3128720,15.83695821,84.28923805,0.496849138,0.019204862,18.57697163,0.070435609,0.004111731,2.222057452,0.133363848,0.062791938,,,,
2023,2,3044720,12.95468783,15.83701283,0.117948255,0.004691223,,,,,0.787402253,0.376493786,212.9023312,1.092603458,0.06298156,0.81316403
2023,2,3045138,12.61540327,,,,57.49098742,0.451626869,0.023815506,4.154371161,0.041568622,0.023278428,,,,
2023,2,4242433,5.13571259,,,,21.51072097,0.155651803,0.00820794,2.069221567,0.031917653,0.017873885,,,,
2023,2,4243331,6.50515073,,,,27.20524687,0.244223945,0.012775423,2.323097152,0.026851451,0.015036813,,,,
2023,2,4429084,17.5607976,46.88246786,0.408805225,0.013346388,,,,,0.577808836,0.274884909,213.7554214,0.981798285,0.066848859,0.841775605
2023,2,3929645,7.53210363,,,,31.47919606,0.285388804,0.015042898,2.668750016,0.024677336,0.013819308,,,,
2023,2,2980453,13.23750222,64.63559274,0.443546664,0.019929066,15.1940996,0.050331156,0.002652965,2.379803372,0.145446595,0.068770682,,,,
2023,2,4572680,0.55539576,,,,2.318399313,0.019156835,0.001011516,0.209223361,0.002406407,0.001347588,,,,
2023,2,3917792,18.13156528,40.46999265,0.264762158,0.01011229,,,,,0.602706204,0.287157333,216.6685087,1.420881366,0.081959094,0.740000424
2023,2,3046439,7.97140567,,,,32.87001373,0.259990057,0.013657597,3.129804816,0.02985898,0.016721029,,,,
2023,2,3915486,6.29342603,,,,28.94650976,0.098702264,0.005503132,2.858063835,0.057161277,0.032010315,,,,
2023,2,4241555,5.60468648,30.1815345,0.211546596,0.007672162,4.999516284,0.028263069,0.00168,0.658642348,0.032508452,0.015240631,,,,
2023,2,15835,8.74025333,,,,35.55485043,0.285172189,0.016438342,3.477683638,0.033672469,0.018856583,,,,
2023,2,4038441,7.44892844,26.75943079,0.241315622,0.009247761,11.78996546,0.080788751,0.004675712,1.743337749,0.117164939,0.056459058,,,,
2023,2,3139925,8.22541833,42.1114368,0.38044378,0.011340968,6.612322338,0.040084083,0.002810179,0.878102226,0.08382236,0.039371642,,,,
2023,2,4360797,10.52126908,2.459516548,0.021328733,0.000873379,54.22164791,0.166523932,0.009480852,3.796307748,0.084817757,0.046608784,,,,
2023,2,3054212,2.17980031,,,,11.41265828,-0.006211765,-0.00043851,1.092493251,0.014457823,0.008096381,,,,
2023,2,15920,3.34862591,12.36438526,0.095967218,0.004749546,5.55747398,0.033892729,0.001646271,0.784526086,0.021356674,0.010300708,,,,
2023,2,4240703,13.80653211,17.11058809,0.161657067,0.007133869,,,,,0.452469057,0.216270241,209.0788257,1.198454093,0.064779475,0.877332355
2023,2,3043116,1.65158845,,,,7.821594135,0.025417127,0.001447095,0.729998856,0.014599977,0.008175987,,,,
2023,2,4426485,7.78451059,,,,38.03725087,0.146896294,0.008423841,3.118797406,0.033136919,0.018556674,,,,
2023,2,4240600,7.44454936,2.715397343,0.025576835,0.001448443,29.34094539,0.284325871,0.013059336,2.406470158,0.05263141,0.028688167,,,,
2023,2,4722893,0.862524,2.722207342,0.021435446,0.000910531,1.667118269,0.010657384,0.000578668,0.235002684,0.007342313,0.003570212,,,,
2023,2,3128390,9.41354729,1.406421295,0.005772549,0.000251787,45.30256779,0.216971724,0.012097231,3.421053016,0.036617501,0.020267155,,,,
2023,2,3122672,3.39505098,17.05202743,0.112420046,0.004603428,3.821671384,0.015426918,0.000878314,0.563352387,0.036805114,0.01734428,,,,
2023,2,4685720,12.69018319,11.51428178,0.089610164,0.003695927,,,,,0.534332196,0.255610396,229.4726264,0.9650117,0.055339076,0.829403523
2023,2,3910544,14.3472914,62.01602226,0.529435813,0.022793329,19.2149284,0.078557154,0.004142531,2.651784887,0.140213294,0.066560036,,,,
2023,2,4428085,8.48734974,,,,36.60336603,0.281446165,0.014860873,3.148215112,0.036209565,0.020277356,,,,
2023,2,4362238,2.60356205,7.504994374,0.048347824,0.002408356,5.859706386,0.029308294,0.001432847,0.81404448,0.021526595,0.01056991,,,,
2023,2,15880,9.24268879,1.622018404,0.013990618,0.000585274,42.76850899,0.167296306,0.009331845,3.764437168,0.063256901,0.035012448,,,,
2023,2,3115306,8.07910286,,,,36.33378784,0.277659127,0.0162,2.799935559,0.048064504,0.026916122,,,,
2023,2,4038815,5.06414442,25.01629781,0.197873698,0.007953001,4.97877511,0.02961375,0.001654892,0.735732791,0.06038143,0.028416067,,,,
2023,2,3051738,8.98715753,,,,44.42985146,0.363511527,0.016696402,2.359606641,0.02733591,0.01530811,,,,
2023,2,3045523,9.65700803,3.200181303,0.012417508,0.000580862,42.58035173,0.212767754,0.011176951,3.790908929,0.080834484,0.044358699,,,,
2023,2,4360761,7.23181733,,,,33.75597644,0.159766237,0.009209496,2.913052275,0.030950897,0.017332502,,,,
2023,2,3916945,6.99753513,,,,33.78718357,0.2248997,0.012972635,2.293638812,0.045872776,0.025688755,,,,
2023,2,3052096,0.57177288,,,,2.687714179,0.004015454,0.000207549,0.282059239,0.003260174,0.001825697,,,,
2023,2,3930086,7.29845556,,,,28.8851109,0.316636247,0.015379965,2.504535043,0.023012486,0.012886992,,,,
2023,2,4362478,1.02597056,4.294146298,0.023844884,0.000948396,1.708207315,0.008570379,0.000494027,0.237782059,0.010108942,0.004845141,,,,
2023,2,4429086,5.55857891,,,,24.37492922,0.147953796,0.008140251,2.245322528,0.02582484,0.01446191,,,,
2023,2,4428850,7.0837886,,,,33.17388656,0.214937242,0.01134908,2.482928915,0.026380878,0.014773292,,,,
2023,2,3925347,4.57171716,16.20341002,0.139658163,0.00691187,7.738974329,0.053431062,0.002595306,1.025958895,0.027715728,0.013380934,,,,
2023,2,4360939,6.35739997,,,,29.69113383,0.168313742,0.009741289,2.409749068,0.046479921,0.026028756,,,,
2023,2,4373678,1.16890148,,,,5.320585863,0.036883523,0.001791542,0.421170285,0.008423406,0.004717107,,,,
2023,2,3116164,5.27583593,,,,22.61089042,0.158637597,0.008333428,2.070379,0.022059955,0.012353575,,,,
2023,2,3121410,6.86679168,2.719728105,0.017893926,0.000683438,29.349176,0.154209981,0.00889512,2.67383612,0.061571805,0.033670703,,,,
2023,2,4361259,13.22650618,13.15473475,0.123897655,0.005404178,,,,,0.403118193,0.192887741,231.046423,1.003045944,0.055924702,0.91695926
2023,2,4046692,5.17275814,2.310909005,0.016993581,0.00064089,22.87548711,0.149162352,0.008850661,1.680784812,0.04038995,0.021826494,,,,
2023,2,3135321,9.15849233,,,,44.31714319,0.14837207,0.008163264,3.905641435,0.078112829,0.043743184,,,,
2023,2,2576623,7.6752535,,,,37.81528444,0.14096412,0.007405018,3.084787243,0.047236553,0.02645247,,,,
2023,2,4429013,6.76825475,26.61709424,0.250112959,0.010844097,9.793128165,0.052457103,0.002785782,1.342076291,0.061906939,0.029577958,,,,
2023,2,4686472,2.25349804,,,,9.116876996,0.065597842,0.00356179,0.788679985,0.008379648,0.004692603,,,,
2023,2,3049916,3.12465708,12.39193178,0.090088996,0.003440847,5.107331679,0.023572712,0.001359718,0.710058841,0.028764157,0.013830741,,,,
2023,2,4692590,4.39783467,2.567055386,0.019534854,0.000746112,17.80393377,0.11946739,0.006891102,1.533104478,0.020589559,0.011100106,,,,
2023,2,4239086,12.38489192,14.40525657,0.152064115,0.004751216,,,,,0.600862656,0.287166996,186.939095,0.962360663,0.067936377,0.440953037
2023,2,3930066,9.65907843,,,,49.25263342,0.213064586,0.012130592,3.494942779,0.058319992,0.032659196,,,,
2023,2,4360078,6.84084156,,,,35.54335452,0.129855072,0.008841596,2.545364653,0.050907293,0.028508084,,,,
2023,2,4599739,5.49455547,22.96399641,0.125364912,0.005632791,9.097575505,0.05672643,0.002990061,1.230461934,0.05577062,0.026663706,,,,
2023,2,4040980,8.10286245,,,,30.93060294,0.309915692,0.015151404,3.166604831,0.042613961,0.023863818,,,,
2023,2,16760,14.85708021,4.142581852,0.10343486,0.004452073,,,,,0.552084534,0.264312256,285.1912462,1.154385181,0.063512974,0.912431643
2023,2,3924365,7.86798858,,,,31.47981033,0.197657585,0.011334773,3.569992364,0.053585603,0.030007937,,,,
2023,2,4241464,14.16418751,8.40866719,0.060259764,0.00281881,,,,,0.49626146,0.237476993,246.2793413,1.269660607,0.066696831,0.822605587
2023,2,3912092,4.73107073,,,,17.36306787,0.218605808,0.011527675,1.681326331,0.019433562,0.010882795,,,,
2023,2,3118892,1.36433478,,,,6.003931677,0.056596069,0.002599507,0.428539265,0.008570785,0.00479964,,,,
2023,2,4036131,5.18369339,,,,24.6011246,0.048689951,0.002396283,2.445687902,0.017409681,0.009749422,,,,
2023,2,4362619,0.90456796,3.180202132,0.018811015,0.000815004,1.79349962,0.008544192,0.000473189,0.24825521,0.008233711,0.003991125,,,,
2023,2,4362087,4.00549755,22.6321583,0.142029034,0.005649002,3.435876097,0.017140758,0.000988054,0.475564118,0.04961165,0.023235437,,,,
2023,2,4240455,8.08112121,33.97982391,0.214592251,0.007005858,13.05173508,0.058549382,0.003986521,1.800484059,0.089610304,0.042858652,,,,
2023,2,14876,15.43627053,15.07157551,0.231147297,0.008895046,,,,,0.460589211,0.220272019,233.2587809,1.317504732,0.076569761,0.90035327
2023,2,3115255,0.25363071,1.142535377,0.007764366,0.000357366,,,,,0.004015857,0.001847294,,,,
2023,2,4431453,1.24348943,5.989520598,0.030906795,0.001242216,1.640546747,0.00987125,0.000551631,0.245244264,0.014117217,0.006695068,,,,
2023,2,4258195,9.61106563,,,,48.38308342,0.202704974,0.011833052,3.508279352,0.070165587,0.039292729,,,,
2023,2,4035004,1.02522013,,,,4.901202393,0.018393491,0.001025527,0.432139823,0.008642796,0.004839966,,,,
2023,2,3931391,1.1934821,,,,5.289498228,0.036224095,0.001770952,0.453566292,0.009071326,0.005079942,,,,
2023,2,16799,9.81327504,,,,42.30302009,0.241294479,0.013042577,4.177087118,0.062146535,0.03480206,,,,
2023,2,2576434,4.40032847,20.05314686,0.180918236,0.006933196,4.747677939,0.032516957,0.001881944,0.711696332,0.097517048,0.04613289,,,,
2023,2,4240472,2.80091099,,,,10.52768735,0.120417762,0.005530893,1.027562391,0.01187705,0.006651148,,,,
2023,2,3123075,4.90741972,,,,20.75979103,0.155002499,0.007418223,1.861002195,0.037220044,0.020843225,,,,
2023,2,4426407,4.27853267,,,,19.12872232,0.141057447,0.007378755,1.522245598,0.016173711,0.009057278,,,,
2023,2,4242540,7.45569589,,,,30.87527194,0.25984056,0.014988089,2.841294148,0.056825883,0.031822494,,,,
2023,2,4039358,5.68282576,23.93107089,0.148876147,0.006700808,9.335381765,0.052845742,0.002790352,1.179842675,0.056986127,0.027240918,,,,
2023,2,4243315,4.71717327,19.00235594,0.135536584,0.007257216,7.878550819,0.039176073,0.001874917,0.995508108,0.035530655,0.01695086,,,,
2023,2,2576336,2.94807047,1.26169498,0.00750099,0.00032286,10.70389859,0.058419013,0.003214148,1.365768029,0.015963633,0.008636073,,,,
2023,2,3119195,3.4492073,15.27986319,0.081278996,0.003624252,5.427674319,0.034365293,0.001797658,0.697181286,0.025210514,0.012051645,,,,
2023,2,4567096,3.16400879,,,,14.8428027,0.078322803,0.004368873,1.215173594,0.012911101,0.007230217,,,,
2023,2,4243389,7.17610364,1.48032736,0.008209436,0.000362279,32.02321808,0.133395983,0.00721039,2.834734914,0.032812436,0.018105599,,,,
2023,2,4240657,2.58580229,2.766326643,0.013446328,0.000586503,8.670442032,0.032294223,0.00180056,1.181443524,0.018204878,0.009508065,,,,
2023,2,4369863,4.46120495,,,,20.79317449,0.116128337,0.006779077,1.691209941,0.017968941,0.010062607,,,,
2023,2,3886598,3.51160908,,,,16.35458476,0.114403385,0.006798916,1.202430912,0.024048618,0.013467226,,,,
2023,2,4361516,2.09932986,,,,8.070631752,0.0716628,0.004133644,0.864955875,0.009997568,0.005598638,,,,
2023,2,3052897,7.38208158,,,,28.59494943,0.243611297,0.011658927,3.068630941,0.028374946,0.01588997,,,,
2023,2,2973405,3.84336775,2.501947461,0.020625572,0.000765885,15.42755115,0.086146547,0.005032842,1.343406647,0.035174172,0.018866932,,,,
2023,2,4035222,4.28210335,14.87299474,0.111528964,0.005555607,8.01793585,0.042054864,0.002056012,1.101211913,0.047666096,0.023093913,,,,
2023,2,15072,7.1178109,,,,30.74692103,0.259042595,0.015133752,2.485799373,0.024872899,0.013928824,,,,
2023,2,4240631,2.1559345,7.231454852,0.050220646,0.002518347,3.635429442,0.016382319,0.000806258,0.557164287,0.024962747,0.012118137,,,,
2023,2,2971618,1.11046708,,,,4.891187034,0.040242889,0.002329089,0.383623227,0.007672465,0.00429658,,,,
2023,2,3061612,1.21896718,3.175459505,0.021149358,0.000916968,2.424565681,0.015850317,0.000841745,0.234367458,0.014234643,0.007016671,,,,
2023,2,4039160,5.09452202,,,,22.88768676,0.106608291,0.007258765,2.179129963,0.025187411,0.01410495,,,,
2023,2,4426891,2.36504197,8.990067462,0.070372139,0.003029669,3.862651833,0.022690799,0.001196547,0.534534851,0.023126113,0.011103436,,,,
2023,2,3929785,7.15057075,,,,34.25424152,0.216313234,0.012571532,2.452957827,0.046485441,0.026031847,,,,
2023,2,4241961,2.22085395,0.639572485,0.007869364,0.000347272,8.417007089,0.067712795,0.003660048,0.867269539,0.012954645,0.006961568,,,,
2023,2,3043275,4.46016172,,,,19.03718789,0.107496578,0.005914341,1.916593449,0.015507023,0.008683933,,,,
2023,2,4243003,4.38078875,20.46243291,0.134904056,0.005524113,5.771215977,0.023140378,0.001317471,0.84502858,0.05380972,0.025488245,,,,
2023,2,4360306,1.36438191,,,,5.734527972,0.056446777,0.00259265,0.452319097,0.004805846,0.002691274,,,,
2023,2,3051439,4.44535519,15.97045202,0.189184824,0.005639569,6.443692192,0.040351096,0.002828899,0.850132312,0.043254528,0.020742,,,,
2023,2,2991662,6.01660156,,,,26.57346217,0.175041135,0.012356761,2.31710294,0.029999932,0.016799962,,,,
2023,2,16002,1.70234349,1.320954558,0.012381287,0.000449032,5.393073363,0.053818712,0.00319841,0.637367489,0.010601537,0.005600637,,,,
2023,2,3911853,6.51886549,,,,25.80704289,0.220991737,0.012,2.624153776,0.032868747,0.018406499,,,,
2023,2,14053,5.68471706,,,,24.96133053,0.124676425,0.006951319,2.480886681,0.049617734,0.027785931,,,,
2023,2,3676833,3.13882475,3.374760901,0.029027271,0.001166673,11.35251135,0.067244628,0.003757801,0.981240944,0.031432459,0.016421413,,,,
2023,2,4360405,0.59020211,,,,2.522758862,0.019556581,0.00096248,0.221232617,0.002350575,0.001316322,,,,
2023,2,4035198,1.99175873,,,,9.08376633,0.060694045,0.003295527,0.728561965,0.014571239,0.008159894,,,,
2023,2,4372096,0.5406834,,,,2.133757092,0.018095331,0.001011213,0.219473904,0.002524305,0.001413611,,,,
2023,2,3921690,1.9463817,,,,8.186360023,0.060099832,0.003106417,0.770675443,0.00890783,0.004988385,,,,
2023,2,4430802,0.52659579,,,,2.145354264,0.015377192,0.000831176,0.220913424,0.002540862,0.001422883,,,,
2023,2,4050373,4.37541576,,,,19.51369221,0.142314201,0.00998,1.502343226,0.027390446,0.01533865,,,,
2023,2,4362630,5.63499625,,,,27.29190228,0.133839165,0.007675074,2.134096644,0.042681933,0.023901882,,,,
2023,2,4249417,5.88011362,,,,26.90050075,0.17440774,0.009746348,2.171622757,0.043432455,0.024322175,,,,
2023,2,4040774,2.06743471,,,,7.770117532,0.077648399,0.004532782,0.828552884,0.011965615,0.006700744,,,,
2023,2,4411193,4.71826539,1.625772823,0.010524516,0.000520872,19.44250047,0.141787316,0.006887032,1.571230404,0.036389507,0.019881634,,,,
2023,2,4686422,0.51619975,,,,2.395521773,0.01235909,0.000689394,0.203478552,0.00216194,0.001210686,,,,
2023,2,4374187,3.17701001,,,,14.39458104,0.087816611,0.004593712,1.078172116,0.021563442,0.012075528,,,,
2023,2,4245645,1.44391858,6.1863501,0.053300598,0.002035756,1.67595341,0.00849244,0.00049,0.231479669,0.013762948,0.006532507,,,,
2023,2,4372063,0.67901904,,,,2.354361484,0.017029198,0.001012034,0.179890319,0.001911317,0.001070338,,,,
2023,2,13232,1.06941477,,,,4.382030904,0.034010472,0.001792698,0.429055785,0.005022264,0.002812468,,,,
2023,2,2577134,1.811839,1.981424345,0.012388526,0.000579506,5.539131138,0.025476378,0.001338305,0.777870542,0.012004882,0.006264586,,,,
2023,2,2976592,2.65597404,,,,11.07921503,0.05411675,0.003121555,1.237668237,0.018799558,0.010527753,,,,
2023,2,4372780,1.25794271,,,,6.680306561,-0.006315176,-0.000362147,0.636573762,0.007357819,0.004120379,,,,
2023,2,4361372,0.51017633,,,,2.188636013,0.012217177,0.000681167,0.219420642,0.002536167,0.001420254,,,,
2023,2,3122899,2.97305771,,,,10.9241496,0.10934433,0.005022281,1.06904605,0.021380921,0.011973316,,,,
2023,2,4430871,5.25709811,23.03012034,0.177780242,0.007927269,7.384716174,0.040824167,0.002135524,0.928948199,0.048752104,0.023187888,,,,
2023,2,2975674,0.42270075,,,,1.827573986,0.005906183,0.000350448,0.205101603,0.00118533,0.000663785,,,,
2023,2,4034862,0.42781454,,,,2.049720228,0.004389712,0.00030775,0.198396489,0.00229316,0.00128417,,,,
2023,2,3917914,0.47799765,,,,2.142091533,0.014292522,0.001002007,0.179573898,0.003241383,0.001815174,,,,
2023,2,2983509,2.28895448,6.725826456,0.036067708,0.001508831,5.497706061,0.023110691,0.001289122,0.721873068,0.016661842,0.008188972,,,,
2023,2,3127292,3.66763088,,,,14.58016292,0.102542812,0.00504666,1.607911911,0.021623316,0.012109057,,,,
2023,2,3128724,0.54467918,3.06923096,0.021868132,0.000713936,,,,,0.008804822,0.004050218,,,,
2023,2,3917668,2.31418459,0.978477922,0.007257298,0.000388587,8.037970878,0.055463793,0.002654427,1.039550354,0.00892477,0.004829511,,,,
2023,2,4689334,3.7490447,,,,17.37515345,0.111236715,0.005873502,1.348025417,0.014322639,0.008020678,,,,
2023,2,4248909,7.13873792,26.6125523,0.219000433,0.009428431,11.8643277,0.068072397,0.003589642,1.603604554,0.065353503,0.031377882,,,,
2023,2,4565908,1.82997065,,,,7.656336342,0.04952527,0.002938619,0.691534128,0.007347483,0.00411459,,,,
2023,2,4242392,2.29947261,,,,9.326440127,0.082987368,0.004848277,0.870207296,0.010058266,0.005632629,,,,
2023,2,4429022,4.03177163,,,,18.729658,0.103127368,0.005417407,1.547184332,0.016438683,0.009205662,,,,
2023,2,3122168,1.73227389,,,,7.798979895,0.060959785,0.002960998,0.591043441,0.009462366,0.005298925,,,,
2023,2,4012556,1.30492667,0.849913548,0.008232397,0.000378908,4.318199677,0.023050384,0.001191419,0.604944817,0.007345273,0.003930306,,,,
2023,2,2574576,2.26551106,,,,10.8586585,-0.000402041,-2.24e-05,1.192654903,0.009649687,0.005403825,,,,
2023,2,2514206,2.06270215,,,,7.725302497,0.089351611,0.004103998,0.755402894,0.008731303,0.004889529,,,,
2023,2,4242557,3.03040682,,,,12.07892633,0.109787826,0.005403224,1.167741362,0.013497305,0.007558491,,,,
2023,2,2998565,3.14878883,,,,13.80190866,0.107821609,0.007341377,1.126321968,0.017681441,0.009901607,,,,
2023,2,4887558,2.83367851,14.08301381,0.079558524,0.003580872,3.676921672,0.021138297,0.001116141,0.47193707,0.030272713,0.014312529,,,,
2023,2,4243160,2.07518029,4.12140448,0.02302015,0.000949455,6.989344493,0.024722657,0.001417733,0.695563696,0.022915647,0.011627759,,,,
2023,2,4570409,2.66689885,,,,13.00990335,0.046421239,0.002709874,1.106155414,0.022123108,0.012388941,,,,
2023,2,15839,3.42814348,0.799589514,0.004340404,0.000167771,16.42607115,0.084022148,0.004904855,1.193922209,0.026736598,0.01468668,,,,
2023,2,3128452,1.05614415,,,,4.15065566,0.037099518,0.002165712,0.420541607,0.005844427,0.003272879,,,,
2023,2,4039057,3.12748113,,,,14.22578671,0.0943183,0.005121235,1.153987506,0.02307975,0.01292466,,,,
2023,2,3843945,1.47293367,,,,7.720665953,0.013552339,0.000714346,0.627485797,0.008560401,0.004793824,,,,
2023,2,3127310,0.53425614,,,,2.373415695,0.007209788,0.000352478,0.256495269,0.00324123,0.001815089,,,,
2023,2,4258248,1.59429607,,,,6.210244969,0.056447479,0.003154429,0.636320921,0.007354897,0.004118742,,,,
2023,2,3052056,1.7903602,,,,7.89804279,0.061845212,0.002959833,0.637508572,0.012750171,0.007140096,,,,
2023,2,4037457,1.21539694,3.318869106,0.018092706,0.000682342,2.814383483,0.015437501,0.000915996,0.409579172,0.012377868,0.006106203,,,,
2023,2,2975417,1.18601145,1.032532406,0.008569114,0.000328388,3.282691694,0.039443814,0.00228,0.469262006,0.007876477,0.004137757,,,,
2023,2,4035656,4.26578696,,,,21.57923099,0.05653072,0.003218513,1.793647958,0.028715576,0.016080722,,,,
2023,2,4361577,0.96569793,,,,5.100261514,0.013431519,0.000743856,0.38194901,0.00763898,0.004277829,,,,
2023,2,2576581,2.09810269,,,,9.402991978,0.058293817,0.003387877,0.810129525,0.008106153,0.004539446,,,,
2023,2,4027873,3.06424284,,,,14.93195261,0.082057798,0.004332802,1.09396214,0.021879243,0.012252376,,,,
2023,2,4048228,0.89409472,,,,4.620449834,-0.001501334,-8.31e-05,0.446872731,0.005165166,0.002892493,,,,
2023,2,2515270,0.65905666,1.102030895,0.0087234,0.000370551,1.68499738,0.0162701,0.000883424,0.232150175,0.004320674,0.002189645,,,,
2023,2,4430539,1.22224939,,,,4.945116599,0.040931595,0.002173709,0.483887089,0.005565484,0.003116671,,,,
2023,2,2580216,4.8605133,,,,22.80880659,0.097055295,0.005339873,1.879127425,0.037582549,0.021046227,,,,
2023,2,3914151,0.93224004,,,,4.685527155,0.005753884,0.000303816,0.434042687,0.00501687,0.002809447,,,,
2023,2,2582410,0.50994024,,,,2.456233917,0.005151165,0.000246528,0.235898625,0.002726627,0.001526911,,,,
2023,2,3914397,1.12724935,,,,5.453744647,0.012720017,0.00089795,0.512736023,0.008208696,0.00459687,,,,
2023,2,4039505,0.57811489,,,,2.014436002,0.020553785,0.000998358,0.253768278,0.002209583,0.001237366,,,,
2023,2,3120303,0.44654525,,,,2.269940975,0.003877317,0.000230426,0.198333321,0.00229243,0.001283761,,,,
2023,2,3932423,0.94270859,,,,4.277670426,0.019428894,0.00105,0.405128871,0.008102577,0.004537443,,,,
2023,2,3125107,1.02980854,,,,3.859170417,0.029555189,0.001648599,0.467716912,0.004072453,0.002280574,,,,
2023,2,4361438,1.05300131,,,,4.496308602,0.029258303,0.001620365,0.430015255,0.004970319,0.002783379,,,,
2023,2,3046401,0.53315714,,,,2.445005825,0.016778745,0.000884411,0.190378954,0.003807579,0.002132244,,,,
2023,2,3047876,0.37021024,,,,1.840557932,0.003452252,0.000243706,0.168642311,0.003372846,0.001888794,,,,
2023,2,4362186,1.61571031,2.89625838,0.019366398,0.001036961,5.399813043,0.040281163,0.001927805,0.440563659,0.018479281,0.009381597,,,,
2023,2,4244049,0.53912413,,,,2.482624333,0.010298804,0.000500244,0.23098844,0.002669873,0.001495129,,,,
2023,2,4045305,0.86037562,,,,4.451227986,-0.003041543,-0.000174419,0.439032926,0.00473876,0.002653706,,,,
2023,2,4040612,0.51810659,,,,2.471498968,0.004987925,0.000264888,0.24357821,0.002815392,0.001576619,,,,
2023,2,4692835,1.57995375,,,,6.795737034,0.047808162,0.002671642,0.61533744,0.0065379,0.003661224,,,,
2023,2,3918003,2.94731225,,,,12.83387956,0.069315635,0.00395,1.2560067,0.014517517,0.00812981,,,,
2023,2,4240023,0.25382838,,,,1.181820569,0.003016322,0.000159059,0.118731067,0.00137235,0.000768516,,,,
2023,2,4374045,2.81040889,,,,12.04154729,0.09448682,0.005270507,1.041962942,0.012043499,0.006744359,,,,
2023,2,3040569,1.20386289,,,,5.607225291,0.01473406,0.000874257,0.497579643,0.009951593,0.005572892,,,,
2023,2,4362523,2.91758337,,,,12.53512588,0.088131552,0.006000717,1.137588633,0.013084109,0.007327101,,,,
2023,2,4250764,0.30741604,,,,1.226345246,0.010893795,0.000574459,0.119783947,0.001384519,0.000775331,,,,
2023,2,2978109,2.35686421,,,,9.95208914,0.073404566,0.004231301,0.928657051,0.014531383,0.008137575,,,,
2023,2,3923392,0.53958255,,,,2.458355456,0.007114893,0.000347839,0.253567121,0.002930848,0.001641275,,,,
2023,2,2531358,2.20673913,,,,10.87383801,0.012637459,0.000686181,1.055499975,0.012199966,0.006831981,,,,
2023,2,4034779,3.22238265,,,,13.48358466,0.118316073,0.006189147,1.166494488,0.013482893,0.00755042,,,,
2023,2,4036224,1.6957734,6.106295664,0.040264411,0.001314524,3.314245231,0.01439204,0.000979928,0.436143567,0.015882351,0.007685635,,,,
2023,2,3116158,0.61174973,0.608955858,0.005966722,0.000221561,1.848154469,0.016833719,0.000983457,0.230094206,0.003208808,0.001676397,,,,
2023,2,17315,0.50097914,,,,1.396276954,0.012702508,0.000896714,0.207509475,0.001806803,0.00101181,,,,
2023,2,4360086,0.53006745,,,,2.174349419,0.017501043,0.001017113,0.208211158,0.002394765,0.001341068,,,,
2023,2,4373030,0.55539576,,,,2.318399313,0.019156835,0.001011516,0.209223361,0.002406407,0.001347588,,,,
2023,2,4039253,1.72517139,,,,8.76791098,0.005963465,0.00034658,0.822300622,0.009504538,0.005322541,,,,
2023,2,4429006,0.76730619,1.661411112,0.01252253,0.000558383,2.327057862,0.017512145,0.000916065,0.190016389,0.004823324,0.002420619,,,,
2023,2,3115349,0.57119808,,,,1.989245891,0.016113643,0.000886555,0.276450856,0.002407082,0.001347966,,,,
2023,2,3929914,0.67901831,1.119198412,0.005886181,0.000264473,1.805067589,0.018514523,0.000975904,0.24207543,0.004416894,0.002242548,,,,
2023,2,4383440,1.64130779,,,,6.546728145,0.060006033,0.00325817,0.627981173,0.007222799,0.004044767,,,,
2023,2,3046704,0.406552,,,,1.90455031,-0.000778249,-4.49e-05,0.223112423,0.002063071,0.00115532,,,,
2023,2,3910176,7.42839667,,,,37.04656251,0.161089354,0.008862955,2.800738937,0.056014779,0.031368276,,,,
2023,2,3916749,0.531122,,,,2.229437674,0.014495186,0.000831234,0.222355342,0.002570088,0.001439249,,,,
2023,3,3116406,23.75861874,1.695592801,0.016442514,0.000757217,112.00355,0.815581549,0.033571229,7.448779476,0.111204285,0.061905143,,,,
2023,3,4241389,16.18228034,2.006968386,0.012863771,0.00048521,72.01762799,0.468203626,0.0246,5.92411931,0.074649969,0.041420707,,,,
2023,3,4047646,15.07912715,,,,73.87154056,0.428255808,0.02643112,5.176023944,0.097335658,0.054507969,,,,
2023,3,4040715,21.78753441,47.41175068,0.710607327,0.018648313,,,,,0.661414322,0.314386694,233.0967489,1.307160428,0.080675413,0.678565175
2023,3,3918298,20.75892824,36.40653607,0.310766922,0.013116018,,,,,0.685354809,0.326846705,248.8696575,1.863398909,0.080786092,0.853469821
2023,3,4374302,15.6825135,3.951124639,0.033557895,0.001110302,64.90095173,0.411267175,0.0205502,6.157604837,0.067423703,0.0371762,,,,
2023,3,4262921,23.10639222,1.224983958,0.013094121,0.000551919,113.0492332,0.58521153,0.0253,8.144099762,0.097994321,0.054626503,,,,
2023,3,16800,20.35836534,0.739392504,0.003396799,0.000138419,104.8455249,0.414461058,0.01896656,7.368845229,0.104853105,0.058547366,,,,
2023,3,4239996,16.57124079,82.21438762,0.5299132,0.020021731,20.19915429,0.115016415,0.005322827,2.656304064,0.268325555,0.12688403,,,,
2023,3,2976212,16.56812899,,,,73.13438211,0.462123388,0.020034971,6.548243984,0.097260249,0.054465739,,,,
2023,3,4362628,20.0327031,1.33356748,0.008176385,0.000377931,88.21808064,0.780968067,0.032265048,6.412254412,0.124138985,0.069072395,,,,
2023,3,4430807,18.48824714,70.57443784,0.495510139,0.013079948,32.57828334,0.175708999,0.01090812,4.246240909,0.158449294,0.076369427,,,,
2023,3,3916148,19.31763047,84.54610148,0.612680277,0.023109746,27.88376334,0.164029523,0.008602337,3.469164526,0.127846759,0.060790753,,,,
2023,3,3043078,16.76535636,86.81664621,0.499290645,0.015940637,21.66975777,0.087550106,0.004769613,2.570763695,0.236355965,0.11137637,,,,
2023,3,2577417,17.19661966,13.56571775,0.19984165,0.007537846,,,,,0.442102824,0.211303352,225.4452071,1.815278195,0.09520015,0.716246183
2023,3,4047650,14.10030325,,,,63.76988093,0.469363247,0.0205,4.97494647,0.099498929,0.0557194,,,,
2023,3,4429795,15.86632159,48.89931864,0.467967656,0.01548325,31.26039721,0.170102221,0.008499669,4.015165376,0.12581243,0.061166943,,,,
2023,3,3116385,16.91519552,68.24855123,0.534553067,0.024708263,22.93551655,0.205287347,0.008481276,3.380687364,0.096196027,0.045929092,,,,
2023,3,15847,18.20374537,0.569742836,0.013982926,0.00071077,73.4693949,0.782290657,0.030673588,6.041388568,0.07548465,0.041979593,,,,
2023,3,4430027,9.00138192,,,,36.69296001,0.313025415,0.015641256,3.46625253,0.03986751,0.022325805,,,,
2023,3,4427366,10.66942899,50.18520478,0.228861597,0.008667169,18.91197753,0.076606355,0.003708391,2.007563023,0.113922998,0.05420855,,,,
2023,3,16737,14.61746183,,,,71.51389323,0.418047935,0.018336972,4.983637433,0.057177217,0.032019242,,,,
2023,3,3126486,18.75410943,31.82987516,0.376536224,0.01182648,64.91531547,0.464954533,0.023930308,4.148188388,0.192997156,0.097075069,,,,
2023,3,2576414,14.09133083,73.15976299,0.510391761,0.023504762,14.07106781,0.089760294,0.00369,1.838657892,0.137439944,0.064670997,,,,
2023,3,4361370,15.49590142,,,,84.11081759,0.252235478,0.011888239,5.671681995,0.11343364,0.063522838,,,,
2023,3,4697815,12.74904081,55.22487008,0.358448584,0.015306111,18.7672225,0.089158047,0.003910768,2.815593722,0.20472226,0.097620858,,,,
2023,3,4569618,14.32613225,1.592864933,0.006384302,0.000241779,70.12283855,0.450423909,0.021804298,4.472204265,0.094779309,0.052542891,,,,
2023,3,3915416,12.65792865,1.372000094,0.006247245,0.000258303,63.28430583,0.310301523,0.021892713,4.323653852,0.069159841,0.038387217,,,,
2023,3,3040151,12.01911655,0.429830207,0.006528635,0.000205055,50.94534225,0.452568618,0.023292829,4.13447328,0.050130796,0.027889632,,,,
2023,3,3139477,24.1441612,22.68256769,0.162836702,0.008277199,,,,,0.461724954,0.220705052,277.057715,2.824581751,0.110751745,0.645289585
2023,3,4035687,15.58666935,,,,76.34617468,0.232781937,0.011582267,6.66965459,0.125693627,0.070388431,,,,
2023,3,4567048,14.9949249,73.93335292,0.517991443,0.021982042,16.5191407,0.073542119,0.003205864,2.427455264,0.084205765,0.039791455,,,,
2023,3,4379399,14.19548197,60.69438313,0.365720933,0.015435369,23.03883599,0.118936335,0.005156385,2.999425775,0.135877671,0.064990418,,,,
2023,3,3051876,9.42043782,0.346686826,0.006673834,0.000252158,40.91798938,0.247948199,0.011474756,3.77594269,0.030519115,0.016981256,,,,
2023,3,4426515,16.23166894,4.279472699,0.035711477,0.001113553,78.2212619,0.289072556,0.015380983,6.077259806,0.072114712,0.039629797,,,,
2023,3,4259545,10.38483123,42.62683882,0.348921705,0.009156676,15.12725973,0.097327227,0.006006848,1.998203454,0.104006984,0.049675362,,,,
2023,3,3916387,20.83908981,56.7257234,0.292101696,0.009946799,,,,,0.583476459,0.277285399,213.264978,1.657166728,0.096291888,0.709342657
2023,3,3117251,21.13379364,84.84570952,0.686007511,0.021546543,32.02096474,0.229316084,0.0118,4.025786556,0.147820749,0.0705975,,,,
2023,3,15795,13.66209338,,,,66.92899568,0.194597328,0.010601403,5.909663501,0.11819327,0.066188231,,,,
2023,3,4241478,15.1500243,,,,70.86982973,0.441401974,0.027242476,5.4507229,0.082823541,0.046381183,,,,
2023,3,3925357,14.86021339,,,,64.76962071,0.582052055,0.026936695,4.931203889,0.086082402,0.048206145,,,,
2023,3,15818,16.24907495,1.559876704,0.014439364,0.000564416,70.11172303,0.455687158,0.023750726,6.338162463,0.115719038,0.064345449,,,,
2023,3,4432577,14.18030642,12.60102407,0.098315107,0.004032823,,,,,0.556137198,0.266092316,245.9984232,1.104078633,0.050859018,0.75911857
2023,3,4047365,16.90751274,74.5541518,0.418566137,0.017056496,29.14478233,0.069524973,0.003181601,3.717412639,0.160043111,0.076520082,,,,
2023,3,4429160,7.31970561,22.89587127,0.194890002,0.008975151,14.60272758,0.088106729,0.003626677,1.824593236,0.059030346,0.028650484,,,,
2023,3,4430737,18.0410487,71.26306281,0.684191092,0.021334399,26.96136386,0.138459976,0.007367184,3.223319156,0.172327265,0.082077114,,,,
2023,3,4361529,14.35147284,70.42100149,0.584854461,0.029728905,14.94051985,0.095844461,0.003758058,1.877551178,0.233282646,0.109788967,,,,
2023,3,4258173,12.55594194,,,,63.2996942,0.303273205,0.014,4.456355053,0.071344435,0.039952884,,,,
2023,3,3045147,13.51371244,64.00052805,0.344944765,0.013006994,18.43058026,0.062056309,0.003992892,2.967563931,0.186782779,0.08895027,,,,
2023,3,4241479,20.42526617,8.686924405,0.149522936,0.006885889,,,,,0.542002413,0.259312611,287.9694109,2.241370002,0.092259989,0.759383431
2023,3,4362887,18.71171964,59.39700176,0.380652822,0.015738759,,,,,0.879785902,0.418521544,218.9051619,1.071155723,0.075573284,0.960763918
2023,3,3116165,13.40721585,1.404206579,0.010719489,0.000457733,60.9488697,0.274750718,0.01205148,5.556591747,0.112905762,0.062752594,,,,
2023,3,3123076,8.36728141,0.314582631,0.005410633,0.000252901,35.58330944,0.281907025,0.02159224,3.047162075,0.034363099,0.019086052,,,,
2023,3,4239993,14.58415593,,,,63.8822181,0.57483145,0.023748684,4.764031902,0.059057009,0.033071925,,,,
2023,3,16460,9.70363934,,,,42.10266165,0.256192004,0.016665903,3.976596501,0.049109958,0.027501576,,,,
2023,3,2577327,13.01527473,,,,56.11916029,0.361616743,0.015763677,5.309797805,0.098450818,0.055132458,,,,
2023,3,4242355,8.49827525,,,,31.93650716,0.375869688,0.019712048,3.048516846,0.035236194,0.019732269,,,,
2023,3,2976499,13.30403806,,,,62.80873907,0.380369919,0.029133856,4.749450814,0.061060614,0.034193944,,,,
2023,3,4241457,12.66096746,62.73318852,0.378697048,0.017999609,12.92820074,0.12050816,0.006153852,2.177326357,0.137167395,0.064829999,,,,
2023,3,3121422,12.44543677,1.373429167,0.006014154,0.000238809,64.58386791,0.202698248,0.011190753,4.650029285,0.069565631,0.038645878,,,,
2023,3,4361307,4.57967726,,,,20.02829427,0.064863636,0.004173524,2.207220518,0.025512095,0.014286773,,,,
2023,3,3121023,9.81115633,,,,44.5486951,0.208309787,0.0129,4.139005523,0.053381633,0.029893714,,,,
2023,3,4361741,17.64473568,9.53640919,0.210347968,0.006606738,,,,,0.289504307,0.13843569,231.1672884,1.829009808,0.094135589,0.532978545
2023,3,4429205,10.86520636,1.293873478,0.011441294,0.000482252,50.62423384,0.323522348,0.014007689,3.679413321,0.041361682,0.022935715,,,,
2023,3,4429615,12.7395974,5.185594175,0.048724657,0.001659197,52.47658531,0.397153211,0.023077118,4.307003814,0.05506946,0.029908101,,,,
2023,3,4361579,14.02075677,58.26956066,0.378288797,0.016850895,22.5975867,0.112533326,0.005629369,3.101977592,0.169371111,0.081149414,,,,
2023,3,4426354,13.95813355,1.691855244,0.012398771,0.000589318,66.01095431,0.4119223,0.021035162,4.684540538,0.079301972,0.043978666,,,,
2023,3,4258595,9.21332518,,,,40.30511481,0.227735673,0.016067442,3.842092321,0.052879948,0.029612771,,,,
2023,3,4360310,17.57194509,21.46887383,0.223284285,0.008436359,,,,,0.558257534,0.266619982,224.6018444,1.707120278,0.07900355,0.69179037
2023,3,3128429,11.4337456,,,,54.42754131,0.325334716,0.016274551,4.06171599,0.050548139,0.028306958,,,,
2023,3,3117256,8.8934687,,,,36.82117677,0.229810747,0.010586156,3.858899228,0.043509818,0.024365498,,,,
2023,3,4241474,12.86569807,67.35182314,0.35592574,0.014133039,16.34252863,0.068993884,0.003809078,2.061042784,0.163899017,0.077253936,,,,
2023,3,4428331,5.03192682,1.423012877,0.011965816,0.000608238,19.19031538,0.225307365,0.008834293,1.548367789,0.019032491,0.010400072,,,,
2023,3,3916433,12.39229274,0.76252462,0.003312231,0.000134973,58.66837539,0.260434284,0.011917989,4.953125219,0.101496737,0.056594749,,,,
2023,3,4036378,14.01483058,13.0871016,0.095404429,0.003869777,,,,,0.640516631,0.306289192,227.0918957,1.326470793,0.060421884,0.894395048
2023,3,4569987,12.34058243,41.12698615,0.256294394,0.012181766,26.01101621,0.131136605,0.006696602,3.372519646,0.114069318,0.05554609,,,,
2023,3,4385690,7.80425328,,,,31.00982304,0.271376478,0.011765299,3.090354875,0.035544079,0.019904684,,,,
2023,3,3051392,6.51121317,29.21487208,0.158689748,0.007798963,9.473476169,0.04199625,0.002120128,1.478089262,0.064368733,0.030681542,,,,
2023,3,4372019,13.21899826,68.73552226,0.48311541,0.022581544,13.25930969,0.071783433,0.005498143,1.716855452,0.160029663,0.075108526,,,,
2023,3,4360248,8.93033782,,,,44.37792064,0.245424982,0.01523613,3.020062551,0.027925845,0.015638473,,,,
2023,3,4040761,5.7214071,23.70637019,0.120593266,0.004946658,10.21875895,0.024772808,0.00114,1.517924246,0.078348846,0.037734909,,,,
2023,3,4569173,14.50332669,66.28221142,0.311292001,0.01529875,23.74844809,0.076197428,0.003846731,3.333308044,0.211190456,0.10092442,,,,
2023,3,4426502,10.98819061,,,,50.06211676,0.309128515,0.019190884,4.180255806,0.083605116,0.046818865,,,,
2023,3,4241416,8.65619627,25.44020741,0.143528917,0.006715363,21.16493126,0.083894621,0.005457546,2.701359765,0.099191983,0.048590204,,,,
2023,3,4036133,14.45765999,,,,61.06195677,0.439954665,0.019,5.737724081,0.058508716,0.032764881,,,,
2023,3,2576925,11.09819171,,,,52.61905487,0.218612016,0.011753911,4.55657626,0.050721394,0.02840398,,,,
2023,3,3046779,15.26068792,5.039915457,0.093510314,0.003093897,,,,,0.482062574,0.230867323,225.4566323,1.676182489,0.083755495,0.626022446
2023,3,4243537,11.51196883,,,,52.63408091,0.460849741,0.019979753,3.511990625,0.06262843,0.035071921,,,,
2023,3,3051926,12.93091605,68.75743699,0.73161725,0.024913411,6.670914088,0.039945216,0.00232107,0.839730772,0.149932049,0.069726796,,,,
2023,3,4241372,12.47697997,1.467636938,0.00536634,0.000202351,61.8459529,0.177091749,0.011394623,5.127342076,0.0918401,0.051043785,,,,
2023,3,16731,9.19114577,,,,40.14339898,0.306334021,0.016065331,3.346098649,0.036054973,0.020190785,,,,
2023,3,4048244,14.52478412,57.28904873,0.572261979,0.024120901,20.67804209,0.108894742,0.004714863,2.671375677,0.095031993,0.045210249,,,,
2023,3,4035676,13.94538006,63.76670011,0.41750115,0.014940627,19.41938112,0.077302098,0.003846233,2.765131075,0.156561389,0.074443175,,,,
2023,3,15864,16.50998647,18.50983176,0.083331603,0.00353635,,,,,0.524342135,0.250715276,232.7962782,1.584425066,0.069068609,0.574088542
2023,3,4241463,13.10324171,,,,69.6880964,0.299302159,0.014972298,4.383106087,0.068058542,0.038112784,,,,
2023,3,3895856,12.11312615,1.655032544,0.010870739,0.00041073,50.86529667,0.373253797,0.017273754,4.59676286,0.070036144,0.038816908,,,,
2023,3,4362249,10.93942654,3.147043599,0.016415245,0.000665832,50.05833591,0.286790404,0.013063549,3.736820816,0.045274271,0.0247965,,,,
2023,3,3052587,14.90094866,10.72338465,0.079089215,0.003377188,,,,,0.622066383,0.297448888,242.2502983,1.40250691,0.061518616,0.748649248
2023,3,4430878,8.80282516,,,,38.99058772,0.261091145,0.011381543,3.353419764,0.035629758,0.019952665,,,,
2023,3,4242431,6.48919672,21.79063033,0.223745872,0.009430912,11.54351278,0.051949482,0.002249279,1.454152639,0.057273757,0.027612072,,,,
2023,3,4360238,10.68516849,55.77654914,0.313159943,0.01284562,12.58307268,0.046982524,0.002164234,1.834932172,0.192553029,0.090841185,,,,
2023,3,4361050,2.91071138,,,,11.4457651,0.112261122,0.006523083,1.093342219,0.012637365,0.007076924,,,,
2023,3,12483,15.70922141,5.675463459,0.10434858,0.00325379,,,,,0.508283606,0.243449057,284.2712477,1.276219541,0.067905137,0.814502113
2023,3,4038941,20.20514996,14.59314287,0.257755911,0.010075336,,,,,0.489116001,0.233947351,267.8579747,1.960989727,0.102208126,0.564274958
2023,3,4361411,8.44541189,,,,32.14727967,0.335698253,0.017142717,3.210796339,0.026140507,0.014638684,,,,
2023,3,4239934,13.97295819,69.93594611,0.414120343,0.016797476,17.83934485,0.074005968,0.003371035,2.359639155,0.145120334,0.068569474,,,,
2023,3,14881,16.99420328,23.67609662,0.125233992,0.005578555,,,,,0.533277844,0.254949653,255.1346665,1.367520172,0.068408858,0.726226601
2023,3,4035886,10.43059977,46.13307667,0.253779548,0.010492961,16.97413094,0.065080153,0.004591602,2.240163109,0.068412837,0.032708718,,,,
2023,3,4361777,3.36172299,22.06019791,0.114507752,0.004666171,1.947725911,0.008634592,0.000395136,0.25223667,0.044586401,0.020729369,,,,
2023,3,3116365,13.68843013,0.656152991,0.014101573,0.000480194,56.59530677,0.516120606,0.029989878,4.793681848,0.067153653,0.037220454,,,,
2023,3,2468609,7.4968436,34.86591447,0.247390286,0.009519374,9.52183397,0.081098856,0.003822312,0.923972256,0.130371737,0.06172054,4.936477272,0.022069494,0.001126312,0.015757167
2023,3,4045163,15.66369533,78.59217586,0.413619968,0.019352256,23.92982506,0.041266984,0.002684516,2.815446932,0.192479025,0.091214476,,,,
2023,3,4361409,11.05834329,,,,58.89423314,0.186908025,0.010318992,4.116879949,0.082337599,0.046109055,,,,
2023,3,4426875,14.97915046,16.85292535,0.165973219,0.006590436,,,,,0.582997153,0.278813553,262.1941174,0.956167722,0.052788994,0.795484362
2023,3,4360294,6.31964326,12.07654239,0.073253533,0.002908739,17.63003242,0.080301698,0.004433371,2.396951084,0.047779547,0.024170574,,,,
2023,3,4426385,4.54366341,23.57509152,0.130063291,0.005519506,5.202874769,0.030040005,0.001309511,0.738262098,0.050876175,0.024008561,,,,
2023,3,3121427,8.49637614,7.082778341,0.036278503,0.001440541,34.65739442,0.086990607,0.0048,3.645171012,0.071968523,0.038404946,,,,
2023,3,3045144,9.30157144,,,,37.43719258,0.299228693,0.012362385,3.791345761,0.049005814,0.027443256,,,,
2023,3,4428557,5.51328532,14.95843224,0.074566496,0.002380652,13.41305898,0.068668368,0.003740961,1.846204059,0.043301923,0.021433135,,,,
2023,3,4361432,9.41883973,,,,45.44902991,0.226114646,0.010299716,3.574835747,0.071496715,0.04003816,,,,
2023,3,4688813,9.42664164,,,,45.39817032,0.209384063,0.010418086,3.652117864,0.038803397,0.021729902,,,,
2023,3,3059915,4.49106633,18.17726029,0.150307046,0.007025578,6.523549232,0.044148752,0.003381507,0.868116663,0.03742737,0.017835124,,,,
2023,3,3915511,19.39376126,10.22154848,0.164146776,0.007587239,,,,,0.461859508,0.221066961,263.2978741,2.10912129,0.087136596,0.67058406
2023,3,2976316,12.78694648,,,,59.36352879,0.268548179,0.012657081,5.309850327,0.087657105,0.049087979,,,,
2023,3,4366031,9.7894875,1.370056081,0.007277681,0.000298526,45.87029048,0.181809603,0.008374999,3.798310436,0.042791894,0.023719939,,,,
2023,3,2573401,8.23915727,,,,34.72046126,0.204173231,0.010863657,3.550846806,0.02789318,0.015620181,,,,
2023,3,3918639,6.76241621,1.134926329,0.025445005,0.000994611,26.94772298,0.205651827,0.010718714,2.573527748,0.02732758,0.015052055,,,,
2023,3,4373626,11.64033457,62.05788903,0.522820057,0.013800846,8.652076367,0.040361588,0.002505672,1.219581049,0.068134812,0.031872964,,,,
2023,3,4372414,10.5291159,8.884575905,0.061369016,0.00286848,47.90679542,0.225248318,0.017252553,3.177193856,0.084573866,0.04469658,,,,
2023,3,4360635,7.44050221,0.641925954,0.007074021,0.000225849,32.99406268,0.18831339,0.010259063,2.923288806,0.036841299,0.020325873,,,,
2023,3,4427095,3.82065765,,,,18.24516946,0.069589734,0.00351315,1.590051645,0.016894144,0.009460721,,,,
2023,3,4032473,9.65393559,1.615476066,0.008482766,0.00032641,46.3207882,0.171548861,0.008085357,3.719723747,0.079384839,0.043956473,,,,
2023,3,16782,5.9354864,10.00744215,0.092957159,0.004725132,16.65986128,0.152562541,0.005981972,1.805056498,0.031501303,0.015833425,,,,
2023,3,3116389,9.96178635,25.72976423,0.164727067,0.007337776,24.06694674,0.13135572,0.00657,3.215607579,0.039170375,0.019418301,,,,
2023,3,4429025,4.43027375,,,,19.19065524,0.148307235,0.007729875,1.624783817,0.01726317,0.009667375,,,,
2023,3,4372485,6.01058567,3.526001832,0.014020993,0.000528696,24.85294494,0.040439053,0.002601972,2.915521085,0.071832191,0.03887385,,,,
2023,3,3122840,17.38411062,30.02996048,0.235664278,0.011015304,,,,,0.43508789,0.207461575,225.7630072,1.355677002,0.103836021,0.656169447
2023,3,4242214,4.36680662,13.7606862,0.109291187,0.005555412,8.413704534,0.083865965,0.00329,0.994682207,0.023314735,0.011283197,,,,
2023,3,16757,14.31826563,7.779724589,0.05261522,0.00202459,,,,,0.513421498,0.245845742,262.3285955,1.172791637,0.055189297,0.798002403
2023,3,3116593,10.05718416,50.92041029,0.224603659,0.008505917,14.93453593,0.045474384,0.002201342,1.959262394,0.140200062,0.066578816,,,,
2023,3,3115394,7.84228359,,,,41.62797576,0.175179706,0.011395859,2.651088394,0.041580658,0.023285168,,,,
2023,3,4036348,6.48702214,,,,27.606279,0.2851095,0.014952236,2.016730052,0.028251151,0.015820644,,,,
2023,3,4567156,8.79567032,3.402366394,0.015591714,0.00049779,43.57878541,0.145078688,0.007903694,3.196072533,0.074485305,0.040655385,,,,
2023,3,3916566,8.39881935,1.272549055,0.010892112,0.000459104,37.55427478,0.262306236,0.011357188,2.921017238,0.062690077,0.03467947,,,,
2023,3,3120348,7.91931495,,,,35.40424999,0.099337458,0.005014927,3.857202686,0.077144054,0.04320067,,,,
2023,3,14880,19.88692455,6.790813796,0.104056873,0.004386008,,,,,0.574361464,0.275229551,316.5622893,1.936279772,0.083835954,0.732636775
2023,3,4426386,8.34066084,31.01095681,0.217088089,0.008975888,14.66698232,0.074736303,0.005272873,2.064742325,0.076024219,0.036664635,,,,
2023,3,4430191,6.99423358,1.443520622,0.011922851,0.000606054,28.83266588,0.291176617,0.011417024,2.108131418,0.047021467,0.025846138,,,,
2023,3,4040655,9.06280246,0.666722354,0.004703771,0.000194486,44.27599361,0.189651232,0.013380469,3.435282772,0.055214471,0.030744918,,,,
2023,3,3044720,11.01724734,16.33118298,0.109791216,0.004139949,,,,,0.814346935,0.389428019,205.8840093,0.679520584,0.043722424,0.783204833
2023,3,3045138,13.95711489,0.787766078,0.007334962,0.000286714,64.05804002,0.481165765,0.025078689,4.541660265,0.046748246,0.026048577,,,,
2023,3,4242433,5.99771881,,,,24.92016559,0.191152872,0.009963018,2.37899234,0.036695853,0.020549678,,,,
2023,3,4243331,7.58231522,,,,31.44626909,0.253537258,0.011120987,2.931275581,0.033881064,0.018973396,,,,
2023,3,3929645,7.01749617,,,,30.64449718,0.219600873,0.010350121,2.641454909,0.024424944,0.013677969,,,,
2023,3,3917792,15.76890895,40.07845977,0.22820168,0.007487522,,,,,0.669042803,0.318948082,231.5717052,0.845493496,0.045458869,0.869312961
2023,3,3046439,8.30018642,,,,34.82676091,0.239456082,0.012088639,3.391988049,0.032360262,0.018121747,,,,
2023,3,3915486,6.20185303,,,,28.82316527,0.100364729,0.004858495,2.768174246,0.055363485,0.031003552,,,,
2023,3,4241555,3.72131842,19.97045426,0.14457211,0.004540809,3.092182239,0.022235891,0.00114,0.423205959,0.022372528,0.010475607,,,,
2023,3,15835,9.16254945,,,,38.39197691,0.211038071,0.013578832,4.07309164,0.039437473,0.022084985,,,,
2023,3,4038524,15.16098532,16.86066701,0.142543663,0.005101044,,,,,0.885659098,0.423478797,260.8713342,1.077862513,0.053629984,0.710275619
2023,3,3139925,1.56730276,8.338145964,0.05410019,0.001419739,1.540038351,0.007734886,0.000477,0.220982399,0.017785248,0.008385903,,,,
2023,3,4360797,11.56493105,4.19159165,0.041695564,0.001300148,57.11916958,0.205783772,0.010949351,4.02520785,0.094705545,0.051614966,,,,
2023,3,3054212,3.71407094,,,,15.57924239,0.133950189,0.008315708,1.355430727,0.017937481,0.01004499,,,,
2023,3,4371733,10.40569523,44.59113224,0.36040275,0.009457971,14.4330831,0.071423562,0.00441,1.96387954,0.08564662,0.040780827,,,,
2023,3,15920,4.09675837,14.46346397,0.113415551,0.00478674,6.828774173,0.040048889,0.001736286,1.059589601,0.027528515,0.013306869,,,,
2023,3,4240703,16.08586061,16.84584389,0.168910974,0.0080284,,,,,0.43677051,0.208768826,218.6138896,1.605205017,0.081971158,0.775773368
2023,3,3043116,0.56192863,,,,2.603407924,0.010957986,0.000583053,0.239921454,0.004798429,0.00268712,,,,
2023,3,4426485,8.14130189,,,,40.77466596,0.160236822,0.010423789,3.117792171,0.033126238,0.018550693,,,,
2023,3,4240600,9.06527036,5.965009177,0.056897217,0.002892159,33.02279826,0.352956641,0.013839417,2.745937119,0.06917532,0.036930012,,,,
2023,3,4722893,1.73742937,4.923714207,0.039753283,0.001770812,3.756492285,0.020292442,0.00101511,0.516342946,0.01335458,0.00656661,,,,
2023,3,3128390,8.61429346,1.678517991,0.006142879,0.000232636,41.31492549,0.213127437,0.010317157,3.01359177,0.0328232,0.018114071,,,,
2023,3,4569587,2.92684038,1.298937139,0.007078069,0.000232238,13.88574801,0.009085398,0.000488486,1.34325798,0.031264496,0.017068184,,,,
2023,3,3910544,14.23091954,57.62028675,0.553653134,0.021641566,19.96149838,0.08175897,0.004261333,2.729499121,0.130697633,0.06224326,,,,
2023,3,4428085,8.03939367,,,,33.94588298,0.256556397,0.011686364,3.121354965,0.03590063,0.020104353,,,,
2023,3,15880,10.79294283,1.362707177,0.010431717,0.000427902,49.80086886,0.181559969,0.0083635,4.589118296,0.075700155,0.042031995,,,,
2023,3,3115306,9.97527919,,,,42.80233052,0.388947835,0.0194,3.386125603,0.058127212,0.032551239,,,,
2023,3,4038815,4.56289054,24.13123149,0.211084601,0.00796192,3.37633145,0.021161052,0.00111,0.449704643,0.054166336,0.025308076,,,,
2023,3,3051738,7.06852169,,,,33.76433411,0.307894126,0.012072517,1.843939865,0.021361939,0.011962686,,,,
2023,3,3045523,10.24720288,1.725134678,0.004805661,0.000236179,48.36299908,0.19187813,0.009686726,4.128200706,0.082960153,0.045974879,,,,
2023,3,4360761,5.91351732,,,,28.29456963,0.073492861,0.004728755,2.664604181,0.02831116,0.01585425,,,,
2023,3,3916945,7.02457297,,,,37.14372733,0.132410854,0.007119212,2.557433188,0.051148664,0.028643252,,,,
2023,3,3930086,7.4850376,,,,29.057252,0.304524854,0.013202419,2.753427761,0.025299393,0.01416766,,,,
2023,3,4249836,3.34831823,13.6537252,0.123820557,0.00578756,4.830567004,0.022422969,0.001717453,0.638514799,0.033557664,0.015992486,,,,
2023,3,4362478,1.49483699,4.783522758,0.021668424,0.000817061,3.233535415,0.01274191,0.000819853,0.496103773,0.013311116,0.006530016,,,,
2023,3,4429086,2.97307132,,,,12.984852,0.08927086,0.004085212,1.145194722,0.013171591,0.007376091,,,,
2023,3,4428850,6.81123206,,,,31.3836019,0.206551818,0.009408613,2.443132747,0.025958047,0.014536507,,,,
2023,3,3925347,3.10118962,13.88981706,0.118682462,0.005009031,3.539744201,0.023015888,0.000997834,0.517250554,0.023032532,0.010913444,,,,
2023,3,4360939,6.65462563,,,,31.08401955,0.173089574,0.010057601,2.54117164,0.049014837,0.027448308,,,,
2023,3,4373678,1.11913772,,,,5.031716787,0.034863245,0.001511467,0.412792386,0.008255848,0.004623275,,,,
2023,3,3116164,5.06155053,,,,22.49304899,0.123799716,0.006249873,2.081198249,0.022175235,0.012418131,,,,
2023,3,3121410,7.07616781,1.416650603,0.006642942,0.000217961,33.58800394,0.065218377,0.003506536,3.211252901,0.068624394,0.037989727,,,,
2023,3,4361259,13.39190621,18.61682496,0.137851125,0.005220531,,,,,0.372097414,0.177844149,216.3768268,1.047133001,0.050690026,0.953230466
2023,3,4362504,1.6137295,,,,7.111275295,0.038425666,0.001770066,0.677066397,0.007825852,0.004382477,,,,
2023,3,4046692,5.68058492,0.644054122,0.004754988,0.000196603,27.53504319,0.145028677,0.010232213,1.987042589,0.040562464,0.022497511,,,,
2023,3,3135321,3.47925092,,,,15.57893266,0.071114294,0.003254331,1.521439475,0.030428789,0.017040122,,,,
2023,3,2576623,9.93555687,,,,47.76656259,0.217251523,0.01096767,3.898742626,0.059700442,0.033432248,,,,
2023,3,4429013,4.56641179,17.82770783,0.151885607,0.0057387,6.856498418,0.043132491,0.001996122,0.951835079,0.042366042,0.020269071,,,,
2023,3,4686472,3.44165634,2.755794033,0.020217631,0.000900595,13.31266393,0.078009315,0.00390234,1.091160747,0.016318898,0.008666041,,,,
2023,3,3049916,9.24893435,41.74099163,0.21977551,0.007211051,14.46329596,0.044912393,0.002414763,2.113620501,0.099515783,0.047560976,,,,
2023,3,4692590,3.74207236,1.333679411,0.00725212,0.000237949,17.0212305,0.060358374,0.003245233,1.513628208,0.018419278,0.010081083,,,,
2023,3,4239086,14.33940825,19.36894244,0.270698076,0.007145599,,,,,0.593559852,0.283230296,187.2406972,1.143100543,0.070964369,0.444561925
2023,3,3930066,9.24945589,,,,46.27155234,0.247113898,0.013148446,3.171190026,0.052917541,0.029633823,,,,
2023,3,4360078,7.42133976,,,,38.05706882,0.127424618,0.006340122,2.901876968,0.058037539,0.032501022,,,,
2023,3,3139602,1.95163734,7.551195929,0.052264648,0.001974717,3.211735238,0.016122537,0.000746132,0.479032903,0.02074255,0.010000646,,,,
2023,3,4599739,7.87537271,36.74458481,0.190939464,0.007347193,11.71102606,0.059784521,0.002817735,1.583349403,0.084615469,0.040221773,,,,
2023,3,4421446,9.15473229,47.11756015,0.436505858,0.0144423,7.247800012,0.036178297,0.001807757,0.925317176,0.083303098,0.038963971,,,,
2023,3,16760,14.6944076,6.50609036,0.098274599,0.004004672,,,,,0.519710795,0.248643411,272.5470243,1.193547555,0.054619103,0.927810477
2023,3,3924365,7.81691228,,,,32.29632178,0.191428058,0.012452853,3.470780047,0.052096425,0.029173998,,,,
2023,3,4241464,13.28398755,9.920895482,0.044637174,0.002193738,,,,,0.494530941,0.236580339,244.0303754,1.074036762,0.054221396,0.843018346
2023,3,3912092,4.91461207,,,,18.20095516,0.225894131,0.011773757,1.73756751,0.020083624,0.011246829,,,,
2023,3,3118892,5.3965942,,,,23.34460686,0.233771823,0.009166184,1.5983171,0.031966342,0.017901152,,,,
2023,3,4036131,6.01416898,,,,24.30905693,0.164573818,0.007174138,2.601725993,0.018520442,0.010371447,,,,
2023,3,4241401,1.95122055,10.52973762,0.065088445,0.002329244,1.95377326,0.008889579,0.000442309,0.275355834,0.023965338,0.01126381,,,,
2023,3,4036335,4.01913584,,,,17.89553782,0.14907474,0.006136262,1.352441789,0.027048836,0.015147348,,,,
2023,3,4362087,2.44926134,12.10343242,0.060179647,0.002269222,3.2599874,0.013262488,0.000853349,0.493516707,0.029806396,0.014140652,,,,
2023,3,14876,13.31505814,15.01077818,0.167839254,0.005358531,,,,,0.464134288,0.221993273,229.4986617,0.934220382,0.050895082,0.895321939
2023,3,3115255,0.26674829,1.220762698,0.008832679,0.000372298,,,,,0.004269732,0.001964077,,,,
2023,3,4431453,3.59277283,14.81649422,0.121711834,0.00459086,5.045947911,0.033958576,0.001780918,0.691818871,0.034601543,0.016484137,,,,
2023,3,4258195,5.43352015,,,,26.96453091,0.124141567,0.00951,1.913744072,0.038274881,0.021433934,,,,
2023,3,4035004,0.98083412,,,,4.723403218,0.019237808,0.000931271,0.399952132,0.007999043,0.004479464,,,,
2023,3,3931391,1.18158678,,,,4.932427822,0.042485762,0.001755264,0.439532218,0.008790644,0.004922761,,,,
2023,3,16799,8.15467511,,,,33.48405924,0.268473656,0.0137,3.220424198,0.047913342,0.026831472,,,,
2023,3,2576434,4.7644773,19.65888468,0.205162738,0.006986308,5.849530285,0.03553988,0.002065092,0.842625106,0.098802803,0.046958904,,,,
2023,3,4240472,3.36371338,,,,12.55975705,0.15037333,0.005896133,1.208987361,0.013974046,0.007825466,,,,
2023,3,3123075,8.53251101,,,,36.4023038,0.31845541,0.013108364,2.953642206,0.059072844,0.033080793,,,,
2023,3,4426407,4.30667012,,,,19.54562596,0.124579288,0.005464462,1.612438313,0.017132,0.00959392,,,,
2023,3,4242540,7.57687335,,,,32.72543058,0.192098232,0.010328369,3.201096731,0.064021935,0.035852283,,,,
2023,3,4039358,3.43056905,12.36360104,0.074639566,0.003027517,6.498114009,0.033380228,0.001520498,0.918363262,0.033105715,0.016028256,,,,
2023,3,2576336,3.77242064,1.08075071,0.004621935,0.000188343,14.8652145,0.075018924,0.003433015,1.712522641,0.018514492,0.010137697,,,,
2023,3,4567096,1.03341594,,,,5.009644981,0.018873785,0.000869415,0.422377956,0.004487725,0.002513126,,,,
2023,3,4243389,7.54860575,1.641556044,0.01062261,0.000504897,32.70290306,0.200232108,0.010225023,2.69991092,0.031542929,0.017378376,,,,
2023,3,4240657,4.39858236,9.103060528,0.037947633,0.001437107,13.12851558,0.049948655,0.002417934,1.676230184,0.036567302,0.018429622,,,,
2023,3,3886598,7.76280527,,,,34.69917041,0.304132895,0.01565313,2.491275159,0.049825503,0.027902282,,,,
2023,3,4361516,2.10074315,,,,8.462804197,0.049159141,0.002643094,0.966437496,0.01117054,0.006255502,,,,
2023,3,3052897,7.05837187,,,,26.92554312,0.263355974,0.010840343,2.792234501,0.02581917,0.014458735,,,,
2023,3,2973405,3.28413051,2.64942353,0.021257764,0.000703338,12.45594,0.081662572,0.004080516,1.087165636,0.030454187,0.016183257,,,,
2023,3,4035222,4.68695679,15.06587264,0.102454266,0.00473567,9.365775572,0.055369731,0.002287554,1.329873253,0.049521569,0.024189858,,,,
2023,3,15072,4.24258019,,,,17.68030758,0.16425512,0.008207501,1.488895744,0.014897885,0.008342816,,,,
2023,3,4240631,2.12020463,7.840541476,0.049002128,0.002079507,3.248727948,0.014707384,0.000641,0.519224776,0.026689355,0.012869119,,,,
2023,3,2971618,6.76118046,,,,31.31876877,0.242492836,0.01409037,2.194156941,0.043883139,0.024574558,,,,
2023,3,3061612,6.8224698,4.630675704,0.027702135,0.001046671,24.37511558,0.220788877,0.010217854,2.258586429,0.059216786,0.031756894,,,,
2023,3,4039160,7.37364939,,,,32.14647445,0.151848061,0.007555332,3.274186859,0.037844594,0.021192973,,,,
2023,3,4426891,2.70586235,10.09649152,0.101622504,0.003972289,4.027923971,0.023645686,0.001232429,0.554944966,0.02526342,0.012104369,,,,
2023,3,3929785,6.78448189,,,,33.45398917,0.159048727,0.00866,2.519690697,0.04775008,0.026740045,,,,
2023,3,4241961,1.11280333,,,,4.297978824,0.04428941,0.002261676,0.418029431,0.004831781,0.002705797,,,,
2023,3,3043275,4.32880726,,,,18.6691905,0.116441668,0.005328602,1.768226994,0.0143066,0.008011696,,,,
2023,3,4243003,4.49582488,19.43503353,0.163672225,0.005103616,6.079024522,0.025834357,0.001374595,0.837389497,0.046447928,0.022095169,,,,
2023,3,4360306,1.9665169,,,,8.053495988,0.088285595,0.003461675,0.631872591,0.006713585,0.003759607,,,,
2023,3,3139033,2.2748522,5.850012525,0.03222298,0.001321766,5.860031422,0.023604597,0.001087338,0.776731391,0.013115899,0.006506729,,,,
2023,3,2991662,7.23602072,,,,32.36238493,0.227689999,0.014135132,2.642788606,0.034216641,0.019161319,,,,
2023,3,16002,1.19862303,1.340618012,0.013086687,0.000411035,3.34418174,0.040888124,0.002104432,0.409540983,0.008222394,0.004247463,,,,
2023,3,3911853,6.48189938,,,,26.39238093,0.206423872,0.010326152,2.619347323,0.032808544,0.018372785,,,,
2023,3,14053,3.74432486,,,,16.3589445,0.090944581,0.0044,1.588710023,0.0317742,0.017793552,,,,
2023,3,3676833,2.00962229,5.533200983,0.05200333,0.001961519,4.433537105,0.036553884,0.001917026,0.369735603,0.026632186,0.012990277,,,,
2023,3,4360405,1.0717973,,,,4.589238596,0.033211289,0.001447754,0.415538667,0.004415058,0.002472432,,,,
2023,3,4035198,3.82968806,,,,18.48225139,0.099846555,0.004994726,1.403085246,0.028061705,0.015714555,,,,
2023,3,4372096,0.56130797,,,,2.12816741,0.023756271,0.00124587,0.206053804,0.002369952,0.001327173,,,,
2023,3,4427728,3.19537749,18.24066721,0.155240778,0.00513632,1.73151441,0.010408535,0.000520094,0.238834288,0.050754313,0.023610832,,,,
2023,3,3921690,4.07954245,,,,17.40992046,0.138609003,0.006,1.5140343,0.017499922,0.009799956,,,,
2023,3,4430802,1.66186893,,,,6.646123651,0.060039698,0.003065978,0.638923104,0.007348649,0.004115243,,,,
2023,3,4362630,3.01205389,,,,14.64353272,0.073539831,0.004783942,1.121421385,0.022428428,0.01255992,,,,
2023,3,4249417,1.53367415,,,,6.723754727,0.052961159,0.002777486,0.550006497,0.01100013,0.006160073,,,,
2023,3,4040774,2.05124632,,,,7.904225715,0.079346467,0.006077422,0.784987545,0.011336462,0.006348419,,,,
2023,3,4411193,3.21519232,1.535674413,0.009207624,0.000388611,12.87675823,0.073773157,0.003198373,1.148108442,0.027921441,0.01514008,,,,
2023,3,4362477,0.90976069,0.812653034,0.007169085,0.00028023,2.654631342,0.020985664,0.001093787,0.23372579,0.003868407,0.002027799,,,,
2023,3,4686422,1.06963676,,,,4.986734881,0.022497185,0.001036325,0.439008666,0.004664424,0.002612078,,,,
2023,3,4374187,3.26719948,0.760754569,0.004692714,0.000200384,14.62735614,0.074103814,0.00325044,1.146571033,0.025369802,0.013963251,,,,
2023,3,3917612,1.43908992,7.06917604,0.046850542,0.002000565,1.741892433,0.009593964,0.000420823,0.234712916,0.022052696,0.01041083,,,,
2023,3,4245645,5.60212637,19.89118214,0.124620641,0.004088926,10.6566009,0.037444599,0.00201,1.550364633,0.053719846,0.026061046,,,,
2023,3,4046676,6.9419733,33.63554754,0.196937066,0.007577976,9.111937058,0.042019433,0.001980439,1.275340204,0.066239638,0.031358593,,,,
2023,3,4372063,5.49672782,,,,23.22699987,0.212504399,0.010937189,1.735711715,0.018441768,0.01032739,,,,
2023,3,13232,2.18777527,,,,9.370617672,0.056351181,0.002655916,0.919059684,0.01075795,0.006024452,,,,
2023,3,2577134,1.29966009,2.15505584,0.009578598,0.00047075,3.709660158,0.014530439,0.000733551,0.512727051,0.009761965,0.004979812,,,,
2023,3,2976592,0.86648491,,,,3.782120483,0.00539309,0.000289965,0.463026104,0.007033134,0.003938555,,,,
2023,3,4372780,0.42025545,,,,2.281173725,-0.001562034,-0.000101614,0.204295824,0.002361347,0.001322355,,,,
2023,3,4046530,2.97496384,12.81032074,0.094578631,0.00437164,3.814043387,0.027080483,0.001118808,0.535877828,0.02960112,0.014083109,,,,
2023,3,4430871,5.26922132,27.38419144,0.186321695,0.007956122,5.445125803,0.027933682,0.001225264,0.737262007,0.060045698,0.028225721,,,,
2023,3,2975674,1.0179514,,,,4.026564236,0.023417616,0.001652184,0.474483527,0.002742152,0.001535605,,,,
2023,3,4034862,0.40658796,,,,2.001511051,0.001189854,7.34355e-05,0.20170017,0.002331346,0.001305554,,,,
2023,3,3728262,4.08026318,,,,18.92313165,0.102409263,0.00527,1.597901429,0.031958029,0.017896496,,,,
2023,3,3917914,2.28216792,,,,10.70479127,0.05151733,0.00317955,0.914273486,0.016503012,0.009241686,,,,
2023,3,2979843,2.02848004,4.732740345,0.052616307,0.001791718,4.627211176,0.025341771,0.001472517,0.633881193,0.016259064,0.008051123,,,,
2023,3,3128724,2.92413513,,,,11.86879286,0.052882499,0.00263,1.325876914,0.02102795,0.011775652,,,,
2023,3,3917668,3.27927343,3.215760423,0.027532608,0.001267943,10.67345544,0.075310352,0.003099949,1.279079372,0.014255803,0.007448634,,,,
2023,3,4689334,1.98830102,,,,8.948456637,0.056648983,0.00258041,0.757198818,0.008045164,0.004505292,,,,
2023,3,4248909,7.41489108,29.69264764,0.286327565,0.011192164,10.23476057,0.057238698,0.00298332,1.394594801,0.067038486,0.031981546,,,,
2023,3,4565908,1.00155286,,,,4.189560336,0.020972146,0.001479649,0.380415346,0.004041876,0.002263451,,,,
2023,3,4039050,3.12083316,,,,11.69669077,0.099594869,0.005787093,1.172807723,0.022656451,0.012687613,,,,
2023,3,4570561,3.62103236,11.87836889,0.070745357,0.002321225,7.223688425,0.030801021,0.00165605,1.04010607,0.031984998,0.015566191,,,,
2023,3,4242392,1.68818465,,,,6.648205951,0.065146294,0.00325523,0.633989942,0.007327954,0.004103654,,,,
2023,3,3122168,2.1364932,,,,9.85573034,0.059864746,0.002595386,0.800557107,0.012816594,0.007177293,,,,
2023,3,4012556,1.35457154,0.909641848,0.009365107,0.00039474,4.641115377,0.025831767,0.001118449,0.592938884,0.007351543,0.003922245,,,,
2023,3,2574576,1.65315052,,,,8.058520722,0.001005144,4.87e-05,0.848679579,0.006866607,0.0038453,,,,
2023,3,14012,12.73679287,9.223805473,0.080095217,0.003747457,,,,,0.440355875,0.210744224,230.5138617,1.019149507,0.066298114,0.846777087
2023,3,2514206,1.30982556,,,,4.806260936,0.060252632,0.002362503,0.468885829,0.005419603,0.003034978,,,,
2023,3,4242557,5.01467576,,,,20.04761027,0.176279317,0.00768,1.961674872,0.022673962,0.012697419,,,,
2023,3,2574808,4.91820389,,,,23.43234526,0.157789886,0.006494998,1.650185591,0.031956731,0.017895769,,,,
2023,3,2998565,3.78141171,,,,16.85987763,0.112160492,0.005580642,1.435951693,0.022542129,0.012623592,,,,
2023,3,4887558,3.62096425,20.47060778,0.113673921,0.004610821,3.318631303,0.019852472,0.000904297,0.468642976,0.042548333,0.019956612,,,,
2023,3,4243160,2.47383237,7.095366046,0.042188902,0.001973914,7.108263243,0.02551274,0.001659665,0.669889168,0.031115029,0.015359367,,,,
2023,3,4570409,0.88289694,,,,4.260033557,0.017104714,0.00131011,0.359508469,0.007190169,0.004026495,,,,
2023,3,15839,2.00767484,0.830714755,0.005487848,0.00025651,9.370256097,0.053108195,0.004067742,0.644051888,0.015804263,0.008558065,,,,
2023,3,3128452,1.58087226,,,,6.351691047,0.056095643,0.004296561,0.609804017,0.008474679,0.00474582,,,,
2023,3,4039057,2.79846706,,,,13.25972312,0.072716381,0.003637566,1.051928937,0.021038579,0.011781604,,,,
2023,3,3127310,4.78120585,,,,20.86347124,0.07997146,0.003303954,2.239365804,0.028297987,0.015846872,,,,
2023,3,4258248,1.095766,,,,4.14989206,0.047340896,0.002482738,0.396781271,0.004586185,0.002568264,,,,
2023,3,3052056,7.19859731,,,,31.96288009,0.283935069,0.011687426,2.326200942,0.046524019,0.026053451,,,,
2023,3,2975417,0.6387953,1.201830821,0.011539466,0.000392948,1.500186173,0.015627643,0.000908,0.208349294,0.005486855,0.002752422,,,,
2023,3,3149687,1.1029373,7.395263091,0.061807322,0.002846375,,,,,0.014688365,0.006756648,,,,
2023,3,4035693,0.19722136,1.454443758,0.009173674,0.000379302,,,,,0.004502676,0.002071231,,,,
2023,3,4035656,4.12292346,1.510591119,0.014560687,0.00045403,19.05351245,0.074246265,0.003950498,1.555483472,0.028691967,0.01568857,,,,
2023,3,4361577,3.18687864,,,,16.91603862,0.054721994,0.003021143,1.186862239,0.023737245,0.013292857,,,,
2023,3,4722908,3.46658497,,,,14.959989,0.090310067,0.004493456,1.437823733,0.016537298,0.009260887,,,,
2023,3,2576581,1.48793443,,,,7.033105843,0.028886532,0.0015737,0.6148855,0.006152542,0.003445424,,,,
2023,3,4027873,4.82839201,,,,23.35823422,0.119787224,0.005456411,1.802351086,0.036047022,0.020186332,,,,
2023,3,4048228,6.10499196,,,,27.46903694,0.135630799,0.00749,2.561706006,0.029609405,0.016581267,,,,
2023,3,2515270,0.68024944,0.961876833,0.008136245,0.000362429,1.887100215,0.015562438,0.000778496,0.25503643,0.004156862,0.002134219,,,,
2023,3,4430539,0.27791822,,,,1.081510341,0.010517746,0.000486749,0.107033474,0.001231058,0.000689393,,,,
2023,3,2580216,1.26526729,,,,5.359020433,0.026924463,0.001232117,0.42625262,0.008525052,0.004774029,,,,
2023,3,4373266,0.53327545,,,,2.29676123,0.017763565,0.00088761,0.197538019,0.002098822,0.00117534,,,,
2023,3,3914151,1.54980079,,,,6.292263953,0.046782654,0.00213099,0.643754001,0.007440812,0.004166855,,,,
2023,3,4036416,0.53514344,,,,2.4856882,0.009459576,0.000522253,0.23388815,0.004677763,0.002619547,,,,
2023,3,3914397,0.45157455,,,,1.793935384,0.005781425,0.000358914,0.16179798,0.00259032,0.001450579,,,,
2023,3,4039505,0.52595032,,,,1.862559741,0.014022188,0.000608,0.256790383,0.002235897,0.001252102,,,,
2023,3,3932423,1.00920696,,,,4.385373859,0.032904827,0.001680313,0.378150768,0.007563015,0.004235289,,,,
2023,3,3125107,0.80097156,1.910703659,0.012503185,0.000512873,1.972352642,0.014443715,0.000665,0.254620031,0.006208309,0.003077522,,,,
2023,3,4361438,3.91555183,,,,17.29731082,0.097149085,0.005363497,1.612582917,0.018638993,0.010437836,,,,
2023,3,3046401,1.07834141,,,,5.187503747,0.026969913,0.001271133,0.404066788,0.008081336,0.004525548,,,,
2023,3,3047876,0.37058657,,,,1.8347374,0.005054847,0.000313808,0.159648254,0.003192965,0.00178806,,,,
2023,3,4045305,0.43142157,,,,2.286951371,-0.00099811,-6.49295e-05,0.211339807,0.002281124,0.00127743,,,,
2023,3,4040612,0.23022909,,,,1.084602519,0.002523081,0.000116765,0.107758936,0.001245529,0.000697496,,,,
2023,3,3918003,3.04004779,,,,13.24149389,0.0805775,0.004287371,1.239526936,0.014327036,0.00802314,,,,
2023,3,3122154,0.44817935,,,,1.603716678,0.010921412,0.000771,0.222859285,0.001940456,0.001086655,,,,
2023,3,4374045,0.58013555,,,,2.464522087,0.018024828,0.000830308,0.226740021,0.002620768,0.00146763,,,,
2023,3,3040569,0.46946439,,,,2.043749901,0.003310987,0.0002336,0.182455867,0.003649117,0.002043506,,,,
2023,3,4250764,1.90219402,,,,7.549898383,0.06950172,0.003622477,0.732204455,0.008463164,0.004739372,,,,
2023,3,2978109,1.32010982,,,,5.722487609,0.028505265,0.001834116,0.583140444,0.009124829,0.005109905,,,,
2023,3,3923392,2.66624813,,,,11.84914819,0.043898296,0.001813622,1.229862456,0.01421533,0.007960585,,,,
2023,3,2531358,1.45033061,,,,7.263883453,0.006143247,0.00030731,0.695256194,0.008036099,0.004500215,,,,
2023,3,4034779,1.59893491,,,,6.692385551,0.052329715,0.002295355,0.618950973,0.007154127,0.004006311,,,,
2023,3,4036224,2.89735674,13.37056908,0.09344175,0.003343891,3.86163207,0.014879099,0.000740322,0.545767321,0.032201959,0.015288106,,,,
2023,3,3116158,0.59775154,0.628656585,0.005747055,0.000190148,1.739463665,0.017425461,0.000870716,0.223036108,0.003206101,0.001669006,,,,
2023,3,4360086,0.49861289,,,,2.128175903,0.012888713,0.00070216,0.209696368,0.002411847,0.001350635,,,,
2023,3,4039253,1.92296481,,,,8.298730261,0.049188528,0.002679726,0.802748333,0.009278543,0.005195984,,,,
2023,3,4429006,1.67994887,0.715913866,0.004664746,0.000199189,7.142331981,0.043546958,0.001910114,0.60886746,0.007764536,0.004218602,,,,
2023,3,3115349,0.55367653,,,,1.977325829,0.017335998,0.00079333,0.252748005,0.002200699,0.001232392,,,,
2023,3,3929914,0.68930607,1.074001841,0.005379037,0.000206981,1.922522466,0.016703838,0.000787277,0.259581065,0.004432773,0.002265095,,,,
2023,3,3046704,0.38756232,,,,1.823679947,-0.003970757,-0.000255491,0.231874653,0.002144093,0.001200692,,,,
2023,3,3910176,1.7474303,,,,8.506079797,0.044386441,0.002031212,0.640448908,0.012808978,0.007173028,,,,
2023,3,4212884,1.56448752,,,,5.917986281,0.033313807,0.00183922,0.776522006,0.006761246,0.003786298,,,,
2023,3,3047536,1.07339672,,,,4.379325914,0.034925531,0.00153195,0.428260282,0.004950034,0.002772019,,,,
2023,3,3916749,0.52975508,,,,2.297559142,0.014458884,0.000941,0.214069697,0.002474318,0.001385618,,,,
2023,3,3932144,2.68349074,,,,11.24032125,0.09576508,0.004431897,0.997828906,0.019956578,0.011175684,,,,
2023,4,3116406,22.12632255,0.868251511,0.008422143,0.000304862,108.3845773,0.629903459,0.029746187,7.429878748,0.109051093,0.060887395,,,,
2023,4,4241389,14.76677639,1.886580053,0.011464503,0.000379195,70.90426644,0.240334123,0.015089465,6.027972853,0.075648321,0.042004095,,,,
2023,4,4047646,15.72418906,,,,74.96457854,0.505662464,0.032509609,5.23642734,0.09847155,0.055144068,,,,
2023,4,4040715,21.68098746,42.36978848,0.79966375,0.020168976,,,,,0.621429782,0.295340663,220.3204086,1.392770541,0.089542786,0.691497295
2023,4,3918298,20.90524099,33.43041802,0.468845593,0.014287213,,,,,0.713841009,0.34087323,273.2543172,1.545009145,0.082822956,0.946198756
2023,4,4374302,16.70845965,3.671227601,0.028221889,0.000940232,72.27604029,0.384467356,0.019475821,6.674709463,0.072276903,0.039926087,,,,
2023,4,4262921,22.06467114,,,,108.1464879,0.591433868,0.021705093,7.757481897,0.09095798,0.050936469,,,,
2023,4,16800,20.64871821,0.58054034,0.002989609,0.000167663,102.7862698,0.477809229,0.023951101,7.494973923,0.10629598,0.059387644,,,,
2023,4,4239996,17.51469378,79.90874059,0.521560394,0.016809649,25.34088281,0.112616978,0.005966855,3.388250437,0.268917429,0.12810812,,,,
2023,4,2976212,17.75031688,,,,83.72744172,0.353391322,0.018944169,7.338534577,0.108998336,0.061039068,,,,
2023,4,4362628,19.72974629,1.103957438,0.004916986,0.000332627,89.23130224,0.672619764,0.024754948,6.721558213,0.129408685,0.072073772,,,,
2023,4,3054850,14.50905146,50.68669018,0.299909317,0.011334655,30.73700327,0.183906855,0.008824903,3.554870452,0.139686911,0.067547245,,,,
2023,4,4430807,17.67976573,70.03843101,0.393802652,0.011192744,32.84228117,0.140306196,0.008301017,4.297336345,0.159166434,0.07674122,,,,
2023,4,3916148,18.63057787,87.45431407,0.543749848,0.017984859,25.83078966,0.105752964,0.00664,3.475587644,0.129605346,0.061603371,,,,
2023,4,3043078,16.85123524,79.71814945,0.704074973,0.018322002,20.42189796,0.077483132,0.005052758,2.299880118,0.217099496,0.102238884,,,,
2023,4,2577417,14.32374164,14.59074597,0.173264174,0.005730818,,,,,0.473593734,0.226406862,227.4276263,1.104525852,0.069348056,0.699975243
2023,4,4047650,14.37902654,,,,67.90550426,0.428878649,0.0261,5.073979353,0.101479587,0.056828569,,,,
2023,4,4429795,12.4801925,34.61650289,0.275752233,0.009186875,28.89271671,0.130016648,0.006586205,3.676585597,0.095405297,0.046901959,,,,
2023,4,3116385,14.67693613,61.47253483,0.363814312,0.024611543,22.18080892,0.169840106,0.006250757,3.135434826,0.094412972,0.044987088,,,,
2023,4,15847,16.96626181,0.518019616,0.00971444,0.000504117,72.01404465,0.563747217,0.022389302,6.311766494,0.07845114,0.043668944,,,,
2023,4,4430027,10.65712511,,,,45.90045168,0.294874096,0.014937328,4.322326099,0.04971374,0.027839694,,,,
2023,4,4427366,11.38950769,55.60901854,0.271112802,0.009561378,18.37557349,0.063582903,0.003285581,2.074539882,0.127157862,0.060356772,,,,
2023,4,16737,14.12150155,,,,68.89008569,0.384197048,0.017023255,4.955440336,0.056853712,0.031838079,,,,
2023,4,3126486,16.58225024,14.11726889,0.196690749,0.005742269,69.19663492,0.469150592,0.025665121,4.331817503,0.135957826,0.071204235,,,,
2023,4,2576414,14.34487261,57.75314122,0.456400783,0.016520626,21.85637534,0.123728912,0.005842901,2.965289763,0.114369036,0.054946018,,,,
2023,4,4361370,16.78500585,,,,89.8075049,0.292014313,0.014,6.158876316,0.123177526,0.068979415,,,,
2023,4,4697815,12.89889088,62.48564168,0.205861415,0.015497549,19.4763762,0.085860272,0.003804353,3.125346077,0.228190095,0.108795455,,,,
2023,4,4569618,13.91208125,0.706144576,0.003182026,0.000112221,68.31411207,0.404777485,0.020916459,4.623528235,0.094885829,0.052894538,,,,
2023,4,4372016,14.74544914,0.774915641,0.00792407,0.000286833,73.36437578,0.346871795,0.016380468,5.270671308,0.092989125,0.051857553,,,,
2023,4,3915416,12.31361959,,,,57.22077474,0.486240244,0.0338,3.667482372,0.055760461,0.031225858,,,,
2023,4,3040151,11.20019376,0.422097748,0.007402286,0.000216105,49.16736053,0.360039235,0.019696129,4.05012116,0.049109727,0.027321409,,,,
2023,4,3139477,21.20883792,24.25350603,0.123514141,0.006409592,,,,,0.492485398,0.235433477,287.6919517,2.048300037,0.08134853,0.688072516
2023,4,4035687,15.01626719,,,,71.17080768,0.253150159,0.014174525,6.485600438,0.122225017,0.068446009,,,,
2023,4,4567048,17.55147936,75.36265966,0.935661159,0.030011969,17.11198107,0.066904923,0.004070569,2.298002514,0.084543372,0.039890397,,,,
2023,4,4379399,14.90449517,57.17616094,0.473482998,0.014428529,25.48859755,0.105012751,0.005629395,3.245510098,0.126675767,0.06096156,,,,
2023,4,3051876,10.41677925,,,,47.88965436,0.170127446,0.009013968,4.628463402,0.036068034,0.020198099,,,,
2023,4,4426515,14.51318893,4.003795481,0.040982983,0.00105209,72.50613083,0.164757321,0.010781242,5.676593967,0.067642936,0.037147076,,,,
2023,4,4259545,14.27726136,69.14461685,0.595912768,0.015030005,14.2663614,0.098549971,0.006335889,1.868851116,0.155289903,0.073146902,,,,
2023,4,3916387,17.91798841,60.58527355,0.357810323,0.010409906,,,,,0.636166967,0.302473774,215.4321637,0.793142566,0.058819293,0.813784272
2023,4,4360438,13.81454506,1.008876753,0.011767945,0.000343558,61.14285895,0.519318522,0.0284,4.43713289,0.075230736,0.041876661,,,,
2023,4,3117251,21.07905405,85.63281621,0.823021431,0.02402762,28.57609769,0.182422782,0.009979531,3.692079422,0.145284199,0.06921517,,,,
2023,4,15795,13.12622358,,,,65.35917371,0.203465939,0.013268232,5.462446918,0.109248938,0.061179405,,,,
2023,4,4241478,14.36204331,,,,66.00305784,0.43741323,0.028121789,5.166873604,0.078510461,0.043965858,,,,
2023,4,3925357,14.17390275,,,,65.61946904,0.439223887,0.023271672,5.026019249,0.087737563,0.049133035,,,,
2023,4,15818,19.77270623,1.688958959,0.015138115,0.000659232,83.39744788,0.651431622,0.031141485,7.346340437,0.133764622,0.074414373,,,,
2023,4,4035538,12.74124446,68.54934447,0.577016794,0.019223711,9.373370535,0.044583891,0.00225847,1.302808922,0.139201617,0.065038216,,,,
2023,4,4432577,15.26069823,13.80219322,0.111881446,0.004428436,,,,,0.55581822,0.265932382,253.1918306,1.1831689,0.055201259,0.626626608
2023,4,4047365,15.18522614,62.18835232,0.389767957,0.021858957,28.0101866,0.068372693,0.003427312,3.498984002,0.142757089,0.068398098,,,,
2023,4,4429160,12.59050021,50.84775709,0.4323359,0.015649534,18.23787221,0.113441694,0.005357103,2.389864438,0.110222921,0.052662702,,,,
2023,4,4430737,18.00687274,63.61964918,0.751611696,0.019294921,29.98809607,0.148510368,0.009718089,3.256235146,0.164503244,0.078506725,,,,
2023,4,3042519,14.10821485,48.86069016,0.251845076,0.013965651,31.04909291,0.198920761,0.008811842,3.521391298,0.163562875,0.07931238,,,,
2023,4,4361529,13.27686865,62.49324167,0.421160947,0.021855552,17.8300002,0.095628435,0.003797897,2.291355594,0.215758389,0.102274159,,,,
2023,4,4258173,12.17441825,,,,61.31057519,0.304520732,0.014207547,4.262450153,0.068240096,0.038214454,,,,
2023,4,3045147,14.14977976,61.36624076,0.447230756,0.018698776,19.26030231,0.072692958,0.005803067,3.084741034,0.178895514,0.085441778,,,,
2023,4,4241479,18.46836149,9.251043571,0.150507016,0.005447997,,,,,0.547766028,0.262109333,291.270106,1.722472995,0.081341041,0.782150298
2023,4,4362887,19.97104114,61.64496391,0.383765766,0.017103548,,,,,0.773551025,0.367381055,193.8438534,1.46131828,0.101438535,0.808899578
2023,4,3116165,12.72297862,,,,58.18808805,0.238292774,0.010558433,5.571906755,0.108457545,0.060736225,,,,
2023,4,3123076,7.45147979,0.303859093,0.003410788,0.000156372,31.49434809,0.213800819,0.015904839,2.972546624,0.033439295,0.01858081,,,,
2023,4,4239993,14.41528897,,,,65.37737845,0.541064185,0.0199,4.654464635,0.057698766,0.032311309,,,,
2023,4,16460,13.12537681,,,,54.14270095,0.450166589,0.021765876,5.034568144,0.062175639,0.034818358,,,,
2023,4,2577327,13.27706989,,,,59.87300915,0.356398233,0.021683661,5.213732241,0.096669633,0.054134995,,,,
2023,4,4242355,8.50542175,,,,35.12987391,0.256299141,0.016091835,3.466272433,0.04006481,0.022436294,,,,
2023,4,2976499,11.97630736,,,,55.72752732,0.271598951,0.020204495,4.801050815,0.061724002,0.034565441,,,,
2023,4,4241457,11.22384834,60.63400254,0.222109729,0.01804154,12.16077625,0.108266212,0.004585254,2.043589402,0.138177246,0.065188085,,,,
2023,4,3121422,12.84633686,,,,67.91328137,0.167879688,0.009931956,5.107698156,0.072997744,0.040878736,,,,
2023,4,4361307,3.85427391,,,,16.51410027,0.062007114,0.004950018,1.84423286,0.021316512,0.011937247,,,,
2023,4,3121023,9.6728534,,,,43.23442854,0.215538962,0.013857242,4.086093414,0.052699214,0.02951156,,,,
2023,4,4361741,17.88112846,9.522240552,0.24614616,0.00718609,,,,,0.297713076,0.142344825,240.8981359,1.765172326,0.096564649,0.587629564
2023,4,4429205,11.11369177,,,,51.64253686,0.329067423,0.012076479,3.997326337,0.042471203,0.023783874,,,,
2023,4,4429615,13.06455581,4.582089409,0.028813808,0.000838291,59.98432025,0.170834004,0.012669015,5.453775646,0.066216429,0.036254141,,,,
2023,4,4361579,12.61435447,58.04401286,0.246981545,0.01881327,20.61440159,0.119643331,0.004911183,2.660729706,0.172181333,0.08198142,,,,
2023,4,4426354,14.18300159,,,,68.81776502,0.417502811,0.017681938,4.845685095,0.077577451,0.043443373,,,,
2023,4,4258595,7.57759179,,,,31.64240531,0.262071556,0.018191899,2.847398539,0.039189659,0.021946209,,,,
2023,4,4360310,15.87780761,21.22093057,0.228577247,0.007366938,,,,,0.58928928,0.281548054,236.8741646,1.197690391,0.063457973,0.737785396
2023,4,3128429,13.79719439,,,,61.90174018,0.525107997,0.021554912,4.474155231,0.055680954,0.031181334,,,,
2023,4,3117256,7.33636053,,,,29.78719687,0.215152457,0.010038031,3.084686109,0.034780419,0.019477034,,,,
2023,4,4241474,11.30018993,58.52615703,0.408018822,0.016285156,12.52362057,0.044760656,0.002648092,1.575867188,0.148114663,0.069555192,,,,
2023,4,4428331,6.8114787,1.289073313,0.008264321,0.000428865,29.24407256,0.221361015,0.008791385,2.391848247,0.027745676,0.015304326,,,,
2023,4,3916433,12.22991132,0.599291322,0.002915179,0.000163489,54.79451357,0.315693809,0.015824755,4.854848364,0.099070165,0.055281973,,,,
2023,4,4036378,16.82411698,14.59633618,0.132587797,0.007352436,,,,,0.68145091,0.325743737,247.0078973,1.722493994,0.076303473,0.867579815
2023,4,4569987,10.55293136,27.78658233,0.106132976,0.008620975,27.9584042,0.135457073,0.005736832,3.588585984,0.091613996,0.045413595,,,,
2023,4,4385690,8.110872,,,,33.67094067,0.230975994,0.012381878,3.375616264,0.038825046,0.021742026,,,,
2023,4,3051392,6.83070981,35.85065862,0.097071839,0.008153965,9.331992574,0.043329837,0.001897698,1.518188588,0.073918775,0.035103641,,,,
2023,4,4372019,11.90421193,60.56346552,0.303654995,0.013921478,15.04707261,0.088359939,0.006573177,2.083299164,0.145021811,0.06852398,,,,
2023,4,4360248,9.20006324,0.818552738,0.01319173,0.000374938,46.48765391,0.196198741,0.01160782,3.224238286,0.03260792,0.017981025,,,,
2023,4,4040761,6.71435907,34.25025842,0.174182736,0.006894415,8.381571611,0.022121989,0.001032111,1.269452462,0.097283758,0.046167603,,,,
2023,4,4248528,11.20219196,2.984869092,0.021228033,0.001177165,50.45751427,0.368422334,0.016320465,3.571607467,0.080870519,0.044343654,,,,
2023,4,4569173,12.81325227,63.70944578,0.163352951,0.013721532,21.5363739,0.071372388,0.003125865,3.031430483,0.199123339,0.095031503,,,,
2023,4,4426502,9.35948435,,,,43.70004069,0.225512112,0.013342104,3.690439236,0.073808785,0.041332919,,,,
2023,4,4241416,6.44749112,19.86814949,0.095098079,0.005689671,15.10396819,0.072249,0.003493291,1.998471946,0.07414627,0.036298498,,,,
2023,4,4036133,14.09110466,,,,57.86104326,0.421115815,0.015454573,5.812210759,0.059268271,0.033190232,,,,
2023,4,2576925,10.9479374,,,,50.65088542,0.272067323,0.018795457,4.264769942,0.04747316,0.02658497,,,,
2023,4,3046779,15.03918573,6.052971305,0.129188716,0.004304011,,,,,0.509705583,0.243995672,240.8970853,1.416836813,0.071772178,0.661037697
2023,4,4243537,10.63244732,,,,51.48318044,0.364387585,0.019533643,3.323550675,0.059268028,0.033190096,,,,
2023,4,3051926,6.85756216,39.85966676,0.272692467,0.007933541,4.943827179,0.018789179,0.001393402,0.689738112,0.088208482,0.041198552,,,,
2023,4,4241372,13.34835401,1.461142028,0.007170034,0.00029978,64.69106507,0.226291711,0.018064832,5.400421767,0.096528695,0.053669081,,,,
2023,4,16731,8.52479672,,,,40.3046489,0.177832028,0.011165248,3.445613708,0.03712727,0.020791271,,,,
2023,4,4048244,15.24039221,68.61255733,0.329653821,0.023203267,23.99368122,0.129686815,0.00475939,3.270702714,0.111060191,0.052918744,,,,
2023,4,4035676,14.34119588,70.086526,0.42226439,0.012646124,17.92042744,0.095553188,0.005350268,2.548621235,0.164000894,0.077675474,,,,
2023,4,15864,17.37286037,17.04044129,0.133520885,0.004282773,,,,,0.549392627,0.262751268,257.0042108,1.529878377,0.093079487,0.607866499
2023,4,4241463,13.43319755,,,,67.31139589,0.429809364,0.017643043,4.158531741,0.064571471,0.036160024,,,,
2023,4,3895856,11.993969,1.494466898,0.010633112,0.0003427,53.3884773,0.255904204,0.013558731,4.95974465,0.07481292,0.041535414,,,,
2023,4,4362249,9.85348229,1.35859964,0.007363779,0.000408346,44.47440272,0.318794089,0.014122021,3.240287545,0.036934784,0.020432774,,,,
2023,4,3052587,13.43352784,10.89862687,0.038480356,0.002896858,,,,,0.620779016,0.296843404,232.5253397,1.225016433,0.054278833,0.812670437
2023,4,4430878,8.12586715,,,,37.52176631,0.222218146,0.013519997,3.048763603,0.032392816,0.018139977,,,,
2023,4,4242431,3.2662848,11.55115171,0.057609871,0.004054973,6.492044608,0.030451912,0.001117558,0.874391033,0.030693862,0.014880517,,,,
2023,4,4360238,12.38799753,60.47628907,0.350161504,0.013859921,16.451099,0.062403017,0.00291144,2.372154988,0.201392624,0.095571059,,,,
2023,4,4361050,3.13813142,,,,13.50011831,0.066987325,0.004967767,1.393879154,0.016111112,0.009022223,,,,
2023,4,12483,14.36627428,5.253533755,0.119400098,0.003065167,,,,,0.501317461,0.240113554,280.8251362,0.978256739,0.064014289,0.844351944
2023,4,4038941,21.92450923,13.52253311,0.223535945,0.009734506,,,,,0.456723121,0.218468591,266.1139064,2.413764475,0.115389255,0.446972122
2023,4,4361411,9.13015752,,,,34.72772661,0.371780126,0.015745506,3.425712152,0.027890231,0.015618529,,,,
2023,4,4239934,7.95955339,41.21197322,0.246744707,0.013682818,9.298967841,0.041074802,0.001819542,1.232223931,0.089293181,0.042022212,,,,
2023,4,14881,18.58593624,19.63923482,0.069377149,0.00528465,,,,,0.49220847,0.235375539,254.8537093,1.902004543,0.078074493,0.652701946
2023,4,4035886,12.10419337,62.54207024,0.343320614,0.015301002,14.91425584,0.079691103,0.005531819,1.853448375,0.081212645,0.038382776,,,,
2023,4,4361777,2.46787245,14.56009062,0.085618741,0.004801668,2.033816565,0.009084502,0.000455378,0.258309994,0.031456508,0.014694906,,,,
2023,4,3116365,12.19327344,0.589103469,0.008367607,0.000243442,54.59639319,0.260120015,0.019290448,5.101461542,0.070787962,0.039298641,,,,
2023,4,2468609,3.51376898,14.27993022,0.115501547,0.00436522,4.739367145,0.040591773,0.001947825,0.460067444,0.06240751,0.029695065,4.944015057,0.023353807,0.00119602,0.016620975
2023,4,4045163,15.55585535,71.12343987,0.351123039,0.021007519,27.67864873,0.069714056,0.003370724,3.266729049,0.177545771,0.084773809,,,,
2023,4,4361409,10.44000164,,,,56.38093301,0.149737958,0.00885867,3.972650628,0.079453013,0.044493687,,,,
2023,4,4426875,14.10717501,13.43459871,0.168284788,0.00671671,,,,,0.59121614,0.282935544,264.5248911,0.945691305,0.055948189,1.092406581
2023,4,4360294,7.16339164,9.553677235,0.076854857,0.003067489,22.44857373,0.085619883,0.005065371,2.958234377,0.049095313,0.025289113,,,,
2023,4,4426385,6.85485592,27.76512523,0.260615308,0.008359413,9.698841451,0.048892677,0.002974684,1.287349139,0.063219818,0.030136996,,,,
2023,4,3121427,6.97846791,2.831985491,0.018966266,0.000756996,30.20815136,0.075603898,0.004472814,3.153946498,0.05393949,0.029397439,,,,
2023,4,3045144,10.42705928,,,,43.62043309,0.297991384,0.011,4.316080659,0.055788382,0.031241494,,,,
2023,4,4428557,8.67868699,25.16647074,0.190237042,0.0049505,19.16117733,0.090806723,0.005921604,2.524718877,0.067673233,0.033200453,,,,
2023,4,4361432,9.00992702,,,,42.10009637,0.270369976,0.011976917,3.224263184,0.064485264,0.036111748,,,,
2023,4,4688813,10.38392683,,,,48.9225284,0.249614738,0.013976568,4.012654582,0.042634064,0.023875076,,,,
2023,4,3059915,5.38391795,28.20707439,0.166831973,0.00764864,5.74320897,0.029482735,0.002193248,0.840822343,0.054059323,0.025466375,,,,
2023,4,3915511,18.87019087,7.664580432,0.09386617,0.006349919,,,,,0.472715138,0.226350151,272.3018262,2.079743953,0.076542433,0.69803873
2023,4,2976316,11.93302355,,,,55.03125943,0.241931879,0.011609275,5.046186759,0.083304443,0.046650488,,,,
2023,4,4366031,12.2410908,,,,60.54135844,0.251026452,0.011711748,4.712126539,0.050065885,0.028036896,,,,
2023,4,2573401,8.39505965,,,,37.06800853,0.158379924,0.0104,3.749386371,0.02945278,0.016493557,,,,
2023,4,3918639,8.24517258,1.2299882,0.026643993,0.001160288,31.41727475,0.304657557,0.014564059,2.995197137,0.031594528,0.017421421,,,,
2023,4,16813,8.51967441,,,,36.59277754,0.24078344,0.014245026,3.424231271,0.033856529,0.018959656,,,,
2023,4,4373626,10.13565498,51.93626646,0.356188688,0.010123672,10.82455967,0.039440772,0.002333457,1.516300014,0.060537398,0.028507331,,,,
2023,4,4372414,9.85855337,9.327580326,0.042724063,0.001958743,44.15351766,0.137164202,0.0102,3.50301922,0.093386354,0.049344363,,,,
2023,4,4360635,7.7811057,,,,35.82198548,0.187681679,0.012238923,3.087364675,0.035685216,0.019983721,,,,
2023,4,4427095,3.96271763,,,,18.33899063,0.075871936,0.00332293,1.601778559,0.017018741,0.009530495,,,,
2023,4,4032473,7.18300576,4.950754135,0.029895145,0.001129845,31.22033703,0.123225237,0.005913052,2.496153654,0.065299878,0.035030251,,,,
2023,4,16782,5.40845155,6.34972469,0.044851347,0.002327497,17.21755074,0.140293017,0.005571757,1.95114978,0.025947221,0.01338723,,,,
2023,4,3116389,8.75716048,24.07952642,0.10459754,0.007967485,21.64743523,0.134551106,0.005523125,2.75798909,0.036922249,0.018184938,,,,
2023,4,4429025,8.64337408,,,,36.95072458,0.344808391,0.016483457,2.879945398,0.030599139,0.017135518,,,,
2023,4,4372485,8.21163359,5.487878761,0.02979684,0.00124581,33.56174433,0.069360549,0.005537042,3.797337944,0.093990595,0.05083035,,,,
2023,4,4242214,4.11335558,17.08766944,0.107822183,0.00559528,6.456140642,0.053194341,0.002112621,0.802211439,0.026688134,0.012726907,,,,
2023,4,16757,14.4515891,7.929066349,0.060968113,0.002304205,,,,,0.51280536,0.245557896,258.882657,1.222871623,0.058605002,0.799090804
2023,4,3116593,8.99339091,38.22737245,0.185073137,0.006527004,16.25067409,0.04100115,0.002118692,2.281177498,0.116905488,0.05620618,,,,
2023,4,3115394,10.19435178,,,,52.87904564,0.298589659,0.014437023,3.13989009,0.049247206,0.027578435,,,,
2023,4,4036348,6.08546853,,,,28.48303236,0.173114992,0.010869088,2.210604226,0.030967017,0.017341529,,,,
2023,4,3916566,6.06184398,,,,27.14013543,0.200259051,0.007349328,2.179240461,0.043584809,0.024407493,,,,
2023,4,3120348,7.99685849,,,,35.34204196,0.109382185,0.004790564,3.881677632,0.077633553,0.043474789,,,,
2023,4,14880,19.05259902,7.112375473,0.051564541,0.003629461,,,,,0.579493877,0.277692879,303.6723255,1.914768736,0.070270296,0.690853748
2023,4,4426386,11.14113705,51.35864419,0.351040765,0.015645071,14.67964828,0.09768257,0.006780711,1.898069454,0.106132227,0.050377614,,,,
2023,4,4430191,7.84860651,1.307605045,0.008225139,0.000426832,36.19115989,0.227923459,0.009052013,2.726438376,0.058919435,0.032555817,,,,
2023,4,4040655,7.82044858,,,,36.01878977,0.263240042,0.01827301,2.647646697,0.041204793,0.023074684,,,,
2023,4,4240021,2.14853174,7.280482097,0.03498605,0.002462555,4.732670518,0.026200275,0.000962,0.594226574,0.022223363,0.010781978,,,,
2023,4,3044720,12.54945056,18.62974723,0.146589796,0.006128938,,,,,0.838080531,0.400713949,217.5537323,0.8200102,0.065461285,0.76957279
2023,4,4242433,11.49591722,,,,48.04250955,0.444234767,0.021236504,4.052139215,0.062504071,0.03500228,,,,
2023,4,4243331,7.22811364,,,,29.77932748,0.219547957,0.009727875,2.950736115,0.034105998,0.019099359,,,,
2023,4,4429084,20.19561142,50.64485963,0.510087935,0.015276295,,,,,0.618739282,0.294563474,236.5712715,1.140632591,0.063866938,0.770131448
2023,4,3929645,6.3038165,,,,27.61176018,0.193895959,0.009304237,2.384771887,0.022051454,0.012348814,,,,
2023,4,3917792,17.57728204,38.08391624,0.362407495,0.012051782,,,,,0.637622257,0.303851929,224.641829,1.165590811,0.080523497,0.823948828
2023,4,3046439,8.26751853,,,,34.28297405,0.240883227,0.010549858,3.40838272,0.03251667,0.018209335,,,,
2023,4,3915486,6.94671545,,,,32.5882309,0.081220886,0.004197005,3.263554655,0.065271093,0.036551812,,,,
2023,4,15835,9.25372651,,,,37.73219757,0.23623506,0.018858608,4.068460931,0.039392636,0.022059876,,,,
2023,4,4038441,9.51917147,40.91324369,0.294864962,0.008578614,13.36119563,0.046566968,0.003453397,2.180263481,0.173209102,0.082881774,,,,
2023,4,4360797,13.27154545,5.566681917,0.062674094,0.001608931,66.42837252,0.219642163,0.014372747,4.460173518,0.107599693,0.058416206,,,,
2023,4,3054212,6.52262646,,,,28.78560506,0.188612321,0.01115898,2.526641546,0.033437036,0.01872474,,,,
2023,4,4371733,8.53240557,34.94633455,0.306698589,0.007735497,12.17662881,0.064451463,0.004143657,1.633247346,0.068819319,0.032807367,,,,
2023,4,15920,5.0863077,14.20912372,0.169741279,0.005172555,9.469147218,0.045393901,0.002433421,1.439843655,0.028687536,0.014071042,,,,
2023,4,4360569,5.39724677,23.11493654,0.22588132,0.006594471,6.536278091,0.04301696,0.002353265,0.849706839,0.053027161,0.025132341,,,,
2023,4,4240703,16.42639418,15.1905173,0.090273166,0.007332713,,,,,0.460322437,0.220117272,238.3358359,1.696367901,0.071844,0.841750234
2023,4,4240600,7.68496857,4.052212681,0.028090448,0.001457714,31.41972034,0.216997659,0.008618093,2.71325705,0.062740136,0.033909019,,,,
2023,4,4722893,1.41740534,6.991664645,0.037775186,0.002877441,1.860369892,0.011795802,0.0004842,0.242461447,0.015679388,0.007411384,,,,
2023,4,3128390,8.19196025,0.744919856,0.003061698,0.000107977,40.12338976,0.16546303,0.008550131,3.111797427,0.03234499,0.017992359,,,,
2023,4,4569587,5.07134086,1.398888267,0.012757467,0.000424247,22.50279403,0.091071329,0.006291558,2.094981984,0.046815011,0.025724869,,,,
2023,4,4685720,15.42194006,12.97492658,0.092840015,0.005554572,,,,,0.525924077,0.251678667,237.6427924,1.482595792,0.071684566,0.766834246
2023,4,3910544,13.44126489,66.56264772,0.628457706,0.02736797,11.72078092,0.059563148,0.002847398,1.553010262,0.14126193,0.066188046,,,,
2023,4,4428085,9.13374367,,,,38.57184369,0.300089553,0.013293443,3.493374087,0.040179451,0.022500493,,,,
2023,4,4362238,1.10324462,4.300812391,0.023038317,0.001558511,1.988544858,0.011398203,0.000419497,0.273948008,0.010927682,0.005251425,,,,
2023,4,15880,10.02252511,,,,47.32861737,0.174945347,0.008162151,4.297504829,0.067517719,0.037809922,,,,
2023,4,3115306,8.2072215,,,,36.84244718,0.273129968,0.013835844,2.911176267,0.049974095,0.027985493,,,,
2023,4,4038815,5.44304668,21.7107455,0.167434833,0.005538009,8.660958715,0.038177188,0.002396969,1.207550853,0.054962858,0.02633434,,,,
2023,4,3051738,5.46446512,,,,28.28130746,0.176468312,0.007008464,1.58357042,0.018345574,0.010273521,,,,
2023,4,3045523,11.06711567,1.755119629,0.00265059,0.000222648,51.72178024,0.21760598,0.009530394,4.475324792,0.089530687,0.049654307,,,,
2023,4,4360761,6.47904719,,,,31.11699129,0.09646292,0.00770062,2.805771676,0.029811051,0.016694188,,,,
2023,4,3916945,9.16689526,,,,46.20741096,0.240790031,0.0166,3.136822805,0.062736456,0.035132415,,,,
2023,4,3930086,7.19975466,,,,29.37013702,0.256420005,0.0137,2.724195424,0.025030797,0.014017246,,,,
2023,4,4249836,0.93172634,3.499696352,0.020862733,0.00095648,1.407531135,0.006041682,0.000449446,0.207227814,0.00885337,0.004252985,,,,
2023,4,4362478,1.57409249,4.752895979,0.028765574,0.001202692,3.358199429,0.01408787,0.001124632,0.514084024,0.013466182,0.006616094,,,,
2023,4,4429086,3.01728187,,,,13.12351519,0.09464459,0.004744241,1.141937757,0.013134131,0.007355113,,,,
2023,4,4428850,4.36606045,,,,19.4553953,0.142937649,0.006331888,1.568455904,0.016664691,0.009332227,,,,
2023,4,3925347,2.73301368,12.71222961,0.15532116,0.004733129,1.93877413,0.01040699,0.000558,0.280500643,0.01924052,0.009023348,,,,
2023,4,3050481,4.92067937,,,,20.65925413,0.169073695,0.006222551,1.851267041,0.021397817,0.011982777,,,,
2023,4,4373678,1.15728908,,,,5.473104907,0.027855332,0.001493235,0.449695713,0.008993914,0.005036592,,,,
2023,4,3116164,5.1424657,,,,22.50421443,0.128510379,0.005628313,2.134598886,0.02274422,0.012736763,,,,
2023,4,3121410,7.45120362,,,,33.7348359,0.127613262,0.00882,3.368069204,0.067361384,0.037722375,,,,
2023,4,4361259,12.23752646,16.10790878,0.133323918,0.004701956,,,,,0.388353371,0.185726793,211.0592479,0.889837654,0.045981442,0.9575471
2023,4,4362504,2.22974817,,,,9.470051641,0.063253018,0.002951097,0.908810499,0.01050446,0.005882498,,,,
2023,4,3135321,3.97077592,,,,16.73076322,0.092403713,0.004631913,1.772787943,0.035455759,0.019855225,,,,
2023,4,2576623,10.14410335,,,,47.69232446,0.239456636,0.010487378,3.983872837,0.061004019,0.034162251,,,,
2023,4,4429013,2.34756654,11.84292139,0.115899217,0.003735378,1.736041102,0.009014811,0.000477637,0.254242201,0.024694617,0.011568053,,,,
2023,4,4686472,6.97415093,5.649678195,0.027164968,0.002069231,27.43345565,0.218488132,0.008968617,2.041031365,0.0318201,0.016805822,,,,
2023,4,3049916,11.22607064,48.34245825,0.448570251,0.014917106,14.12116029,0.054172159,0.00374,2.033669282,0.116718132,0.055406584,,,,
2023,4,4692590,2.57290988,,,,11.55049422,0.064496034,0.004455634,1.033987522,0.010986017,0.006152169,,,,
2023,4,4260394,14.97424453,10.68783208,0.088380137,0.004956533,,,,,0.582753664,0.279063983,264.5472883,1.338725515,0.067106174,1.081485271
2023,4,4239086,13.35387674,18.15672584,0.202319906,0.00575038,,,,,0.627816278,0.299736151,196.0849259,0.967345292,0.05723161,0.465772581
2023,4,3930066,8.54111735,2.757271748,0.026695624,0.000685314,42.57959953,0.175577275,0.011489269,2.827910089,0.054863669,0.029956212,,,,
2023,4,4360078,6.4342863,,,,32.30792012,0.133182607,0.007457235,2.442915478,0.04885831,0.027360653,,,,
2023,4,3139602,2.68400405,9.108426625,0.067407737,0.00217252,4.979321966,0.018554797,0.0009831,0.778471843,0.026672849,0.013015546,,,,
2023,4,4599739,6.46935591,32.97903206,0.195086719,0.007373031,7.677865444,0.038274795,0.001836644,1.048959051,0.069561539,0.032858661,,,,
2023,4,3924365,7.13583797,,,,28.12156694,0.22133046,0.0107,3.023934504,0.045389271,0.025417992,,,,
2023,4,4241464,13.64968959,10.50869207,0.023513736,0.001975137,,,,,0.508849391,0.243444441,245.7382231,1.146356466,0.050206474,0.79406558
2023,4,3912092,5.09157283,,,,17.80187955,0.273758125,0.013086921,1.663691984,0.019229736,0.010768652,,,,
2023,4,3118892,5.77965816,,,,27.74148158,0.182588387,0.00725,1.937861785,0.038757236,0.021704052,,,,
2023,4,4036131,6.35556591,,,,26.74329497,0.15605517,0.00949,2.74731301,0.019556806,0.010951811,,,,
2023,4,4241401,4.21579994,13.21862163,0.090183903,0.00270086,8.96026724,0.038630757,0.002163035,1.250768959,0.037260371,0.018228826,,,,
2023,4,4362087,2.81815973,13.82673107,0.091168059,0.003811748,3.311538178,0.012020241,0.000959574,0.506810092,0.033870832,0.016021867,,,,
2023,4,14876,13.7839625,13.27431034,0.228396727,0.005943522,,,,,0.458209911,0.219246554,230.1090817,0.934381453,0.060932015,0.781557969
2023,4,3115255,0.73664463,,,,2.766288933,0.019406108,0.000712187,0.252940064,0.005058801,0.002832929,,,,
2023,4,4431453,2.01932859,7.680427997,0.055737658,0.001843557,3.383687628,0.016502652,0.001036125,0.491327886,0.018807507,0.009054439,,,,
2023,4,4258195,5.04127058,,,,24.96376114,0.079895104,0.00594347,1.997304199,0.039946084,0.022369807,,,,
2023,4,4035004,0.95844737,,,,4.61709601,0.015017715,0.000776025,0.414137711,0.008282754,0.004638342,,,,
2023,4,3931391,0.58389857,,,,2.496094125,0.018919714,0.000696317,0.224284004,0.00448568,0.002511981,,,,
2023,4,16799,8.68228358,,,,35.82711285,0.274180619,0.011612005,3.488018524,0.0518946,0.029060976,,,,
2023,4,4240472,2.59535135,,,,10.41097362,0.087939632,0.003492535,1.032684731,0.011936257,0.006684304,,,,
2023,4,3123075,6.89823493,,,,30.42286438,0.212343399,0.010027578,2.551342182,0.051026844,0.028575032,,,,
2023,4,4426407,4.62967745,,,,20.97735029,0.116929884,0.005181006,1.841396929,0.019564663,0.010956211,,,,
2023,4,4242540,5.5038454,,,,21.92114442,0.193956332,0.0134,2.168624147,0.043372483,0.02428859,,,,
2023,4,2576336,3.86311248,0.838432536,0.004067883,0.000228135,15.65701071,0.075431112,0.00378,1.748325384,0.018416989,0.010126736,,,,
2023,4,4567096,3.1963228,,,,15.53241545,0.06237586,0.002910173,1.27785387,0.013577073,0.007603161,,,,
2023,4,4243389,9.6826539,1.417705971,0.005576104,0.000452936,45.00028172,0.259745878,0.01100067,3.383834572,0.038495737,0.02130333,,,,
2023,4,4240657,3.45400325,5.001733108,0.023619194,0.000832982,11.01935413,0.035917492,0.001855999,1.515558877,0.026134225,0.013476212,,,,
2023,4,4369863,0.41081733,,,,1.841355439,0.009247805,0.000687953,0.171815452,0.001825522,0.001022293,,,,
2023,4,4361516,1.06575019,,,,4.134355508,0.031722729,0.002191528,0.463453237,0.005356811,0.002999814,,,,
2023,4,3052897,5.50897414,,,,21.33852979,0.177764381,0.008394639,2.315157069,0.021407741,0.011988335,,,,
2023,4,2973405,5.65377466,3.338920196,0.022779013,0.000758898,24.15185924,0.116268991,0.005889795,2.020864142,0.051390274,0.027681254,,,,
2023,4,4035222,3.54928474,11.37856623,0.056887998,0.003848396,7.825282415,0.040151716,0.001477735,1.074541233,0.040566786,0.019799954,,,,
2023,4,15072,3.71788779,,,,16.34181889,0.121042131,0.00613,1.3600757,0.013608912,0.007620991,,,,
2023,4,4367178,12.82354309,23.69659244,0.171349034,0.00785573,,,,,0.513955077,0.245209986,194.7447422,0.931317082,0.069281533,0.883341462
2023,4,4240631,2.05020885,5.735440285,0.061608001,0.001976119,3.592491376,0.014269883,0.000868195,0.547524281,0.021494156,0.010511594,,,,
2023,4,2971618,8.27449754,,,,42.41301146,0.143473233,0.010639946,3.221541632,0.064430833,0.036081266,,,,
2023,4,4039160,6.43039811,,,,26.93446721,0.16534187,0.009257915,2.761290596,0.031916298,0.017873127,,,,
2023,4,4426891,5.63544349,25.49765405,0.246379982,0.010729314,6.038832512,0.040734559,0.001947303,0.787260497,0.058344771,0.02752407,,,,
2023,4,3929785,6.76005589,,,,33.89757393,0.155201221,0.010120838,2.470039748,0.046809156,0.026213128,,,,
2023,4,4241961,2.33379354,,,,9.154749969,0.091148433,0.003860288,0.874764621,0.010110942,0.005662127,,,,
2023,4,3043275,3.30310525,,,,14.00196547,0.09546732,0.004785482,1.332322721,0.01077973,0.006036649,,,,
2023,4,4243003,4.35531232,16.96485229,0.177602,0.004559291,5.984640727,0.022136858,0.001448572,0.812040459,0.043110457,0.020537861,,,,
2023,4,4360306,1.87079071,,,,8.396196548,0.060192541,0.002390555,0.673054981,0.007151144,0.00400464,,,,
2023,4,3139033,0.93810635,3.30615798,0.018385936,0.000727743,1.924351026,0.008326621,0.000388482,0.258193256,0.005965286,0.002901399,,,,
2023,4,2991662,5.93316008,,,,27.82849322,0.147931071,0.008752132,2.277465208,0.029486735,0.016512572,,,,
2023,4,16002,0.71308715,1.302895818,0.016140981,0.000471226,1.682308218,0.018507179,0.001012445,0.209440505,0.005880096,0.002942729,,,,
2023,4,3911853,4.69346089,,,,18.60986695,0.180602409,0.007413464,1.758115168,0.022021211,0.012331878,,,,
2023,4,14053,2.73316742,,,,11.94968155,0.055281266,0.002856602,1.227649816,0.024552996,0.013749678,,,,
2023,4,3676833,1.37830621,5.237891333,0.044133715,0.00145975,2.230740351,0.009489258,0.000595787,0.196603215,0.021949272,0.010489872,,,,
2023,4,4360405,1.71398726,,,,7.598659536,0.05047209,0.003070778,0.652731648,0.00693521,0.003883718,,,,
2023,4,4035198,5.6733485,,,,26.2604883,0.197780602,0.008118603,1.885620754,0.037712415,0.021118952,,,,
2023,4,4372096,1.05396324,,,,4.323228028,0.031360492,0.00196898,0.435011256,0.005003333,0.002801866,,,,
2023,4,3921690,4.02935886,,,,16.49852075,0.141657122,0.005198689,1.538615605,0.017784044,0.009959065,,,,
2023,4,4430802,0.5851191,,,,2.345086325,0.02083688,0.000882477,0.22667522,0.002607132,0.001459994,,,,
2023,4,4362630,6.46648232,,,,30.39514913,0.1946767,0.009412758,2.290169489,0.04580339,0.025649898,,,,
2023,4,4249417,0.46975448,,,,2.243732897,0.008925759,0.000560407,0.194969952,0.003899399,0.002183663,,,,
2023,4,4040774,1.55245421,1.098508954,0.011747549,0.000538582,5.195079591,0.048468773,0.003605637,0.565929444,0.012070085,0.006369531,,,,
2023,4,4411193,4.91059921,3.971615483,0.035801625,0.001090989,19.77383047,0.078091848,0.004186252,1.742120868,0.047970442,0.025550645,,,,
2023,4,4362477,3.69856971,1.759626423,0.015015975,0.000653913,13.64904006,0.131486227,0.006285658,1.11890159,0.01488018,0.008033705,,,,
2023,4,4374187,4.56656093,0.766256498,0.002359805,0.00017765,21.17454666,0.088723272,0.003931209,1.728339019,0.036989441,0.020471821,,,,
2023,4,4245645,8.01457435,32.05546527,0.337296555,0.011216723,10.78818567,0.046081926,0.003183517,1.476387022,0.081332747,0.038698567,,,,
2023,4,4046676,1.67639168,8.580890241,0.057331776,0.002166775,1.785052068,0.008281732,0.000397405,0.255697477,0.016062407,0.007566818,,,,
2023,4,4372063,3.68351275,,,,16.25542367,0.133731301,0.007315839,1.255539483,0.013339985,0.007470391,,,,
2023,4,4428718,1.1326402,,,,5.256404263,0.031478621,0.001577926,0.419850772,0.004460874,0.002498089,,,,
2023,4,13232,1.25639745,,,,4.556495192,0.058012199,0.002783757,0.452905019,0.005301429,0.0029688,,,,
2023,4,2976592,0.4393438,,,,1.818297254,0.006484921,0.000448003,0.221386012,0.003362742,0.001883136,,,,
2023,4,4372780,0.57576372,,,,2.26619355,0.024101431,0.001165321,0.204793892,0.002367104,0.001325578,,,,
2023,4,4430871,4.36001873,28.78206089,0.096670353,0.007277486,3.405823214,0.017092419,0.000757342,0.496755954,0.059712007,0.027874961,,,,
2023,4,2975674,0.94620457,,,,3.588498216,0.032550973,0.002259551,0.389994626,0.002253871,0.001262168,,,,
2023,4,4034862,0.93319882,,,,3.65122002,0.032921781,0.00212,0.370995448,0.00428814,0.002401359,,,,
2023,4,3728262,1.91291383,,,,8.341173811,0.038985755,0.002132736,0.727129076,0.014542582,0.008143846,,,,
2023,4,4368003,0.60701832,,,,2.521913232,0.021392528,0.000787326,0.227541291,0.002417604,0.001353858,,,,
2023,4,3917914,1.33780848,,,,6.024133491,0.038232671,0.002458021,0.511173579,0.009226893,0.00516706,,,,
2023,4,3127292,3.56509296,,,,14.62159996,0.087688348,0.005335056,1.589509102,0.021375834,0.011970467,,,,
2023,4,3128724,2.20592665,,,,8.50897928,0.046192199,0.00259,0.980041255,0.015543116,0.008704145,,,,
2023,4,3917668,1.98170966,2.238467146,0.021880095,0.000792008,6.074244387,0.041478283,0.001958746,0.773807434,0.008888354,0.004627652,,,,
2023,4,4248909,3.00226385,12.37655073,0.115327549,0.005022265,3.994723911,0.026400442,0.001262065,0.527569042,0.027423741,0.013047631,,,,
2023,4,4565908,3.64229118,,,,15.18163018,0.134658274,0.009347408,1.234012708,0.013111265,0.007342308,,,,
2023,4,4039050,6.09428048,,,,26.63329772,0.086371841,0.006405318,2.765304161,0.053420503,0.029915482,,,,
2023,4,4570561,2.09528317,,,,7.212265304,0.037134765,0.002565412,0.993444277,0.008148196,0.00456299,,,,
2023,4,4242392,1.1349436,,,,4.683229238,0.037855895,0.00192,0.441222754,0.00509986,0.002855922,,,,
2023,4,3122168,2.27757424,,,,10.80846357,0.060176115,0.003225847,0.843995975,0.013512033,0.007566738,,,,
2023,4,4012556,1.31231939,0.96364937,0.0048779,0.00034334,4.398915989,0.025490348,0.000935473,0.599067563,0.00747497,0.003984609,,,,
2023,4,2574576,1.84393531,,,,7.82113595,0.027575727,0.001424947,0.901494053,0.007293925,0.004084598,,,,
2023,4,2514206,0.63080124,,,,2.489303432,0.021966024,0.000872384,0.251509094,0.002907061,0.001627954,,,,
2023,4,3932442,2.40248067,,,,11.84659714,0.060325941,0.004187572,0.865268016,0.016256112,0.009103423,,,,
2023,4,4242557,2.96954112,,,,12.33706268,0.098100258,0.005968528,1.149830364,0.013290281,0.007442557,,,,
2023,4,2574808,2.42284064,,,,11.59126682,0.076941073,0.00363342,0.811997217,0.015724763,0.008805867,,,,
2023,4,2998565,2.38850065,,,,10.33267378,0.079787946,0.004467531,0.882724771,0.013857358,0.00776012,,,,
2023,4,4243160,6.00760913,7.396427507,0.035433269,0.002119955,22.44543865,0.119709396,0.00579,2.05300794,0.053333269,0.027740369,,,,
2023,4,4570409,0.73646573,,,,3.49537385,0.008522975,0.000634032,0.342002694,0.006840054,0.00383043,,,,
2023,4,15839,0.49634866,0.768314036,0.004001883,0.000183472,1.928288757,0.009018301,0.00067088,0.152607876,0.005750732,0.002950553,,,,
2023,4,3128452,0.94260806,,,,3.747677591,0.029715797,0.002210585,0.391067945,0.00543482,0.003043499,,,,
2023,4,4039057,0.56930448,,,,2.545267308,0.020027943,0.000822118,0.197280536,0.003945611,0.002209542,,,,
2023,4,3843945,1.21239278,,,,5.530080929,0.037009506,0.001775928,0.440345642,0.006007363,0.003364123,,,,
2023,4,3127310,1.80412713,,,,6.929323994,0.0592623,0.002181076,0.76178593,0.00962639,0.005390778,,,,
2023,4,4258248,1.03075158,,,,4.20733128,0.031231211,0.001960863,0.42406965,0.004901597,0.002744894,,,,
2023,4,2975417,0.14633613,1.073965688,0.006847301,0.000199211,,,,,0.002845285,0.001308831,,,,
2023,4,4035693,0.27775123,2.026528356,0.013209041,0.000588696,,,,,0.005968531,0.002745524,,,,
2023,4,4035656,3.32948925,1.416304929,0.016680631,0.000428215,15.89421324,0.03728077,0.002439546,1.294896911,0.024412225,0.013302701,,,,
2023,4,4361577,1.58616341,,,,8.470878463,0.024752384,0.00146438,0.600772399,0.012015448,0.006728651,,,,
2023,4,4722908,2.72165147,,,,11.51320031,0.079179126,0.004433442,1.100228539,0.012654407,0.007086468,,,,
2023,4,2576581,6.57122273,,,,32.53930337,0.119504217,0.00779,2.613283412,0.026148504,0.014643162,,,,
2023,4,4027873,1.53111555,,,,7.162770477,0.045744335,0.002026394,0.548312093,0.010966242,0.006141095,,,,
2023,4,4048228,2.7636475,,,,12.48084224,0.054527072,0.003225885,1.19708046,0.01383642,0.007748395,,,,
2023,4,4426475,0.99469999,6.497561993,0.058916056,0.001720019,,,,,0.013420202,0.006173293,,,,
2023,4,4383396,0.68678911,1.286766659,0.009529868,0.000315206,1.725336122,0.015506045,0.000973553,0.240456284,0.007807086,0.003938423,,,,
2023,4,2515270,0.65898433,0.975874541,0.00555999,0.00042352,1.878670438,0.017090042,0.000701521,0.239515671,0.004161753,0.002122955,,,,
2023,4,4430539,0.55282799,,,,2.240054446,0.016235188,0.000860199,0.232616741,0.002675469,0.001498262,,,,
2023,4,2580216,2.35820653,,,,10.08762587,0.060643027,0.003039848,0.849665103,0.016993302,0.009516249,,,,
2023,4,4373266,0.53640814,,,,2.435151524,0.014597837,0.000739477,0.20622321,0.002191102,0.001227017,,,,
2023,4,3914151,1.10552381,,,,4.437813712,0.036140494,0.001600961,0.447351942,0.005170705,0.002895595,,,,
2023,4,4036416,0.53946245,,,,2.533458322,0.008614063,0.000509618,0.238632373,0.004772647,0.002672683,,,,
2023,4,3914397,0.38047201,,,,1.884243815,0.003670508,0.00021716,0.172612122,0.00276345,0.001547532,,,,
2023,4,4039505,0.55969465,,,,2.050699466,0.012897301,0.000691383,0.278509947,0.002425011,0.001358006,,,,
2023,4,3932423,0.53729128,,,,2.343932959,0.017449868,0.000739,0.20111966,0.004022393,0.00225254,,,,
2023,4,2971281,1.11669496,,,,4.987530862,0.019943898,0.000873474,0.503786457,0.006634034,0.003715059,,,,
2023,4,3125107,0.29820862,2.16292241,0.014089746,0.000557693,,,,,0.004182484,0.001923942,,,,
2023,4,4361438,3.44932737,,,,14.97237448,0.093412264,0.005526377,1.398237857,0.016161492,0.009050435,,,,
2023,4,3046401,1.0792996,,,,5.129946504,0.029081182,0.001395481,0.397725962,0.007954519,0.004454531,,,,
2023,4,3047876,0.40650857,,,,1.93159575,0.008348828,0.000493947,0.165896616,0.003317932,0.001858042,,,,
2023,4,4045305,0.5214784,,,,2.282528131,0.013484396,0.000652,0.213536014,0.002304829,0.001290704,,,,
2023,4,4040612,0.53782565,,,,2.198634401,0.015078545,0.000798916,0.22878524,0.002644408,0.001480868,,,,
2023,4,4245131,5.0776602,,,,24.13316517,0.106587853,0.00564741,2.058547205,0.041170944,0.023055729,,,,
2023,4,3918003,2.30365351,,,,10.37607479,0.05197206,0.003400901,0.959540789,0.011090825,0.006210862,,,,
2023,4,3122154,0.40862361,,,,1.46045377,0.013179504,0.000914865,0.183417977,0.001597037,0.000894341,,,,
2023,4,4374045,0.58397409,,,,2.464593978,0.019043407,0.000888478,0.224312733,0.002592712,0.001451919,,,,
2023,4,3040569,1.57549501,,,,7.290800148,0.031678074,0.002198958,0.598753692,0.011975074,0.006706041,,,,
2023,4,4250764,1.29376758,,,,4.974973925,0.055509678,0.002653623,0.463766961,0.005360437,0.003001845,,,,
2023,4,2978109,1.4168373,,,,6.10073674,0.033829502,0.002700604,0.608803577,0.009526399,0.005334784,,,,
2023,4,3923392,2.40012937,,,,9.471490731,0.078030358,0.00287,0.9915924,0.011461292,0.006418324,,,,
2023,4,4034779,1.02330897,,,,4.235123627,0.030896662,0.00136899,0.416949065,0.004819294,0.002698804,,,,
2023,4,3125232,0.13701707,1.037952692,0.005782202,0.000203922,,,,,0.002102992,0.000967377,,,,
2023,4,4039253,0.96202149,,,,4.261094628,0.023936844,0.001560947,0.394151554,0.004555789,0.002551242,,,,
2023,4,4429006,0.58654601,0.721704881,0.002342898,0.000176377,2.232098723,0.012357008,0.000547522,0.205051368,0.003465678,0.001812077,,,,
2023,4,2508256,0.4764945,,,,1.800452649,0.017324744,0.00102,0.192406432,0.001779139,0.000996318,,,,
2023,4,3115349,0.57085202,,,,2.065217012,0.017696898,0.000887091,0.258839411,0.002253738,0.001262093,,,,
2023,4,4383440,1.19309481,,,,4.790617861,0.047107815,0.001933707,0.432964687,0.004979794,0.002788685,,,,
2023,4,3046704,0.41106739,,,,1.906857112,-0.002977726,-0.000237711,0.241162166,0.002229973,0.001248785,,,,
2023,4,4250945,0.95442328,,,,4.582936694,0.019075425,0.001243929,0.383647162,0.004076214,0.00228268,,,,
2023,4,4360739,1.95798412,,,,8.125718764,0.081179958,0.003880782,0.665118583,0.013302372,0.007449328,,,,
2023,4,3047536,1.03340079,,,,4.166519751,0.031119137,0.00138,0.432744075,0.00500186,0.002801042,,,,
2023,4,3916749,0.56131348,,,,2.327552508,0.018574103,0.000898071,0.218073945,0.002520601,0.001411537,,,,
2023,4,4057082,2.96675559,,,,14.06393862,0.057226274,0.003731787,1.150941486,0.02301883,0.012890545,,,,
2023,4,3932144,2.10884174,,,,9.348464051,0.054346682,0.002879484,0.860987601,0.017219752,0.009643061,,,,
2023,5,3116406,20.47333387,1.016323023,0.010881793,0.00043177,95.76045814,0.745926261,0.039828085,6.270458013,0.088309012,0.049252148,,,,
2023,5,4241389,16.34915016,3.193473184,0.024367133,0.000917814,76.25541979,0.285238008,0.020188288,6.633069129,0.119170515,0.065897656,,,,
2023,5,4047646,18.77633311,,,,92.07026349,0.549959846,0.04002027,6.316847431,0.116439545,0.065206145,,,,
2023,5,4040715,21.94196509,38.00682547,0.710312706,0.021833666,,,,,0.571776696,0.272129493,248.0305922,1.396200603,0.101600736,0.672174803
2023,5,3918298,20.7307169,32.53105489,0.443085785,0.015211885,,,,,0.600898359,0.286807959,260.0134986,1.649302935,0.090018563,0.91566998
2023,5,4262921,23.10202301,,,,116.0605934,0.511044794,0.021482692,8.539553702,0.139744807,0.078257092,,,,
2023,5,16800,22.1633763,0.687145712,0.003940306,0.000202012,110.7601306,0.538153392,0.030029064,7.816257214,0.101436586,0.056654441,,,,
2023,5,4239996,14.87017486,66.23537559,0.310861574,0.011726204,25.41330551,0.07588332,0.004210995,3.488072584,0.144588684,0.069462797,,,,
2023,5,2976212,18.12678882,,,,83.61267054,0.44773156,0.024437082,7.169184619,0.127036051,0.071140189,,,,
2023,5,4362628,20.64623713,1.047615488,0.005142565,0.000348961,93.58606605,0.659648477,0.026365817,7.291957256,0.138963155,0.077465042,,,,
2023,5,3054850,16.82213614,47.31550275,0.257298139,0.010858849,43.13609318,0.178801619,0.009172277,5.249862806,0.135479102,0.06656153,,,,
2023,5,4430807,18.40090551,80.46568701,0.400500733,0.013648858,30.22527071,0.13871656,0.007859734,4.188053369,0.144058759,0.069184289,,,,
2023,5,3916148,18.01176305,70.922813,0.583993307,0.02199673,28.53781319,0.111596003,0.007898429,3.984328585,0.162713907,0.078125165,,,,
2023,5,3043078,14.80614524,81.81259406,0.541490205,0.019710237,14.56747112,0.066432307,0.00362293,1.616920523,0.157376804,0.073567602,,,,
2023,5,2577417,15.67621074,11.74846219,0.185144523,0.006973666,,,,,0.439405206,0.210275812,252.8934006,1.224432602,0.086661656,0.700634034
2023,5,3116385,14.83743482,64.79115445,0.405400382,0.027509428,20.87302528,0.153987339,0.006154796,2.93363722,0.093218163,0.044367573,,,,
2023,5,15847,17.73366494,0.509969266,0.013766442,0.00062539,75.16718085,0.608985653,0.027765505,6.447173156,0.068553631,0.038164792,,,,
2023,5,4430027,10.54061262,,,,43.3833714,0.336788808,0.019324221,4.19593461,0.048498589,0.02715921,,,,
2023,5,4427366,13.11326639,62.35625372,0.310382599,0.019655321,21.83329489,0.113248067,0.005833784,2.275145111,0.187790414,0.089275893,,,,
2023,5,3126486,15.90903807,11.68697732,0.138104889,0.003750369,76.36833446,0.267065079,0.018486585,4.770772477,0.138402406,0.073206652,,,,
2023,5,2576414,14.48601564,59.89009475,0.527539515,0.020931826,20.79319668,0.136801329,0.007304388,2.570178928,0.210232968,0.100279959,,,,
2023,5,4361370,15.04528475,,,,82.114066,0.202725284,0.010399528,5.721873347,0.114437467,0.064084981,,,,
2023,5,4569618,17.13958403,,,,76.85723437,0.741916959,0.0382,5.033368799,0.098216034,0.055000979,,,,
2023,5,4372016,13.52853862,0.871506372,0.009911899,0.000393286,64.03424918,0.436501159,0.0233066,4.403519391,0.084101899,0.046827223,,,,
2023,5,3915416,14.53994268,,,,72.24580245,0.41256603,0.024392064,4.847504903,0.051504267,0.02884239,,,,
2023,5,3040151,10.32278934,,,,49.52762646,0.201315696,0.013935329,4.188829625,0.049899793,0.027943884,,,,
2023,5,3139477,22.41072871,28.86782636,0.187391016,0.008512916,,,,,0.473942712,0.226426649,286.4146582,2.181754471,0.099472812,0.779831195
2023,5,2977187,17.0584299,3.704493416,0.042343815,0.001264381,80.31969127,0.358587141,0.02233094,6.342230204,0.129291857,0.071204573,,,,
2023,5,4242335,12.91201769,59.37925523,0.407229313,0.015326285,18.43131905,0.090351902,0.00655401,2.228148749,0.137043325,0.065027182,,,,
2023,5,4035687,13.04664032,,,,61.4633443,0.296871911,0.0215,5.187049097,0.101479171,0.056828336,,,,
2023,5,4379399,14.83380546,64.601366,0.466537833,0.016017034,22.45572941,0.102384876,0.005588142,2.763571632,0.099553631,0.04742516,,,,
2023,5,3051876,10.1998611,,,,48.30341762,0.072567806,0.004027007,4.988048859,0.056682477,0.031742187,,,,
2023,5,4426515,14.6423742,2.461037405,0.02765696,0.000825833,71.92092142,0.239480614,0.014913605,5.702317043,0.122688889,0.067841523,,,,
2023,5,4259545,15.81158182,68.75600629,0.627554323,0.01928983,19.37029592,0.119922719,0.008726709,2.576096945,0.127820789,0.06070634,,,,
2023,5,3916387,20.77246911,62.5870168,0.538751317,0.017735835,,,,,0.795444962,0.377736159,210.1994123,1.173433107,0.080564935,0.641289309
2023,5,4360438,15.47258009,,,,78.40906094,0.338776142,0.023450516,5.662174886,0.100639979,0.056358388,,,,
2023,5,3117251,22.16176492,77.81754681,0.751005555,0.020394269,38.58990837,0.18046389,0.01249194,5.022598878,0.166347244,0.080280281,,,,
2023,5,15795,13.03227928,,,,62.71869323,0.296898422,0.016191551,5.056083326,0.10007768,0.056043501,,,,
2023,5,4241478,15.0842534,,,,70.6614976,0.403960252,0.029395961,5.640465005,0.095935255,0.053723743,,,,
2023,5,3925357,12.29484081,,,,59.38025963,0.278557934,0.015458021,4.742307222,0.080244657,0.044937008,,,,
2023,5,4035538,17.84781812,92.00378186,0.871046145,0.028131768,12.93472139,0.071868181,0.004123642,1.824366202,0.21164755,0.09899059,,,,
2023,5,4432577,16.77401768,13.42364627,0.118131188,0.005470566,,,,,0.620904508,0.296989904,249.8996075,1.544929537,0.071722023,0.514810948
2023,5,4047365,18.27658868,70.866749,0.479396874,0.024577811,34.76076161,0.103211754,0.005759236,4.280654323,0.131901413,0.063311282,,,,
2023,5,4429160,16.15224715,62.08754951,0.624247141,0.024769012,23.27971117,0.182772665,0.009758988,2.761865108,0.146061638,0.069593134,,,,
2023,5,4430737,17.51868555,59.1446035,0.806628307,0.024085814,27.77465017,0.152494303,0.009496551,3.080337411,0.171634457,0.081890868,,,,
2023,5,4361529,14.8923473,61.91082637,0.57768945,0.026243636,20.67837726,0.114903008,0.005238777,2.543008636,0.13853231,0.065880636,,,,
2023,5,4258173,13.92270738,,,,68.3744825,0.434886007,0.020189208,4.514606942,0.072277024,0.040475134,,,,
2023,5,3045147,14.89826903,76.0758699,0.587250583,0.036924749,13.18374563,0.082098965,0.005917323,1.990519032,0.131167591,0.061727494,,,,
2023,5,4241479,19.04180235,8.309887358,0.149715518,0.005940444,,,,,0.651615056,0.311723471,266.1925042,2.10090692,0.112176101,0.684406747
2023,5,4362887,17.53498072,50.50583944,0.209840214,0.012250745,,,,,0.839655916,0.39962214,219.4784107,1.238132992,0.073201904,0.950056962
2023,5,16460,14.10942578,1.111472641,0.005049961,0.000290337,62.95666288,0.268718938,0.015684633,6.138582716,0.101643418,0.056607913,,,,
2023,5,4242355,10.17589196,,,,41.57829667,0.286724652,0.020293508,4.31162951,0.049835845,0.027908073,,,,
2023,5,4241457,9.76019988,50.21405108,0.148601416,0.011123213,12.21033632,0.08543007,0.004445506,2.162871684,0.087140815,0.041367448,,,,
2023,5,3121422,13.19630702,,,,65.66764009,0.290012325,0.018482291,4.937793082,0.077988042,0.043673304,,,,
2023,5,4361307,3.0184851,,,,11.65281466,0.10353288,0.007462183,1.232663214,0.014247702,0.007978713,,,,
2023,5,3121023,9.43725711,,,,42.47911876,0.192751926,0.01402645,4.061456736,0.051824962,0.029021979,,,,
2023,5,4361741,16.5476302,9.033575174,0.26638375,0.007233904,,,,,0.64774329,0.309831262,276.4810747,1.121329226,0.077619837,0.532867332
2023,5,4429205,10.44850658,,,,49.90180161,0.26007557,0.010932747,3.962677479,0.07925355,0.044381988,,,,
2023,5,4429615,12.13981787,5.340564946,0.030143215,0.000992323,53.69952868,0.254913591,0.017501719,4.605167189,0.109968406,0.059795801,,,,
2023,5,4426354,13.07737166,,,,67.83757841,0.21679938,0.011281543,5.074738747,0.095539546,0.053502146,,,,
2023,5,4258595,9.62462282,0.955351175,0.011140633,0.000650405,40.67347874,0.272122218,0.016088631,3.779737269,0.047212394,0.02615031,,,,
2023,5,4360310,14.9977966,24.0439586,0.165928081,0.006259077,,,,,0.667723763,0.319107148,254.8891028,0.857836875,0.047603958,0.758115564
2023,5,3128429,11.67464379,,,,51.90888715,0.423219012,0.019351971,3.990352788,0.077371188,0.043327865,,,,
2023,5,3117256,7.39135069,,,,28.81947083,0.262843643,0.01220229,2.942439542,0.031550334,0.017668187,,,,
2023,5,4241474,13.99463848,69.85613501,0.696493538,0.025438209,11.76278131,0.05547981,0.003535691,1.442145576,0.197099788,0.092194307,,,,
2023,5,4428331,10.29182157,1.279240844,0.011712036,0.000532062,44.7956024,0.35565188,0.016215249,3.527730363,0.074935127,0.041525619,,,,
2023,5,3916433,12.18423747,0.709449982,0.003842207,0.000196983,56.00287529,0.298622823,0.016663212,4.762717111,0.090213061,0.05030237,,,,
2023,5,4036378,18.17406871,17.24897427,0.194573493,0.012878657,,,,,0.626114008,0.299157882,255.195352,1.773679812,0.10018579,0.832558067
2023,5,4569987,11.74884597,26.8300636,0.082575849,0.006181023,32.9180129,0.108749777,0.005658989,4.711521516,0.111405995,0.056028489,,,,
2023,5,4385690,8.22158993,,,,33.54832568,0.246946603,0.013478287,3.401112227,0.039311658,0.022014528,,,,
2023,5,3051392,6.93904853,34.29422248,0.105119556,0.008820314,10.04044301,0.049630449,0.002449634,1.637834722,0.090020397,0.042834336,,,,
2023,5,4360248,8.38384894,0.839958605,0.012391722,0.000422303,41.02727177,0.198319731,0.011236872,2.937661775,0.026151366,0.01440647,,,,
2023,5,4040761,6.42483701,31.68552963,0.179015646,0.008290079,8.050945812,0.028142185,0.001306477,1.20432582,0.101005407,0.04787493,,,,
2023,5,4248528,12.03681562,3.113846785,0.022293414,0.001475582,55.21565968,0.397875405,0.022473877,3.706605978,0.066900636,0.036708418,,,,
2023,5,4569173,12.94537955,66.69971703,0.197574757,0.016577995,19.6967303,0.070113195,0.003460611,2.79675115,0.148626001,0.070572627,,,,
2023,5,4426502,9.59568934,,,,42.94460492,0.275043868,0.015584091,3.700737984,0.07401476,0.041448265,,,,
2023,5,4241416,6.52732324,20.24739673,0.079230523,0.004555197,15.6535598,0.050631764,0.002955283,2.205006138,0.065048042,0.031844615,,,,
2023,5,4036133,14.31700196,,,,60.43759685,0.354526168,0.014903149,6.19268971,0.069868521,0.039126372,,,,
2023,5,2576925,10.13838482,,,,48.36807671,0.176881522,0.014095756,4.263628118,0.047119299,0.026386807,,,,
2023,5,3046779,14.77128992,7.120267556,0.136191902,0.004398526,,,,,0.348985793,0.166946549,208.2407156,1.557344192,0.089357079,0.589875877
2023,5,4243537,9.63485737,,,,45.52049011,0.356825671,0.01947546,2.960880054,0.053013073,0.029687321,,,,
2023,5,3051926,9.88416724,58.87990207,0.340779271,0.011218543,8.075108435,0.034828374,0.002391228,1.025333397,0.129378319,0.060473312,,,,
2023,5,4241372,14.15992927,1.884003664,0.010184811,0.000640394,60.28960041,0.502551785,0.036221668,4.892773757,0.09267787,0.051398296,,,,
2023,5,16731,8.43228974,,,,39.16778745,0.168570663,0.011930924,3.538465791,0.053254128,0.029822311,,,,
2023,5,4048244,13.73272408,56.67592928,0.359386888,0.021731454,21.90896602,0.104356607,0.00439,3.177039326,0.147530189,0.070701327,,,,
2023,5,4035676,6.91551265,35.11060997,0.206723749,0.007780155,8.098060214,0.048597043,0.003525167,1.098174584,0.063397435,0.029869173,,,,
2023,5,4241463,11.86376995,,,,60.29117177,0.335979523,0.015362888,3.872753539,0.077455071,0.04337484,,,,
2023,5,3895856,12.03267953,0.635068798,0.003389146,0.000127844,57.87495647,0.128814141,0.007148286,5.474927243,0.092680914,0.051735109,,,,
2023,5,4362249,9.49683896,1.423014878,0.007731209,0.000511722,42.81802443,0.31398249,0.01773521,3.094078248,0.066603345,0.036825695,,,,
2023,5,4360238,12.37781346,63.01544368,0.395219135,0.018302298,14.19067316,0.065412639,0.003036725,1.982873787,0.14428943,0.06797535,,,,
2023,5,4361050,1.35622512,,,,5.686146869,0.041001842,0.00282,0.542820862,0.006274179,0.00351354,,,,
2023,5,12483,15.82598952,5.69564504,0.133674355,0.003991498,,,,,0.38654883,0.185131126,290.6030998,1.258629563,0.078380895,1.004472948
2023,5,4239934,7.10401386,41.8545141,0.247620895,0.01638982,5.773020728,0.024921625,0.001407691,0.746574784,0.083916716,0.039189274,,,,
2023,5,14881,17.67118359,19.35759651,0.073871833,0.004858875,,,,,0.455198702,0.217697475,249.5837884,1.731437077,0.079171115,0.680785966
2023,5,16733,8.44616165,,,,39.76289929,0.240876985,0.016538002,3.043741684,0.047739178,0.02673394,,,,
2023,5,4035886,11.93826363,56.34976721,0.205015528,0.011969073,19.97532659,0.095990602,0.00568,2.606150039,0.152638542,0.072881358,,,,
2023,5,4361777,2.7615564,18.23906249,0.1173885,0.006018296,0.981786142,0.004525666,0.000252533,0.129549171,0.037913792,0.017553144,,,,
2023,5,3116365,12.4617269,,,,54.29618626,0.385633542,0.026476619,4.734820804,0.063524125,0.03557351,,,,
2023,5,2468609,4.68880997,19.3854098,0.132949518,0.005610918,7.195405751,0.051270131,0.002630087,0.744221494,0.098928486,0.047141748,5.268092828,0.019433514,0.001013463,0.017052093
2023,5,4045163,12.98290551,51.21398574,0.212403631,0.012211714,28.78175196,0.034603675,0.002019753,3.628741498,0.165898178,0.080148262,,,,
2023,5,4361409,10.32747164,,,,51.47461317,0.268430729,0.0171,3.598226832,0.057606151,0.032259444,,,,
2023,5,4426875,16.3197222,14.65543913,0.226111294,0.00825832,,,,,0.475631038,0.227547956,249.7614413,1.363509254,0.086895528,0.847367966
2023,5,4360294,6.52565815,15.52911063,0.170204621,0.006216426,15.22928441,0.075628525,0.004819755,1.962873759,0.076129697,0.037618296,,,,
2023,5,3121427,8.7956557,3.456682399,0.047974931,0.0017522,35.87905611,0.164092318,0.010457493,3.63785361,0.06832284,0.037200318,,,,
2023,5,3045144,11.68385561,,,,49.50260181,0.313106261,0.012514699,4.923874978,0.085905814,0.048107256,,,,
2023,5,4428557,8.74951995,20.0544496,0.110613215,0.00402632,23.42389471,0.119604649,0.006522718,2.986868042,0.067360659,0.033586595,,,,
2023,5,4361432,10.85918599,,,,50.79891574,0.324035364,0.018303044,3.883412581,0.077668252,0.043494221,,,,
2023,5,4688813,8.86516226,,,,41.50842257,0.250983274,0.018206002,3.242940218,0.064858804,0.03632093,,,,
2023,5,3915511,18.33274644,7.263256155,0.093578244,0.006349979,,,,,0.475944163,0.227968333,269.3668342,1.997676819,0.079846135,0.724712423
2023,5,2976316,11.30398422,,,,52.44223879,0.159209558,0.008167231,5.174485338,0.078927501,0.044199401,,,,
2023,5,4366031,11.80394135,1.599591732,0.009886468,0.000457835,55.95143563,0.312235899,0.014495283,4.182406156,0.088939513,0.049276988,,,,
2023,5,2573401,7.94675752,,,,35.18110367,0.166860864,0.010391226,3.441254204,0.031597042,0.017694343,,,,
2023,5,16813,6.75321512,,,,27.62463732,0.242561564,0.015458285,2.531930764,0.025117255,0.014065663,,,,
2023,5,4373626,9.50937158,45.6108698,0.293723396,0.010009941,12.07206635,0.048820812,0.002766206,1.729534433,0.07516491,0.035630003,,,,
2023,5,4360635,7.60431741,,,,34.03330238,0.215412354,0.011747655,2.921949805,0.033773273,0.018913033,,,,
2023,5,4427095,5.42565595,0.810253154,0.002058058,0.000172686,24.9529146,0.11253094,0.005554244,2.115275233,0.045027088,0.024943011,,,,
2023,5,4032473,8.1852403,4.195414753,0.022136004,0.000934214,37.75177196,0.103373326,0.005302909,3.105591367,0.075665121,0.041017138,,,,
2023,5,16782,5.00938123,7.173680078,0.072312634,0.003285063,14.81920429,0.124433932,0.005673321,1.637881308,0.026441026,0.013440339,,,,
2023,5,3116389,11.6645431,42.68551517,0.202671378,0.013330588,23.20710417,0.134979398,0.00617,3.085868377,0.080271076,0.03880552,,,,
2023,5,4372485,7.20852467,7.093539354,0.042481021,0.002671093,24.68576993,0.189243135,0.013639792,2.686384865,0.076111186,0.040383915,,,,
2023,5,4242214,3.92916892,14.09757116,0.126200521,0.005733116,6.47371979,0.054297107,0.00247557,0.794914057,0.023887637,0.011453686,,,,
2023,5,16757,13.50725184,7.083561362,0.048861647,0.002062126,,,,,0.527979415,0.252869871,262.5096474,0.968374153,0.049659711,0.73989031
2023,5,3116593,8.31182992,46.97375937,0.236409283,0.014970879,8.962035746,0.040554558,0.0020891,1.138095936,0.126606703,0.059545266,,,,
2023,5,3115394,7.59052019,,,,42.1888489,0.116303018,0.006788394,2.701625293,0.037845434,0.021193443,,,,
2023,5,3059722,10.4254378,0.630561457,0.003525927,0.000133004,46.45973756,0.237574122,0.013183705,4.317754628,0.068478911,0.038193221,,,,
2023,5,4036348,7.46926711,,,,35.05710003,0.195394083,0.013829405,2.80652855,0.03931496,0.022016378,,,,
2023,5,3916566,6.815668,,,,31.22347084,0.193655788,0.008140671,2.571347015,0.05142694,0.028799087,,,,
2023,5,3120348,6.77324969,,,,29.73246117,0.102533053,0.005060774,3.245670733,0.064913415,0.036351512,,,,
2023,5,14880,17.81423476,6.39853318,0.063128302,0.003817251,,,,,0.766058223,0.367187007,315.3368947,1.649063562,0.069321369,0.923120814
2023,5,4426386,7.28871346,29.52613671,0.148347982,0.008660748,13.00978636,0.068274262,0.004036566,1.780568134,0.075506917,0.036283538,,,,
2023,5,4430191,6.96033879,4.000844718,0.034283477,0.001557451,29.49482739,0.206882999,0.009432424,2.201689045,0.05717534,0.030704034,,,,
2023,5,4040655,7.58313753,,,,36.94072927,0.180796075,0.010689172,2.830899171,0.043881576,0.024573682,,,,
2023,5,4240021,7.09207032,18.67563123,0.121488273,0.007346169,17.27520668,0.098550385,0.004142744,2.213606027,0.062355791,0.030736638,,,,
2023,5,3044720,18.37314595,29.95970381,0.221954163,0.013955885,,,,,0.784772133,0.374281779,204.6201412,1.847821351,0.133182637,0.548526975
2023,5,4429084,20.64681356,54.04793049,0.566130061,0.021306597,,,,,0.744510309,0.353910847,215.2674023,1.276924141,0.092626425,0.706438433
2023,5,4572680,0.5751235,,,,2.315748038,0.020352887,0.001149627,0.221937412,0.002565257,0.001436544,,,,
2023,5,3917792,15.75520596,40.70801749,0.270304416,0.010087485,,,,,0.802744819,0.38279498,240.2623442,0.788944777,0.062871309,1.052601396
2023,5,3046439,9.44333585,,,,38.68661283,0.288043165,0.014217087,3.857766526,0.03637957,0.020372559,,,,
2023,5,3915486,8.34622725,,,,36.06231846,0.253148607,0.013040525,3.250106504,0.050371247,0.028207898,,,,
2023,5,15835,9.75628691,,,,35.51358723,0.419906444,0.030264965,3.66179428,0.033680967,0.018861342,,,,
2023,5,4038441,7.0084017,36.5472868,0.229091418,0.00754175,7.362687287,0.034249462,0.002351481,1.097417339,0.087013627,0.041071397,,,,
2023,5,4360797,10.61774342,2.568287118,0.031605433,0.000943734,52.39394074,0.22247752,0.013854741,3.654787206,0.08145696,0.044754618,,,,
2023,5,3054212,8.06352018,,,,34.22404365,0.248573088,0.014084247,3.161685438,0.036739865,0.020574324,,,,
2023,5,4371733,7.19519259,26.61158879,0.247009188,0.007592594,11.59757179,0.055633356,0.004048408,1.604115471,0.073770374,0.035463106,,,,
2023,5,15920,5.57546436,16.18378513,0.158530401,0.005442617,10.74878802,0.055611026,0.00304,1.607275541,0.028221104,0.013813148,,,,
2023,5,4360569,4.56189924,20.83148438,0.188668248,0.005123465,5.294228433,0.019822278,0.001372123,0.720989783,0.03870839,0.018308077,,,,
2023,5,4240703,12.73949008,14.15968415,0.066384856,0.004969084,,,,,0.38395851,0.183682858,234.3679232,0.915970141,0.047664143,0.930712851
2023,5,4426485,6.71167007,,,,34.43543523,0.085793334,0.0050076,2.804694496,0.05609389,0.031412578,,,,
2023,5,4426388,6.7449105,2.204831423,0.014944246,0.000482647,30.21672467,0.212028256,0.0122,2.168902471,0.0499916,0.027333941,,,,
2023,5,4240600,6.26182184,2.681525138,0.026550396,0.001206148,25.16178672,0.191543945,0.00873307,2.205102623,0.052863092,0.028727227,,,,
2023,5,4722893,11.23489148,46.43553046,0.264917125,0.017424764,19.08734497,0.110189692,0.005038497,2.49472644,0.115651703,0.055371964,,,,
2023,5,3128390,9.21411672,,,,40.30864305,0.370551245,0.0191,2.967200545,0.041565717,0.023276801,,,,
2023,5,4569587,9.48724328,2.436625765,0.018836926,0.000702975,45.19436693,0.081323307,0.006480685,4.20803395,0.092198396,0.05082733,,,,
2023,5,4685720,12.25178256,11.66470974,0.064422194,0.003703823,,,,,0.819039597,0.392097107,246.8555318,0.786976076,0.045934354,0.830014645
2023,5,4428085,8.17034658,,,,34.5531304,0.266788173,0.015069453,3.123648752,0.036104604,0.020218578,,,,
2023,5,4362238,1.43973606,2.483612897,0.014461907,0.000981348,4.098773184,0.021942147,0.000877017,0.569230367,0.009940108,0.005068084,,,,
2023,5,15880,9.99550974,,,,45.57684764,0.247452172,0.011487754,4.002456066,0.066130025,0.037032814,,,,
2023,5,3115306,9.59232393,,,,41.04010053,0.378976951,0.021744887,3.233682047,0.057349684,0.032115823,,,,
2023,5,4038815,5.42447058,17.89349508,0.181227579,0.00682613,9.611742782,0.039317278,0.002782759,1.377753699,0.049120198,0.023794913,,,,
2023,5,3051738,4.78297388,,,,24.37875057,0.165061074,0.00753,1.363426739,0.021721394,0.012163981,,,,
2023,5,3045523,8.49460328,0.913303956,0.001558806,0.000130795,38.78832002,0.18835079,0.009296522,3.436495686,0.064795201,0.036038508,,,,
2023,5,4360761,9.26609039,,,,38.31676321,0.344119964,0.024802617,3.394327999,0.06788656,0.038016474,,,,
2023,5,3916945,7.1864943,,,,37.49357585,0.1287592,0.01026087,2.703183081,0.054063662,0.030275651,,,,
2023,5,3930086,5.59854636,,,,22.40726877,0.213450381,0.011650071,2.079633547,0.023607583,0.013220246,,,,
2023,5,4362478,5.05032936,20.00619825,0.130653714,0.008215157,8.218066386,0.053027912,0.003822013,1.147499832,0.048970387,0.023525516,,,,
2023,5,4429086,1.8191628,,,,7.819614052,0.056693631,0.003163516,0.699555054,0.008085787,0.004528041,,,,
2023,5,4428850,3.88646492,,,,17.45679547,0.128709237,0.007270104,1.384265283,0.027685306,0.015503771,,,,
2023,5,3925347,2.46627802,15.46471597,0.15523895,0.005329616,,,,,0.024941857,0.011473254,,,,
2023,5,4360939,3.89538316,,,,19.42975323,0.060528523,0.004155735,1.614380227,0.030593749,0.0171325,,,,
2023,5,4373678,1.67886684,,,,7.947201632,0.044870652,0.00244903,0.62366541,0.012473308,0.006985053,,,,
2023,5,3116164,4.89694881,,,,20.89619547,0.143824714,0.007098826,1.950322676,0.018415495,0.010312677,,,,
2023,5,3121410,4.78910514,,,,21.41556828,0.063213124,0.005037478,2.308691293,0.046173826,0.025857342,,,,
2023,5,4361259,17.43450553,17.66445846,0.14563931,0.00922277,,,,,0.403460252,0.19292648,228.6079367,1.880708479,0.096881536,0.854967281
2023,5,4362504,1.65392859,,,,6.802437934,0.055555708,0.002579126,0.643324245,0.007435845,0.004164073,,,,
2023,5,3135321,4.76010266,,,,20.96365253,0.102631588,0.005726863,2.082033713,0.041640674,0.023318778,,,,
2023,5,2576623,8.29185097,,,,37.98928594,0.212339284,0.010480534,3.252698243,0.050082717,0.028046322,,,,
2023,5,4429013,1.97806339,10.30053226,0.074921203,0.002826149,1.893347408,0.006835189,0.000379305,0.281520093,0.021601831,0.010181964,,,,
2023,5,4686472,7.46662665,5.624726337,0.02961982,0.001948226,30.18819397,0.211666454,0.00967859,2.320292772,0.06516716,0.034617479,,,,
2023,5,3049916,12.48788914,45.79089445,0.323470187,0.012071577,23.6034163,0.063526406,0.00506,3.346413943,0.163671835,0.079259294,,,,
2023,5,4692590,5.8379902,,,,27.85942767,0.094639725,0.007541876,2.524338511,0.05048677,0.028272591,,,,
2023,5,4239086,13.35507034,17.03910033,0.1745358,0.00594809,,,,,0.613368133,0.293004228,191.4474244,1.105321347,0.062627932,0.521290221
2023,5,3930066,2.56828931,1.27189624,0.013425691,0.000400889,11.69903603,0.062747642,0.003907596,0.823572431,0.017141244,0.009242856,,,,
2023,5,4360078,4.48548383,,,,22.15213208,0.115962173,0.008411746,1.592506236,0.031850125,0.01783607,,,,
2023,5,3139602,1.75858972,5.914100957,0.032186311,0.00121412,3.595833811,0.008738781,0.000484941,0.574648629,0.016696291,0.008221031,,,,
2023,5,4599739,4.14818629,19.85586532,0.103802969,0.004380835,5.799733885,0.0242594,0.001244474,0.847986177,0.048686897,0.023134322,,,,
2023,5,4421446,5.70379352,21.94608542,0.164349924,0.005307932,9.872797615,0.048650671,0.002791471,1.263136904,0.037930775,0.018218034,,,,
2023,5,4040980,8.31951732,,,,31.55553469,0.327582384,0.013093303,3.221930945,0.045400003,0.025424002,,,,
2023,5,16760,14.96050035,5.062638652,0.096929856,0.004969418,,,,,0.50744069,0.242898677,275.2826812,1.354470747,0.075579732,1.122606915
2023,5,3924365,5.28219586,,,,22.10894208,0.096420291,0.005627876,2.521156971,0.036238234,0.020293411,,,,
2023,5,4241464,12.76262745,10.38586276,0.025844766,0.002168569,,,,,0.437556316,0.209251332,223.0836611,1.1776438,0.058125539,0.889307308
2023,5,3118892,4.50739797,,,,21.1052884,0.15371377,0.007008278,1.493232359,0.029864647,0.016724202,,,,
2023,5,4036335,1.22382058,,,,5.499870564,0.045806185,0.002445782,0.402917194,0.008058344,0.004512673,,,,
2023,5,14876,14.36814802,12.630636,0.168636526,0.006138368,,,,,0.575555464,0.275365465,237.7202352,1.142485446,0.062306197,0.793412062
2023,5,4431453,2.18299679,7.364917076,0.070500769,0.002655487,3.730957517,0.016870171,0.00119402,0.560481694,0.020166506,0.009764609,,,,
2023,5,3931391,8.04798653,,,,35.66341791,0.268450144,0.010729817,2.913204012,0.05826408,0.032627885,,,,
2023,5,16799,7.50174516,,,,32.2568877,0.14052187,0.007312307,3.47148203,0.048629891,0.027232739,,,,
2023,5,4240472,4.63357021,,,,19.10199,0.161282019,0.007353337,1.758757193,0.016262835,0.009107188,,,,
2023,5,3123075,6.92582984,0.990659354,0.012753043,0.000506018,28.23239511,0.265755103,0.014189763,2.289479317,0.048708995,0.026985096,,,,
2023,5,4242540,3.32966639,,,,13.47344455,0.092066973,0.007336852,1.44689484,0.028937897,0.016205222,,,,
2023,5,2576336,3.83464118,0.990501874,0.005361471,0.000274873,15.06932182,0.07329392,0.00409,1.764622642,0.015536707,0.008518163,,,,
2023,5,4567096,3.78983078,,,,17.89619075,0.103363343,0.004798554,1.401080748,0.028021615,0.015692104,,,,
2023,5,4243389,9.50356827,2.470950347,0.00776126,0.000580951,47.30174916,0.109749027,0.005710987,3.815800215,0.084670008,0.046579804,,,,
2023,5,4240657,4.48476187,7.066360159,0.03414938,0.002162547,14.30493814,0.073236308,0.003772645,1.719895938,0.0284916,0.014599207,,,,
2023,5,3886598,4.6599007,,,,23.85261321,0.08946933,0.006193181,1.764021113,0.035280422,0.019757036,,,,
2023,5,3052897,6.52236918,,,,24.74813833,0.256819531,0.013712656,2.504538833,0.023158912,0.012968991,,,,
2023,5,2973405,7.79744545,4.641417365,0.026831675,0.00086657,32.32817977,0.190997777,0.010959044,2.75253993,0.068277899,0.036912913,,,,
2023,5,4035222,2.71538454,8.413448262,0.045615585,0.003095356,6.03296603,0.030032292,0.001200376,0.835083804,0.028100473,0.013781708,,,,
2023,5,15072,5.76979699,,,,24.35171747,0.220752775,0.012666322,2.018195141,0.030556423,0.017111597,,,,
2023,5,2971618,2.89774533,,,,13.79206032,0.082788253,0.005684031,1.033036335,0.020660727,0.011570007,,,,
2023,5,3061612,1.63780101,2.821066363,0.014289289,0.000539015,4.736693082,0.017338337,0.000962157,0.496638868,0.017930695,0.009241398,,,,
2023,5,4427278,0.68014001,,,,2.189311357,0.019029751,0.000980286,0.187589269,0.003751785,0.002101,,,,
2023,5,4039160,6.87669076,,,,29.4076943,0.20441373,0.014827907,2.718280537,0.035203039,0.019713702,,,,
2023,5,3929785,7.16681255,,,,35.09550184,0.192688333,0.010508385,2.531356511,0.046854381,0.026238454,,,,
2023,5,4241961,4.39812441,,,,18.14721011,0.121760914,0.006336047,1.86372383,0.021541798,0.012063407,,,,
2023,5,3043275,3.31810295,,,,14.03641431,0.093289688,0.005205583,1.356313119,0.010973834,0.006145347,,,,
2023,5,4243003,4.50927776,16.48825707,0.203295003,0.006070362,6.078543432,0.025036338,0.001559133,0.829380204,0.04296592,0.020486472,,,,
2023,5,4360306,0.62195711,,,,2.743876935,0.021575472,0.000983691,0.220982822,0.004419656,0.002475008,,,,
2023,5,3139033,0.48166448,3.407106525,0.024168066,0.001119205,,,,,0.00704237,0.00323949,,,,
2023,5,2991662,5.17128853,,,,23.44322362,0.147853769,0.008377451,1.958998923,0.03283417,0.018387135,,,,
2023,5,16002,0.88079435,2.215328283,0.026351057,0.000715588,1.851018798,0.013187929,0.000912885,0.239819811,0.006438544,0.003160415,,,,
2023,5,3911853,3.4213556,,,,13.57538814,0.122213379,0.005588288,1.337315259,0.016418326,0.009194263,,,,
2023,5,14053,4.87926467,,,,19.50305397,0.188284086,0.009699138,1.819656793,0.036393136,0.020380156,,,,
2023,5,3676833,1.43863093,5.022188806,0.047048797,0.001772143,2.469814205,0.010827229,0.000766319,0.226098818,0.019570151,0.009454467,,,,
2023,5,4035198,5.01384189,,,,23.08894436,0.163291577,0.007466616,1.748507321,0.034970146,0.019583282,,,,
2023,5,4372096,2.92119486,,,,12.07881104,0.0843961,0.005973302,1.210288733,0.013989087,0.007833889,,,,
2023,5,4427728,4.24386689,14.36700023,0.113262641,0.00365799,7.960810478,0.04698617,0.002695966,1.086751221,0.052878532,0.02563209,,,,
2023,5,3921690,3.385748,,,,14.05668469,0.103644757,0.004356895,1.366773753,0.015797815,0.008846776,,,,
2023,5,4430802,5.57479949,,,,23.69614866,0.132959103,0.006918765,2.424237411,0.028020478,0.015691468,,,,
2023,5,4050373,2.20358134,,,,9.844841548,0.057582005,0.00419021,0.803391006,0.014608466,0.008180741,,,,
2023,5,4362630,6.25149002,,,,30.97251513,0.095541387,0.005576576,2.627302607,0.052546052,0.029425789,,,,
2023,5,4249417,0.53134056,,,,2.490136832,0.009702556,0.000686718,0.22771901,0.00455438,0.002550453,,,,
2023,5,4411193,4.21733808,4.528431231,0.033830366,0.001161454,16.06813189,0.072860183,0.003976692,1.401824763,0.04342934,0.022781146,,,,
2023,5,4245645,7.03251495,23.88120987,0.195178193,0.007283851,13.80764524,0.045501746,0.003626051,1.871777841,0.078366895,0.038058922,,,,
2023,5,4372063,0.53032045,,,,2.588284029,0.011228882,0.000777278,0.207093908,0.004141878,0.002319452,,,,
2023,5,4428718,1.18795424,,,,5.703604663,0.031511919,0.001758371,0.434509327,0.008690187,0.004866504,,,,
2023,5,13232,3.13265238,,,,11.65731162,0.125956872,0.006461414,1.216142504,0.016354773,0.009158673,,,,
2023,5,2976592,0.44637242,,,,1.91675812,0.002313347,0.000184351,0.244188398,0.003420687,0.001915585,,,,
2023,5,4372780,0.56155438,,,,2.357712874,0.016936,0.000988523,0.225034835,0.002601059,0.001456593,,,,
2023,5,4361372,1.08435006,,,,4.314548101,0.042690766,0.002199143,0.397375387,0.004593052,0.002572109,,,,
2023,5,2975674,2.06912615,,,,8.27379555,0.054144808,0.003201193,0.918603403,0.007432356,0.004162119,,,,
2023,5,4034862,0.50601137,,,,2.007003081,0.016390497,0.001192727,0.207201951,0.002394938,0.001341165,,,,
2023,5,4368003,4.35174308,,,,18.52396128,0.146353252,0.005849666,1.645517708,0.032910354,0.018429798,,,,
2023,5,2979843,1.91052644,5.179020667,0.034667885,0.001141276,4.694886506,0.017490439,0.001200849,0.623454229,0.018655721,0.009222649,,,,
2023,5,3128724,2.55350434,,,,9.757123157,0.063797552,0.004627792,1.033609247,0.017924571,0.010037759,,,,
2023,5,3917668,1.32831465,1.863591637,0.020526871,0.00081447,3.844484982,0.030524686,0.001629839,0.452481605,0.006202184,0.003168188,,,,
2023,5,4565908,1.87799651,3.046696592,0.012843494,0.00074982,6.415583811,0.041063859,0.002427811,0.544874225,0.02074223,0.010631174,,,,
2023,5,4039050,0.63896871,,,,1.903611927,0.010859831,0.000745608,0.194844185,0.003720187,0.002083305,,,,
2023,5,4242392,0.50670324,,,,1.982213762,0.019375518,0.001111726,0.192437764,0.002224286,0.0012456,,,,
2023,5,3122168,3.32779507,,,,15.79565894,0.095462701,0.005210332,1.185793464,0.018984072,0.01063108,,,,
2023,5,4012556,1.33618231,0.824850241,0.005684392,0.000343725,4.4725746,0.023209493,0.000975653,0.638666127,0.007850266,0.004217684,,,,
2023,5,2574576,1.10594692,,,,4.272558659,0.038048131,0.001959985,0.450468375,0.003644708,0.002041036,,,,
2023,5,4367175,5.0187672,,,,27.04661449,0.040768708,0.002223348,2.111222185,0.042224444,0.023645688,,,,
2023,5,2514206,0.63698842,,,,2.494053623,0.023423613,0.001067954,0.248040882,0.002866973,0.001605505,,,,
2023,5,3932442,3.20707377,,,,16.16943621,0.074994971,0.004433914,1.156502998,0.023050449,0.012908252,,,,
2023,5,2998565,1.669279,,,,7.204826797,0.063104713,0.00458,0.571040232,0.009173738,0.005137293,,,,
2023,5,4243160,1.86321343,6.032728867,0.021981649,0.00126379,5.000258688,0.011305931,0.00066,0.503303866,0.025969019,0.012727833,,,,
2023,5,4039057,2.24189779,,,,10.19968153,0.070154753,0.003207873,0.812353085,0.016247062,0.009098355,,,,
2023,5,3843945,4.90809647,,,,22.9995546,0.121977176,0.006257261,1.891790692,0.025629701,0.014352632,,,,
2023,5,3127310,1.22403995,,,,4.697955312,0.038520756,0.001539655,0.527262685,0.006604211,0.003698358,,,,
2023,5,2975417,0.41720094,,,,1.496543535,0.010262265,0.000704581,0.207028763,0.002253972,0.001262224,,,,
2023,5,4035693,0.83639212,3.208071669,0.014019362,0.000818469,2.166672522,0.007520664,0.000444643,0.179883277,0.013442411,0.006543276,,,,
2023,5,4361577,2.67910077,,,,13.72441356,0.066457995,0.004235323,0.919553391,0.018391068,0.010298998,,,,
2023,5,4722908,4.10151456,,,,17.24447981,0.142841844,0.010361562,1.518486747,0.017551385,0.009828776,,,,
2023,5,2576581,6.92075383,,,,34.09645495,0.159881622,0.00871925,2.586739134,0.047879491,0.026812515,,,,
2023,5,3045260,0.9605712,3.70690542,0.023090682,0.00145188,1.598951227,0.011477179,0.000827223,0.229706651,0.012477911,0.006007943,,,,
2023,5,4027873,2.10902463,,,,9.932770433,0.062863104,0.003550804,0.747823808,0.014956476,0.008375627,,,,
2023,5,4048228,2.72323753,,,,11.78584823,0.075429449,0.004807068,1.096319465,0.012671777,0.007096195,,,,
2023,5,4383396,0.7301812,1.062703255,0.010912945,0.000411048,1.915521042,0.015795859,0.001117983,0.273604522,0.004566062,0.002338618,,,,
2023,5,2515270,0.65489082,0.976851283,0.006065536,0.000398957,1.818514916,0.016052303,0.000734002,0.244534126,0.004171135,0.00213164,,,,
2023,5,4430539,0.56932999,,,,2.449385185,0.011382704,0.000631661,0.258094484,0.002983178,0.001670579,,,,
2023,5,2580216,1.89043883,,,,8.191380289,0.045533367,0.002540771,0.659180464,0.013183609,0.007382821,,,,
2023,5,4373266,0.9581179,,,,4.170078532,0.030919084,0.001774071,0.359919392,0.007198388,0.004031097,,,,
2023,5,4259979,0.25243423,,,,1.184361103,0.003271014,0.000167799,0.11658617,0.002331723,0.001305765,,,,
2023,5,3914151,1.13103733,,,,4.561581447,0.035789789,0.002021576,0.461936292,0.005339277,0.002989995,,,,
2023,5,4036416,1.07209253,,,,4.839541991,0.026693501,0.001701159,0.434068947,0.008681379,0.004861572,,,,
2023,5,4039505,0.5267716,,,,1.909233653,0.01315928,0.000718,0.257912423,0.002245666,0.001257573,,,,
2023,5,2971281,0.52228776,,,,2.300697806,0.01027821,0.000507307,0.232849909,0.00303179,0.001697802,,,,
2023,5,3125107,0.8178988,2.225200234,0.016188901,0.000749696,1.869591502,0.012919501,0.000599777,0.237448127,0.006674742,0.00327713,,,,
2023,5,4361438,2.83190109,,,,11.77362506,0.098723039,0.006291553,1.063054405,0.012287284,0.006880879,,,,
2023,5,3046401,0.53023244,,,,2.52216854,0.011349368,0.000582207,0.213422835,0.004268457,0.002390336,,,,
2023,5,3047876,1.24996334,,,,5.736656672,0.029129403,0.001650483,0.509361182,0.010187224,0.005704845,,,,
2023,5,4045305,0.26343162,,,,1.18952019,0.004847556,0.000282943,0.116339656,0.001381924,0.000773877,,,,
2023,5,4040612,1.1066704,,,,4.782166489,0.020144541,0.001117881,0.511820506,0.005915863,0.003312883,,,,
2023,5,3918003,1.19604525,,,,5.235213119,0.030945143,0.001927102,0.489182182,0.005654198,0.003166351,,,,
2023,5,9614,0.5112711,,,,1.977245711,0.018688625,0.0011,0.202718422,0.003203793,0.001794124,,,,
2023,5,3122154,0.44879252,,,,1.630553501,0.011970878,0.000707752,0.214539252,0.001868012,0.001046087,,,,
2023,5,4374045,0.58054682,,,,2.367531719,0.022118441,0.00102683,0.211705169,0.002446988,0.001370313,,,,
2023,5,2978109,2.06680212,,,,7.646005274,0.094650098,0.00682,0.733449314,0.011694027,0.006548655,,,,
2023,5,3923392,1.22293137,,,,4.832532643,0.038053767,0.00152099,0.514820932,0.005950543,0.003332304,,,,
2023,5,2531358,1.69237932,,,,6.846020362,0.059656493,0.002727833,0.652632095,0.007543429,0.00422432,,,,
2023,5,4360086,1.08179766,,,,4.545464193,0.035435662,0.001932507,0.41603078,0.00480868,0.002692861,,,,
2023,5,3125232,0.16221667,1.215008732,0.006976326,0.000441784,,,,,0.002266897,0.001042773,,,,
2023,5,4039253,0.50816371,,,,2.192838324,0.015363389,0.000837853,0.197520842,0.002283039,0.001278502,,,,
2023,5,3917849,1.65788589,,,,7.130064528,0.040719429,0.003244947,0.702958309,0.008125123,0.004550069,,,,
2023,5,2508256,0.48509037,,,,1.774286722,0.018864116,0.001068848,0.194801648,0.002251609,0.001260901,,,,
2023,5,3115349,0.27007661,,,,0.993139962,0.007003,0.000390769,0.129193263,0.001124897,0.000629942,,,,
2023,5,3929914,0.51727035,1.879281026,0.010665413,0.000450116,0.975034816,0.00561392,0.000287986,0.137510925,0.005130978,0.002479982,,,,
2023,5,4383440,2.33047859,,,,9.372537053,0.084034494,0.003842533,0.8926158,0.010317274,0.005777673,,,,
2023,5,3046704,1.06297079,,,,3.514837284,0.047212989,0.003402899,0.425708332,0.00393643,0.002204401,,,,
2023,5,3916749,0.27524763,,,,1.210324098,0.005874183,0.000342865,0.119798707,0.00138469,0.000775426,,,,
2023,6,3116406,21.89054568,1.052076463,0.012467605,0.000484036,103.2718345,0.802306747,0.041934839,6.584939866,0.092052374,0.051349573,,,,
2023,6,4241389,15.25793531,3.303060345,0.024946476,0.001003832,70.56296952,0.300119648,0.02014079,5.995614428,0.108527585,0.059918048,,,,
2023,6,4047646,16.93196814,,,,83.44796126,0.484613679,0.034723383,5.724970658,0.105088826,0.058849742,,,,
2023,6,4040715,21.58087327,41.02203695,0.72255678,0.021919922,,,,,0.543562,0.258471006,236.6616432,1.343876478,0.096291004,0.716231291
2023,6,3918298,22.91296287,30.46121643,0.47032267,0.017890022,,,,,0.539797813,0.25771683,261.2450967,2.118500901,0.115451676,0.822216
2023,6,4374302,15.70449858,3.930923863,0.032966258,0.000884708,70.16135028,0.265826052,0.017934908,6.582542952,0.109184983,0.060272439,,,,
2023,6,16800,19.64103381,,,,99.66799544,0.39564716,0.023091252,7.356727406,0.093782678,0.0525183,,,,
2023,6,3929630,15.78730123,57.92668285,0.254011847,0.009882597,34.47138924,0.106432032,0.0087,4.447046425,0.105128349,0.051079434,,,,
2023,6,4239996,17.04071892,75.96415062,0.566824863,0.023498625,24.14836369,0.111633612,0.006434602,3.054086667,0.168149681,0.079838243,,,,
2023,6,2976212,18.78708906,,,,83.70681065,0.606441503,0.033049166,6.848481912,0.125108271,0.070060632,,,,
2023,6,4362628,21.6589974,0.984177424,0.005389561,0.000336479,94.71193377,0.672515463,0.026850427,8.133792565,0.152643458,0.085121118,,,,
2023,6,3054850,17.86053017,54.76882376,0.39642781,0.016151897,40.55242338,0.184058724,0.009020685,4.93482737,0.147501628,0.07179014,,,,
2023,6,3068267,19.02603056,56.50263337,0.500810159,0.019625405,41.2668507,0.221738198,0.012818757,5.041120853,0.202512378,0.098781585,,,,
2023,6,4430807,17.58457809,75.77711932,0.434888466,0.017058881,28.35567381,0.166668963,0.010693393,3.683305596,0.190253729,0.090938968,,,,
2023,6,3916148,18.49142197,74.2480846,0.604711352,0.024333249,29.8557416,0.116193602,0.00779766,3.886976469,0.209946039,0.100586331,,,,
2023,6,3043078,13.75029287,70.60752333,0.462931529,0.016333466,15.99605048,0.068035635,0.003712238,1.991967173,0.139936287,0.06581104,,,,
2023,6,2577417,16.16897035,11.44632897,0.17503446,0.007043289,,,,,0.426189187,0.203955619,261.6396471,1.363391219,0.091496095,0.872733798
2023,6,4047650,13.75790997,,,,65.51496092,0.359461948,0.023892712,5.113460327,0.10205139,0.057148778,,,,
2023,6,3116385,14.1866451,58.87122495,0.422610579,0.026384284,19.38192367,0.144654017,0.005775365,2.982490595,0.096300975,0.045805617,,,,
2023,6,15847,17.98278928,,,,72.53718014,0.74359375,0.032559221,6.272210137,0.063844476,0.035752906,,,,
2023,6,4430027,10.42430599,,,,45.27399269,0.267330894,0.018036437,4.311346972,0.04983258,0.027906245,,,,
2023,6,4427366,13.30288483,60.7495881,0.325923473,0.016934083,22.97910513,0.08686883,0.004826724,2.662399167,0.272966269,0.129929546,,,,
2023,6,16737,16.94371028,,,,79.84253098,0.526462068,0.027998692,5.834060311,0.08172582,0.045766459,,,,
2023,6,3126486,14.44403658,14.56521962,0.151007628,0.004090366,64.43639712,0.270566847,0.017789314,4.108179787,0.13549388,0.070543545,,,,
2023,6,2576414,18.16279136,76.74267214,0.760230634,0.029514813,23.03636996,0.153870911,0.0080425,2.89286913,0.289209554,0.137662937,,,,
2023,6,4361370,14.30068885,,,,74.76545226,0.296737164,0.0145,5.126856223,0.102537124,0.05742079,,,,
2023,6,4697815,12.00786312,51.72091447,0.266486551,0.021519089,18.35471394,0.093126324,0.004952712,2.968964793,0.192992265,0.092189683,,,,
2023,6,4569618,14.82601392,,,,70.98713343,0.473767895,0.026324133,4.936590644,0.095599732,0.05353585,,,,
2023,6,4372016,14.90310028,0.907166245,0.011356676,0.000440906,68.33773049,0.551007126,0.028799951,4.641630473,0.087985039,0.049003194,,,,
2023,6,3915416,16.96683864,,,,81.71782371,0.619079771,0.031384749,5.109943701,0.08425139,0.047180779,,,,
2023,6,3040151,9.9816742,,,,46.13099729,0.2474949,0.016272373,3.901735612,0.046338646,0.025949642,,,,
2023,6,3139477,24.46138133,28.3891355,0.177153996,0.008025665,,,,,0.431042945,0.205984512,282.4191816,2.696502441,0.118069871,0.687427636
2023,6,2977187,20.21209423,2.93932324,0.03734165,0.001074836,92.71676852,0.532802807,0.032232966,7.314441333,0.143793468,0.079618313,,,,
2023,6,4242335,11.94934235,58.14772682,0.453191018,0.017128597,14.22935456,0.04916405,0.00357726,1.775289896,0.129861177,0.061311905,,,,
2023,6,4035687,14.67963944,,,,72.52896456,0.213330347,0.015522278,6.248718999,0.121618444,0.068106329,,,,
2023,6,4567048,16.6532179,75.6901076,0.862061082,0.028914161,15.34000542,0.052076305,0.003461407,2.139761272,0.151769655,0.071569066,,,,
2023,6,4379399,14.52095784,63.16117968,0.438069257,0.016663174,22.68070221,0.119643256,0.00652,2.628443368,0.090919357,0.043357572,,,,
2023,6,3051876,10.55778699,,,,47.53694605,0.217691651,0.012547826,4.528893396,0.051252292,0.028701284,,,,
2023,6,4426515,15.51077411,2.929505995,0.036709446,0.001056638,72.47841191,0.360534314,0.02181124,5.673666512,0.123310696,0.068070253,,,,
2023,6,4259545,15.91063772,70.94321705,0.56979377,0.01728561,20.17890308,0.120791096,0.008654885,2.723200092,0.130025626,0.061798286,,,,
2023,6,3916387,21.36644627,55.81686278,0.642710608,0.019038964,,,,,0.774752111,0.368336625,222.8850574,1.196508326,0.089350031,0.636752
2023,6,4360438,14.53726957,,,,72.41124415,0.34546346,0.0227,5.280239407,0.09352412,0.052373507,,,,
2023,6,3117251,22.71125992,85.70519743,0.82820723,0.022433773,35.45108387,0.185214164,0.012177519,4.647744942,0.216476836,0.10378805,,,,
2023,6,15795,14.81552649,,,,72.021586,0.273242402,0.014908966,6.074760601,0.119483082,0.066910526,,,,
2023,6,4241478,14.34432921,,,,67.03823357,0.41369454,0.029641908,5.195613275,0.088291495,0.049443237,,,,
2023,6,3925357,14.01155263,0.707738597,0.006618236,0.000274369,61.0512159,0.524972163,0.030259587,4.672775263,0.080607295,0.044929194,,,,
2023,6,15818,17.71114174,1.383801982,0.009630014,0.000377374,83.17555896,0.335879054,0.019417277,7.291762938,0.1372263,0.076412499,,,,
2023,6,4035538,19.29267369,80.800754,0.82516782,0.022144845,24.99443195,0.102857426,0.006939645,3.25373991,0.180739891,0.085837634,,,,
2023,6,4432577,15.80692235,12.18287407,0.10311122,0.004921158,,,,,0.564266026,0.269950111,241.7171806,1.438936702,0.064357391,0.534001644
2023,6,4047365,18.15921962,73.68370226,0.427452834,0.01978743,34.08474234,0.08586332,0.005011262,4.385314806,0.142193639,0.068094975,,,,
2023,6,4430737,18.77285295,74.9318598,1.088798503,0.031339789,19.3765198,0.12356612,0.007475378,2.150401734,0.175036781,0.082412406,,,,
2023,6,4361529,17.5097464,83.09386901,0.758731737,0.034373068,18.57983668,0.117182441,0.005130986,2.147896738,0.152719785,0.07202304,,,,
2023,6,4258173,14.99907873,,,,73.98880586,0.43893529,0.01963167,5.015130083,0.080290197,0.04496251,,,,
2023,6,4241479,20.26897824,9.022801433,0.166258689,0.006454744,,,,,0.616171665,0.29478374,279.0641772,2.253719142,0.117797027,0.741746879
2023,6,4362887,20.25781535,49.79812552,0.212956125,0.014357879,,,,,0.826136831,0.393073969,231.9254312,1.75510725,0.08897658,0.869770588
2023,6,3116165,13.92392601,,,,61.17854522,0.353281096,0.018788454,5.760094785,0.101763199,0.056987392,,,,
2023,6,3123076,8.8211252,,,,37.09438623,0.232743283,0.0198,3.725809572,0.045888121,0.025697348,,,,
2023,6,4239993,13.98470367,,,,63.45932785,0.482953449,0.019282094,4.787778796,0.077991785,0.043675399,,,,
2023,6,16460,15.75374676,1.157431986,0.005205572,0.000391828,67.79409644,0.408572961,0.019185196,6.452271559,0.106183804,0.059152446,,,,
2023,6,2577327,13.83399078,,,,63.61067002,0.308966063,0.0205,5.684691172,0.097444441,0.054568887,,,,
2023,6,4242355,9.7992025,,,,40.3719283,0.297043391,0.019934345,3.990319261,0.04612199,0.025828314,,,,
2023,6,2976499,13.38261666,,,,62.72079224,0.307059492,0.0261,5.302191383,0.078832948,0.044146451,,,,
2023,6,3121422,11.55402117,,,,60.12821332,0.13438496,0.009084668,4.799510282,0.075703159,0.042393769,,,,
2023,6,4361307,4.09192954,,,,16.58980123,0.110064422,0.00758,1.779901579,0.020572941,0.011520847,,,,
2023,6,3121023,10.22623454,,,,46.09657277,0.213204751,0.015276478,4.367065897,0.055109016,0.030861049,,,,
2023,6,4361741,15.90205778,8.310995382,0.23387781,0.006335083,,,,,0.557127062,0.266490967,252.3738242,1.227125189,0.080681413,0.495756698
2023,6,4429205,13.26469195,,,,60.08324744,0.486333139,0.018467557,4.397617895,0.087952358,0.04925332,,,,
2023,6,4429615,13.62921967,4.79249956,0.038516214,0.001140963,62.53804581,0.273632662,0.020433696,5.106630527,0.118710266,0.064819983,,,,
2023,6,4361579,10.19492716,37.96124813,0.143414875,0.012190767,20.31627001,0.095468394,0.004530678,2.995435755,0.100540664,0.048827455,,,,
2023,6,4258595,10.73282804,0.938051637,0.012701728,0.000856373,43.14299011,0.377075894,0.019116167,4.007775007,0.056999022,0.031583976,,,,
2023,6,4360310,17.53520294,23.02551902,0.207751635,0.008612674,,,,,0.695144667,0.331907099,240.6707057,1.475918513,0.085072482,0.543138582
2023,6,3128429,12.50034918,,,,58.09433821,0.374289007,0.0178,4.504987813,0.087241511,0.048855246,,,,
2023,6,3117256,9.00452232,,,,34.59420387,0.31620147,0.014142319,3.66223551,0.038981279,0.021829516,,,,
2023,6,4241474,10.49117259,56.88499292,0.304538044,0.017207425,12.20310318,0.042644502,0.002882846,1.605901034,0.16066915,0.075527934,,,,
2023,6,4428331,9.78504707,,,,40.72154296,0.429822813,0.018820352,3.165549501,0.06331099,0.035454154,,,,
2023,6,3916433,13.97493455,0.721470892,0.00360096,0.000166694,66.56018636,0.269983449,0.01575711,5.689688962,0.106745612,0.0595471,,,,
2023,6,3051392,7.77821025,38.12027367,0.103850893,0.009726982,11.80698665,0.055633006,0.002716845,1.915381221,0.120425623,0.057434026,,,,
2023,6,4372019,12.62381826,51.0664636,0.36530787,0.021434675,19.26880404,0.105237609,0.008941321,2.849187112,0.153620858,0.073488241,,,,
2023,6,4360248,9.11937824,0.970952455,0.014193016,0.000556733,43.67496647,0.25619089,0.016437072,3.027662558,0.027160797,0.014943627,,,,
2023,6,4040761,5.0425768,25.10131733,0.135029678,0.006444521,6.12352961,0.020829605,0.000931618,0.968469504,0.082609919,0.039136392,,,,
2023,6,4569173,12.24253762,65.34506926,0.176113417,0.016495305,18.32457331,0.064680415,0.003158676,2.520185206,0.139588011,0.066183399,,,,
2023,6,4426502,10.1800169,,,,45.34691839,0.343466482,0.022036628,3.619618364,0.072392367,0.040539726,,,,
2023,6,4241416,12.06542397,47.73495574,0.177875878,0.013388864,24.98436616,0.094739899,0.004448663,3.24285617,0.12883642,0.062068052,,,,
2023,6,4036133,14.565818,,,,60.65209903,0.475411854,0.018052842,5.681788302,0.063788405,0.035721507,,,,
2023,6,2576925,11.51517974,,,,57.8993166,0.134986415,0.011032116,4.952713135,0.054358727,0.030440887,,,,
2023,6,3046779,13.97587773,6.378250396,0.171432806,0.004600704,,,,,0.39430373,0.188754075,235.9860643,1.106218771,0.074635017,0.673102546
2023,6,4243537,10.93089673,1.72302331,0.015806156,0.000601231,48.21247959,0.464089381,0.02529142,3.07027902,0.059520063,0.032831552,,,,
2023,6,3051926,9.81105349,58.05299586,0.464071264,0.013747145,5.114950018,0.021169716,0.001580862,0.646739572,0.104754755,0.04867428,,,,
2023,6,4241372,14.60736485,,,,68.47742206,0.411577595,0.028358789,5.337732573,0.095368818,0.053406538,,,,
2023,6,16731,9.15559459,,,,43.57884779,0.206227025,0.013839731,3.591754153,0.054030318,0.030256978,,,,
2023,6,4048244,13.62760747,56.42821722,0.338827072,0.024676823,22.79151079,0.137531381,0.005222487,2.922451154,0.145236055,0.069299913,,,,
2023,6,4035676,10.36755536,53.96753654,0.350690098,0.01325452,10.95277238,0.053008316,0.003856975,1.500549864,0.089015858,0.041895433,,,,
2023,6,15864,16.3217811,15.25613601,0.109814943,0.003683274,,,,,0.426928907,0.204308788,260.9971643,1.282756994,0.085262275,0.607095113
2023,6,4241463,12.75407162,,,,66.23772756,0.273634682,0.013,4.562279844,0.091245597,0.051097534,,,,
2023,6,3895856,13.72269139,0.729064368,0.005995594,0.000248557,62.29640605,0.325854547,0.018782375,5.492380832,0.093102932,0.051929595,,,,
2023,6,3052587,15.92521513,12.79107918,0.06054239,0.004888866,,,,,0.505346193,0.241460726,241.7831224,1.592089345,0.084671663,0.733174503
2023,6,4430878,9.09838815,,,,43.57944143,0.197028288,0.013096074,3.611061921,0.072221238,0.040443894,,,,
2023,6,4242431,0.46860209,2.85494341,0.017998389,0.001310825,,,,,0.005946572,0.002735423,,,,
2023,6,4360238,12.58222666,69.89747499,0.401009063,0.019138838,11.9889505,0.054262588,0.00242693,1.763703939,0.159034255,0.074540633,,,,
2023,6,4361050,0.47237049,,,,1.995668062,0.013875666,0.001036174,0.189877432,0.002194693,0.001229028,,,,
2023,6,12483,16.9450617,5.403503608,0.133811293,0.003851601,,,,,0.359810666,0.172356257,276.9705592,1.594333715,0.096452389,0.859844557
2023,6,4038941,18.60625922,13.86091596,0.256118465,0.010036595,,,,,0.454386186,0.217310334,282.3316005,1.446680298,0.083633055,0.580623507
2023,6,14881,16.71477694,22.53752151,0.06307412,0.005361521,,,,,0.592467398,0.283347428,257.0924766,1.407557601,0.066798962,0.712317753
2023,6,16733,6.85431085,,,,31.75356896,0.20142144,0.015041276,2.469033997,0.026233246,0.014690618,,,,
2023,6,4361777,1.91443678,14.59556666,0.079149989,0.003663971,,,,,0.030606259,0.014078879,,,,
2023,6,3116365,12.95590109,,,,56.87160833,0.39112478,0.029207495,4.935491505,0.065757962,0.036824458,,,,
2023,6,2468609,4.79424752,14.23986413,0.12512166,0.005097907,9.587858297,0.077656673,0.00380594,0.980065727,0.082771438,0.040125308,5.215610011,0.024962396,0.001241265,0.017979018
2023,6,4361409,9.21111517,,,,48.27721272,0.137923301,0.00932,3.600245176,0.057638464,0.03227754,,,,
2023,6,4426875,14.02949638,15.33210266,0.118806959,0.006712993,,,,,0.552301572,0.264264965,260.1414433,0.906059525,0.061251273,0.934215035
2023,6,4360294,6.37886871,12.77506028,0.074907736,0.004232539,18.30360743,0.065628108,0.00443658,2.415005848,0.069024999,0.034740725,,,,
2023,6,4426385,6.71003093,24.18729354,0.204314657,0.006852863,11.93542727,0.05209323,0.003462532,1.595062045,0.059986562,0.028982653,,,,
2023,6,3121427,9.36945723,2.852289833,0.02152342,0.001216146,40.74959539,0.108860224,0.007359149,4.292020578,0.076784764,0.042116163,,,,
2023,6,3045144,9.89244066,,,,40.60053999,0.231520187,0.009243528,4.510552935,0.078432546,0.043922226,,,,
2023,6,4428557,9.48035317,21.36210381,0.117440455,0.004143614,24.36519161,0.121388153,0.00662332,3.446991932,0.073498454,0.036810615,,,,
2023,6,4688813,11.37007798,,,,56.00474537,0.220310444,0.016030161,4.514421497,0.09028843,0.050561521,,,,
2023,6,3059915,4.89672017,23.08923559,0.194280112,0.011399511,5.058996038,0.02554133,0.00217,0.779918886,0.048033066,0.022677774,,,,
2023,6,3121409,6.69163212,,,,31.98916803,0.150711502,0.006740671,2.627987628,0.048482741,0.027150335,,,,
2023,6,3915511,17.77088989,7.18346126,0.107101099,0.0066865,,,,,0.46720555,0.223700857,262.5803706,1.901159419,0.075904488,0.714027797
2023,6,2976316,12.73545017,,,,58.96741346,0.228874586,0.011217103,5.535236839,0.084317624,0.047217869,,,,
2023,6,2573401,7.18077539,,,,30.89416482,0.191643119,0.011593832,2.947887592,0.02704381,0.015144533,,,,
2023,6,3918639,7.23242851,0.995442926,0.016984216,0.000665566,30.13730428,0.179870242,0.010398357,2.963583944,0.044202359,0.024424376,,,,
2023,6,16813,9.24053551,,,,39.18912348,0.25383013,0.017159379,3.812517371,0.044069414,0.024678872,,,,
2023,6,4373626,10.00074855,58.37517105,0.373385264,0.014646364,7.491735597,0.034563007,0.00222,0.989867243,0.063084597,0.029449858,,,,
2023,6,4372414,11.08352479,6.904799541,0.052248875,0.003065736,50.1373834,0.169004743,0.01435918,4.127272793,0.105673959,0.056563917,,,,
2023,6,4360635,7.87212952,,,,34.90418191,0.18197921,0.009929359,3.303384485,0.030545659,0.017105569,,,,
2023,6,4032473,7.59947393,2.83160782,0.019091353,0.00077785,34.37258186,0.130498755,0.006395721,2.84541508,0.066089671,0.036092079,,,,
2023,6,16782,5.97570264,9.44103969,0.087463511,0.003962388,17.67147572,0.156792785,0.006865376,1.806435525,0.029505517,0.014978866,,,,
2023,6,3116389,6.91406997,16.05913404,0.062117521,0.005280207,18.60453,0.093686991,0.00445,2.535488233,0.043152176,0.021606077,,,,
2023,6,4429025,6.92599022,,,,32.95800725,0.180959213,0.010461311,2.579940254,0.051598805,0.028895331,,,,
2023,6,4372485,8.06161074,14.19677637,0.067704561,0.004208781,25.82966776,0.14033903,0.009669732,2.882321759,0.098307297,0.050986,,,,
2023,6,3125116,10.56285867,62.04056029,0.296352432,0.019980606,10.17690833,0.059426622,0.003012681,1.285805097,0.137852723,0.064498093,,,,
2023,6,4242214,3.92344145,18.38661467,0.151570232,0.006866635,4.377241849,0.040106721,0.001756125,0.502370459,0.024655527,0.011634947,,,,
2023,6,16757,14.63784115,6.998879989,0.060806607,0.00247748,,,,,0.507505488,0.243050628,259.3725031,1.241380998,0.060821998,0.710594151
2023,6,3116593,4.7386288,25.9614619,0.14490336,0.007528778,5.081367791,0.016346458,0.000908264,0.724679256,0.081747963,0.038433209,,,,
2023,6,3115394,9.36425241,,,,49.36209189,0.231893936,0.01088895,3.050342447,0.032409591,0.018149371,,,,
2023,6,4036348,9.38628693,,,,44.99272117,0.259550584,0.017418232,3.346137747,0.046874019,0.02624945,,,,
2023,6,3916566,12.93257152,,,,58.04354919,0.4935453,0.018741424,4.221798229,0.084435965,0.04728414,,,,
2023,6,14880,20.13447733,6.472768564,0.059295755,0.004318518,,,,,0.693211011,0.33217265,295.0974267,2.31455099,0.087890579,0.734523991
2023,6,4430191,6.40618242,3.349286853,0.027726447,0.0012561,25.99196072,0.237927538,0.010417967,1.90532324,0.048024272,0.025901812,,,,
2023,6,4040655,8.13621642,,,,38.52205329,0.267300457,0.013551013,2.698857301,0.041834804,0.02342749,,,,
2023,6,4240021,7.9585492,25.71328957,0.156051387,0.011365244,17.46576861,0.115416877,0.004382732,2.05526991,0.079621253,0.038516033,,,,
2023,6,3044720,16.31982128,23.61228109,0.168572506,0.010479129,,,,,0.821465713,0.392273305,216.7982947,1.530715751,0.105470378,0.658324529
2023,6,4242433,11.57830749,,,,56.303814,0.259252674,0.014987481,4.455042268,0.084683202,0.047422593,,,,
2023,6,4243331,7.14371599,,,,27.95712664,0.250761106,0.013336161,2.845537864,0.026312054,0.01473475,,,,
2023,6,3046439,8.40739318,,,,34.63195805,0.263737981,0.012879678,3.370771688,0.031787104,0.017800778,,,,
2023,6,3915486,8.4346017,,,,38.39978354,0.156733612,0.008708645,3.698774803,0.056664658,0.031732209,,,,
2023,6,4596334,1.33086404,3.398377247,0.023559861,0.000697912,3.250060932,0.014650752,0.001094054,0.443223346,0.010433771,0.005163065,,,,
2023,6,15835,9.91789795,,,,37.19028051,0.374147091,0.025779728,3.942047857,0.036226753,0.020286982,,,,
2023,6,4038524,13.90135625,12.29244629,0.115632735,0.004370401,,,,,0.595800998,0.285044483,243.4516494,0.996140004,0.072480835,0.671822145
2023,6,4038441,8.05779231,30.04313182,0.277388936,0.00821707,12.60544441,0.055054712,0.004111246,1.863383571,0.095896393,0.046149703,,,,
2023,6,4360797,10.53668803,3.051582787,0.041873657,0.001205284,48.26949624,0.311323881,0.018834157,3.325970335,0.075528984,0.041323159,,,,
2023,6,3054212,8.5167902,,,,36.07029137,0.293258028,0.01881528,3.158191187,0.041702545,0.023353425,,,,
2023,6,4371733,6.49471542,26.32016146,0.229578022,0.006964618,9.556537327,0.045018485,0.00322565,1.304372106,0.070304936,0.033570071,,,,
2023,6,15920,6.11249267,23.18711429,0.216497397,0.008235077,8.989727915,0.05468095,0.002979941,1.275897409,0.032755282,0.015726541,,,,
2023,6,4360569,4.56426597,21.90760721,0.187489243,0.005078549,4.799476624,0.021201762,0.00139398,0.66488119,0.039715681,0.018732348,,,,
2023,6,4426485,10.08673782,,,,50.55963052,0.207410767,0.009739304,3.851061333,0.077021227,0.043131887,,,,
2023,6,4426388,6.2619728,1.913423834,0.014423285,0.000387074,30.30164702,0.110619953,0.007463372,2.330581195,0.052318994,0.0287279,,,,
2023,6,4240600,8.81652453,4.941590811,0.046993204,0.002128948,33.37187397,0.319184724,0.013975919,2.831114281,0.071498996,0.038551767,,,,
2023,6,4722893,6.09751607,18.96292497,0.08945379,0.007603886,13.68044714,0.069291759,0.003288404,1.910171431,0.053630477,0.026333223,,,,
2023,6,3128390,7.93585203,,,,36.93718913,0.21389393,0.011884664,2.980660996,0.041754276,0.023382395,,,,
2023,6,4569587,9.51874675,2.310719427,0.00989956,0.000385153,48.3083468,0.012164443,0.000994171,4.425081068,0.095886179,0.052957804,,,,
2023,6,4685720,14.8686117,11.07541031,0.058039986,0.004368718,,,,,0.681978431,0.326577164,261.0225138,1.30991511,0.061509156,0.88216583
2023,6,3910544,4.78074129,22.81999071,0.161819749,0.006341281,6.029274344,0.020213147,0.00117,0.833214328,0.048598664,0.022951741,,,,
2023,6,4362238,1.07806037,,,,3.886651689,0.019593342,0.000782271,0.575752718,0.00501313,0.002807353,,,,
2023,6,15880,10.76960265,,,,50.09103053,0.237327343,0.010614622,4.309297077,0.071109735,0.039821451,,,,
2023,6,3115306,6.23595582,,,,28.3000794,0.193528304,0.013057081,2.262316073,0.039918021,0.022354091,,,,
2023,6,4038815,4.72538129,19.59663587,0.193006396,0.00776647,6.042741389,0.025332302,0.001700031,0.798284264,0.04725343,0.022431651,,,,
2023,6,3051738,4.23834141,,,,20.44712375,0.180793849,0.00792,1.112391966,0.017708416,0.009916713,,,,
2023,6,3045523,10.30000646,,,,48.3327647,0.243068749,0.011870293,4.06503615,0.073574324,0.041201622,,,,
2023,6,4360761,7.05537733,,,,30.2214851,0.211241077,0.014555071,2.797868472,0.055957369,0.031336127,,,,
2023,6,3916945,6.44054032,,,,36.06416292,0.071546853,0.005847353,2.446663467,0.048933269,0.027402631,,,,
2023,6,3052096,0.69969879,,,,2.771145974,0.02536057,0.000963018,0.271932233,0.003143121,0.001760148,,,,
2023,6,3930086,6.99830236,,,,27.48555335,0.31315906,0.0171,2.365825187,0.026732608,0.014970261,,,,
2023,6,4249836,0.97889535,2.915409072,0.024782225,0.001454113,1.657096435,0.007075825,0.000601185,0.256292757,0.008135598,0.003965531,,,,
2023,6,4362478,9.97552358,43.63742812,0.297097069,0.01846872,14.25976765,0.081013777,0.005582064,1.966856711,0.105635031,0.050304674,,,,
2023,6,4429086,2.79291532,,,,12.60356759,0.07099481,0.004143487,1.112363208,0.012857218,0.007200042,,,,
2023,6,14163,13.01710164,29.32407132,0.154176262,0.005998389,,,,,0.691967037,0.33062202,243.8856893,0.494059888,0.040378331,1.010889794
2023,6,4367209,3.46181859,,,,15.46040242,0.089724477,0.004258086,1.38644046,0.016025132,0.008974074,,,,
2023,6,3925347,5.25247861,30.32722449,0.288815235,0.010985885,1.836202911,0.012491576,0.000680752,0.246874771,0.046522979,0.021571519,,,,
2023,6,4360939,3.63766779,,,,18.020588,0.061603487,0.00460028,1.487545436,0.028126724,0.015750966,,,,
2023,6,4373678,1.83652631,,,,8.035369136,0.060862371,0.003316809,0.596416876,0.011928338,0.006679869,,,,
2023,6,3116164,6.58718755,,,,28.41754553,0.192210405,0.00938662,2.600212361,0.024520563,0.013731515,,,,
2023,6,3121410,3.19911112,,,,15.04509714,0.021007599,0.001716901,1.600118664,0.032002373,0.017921329,,,,
2023,6,4361259,13.59510871,14.10107219,0.116702093,0.006063518,,,,,0.527189846,0.252237627,223.3210244,1.207916888,0.067115913,0.967760506
2023,6,4362504,1.62802737,,,,6.639403051,0.052692234,0.002356695,0.651455071,0.007529825,0.004216702,,,,
2023,6,3135321,3.71905963,,,,16.8660837,0.05558229,0.003243963,1.730316686,0.034606334,0.019379547,,,,
2023,6,2576623,8.31787583,,,,38.03594007,0.215823373,0.010539762,3.252993373,0.050045812,0.028025655,,,,
2023,6,4429013,2.53783105,12.37293225,0.137393903,0.005695882,1.819486897,0.010229256,0.000589618,0.246063633,0.02837603,0.013267224,,,,
2023,6,4686472,6.06231916,3.39348402,0.01468193,0.001248015,25.53633331,0.145186956,0.006890189,2.087831768,0.05284159,0.028482795,,,,
2023,6,3049916,2.41768382,12.05020837,0.045908966,0.001786136,3.632444807,0.007563453,0.000618,0.55796571,0.036799184,0.017580999,,,,
2023,6,4692590,3.52447746,,,,17.73379075,0.034044994,0.002782416,1.575725853,0.031514517,0.01764813,,,,
2023,6,4239086,14.58290784,16.59445027,0.209730606,0.008226867,,,,,0.507435637,0.242324694,191.2550879,1.31613071,0.084442252,0.481858014
2023,6,3930066,0.87054682,,,,3.995179283,0.029316926,0.001880959,0.296715642,0.004892168,0.002739614,,,,
2023,6,4360078,4.31314754,,,,22.26024759,0.074229102,0.005401035,1.667414178,0.033348284,0.018675039,,,,
2023,6,3139602,1.57973587,4.37060731,0.035797907,0.001484059,3.467972543,0.014629841,0.000843269,0.502270088,0.014176623,0.006993876,,,,
2023,6,4599739,5.41413116,19.90946427,0.128935746,0.005253307,10.10905577,0.045120635,0.002211354,1.403886632,0.054193841,0.026151544,,,,
2023,6,4421446,8.20281123,32.25390299,0.276570991,0.007422274,13.10591412,0.04850146,0.003272325,1.667165006,0.053644066,0.025692401,,,,
2023,6,4040980,6.73432348,,,,25.2518788,0.245782637,0.009812962,2.757303172,0.038852965,0.021757661,,,,
2023,6,16760,12.78082611,4.701316723,0.076447038,0.003538847,,,,,0.468982634,0.224439338,258.3070727,1.006314676,0.058731789,1.096776001
2023,6,3924365,4.94253519,,,,20.53400049,0.109413273,0.005137675,2.257626879,0.032231003,0.018049362,,,,
2023,6,15807,0.80836658,,,,3.136376528,0.017255566,0.00111,0.392387432,0.003119728,0.001747048,,,,
2023,6,4241464,12.95368742,9.55271521,0.02121688,0.001987236,,,,,0.474249374,0.226883261,229.1237064,1.216206689,0.059393609,0.92009778
2023,6,3912092,2.81971581,,,,10.66284707,0.123115659,0.007117356,1.010723276,0.009345933,0.005233722,,,,
2023,6,3118892,5.35735121,,,,24.18874434,0.220832487,0.009669438,1.629792322,0.032595846,0.018253674,,,,
2023,6,4036131,5.27850986,,,,22.90823491,0.104953957,0.006976078,2.368285916,0.022197899,0.012430824,,,,
2023,6,4036335,3.2016288,,,,14.28306379,0.120013462,0.006272844,1.052930519,0.011187284,0.006264879,,,,
2023,6,4362087,8.01425159,40.32136528,0.280144759,0.017414898,8.586075175,0.043067912,0.00297,1.230314926,0.094796424,0.044677601,,,,
2023,6,14876,13.27755008,12.36578935,0.162422299,0.005730695,,,,,0.568391645,0.272016742,233.0025623,1.00174033,0.054658106,0.926185291
2023,6,3115255,8.57058623,1.2897839,0.006465145,0.000470857,36.60258458,0.285103038,0.010826234,2.985642475,0.0642659,0.035533599,,,,
2023,6,4431453,2.47895804,8.727691596,0.081403804,0.003275644,3.922976865,0.017785766,0.001193589,0.547258552,0.022677339,0.010908079,,,,
2023,6,4258195,6.59848021,,,,32.40556885,0.111824915,0.009501,2.627193687,0.052543874,0.029424569,,,,
2023,6,3931391,1.22682909,,,,4.71866957,0.035362505,0.001411861,0.466390406,0.009327808,0.005223573,,,,
2023,6,4240472,4.75692669,,,,19.04965335,0.194845535,0.008531565,1.682842182,0.015560866,0.008714085,,,,
2023,6,3123075,6.62900604,1.026396213,0.014611923,0.000567286,26.21189325,0.253933094,0.013272534,2.157015183,0.046061598,0.025502366,,,,
2023,6,4426407,4.40328876,,,,18.87720738,0.140148761,0.007453494,1.696884682,0.033937694,0.019005108,,,,
2023,6,4242540,3.72987003,,,,16.19669546,0.077214101,0.00631,1.670840708,0.033416814,0.018713416,,,,
2023,6,4362921,5.96253893,,,,29.91080756,0.097268979,0.004750143,2.431526198,0.048630524,0.027233093,,,,
2023,6,4243315,9.56983907,38.61474096,0.375671483,0.014584882,14.03647088,0.083983774,0.00438965,1.56701458,0.062966436,0.02991965,,,,
2023,6,2576336,3.1019148,1.018627874,0.005347523,0.000247545,12.1542843,0.052159446,0.003044194,1.447005568,0.013164261,0.00717734,,,,
2023,6,4567096,3.71659399,,,,17.473751,0.093251936,0.004170754,1.432702295,0.028654046,0.016046266,,,,
2023,6,4240657,4.39720784,3.522972922,0.018967217,0.000985484,15.39832843,0.056031381,0.003113291,2.073598008,0.025875409,0.01369672,,,,
2023,6,3886598,3.44238604,,,,17.07094966,0.078127386,0.005136744,1.284344589,0.025686892,0.014384659,,,,
2023,6,4361516,1.57612542,,,,6.67631681,0.025845866,0.002112321,0.758785148,0.008770396,0.004911422,,,,
2023,6,3052897,5.48110776,,,,20.46923222,0.221103877,0.011556622,2.105741713,0.019471324,0.010903941,,,,
2023,6,2973405,3.01912965,2.013423749,0.012922938,0.00034681,12.72789842,0.046009572,0.003104201,1.124860312,0.028204577,0.015223826,,,,
2023,6,4035222,2.09190852,7.726854964,0.047857853,0.002987846,3.801916052,0.017823618,0.000712,0.56165571,0.025702158,0.012395403,,,,
2023,6,15072,1.98854921,,,,8.897103171,0.055647555,0.003754462,0.770189884,0.011654506,0.006526523,,,,
2023,6,4240631,2.31805565,4.349163469,0.042686486,0.001431736,5.472423096,0.018206634,0.001210158,0.85308419,0.017437403,0.008840485,,,,
2023,6,2971618,5.56032935,,,,27.13732268,0.142734132,0.010658763,2.012901767,0.040258035,0.0225445,,,,
2023,6,3061612,2.85460488,3.179852736,0.023563538,0.000976864,9.200322201,0.069092483,0.003982516,0.869004016,0.027423059,0.014352615,,,,
2023,6,4427278,0.81018181,1.330907819,0.007065786,0.000367119,2.137474885,0.011020172,0.000612318,0.199751986,0.008580856,0.004346698,,,,
2023,6,4039160,7.38452715,,,,32.14510845,0.178109484,0.012959548,3.119164241,0.039982088,0.022389969,,,,
2023,6,4426891,1.5234174,6.86349715,0.051763137,0.002028458,2.039434277,0.008879244,0.000513312,0.279828673,0.01695929,0.008044923,,,,
2023,6,3929785,5.53403465,,,,26.70695108,0.130814421,0.007137647,2.106753466,0.038930128,0.021800872,,,,
2023,6,3043275,2.00283941,,,,8.669731679,0.044589101,0.002602365,0.870832255,0.007045843,0.003945672,,,,
2023,6,4243003,5.17954135,19.94509295,0.268184768,0.007719384,5.827502331,0.028761025,0.001739955,0.767547206,0.047369138,0.022458114,,,,
2023,6,4360306,1.29479241,,,,5.48254809,0.055419799,0.002426628,0.418315009,0.0083663,0.004685128,,,,
2023,6,4259308,6.07437181,18.05637768,0.092459933,0.006959536,14.98189164,0.057898426,0.002718713,1.900399212,0.053775652,0.026391495,,,,
2023,6,2991662,3.48282435,,,,15.53680044,0.118107227,0.00758,1.227778781,0.020517531,0.011489817,,,,
2023,6,16002,1.86700043,2.435621461,0.027607384,0.000747805,5.095719293,0.045778647,0.003009869,0.676471876,0.010434759,0.005356226,,,,
2023,6,3911853,4.71771332,,,,18.77167115,0.148149625,0.00703079,1.963575873,0.023766965,0.0133095,,,,
2023,6,14053,3.97896733,,,,16.80972759,0.102792714,0.00571,1.707158639,0.034143173,0.019120177,,,,
2023,6,4360405,1.11679839,,,,5.061633763,0.027499963,0.001827867,0.451862415,0.009037248,0.005060859,,,,
2023,6,4035198,3.94439026,,,,18.52250445,0.102990197,0.004887642,1.497167912,0.029943358,0.016768281,,,,
2023,6,4372096,2.37137206,,,,9.990360255,0.0734354,0.004928191,0.933669059,0.010791787,0.006043401,,,,
2023,6,3921690,3.51936241,,,,14.37424906,0.138533274,0.005260532,1.256094149,0.014518528,0.008130376,,,,
2023,6,4362630,1.61365733,,,,7.512258477,0.036682598,0.00172249,0.646401828,0.006867956,0.003846056,,,,
2023,6,4249417,1.63591689,,,,7.781898544,0.033972338,0.002279856,0.663853206,0.013277064,0.007435156,,,,
2023,6,4040774,1.98923861,1.762337164,0.026994908,0.001583944,6.114667652,0.056651117,0.004813259,0.703369286,0.016252163,0.008465358,,,,
2023,6,4411193,4.16796453,3.525695977,0.025817196,0.000982028,16.32111488,0.104135657,0.005675068,1.343386993,0.038122892,0.020223304,,,,
2023,6,4362477,3.89174576,4.696160715,0.026186185,0.001026166,14.4961558,0.078723699,0.004551042,1.209549576,0.038487517,0.020123357,,,,
2023,6,4374187,5.16153654,2.209431531,0.00991361,0.000800535,21.75718575,0.129522991,0.006888387,1.829899618,0.04374535,0.02378266,,,,
2023,6,3917612,5.20089295,29.03321242,0.162449328,0.013117966,4.978818784,0.025437216,0.001352821,0.724249561,0.088670462,0.041580283,,,,
2023,6,4372063,1.01126897,,,,4.849408255,0.024788255,0.001629786,0.382709541,0.007654191,0.004286347,,,,
2023,6,4428718,0.73366523,1.640884163,0.007002987,0.000324179,2.640704662,0.010790812,0.000629787,0.205824738,0.009138061,0.004615158,,,,
2023,6,13232,3.82287972,,,,14.05127534,0.166436855,0.008157041,1.423756167,0.019146776,0.010722195,,,,
2023,6,2577134,1.58151059,1.157590551,0.002870482,0.000268858,5.363690463,0.022319755,0.001089988,0.718676261,0.006017463,0.003206063,,,,
2023,6,2976592,1.28541442,,,,5.977853295,-0.002890974,-0.000236272,0.716422522,0.01003593,0.005620121,,,,
2023,6,4372780,2.41053341,,,,9.833002993,0.089850498,0.004219074,0.890954013,0.010298066,0.005766917,,,,
2023,6,4361372,1.51416564,,,,6.281151454,0.04214953,0.002341969,0.636514974,0.00735714,0.004119998,,,,
2023,6,2975674,2.6986727,,,,10.42975131,0.086332143,0.004376678,1.139030066,0.009215812,0.005160855,,,,
2023,6,4034862,0.97078494,,,,3.876855579,0.031112236,0.002229244,0.396985445,0.004588545,0.002569585,,,,
2023,6,3728262,0.58617734,,,,2.128547958,0.008489768,0.000558188,0.196166833,0.003923337,0.002197069,,,,
2023,6,3917914,1.39801553,,,,6.466579652,0.035441692,0.002539457,0.543724439,0.00923173,0.005169769,,,,
2023,6,3127292,2.9717924,,,,12.34791093,0.060425198,0.004016341,1.387039863,0.018857524,0.010560213,,,,
2023,6,3128724,2.21449087,,,,8.746038522,0.037648554,0.002739373,0.955843491,0.016558375,0.00927269,,,,
2023,6,3917668,1.15300363,0.65669536,0.007839905,0.000304373,3.883939024,0.031325058,0.00164,0.464509404,0.004253059,0.002279969,,,,
2023,6,4241802,3.00359361,,,,14.29944004,0.061464028,0.003001604,1.225669223,0.024513384,0.013727495,,,,
2023,6,4565908,4.38852068,1.516472116,0.007340244,0.000494892,18.14617061,0.147947216,0.007500304,1.432544527,0.033663594,0.018350342,,,,
2023,6,3051308,12.19927096,9.356264481,0.102440906,0.006010786,,,,,0.59558917,0.285116886,231.9794476,1.103345322,0.093743722,1.344277681
2023,6,4039050,0.65670926,,,,2.002952292,0.010874076,0.000812029,0.202594518,0.003868166,0.002166173,,,,
2023,6,4570561,1.62604921,7.780965517,0.033633697,0.001308554,1.880275438,0.006145106,0.000502225,0.271560538,0.016831551,0.007978964,,,,
2023,6,4242392,0.53752733,,,,2.223647239,0.015897555,0.001072586,0.22041833,0.002547699,0.001426711,,,,
2023,6,4036431,4.48246541,10.35090402,0.051661167,0.003483087,11.85533683,0.074555454,0.003779649,1.524031578,0.035092906,0.017469725,,,,
2023,6,3122168,3.47647791,,,,15.86793682,0.12680044,0.006910228,1.134931903,0.018169799,0.010175087,,,,
2023,6,4012556,1.220846,,,,4.631816519,0.028608393,0.001086348,0.589968587,0.005603118,0.003137746,,,,
2023,6,2574576,2.08054761,,,,8.309762998,0.048312366,0.002684397,0.962847698,0.007790333,0.004362587,,,,
2023,6,2576716,0.5675909,,,,2.372498276,0.00518897,0.000350784,0.236616054,0.004024459,0.002253697,,,,
2023,6,4367175,4.33381602,,,,21.4853843,0.063083545,0.003442037,1.754494812,0.035089896,0.019650342,,,,
2023,6,4242557,3.56305421,,,,15.2264565,0.102045409,0.006782753,1.432679938,0.01655959,0.00927337,,,,
2023,6,2998565,1.75811159,,,,7.830632761,0.053318578,0.00387955,0.658898204,0.010534695,0.005899429,,,,
2023,6,4243160,4.16463159,14.7105731,0.058240489,0.00438381,10.46732717,0.042208352,0.001981961,0.990952202,0.039437919,0.01919432,,,,
2023,6,4570409,1.36115456,,,,6.208725007,0.019188993,0.001630358,0.635793761,0.012715875,0.00712089,,,,
2023,6,15839,1.463606,,,,6.902567358,0.034697334,0.002947996,0.571162326,0.010874872,0.006089928,,,,
2023,6,3128452,1.12691884,,,,4.410460312,0.03432068,0.002915994,0.481791104,0.007017649,0.003929883,,,,
2023,6,3843945,3.7555675,,,,17.1239476,0.108463958,0.005315799,1.402466176,0.018936233,0.010604291,,,,
2023,6,3127310,1.18059986,,,,4.473573779,0.034113361,0.001361988,0.533141126,0.006677841,0.003739591,,,,
2023,6,2975417,0.4382877,,,,1.59484792,0.010366901,0.000774155,0.217644689,0.00236955,0.001326948,,,,
2023,6,3149687,3.38045103,12.91110789,0.106403071,0.00413094,5.533643089,0.036175094,0.001890794,0.697835825,0.031512091,0.015103174,,,,
2023,6,4035693,1.84997462,3.197280716,0.016010459,0.001079454,6.7859251,0.038080932,0.001930544,0.532026826,0.010978682,0.005615467,,,,
2023,6,4035656,1.05498415,,,,4.933372372,0.026925575,0.001628916,0.403906988,0.006466387,0.003621177,,,,
2023,6,4361577,2.1782599,,,,11.64489776,0.036464151,0.00247,0.807711353,0.016154227,0.009046367,,,,
2023,6,4722908,4.33201795,,,,18.75378523,0.117021129,0.008514656,1.75972686,0.020339752,0.011390261,,,,
2023,6,2576581,6.33123752,,,,30.96369819,0.119931805,0.006543857,2.553885096,0.047271376,0.026471971,,,,
2023,6,4048228,2.1947721,,,,9.81686581,0.040555154,0.002741602,0.976615966,0.011288187,0.006321385,,,,
2023,6,4383396,0.74308654,1.103979344,0.011147686,0.000448577,2.021299889,0.016441388,0.001103368,0.266458085,0.004559113,0.002329199,,,,
2023,6,2515270,0.64706026,0.792939889,0.004055654,0.000344745,1.868252324,0.015135512,0.000718291,0.267654254,0.003939117,0.002045043,,,,
2023,6,4430539,1.1411948,,,,4.654850029,0.038209995,0.002202438,0.4477039,0.005174773,0.002897873,,,,
2023,6,2580216,1.45329782,2.151010723,0.009340419,0.000432382,5.059776661,0.020704288,0.001208369,0.416417295,0.015860696,0.008128755,,,,
2023,6,4036416,1.60999344,,,,7.652631534,0.023243752,0.00157132,0.71782522,0.014356504,0.008039642,,,,
2023,6,4039505,0.5281459,,,,1.93486469,0.015037939,0.000819521,0.245126876,0.002134341,0.001195231,,,,
2023,6,4035426,1.15379819,,,,4.993847981,0.031244399,0.001467131,0.469953106,0.005431939,0.003041886,,,,
2023,6,3125107,0.6453749,1.07236631,0.007415681,0.000353926,1.808647147,0.012433868,0.000556113,0.240703636,0.00439575,0.002231628,,,,
2023,6,4361438,2.26397794,,,,9.803694396,0.057336273,0.003876036,0.943768336,0.010908519,0.006108771,,,,
2023,6,3046401,1.09290548,,,,5.058105122,0.028496042,0.001396586,0.422567867,0.008451357,0.00473276,,,,
2023,6,3047876,1.27185855,,,,5.844795972,0.036193677,0.002322167,0.47598318,0.009519664,0.005331012,,,,
2023,6,4040612,1.67412911,,,,6.855329036,0.05281822,0.003044461,0.674118965,0.007791785,0.004363399,,,,
2023,6,4245131,4.20389771,,,,19.63981333,0.110786747,0.006385789,1.597359162,0.031947183,0.017890423,,,,
2023,6,3918003,0.58538152,,,,2.474323195,0.018776874,0.00114,0.225862863,0.002610629,0.001461952,,,,
2023,6,3122154,2.66345883,6.161019753,0.035755473,0.002410697,6.74043332,0.053175432,0.002695771,0.849302615,0.02048877,0.01016433,,,,
2023,6,4374045,1.71912813,,,,7.019691027,0.062290868,0.002786,0.646007303,0.007466857,0.00418144,,,,
2023,6,3040569,1.03781965,,,,4.408038631,0.032133327,0.001629025,0.342150524,0.00684301,0.003832086,,,,
2023,6,4250764,1.24568955,,,,5.262353782,0.038049167,0.002199635,0.492991307,0.005698226,0.003191006,,,,
2023,6,2978109,2.57343296,,,,10.03907046,0.098347496,0.006776404,0.983028204,0.015673282,0.008777038,,,,
2023,6,3923392,0.58879871,,,,2.293955446,0.016840841,0.000672377,0.260303932,0.003008715,0.001684881,,,,
2023,6,4034779,1.64036706,,,,6.547701609,0.056922844,0.003027312,0.646172831,0.00746877,0.004182511,,,,
2023,6,4360086,1.0655525,,,,4.399909889,0.030204342,0.001648044,0.446685739,0.005163004,0.002891282,,,,
2023,6,3125232,0.12495346,0.912430512,0.005815033,0.000302133,,,,,0.001996455,0.000918369,,,,
2023,6,4039253,0.50525181,,,,2.159608807,0.013060817,0.000712639,0.212182755,0.002452508,0.001373405,,,,
2023,6,4429006,0.62450385,0.679602183,0.003373178,0.000272388,2.289292097,0.016426939,0.00087363,0.21331602,0.006648773,0.003485068,,,,
2023,6,2508256,0.48850287,,,,1.802350071,0.021109944,0.001354403,0.181189722,0.002094276,0.001172795,,,,
2023,6,4047839,3.9254221,,,,17.68145546,0.128707165,0.004887405,1.406009368,0.028120187,0.015747305,,,,
2023,6,3046704,1.62401391,,,,5.604724697,0.060917352,0.004197367,0.696687963,0.006442118,0.003607586,,,,
2023,6,4036275,0.5973076,,,,2.518161761,0.017289774,0.001160303,0.242497627,0.002802902,0.001569625,,,,
2023,7,3116406,24.29550934,0.84248891,0.012545992,0.00040032,122.3772087,0.72556106,0.038421508,7.58166988,0.104942957,0.058594137,,,,
2023,7,4047646,18.89109499,,,,96.30797248,0.482971157,0.031836001,6.427211229,0.117423596,0.065757214,,,,
2023,7,4040715,23.53060922,40.25942052,0.802947365,0.023057202,,,,,0.601370718,0.286407354,285.5545642,1.391833117,0.091745438,0.987611313
2023,7,3918298,19.6870263,24.08116744,0.354242443,0.012853765,,,,,0.52464151,0.250648551,256.2031957,1.721519963,0.088080325,0.847591931
2023,7,4374302,18.11554923,1.678445378,0.01635987,0.000423421,83.88704425,0.259816396,0.015701418,8.006207316,0.125523546,0.06991316,,,,
2023,7,16800,16.1896018,,,,78.09822423,0.425402368,0.022627901,5.863738996,0.074640744,0.041798817,,,,
2023,7,3929630,18.17141021,75.05657365,0.540215766,0.017542871,28.81497574,0.144263913,0.012093361,3.732037085,0.122792345,0.058586175,,,,
2023,7,4239996,16.26915472,70.88709044,0.527337396,0.018570489,23.10889875,0.09612848,0.005493409,3.229143786,0.160442043,0.076373517,,,,
2023,7,2976212,19.4851633,,,,89.76631051,0.489441219,0.025041906,7.658783049,0.125257081,0.070143965,,,,
2023,7,3054850,16.67649321,49.22922824,0.254630493,0.011922142,41.10920731,0.167933207,0.007005369,5.180382033,0.116581807,0.057023801,,,,
2023,7,3068267,18.67086001,55.07585501,0.414203321,0.018362342,40.98443395,0.232261857,0.011191308,5.311007063,0.192887074,0.09458416,,,,
2023,7,4430807,15.64194009,58.15378458,0.196535192,0.010998324,34.44585506,0.12849556,0.007671526,4.547432283,0.16186995,0.078626187,,,,
2023,7,4429795,15.88005316,60.40072689,0.574842821,0.014877887,24.22317665,0.088967223,0.005376534,3.506577295,0.120187461,0.057728798,,,,
2023,7,15847,18.25443125,,,,75.27281634,0.63591553,0.026234666,6.93570153,0.069966451,0.039181212,,,,
2023,7,4430027,12.27246451,,,,54.46439443,0.286512748,0.017314752,5.137257377,0.059378841,0.033252151,,,,
2023,7,16737,15.88389204,,,,72.64257686,0.571397356,0.028003679,5.215139278,0.07305573,0.040911209,,,,
2023,7,2576414,18.34486924,64.11835957,0.900493813,0.028733162,25.2080611,0.147723838,0.007822598,3.281004644,0.248338047,0.118867447,,,,
2023,7,4361370,14.17556464,,,,74.74561373,0.279194053,0.011646639,5.113136453,0.101125698,0.056630391,,,,
2023,7,4697815,11.82530123,55.67760717,0.221132292,0.021344033,17.13210169,0.09980792,0.004891498,2.739928158,0.187634283,0.089333076,,,,
2023,7,4372016,16.56261704,0.715732366,0.011430421,0.000364724,78.76872339,0.514789058,0.027260244,5.513628135,0.102863761,0.05737074,,,,
2023,7,3915416,13.71901408,,,,68.89192155,0.335634119,0.01735073,4.868931001,0.080113619,0.044863627,,,,
2023,7,3040151,10.39158119,,,,47.33802376,0.331453038,0.019911557,3.676945672,0.043625176,0.024430099,,,,
2023,7,3139477,22.7890252,25.79611997,0.16163652,0.006764753,,,,,0.454823143,0.217398978,290.8469965,2.350035969,0.096950625,0.789531228
2023,7,2977187,20.6681502,1.537728682,0.013648891,0.000422332,99.25443236,0.488127396,0.0249,7.686013059,0.145663175,0.081113676,,,,
2023,7,4242335,13.23428303,60.67836261,0.379091351,0.013737248,18.82666686,0.074268572,0.005168073,2.656632698,0.141167333,0.067274398,,,,
2023,7,4035687,13.9665816,,,,67.1827732,0.142326733,0.009903987,6.511906978,0.125615239,0.070344534,,,,
2023,7,4567048,20.89051176,88.9415888,1.214380869,0.036343353,18.98211848,0.076365976,0.004937157,2.438677163,0.183051993,0.086204111,,,,
2023,7,4379399,12.82398242,56.51278044,0.367766456,0.013344487,19.8968839,0.095399523,0.004881048,2.449855081,0.088929617,0.042316019,,,,
2023,7,3051876,10.62375996,,,,46.78895922,0.141537954,0.008088404,5.142662685,0.057792127,0.032363591,,,,
2023,7,4426515,16.12234461,1.532751992,0.013433917,0.00041568,79.4544659,0.307471272,0.015694388,6.2051349,0.128158515,0.071273676,,,,
2023,7,4259545,15.78856737,54.00680286,0.473547558,0.013598253,28.87142839,0.152492534,0.010051848,3.835958961,0.147100514,0.071318737,,,,
2023,7,3916387,19.0854367,51.34786553,0.535576084,0.014681684,,,,,0.758073683,0.360592972,225.9284965,0.937108925,0.069177831,0.7574775
2023,7,4360438,15.87380412,,,,79.29789231,0.477616236,0.028692098,5.119764946,0.090374702,0.050609833,,,,
2023,7,3117251,23.37070543,87.84963651,1.023745849,0.025708606,32.86221967,0.215098479,0.012921727,3.984151545,0.210428169,0.100257186,,,,
2023,7,4241478,14.71391415,,,,71.83522853,0.372054832,0.024524732,5.34797724,0.090493209,0.050676197,,,,
2023,7,3925357,14.01925087,2.611831333,0.021825401,0.000768594,61.4196552,0.412502824,0.023573107,5.061317591,0.092799155,0.051158064,,,,
2023,7,15818,18.9942735,,,,88.32256367,0.386145031,0.018606017,7.966106208,0.144631511,0.080993646,,,,
2023,7,4047365,17.83658719,74.82035197,0.503759285,0.02228525,31.13788992,0.08594532,0.00457,3.780618252,0.142330941,0.067774689,,,,
2023,7,3042519,15.71743271,61.7521205,0.33622902,0.019275793,31.49736437,0.196877688,0.01167553,3.282968762,0.160986691,0.077637719,,,,
2023,7,4361529,16.16098205,66.29571427,0.681014792,0.028501583,21.36353658,0.123337239,0.005088272,2.632423796,0.141511042,0.067198362,,,,
2023,7,4241479,20.34983248,6.608896859,0.174165148,0.005557301,,,,,0.691827057,0.33115722,313.71721,2.040959916,0.108077406,0.825885566
2023,7,3116165,12.18234272,,,,50.36763761,0.382092729,0.018726027,4.910151328,0.086488211,0.048433398,,,,
2023,7,3123076,7.70315604,,,,33.61308503,0.215740914,0.018188156,3.051840745,0.037320536,0.0208995,,,,
2023,7,2577327,14.84267002,,,,66.78370591,0.436224889,0.028202493,5.595134685,0.095638911,0.05355779,,,,
2023,7,2976499,12.79888336,,,,63.01602103,0.345150902,0.029098136,4.444530581,0.069815182,0.039096502,,,,
2023,7,4241457,8.4355151,52.65794977,0.061934162,0.015624535,8.885662659,0.07696899,0.003652646,1.488099306,0.086350851,0.040599361,,,,
2023,7,3121422,13.13618022,,,,66.80110778,0.244303973,0.013651395,5.049880271,0.079497734,0.044518731,,,,
2023,7,4361307,6.64928705,,,,27.80447489,0.161753109,0.010816322,2.91351716,0.033675804,0.01885845,,,,
2023,7,3121023,12.0369212,,,,56.07840371,0.22038224,0.014526932,5.14830983,0.06453599,0.036140155,,,,
2023,7,4361741,16.65865118,8.203545871,0.277316333,0.006964049,,,,,0.532551852,0.254632554,233.4317595,1.500458259,0.090137838,0.431841744
2023,7,4429205,13.89480767,,,,66.13651685,0.341679144,0.011580696,5.324371655,0.106487433,0.059632963,,,,
2023,7,4429615,14.12320911,3.999026277,0.031723795,0.000869641,65.97145765,0.20669174,0.015258083,5.803586776,0.13088736,0.071815359,,,,
2023,7,4361579,9.20803899,47.94470375,0.157077672,0.015136319,12.38040925,0.076900785,0.003665895,1.815866115,0.088793817,0.042079799,,,,
2023,7,4426354,12.39884524,0.736419712,0.001166304,0.000294231,59.23133679,0.368151184,0.017471011,4.238643487,0.080869411,0.045072657,,,,
2023,7,4258595,9.61190001,1.05164604,0.00971861,0.000584641,39.61758337,0.252831052,0.013070195,4.003884392,0.056897634,0.031507482,,,,
2023,7,4360310,15.09360488,22.20129652,0.165263253,0.00581984,,,,,0.68805808,0.328645783,230.8684773,1.131278445,0.064648643,0.689891281
2023,7,3128429,12.19181921,,,,51.95623812,0.488769092,0.02329984,4.103462884,0.079080101,0.044284857,,,,
2023,7,4241474,11.60991729,63.07104589,0.306992171,0.018630764,14.16460201,0.063604861,0.003554159,1.758787591,0.153323922,0.072218567,,,,
2023,7,4428331,9.96678719,,,,43.02849731,0.373243865,0.015398158,3.469566236,0.069391325,0.038859142,,,,
2023,7,3916433,13.4318171,0.737297816,0.004418161,0.00019545,60.39595482,0.349957051,0.018614832,5.261906785,0.098537455,0.054945394,,,,
2023,7,4036378,17.82917828,17.83425059,0.191397018,0.010972668,,,,,0.535626071,0.25603699,251.000486,1.759307487,0.104333035,0.956287852
2023,7,4569987,10.290533,31.90402641,0.043360851,0.010938925,26.32884596,0.119966997,0.005693163,3.577378818,0.128652932,0.063380159,,,,
2023,7,4385690,6.3629244,,,,25.41974737,0.201676483,0.010318632,2.623416916,0.030322689,0.016980706,,,,
2023,7,3932905,12.58549134,0.705886435,0.000714374,0.00018022,58.20952943,0.336440083,0.015966126,4.744562623,0.097197883,0.054200152,,,,
2023,7,3051392,7.5114083,35.96076258,0.157601424,0.007614781,10.43809783,0.031996117,0.001848644,1.808904297,0.100964107,0.048279065,,,,
2023,7,4372019,12.07975386,58.68791707,0.372732645,0.01939131,15.27575714,0.087407974,0.00737,2.009427567,0.152958892,0.072222729,,,,
2023,7,4360248,9.7410091,0.763143355,0.006658804,0.000372634,49.3065098,0.185748327,0.011089668,3.590342961,0.031172528,0.017244284,,,,
2023,7,4248528,12.53656089,3.357826817,0.026400421,0.001513519,59.88970495,0.425236605,0.0252,3.517116304,0.064117682,0.035124894,,,,
2023,7,4569173,12.57642947,55.41999282,0.224601207,0.010851989,22.08522934,0.049349352,0.002851264,3.266003696,0.118798511,0.05717215,,,,
2023,7,4426502,12.43350134,,,,60.64934245,0.232397327,0.013874738,5.057041379,0.101140828,0.056638863,,,,
2023,7,4036133,14.27836675,,,,60.91091081,0.284560356,0.009644741,6.540467732,0.073008639,0.040884838,,,,
2023,7,2576925,10.80559296,,,,50.71027571,0.23078109,0.019345927,4.363341505,0.047691526,0.026707254,,,,
2023,7,3046779,14.8323646,6.088815627,0.197482632,0.005111178,,,,,0.43535441,0.208444193,258.6973329,1.07002735,0.064664692,0.661799413
2023,7,4243537,9.70310365,1.478895491,0.013156189,0.000477375,43.50078281,0.362555235,0.018549877,2.981120055,0.063409902,0.034990643,,,,
2023,7,3051926,8.72017215,47.03629316,0.386263525,0.010588597,6.778730864,0.024716288,0.001824568,0.934141831,0.094890038,0.044342647,,,,
2023,7,4241372,14.8989969,,,,71.24112062,0.425520869,0.0285,5.267398185,0.093854072,0.05255828,,,,
2023,7,4048244,12.63999133,48.11477036,0.13961571,0.015137056,25.83499621,0.120529186,0.004085154,3.763243632,0.124887909,0.060421376,,,,
2023,7,4035676,9.91987072,46.79284516,0.256566695,0.009297285,12.9577115,0.05845225,0.004067474,2.103185626,0.081218187,0.03867788,,,,
2023,7,15864,16.81024814,15.41555535,0.122421363,0.003663762,,,,,0.386102809,0.184706721,247.022727,1.53437243,0.099199125,0.665373355
2023,7,4241463,10.59855953,,,,50.9891447,0.316781632,0.015101122,3.648554649,0.072971093,0.040863812,,,,
2023,7,3895856,13.33893307,0.698652695,0.005074859,0.000178714,60.48932423,0.260708574,0.014898592,5.700241944,0.096344679,0.05375289,,,,
2023,7,4362249,8.62392556,1.601862509,0.009586485,0.000549587,39.05265556,0.298276277,0.017688818,2.653441445,0.057947202,0.031962596,,,,
2023,7,3052587,16.01245982,12.8757932,0.044644184,0.004309126,,,,,0.451931036,0.215910821,221.7093934,1.799746318,0.088203976,0.687745089
2023,7,4430878,10.69950696,,,,50.34571033,0.299654673,0.019373055,3.913868433,0.078277369,0.043835326,,,,
2023,7,12483,15.2131981,5.226061041,0.086063488,0.002663024,,,,,0.358002061,0.171523109,272.5691951,1.265483599,0.064594624,0.795720106
2023,7,4038941,18.93442749,15.65013766,0.238549659,0.010575314,,,,,0.471428009,0.225461769,281.7809335,1.581189026,0.076188033,0.696450416
2023,7,4239934,8.98931297,48.24294635,0.3089974,0.017714622,9.751251324,0.040751925,0.00241673,1.136411526,0.093346537,0.043871488,,,,
2023,7,14881,16.2122472,22.25055424,0.0516652,0.004978562,,,,,0.48444512,0.231541869,213.1365099,1.695237532,0.080812729,0.675244396
2023,7,16733,6.94143013,,,,32.41628496,0.17413849,0.012854987,2.660172479,0.028264073,0.015827881,,,,
2023,7,4361777,2.80844068,13.76035934,0.089328741,0.003951715,3.597558173,0.015411221,0.00081975,0.465169194,0.033227082,0.015689484,,,,
2023,7,3116365,12.52520575,,,,55.60975606,0.311071691,0.022963462,5.126142553,0.067913817,0.038031738,,,,
2023,7,2468609,8.41444792,5.875799792,0.04056406,0.001899264,30.21024611,0.210213756,0.008769111,3.104237626,0.091468597,0.04793947,5.372122429,0.023613017,0.000999762,0.021133747
2023,7,4361409,6.99782566,,,,34.61016637,0.168976297,0.00944218,2.548686731,0.04080344,0.022849926,,,,
2023,7,4426875,15.55441006,15.50024532,0.107211846,0.006506481,,,,,0.492726546,0.23575368,251.2118677,1.329348577,0.074282307,0.853922391
2023,7,4360294,6.55093348,14.87597222,0.077077201,0.004677667,17.71804053,0.092072872,0.005144915,2.260479632,0.068281431,0.034196634,,,,
2023,7,3121427,10.1411542,3.586623014,0.025494771,0.001547229,41.70933786,0.209775146,0.011721968,4.256219957,0.077628256,0.042435869,,,,
2023,7,4361432,9.82388531,,,,46.45116687,0.310979107,0.018442139,3.349263202,0.066985264,0.037511748,,,,
2023,7,4688813,9.65099247,,,,44.695004,0.167558386,0.011659764,4.245681493,0.08491363,0.047551633,,,,
2023,7,3059915,8.01776936,35.98604217,0.289615793,0.01506718,10.40467638,0.052090828,0.004391546,1.359287128,0.075811413,0.035875401,,,,
2023,7,2976316,11.97358052,,,,55.1317961,0.218753107,0.009125332,5.216390478,0.079332926,0.044426438,,,,
2023,7,2573401,7.35892575,,,,32.09520017,0.174445441,0.0089,3.116168108,0.028563416,0.015995513,,,,
2023,7,3918639,8.16714926,1.719538826,0.02491304,0.001104438,32.13891497,0.208967427,0.010068889,3.411594341,0.052116556,0.028646956,,,,
2023,7,16813,8.69855991,,,,35.22135093,0.30571156,0.017082773,3.350268484,0.038659437,0.021649285,,,,
2023,7,4373626,7.24469064,44.43347728,0.169845648,0.009504748,6.958475768,0.021552069,0.001286716,0.98103386,0.049971259,0.023413877,,,,
2023,7,4372414,10.80878599,7.119538129,0.049382927,0.002569133,51.37104814,0.176422126,0.014873364,3.670208385,0.096481023,0.051373169,,,,
2023,7,4427095,5.72808399,,,,28.16867258,0.060647586,0.003504044,2.511480167,0.050229603,0.028128578,,,,
2023,7,4032473,8.59722749,4.174652146,0.019914069,0.000932403,39.53026922,0.144577236,0.00603107,3.113844962,0.075779625,0.041086317,,,,
2023,7,16782,6.32836611,6.380910826,0.069242352,0.002897906,20.95611014,0.165155043,0.006813464,2.198319165,0.029145287,0.015115132,,,,
2023,7,3116389,4.28984219,7.900673686,0.0276886,0.002668129,12.21998032,0.079056771,0.003768672,1.651398572,0.027313748,0.013843804,,,,
2023,7,4429025,7.07275639,,,,32.84738923,0.189946028,0.009152362,2.688844695,0.053776894,0.030115061,,,,
2023,7,4372485,8.48607741,14.83149054,0.070785764,0.004726665,28.13540626,0.129119021,0.008634103,3.073818599,0.109988963,0.05674256,,,,
2023,7,3125116,10.63323701,64.54834179,0.205832976,0.012382255,11.61869895,0.05004929,0.002587317,1.588543739,0.150351743,0.070607771,,,,
2023,7,3122840,16.27894142,25.40336744,0.178155287,0.009268478,,,,,0.652448548,0.311401741,235.6968477,1.185470247,0.09994172,0.556459429
2023,7,4242214,3.1587489,12.36927354,0.118610775,0.004964055,4.490671288,0.037548223,0.00154905,0.541232039,0.0199499,0.009492308,,,,
2023,7,16757,14.21228239,6.186323959,0.040094726,0.001877289,,,,,0.512550065,0.245531002,267.2534608,1.174705244,0.048988336,0.830053508
2023,7,3916566,12.07986708,,,,56.9412293,0.3014813,0.010218251,4.6583059,0.093166118,0.052173026,,,,
2023,7,14880,15.71853612,5.766400647,0.02593367,0.002811714,,,,,0.806234835,0.386437902,285.8943398,1.432338017,0.048546923,0.764986548
2023,7,4430191,7.07338037,2.707642759,0.025104709,0.001050673,29.94265531,0.238051692,0.009820812,2.265140628,0.054172694,0.029449721,,,,
2023,7,4040655,6.40910427,,,,31.94132209,0.130848748,0.006764274,2.457981672,0.038064863,0.021316323,,,,
2023,7,4240021,4.81321931,14.348595,0.042088178,0.004563176,11.69160596,0.063672442,0.002158081,1.606944945,0.047901176,0.023508983,,,,
2023,7,3044720,15.33951548,23.21807779,0.136173954,0.00909291,,,,,0.840050095,0.401096968,217.8952764,1.371352853,0.091701447,0.711076635
2023,7,4242433,11.94807818,,,,55.73077989,0.292625285,0.014099861,4.687665555,0.088348922,0.049475396,,,,
2023,7,4243331,6.42816091,,,,24.2193378,0.265399011,0.013006971,2.412212329,0.022305189,0.012490906,,,,
2023,7,2980453,5.55560629,25.72319795,0.156712199,0.007337476,7.464597751,0.017088541,0.000712852,1.231018999,0.057438878,0.027307689,,,,
2023,7,3122976,7.98443672,23.17532442,0.317790385,0.010140128,15.00597469,0.111501672,0.005904482,1.62631187,0.072293873,0.03487731,,,,
2023,7,4572680,1.10918807,,,,4.604709383,0.040149054,0.002380978,0.408220663,0.004718407,0.002642308,,,,
2023,7,3046439,7.00583935,,,,30.59355801,0.142662323,0.008242621,3.106035109,0.029272092,0.016392372,,,,
2023,7,4241555,3.17180855,16.80309648,0.146372147,0.00367574,2.345567525,0.013697796,0.000822875,0.31236234,0.027365555,0.012778539,,,,
2023,7,15835,7.11264837,,,,26.64537984,0.259432411,0.017348072,2.885794297,0.026496898,0.014838263,,,,
2023,7,4038524,11.48270614,10.76102132,0.08038502,0.002912936,,,,,0.635031836,0.303971206,221.8441857,0.777670903,0.054115221,0.791505527
2023,7,4038441,8.22077103,27.9263654,0.256443381,0.007029852,13.68216087,0.052042547,0.003841806,2.279729349,0.098036795,0.047527913,,,,
2023,7,4360797,8.54526104,6.378547186,0.061255651,0.001895406,38.47801751,0.17347843,0.008854934,2.705598705,0.072997879,0.038912652,,,,
2023,7,3054212,9.12441867,,,,40.45162753,0.224677475,0.013413842,3.758169057,0.049197927,0.027550839,,,,
2023,7,4371733,5.12471597,16.83124746,0.162746665,0.004673386,9.870559233,0.038689152,0.002550272,1.289004259,0.061017099,0.029569587,,,,
2023,7,15920,8.80005176,43.48330158,0.418005572,0.015167425,6.881482781,0.038441461,0.00196683,1.046518423,0.061348261,0.028757902,,,,
2023,7,4360569,3.31234563,16.52652616,0.176398326,0.004429766,2.414836573,0.012753375,0.00076614,0.299191352,0.028944782,0.013523007,,,,
2023,7,4240703,14.83643991,13.2457943,0.026240137,0.006619771,,,,,0.348551725,0.166676207,226.5149383,1.499127924,0.071142729,0.76702108
2023,7,4426388,6.26218373,1.632864574,0.014312721,0.000370437,30.25033379,0.104155637,0.006294411,2.406832319,0.053135802,0.029256133,,,,
2023,7,4240600,8.87682494,4.939883303,0.055134285,0.00230746,34.05987955,0.277528773,0.011449437,3.035604643,0.078451857,0.042159063,,,,
2023,7,4722893,8.65792429,32.67809082,0.135971733,0.013102508,16.89218649,0.10706581,0.005103875,2.286349568,0.085173413,0.041170515,,,,
2023,7,4569587,8.88964199,3.037693371,0.020578352,0.000668258,41.80684868,0.053854192,0.004514491,4.045951317,0.091246179,0.050065145,,,,
2023,7,3122672,8.17602945,41.36742995,0.280399271,0.00867627,9.360219992,0.035165508,0.001794968,1.259305065,0.076781657,0.036199878,,,,
2023,7,3910544,3.62851303,15.13525162,0.093075433,0.004126193,5.751471559,0.020265584,0.000976477,0.880281507,0.032940439,0.015781116,,,,
2023,7,4428085,8.33737925,,,,36.11096563,0.268128348,0.015900941,3.125214141,0.036122698,0.020228711,,,,
2023,7,4039359,7.83372681,37.51726176,0.34279143,0.010606843,7.715174312,0.052805184,0.002695358,0.961526294,0.056012053,0.026351591,,,,
2023,7,3115306,7.45339497,,,,34.0051709,0.211521006,0.012782795,2.812249772,0.049438854,0.027685758,,,,
2023,7,3051738,4.982828,,,,24.89731596,0.187549748,0.007737356,1.376283283,0.02190936,0.012269242,,,,
2023,7,3045523,10.77640574,,,,52.26172892,0.148577405,0.008584377,4.734298733,0.084765245,0.047468537,,,,
2023,7,4360761,6.37536155,,,,27.59915381,0.176019069,0.011770277,2.592495095,0.051849902,0.029035945,,,,
2023,7,3916945,7.02584753,,,,37.7792568,0.121051147,0.010147481,2.557252459,0.051145049,0.028641228,,,,
2023,7,3052096,0.65749244,,,,2.650245427,0.01636038,0.00055451,0.29695016,0.00343229,0.001922082,,,,
2023,7,3930086,7.2734304,,,,29.06770752,0.293065266,0.015,2.610381424,0.029363723,0.016443685,,,,
2023,7,4362478,3.35249006,13.87716102,0.091382135,0.006101971,5.168018371,0.029549463,0.001975953,0.741596527,0.038137404,0.018188921,,,,
2023,7,4429086,6.10653991,,,,27.22848666,0.182909548,0.009729281,2.295793562,0.026535864,0.014860084,,,,
2023,7,14163,13.72242222,30.0609854,0.234748204,0.007623172,,,,,0.626374086,0.298907605,209.5909201,0.756922826,0.063451358,0.832193752
2023,7,4037235,2.66593397,,,,10.27580644,0.067999801,0.004547101,1.116284831,0.022325697,0.01250239,,,,
2023,7,4428850,3.18511887,,,,14.48589845,0.108765289,0.006450159,1.094986265,0.021899725,0.012263846,,,,
2023,7,4360939,4.54454017,,,,22.75228336,0.047966599,0.003540917,2.015935769,0.037953006,0.021253683,,,,
2023,7,4373678,2.31139507,,,,10.43134447,0.063793487,0.00326,0.819085195,0.016381704,0.009173754,,,,
2023,7,3116164,5.87797071,,,,26.46340051,0.107217839,0.00619474,2.602724111,0.024498182,0.013718982,,,,
2023,7,3121410,0.3940799,,,,1.749187701,0.005143896,0.000431203,0.191626373,0.003832527,0.002146215,,,,
2023,7,3135321,0.99902259,,,,4.237284416,0.020985088,0.001116234,0.457150117,0.009143002,0.005120081,,,,
2023,7,2576623,6.92651415,,,,33.56045809,0.096120015,0.005553539,3.033661896,0.046652435,0.026125363,,,,
2023,7,4429013,2.83037481,11.82348305,0.115548364,0.004069102,3.462042275,0.017987465,0.001027921,0.517924974,0.029778033,0.014148857,,,,
2023,7,4686472,5.00096905,4.211133545,0.016388086,0.001579189,18.73593979,0.154947323,0.007386408,1.545086607,0.044956221,0.023770035,,,,
2023,7,3049916,3.32723763,15.45886292,0.094541139,0.003070112,4.76284508,0.013699047,0.00115,0.693652642,0.050192251,0.023896577,,,,
2023,7,4692590,5.89677068,,,,28.78908154,0.098013831,0.008216308,2.467312729,0.049346255,0.027633903,,,,
2023,7,4239086,13.31788047,14.95478211,0.106874533,0.005980816,,,,,0.558102137,0.266889683,229.5683767,0.96795402,0.057789426,0.740958603
2023,7,4685035,4.41845079,22.27070236,0.203365117,0.006292637,3.813559524,0.019003825,0.00097002,0.504896947,0.047817469,0.022435654,,,,
2023,7,3930066,1.44523654,,,,7.220787771,0.030558494,0.001824423,0.546002991,0.009002352,0.005041317,,,,
2023,7,4360078,4.44969254,,,,22.60498332,0.051520824,0.003585142,1.91447184,0.03801327,0.021287431,,,,
2023,7,3139602,1.05251159,4.186766357,0.030195864,0.001063365,1.605007107,0.006093663,0.000348232,0.263599427,0.011560668,0.005565471,,,,
2023,7,4421446,6.35473374,29.81082582,0.298570805,0.007727508,5.970737539,0.021004476,0.001269358,0.806821155,0.047575072,0.022376288,,,,
2023,7,15807,1.35985096,3.338971304,0.01523695,0.000852676,3.659388822,0.013894682,0.000829549,0.491720148,0.010159228,0.005063819,,,,
2023,7,4241464,10.9566213,9.190530149,0.029649775,0.001432579,,,,,0.489630556,0.234381161,233.9441352,0.724989235,0.041887804,1.01441558
2023,7,3912092,4.32576675,,,,15.86493645,0.188212769,0.009068846,1.608120723,0.014869934,0.008327163,,,,
2023,7,4036131,4.55870562,,,,19.53892938,0.116782378,0.007550129,1.90856996,0.017878578,0.010012004,,,,
2023,7,4362619,1.82775554,14.22354958,0.07011521,0.004255157,,,,,0.026633685,0.012251495,,,,
2023,7,4036335,3.3819829,,,,15.73219978,0.104303677,0.005523318,1.185671178,0.012597641,0.007054679,,,,
2023,7,4362087,8.1098165,31.21685553,0.207470319,0.01385367,13.933631,0.066083026,0.004418928,1.984867182,0.072962413,0.034945303,,,,
2023,7,3115255,8.71087002,2.882721499,0.00706151,0.000765605,38.10537582,0.166840502,0.005654806,3.550753798,0.081339773,0.044517803,,,,
2023,7,4258195,5.46494706,,,,28.15993312,0.102998748,0.008683366,1.958748064,0.039174961,0.021937978,,,,
2023,7,16799,4.47857517,,,,17.49050514,0.143542772,0.006811977,1.883499045,0.026384798,0.014775487,,,,
2023,7,4240472,4.77770012,,,,19.44272517,0.169194682,0.006980119,1.822730989,0.016854387,0.009438457,,,,
2023,7,3123075,4.93636873,0.820025762,0.014706598,0.000469261,19.89433134,0.154514097,0.00818,1.713062934,0.036816587,0.020361756,,,,
2023,7,4426407,5.83497516,,,,24.52127486,0.221229913,0.010842282,2.079261083,0.041585222,0.023287724,,,,
2023,7,4242540,2.35562301,,,,9.677037401,0.066392782,0.005565577,1.000310377,0.020006208,0.011203476,,,,
2023,7,4362921,4.51065076,,,,22.54977835,0.068087982,0.003933929,1.880408322,0.037608166,0.021060573,,,,
2023,7,4243315,4.03694482,13.57879969,0.185056208,0.005904816,6.396048928,0.031435222,0.001664627,0.749855403,0.026374824,0.012589453,,,,
2023,7,2576336,2.50742182,1.038983922,0.006539852,0.000289309,9.746278911,0.046115619,0.00245,1.118754339,0.010671346,0.005776125,,,,
2023,7,4243389,2.71176617,1.377728019,0.001800538,0.000454233,11.60129191,0.062926426,0.002986241,0.959964735,0.023812557,0.012873706,,,,
2023,7,4434153,12.03771852,8.757455836,0.067436334,0.004056755,,,,,0.508078894,0.243293727,217.0537974,1.077962508,0.055725671,0.941532198
2023,7,3886598,6.85174965,,,,33.76607,0.20254431,0.012167554,2.285531594,0.045710632,0.025597954,,,,
2023,7,4361516,0.93634743,,,,3.821759394,0.022056534,0.001848956,0.423487631,0.00489487,0.002741127,,,,
2023,7,3052897,4.46884622,,,,17.2991416,0.152101044,0.00805,1.828718313,0.01690975,0.00946946,,,,
2023,7,2973405,4.62909332,3.394378046,0.024954013,0.000645851,19.39242368,0.060613197,0.003663022,1.787934013,0.045756991,0.024624084,,,,
2023,7,4240631,6.16997057,18.81314054,0.217733274,0.006516207,10.81733928,0.043111113,0.002787188,1.546383184,0.055461813,0.026994384,,,,
2023,7,2971618,5.09330479,,,,25.17541808,0.102841075,0.007591778,1.986991589,0.039739832,0.022254306,,,,
2023,7,3061612,2.61481175,2.286381386,0.014993057,0.000527989,8.747596734,0.053222097,0.003041458,0.912533544,0.025505798,0.013557734,,,,
2023,7,4426891,1.25437638,5.118810594,0.033470884,0.001483822,1.975616114,0.009142375,0.000440516,0.297410043,0.012854616,0.006172081,,,,
2023,7,4241961,6.0945836,,,,24.16259102,0.222572853,0.010562434,2.35148361,0.027179555,0.015220551,,,,
2023,7,3043275,1.95411335,,,,8.298537929,0.051853754,0.002758192,0.81483051,0.006592736,0.003691932,,,,
2023,7,4360306,3.92780388,,,,17.39278886,0.142511175,0.005879292,1.351253435,0.027025069,0.015134038,,,,
2023,7,3051439,1.86327493,8.176650488,0.092694079,0.002661776,1.925026354,0.009095235,0.00059953,0.258262284,0.024412717,0.011527765,,,,
2023,7,2991662,2.39658777,,,,11.36306083,0.051035253,0.00304694,0.96554676,0.016066673,0.008997337,,,,
2023,7,16002,2.38936397,2.588618031,0.035654881,0.000895376,6.870698097,0.069563991,0.004178955,0.813990504,0.011955928,0.006167821,,,,
2023,7,3911853,4.76032025,,,,17.9792627,0.18955647,0.009036241,1.831140602,0.022090291,0.012370563,,,,
2023,7,4360405,6.84552229,,,,31.41720107,0.209925209,0.013571931,2.471159032,0.049423181,0.027676981,,,,
2023,7,4035198,4.00982477,,,,17.73768502,0.141906806,0.006764761,1.401747039,0.028034941,0.015699567,,,,
2023,7,3921690,3.30592636,,,,13.83259332,0.093662033,0.003174532,1.371684088,0.015854571,0.00887856,,,,
2023,7,4430802,5.02423844,,,,20.60517537,0.168558618,0.007999131,1.961160912,0.022668022,0.012694092,,,,
2023,7,4040774,1.97723567,2.155535993,0.031225834,0.001624515,6.167111419,0.058216069,0.004907938,0.611673847,0.016448773,0.008426819,,,,
2023,7,4411193,4.29445086,1.516500631,0.010753574,0.000390196,18.48008916,0.093583627,0.004788139,1.612341048,0.037560757,0.02050263,,,,
2023,7,4362477,1.93824126,4.007738208,0.019826816,0.000878957,5.582859727,0.033778001,0.00162756,0.512704737,0.022043386,0.011165367,,,,
2023,7,4374187,5.78842695,4.925619682,0.018128161,0.001749758,22.03940837,0.171081796,0.008384568,1.861641411,0.052806692,0.028014361,,,,
2023,7,3917612,5.75318258,36.08088339,0.154262116,0.01488962,4.57676824,0.027261947,0.001336084,0.657991799,0.101568161,0.047426086,,,,
2023,7,4372063,2.01391486,,,,9.431650025,0.065448386,0.003931716,0.685182396,0.013703648,0.007674043,,,,
2023,7,4428718,2.50062661,3.343063434,0.017227877,0.000762125,9.961514277,0.053306481,0.002835466,0.765727503,0.025625092,0.013318997,,,,
2023,7,13232,1.29465105,,,,4.792291425,0.054436663,0.002270837,0.491488374,0.006609571,0.00370136,,,,
2023,7,2577134,1.59310882,1.023390721,0.003834073,0.00018525,5.437647475,0.014952747,0.000863927,0.775452545,0.006067378,0.003263629,,,,
2023,7,2976592,0.37533528,,,,1.679652051,0.001666393,0.00013969,0.200158912,0.002803905,0.001570187,,,,
2023,7,2975674,2.02182002,,,,8.093773721,0.04259207,0.002201813,0.96098974,0.007775301,0.004354168,,,,
2023,7,4034862,1.14744713,,,,4.765430905,0.033237075,0.002190888,0.473079456,0.005468075,0.003062122,,,,
2023,7,3728262,4.83031953,6.992664914,0.06157378,0.001546259,16.94172237,0.095185415,0.005718125,1.40026199,0.047286019,0.024552093,,,,
2023,7,3917914,3.3658288,,,,15.90051458,0.08291089,0.005465236,1.29131748,0.021887278,0.012256875,,,,
2023,7,12477,14.00029625,8.707352079,0.099930309,0.004420706,,,,,0.596932096,0.285549182,237.3322048,1.257559904,0.066891825,0.790427658
2023,7,3127292,2.88935599,,,,11.89347958,0.075347697,0.004871324,1.25679658,0.017023907,0.009533388,,,,
2023,7,3128724,1.13129993,,,,3.861399996,0.013891547,0.000967,0.500353817,0.008649658,0.004843809,,,,
2023,7,3917668,1.21496667,0.4966393,0.007892867,0.000251847,4.229968965,0.028880105,0.001529323,0.522884357,0.004532219,0.002449045,,,,
2023,7,4565908,5.28398758,1.666890741,0.005614544,0.000337753,23.18545023,0.112462702,0.005813801,2.049773698,0.046327303,0.025410107,,,,
2023,7,4039050,0.65403313,,,,1.996680254,0.008179294,0.000603799,0.219218404,0.004185568,0.002343918,,,,
2023,7,4570561,1.10062127,6.672838527,0.046794628,0.0015196,,,,,0.013487916,0.006204441,,,,
2023,7,4242392,1.15645563,,,,4.763251807,0.030904894,0.001867668,0.497251112,0.005747463,0.003218579,,,,
2023,7,4036431,4.66615506,17.23992117,0.067496595,0.00406038,9.64378757,0.039607467,0.002047523,1.367072667,0.046721758,0.022682331,,,,
2023,7,3122168,2.73029957,,,,12.75884719,0.083563662,0.004275474,0.961312783,0.015390227,0.008618527,,,,
2023,7,4012556,1.20176356,,,,4.341122667,0.021456891,0.000727,0.644146327,0.006117662,0.003425891,,,,
2023,7,4242557,5.26397413,,,,21.9099741,0.187369781,0.012113694,1.949168992,0.022529414,0.012616472,,,,
2023,7,2574808,1.29461852,,,,6.169383304,0.044717429,0.002367976,0.409396845,0.004349802,0.002435889,,,,
2023,7,2998565,2.81454752,,,,12.16751297,0.077238506,0.00537474,1.143611294,0.018284458,0.010239296,,,,
2023,7,4570409,1.81454235,,,,9.004356185,0.028360307,0.00239,0.755693426,0.015113869,0.008463766,,,,
2023,7,15839,1.94029914,,,,9.763777332,0.048847094,0.004118081,0.676625562,0.012822576,0.007180642,,,,
2023,7,3128452,2.14944956,,,,8.921081886,0.070235285,0.005921224,0.837426483,0.012197745,0.006830737,,,,
2023,7,3843945,3.18246879,,,,14.58111872,0.083702999,0.00349,1.233133112,0.016435703,0.009203994,,,,
2023,7,4037457,5.76557985,21.42836502,0.070650159,0.004250088,12.26486681,0.059290268,0.00307,1.663466151,0.065063601,0.031604113,,,,
2023,7,2975417,0.44570438,,,,1.545724411,0.009461201,0.00069843,0.235755491,0.002548947,0.00142741,,,,
2023,7,4035693,1.93669822,5.286310135,0.017417567,0.001047785,6.26088263,0.02520373,0.001302916,0.535363849,0.014185714,0.007094247,,,,
2023,7,4361577,3.3242613,,,,17.06087111,0.085279597,0.004765315,1.121495267,0.022429905,0.012560747,,,,
2023,7,4722908,5.15150324,,,,21.66398388,0.120900036,0.008412983,2.271589505,0.026256102,0.014703417,,,,
2023,7,4048228,2.20807887,,,,9.52323726,0.058196238,0.003251932,0.911596516,0.010536662,0.005900531,,,,
2023,7,2515270,0.36928298,2.922449253,0.013323029,0.001283834,,,,,0.006118684,0.002814595,,,,
2023,7,4430539,2.26829712,,,,9.159826616,0.069453643,0.003969035,0.939530414,0.010859535,0.00608134,,,,
2023,7,2580216,1.23448741,0.732711552,0.003822781,0.000169112,4.630475499,0.025673454,0.001365616,0.380660504,0.010190846,0.00544911,,,,
2023,7,4259979,0.53269793,,,,2.463239539,0.008873804,0.000370173,0.23758736,0.004751747,0.002660978,,,,
2023,7,3914151,2.18687244,,,,9.156769464,0.070143193,0.004159735,0.852796328,0.009857022,0.005519932,,,,
2023,7,4036416,1.08190878,,,,4.892218113,0.025498102,0.001424802,0.446617179,0.008932344,0.005002112,,,,
2023,7,3914397,0.89485261,,,,4.465482354,0.008820233,0.000526591,0.401356614,0.006425556,0.003598312,,,,
2023,7,3120303,0.50182971,,,,2.16307915,0.017097233,0.001027091,0.183199907,0.002117511,0.001185806,,,,
2023,7,4365395,0.65214412,,,,2.636168272,0.025432715,0.00135,0.236216944,0.002730307,0.001528972,,,,
2023,7,2971281,0.52116357,,,,2.385564089,0.005377869,0.000310718,0.253306205,0.003280437,0.001837045,,,,
2023,7,4361438,2.28494681,,,,9.510935751,0.07592993,0.004242868,0.880923099,0.010182124,0.00570199,,,,
2023,7,3046401,0.55606932,,,,2.597203299,0.013544894,0.000565028,0.218734017,0.00437468,0.002449821,,,,
2023,7,3047876,0.9425333,,,,4.615373284,0.015825676,0.000944835,0.392742063,0.007854841,0.004398711,,,,
2023,7,4040612,0.53754713,,,,2.171017207,0.014311793,0.000817869,0.235921029,0.002726886,0.001527056,,,,
2023,7,4245131,2.98496821,,,,13.91614999,0.059331953,0.003390616,1.258095608,0.025161912,0.014090671,,,,
2023,7,17359,4.1184472,23.03688256,0.152668316,0.010194308,3.379277908,0.016727205,0.001118537,0.487586282,0.054766068,0.02559997,,,,
2023,7,3918003,0.55039696,,,,2.398125365,0.014986544,0.000765,0.221940486,0.002565293,0.001436564,,,,
2023,7,3122154,0.44755657,,,,1.61932072,0.010308189,0.000532886,0.224850659,0.001957795,0.001096365,,,,
2023,7,3040569,0.91330725,,,,3.916189787,0.019134874,0.000989184,0.346181298,0.006923626,0.003877231,,,,
2023,7,4362523,3.1778499,,,,13.55846719,0.07171807,0.004990593,1.399402322,0.016174951,0.009057973,,,,
2023,7,4250764,0.63737957,,,,2.581967941,0.019844671,0.000956196,0.261507902,0.003022632,0.001692674,,,,
2023,7,2531358,2.06202524,,,,8.0707536,0.078436971,0.003739125,0.786795256,0.00909415,0.005092724,,,,
2023,7,4034779,0.52689355,,,,2.016046284,0.021191876,0.001038595,0.198570464,0.002295171,0.001285296,,,,
2023,7,4429006,0.51783565,,,,2.102394721,0.01894555,0.000928505,0.196360545,0.003927211,0.002199238,,,,
2023,7,3126115,3.23323135,,,,15.33426887,0.089590715,0.005792153,1.176403297,0.023528066,0.013175717,,,,
2023,7,2508256,1.6465936,,,,6.432473014,0.054948923,0.003280597,0.675631546,0.007809268,0.00437319,,,,
2023,7,4372505,0.54657253,,,,2.091846971,0.021338219,0.001045767,0.209920304,0.002426358,0.00135876,,,,
2023,7,4047839,1.17971454,,,,5.449743397,0.022095784,0.000748903,0.511863432,0.010237269,0.00573287,,,,
2023,7,4383440,1.59204263,,,,6.174909913,0.061815872,0.00294679,0.605415424,0.006997677,0.003918699,,,,
2023,7,3046704,1.07131537,,,,3.713007235,0.03914888,0.002617859,0.464583656,0.004295901,0.002405705,,,,
2023,7,3699935,1.55164746,6.442895197,0.071460123,0.001849507,1.740799901,0.006531774,0.000394733,0.275126863,0.015453981,0.007348387,,,,
2023,7,3128317,0.85059325,,,,4.325682756,-0.000204021,-1.42e-05,0.428653131,0.008573063,0.004800915,,,,
2023,8,3116406,22.27745205,0.912597641,0.011100725,0.000372755,109.9838381,0.676537072,0.034512459,7.092688826,0.092198475,0.051456781,,,,
2023,8,4241389,15.92150225,3.282677824,0.020820402,0.000868317,73.29426131,0.301596199,0.01844112,6.414807564,0.115037633,0.063576855,,,,
2023,8,4047646,19.17243318,,,,96.96262984,0.501210991,0.034,6.501507536,0.091994008,0.051516645,,,,
2023,8,4040715,22.77181108,40.27097622,0.838002745,0.022720826,,,,,0.585710926,0.27864872,263.7419818,1.353489789,0.091927414,0.967210238
2023,8,3918298,21.33181117,25.11842149,0.42741476,0.017553209,,,,,0.558378738,0.266733084,257.819279,1.988373326,0.10424819,0.867840317
2023,8,4374302,17.5913173,1.878660442,0.021098206,0.000607009,78.45974365,0.353959027,0.021927293,7.386872585,0.114884837,0.063918849,,,,
2023,8,16800,17.79199802,,,,91.27848766,0.333770576,0.020412263,6.71368955,0.085028819,0.047616139,,,,
2023,8,3929630,16.7733037,77.93830595,0.337844458,0.015685813,27.10172217,0.136142501,0.007983142,3.547906455,0.183632531,0.087356618,,,,
2023,8,4239996,18.31136749,76.38024273,0.685725433,0.022447845,26.40708602,0.111302494,0.006424164,3.339313194,0.158201067,0.075383081,,,,
2023,8,2976212,20.36724231,,,,91.33161648,0.617888582,0.032395207,7.609826341,0.13521213,0.075718793,,,,
2023,8,4362628,21.90109215,,,,96.93791277,0.59751451,0.022586072,8.712637351,0.123992577,0.069435843,,,,
2023,8,3054850,17.94987926,53.12387199,0.329338598,0.014736335,42.09608681,0.159281486,0.00837941,5.567824351,0.123825324,0.060581485,,,,
2023,8,3068267,18.5388606,63.24418022,0.534764117,0.022999498,35.07214689,0.224547474,0.0107,4.232974399,0.159110727,0.076607525,,,,
2023,8,4430807,16.19018733,66.25648217,0.287217963,0.013087791,32.03579047,0.136953068,0.009094528,3.935190123,0.175072475,0.084120441,,,,
2023,8,3916148,19.07640059,72.96864298,0.507067994,0.021147331,34.92362553,0.149892764,0.00917,4.472837536,0.200873562,0.096683504,,,,
2023,8,3043078,13.71452989,72.80239344,0.416121935,0.014660408,16.25271069,0.070738321,0.00342,1.982455045,0.143131632,0.06726896,,,,
2023,8,2577417,16.62027975,13.7125706,0.190968309,0.007964356,,,,,0.428042425,0.204761453,260.4171478,1.357017721,0.08297494,0.762589823
2023,8,4047650,13.41231692,,,,65.33042194,0.327761165,0.020127337,4.98079746,0.099071786,0.0554802,,,,
2023,8,4429795,19.17056522,71.08744724,0.768121979,0.022099356,28.40119226,0.140040676,0.008675335,3.839051154,0.137114001,0.065746597,,,,
2023,8,3116385,13.6313421,53.49095649,0.40794841,0.022181675,18.61853419,0.13550267,0.005122006,3.182872714,0.083460651,0.039997761,,,,
2023,8,15847,19.4470156,,,,82.22287297,0.665925497,0.025266422,7.2577858,0.072367252,0.040525661,,,,
2023,8,4430027,11.71494699,,,,50.36313511,0.343157906,0.021258178,4.635765935,0.053582367,0.030006125,,,,
2023,8,4427366,15.66063749,78.55468564,0.33130646,0.018073397,25.48429821,0.087046743,0.005822576,2.946733692,0.267887094,0.127492875,,,,
2023,8,16737,16.92325546,,,,82.7971322,0.447490382,0.023831979,6.002897866,0.084090963,0.047090939,,,,
2023,8,2576414,17.08667589,71.42034622,0.807029423,0.027099526,19.9240113,0.127635045,0.006511098,2.500974299,0.243086707,0.115181109,,,,
2023,8,4361370,14.80395136,,,,77.41220389,0.294339992,0.0155,5.379908835,0.104444475,0.058488906,,,,
2023,8,4697815,12.67051658,48.27733853,0.254369903,0.01948673,22.77440513,0.095462111,0.005084022,3.560940824,0.152613121,0.0738791,,,,
2023,8,4569618,14.4634588,,,,68.75349008,0.436523874,0.02919918,5.01481664,0.095323614,0.053381224,,,,
2023,8,4372016,15.46469668,0.776956413,0.010113262,0.000339597,72.27802451,0.486666042,0.024826492,5.234112898,0.097308698,0.054245158,,,,
2023,8,3915416,16.86593036,,,,82.44079633,0.438562377,0.0234,6.052235563,0.099268839,0.05559055,,,,
2023,8,3040151,11.2711303,,,,52.2677263,0.332244623,0.02047979,4.062327654,0.047913666,0.026831653,,,,
2023,8,3139477,24.33101698,29.78521606,0.124248038,0.006250239,,,,,0.450061598,0.215107393,317.7286559,2.436368354,0.092440239,0.813329336
2023,8,2977187,19.11132866,0.712728873,0.006808946,0.000228379,93.05774867,0.438175341,0.025982194,7.15752404,0.133522447,0.074546002,,,,
2023,8,4242335,18.6278839,84.50190712,0.711011183,0.022674491,23.72413552,0.113028291,0.007911163,2.979550738,0.195284956,0.092416627,,,,
2023,8,4035687,13.19367491,,,,63.89523233,0.258260697,0.018076381,5.330670803,0.102632205,0.057474035,,,,
2023,8,4567048,16.12260441,77.83021527,0.725582497,0.023612385,15.1199663,0.047463771,0.002914681,2.219713229,0.091230424,0.042932357,,,,
2023,8,4379399,13.28589215,62.36461369,0.40057633,0.016451,18.01219489,0.102148729,0.005355544,2.271982182,0.090832577,0.043067166,,,,
2023,8,3051876,10.77421205,,,,48.19400756,0.168707123,0.009737448,4.9840527,0.055740217,0.031214521,,,,
2023,8,4426515,17.18367506,0.710262941,0.006723791,0.000225523,87.1284659,0.320058319,0.018978287,6.541207758,0.128915912,0.07195393,,,,
2023,8,4259545,15.67934468,62.58085509,0.501198726,0.013589036,24.32132639,0.137605907,0.009346029,3.254660273,0.154727405,0.074158833,,,,
2023,8,3916387,23.52366388,56.26055548,0.667590056,0.019113344,,,,,0.705718676,0.335372396,242.3842985,1.449725303,0.092778266,0.586951794
2023,8,4360438,15.7891206,,,,79.62780436,0.433975945,0.02675058,5.27030448,0.092651022,0.051884572,,,,
2023,8,3117251,22.3938849,87.36514911,1.047140599,0.025406109,28.89509526,0.184969033,0.01140162,3.504403934,0.219211275,0.104303362,,,,
2023,8,15795,12.67609231,,,,59.29815304,0.289726673,0.013992692,5.089317557,0.100023188,0.056012985,,,,
2023,8,4241478,12.93377402,,,,62.46222998,0.337389457,0.02291509,4.704148661,0.079337996,0.044429278,,,,
2023,8,3925357,12.7013001,4.158623315,0.038507959,0.001260593,54.12043731,0.415205043,0.02396483,4.188175454,0.082265729,0.044841136,,,,
2023,8,15818,18.01503798,,,,83.25762051,0.489621752,0.023420732,6.840237014,0.123931303,0.06940153,,,,
2023,8,4432577,17.83343257,13.9504761,0.103819149,0.004643547,,,,,0.487439938,0.233138351,243.5520824,1.81791827,0.073021881,0.450090234
2023,8,4047365,16.25081432,60.65905695,0.378341626,0.020481146,33.66751322,0.084951093,0.0052,4.101068393,0.122031224,0.058625848,,,,
2023,8,3042519,13.45902609,48.46269626,0.229032102,0.014163031,29.39898513,0.169193632,0.009839142,3.379148386,0.152549944,0.073837593,,,,
2023,8,4361529,17.10896574,74.83016863,0.544830558,0.027407447,25.76553698,0.141175358,0.005356449,2.997841969,0.140248253,0.066856038,,,,
2023,8,4258173,13.51537752,,,,65.38910348,0.459518493,0.0185,4.256885335,0.068151006,0.038164563,,,,
2023,8,4241479,18.8934335,6.321409594,0.134830591,0.004527524,,,,,0.601527552,0.287905726,290.814705,1.943264561,0.099132541,0.800373064
2023,8,3116165,14.04330399,,,,63.16151116,0.325407669,0.017330224,5.852454803,0.102786062,0.057560195,,,,
2023,8,3123076,9.30726154,,,,40.56463895,0.225676018,0.022065304,3.904233436,0.047205812,0.026435255,,,,
2023,8,4239993,13.08087615,,,,58.11961458,0.412536765,0.015593906,4.848794796,0.078902235,0.044185252,,,,
2023,8,16460,17.24232909,1.332474588,0.006126693,0.000390672,72.55616011,0.440695112,0.019822999,7.228661786,0.088792697,0.049450168,,,,
2023,8,2577327,11.68207887,,,,53.89315159,0.222563062,0.013667274,5.023789644,0.085715044,0.048000425,,,,
2023,8,4242355,9.12744799,,,,36.99815401,0.280655489,0.017160699,3.756866724,0.043423636,0.024317236,,,,
2023,8,2976499,11.88200866,,,,61.42690082,0.186826758,0.018266847,4.661858812,0.073184357,0.04098324,,,,
2023,8,4241457,10.16406886,49.53956989,0.245176441,0.014592501,12.02919249,0.104405991,0.006244771,1.988569566,0.13107448,0.06200404,,,,
2023,8,3121422,14.44461477,,,,72.48650281,0.244897619,0.014146239,5.797914865,0.09110229,0.051017282,,,,
2023,8,4361307,7.93721826,,,,32.27517335,0.156498754,0.010958958,3.7967837,0.043885015,0.024575608,,,,
2023,8,3121023,10.6716593,,,,49.5846718,0.206854316,0.014049299,4.505331005,0.056111943,0.031422688,,,,
2023,8,4361741,16.7897598,9.557010009,0.281337816,0.006825921,,,,,0.512985052,0.245319431,245.762104,1.435138929,0.088462964,0.569253442
2023,8,4429205,14.8685973,,,,69.20408785,0.466180316,0.017733401,5.230032549,0.104600651,0.058576365,,,,
2023,8,4429615,14.63339598,4.970518297,0.041209594,0.001179846,68.10662663,0.33346636,0.021340892,5.160531502,0.120079445,0.065557608,,,,
2023,8,4361579,11.67958438,54.05271507,0.228601007,0.017205724,17.19334957,0.095669822,0.005005794,2.654832155,0.096633319,0.046226122,,,,
2023,8,4426354,13.13771123,0.711634456,0.004452677,0.000265016,67.25356693,0.293258624,0.017540498,4.614172999,0.087131348,0.048579373,,,,
2023,8,4258595,8.84063886,0.929822514,0.011938424,0.000585324,36.64931929,0.240774732,0.012871827,3.594914188,0.051260205,0.028369374,,,,
2023,8,4360310,16.86759401,27.09787645,0.170609883,0.005585069,,,,,0.643120287,0.307034401,237.0209332,1.296651169,0.074840191,0.54852833
2023,8,3128429,12.45617098,,,,52.74434082,0.451313278,0.023614356,4.521246353,0.086521282,0.048451918,,,,
2023,8,3117256,10.15209064,,,,39.01587338,0.421990428,0.016950451,3.727879012,0.0395207,0.022131592,,,,
2023,8,4241474,8.61404098,38.02629302,0.276351352,0.016475914,12.4850845,0.053268635,0.003077004,1.647628624,0.110199288,0.052230575,,,,
2023,8,4428331,10.63254223,,,,47.33904547,0.393366433,0.014925037,3.587042767,0.071740855,0.040174879,,,,
2023,8,3916433,15.82382443,0.601988973,0.0033975,0.00018392,77.05145824,0.285428243,0.017455812,6.419549105,0.118587152,0.06621766,,,,
2023,8,4036378,14.88642629,14.44879163,0.13178202,0.008149219,,,,,0.515523274,0.246505589,238.8549493,1.365625558,0.079415421,1.030791649
2023,8,4569987,9.64594507,26.52885291,0.139432023,0.008298766,23.93793041,0.092457399,0.005530097,3.285421035,0.10945598,0.054020278,,,,
2023,8,4385690,10.32892242,,,,39.54878748,0.354716857,0.018597408,4.262424883,0.049267115,0.027589584,,,,
2023,8,3932905,12.69305906,0.680849597,0.002759198,0.000164223,62.45937814,0.239018131,0.014296244,5.011134378,0.102548324,0.057194498,,,,
2023,8,3051392,7.27621474,34.28043578,0.265463459,0.013726319,8.453256522,0.032284465,0.00200863,1.272432974,0.095223657,0.045029453,,,,
2023,8,4372019,9.77990804,43.43801708,0.252499265,0.011856347,14.80731661,0.060834329,0.005948031,2.158787454,0.128592989,0.061209551,,,,
2023,8,4360248,8.38021265,,,,43.34142147,0.182769529,0.012137024,2.951293436,0.023878708,0.013372077,,,,
2023,8,4040761,8.75917469,51.67905451,0.253967481,0.011359273,7.805630982,0.034226147,0.00137,1.103184942,0.136910366,0.064260262,,,,
2023,8,4248528,12.06810214,1.437329607,0.009601911,0.000593769,60.50797585,0.332882025,0.019358137,3.849559739,0.065432166,0.036261785,,,,
2023,8,4569173,13.92766372,48.6394207,0.30392837,0.015715224,29.5371771,0.08571297,0.005332771,3.841980093,0.118677187,0.057526093,,,,
2023,8,4426502,11.70653719,,,,55.8993776,0.281014912,0.0187,4.491346106,0.089826922,0.050303076,,,,
2023,8,4241416,7.95448873,35.69204813,0.138682046,0.00884315,13.31429581,0.055646529,0.002503048,1.855335196,0.073234046,0.034943058,,,,
2023,8,4036133,15.21038445,,,,64.07923584,0.339773282,0.0129,6.820450184,0.075375906,0.042210507,,,,
2023,8,2576925,11.64401212,,,,52.78042077,0.281535616,0.016508722,4.699596876,0.051078544,0.028603985,,,,
2023,8,3046779,16.00985264,5.451116193,0.201827231,0.005806697,,,,,0.467569252,0.2239023,247.4124747,1.44494073,0.089512166,0.588838701
2023,8,4243537,9.92319895,,,,43.19744489,0.437658982,0.022945971,2.995475052,0.05840038,0.032704213,,,,
2023,8,3051926,11.81396182,66.37861153,0.562577209,0.016106788,7.954155633,0.035525607,0.002273537,0.85979922,0.115520913,0.05376983,,,,
2023,8,4241372,13.38348605,,,,62.34626016,0.338976079,0.023737088,5.168030939,0.091897821,0.05146278,,,,
2023,8,16731,9.6359616,3.228269902,0.021609155,0.000901212,42.68023089,0.215875458,0.013199719,3.65894902,0.062610487,0.034298521,,,,
2023,8,4048244,12.30858919,48.92358794,0.296234095,0.016209513,20.85648357,0.12220018,0.004648469,2.88352562,0.112831723,0.054120599,,,,
2023,8,4035676,8.67560244,37.18193272,0.260618358,0.008311246,12.32171158,0.065335882,0.00457,1.805820823,0.066961996,0.031920371,,,,
2023,8,15864,13.8225441,13.87837585,0.07676001,0.002497975,,,,,0.433059986,0.207169842,234.69922,1.067355598,0.065544755,0.708225259
2023,8,4241463,11.27463001,,,,54.77490059,0.277924126,0.014542003,4.19220252,0.08384405,0.046952668,,,,
2023,8,3895856,13.8010727,0.753824507,0.00611271,0.000200105,62.61572925,0.311126315,0.017957608,5.63309738,0.099810978,0.055681814,,,,
2023,8,4362249,7.52159088,0.681153152,0.003477744,0.000215059,34.58740674,0.22054632,0.012825462,2.599720081,0.054369401,0.030209365,,,,
2023,8,3052587,16.15750536,14.16904983,0.056029927,0.004292332,,,,,0.547813318,0.261991154,260.7264842,1.453419048,0.077404686,0.746093239
2023,8,4430878,7.53279005,,,,36.35607365,0.1378033,0.0084623,3.121714692,0.062434294,0.034963205,,,,
2023,8,4242431,0.55768101,,,,2.126503457,0.009481228,0.000360664,0.290185233,0.002526669,0.001414934,,,,
2023,8,4360238,10.89301128,65.35950215,0.360525582,0.016125326,8.527115397,0.043777123,0.001758433,1.154152345,0.122656043,0.057313285,,,,
2023,8,12483,14.84719621,4.749383797,0.087085609,0.002920942,,,,,0.358603726,0.171806934,268.496668,1.24212426,0.073653423,0.838817225
2023,8,4038941,19.66777047,14.26301852,0.253751663,0.010913524,,,,,0.400853965,0.191579822,262.0179499,1.931503338,0.092392183,0.66089224
2023,8,4239934,7.19630398,40.17909466,0.227823456,0.01408829,7.517031194,0.02711583,0.001576871,0.950847715,0.093509342,0.043794179,,,,
2023,8,14881,15.49871548,22.24730534,0.069043899,0.00519661,,,,,0.501759972,0.239953644,215.926967,1.509620456,0.078988845,0.758781288
2023,8,16733,9.62346541,,,,45.59315472,0.311899889,0.019960699,3.189894604,0.033892319,0.018979699,,,,
2023,8,4361777,3.48656877,10.32765986,0.063121642,0.003417027,8.295200933,0.02561609,0.001566592,1.112119384,0.031660499,0.015532162,,,,
2023,8,3116365,12.88336051,,,,56.50862083,0.452830502,0.028979855,4.52279851,0.059656074,0.033407401,,,,
2023,8,2468609,5.7625189,11.99303566,0.11451459,0.005123983,14.29651514,0.111001474,0.005839517,1.55804795,0.085729417,0.042484958,5.417892575,0.024806943,0.001265307,0.017636842
2023,8,4045163,11.68786921,56.27078048,0.235097903,0.014991169,20.39049156,0.037554948,0.001689267,2.54392471,0.206739,0.098460342,,,,
2023,8,4361409,8.98147514,,,,43.94745935,0.195291959,0.0113,3.452831291,0.055278427,0.030955919,,,,
2023,8,4426875,15.50489137,14.7138828,0.134989176,0.00804798,,,,,0.521186501,0.249411158,261.6658901,1.258182154,0.072677495,0.976082409
2023,8,4360294,5.49604157,7.852010904,0.057232389,0.003412163,16.29447643,0.080862765,0.004670948,2.225735818,0.052274664,0.02678018,,,,
2023,8,4426385,5.21077709,20.48181172,0.145629427,0.004739169,8.699149073,0.038026336,0.002335142,1.226214461,0.05313619,0.025510323,,,,
2023,8,3121427,10.52197028,2.437890842,0.024123772,0.001438246,42.64352391,0.215572654,0.0125,4.634936133,0.081166554,0.044652186,,,,
2023,8,3045144,9.82381413,,,,37.68598866,0.1996707,0.00755,4.935596033,0.085500869,0.047880487,,,,
2023,8,4428557,7.36036946,20.15127995,0.096646044,0.003404941,17.93518331,0.09153473,0.004420778,2.389533815,0.06288804,0.031009087,,,,
2023,8,4361432,8.34342258,,,,39.60688764,0.224036057,0.013028401,3.079822697,0.061596454,0.034494014,,,,
2023,8,4688813,10.55452096,,,,49.49106497,0.257976175,0.018056467,4.111367101,0.082227342,0.046047312,,,,
2023,8,3059915,6.91877948,30.61662622,0.27237421,0.012789594,8.377186199,0.032648695,0.003192202,1.220924697,0.069209075,0.032728742,,,,
2023,8,3121409,7.60649821,1.847104146,0.011357413,0.000507986,34.20670999,0.232323848,0.00933,2.575903238,0.052682098,0.028970992,,,,
2023,8,3915511,16.37639165,7.269941694,0.109731796,0.005966527,,,,,0.483179479,0.231432624,253.0928873,1.663854926,0.062893782,0.737881929
2023,8,2976316,11.20458843,,,,49.41502145,0.244978913,0.012887743,4.847993884,0.073661221,0.041250284,,,,
2023,8,4366031,12.05933245,5.487942273,0.031855283,0.0014248,53.16488407,0.348763481,0.014009082,3.896398351,0.095251529,0.0516085,,,,
2023,8,2573401,7.15664008,,,,31.30391549,0.165512552,0.009814289,3.044044134,0.027890623,0.015618749,,,,
2023,8,16813,9.06334095,,,,37.03004936,0.281736815,0.016274214,3.68353671,0.042219653,0.023643006,,,,
2023,8,4373626,8.13991929,50.19489625,0.244039311,0.01112025,6.763439229,0.025205299,0.001673787,0.855372596,0.057741098,0.026933295,,,,
2023,8,4372414,9.21198497,4.95908863,0.031637589,0.001485574,44.30570704,0.083320803,0.008146629,3.669678597,0.088774477,0.047766977,,,,
2023,8,4360635,7.8121281,,,,35.231278,0.179159532,0.008652722,3.229396557,0.02986151,0.016722445,,,,
2023,8,4427095,7.77351017,0.691820489,0.003717064,0.000192198,37.24467374,0.154724761,0.00962645,2.993239068,0.062071444,0.034539342,,,,
2023,8,4032473,8.38830789,4.479666122,0.024086724,0.001077766,37.38185077,0.146157311,0.007688979,3.050584719,0.075441439,0.040804231,,,,
2023,8,16782,5.89225434,7.384464358,0.055936242,0.002813847,19.8441252,0.146684657,0.005565482,1.964226573,0.02716276,0.01401762,,,,
2023,8,3116389,4.89616764,7.451833699,0.035577429,0.002677746,14.24421177,0.084094761,0.004400144,2.022898067,0.028422128,0.014636948,,,,
2023,8,4429025,6.61769214,,,,30.36830165,0.222370232,0.010636933,2.275129617,0.045502592,0.025481452,,,,
2023,8,4372485,8.84260496,21.2886286,0.067467357,0.004548205,25.80164045,0.088538162,0.00619996,3.302276321,0.126638563,0.064784857,,,,
2023,8,3125116,8.93367286,43.61357487,0.212238641,0.010405754,13.31995411,0.059986868,0.0032069,1.68116877,0.110133227,0.052168583,,,,
2023,8,4242214,3.88478097,14.22260055,0.096335783,0.004846127,7.343353837,0.0564683,0.00214251,0.817447749,0.021388578,0.010314293,,,,
2023,8,16757,14.21368332,6.443554,0.045170281,0.002021155,,,,,0.530670494,0.254209565,257.2306593,1.177783847,0.062000059,0.667829413
2023,8,3116593,3.80428685,24.07495502,0.10363705,0.005653598,3.135014205,0.009163444,0.000612945,0.451698792,0.063464566,0.029709458,,,,
2023,8,3115394,8.937244,,,,46.54583142,0.231665501,0.010420594,2.916504882,0.040855552,0.022879109,,,,
2023,8,4036348,9.74139161,,,,47.39129691,0.26421441,0.016155408,3.437322175,0.048151366,0.026964765,,,,
2023,8,4567156,8.01506099,1.50182948,0.006834959,0.000240803,40.7606853,0.140627291,0.006791761,2.959007092,0.064013233,0.035364102,,,,
2023,8,3916566,11.21110702,,,,51.39185003,0.332470429,0.012647105,4.142405108,0.082848102,0.046394937,,,,
2023,8,3120348,7.28843999,,,,33.43817192,0.083484737,0.005194137,3.510098308,0.070201966,0.039313101,,,,
2023,8,14880,17.35967234,7.610787097,0.07566083,0.004140054,,,,,0.70788375,0.339093747,280.6744973,1.722933315,0.06554002,0.726958577
2023,8,4426386,10.04246549,36.22231019,0.200074147,0.009809346,20.5802761,0.086476501,0.004623037,2.708576835,0.10051507,0.048595314,,,,
2023,8,4430191,5.77925299,1.494062855,0.010259078,0.000516078,25.72585553,0.195571865,0.007420352,1.850815726,0.041415032,0.022752546,,,,
2023,8,4040655,7.16517406,1.428697639,0.007990368,0.000391756,34.22361877,0.147856903,0.007904436,2.69732543,0.04557598,0.025132508,,,,
2023,8,4240021,7.74844045,29.83705055,0.183430945,0.010037083,14.1693356,0.084377516,0.003209703,1.774771643,0.064657633,0.031009073,,,,
2023,8,3044720,13.74947493,29.23956345,0.140652725,0.009481881,,,,,0.820598342,0.391702588,190.7489256,1.071642618,0.075042684,0.671114609
2023,8,4242433,10.74098427,,,,49.95564659,0.332946727,0.015926286,3.793295638,0.070781218,0.039637482,,,,
2023,8,4243331,7.58150048,,,,30.70873424,0.233210699,0.012420094,3.118052445,0.028831935,0.016145884,,,,
2023,8,3929645,6.54362084,,,,28.46581083,0.184071764,0.009683566,2.599527764,0.024037253,0.013460862,,,,
2023,8,2980453,4.03651194,21.47902068,0.148256359,0.006633766,3.58526205,0.008705842,0.000457993,0.61440076,0.044083061,0.02071891,,,,
2023,8,3122976,7.68704754,25.28623016,0.281154162,0.009440975,14.03028363,0.102402932,0.005223922,1.482106532,0.061497272,0.029504364,,,,
2023,8,4572680,0.52787608,,,,2.193829531,0.016110749,0.000936891,0.212642811,0.002457826,0.001376382,,,,
2023,8,3046439,7.02143448,,,,30.82166781,0.181794345,0.011310628,2.855272711,0.026875299,0.015050168,,,,
2023,8,3915486,7.22553517,,,,33.35268612,0.112549505,0.007528462,3.253969273,0.049432744,0.027682337,,,,
2023,8,4241555,4.48631111,24.06600064,0.204920237,0.00497185,3.251722033,0.017988503,0.001108824,0.437343515,0.035681894,0.016680231,,,,
2023,8,4038524,13.08419115,11.0260344,0.164713089,0.00525278,,,,,0.680057962,0.325395006,215.6946847,1.091448934,0.076393533,0.765358283
2023,8,4038441,8.74145786,31.19000008,0.282422767,0.008085866,15.04654758,0.06786148,0.00434294,2.096563836,0.111923227,0.054137916,,,,
2023,8,4361418,10.55204343,11.77102133,0.087978111,0.00309956,,,,,0.436354614,0.2086828,182.5061076,0.84874038,0.040968457,0.765211812
2023,8,4360797,6.60958669,1.481853296,0.015302476,0.000513261,31.92120045,0.154546221,0.009164025,2.284248083,0.04973073,0.02736376,,,,
2023,8,3054212,7.55441259,,,,32.69899325,0.230582955,0.01531213,2.911814523,0.037879686,0.021212624,,,,
2023,8,4371733,6.25573387,25.22773296,0.246968923,0.006696085,9.105748745,0.037699709,0.002560519,1.168859071,0.078812813,0.037540185,,,,
2023,8,15920,8.64979574,38.25260005,0.377919232,0.015520511,8.663123087,0.060178214,0.003155076,1.34192881,0.054015122,0.025534617,,,,
2023,8,4360569,2.49645722,12.75490764,0.134288576,0.003258159,1.666481705,0.008340148,0.000514093,0.20945626,0.020325462,0.009495613,,,,
2023,8,4240703,14.05904236,12.454583,0.143554364,0.008544121,,,,,0.350027142,0.167281083,230.5637761,1.138460527,0.068094039,0.826044713
2023,8,4426485,8.00522176,,,,39.13175673,0.168096716,0.007561193,3.136955199,0.062739104,0.035133898,,,,
2023,8,4426388,6.39779335,1.827968592,0.018455467,0.000530975,29.6814065,0.171486266,0.0106,2.136647337,0.048292665,0.026487921,,,,
2023,8,4240600,6.93410861,4.128549103,0.033885286,0.001704583,27.44601311,0.21456538,0.008141,2.328827409,0.059620248,0.032071089,,,,
2023,8,4722893,6.84020985,23.15215695,0.132246183,0.009953549,13.35163373,0.081532905,0.004266099,1.935804751,0.06011603,0.029338896,,,,
2023,8,3128390,6.58264044,,,,31.00731833,0.156652775,0.010478539,2.560255764,0.035865073,0.020084441,,,,
2023,8,4569587,7.74878411,3.054600414,0.012599947,0.000585004,35.52003183,0.068992907,0.004045615,3.460551831,0.06374881,0.034864656,,,,
2023,8,3122672,8.31224422,42.318902,0.373511183,0.012527956,7.20963808,0.027391949,0.001624242,1.000897593,0.08263198,0.038707287,,,,
2023,8,4685720,14.13211071,9.953006965,0.053599641,0.003417815,,,,,0.685036575,0.328073443,245.8513618,1.28166769,0.057650961,0.814781865
2023,8,3910544,4.92482489,28.07083177,0.199068369,0.008561667,3.629920533,0.015321012,0.00073287,0.500184318,0.055560516,0.025912009,,,,
2023,8,4428085,8.42173845,,,,36.72086417,0.211876403,0.012321279,3.497965927,0.040431138,0.022641437,,,,
2023,8,4039359,12.23071892,52.67901339,0.563479603,0.018899695,13.20599062,0.107660956,0.006383901,1.645758266,0.088345789,0.041642147,,,,
2023,8,3115306,6.39411171,,,,27.18165315,0.249664029,0.0155,2.188944211,0.03838928,0.021497997,,,,
2023,8,4038815,5.2585703,21.70771129,0.177258234,0.007392576,7.858764787,0.034080766,0.002083871,1.06460465,0.053505357,0.025539425,,,,
2023,8,3051738,5.28426836,,,,27.27619152,0.192256797,0.007294572,1.413064042,0.022444254,0.012568782,,,,
2023,8,3045523,10.63519871,0.74507243,0.003257776,0.00016845,50.59899769,0.218427274,0.013589805,4.233336067,0.082841095,0.046180589,,,,
2023,8,4360761,6.24231935,,,,25.59898869,0.145625989,0.010197584,2.850617202,0.057012344,0.031926913,,,,
2023,8,3916945,6.73994138,,,,35.86911664,0.128786612,0.007551806,2.418093729,0.048361875,0.02708265,,,,
2023,8,4249836,1.96888901,7.144400307,0.052902021,0.002484066,3.253237749,0.010627041,0.001039051,0.481716812,0.019900385,0.009573612,,,,
2023,8,4362478,11.49302512,56.04423628,0.244833055,0.016505033,14.8084184,0.085415824,0.005981316,2.503495937,0.131872413,0.062841126,,,,
2023,8,4429086,6.74105554,,,,31.60657345,0.146032114,0.008930823,2.720737139,0.031447562,0.017610635,,,,
2023,8,14163,14.1244859,31.5570561,0.137896817,0.006402424,,,,,0.562977212,0.268528613,211.3986035,0.908276189,0.053259616,0.772398182
2023,8,4428850,2.58653879,0.686764089,0.003507225,0.000216882,11.48690958,0.067755308,0.003940184,0.956321081,0.021501421,0.011803296,,,,
2023,8,4360939,5.44239821,,,,27.55693065,0.111304348,0.007123159,2.046595684,0.038372277,0.021488475,,,,
2023,8,4373678,4.18886837,,,,18.19997318,0.135772061,0.007118377,1.494885972,0.029897719,0.016742723,,,,
2023,8,3116164,5.33970917,,,,23.35781644,0.144554799,0.00899371,2.140619082,0.020123903,0.011269386,,,,
2023,8,3121410,0.40475493,,,,1.770194641,0.006298366,0.000369,0.193438288,0.003868766,0.002166509,,,,
2023,8,4361259,12.62325994,17.10765235,0.104748356,0.005714222,,,,,0.465721239,0.222729003,206.4263251,0.996192114,0.066635515,0.834679178
2023,8,3135321,2.28818537,,,,10.41201644,0.029013909,0.00177,1.09327237,0.021865447,0.012244651,,,,
2023,8,2576623,6.55121966,,,,31.4074881,0.13794145,0.00858225,2.609522959,0.040113668,0.022463654,,,,
2023,8,4429013,2.78879596,14.15086123,0.150268865,0.004919188,1.808569135,0.009675401,0.000558445,0.249373114,0.02988999,0.013966527,,,,
2023,8,4686472,5.61520939,3.735053587,0.020672388,0.001555914,21.73812724,0.162554902,0.008505465,1.838126775,0.049183681,0.026300747,,,,
2023,8,3049916,3.66262148,16.60725658,0.061684991,0.002863978,6.227385191,0.019626086,0.001150837,0.935629087,0.056174618,0.026924938,,,,
2023,8,4692590,7.22883393,,,,34.94724771,0.158146064,0.009273389,2.828551548,0.056571031,0.031679777,,,,
2023,8,4239086,13.8793594,16.78424511,0.178599859,0.008138341,,,,,0.624287271,0.298254648,214.1383089,1.0833706,0.071942489,0.674915695
2023,8,3930066,3.18867566,,,,16.1450246,0.079741624,0.005295336,1.105032856,0.01819703,0.010190337,,,,
2023,8,4360078,4.78770056,,,,24.10702534,0.091913373,0.006433271,1.852451613,0.036393186,0.020380184,,,,
2023,8,3139602,0.96726368,3.457866005,0.027277519,0.000892954,1.697669141,0.006736302,0.000388806,0.253836513,0.009283486,0.004508798,,,,
2023,8,4599739,0.9348441,2.968082811,0.016578916,0.000741828,2.022022836,0.00893747,0.000470178,0.288673625,0.00879556,0.004297308,,,,
2023,8,4421446,9.25790724,39.56192284,0.450085389,0.012949242,10.22044411,0.04465327,0.002766211,1.260361319,0.063594206,0.03002152,,,,
2023,8,4040980,5.42543367,,,,19.49612501,0.182586695,0.006901784,2.40337927,0.033723074,0.018884921,,,,
2023,8,16760,13.46901765,4.476145052,0.079337814,0.004294873,,,,,0.498696863,0.238743284,283.2709106,1.018161946,0.06226729,1.263442852
2023,8,3924365,4.93741889,,,,19.8219792,0.133516318,0.00601,2.176003346,0.03099668,0.017358141,,,,
2023,8,15807,1.50121676,7.982261584,0.047160984,0.002149006,1.719171899,0.007560739,0.00050208,0.212765928,0.016773265,0.007883911,,,,
2023,8,4241464,13.36524532,8.525195153,0.043247787,0.002236213,,,,,0.474017147,0.226881373,254.9417501,1.073962053,0.066818279,0.968582684
2023,8,3912092,7.42720851,,,,27.4070866,0.366672598,0.017539541,2.476426016,0.022898959,0.012823417,,,,
2023,8,3118892,3.51021602,,,,16.83669071,0.122000011,0.00463,1.109555323,0.022191106,0.01242702,,,,
2023,8,4036131,3.66954485,,,,15.86014583,0.065410066,0.004016737,1.700446552,0.015919778,0.008915076,,,,
2023,8,13982,2.24775193,,,,10.07408981,0.067514439,0.0045855,0.840176091,0.012884796,0.007215486,,,,
2023,8,4362619,1.88311848,13.47651275,0.091807467,0.00547351,,,,,0.029461537,0.013552307,,,,
2023,8,4036335,5.08386217,,,,23.96059872,0.157919951,0.008056034,1.762725573,0.035254511,0.019742526,,,,
2023,8,3115255,8.92284631,3.675442093,0.018985234,0.001038845,37.72750631,0.219610736,0.008353946,3.324815029,0.079352873,0.043151952,,,,
2023,8,4258195,4.02349995,,,,20.53145952,0.036054262,0.003525179,1.687743337,0.033754867,0.018902725,,,,
2023,8,4035004,4.30387606,1.642790169,0.015613769,0.000785443,17.52582495,0.134816275,0.005115174,1.309574507,0.030590208,0.016690645,,,,
2023,8,3931391,1.20504497,,,,4.441154439,0.031100664,0.00118,0.499108042,0.009982161,0.00559001,,,,
2023,8,16799,4.7629023,,,,19.85657215,0.116765294,0.00698,2.094785251,0.029344579,0.016432964,,,,
2023,8,4240472,3.52921765,,,,14.80850632,0.122313517,0.004640797,1.318538021,0.012192227,0.006827647,,,,
2023,8,3123075,5.87403849,0.888559994,0.013011951,0.000436933,24.11054926,0.187843648,0.009582544,2.038547568,0.043505389,0.024089574,,,,
2023,8,4426407,5.13875209,,,,23.06409353,0.144163823,0.007677728,1.995650924,0.039913018,0.02235129,,,,
2023,8,4242540,2.84455589,,,,11.70002961,0.081617848,0.004785918,1.20155279,0.024031056,0.013457391,,,,
2023,8,4243315,4.2403243,13.72701552,0.151308213,0.005080832,8.101715006,0.039764123,0.002028503,0.922307449,0.027287614,0.013114445,,,,
2023,8,2576336,1.71138606,0.84851387,0.005025472,0.000272049,6.603705182,0.024107183,0.001474313,0.796082026,0.007802191,0.004206164,,,,
2023,8,3119195,0.87197045,2.806781373,0.010936253,0.000837803,1.877356977,0.010607623,0.00056493,0.278053971,0.006850873,0.003373337,,,,
2023,8,4567096,4.2524995,,,,19.59457708,0.136025026,0.005463834,1.498743826,0.029974877,0.016785931,,,,
2023,8,4243389,2.31051241,2.621444222,0.01319733,0.000785484,9.351848825,0.034036588,0.002035809,0.765418614,0.024610919,0.01285186,,,,
2023,8,4240657,3.61482776,6.607212516,0.027153494,0.001481275,10.96973424,0.036815736,0.002462613,1.49079503,0.025499627,0.013018552,,,,
2023,8,4434153,14.28912984,12.739486,0.124651341,0.006111475,,,,,0.587599247,0.281099491,236.8662315,1.229908556,0.065750962,0.862038092
2023,8,3886598,8.54066951,,,,43.49233178,0.221105662,0.0136,2.901056016,0.05802112,0.032491827,,,,
2023,8,4361516,0.94797909,,,,3.783132041,0.024133967,0.001415171,0.427434899,0.004940494,0.002766677,,,,
2023,8,3052897,3.60203835,,,,13.94315812,0.125699403,0.006412354,1.455419098,0.013457936,0.007536444,,,,
2023,8,2973405,3.57964741,3.799011683,0.032203548,0.000926516,13.32702939,0.068647726,0.004252636,1.199780826,0.035115053,0.018552486,,,,
2023,8,4035222,2.68165425,4.06737873,0.02709701,0.001473365,7.232568156,0.032769625,0.001238693,1.208879205,0.021714014,0.011208287,,,,
2023,8,4240631,1.33800184,2.135643004,0.017768625,0.000578238,3.134693954,0.010042125,0.000617,0.52397742,0.011718492,0.005982458,,,,
2023,8,4362019,0.2689436,,,,1.236504767,0.00549459,0.000289057,0.113061149,0.001201264,0.000672708,,,,
2023,8,2971618,3.28545798,,,,15.91048781,0.10018651,0.00641165,1.104627288,0.022092546,0.012371826,,,,
2023,8,3061612,5.98751072,2.384790593,0.017688224,0.00057904,23.48812801,0.153222678,0.008843716,2.202180536,0.051390059,0.028043788,,,,
2023,8,4427278,3.62371,3.248753056,0.013263328,0.00072354,14.21779476,0.060270679,0.004031519,1.301927247,0.035765223,0.019055857,,,,
2023,8,3929785,4.26988017,,,,19.77418405,0.107948669,0.005213509,1.667886884,0.030673351,0.017177077,,,,
2023,8,4241961,5.86432472,,,,24.36694261,0.182400873,0.010909831,2.340996901,0.027058345,0.015152673,,,,
2023,8,3043275,2.18648766,,,,9.655917238,0.040284564,0.002463666,0.982958635,0.007953049,0.004453708,,,,
2023,8,3139033,0.19227839,1.402886589,0.008912557,0.000398634,,,,,0.002554433,0.001175039,,,,
2023,8,3051439,1.05153587,3.569935297,0.039535344,0.001071925,1.780531337,0.008853154,0.000601296,0.234189742,0.012128339,0.005849183,,,,
2023,8,2991662,1.34774561,,,,6.40371156,0.034764707,0.002308591,0.503328037,0.008375365,0.004690205,,,,
2023,8,16002,2.23394149,1.339574029,0.018102452,0.000439208,7.133900219,0.070584561,0.004350881,0.854771572,0.009485691,0.005064983,,,,
2023,8,3911853,4.80608309,,,,18.33748006,0.17308023,0.009056189,1.941267342,0.023342875,0.01307201,,,,
2023,8,3676833,1.7266869,3.439315175,0.026951347,0.001124009,5.05913869,0.026152022,0.001599067,0.44213428,0.019003544,0.009625899,,,,
2023,8,4360405,2.5757437,,,,11.77111569,0.059614301,0.003660828,1.056737593,0.021134752,0.011835461,,,,
2023,8,4372096,1.76316243,,,,7.306397567,0.055631379,0.003401584,0.700789694,0.008100057,0.004536032,,,,
2023,8,3921690,3.27243482,,,,13.52168654,0.107762579,0.004099266,1.281693106,0.014814413,0.008296071,,,,
2023,8,4430802,2.66794045,,,,11.30834455,0.076117627,0.004552777,1.085009457,0.012541051,0.007022988,,,,
2023,8,4362630,4.69742975,,,,22.32358824,0.107968714,0.004856563,1.847961858,0.036959237,0.020697173,,,,
2023,8,4249417,0.53912153,,,,2.527689558,0.011377706,0.000695691,0.221540465,0.004430809,0.002481253,,,,
2023,8,4040774,1.82153532,1.839824602,0.025579739,0.001201121,5.878759622,0.04145855,0.004053579,0.65346807,0.016441046,0.008482053,,,,
2023,8,4411193,5.08558973,1.507538841,0.01122001,0.000460787,21.05306319,0.136260208,0.00714397,1.889456772,0.042899577,0.023512719,,,,
2023,8,4362477,3.62749786,8.360322843,0.042457328,0.001826034,10.59596945,0.079740837,0.00381435,0.868250465,0.043602297,0.021793558,,,,
2023,8,4686422,1.87892262,1.91584453,0.012372181,0.000553374,7.140910468,0.056246291,0.002259293,0.573617142,0.017246864,0.009080792,,,,
2023,8,4374187,5.43487478,2.612320717,0.013486414,0.001033165,22.93445301,0.116887412,0.006225069,2.004812617,0.047833088,0.026012846,,,,
2023,8,3917612,4.43125586,26.1365493,0.149650519,0.011464403,3.530179885,0.015260845,0.000812746,0.511291611,0.066754373,0.031247578,,,,
2023,8,4372063,0.51783182,,,,2.440657475,0.01593005,0.000981939,0.180162123,0.003603242,0.002017816,,,,
2023,8,4428718,2.84649861,4.058527952,0.019361082,0.001048093,11.9123795,0.039201264,0.002397415,0.922597617,0.031072231,0.016138421,,,,
2023,8,2577134,0.56253842,,,,2.011623893,0.007070846,0.000439924,0.256681792,0.001564466,0.000876101,,,,
2023,8,2976592,0.38596576,,,,1.699322929,0.002996222,0.000175693,0.20113522,0.003136844,0.001756633,,,,
2023,8,4372780,2.36116956,,,,9.407709542,0.090698047,0.004079708,0.879163911,0.010161791,0.005690603,,,,
2023,8,4361372,1.3846441,,,,5.815130908,0.035079652,0.002346486,0.595487196,0.006882922,0.003854436,,,,
2023,8,4046530,0.81071744,1.344511267,0.009841093,0.000535097,1.878297833,0.010302006,0.000389416,0.308007549,0.005418809,0.002760837,,,,
2023,8,2975674,2.20862571,,,,8.973233151,0.048670011,0.002601901,1.023131582,0.008278086,0.004635728,,,,
2023,8,4034862,0.53070093,,,,2.197120674,0.016104428,0.00109,0.214898866,0.002483902,0.001390985,,,,
2023,8,3728262,5.43199542,6.931017017,0.062461768,0.00151547,20.13060281,0.100132214,0.00617,1.657906735,0.051214742,0.026874595,,,,
2023,8,4368003,0.57267036,,,,2.226273216,0.016529507,0.000624816,0.255197795,0.005103956,0.002858215,,,,
2023,8,3917914,1.54433601,,,,7.253633192,0.040257388,0.002734234,0.582761766,0.009877562,0.005531435,,,,
2023,8,3127292,1.58918703,,,,6.556255146,0.029298009,0.0018,0.765513418,0.010369243,0.005806776,,,,
2023,8,3128724,0.85699526,1.583934465,0.012263321,0.000391083,1.89236163,0.01021106,0.000715,0.216031039,0.009760052,0.004897916,,,,
2023,8,3917668,0.62233865,0.542506565,0.006982997,0.000234485,1.995456963,0.014150153,0.000721847,0.242529406,0.00264174,0.001384138,,,,
2023,8,4565908,5.39363301,3.047733388,0.013428178,0.000658364,22.72157916,0.115891831,0.006195582,2.002074742,0.050139179,0.027068172,,,,
2023,8,3051308,10.29894246,9.350115891,0.092995411,0.004366689,,,,,0.566695832,0.271113136,220.7505795,0.746987093,0.073036105,1.319766233
2023,8,4039050,0.69530624,,,,2.232012088,0.01386312,0.0008872,0.201927212,0.003855425,0.002159038,,,,
2023,8,4242392,1.18244141,,,,4.74641506,0.040725023,0.002522861,0.464272683,0.005366282,0.003005118,,,,
2023,8,4036431,2.36959674,11.13630389,0.058445553,0.002865501,3.573814585,0.014342506,0.000766751,0.475498764,0.022654883,0.010752463,,,,
2023,8,3122168,4.01776676,,,,17.81307582,0.143749693,0.007536636,1.383103426,0.022142924,0.012400038,,,,
2023,8,4012556,0.58348939,,,,2.161850663,0.012012987,0.000456972,0.297401512,0.002824516,0.001581729,,,,
2023,8,2574576,1.90384935,,,,7.708702644,0.040963773,0.00274,0.889587548,0.00719759,0.004030651,,,,
2023,8,4367175,1.25069579,,,,5.673978064,0.017647203,0.000852293,0.502936032,0.010058721,0.005632884,,,,
2023,8,2514206,1.38181998,,,,5.594639334,0.051224264,0.001943542,0.517667026,0.005983439,0.003350726,,,,
2023,8,4242557,4.34052149,,,,17.97824681,0.129373463,0.007944636,1.772977617,0.020492911,0.01147603,,,,
2023,8,2998565,2.64724294,,,,11.24921433,0.089235787,0.00624586,0.991673316,0.015780937,0.008837325,,,,
2023,8,4887558,1.18621848,1.937833184,0.010548446,0.000652301,3.494967106,0.017166736,0.0009983,0.481628366,0.008329447,0.004250904,,,,
2023,8,4570409,0.80741242,,,,3.892481529,0.004622182,0.00045193,0.398237842,0.007964757,0.004460264,,,,
2023,8,15839,3.03278246,3.022689861,0.017811796,0.00083637,13.43015593,0.039995314,0.003910512,1.061756782,0.029755379,0.015690663,,,,
2023,8,3128452,1.02320839,,,,4.282735507,0.024923141,0.002436841,0.447652958,0.006520401,0.003651425,,,,
2023,8,4039057,2.48784434,,,,11.12162414,0.072503399,0.003793642,0.953939084,0.019078782,0.010684118,,,,
2023,8,3843945,1.25876487,,,,5.57786146,0.035090845,0.00185,0.494319029,0.006936049,0.003884188,,,,
2023,8,3127310,1.17432815,,,,4.256549553,0.030273284,0.001144331,0.572554617,0.007141235,0.003999092,,,,
2023,8,4037457,0.47472845,,,,1.878887291,0.006753453,0.00036104,0.248331276,0.002500317,0.001400177,,,,
2023,8,2975417,0.91737074,,,,3.47576258,0.022787488,0.001458334,0.435231369,0.004643647,0.002600442,,,,
2023,8,4242512,1.23753303,1.934176537,0.011941637,0.000420716,,,,,0.06661565,0.031814832,20.16732583,0.093787677,0.004552051,0.078726029
2023,8,4035693,1.35749379,3.205144466,0.014259466,0.000699121,4.512072784,0.020086781,0.00107384,0.385420723,0.009459403,0.004760831,,,,
2023,8,4689988,1.25080288,,,,5.982155638,0.021125934,0.001413119,0.529154151,0.005622211,0.003148438,,,,
2023,8,4361577,2.87010276,,,,14.54820736,0.067654806,0.003908005,1.023932674,0.020478653,0.011468046,,,,
2023,8,4722908,4.39604554,,,,18.3519907,0.133182346,0.009321801,1.765424267,0.020405605,0.011427139,,,,
2023,8,2576581,0.43722113,,,,2.011581608,0.009029531,0.000436092,0.184747159,0.003413893,0.00191178,,,,
2023,8,4027873,0.94256157,,,,4.590202248,0.021954987,0.001276752,0.35706784,0.007141357,0.00399916,,,,
2023,8,4048228,3.45254637,,,,14.72706054,0.083092719,0.004799759,1.490525264,0.017228193,0.009647788,,,,
2023,8,4383396,0.16459067,1.100452305,0.009291154,0.000387489,,,,,0.002211788,0.001017422,,,,
2023,8,2515270,0.37568998,2.755577552,0.017065912,0.001284471,,,,,0.005407601,0.002487496,,,,
2023,8,4430539,1.72959945,,,,7.054168196,0.057846479,0.003338787,0.679009293,0.007848309,0.004395053,,,,
2023,8,2580216,0.78621078,0.598246529,0.002940123,0.000159161,2.787658689,0.00975691,0.000596699,0.229047371,0.006684327,0.003532885,,,,
2023,8,4373266,1.11770123,,,,5.031455417,0.032606808,0.002019949,0.424152152,0.008483043,0.004750504,,,,
2023,8,4259979,0.25923521,,,,1.159411915,0.004531104,0.00023837,0.118216304,0.002364326,0.001324023,,,,
2023,8,3914151,1.56275465,,,,6.542097838,0.040988184,0.00238,0.666277653,0.007701151,0.004312645,,,,
2023,8,4036416,1.69088414,,,,7.503525876,0.035804183,0.002068189,0.737705274,0.014754105,0.008262299,,,,
2023,8,3914397,1.26972437,,,,6.465593284,0.017427891,0.001157319,0.525483369,0.008412775,0.004711154,,,,
2023,8,3120303,1.56342697,,,,6.855782045,0.04986819,0.00307391,0.579820866,0.006701843,0.003753032,,,,
2023,8,4035426,0.55712939,,,,2.359549207,0.015825805,0.000711864,0.227673653,0.002631559,0.001473673,,,,
2023,8,4365395,0.61569333,,,,2.487069418,0.024646192,0.001257286,0.219367281,0.00253555,0.001419908,,,,
2023,8,2971281,1.72972539,,,,8.070876907,0.027966407,0.001739975,0.76204147,0.009768004,0.005470082,,,,
2023,8,3125107,0.48204184,,,,1.814535589,0.013514222,0.000542837,0.220517042,0.001920061,0.001075234,,,,
2023,8,3047876,1.33619936,,,,6.62336745,0.027809272,0.001846707,0.514568093,0.010291362,0.005763163,,,,
2023,8,4426844,1.99858578,,,,7.503608317,0.059100831,0.004138586,0.896677117,0.010364217,0.005803961,,,,
2023,8,4040612,0.54687981,,,,2.244285688,0.016023162,0.000924826,0.227335993,0.002627657,0.001471488,,,,
2023,8,4245131,2.02470668,,,,9.390852923,0.04680617,0.002701561,0.817256391,0.016345128,0.009153272,,,,
2023,8,17359,3.55115402,17.89696981,0.080796489,0.005446768,4.286310205,0.02197514,0.001538828,0.739235275,0.040034354,0.019033109,,,,
2023,8,3918003,1.07886422,,,,4.669708741,0.028778923,0.00171,0.441379274,0.00510167,0.002856935,,,,
2023,8,9614,0.54488477,,,,2.178913411,0.017286188,0.00092412,0.225295648,0.003536779,0.001980596,,,,
2023,8,3122154,0.97477172,,,,3.681700526,0.021902215,0.001170893,0.477392292,0.004156697,0.00232775,,,,
2023,8,4240023,2.39431573,,,,9.630592568,0.090063719,0.004308138,0.893552963,0.010328106,0.005783739,,,,
2023,8,4374045,1.7082689,,,,6.892741938,0.071533211,0.002873336,0.59152576,0.006837133,0.003828795,,,,
2023,8,3040569,0.53054128,,,,2.132065979,0.01131819,0.000605071,0.185992409,0.003719848,0.002083115,,,,
2023,8,4362523,2.49616608,,,,10.66194826,0.072305324,0.00506085,0.998640698,0.01154276,0.006463945,,,,
2023,8,4250764,2.98465249,,,,12.10066507,0.110218987,0.005272252,1.116844864,0.012909019,0.007229051,,,,
2023,8,2978109,2.74260638,,,,10.18440325,0.092360881,0.006467649,1.177598416,0.018775486,0.010514272,,,,
2023,8,3923392,0.58660078,,,,2.199868918,0.015068501,0.00056959,0.278584923,0.003220016,0.001803209,,,,
2023,8,2531358,1.04007096,,,,4.069211965,0.035927088,0.001879836,0.419125544,0.004844451,0.002712892,,,,
2023,8,3125232,0.14552263,1.132876913,0.005586238,0.00030474,,,,,0.002117276,0.000973947,,,,
2023,8,4373030,0.5285883,,,,2.207792256,0.015999325,0.000930411,0.212640238,0.002457796,0.001376366,,,,
2023,8,4039253,1.34056732,,,,5.735679397,0.036116107,0.00174427,0.553814397,0.006401248,0.003584699,,,,
2023,8,4429006,1.12383913,,,,4.983719647,0.029600725,0.001576445,0.454654175,0.009093083,0.005092127,,,,
2023,8,2508256,1.54785092,,,,6.042418125,0.059540605,0.003953863,0.585863235,0.006771683,0.003792143,,,,
2023,8,4372505,1.18885437,,,,4.894898415,0.03532776,0.001881449,0.489826716,0.005661648,0.003170523,,,,
2023,8,4047839,1.18486949,,,,5.435957412,0.029064062,0.001105591,0.475068936,0.009501379,0.005320772,,,,
2023,8,4383440,2.14562888,,,,8.352087114,0.075019945,0.003925317,0.863363122,0.009979158,0.005588328,,,,
2023,8,3046704,2.46986387,,,,7.944122755,0.083150959,0.005822717,1.17680041,0.010881611,0.006093702,,,,
2023,8,4036275,0.57747539,,,,2.3775885,0.017541529,0.00107,0.235301454,0.002719725,0.001523046,,,,
2023,9,3116406,24.48666514,,,,119.8729336,0.729251532,0.0341,8.169244147,0.103860318,0.058161778,,,,
2023,9,4241389,18.96656687,2.788358011,0.016339813,0.000771887,88.09898556,0.378782162,0.019731388,7.610055874,0.13296543,0.073735882,,,,
2023,9,4047646,20.01953679,,,,99.82383756,0.481559609,0.029810504,7.19886677,0.101216429,0.0566812,,,,
2023,9,4040715,21.04116153,34.48381655,0.690628877,0.019178286,,,,,0.629053944,0.299582688,268.6060546,1.245639327,0.077110154,0.943912189
2023,9,3918298,22.51807211,26.59852803,0.4531488,0.018211811,,,,,0.595367643,0.284506588,301.4685618,1.845589903,0.094995047,0.987448058
2023,9,16800,13.95926393,,,,67.71167946,0.30567863,0.018739369,5.391163453,0.068230348,0.038208995,,,,
2023,9,3929630,18.28354013,86.72587063,0.408798292,0.015373014,27.19389493,0.131352641,0.008734595,3.767021098,0.177935263,0.08463817,,,,
2023,9,2976212,22.93419701,,,,109.0836696,0.54673354,0.028141126,8.855572019,0.152183451,0.085222732,,,,
2023,9,4362628,22.89440272,1.917022396,0.011894063,0.000618709,96.29801334,0.722825427,0.026139217,8.792386934,0.167001731,0.092865291,,,,
2023,9,3054850,18.21248024,55.2425665,0.443468914,0.01538832,39.69215444,0.173083875,0.009534554,5.093247268,0.130718934,0.063425802,,,,
2023,9,3068267,18.34794149,61.02191421,0.403911129,0.017972775,38.49952256,0.230358868,0.010494922,4.734007002,0.213079209,0.103196282,,,,
2023,9,4430807,15.27874017,63.23911476,0.300657114,0.013517065,28.92847149,0.126132003,0.008173486,3.60887803,0.161996634,0.077645144,,,,
2023,9,3916148,15.87959772,54.88814348,0.374466461,0.017689671,32.2783535,0.140453635,0.007316462,4.173951657,0.159844725,0.07737724,,,,
2023,9,3043078,16.03578362,87.70770793,0.454910446,0.019859318,18.31873832,0.102389715,0.00403,2.18585905,0.15797819,0.07423483,,,,
2023,9,2577417,17.39458135,12.88689078,0.163838804,0.007739691,,,,,0.453213733,0.216861319,282.3229381,1.478716799,0.077028797,0.916339804
2023,9,4047650,14.70138264,,,,69.94030256,0.393925934,0.02166071,5.417847181,0.107324842,0.060101912,,,,
2023,9,3116385,15.204756,64.40233967,0.489698764,0.025473288,18.29304091,0.15875367,0.005740939,3.064430333,0.088705808,0.042347723,,,,
2023,9,15847,19.52653416,,,,84.86440154,0.51917794,0.018916216,7.960537233,0.067065442,0.037556648,,,,
2023,9,4427366,16.21434418,62.26963202,0.338718258,0.020545627,36.5863458,0.122331633,0.007491423,3.722144432,0.23054616,0.110915739,,,,
2023,9,16737,15.21943469,,,,72.90665696,0.446393648,0.026269294,5.27873877,0.073946657,0.041410128,,,,
2023,9,2576414,15.8922455,67.21898128,0.710644601,0.025461898,18.13106289,0.113183893,0.00529,2.540797539,0.203185059,0.096697607,,,,
2023,9,4361370,14.85329369,,,,76.7199011,0.357450345,0.019690624,5.104287135,0.097904354,0.054826438,,,,
2023,9,4697815,13.3141869,47.03125388,0.298146452,0.025238113,25.25369969,0.104738899,0.006163656,3.76000027,0.164510785,0.079384185,,,,
2023,9,4569618,16.06303329,0.61319369,0.003486497,0.00021148,76.09959425,0.537913348,0.032941081,5.184878881,0.098968898,0.055219288,,,,
2023,9,4372016,16.1993925,,,,77.18996817,0.462751953,0.021607815,5.774275556,0.103883234,0.058174611,,,,
2023,9,3915416,14.45629577,,,,70.23877177,0.297375691,0.019724247,5.710995215,0.093527917,0.052375633,,,,
2023,9,3139477,21.78894319,26.92197174,0.106336983,0.00557313,,,,,0.520363479,0.248812955,331.3993537,1.895029245,0.069045273,1.021358951
2023,9,2977187,16.62755369,,,,80.17050314,0.2865727,0.0209,6.989161526,0.127921738,0.071636173,,,,
2023,9,4242335,16.57108579,76.4379602,0.620100755,0.019449589,21.27003785,0.102466385,0.006825439,2.524387444,0.121492577,0.057632177,,,,
2023,9,4035687,14.21773087,,,,67.334214,0.341242733,0.022730687,5.506457404,0.105217592,0.058921852,,,,
2023,9,4567048,15.15240388,71.25713485,0.650287441,0.022557281,15.0104196,0.048190532,0.002649841,2.42257084,0.150213613,0.071085246,,,,
2023,9,4379399,12.75232429,59.87159181,0.362344149,0.01456242,18.56681213,0.084823773,0.00437,2.264301266,0.082995576,0.039439873,,,,
2023,9,4426515,15.1737315,,,,73.97898471,0.242996409,0.017698476,6.417085044,0.123106625,0.06893971,,,,
2023,9,4259545,14.46670297,57.31356812,0.443751675,0.012322677,22.28594359,0.119923716,0.007423767,3.221236671,0.145823176,0.069941054,,,,
2023,9,3916387,20.2833945,46.65809484,0.56240721,0.014875315,,,,,0.703118545,0.334487287,232.2139544,1.170882947,0.077563338,0.631695469
2023,9,15795,14.42146555,,,,63.7977006,0.510206868,0.020085637,5.048460056,0.098917008,0.055393524,,,,
2023,9,4241478,13.42525745,,,,64.36812697,0.302310307,0.018714241,5.233149292,0.087777558,0.049155433,,,,
2023,9,15818,17.64285421,,,,82.12932834,0.387671085,0.017661911,7.206892913,0.126485602,0.070831937,,,,
2023,9,4432577,16.17827163,11.19241845,0.14149978,0.005376734,,,,,0.45932732,0.219769788,242.0300456,1.412971031,0.075984612,0.429178981
2023,9,4047365,16.89481913,79.04217159,0.339677898,0.017240537,29.07112122,0.083571356,0.005123271,3.654896193,0.168021666,0.080031741,,,,
2023,9,3042519,13.60202409,57.96347098,0.239500915,0.015421121,25.02279715,0.158059703,0.009031362,3.028509316,0.170701206,0.081943358,,,,
2023,9,4361529,13.67078307,49.41933371,0.37133446,0.019461671,25.64654142,0.114851277,0.004184599,3.304863634,0.11188469,0.05401352,,,,
2023,9,4258173,14.21553959,,,,71.52549615,0.408520948,0.02196882,4.638993683,0.064984855,0.036391519,,,,
2023,9,4241479,19.17770206,7.486778894,0.124393446,0.00445693,,,,,0.669883147,0.320676895,304.9691242,1.953837786,0.09123282,0.949589165
2023,9,3116165,13.28441611,1.21495288,0.009219432,0.000780425,57.54468672,0.342616478,0.020162234,5.361553894,0.097605513,0.054288261,,,,
2023,9,3123076,10.43657726,,,,46.98735514,0.308351972,0.02846091,3.881691664,0.046529969,0.026056783,,,,
2023,9,4239993,12.52779558,,,,53.37399411,0.453270032,0.016391404,4.518188108,0.073332981,0.041066469,,,,
2023,9,16460,16.9075515,1.397439471,0.007112079,0.000404312,70.66552134,0.450225836,0.02039856,7.009050504,0.085949861,0.047848161,,,,
2023,9,2577327,12.98262045,,,,57.36766032,0.245961931,0.013524649,5.851830371,0.099486462,0.055712419,,,,
2023,9,4242355,8.52732675,,,,34.36990643,0.264304453,0.013768055,3.521486645,0.040703002,0.022793681,,,,
2023,9,2976499,12.46441578,,,,65.88193133,0.25137991,0.023202385,4.396889781,0.068901218,0.038584682,,,,
2023,9,4241457,10.64358328,48.18138513,0.233170106,0.014329968,15.05984214,0.116109006,0.006733113,2.292931734,0.120271189,0.057223009,,,,
2023,9,3121422,14.92959606,,,,74.41051085,0.292242206,0.014700071,5.805294814,0.091079659,0.051004609,,,,
2023,9,4361307,9.01726412,,,,39.28442078,0.201261377,0.016855732,3.902818902,0.050543381,0.028304293,,,,
2023,9,3121023,10.75237151,,,,49.66654516,0.173100097,0.010715602,4.790608277,0.059365242,0.033244536,,,,
2023,9,4429205,12.54856937,,,,60.52872275,0.31172033,0.013138738,4.701937025,0.09403874,0.052661695,,,,
2023,9,4429615,14.12924681,4.12348847,0.036003264,0.000952264,65.6775631,0.240997792,0.015964528,5.561692271,0.101367884,0.05553327,,,,
2023,9,4426354,13.80946238,0.734486825,0.004553718,0.000279859,72.03250181,0.330239197,0.019150434,4.579136667,0.086335504,0.048135614,,,,
2023,9,4258595,9.10765237,1.024505781,0.011476905,0.000500342,35.67308218,0.198747234,0.013182448,4.212283694,0.058326388,0.032321265,,,,
2023,9,3117256,10.75045959,,,,43.12469024,0.399661048,0.021492365,4.043831855,0.042785991,0.023960155,,,,
2023,9,4241474,9.38236345,46.355943,0.245560338,0.017767714,13.07131109,0.057626277,0.002898659,1.692399149,0.123281614,0.058232774,,,,
2023,9,4428331,10.69695305,,,,49.23638546,0.307678721,0.011210255,3.992139598,0.079842792,0.044711963,,,,
2023,9,3916433,12.3030846,3.016742138,0.012071085,0.000612675,53.17981625,0.251992139,0.015448164,5.17765677,0.102870781,0.056723517,,,,
2023,9,4036378,14.71528126,16.12309559,0.11734436,0.007555635,,,,,0.519998214,0.248626693,222.8195093,1.431311541,0.081783608,0.967143047
2023,9,4569987,10.28761846,29.84536317,0.151268737,0.009296544,25.76680006,0.093560728,0.005425548,3.332005872,0.108517924,0.053443353,,,,
2023,9,4385690,11.40594746,,,,45.73021284,0.344822303,0.017748478,4.789027702,0.055353839,0.03099815,,,,
2023,9,3932905,13.908615,0.703929532,0.002820117,0.000173316,68.97256674,0.295690001,0.017146941,5.231753196,0.106943509,0.059657521,,,,
2023,9,3051392,7.47687727,41.72087511,0.281784047,0.015942735,5.879389919,0.030744469,0.001710845,0.903780709,0.107106075,0.050117098,,,,
2023,9,4372019,11.02046882,55.66423574,0.290915397,0.013235551,14.87571778,0.064052709,0.00591,1.918195776,0.130207974,0.061630024,,,,
2023,9,4360248,8.60138081,,,,43.88517937,0.179314439,0.011619764,3.141532781,0.025417921,0.014234036,,,,
2023,9,4040761,11.04567758,60.08387682,0.372127518,0.014140168,11.07394848,0.039491493,0.002123714,1.547626856,0.131359678,0.061720819,,,,
2023,9,4248528,11.14055344,1.594625015,0.00962177,0.000619532,53.40537375,0.361310934,0.0206,3.436281349,0.059043895,0.032661539,,,,
2023,9,4569173,14.80952914,58.33416857,0.334845614,0.018944844,27.69804506,0.110459183,0.006146749,3.610741382,0.135387481,0.065010789,,,,
2023,9,4241416,9.91022468,50.61446262,0.23780109,0.013518663,13.51744283,0.055583357,0.002518337,1.794648785,0.098033057,0.046290664,,,,
2023,9,4036133,12.49784156,,,,55.40092309,0.207058523,0.008727335,5.776629886,0.071953969,0.040294223,,,,
2023,9,4243537,12.94643226,,,,59.96009402,0.469427784,0.024162093,4.173204607,0.080170211,0.044895318,,,,
2023,9,3051926,12.7372366,61.8794443,0.645325747,0.017068457,11.37287556,0.045498464,0.003013976,1.377619644,0.16571583,0.077549581,,,,
2023,9,4241372,12.54969435,,,,63.94659689,0.279838795,0.023436627,4.516615221,0.079998734,0.044799291,,,,
2023,9,16731,9.90206588,3.984899259,0.026188369,0.00123713,43.48470158,0.226555519,0.011801651,3.68183469,0.065149603,0.035495892,,,,
2023,9,4048244,10.48251578,50.32045534,0.230066839,0.009440152,15.35063865,0.079331057,0.00334,2.13705293,0.112389939,0.053282112,,,,
2023,9,4035676,12.6939921,66.81439355,0.488290531,0.015315334,11.62135843,0.062115159,0.004137583,1.595830361,0.094884479,0.044627717,,,,
2023,9,15864,13.95285955,13.79786367,0.07920175,0.002747364,,,,,0.50280846,0.24061684,239.5229961,1.159737341,0.063770197,0.893533984
2023,9,4362249,7.66499671,0.757550048,0.003491992,0.000224844,35.11647983,0.23365302,0.013350683,2.688625921,0.056290025,0.031270663,,,,
2023,9,3052587,15.99396844,12.59969575,0.055916372,0.004733324,,,,,0.549361165,0.262664219,249.8996357,1.520593005,0.089483587,0.678741098
2023,9,4430878,7.47422499,,,,34.65711427,0.142287364,0.007823921,3.209338728,0.064186775,0.035944594,,,,
2023,9,4361050,0.97906876,,,,4.114229297,0.027643348,0.001831191,0.40322024,0.00466061,0.002609941,,,,
2023,9,4038941,17.97323909,14.4275594,0.203890388,0.009072481,,,,,0.408724783,0.195392401,258.6709431,1.626711761,0.074111376,0.666463431
2023,9,4239934,8.6192081,45.51665417,0.235544986,0.015166404,10.74372723,0.040760533,0.00233,1.39403505,0.102287229,0.048195508,,,,
2023,9,16733,8.13463417,,,,38.89034702,0.221855758,0.014696493,2.918991616,0.031014002,0.017367841,,,,
2023,9,4361777,2.65888871,14.44347608,0.060746675,0.003083231,3.293958016,0.011858197,0.000726957,0.471003497,0.031653905,0.014970903,,,,
2023,9,3116365,12.15005773,,,,52.09136552,0.392560761,0.026004583,4.599606602,0.060406388,0.033827577,,,,
2023,9,2468609,6.73328622,21.11941108,0.314427612,0.010910602,9.058963805,0.083268704,0.004586967,0.950896229,0.078236299,0.03740945,7.517138147,0.041334921,0.002293603,0.025239025
2023,9,4045163,7.03125973,36.27182952,0.159356881,0.009059218,10.84039779,0.020950033,0.000949191,1.335061109,0.126892671,0.060115207,,,,
2023,9,4361409,11.33441489,,,,55.03349547,0.258022162,0.012978769,4.332835805,0.069366942,0.038845488,,,,
2023,9,4426875,16.51417754,15.98187872,0.105882632,0.007661222,,,,,0.541080594,0.25885727,273.8658006,1.370928948,0.068959078,0.903730001
2023,9,4360294,6.39700434,10.03163673,0.054163247,0.003919025,18.94398333,0.094400921,0.004748459,2.589944655,0.062672078,0.031989267,,,,
2023,9,4426385,5.72759013,19.8323123,0.141138103,0.004895822,10.32720408,0.04599482,0.002529106,1.623801814,0.052574996,0.025598357,,,,
2023,9,3045144,8.85547148,,,,32.0529353,0.247276725,0.008942159,4.228572934,0.073099693,0.040935828,,,,
2023,9,4428557,7.91688679,20.6597646,0.091479535,0.00399358,20.00992552,0.128706025,0.005066852,2.558605714,0.049636608,0.02461508,,,,
2023,9,4361432,8.9511016,,,,41.26190529,0.270122788,0.015434527,3.244266862,0.064885337,0.036335789,,,,
2023,9,4688813,11.47687552,,,,53.5361899,0.298095505,0.019856586,4.391013018,0.08782026,0.049179346,,,,
2023,9,3059915,8.18295606,39.74124223,0.343660078,0.015635235,8.536219707,0.036661844,0.003383891,1.093918241,0.06413993,0.030185081,,,,
2023,9,3121409,8.06625285,,,,39.4413999,0.201397187,0.0108,2.951217812,0.054032208,0.030258036,,,,
2023,9,3915511,18.22451244,10.46082112,0.127968721,0.006656713,,,,,0.459043018,0.219759459,246.3672859,2.038123014,0.073703744,0.664943743
2023,9,2976316,10.86406369,,,,47.85812332,0.288041523,0.015867148,4.39114532,0.066638748,0.037317699,,,,
2023,9,4366031,11.0227454,6.494679249,0.044486805,0.001690418,49.42102144,0.245972232,0.013227521,3.675426219,0.096142826,0.051576553,,,,
2023,9,2573401,6.70986209,,,,29.29710432,0.111547698,0.0081245,3.125871864,0.028581601,0.016005697,,,,
2023,9,3918639,7.48786001,1.021538818,0.013571185,0.000603875,28.96638617,0.230390007,0.01049634,3.051542886,0.044910885,0.024815478,,,,
2023,9,16813,9.48693285,,,,38.42546453,0.308892076,0.015537576,3.807223887,0.043218842,0.024202551,,,,
2023,9,4373626,7.10562822,44.61474507,0.237432535,0.010674589,4.800447659,0.01898932,0.001230528,0.650113228,0.053466938,0.024877821,,,,
2023,9,4372414,9.01890999,4.851284365,0.029812139,0.00135634,44.59286387,0.115457856,0.010656769,3.17537183,0.076493736,0.041159483,,,,
2023,9,4360635,8.31741756,,,,35.38695669,0.26602756,0.010472876,3.193908132,0.029533356,0.016538679,,,,
2023,9,4427095,10.4516598,3.324905687,0.015831297,0.000895701,45.05416564,0.297785981,0.01657097,3.703987425,0.084856448,0.046441941,,,,
2023,9,4032473,8.49810446,5.096464553,0.034516767,0.001197728,37.16015029,0.185962842,0.010244009,2.819051738,0.073489037,0.03944306,,,,
2023,9,16782,8.31522046,13.12263079,0.105413309,0.00552472,26.39053571,0.163681305,0.005963718,2.771485752,0.045698816,0.023166252,,,,
2023,9,4429025,8.39719884,,,,38.84052064,0.244542883,0.011141131,3.091218508,0.06182437,0.034621647,,,,
2023,9,4372485,8.63534462,18.56420094,0.052364742,0.00372423,29.7130064,0.093338244,0.007817121,3.022857673,0.112652843,0.057755204,,,,
2023,9,3125116,8.06194337,44.26738148,0.18111692,0.007895894,9.623005893,0.041836093,0.002774892,1.431532181,0.128174829,0.060535599,,,,
2023,9,3122840,15.38931176,27.2709264,0.171780366,0.007815358,,,,,0.623807617,0.297670412,230.2119839,1.021737241,0.094306425,0.64461707
2023,9,16757,14.52297662,5.109719076,0.047608469,0.001652008,,,,,0.498321191,0.238721505,244.8825065,1.346549548,0.074159846,0.571232626
2023,9,3116593,2.79886373,14.31448823,0.084054726,0.005098506,3.557224054,0.011370244,0.000696298,0.472206823,0.048668115,0.022968874,,,,
2023,9,3115394,7.60580075,,,,39.65459597,0.19945882,0.00903696,2.454026966,0.026073797,0.014601327,,,,
2023,9,4036348,8.56625949,,,,41.62936296,0.230682697,0.012016642,3.041795687,0.042610675,0.023861978,,,,
2023,9,4567156,6.95395734,1.762258162,0.007707161,0.00033646,32.5674238,0.209422392,0.008244464,2.255177365,0.050476823,0.027729693,,,,
2023,9,3916566,8.93705945,,,,43.30879092,0.18117449,0.00764,3.58220481,0.071644096,0.040120694,,,,
2023,9,3120348,7.84935354,,,,32.86124439,0.175166286,0.009747521,3.57083914,0.071416783,0.039993398,,,,
2023,9,4426386,9.54762958,40.57429484,0.190915748,0.008323079,15.65486714,0.065358856,0.004335103,2.458537378,0.103524617,0.049761994,,,,
2023,9,4430191,5.77772419,2.040535231,0.014275273,0.000748168,26.31687426,0.146435783,0.005335379,2.015531133,0.046907825,0.025608662,,,,
2023,9,4040655,6.04574343,0.763345134,0.00386502,0.000168498,28.81904431,0.100472908,0.006664137,2.491683667,0.040486098,0.022470009,,,,
2023,9,4240021,7.04529429,31.40155556,0.150936062,0.006193241,11.91596307,0.062858594,0.00265,1.47555813,0.067566335,0.032126063,,,,
2023,9,4243331,7.32446909,,,,29.72675316,0.226596167,0.013334691,2.995841495,0.027701878,0.015513052,,,,
2023,9,3929645,5.7627812,,,,24.34642591,0.196792798,0.010840591,2.14741571,0.019856674,0.011119737,,,,
2023,9,2980453,3.61896747,17.575726,0.153349549,0.005321212,3.423658289,0.010268603,0.00056566,0.560859169,0.038621443,0.018166394,,,,
2023,9,3122976,7.17447702,24.73950075,0.259034675,0.009281031,12.11971186,0.085622743,0.004,1.446742851,0.056313516,0.027090831,,,,
2023,9,4572680,0.51042881,,,,2.065945031,0.01659363,0.000948142,0.204967242,0.002369108,0.0013267,,,,
2023,9,3917792,13.88548165,46.50176997,0.182702614,0.006870601,,,,,0.661225152,0.314696171,178.4704659,0.768053937,0.051073508,0.787950645
2023,9,3046439,5.95724584,,,,24.41425832,0.194320496,0.0108134,2.352441087,0.022101837,0.012377029,,,,
2023,9,3915486,6.94219082,,,,32.25928226,0.138295473,0.008469026,2.918030544,0.044329324,0.024824421,,,,
2023,9,4038524,14.21296865,10.75028218,0.159442516,0.005000948,,,,,0.632087178,0.302591464,224.433199,1.25906225,0.083868013,0.710763311
2023,9,4038441,6.16103068,16.74030744,0.16236566,0.004294469,12.6085375,0.051611391,0.003418917,1.996936915,0.073076201,0.036005904,,,,
2023,9,4361418,14.97314117,16.21546681,0.109475389,0.004779197,,,,,0.489923105,0.234021585,208.6717036,1.534659124,0.060415899,0.733034754
2023,9,4360797,7.20991169,7.554489295,0.052590294,0.002229872,29.70421087,0.115274219,0.008395918,2.530750528,0.073109227,0.038539755,,,,
2023,9,3054212,6.9455827,,,,29.23938219,0.213674928,0.01384636,2.750876762,0.035639795,0.019958285,,,,
2023,9,4371733,6.50165677,20.52889827,0.197060925,0.005472246,12.65965714,0.048870621,0.003025291,1.786139911,0.101475055,0.049299517,,,,
2023,9,15920,7.13540591,30.21139729,0.307855548,0.012372552,8.047753611,0.044884052,0.002310244,1.202655927,0.042218828,0.020042152,,,,
2023,9,4240703,15.43484357,13.7737619,0.145885497,0.008965706,,,,,0.403476683,0.19283566,246.0573683,1.245716807,0.072238602,0.715212427
2023,9,4426485,8.45458914,,,,41.85786539,0.177079347,0.008023004,3.261618774,0.065232375,0.03653013,,,,
2023,9,4240600,3.1263253,2.680159152,0.023921011,0.001253702,11.871512,0.068133872,0.002482453,1.144960776,0.032522226,0.017231098,,,,
2023,9,3128390,7.2181109,,,,34.2197725,0.19653148,0.01203532,2.63321571,0.036887125,0.02065679,,,,
2023,9,4569587,7.00762687,3.558162209,0.016651116,0.000626172,30.50963835,0.041611888,0.002767078,3.310618269,0.062145269,0.033886989,,,,
2023,9,3122672,7.47621751,44.58317874,0.28060251,0.01189778,5.11350741,0.017009748,0.001238893,0.767961454,0.080902045,0.037747726,,,,
2023,9,4685720,14.70193987,10.6182866,0.064227328,0.003651235,,,,,0.59816001,0.28641098,242.3749916,1.338226287,0.060631548,0.682340588
2023,9,3910544,3.80058128,21.50530184,0.120661242,0.005369046,3.474775976,0.013528886,0.000616363,0.523452109,0.041686962,0.0195441,,,,
2023,9,4428085,7.019823,,,,29.77890385,0.184857399,0.010562554,2.948938558,0.034085221,0.019087724,,,,
2023,9,4039359,11.14696861,49.29555785,0.347012534,0.014713621,15.06390142,0.113838043,0.008291316,1.943526955,0.047295449,0.022432805,,,,
2023,9,4038815,6.65008198,22.97902293,0.182628664,0.008627317,12.65503998,0.053401879,0.002781792,1.7083162,0.064533799,0.031172993,,,,
2023,9,3051738,7.4926226,,,,40.80102229,0.203375025,0.007409956,2.22046081,0.039329021,0.022024251,,,,
2023,9,3916945,6.57318737,,,,33.2148298,0.13208899,0.00878356,2.496198163,0.049923963,0.027957419,,,,
2023,9,3052096,1.02939546,,,,4.398846492,0.024032601,0.001012953,0.448964567,0.005189344,0.002906033,,,,
2023,9,4249836,2.84783673,13.59704349,0.092422486,0.004204874,3.583387873,0.013673561,0.001262071,0.431712058,0.029637232,0.014009022,,,,
2023,9,4429086,5.5665708,,,,25.22649043,0.130319079,0.007989101,2.274781228,0.026292993,0.014724076,,,,
2023,9,4037235,2.32067349,,,,9.533596418,0.046359282,0.003882611,0.97328997,0.019465799,0.010900848,,,,
2023,9,4428850,3.44725806,0.763497657,0.00351811,0.000226526,15.0709253,0.096904893,0.005537042,1.279994599,0.028117398,0.015493992,,,,
2023,9,4360939,5.28666464,,,,26.61524864,0.077414551,0.005128208,2.195146572,0.040920107,0.02291526,,,,
2023,9,4373678,7.95914649,,,,37.33869717,0.204033993,0.01050191,2.96715792,0.059343158,0.033232169,,,,
2023,9,3116164,4.93008964,,,,20.25054418,0.167277154,0.009308513,1.902288881,0.017861791,0.010002603,,,,
2023,9,3121410,0.80538957,,,,3.056292684,0.009272779,0.000616615,0.373244874,0.007464897,0.004180343,,,,
2023,9,4361259,14.69661194,15.90726415,0.118733826,0.007202036,,,,,0.556118104,0.26598648,230.4456462,1.277805458,0.078251066,0.79459918
2023,9,4046692,2.55708884,,,,12.18561467,0.089525139,0.004180301,0.810400864,0.015896719,0.008902163,,,,
2023,9,3135321,3.15728779,,,,13.58304778,0.040851087,0.002504341,1.583504308,0.031670086,0.017735248,,,,
2023,9,4373632,12.48967277,14.79675555,0.110208924,0.004522116,,,,,0.573428237,0.274178461,228.7512275,1.027393795,0.043303746,1.236647703
2023,9,3049916,3.19035576,10.22961546,0.04305836,0.001619226,7.059940351,0.021077918,0.001401624,1.114457545,0.045783119,0.022561367,,,,
2023,9,4692590,6.06155396,,,,28.19819999,0.122161519,0.00812341,2.548254936,0.050965099,0.028540455,,,,
2023,9,4260394,11.68292491,12.85856844,0.112968868,0.005733797,,,,,0.757889307,0.36257572,213.1164332,0.91500299,0.056093482,0.941948773
2023,9,2565969,13.51614533,20.96011972,0.128269918,0.005766811,,,,,0.501165115,0.239330094,207.6425759,1.057468355,0.068525059,0.784123078
2023,9,3930066,7.64745741,,,,38.81080374,0.182714601,0.011840098,2.694761962,0.044216718,0.024761362,,,,
2023,9,4360078,5.45091249,,,,27.45603402,0.119582774,0.007965587,2.014756483,0.039202869,0.021953607,,,,
2023,9,4599739,2.27418924,8.809939505,0.063068195,0.002188459,3.8621071,0.019563838,0.0010777,0.527428048,0.024453815,0.011707991,,,,
2023,9,4040980,6.79157161,,,,23.53970779,0.26726629,0.009665033,2.866914932,0.047769564,0.026750956,,,,
2023,9,3924365,4.25727988,,,,17.45680488,0.116418241,0.005274607,1.831063795,0.026083094,0.014606532,,,,
2023,9,15807,1.9342291,10.03514853,0.064466557,0.002898314,1.635811699,0.007614597,0.000493,0.215609194,0.021566634,0.010090952,,,,
2023,9,4241464,13.44596926,7.634691663,0.035310613,0.001997798,,,,,0.409297163,0.195873951,222.230776,1.415973421,0.078795021,0.931563022
2023,9,3912092,4.68288188,,,,17.04731823,0.218157064,0.00993902,1.666178426,0.01540678,0.008627797,,,,
2023,9,3118892,4.87793347,,,,24.5171117,0.122950077,0.004479678,1.716842369,0.034089189,0.019089946,,,,
2023,9,4036131,4.44277979,,,,18.61914359,0.077925591,0.004284876,2.126489147,0.019885723,0.011136005,,,,
2023,9,13982,2.31900079,,,,10.2059212,0.066877418,0.004139985,0.904019833,0.013858607,0.00776082,,,,
2023,9,4362619,1.04518194,8.072659901,0.041252277,0.002984841,,,,,0.017421299,0.008013798,,,,
2023,9,4036335,3.38716824,,,,15.31345451,0.101980557,0.004761897,1.248927351,0.013269731,0.00743105,,,,
2023,9,4362087,9.43576811,52.1754398,0.227334648,0.016168254,10.72543172,0.047432734,0.003972513,1.544607155,0.095861064,0.045172012,,,,
2023,9,3115255,6.23189271,3.878677475,0.014817955,0.000608014,27.05160515,0.097410117,0.004105751,2.431381779,0.062851021,0.033774233,,,,
2023,9,4035004,4.19691235,1.125983558,0.01039538,0.000544823,17.99338094,0.100305217,0.003654614,1.453294137,0.032364484,0.017794251,,,,
2023,9,3931391,1.82002806,,,,6.671944163,0.058676514,0.002121893,0.728694815,0.014573896,0.008161382,,,,
2023,9,16799,3.96173368,,,,16.7418784,0.103019587,0.005974063,1.683265628,0.023579849,0.013204716,,,,
2023,9,4240472,4.19898736,,,,18.1155926,0.109100151,0.003975057,1.742497666,0.016112487,0.009022993,,,,
2023,9,3123075,4.68756564,,,,19.1460335,0.141991336,0.006630167,1.789821631,0.035796433,0.020046002,,,,
2023,9,4426407,6.05200974,,,,27.2050014,0.1745098,0.010269522,2.314533302,0.046290666,0.025922773,,,,
2023,9,4242540,4.77201611,,,,19.08133073,0.128245637,0.008527988,2.12380446,0.042476089,0.02378661,,,,
2023,9,4362921,4.68195215,,,,21.40199189,0.14772511,0.008220495,1.675613039,0.033512261,0.018766866,,,,
2023,9,4243315,4.71961743,13.15300803,0.126850529,0.004544966,10.21798767,0.052583407,0.002455338,1.317379769,0.026698109,0.013084068,,,,
2023,9,2576336,1.92826703,1.099312823,0.004448345,0.000225778,7.167577777,0.029762822,0.00182,0.901526867,0.008855343,0.004770726,,,,
2023,9,3119195,4.02148736,19.36723354,0.089102955,0.00754257,5.656410084,0.034171154,0.002010898,0.800487099,0.043464094,0.020630846,,,,
2023,9,4567096,2.5037347,,,,11.9557577,0.064937752,0.00349,0.931935779,0.018638716,0.010437681,,,,
2023,9,4243389,3.25725856,5.411968594,0.025903865,0.001591977,12.40794382,0.047617724,0.002761332,0.979587976,0.038059322,0.019466464,,,,
2023,9,4240657,3.17831357,7.685856603,0.042865382,0.002600085,8.758812942,0.031598948,0.001935077,1.103500838,0.02641505,0.013103263,,,,
2023,9,4369863,2.84901387,,,,13.84315626,0.065187053,0.00601677,1.085279649,0.021705593,0.012155132,,,,
2023,9,4434153,12.13660049,16.38555712,0.193764893,0.00844729,,,,,0.603025438,0.288179979,208.3237124,0.90349266,0.059926593,1.093875762
2023,9,4361516,5.26098868,,,,20.93360809,0.124030036,0.008247662,2.437766407,0.028176853,0.015779038,,,,
2023,9,3052897,3.82281052,,,,14.18036127,0.125282694,0.005849971,1.656030974,0.01339883,0.007503345,,,,
2023,9,4035222,2.14362923,7.512818288,0.04981279,0.002591176,3.513123924,0.019102635,0.0006908,0.578646435,0.021946667,0.01067388,,,,
2023,9,4240631,0.53393292,,,,1.51433006,0.005261046,0.000289288,0.287617643,0.003249295,0.001819605,,,,
2023,9,4362019,0.2751808,,,,1.200478391,0.008071918,0.000444652,0.108178224,0.002163564,0.001211596,,,,
2023,9,2971618,3.18685723,,,,15.45328396,0.081851233,0.005422109,1.165056487,0.02330113,0.013048633,,,,
2023,9,4427278,2.7639084,5.259917099,0.027723344,0.001681614,8.863011108,0.046654508,0.002857059,0.767010815,0.032738241,0.016593612,,,,
2023,9,4039160,6.12836882,,,,25.42094429,0.195287717,0.013008406,2.421999837,0.030605861,0.017139282,,,,
2023,9,4426891,1.17789244,5.056582199,0.030150874,0.001341619,1.798533128,0.009010438,0.000410507,0.265999116,0.013011213,0.006216766,,,,
2023,9,3929785,3.39509554,,,,14.37620004,0.134855283,0.00531,1.161039017,0.02131962,0.011938987,,,,
2023,9,4241961,7.21790798,,,,30.29230636,0.227056786,0.013166929,2.835850235,0.032778093,0.018355732,,,,
2023,9,3043275,2.2547113,,,,9.540824567,0.043910245,0.00269188,1.040994343,0.008422612,0.004716663,,,,
2023,9,3139033,6.16891026,31.78876402,0.262077172,0.009958455,5.417975651,0.026698692,0.001435762,0.679350739,0.070693626,0.033116738,,,,
2023,9,4259308,2.9842965,6.858387933,0.042895096,0.002438527,7.91744523,0.030275425,0.001371701,1.019714078,0.023464095,0.011681358,,,,
2023,9,2991662,3.57963905,,,,16.62934109,0.096455454,0.006250415,1.349970274,0.022402219,0.012545243,,,,
2023,9,14053,3.45285451,,,,14.87429945,0.095906988,0.005873213,1.409055047,0.028181101,0.015781417,,,,
2023,9,3676833,1.52820507,1.433897661,0.010907413,0.000515263,5.556432713,0.028883858,0.001504608,0.471220333,0.013811578,0.007295767,,,,
2023,9,4360405,2.81728925,0.677202206,0.006214332,0.000215564,11.89512376,0.062559175,0.003439926,1.167617892,0.025559548,0.014092628,,,,
2023,9,4372096,2.55280418,,,,10.79701153,0.079449205,0.00413864,1.000780713,0.011567495,0.006477797,,,,
2023,9,3921690,2.05511388,,,,8.976268184,0.055153792,0.002324684,0.832437451,0.009621704,0.005388154,,,,
2023,9,4430802,1.11059581,,,,4.783528978,0.032423779,0.001880242,0.439494825,0.005079888,0.002844737,,,,
2023,9,4362630,4.11848012,,,,19.43853985,0.09862669,0.004468518,1.592432329,0.016919438,0.009474885,,,,
2023,9,4249417,1.75763047,,,,8.353789595,0.038141745,0.00199,0.704837398,0.014096748,0.007894179,,,,
2023,9,4040774,1.93472724,2.4963591,0.032118923,0.00146129,6.031681746,0.050859985,0.00469438,0.588258821,0.016635604,0.008479826,,,,
2023,9,4411193,1.56556173,1.333107598,0.010002027,0.000401976,5.877408805,0.030112196,0.001549916,0.530346205,0.014961403,0.007942938,,,,
2023,9,4362477,6.30133169,6.424985225,0.026418559,0.001175543,24.11199442,0.150405197,0.006852312,2.071930136,0.061091804,0.03224609,,,,
2023,9,4374187,3.678295,2.58328081,0.015222876,0.001288617,14.50643072,0.08170466,0.004808141,1.281777994,0.03410525,0.018251971,,,,
2023,9,3917612,0.79893974,5.707157146,0.039256248,0.003323043,,,,,0.015621465,0.007185874,,,,
2023,9,4046676,6.2820872,33.82528207,0.151253275,0.010757275,7.268331403,0.035020906,0.00293,1.079262967,0.056220806,0.026519377,,,,
2023,9,4428718,0.9152504,,,,4.341917726,0.017059435,0.001045814,0.385031702,0.007700634,0.004312355,,,,
2023,9,4372780,3.51501747,,,,13.92216947,0.142235932,0.00644434,1.272582245,0.014709105,0.008237099,,,,
2023,9,4361372,1.52666739,,,,6.529634378,0.043477649,0.002662512,0.615290473,0.007111817,0.003982618,,,,
2023,9,4046530,0.54884139,,,,1.852942128,0.011775127,0.000425819,0.294852361,0.002567306,0.001437691,,,,
2023,9,2975674,2.02715898,,,,7.928101443,0.035263267,0.002338932,1.027179914,0.008310841,0.004654071,,,,
2023,9,4034862,0.54238618,,,,2.203764073,0.015219663,0.000942159,0.231736619,0.002678521,0.001499972,,,,
2023,9,4368003,1.18863685,,,,4.422564436,0.04336531,0.001568201,0.493853461,0.009877069,0.005531159,,,,
2023,9,3917914,1.58671573,,,,7.392258888,0.037777896,0.002338606,0.627762107,0.010622373,0.005948529,,,,
2023,9,2983509,2.5905976,14.82073225,0.116657514,0.004432773,1.674684429,0.007560787,0.000406593,0.21771836,0.03498257,0.016287484,,,,
2023,9,3127292,1.11662299,,,,4.376443384,0.020903429,0.001149412,0.559548321,0.007579348,0.004244435,,,,
2023,9,3128724,0.66673302,1.780395194,0.014271715,0.000447635,0.983401878,0.006132591,0.000408501,0.108438243,0.00773647,0.003763721,,,,
2023,9,3917668,1.11337193,,,,4.050261913,0.027570793,0.001287395,0.54449389,0.003792765,0.002123949,,,,
2023,9,4241802,7.06124189,,,,32.78626246,0.23071177,0.012838475,2.425726348,0.048514527,0.027168135,,,,
2023,9,4689334,0.91655675,,,,4.180483103,0.024247506,0.001385477,0.358084546,0.007161691,0.004010547,,,,
2023,9,4565908,4.40258025,3.281972721,0.012809269,0.000558427,18.30354409,0.069057303,0.004580412,1.791088577,0.046300834,0.024880561,,,,
2023,9,4039050,0.67851434,,,,2.128195814,0.010792123,0.000714908,0.214551471,0.004096461,0.002294018,,,,
2023,9,4036431,4.28876884,9.997545779,0.04789466,0.002087995,11.03779668,0.042164782,0.002796693,1.662449948,0.028003662,0.014039693,,,,
2023,9,3122168,2.48141927,,,,11.58414939,0.073757802,0.003796415,0.888419107,0.014223229,0.007965008,,,,
2023,9,4012556,0.47928284,,,,1.819469192,0.008654293,0.000364771,0.247239945,0.002340292,0.001310564,,,,
2023,9,2574576,2.12046456,,,,8.697669492,0.053725187,0.003290057,0.929995243,0.007524526,0.004213735,,,,
2023,9,2576716,7.07554023,,,,31.86510499,0.133686453,0.00672456,3.06877389,0.056331091,0.031545411,,,,
2023,9,4367175,3.19414953,,,,14.18507273,0.088029171,0.0034655,1.188724247,0.023774485,0.013313712,,,,
2023,9,2514206,1.36242441,,,,5.64599581,0.039339877,0.001433346,0.56607418,0.006542952,0.003664053,,,,
2023,9,4242557,3.97360955,,,,15.81525445,0.116727518,0.006418468,1.700375244,0.019653738,0.011006093,,,,
2023,9,2998565,1.65070914,,,,7.089883537,0.058151197,0.003873538,0.595380166,0.009430931,0.005281321,,,,
2023,9,15839,4.41537159,5.581254017,0.033187945,0.001509926,19.39456349,0.072784711,0.006718034,1.307417088,0.04140031,0.021505551,,,,
2023,9,3128452,1.51808992,,,,6.485106649,0.043327639,0.004,0.611320009,0.008876062,0.004970595,,,,
2023,9,4360175,11.26181041,14.81143485,0.088834313,0.00631798,,,,,0.517662056,0.247563738,197.301294,0.98658486,0.082626932,1.143586251
2023,9,3843945,1.82490151,,,,7.945377908,0.059661198,0.003286516,0.676199989,0.009488116,0.005313345,,,,
2023,9,3127310,1.18191699,,,,4.182427921,0.037174456,0.001344323,0.545377956,0.006802272,0.003809272,,,,
2023,9,2975417,0.90963977,,,,3.262307953,0.020657527,0.001368426,0.462118941,0.00493052,0.002761091,,,,
2023,9,4035693,1.35631909,3.445329044,0.013664597,0.000595716,4.070203328,0.013244281,0.000878,0.386732993,0.009675951,0.004861838,,,,
2023,9,4035656,0.43040072,,,,1.990604539,0.005303502,0.000386,0.202289251,0.003238569,0.001813599,,,,
2023,9,4361577,4.51221716,2.066536664,0.010117823,0.000732083,21.4873448,0.108262073,0.005445689,1.472908895,0.036733879,0.019843402,,,,
2023,9,4722908,2.0647918,,,,8.634313929,0.070579727,0.004701421,0.778317299,0.008996158,0.005037849,,,,
2023,9,2576581,0.48879824,,,,2.100527889,0.0162294,0.000638913,0.183805907,0.0033965,0.00190204,,,,
2023,9,3045260,1.99854408,9.474229375,0.037270126,0.002650686,3.00229306,0.017212722,0.001441573,0.444134235,0.030533979,0.014564004,,,,
2023,9,4048228,3.00608226,,,,12.7492455,0.077037991,0.003875087,1.277325187,0.014763926,0.008267799,,,,
2023,9,4383396,0.13378421,0.89918702,0.007477634,0.000353241,,,,,0.001909975,0.000878588,,,,
2023,9,4259979,0.25368488,,,,1.132304091,0.005718827,0.000315029,0.107870812,0.002157416,0.001208153,,,,
2023,9,3914151,1.0052328,,,,4.093636363,0.028310372,0.001617624,0.428183931,0.004949152,0.002771525,,,,
2023,9,4036416,1.76507861,,,,7.879340057,0.040758789,0.002050207,0.744781565,0.014895631,0.008341554,,,,
2023,9,3914397,2.94903826,,,,14.43162,0.045974233,0.002979179,1.243116665,0.017414069,0.009751879,,,,
2023,9,4043016,0.17412285,0.701401165,0.004637326,0.00016086,,,,,0.002207191,0.001015308,,,,
2023,9,4035426,1.6512395,,,,7.104208844,0.047372606,0.00215,0.660633607,0.007635914,0.004276112,,,,
2023,9,4365395,0.64644766,,,,2.561734207,0.02409374,0.001125037,0.246578805,0.002850074,0.001596041,,,,
2023,9,2971281,2.68571479,,,,11.88487418,0.061782971,0.00344,1.135412972,0.014414128,0.008071911,,,,
2023,9,3125107,0.841482,2.38177412,0.021974205,0.00083498,1.811034584,0.012268703,0.000659768,0.220254305,0.006844746,0.00334036,,,,
2023,9,3047876,4.00559976,,,,19.66374776,0.081510296,0.005281953,1.574023425,0.031480469,0.017629062,,,,
2023,9,4244049,1.32573175,,,,5.279764261,0.04699446,0.002418869,0.517492214,0.005981419,0.003349595,,,,
2023,9,4426844,1.89590327,,,,7.842199413,0.055520322,0.004649852,0.779110048,0.009005321,0.00504298,,,,
2023,9,3918003,0.50872018,,,,2.161466518,0.011256301,0.000819845,0.226256022,0.002615174,0.001464497,,,,
2023,9,9614,0.49883771,,,,1.923063475,0.013779366,0.000913954,0.225905571,0.003546354,0.001985958,,,,
2023,9,3122154,0.89703878,,,,3.146627472,0.018579551,0.001232339,0.472937508,0.004117909,0.002306029,,,,
2023,9,3040569,0.58229823,0.761037837,0.003594361,0.000156698,1.905604652,0.007613328,0.000504975,0.187209349,0.006363953,0.003301837,,,,
2023,9,4250764,0.58494297,,,,2.339442188,0.019637329,0.000894657,0.234347805,0.002708702,0.001516873,,,,
2023,9,2978109,4.48410827,,,,19.25233018,0.147948338,0.012390741,1.675617483,0.026715842,0.014960871,,,,
2023,9,3923392,0.59403112,,,,2.166591882,0.018636828,0.000673955,0.26758548,0.003092879,0.001732012,,,,
2023,9,3722362,10.79981091,5.57485112,0.064198984,0.00272209,,,,,0.750276793,0.359481927,237.4802829,0.90379862,0.065827551,1.347604663
2023,9,4360086,1.53726789,,,,5.974871282,0.06044816,0.002379701,0.579659376,0.006699976,0.003751987,,,,
2023,9,3125232,0.06162215,0.442111265,0.002982538,0.000180912,,,,,0.000946788,0.000435523,,,,
2023,9,4373030,0.51113614,,,,2.079332375,0.016490764,0.000942265,0.204964757,0.002369079,0.001326684,,,,
2023,9,4039253,0.48744173,,,,1.954286712,0.018344551,0.000722182,0.18281218,0.002113029,0.001183296,,,,
2023,9,4429006,2.73200057,,,,12.24786709,0.074113538,0.00436142,1.077374171,0.021547483,0.012066591,,,,
2023,9,3917849,2.20558964,,,,9.22273092,0.058212529,0.003870976,0.938158138,0.010843674,0.006072457,,,,
2023,9,2508256,2.57330517,,,,9.617770869,0.105088484,0.006809844,0.97976219,0.011324553,0.00634175,,,,
2023,9,4372505,1.16397382,,,,4.852129849,0.035748661,0.002103731,0.465951174,0.005385683,0.003015983,,,,
2023,9,3046704,1.87005786,,,,6.733087719,0.06265214,0.005247145,0.818620108,0.007569598,0.004238975,,,,
2023,9,4360739,4.56882028,,,,21.46312141,0.123010004,0.005604214,1.710652302,0.034213046,0.019159306,,,,
2023,9,2975863,1.29971878,,,,6.584037077,0.006462188,0.000347514,0.609551865,0.007045488,0.003945473,,,,
2023,9,4036275,1.23384542,,,,5.099354201,0.038061647,0.001982694,0.497868074,0.005754594,0.003222573,,,,
2023,9,3128317,0.2279831,,,,1.086821195,0.005408461,0.000360266,0.088055627,0.001761113,0.000986223,,,,
2023,10,4241389,18.52930188,3.597555946,0.015412578,0.000966259,83.54566323,0.481654658,0.024863475,6.940807654,0.148147378,0.081901286,,,,
2023,10,3918298,24.90830946,36.95006762,0.603937575,0.025220214,,,,,0.556917651,0.265750794,282.6910431,2.082320827,0.118532822,0.908976133
2023,10,4374302,19.05231811,0.792449156,0.007773214,0.000232615,92.44334389,0.296001371,0.01749194,7.999114438,0.117802478,0.065790126,,,,
2023,10,16800,13.45934318,,,,65.34563381,0.261758226,0.018301382,5.390213909,0.066373415,0.037169113,,,,
2023,10,3929630,16.67762998,70.06260698,0.275846087,0.014387984,32.56171343,0.118420779,0.00903131,4.153260493,0.161755661,0.077387171,,,,
2023,10,4239996,17.91682369,69.03113829,0.689335473,0.026136782,28.12522973,0.120934698,0.007493981,3.411114686,0.149525675,0.071379175,,,,
2023,10,2976212,20.8271729,,,,95.22893711,0.620028134,0.035294121,7.654752723,0.129141593,0.072319292,,,,
2023,10,4362628,21.23238884,1.888114299,0.012985017,0.000675204,90.15194855,0.748700698,0.027064737,7.558018167,0.143276539,0.079504892,,,,
2023,10,3054850,16.95435877,48.4597513,0.294118331,0.010807056,41.54051301,0.148039572,0.007928204,5.375568906,0.117193441,0.057375252,,,,
2023,10,3068267,18.912485,57.96448304,0.510703184,0.021223838,41.52253209,0.224192407,0.010504721,4.678237093,0.198677526,0.096264136,,,,
2023,10,4430807,14.43568933,59.22125595,0.305322736,0.012956886,28.38528855,0.117962119,0.007741414,3.279495568,0.198778743,0.095408209,,,,
2023,10,3916148,15.81727521,74.84824354,0.354838604,0.022245855,24.26649766,0.126754106,0.006543169,3.120816665,0.17524994,0.083387942,,,,
2023,10,3043078,16.0847054,78.27514014,0.565853175,0.020828897,20.43930452,0.102170389,0.004371262,2.291672293,0.14960399,0.070450533,,,,
2023,10,2577417,18.12981709,16.37097065,0.138796453,0.00870155,,,,,0.436801248,0.208799803,256.5732176,1.767588469,0.091244612,0.733576996
2023,10,4047650,14.55342887,,,,69.13154261,0.510686145,0.027078019,4.622048696,0.091486607,0.0512325,,,,
2023,10,4429795,12.67183244,28.18647984,0.258961658,0.007749472,33.15300864,0.127741308,0.00754876,4.233189956,0.047487774,0.023687314,,,,
2023,10,3116385,15.51406286,54.73405482,0.497221667,0.025854876,23.80237949,0.194326302,0.00702469,3.531287026,0.092175129,0.044175274,,,,
2023,10,4430027,12.89559236,,,,56.60542893,0.355901695,0.021031697,5.122320844,0.059206198,0.033155471,,,,
2023,10,4427366,15.7189429,77.20867516,0.251671506,0.016214151,28.08520638,0.07966516,0.005360757,3.367442681,0.22495322,0.107498876,,,,
2023,10,16737,13.80052503,,,,63.39624147,0.473053558,0.025980644,4.641728186,0.065023161,0.03641297,,,,
2023,10,3126486,14.59749683,12.84266965,0.130762021,0.003369422,67.34154039,0.29758065,0.016467714,4.102841912,0.131029364,0.068479191,,,,
2023,10,4361370,14.37544175,,,,75.36077786,0.271346919,0.014531882,5.268200193,0.078622773,0.044028753,,,,
2023,10,4697815,15.30021555,62.27088326,0.401868961,0.031205305,24.33080118,0.123932746,0.006806528,3.571894459,0.174603114,0.083644632,,,,
2023,10,4569618,13.5510056,,,,65.50198581,0.334431882,0.022504292,5.059878418,0.101197568,0.056670638,,,,
2023,10,3915416,12.4226409,,,,59.61170591,0.343482007,0.022432416,4.438924304,0.076090061,0.042610434,,,,
2023,10,3040151,10.81208203,,,,51.20860698,0.258012716,0.014278078,4.167895462,0.048741593,0.027295292,,,,
2023,10,4242335,17.15272783,76.068523,0.650997613,0.020757141,22.74635374,0.109043279,0.007218698,2.784524372,0.14062878,0.066597625,,,,
2023,10,4035687,14.38904684,,,,67.52115169,0.309431667,0.020484471,5.857370227,0.107899551,0.060423749,,,,
2023,10,4567048,15.75010147,71.66709574,0.744879686,0.027211284,16.41053922,0.058924052,0.003124319,2.19940295,0.153255131,0.072301303,,,,
2023,10,4379399,14.49540395,75.93115055,0.423323222,0.017677824,17.65076901,0.09042304,0.00515,2.092668694,0.09095364,0.042994962,,,,
2023,10,3051876,12.42270592,,,,54.04704508,0.198290872,0.012287525,5.917641889,0.104204252,0.058354381,,,,
2023,10,3916387,19.60740879,51.26170354,0.500697624,0.01301175,,,,,0.719384806,0.342112834,210.3070788,1.155372793,0.077724446,0.536494179
2023,10,4360438,15.29196244,,,,81.01749364,0.313317044,0.017338545,5.378633225,0.094181698,0.052741751,,,,
2023,10,3117251,20.20745551,70.54765399,0.749810922,0.019320817,33.39460204,0.199437447,0.011036601,4.245512872,0.201960237,0.096911009,,,,
2023,10,15795,14.99471466,,,,70.85781292,0.490975437,0.021005914,5.028411215,0.098155622,0.054967148,,,,
2023,10,3925357,13.36840188,3.791066794,0.039479322,0.001496894,56.22835831,0.466105094,0.028883215,4.361757566,0.083988042,0.045892453,,,,
2023,10,15818,18.84951216,,,,87.66410365,0.407248928,0.019081986,7.745852907,0.132048799,0.073947327,,,,
2023,10,4035538,13.82370039,61.80156841,0.812784048,0.024322703,11.73046421,0.047347156,0.002797938,1.420677019,0.181578722,0.0850012,,,,
2023,10,4432577,18.7984817,10.69181552,0.139474537,0.008966636,,,,,0.526917889,0.252236096,280.1022224,1.684196491,0.119971425,0.407872933
2023,10,4047365,16.24354224,73.08594037,0.453705169,0.017838379,24.70010681,0.07355526,0.005142772,3.408948606,0.166253723,0.07896398,,,,
2023,10,3042519,14.90137676,60.08190644,0.242172553,0.014461669,30.59987463,0.161350005,0.00967827,3.588626058,0.239708165,0.115571318,,,,
2023,10,3045147,13.49326047,69.68184769,0.404590005,0.02898061,14.64091658,0.080382835,0.007045087,2.198381546,0.130059027,0.061358968,,,,
2023,10,3116165,13.53272396,,,,57.99539203,0.4396161,0.02414422,5.145660021,0.090032414,0.050418152,,,,
2023,10,3123076,10.85450354,,,,46.52909857,0.281739828,0.024366552,4.52120549,0.053749891,0.030099939,,,,
2023,10,16460,15.1698887,,,,64.61239502,0.362793489,0.01644999,6.584165664,0.077888734,0.043617691,,,,
2023,10,2577327,13.52140082,,,,60.93908844,0.353465746,0.01874175,5.368903802,0.091156963,0.051047899,,,,
2023,10,4242355,9.94313104,,,,39.0385525,0.370790722,0.0191,3.814910154,0.035275623,0.019754349,,,,
2023,10,2976499,12.12371779,,,,62.68313171,0.184637749,0.015968581,4.797743669,0.075073841,0.042041351,,,,
2023,10,4241457,12.01137212,51.35567155,0.309444115,0.017244259,16.26640498,0.138356226,0.00812464,2.628939495,0.126625124,0.060328435,,,,
2023,10,3121422,14.03750579,,,,69.17816014,0.302834511,0.015194435,5.364192657,0.084034655,0.047059407,,,,
2023,10,4361307,10.15015118,,,,42.79472697,0.275542728,0.024149714,4.228104288,0.053931791,0.030201803,,,,
2023,10,4361741,16.11675645,10.3968538,0.220248785,0.005675279,,,,,0.561478156,0.2684736,268.0173965,1.244223971,0.068853685,0.784472056
2023,10,4429205,12.20331401,,,,51.22428401,0.364852321,0.016865882,4.966671357,0.099333427,0.055626719,,,,
2023,10,4429615,11.20861632,3.17255736,0.02517785,0.000654303,49.97139304,0.196964169,0.013250209,4.622419997,0.082879609,0.045524927,,,,
2023,10,4361579,13.39948824,59.46285488,0.263504574,0.019864799,21.30637843,0.121938781,0.006390591,3.058288157,0.108445637,0.051878081,,,,
2023,10,4426354,11.85262743,0.800864272,0.005601506,0.000312153,58.02714547,0.340903637,0.020018754,3.931059989,0.07443356,0.041447105,,,,
2023,10,4258595,10.45382137,1.265960669,0.014635026,0.000635863,40.3769173,0.311759252,0.020360639,4.353957995,0.059948804,0.033183548,,,,
2023,10,4360310,17.29843545,25.00934642,0.170445926,0.006462612,,,,,0.636857774,0.304190787,244.6890104,1.391526909,0.086228989,0.586322212
2023,10,3128429,12.45423245,,,,52.88102965,0.47000887,0.024632315,4.388441462,0.08378913,0.046921913,,,,
2023,10,3117256,13.32570826,,,,55.24010591,0.509079625,0.036263588,4.735160118,0.05529051,0.030962686,,,,
2023,10,4241474,9.71282736,52.39624998,0.298001578,0.02150773,10.78045876,0.0490056,0.00245881,1.405894533,0.154003246,0.0723911,,,,
2023,10,3916433,10.70240145,1.543794698,0.009538228,0.000375016,46.90319525,0.203756475,0.014246066,4.644849873,0.088774714,0.0492519,,,,
2023,10,4036378,13.96917232,15.85388495,0.105883556,0.006322983,,,,,0.569534136,0.272358473,232.8998461,1.157790414,0.069447834,0.910278847
2023,10,4569987,10.34778983,36.52113834,0.195155658,0.010875355,21.19974515,0.089355558,0.005247192,2.942920453,0.112718849,0.054753679,,,,
2023,10,4385690,12.25530339,,,,48.28855828,0.40362816,0.022975895,5.022211792,0.05804909,0.03250749,,,,
2023,10,3932905,13.36738271,0.76683296,0.003474542,0.000193624,62.07112178,0.344560364,0.020233487,5.067662436,0.103924138,0.057940428,,,,
2023,10,3051392,7.37002578,34.40253584,0.229012939,0.012464769,9.032962051,0.03775418,0.002154272,1.483108335,0.093740378,0.044472572,,,,
2023,10,4372019,11.41531282,51.69531991,0.216613892,0.010325873,17.84299255,0.068839244,0.00595,2.82975127,0.121895044,0.058378129,,,,
2023,10,4360248,8.87633967,,,,46.15946417,0.186244192,0.012222511,3.146322556,0.025456675,0.014255738,,,,
2023,10,4040761,12.0660292,67.90462425,0.42625419,0.027403326,10.98303975,0.039647237,0.002824216,1.450033377,0.141257149,0.06618311,,,,
2023,10,4248528,10.13159833,1.553033158,0.008820459,0.000526726,50.80985016,0.276843419,0.016605921,3.206677541,0.055224544,0.030537051,,,,
2023,10,4569173,13.80014348,51.43492572,0.295889359,0.016104734,27.40436285,0.088401228,0.005044217,3.682783546,0.122078175,0.058916172,,,,
2023,10,3917315,15.53799782,25.00488161,0.165142693,0.011829101,,,,,0.50624893,0.241731184,209.6471999,1.304088801,0.114295783,0.668878552
2023,10,4426502,11.88492877,,,,56.60458364,0.291176154,0.019108804,4.538463453,0.090769269,0.050830791,,,,
2023,10,4241416,9.73043279,50.30177873,0.179935774,0.011310886,14.57635765,0.050054685,0.002269608,1.97003003,0.146470007,0.069189311,,,,
2023,10,4036133,11.42504449,,,,45.31136962,0.254381604,0.011759196,5.414872383,0.064716852,0.036241437,,,,
2023,10,3046779,16.16450313,3.932855508,0.145316451,0.00434862,,,,,0.497587459,0.23838115,284.8959424,1.312608402,0.077567436,0.72358112
2023,10,4243537,11.84046604,,,,53.0464855,0.505872255,0.028795978,3.516879149,0.067561735,0.037834571,,,,
2023,10,3051926,12.24682044,63.71285504,0.62923872,0.016352178,8.547938263,0.037594514,0.002529065,1.117951345,0.149791147,0.069963065,,,,
2023,10,4241372,13.63980774,,,,66.10159862,0.381871724,0.033468831,4.763515372,0.084156699,0.047127751,,,,
2023,10,16731,7.96506142,3.436711136,0.016465859,0.001032292,33.51689667,0.233582818,0.012057769,2.796307659,0.050006075,0.027199603,,,,
2023,10,4048244,13.19410243,63.61458795,0.284543473,0.012804924,17.6193913,0.123884098,0.00572674,2.708185115,0.135661702,0.064345681,,,,
2023,10,4035676,8.63299367,44.18316744,0.340751262,0.010864897,8.141082662,0.042706277,0.002827169,1.138270215,0.07210792,0.03386646,,,,
2023,10,15864,15.8418976,13.30597831,0.085611706,0.003127491,,,,,0.492168555,0.235471611,248.8192317,1.530936156,0.081174549,0.894782607
2023,10,4241463,11.78778075,,,,57.98846685,0.313220035,0.016415296,4.167943187,0.083358864,0.046680964,,,,
2023,10,3895856,13.1040342,,,,58.99051763,0.30380556,0.018825972,5.447590753,0.094271092,0.052791812,,,,
2023,10,4362249,6.6374884,0.767768782,0.003111008,0.000185778,31.49246802,0.161365836,0.00967922,2.46086877,0.051645256,0.028678555,,,,
2023,10,3052587,17.13102664,14.53216161,0.058585121,0.004549161,,,,,0.507334036,0.242495672,238.5223062,1.804337843,0.099096303,0.583811726
2023,10,4430878,8.69957528,,,,40.65250604,0.215336423,0.011417744,3.393695428,0.067873909,0.038009389,,,,
2023,10,4242431,4.41166944,19.4163918,0.098506563,0.004432957,6.546681017,0.031013974,0.001433671,0.993095334,0.047749645,0.022829534,,,,
2023,10,4361050,1.41227458,,,,5.663907147,0.041064305,0.002762485,0.601577172,0.006953312,0.003893855,,,,
2023,10,4038941,18.87231273,13.4990822,0.225698556,0.009379596,,,,,0.448825065,0.214645213,272.905576,1.69629484,0.079481301,0.646720299
2023,10,4239934,7.66341659,38.2802796,0.18484646,0.011038362,11.25936635,0.034510053,0.002070019,1.44770227,0.087544903,0.041458056,,,,
2023,10,14881,16.20443005,24.76285689,0.073547323,0.005544506,,,,,0.550494825,0.263097343,217.2776047,1.541964808,0.080811588,0.616570249
2023,10,16733,7.81921718,,,,35.3092337,0.233069855,0.015679117,2.892122382,0.030728519,0.01720797,,,,
2023,10,4361777,2.50932892,12.71156275,0.071115508,0.002796057,2.983577752,0.010950549,0.000765631,0.468563104,0.030719551,0.014538976,,,,
2023,10,3116365,12.5584653,,,,51.47274993,0.397188407,0.02671973,5.046412834,0.065648596,0.036763214,,,,
2023,10,2468609,9.75335427,31.28039301,0.344148742,0.012645369,16.26173172,0.140134278,0.007504839,1.765245636,0.112037399,0.053941015,7.679569923,0.035455331,0.001905966,0.029997197
2023,10,4045163,7.61126202,37.26823902,0.124682749,0.007837643,14.00225365,0.020166154,0.000914385,1.725092495,0.137824721,0.065556608,,,,
2023,10,4361409,10.94376565,,,,52.04464084,0.284849766,0.014292067,4.072927457,0.065205915,0.036515312,,,,
2023,10,4426875,17.37792482,17.79076544,0.112918787,0.008149711,,,,,0.522466653,0.249952737,272.0373555,1.547875035,0.077663165,0.918589541
2023,10,4360294,7.43033452,13.18231196,0.071603838,0.005167879,21.36685521,0.106444669,0.005340761,2.920672241,0.098507115,0.0501305,,,,
2023,10,4426385,6.93687091,27.24862777,0.219260533,0.008009831,11.30297987,0.053281607,0.002825141,1.486804558,0.066506578,0.0318876,,,,
2023,10,3121427,11.11228875,1.866431967,0.01528043,0.001102838,44.7884933,0.268805312,0.0135,4.800891155,0.081334767,0.044981532,,,,
2023,10,3045144,11.68981075,,,,45.16918596,0.355983389,0.012868423,5.107666746,0.08816051,0.049369886,,,,
2023,10,4428557,8.97380877,21.06349916,0.129992418,0.004784984,23.88088955,0.14027523,0.006001541,2.888499824,0.054035648,0.026868432,,,,
2023,10,4361432,8.04238661,,,,38.49053601,0.194280914,0.0117,3.071427501,0.06142855,0.034399988,,,,
2023,10,4688813,8.57205027,,,,39.3893293,0.212682843,0.014079669,3.403300886,0.068066018,0.03811697,,,,
2023,10,3059915,7.18792484,37.96575687,0.284208754,0.013548086,6.000039892,0.024649543,0.002131841,0.963236555,0.0617847,0.029016513,,,,
2023,10,3121409,11.06453702,,,,56.07040188,0.295452448,0.021,3.716593225,0.067493822,0.03779654,,,,
2023,10,3915511,19.1866028,9.239404746,0.12987147,0.006753146,,,,,0.439711953,0.21039786,252.9585032,2.189273353,0.079139914,0.577285216
2023,10,2976316,9.76257689,,,,44.29543857,0.207895711,0.011133777,4.131965383,0.062705508,0.035115085,,,,
2023,10,4366031,14.04964721,10.16671704,0.073257904,0.004709655,63.80448441,0.341744739,0.024343717,4.142616126,0.117966649,0.062549891,,,,
2023,10,3918639,7.78157591,0.906524772,0.014917811,0.000619955,30.63709742,0.236200121,0.011067353,3.151579625,0.050394637,0.02789007,,,,
2023,10,16813,8.94638281,,,,35.82205955,0.302504263,0.015177865,3.562753601,0.04019648,0.022510029,,,,
2023,10,4373626,9.04809813,52.49881681,0.34111824,0.014475929,7.150666093,0.026321134,0.001727358,0.90035629,0.059829697,0.027913635,,,,
2023,10,4372414,8.25712222,4.156256293,0.02133164,0.001016868,39.32383088,0.069467249,0.006007945,3.348039651,0.077216944,0.041791611,,,,
2023,10,4360635,8.22568662,,,,36.44695714,0.239041899,0.010227179,3.158224961,0.029203402,0.016353905,,,,
2023,10,4427095,10.89677292,5.744905322,0.026776765,0.001457412,46.54935409,0.235927568,0.013462141,4.083832415,0.100703622,0.054491331,,,,
2023,10,4032473,7.09292913,3.196585973,0.017084825,0.000627763,32.26904695,0.127355467,0.006820474,2.548481272,0.061417832,0.033349165,,,,
2023,10,3116389,5.9065238,7.619287171,0.038233023,0.00288227,18.5990726,0.105544071,0.005531374,2.437644816,0.032100994,0.016646421,,,,
2023,10,4429025,7.98844942,,,,36.99665447,0.23179996,0.010861179,2.940576778,0.058811536,0.03293446,,,,
2023,10,4372485,7.83113405,13.57314148,0.047025364,0.003368407,27.412969,0.13146828,0.011522428,2.728691406,0.096565504,0.049730967,,,,
2023,10,3125116,12.23440399,83.37294271,0.338406582,0.014703098,7.536338542,0.03918723,0.002559273,1.012626134,0.187168619,0.08709094,,,,
2023,10,3122840,13.32764738,26.03021397,0.129317594,0.006164504,,,,,0.636010576,0.303740796,215.3861975,0.807277034,0.069818166,0.728559684
2023,10,16757,13.83135851,5.87770377,0.041364101,0.001519879,,,,,0.515400215,0.246870417,249.2726368,1.150851391,0.061626244,0.61253946
2023,10,3116593,3.24722694,16.69180536,0.060846612,0.003920095,4.656557328,0.012278459,0.000826231,0.712290334,0.051951965,0.02475837,,,,
2023,10,4036348,7.41871076,,,,34.38492345,0.249331165,0.012870714,2.496738333,0.034975296,0.019586166,,,,
2023,10,3120348,7.43969989,,,,31.05330375,0.116161168,0.006628212,3.705186253,0.074103725,0.041498086,,,,
2023,10,4426386,7.35368833,26.27147108,0.128780611,0.005595263,14.82107093,0.073390354,0.00479304,2.074901857,0.067881361,0.033032061,,,,
2023,10,4040655,6.59781908,,,,32.20690588,0.151859123,0.009917745,2.488048562,0.038325262,0.021462147,,,,
2023,10,3044720,15.15470888,29.65896819,0.223134645,0.010041426,,,,,0.850141594,0.405853711,197.4878528,1.263753509,0.058419026,0.726088721
2023,10,4243331,8.44449592,,,,33.16669472,0.3114439,0.017104856,3.26765371,0.039046761,0.021866186,,,,
2023,10,3929645,7.07794098,,,,29.93135441,0.218364007,0.011694402,2.779338611,0.025699924,0.014391958,,,,
2023,10,2980453,5.22125551,19.75839347,0.132340685,0.004862714,8.941788977,0.020477464,0.001096663,1.46706337,0.047635748,0.022956876,,,,
2023,10,4572680,0.25613369,,,,1.085274046,0.006952327,0.000417022,0.106403264,0.001229859,0.000688721,,,,
2023,10,3046439,6.66901212,,,,27.40409401,0.190515464,0.010870904,2.792391927,0.026173037,0.014656901,,,,
2023,10,3915486,6.53248064,,,,28.69869467,0.111733917,0.007518699,3.026647937,0.045242553,0.02533583,,,,
2023,10,4241555,3.74681494,16.83450785,0.125017821,0.003221407,4.877253822,0.025109814,0.001389543,0.69398797,0.030761892,0.014573453,,,,
2023,10,4596334,2.5850932,14.32904186,0.123848928,0.003218492,1.48717987,0.008327619,0.000560217,0.230939105,0.030976752,0.014450387,,,,
2023,10,4038524,13.174238,8.427785687,0.139165028,0.004437294,,,,,0.607205822,0.290704053,218.128415,1.149123494,0.076072325,0.710396224
2023,10,4038441,5.67437787,18.23762057,0.155115732,0.00403103,9.951516524,0.047462908,0.003192933,1.687438642,0.065059022,0.031805125,,,,
2023,10,4361418,15.27063709,12.54934296,0.133987295,0.004932035,,,,,0.40437951,0.193354882,226.7101766,1.489003625,0.063705594,0.786944017
2023,10,3054212,8.32793381,,,,37.31019887,0.253713874,0.016650295,3.084515972,0.039490971,0.022114944,,,,
2023,10,15920,7.67830275,35.09176274,0.333737173,0.013936743,7.78605449,0.048858204,0.002781176,1.100885869,0.042786814,0.020250471,,,,
2023,10,4360569,0.51895837,3.381031659,0.030725395,0.000791719,,,,,0.005685442,0.002615303,,,,
2023,10,4240703,14.69674359,11.4516126,0.139872133,0.007794594,,,,,0.370893426,0.177302225,217.1335,1.355830033,0.07961789,0.613155558
2023,10,4426485,7.79762668,,,,40.18120476,0.12143742,0.005506285,3.107846881,0.062156938,0.034807885,,,,
2023,10,4426388,6.56758632,,,,33.60335336,0.150755575,0.008908768,2.335990178,0.046719804,0.02616309,,,,
2023,10,4722893,6.1595871,17.81073099,0.10547626,0.007951531,13.72705871,0.083999748,0.004402275,1.882739298,0.040145565,0.019778414,,,,
2023,10,3128390,6.31881628,,,,30.07747756,0.121052153,0.00815,2.608414059,0.036539694,0.020462229,,,,
2023,10,4569587,7.39028058,2.788121671,0.010896611,0.000568361,34.77599644,0.040898004,0.003119069,3.38195379,0.061996557,0.033932787,,,,
2023,10,4685720,12.57227283,11.19128243,0.042340427,0.002661548,,,,,0.538798504,0.257957316,227.2923813,1.041532734,0.047225774,0.828402089
2023,10,3910544,3.79180394,20.04598257,0.136685035,0.005680366,3.698111545,0.013525971,0.000633771,0.539497662,0.039441397,0.018520723,,,,
2023,10,4428085,7.60975834,,,,34.10233103,0.155280301,0.009314191,3.290814242,0.038036782,0.021300598,,,,
2023,10,15880,10.12187761,,,,49.15958604,0.281618049,0.020060675,3.539944046,0.0583899,0.032698344,,,,
2023,10,3115306,5.44003268,,,,24.44934538,0.182724201,0.010797926,1.917568138,0.036954515,0.020694529,,,,
2023,10,4038815,5.96757063,29.3648416,0.165288664,0.010362423,7.564570967,0.039906947,0.002060035,1.002434097,0.067018541,0.031701357,,,,
2023,10,4240391,11.13468974,16.09900598,0.11955486,0.006235917,,,,,0.561259221,0.268278992,218.0876177,0.654644357,0.049926173,1.062604176
2023,10,4360761,6.6150392,,,,29.1983497,0.18790431,0.016468718,2.591523051,0.051830461,0.029025058,,,,
2023,10,3916945,8.29146019,,,,46.52975499,0.113678096,0.008669612,3.004624821,0.059939227,0.033565967,,,,
2023,10,3052096,2.08683759,,,,7.960654241,0.059814346,0.002765014,0.938215521,0.010844337,0.006072829,,,,
2023,10,4249836,1.85355815,6.954886472,0.039338743,0.001875258,3.056839586,0.01093752,0.000945942,0.480572108,0.014130055,0.006834576,,,,
2023,10,4429086,4.85634492,,,,21.29772356,0.109337497,0.007644563,2.081569381,0.02405976,0.013473465,,,,
2023,10,4428850,4.93932556,0.743905569,0.003222869,0.000192458,23.11375443,0.104402343,0.006262374,1.939490868,0.041217698,0.022839123,,,,
2023,10,4360939,5.93642491,,,,29.28076711,0.085743422,0.005768147,2.533725187,0.046978406,0.026307907,,,,
2023,10,3050481,3.09839078,,,,12.48270658,0.106719471,0.003857796,1.217477141,0.014072174,0.007880418,,,,
2023,10,4373678,8.39388012,,,,38.35763634,0.254360255,0.014479055,2.99059885,0.059811977,0.033494707,,,,
2023,10,3116164,4.47549926,,,,18.68628984,0.128533501,0.007334184,1.83989394,0.017275925,0.009674518,,,,
2023,10,3121410,1.7093504,,,,7.599122431,0.01315465,0.001003234,0.808375391,0.016167508,0.009053804,,,,
2023,10,4361259,11.97049746,17.02987915,0.077248329,0.004976789,,,,,0.629748423,0.301240245,203.3820456,0.849754734,0.057180937,0.634368074
2023,10,3135321,2.17152264,,,,9.258057162,0.023229226,0.001624121,1.127759945,0.022555199,0.012630911,,,,
2023,10,4429013,2.35562984,10.8202094,0.130025732,0.004930044,1.837450329,0.010240939,0.000634602,0.259163538,0.024145298,0.011332493,,,,
2023,10,4686472,4.32081712,2.556515925,0.014833499,0.001118252,16.75236437,0.128697562,0.006744807,1.38953228,0.036414214,0.019529603,,,,
2023,10,3049916,3.86588246,14.44964349,0.05265811,0.002746619,8.286094097,0.01805423,0.001376898,1.220961457,0.064839561,0.031441916,,,,
2023,10,4692590,7.37125006,,,,37.85141167,0.125128174,0.009542847,2.879230927,0.057584619,0.032247386,,,,
2023,10,4260394,11.10005439,10.41044798,0.123961,0.004873789,,,,,0.653503291,0.312716445,202.599198,0.808990872,0.056562313,0.769703567
2023,10,2565969,15.37052009,22.80504989,0.151889728,0.006445697,,,,,0.408865497,0.195286183,231.668842,1.152200217,0.075614601,0.740613023
2023,10,3930066,4.76324247,,,,24.72083771,0.117300419,0.0077,1.600647789,0.026233572,0.0146908,,,,
2023,10,4360078,5.7124343,,,,29.22306198,0.112815424,0.00747,2.143913463,0.041715989,0.023360954,,,,
2023,10,3139602,1.11158667,4.178582394,0.036834502,0.001396614,1.721919166,0.007230857,0.000448,0.263796718,0.011020624,0.005316291,,,,
2023,10,4040980,7.01785008,,,,24.87181545,0.299539515,0.010828036,2.761371276,0.045353488,0.025397954,,,,
2023,10,3924365,5.59532293,,,,24.31057855,0.127637019,0.005787391,2.424472931,0.034384603,0.019255378,,,,
2023,10,15807,2.14611424,7.669093541,0.05602699,0.0023776,3.714518666,0.016141965,0.001059337,0.450817344,0.015869126,0.007618781,,,,
2023,10,4241464,12.56779602,7.307648618,0.032238167,0.001754666,,,,,0.43824649,0.209789532,228.1635711,1.161621058,0.066282659,0.928750251
2023,10,3912092,5.48406424,,,,20.51904645,0.251298458,0.011774798,1.920237377,0.017756007,0.009943364,,,,
2023,10,3932430,5.71545973,,,,28.08456499,0.173227773,0.008116731,1.89040684,0.035665808,0.019972853,,,,
2023,10,4036131,3.92264095,,,,17.03872246,0.091056659,0.004828081,1.679953159,0.015709971,0.008797584,,,,
2023,10,4362619,0.3085598,2.357794454,0.012527098,0.000904121,,,,,0.00468921,0.002157037,,,,
2023,10,4362087,5.77570561,27.46119804,0.148333489,0.010625065,7.965889021,0.040976883,0.003591385,1.120671785,0.056409529,0.026729006,,,,
2023,10,3115255,6.2396416,4.170756002,0.016261078,0.000731775,22.63091573,0.148772545,0.00688,2.532562968,0.06562093,0.035250754,,,,
2023,10,3931391,8.74207324,,,,36.15044882,0.304393778,0.011003513,3.266328298,0.065326566,0.036582877,,,,
2023,10,16799,3.7745206,,,,14.81447346,0.11833897,0.006949174,1.59355379,0.022323131,0.012500953,,,,
2023,10,4426407,7.20760677,,,,31.73618051,0.244085643,0.013405463,2.599519165,0.051990383,0.029114615,,,,
2023,10,4242540,4.24886325,,,,18.88139803,0.089447057,0.006821642,1.850879523,0.03701759,0.020729851,,,,
2023,10,4362921,3.07504895,,,,14.25701403,0.077846995,0.004441987,1.199617027,0.023992341,0.013435711,,,,
2023,10,2576336,2.56175122,3.152036824,0.017063412,0.000670884,8.214648689,0.033933014,0.00237,1.127780688,0.014572098,0.00757147,,,,
2023,10,3119195,3.43083607,15.42737091,0.066026101,0.005126956,5.312741439,0.036772444,0.002019585,0.755881498,0.032382224,0.015496508,,,,
2023,10,4567096,3.55207067,,,,17.43995486,0.100076723,0.007128828,1.220044179,0.024400884,0.013664495,,,,
2023,10,4243389,3.19325026,5.869481008,0.031504673,0.001755647,11.20973704,0.053056323,0.003115606,0.923011051,0.039027336,0.019798597,,,,
2023,10,4240657,2.72448134,6.014580617,0.020665169,0.001331371,7.458760988,0.021776327,0.001465353,1.137918731,0.021328562,0.010788388,,,,
2023,10,4369863,4.19588228,,,,19.72468179,0.072804957,0.00629661,1.813657058,0.036273141,0.020312959,,,,
2023,10,4434153,14.12588998,26.88696783,0.268112507,0.011648959,,,,,0.65780287,0.313718713,195.0574534,1.119152372,0.073090558,1.004885537
2023,10,3886598,3.4794129,,,,17.91937752,0.071674499,0.003966371,1.277438027,0.025548761,0.014307306,,,,
2023,10,4361516,5.79424633,,,,25.08916408,0.10478876,0.00799167,2.674419688,0.030912203,0.017310834,,,,
2023,10,2973405,5.51669181,2.328920919,0.018013593,0.00053906,24.77813709,0.096059621,0.005676559,2.073630495,0.04888889,0.02663615,,,,
2023,10,4035222,2.84284249,12.06815808,0.08967963,0.004663223,3.777753469,0.020650934,0.000746509,0.555161578,0.035493561,0.016874662,,,,
2023,10,2971618,2.51712051,,,,11.77510284,0.066050705,0.004443375,0.955313671,0.019106273,0.010699513,,,,
2023,10,3061612,4.61293891,2.907496282,0.024333146,0.000922613,16.83109908,0.117667313,0.007291511,1.607119419,0.041283838,0.022204804,,,,
2023,10,4427278,3.81102453,4.433465539,0.015134157,0.000975031,13.84503681,0.048842282,0.003286651,1.374967331,0.04095536,0.0215894,,,,
2023,10,4039160,5.98047056,,,,25.1127807,0.183459325,0.0121,2.377087461,0.030038321,0.01682146,,,,
2023,10,3929785,5.10051757,,,,22.64973558,0.185162883,0.00792,1.743688036,0.031970826,0.017903663,,,,
2023,10,4241961,5.72056876,,,,22.82411723,0.19416675,0.01140198,2.279161428,0.026343622,0.014752428,,,,
2023,10,3043275,2.15634444,,,,8.877078896,0.038086375,0.00266289,1.044030154,0.008447175,0.004730418,,,,
2023,10,3139033,6.24121006,27.22045299,0.230044795,0.01478928,8.503639216,0.041335097,0.002944449,0.98388068,0.061445263,0.029128032,,,,
2023,10,4259308,1.840915,2.787442453,0.013267452,0.000834001,5.669079198,0.019159239,0.000868729,0.747020852,0.012894763,0.006582029,,,,
2023,10,16002,1.85892492,2.110414064,0.024670774,0.000635706,5.331149571,0.047714575,0.002640461,0.683998262,0.010044071,0.005179667,,,,
2023,10,3911853,4.80244765,,,,18.72656514,0.176306761,0.00924,1.878168407,0.022584139,0.012647118,,,,
2023,10,4360405,2.45548909,1.493839519,0.015696801,0.000573422,9.794439128,0.066609106,0.003531802,0.847550707,0.021872139,0.011756285,,,,
2023,10,4372096,1.80730747,,,,7.211833094,0.0706868,0.00364892,0.663087304,0.007664275,0.004291994,,,,
2023,10,3921690,3.1045303,,,,11.94119454,0.100691343,0.004654618,1.313557391,0.015182715,0.008502321,,,,
2023,10,4430802,1.57682275,,,,6.45725955,0.050715949,0.002978173,0.628792786,0.007267883,0.004070015,,,,
2023,10,4362630,6.82760238,,,,34.00289284,0.126398583,0.005731237,2.688698342,0.028567158,0.015997608,,,,
2023,10,4249417,4.54716776,,,,20.95342686,0.136852724,0.00706,1.652740103,0.033054802,0.018510689,,,,
2023,10,4040774,1.139953,1.065181846,0.011458415,0.000546217,3.645425302,0.028174223,0.00244,0.435059157,0.009748503,0.005096268,,,,
2023,10,4411193,1.96803872,,,,8.545346944,0.053909904,0.00307,0.71446539,0.014289308,0.008002012,,,,
2023,10,4362477,4.5357859,5.734869217,0.029028886,0.001206384,16.22068968,0.10315076,0.004833214,1.420390566,0.046127818,0.024059578,,,,
2023,10,4686422,2.2738569,3.206522523,0.025753742,0.001655674,8.550985082,0.055911069,0.003982748,0.619352375,0.022419712,0.011551772,,,,
2023,10,4374187,2.12464674,3.129794691,0.017446139,0.001354701,6.849673618,0.050128916,0.002753138,0.60535703,0.021589961,0.011142096,,,,
2023,10,4428718,3.13445611,3.306732667,0.014413323,0.00056669,13.03555858,0.047096544,0.003292855,1.15788594,0.033356202,0.017659625,,,,
2023,10,4372780,3.87795211,,,,15.62583014,0.144033653,0.006530856,1.459244786,0.01933029,0.010824962,,,,
2023,10,4361372,1.38954029,,,,5.802672638,0.031156937,0.002096585,0.626051987,0.007236204,0.004052274,,,,
2023,10,4430871,2.19736609,13.2212204,0.067985799,0.005279128,1.778959343,0.009527063,0.000523237,0.246994656,0.028985127,0.013548219,,,,
2023,10,2975674,1.39973715,,,,5.556494201,0.032167785,0.002100841,0.652654383,0.005280581,0.002957125,,,,
2023,10,3728262,1.085551,,,,4.609604667,0.017431806,0.000964653,0.397370425,0.007947408,0.004450549,,,,
2023,10,4368003,3.09210434,,,,12.06738543,0.118587587,0.004286816,1.191322264,0.023826445,0.013342809,,,,
2023,10,3127292,1.69672462,,,,6.98663916,0.041171053,0.002183005,0.757895153,0.01026605,0.005748988,,,,
2023,10,3128724,2.27881625,1.551419558,0.013054756,0.000416253,7.803280881,0.04254524,0.002816508,0.864352256,0.023198581,0.012400052,,,,
2023,10,4241802,7.66420507,,,,37.02033751,0.207084293,0.01181633,2.756316385,0.055126328,0.030870744,,,,
2023,10,4689334,0.93874137,,,,4.392754724,0.021718869,0.001302765,0.374743402,0.007494868,0.004197126,,,,
2023,10,4565908,1.76802867,3.848541256,0.015957446,0.00069332,5.546825633,0.029384891,0.001919093,0.494993029,0.021944494,0.011084453,,,,
2023,10,4039050,1.12686331,,,,3.924186084,0.02139778,0.001439475,0.42252174,0.00803146,0.004497618,,,,
2023,10,4242392,1.90840253,,,,8.132860924,0.056077475,0.003313849,0.761651641,0.008803529,0.004929976,,,,
2023,10,4429022,1.570513,,,,6.92368017,0.039862146,0.002274553,0.648609251,0.012972185,0.007264424,,,,
2023,10,4036431,4.59739555,8.177093156,0.040723755,0.001769367,13.58611173,0.060990389,0.003983212,1.824430479,0.025293226,0.012905722,,,,
2023,10,3122168,3.01569908,,,,13.78725544,0.105240875,0.00599067,1.011252247,0.016189738,0.009066253,,,,
2023,10,4012556,0.47724551,,,,1.631660025,0.010114331,0.000467551,0.255099271,0.002414686,0.001352224,,,,
2023,10,2574576,2.43159841,,,,9.581559645,0.053728416,0.003615445,1.154052302,0.009337356,0.005228919,,,,
2023,10,2576716,0.64264676,,,,2.446103261,0.013203711,0.000662,0.25632179,0.004683973,0.002623025,,,,
2023,10,4367175,5.25582858,,,,24.68786433,0.127258326,0.005444626,1.978058027,0.039561161,0.02215425,,,,
2023,10,3932442,2.43622479,,,,12.18978349,0.050990227,0.00333,0.924802765,0.018432394,0.010322141,,,,
2023,10,4242557,4.0469673,,,,16.56277477,0.140405366,0.007444688,1.552998577,0.017950289,0.010052162,,,,
2023,10,2998565,2.7092114,,,,11.76367533,0.091174819,0.006035801,0.990888105,0.015695849,0.008789676,,,,
2023,10,4887558,0.27085631,2.160945702,0.009566223,0.00057126,,,,,0.004227955,0.001944859,,,,
2023,10,3128452,1.96088397,,,,8.020811286,0.045464487,0.00393,0.892279664,0.012914774,0.007232274,,,,
2023,10,4039057,1.52654587,,,,6.763723677,0.047516056,0.002490231,0.57262101,0.01145242,0.006413355,,,,
2023,10,3843945,1.86138363,,,,8.351555251,0.052693304,0.00282197,0.715355714,0.009995868,0.005597686,,,,
2023,10,3127310,1.21128412,,,,4.484879458,0.040371679,0.001459393,0.524718769,0.006466477,0.003621227,,,,
2023,10,2975417,0.86288526,,,,2.923104284,0.020509106,0.001379692,0.450011711,0.004801344,0.002688752,,,,
2023,10,4361577,2.61092691,1.081411495,0.005626614,0.000406091,12.24442732,0.069752514,0.003499766,0.83983373,0.020387014,0.011057694,,,,
2023,10,4240573,1.57506589,,,,7.193245408,0.030820499,0.001397481,0.615188185,0.012303764,0.006890108,,,,
2023,10,2576581,4.15712346,,,,19.0235424,0.124035336,0.005306733,1.530830454,0.028241707,0.015815356,,,,
2023,10,4048228,3.6812152,,,,15.34640061,0.104364883,0.005236409,1.529243016,0.017675711,0.009898398,,,,
2023,10,4383396,1.25066552,1.194514196,0.00705184,0.0004421,3.781751687,0.036097125,0.001863368,0.496343804,0.00665332,0.003492698,,,,
2023,10,2515270,0.38957765,2.81474981,0.01839359,0.001386636,,,,,0.005631463,0.002590473,,,,
2023,10,4430539,1.20082465,,,,4.817843481,0.041419901,0.002566674,0.471345346,0.005448032,0.003050898,,,,
2023,10,2580216,0.57888385,,,,1.983617482,0.007287705,0.000509535,0.192373285,0.003847466,0.002154581,,,,
2023,10,3914151,1.51601748,,,,6.461387075,0.034188671,0.002050742,0.669103125,0.007733809,0.004330933,,,,
2023,10,4036416,1.82153256,,,,8.019756502,0.046109806,0.002313516,0.754687703,0.015011303,0.00840633,,,,
2023,10,3914397,1.36277507,,,,6.79197094,0.023308344,0.00152964,0.549080577,0.007691737,0.004307373,,,,
2023,10,3120303,0.52084673,,,,2.317767853,0.01394542,0.000772,0.206463194,0.002386399,0.001336383,,,,
2023,10,3932423,0.95389491,,,,4.263495337,0.026376257,0.001548883,0.374378753,0.007487575,0.004193042,,,,
2023,10,2971281,2.20785279,,,,9.832172813,0.039534516,0.002255859,0.996754812,0.012653855,0.007086159,,,,
2023,10,3047876,2.92904389,,,,14.770384,0.06425262,0.00421666,1.081541235,0.02147481,0.012025894,,,,
2023,10,4426844,1.53473335,,,,6.124406961,0.05247777,0.004599371,0.605885983,0.007003116,0.003921745,,,,
2023,10,4040612,1.13914258,,,,4.602248146,0.034230966,0.002121196,0.475297337,0.005493711,0.003076478,,,,
2023,10,4245131,3.76861877,,,,17.48729941,0.091600709,0.005676237,1.491556979,0.02983114,0.016705438,,,,
2023,10,9614,0.46653388,,,,1.807932442,0.015976274,0.00104,0.191083463,0.002999703,0.001679834,,,,
2023,10,3040569,0.46341663,,,,1.817367351,0.009964841,0.000650792,0.157748602,0.003154972,0.001766784,,,,
2023,10,4362523,1.51172973,,,,6.427698769,0.04526462,0.002996532,0.598949762,0.006922944,0.003876848,,,,
2023,10,4250764,1.20389659,,,,4.914691751,0.039691841,0.001859794,0.476581155,0.00550855,0.003084788,,,,
2023,10,2978109,2.45908532,,,,10.07762544,0.095304588,0.00835,0.878106113,0.014000417,0.007840234,,,,
2023,10,2531358,1.04130628,,,,4.15832696,0.036872317,0.001932411,0.405500661,0.004686968,0.002624702,,,,
2023,10,17315,0.46456956,,,,1.770668996,0.010381735,0.000681315,0.226001613,0.001967816,0.001101977,,,,
2023,10,4360086,1.63114213,,,,6.57906056,0.062274567,0.002664358,0.601867825,0.006956672,0.003895736,,,,
2023,10,4373030,0.25649551,,,,1.092249572,0.006897675,0.000413744,0.106401979,0.001229844,0.000688713,,,,
2023,10,4039253,0.5118436,,,,2.145009624,0.017809559,0.000761965,0.191380483,0.002212066,0.001238757,,,,
2023,10,4429006,1.62598468,,,,6.988151029,0.054004327,0.00296598,0.610566138,0.012211323,0.006838341,,,,
2023,10,3917849,1.4447267,,,,6.512962569,0.031074605,0.002369892,0.609953173,0.007050126,0.003948071,,,,
2023,10,2508256,1.11002382,,,,4.290260354,0.045397661,0.002979279,0.407808337,0.004713641,0.002639639,,,,
2023,10,4372505,1.72520257,,,,6.967470836,0.061773144,0.003392652,0.659366132,0.007621264,0.004267908,,,,
2023,10,4046715,6.11883622,,,,27.20412505,0.142306573,0.006578349,2.588031482,0.05176063,0.028985953,,,,
2023,10,4047839,1.29699239,,,,5.41757729,0.027922374,0.00129,0.598204602,0.011964092,0.006699892,,,,
2023,10,4383440,1.60924692,,,,6.374618297,0.057860607,0.00303237,0.626475339,0.007241097,0.004055014,,,,
2023,10,3916204,1.74012489,,,,8.55934593,0.020562235,0.00178,0.774190147,0.015483803,0.00867093,,,,
2023,10,3046704,1.52141486,,,,5.330717659,0.058159683,0.005097357,0.635617582,0.005877414,0.003291352,,,,
2023,10,4360739,0.57604913,,,,2.648083998,0.015958621,0.000747754,0.218778332,0.004375567,0.002450317,,,,
2023,10,2975863,2.02493953,,,,10.35002527,0.019331505,0.001377053,0.882346874,0.010198581,0.005711205,,,,
2023,10,3929636,1.29934594,,,,5.815432287,0.023622753,0.001589601,0.585697619,0.011713952,0.006559813,,,,
2023,10,4036275,0.58102944,,,,2.309101502,0.021931404,0.00113212,0.219035552,0.002531716,0.001417761,,,,
2023,10,4408988,0.82010815,,,,3.858661526,0.011466447,0.00077159,0.372037574,0.007440751,0.004166821,,,,
2023,10,16763,1.6019072,,,,7.118544053,0.039031992,0.001769811,0.660672348,0.007636362,0.004276363,,,,
2023,11,3116406,21.4869401,1.776089,0.016529215,0.000581448,104.6291448,0.595743804,0.028014028,7.246196444,0.120180327,0.066891397,,,,
2023,11,4241389,22.24852383,3.57511952,0.023373872,0.001283369,99.69127608,0.650721363,0.032127689,7.981853491,0.15847423,0.087772373,,,,
2023,11,4047646,19.06788872,,,,95.10225528,0.442947147,0.028098336,6.950074299,0.097195233,0.05442933,,,,
2023,11,4040715,21.47720432,37.61150552,0.747450101,0.019698127,,,,,0.643234905,0.306350085,262.0604837,1.245112498,0.078983664,0.916579797
2023,11,3918298,18.93587454,30.82996558,0.465396141,0.019322594,,,,,0.541780016,0.258470483,231.1411644,1.486998748,0.09522426,0.929786586
2023,11,4374302,19.24733943,1.759657018,0.018475582,0.000505198,90.18900838,0.376638644,0.022632099,7.757553714,0.112311749,0.062502385,,,,
2023,11,16800,15.55260595,,,,80.85406744,0.264228047,0.018219001,5.925012041,0.072802786,0.04076956,,,,
2023,11,3929630,16.39974685,78.95722317,0.279205334,0.016474224,27.61671168,0.120489213,0.007648635,3.44110505,0.157029794,0.074655344,,,,
2023,11,4239996,15.97386078,61.26831123,0.49902711,0.020929661,29.39527609,0.106051832,0.006220195,3.347259856,0.133738575,0.064029587,,,,
2023,11,2976212,16.74878643,,,,75.90061941,0.403229924,0.025821993,6.812346106,0.113974243,0.063825576,,,,
2023,11,4362628,21.93263091,1.584679696,0.009966609,0.000512016,97.25415544,0.599945951,0.021426514,8.51514131,0.156219192,0.086934167,,,,
2023,11,3068267,21.43573446,67.25659277,0.619071183,0.02321265,46.46236542,0.24484948,0.011559076,5.009849773,0.211688436,0.102332281,,,,
2023,11,3916148,14.9859337,65.47715028,0.390819286,0.02145837,23.59404573,0.125550995,0.006198757,3.068624729,0.15450504,0.073713285,,,,
2023,11,3043078,13.96130709,70.1663154,0.43578504,0.01669374,17.33716114,0.081164421,0.003343236,2.195991767,0.138409696,0.065228527,,,,
2023,11,2577417,21.17080829,17.08968997,0.214698828,0.011788279,,,,,0.456802161,0.218388709,283.5272656,2.110360075,0.104193585,0.708065453
2023,11,4047650,14.46542272,,,,71.1929592,0.453972499,0.022415779,4.678165832,0.092085346,0.051567794,,,,
2023,11,4429795,15.73574704,42.64701537,0.458925673,0.012548909,33.35996508,0.184724629,0.011100045,4.285563107,0.062650385,0.030684916,,,,
2023,11,3116385,13.42624185,49.7039724,0.413236943,0.021229285,18.68361771,0.141710999,0.005061077,3.276713075,0.07633185,0.036757307,,,,
2023,11,15847,17.72349793,,,,74.63947871,0.502332891,0.017923815,7.276637828,0.061202451,0.034273373,,,,
2023,11,4430027,11.57524671,,,,49.70938333,0.321878702,0.019341591,4.693680972,0.054251776,0.030380995,,,,
2023,11,4427366,13.96588005,61.31465869,0.230334666,0.016361886,28.31225944,0.07411152,0.004917552,3.307846962,0.186280902,0.089407359,,,,
2023,11,16737,15.02241283,,,,73.16879352,0.421963631,0.022773852,5.207988205,0.072955555,0.040855111,,,,
2023,11,3126486,15.18136825,16.53242881,0.208795503,0.005490166,63.75399873,0.380697297,0.019274219,3.698282869,0.131208489,0.067752471,,,,
2023,11,2576414,11.41265587,51.05353849,0.467551624,0.016447048,13.50129214,0.081041404,0.00381086,1.782447266,0.17042337,0.080924219,,,,
2023,11,4697815,14.84019045,54.9119558,0.361924259,0.028098038,26.51120395,0.127432404,0.00687767,3.840877215,0.159182368,0.076647068,,,,
2023,11,4569618,16.3973366,,,,82.30713189,0.35342085,0.023450678,6.13143777,0.12092216,0.06771641,,,,
2023,11,4372016,14.86056336,1.580536353,0.015026491,0.000528586,71.50336699,0.393087269,0.018484385,5.170902359,0.09725199,0.054002916,,,,
2023,11,3915416,14.2977059,,,,72.94573347,0.374829644,0.024370838,4.793823441,0.080845024,0.045273213,,,,
2023,11,3040151,11.79797605,,,,56.27121536,0.351006255,0.017770999,4.081330682,0.047597941,0.026654847,,,,
2023,11,3139477,20.90942147,26.84906203,0.095928792,0.004923621,,,,,0.524704642,0.250819489,305.74024,1.916164883,0.068370967,0.952068406
2023,11,2977187,16.48301185,,,,80.98621178,0.435963758,0.032525054,5.819940215,0.106419821,0.0595951,,,,
2023,11,4567048,13.79501884,65.99184437,0.622681056,0.024431716,14.36593358,0.048428242,0.002391239,1.808579726,0.141758259,0.06669219,,,,
2023,11,4379399,11.89202676,63.85967926,0.304508871,0.01264278,14.05611207,0.073206813,0.00468801,1.949728158,0.163552169,0.077278109,,,,
2023,11,3051876,11.52200733,,,,52.64993041,0.127638323,0.007486295,5.579865338,0.094781764,0.053077788,,,,
2023,11,4426515,13.86708554,,,,67.02884165,0.353342316,0.026361086,5.097567325,0.097057157,0.054352008,,,,
2023,11,4259545,15.05576616,62.39592316,0.469404556,0.012370579,22.31228899,0.11388789,0.007224474,3.232549086,0.200135645,0.09591746,,,,
2023,11,3916387,21.72794136,50.61698343,0.560560061,0.014036862,,,,,0.710108554,0.337877201,249.9817595,1.280097702,0.08418807,0.678097002
2023,11,4360438,15.27681122,,,,77.84522585,0.443360962,0.0224468,4.880472171,0.085261523,0.047746453,,,,
2023,11,3117251,23.1231668,75.53425581,0.884611697,0.02326039,40.43473684,0.299046833,0.01514036,4.53034216,0.195464167,0.093993652,,,,
2023,11,15795,13.53835447,,,,66.02799484,0.366738789,0.015106302,4.807306155,0.093632598,0.052434255,,,,
2023,11,4241478,13.41158478,,,,64.09548402,0.29443861,0.018677702,5.294957724,0.088614652,0.049624205,,,,
2023,11,3925357,12.14024533,2.380245655,0.020582308,0.000863241,53.84689388,0.384965056,0.022579127,4.118628818,0.075626561,0.041632181,,,,
2023,11,15818,18.51634289,,,,86.27919267,0.397942364,0.018786424,7.600412945,0.125471744,0.070264176,,,,
2023,11,4035538,13.39237919,62.13185731,0.848591445,0.023203969,8.655852529,0.038578626,0.002318178,1.088406378,0.164165863,0.076597448,,,,
2023,11,4432577,20.15825177,10.42309064,0.213906874,0.012340413,,,,,0.558823363,0.267433512,256.97231,2.118693034,0.149399975,0.362268415
2023,11,4047365,16.14684178,71.09729321,0.459185385,0.018072508,26.64380849,0.070687936,0.004874061,3.336705285,0.204623981,0.097253372,,,,
2023,11,4429160,12.71573094,48.6759799,0.431764821,0.015188177,19.88998205,0.132306614,0.006221535,2.539617175,0.115610793,0.055392232,,,,
2023,11,3042519,15.07999172,58.14676958,0.25360937,0.018107358,31.40446694,0.182694574,0.009708679,3.656965163,0.219079323,0.105668416,,,,
2023,11,4361529,12.69427409,49.48201255,0.377167482,0.019358421,21.23437592,0.104623248,0.003733078,2.786309134,0.107866518,0.051725633,,,,
2023,11,4258173,13.9979565,,,,67.3483901,0.525060837,0.037024748,4.101535615,0.05745593,0.032175321,,,,
2023,11,3045147,13.36205346,64.21426285,0.499954374,0.030774141,14.42166728,0.073066233,0.00781,2.093227857,0.119922823,0.056613669,,,,
2023,11,4241479,17.69395759,7.368090957,0.10099184,0.003552587,,,,,0.618638698,0.296065115,283.6931657,1.711763469,0.080493309,0.717932308
2023,11,4362887,17.85338426,50.78212314,0.26952405,0.011617639,,,,,0.815888335,0.388159228,224.9783581,1.183971151,0.076979956,0.999704006
2023,11,3116165,13.19239571,,,,59.41109917,0.346340947,0.01869241,5.235858622,0.09144226,0.051207666,,,,
2023,11,3123076,10.69788888,,,,47.53344511,0.308655388,0.027373903,4.090425793,0.04806032,0.026913779,,,,
2023,11,16460,15.2996313,,,,65.26500724,0.310190357,0.014493451,6.972961072,0.082260308,0.046065772,,,,
2023,11,2577327,13.80178255,,,,62.85612697,0.344458412,0.017,5.517518847,0.093362025,0.052282734,,,,
2023,11,4242355,10.72816617,,,,41.32109705,0.423400551,0.0209,4.054856834,0.037494357,0.02099684,,,,
2023,11,2976499,12.1919772,,,,63.46943281,0.227327156,0.020161098,4.517927793,0.070575896,0.039522502,,,,
2023,11,4241457,12.53180539,55.25514326,0.342308867,0.015005057,16.13427588,0.119098617,0.007861262,2.694677637,0.125203198,0.059648851,,,,
2023,11,3121422,13.99075424,,,,67.92980076,0.36046027,0.017594029,5.064323347,0.05897577,0.033026431,,,,
2023,11,4361307,11.63278381,,,,51.69964899,0.271111915,0.028993521,4.843434091,0.059689029,0.033425856,,,,
2023,11,4361741,18.40388708,9.876647669,0.231851099,0.0060964,,,,,0.498533559,0.238417685,269.6517085,1.695493014,0.085840649,0.6315517
2023,11,4429205,13.31672102,,,,58.15117759,0.41480352,0.020020534,5.083939311,0.101678786,0.05694012,,,,
2023,11,4429615,12.18820264,1.442150129,0.013921631,0.000348609,58.76511365,0.216895181,0.014264526,4.841638712,0.081451151,0.045218796,,,,
2023,11,4361579,13.62823083,65.18831797,0.272101992,0.022246809,19.14023165,0.133973719,0.007614805,2.812277255,0.122517763,0.058156443,,,,
2023,11,4426354,8.93590195,,,,45.46103279,0.201543477,0.013303144,3.21818161,0.05875365,0.032902044,,,,
2023,11,4258595,10.75714242,0.949137816,0.020599547,0.000887929,43.75686056,0.303756533,0.019749776,4.362775951,0.058795147,0.032599627,,,,
2023,11,4360310,16.15471794,22.77640792,0.121898308,0.005112528,,,,,0.643421207,0.307440267,249.8661583,1.237765925,0.072597949,0.678771578
2023,11,3128429,12.44197878,,,,50.28920124,0.498751969,0.0283,4.46152705,0.089230541,0.049969103,,,,
2023,11,3117256,11.97868025,,,,47.24973899,0.513565155,0.036214128,4.152661144,0.048255341,0.027022991,,,,
2023,11,4241474,14.21995002,64.52539055,0.350405622,0.024602305,23.85549785,0.109864639,0.005362482,2.736986056,0.19123439,0.090861007,,,,
2023,11,4428331,9.45838063,,,,41.98603743,0.29273269,0.010445039,3.560364842,0.071207297,0.039876086,,,,
2023,11,3916433,9.52373404,1.450931319,0.009756306,0.000383986,43.0103384,0.174626217,0.012040793,4.03002185,0.077194383,0.042799737,,,,
2023,11,4036378,15.92456791,15.78918227,0.110805435,0.007911355,,,,,0.555464554,0.265659658,243.636916,1.58703442,0.084337525,1.040307843
2023,11,4569987,11.36556787,45.11675516,0.235960694,0.010343301,21.02656908,0.075374611,0.004975201,2.964396267,0.11901253,0.057476826,,,,
2023,11,4385690,11.52077593,,,,43.57089189,0.333610427,0.021363707,5.184832958,0.059928742,0.033560096,,,,
2023,11,3932905,11.68251212,,,,57.38125083,0.223725424,0.014767292,4.674748273,0.093494965,0.052357181,,,,
2023,11,4372019,12.48131892,68.68190139,0.257829639,0.013061206,15.87928443,0.064765726,0.00574,2.179285552,0.138659227,0.065459908,,,,
2023,11,4040761,13.71335541,80.23337606,0.603951601,0.034842322,8.005959474,0.037922673,0.002674123,1.111191121,0.163639162,0.076183897,,,,
2023,11,4248528,10.8210858,0.74322161,0.004571343,0.000326388,52.57016017,0.383819401,0.020396771,3.17523392,0.052719829,0.029334542,,,,
2023,11,3917315,17.81233707,32.1201095,0.342369746,0.021074192,,,,,0.558607189,0.266500606,234.3282965,1.210064612,0.129407936,0.725002854
2023,11,4241416,10.00188028,48.98338431,0.200662081,0.011593309,15.10310369,0.046083153,0.002153207,2.207430655,0.132290637,0.062827805,,,,
2023,11,4036133,14.62895065,,,,61.72667405,0.33030407,0.015942159,6.523478191,0.0739765,0.04142684,,,,
2023,11,3046779,16.57998866,4.348728009,0.181474238,0.00496225,,,,,0.472863362,0.226423319,270.3940132,1.444363559,0.086791356,0.640042451
2023,11,4243537,9.9327691,,,,44.5572066,0.384241593,0.0246,3.189191129,0.061077003,0.034203122,,,,
2023,11,3051926,11.31947404,53.93003605,0.67890427,0.017000294,8.077376606,0.031400152,0.002065091,0.929695637,0.122207209,0.057074083,,,,
2023,11,4241372,13.67280741,,,,68.29072441,0.366423019,0.039186376,4.65673678,0.082218465,0.046042341,,,,
2023,11,16731,9.68996266,3.328322531,0.019841114,0.001089399,41.40768556,0.299074794,0.014766046,3.332741115,0.057744784,0.031554803,,,,
2023,11,4048244,11.03757454,53.72450759,0.287852019,0.010868914,14.27688025,0.093459126,0.004510814,2.011032306,0.100022113,0.047431437,,,,
2023,11,15864,16.13252768,11.68989292,0.067231088,0.002637901,,,,,0.499146007,0.238949947,266.9595218,1.4449907,0.07134924,0.790733102
2023,11,4241463,10.2111673,,,,48.62341581,0.282457587,0.0161,3.702868455,0.074057369,0.041472127,,,,
2023,11,3895856,13.7740978,,,,64.953456,0.278996631,0.016363824,5.628870641,0.112577413,0.063043351,,,,
2023,11,4362249,7.85830051,0.734734185,0.003221761,0.000230029,35.77750762,0.240583124,0.012784969,2.781151993,0.057978657,0.032232486,,,,
2023,11,3052587,16.57382678,13.85145075,0.054334999,0.004218305,,,,,0.561192761,0.268327545,257.8680785,1.556388925,0.084000061,0.666104385
2023,11,4430878,9.76255002,,,,46.84511166,0.211656377,0.010450947,3.871882873,0.077437657,0.043365088,,,,
2023,11,4242431,7.26348231,41.78893671,0.265650655,0.01003062,5.542060311,0.024330175,0.001174298,0.765588481,0.082783574,0.038747049,,,,
2023,11,4361050,2.0782829,,,,8.923588687,0.059210914,0.00389,0.833413081,0.009632981,0.005394469,,,,
2023,11,12483,13.79024261,4.383376442,0.068742161,0.0030045,,,,,0.312726639,0.149847814,233.103362,1.329454595,0.099183893,0.807731009
2023,11,4038941,18.70589876,14.45126322,0.240037573,0.009000432,,,,,0.428222331,0.204742617,265.3651739,1.673439389,0.079001244,0.632807816
2023,11,4361411,7.81942277,,,,30.634408,0.257154633,0.016973831,3.21537039,0.033160604,0.018569938,,,,
2023,11,4239934,7.53450824,35.57823711,0.184267157,0.01315642,11.75802645,0.043698081,0.002322185,1.479281844,0.083619563,0.039678301,,,,
2023,11,14881,15.12862024,24.36295358,0.059521825,0.00486645,,,,,0.489439261,0.233725818,193.2762783,1.518301587,0.086297303,0.598419707
2023,11,16733,8.21271373,,,,39.60229219,0.243241995,0.015997274,2.793494274,0.029680605,0.016621139,,,,
2023,11,4035886,11.62292942,49.29946562,0.280657629,0.012097544,20.83583546,0.084785273,0.005512606,2.499079121,0.12622152,0.060443763,,,,
2023,11,4361777,1.66160331,8.991242863,0.054159357,0.002131591,1.738151716,0.005506792,0.000379703,0.244584093,0.020718474,0.00974346,,,,
2023,11,3116365,13.33481367,,,,58.24199596,0.426482805,0.028048456,4.966124288,0.064471388,0.036103977,,,,
2023,11,4045163,5.41311236,16.13166629,0.062685933,0.003621698,14.37680548,0.017768637,0.000830228,1.937702937,0.069726687,0.034455514,,,,
2023,11,4361409,8.98678176,,,,41.94582342,0.270392049,0.013197808,3.199470397,0.051222222,0.028684444,,,,
2023,11,4426875,18.0693246,17.82390664,0.103721334,0.007282371,,,,,0.522819757,0.250098359,269.1574171,1.713998633,0.083660099,0.826586751
2023,11,4426385,7.62210641,24.87717969,0.182007797,0.007141317,15.75054114,0.06420027,0.003170014,2.112452618,0.053770031,0.026205679,,,,
2023,11,3121427,10.34611097,2.253488277,0.018150192,0.001274342,41.35220655,0.283031551,0.013814741,4.227182638,0.073402134,0.040423885,,,,
2023,11,3045144,12.20127403,,,,48.58245488,0.292643006,0.010451474,5.672922205,0.097525581,0.054614325,,,,
2023,11,4428557,9.24468767,24.00193583,0.124171217,0.004756662,23.11080519,0.125496314,0.005169306,3.073828149,0.06041897,0.029933854,,,,
2023,11,4361432,8.24594835,,,,37.61905125,0.260673018,0.0139,2.956879211,0.059137584,0.033117047,,,,
2023,11,3059915,9.30758313,49.06851385,0.380532444,0.019277119,8.206810347,0.03582786,0.003177487,1.109808146,0.079971976,0.037470234,,,,
2023,11,3915511,17.52390302,11.4673251,0.123072403,0.006322617,,,,,0.514359547,0.246160213,264.9353267,1.762777228,0.062955955,0.834791303
2023,11,4366031,14.4385438,8.367591318,0.072899908,0.004205638,62.94955749,0.462539864,0.032616072,4.051331396,0.110062305,0.058731323,,,,
2023,11,2573401,6.49420071,,,,27.90667252,0.168837326,0.0125961,2.692239965,0.024616661,0.01378533,,,,
2023,11,16813,8.94614352,,,,35.50260496,0.320823683,0.015659371,3.482270764,0.039000521,0.021840292,,,,
2023,11,4372414,8.70531367,3.246462275,0.016394893,0.000830537,41.98557615,0.114247567,0.010132342,3.371058283,0.073852034,0.040226547,,,,
2023,11,4360635,7.61459359,,,,33.32206507,0.19719764,0.008122749,3.114448182,0.028798608,0.01612722,,,,
2023,11,16782,5.78534855,7.157826347,0.059486534,0.003053194,18.96172606,0.127602318,0.004552998,2.065102122,0.02938865,0.015114152,,,,
2023,11,3116389,5.16688028,5.204992075,0.025035367,0.002046869,16.86344988,0.101368828,0.005761607,2.234919078,0.047925693,0.025095556,,,,
2023,11,4429025,9.14125209,,,,41.80626469,0.272425571,0.012860913,3.374149312,0.067482986,0.037790472,,,,
2023,11,4372485,9.69033982,7.425038697,0.033803126,0.002080714,40.96431251,0.157535478,0.016847316,3.766203372,0.096403173,0.051615178,,,,
2023,11,3125116,4.58403372,26.82059622,0.180662912,0.007787344,3.320382896,0.016103031,0.001046994,0.427354753,0.061449436,0.028651641,,,,
2023,11,4242214,2.40983848,8.216199528,0.061229124,0.003142633,4.569068845,0.032673279,0.00116582,0.572858642,0.014449921,0.006979963,,,,
2023,11,3116593,4.48851471,13.7004927,0.057535218,0.00408703,10.80260722,0.025025437,0.001660523,1.58483939,0.055676355,0.027481856,,,,
2023,11,3115394,7.59849031,,,,40.16657399,0.155966608,0.007287442,2.662396611,0.028287705,0.015841115,,,,
2023,11,3059722,6.95641128,,,,29.22983437,0.23836863,0.013980894,2.619600882,0.040548758,0.022707304,,,,
2023,11,4036348,5.0406483,,,,22.91363728,0.180940357,0.008933463,1.671380466,0.023413357,0.01311148,,,,
2023,11,3916566,9.04385788,,,,38.96749554,0.252477071,0.012185831,3.68854771,0.073770954,0.041311734,,,,
2023,11,4426386,5.78447757,10.72381143,0.085064215,0.003666631,16.26223381,0.07139024,0.004641682,2.162927566,0.032885469,0.01663394,,,,
2023,11,4430191,5.38189523,1.063586497,0.007710521,0.000395749,24.45752831,0.149092324,0.005319786,1.922693819,0.041931993,0.023134105,,,,
2023,11,4040655,6.92849521,,,,35.10891108,0.17150903,0.011151249,2.406756584,0.03704211,0.020743581,,,,
2023,11,3044720,17.35970506,28.74135741,0.280813104,0.010603134,,,,,0.852894115,0.407429373,227.3020362,1.408767377,0.067994299,0.645648189
2023,11,4243331,8.66357568,,,,34.81630465,0.27830997,0.015020702,3.527873979,0.041905343,0.023466992,,,,
2023,11,4572680,1.64277293,,,,6.793524943,0.053233123,0.002828893,0.646536242,0.007472971,0.004184863,,,,
2023,11,3915486,7.87730955,,,,34.79930274,0.117806705,0.007816876,3.734884918,0.054844307,0.030712812,,,,
2023,11,4241555,4.67779808,25.59232304,0.209202517,0.005500868,3.36411985,0.020240948,0.001024773,0.429602303,0.040996628,0.01912029,,,,
2023,11,4596334,6.68423936,22.99494805,0.244293327,0.006117296,11.63130841,0.060284251,0.003964709,1.427773419,0.05741395,0.027653592,,,,
2023,11,4038441,3.16635972,11.11936116,0.114369708,0.002863907,5.125255573,0.02179328,0.001433277,0.749583286,0.035371116,0.01709677,,,,
2023,11,4361418,13.79285594,9.869449988,0.089587202,0.003431842,,,,,0.25518414,0.122117205,223.7463089,1.259832041,0.051893619,0.796964649
2023,11,4360797,7.93105535,4.969523307,0.047877109,0.002092555,34.47711596,0.20067803,0.014971574,2.527679616,0.063842369,0.03421664,,,,
2023,11,4371733,5.7788527,19.12442219,0.185104243,0.004878194,10.53832181,0.038938215,0.002470044,1.533034384,0.083966332,0.040810656,,,,
2023,11,15920,7.96753565,36.81907658,0.329810977,0.013693288,7.531022819,0.049597625,0.003176127,1.269810797,0.051661952,0.024418765,,,,
2023,11,4240703,12.26873198,10.49362938,0.119454907,0.005236288,,,,,0.345818946,0.165358195,196.4019112,1.012233113,0.066813784,0.612436528
2023,11,4426485,7.63723716,,,,39.39306922,0.097768451,0.00456817,3.171551953,0.063431039,0.035521382,,,,
2023,11,4426388,4.59037079,,,,22.74849769,0.11532544,0.00692987,1.645702378,0.032914048,0.018431867,,,,
2023,11,4240600,3.02467909,2.78940052,0.026025696,0.00133579,11.03306421,0.069519386,0.002480532,1.094418751,0.031963338,0.016867636,,,,
2023,11,4722893,5.88932284,21.73168169,0.121407519,0.009926167,10.67834651,0.071216054,0.004047782,1.507915784,0.046089531,0.022251549,,,,
2023,11,3128390,6.97085793,,,,34.32407648,0.121509244,0.00806,2.83673144,0.039738054,0.02225331,,,,
2023,11,4569587,6.99936868,4.455423566,0.01625969,0.000959386,30.33903203,0.076654822,0.004866035,3.014357699,0.060344313,0.032584248,,,,
2023,11,3122672,9.03383781,52.12599622,0.43727052,0.019111696,4.647377764,0.019418318,0.00145,0.657624798,0.09117168,0.042393404,,,,
2023,11,4685720,13.09141474,13.58348466,0.054121417,0.00312688,,,,,0.563392378,0.269741948,242.602871,0.981117155,0.045842087,0.896789862
2023,11,3910544,3.78067352,20.30039029,0.134753779,0.005052718,3.590766394,0.013370235,0.000631194,0.526489896,0.038396569,0.018028977,,,,
2023,11,4428085,8.31894766,,,,36.29788998,0.226851041,0.012055224,3.346240687,0.038677426,0.021659359,,,,
2023,11,15880,8.64583742,,,,38.47517632,0.322801656,0.02276241,2.867692597,0.047281752,0.026477781,,,,
2023,11,4039359,12.50136332,55.28741278,0.51740132,0.022613957,13.91061473,0.125731003,0.00938,1.705121257,0.050529139,0.02383727,,,,
2023,11,3115306,5.86513665,,,,26.1888639,0.201909091,0.012132654,2.053673222,0.039452514,0.022093408,,,,
2023,11,4038815,6.35143112,33.49236413,0.237018973,0.013013792,5.994466467,0.033024673,0.001630508,0.806474872,0.058364953,0.027409642,,,,
2023,11,4240391,12.03728524,21.0453605,0.126473612,0.007462446,,,,,0.438103638,0.209266009,204.6068717,0.914973301,0.058082351,1.197199066
2023,11,3051738,7.11193707,,,,37.82395049,0.20466527,0.0073,2.128068418,0.037596439,0.021054006,,,,
2023,11,3916945,7.66491039,,,,40.7166921,0.154172009,0.00979,2.707435384,0.053775226,0.030114127,,,,
2023,11,3052096,1.66957842,,,,6.625728981,0.047158872,0.002276128,0.728710954,0.008422785,0.004716759,,,,
2023,11,4429086,6.79388894,,,,30.95939538,0.150679606,0.010389631,2.808593111,0.032463042,0.018179304,,,,
2023,11,4037235,4.8891327,,,,21.10447873,0.116099883,0.012416069,1.970974147,0.039419483,0.02207491,,,,
2023,11,4428850,5.84380533,,,,26.90866284,0.164185022,0.008725052,2.198466458,0.043969329,0.024622824,,,,
2023,11,4360939,7.64227986,,,,39.97581284,0.114855474,0.00755369,3.001105774,0.055456623,0.031055709,,,,
2023,11,3050481,3.72272761,,,,14.84004738,0.097979107,0.003499233,1.664894437,0.019243634,0.010776435,,,,
2023,11,4373678,6.43959955,,,,29.27433805,0.154480143,0.00989,2.543321887,0.050866438,0.028485205,,,,
2023,11,3121410,2.08169985,,,,9.078417944,0.028607006,0.001815968,0.956402056,0.019128041,0.010711703,,,,
2023,11,4361259,13.15811886,17.65050224,0.078193843,0.005554521,,,,,0.70299715,0.336394682,236.9535385,0.870061094,0.057731518,0.753401524
2023,11,4362504,1.12882716,,,,4.555378564,0.045507707,0.003208983,0.398866823,0.004610291,0.002581763,,,,
2023,11,3135321,3.31664155,,,,14.99359934,0.033050394,0.002278884,1.650523203,0.033010464,0.01848586,,,,
2023,11,4429013,2.75807217,11.08884446,0.110463122,0.004632926,3.824306843,0.017910587,0.001050499,0.510196766,0.027037356,0.012881416,,,,
2023,11,4686472,5.02731127,2.778988844,0.015239491,0.001245967,19.39649541,0.159490153,0.009065109,1.623825082,0.042694005,0.022886893,,,,
2023,11,3049916,3.87360014,15.03498004,0.050057565,0.002953595,8.172452626,0.024569855,0.00155969,1.154097707,0.061544108,0.029828963,,,,
2023,11,4692590,5.78875404,,,,28.50254157,0.136285736,0.008651396,2.150520329,0.043010407,0.024085828,,,,
2023,11,4260394,12.09058994,9.541494106,0.124082579,0.004883612,,,,,0.761617764,0.364572186,232.292611,0.817760364,0.056386055,0.792147901
2023,11,4432620,0.52270672,,,,2.50247236,0.011184201,0.00065598,0.20860466,0.004172093,0.002336372,,,,
2023,11,3139602,2.50158274,10.80482339,0.077998152,0.003271315,3.6763265,0.012649571,0.000741928,0.526600147,0.026931462,0.012876608,,,,
2023,11,4040980,5.1240719,,,,17.87631142,0.184582039,0.00659,2.256104783,0.036882374,0.020654129,,,,
2023,11,3912092,8.12591051,,,,30.37630441,0.37459445,0.017684194,2.834005038,0.026205412,0.014675031,,,,
2023,11,3118892,5.30777955,,,,26.11244044,0.146788978,0.0052376,1.845104296,0.03637309,0.020368931,,,,
2023,11,4036131,4.06680149,,,,18.00282131,0.082381542,0.00406775,1.782300957,0.016648348,0.009323075,,,,
2023,11,13982,4.04946272,,,,18.13435246,0.111178362,0.007052595,1.581361422,0.02424224,0.013575654,,,,
2023,11,4362619,6.19247964,18.03706606,0.092501087,0.006494587,14.97849849,0.07760401,0.003787844,1.899788108,0.052317436,0.025720183,,,,
2023,11,4036335,5.55126894,,,,26.32319523,0.157028963,0.00738407,1.985072852,0.021091206,0.011811075,,,,
2023,11,4362087,4.07441445,15.31964672,0.114582177,0.00705298,7.054962278,0.033288076,0.003559927,0.960283091,0.034064204,0.016338435,,,,
2023,11,3115255,3.96098835,2.956475221,0.014468845,0.000546325,14.34770974,0.091861915,0.004433725,1.535243702,0.040418227,0.021662872,,,,
2023,11,4258195,2.28126814,,,,11.58423885,0.049216549,0.002957407,0.840002814,0.016800056,0.009408032,,,,
2023,11,4035004,4.74243514,1.175055681,0.011173479,0.000573488,19.97473562,0.119939,0.004279561,1.678054282,0.037039202,0.020394142,,,,
2023,11,3931391,8.99309636,,,,38.20125655,0.252493297,0.00902,3.635716863,0.072714337,0.040720029,,,,
2023,11,16799,2.47716572,,,,9.98112438,0.060678331,0.004005153,1.124195139,0.015748169,0.008818975,,,,
2023,11,4240472,4.67310637,,,,19.69257651,0.12631555,0.004507084,1.956728289,0.01809343,0.010132321,,,,
2023,11,4426407,7.40674092,,,,34.47251204,0.202499461,0.010929124,2.783515447,0.055670309,0.031175373,,,,
2023,11,4242540,4.18475044,,,,17.89209015,0.1172835,0.007445137,1.71444778,0.034288956,0.019201815,,,,
2023,11,4243315,2.83803746,9.786635125,0.065313698,0.002297538,5.593512044,0.028374079,0.001334252,0.748151591,0.018584674,0.009004945,,,,
2023,11,2576336,2.59495695,1.984289868,0.011566383,0.000455227,9.507844811,0.033861707,0.00233,1.180796149,0.012729818,0.006763832,,,,
2023,11,3119195,4.59643373,20.01747511,0.0879534,0.006828274,7.320039595,0.04452445,0.002403035,1.090474515,0.044083612,0.021142985,,,,
2023,11,4567096,2.26805764,,,,10.29707588,0.080735431,0.005693072,0.759155607,0.015183112,0.008502543,,,,
2023,11,4243389,2.54587241,6.274853915,0.033115267,0.001451603,8.17746233,0.024687182,0.00162951,0.698397575,0.035489387,0.017721913,,,,
2023,11,4369863,2.67789954,,,,12.41388434,0.065279583,0.005789489,1.056359072,0.021127181,0.011831222,,,,
2023,11,3886598,3.10098916,,,,15.53825661,0.090656471,0.00459,1.016272783,0.020325456,0.011382255,,,,
2023,11,4361516,5.83692248,,,,24.75494527,0.142557988,0.009049557,2.519833385,0.029125422,0.016310236,,,,
2023,11,2973405,4.05190914,1.754109749,0.014441174,0.000394881,17.80279109,0.078809489,0.004735638,1.476539465,0.035144733,0.019119656,,,,
2023,11,4035222,2.55482206,6.17202696,0.041316455,0.002122557,5.504907899,0.026331698,0.000940412,0.934288672,0.022875787,0.011440596,,,,
2023,11,4367178,11.87997196,15.62641243,0.105403192,0.005339545,,,,,0.525824687,0.25139416,215.2158579,0.920770179,0.081660891,1.14593801
2023,11,4035537,0.31757502,2.323266069,0.014653446,0.000553295,,,,,0.004228751,0.001945226,,,,
2023,11,2971618,2.76915565,,,,13.74394979,0.072414522,0.004762479,0.972008568,0.019440171,0.010886496,,,,
2023,11,4427278,4.61414064,3.494841727,0.013655695,0.000970036,18.49008154,0.06332637,0.00420192,1.740119992,0.045856263,0.024574121,,,,
2023,11,3929785,5.51796644,,,,25.17683831,0.168561228,0.006943189,2.015383221,0.036898532,0.020663178,,,,
2023,11,4241961,1.37477015,,,,5.635084368,0.037780653,0.002493762,0.587010004,0.006784938,0.003799565,,,,
2023,11,3043275,2.33357364,,,,10.17497908,0.037824071,0.002608038,1.093591786,0.008848174,0.004954978,,,,
2023,11,3139033,6.34400397,26.7015246,0.284967071,0.016439917,7.400594528,0.042734865,0.003013456,0.907068943,0.061125591,0.028909329,,,,
2023,11,4259308,2.36614391,6.470759613,0.035202225,0.002033819,5.836892307,0.017334485,0.000809943,0.834658995,0.020964968,0.01037063,,,,
2023,11,3051439,1.00730776,3.315627743,0.03508533,0.000924631,1.723615737,0.008067864,0.000511785,0.25224247,0.011268936,0.005474327,,,,
2023,11,16002,2.44264341,2.349936425,0.030863218,0.000811532,7.353656933,0.074211276,0.003757222,0.844394141,0.011546758,0.00599967,,,,
2023,11,3911853,3.91763324,,,,14.84344699,0.149950062,0.008522869,1.536622893,0.018361844,0.010282633,,,,
2023,11,3676833,2.51628151,3.511226535,0.024152454,0.001326117,8.403323658,0.06563227,0.003240424,0.67161743,0.023877131,0.012326715,,,,
2023,11,4360405,3.46927651,,,,15.68926313,0.092983731,0.004591253,1.363078254,0.027261565,0.015266476,,,,
2023,11,4372096,1.9462737,,,,7.723413903,0.078182273,0.003860048,0.706043254,0.008160781,0.004570037,,,,
2023,11,3921690,1.1023768,,,,4.401544844,0.0356745,0.001721833,0.450425222,0.005206227,0.002915487,,,,
2023,11,4430802,0.46727689,,,,1.970703511,0.012190187,0.000804629,0.197958226,0.002288094,0.001281333,,,,
2023,11,4249417,5.69099055,,,,25.98083936,0.190906263,0.009425504,1.971741032,0.039434821,0.0220835,,,,
2023,11,4040774,1.16350706,1.21930079,0.012768194,0.000646815,3.762879705,0.032521241,0.002884231,0.396336845,0.009781032,0.00505227,,,,
2023,11,4411193,2.16862486,,,,9.516168872,0.045391033,0.002906746,0.873069992,0.0174614,0.009778384,,,,
2023,11,4362477,5.34509631,3.142317923,0.016379354,0.000614159,21.33956817,0.134505059,0.006349837,1.865379941,0.046809472,0.025263117,,,,
2023,11,4686422,1.72984882,3.733561567,0.036051238,0.002079817,5.083612594,0.043644232,0.00307758,0.37829636,0.019180198,0.009579484,,,,
2023,11,4374187,3.20080972,2.616766672,0.01458365,0.001132204,12.36388455,0.068864515,0.003716695,1.09416114,0.030010591,0.015993194,,,,
2023,11,4046676,1.31828381,2.878382065,0.017337913,0.001067216,3.501253301,0.017123544,0.00183,0.474936122,0.007385959,0.003687013,,,,
2023,11,4429202,1.26653944,2.336317868,0.00996631,0.00070796,3.615124022,0.013623421,0.00090396,0.535486828,0.008925215,0.004544803,,,,
2023,11,4372063,0.82075838,,,,3.915005444,0.027054785,0.001369749,0.270097003,0.00540194,0.003025086,,,,
2023,11,4428718,3.0325411,4.696425251,0.021495318,0.000846008,12.16275801,0.039912063,0.002752009,1.005698211,0.034346704,0.01781088,,,,
2023,11,2976592,1.64946076,,,,6.860921972,0.033977488,0.002156885,0.76828627,0.011975541,0.006706303,,,,
2023,11,4372780,5.74868697,,,,23.12732275,0.186434751,0.008711047,2.333143874,0.030378377,0.017011891,,,,
2023,11,4361372,1.54750344,,,,6.585509515,0.031939178,0.002119273,0.701951787,0.008113489,0.004543554,,,,
2023,11,2975674,1.51865514,,,,6.296122718,0.034597096,0.00225,0.683003765,0.005526136,0.003094636,,,,
2023,11,4034862,2.6921033,,,,11.05926093,0.07232768,0.004588104,1.157668101,0.013380873,0.007493289,,,,
2023,11,3917914,3.71376757,,,,17.6099798,0.08295037,0.00526,1.471738919,0.024862101,0.013922776,,,,
2023,11,3127292,2.36046918,,,,9.902353296,0.050279609,0.00248,1.079471622,0.014516813,0.008129415,,,,
2023,11,3917668,1.03324002,,,,3.888918557,0.024859335,0.001168976,0.496637542,0.003459414,0.001937272,,,,
2023,11,4689334,0.51151149,,,,2.277898457,0.01572628,0.000835719,0.191889446,0.003837789,0.002149162,,,,
2023,11,4565908,2.2400194,3.151869986,0.019805341,0.000853695,8.773855152,0.042376548,0.002755257,0.691403066,0.024060659,0.012450709,,,,
2023,11,4039050,0.70809659,,,,2.321466875,0.012129704,0.000797733,0.218318717,0.004149888,0.002323937,,,,
2023,11,2977800,1.70023947,,,,7.876045867,0.046654715,0.002202518,0.642351224,0.012847024,0.007194334,,,,
2023,11,4242392,2.44862552,,,,10.15541229,0.07728239,0.004643875,0.972393303,0.01123938,0.006294053,,,,
2023,11,3122168,1.48877307,,,,6.734804742,0.04324119,0.002769075,0.560113562,0.008967191,0.005021627,,,,
2023,11,4012556,0.50839305,,,,1.852700932,0.010436888,0.000503737,0.262208571,0.00248198,0.001389909,,,,
2023,11,2574576,2.167346,,,,8.649161226,0.044593883,0.002958956,1.038134069,0.00839947,0.004703703,,,,
2023,11,2576716,1.22282581,,,,4.940353191,0.030367758,0.001482247,0.487061955,0.008900472,0.004984264,,,,
2023,11,4367175,6.24945363,,,,29.56046662,0.1267157,0.005219534,2.499533851,0.049990677,0.027994779,,,,
2023,11,2514206,1.2998858,,,,5.255257466,0.03987995,0.001422962,0.539048275,0.006230574,0.003489121,,,,
2023,11,3932442,2.25399529,,,,11.80772728,0.046133407,0.002999522,0.807967404,0.016042797,0.008983966,,,,
2023,11,4242557,2.99350991,,,,12.35441153,0.096630019,0.004771296,1.183708536,0.013681861,0.007661842,,,,
2023,11,2574808,1.14319683,,,,5.448269896,0.032301916,0.001518953,0.406240662,0.004316267,0.00241711,,,,
2023,11,4257188,3.07777431,,,,12.64804134,0.086755936,0.003098408,1.314997687,0.026299954,0.014727974,,,,
2023,11,4887558,0.26275754,2.055896607,0.009903277,0.00070708,,,,,0.004102113,0.001886972,,,,
2023,11,4243160,3.6714384,7.170323115,0.027778585,0.001604916,12.56807833,0.033576089,0.001568822,1.273175157,0.028152565,0.014302916,,,,
2023,11,4570409,3.20532143,,,,15.82169102,0.032189888,0.00285,1.456163048,0.029123261,0.016309026,,,,
2023,11,3128452,1.46133348,,,,6.142854019,0.039955771,0.003543581,0.609849519,0.008799493,0.004927716,,,,
2023,11,4039057,0.93249833,,,,4.022764157,0.030489747,0.001732978,0.351505808,0.007030116,0.003936865,,,,
2023,11,3127310,2.45011691,,,,9.054228222,0.063849226,0.002280316,1.172725454,0.014344604,0.008032978,,,,
2023,11,3052056,2.96377756,,,,13.46397139,0.098102249,0.00461,1.042345261,0.020846905,0.011674267,,,,
2023,11,2975417,0.94561808,,,,3.573598908,0.021389423,0.001406716,0.462504809,0.004934637,0.002763397,,,,
2023,11,4035115,1.95730579,,,,9.802695087,0.004472185,0.000283693,0.963278288,0.012474917,0.006985953,,,,
2023,11,4035656,0.70647909,1.654320777,0.016806096,0.000734541,2.077516866,0.010173048,0.00075896,0.175319046,0.007076987,0.003536093,,,,
2023,11,4361577,3.29529629,1.305266453,0.006554643,0.000460208,15.36370107,0.097825249,0.00477484,1.017773271,0.024680533,0.013388592,,,,
2023,11,2576581,3.56336623,,,,16.37488032,0.086017383,0.003543134,1.431476336,0.026325632,0.014742354,,,,
2023,11,4048228,3.678251,,,,15.30997645,0.112241599,0.005478501,1.481574669,0.017124738,0.009589853,,,,
2023,11,4383396,1.16132006,,,,4.016401452,0.038093749,0.001880781,0.532425636,0.004635877,0.002596091,,,,
2023,11,2515270,0.27913161,2.04248274,0.012794335,0.001046053,,,,,0.004448236,0.002046188,,,,
2023,11,4430539,1.17006372,,,,4.971505796,0.035242309,0.002067046,0.463179681,0.005353649,0.002998043,,,,
2023,11,2580216,0.79325538,1.43155491,0.006691701,0.00026337,2.247668356,0.00738353,0.000509108,0.200504865,0.008754344,0.004428008,,,,
2023,11,4241374,2.78059245,,,,11.68222954,0.075904175,0.004814978,1.16200258,0.013430973,0.007521345,,,,
2023,11,3914151,0.54400718,,,,2.229727403,0.015570757,0.000827,0.228848858,0.002645143,0.00148128,,,,
2023,11,4036416,1.92267416,,,,7.978954363,0.051387825,0.002508235,0.719529904,0.014270895,0.007991701,,,,
2023,11,2582410,2.34535149,,,,9.608381856,0.083441905,0.00392374,0.887229417,0.010255016,0.005742809,,,,
2023,11,3120303,0.26855543,,,,1.175492901,0.009218188,0.000466705,0.095976791,0.001109345,0.000621233,,,,
2023,11,4035426,1.07634437,,,,4.66705494,0.022152002,0.001035038,0.480733718,0.005556547,0.003111666,,,,
2023,11,4365395,2.38997527,,,,9.843130684,0.085475931,0.004019387,0.896094623,0.010357484,0.005800191,,,,
2023,11,3125107,1.91939915,2.475604717,0.029936087,0.00172703,5.606826019,0.044180616,0.003115403,0.667646862,0.010869585,0.005581335,,,,
2023,11,4045305,3.31740098,,,,14.56344627,0.072809872,0.003401996,1.435993471,0.017008164,0.009524572,,,,
2023,11,4426844,1.0899984,,,,4.508211835,0.034799356,0.003721547,0.42835242,0.004951099,0.002772615,,,,
2023,11,4040612,0.55769562,,,,2.36244399,0.014537812,0.000852678,0.235495595,0.002721969,0.001524303,,,,
2023,11,4245131,0.51459431,,,,2.453712093,0.010220972,0.000599485,0.211320275,0.004226406,0.002366787,,,,
2023,11,3918003,0.49517206,,,,2.069010727,0.015310796,0.001142261,0.196606864,0.002272475,0.001272586,,,,
2023,11,9614,0.50517714,,,,2.050442797,0.016920878,0.001100169,0.199838044,0.003137136,0.001756796,,,,
2023,11,3122154,0.44108508,,,,1.668829388,0.010702974,0.000695891,0.210597829,0.001833694,0.001026869,,,,
2023,11,4382466,4.61648214,,,,21.410064,0.108261241,0.00522524,1.856055459,0.037121109,0.020787821,,,,
2023,11,3040569,0.50884206,,,,2.151423492,0.010866497,0.000706523,0.164392246,0.003287845,0.001841193,,,,
2023,11,4250764,3.54638596,,,,14.58594449,0.122188334,0.005768378,1.360319552,0.015723214,0.008805,,,,
2023,11,3923392,0.61062421,,,,2.290305873,0.01648597,0.000588781,0.285104055,0.003295367,0.001845406,,,,
2023,11,2531358,1.4360903,,,,5.599539977,0.053165095,0.0030218,0.558157348,0.006451446,0.00361281,,,,
2023,11,4360086,3.18529599,,,,12.83609736,0.107940568,0.004446169,1.261091354,0.014576288,0.008162721,,,,
2023,11,4429006,1.10827656,,,,4.941367816,0.030238278,0.001631994,0.439049227,0.008780985,0.004917351,,,,
2023,11,3917849,2.50285958,,,,10.67306635,0.080375684,0.005102235,0.955167888,0.01104028,0.006182557,,,,
2023,11,4372505,1.17575518,,,,4.86287317,0.03621527,0.001954579,0.474262035,0.005481744,0.003069777,,,,
2023,11,4383440,0.9876444,,,,3.819386631,0.037438373,0.002127924,0.381643812,0.004411219,0.002470283,,,,
2023,11,3046704,1.62618979,,,,5.881355154,0.058053257,0.006208389,0.684237382,0.00632699,0.003543115,,,,
2023,11,4360739,2.27386443,,,,10.57010899,0.062206287,0.00294,0.856468298,0.017129366,0.009592445,,,,
2023,11,4589245,1.51871743,,,,7.535516816,0.02103275,0.000982742,0.651247915,0.013024958,0.007293977,,,,
2023,11,4036275,0.6317894,,,,2.481079101,0.024832786,0.001226055,0.235205512,0.002718616,0.001522425,,,,
2023,11,4408988,1.86900596,,,,9.06828446,0.024704486,0.001639227,0.828799861,0.016575997,0.009282558,,,,
2023,11,2576399,0.5114903,,,,2.478612795,0.004702894,0.000222018,0.237975731,0.002750636,0.001540356,,,,
2023,11,3886809,3.51727821,,,,16.90168204,0.082563851,0.008829626,1.343452998,0.02686906,0.015046674,,,,
2023,12,3116406,21.26239408,1.733995452,0.011238671,0.000449969,103.4720813,0.552646331,0.022582963,7.443086298,0.120220419,0.066924883,,,,
2023,12,4241389,22.47222775,3.526442047,0.025814885,0.001399094,95.88135235,0.793789559,0.03608315,7.699651299,0.148747044,0.08235907,,,,
2023,12,4047646,18.95062303,,,,93.03602012,0.512647519,0.032089256,6.607943373,0.092341054,0.05171099,,,,
2023,12,4040715,22.34030434,36.34229028,0.910850256,0.021685807,,,,,0.630801265,0.300261371,248.7620796,1.346296989,0.084271681,0.861384798
2023,12,3918298,20.86548295,29.34636101,0.511049015,0.021122243,,,,,0.585255385,0.279413377,272.6244011,1.608227873,0.09537138,1.081487635
2023,12,4374302,18.72481944,1.879879757,0.018937066,0.000517237,84.92281798,0.413706559,0.026653505,7.509875944,0.106356935,0.059168758,,,,
2023,12,16800,15.42796302,,,,79.09475221,0.235005851,0.015882227,6.15925225,0.075496439,0.042278006,,,,
2023,12,3929630,16.42789168,78.8588569,0.274902052,0.016795052,26.51226263,0.160154594,0.008457141,3.375979386,0.15822651,0.07510996,,,,
2023,12,4239996,15.26858437,54.06888517,0.446776963,0.016348335,30.98680287,0.095584029,0.005500884,3.583844772,0.126896396,0.061020797,,,,
2023,12,2976212,17.69420643,,,,83.44773803,0.415267557,0.024626261,6.958646701,0.137228517,0.07684797,,,,
2023,12,4362628,16.61682408,2.372420039,0.011960231,0.000418167,78.65334291,0.416030644,0.016334812,6.036344484,0.114489545,0.063285953,,,,
2023,12,3054850,17.2854719,54.11097067,0.349408745,0.016478799,37.71033286,0.139626043,0.008463197,5.235189179,0.122221463,0.059584178,,,,
2023,12,3068267,18.48729131,56.44264875,0.4908787,0.018633056,40.45754377,0.200535698,0.008817114,4.791075357,0.208299279,0.101346015,,,,
2023,12,4430807,14.63237091,66.01929112,0.326215221,0.01325714,24.90121091,0.102105182,0.007993151,3.108703729,0.194786926,0.092974013,,,,
2023,12,3916148,16.02175029,64.30057622,0.452586734,0.024528928,26.43890421,0.155034627,0.00705,3.380231375,0.151820322,0.072661574,,,,
2023,12,3043078,14.81246233,80.25184481,0.480540013,0.020168369,14.91103628,0.102180931,0.003601636,1.885860357,0.146460053,0.068707905,,,,
2023,12,2577417,22.80309164,16.3758715,0.22927184,0.012425889,,,,,0.455480767,0.21778253,283.9331947,2.524322277,0.114747666,0.74776275
2023,12,4047650,15.78769471,,,,77.61715915,0.485261634,0.0221,5.181315958,0.101597289,0.056894482,,,,
2023,12,4429795,16.24187459,47.87467549,0.502290356,0.01371928,32.19382335,0.172542244,0.011116226,4.197611622,0.064459376,0.031478762,,,,
2023,12,3116385,16.28678433,77.48567161,0.501365885,0.017529297,18.7096555,0.141053694,0.00554,2.866575889,0.10867019,0.051424168,,,,
2023,12,15847,15.82025551,,,,66.61379797,0.396404577,0.01349132,6.843452178,0.082284435,0.046079283,,,,
2023,12,4430027,10.91022544,,,,46.94207549,0.286742253,0.018473689,4.504165896,0.041649017,0.02332345,,,,
2023,12,4427366,15.31834969,64.83040076,0.184844683,0.018883841,34.11829638,0.096636564,0.006863221,3.8685737,0.198298479,0.095356663,,,,
2023,12,16737,15.26726645,,,,72.91240613,0.486285133,0.025004343,5.086228235,0.071249893,0.03989994,,,,
2023,12,3126486,13.91207596,14.399861,0.16459719,0.004487536,60.02934906,0.350927699,0.0155,3.456371948,0.119195554,0.061742699,,,,
2023,12,2576414,14.81851806,67.4216327,0.430425132,0.017233183,21.3077893,0.122306516,0.00499785,2.789309251,0.220752537,0.105205675,,,,
2023,12,4361370,14.92885745,,,,75.28974057,0.348050465,0.02109649,5.355444649,0.078690206,0.044066515,,,,
2023,12,4697815,15.01340069,57.46413756,0.379082395,0.028038508,25.95721986,0.126674251,0.006513476,3.718183503,0.161270576,0.077411198,,,,
2023,12,4569618,15.15109311,,,,77.14429064,0.315751124,0.0224,5.620281609,0.112405632,0.062947154,,,,
2023,12,4372016,14.01570726,1.538793745,0.01021421,0.000408952,68.6471059,0.349621636,0.0142867,4.908625309,0.092197978,0.051175199,,,,
2023,12,3915416,14.38230606,,,,71.90315456,0.392622311,0.023022694,4.877529928,0.079843373,0.044712289,,,,
2023,12,3040151,12.90766303,,,,60.92299704,0.390925855,0.01722586,4.49224154,0.052017021,0.029129532,,,,
2023,12,3139477,18.13105238,28.63837866,0.05839646,0.002858901,,,,,0.487976189,0.233187862,273.220356,1.496500652,0.05093223,0.826043817
2023,12,2977187,15.62311308,,,,79.23869874,0.357735615,0.027008165,5.610962978,0.102549817,0.057427897,,,,
2023,12,4242335,18.84066065,86.38536117,0.848560318,0.02343014,20.91286412,0.095094837,0.006755683,2.530205969,0.15469468,0.072878213,,,,
2023,12,4035687,15.06364365,,,,72.50719056,0.285693709,0.020296118,6.178956877,0.11044891,0.061851389,,,,
2023,12,4379399,12.60227602,55.5974555,0.279163999,0.011538169,21.45673492,0.102302454,0.006066756,2.706822475,0.143920233,0.068886033,,,,
2023,12,3051876,11.603247,,,,54.16795604,0.106840574,0.006148701,5.634423155,0.092643393,0.0518803,,,,
2023,12,4426515,13.98296777,1.59638158,0.012754674,0.000501599,67.82755208,0.324409926,0.024492156,5.076365055,0.100373315,0.055708881,,,,
2023,12,4259545,15.62728328,65.39112636,0.551610278,0.01313291,21.63248387,0.118776491,0.007434834,3.049011133,0.202003,0.096439487,,,,
2023,12,3916387,22.26756093,49.67851834,0.565852067,0.013418433,,,,,0.680823913,0.323912678,249.2210647,1.403983747,0.085944065,0.62454026
2023,12,4360438,16.29482577,,,,84.76260655,0.460668858,0.020299034,5.111242238,0.088959235,0.049817172,,,,
2023,12,3117251,23.07084324,77.79279145,0.795962327,0.021700915,40.48139793,0.312379089,0.013764754,4.701277792,0.191081968,0.091939661,,,,
2023,12,15795,13.50142014,,,,58.16256178,0.559158609,0.019709018,4.383899601,0.085138688,0.047677665,,,,
2023,12,4241478,12.81197861,,,,59.70504587,0.316411866,0.019805853,4.99440497,0.083223079,0.046604924,,,,
2023,12,3925357,13.54702852,2.24642477,0.01905982,0.000697431,61.23884779,0.404645894,0.023287471,4.699235771,0.084379871,0.046582297,,,,
2023,12,15818,20.36898469,,,,94.05171949,0.417624891,0.018362049,8.572472233,0.138197265,0.077390468,,,,
2023,12,4035538,14.27904289,69.45755453,0.887508609,0.024240917,8.263033529,0.036607065,0.00236,1.054113408,0.16004738,0.0746246,,,,
2023,12,4432577,18.47711007,9.37497752,0.187069076,0.010415266,,,,,0.555450906,0.265896998,271.8161961,1.791018259,0.120068607,0.681668384
2023,12,4047365,15.02271567,79.81398221,0.416975742,0.015991639,18.36708808,0.052778653,0.003566901,2.531912869,0.201775194,0.095137841,,,,
2023,12,4430737,14.54392786,71.69550919,0.631705029,0.024842837,14.67803335,0.087935091,0.006638884,1.656380124,0.143153031,0.067195338,,,,
2023,12,4361529,14.08752108,69.32759512,0.355902152,0.017423814,19.22347794,0.090756822,0.003088837,2.635109987,0.134038916,0.06360768,,,,
2023,12,4258173,14.78873584,,,,72.9234025,0.478671583,0.032089807,4.63113624,0.064874785,0.036329879,,,,
2023,12,3045147,14.57537738,78.42429746,0.524486403,0.032921177,13.00807225,0.068617804,0.007706738,1.914127306,0.13343064,0.062694987,,,,
2023,12,4241479,16.47369773,6.969932102,0.066157523,0.002648787,,,,,0.627950874,0.300528665,278.3896928,1.567230955,0.064042256,0.786818455
2023,12,4362887,17.43448394,52.81542827,0.210676395,0.009664529,,,,,0.811104415,0.385663085,213.3803994,1.199391241,0.07033023,0.926990772
2023,12,3116165,12.07738797,,,,52.74247309,0.324889589,0.016705529,4.892162302,0.065628784,0.036752119,,,,
2023,12,3123076,11.86157247,,,,53.94311323,0.316488042,0.0276,4.571121373,0.053023645,0.029693241,,,,
2023,12,16460,15.7369033,,,,68.41152745,0.362099699,0.015653477,6.805168721,0.103624384,0.058029655,,,,
2023,12,2577327,14.27201558,,,,64.56413092,0.327420604,0.014927703,5.904412576,0.076070645,0.042599561,,,,
2023,12,4242355,11.17217684,,,,42.00568943,0.484597242,0.02202825,4.061035618,0.03755149,0.021028835,,,,
2023,12,2976499,11.46116273,,,,58.33522764,0.216332272,0.0189,4.36635554,0.068133221,0.038154604,,,,
2023,12,4241457,12.27597118,56.03718737,0.403882835,0.016913598,14.40033988,0.110615147,0.006897507,2.20587467,0.117471099,0.055684158,,,,
2023,12,3121422,14.0011671,,,,69.66596504,0.249565792,0.011849507,5.58445953,0.064909552,0.036349349,,,,
2023,12,4361307,11.20551699,,,,49.6381974,0.263093293,0.029549052,4.665802835,0.056474503,0.031625722,,,,
2023,12,4361741,19.10995745,10.51618698,0.206303971,0.005624619,,,,,0.489449693,0.234075818,281.8868045,1.756215077,0.077386323,0.595293904
2023,12,4429205,12.77350631,,,,55.13953823,0.413641953,0.019557185,4.844548276,0.096890966,0.054258941,,,,
2023,12,4429615,13.0986261,1.428984827,0.014783857,0.00035058,62.50008638,0.281123394,0.017208808,4.986018789,0.08381659,0.046538045,,,,
2023,12,4361579,13.80195743,73.23252526,0.262370378,0.023187582,16.57001144,0.115266626,0.007081861,2.609405137,0.123940968,0.058666144,,,,
2023,12,4426354,9.5566526,1.716160603,0.014195954,0.000594491,46.42106508,0.255469187,0.015930012,3.158928778,0.062199713,0.034341297,,,,
2023,12,4258595,9.85918681,0.977086541,0.019414254,0.000890606,38.95350754,0.286534395,0.016801882,4.06152889,0.061494083,0.034052179,,,,
2023,12,4360310,17.10358841,21.24661066,0.240689675,0.008807248,,,,,0.655161875,0.313120356,269.0301301,1.167867597,0.067211068,0.720481111
2023,12,3128429,11.53845463,,,,45.99008941,0.437479922,0.02687831,4.356087908,0.087121758,0.048788185,,,,
2023,12,3117256,10.803715,,,,43.85697458,0.405141499,0.027160402,3.983349636,0.046178476,0.025859946,,,,
2023,12,4241474,12.79213259,45.75658765,0.24007133,0.016396545,28.29578497,0.100732833,0.004782845,3.466363682,0.17722729,0.085666058,,,,
2023,12,4428331,9.10513402,,,,40.59359308,0.244875511,0.008334147,3.639457195,0.072789144,0.040761921,,,,
2023,12,3916433,7.56457776,1.550357873,0.008794134,0.000337268,32.10723418,0.142117963,0.009604653,3.343325107,0.064688528,0.03578649,,,,
2023,12,4036378,16.02912611,14.2636337,0.108916987,0.006893717,,,,,0.645971225,0.309022107,257.0348116,1.520142942,0.078152234,0.99089555
2023,12,4569987,12.84968599,49.27707675,0.30283467,0.012681955,24.49282411,0.096220099,0.005999891,3.152764943,0.118826551,0.057449672,,,,
2023,12,4385690,13.61642099,,,,54.0092256,0.359642133,0.021327554,6.102875061,0.080364768,0.04500427,,,,
2023,12,3932905,11.58089157,,,,56.64401907,0.280024754,0.017461196,4.295366968,0.085907339,0.04810811,,,,
2023,12,3051392,8.12944345,41.17832493,0.20150835,0.011784828,10.33600641,0.045238137,0.002499566,1.560913972,0.099836495,0.047292684,,,,
2023,12,4372019,13.15535997,68.42740981,0.273040483,0.013588059,18.49988953,0.068052532,0.005943519,2.492903789,0.125558266,0.059603499,,,,
2023,12,4360248,8.9661326,,,,46.4581199,0.148752612,0.011644875,3.434909795,0.027791614,0.015563304,,,,
2023,12,4040761,10.14501055,59.66467399,0.414625115,0.023084686,6.473015528,0.025332546,0.0017,0.953640543,0.12328413,0.057483143,,,,
2023,12,4248528,11.36585518,1.352964503,0.008841552,0.000559611,55.28070736,0.37762281,0.019414007,3.406629617,0.058155742,0.032205517,,,,
2023,12,4569173,14.39800651,62.2774282,0.25369864,0.014837076,27.10245765,0.092013352,0.005084062,3.468417824,0.131377314,0.062991064,,,,
2023,12,3917315,17.98343698,36.34503806,0.398510622,0.025013878,,,,,0.512675969,0.244393403,210.8882893,1.265312504,0.142112271,0.698968818
2023,12,4426502,11.1476713,,,,51.82956805,0.247899262,0.019406422,4.537757852,0.090755157,0.050822888,,,,
2023,12,4241416,9.78720975,43.59370692,0.174410009,0.01001562,17.49099279,0.057909339,0.002503406,2.365805778,0.114038885,0.05451607,,,,
2023,12,4036133,13.00703052,,,,54.30573803,0.301691647,0.0143,5.808578242,0.06480483,0.036290705,,,,
2023,12,3046779,15.5309959,4.551934381,0.163524183,0.004466409,,,,,0.450544944,0.215763078,257.1790671,1.403239236,0.090405249,0.787779711
2023,12,4243537,9.92139102,,,,46.12351666,0.369008144,0.021882979,3.116493454,0.059684751,0.033423461,,,,
2023,12,3051926,11.1556628,46.50415202,0.695897917,0.016502298,9.884677756,0.04227674,0.002587947,1.149101251,0.109088716,0.051214932,,,,
2023,12,4241372,11.77684803,1.7269483,0.009667962,0.000606843,56.19137025,0.33480072,0.037602798,3.921667328,0.073924277,0.040916264,,,,
2023,12,16731,10.16808413,3.273535493,0.022129211,0.001199341,41.72101469,0.365477819,0.01661346,3.369466353,0.058209655,0.03182051,,,,
2023,12,4048244,11.20237936,53.2326636,0.357849846,0.012168847,13.25059428,0.093478589,0.004419711,1.940459541,0.139051942,0.065612846,,,,
2023,12,4035676,6.21686995,29.56589289,0.255205929,0.007046653,6.577990161,0.032674713,0.002321262,0.900434246,0.047974424,0.022619143,,,,
2023,12,15864,15.86419233,10.4580688,0.068843337,0.002756345,,,,,0.519771686,0.248908791,272.1923194,1.393179466,0.063517595,0.851777753
2023,12,4241463,10.0442342,,,,47.25447269,0.268244818,0.016480682,3.758562458,0.075171249,0.0420959,,,,
2023,12,3895856,13.74834353,,,,67.16446357,0.243305945,0.014002317,5.668026671,0.113360533,0.063481899,,,,
2023,12,4362249,11.54367355,8.776457563,0.042023768,0.002659823,49.52323857,0.277650112,0.0142743,3.870677836,0.104524688,0.055822712,,,,
2023,12,3052587,16.4342549,13.70798909,0.047533629,0.003515785,,,,,0.553121268,0.2644153,248.1476508,1.620122259,0.083305224,0.643766135
2023,12,4430878,9.40194054,,,,45.15007273,0.183747215,0.008377371,3.851944801,0.077038896,0.043141782,,,,
2023,12,4242431,7.09979105,32.24521059,0.242641081,0.008251121,8.867654238,0.042369789,0.002003263,1.2530821,0.079209558,0.037527466,,,,
2023,12,4360238,6.89653235,35.49731459,0.324678325,0.018076805,5.367472951,0.025660324,0.00172025,0.73804657,0.076648929,0.035820487,,,,
2023,12,4361050,8.43582968,,,,36.39209178,0.264057428,0.0162,3.220583967,0.037225027,0.020846015,,,,
2023,12,12483,13.05757902,4.199559086,0.057894809,0.002276808,,,,,0.309176228,0.148147026,235.0166517,1.130422012,0.085344099,0.759603808
2023,12,4038941,18.62625564,17.89629306,0.231316757,0.008780454,,,,,0.48054592,0.229771941,272.1743595,1.568155408,0.068948348,0.709721971
2023,12,4361411,7.76365144,,,,30.36164051,0.289715173,0.018065451,2.986699348,0.030753482,0.01722195,,,,
2023,12,4239934,12.00667654,56.016302,0.310865629,0.019675715,18.4948818,0.060324002,0.003101324,2.412134326,0.140231718,0.066485014,,,,
2023,12,14881,14.42194629,25.16567983,0.053677008,0.004743828,,,,,0.476421734,0.227520799,184.5425726,1.364360321,0.083824876,0.495261869
2023,12,16733,9.87540744,,,,47.4466596,0.338019382,0.0207,3.097211674,0.032907572,0.018428241,,,,
2023,12,4035886,13.98747486,67.04104826,0.336856943,0.015452912,21.18463043,0.103415623,0.006064113,2.624949946,0.156842008,0.074426199,,,,
2023,12,4361777,0.97764272,7.605861925,0.037901542,0.00145358,,,,,0.014838783,0.00682584,,,,
2023,12,2468609,9.69357374,22.66237843,0.27744644,0.013084916,20.71485213,0.195582092,0.011854878,2.268614753,0.090729189,0.044655071,5.230273094,0.028224302,0.001699134,0.019702551
2023,12,4045163,8.55210245,38.54961552,0.152341642,0.008748329,16.63491331,0.024241302,0.001047945,2.07354903,0.127711754,0.061180837,,,,
2023,12,4361409,8.7040586,,,,41.28710511,0.192413957,0.00914,3.463218438,0.055444721,0.031049044,,,,
2023,12,4426875,16.68052355,17.16980742,0.117903158,0.008052625,,,,,0.569977007,0.272811737,283.6215867,1.329528779,0.063126683,1.009324935
2023,12,4360294,6.37089132,11.87060342,0.062113404,0.004242261,17.66224893,0.077945854,0.003700908,2.580667865,0.08339775,0.042302952,,,,
2023,12,4426385,13.96720014,58.61060668,0.482866578,0.019332981,19.61743747,0.073843382,0.003366655,2.865091274,0.114551221,0.05468929,,,,
2023,12,3121427,9.29247778,1.603724484,0.012881366,0.00087978,37.61855249,0.186891522,0.008873702,4.229450596,0.071645798,0.039617405,,,,
2023,12,3045144,9.72008838,,,,43.44029311,0.182340111,0.00716,4.349345986,0.074662132,0.041810794,,,,
2023,12,4428557,9.07743093,26.98118364,0.140561611,0.005899401,19.73505514,0.154730784,0.005453894,2.668958157,0.060308528,0.029601031,,,,
2023,12,4361432,9.82447743,,,,45.34166016,0.280355105,0.014413367,3.65939244,0.073187849,0.040985195,,,,
2023,12,4688813,10.58622693,,,,50.24555056,0.243039205,0.017265877,4.159890437,0.083197809,0.046590773,,,,
2023,12,3059915,9.49552471,51.46542908,0.357084178,0.017770554,8.488027087,0.033008325,0.00288,1.187893381,0.076225509,0.035790209,,,,
2023,12,3886812,14.00113564,12.94902094,0.099945372,0.003494398,,,,,0.549308164,0.262857015,234.5535783,1.260669006,0.049498257,0.956524561
2023,12,4366031,15.65405051,7.743768768,0.064139146,0.003571014,72.5877962,0.398810882,0.026736002,4.827496819,0.12264182,0.06596556,,,,
2023,12,2573401,6.36185695,,,,28.75666626,0.142089895,0.01072744,2.638570242,0.024116218,0.013505082,,,,
2023,12,3918639,6.37244817,0.869260681,0.014088064,0.000534763,24.60354288,0.17763253,0.007810112,2.705033722,0.043415708,0.024012612,,,,
2023,12,16813,9.41336463,,,,38.2243667,0.271936196,0.012911665,3.988605184,0.050401548,0.028224867,,,,
2023,12,4373626,8.28555039,44.7025122,0.276385153,0.011232084,8.265815265,0.029881041,0.002339192,1.17318504,0.053921311,0.025314554,,,,
2023,12,4372414,7.41802798,1.6759179,0.008037795,0.000400007,35.24199685,0.086268798,0.007534478,3.128295131,0.062731023,0.034598638,,,,
2023,12,4360635,6.72243371,,,,26.60431281,0.261728826,0.009225322,2.498441664,0.023102533,0.012937418,,,,
2023,12,4427095,11.07645117,5.029157906,0.017784745,0.001040107,49.42783382,0.238131727,0.013157617,4.086713491,0.097677212,0.053104944,,,,
2023,12,4032473,10.95774434,3.251953561,0.019303706,0.0009104,50.7076936,0.234082479,0.014188514,3.927869321,0.088968694,0.048781338,,,,
2023,12,3116389,6.69389252,7.883550098,0.032784211,0.00289738,21.07540116,0.118149253,0.007258967,2.952453057,0.078899924,0.041225569,,,,
2023,12,4429025,7.91768919,,,,36.28894515,0.212842653,0.009358224,3.059951215,0.061199024,0.034271454,,,,
2023,12,4372485,8.42798222,10.05322531,0.042777027,0.002685046,32.47032716,0.15170752,0.017038874,3.061729443,0.090299992,0.047419795,,,,
2023,12,4242214,6.52600797,14.83077931,0.075953906,0.003718457,17.32430243,0.118089632,0.004019088,2.161608445,0.031712838,0.015842485,,,,
2023,12,16757,15.0060297,5.719936111,0.041633556,0.00196352,,,,,0.539855576,0.258638847,254.5048775,1.373393399,0.083257553,0.578489196
2023,12,3116593,4.64218119,15.54401611,0.050445151,0.005153506,11.03400206,0.024530519,0.001742181,1.579161494,0.0612596,0.030023756,,,,
2023,12,3115394,7.07516372,,,,37.02648562,0.174729138,0.007553496,2.336179622,0.024821681,0.013900141,,,,
2023,12,3059722,8.38985718,,,,36.86173937,0.23707115,0.013643503,3.309896393,0.051140224,0.028638526,,,,
2023,12,4036348,5.30069462,,,,22.9152413,0.221207804,0.0101,1.687576734,0.023640241,0.013238535,,,,
2023,12,3916566,7.67995772,,,,32.43922286,0.222474492,0.010518698,3.149027301,0.062980546,0.035269106,,,,
2023,12,3120348,5.37731561,,,,22.58031636,0.083551675,0.004616524,2.667073323,0.053341466,0.029871221,,,,
2023,12,4426386,6.64044856,21.0737256,0.149520708,0.006859085,13.72909329,0.065676555,0.00385116,1.89402725,0.049045669,0.023880325,,,,
2023,12,4430191,6.1129483,2.606565846,0.008581033,0.0004201,27.61791445,0.139207009,0.004737802,2.2500489,0.053257054,0.028998343,,,,
2023,12,4040655,6.25074926,,,,31.00179274,0.163043222,0.009560573,2.190037357,0.033692721,0.018867924,,,,
2023,12,3044720,16.62722029,24.79638214,0.318412858,0.010827774,,,,,0.838051646,0.40023103,213.8263137,1.408229393,0.066581745,0.662681084
2023,12,4243331,7.99029312,,,,31.7479138,0.271114241,0.01394045,3.20206704,0.037613967,0.021063822,,,,
2023,12,3929645,6.57559036,,,,27.10453411,0.221042013,0.013398088,2.537752646,0.023466033,0.013140978,,,,
2023,12,2980453,5.94802434,24.3918328,0.175944229,0.008297874,8.821974965,0.023922095,0.001449997,1.480554268,0.077909669,0.037331193,,,,
2023,12,3122976,9.84224034,39.77450212,0.248927313,0.009966448,17.6161883,0.110400143,0.004511316,2.003560158,0.091789676,0.043866564,,,,
2023,12,4572680,6.32481662,,,,26.93605973,0.178229098,0.009162956,2.576072667,0.029775462,0.016674259,,,,
2023,12,3046439,7.19001404,,,,29.318256,0.226296718,0.012503691,2.909196289,0.030903157,0.017305768,,,,
2023,12,3915486,6.85471587,,,,30.44627364,0.09921486,0.007046335,3.252686768,0.047530435,0.026617044,,,,
2023,12,4241555,4.20505166,23.18239367,0.166694766,0.004544724,3.426637599,0.020721944,0.000913097,0.441978202,0.03660087,0.017105784,,,,
2023,12,4596334,7.56366416,33.36161101,0.38585762,0.009150103,7.562647011,0.043907123,0.00268775,0.93805736,0.07548002,0.035537584,,,,
2023,12,4038524,13.34615181,9.850679413,0.189731565,0.005238799,,,,,0.589251115,0.281983171,221.4611408,1.060584429,0.075345541,0.745415602
2023,12,4038441,3.87136449,6.518605247,0.075379695,0.00178753,10.2464839,0.048048702,0.002941274,1.477053681,0.032455956,0.016542048,,,,
2023,12,4361418,15.42734099,11.81929505,0.103275691,0.004334503,,,,,0.340552547,0.162792743,191.5007705,1.820797209,0.064178794,0.568951712
2023,12,4360797,5.62396749,3.277530056,0.027890662,0.001096846,25.12219971,0.136724118,0.010322337,1.820671133,0.045026199,0.024195832,,,,
2023,12,3054212,7.67125183,,,,34.10004698,0.210729051,0.016496607,3.005885363,0.038410495,0.021509877,,,,
2023,12,4371733,4.78496795,12.91244669,0.141348995,0.003365281,10.09986332,0.040835819,0.002556125,1.439191672,0.063070466,0.03103721,,,,
2023,12,15920,5.77686644,26.31500967,0.263118589,0.010874994,5.389917523,0.031660528,0.001877538,0.845630633,0.036442434,0.017198341,,,,
2023,12,4240703,13.7788763,10.65772976,0.135611269,0.005679059,,,,,0.336661608,0.160972246,204.6933309,1.242231028,0.077460437,0.555218071
2023,12,3043116,0.22982534,,,,1.011067271,0.00570093,0.000430406,0.095746355,0.001914927,0.001072359,,,,
2023,12,4426485,8.57471091,,,,45.49491798,0.13669606,0.005909336,3.264629786,0.065292596,0.036563854,,,,
2023,12,4426388,5.01334771,,,,24.72461448,0.129198776,0.00832,1.788166537,0.035763331,0.020027465,,,,
2023,12,4722893,5.43916277,16.38227127,0.079649649,0.00703922,11.34324239,0.075787882,0.004656328,1.745944443,0.03683586,0.018160663,,,,
2023,12,4569587,7.03575005,4.317508728,0.015684434,0.000958235,29.59387712,0.102169284,0.005395163,2.988162857,0.060220267,0.03248525,,,,
2023,12,3122672,7.6870008,38.46452426,0.295473412,0.011619977,8.13526901,0.030754163,0.002321864,1.090633192,0.053425282,0.025135426,,,,
2023,12,4685720,13.85113001,12.73141295,0.049622612,0.002849614,,,,,0.56366354,0.269883263,245.5810751,1.131444576,0.048912059,0.82370254
2023,12,3910544,3.60248317,19.12192533,0.120994011,0.00459276,3.467876843,0.012450178,0.000547407,0.565400695,0.035879308,0.016895606,,,,
2023,12,15880,9.22156623,,,,42.98991089,0.283062937,0.018976341,3.244628579,0.053387271,0.029896872,,,,
2023,12,3115306,5.57903978,,,,24.89211397,0.188953059,0.012173511,1.973149196,0.037846597,0.021194094,,,,
2023,12,4038815,6.99611737,32.52838349,0.259036387,0.014039044,8.206025005,0.050188169,0.002281395,1.089830574,0.060008681,0.028363134,,,,
2023,12,4240391,13.05550156,19.4207765,0.115507452,0.007056891,,,,,0.262311373,0.125294808,199.0140914,1.108101998,0.058514558,0.930022868
2023,12,3051738,5.64779577,,,,30.5521942,0.143606801,0.004887545,1.755071998,0.031006736,0.017363772,,,,
2023,12,3916945,7.37849524,,,,37.94992406,0.174919752,0.009236832,2.57104422,0.050778179,0.02843578,,,,
2023,12,3052096,0.53818163,,,,2.089056869,0.01580645,0.000747336,0.235924731,0.002726929,0.00152708,,,,
2023,12,4249836,0.894958,2.838420708,0.014734762,0.000733286,1.748896321,0.006174955,0.000539303,0.235808822,0.005670545,0.002772707,,,,
2023,12,4362478,3.07572838,12.88450203,0.081579719,0.005120629,4.764070791,0.027961667,0.003140486,0.660837679,0.025530971,0.012204565,,,,
2023,12,4429086,6.34609913,,,,28.14813333,0.129411984,0.008745955,2.772365611,0.032044308,0.017944812,,,,
2023,12,4037235,4.04102785,,,,17.23802174,0.097264216,0.01092413,1.617787496,0.03235575,0.01811922,,,,
2023,12,4360939,7.82503004,,,,39.98874519,0.155451005,0.009515845,2.933605279,0.054120964,0.03030774,,,,
2023,12,3050481,5.11507961,,,,22.59772495,0.111499389,0.004377854,2.205433482,0.025491439,0.014275206,,,,
2023,12,4373678,8.17554056,,,,39.25340204,0.190408786,0.011291652,3.074599969,0.061491999,0.03443552,,,,
2023,12,3116164,4.70628128,,,,19.57196556,0.148926869,0.00823,1.858120828,0.017426355,0.009758759,,,,
2023,12,3121410,1.28742855,,,,5.286158947,0.023259958,0.00123,0.566073928,0.011321479,0.006340028,,,,
2023,12,4362504,0.56518701,,,,2.344843721,0.019636196,0.001316397,0.212944536,0.002461313,0.001378335,,,,
2023,12,3135321,3.9771499,,,,17.40763791,0.028864896,0.001950755,2.105344947,0.042106899,0.023579863,,,,
2023,12,2576623,6.12873015,,,,27.96360917,0.150124664,0.008294917,2.456307895,0.037743285,0.02113624,,,,
2023,12,4429013,1.83082889,8.089398425,0.084790596,0.003102633,2.033545,0.008318421,0.000478727,0.271077957,0.020018229,0.009444415,,,,
2023,12,4686472,4.86492328,2.938450632,0.014311467,0.001264809,18.79101089,0.139698797,0.008582948,1.631362088,0.042747971,0.022926791,,,,
2023,12,3049916,3.89033837,15.54443979,0.053142277,0.00324671,7.847431122,0.027608777,0.00146,1.117802187,0.064543307,0.031137328,,,,
2023,12,4692590,5.82667935,,,,27.88666969,0.158694642,0.008380047,2.115352329,0.042307047,0.023691946,,,,
2023,12,4260394,10.74725153,9.365977697,0.100153563,0.003841038,,,,,0.715921813,0.342747858,214.1293307,0.709103036,0.047922787,0.814392461
2023,12,4239086,13.63224576,15.91583059,0.220093253,0.008944424,,,,,0.680181714,0.325175204,220.9034298,0.967012452,0.075701118,0.760482246
2023,12,3930066,4.14888155,,,,21.3403288,0.086541098,0.00677474,1.509099737,0.024733159,0.013850569,,,,
2023,12,4360078,4.29259563,,,,22.1927887,0.076163296,0.005410757,1.64031518,0.031821171,0.017819855,,,,
2023,12,3139602,3.25754794,11.22039826,0.089394353,0.003271093,6.084380457,0.017897743,0.00103002,0.841561005,0.031790752,0.015392987,,,,
2023,12,4040980,2.62467832,,,,10.02821413,0.090298011,0.003545414,1.092509771,0.017860143,0.01000168,,,,
2023,12,15807,2.91496111,10.20279947,0.070472488,0.002863949,5.167347679,0.022286514,0.001744666,0.700956623,0.022002328,0.010614555,,,,
2023,12,4241464,11.71886625,9.103556902,0.025570054,0.001495415,,,,,0.394746209,0.1888828,208.5795257,1.100559767,0.060809804,0.92380735
2023,12,3912092,4.74441893,,,,17.27799986,0.207502448,0.009123427,1.771268747,0.016378527,0.009171975,,,,
2023,12,3932430,8.29498613,,,,40.65723067,0.232462302,0.010220857,2.872833729,0.053757317,0.030104098,,,,
2023,12,3118892,7.69717628,,,,38.50846198,0.188332278,0.00641,2.76211384,0.053583419,0.030006715,,,,
2023,12,4036131,4.16701731,,,,18.21993187,0.077181498,0.003518845,1.894236846,0.017684109,0.009903101,,,,
2023,12,13982,4.4746464,,,,19.68381755,0.135585979,0.008487027,1.704325229,0.026107601,0.014620257,,,,
2023,12,4362619,0.84111662,2.026017822,0.010207001,0.000697124,2.140531922,0.009178477,0.000435799,0.312596458,0.00690387,0.003447961,,,,
2023,12,4036335,5.43836391,,,,25.9022925,0.140779993,0.005752738,2.015366672,0.021413075,0.011991322,,,,
2023,12,3115255,6.49329108,,,,26.609641,0.167522364,0.007920536,2.78345667,0.055669133,0.031174715,,,,
2023,12,4258195,2.17499801,,,,11.0499607,0.046455313,0.002992935,0.802843685,0.016056874,0.008991849,,,,
2023,12,3931391,6.78102415,,,,31.52921531,0.161193087,0.006329002,2.62185554,0.052437111,0.029364782,,,,
2023,12,16799,3.92308964,,,,15.76897163,0.114283883,0.00713,1.671841374,0.023419814,0.013115096,,,,
2023,12,4240472,3.59456821,,,,15.34133978,0.08414531,0.00286382,1.565667191,0.014477375,0.00810733,,,,
2023,12,3123075,3.04146243,,,,12.49903608,0.080017307,0.003269773,1.173507686,0.023470154,0.013143286,,,,
2023,12,4426407,7.69135904,,,,35.41359233,0.215930666,0.01110296,2.89553999,0.0579108,0.032430048,,,,
2023,12,4242540,5.16594843,,,,21.59829498,0.161280242,0.00852,2.066597259,0.041331945,0.023145889,,,,
2023,12,4039358,5.14567295,20.22597157,0.121403124,0.007684006,9.122878577,0.037498548,0.001927842,1.278831308,0.043529909,0.02091455,,,,
2023,12,4362921,0.45719266,,,,2.136961728,0.009224927,0.00050971,0.191312101,0.003826242,0.002142696,,,,
2023,12,2576336,2.0158681,2.158976799,0.010393211,0.000398595,6.682297161,0.024449381,0.00165,0.929741582,0.010883165,0.005720508,,,,
2023,12,3119195,4.49113343,23.92480643,0.098102679,0.007256081,5.418440208,0.034224022,0.001759768,0.789852155,0.049001985,0.023165645,,,,
2023,12,4567096,3.42423056,,,,16.22950528,0.098540926,0.006606115,1.22358249,0.02447165,0.013704124,,,,
2023,12,4243389,2.46171835,4.855188237,0.030375774,0.001272061,8.475202292,0.035698461,0.00222601,0.688506925,0.029997803,0.015176003,,,,
2023,12,4240657,1.42920457,4.557265046,0.028568756,0.001793215,3.110929004,0.014437167,0.001621495,0.409752613,0.012901538,0.006286604,,,,
2023,12,4369863,4.39189782,1.918547003,0.008472661,0.000421648,19.15032441,0.094668609,0.008268094,1.690936562,0.039601345,0.021598492,,,,
2023,12,3886598,4.34351153,,,,22.02189734,0.126523432,0.005575162,1.401690753,0.028033815,0.015698936,,,,
2023,12,4361516,5.85481033,,,,23.99907101,0.161536485,0.008530114,2.500228768,0.028898822,0.01618334,,,,
2023,12,3052897,4.0420425,,,,15.5363063,0.117714419,0.004810202,1.788328304,0.014469239,0.008102774,,,,
2023,12,2973405,3.88327858,1.874213498,0.014797586,0.000404173,16.90733772,0.073039182,0.00471,1.416761695,0.034069597,0.018505538,,,,
2023,12,4035222,3.03941343,12.39790451,0.065550284,0.00229184,5.079994631,0.020948996,0.000822531,0.735725944,0.034686283,0.016672541,,,,
2023,12,4367178,11.73190934,16.69527939,0.095986756,0.004776851,,,,,0.523701495,0.250473682,217.6769085,0.914977248,0.079911577,1.281376979
2023,12,4240631,4.86433291,16.68983564,0.17216414,0.006893097,7.315322783,0.023906319,0.001089933,1.196265764,0.057678139,0.027876286,,,,
2023,12,4362019,6.45877612,,,,29.1872249,0.176840634,0.010718896,2.512526625,0.050250533,0.028140298,,,,
2023,12,2971618,4.57868758,,,,22.56305965,0.134333332,0.008223138,1.533475192,0.030669504,0.017174922,,,,
2023,12,4427278,5.00540723,2.522402291,0.007581082,0.000774488,21.22970995,0.068395536,0.004857517,1.96203456,0.047387382,0.025722265,,,,
2023,12,4039160,4.38282873,,,,18.64290745,0.128409736,0.009122424,1.753965003,0.022065073,0.012356441,,,,
2023,12,3929785,4.84845602,,,,19.4416338,0.221572501,0.007809906,1.591048444,0.029088059,0.016289313,,,,
2023,12,4241961,0.96718197,,,,3.964989697,0.030907051,0.001927237,0.386269065,0.00446468,0.002500221,,,,
2023,12,3043275,1.73072287,,,,7.30070498,0.025708455,0.001737436,0.850451626,0.006880944,0.003853329,,,,
2023,12,3051439,1.7832808,7.85125126,0.093373286,0.00222306,1.663636417,0.008521287,0.000533391,0.236113375,0.02312058,0.010906842,,,,
2023,12,16002,2.46589929,2.346356999,0.027429605,0.000747834,7.497237036,0.075312949,0.00331861,0.868745853,0.011613878,0.006050391,,,,
2023,12,3911853,3.77786766,,,,14.25395923,0.134203138,0.00825,1.5508991,0.018422131,0.010316394,,,,
2023,12,14053,1.96957462,,,,8.397712198,0.037318442,0.002650392,0.920730328,0.018414607,0.01031218,,,,
2023,12,3676833,2.63297899,3.53902405,0.026340091,0.001427559,8.467814675,0.08021786,0.003646449,0.677503491,0.0239295,0.012362577,,,,
2023,12,4360405,2.95291231,,,,13.17015847,0.074364579,0.003390417,1.209382322,0.024187646,0.013545082,,,,
2023,12,4372096,2.0567172,,,,7.846149487,0.092681861,0.004213023,0.716643942,0.008283308,0.004638653,,,,
2023,12,3921690,2.71931936,,,,10.57331819,0.092389033,0.004368197,1.112985485,0.012864411,0.00720407,,,,
2023,12,3915411,1.91389373,5.832575175,0.053078585,0.002193799,4.550156567,0.014210701,0.000842725,0.481453458,0.016525066,0.008038931,,,,
2023,12,4430802,0.98325889,,,,4.164278618,0.029297272,0.001826858,0.392352885,0.004535,0.0025396,,,,
2023,12,4050373,2.50511761,,,,12.00206661,0.057562038,0.003603105,0.971604416,0.017622236,0.009868452,,,,
2023,12,4249417,5.90504593,,,,25.823728,0.231096216,0.010504899,1.957911252,0.039158225,0.021928606,,,,
2023,12,4040774,1.20833725,1.292600539,0.012579872,0.000626047,3.947792959,0.031869127,0.00278,0.420817735,0.009905668,0.00514376,,,,
2023,12,4362477,2.39736447,2.694956372,0.013665109,0.000518708,7.634398625,0.047101264,0.002070939,0.752783772,0.023092604,0.012128165,,,,
2023,12,4686422,1.11699737,,,,5.319131278,0.033178723,0.002224278,0.390095688,0.007801914,0.004369072,,,,
2023,12,4374187,4.28317753,2.991879903,0.015322049,0.001133282,16.89654419,0.105962886,0.005448516,1.464148201,0.038292127,0.020542675,,,,
2023,12,4429202,1.78125626,2.584253814,0.008651223,0.000883814,5.593470251,0.019507422,0.001385436,0.802388166,0.012306512,0.006359642,,,,
2023,12,4372063,0.57076629,,,,2.744681921,0.018755251,0.000826436,0.186185882,0.003723718,0.002085282,,,,
2023,12,4428718,5.55845617,4.869687206,0.018902536,0.00072494,25.0214828,0.070765853,0.004782516,2.078836852,0.056184325,0.030002463,,,,
2023,12,2976592,3.02069088,,,,12.17372907,0.084655071,0.004470305,1.308744451,0.020389028,0.011417856,,,,
2023,12,3045169,10.46891588,5.113074683,0.032637581,0.003334274,,,,,0.570517163,0.273318827,235.487354,0.852479159,0.060543888,1.331903272
2023,12,4372780,6.35757258,,,,25.68004209,0.233680416,0.010101945,2.401289576,0.031097854,0.017414798,,,,
2023,12,4361372,3.63412186,,,,15.73737036,0.069627678,0.004945025,1.653631167,0.019113448,0.010703531,,,,
2023,12,3122899,3.70525481,,,,15.0633178,0.0750199,0.002553244,1.610776108,0.032215522,0.018040692,,,,
2023,12,2975674,1.47467893,,,,5.982758751,0.035506603,0.002082046,0.665084032,0.005381148,0.003013443,,,,
2023,12,4034862,4.14506193,,,,16.94173264,0.122006393,0.00763701,1.725386055,0.019942825,0.011167982,,,,
2023,12,4368003,3.0726498,,,,13.79482921,0.080154158,0.003147131,1.232917014,0.02465834,0.013808671,,,,
2023,12,3917914,1.00499485,,,,4.628394623,0.026007278,0.00162793,0.390061898,0.00658932,0.003690019,,,,
2023,12,2983509,0.8054736,2.206231453,0.017420966,0.000969931,1.82451991,0.009482158,0.000635677,0.244573506,0.007123444,0.003496401,,,,
2023,12,3127292,3.01319394,,,,12.56477406,0.058509346,0.002667548,1.421152273,0.019044385,0.010664855,,,,
2023,12,3128724,1.78260176,1.551211317,0.014903508,0.00041151,5.791279502,0.027097769,0.00193,0.648511546,0.018754202,0.009923956,,,,
2023,12,3917668,1.54703734,,,,5.749308199,0.037028741,0.001513117,0.752641009,0.00524265,0.002935884,,,,
2023,12,4689334,3.82072627,,,,17.73445357,0.10184815,0.005236126,1.457602052,0.029152041,0.016325143,,,,
2023,12,4565908,2.71442434,3.281671412,0.018642461,0.000855201,10.53347452,0.053983055,0.003165473,0.839344177,0.02762273,0.014385144,,,,
2023,12,4242392,1.76579871,,,,7.283289919,0.055994785,0.003607526,0.70317409,0.008127617,0.004551466,,,,
2023,12,4429022,3.43373278,,,,15.59834759,0.088246908,0.004875953,1.364509682,0.027290194,0.015282508,,,,
2023,12,3122168,2.85369378,,,,13.49165103,0.079882341,0.004737195,1.033861342,0.0165517,0.009268952,,,,
2023,12,4012556,0.49115497,,,,1.751222897,0.01049362,0.000496143,0.254715452,0.002411053,0.00135019,,,,
2023,12,2574576,1.6416686,,,,6.591905076,0.033648296,0.002389734,0.782734464,0.00633305,0.003546508,,,,
2023,12,4427391,1.68868732,4.06890074,0.036798859,0.00147335,3.93458395,0.018499381,0.000843421,0.56418874,0.012698677,0.006304137,,,,
2023,12,2576716,1.26131699,,,,5.143564022,0.020911254,0.000993,0.564471969,0.010292439,0.005763766,,,,
2023,12,4367175,5.09984481,,,,21.23695151,0.18170101,0.006404531,1.835467602,0.036709352,0.020557237,,,,
2023,12,2514206,0.58611555,,,,2.381956333,0.016062812,0.000546685,0.253655978,0.002931875,0.00164185,,,,
2023,12,3932442,2.62567,,,,13.47288861,0.055910346,0.003278486,0.956993446,0.018865497,0.010564678,,,,
2023,12,4242557,1.84239268,,,,7.459238862,0.057035727,0.002600363,0.75864311,0.008768755,0.004910503,,,,
2023,12,4257188,0.99960085,,,,4.556467566,0.02374511,0.000932316,0.408554426,0.008171089,0.00457581,,,,
2023,12,2998565,2.66129079,,,,11.88160347,0.084432331,0.005998202,0.971366877,0.01538663,0.008616513,,,,
2023,12,4243160,4.89647493,8.007083955,0.032025112,0.001839065,17.9903982,0.059073711,0.002553741,1.697540347,0.034015596,0.017450794,,,,
2023,12,4570409,2.46485437,,,,11.87094129,0.023246969,0.002030326,1.159580374,0.023191607,0.0129873,,,,
2023,12,3128452,1.52236586,,,,6.450699144,0.038867619,0.00339459,0.647518636,0.009343019,0.005232091,,,,
2023,12,4039057,0.89296536,,,,3.886232357,0.026460617,0.001625713,0.349981793,0.006999636,0.003919796,,,,
2023,12,3843945,1.26657166,,,,5.507598335,0.039608423,0.002400798,0.48070516,0.006717029,0.003761536,,,,
2023,12,3127310,1.50257887,,,,6.163841025,0.033405807,0.001311628,0.692332301,0.008408603,0.004708817,,,,
2023,12,3052056,1.16002873,,,,5.250674146,0.036609702,0.001495994,0.421530803,0.008430616,0.004721145,,,,
2023,12,4037457,0.80995524,,,,3.085488381,0.014627072,0.000857706,0.416514462,0.004193664,0.002348452,,,,
2023,12,2975417,0.9462337,,,,3.526624439,0.023563554,0.00144243,0.454609721,0.004850401,0.002716225,,,,
2023,12,4035115,1.87397472,,,,9.369018571,0.007942318,0.000497151,0.901187565,0.011670812,0.006535655,,,,
2023,12,4035656,0.46630821,1.636582118,0.014829658,0.000583201,1.055398714,0.00410807,0.000310149,0.087029416,0.005655536,0.002740877,,,,
2023,12,4689988,2.96491555,,,,13.791044,0.047917482,0.003403146,1.320380485,0.02640761,0.014788261,,,,
2023,12,4241263,2.16816674,,,,9.109988993,0.073203086,0.00448,0.819345958,0.009470387,0.005303417,,,,
2023,12,4361577,3.2373684,,,,16.55223265,0.073606337,0.003494865,1.158863934,0.023177279,0.012979276,,,,
2023,12,2576581,4.68701638,1.837964845,0.008828512,0.000370535,18.413274,0.172922177,0.006095098,1.59489493,0.034234018,0.018671916,,,,
2023,12,4027873,3.12915688,,,,15.2430855,0.072765589,0.00374096,1.18673167,0.023734633,0.013291395,,,,
2023,12,4048228,3.18215614,,,,13.33973463,0.071605273,0.003399854,1.429824914,0.01652659,0.00925489,,,,
2023,12,4383396,0.6006106,,,,2.078161724,0.020851268,0.000947832,0.268346253,0.002336515,0.001308448,,,,
2023,12,2515270,0.29103918,2.20892029,0.01199406,0.001060002,,,,,0.004406105,0.002026808,,,,
2023,12,4430539,1.21484086,,,,5.318873894,0.032111614,0.001848031,0.492816876,0.00569621,0.003189877,,,,
2023,12,2580216,0.33279006,1.530471146,0.006029148,0.000231227,,,,,0.004869196,0.00223983,,,,
2023,12,4259979,1.05983869,,,,4.691199126,0.022863457,0.00138583,0.460845717,0.009216914,0.005161472,,,,
2023,12,4244856,1.991822,,,,9.191766584,0.040964205,0.003092697,0.691703234,0.013834065,0.007747076,,,,
2023,12,4036416,1.87602861,,,,8.357848363,0.036374246,0.001727067,0.836847954,0.016736959,0.009372697,,,,
2023,12,3914397,2.25751879,,,,10.93718886,0.035315273,0.00276,0.961112343,0.013463641,0.007539639,,,,
2023,12,4043016,0.55075631,,,,2.57950916,0.013409783,0.000611,0.215845633,0.004316913,0.002417471,,,,
2023,12,4035426,1.62370131,,,,7.123326162,0.038693011,0.00167,0.684523312,0.007912043,0.004430744,,,,
2023,12,4365395,0.58759505,,,,2.408910775,0.020106165,0.000821605,0.227296634,0.002627202,0.001471233,,,,
2023,12,2971281,1.00984229,,,,4.543771416,0.01880479,0.001039031,0.446760597,0.005671649,0.003176124,,,,
2023,12,3125107,0.89025539,2.272290861,0.0261058,0.001453468,1.899623227,0.013500484,0.000905063,0.237237676,0.006843407,0.003354532,,,,
2023,12,4361438,1.30937651,,,,5.333651889,0.038367037,0.001821686,0.549106786,0.006346835,0.003554228,,,,
2023,12,3047876,2.85464037,,,,14.23954499,0.052762401,0.004130425,1.130396061,0.022444859,0.012569121,,,,
2023,12,4244049,1.24674146,,,,4.902058707,0.045845229,0.002718721,0.482121067,0.005572582,0.003120646,,,,
2023,12,4045305,2.11110582,,,,9.728471549,0.044321902,0.00192,0.879883941,0.010421503,0.005836042,,,,
2023,12,4426844,1.50268363,,,,6.155573513,0.04927281,0.005534025,0.587851999,0.00679467,0.003805015,,,,
2023,12,4040612,0.58239627,,,,2.530771567,0.013077072,0.000752589,0.252544009,0.002919023,0.001634653,,,,
2023,12,4245131,0.53955144,,,,2.642749526,0.009015155,0.000518824,0.225070696,0.004501414,0.002520792,,,,
2023,12,9614,0.49035377,,,,1.956819398,0.017160038,0.001006235,0.193012922,0.003029992,0.001696796,,,,
2023,12,3122154,0.42739007,,,,1.576791151,0.010912022,0.00064,0.204909994,0.00178417,0.000999135,,,,
2023,12,4382466,2.36586438,2.957207025,0.01991581,0.000677246,8.800327122,0.048361457,0.002286552,0.801085741,0.026143073,0.013627985,,,,
2023,12,4362523,2.96903801,,,,12.70896631,0.087978834,0.006250151,1.172590222,0.01355335,0.007589876,,,,
2023,12,4250764,1.849545,,,,7.735102215,0.060003443,0.00263822,0.719836714,0.008320212,0.004659319,,,,
2023,12,2978109,4.94391192,,,,21.1325493,0.185049918,0.020783691,1.708580463,0.0272414,0.015255184,,,,
2023,12,2531358,0.92024537,,,,3.556512876,0.032069108,0.001970293,0.372952908,0.004310765,0.002414029,,,,
2023,12,17315,0.45531218,,,,1.64095441,0.009820396,0.000768775,0.232975192,0.002028536,0.00113598,,,,
2023,12,4360086,3.56086221,,,,12.99594513,0.166802372,0.005879389,1.264680792,0.014617776,0.008185955,,,,
2023,12,4373030,4.61164568,,,,19.35784634,0.133849527,0.006881353,1.882800145,0.021762291,0.012186883,,,,
2023,12,3917849,1.50152914,,,,6.166672783,0.053823193,0.00284,0.563363521,0.006511621,0.003646508,,,,
2023,12,2508256,0.5384638,,,,2.023303987,0.020919621,0.001637661,0.209994642,0.002427217,0.001359242,,,,
2023,12,4372505,1.72384384,,,,7.059061157,0.055041471,0.002830183,0.690760162,0.007984131,0.004471114,,,,
2023,12,4383440,0.47507892,,,,1.821640125,0.01700016,0.001044472,0.191242354,0.002210469,0.001237863,,,,
2023,12,3046704,2.00827661,,,,7.179177911,0.073107389,0.008210981,0.843825708,0.007802668,0.004369494,,,,
2023,12,3929636,2.46183803,,,,11.40327945,0.039931235,0.002835955,1.10031707,0.022006341,0.012323551,,,,
2023,12,4036275,0.66651032,,,,2.549113823,0.029179851,0.001326423,0.236861274,0.002737754,0.001533142,,,,
2023,13,3116406,23.48370801,1.864604996,0.015890617,0.000547864,112.0993462,0.738857343,0.030869806,7.627242494,0.120774614,0.06721935,,,,
2023,13,4241389,21.89566795,5.099144207,0.035995416,0.002059639,93.84037476,0.758077138,0.035622373,7.315889114,0.143215865,0.078876204,,,,
2023,13,4047646,18.31698235,,,,90.6874645,0.451642054,0.0267,6.585250301,0.091682787,0.051342361,,,,
2023,13,4040715,21.15876089,36.88103622,0.828304714,0.019741877,,,,,0.653917772,0.311224958,245.897333,1.242612902,0.07359592,0.943510809
2023,13,4374302,18.98911863,1.885400051,0.015915069,0.000529832,88.18199385,0.361595431,0.025708274,7.781691563,0.107533315,0.05984477,,,,
2023,13,4239996,16.76373343,68.54697319,0.508828877,0.019762663,30.27171459,0.093620437,0.006010769,3.344123138,0.138376879,0.066077619,,,,
2023,13,4362628,15.4131296,2.000128602,0.009390399,0.000373834,73.65043245,0.39105035,0.013914743,5.528421236,0.10333473,0.057149697,,,,
2023,13,3054850,17.3354124,53.29113069,0.383772197,0.018531734,38.25228083,0.144068934,0.008723108,5.074817519,0.121772026,0.059259371,,,,
2023,13,3068267,17.87173771,57.69792376,0.538344621,0.019748288,37.06425521,0.191813866,0.008342674,4.194938331,0.25265949,0.121605681,,,,
2023,13,4430807,15.22513245,72.23220495,0.2886834,0.0115597,25.32690334,0.128845932,0.009634056,3.10259688,0.195446185,0.093049383,,,,
2023,13,3916148,17.31834911,70.95302018,0.478629861,0.027386951,27.67510925,0.156872454,0.007371504,3.741928962,0.181117685,0.086852797,,,,
2023,13,3043078,15.11248282,71.70438926,0.638272501,0.018941773,16.1487087,0.086050045,0.003509794,2.05767095,0.132533819,0.062417166,,,,
2023,13,2577417,22.40015314,15.7198935,0.202054931,0.011561478,,,,,0.448417291,0.214480946,285.5282935,2.445582118,0.114918961,0.711722498
2023,13,4047650,15.18920468,,,,77.26594394,0.40657297,0.017439873,5.097349931,0.099724301,0.055845608,,,,
2023,13,4429795,16.32220925,48.73450872,0.414684556,0.013805359,35.03565889,0.162041802,0.011520652,4.495934884,0.064725999,0.031731285,,,,
2023,13,3116385,14.39732221,63.83554139,0.390595055,0.015549686,20.04701756,0.144553876,0.00514366,2.846177346,0.096846392,0.045973654,,,,
2023,13,15847,15.79837035,,,,66.5830359,0.404556561,0.014489385,6.770556913,0.079377041,0.044451143,,,,
2023,13,4430027,11.91649229,,,,51.38324659,0.327826867,0.023307438,4.813263588,0.044507175,0.024924018,,,,
2023,13,4427366,16.33046967,65.92287424,0.199246531,0.019254923,36.62299582,0.11421701,0.00767335,4.329292476,0.200485229,0.096669803,,,,
2023,13,16737,14.95026643,,,,65.61651707,0.590387333,0.029613646,4.840026234,0.048429284,0.027120399,,,,
2023,13,3126486,15.66412696,12.89161563,0.208934623,0.005083583,69.39033071,0.356810165,0.0165,4.130947051,0.129955257,0.068041312,,,,
2023,13,2576414,11.29358541,54.03570374,0.482315024,0.016628884,11.988145,0.074696786,0.00312,1.449441644,0.152435149,0.071917866,,,,
2023,13,4361370,16.49989609,,,,84.03401332,0.393266885,0.023811583,5.780618672,0.083532487,0.046778193,,,,
2023,13,4697815,15.55890534,70.4106056,0.447024314,0.032253944,20.66698434,0.125273289,0.006283669,3.103103673,0.176341332,0.083737088,,,,
2023,13,4569618,14.98924416,,,,73.49094975,0.347766086,0.023363689,5.62996654,0.112599331,0.063055625,,,,
2023,13,4372016,15.28845019,1.687666031,0.014889369,0.000513344,72.91566674,0.449175137,0.018766747,5.084817785,0.073508982,0.040793047,,,,
2023,13,3040151,13.23852982,,,,63.9629787,0.355573307,0.01644505,4.735712641,0.054693423,0.030628317,,,,
2023,13,3139477,19.02135975,26.95913304,0.079126476,0.002986617,,,,,0.49356939,0.235890568,283.0532455,1.621055252,0.058058862,0.809496528
2023,13,2977187,13.07798164,,,,63.27646699,0.31275417,0.0201,4.932049538,0.090013943,0.050407808,,,,
2023,13,4035687,16.37347988,,,,79.65381517,0.254277182,0.019370928,6.975861621,0.120857327,0.067680103,,,,
2023,13,3051876,11.84444749,,,,55.68419629,0.1477536,0.00949,5.465265108,0.086629325,0.048512422,,,,
2023,13,4426515,12.70704587,1.773128921,0.010869167,0.000454026,58.65360662,0.315479034,0.020240106,4.766785727,0.094133896,0.05218744,,,,
2023,13,4259545,14.01619716,60.69901967,0.453800616,0.010815918,19.36502411,0.099702377,0.005905047,2.828012708,0.186150284,0.088796906,,,,
2023,13,4360438,15.47074695,,,,81.73293153,0.396823028,0.018352825,4.974354205,0.086450203,0.048412114,,,,
2023,13,3117251,22.96177999,70.36490318,0.841965436,0.02048584,41.6986373,0.30120808,0.013930692,4.993682469,0.176640823,0.085396346,,,,
2023,13,15795,13.21160091,,,,61.30466691,0.416719762,0.016997091,4.64526987,0.090021794,0.050412205,,,,
2023,13,4241478,13.34754105,,,,62.59653407,0.299367748,0.017730578,5.329547785,0.067051593,0.037548892,,,,
2023,13,3925357,13.51023002,2.804262425,0.021112513,0.00082,61.31312554,0.4263732,0.027374694,4.443350248,0.080191801,0.044140347,,,,
2023,13,15818,20.06525974,,,,92.45924148,0.436693396,0.018993365,8.327854625,0.152403694,0.085346068,,,,
2023,13,4035538,13.18600395,70.88653857,0.761494504,0.02535109,6.41298522,0.026388176,0.001876115,0.808467473,0.148483375,0.069042198,,,,
2023,13,4432577,19.82024719,13.0678585,0.208983333,0.011911429,,,,,0.537786864,0.257438361,285.1646393,1.817097528,0.116234501,0.585524742
2023,13,4429160,13.30641691,53.39864287,0.441353813,0.015216655,20.57114869,0.143590009,0.005999258,2.471555068,0.122993544,0.058729035,,,,
2023,13,4430737,16.581772,84.75945793,0.52782826,0.022048399,18.51670517,0.147289637,0.009449623,2.274195471,0.145815865,0.068797601,,,,
2023,13,4361529,16.30390862,61.27709692,0.517819268,0.019545011,27.09034893,0.130111545,0.004660007,3.651098627,0.128280304,0.061656751,,,,
2023,13,4258173,15.07821974,,,,73.39591387,0.510357294,0.032646088,4.662210483,0.046650061,0.026124034,,,,
2023,13,3045147,12.21434902,60.96133082,0.387295089,0.026254677,13.39636458,0.062920593,0.00861,2.109413332,0.110747727,0.05238965,,,,
2023,13,4241479,18.30959011,7.625196174,0.092168337,0.003177708,,,,,0.621451785,0.29736372,286.0820447,1.934403909,0.080820301,0.888242768
2023,13,3116165,11.78098212,,,,48.5736048,0.395356111,0.01983094,4.578881936,0.06132039,0.034339419,,,,
2023,13,3123076,12.90466909,,,,58.19034881,0.327452563,0.030127972,5.13416145,0.067209432,0.037637282,,,,
2023,13,4239993,10.91254454,,,,53.14703527,0.302908078,0.010778377,3.826488757,0.061861574,0.034642481,,,,
2023,13,16460,14.52144518,,,,63.2694447,0.334935883,0.0157,6.257408054,0.095027363,0.053215323,,,,
2023,13,2577327,13.86351604,,,,63.39331615,0.275975164,0.011837904,5.9280453,0.076253271,0.042701832,,,,
2023,13,4242355,10.44247823,,,,40.05816674,0.441796476,0.0208,3.782532079,0.03497623,0.019586689,,,,
2023,13,2976499,11.37586815,,,,58.37490815,0.190440901,0.017521921,4.436354692,0.069188041,0.038745303,,,,
2023,13,4241457,13.07597793,59.43697602,0.560459428,0.020615516,12.46077964,0.102319079,0.006817481,1.959991606,0.114662926,0.054178141,,,,
2023,13,3121422,13.49736505,,,,69.13489692,0.229024615,0.011142503,5.254131625,0.060979432,0.034148482,,,,
2023,13,4361307,11.19464365,,,,49.73994148,0.209846571,0.028731158,4.968462811,0.058847365,0.032954525,,,,
2023,13,4361741,18.81972849,9.522541952,0.21640427,0.005265327,,,,,0.496114098,0.237319087,294.1370242,1.622585378,0.075043593,0.692916735
2023,13,4361579,13.11686513,56.22107236,0.30006884,0.022561602,20.79746019,0.128599516,0.00788065,2.886617367,0.112907453,0.053741068,,,,
2023,13,4426354,9.64663487,1.830411932,0.019477955,0.000716462,46.12285297,0.271540651,0.018092649,3.134133979,0.061804123,0.034093731,,,,
2023,13,4360310,17.67190042,21.76738368,0.276605958,0.010743239,,,,,0.599080465,0.286289068,266.9616875,1.243085159,0.079810543,0.719825632
2023,13,3128429,13.3528552,,,,55.22752965,0.531372535,0.032562805,4.679003825,0.093507507,0.052364204,,,,
2023,13,4241474,11.54668282,47.53295945,0.231160313,0.0147148,23.01134417,0.081322557,0.003956504,2.740739152,0.172850805,0.082646263,,,,
2023,13,4428331,11.0351832,,,,49.44097526,0.299778762,0.010736718,4.366444014,0.08732888,0.048904173,,,,
2023,13,4036378,16.3416991,17.90535902,0.105684717,0.007691718,,,,,0.605747472,0.289713944,242.0107781,1.618947323,0.085289681,0.930860213
2023,13,4569987,13.94977217,54.59834811,0.417577048,0.015359839,23.57580567,0.099632099,0.006638448,3.135895379,0.160843308,0.07751902,,,,
2023,13,3932905,11.90578501,,,,55.85929557,0.360018503,0.024,4.203687028,0.084073741,0.047081295,,,,
2023,13,3051392,7.4014227,31.28449561,0.197243702,0.010245083,11.79513229,0.047698643,0.002701421,1.671979269,0.079685136,0.038086217,,,,
2023,13,4372019,12.45153456,57.57437525,0.237511631,0.013863136,20.46612429,0.070607752,0.006496417,2.866585246,0.116849896,0.055810021,,,,
2023,13,4360248,7.53401647,,,,38.55638774,0.125859697,0.009410769,2.930328146,0.023709079,0.013277084,,,,
2023,13,4040761,11.09044483,58.5213814,0.331018259,0.018867057,12.58395338,0.052117533,0.003333809,1.735372019,0.107296401,0.050754577,,,,
2023,13,4248528,11.24000496,1.503587023,0.008711624,0.000634031,52.02757844,0.416659686,0.021950542,3.351475382,0.057353072,0.031747989,,,,
2023,13,4569173,15.98659931,66.33156333,0.358355537,0.018613432,29.86518687,0.093938454,0.005320221,3.737140927,0.141487996,0.067792947,,,,
2023,13,3917315,16.60331411,32.07948951,0.361768458,0.024524231,,,,,0.512504678,0.244575562,225.8914486,0.94560583,0.129467687,0.712859783
2023,13,4426502,10.42720201,,,,48.64979485,0.228443945,0.017081189,4.250360555,0.085007211,0.047604038,,,,
2023,13,4241416,11.30964565,42.92325389,0.20661278,0.009487942,23.3171602,0.073484809,0.003440462,3.086907361,0.114785729,0.055387731,,,,
2023,13,3046779,15.37824023,5.414309493,0.147271282,0.004902842,,,,,0.526023853,0.251882464,267.1127127,1.319799684,0.09383352,0.859046726
2023,13,4241372,13.12551628,1.494447238,0.007913259,0.000536439,66.31787953,0.272352738,0.037289194,4.659043979,0.066443204,0.03687981,,,,
2023,13,16731,10.68387036,1.614071125,0.01050739,0.000601227,45.34341743,0.381176953,0.01791167,3.664248037,0.058526727,0.03240319,,,,
2023,13,4035676,16.39422052,79.72637118,0.792126124,0.019942447,14.1436177,0.061609605,0.004693442,1.951190904,0.12677075,0.059501711,,,,
2023,13,15864,14.75410599,10.52159074,0.048447735,0.002184649,,,,,0.515876029,0.24703656,267.6713606,1.181715378,0.050689464,0.823875269
2023,13,4241463,10.62170143,,,,49.9047554,0.324474131,0.019883956,3.726110062,0.074522201,0.041732433,,,,
2023,13,3895856,12.84764694,,,,64.05547231,0.240928004,0.015468445,5.076629291,0.101532586,0.056858248,,,,
2023,13,4362249,10.20890944,6.507515061,0.027275664,0.001985119,43.35554221,0.273217278,0.014393683,3.479504801,0.088065575,0.047469174,,,,
2023,13,3052587,16.25159442,14.04770358,0.049767713,0.003590867,,,,,0.538905131,0.257533957,217.0555795,1.85095515,0.092843338,0.614923248
2023,13,4430878,8.64017227,,,,41.61691107,0.15005196,0.006436451,3.645018921,0.072900378,0.040824212,,,,
2023,13,4360238,8.76272505,52.09411912,0.349096655,0.019897472,5.639541591,0.028478257,0.001821672,0.761549391,0.089446072,0.041721084,,,,
2023,13,12483,12.18558522,4.509959103,0.044675512,0.001866182,,,,,0.301474703,0.144455816,208.3357773,1.189816001,0.076334713,0.750814509
2023,13,4038941,18.63884807,18.15641858,0.221298695,0.008117979,,,,,0.464470269,0.221993774,264.2028677,1.615850694,0.070279154,0.63057508
2023,13,4361411,9.44835976,,,,36.59622715,0.363036316,0.024188969,3.602164537,0.036597615,0.020494664,,,,
2023,13,4239934,11.8608185,66.39078709,0.307140948,0.022353673,13.28146533,0.04915417,0.002589549,1.835808115,0.141968003,0.066811005,,,,
2023,13,14881,16.87138266,24.68559708,0.129594959,0.009743997,,,,,0.535757006,0.255703576,211.3530995,1.613824917,0.098896091,0.502101735
2023,13,2468609,9.6338377,23.17957853,0.31669402,0.015292638,19.83373602,0.185045674,0.011204174,2.076595722,0.112380402,0.054966909,5.312927913,0.030005406,0.001844694,0.018389786
2023,13,4045163,8.59656092,49.81112256,0.209873781,0.009637691,10.57289953,0.01442783,0.000675492,1.323095555,0.143699297,0.067582439,,,,
2023,13,4361409,8.47524401,,,,40.41449274,0.176063724,0.00856585,3.420160721,0.054755385,0.030663015,,,,
2023,13,4426875,16.47565844,16.52285302,0.132229296,0.008417222,,,,,0.532084297,0.254663089,284.3513319,1.253009708,0.060961415,0.999782919
2023,13,4360294,7.36244602,15.78945032,0.078219699,0.004979173,20.14880211,0.083743678,0.004074297,2.81106654,0.097767323,0.049006602,,,,
2023,13,4426385,13.92398222,56.0903977,0.351302058,0.015841227,23.35712322,0.079461212,0.003408474,3.465175782,0.116603502,0.056051338,,,,
2023,13,3121427,11.09722135,0.881689912,0.006790562,0.000432262,47.64054465,0.211623859,0.010295922,4.978662906,0.060383612,0.033601951,,,,
2023,13,3045144,7.04238791,,,,31.19703194,0.135887161,0.004835272,3.142848913,0.041294381,0.023124853,,,,
2023,13,4428557,8.48593758,21.87870524,0.155254237,0.004607422,19.92848935,0.123380952,0.00503244,2.664609917,0.052337493,0.025931326,,,,
2023,13,4361432,9.55304514,,,,42.13183475,0.299365812,0.0158,3.59060024,0.071812005,0.040214723,,,,
2023,13,4688813,11.46400499,,,,55.20750775,0.244653486,0.018637792,4.537299213,0.090745984,0.050817751,,,,
2023,13,3059915,8.41623353,44.80291181,0.348011899,0.020312843,6.912020671,0.026938823,0.002478564,1.017085845,0.07429818,0.034797354,,,,
2023,13,3886812,15.184482,18.39159337,0.12554768,0.004998084,,,,,0.600534947,0.286969869,240.8306485,1.328841603,0.047284166,0.951510268
2023,13,3121409,8.78252588,,,,42.76161492,0.250875369,0.016047776,3.025290595,0.051455337,0.028814989,,,,
2023,13,4366031,16.19879331,10.28038296,0.065622262,0.003740274,72.43105799,0.450704072,0.028830243,4.809583375,0.123259439,0.066029657,,,,
2023,13,2573401,6.14569171,,,,25.16792782,0.164427821,0.0105,2.647746649,0.024152368,0.013525326,,,,
2023,13,3918639,6.1417285,,,,24.42323395,0.196161219,0.008531756,2.546640993,0.037734566,0.021131357,,,,
2023,13,16813,9.18455755,,,,38.17722866,0.259943009,0.012646745,3.834687292,0.048282279,0.027038076,,,,
2023,13,4373626,7.07686291,39.58086227,0.199436172,0.007985989,7.287316392,0.028920303,0.00216,1.043933095,0.04858035,0.022801442,,,,
2023,13,4372414,8.81926607,4.303441352,0.021955055,0.001281478,40.24464675,0.126375801,0.011627475,3.455424733,0.08585971,0.046406316,,,,
2023,13,4360635,7.37772972,,,,31.15114279,0.219318415,0.00894552,2.958735728,0.027358769,0.015320911,,,,
2023,13,3116389,7.54660896,12.61089838,0.09031888,0.006790904,22.51862329,0.119286484,0.007309942,2.839933832,0.09323818,0.047285458,,,,
2023,13,4429025,7.00831735,,,,32.2262642,0.205426965,0.008934757,2.591951332,0.051839027,0.029029855,,,,
2023,13,4372485,7.35907913,8.693106918,0.034368086,0.002329807,29.09338574,0.083947598,0.011493691,2.910785538,0.066112788,0.034821389,,,,
2023,13,4242214,4.79227957,12.45999898,0.101051014,0.003814155,10.99055451,0.077325333,0.002769443,1.387306773,0.02450998,0.012077914,,,,
2023,13,16757,15.83070335,5.441229502,0.045071527,0.002176431,,,,,0.563097957,0.269785122,264.4162019,1.493322612,0.090390004,0.597114955
2023,13,3116593,5.57630148,15.6573012,0.054555705,0.005272192,14.63713234,0.034945892,0.00235,2.059026571,0.066791214,0.033093203,,,,
2023,13,3115394,6.79045219,,,,35.49631705,0.161395607,0.007556331,2.283869987,0.024265896,0.013588902,,,,
2023,13,3059722,7.54885394,,,,33.85059322,0.223136457,0.014326164,2.844364691,0.043927804,0.02459957,,,,
2023,13,4036348,4.62406691,,,,20.09681459,0.187403968,0.008806193,1.495255723,0.020946132,0.011729834,,,,
2023,13,4567156,6.99587212,1.580782584,0.011041938,0.000327687,32.81051532,0.189706576,0.007737718,2.39278799,0.052704782,0.029029776,,,,
2023,13,3120348,7.2835817,,,,33.54678648,0.118253651,0.006697316,3.277678509,0.06555357,0.036709999,,,,
2023,13,4430191,5.5551709,,,,26.11220146,0.143556533,0.005141545,2.118670689,0.042373414,0.023729112,,,,
2023,13,4243331,6.9922624,,,,25.98869179,0.275705044,0.01382928,2.746425248,0.031934689,0.017883426,,,,
2023,13,3929645,8.62058722,,,,36.29058414,0.28486275,0.017247913,3.281038194,0.030339028,0.016989856,,,,
2023,13,2980453,5.10577456,16.92459494,0.142324168,0.006872602,9.232249955,0.025886874,0.001567402,1.519495535,0.05883806,0.028552861,,,,
2023,13,3122976,3.42076267,9.879386253,0.077376176,0.002667716,7.987664571,0.052810057,0.002206429,0.866855899,0.024893499,0.012162002,,,,
2023,13,4572680,4.46344311,,,,18.02256082,0.138900741,0.007317594,1.836359568,0.021225509,0.011886285,,,,
2023,13,3046439,6.84178521,,,,28.96427111,0.216315009,0.012251039,2.653794919,0.028190137,0.015786476,,,,
2023,13,3915486,7.28488571,,,,31.94287161,0.109881546,0.007382084,3.471494735,0.050246097,0.028137814,,,,
2023,13,4241555,4.22553666,22.02925701,0.182906393,0.004450291,3.593977687,0.019814373,0.000916403,0.469360296,0.03652059,0.017085545,,,,
2023,13,4038524,13.72126307,9.236543341,0.26419399,0.006651308,,,,,0.635259872,0.304072392,232.8901875,0.963511271,0.07340064,0.762983448
2023,13,11252,12.19245941,9.142898871,0.064623401,0.003771954,,,,,0.740927036,0.354819188,228.0354313,0.937997319,0.086302445,0.736523918
2023,13,4361418,14.69516542,10.80448525,0.130631788,0.00387671,,,,,0.348956057,0.166867977,211.6110188,1.435208474,0.058539026,0.587342002
2023,13,4360797,5.83051303,3.63636378,0.023730456,0.000991267,24.99946596,0.143525439,0.009208124,1.994023658,0.048626734,0.026155879,,,,
2023,13,3054212,5.42109263,,,,23.6008002,0.160820632,0.012024865,2.10140608,0.02685267,0.015037495,,,,
2023,13,4371733,4.96632889,12.02609471,0.119593338,0.002850397,11.57448523,0.041549414,0.002460837,1.690358085,0.063706465,0.031623084,,,,
2023,13,4240703,14.92460241,11.42257514,0.181546792,0.00667788,,,,,0.327650956,0.156576595,202.8944614,1.405306512,0.09363503,0.470026495
2023,13,3043116,2.65184632,,,,11.12124387,0.068969514,0.004424859,1.142036751,0.022840735,0.012790812,,,,
2023,13,4426485,9.14416522,,,,49.58299193,0.120067826,0.005621418,3.531454827,0.070629097,0.039552294,,,,
2023,13,4426388,5.21468188,,,,26.51147963,0.123154472,0.008755888,1.847501342,0.036950027,0.020692015,,,,
2023,13,4240600,4.27671467,4.120390181,0.039544615,0.001492606,15.51126491,0.08559835,0.003065745,1.601096636,0.046168715,0.024369986,,,,
2023,13,4722893,4.1668596,9.953054369,0.075057278,0.005643413,9.918648534,0.062430326,0.003825765,1.361438616,0.026541975,0.013157642,,,,
2023,13,3128390,1.39242876,,,,6.597815845,0.019712833,0.001324351,0.621238537,0.008702555,0.004873431,,,,
2023,13,3122672,6.73093722,44.34986554,0.256528849,0.010715702,2.788061901,0.012417226,0.000796649,0.428040403,0.052773758,0.024494542,,,,
2023,13,4685720,12.99503173,13.61907493,0.053549952,0.002459087,,,,,0.574165645,0.274876463,239.3798147,0.961505131,0.045016408,0.834883326
2023,13,3910544,3.59721667,18.79140753,0.129037333,0.004733523,3.601816067,0.013494153,0.000586909,0.52780527,0.039180765,0.018386368,,,,
2023,13,4362238,0.80636412,2.534709449,0.013963528,0.000555892,1.788707333,0.008075596,0.000287354,0.247271834,0.007542633,0.003684913,,,,
2023,13,15880,7.39499182,,,,33.88703622,0.24343694,0.015571961,2.56056213,0.04209776,0.023574745,,,,
2023,13,3115306,4.39969279,,,,19.60241003,0.144624343,0.010282326,1.584272938,0.030294516,0.016964929,,,,
2023,13,4038815,6.26672422,27.98581357,0.210731296,0.012057935,8.189605198,0.050458464,0.00237,1.100248145,0.050947211,0.024202114,,,,
2023,13,3051738,4.58780812,,,,24.4242847,0.124349582,0.004453639,1.417732294,0.025015544,0.014008705,,,,
2023,13,4249836,0.87282083,2.449075692,0.013893297,0.000810927,1.791131544,0.00631091,0.000580649,0.252380756,0.00564745,0.002773627,,,,
2023,13,4362478,2.95402833,15.08064811,0.089614263,0.006074938,3.305149575,0.016826044,0.002303739,0.486373222,0.02869812,0.013539927,,,,
2023,13,4037235,8.72686295,,,,40.32885947,0.160295198,0.021946828,3.63850358,0.072770072,0.04075124,,,,
2023,13,4428850,8.29076921,,,,38.59491361,0.222269819,0.011709659,3.142980374,0.062859607,0.03520138,,,,
2023,13,3050481,6.60124836,,,,29.50096822,0.136574156,0.004859718,2.858116885,0.033035462,0.018499858,,,,
2023,13,3116164,5.1941489,,,,22.57012415,0.162850807,0.009223084,1.961705035,0.018397818,0.010302778,,,,
2023,13,4362504,5.40542121,,,,22.6278558,0.195737004,0.012520733,1.968049496,0.022747643,0.01273868,,,,
2023,13,2576623,8.27251369,,,,41.04424456,0.196099984,0.011106157,3.019964395,0.046349449,0.025955691,,,,
2023,13,4429013,0.47482254,3.113868175,0.027793645,0.001079492,,,,,0.006138183,0.002823564,,,,
2023,13,4686472,6.3965516,2.611078612,0.019381335,0.001457246,26.15291301,0.199598544,0.01223151,2.07137305,0.051223296,0.027705462,,,,
2023,13,4239086,12.38195515,17.92449555,0.1898247,0.007601118,,,,,0.595063475,0.284208448,195.113283,0.885656256,0.066222204,0.745774348
2023,13,3930066,3.67022623,,,,18.91140589,0.075355594,0.005634481,1.339667005,0.021931152,0.012281445,,,,
2023,13,4360078,5.42604921,,,,27.84227234,0.087092239,0.006634719,2.151126868,0.041267642,0.02310988,,,,
2023,13,3139602,4.6628126,21.91735623,0.150944564,0.005862613,6.289121392,0.019782857,0.001270131,0.786077665,0.049492075,0.023475538,,,,
2023,13,4040980,3.15507351,,,,12.24887751,0.106774271,0.003799349,1.305061052,0.021140733,0.011838811,,,,
2023,13,15807,3.72834243,21.25268225,0.115021525,0.004605787,3.028639763,0.014475491,0.00108236,0.415820548,0.038229495,0.017876009,,,,
2023,13,3912092,3.99894111,,,,14.75228473,0.185356396,0.008061816,1.409705691,0.013035234,0.007299731,,,,
2023,13,4250360,13.95451205,8.735591221,0.079550619,0.004131958,,,,,0.684144787,0.327480457,248.2983599,1.234871831,0.069937183,0.889504935
2023,13,3932430,8.00075966,,,,39.32235397,0.25067869,0.0109,2.595668793,0.048477387,0.027147337,,,,
2023,13,3118892,7.46330117,,,,36.71959739,0.20523689,0.007350657,2.600224243,0.050295949,0.028165731,,,,
2023,13,4036131,4.07135855,,,,17.93392944,0.063752429,0.002734649,1.909455347,0.017806621,0.009971708,,,,
2023,13,13982,4.88844324,,,,21.75625132,0.134346505,0.007956906,1.92302568,0.029446797,0.016490206,,,,
2023,13,4241401,6.1886427,22.86627539,0.276794261,0.00696853,8.826276841,0.032549064,0.0024796,1.188751254,0.04774337,0.022789995,,,,
2023,13,4362619,0.28322491,2.213756816,0.010787084,0.000686665,,,,,0.004752177,0.002186002,,,,
2023,13,4036335,2.48352423,,,,11.4989649,0.07938013,0.003316539,0.860715097,0.009145014,0.005121208,,,,
2023,13,4258195,1.09933765,,,,5.641394564,0.021240771,0.001510151,0.413783624,0.008275672,0.004634377,,,,
2023,13,3931391,1.09398329,,,,4.647574771,0.025393938,0.000903592,0.400030365,0.008000607,0.00448034,,,,
2023,13,16799,3.08722012,,,,12.08199713,0.098548489,0.006566248,1.294426968,0.018132844,0.010154393,,,,
2023,13,4240472,4.37767068,,,,18.61267251,0.104831885,0.003754604,1.899107002,0.017560619,0.009833947,,,,
2023,13,3123075,4.9819397,,,,20.9684811,0.160633205,0.00671,1.790305828,0.035806117,0.020051425,,,,
2023,13,4426407,7.63018641,,,,32.6774977,0.258377898,0.012960155,2.848550471,0.056971009,0.031903765,,,,
2023,13,4039358,5.66311956,22.22082853,0.113089457,0.008230634,10.06657619,0.046899868,0.002470787,1.494616246,0.044193209,0.021369977,,,,
2023,13,4362921,7.40440563,1.532981019,0.010461817,0.0005434,37.07741451,0.177185836,0.010034951,2.454562336,0.054183296,0.029833441,,,,
2023,13,3119195,4.42140821,24.31115081,0.102039373,0.007362401,4.733147304,0.036668935,0.001839302,0.710702878,0.048404344,0.022827867,,,,
2023,13,4567096,0.59373152,,,,2.757803629,0.018386898,0.00118,0.209859624,0.004197192,0.002350428,,,,
2023,13,4243389,2.13587822,5.18125089,0.041512163,0.001526952,6.224667117,0.030774959,0.002050524,0.51470028,0.027445186,0.013654186,,,,
2023,13,4240657,2.06386497,5.854192757,0.03478103,0.002357801,4.797080635,0.018396598,0.002518772,0.68741793,0.018269926,0.008990808,,,,
2023,13,4369863,5.4240205,,,,25.28462877,0.112437008,0.010345007,2.249445126,0.044988903,0.025193785,,,,
2023,13,3886598,3.89801637,,,,19.98659151,0.103333798,0.004779126,1.298191674,0.025963833,0.014539747,,,,
2023,13,3052897,4.13854665,,,,16.11767535,0.139252974,0.005818054,1.694619742,0.013711049,0.007678188,,,,
2023,13,2973405,5.82041816,1.882313761,0.012096249,0.000402699,26.83057469,0.100030043,0.007111815,2.2278543,0.050163297,0.027530825,,,,
2023,13,4035222,1.29354075,6.0612043,0.030006882,0.001194581,1.723036524,0.00695007,0.000247,0.242551429,0.016435885,0.007796836,,,,
2023,13,4240631,5.25723296,17.84375861,0.139245739,0.006278993,8.99572643,0.026166985,0.001122428,1.50709744,0.074545706,0.036225616,,,,
2023,13,4362019,7.39936791,,,,33.7381637,0.21168279,0.012817002,2.790860059,0.055817201,0.031257633,,,,
2023,13,4427278,4.54644754,2.55320477,0.008226695,0.000795017,18.16189799,0.078215222,0.00525467,1.738416248,0.043091796,0.023299059,,,,
2023,13,4039160,3.5330359,,,,15.10816589,0.093483515,0.007121608,1.467261104,0.018458306,0.010336652,,,,
2023,13,3929785,5.35486535,,,,23.16608708,0.185392111,0.00756174,1.949548076,0.035449621,0.019851788,,,,
2023,13,4241961,0.96563826,,,,3.860732325,0.032460643,0.00216284,0.385346385,0.004454015,0.002494248,,,,
2023,13,3051439,1.63786242,7.34489556,0.078878393,0.001879994,1.629168957,0.007806069,0.000462328,0.236289147,0.022474068,0.010608996,,,,
2023,13,16002,1.98349067,2.124607964,0.028658223,0.000697282,5.878814812,0.054753863,0.002532333,0.686162273,0.009878494,0.005103313,,,,
2023,13,3911853,3.68247333,,,,14.19596387,0.141589648,0.008676693,1.4143049,0.016751281,0.009380717,,,,
2023,13,3676833,3.31029722,3.482443866,0.025074658,0.001434759,11.52180141,0.105415505,0.00495352,0.913632165,0.028214713,0.014806033,,,,
2023,13,4360405,2.86868056,,,,12.93742134,0.062824714,0.002694855,1.219270085,0.024385402,0.013655825,,,,
2023,13,4035198,1.46045089,,,,6.481550868,0.04998449,0.003063077,0.517583585,0.010351672,0.005796936,,,,
2023,13,4372096,2.72505454,,,,10.46488223,0.120303777,0.005653127,0.957541041,0.011067711,0.006197918,,,,
2023,13,4430802,1.47652806,,,,6.112103863,0.046975772,0.003129978,0.584592726,0.006756998,0.003783919,,,,
2023,13,4050373,2.13693139,,,,10.1626579,0.047756028,0.002828434,0.845237488,0.015330287,0.008584961,,,,
2023,13,4362630,1.42283241,,,,6.924269368,0.026235516,0.001228312,0.577242884,0.006133149,0.003434564,,,,
2023,13,4249417,5.92121606,,,,26.28456909,0.223364825,0.0105,1.974760839,0.039495217,0.022117321,,,,
2023,13,4040774,1.41466289,2.148238347,0.022965254,0.001340442,4.061261908,0.0349083,0.003211813,0.453508319,0.016416292,0.008287244,,,,
2023,13,4362477,2.14250909,5.655973205,0.0299333,0.001098054,4.941530835,0.033184292,0.001443304,0.468069084,0.028145821,0.013883216,,,,
2023,13,4374187,3.59934191,3.459010251,0.018153649,0.001309832,12.60230106,0.106042855,0.005319077,1.139515757,0.033098721,0.017504443,,,,
2023,13,4372063,0.58326506,,,,2.844753168,0.017307135,0.000800445,0.197669437,0.003953389,0.002213898,,,,
2023,13,3045169,10.13912421,5.671475741,0.038967731,0.00376579,,,,,0.806767329,0.386375375,227.7450867,0.902989986,0.06066485,1.380501845
2023,13,4361372,5.10839886,,,,22.01004125,0.102707777,0.006900134,2.30650463,0.026659667,0.014929414,,,,
2023,13,3122899,1.38906911,,,,5.098638837,0.028176123,0.001009141,0.55276219,0.011055244,0.006190937,,,,
2023,13,4034862,4.05230508,,,,16.7869128,0.108582766,0.006431004,1.731137614,0.020009304,0.01120521,,,,
2023,13,3728262,0.66587423,,,,2.586877281,0.01301816,0.000602082,0.202920335,0.004058407,0.002272708,,,,
2023,13,4368003,0.50923823,,,,2.291280031,0.013589153,0.000483543,0.202026825,0.004040537,0.0022627,,,,
2023,13,3917914,1.48770545,,,,6.864863937,0.036024385,0.002133607,0.591719357,0.009979665,0.005588612,,,,
2023,13,3127292,2.94450531,,,,12.35736917,0.048824813,0.002094331,1.432551728,0.019130421,0.010713036,,,,
2023,13,3128724,2.05344252,5.630606573,0.064834562,0.001632265,3.981256795,0.016056075,0.001223158,0.468830937,0.03095888,0.015178747,,,,
2023,13,3917668,1.04757735,,,,4.026214675,0.027369356,0.001143505,0.482125259,0.003358326,0.001880663,,,,
2023,13,4241802,6.93058069,,,,35.56596501,0.190578495,0.010793447,2.258318663,0.045166373,0.025293169,,,,
2023,13,4689334,2.09245804,,,,9.157447258,0.060255464,0.003174389,0.826917913,0.016538358,0.009261481,,,,
2023,13,2977800,1.64696809,,,,7.661575051,0.040225885,0.001749568,0.6501769,0.013003538,0.007281981,,,,
2023,13,4242392,1.79486373,,,,7.512969262,0.05289778,0.003760862,0.72785889,0.008412936,0.004711244,,,,
2023,13,4426553,0.24340514,,,,0.965606242,0.008315467,0.000533493,0.097112253,0.001122469,0.000628583,,,,
2023,13,2574576,0.5415017,,,,2.133300802,0.012025328,0.000808,0.256674761,0.002076737,0.001162973,,,,
2023,13,2576716,0.64862229,,,,2.555655755,0.00965665,0.000469815,0.273336988,0.004983957,0.002791016,,,,
2023,13,2514206,0.61104853,,,,2.469671123,0.017533688,0.000627977,0.260921288,0.003015851,0.001688877,,,,
2023,13,4242557,2.40249486,,,,9.813619876,0.068085131,0.002920499,1.019669814,0.011785824,0.006600062,,,,
2023,13,2998565,1.67583674,,,,7.571878982,0.047885369,0.003647925,0.63499058,0.010012859,0.005607201,,,,
2023,13,4570409,1.72492459,,,,8.258005148,0.015958173,0.00147,0.818333713,0.016366674,0.009165338,,,,
2023,13,3128452,1.06561366,,,,4.452355283,0.026567089,0.002444362,0.463399201,0.006686368,0.003744366,,,,
2023,13,3843945,1.32166617,,,,5.792640067,0.042253503,0.002558372,0.491271642,0.006864678,0.003844219,,,,
2023,13,3127310,2.02408269,,,,8.464087343,0.045262897,0.00161059,0.914987119,0.011074931,0.006201961,,,,
2023,13,3052056,1.21109061,,,,5.409263635,0.0450335,0.001881521,0.405059943,0.008101199,0.004536671,,,,
2023,13,4035115,0.4598338,,,,2.294578848,0.001068955,6.33e-05,0.227051463,0.002940426,0.001646638,,,,
2023,13,4035656,0.66302165,1.815861489,0.012587889,0.00052582,1.878586401,0.008397061,0.000538728,0.172608699,0.007294082,0.003631617,,,,
2023,13,4689988,3.93162707,,,,18.15927074,0.065140476,0.00437628,1.754480952,0.035089619,0.019650187,,,,
2023,13,4361577,2.52393375,,,,13.1230793,0.055873361,0.00271835,0.890424048,0.017808481,0.009972749,,,,
2023,13,4240573,1.11384733,,,,4.915094752,0.015356949,0.000719,0.398332324,0.007966646,0.004461322,,,,
2023,13,4722908,3.64060977,,,,15.97921219,0.100879941,0.007685071,1.440244224,0.016647021,0.009322332,,,,
2023,13,2576581,2.70004234,1.614489617,0.010615351,0.000315028,10.94018399,0.070436085,0.002872934,0.975285923,0.022201558,0.01199084,,,,
2023,13,4048228,2.4890978,,,,10.64232087,0.054246945,0.002639222,1.10811225,0.012808083,0.007172527,,,,
2023,13,4383396,0.59918337,,,,2.053552774,0.020712559,0.000973292,0.270178521,0.002352468,0.001317382,,,,
2023,13,2515270,0.28250839,1.863522441,0.016253775,0.00122209,,,,,0.00426466,0.001961744,,,,
2023,13,4430539,0.59084087,,,,2.606455202,0.016632138,0.00107,0.231184515,0.00267214,0.001496398,,,,
2023,13,4241374,0.52460594,,,,2.179391384,0.0147666,0.000874578,0.219087638,0.002532318,0.001418098,,,,
2023,13,4259979,5.71638796,4.611646448,0.027994448,0.001351806,23.60934841,0.114083438,0.006907541,2.084269928,0.056656934,0.03023073,,,,
2023,13,3914151,2.74791361,,,,10.9449494,0.076867972,0.004049573,1.199270839,0.013861737,0.007762573,,,,
2023,13,4036416,3.07162222,,,,14.07929594,0.054527135,0.002652854,1.360990295,0.027219806,0.015243091,,,,
2023,13,3914397,2.83032422,,,,13.80178899,0.044655597,0.003338984,1.193822534,0.016723537,0.009365181,,,,
2023,13,4035426,4.75072777,,,,21.1831464,0.109569233,0.005129888,1.989892079,0.02300011,0.012880062,,,,
2023,13,4365395,0.60920097,,,,2.49947386,0.023605412,0.000986245,0.21840944,0.002524479,0.001413708,,,,
2023,13,2971281,1.68548108,,,,7.869234887,0.031950951,0.00181,0.713132732,0.009053258,0.005069824,,,,
2023,13,3125107,1.46503765,2.601370277,0.023098373,0.001316539,4.001548263,0.029768023,0.001904175,0.489774485,0.008746294,0.004449746,,,,
2023,13,4361438,1.29522374,,,,5.423670768,0.036984175,0.001799354,0.534103946,0.006173425,0.003457118,,,,
2023,13,3046401,4.28604965,,,,18.94611333,0.12217717,0.007397602,1.515137649,0.030302753,0.016969542,,,,
2023,13,3047876,2.55085095,,,,12.70191524,0.048261444,0.0036086,1.005711611,0.019969156,0.011182727,,,,
2023,13,4045305,4.10551469,,,,19.14838221,0.083078592,0.003889631,1.706466917,0.020154875,0.01128673,,,,
2023,13,4426844,1.54746246,,,,6.553299212,0.040739424,0.005577841,0.644689326,0.007451623,0.004172909,,,,
2023,13,4040612,2.9126492,,,,12.89100896,0.074858466,0.004806183,1.179696897,0.013635493,0.007635876,,,,
2023,13,4035020,0.47414262,,,,2.461131485,0.00394347,0.000182383,0.20661563,0.002388161,0.00133737,,,,
2023,13,4362523,1.03240852,,,,4.576183805,0.025024796,0.001906398,0.426215945,0.004926405,0.002758787,,,,
2023,13,4250764,1.8115942,,,,7.750312193,0.062815832,0.002732086,0.662579025,0.007658401,0.004288704,,,,
2023,13,3923392,0.50232007,,,,2.124599521,0.011822057,0.000420664,0.220878632,0.002553019,0.001429691,,,,
2023,13,2531358,1.01624273,,,,4.073975979,0.036986612,0.00226656,0.387287769,0.004476455,0.002506815,,,,
2023,13,4239944,0.24281655,,,,0.968106283,0.008240631,0.000528692,0.096727417,0.001118021,0.000626092,,,,
2023,13,17315,0.40972302,,,,1.450676808,0.009555947,0.000714516,0.207869999,0.001809943,0.001013568,,,,
2023,13,4360086,3.10621268,,,,12.09309743,0.118099418,0.004817018,1.193762029,0.013798064,0.007726916,,,,
2023,13,3125232,0.49759952,,,,1.828040148,0.009541381,0.000641011,0.258728841,0.002252775,0.001261554,,,,
2023,13,4373030,1.1068426,,,,4.427910085,0.035356512,0.001862658,0.453924882,0.005246678,0.002938139,,,,
2023,13,2508256,0.49007789,,,,1.797653784,0.020461676,0.001529958,0.186844331,0.002159635,0.001209395,,,,
2023,13,4372505,1.62641865,,,,6.196835448,0.063143687,0.003167268,0.629495573,0.007276006,0.004074564,,,,
2023,13,4383440,0.52366584,,,,2.081678677,0.019502631,0.001195132,0.198602323,0.002295539,0.001285502,,,,
2023,13,3046704,1.54731471,,,,5.609742717,0.047183857,0.006460181,0.697368755,0.006448413,0.003611111,,,,
2023,13,4250945,0.9146829,,,,4.068127236,0.026105109,0.00106477,0.356916509,0.00713833,0.003997465,,,,
2023,13,2975863,3.06467853,,,,15.07831359,0.037236138,0.002381889,1.345676605,0.015553964,0.00871022,,,,
2023,13,3929636,0.48277318,,,,2.160770443,0.008836436,0.000593651,0.217241838,0.004344837,0.002433109,,,,
2023,13,4589245,1.01401056,,,,4.970108578,0.022952885,0.001074624,0.385566429,0.007711329,0.004318344,,,,
2023,13,3886809,1.47905093,,,,6.74974569,0.033097209,0.004531507,0.609766665,0.012195333,0.006829387,,,,
2023,14,3116406,23.59258519,3.291059672,0.037615262,0.001046476,114.5333206,0.676105442,0.031212439,7.596099404,0.12293873,0.068020148,,,,
2023,14,4241389,24.12286813,6.633281988,0.05091687,0.003069485,101.9870416,0.854574824,0.041874705,7.89928181,0.150442644,0.08262829,,,,
2023,14,4047646,19.75523981,,,,97.37702119,0.519534955,0.032395876,6.94060106,0.096073975,0.053801426,,,,
2023,14,4040715,21.94995622,34.66397447,0.824476146,0.021853791,,,,,0.695545487,0.331325044,265.402303,1.266232942,0.078956623,0.850826367
2023,14,3918298,21.32667422,32.94282815,0.48987155,0.020321018,,,,,0.572868268,0.273530557,263.7837221,1.726853129,0.09913778,1.036287887
2023,14,4374302,17.97410347,1.723277198,0.01438786,0.000520317,83.79705929,0.358476885,0.0261,7.240062943,0.099813556,0.055528115,,,,
2023,14,4262921,16.10933387,,,,75.49716452,0.367020651,0.016277053,6.440063406,0.105269644,0.058951001,,,,
2023,14,16800,15.78694737,,,,79.81451672,0.298674178,0.018570545,6.057368913,0.074120871,0.041507688,,,,
2023,14,3929630,15.49905392,70.20080001,0.204339369,0.014440542,27.86254616,0.160348435,0.008145049,3.584203441,0.134184588,0.064161073,,,,
2023,14,4239996,15.25939163,60.14314786,0.418532726,0.014644035,28.33142636,0.080467486,0.00537589,3.493243841,0.12347932,0.059304376,,,,
2023,14,2976212,16.26717965,,,,75.40222917,0.406056275,0.023311489,6.378584631,0.123071902,0.068920265,,,,
2023,14,4362628,17.01577349,1.255972098,0.007326724,0.000221865,80.11925566,0.465360709,0.018012939,6.122258869,0.10736433,0.059717178,,,,
2023,14,3054850,19.94159981,69.77759103,0.616075887,0.024327657,35.53532553,0.142637126,0.009131382,4.922984626,0.140561035,0.067790312,,,,
2023,14,3068267,17.30611175,61.60026953,0.40995458,0.016851681,36.85262768,0.176061067,0.007138718,4.099220175,0.2152602,0.104077414,,,,
2023,14,4430807,16.83098643,73.28037524,0.342056938,0.013912285,31.02983812,0.155380737,0.011201936,3.540984071,0.189280227,0.090435737,,,,
2023,14,3916148,17.07043349,65.53577116,0.550143447,0.033164983,26.95646899,0.163933299,0.00803,3.614147422,0.171458435,0.082156193,,,,
2023,14,3043078,13.51833428,64.60741565,0.522409036,0.015271644,15.7616456,0.066774632,0.002702875,2.026021495,0.126228354,0.059487193,,,,
2023,14,2577417,23.8784806,14.23587171,0.205406249,0.012382761,,,,,0.464664796,0.222303295,301.6957355,2.679158627,0.13128046,0.708483924
2023,14,4047650,15.86776157,,,,82.2460387,0.420975425,0.0188,5.190257515,0.101091397,0.056611182,,,,
2023,14,4429795,14.15468984,40.04006309,0.340898843,0.012328134,31.4260657,0.138848722,0.010108368,4.141036352,0.058991468,0.028938894,,,,
2023,14,3116385,15.2386082,66.03505215,0.50454668,0.015278471,19.36500708,0.147743701,0.005718786,2.828239364,0.092375812,0.043904942,,,,
2023,14,15847,14.93633287,,,,61.92781033,0.403493652,0.016347844,6.370345449,0.073567156,0.041197607,,,,
2023,14,4430027,12.44899487,,,,54.25997381,0.321480663,0.023404212,5.098868964,0.047148104,0.026402938,,,,
2023,14,4427366,14.33912382,47.11628071,0.134764408,0.013550334,38.39782105,0.102541147,0.007167639,4.474183634,0.16001495,0.077981633,,,,
2023,14,16737,15.86467093,,,,77.39743914,0.463830185,0.023835217,5.352847312,0.05356057,0.029993919,,,,
2023,14,3126486,15.82617327,15.72172535,0.249732461,0.006110652,64.23344223,0.435714672,0.018946485,3.796472624,0.127261414,0.065986591,,,,
2023,14,2576414,10.47956102,46.54189154,0.560557049,0.015594979,9.913936473,0.059223717,0.002734066,1.206297848,0.139610372,0.065673159,,,,
2023,14,4361370,14.94712806,,,,74.24660729,0.389185522,0.024914983,5.219096836,0.074589821,0.0417703,,,,
2023,14,4697815,14.99988379,60.68735352,0.386736133,0.024590433,24.68984833,0.111410263,0.005725129,3.563982139,0.162828891,0.077812018,,,,
2023,14,4569618,13.43971313,,,,68.32467489,0.286017524,0.019992661,4.959634997,0.0991927,0.055547912,,,,
2023,14,4372016,15.68862836,1.577502157,0.018338757,0.000510193,76.95359652,0.416544686,0.019229805,5.26871967,0.075648388,0.041989914,,,,
2023,14,3915416,15.65351038,,,,75.51470126,0.481894393,0.028519205,5.244082198,0.082705997,0.046315358,,,,
2023,14,3040151,12.67224209,,,,58.88188271,0.420433045,0.018281983,4.267819825,0.039255573,0.021983121,,,,
2023,14,3139477,19.65968038,27.0616371,0.094594772,0.00381185,,,,,0.484493596,0.231550417,275.095325,1.834949632,0.074344345,0.831827522
2023,14,2977187,12.60394287,,,,60.89541346,0.266693192,0.016085936,4.971166244,0.081467624,0.04562187,,,,
2023,14,4035687,18.02642451,,,,88.03912012,0.317774151,0.023526994,7.405158358,0.124677459,0.069819377,,,,
2023,14,4567048,11.54962018,52.51153161,0.381644041,0.014230432,16.28709694,0.043775038,0.001957702,2.201126461,0.126064315,0.059794941,,,,
2023,14,4379399,14.13903506,59.74271601,0.266314207,0.011047336,26.29289813,0.124751297,0.00716,3.286730846,0.143114814,0.068922447,,,,
2023,14,3051876,11.50723341,,,,52.83882794,0.091678723,0.006124893,5.755274598,0.086178664,0.048260052,,,,
2023,14,4426515,13.64732533,3.104182032,0.017948477,0.000744876,64.50033436,0.281057375,0.016952329,5.169704564,0.104282189,0.057507198,,,,
2023,14,4259545,13.05538872,48.04700841,0.375106473,0.009942675,22.63874819,0.109246936,0.00681,3.19462832,0.157102484,0.07579353,,,,
2023,14,3916387,20.83741349,49.93611282,0.489322849,0.011566925,,,,,0.678236213,0.322594653,230.7940688,1.355634245,0.077970546,0.649100128
2023,14,4360438,14.80976339,,,,73.61293204,0.491212605,0.0214,4.52427322,0.060239883,0.033734334,,,,
2023,14,3117251,24.59401349,88.53776211,0.929555735,0.022745106,38.17590869,0.324367275,0.014104688,4.503408674,0.191052779,0.091522957,,,,
2023,14,15795,14.47959653,1.321114036,0.009733792,0.000284549,69.98212725,0.344404561,0.013940663,5.287555524,0.084363391,0.04689483,,,,
2023,14,4241478,13.72838566,,,,63.47100457,0.328713982,0.020497134,5.442316077,0.06794914,0.038051518,,,,
2023,14,3925357,13.39059463,5.300540215,0.035778393,0.00125185,59.56785691,0.362499386,0.024217941,4.554753641,0.086408439,0.046942492,,,,
2023,14,15818,20.10871487,,,,94.34006996,0.407357832,0.016517068,8.362753007,0.151085947,0.08460813,,,,
2023,14,4035538,12.74056941,63.82016619,0.72471077,0.02620816,8.359035591,0.032864926,0.00239261,1.053943737,0.14782454,0.06892511,,,,
2023,14,4432577,16.9601752,11.38515749,0.182517149,0.010417744,,,,,0.533256852,0.255146823,258.0834407,1.428991885,0.104453275,0.523148503
2023,14,4047365,15.62807153,71.83137676,0.480613123,0.019120867,22.99553057,0.074329612,0.004621563,2.95564309,0.203837433,0.096392782,,,,
2023,14,4429160,16.529603,56.83927952,0.659020441,0.01833428,27.38857822,0.176065488,0.008128071,3.198376832,0.166393456,0.079695939,,,,
2023,14,4430737,18.37947513,84.38205819,0.592669075,0.024596225,24.28853833,0.167306704,0.010091314,3.019128247,0.147306371,0.069915259,,,,
2023,14,4258173,15.66576996,,,,77.9151218,0.476444733,0.034826099,5.000658139,0.050036567,0.028020477,,,,
2023,14,4241479,17.92893827,5.638676188,0.100043905,0.002783272,,,,,0.599437577,0.28691595,290.7234508,1.773809,0.081887975,0.7853587
2023,14,4362887,18.90217146,51.752707,0.228851523,0.010595538,,,,,0.851046235,0.404688972,218.6372029,1.458525294,0.086317631,0.816343034
2023,14,3116165,11.9714961,1.412155643,0.011094697,0.000705451,53.27653192,0.281039631,0.014442011,4.792431021,0.067230256,0.037340287,,,,
2023,14,3123076,10.84736644,,,,48.29262864,0.311036776,0.026136112,4.158295996,0.053661878,0.030050651,,,,
2023,14,4239993,11.15566564,,,,52.66498485,0.33519581,0.012974584,3.921269049,0.063303501,0.035449961,,,,
2023,14,16460,13.07711875,,,,57.73444468,0.241193864,0.015954591,5.922193043,0.089240295,0.049974565,,,,
2023,14,2577327,11.97596879,,,,55.86628208,0.20718907,0.009265887,5.200638719,0.066721728,0.037364168,,,,
2023,14,4242355,11.16888932,,,,43.34579138,0.474401274,0.0232,3.981767269,0.036818514,0.020618368,,,,
2023,14,2976499,11.51273209,,,,58.15029542,0.219920643,0.0185,4.41642957,0.068811503,0.038534442,,,,
2023,14,4241457,12.22166506,54.32786841,0.480627832,0.016968222,12.83776166,0.094899329,0.006579056,2.116677163,0.121761034,0.057524314,,,,
2023,14,3121023,10.72195922,,,,49.8351793,0.164531853,0.010259471,4.795476108,0.059206142,0.033155439,,,,
2023,14,4361741,19.43972594,10.7171137,0.20325291,0.004973353,,,,,0.438090067,0.209478156,270.2982209,1.937273471,0.084239812,0.591787813
2023,14,4429205,10.25143631,,,,44.41245368,0.297265676,0.013183479,4.071513195,0.065183273,0.036502633,,,,
2023,14,4429615,13.32682845,3.272084431,0.032593036,0.000770455,60.31521261,0.299285291,0.017213668,5.036555504,0.089043832,0.049023484,,,,
2023,14,4361579,13.10801607,61.43133173,0.263359251,0.018152177,19.44899186,0.116329477,0.007315728,2.7942526,0.111773609,0.053144535,,,,
2023,14,4426354,8.90134714,1.701833384,0.016336451,0.000576747,43.3756335,0.200276587,0.013884512,3.127594496,0.058163365,0.032065394,,,,
2023,14,4258595,10.45174316,0.965122091,0.022885281,0.00105956,39.71183228,0.336797751,0.019932177,4.25038079,0.061402166,0.034017367,,,,
2023,14,4360310,16.38064803,21.14808494,0.290745171,0.010172878,,,,,0.625223781,0.298813108,254.1046124,1.01839634,0.068037254,0.645847699
2023,14,3128429,13.12664593,,,,56.40265319,0.501559476,0.0315,4.512726838,0.090254537,0.050542541,,,,
2023,14,4428331,13.20411169,,,,56.76176008,0.392330896,0.015895577,5.233790925,0.083790868,0.046922886,,,,
2023,14,3916433,9.06153387,1.406702848,0.009609972,0.000382326,38.69062991,0.197200338,0.012261246,3.84727985,0.056975662,0.031567128,,,,
2023,14,4036378,16.8988698,17.58761966,0.104440403,0.007615204,,,,,0.549083503,0.262557106,235.5287228,1.772581097,0.089850875,0.841172913
2023,14,4569987,11.75765183,46.73942571,0.322415563,0.011382651,20.072051,0.074848594,0.005189005,2.800376541,0.150518135,0.072286316,,,,
2023,14,4385690,10.33891307,,,,40.25612258,0.269995729,0.015500321,4.728609563,0.060612289,0.033942882,,,,
2023,14,3932905,10.72088042,,,,50.12543616,0.290261128,0.020122841,4.014327287,0.080286546,0.044960466,,,,
2023,14,3051392,13.42016463,65.85178469,0.303535306,0.015039793,19.6070424,0.058481301,0.003645716,2.842943406,0.193013321,0.091613073,,,,
2023,14,4372019,11.42689783,51.69228714,0.219698891,0.0138948,19.21808793,0.07285728,0.006122125,2.638675378,0.105739355,0.050487968,,,,
2023,14,4360248,8.23793255,,,,42.59174768,0.142309326,0.010259573,3.13209321,0.025341546,0.014191266,,,,
2023,14,4040761,9.01061026,45.57026794,0.257556937,0.014700878,11.08160892,0.037985286,0.002776564,1.6311907,0.102236965,0.048338175,,,,
2023,14,4426502,10.49773379,,,,49.38839803,0.256320161,0.01847901,4.073104547,0.081462091,0.045618771,,,,
2023,14,4241416,12.94181426,59.65540555,0.398830208,0.015452058,18.13333718,0.048868913,0.003232601,2.564112125,0.134975733,0.06415009,,,,
2023,14,4036133,11.37680149,,,,47.0507342,0.24901192,0.011,5.21814506,0.057137951,0.031997253,,,,
2023,14,3046779,14.99506021,3.877319264,0.128236387,0.004637491,,,,,0.510433373,0.244423404,261.8376749,1.280430235,0.093216994,0.738840066
2023,14,4243537,11.39310757,,,,52.01848117,0.449059902,0.025780306,3.518370581,0.066781384,0.037397575,,,,
2023,14,3051926,9.9791228,45.34322126,0.612851525,0.014486974,7.289030099,0.032646972,0.001877721,0.904248394,0.103476163,0.048400551,,,,
2023,14,16731,10.58967829,1.483430735,0.011467142,0.000691288,44.09893247,0.390848489,0.019151822,3.64054853,0.057972083,0.032108284,,,,
2023,14,4048244,10.75972186,58.68883702,0.296834425,0.010747661,11.02052939,0.078455993,0.003479456,1.657295801,0.162760754,0.076501664,,,,
2023,14,4035676,16.89832199,87.28405818,0.802387355,0.023671839,13.01780109,0.060056319,0.00444638,1.753156832,0.127358101,0.059639624,,,,
2023,14,4241463,9.39620765,,,,44.43258182,0.262214045,0.016490117,3.42121253,0.068149612,0.038163783,,,,
2023,14,4362249,12.16934603,7.123009088,0.030834763,0.002248297,51.51783048,0.384713183,0.019500838,3.871571769,0.098038426,0.052840819,,,,
2023,14,3052587,14.61122992,11.78212595,0.040665396,0.00258569,,,,,0.560756396,0.26810062,238.85763,1.368865756,0.070343012,0.732609722
2023,14,4430878,9.46754656,,,,46.75866804,0.147666781,0.006603938,3.979512265,0.079590245,0.044570537,,,,
2023,14,4242431,6.94434957,30.92258126,0.177111851,0.006412794,10.20372282,0.046259427,0.002051566,1.45256613,0.060194724,0.028701383,,,,
2023,14,4360238,8.13976053,50.6882284,0.370582204,0.021152153,3.324402063,0.014849778,0.001085456,0.475740419,0.10474815,0.048538022,,,,
2023,14,4361050,9.0408832,,,,38.53429151,0.274554858,0.015791274,3.553457598,0.041072537,0.023000621,,,,
2023,14,12483,12.75773772,4.845126988,0.052660044,0.002185433,,,,,0.340417714,0.163107149,231.2050964,1.17340013,0.070775105,0.906623197
2023,14,4038941,19.08818803,20.57913786,0.185892754,0.007641348,,,,,0.472813491,0.2260492,277.9572578,1.574710519,0.063849518,0.602789
2023,14,4361411,8.67990863,,,,34.1672404,0.292458698,0.020275192,3.506684157,0.035480479,0.019869068,,,,
2023,14,4239934,7.90688746,39.16620352,0.184759504,0.01347162,11.57244194,0.050625846,0.002566188,1.471689524,0.090241491,0.042718161,,,,
2023,14,14881,16.57038241,31.6245361,0.18722974,0.01290491,,,,,0.519182907,0.247497675,200.3464878,1.453048238,0.091379299,0.634377585
2023,14,16733,9.39350605,,,,43.87551144,0.329352598,0.018943017,3.027123726,0.032162895,0.018011221,,,,
2023,14,4035886,6.69298894,27.84127668,0.162902271,0.007542171,11.50709416,0.062404556,0.003693192,1.445967772,0.066804799,0.031945801,,,,
2023,14,4361777,0.78514056,5.775899546,0.036009403,0.00143261,,,,,0.012725032,0.005853515,,,,
2023,14,4045163,7.56641615,37.88744483,0.182673595,0.007077405,11.68923204,0.01119226,0.00074035,1.531517439,0.109954551,0.05225181,,,,
2023,14,4426385,6.07276167,14.58074521,0.080256547,0.002992541,15.67493724,0.048434813,0.002166096,2.289664967,0.025675372,0.012807487,,,,
2023,14,3045144,7.87010842,1.573776396,0.008555289,0.000259068,33.40078805,0.16063626,0.006217825,3.395957788,0.047583787,0.026331446,,,,
2023,14,4428557,8.68677093,18.39197327,0.114941457,0.003360097,23.17044521,0.113589465,0.004597827,3.194721021,0.052422439,0.02633966,,,,
2023,14,4361432,10.89920645,,,,47.90447471,0.395292404,0.020037091,3.779595311,0.075591906,0.042331467,,,,
2023,14,4688813,10.79616171,,,,52.5047661,0.225350639,0.016684249,4.234349815,0.067790221,0.037962524,,,,
2023,14,3059915,8.21855113,43.11015779,0.339459238,0.021469013,7.025468725,0.028670801,0.00241,1.015214461,0.073337725,0.03435112,,,,
2023,14,3886812,16.19538147,15.95582088,0.174964537,0.005298203,,,,,0.504112972,0.241093972,240.1723109,1.445371775,0.055946696,0.745994613
2023,14,3121409,10.02896285,,,,51.64297388,0.218904368,0.016000985,3.585939282,0.060991071,0.034155,,,,
2023,14,3918639,6.41605871,,,,26.12894756,0.191733203,0.007774173,2.680303482,0.039397404,0.022062546,,,,
2023,14,4373626,5.88484512,34.28399995,0.207197035,0.008427206,4.711104698,0.019566271,0.0014106,0.641844034,0.040515176,0.018916411,,,,
2023,14,4372414,9.37323896,2.796313836,0.01468346,0.000928652,44.49908562,0.169829242,0.014270583,3.509095863,0.081257894,0.044396823,,,,
2023,14,4360635,8.26235162,,,,36.95347634,0.186810298,0.007561629,3.466068898,0.032049966,0.017947981,,,,
2023,14,16782,10.10082599,19.37322919,0.204583397,0.008244021,27.3773248,0.189868454,0.007692661,3.084804098,0.059152001,0.029588987,,,,
2023,14,3116389,6.30615226,9.852641931,0.059512622,0.004101939,19.09070906,0.098933407,0.006221724,2.512846203,0.072482088,0.037133272,,,,
2023,14,4429025,8.48496614,,,,39.98076339,0.225565711,0.009145974,3.184864549,0.063697291,0.035670483,,,,
2023,14,3125116,5.30971253,27.11752255,0.222393408,0.010296536,4.965084291,0.028041387,0.00165953,0.634622569,0.065539578,0.030709813,,,,
2023,14,4242214,12.42792809,52.70701253,0.51446769,0.020731312,14.83704209,0.118056261,0.004783137,1.901501974,0.080520484,0.038137975,,,,
2023,14,16757,14.49056021,6.986325645,0.063041937,0.002489405,,,,,0.517810444,0.247922727,227.1856416,1.452049638,0.092957702,0.595338477
2023,14,3116593,5.7539321,22.14992208,0.072898848,0.007329856,12.93007933,0.026573166,0.001857468,1.728194633,0.10364995,0.050102705,,,,
2023,14,3115394,6.3921556,,,,33.89299434,0.118216765,0.007819851,2.304693474,0.024487144,0.0137128,,,,
2023,14,3059722,10.77471068,,,,50.28268164,0.249910101,0.016696051,4.285814809,0.066045537,0.036985501,,,,
2023,14,4036348,4.89014736,,,,21.2111398,0.203096044,0.00995,1.554369447,0.021774221,0.012193564,,,,
2023,14,4567156,6.71778969,1.423055354,0.008711262,0.000254657,33.11034705,0.131145709,0.005308461,2.47232787,0.054005617,0.02978724,,,,
2023,14,3916566,3.29634101,,,,13.56532979,0.087712221,0.003889962,1.437191879,0.028743838,0.016096549,,,,
2023,14,3120348,8.99547345,,,,43.51515392,0.070214011,0.004377131,4.30814825,0.086162965,0.04825126,,,,
2023,14,4426386,9.41601355,28.37348262,0.23501546,0.010880921,19.70273796,0.108000799,0.006391643,2.60315245,0.092240016,0.044919821,,,,
2023,14,4430191,4.84089006,,,,21.88973071,0.139244912,0.005641611,1.845532221,0.036910644,0.020669961,,,,
2023,14,4040655,6.07786595,,,,28.94839141,0.187411435,0.011091279,2.071194731,0.03183847,0.017829543,,,,
2023,14,3044720,15.03370319,23.89128369,0.230168297,0.00833384,,,,,0.811661676,0.387723358,214.8978017,1.219707164,0.054092973,0.791001297
2023,14,4243331,6.5085871,,,,25.92903843,0.203526434,0.010458778,2.708040059,0.031488357,0.01763348,,,,
2023,14,3929645,6.85629489,,,,27.84439873,0.248236485,0.01589167,2.576708162,0.023826246,0.013342698,,,,
2023,14,2980453,8.86712824,43.36298948,0.396775602,0.015667909,7.559005947,0.024156667,0.001546468,1.318799963,0.113482125,0.053443816,,,,
2023,14,3122976,1.0310578,3.34897246,0.035761628,0.000994906,1.95841683,0.012446961,0.000574615,0.215876048,0.008497862,0.004086078,,,,
2023,14,4572680,5.61369508,,,,22.88458831,0.202547159,0.010266971,2.116166155,0.024459645,0.013697401,,,,
2023,14,3046439,7.75730159,,,,33.84334928,0.19190996,0.011963639,3.235085593,0.034296404,0.019205986,,,,
2023,14,3915486,7.53552548,,,,35.15572771,0.103446273,0.007230907,3.438871909,0.049429149,0.027680324,,,,
2023,14,4596334,7.93293196,31.99282348,0.324142189,0.007662279,10.63722885,0.064266447,0.003696344,1.387191945,0.076118042,0.03622214,,,,
2023,14,4038524,14.62148225,9.051849853,0.232945359,0.006872298,,,,,0.679379235,0.325281693,248.6504938,1.089046317,0.080629546,0.762980106
2023,14,11252,13.03544896,9.555401412,0.069565652,0.004399662,,,,,0.71148897,0.340671046,230.8732214,1.102889382,0.092674701,0.757779057
2023,14,4038441,4.07109241,11.52287352,0.122643379,0.002899122,7.804939823,0.038976149,0.002241749,1.197333013,0.040810095,0.020050423,,,,
2023,14,4361418,13.54557773,8.753802582,0.09400546,0.002748073,,,,,0.629639643,0.30128644,231.6960138,1.141958365,0.04622371,0.620749992
2023,14,4360797,4.99017347,1.503727156,0.01037987,0.000430773,22.84051816,0.107333803,0.006473973,1.878679468,0.040177801,0.022042031,,,,
2023,14,3054212,6.34044749,,,,27.23857413,0.212494493,0.015319465,2.343612756,0.029834437,0.016707285,,,,
2023,14,4371733,5.52344494,14.02518553,0.145757442,0.003863487,12.34446453,0.042581307,0.00265518,1.81021722,0.069424396,0.034318558,,,,
2023,14,15920,7.36350352,31.2275928,0.278076098,0.011535247,8.798497286,0.050650062,0.002907795,1.398765209,0.042168133,0.020114872,,,,
2023,14,4360569,5.10835122,27.49044399,0.252857529,0.006187118,3.389305892,0.019866235,0.000863857,0.410291412,0.044526217,0.020767855,,,,
2023,14,3043116,4.43404093,,,,18.80879981,0.104266948,0.006288992,1.957804087,0.039156082,0.021927406,,,,
2023,14,4426485,9.25303754,,,,50.41269879,0.098696464,0.006528614,3.687180492,0.07374361,0.041296422,,,,
2023,14,4426388,4.7739075,1.78194588,0.016867244,0.00060998,22.92862349,0.100370427,0.007307098,1.624059342,0.038015999,0.020735478,,,,
2023,14,4240600,4.63793227,6.222846787,0.070970232,0.002859861,14.77659555,0.096341463,0.003903346,1.574168073,0.053084,0.027490311,,,,
2023,14,4722893,5.02564387,14.64538592,0.092059909,0.006345279,10.82629122,0.067206829,0.004226503,1.534018267,0.033735883,0.016587053,,,,
2023,14,3128390,3.78907157,,,,18.82998506,0.068237482,0.004769809,1.51024479,0.021156105,0.011847419,,,,
2023,14,4569587,7.88300288,3.872809639,0.012110852,0.000855867,33.85947255,0.099099637,0.005033859,3.501405074,0.066543028,0.0362154,,,,
2023,14,3122672,3.37709814,21.64482687,0.133002416,0.005519703,1.498917149,0.005803683,0.000350056,0.242635401,0.027123939,0.012600888,,,,
2023,14,4685720,11.78881526,13.09480607,0.060805077,0.002355798,,,,,0.585040336,0.280117451,228.2455702,0.803105786,0.053124172,0.896943401
2023,14,3910544,3.95118997,22.98930972,0.111390418,0.004578839,3.801918825,0.012819462,0.00052,0.550927058,0.037559527,0.017653449,,,,
2023,14,4362238,4.20059213,27.07947982,0.177081611,0.005362311,1.716751516,0.008541177,0.000330607,0.245086874,0.054623522,0.025340219,,,,
2023,14,15880,7.4915763,,,,35.93375504,0.192325732,0.014058199,2.76585979,0.045473023,0.025464893,,,,
2023,14,3115306,5.53412276,,,,25.07149291,0.176815507,0.0128724,1.981717303,0.037837207,0.021188836,,,,
2023,14,4038815,5.73594271,22.12345374,0.198887967,0.011989811,8.696772241,0.052933684,0.002593784,1.155249169,0.044557327,0.021301079,,,,
2023,14,4240391,13.65769972,22.85621979,0.109391783,0.007730653,,,,,0.55372858,0.264420476,215.2609104,1.064149788,0.054054485,0.880338926
2023,14,3051738,5.15137073,,,,26.65868089,0.156265696,0.006331221,1.565378889,0.027552561,0.015429434,,,,
2023,14,3916945,7.80153157,,,,40.64344271,0.164169709,0.00834,2.795707755,0.055063138,0.030835357,,,,
2023,14,3052096,0.5113504,,,,1.995282194,0.014020706,0.000621806,0.229353219,0.002650973,0.001484545,,,,
2023,14,3930086,5.75858247,,,,22.97994733,0.234626746,0.0135,2.051023477,0.023037693,0.012901108,,,,
2023,14,4249836,1.19570432,4.797045794,0.027777908,0.001756807,1.833809608,0.006840693,0.000574817,0.251242943,0.009465237,0.004529016,,,,
2023,14,4429086,6.60488192,,,,29.66367057,0.148045788,0.009204984,2.766801761,0.031979998,0.017908799,,,,
2023,14,4428850,8.40966132,,,,38.6423158,0.270935138,0.01373351,2.957029352,0.059140587,0.033118729,,,,
2023,14,4360939,7.3407898,,,,36.63801029,0.144831588,0.008330122,2.848627355,0.052387814,0.029337176,,,,
2023,14,3050481,6.08913433,,,,26.29727507,0.132737653,0.00513794,2.686663192,0.031053719,0.017390083,,,,
2023,14,4373678,5.58836924,,,,26.05533518,0.135169846,0.00776,2.124964437,0.042499289,0.023799602,,,,
2023,14,3116164,3.16433625,,,,13.95417689,0.080998569,0.005049439,1.286017868,0.012060897,0.006754102,,,,
2023,14,3121410,0.49345416,,,,1.84956393,0.007399104,0.000375844,0.204729157,0.004094583,0.002292967,,,,
2023,14,4361259,12.30626452,16.70484071,0.052873554,0.005316347,,,,,0.664698622,0.318000767,230.3653866,0.801364138,0.056015454,0.802857479
2023,14,4362504,7.51442058,,,,33.17267437,0.223571013,0.016342097,2.859186432,0.033047824,0.018506781,,,,
2023,14,3135321,5.12811608,,,,22.51864306,0.052536006,0.00326651,2.611623079,0.052232462,0.029250178,,,,
2023,14,4429013,0.29823852,2.030789876,0.016263926,0.000569058,,,,,0.003986017,0.001833568,,,,
2023,14,4686472,6.06668911,2.910195007,0.018028832,0.001242647,24.95006327,0.176629582,0.011107881,1.978806918,0.049758123,0.02684635,,,,
2023,14,3049916,3.3762848,14.23152975,0.040912839,0.002891286,6.565565581,0.021470264,0.00109,0.965106164,0.054084909,0.026110044,,,,
2023,14,4692590,8.35586304,,,,41.31162242,0.200495439,0.010184354,3.068473261,0.061369465,0.034366901,,,,
2023,14,4260394,11.52468685,6.777400071,0.093101177,0.003703967,,,,,0.632356143,0.302872589,221.7791479,0.878975013,0.054651678,0.813186151
2023,14,4239086,13.46297699,16.63959726,0.212984715,0.008662605,,,,,0.625955508,0.299077253,205.9897937,1.04979629,0.075683456,0.752352775
2023,14,3930066,3.46467904,,,,17.63218971,0.083178563,0.005996631,1.212095484,0.01984273,0.011111929,,,,
2023,14,4360078,7.12796383,,,,36.01696579,0.164669189,0.012191586,2.567326366,0.04888163,0.027373713,,,,
2023,14,4432620,7.39741375,,,,35.52223529,0.131557591,0.008789129,3.02055677,0.060411135,0.033830236,,,,
2023,14,3139602,5.81422461,27.76257557,0.171055613,0.005985062,7.754461766,0.021619601,0.00144,1.086676286,0.06290912,0.029909528,,,,
2023,14,4040980,2.64346146,,,,9.913114775,0.095789906,0.003707786,1.089292316,0.017645488,0.009881473,,,,
2023,14,15807,4.61947355,20.44702566,0.129990584,0.005287032,6.571488082,0.031131624,0.00224,0.847396208,0.045843664,0.021774326,,,,
2023,14,3912092,4.79671079,,,,18.21360843,0.211631715,0.008580995,1.705645603,0.015771724,0.008832166,,,,
2023,14,4250360,11.65196445,8.524686365,0.054821279,0.002716326,,,,,0.519866248,0.248854956,232.0394169,0.809204649,0.050445702,0.835090639
2023,14,3932430,7.5526662,,,,37.58968155,0.228090745,0.009248356,2.4567369,0.045796457,0.025646016,,,,
2023,14,3118892,5.48096275,,,,25.80250139,0.168459137,0.006825247,1.916856222,0.037077611,0.020763462,,,,
2023,14,4036131,4.53206015,,,,20.56922723,0.058412682,0.002612326,2.141238671,0.019935878,0.011164092,,,,
2023,14,13982,0.56576133,,,,2.438638655,0.016162206,0.001007803,0.226704876,0.003471473,0.001944025,,,,
2023,14,3924327,14.29184972,12.829362,0.146134453,0.005448942,,,,,0.677907576,0.324449651,268.9546706,1.066838775,0.047711047,1.184367899
2023,14,4241401,2.84044161,11.55567861,0.126431058,0.003729939,3.690858943,0.013695925,0.001014003,0.485565936,0.021655661,0.010299833,,,,
2023,14,4036335,1.82620057,,,,8.636713997,0.053582823,0.00247,0.64357005,0.006837869,0.003829207,,,,
2023,14,3115255,0.87490082,2.71017369,0.012221381,0.000442507,1.785367866,0.010695136,0.000474,0.210989892,0.014135743,0.006924421,,,,
2023,14,4258195,1.61687335,,,,8.368013673,0.029758922,0.00217,0.61053217,0.012210643,0.00683796,,,,
2023,14,3931391,1.12194531,,,,4.703164978,0.028104118,0.00108784,0.405933006,0.00811866,0.00454645,,,,
2023,14,16799,3.22754453,,,,12.8610769,0.080192867,0.005559506,1.471706625,0.020616247,0.011545099,,,,
2023,14,4240472,4.37346641,,,,17.67523126,0.12340552,0.004999866,1.874465328,0.017332763,0.009706347,,,,
2023,14,3123075,4.29507761,,,,18.39090402,0.126675733,0.005847991,1.561674969,0.031233499,0.01749076,,,,
2023,14,4426407,7.64819018,1.370482008,0.007286685,0.00046332,35.07871963,0.169978373,0.008734816,2.990823048,0.064428651,0.035618825,,,,
2023,14,4242540,2.45755924,,,,10.16444979,0.07287848,0.003701931,1.018721278,0.020374426,0.011409678,,,,
2023,14,4362921,8.70160413,5.032358588,0.022383321,0.001109065,43.60972347,0.137213174,0.00855385,2.938213664,0.073825743,0.039836269,,,,
2023,14,2576336,2.0568832,1.919939098,0.011501192,0.000457567,7.020007337,0.027071492,0.001683213,0.938374314,0.010927577,0.00574601,,,,
2023,14,3119195,3.85651881,15.48962508,0.063215066,0.0040195,6.850175521,0.040907886,0.002102167,1.01678482,0.033335624,0.016054559,,,,
2023,14,4567096,4.24645648,,,,21.07888513,0.100450166,0.007342483,1.555196401,0.031103928,0.0174182,,,,
2023,14,4243389,1.94314108,4.78226285,0.034088835,0.001203482,5.84299364,0.020549973,0.001424661,0.508337907,0.028051181,0.013920219,,,,
2023,14,4369863,4.95623315,,,,23.16471041,0.114021297,0.009581096,1.979775093,0.039595502,0.022173481,,,,
2023,14,3886598,4.89593534,,,,24.00093524,0.165530812,0.007197892,1.52153965,0.030430793,0.017041244,,,,
2023,14,4361516,6.15806593,,,,25.37479678,0.155562228,0.007901929,2.705606417,0.031272674,0.017512697,,,,
2023,14,3039707,12.73968669,13.94823722,0.202215618,0.007139078,,,,,0.460399577,0.219862797,188.5198205,1.121206176,0.077729506,0.818119919
2023,14,3052897,3.47638603,,,,13.76190274,0.109235145,0.005042846,1.447507278,0.01171168,0.006558541,,,,
2023,14,2973405,4.4587619,1.741332297,0.010843073,0.000392125,20.27151604,0.071984485,0.005240565,1.704726767,0.039629347,0.021638953,,,,
2023,14,4035222,0.80820666,2.198321577,0.013398183,0.000405718,1.653332838,0.007415053,0.000287018,0.240436956,0.007041652,0.003473429,,,,
2023,14,4240631,0.61174672,,,,1.700247065,0.004667342,0.000208732,0.287927591,0.003674425,0.002057678,,,,
2023,14,4362019,5.84983444,,,,25.95221313,0.180827554,0.011576267,2.194493928,0.043889879,0.024578332,,,,
2023,14,2971618,3.79501206,,,,18.24917694,0.112953125,0.006496602,1.307991423,0.026159828,0.014649504,,,,
2023,14,4427278,6.43531712,2.196259308,0.006584569,0.000662067,28.60360765,0.100222939,0.007005596,2.530418346,0.0581582,0.031813609,,,,
2023,14,4039160,3.74284553,,,,16.43646425,0.096240869,0.00712537,1.528178994,0.01890629,0.010587522,,,,
2023,14,4426891,1.04388661,4.091907257,0.018643391,0.000766359,2.00038656,0.008910264,0.000361283,0.27641198,0.009904586,0.004796784,,,,
2023,14,3929785,5.56493396,,,,25.72695359,0.145803493,0.0059,2.148280264,0.039013052,0.021847309,,,,
2023,14,4241961,1.80448177,,,,7.333395178,0.055125603,0.003821675,0.742126275,0.008577845,0.004803593,,,,
2023,14,4570674,4.50563781,21.01780019,0.08601593,0.004261981,7.459948202,0.028248958,0.001761036,1.008897052,0.052498408,0.025027723,,,,
2023,14,3043275,2.26431554,,,,9.66530735,0.039304857,0.002443842,1.066504469,0.008629013,0.004832247,,,,
2023,14,4259308,0.35891846,2.083829174,0.015151317,0.000587014,,,,,0.00520003,0.002392014,,,,
2023,14,3051439,1.69760403,7.354818678,0.08294685,0.002198612,1.765851441,0.008505137,0.000530342,0.2522197,0.022689473,0.010725658,,,,
2023,14,16002,1.73308793,1.294744651,0.015348076,0.000375549,5.377973494,0.059121602,0.002570826,0.620816505,0.007497073,0.003954604,,,,
2023,14,3911853,3.98516297,,,,15.22492979,0.153254793,0.00964,1.543801726,0.018233656,0.010210847,,,,
2023,14,14053,1.42381208,,,,6.231535296,0.026606489,0.001859797,0.651550968,0.013031019,0.007297371,,,,
2023,14,3676833,4.16233905,3.210620856,0.027349811,0.001648763,15.10364597,0.145046885,0.007107389,1.184042908,0.033210774,0.017645042,,,,
2023,14,4360405,2.19597741,,,,9.984874411,0.044385597,0.001985008,0.947939824,0.018958796,0.010616926,,,,
2023,14,4035198,0.90888083,,,,4.058375993,0.02931256,0.001843408,0.330714461,0.006614289,0.003704002,,,,
2023,14,4372096,0.71679106,,,,2.745554354,0.031766809,0.001556594,0.251703207,0.002909304,0.00162921,,,,
2023,14,3921690,1.54914578,,,,6.016975038,0.05032635,0.002231931,0.649232955,0.00750414,0.004202319,,,,
2023,14,3915411,3.5662428,13.8393398,0.111650816,0.004631537,6.765055464,0.021853776,0.001254614,0.723728349,0.032922147,0.015797465,,,,
2023,14,4430802,0.45613534,,,,1.904232101,0.012593396,0.000873058,0.190817663,0.00220556,0.001235114,,,,
2023,14,4050373,2.27035718,,,,10.72310504,0.051399757,0.003205059,0.901045599,0.0162832,0.009118592,,,,
2023,14,4249417,5.57591175,,,,24.48154138,0.216475927,0.010607457,1.848106726,0.036962135,0.020698795,,,,
2023,14,4040774,3.62749823,2.081496504,0.022950966,0.001451528,12.53452282,0.11014309,0.009255215,1.377619323,0.030594018,0.016255423,,,,
2023,14,4362477,0.79816964,4.548378397,0.018894903,0.000776698,,,,,0.01291679,0.005941723,,,,
2023,14,4686422,2.35302008,5.228958757,0.037656298,0.002149352,7.703555036,0.043715935,0.00319545,0.58860854,0.028433048,0.014256419,,,,
2023,14,4374187,2.67389632,4.362866578,0.021452841,0.001364069,8.93427206,0.048994635,0.002517727,0.81451983,0.030126965,0.015487444,,,,
2023,14,4372063,0.56552638,,,,2.625840583,0.021027225,0.000914341,0.17886261,0.003577252,0.002003261,,,,
2023,14,4428718,2.88565629,4.500734635,0.021112588,0.00083995,11.41084235,0.041812742,0.002599774,0.943771031,0.033489986,0.017292936,,,,
2023,14,13232,2.99489683,,,,10.1445762,0.153526283,0.009828487,1.05508687,0.014138865,0.007917764,,,,
2023,14,2577134,3.35045553,5.298008706,0.021409673,0.001060822,10.937724,0.034578078,0.002155592,1.400695307,0.016187109,0.008299789,,,,
2023,14,2976592,5.05691407,,,,21.11260214,0.129654792,0.006585937,2.191878273,0.034129506,0.019112523,,,,
2023,14,4372780,4.75425602,,,,19.24286839,0.15605769,0.010322968,1.899740684,0.024474626,0.013705791,,,,
2023,14,4361372,4.4453832,,,,20.02722307,0.078902294,0.00551528,1.983285162,0.022923744,0.012837297,,,,
2023,14,3122899,1.98708817,,,,7.388647856,0.047483642,0.001923835,0.811067749,0.016221355,0.009083959,,,,
2023,14,2975674,1.54640221,,,,6.175043045,0.042786052,0.00253214,0.673072589,0.005445783,0.003049639,,,,
2023,14,3917914,1.0480392,,,,4.808290105,0.025556809,0.001593608,0.418399435,0.007056531,0.003951658,,,,
2023,14,2983509,0.58466784,1.091114703,0.008406749,0.000479842,1.642891011,0.00681468,0.000498124,0.222381203,0.004476612,0.002258319,,,,
2023,14,3127292,2.88026156,,,,12.56003834,0.044025926,0.001968923,1.37626311,0.018378738,0.010292093,,,,
2023,14,3128724,0.39632385,1.465553542,0.015546847,0.000458659,,,,,0.005246693,0.002413479,,,,
2023,14,3917668,1.54856134,,,,5.978584021,0.038376604,0.001771658,0.722403267,0.005032024,0.002817933,,,,
2023,14,4241802,7.34422067,,,,39.04274262,0.146390917,0.009125989,2.600219854,0.052004397,0.029122462,,,,
2023,14,4689334,3.75871185,,,,16.52619745,0.128993681,0.006538598,1.348546261,0.026970925,0.015103718,,,,
2023,14,4565908,4.7869763,3.257550897,0.021886914,0.001013337,19.83300004,0.125158073,0.007407035,1.544460584,0.041723494,0.022281729,,,,
2023,14,2977800,2.28468262,,,,10.81944455,0.051294535,0.002079831,0.910731067,0.018214621,0.010200188,,,,
2023,14,4242392,1.7516929,,,,7.355894444,0.049829697,0.003627667,0.718957598,0.008310051,0.004653628,,,,
2023,14,4426553,1.57738798,,,,6.399523308,0.046621714,0.002812047,0.660429254,0.007633552,0.004274789,,,,
2023,14,3122168,1.12928823,,,,5.215155795,0.034689496,0.001991507,0.402703031,0.006447112,0.003610383,,,,
2023,14,4012556,0.9383435,,,,3.350242244,0.018939084,0.000839932,0.49307621,0.004637232,0.00259685,,,,
2023,14,4429676,4.44036353,12.4159976,0.133143658,0.003927972,9.563603048,0.035939583,0.002660853,1.249075084,0.036001689,0.017648358,,,,
2023,14,4242557,1.75599835,,,,7.307260535,0.0473061,0.002115618,0.74664211,0.008630041,0.004832823,,,,
2023,14,2998565,1.17202746,,,,5.324191069,0.034348594,0.00254,0.435954877,0.006874361,0.003849642,,,,
2023,14,4570409,0.43555093,,,,2.019184947,0.005351474,0.00045,0.205110061,0.004102201,0.002297233,,,,
2023,14,15839,2.59265287,1.662478042,0.008470653,0.000535724,11.89448873,0.049730237,0.00418,0.901539376,0.022185873,0.011902784,,,,
2023,14,3128452,0.54092953,,,,2.24093851,0.014487848,0.0012174,0.231109551,0.003324427,0.001861679,,,,
2023,14,4039057,0.46507846,,,,2.072874834,0.014016786,0.000881488,0.175771573,0.003515431,0.001968642,,,,
2023,14,3843945,3.49165896,,,,14.82235424,0.12059088,0.007720019,1.289991041,0.017879483,0.01001251,,,,
2023,14,3127310,1.52731665,,,,6.154757199,0.038146706,0.001476563,0.6890986,0.008313064,0.004655316,,,,
2023,14,4258248,2.84406006,,,,10.88503173,0.124634008,0.006107145,1.008283471,0.011654215,0.006526361,,,,
2023,14,3052056,1.79685471,,,,8.186377893,0.062332122,0.002877565,0.611851737,0.012237035,0.006852739,,,,
2023,14,4240069,3.04242619,,,,15.16115105,0.048335529,0.00301323,1.257779715,0.025155594,0.014087133,,,,
2023,14,2975417,0.90658909,,,,3.24240516,0.023173302,0.001332834,0.445845411,0.004756892,0.002663859,,,,
2023,14,4035693,0.93160834,,,,4.403951312,0.026006016,0.00154,0.336001294,0.003569981,0.001999189,,,,
2023,14,4035656,2.02033821,1.501747547,0.011051245,0.000458635,8.374883141,0.032367762,0.001952302,0.784528666,0.016425261,0.008811618,,,,
2023,14,4241263,1.03431292,,,,4.208262047,0.035593915,0.00205,0.400890551,0.004633682,0.002594862,,,,
2023,14,4240573,1.05090757,,,,4.688842644,0.010529867,0.000696534,0.39704544,0.007940909,0.004446909,,,,
2023,14,4722908,2.70261404,,,,11.98935625,0.075899825,0.005619383,1.050317162,0.012140061,0.006798434,,,,
2023,14,2576581,2.77007736,1.454746765,0.008366653,0.000244583,11.88923785,0.052704495,0.00213,1.089911012,0.023994872,0.013022085,,,,
2023,14,4027873,2.06237052,,,,9.516147693,0.066519419,0.003371822,0.720657932,0.014413159,0.008071369,,,,
2023,14,4383396,0.6293939,,,,2.183815552,0.021447384,0.001050935,0.282920388,0.002463413,0.001379511,,,,
2023,14,2515270,0.30244653,2.112922669,0.015496534,0.001068107,,,,,0.004432772,0.002039075,,,,
2023,14,2580216,0.32455909,1.407442649,0.006721394,0.000267406,,,,,0.004871522,0.0022409,,,,
2023,14,4259979,4.94124662,7.450467772,0.052849085,0.002086909,17.45453218,0.093168787,0.005964504,1.615795648,0.056843366,0.029379539,,,,
2023,14,3914151,1.66354489,,,,6.587059944,0.055919355,0.002834512,0.672149848,0.007769025,0.004350654,,,,
2023,14,3914397,2.14130024,,,,10.29309899,0.041727511,0.003008281,0.868919944,0.012172174,0.006816417,,,,
2023,14,4043016,0.13976422,1.096160291,0.00549373,0.000204846,,,,,0.003607914,0.00165964,,,,
2023,14,4035426,1.97436777,,,,8.833653747,0.036483872,0.00241335,0.878375256,0.010152675,0.005685498,,,,
2023,14,4365395,1.19860939,,,,5.021119522,0.043220278,0.001995266,0.438731025,0.00507106,0.002839794,,,,
2023,14,2971281,1.03061614,,,,4.908405061,0.012834151,0.000800079,0.467663425,0.005937012,0.003324727,,,,
2023,14,3125107,1.313706,2.281115427,0.020741264,0.001183873,3.569203638,0.025065336,0.00183217,0.456469817,0.008810115,0.004450105,,,,
2023,14,3046401,3.23820582,,,,13.6266284,0.099720335,0.00638,1.127539119,0.022550782,0.012628438,,,,
2023,14,3047876,2.24560531,,,,11.09920215,0.049947844,0.0036,0.847194311,0.016821677,0.009420139,,,,
2023,14,4045305,1.93160468,,,,8.982585364,0.030984812,0.002049596,0.854342624,0.010062808,0.005635173,,,,
2023,14,4040612,2.79691026,,,,12.1780421,0.060094462,0.004014804,1.226006522,0.014170761,0.007935626,,,,
2023,14,4245131,1.5253567,,,,7.629080438,0.02056899,0.001374178,0.650514694,0.013010294,0.007285765,,,,
2023,14,3918003,2.03514685,,,,8.432657655,0.054123731,0.003264541,0.871627458,0.010074681,0.005641821,,,,
2023,14,9614,0.51820276,,,,2.031047765,0.019876689,0.001176331,0.196864901,0.003090462,0.001730659,,,,
2023,14,3122154,0.44578742,,,,1.655821019,0.012044377,0.000712804,0.208498779,0.001815417,0.001016634,,,,
2023,14,3040569,0.97514334,,,,4.18849839,0.028103765,0.001663221,0.32516576,0.006503315,0.003641857,,,,
2023,14,4362523,2.68041905,,,,12.06736711,0.065071224,0.004817668,1.08736432,0.012568269,0.007038231,,,,
2023,14,4250764,1.8738155,,,,8.229809314,0.061245986,0.00248333,0.687077139,0.007941561,0.004447274,,,,
2023,14,3923392,1.01297022,,,,4.183878921,0.025700684,0.000994809,0.444000813,0.005131971,0.002873904,,,,
2023,14,2531358,0.95660892,,,,3.839016745,0.033591282,0.002112489,0.371632139,0.004295499,0.00240548,,,,
2023,14,4239944,3.692001,,,,15.16551104,0.10782522,0.006503614,1.534892684,0.017741013,0.009934967,,,,
2023,14,17315,0.43280078,,,,1.577245779,0.010432219,0.000752095,0.213006975,0.001854671,0.001038616,,,,
2023,14,3125232,0.4878192,,,,1.864732564,0.008816824,0.000616,0.249589621,0.002173199,0.001216991,,,,
2023,14,4373030,0.56714956,,,,2.208679496,0.022306103,0.00113068,0.212874595,0.002460505,0.001377883,,,,
2023,14,4039253,2.56123168,,,,10.77060466,0.070821456,0.002866681,1.066996103,0.012332844,0.006906392,,,,
2023,14,3917849,1.57558728,,,,6.516848318,0.053071701,0.002695827,0.607762978,0.007024811,0.003933894,,,,
2023,14,2508256,1.05562799,,,,3.856906287,0.047307542,0.003410565,0.383145382,0.00354286,0.001984002,,,,
2023,14,4372505,1.6341933,,,,6.701604973,0.049178349,0.002527168,0.672407816,0.007772006,0.004352324,,,,
2023,14,2975863,2.67069509,,,,11.01836982,0.088864859,0.0065,1.035761192,0.011971816,0.006704217,,,,
2023,14,4589245,2.89396184,,,,14.63491304,0.050881279,0.003365716,1.143458909,0.022869178,0.01280674,,,,
2023,14,3049290,1.0571851,,,,4.331176203,0.029904256,0.001210452,0.447882297,0.005176835,0.002899027,,,,
2023,15,4241389,22.35998503,4.753997955,0.032656528,0.001959808,98.72772589,0.674371111,0.033320771,7.852842081,0.14267697,0.078762214,,,,
2023,15,4047646,18.86154468,,,,91.9917902,0.559744318,0.033963271,6.352177088,0.106260606,0.059505939,,,,
2023,15,4040715,22.43304902,41.95840049,0.800337883,0.021671485,,,,,0.644409844,0.306590216,247.884185,1.361607934,0.08261747,0.769527469
2023,15,3918298,21.13046047,29.81678776,0.517249907,0.021257081,,,,,0.589653401,0.281558786,270.7672293,1.649509603,0.095805497,1.034996457
2023,15,4374302,17.49826581,2.010522432,0.013717355,0.000531012,81.45998394,0.373300372,0.025763763,6.87911636,0.094500686,0.052546551,,,,
2023,15,4262921,18.89717972,,,,98.78591772,0.338114872,0.013776685,7.088977482,0.115791189,0.064843066,,,,
2023,15,16800,16.36635141,,,,81.48364743,0.370904626,0.020794689,6.031492754,0.073631445,0.041233609,,,,
2023,15,3929630,18.16880998,78.0593212,0.37007698,0.018621432,30.93103312,0.185915858,0.010154228,4.035029482,0.17057347,0.081634639,,,,
2023,15,4239996,14.81665811,56.04119564,0.432624059,0.017726403,26.96085399,0.073180941,0.004941681,3.547936057,0.119324057,0.057399539,,,,
2023,15,2976212,17.84501758,,,,84.26252205,0.428817516,0.024906236,6.940567449,0.132147895,0.074002821,,,,
2023,15,4362628,15.37596566,0.647383455,0.004003395,0.000101816,74.07961675,0.392422601,0.017030071,5.595020157,0.096043771,0.053556136,,,,
2023,15,3054850,17.78032062,57.74681143,0.378453803,0.014550783,38.26516868,0.125213655,0.007924067,5.225316003,0.11920199,0.058145922,,,,
2023,15,3068267,15.26513531,54.1614938,0.272031025,0.011706476,34.32956434,0.16747825,0.006888294,3.937052353,0.207986207,0.100379025,,,,
2023,15,4430807,16.36400467,76.08457299,0.317472422,0.014188171,26.59016743,0.195247756,0.015417641,3.13026053,0.183012586,0.087046295,,,,
2023,15,3916148,16.19494757,58.66620149,0.430468431,0.025833594,28.19794063,0.149128014,0.007368436,4.110789824,0.155572416,0.0751746,,,,
2023,15,3043078,15.225206,69.63753353,0.766253195,0.023936564,15.23094054,0.074247289,0.00379,1.770950182,0.14387976,0.067422813,,,,
2023,15,2577417,22.00421056,13.96078534,0.173279474,0.010398978,,,,,0.498580362,0.238573068,300.8578376,2.247033863,0.111026256,0.616419053
2023,15,4047650,16.07121077,,,,77.6561396,0.59769536,0.0285,4.742538471,0.073255197,0.04102291,,,,
2023,15,4429795,15.76347464,59.97468424,0.396004652,0.015329715,28.74163126,0.132411279,0.00913852,3.777529259,0.111512552,0.05403211,,,,
2023,15,3116385,15.864288,68.33371744,0.565624458,0.014385216,20.07342181,0.147210377,0.006388529,2.801579727,0.104937648,0.049667075,,,,
2023,15,15847,14.4610828,,,,62.20409391,0.342761098,0.014047074,6.23314158,0.070525807,0.039494452,,,,
2023,15,4430027,12.10861181,,,,53.20133955,0.323257881,0.022310022,4.853392143,0.044878234,0.025131811,,,,
2023,15,4427366,15.48597,43.42296323,0.122843664,0.01157797,44.27933897,0.12743496,0.00834971,5.31883003,0.150666591,0.074297678,,,,
2023,15,16737,15.24922348,,,,73.23075325,0.485588666,0.025304394,5.016904397,0.050199127,0.028111511,,,,
2023,15,3126486,18.30010815,14.70451889,0.330077656,0.00747751,76.4209865,0.467746892,0.0214,4.400554634,0.132734982,0.06950637,,,,
2023,15,2576414,14.06717809,76.70799644,0.69128019,0.018089291,8.974768162,0.052488252,0.00258,1.17942665,0.203410767,0.094922126,,,,
2023,15,4697815,16.10910999,68.1603531,0.437117875,0.024536735,25.34450348,0.119862987,0.006246151,3.528297764,0.186334269,0.089022187,,,,
2023,15,4569618,15.09972804,0.97368959,0.003142422,0.000296172,76.57744696,0.289346,0.018958339,5.678522533,0.117090885,0.065218852,,,,
2023,15,4372016,15.71183319,3.395337325,0.029436375,0.000770286,78.25298673,0.305285036,0.015026764,5.597015093,0.083654423,0.046072439,,,,
2023,15,3915416,15.56700397,1.683817697,0.009384861,0.000480465,73.73726171,0.419346756,0.0274,5.492944497,0.088729501,0.049269548,,,,
2023,15,3040151,13.27427639,,,,64.1765381,0.408216128,0.018700523,4.414187625,0.040473978,0.022665428,,,,
2023,15,3139477,17.46885948,22.14096874,0.067827941,0.002678711,,,,,0.450673611,0.215415003,264.2467957,1.554280357,0.063697695,0.826500553
2023,15,2977187,14.34722446,,,,63.11047272,0.594157588,0.035098022,4.480695744,0.072839402,0.040790065,,,,
2023,15,4035687,16.15810269,,,,75.84001655,0.28391482,0.0218,6.952743443,0.114970831,0.064383665,,,,
2023,15,4567048,13.68356887,53.79295886,0.542892121,0.023897561,20.51182548,0.079883181,0.003808149,2.579830157,0.128211975,0.061093476,,,,
2023,15,4379399,14.57032361,49.43375751,0.248697409,0.010220554,33.10543109,0.147401457,0.008561254,4.032075671,0.137068093,0.066722865,,,,
2023,15,3051876,12.98472104,,,,56.45179599,0.135751376,0.00917,6.608845398,0.093409122,0.052309108,,,,
2023,15,4426515,13.98139827,3.915819957,0.026933687,0.001350549,60.61943672,0.526208527,0.031084141,4.238858677,0.088640765,0.04852437,,,,
2023,15,4259545,13.58763534,61.49196276,0.39259453,0.010630643,19.73232821,0.10588396,0.00642,2.593838699,0.165608733,0.07898934,,,,
2023,15,3916387,21.68825074,50.6211833,0.450293179,0.012671936,,,,,0.670310797,0.318835103,243.5435353,1.487255502,0.085082824,0.670964697
2023,15,4360438,16.07386525,,,,82.82617325,0.492661516,0.022568996,4.885747311,0.087425424,0.048958237,,,,
2023,15,3117251,25.12000228,89.21837296,1.008016061,0.022835384,39.11106171,0.309805958,0.014192319,4.475285157,0.181426925,0.087000931,,,,
2023,15,15795,14.76979913,1.550200234,0.013925764,0.000435019,69.30421492,0.462346821,0.023584664,4.863361235,0.078210843,0.04337125,,,,
2023,15,4241478,13.32572381,,,,61.99552662,0.371964413,0.022569462,4.938618422,0.081725599,0.045766336,,,,
2023,15,3925357,13.99638015,2.248816471,0.015702572,0.0006434,64.93601232,0.373198038,0.0252009,4.983024935,0.083628138,0.046213962,,,,
2023,15,4035538,12.66121176,67.59015112,0.56656204,0.021932153,10.34065355,0.040826789,0.00282,1.29063043,0.127711517,0.059854208,,,,
2023,15,4429160,15.02319489,43.64978258,0.361679546,0.009464363,33.68174791,0.202015237,0.00994361,3.994474059,0.131912436,0.06444843,,,,
2023,15,4430737,22.83504751,114.7721018,0.940711845,0.04717056,22.67513413,0.182581871,0.010785459,2.397738341,0.178881296,0.083905378,,,,
2023,15,3042519,15.37026958,61.1213696,0.297206119,0.023522977,29.68722962,0.209354501,0.011519138,3.387257341,0.222071716,0.106578815,,,,
2023,15,3045147,13.18012272,58.88216926,0.489574327,0.031872902,15.3930911,0.071822132,0.010277545,2.402362773,0.110990526,0.052686868,,,,
2023,15,4241479,14.18323707,6.081797679,0.070205418,0.001837122,,,,,0.606447768,0.290279901,249.78581,1.277941818,0.062902953,0.757157611
2023,15,4362887,18.0221599,60.46725016,0.237075968,0.012137292,,,,,0.832586496,0.395631916,199.659596,1.182250759,0.077367794,0.786057071
2023,15,3116165,12.57042006,1.550246431,0.013638534,0.000765572,56.23552331,0.3109662,0.016204685,4.884390243,0.068352093,0.037961038,,,,
2023,15,3123076,11.12452123,,,,49.54702761,0.291482121,0.023168355,4.434788511,0.055045967,0.030825741,,,,
2023,15,4239993,10.14775484,,,,49.82092024,0.27559235,0.011959957,3.550818654,0.057269507,0.032070924,,,,
2023,15,16460,11.12494975,,,,49.33790827,0.185228452,0.0132,5.155240378,0.093135861,0.052156082,,,,
2023,15,2577327,12.0974224,,,,53.10480139,0.335387763,0.015988429,4.809915077,0.061519867,0.034451126,,,,
2023,15,4242355,11.69560332,,,,46.89281848,0.436922466,0.0215884,4.385964632,0.040556037,0.02271138,,,,
2023,15,2976499,12.72769388,,,,65.83209419,0.196305387,0.0156,5.042111982,0.097530216,0.054616921,,,,
2023,15,4241457,11.98795826,54.59705851,0.374753307,0.015818849,14.49388568,0.087755674,0.006786852,2.358693361,0.108293061,0.051475403,,,,
2023,15,3121422,11.96599336,,,,60.42872864,0.226030461,0.0136,4.598097084,0.053365498,0.029884679,,,,
2023,15,4361307,12.88642707,,,,55.76415377,0.278924525,0.0399,5.628060529,0.065283916,0.036558993,,,,
2023,15,3121023,9.40237939,,,,43.61306842,0.167599918,0.01016936,4.069819692,0.050004792,0.028002684,,,,
2023,15,4361741,20.38426599,10.6995468,0.227128592,0.005145323,,,,,0.442617052,0.211694722,294.3053703,1.901769619,0.08712073,0.600298098
2023,15,4429205,11.35481996,,,,55.6696257,0.266782843,0.01087022,4.239645904,0.06787501,0.038010005,,,,
2023,15,4429615,13.73231817,3.168043411,0.03103719,0.000873434,62.40210868,0.336324071,0.019240407,5.026313798,0.08875895,0.048876041,,,,
2023,15,4361579,13.05681094,56.60785257,0.299945019,0.019893378,20.45287379,0.120562987,0.007468773,2.872312214,0.107245141,0.051089126,,,,
2023,15,4426354,8.89133589,1.642875786,0.01349212,0.000569521,44.06946749,0.157904773,0.012212046,3.33110309,0.060186581,0.033268008,,,,
2023,15,4258595,9.61651333,1.068755998,0.017463187,0.000894042,35.99811762,0.267724512,0.017520188,4.226142632,0.0594255,0.032918657,,,,
2023,15,4360310,16.07572794,19.78935416,0.273831691,0.011220021,,,,,0.652059359,0.311777389,260.7527269,1.087271992,0.073420087,0.944170051
2023,15,3128429,13.20194744,,,,56.88037714,0.51126445,0.031672391,4.480988388,0.089619768,0.05018707,,,,
2023,15,3117256,9.98688699,,,,40.90201412,0.310860506,0.0242,4.034205418,0.046713282,0.026159438,,,,
2023,15,4428331,15.00713037,,,,66.35494693,0.423283968,0.017347072,5.922519653,0.114558867,0.064152966,,,,
2023,15,3916433,10.46902095,1.474206437,0.009038078,0.000433066,44.57219947,0.264612694,0.014835455,4.259551953,0.06244776,0.034631633,,,,
2023,15,4036378,17.90803413,15.00495549,0.101164543,0.008006871,,,,,0.569084167,0.272226931,242.9521728,2.021836052,0.111245803,0.856965644
2023,15,4569987,11.98894013,46.89540551,0.257674938,0.010876811,22.7397519,0.078193396,0.006047324,3.102632101,0.133999113,0.064902995,,,,
2023,15,4385690,10.99657283,,,,43.43850216,0.267412837,0.015531658,5.086863447,0.063715332,0.035680586,,,,
2023,15,3932905,11.11348708,,,,54.08988002,0.264502996,0.020456144,4.167723831,0.083354477,0.046678507,,,,
2023,15,3051392,15.84367759,77.4785759,0.330368104,0.019167643,23.28116954,0.09044246,0.004775677,3.379466853,0.199393182,0.094887913,,,,
2023,15,4372019,11.45846391,48.04172895,0.176583259,0.011194943,21.36960012,0.075956957,0.006037412,3.060966379,0.099806821,0.04798769,,,,
2023,15,4360248,7.17235275,,,,36.06540743,0.135874285,0.010729245,2.753471331,0.022278143,0.01247576,,,,
2023,15,4040761,9.68432682,43.6777752,0.281197883,0.015696448,13.95386737,0.042400861,0.003298407,2.036446285,0.102522975,0.048785948,,,,
2023,15,3917315,16.77135183,28.71434421,0.416288458,0.027101751,,,,,0.627682759,0.299619748,227.6107589,1.015164198,0.145267142,0.762479387
2023,15,4426502,9.63737587,,,,43.56899139,0.239499047,0.018911922,3.877674574,0.065853541,0.036877983,,,,
2023,15,4241416,12.78130664,69.25702217,0.37023175,0.014083802,14.12743198,0.038285605,0.002735422,2.101168066,0.156428872,0.07358871,,,,
2023,15,4036133,14.49621689,,,,66.66125353,0.259692012,0.0106,6.325192229,0.068082824,0.038126381,,,,
2023,15,2576925,10.57761386,,,,47.38096086,0.266070833,0.014532079,4.264677505,0.046315083,0.025936446,,,,
2023,15,3046779,15.02724011,5.735446909,0.117074924,0.004532081,,,,,0.488848616,0.234076953,255.0533031,1.340641943,0.092525975,0.776158112
2023,15,4243537,9.52265278,,,,43.47410837,0.374763517,0.021766715,2.944241463,0.055883971,0.031295024,,,,
2023,15,3051926,7.81743119,35.71741203,0.479484643,0.013493428,5.687493169,0.025558829,0.001462168,0.692477729,0.083364258,0.03895554,,,,
2023,15,4241372,11.62294634,1.38799993,0.008793117,0.000572461,58.62365983,0.230703702,0.033013051,4.182402887,0.059796619,0.033176232,,,,
2023,15,16731,9.59665539,1.418298711,0.009813409,0.00058893,40.86994763,0.313218138,0.015476152,3.457020321,0.055034119,0.030480508,,,,
2023,15,4035676,15.46152823,74.57520582,0.649119463,0.022181343,15.33813159,0.074207047,0.00569,2.183771264,0.119372446,0.056214261,,,,
2023,15,4241463,9.89962093,,,,46.79465554,0.301128242,0.018654634,3.451034648,0.068544634,0.038384995,,,,
2023,15,4362249,13.68150034,13.91355953,0.074471928,0.005894231,52.18927679,0.438591312,0.024132245,4.057566261,0.121473572,0.063992975,,,,
2023,15,3052587,15.63111752,13.10931459,0.090087062,0.005056856,,,,,0.550235486,0.26306831,236.694132,1.493941242,0.077850411,0.659032235
2023,15,4430878,11.27810994,,,,53.36191514,0.29699698,0.014158284,4.224005706,0.084480114,0.047308864,,,,
2023,15,4242431,12.37437027,53.03401107,0.30823501,0.013514716,21.21536425,0.069508646,0.00283217,2.669609539,0.104546514,0.049950959,,,,
2023,15,4360238,5.66241873,31.9861393,0.254576082,0.01421042,3.53925885,0.013311211,0.001035493,0.534456588,0.068935159,0.03210563,,,,
2023,15,4361050,9.90633857,,,,43.42784959,0.292316901,0.0167,3.814830074,0.035274883,0.019753934,,,,
2023,15,12483,17.02805318,4.374834814,0.057949109,0.00290577,,,,,0.291815584,0.139802282,230.7644198,2.119996739,0.12523225,0.72602009
2023,15,4361411,9.64265089,,,,40.22674662,0.270807969,0.020943758,3.997296407,0.040283493,0.022558756,,,,
2023,15,14881,17.09354502,29.79204168,0.195929457,0.012994711,,,,,0.520750777,0.248248494,208.2904708,1.566070451,0.097016711,0.697201193
2023,15,16733,10.95113752,,,,51.83121566,0.397898008,0.022762925,3.374307954,0.035851693,0.020076948,,,,
2023,15,4035886,4.54525421,17.63388729,0.073240111,0.003749586,8.649732274,0.045776878,0.002995689,1.228793426,0.041906737,0.020298828,,,,
2023,15,4361777,9.65034817,56.43811419,0.307276278,0.014723346,8.613539297,0.032720965,0.001834494,1.188064983,0.1274765,0.059673649,,,,
2023,15,2468609,9.76635907,29.85931914,0.343319516,0.013199941,17.25235319,0.160517225,0.010158231,1.852464891,0.11691468,0.056595865,4.437613137,0.024144943,0.001571608,0.017064813
2023,15,4045163,6.81018539,38.17804575,0.163212094,0.00620867,8.723768513,0.007008739,0.000500759,1.189165862,0.113439645,0.053449875,,,,
2023,15,4361409,8.35310443,,,,39.43130281,0.177898598,0.0107,3.380367063,0.054118304,0.03030625,,,,
2023,15,4426875,16.03700394,17.98464943,0.211101509,0.01149703,,,,,0.498731862,0.238651531,260.7007272,1.226555004,0.074049886,1.034624964
2023,15,4360294,12.1204655,40.44802207,0.230915652,0.012576149,25.98988302,0.109963362,0.006638736,3.530735141,0.212071371,0.103231121,,,,
2023,15,4426385,8.62041697,31.25827225,0.23341085,0.010274509,15.56829794,0.067057265,0.003196719,2.147003032,0.041546541,0.020046116,,,,
2023,15,3121427,11.07415572,0.985477107,0.008969836,0.000488516,47.03846297,0.218059091,0.013164718,4.947505395,0.060052597,0.033403858,,,,
2023,15,3045144,6.09952455,0.826995192,0.004672472,0.000118832,26.85548831,0.108325566,0.0047,2.683591792,0.036847897,0.020456741,,,,
2023,15,4428557,9.95245758,24.58108494,0.188216241,0.005879584,24.96617229,0.136954033,0.00698613,3.020964995,0.08109777,0.03996881,,,,
2023,15,4361432,10.84217104,,,,46.48560873,0.42594365,0.023436343,3.671376417,0.073427528,0.041119416,,,,
2023,15,4688813,9.44145904,,,,43.1667625,0.195597812,0.015001496,3.826603248,0.061262364,0.034306924,,,,
2023,15,3059915,7.14254393,39.68797001,0.290161015,0.018395492,5.208069357,0.020949947,0.00167,0.807361358,0.067418473,0.031500058,,,,
2023,15,3886812,14.44802313,13.63099323,0.194958584,0.004958275,,,,,0.382823355,0.183059219,223.0788678,1.19343676,0.051791902,0.769595684
2023,15,3121409,9.81745764,,,,50.23634116,0.166642763,0.012963312,3.839457698,0.065303012,0.036569687,,,,
2023,15,2573401,7.01119889,,,,28.87647702,0.260483999,0.015387287,2.555347134,0.023291531,0.013043257,,,,
2023,15,3918639,7.73823946,,,,31.58392801,0.210412373,0.008654152,3.353446093,0.04881426,0.027335986,,,,
2023,15,16813,7.43144074,,,,30.58861565,0.221950396,0.013399645,3.056161002,0.038479909,0.021548749,,,,
2023,15,4373626,6.12013373,44.44166841,0.223768171,0.010000431,1.294071392,0.006211394,0.00049,0.189963358,0.04934615,0.02278193,,,,
2023,15,4372414,9.27108899,1.300302009,0.006063979,0.000384441,45.99276482,0.145504197,0.01156535,3.693892911,0.079056159,0.043753619,,,,
2023,15,4360635,7.86548627,,,,35.41137189,0.211987148,0.010813626,3.061757696,0.02831139,0.015854379,,,,
2023,15,4427095,11.71342881,4.8033406,0.016839172,0.000976993,54.95380696,0.222082832,0.011726746,4.302245973,0.10075495,0.054951769,,,,
2023,15,4032473,11.24876769,3.713453931,0.021488563,0.000826192,52.17567761,0.250650515,0.015862259,3.911998965,0.089552789,0.049018281,,,,
2023,15,16782,9.26787624,21.11600114,0.212385525,0.008387686,23.353231,0.154740616,0.006341598,2.651280902,0.06543231,0.032135646,,,,
2023,15,3116389,6.81482343,8.343894144,0.056773786,0.003765431,21.79446449,0.109525385,0.006785003,2.85249977,0.06967121,0.036125047,,,,
2023,15,4429025,8.38788388,,,,40.13587319,0.193900618,0.007975032,3.266387877,0.065327758,0.036583544,,,,
2023,15,4372485,5.39104187,8.069843647,0.037727816,0.002456205,19.73671304,0.059716682,0.008545289,2.056246335,0.051826274,0.026949055,,,,
2023,15,3125116,10.32737951,53.53064126,0.296618714,0.015185631,12.12322444,0.063348462,0.004145593,1.67285337,0.119138089,0.056234966,,,,
2023,15,4242214,11.941502,49.50234459,0.43077762,0.017012587,16.77146378,0.121513799,0.004979892,2.033373522,0.083661006,0.039596917,,,,
2023,15,16757,13.11177444,6.885826304,0.044675954,0.0017177,,,,,0.51549606,0.246860761,223.7757604,1.217558356,0.077008799,0.671739614
2023,15,3116593,4.67335746,20.34814566,0.066774473,0.006293469,8.986956605,0.017332549,0.001135652,1.300804759,0.086123829,0.04136595,,,,
2023,15,3115394,6.16994162,,,,32.97724776,0.104883562,0.007493699,2.25412188,0.023949825,0.013411902,,,,
2023,15,3059722,11.68602805,,,,54.87207564,0.270000079,0.018232263,4.620051634,0.071048345,0.039787073,,,,
2023,15,4036348,6.79502086,,,,30.59206577,0.239225919,0.0118,2.312279041,0.032391318,0.018139138,,,,
2023,15,4567156,6.12863017,1.667451977,0.012255775,0.000382851,29.57777876,0.159456601,0.00813,2.005694121,0.045728479,0.025046489,,,,
2023,15,3916566,6.13962165,,,,29.43934168,0.123694904,0.00504002,2.4980749,0.049961498,0.027978439,,,,
2023,15,4426386,5.10568094,14.37522758,0.082480371,0.004222648,11.2984565,0.061070233,0.003996503,1.706167682,0.047390427,0.023425536,,,,
2023,15,4430191,3.31024031,,,,15.39313266,0.083026229,0.00340259,1.294272188,0.025885444,0.014495849,,,,
2023,15,4040655,6.50333061,,,,31.54090873,0.171439427,0.011219185,2.33742737,0.035902291,0.020105283,,,,
2023,15,4242433,8.5409045,,,,40.52902355,0.17280403,0.00710734,3.508147685,0.065089644,0.0364502,,,,
2023,15,4243331,7.15262095,,,,28.04224277,0.248886307,0.012969654,2.865402115,0.03315946,0.018569298,,,,
2023,15,3929645,5.22714026,,,,21.91017775,0.165449345,0.010470357,2.043146724,0.018892522,0.010579812,,,,
2023,15,2980453,5.505946,27.24135389,0.17353928,0.006672234,6.237043232,0.016008541,0.00101309,1.067532308,0.067348562,0.031929797,,,,
2023,15,4572680,7.17125306,,,,29.24818196,0.267744767,0.014731897,2.643925373,0.030559735,0.017113452,,,,
2023,15,3046439,6.98982297,,,,27.98426294,0.225580963,0.01191146,2.847000765,0.030093563,0.016852395,,,,
2023,15,3915486,7.64424197,,,,35.50425991,0.086669774,0.00567872,3.618812974,0.05154918,0.028867541,,,,
2023,15,4596334,9.51334822,42.01140359,0.406675306,0.011444462,11.14118122,0.066250072,0.00379003,1.42014014,0.098026737,0.046328828,,,,
2023,15,4038524,13.44787428,8.228456698,0.196627002,0.006719027,,,,,0.649741264,0.311099401,226.9778844,1.069224215,0.082004819,0.741577262
2023,15,11252,12.49006708,8.20472666,0.053856633,0.003414378,,,,,0.631739799,0.302573897,237.5375845,0.960875737,0.076374872,0.784831208
2023,15,4038441,3.52496035,7.750551289,0.082182132,0.00231273,8.222463256,0.040221111,0.002300967,1.215340253,0.032171091,0.016090103,,,,
2023,15,4361418,14.61848055,8.658108095,0.112042327,0.003500029,,,,,0.579645905,0.277162494,223.356795,1.41111868,0.071982239,0.555135147
2023,15,3054212,5.91696261,,,,24.57690091,0.203753029,0.016089256,2.235469879,0.028248257,0.015819024,,,,
2023,15,4371733,6.04480348,20.27474174,0.168460285,0.004561554,11.88928211,0.045487736,0.002760032,1.60339925,0.077437465,0.037687727,,,,
2023,15,15920,5.18851446,18.97082712,0.197270757,0.008107107,7.260050982,0.04015901,0.002332483,1.162445015,0.04551963,0.021838073,,,,
2023,15,4360569,4.81320811,23.49299531,0.261850315,0.005931902,3.680144956,0.019358762,0.000886832,0.429564876,0.038006822,0.017782359,,,,
2023,15,3043116,8.18433123,,,,33.31696752,0.364569447,0.0215,2.680852906,0.053617058,0.030025553,,,,
2023,15,4426485,9.09806476,,,,51.44281115,0.079234041,0.005661098,3.544583876,0.070891678,0.039699339,,,,
2023,15,4426388,4.44651406,4.109009521,0.031982754,0.001238083,19.45527609,0.092409874,0.00638,1.36855605,0.038704635,0.020541244,,,,
2023,15,4240600,4.29310119,6.286376714,0.062369554,0.002463144,13.9837585,0.074001163,0.003032724,1.490737899,0.053850547,0.027644135,,,,
2023,15,4722893,5.40791232,16.19415895,0.11269376,0.007474235,11.32857063,0.070272725,0.004353335,1.569755048,0.037355274,0.018276866,,,,
2023,15,3128390,3.39663665,,,,16.81503208,0.055569551,0.003640992,1.395817702,0.019553165,0.010949773,,,,
2023,15,4569587,9.21639714,4.690207469,0.018972947,0.000954676,39.09626644,0.122545202,0.006693092,4.054582718,0.076381467,0.041626697,,,,
2023,15,3122672,2.9950433,20.71912677,0.154969281,0.007770698,,,,,0.024870067,0.011440231,,,,
2023,15,3059989,15.27060711,4.843895588,0.051995601,0.002279773,,,,,0.599119593,0.287200829,307.3663435,1.226665397,0.049981187,1.136515822
2023,15,4685720,10.39864056,11.3967578,0.036951103,0.001405639,,,,,0.532506915,0.25498592,205.8489185,0.65687662,0.046932386,0.712474635
2023,15,3910544,2.44745445,16.68656884,0.059848003,0.002575475,1.623879209,0.004844268,0.000199242,0.249879544,0.030026983,0.013982477,,,,
2023,15,4362238,5.93389701,29.72605558,0.207189349,0.005269333,6.786863319,0.032045797,0.0013907,0.899702752,0.071910674,0.033862289,,,,
2023,15,15880,7.65339901,,,,34.96610298,0.158196621,0.012306278,3.241252159,0.053267616,0.029829865,,,,
2023,15,3120590,13.68799382,14.94677788,0.093337081,0.004016631,,,,,0.565262325,0.270315419,236.6932668,1.111514354,0.045716009,0.92713449
2023,15,3115306,6.7403555,,,,29.9830681,0.232093707,0.016018219,2.366646504,0.044986151,0.025192245,,,,
2023,15,4038815,5.4692004,24.96282775,0.206660669,0.012402275,6.361451923,0.034697709,0.001714419,0.903955181,0.04734247,0.022407201,,,,
2023,15,4240391,14.73262338,25.71846133,0.136481294,0.006867428,,,,,0.484275668,0.231198363,220.1524023,1.128437113,0.061632223,0.832668816
2023,15,3051738,5.35403412,,,,28.69672782,0.141189723,0.005786253,1.657478012,0.029103144,0.01629776,,,,
2023,15,4360761,7.91166172,,,,36.85302344,0.161660618,0.02313318,3.281910095,0.065638202,0.036757393,,,,
2023,15,3916945,6.92103996,,,,35.17929096,0.153683094,0.00839376,2.518317914,0.049465298,0.027700567,,,,
2023,15,3052096,0.6409742,,,,2.768045861,0.014298514,0.000582601,0.28076213,0.003245181,0.001817301,,,,
2023,15,3930086,5.23131905,,,,20.96830961,0.204170344,0.011858459,1.909098613,0.021350812,0.011956454,,,,
2023,15,4249836,1.14324451,4.44299069,0.022851246,0.001448713,1.843670495,0.006419562,0.000510257,0.265696578,0.009064823,0.004354894,,,,
2023,15,4362478,2.51348885,11.11795784,0.07935744,0.005166431,3.344465698,0.016022766,0.00229,0.500942418,0.022596243,0.010743212,,,,
2023,15,4429086,6.26071543,,,,28.03744161,0.160757339,0.009012826,2.506082037,0.028966477,0.016221227,,,,
2023,15,4037235,4.09476832,,,,18.11138846,0.072892146,0.0104,1.734009341,0.034680187,0.019420905,,,,
2023,15,4428850,9.37438304,,,,42.94737039,0.325782025,0.017925233,3.158178587,0.063163572,0.0353716,,,,
2023,15,4360939,6.61225542,,,,32.87631911,0.144239395,0.008251639,2.492665741,0.045703464,0.02559394,,,,
2023,15,3050481,5.48973769,,,,24.12009998,0.107983037,0.00469,2.45143448,0.028334835,0.015867507,,,,
2023,15,4373678,4.33759064,,,,20.51973466,0.101306238,0.005883988,1.703264907,0.034065298,0.019076567,,,,
2023,15,3116164,2.12391798,,,,8.902203981,0.062717687,0.00331,0.859587477,0.008061627,0.004514511,,,,
2023,15,4361259,12.48370586,16.88001873,0.050758239,0.004783945,,,,,0.694184085,0.332151681,236.4399407,0.769756045,0.050435452,0.754951346
2023,15,4362504,2.20250174,,,,9.555170855,0.054237329,0.004219178,0.924812476,0.010689418,0.005986074,,,,
2023,15,4046692,1.03789691,,,,5.192619657,0.02347788,0.00115563,0.383687329,0.007526361,0.004214762,,,,
2023,15,3135321,6.36627964,,,,28.52088326,0.090735733,0.00508708,3.025784328,0.060515687,0.033888784,,,,
2023,15,2576623,8.59972692,,,,42.92104065,0.173109447,0.009140781,3.306089308,0.050663122,0.028371348,,,,
2023,15,4429013,0.12744019,0.855473569,0.007142314,0.00029265,,,,,0.001730448,0.000796006,,,,
2023,15,4686472,5.23506802,2.803014968,0.019464985,0.001290984,21.02374303,0.155126509,0.009609953,1.666957219,0.043453844,0.023322683,,,,
2023,15,3049916,3.11395862,14.76590927,0.061772037,0.003108228,4.797160804,0.017210488,0.00094,0.723398406,0.051376677,0.024547202,,,,
2023,15,4692590,7.91259061,,,,38.46594401,0.197917191,0.010809709,2.920756595,0.058415132,0.032712474,,,,
2023,15,4260394,12.67718005,6.550770562,0.078821188,0.003776769,,,,,0.560685924,0.268585547,228.3481265,1.084455097,0.060799745,0.764685759
2023,15,4239086,12.68853967,18.71652491,0.226997016,0.010144732,,,,,0.60774986,0.290087141,175.3657067,1.044189787,0.082453924,0.678762681
2023,15,3930066,2.6294392,,,,12.91339588,0.067761737,0.005350772,0.937613863,0.015349301,0.008595609,,,,
2023,15,4360078,6.32605947,,,,30.89066696,0.150820106,0.011567242,2.35779963,0.04468212,0.025021987,,,,
2023,15,4432620,5.86295765,,,,27.11854934,0.111211984,0.007509798,2.524017203,0.050480344,0.028268993,,,,
2023,15,3139602,4.56383185,17.98795213,0.114687485,0.004699222,7.951093879,0.022059199,0.001489589,1.180036092,0.04573754,0.022086284,,,,
2023,15,4040980,0.95672772,,,,3.633127362,0.033366974,0.001448036,0.397356478,0.006436793,0.003604604,,,,
2023,15,15807,4.06619708,21.57447094,0.116402208,0.005202135,4.091296374,0.022250733,0.001757018,0.5642924,0.045180808,0.021238654,,,,
2023,15,4250360,13.07228803,9.186659024,0.053070027,0.003079073,,,,,0.477582183,0.228646938,236.8353086,1.121953957,0.059243073,0.902988311
2023,15,3932430,7.44782437,,,,37.63968598,0.192342611,0.00791,2.566199278,0.047749261,0.026739586,,,,
2023,15,3118892,3.32677101,,,,16.02714283,0.090064078,0.003691016,1.201637039,0.023177515,0.012979408,,,,
2023,15,4036131,5.24011595,,,,23.14036158,0.113730055,0.00542,2.255803651,0.020980344,0.011748992,,,,
2023,15,13982,0.53438022,,,,2.302734487,0.017426654,0.001057387,0.200794753,0.003074718,0.001721842,,,,
2023,15,4241401,4.79296122,27.2852486,0.273166701,0.009334498,1.665275503,0.006834364,0.000524166,0.240808624,0.047321793,0.021935764,,,,
2023,15,4362619,8.04069701,35.86339486,0.200950043,0.01094416,12.70728584,0.053446544,0.003226688,1.709796595,0.087190654,0.041596436,,,,
2023,15,4036335,7.37311338,,,,36.32364847,0.176122754,0.008669128,2.698023945,0.028666242,0.016053095,,,,
2023,15,3115255,2.1668006,2.306352346,0.010932982,0.000479362,8.337084871,0.033596165,0.001368895,0.768651718,0.023738602,0.01245706,,,,
2023,15,4258195,1.59246169,,,,8.154629367,0.031619043,0.002182225,0.595955036,0.011919101,0.006674696,,,,
2023,15,3931391,0.55456223,,,,2.20631972,0.011322537,0.000491367,0.185290899,0.003705818,0.002075258,,,,
2023,15,16799,3.87481934,,,,16.13360627,0.078439817,0.006066382,1.806361781,0.025304229,0.014170368,,,,
2023,15,4240472,3.47574065,,,,14.42635611,0.087417346,0.003582548,1.516773964,0.01402527,0.007854151,,,,
2023,15,3123075,7.77399381,,,,35.1390334,0.180908425,0.008904689,3.068558047,0.061371161,0.03436785,,,,
2023,15,4426407,6.86708845,2.995889093,0.017443358,0.000979148,29.4841379,0.163376905,0.008513694,2.580074689,0.061075978,0.033255099,,,,
2023,15,4242540,3.60495224,,,,14.56124626,0.118646885,0.006480176,1.455828506,0.02911657,0.016305279,,,,
2023,15,4039358,7.54184323,34.47925616,0.201102761,0.015916683,11.00938456,0.062007242,0.003411773,1.436805898,0.066182618,0.031444836,,,,
2023,15,4362921,7.31046314,1.745000661,0.007836135,0.000454645,36.34773282,0.152306116,0.008042293,2.584246613,0.056588276,0.0311991,,,,
2023,15,2576336,8.87335757,32.84829188,0.1717785,0.008230881,18.45669005,0.073212045,0.0041,2.321096452,0.0775444,0.037444056,,,,
2023,15,3119195,4.26557892,18.53410662,0.080341979,0.004509836,6.833995662,0.041823512,0.002179455,1.015412961,0.035356234,0.0169759,,,,
2023,15,4567096,7.77282546,,,,38.35300741,0.13713262,0.010667687,3.162567129,0.063251343,0.035420752,,,,
2023,15,4243389,1.55326191,4.723600799,0.027321043,0.001153259,4.244117804,0.011710824,0.000905692,0.374034042,0.023108467,0.011377963,,,,
2023,15,4240657,1.62996188,5.430387036,0.038150982,0.002483755,3.212922189,0.011868393,0.001698334,0.471968832,0.015683926,0.007616149,,,,
2023,15,4369863,4.48518567,,,,21.07672657,0.089051128,0.007078198,1.869946656,0.037398933,0.020943403,,,,
2023,15,3886598,3.94318548,,,,19.90027262,0.124618382,0.005708812,1.22073271,0.024414654,0.013672206,,,,
2023,15,4361516,1.53256913,,,,6.072675605,0.040676386,0.002221636,0.685464249,0.007922919,0.004436835,,,,
2023,15,3039707,13.57642851,16.8140018,0.227948636,0.009622023,,,,,0.441119394,0.210739476,208.3711934,1.025833881,0.079335983,0.839461902
2023,15,3052897,4.7470131,,,,19.03608781,0.123220764,0.00607,2.110615193,0.017076839,0.00956303,,,,
2023,15,2973405,4.05309035,4.0580159,0.020713275,0.00080183,16.56208333,0.064704023,0.004465624,1.422989782,0.03979331,0.021150902,,,,
2023,15,4367178,0.28559499,2.211979671,0.011637157,0.000737767,,,,,0.007723317,0.003552726,,,,
2023,15,4035537,4.3951716,15.19299886,0.095594007,0.004191367,9.306263293,0.036779225,0.001498591,1.1785132,0.041218308,0.019986564,,,,
2023,15,4362019,5.84185573,,,,27.02935193,0.153029215,0.009684357,2.250602023,0.04501204,0.025206743,,,,
2023,15,2971618,5.066662,,,,24.08207127,0.153730755,0.00879462,1.756905792,0.035138116,0.019677345,,,,
2023,15,3061612,2.80500088,2.543437294,0.015184667,0.000622179,9.968190971,0.04313714,0.002912917,1.019752129,0.028344647,0.015078042,,,,
2023,15,4427278,4.50169718,2.103409693,0.008138424,0.000767043,19.00344811,0.061490971,0.004028971,1.789085534,0.042822579,0.023276557,,,,
2023,15,4039160,3.62252834,,,,15.19315055,0.101055775,0.007750536,1.501537602,0.018434497,0.010323318,,,,
2023,15,4426891,2.98967469,20.49517061,0.084157136,0.003621585,1.721768294,0.007149007,0.000294035,0.252819954,0.044835851,0.020844624,,,,
2023,15,3929785,5.51450897,,,,25.00573204,0.190904602,0.009738189,1.886404352,0.034171945,0.019136289,,,,
2023,15,4241961,1.93735323,,,,8.12622286,0.050132069,0.003877116,0.826633472,0.009554619,0.005350587,,,,
2023,15,4570674,1.86390236,11.33057834,0.045071549,0.002615008,1.756326734,0.007908677,0.000417606,0.252745191,0.023547598,0.011051963,,,,
2023,15,3043275,1.86644435,,,,7.921546345,0.038808512,0.002175791,0.844559728,0.006833273,0.003826633,,,,
2023,15,4259308,1.36018213,3.478809381,0.021169339,0.000805292,3.221075008,0.009009359,0.000643699,0.456827098,0.014229989,0.007039708,,,,
2023,15,3051439,2.20920758,11.08977246,0.101566383,0.002750206,1.707180021,0.008927473,0.000541687,0.223403415,0.029127139,0.013653119,,,,
2023,15,4259305,2.21838482,,,,9.707621725,0.081042559,0.004459137,0.769274571,0.015385491,0.008615875,,,,
2023,15,16002,1.80630392,1.229820594,0.016907436,0.000383017,5.826764902,0.058775626,0.002692532,0.648206604,0.007558654,0.004005254,,,,
2023,15,15168,13.78825738,8.783637884,0.126662295,0.007070281,,,,,0.625715218,0.299486476,237.8369706,1.094915055,0.085174567,0.672617984
2023,15,3911853,4.77225982,,,,17.83175644,0.200485639,0.012419912,1.784251625,0.020959206,0.011737155,,,,
2023,15,14053,2.9864899,,,,13.20452566,0.051552756,0.003377806,1.380154649,0.027603093,0.015457732,,,,
2023,15,3676833,3.54103873,4.850094723,0.034191187,0.002051907,11.92764604,0.09549614,0.004718478,0.975698932,0.033112254,0.017183035,,,,
2023,15,4360405,1.16962178,,,,5.027777486,0.036710592,0.001750048,0.452987909,0.009059758,0.005073465,,,,
2023,15,4372096,1.39975941,,,,5.472720781,0.055091309,0.002722069,0.523107627,0.006046324,0.003385942,,,,
2023,15,3921690,1.92794609,,,,8.356002405,0.051965912,0.002117381,0.786254057,0.009087895,0.005089221,,,,
2023,15,3915411,4.23231794,16.88468871,0.154578587,0.006352615,6.904965389,0.02187333,0.001270429,0.756126012,0.043054506,0.020482653,,,,
2023,15,4430802,1.00165384,,,,4.247514724,0.026386363,0.00204067,0.419809079,0.004852351,0.002717317,,,,
2023,15,4050373,2.13164609,,,,10.05327651,0.056200932,0.00341,0.798064695,0.014422186,0.008076424,,,,
2023,15,4249417,5.36062653,,,,24.30156857,0.175256335,0.00865944,1.90324344,0.038064869,0.021316327,,,,
2023,15,4040774,2.37925254,0.966106744,0.009485483,0.000601356,8.414948237,0.070215244,0.005581034,0.97106452,0.019483102,0.010500411,,,,
2023,15,4411193,0.68455249,,,,2.776784226,0.013099585,0.00076084,0.248385166,0.004967703,0.002781914,,,,
2023,15,4362477,1.74656187,,,,6.640200872,0.033043583,0.001359065,0.655957778,0.013119156,0.007346727,,,,
2023,15,4686422,7.89187584,2.793035203,0.021965358,0.001226105,35.16093498,0.157968268,0.012288514,3.064935047,0.070305958,0.038470611,,,,
2023,15,4374187,2.25441197,4.780566081,0.026366044,0.001480005,6.570486218,0.040888272,0.002130719,0.605101398,0.026313755,0.01331453,,,,
2023,15,4429202,0.16939464,1.416359921,0.004928126,0.000464474,,,,,0.003065273,0.001410026,,,,
2023,15,4428718,2.02011463,4.7044141,0.019871886,0.000952175,7.022393964,0.032278658,0.001809696,0.554245309,0.025760336,0.012958245,,,,
2023,15,13232,1.19298998,,,,4.160858344,0.056918106,0.003602026,0.434515649,0.005782674,0.003238297,,,,
2023,15,2976592,0.92113519,,,,3.667824244,0.025771176,0.00141,0.403781209,0.006287235,0.003520851,,,,
2023,15,4372780,4.2390322,,,,17.11771779,0.137629654,0.009833335,1.705726704,0.021864355,0.012244039,,,,
2023,15,4361372,4.55083898,,,,20.20955592,0.071896872,0.00471078,2.115822955,0.024455679,0.01369518,,,,
2023,15,3122899,1.8286667,,,,7.035942152,0.036282338,0.001486927,0.754767362,0.015095347,0.008453394,,,,
2023,15,2975674,1.42459731,,,,5.563987119,0.033833829,0.002214123,0.666666408,0.005393951,0.003020613,,,,
2023,15,4368003,0.47460529,,,,2.179951096,0.012242369,0.000531285,0.186165099,0.003723302,0.002085049,,,,
2023,15,3917914,0.9991624,,,,4.598998397,0.028372528,0.001721543,0.372442685,0.006271407,0.003511988,,,,
2023,15,2983509,1.8935006,3.464828536,0.029116804,0.001625298,5.315566959,0.0176018,0.00137,0.743578678,0.014653816,0.007403423,,,,
2023,15,3127292,2.3686968,,,,9.854753256,0.058188329,0.002773923,1.043734245,0.01389035,0.007778596,,,,
2023,15,3917668,1.45455916,,,,5.44679014,0.034238231,0.001685277,0.706461504,0.004920978,0.002755748,,,,
2023,15,4241802,5.32751237,,,,26.39975245,0.131463096,0.00694,1.847474566,0.036949491,0.020691715,,,,
2023,15,4689334,4.03810563,,,,17.03910024,0.161446839,0.008883155,1.377886934,0.027557739,0.015432334,,,,
2023,15,4565908,2.34862634,1.735763716,0.008342093,0.00042708,9.735890785,0.052394149,0.003428731,0.852850634,0.022501534,0.012056407,,,,
2023,15,2977800,5.20904265,,,,26.22317865,0.081980816,0.003371828,2.134787473,0.042695749,0.02390962,,,,
2023,15,4242392,1.71802327,,,,7.154637853,0.050018975,0.003452118,0.704445997,0.008142319,0.004559698,,,,
2023,15,3886818,2.08082626,11.71668287,0.05459708,0.002393836,2.214438113,0.012744597,0.000519,0.303463518,0.028088613,0.013184544,,,,
2023,15,3122168,1.73104475,,,,8.056820772,0.050505769,0.002933436,0.62744657,0.010045165,0.005625292,,,,
2023,15,3928925,2.45629682,9.142250513,0.036416292,0.002112839,4.822976701,0.021560247,0.001138456,0.735659159,0.031898581,0.015543444,,,,
2023,15,4012556,1.67867362,3.591927618,0.02522964,0.001106206,4.6130061,0.019487708,0.000794038,0.599228118,0.013460928,0.006753822,,,,
2023,15,4429676,2.81830063,3.199121619,0.031759386,0.001085264,8.638472696,0.035341043,0.002710503,1.242294599,0.017663429,0.009206854,,,,
2023,15,2576716,0.61026043,,,,2.348245165,0.009571806,0.000577871,0.255656477,0.004661575,0.002610482,,,,
2023,15,4242557,2.45755885,,,,9.776295474,0.088420303,0.004215126,0.950589712,0.008789891,0.004922339,,,,
2023,15,2998565,1.15089595,,,,4.92247616,0.037642078,0.002886983,0.434481028,0.006820653,0.003819565,,,,
2023,15,4570409,1.35630844,,,,6.499106173,0.012585018,0.001000316,0.642949557,0.012858991,0.007201035,,,,
2023,15,15839,1.63600166,1.547455692,0.006996539,0.000443563,7.21903491,0.026109939,0.002075339,0.571804515,0.015639538,0.008270695,,,,
2023,15,3128452,1.09815874,,,,4.534542005,0.026296235,0.00209,0.490439079,0.007033352,0.003938677,,,,
2023,15,4039057,1.47254363,,,,6.559560175,0.046326,0.002869856,0.544808205,0.010896164,0.006101852,,,,
2023,15,3843945,2.89867635,,,,12.69909178,0.087836108,0.00556,1.107282293,0.015226579,0.008526884,,,,
2023,15,3127310,2.30524224,,,,9.481658499,0.051986554,0.002256075,1.054467422,0.012639377,0.007078051,,,,
2023,15,4258248,1.38213019,,,,5.365490015,0.053835015,0.002659996,0.523873302,0.006055174,0.003390898,,,,
2023,15,3052056,4.40708949,,,,20.75379618,0.127188374,0.006260476,1.590853797,0.031817076,0.017817563,,,,
2023,15,2975417,0.46698072,,,,1.691718551,0.011914296,0.000681592,0.227615641,0.002428517,0.001359969,,,,
2023,15,4035693,0.90812559,,,,3.975561911,0.019116426,0.001251,0.33415137,0.003550326,0.001988182,,,,
2023,15,4035656,3.25161332,1.892567094,0.016941092,0.000849485,12.96197997,0.110094733,0.006503506,1.011304135,0.021070155,0.011311328,,,,
2023,15,4241263,0.53465448,,,,2.181114783,0.018802064,0.001075627,0.204159913,0.002359776,0.001321475,,,,
2023,15,4361577,2.99642788,,,,15.14795563,0.074921898,0.004523204,1.045931382,0.020918628,0.011714431,,,,
2023,15,4240573,2.20304971,,,,10.8453501,0.019057967,0.00136165,0.896002809,0.017920056,0.010035231,,,,
2023,15,4722908,2.58151957,,,,11.09736427,0.074826525,0.005738867,1.02429364,0.011839268,0.00662999,,,,
2023,15,2576581,2.25710731,1.714772301,0.012177297,0.0003804,9.272379437,0.054583608,0.00278,0.771407105,0.019131539,0.010203197,,,,
2023,15,15478,1.38869686,3.167404934,0.01531235,0.000733701,3.719785085,0.020424525,0.001145097,0.491648134,0.010113677,0.00505806,,,,
2023,15,4048228,2.93690205,,,,12.53788003,0.06723827,0.004059326,1.287844548,0.014885514,0.008335888,,,,
2023,15,4383396,0.62712199,,,,2.148461818,0.019791707,0.000977911,0.294372653,0.002563129,0.001435352,,,,
2023,15,2515270,0.76865962,2.009579522,0.016576005,0.001099377,1.624659859,0.015308035,0.00094832,0.215826373,0.006282699,0.003077963,,,,
2023,15,4430539,0.59602831,,,,2.528157732,0.01408795,0.000951315,0.260069734,0.003006009,0.001683365,,,,
2023,15,2580216,0.32878426,1.474949319,0.006316616,0.000302665,,,,,0.00489181,0.002250233,,,,
2023,15,4259979,6.35937627,3.531332476,0.018500945,0.000711324,27.72048115,0.108672498,0.00687727,2.521228363,0.061737377,0.03344165,,,,
2023,15,4244856,2.21540373,,,,9.203951692,0.081900573,0.004838023,0.664359492,0.01328719,0.007440826,,,,
2023,15,4036416,2.29080925,,,,10.29109898,0.043400063,0.002620159,1.018331687,0.020366634,0.011405315,,,,
2023,15,3914397,1.86775341,,,,8.793532118,0.040594065,0.00321,0.749904161,0.010504954,0.005882774,,,,
2023,15,4035426,3.99273915,,,,18.05560792,0.076539241,0.00546856,1.738987435,0.020100036,0.01125602,,,,
2023,15,4365395,1.65522476,,,,6.984331565,0.052996864,0.002608616,0.641704773,0.007417126,0.004153591,,,,
2023,15,2971281,2.08710146,,,,9.466035816,0.034782433,0.001836633,0.941136114,0.011892768,0.00665995,,,,
2023,15,3125107,1.86148003,1.815974695,0.018119459,0.001011427,5.854705874,0.036563075,0.002844279,0.769436296,0.010620899,0.005555569,,,,
2023,15,3046401,3.05368333,,,,14.08973604,0.084653066,0.005357216,1.151259103,0.023025182,0.012894102,,,,
2023,15,3047876,2.35824351,,,,11.34262622,0.056239347,0.004440912,0.897070928,0.017746915,0.009938272,,,,
2023,15,4426844,2.09995926,,,,9.038883953,0.05213839,0.007460857,0.879435328,0.010164928,0.00569236,,,,
2023,15,4040612,1.76095723,,,,7.436256199,0.037161541,0.002509403,0.799448606,0.009240404,0.005174626,,,,
2023,15,4245131,0.52892115,,,,2.529740884,0.007483743,0.000505354,0.235177679,0.004703554,0.00263399,,,,
2023,15,9614,0.47538423,,,,1.821358475,0.016464668,0.001077466,0.195642422,0.003051236,0.001708692,,,,
2023,15,3122154,0.41529339,,,,1.454808656,0.010518024,0.000688,0.207302345,0.001805,0.0010108,,,,
2023,15,4035020,0.55154,,,,2.363428273,0.020586356,0.000943068,0.192222638,0.0022218,0.001244208,,,,
2023,15,4212909,1.03045288,,,,4.386873241,0.030021907,0.001564464,0.417639505,0.00835279,0.004677562,,,,
2023,15,3040569,0.88693084,,,,3.760287812,0.021217394,0.00138849,0.321563105,0.006431262,0.003601507,,,,
2023,15,4362523,4.64980648,,,,20.22556762,0.108984646,0.008358645,1.981672264,0.022905102,0.012826857,,,,
2023,15,4250764,1.62004624,,,,7.161387927,0.048499618,0.001994764,0.616715496,0.007128288,0.003991841,,,,
2023,15,3923392,0.91284557,,,,3.841400682,0.020938598,0.000908678,0.406393322,0.004697285,0.00263048,,,,
2023,15,2531358,0.99826295,,,,3.999809709,0.036070479,0.002234535,0.382221684,0.004417898,0.002474023,,,,
2023,15,4034779,0.52664696,,,,2.135033587,0.017410555,0.000907277,0.209513771,0.002421659,0.001356129,,,,
2023,15,17315,0.37991667,,,,1.313366914,0.009947336,0.000785,0.189126814,0.001646744,0.000922177,,,,
2023,15,3125232,0.49756193,,,,1.859376488,0.008462613,0.000554,0.262237929,0.002283329,0.001278664,,,,
2023,15,4373030,1.19975843,,,,4.638398836,0.049923158,0.00274688,0.436402077,0.005044141,0.002824719,,,,
2023,15,4039253,2.48658933,,,,10.40234604,0.085008263,0.004336336,0.939508063,0.010859277,0.006081195,,,,
2023,15,2508256,1.39873499,,,,4.8159506,0.066811057,0.005275702,0.513068259,0.006717567,0.003761838,,,,
2023,15,4372505,1.0964373,,,,4.430582631,0.035115931,0.001829918,0.444644149,0.005139407,0.002878068,,,,
2023,15,4035170,1.44964199,,,,6.673433826,0.032755026,0.00207,0.591993132,0.00947757,0.005307439,,,,
2023,15,3046704,2.0790557,,,,7.53245746,0.059414844,0.008502097,0.962045411,0.008895819,0.004981659,,,,
2023,15,4212884,1.12032541,,,,4.191268501,0.024074516,0.001453433,0.559169183,0.004868736,0.002726492,,,,
2023,15,2576399,1.78464528,,,,9.104776769,-0.000940821,-3.86955e-05,0.891154549,0.010300384,0.005768215,,,,
2023,15,3049290,1.02534983,,,,4.185859118,0.035630315,0.00182,0.394326177,0.004557808,0.002552372,,,,
2023,16,3116406,22.67502121,3.116264287,0.036401036,0.000778364,113.3054092,0.501918041,0.024866864,7.887515134,0.125572001,0.069592093,,,,
2023,16,4241389,21.20695466,4.243705029,0.040340567,0.002143094,95.82741523,0.531895958,0.026252114,7.860002152,0.139432919,0.07702654,,,,
2023,16,4047646,17.01010971,,,,80.93791744,0.525895507,0.0311576,5.803706296,0.096084443,0.053807288,,,,
2023,16,4040715,21.00608717,43.70586528,0.795275252,0.019141401,,,,,0.601040319,0.285698811,218.0133608,1.269003833,0.075184353,0.782897262
2023,16,3918298,21.15410407,32.0786065,0.603748837,0.020273505,,,,,0.503529456,0.240132024,229.5588273,1.777460841,0.10425981,0.875284321
2023,16,4374302,17.24131572,1.793675481,0.013114534,0.000525929,76.55497275,0.455297276,0.026226893,6.640285477,0.090111966,0.05009354,,,,
2023,16,4262921,19.15174496,,,,97.5126715,0.390044521,0.0152,7.157290979,0.116569909,0.065279149,,,,
2023,16,16800,16.84950006,,,,81.95273761,0.39415164,0.0185,6.336696593,0.077155479,0.043207068,,,,
2023,16,3929630,16.08184125,63.03152669,0.33946476,0.016112015,30.41619323,0.165357874,0.008849388,3.796376104,0.148027754,0.071035726,,,,
2023,16,4239996,15.98188246,58.85283935,0.463878841,0.019444969,31.61703144,0.08714468,0.005299902,3.697869233,0.126923349,0.06097636,,,,
2023,16,2976212,16.14417525,,,,73.51366063,0.483087697,0.028336282,5.960185285,0.112082896,0.062766422,,,,
2023,16,3054850,17.57753504,48.87539787,0.376486275,0.01410696,40.51306722,0.135817645,0.00766,5.629476154,0.113074555,0.055566532,,,,
2023,16,3068267,14.84693317,45.8518726,0.286517994,0.011001673,36.07398174,0.161359882,0.0060809,4.106632035,0.183605312,0.089282351,,,,
2023,16,4430807,14.6245568,57.79682766,0.286828748,0.013266166,29.05409889,0.181535765,0.013137404,3.247811538,0.183556145,0.088094807,,,,
2023,16,3916148,15.24304279,53.32816648,0.394069461,0.020934953,27.4661853,0.128623001,0.00635,4.11440738,0.15042617,0.072748221,,,,
2023,16,3043078,15.2572284,72.53517727,0.726385509,0.018668918,14.8795693,0.066958654,0.00345,1.830222293,0.13006025,0.061101683,,,,
2023,16,2577417,19.4035426,12.98111222,0.152517231,0.008102483,,,,,0.496597057,0.237651386,292.6939671,1.802530541,0.088965214,0.729762739
2023,16,4047650,14.8455095,,,,72.34683578,0.518743879,0.023210916,4.528087818,0.069627683,0.038991502,,,,
2023,16,4429795,14.00540305,49.19537819,0.369324347,0.014810928,25.10536357,0.147143009,0.008476009,3.526719805,0.102732724,0.049740469,,,,
2023,16,3116385,15.71087572,64.73112466,0.58530733,0.013590942,20.57389817,0.151475852,0.005786815,2.806804241,0.092984637,0.044169706,,,,
2023,16,15847,14.45979403,,,,61.8892494,0.362216807,0.013096561,6.146270121,0.068483034,0.038350499,,,,
2023,16,4430027,13.00657269,,,,54.09748955,0.417845172,0.024069507,5.093118007,0.047094926,0.026373159,,,,
2023,16,4427366,16.00120179,54.0488261,0.1892001,0.016840744,41.03618285,0.151474874,0.00937,4.543413387,0.155304389,0.07564091,,,,
2023,16,16737,15.45641545,,,,71.7540926,0.580208811,0.026479068,4.799313736,0.048021915,0.026892273,,,,
2023,16,3126486,17.40974449,11.64237731,0.242280864,0.005119612,76.53640433,0.413729677,0.0168,4.665302943,0.126957853,0.06725125,,,,
2023,16,2576414,15.40805832,69.50890149,0.91341748,0.019531611,11.79077648,0.060031175,0.002974165,1.555802693,0.179009735,0.084071828,,,,
2023,16,4361370,16.01209129,,,,80.96876885,0.366540029,0.020668634,5.763976771,0.0816909,0.045746904,,,,
2023,16,4697815,17.0473253,74.829785,0.493980971,0.027612479,25.43368257,0.137950388,0.00629566,3.346234573,0.19985196,0.094967233,,,,
2023,16,4569618,15.35522764,1.233878584,0.005057819,0.000450198,74.96317417,0.428738026,0.026529868,5.19614621,0.108076589,0.060107523,,,,
2023,16,4372016,15.53930708,1.497720958,0.017833386,0.000381331,79.4461588,0.274590213,0.013604208,5.749926067,0.080627629,0.044824817,,,,
2023,16,3915416,16.32151179,1.657474422,0.013781276,0.000623747,76.46111065,0.514689675,0.032388995,5.36582858,0.085798967,0.047647243,,,,
2023,16,3040151,12.58239387,,,,61.55426895,0.333333346,0.013504642,4.444430246,0.040666635,0.022773316,,,,
2023,16,3139477,18.22554615,23.32096357,0.064652854,0.002518985,,,,,0.462672932,0.221182968,278.4086147,1.59220606,0.0575689,0.844842997
2023,16,2977187,14.57773046,,,,65.68673523,0.468471503,0.028410989,5.233721995,0.084412546,0.047271026,,,,
2023,16,4242335,14.02610952,64.33157026,0.516277297,0.019291212,17.64067191,0.07414753,0.004640167,2.348141761,0.119173258,0.056406091,,,,
2023,16,4567048,14.2087596,64.92639709,0.546845731,0.022348764,18.29411916,0.06658758,0.002979425,2.292235518,0.148862631,0.070356894,,,,
2023,16,4379399,17.84004009,76.95808645,0.405452074,0.013614825,31.19972062,0.189239764,0.0111,3.564475259,0.169680745,0.081139277,,,,
2023,16,3051876,12.9043358,,,,57.94714912,0.18379083,0.011177657,6.076726838,0.0843145,0.04721612,,,,
2023,16,4426515,14.03315624,5.200253201,0.03169815,0.001691459,62.46375179,0.394260037,0.02391035,4.767576679,0.101279217,0.055224837,,,,
2023,16,4259545,13.66781283,68.96686824,0.428970889,0.010324858,15.76150419,0.096065982,0.005691597,2.176859094,0.178570583,0.084426822,,,,
2023,16,3916387,21.2377737,54.03502513,0.383223779,0.010200108,,,,,0.698333049,0.332391528,251.9070602,1.356436088,0.071163651,0.741731355
2023,16,4360438,15.23681186,,,,79.56341007,0.393952273,0.015960553,4.981070789,0.087997038,0.049278341,,,,
2023,16,3117251,23.95019732,82.21080215,0.896346262,0.0189406,37.97083624,0.304925683,0.0124,4.823255205,0.17242544,0.083044296,,,,
2023,16,15795,14.78846994,1.665172117,0.014397201,0.000370024,71.61756662,0.426523164,0.021981424,4.85417496,0.077739398,0.043127989,,,,
2023,16,4241478,12.10019394,,,,54.04933353,0.352752152,0.020899418,4.619187921,0.075200968,0.042112542,,,,
2023,16,3925357,13.77288437,2.281573901,0.016352896,0.000685484,64.38001387,0.419123545,0.02548995,4.522628836,0.075317696,0.041549379,,,,
2023,16,4035538,13.20847164,63.28362582,0.569628534,0.02284368,13.72498528,0.06258228,0.003604983,1.789488279,0.139954918,0.065867979,,,,
2023,16,4429160,14.41198352,34.64771242,0.373079622,0.007977564,35.29312088,0.184012168,0.009116639,4.143785679,0.1063886,0.052716318,,,,
2023,16,4430737,20.77757269,102.5955303,0.693961134,0.037030774,24.0748961,0.19633706,0.011907085,2.90455687,0.254628462,0.120205849,,,,
2023,16,3042519,14.45868635,60.3928708,0.304741977,0.023121025,24.78249623,0.178193401,0.009398739,3.171599875,0.207418474,0.099290011,,,,
2023,16,4361529,15.29400398,65.25406976,0.534422388,0.020822005,21.1661629,0.098689869,0.003568299,2.922254572,0.127092713,0.060541004,,,,
2023,16,4258173,12.60801267,,,,57.30725148,0.342487662,0.026435052,4.822261154,0.048251527,0.027020855,,,,
2023,16,3045147,13.54599633,66.48743914,0.475266787,0.031952923,14.35502535,0.067236593,0.00954853,2.234095631,0.120138545,0.056771467,,,,
2023,16,4241479,16.21035074,6.173992899,0.092895728,0.00198639,,,,,0.650068878,0.311287845,295.3391165,1.30076263,0.064444559,0.754242155
2023,16,4362887,20.03297447,56.36275187,0.317418239,0.014366492,,,,,0.864647857,0.411230149,219.407276,1.496946402,0.094201599,0.844681341
2023,16,3116165,14.11600257,1.652904299,0.015165875,0.00084774,62.29351701,0.428914963,0.01957445,5.093039844,0.071049824,0.039443405,,,,
2023,16,3123076,13.2363063,,,,61.53868715,0.316271593,0.022784271,5.20616609,0.061196969,0.034270303,,,,
2023,16,4239993,14.11051755,,,,69.37345227,0.443123183,0.016928586,4.560874572,0.073425461,0.041118258,,,,
2023,16,16460,12.56956856,,,,56.71352401,0.240932132,0.017356874,5.525601375,0.098472998,0.055144879,,,,
2023,16,2577327,12.13000371,,,,55.23762207,0.300201187,0.013432341,4.845850265,0.061886224,0.034656285,,,,
2023,16,4242355,12.56037539,,,,51.52429951,0.407231009,0.020099185,4.974668622,0.045999651,0.025759805,,,,
2023,16,2976499,13.34200077,,,,73.10989485,0.170051796,0.012250567,5.091205894,0.096016537,0.053769261,,,,
2023,16,4241457,11.9605974,54.71779436,0.442051773,0.016600316,13.3374017,0.081102994,0.006108126,2.086021359,0.125165019,0.059297528,,,,
2023,16,3121422,11.37797811,,,,58.13266349,0.182167625,0.010615349,4.507560603,0.052201155,0.029232647,,,,
2023,16,4361307,13.01687147,,,,56.98580653,0.264451377,0.037555767,5.740959795,0.077257837,0.043264389,,,,
2023,16,3121023,9.19438547,,,,42.49578053,0.154204904,0.00914,4.05547044,0.049536116,0.027740225,,,,
2023,16,4361741,18.88495774,9.678964859,0.202148776,0.004271585,,,,,0.46159919,0.220854659,292.4722092,1.682446169,0.068162497,0.719921647
2023,16,4429205,12.15309694,,,,57.9322874,0.327035083,0.012783208,4.4500052,0.071242777,0.039895955,,,,
2023,16,4429615,13.4916792,2.896936985,0.025017348,0.000665876,62.06006001,0.281166113,0.0148,5.225908288,0.090900408,0.050180655,,,,
2023,16,4361579,11.47733688,52.66199036,0.265459159,0.015558802,16.30601267,0.093611854,0.005784908,2.483370103,0.108473138,0.05140451,,,,
2023,16,4426354,9.8431575,1.657673348,0.017236835,0.000647293,49.73433363,0.182845725,0.013770696,3.542241164,0.062618727,0.03463585,,,,
2023,16,4258595,10.57638582,1.064356273,0.02560813,0.001159035,39.80329907,0.339855062,0.021386798,4.315572088,0.058981284,0.032691312,,,,
2023,16,4360310,17.52540241,19.61998068,0.253591813,0.010630114,,,,,0.662316282,0.316690074,277.781673,1.241265396,0.075490374,0.795397932
2023,16,3128429,11.33251852,,,,48.98038158,0.404772069,0.025013597,4.044276552,0.080885531,0.045295897,,,,
2023,16,3117256,8.63918499,,,,32.86929436,0.270507897,0.0209,3.734483254,0.043043819,0.024104539,,,,
2023,16,4428331,17.10784905,,,,76.46856248,0.464978134,0.01681207,6.785922524,0.13571845,0.076002332,,,,
2023,16,3916433,11.70750966,1.433191064,0.009756202,0.000403898,48.8961512,0.311480129,0.014612022,4.792310233,0.069318449,0.038507312,,,,
2023,16,4036378,16.63059037,15.14053128,0.101408821,0.007693971,,,,,0.575035571,0.275025635,228.8437169,1.806294629,0.095272281,0.770952056
2023,16,4569987,12.93406762,47.72635587,0.328636584,0.012341249,24.86645035,0.082074597,0.0061813,3.297053671,0.130853498,0.063517429,,,,
2023,16,4385690,9.02294772,,,,35.10231136,0.271731479,0.015938845,3.903926333,0.048898494,0.027383157,,,,
2023,16,3932905,11.1298742,,,,53.66337383,0.291543027,0.022,4.059059592,0.081181192,0.045461467,,,,
2023,16,3051392,15.83168031,70.17354485,0.261222115,0.013809825,28.53320672,0.104145957,0.005230303,3.896252146,0.177285872,0.085107841,,,,
2023,16,4372019,10.5325148,37.62895286,0.134054497,0.009268703,23.85653509,0.067498636,0.00486,3.231259035,0.090167033,0.043625615,,,,
2023,16,4360248,8.47805865,,,,44.0700911,0.138713037,0.010038403,3.247426168,0.026274697,0.01471383,,,,
2023,16,4040761,13.33175513,76.70617541,0.38927664,0.020666136,11.97403367,0.040098399,0.003095012,1.982480171,0.155987952,0.073317238,,,,
2023,16,3917315,15.74639599,31.02175493,0.355195611,0.023880352,,,,,0.649932826,0.310071942,211.6006237,0.981564295,0.139395758,0.800401819
2023,16,4426502,10.20137646,,,,47.81614928,0.22354639,0.016177634,4.122207298,0.069567299,0.038957687,,,,
2023,16,4241416,14.00455561,71.66162827,0.487659533,0.016317814,15.62075597,0.042056294,0.003029757,2.192625762,0.145467875,0.06856934,,,,
2023,16,4036133,14.18789931,,,,63.31605652,0.288709391,0.0113,6.172744025,0.065204205,0.036514355,,,,
2023,16,2576925,12.22206467,,,,57.38161506,0.264231918,0.014140789,4.928582445,0.053359259,0.029881185,,,,
2023,16,3046779,15.24518794,3.429419965,0.096400908,0.003865943,,,,,0.496711636,0.237918385,246.7065705,1.558896682,0.08979851,0.752320595
2023,16,4243537,7.88444793,,,,34.37861344,0.368698146,0.0216,2.237644597,0.042472218,0.023784442,,,,
2023,16,3051926,11.5014206,52.4654627,0.641238146,0.017067569,9.807786491,0.039873148,0.002091893,1.254245666,0.115250383,0.054089337,,,,
2023,16,16731,10.44129823,1.273145462,0.008942328,0.000475061,46.69093594,0.287085353,0.0142,3.906031255,0.061539766,0.034141685,,,,
2023,16,4048244,6.75575118,32.0046312,0.233645493,0.008132495,8.095689282,0.050496991,0.001973836,1.104569959,0.09152764,0.043168196,,,,
2023,16,15864,16.11509976,10.76060238,0.078663891,0.003214875,,,,,0.460698649,0.220544661,261.9809958,1.464380353,0.065522912,0.73913566
2023,16,4241463,9.31416838,,,,45.59157679,0.244362913,0.015100833,3.330669011,0.065872724,0.036888726,,,,
2023,16,3052587,16.85289497,11.89927727,0.089192193,0.004985653,,,,,0.533600343,0.255072294,237.3919391,1.828164152,0.083432174,0.680655576
2023,16,4430878,10.3423388,,,,48.9925769,0.251905015,0.011271354,3.978770632,0.063698503,0.035671161,,,,
2023,16,4242431,13.22689115,51.48072651,0.406717154,0.014156598,22.57140406,0.082776532,0.003235584,2.871570825,0.106813194,0.051134311,,,,
2023,16,4360238,3.6995383,24.08860477,0.154028599,0.008177157,1.289643913,0.005501572,0.000424641,0.230257267,0.047660948,0.022094231,,,,
2023,16,4361050,11.48841834,,,,49.97699813,0.312113327,0.0164,4.632082219,0.042831831,0.023985825,,,,
2023,16,12483,15.28186428,4.584073509,0.05125331,0.002734951,,,,,0.324095215,0.15528985,235.5658477,1.685974569,0.102247851,0.77928051
2023,16,4361411,9.01687717,,,,37.83911707,0.25523763,0.019222762,3.703753908,0.037181918,0.020821874,,,,
2023,16,4239934,7.37522592,37.86689011,0.195947412,0.014866692,9.507496352,0.043465268,0.002292558,1.251231344,0.09197406,0.043334323,,,,
2023,16,14881,15.38343345,27.44928058,0.20648605,0.012102334,,,,,0.504189627,0.240166001,189.0972633,1.326483459,0.081972362,0.595686334
2023,16,16733,10.6252737,,,,51.28147502,0.351407001,0.01843611,3.391213042,0.036031308,0.020177533,,,,
2023,16,4035886,10.99571246,49.21467737,0.299130496,0.013538781,16.83182394,0.089022205,0.005602094,2.118870927,0.102469051,0.048856275,,,,
2023,16,4361777,8.68776419,63.0,0.4,0.002041632,,,,,0.018262467,0.008400735,,,,
2023,16,2468609,9.09692653,25.47584939,0.356711883,0.013366012,15.64018619,0.149565693,0.00843,1.743554983,0.107757172,0.052224673,4.837839261,0.026402615,0.001549496,0.020053583
2023,16,4045163,6.63446722,30.25807142,0.169058263,0.005656941,11.31512737,0.013232668,0.000953288,1.451787438,0.087920735,0.041964069,,,,
2023,16,4361409,6.62394746,,,,30.73492237,0.121858067,0.007100965,2.85509283,0.045708877,0.025596971,,,,
2023,16,4426875,13.25190899,15.91898894,0.1438003,0.007176227,,,,,0.444403496,0.212662979,224.0326815,0.993707542,0.057905746,0.92776356
2023,16,4360294,11.47797307,36.56787269,0.16404582,0.008186561,25.40324968,0.104178206,0.006070716,3.768172982,0.197762478,0.096745549,,,,
2023,16,4426385,7.08297461,22.68788225,0.143231428,0.005853654,15.36960683,0.060676002,0.002714915,2.067637606,0.032670992,0.015928811,,,,
2023,16,3121427,11.16269825,,,,46.46373683,0.239392184,0.013949962,5.117315211,0.059662209,0.033410837,,,,
2023,16,3045144,10.33103432,1.635883896,0.010294197,0.000239033,46.72923335,0.211253252,0.00807,4.211719429,0.058312595,0.032320796,,,,
2023,16,4428557,10.93924162,35.02359427,0.239873996,0.006165029,23.46723139,0.125733546,0.006479841,2.876576485,0.087625356,0.042738919,,,,
2023,16,4361432,10.32872898,,,,43.44357979,0.386684015,0.020395492,3.704500742,0.074090015,0.041490408,,,,
2023,16,4688813,9.54076986,,,,43.50728188,0.187262604,0.011718931,3.950614118,0.063247728,0.035418728,,,,
2023,16,3059915,5.44787697,30.78592894,0.224141847,0.01549746,3.97614084,0.01312092,0.000945234,0.568192135,0.058530445,0.027266068,,,,
2023,16,3886812,16.51169857,15.10102717,0.251598625,0.005842165,,,,,0.369705068,0.176768867,242.892452,1.387026961,0.052988437,0.772852643
2023,16,3121409,8.55181549,,,,40.20925538,0.168679076,0.013,3.558132205,0.059727421,0.033447356,,,,
2023,16,2573401,6.88801667,,,,28.8172946,0.186748844,0.0113,2.891976511,0.026319967,0.014739182,,,,
2023,16,3918639,8.53338674,,,,35.47160344,0.211605059,0.007974406,3.765235529,0.059060982,0.03307415,,,,
2023,16,16813,5.84312497,,,,23.70469486,0.165143011,0.009623283,2.496870719,0.031382024,0.017573933,,,,
2023,16,4373626,6.57892972,43.11840535,0.247138209,0.011430432,3.032740527,0.012604096,0.000912,0.425191156,0.049398368,0.022908358,,,,
2023,16,4372414,8.96087908,1.074166498,0.004747095,0.00032822,46.88868917,0.116584865,0.008398798,3.499890128,0.074692229,0.041358206,,,,
2023,16,4360635,7.90874713,,,,35.98277398,0.192468798,0.009919129,3.167852202,0.029292423,0.016403757,,,,
2023,16,4427095,10.92812562,3.237081455,0.009819652,0.000519128,53.37769072,0.186553309,0.009368873,4.082697504,0.091208916,0.050121496,,,,
2023,16,4032473,10.11073705,3.216051,0.021985252,0.000823788,45.53799583,0.239327726,0.013495326,3.551842048,0.081278702,0.044491887,,,,
2023,16,3116389,6.42033515,12.65067339,0.077451625,0.00453951,17.83387081,0.086978833,0.005375009,2.442717002,0.07900321,0.03966803,,,,
2023,16,4429025,7.77229981,,,,37.09609193,0.18187474,0.006854009,3.023872915,0.060477458,0.033867377,,,,
2023,16,4372485,6.25012196,5.996319856,0.024107366,0.001620776,24.95598954,0.088014819,0.012499326,2.527751467,0.071311687,0.037858879,,,,
2023,16,4242214,6.93216045,15.11390773,0.109401509,0.004262469,18.22449112,0.137182594,0.004960068,2.130475335,0.03109688,0.015463231,,,,
2023,16,16757,14.2422148,5.485941303,0.044322362,0.001660761,,,,,0.533072358,0.255342022,246.9151752,1.347545041,0.075925321,0.748844399
2023,16,3116593,5.2220758,27.36502804,0.111420637,0.009917576,7.654319007,0.020439785,0.001264793,0.995258155,0.096229825,0.045591166,,,,
2023,16,3115394,6.14248279,,,,33.06015506,0.112638471,0.008114533,2.169619628,0.023051997,0.012909118,,,,
2023,16,4036348,5.76575639,,,,26.52592096,0.171597695,0.00846933,2.09879429,0.029400739,0.016464414,,,,
2023,16,4567156,6.98514485,3.501904053,0.024685533,0.000634446,33.13372841,0.157639249,0.008124143,2.257289537,0.044704509,0.024177903,,,,
2023,16,3916566,6.071514,,,,28.31699219,0.143711625,0.005617427,2.419222764,0.048384455,0.027095295,,,,
2023,16,4426386,10.94126088,38.25740594,0.317128101,0.01435336,19.92389933,0.104780075,0.006593723,2.646144233,0.102341355,0.04952855,,,,
2023,16,4040655,7.61435724,,,,36.74501212,0.247560027,0.015578748,2.464709248,0.03782757,0.021183439,,,,
2023,16,4242433,9.91816761,,,,48.3218371,0.192512361,0.007254892,3.996914612,0.073623805,0.041229331,,,,
2023,16,4243331,7.26570385,,,,27.9654046,0.290518477,0.013258431,2.733974987,0.031494036,0.01763666,,,,
2023,16,3929645,3.92751364,,,,15.90615107,0.131675496,0.007424981,1.547645618,0.014310734,0.008014011,,,,
2023,16,2980453,4.69367829,22.8636614,0.170961401,0.006405932,4.825882851,0.013263065,0.000747884,0.858194531,0.057802916,0.027324545,,,,
2023,16,3122976,0.66877408,1.084944291,0.011456699,0.000244979,1.948609442,0.011586937,0.000574,0.229355882,0.003872522,0.001969477,,,,
2023,16,4572680,9.19201234,,,,37.22359084,0.325850025,0.017186828,3.524734867,0.040740546,0.022814706,,,,
2023,16,3915486,8.35153506,,,,38.76884738,0.146320296,0.009054149,3.625444232,0.042814272,0.023975992,,,,
2023,16,4038524,13.67703313,7.701276256,0.139325698,0.005206043,,,,,0.634077288,0.303597509,229.932153,1.17489434,0.073525124,0.69645974
2023,16,11252,12.87495671,6.307766674,0.041064449,0.00283925,,,,,0.681857435,0.326676892,270.609135,0.898204349,0.064663117,0.959520201
2023,16,4038441,7.71979095,25.78122273,0.232501395,0.006188393,13.56108612,0.059803784,0.003137528,2.089403933,0.080545182,0.03922539,,,,
2023,16,4360797,4.75700407,1.720299951,0.012415792,0.000662525,20.92952995,0.135854748,0.008239066,1.622877081,0.035955942,0.01961521,,,,
2023,16,3054212,6.64250666,,,,29.10931562,0.204712107,0.014814632,2.508209565,0.031580691,0.017685187,,,,
2023,16,4371733,5.9619104,21.75173104,0.177407662,0.004270007,10.50365455,0.043539023,0.002579546,1.47244266,0.080308387,0.038784016,,,,
2023,16,15920,7.79502284,29.69150341,0.344860547,0.0115802,9.642473602,0.063405957,0.003719178,1.441883248,0.065199377,0.031088944,,,,
2023,16,4360569,4.05128304,19.2702004,0.205913672,0.00435114,3.465556776,0.017246856,0.000698738,0.45895013,0.03319821,0.015590866,,,,
2023,16,3043116,7.09075346,,,,29.16748425,0.263912831,0.016005295,2.61572981,0.052314596,0.029296174,,,,
2023,16,4426485,9.79836239,,,,55.14664815,0.095219321,0.006859648,3.781366971,0.075627339,0.04235131,,,,
2023,16,4426388,6.45146972,1.837706621,0.01528654,0.000613033,30.54703043,0.169627932,0.009771228,2.134494539,0.048362937,0.02651594,,,,
2023,16,4722893,4.80353923,14.13239677,0.088452849,0.005184302,10.1067112,0.065619082,0.004055046,1.470565469,0.035587633,0.017394659,,,,
2023,16,3128390,4.00684961,,,,19.57118688,0.095677922,0.005920451,1.486596703,0.020824833,0.011661907,,,,
2023,16,4569587,9.10972876,4.013962795,0.018085103,0.000858373,40.03094633,0.09636496,0.005157123,4.087183736,0.075639599,0.041337631,,,,
2023,16,3122672,2.76500902,19.95825288,0.129431713,0.006906664,,,,,0.023743342,0.010921937,,,,
2023,16,3059989,15.85479866,6.46145412,0.092923997,0.003234404,,,,,0.454119435,0.217540258,295.3124316,1.390329852,0.054345471,1.207393321
2023,16,4685720,12.10433266,14.95036198,0.057916466,0.001937971,,,,,0.581180915,0.278155279,224.0427773,0.762334387,0.054918958,0.661007136
2023,16,3910544,3.17896863,16.33764529,0.071103537,0.002730222,4.21607427,0.011972551,0.00045119,0.659676054,0.044380445,0.021034367,,,,
2023,16,4362238,7.24815399,33.42426002,0.246985703,0.005735053,9.69246733,0.046574142,0.001779267,1.231597569,0.077620974,0.036778011,,,,
2023,16,15880,4.11613178,,,,17.28724436,0.082509118,0.0063685,1.913975283,0.031417544,0.017593825,,,,
2023,16,3120590,13.67668254,10.88290909,0.080528893,0.003092136,,,,,0.845084507,0.404574765,249.6795224,1.172331897,0.044179712,0.93950219
2023,16,3115306,5.50562448,,,,23.48319623,0.207134118,0.011931731,1.930654358,0.03659256,0.020491834,,,,
2023,16,4038815,5.98190397,20.84760637,0.178706943,0.009493812,10.43749069,0.048991436,0.002418008,1.508272425,0.047887881,0.023079038,,,,
2023,16,4240391,15.56845608,26.93165056,0.138063703,0.006552917,,,,,0.470254333,0.22453489,242.1183404,1.031996096,0.055228904,0.72636153
2023,16,3051738,6.22917223,,,,33.60371299,0.162092774,0.005860738,1.921375118,0.033696705,0.018870155,,,,
2023,16,4360761,9.40222823,,,,44.49258549,0.198985607,0.028258719,3.785332041,0.075706641,0.042395719,,,,
2023,16,3916945,8.39786712,,,,44.86157383,0.158286092,0.008470931,3.009350799,0.058797745,0.032926737,,,,
2023,16,3052096,1.25706838,,,,5.272163158,0.031284253,0.001222845,0.546610189,0.006317978,0.003538068,,,,
2023,16,3930086,4.68569177,,,,18.10290362,0.215441735,0.0126,1.57683647,0.017634887,0.009875537,,,,
2023,16,4249836,1.81970161,5.388869234,0.026586771,0.001838244,4.18343893,0.011708377,0.000843474,0.562578804,0.013728689,0.006707071,,,,
2023,16,4362478,2.75673513,13.89097522,0.084647413,0.005690977,3.161181916,0.015280049,0.002169979,0.460740534,0.026704275,0.012604903,,,,
2023,16,4037235,7.18709875,,,,33.20309363,0.127208037,0.018065307,3.003718784,0.060074376,0.03364165,,,,
2023,16,4428850,9.50521228,,,,43.56415442,0.293351062,0.015472683,3.432828457,0.068656569,0.038447679,,,,
2023,16,4360939,7.37372286,,,,36.85379597,0.142494152,0.00747577,2.875844933,0.052503683,0.029402062,,,,
2023,16,3050481,6.69194192,,,,29.27197105,0.140506545,0.005367756,2.948236394,0.034077105,0.019083179,,,,
2023,16,4373678,3.3334576,,,,15.00027883,0.095716514,0.00561,1.196267614,0.023925352,0.013398197,,,,
2023,16,3116164,5.91285764,,,,25.87653792,0.162672784,0.008169572,2.356987839,0.022092002,0.012371521,,,,
2023,16,4362504,0.89315748,,,,3.624267976,0.021987207,0.0017,0.400469315,0.004628813,0.002592135,,,,
2023,16,3135321,5.65828464,,,,24.5174955,0.089993772,0.004221749,2.717568495,0.05435137,0.030436767,,,,
2023,16,2576623,8.57047169,,,,43.42587882,0.144507845,0.007257313,3.40325077,0.052055948,0.029151331,,,,
2023,16,4429013,0.12963155,0.861315234,0.007413409,0.000310757,,,,,0.001792699,0.000824642,,,,
2023,16,4686472,3.79006142,2.930272529,0.01748514,0.00102482,14.81453332,0.097478813,0.006023873,1.186059518,0.034916382,0.018433655,,,,
2023,16,3049916,3.50889981,13.2641411,0.0623256,0.00295816,7.128182375,0.020917385,0.001119427,1.010906113,0.051871372,0.025109869,,,,
2023,16,4692590,7.09090957,,,,35.88934206,0.158421882,0.008478198,2.591161694,0.051823234,0.029021011,,,,
2023,16,4260394,13.09221207,6.203720532,0.080279374,0.00332349,,,,,0.556025684,0.266454724,233.4031355,1.193999225,0.056012377,0.861210418
2023,16,2565969,13.4430571,20.72711752,0.115582997,0.005345849,,,,,0.382294,0.182651981,202.0909787,1.03583586,0.074961504,0.677762984
2023,16,3930066,2.48463346,,,,12.58478963,0.05846725,0.004231166,0.882691275,0.014450185,0.008092104,,,,
2023,16,4360078,8.39119578,,,,41.87499705,0.20035541,0.012538282,3.039333381,0.057468155,0.032182167,,,,
2023,16,4432620,8.61343905,,,,40.86994083,0.192326471,0.011696771,3.42398384,0.068479677,0.038348619,,,,
2023,16,3139602,3.87568515,16.31893965,0.106463671,0.004462766,6.55841256,0.019710086,0.0012,0.857172519,0.040371675,0.019329333,,,,
2023,16,15807,5.0390061,20.28990417,0.127575479,0.005900515,7.983440936,0.050932661,0.00369,1.035061711,0.04722853,0.022555212,,,,
2023,16,3115364,2.98483107,12.39364496,0.13468237,0.004522549,3.276302542,0.02024424,0.00119,0.491454542,0.015838405,0.007510592,,,,
2023,16,3116407,13.5564604,14.7826955,0.194637381,0.007309194,,,,,0.461128995,0.220414554,209.9719549,1.057318052,0.079630004,0.731506563
2023,16,4250360,12.62366202,9.195915026,0.044450328,0.002349921,,,,,0.5417012,0.2593758,243.7220927,0.962190772,0.048322076,0.87857532
2023,16,3932430,6.73325069,,,,34.21788875,0.165376617,0.006232272,2.354479125,0.043654962,0.024446778,,,,
2023,16,3118892,5.84818729,,,,29.03491869,0.154294355,0.005578773,2.050911865,0.039450111,0.022092062,,,,
2023,16,4036131,6.08694898,,,,27.56419397,0.111121187,0.004972058,2.681082912,0.024896935,0.013942284,,,,
2023,16,13982,0.9763008,,,,4.058736138,0.033351659,0.001975977,0.372602558,0.005703463,0.003193939,,,,
2023,16,4241401,5.13437992,23.5557965,0.162709897,0.006079816,6.848633776,0.026969375,0.001687749,0.983924811,0.047256454,0.022423338,,,,
2023,16,4362619,8.22438216,49.67341523,0.233948117,0.011674974,7.103689769,0.031634699,0.001843431,1.030136946,0.114372929,0.053508497,,,,
2023,16,4036335,4.18484689,,,,20.57722873,0.090546957,0.004486029,1.593384316,0.016929553,0.00948055,,,,
2023,16,14876,14.80872003,12.04077256,0.223837416,0.005752871,,,,,0.501435362,0.239979093,230.4124034,1.291598864,0.066564221,0.899604656
2023,16,3115255,0.40926312,2.378748354,0.015352506,0.000534374,,,,,0.009063751,0.004169326,,,,
2023,16,4258195,1.0697191,,,,5.201400246,0.026262144,0.00151,0.39768434,0.007953687,0.004454065,,,,
2023,16,3931391,3.32889968,,,,15.34628402,0.086680553,0.003311448,1.21025874,0.024205175,0.013554898,,,,
2023,16,16799,3.82469176,,,,15.89086496,0.079008244,0.005950364,1.776873148,0.024891141,0.013939039,,,,
2023,16,4240472,3.63842293,,,,15.27805018,0.090004394,0.003254261,1.580060957,0.014610471,0.008181864,,,,
2023,16,3123075,2.44101931,,,,10.3832584,0.049813808,0.002467959,0.964583791,0.019291676,0.010803338,,,,
2023,16,4426407,5.46628712,3.191195099,0.019382404,0.001083435,22.27672022,0.160525249,0.007325912,1.873481587,0.047850747,0.025758307,,,,
2023,16,4242540,3.23336268,,,,13.6643506,0.097638413,0.005225274,1.299061573,0.025981231,0.01454949,,,,
2023,16,4362921,4.46699374,,,,23.04466976,0.086080939,0.004323061,1.674010845,0.033480217,0.018748921,,,,
2023,16,2576336,6.22329215,16.0,0.017019367,0.000704586,18.02276084,0.078058512,0.001785385,2.260593158,0.014674806,0.007705954,,,,
2023,16,3119195,3.60080937,17.20425817,0.078003712,0.004360241,5.007002403,0.035064078,0.001600224,0.719175553,0.03224595,0.015335956,,,,
2023,16,4567096,1.204196,,,,5.342577776,0.021668607,0.0016725,0.548579975,0.010971599,0.006144096,,,,
2023,16,4243389,1.16205588,4.76710247,0.034175512,0.001283389,2.09757042,0.006242883,0.000470171,0.181270786,0.019321118,0.009250256,,,,
2023,16,4240657,2.0536658,9.227458609,0.054933032,0.003693233,3.015969413,0.011643235,0.001653501,0.440932036,0.023512174,0.011189053,,,,
2023,16,4369863,7.58312439,,,,39.26266181,0.118184848,0.008514061,2.996253067,0.059925061,0.033558034,,,,
2023,16,4361516,2.14575482,,,,8.896628057,0.049670652,0.002658204,0.966672712,0.01272948,0.007128509,,,,
2023,16,3052897,3.9539811,,,,16.08794732,0.089298181,0.00442416,1.816622708,0.014698167,0.008230973,,,,
2023,16,2973405,3.2081242,1.812181514,0.009914058,0.000397581,13.24367746,0.065854944,0.00379,1.184657285,0.029366192,0.015877763,,,,
2023,16,4367178,0.34430107,1.857783313,0.009433245,0.000652227,,,,,0.013279938,0.006230149,2.548778692,0.008459892,0.000653163,0.012184162
2023,16,4362019,2.65885907,3.079548612,0.020939554,0.000784606,9.878282184,0.061836286,0.003486854,0.886418316,0.027970228,0.014639141,,,,
2023,16,2971618,4.60428552,,,,22.14002368,0.122836694,0.006444467,1.677052018,0.03354104,0.018782983,,,,
2023,16,3061612,6.67942546,2.586793507,0.015803581,0.000662458,28.58163549,0.136918161,0.00833,2.484913408,0.057933854,0.0316194,,,,
2023,16,4427278,5.82347895,2.65185335,0.013196857,0.001174655,25.00102697,0.122005237,0.007549559,2.062072512,0.04954878,0.026916584,,,,
2023,16,4039160,4.16577584,,,,17.56321687,0.109885218,0.006876639,1.759931859,0.021527225,0.012055246,,,,
2023,16,4426891,3.24594732,23.49243861,0.113535174,0.004359506,0.884047033,0.003524707,0.00013283,0.133132204,0.04027602,0.018619705,,,,
2023,16,4241961,1.93963396,,,,8.238733923,0.051990155,0.003915545,0.806178925,0.009318196,0.00521819,,,,
2023,16,4570674,6.39683,32.62830399,0.122779107,0.006490867,9.496053189,0.038675761,0.001942331,1.262862217,0.06923301,0.03294677,,,,
2023,16,3043275,5.47406246,,,,22.80430774,0.119555583,0.00560854,2.487087699,0.020122852,0.011268797,,,,
2023,16,4259308,0.84898823,2.349187739,0.018698264,0.000625672,1.771600847,0.005084894,0.000366318,0.237089221,0.008337542,0.004091606,,,,
2023,16,3051439,2.09358771,10.64432887,0.096121922,0.002313549,1.506179704,0.008744242,0.000518068,0.20686514,0.02889041,0.013525373,,,,
2023,16,4259305,4.78750298,,,,21.13529668,0.159988383,0.008438523,1.735114538,0.034702291,0.019433283,,,,
2023,16,16002,1.56795555,,,,5.526549819,0.053467478,0.002166177,0.696348364,0.005655734,0.003167211,,,,
2023,16,15168,11.57097253,8.901227358,0.104056308,0.0055242,,,,,0.557623805,0.266822672,189.350644,1.055622813,0.081478684,0.697532746
2023,16,3911853,4.34764612,,,,16.35752807,0.178649394,0.011039951,1.638915606,0.019201392,0.01075278,,,,
2023,16,3676833,1.82372096,2.922123772,0.020757249,0.00110273,5.709532754,0.038327362,0.001891675,0.489036987,0.01836725,0.009427009,,,,
2023,16,4360405,1.12734709,,,,4.946006602,0.032324646,0.001446349,0.445653286,0.008913066,0.004991317,,,,
2023,16,4035198,0.42668631,,,,1.891416879,0.013754446,0.00084998,0.156746303,0.003134926,0.001755559,,,,
2023,16,4372096,0.67213834,,,,2.684529423,0.023714878,0.001170465,0.262371932,0.003032618,0.001698266,,,,
2023,16,3921690,1.89141098,,,,7.932079499,0.055652095,0.002175339,0.769668918,0.008896196,0.00498187,,,,
2023,16,4430802,1.0024765,,,,4.304109004,0.027272796,0.002054002,0.409497164,0.004733161,0.00265057,,,,
2023,16,4050373,1.45657297,,,,6.686697628,0.040904268,0.002423445,0.548470161,0.009911651,0.005550525,,,,
2023,16,4249417,4.40649123,,,,20.57301601,0.119652372,0.00591,1.655666318,0.033113326,0.018543463,,,,
2023,16,4040774,1.88167113,0.771199298,0.00745409,0.000515385,7.127044815,0.049072308,0.003535179,0.761093963,0.015773897,0.008461579,,,,
2023,16,4411193,0.61331351,,,,2.397150747,0.014642149,0.000858859,0.205041005,0.00410082,0.002296459,,,,
2023,16,4362477,2.87429722,,,,11.87593766,0.054900225,0.002068933,1.151470189,0.023029404,0.012896466,,,,
2023,16,4686422,3.43751493,3.632671928,0.02388169,0.001267845,12.70724618,0.067849685,0.005237006,1.278185206,0.036868797,0.019516017,,,,
2023,16,4374187,1.08420326,3.317415796,0.019946732,0.00111498,2.180848082,0.017315868,0.000790247,0.191055017,0.014202216,0.006915129,,,,
2023,16,2511109,13.25330278,7.657906508,0.05106673,0.004545461,,,,,0.686069168,0.328650013,244.5271131,1.145057165,0.070854959,0.845911124
2023,16,4429202,0.84003448,2.759783188,0.011743579,0.001045299,1.951921351,0.007960295,0.000492575,0.254839572,0.00764386,0.003738067,,,,
2023,16,4372063,4.16396626,,,,19.936261,0.121336847,0.004915832,1.37887408,0.027577482,0.01544339,,,,
2023,16,4428718,3.72184554,4.47722875,0.021486548,0.000889523,14.80040804,0.081855931,0.00383999,1.202950846,0.037566393,0.019686443,,,,
2023,16,13232,1.89881443,,,,6.488066431,0.090898021,0.005125601,0.704553674,0.00931359,0.00521561,,,,
2023,16,2976592,0.48533918,,,,2.00754258,0.012490033,0.000668424,0.211916572,0.003299731,0.001847849,,,,
2023,16,4372780,4.57828101,,,,18.92068107,0.150244004,0.010823655,1.787923686,0.022697786,0.01271076,,,,
2023,16,4361372,4.22011978,,,,18.60756134,0.095345945,0.005899909,1.798217964,0.02078465,0.011639404,,,,
2023,16,3122899,4.3015072,,,,18.00052416,0.090082783,0.003257095,1.828285876,0.036565718,0.020476802,,,,
2023,16,2975674,1.56923857,,,,6.294579061,0.043389796,0.00273,0.679998726,0.005501822,0.00308102,,,,
2023,16,4368003,4.92577597,,,,23.084616,0.138082108,0.005275135,1.818035442,0.036360709,0.020361997,,,,
2023,16,3917914,0.45308922,,,,2.013557133,0.013546095,0.000802562,0.172019768,0.002896569,0.001622079,,,,
2023,16,2983509,2.23737747,8.125565272,0.054869808,0.002912959,3.887585836,0.014246766,0.001099643,0.635253695,0.023258044,0.011263994,,,,
2023,16,3127292,2.84968369,,,,12.05556562,0.06217211,0.002781858,1.284094123,0.016974613,0.009505784,,,,
2023,16,3917668,1.04261684,,,,3.977963172,0.021918945,0.00109,0.515050246,0.003587671,0.002009096,,,,
2023,16,4241802,6.85116967,,,,35.35909602,0.153941752,0.007731092,2.364769982,0.0472954,0.026485424,,,,
2023,16,4689334,7.76873636,,,,33.05170643,0.282115361,0.014880061,2.802405313,0.056048106,0.03138694,,,,
2023,16,4565908,3.58189299,1.671784076,0.011923252,0.000539652,15.34310287,0.099270307,0.006246998,1.231294908,0.029876176,0.016205631,,,,
2023,16,4570561,0.48504072,,,,1.841966294,0.008616887,0.000461146,0.250606781,0.002182055,0.001221951,,,,
2023,16,2977800,5.03638499,,,,25.26931779,0.083884323,0.003161208,2.044542609,0.040890852,0.022898877,,,,
2023,16,4426553,1.11487131,,,,4.426155738,0.040389546,0.00244947,0.430460642,0.004975467,0.002786261,,,,
2023,16,3122168,1.5412046,,,,6.945411895,0.05525316,0.003240963,0.517726755,0.008288595,0.004641613,,,,
2023,16,4012556,1.1359327,,,,4.36308802,0.02061936,0.000805973,0.58024517,0.005439978,0.003046388,,,,
2023,16,4429676,4.33209236,17.20412853,0.125171778,0.004677167,6.888040096,0.03009058,0.001883075,1.020720269,0.045617281,0.0218727,,,,
2023,16,2514206,1.16335103,,,,4.74294272,0.03266435,0.00118,0.496992672,0.005744475,0.003216906,,,,
2023,16,4242557,1.78059402,,,,7.174468889,0.060648746,0.002713696,0.700915216,0.006481207,0.003629476,,,,
2023,16,4257188,1.06316308,,,,5.019882161,0.02718603,0.001038585,0.404836246,0.008096725,0.004534166,,,,
2023,16,2998565,3.54572764,,,,15.02760542,0.119886997,0.007502552,1.331297426,0.020718405,0.011602307,,,,
2023,16,4570409,0.49002191,,,,2.471053258,0.003544682,0.00025536,0.226082624,0.004521652,0.002532125,,,,
2023,16,15839,1.21932604,1.298225506,0.005477588,0.000378728,5.629260638,0.016363925,0.001178861,0.404667747,0.01201244,0.006285987,,,,
2023,16,3128452,1.17109498,,,,5.114507159,0.024262292,0.001747861,0.518685192,0.007416071,0.004153,,,,
2023,16,4039057,1.76519969,,,,7.817648343,0.051973709,0.003211806,0.680043158,0.013600863,0.007616483,,,,
2023,16,3843945,3.64502197,,,,15.60722008,0.111939644,0.006312106,1.421167985,0.019321513,0.010820048,,,,
2023,16,3127310,3.10492995,,,,12.85922758,0.077604798,0.002964727,1.365346564,0.016365731,0.009164809,,,,
2023,16,4258248,1.32346583,,,,5.254641278,0.045411477,0.002241317,0.527721011,0.006099648,0.003415803,,,,
2023,16,2975417,0.48523787,,,,1.716932111,0.011432601,0.000599797,0.246626975,0.002631356,0.001473559,,,,
2023,16,4035693,1.25536412,1.845300801,0.012974773,0.000587244,4.305362032,0.026486139,0.001666751,0.34239485,0.006427096,0.003320255,,,,
2023,16,4689988,3.59968863,,,,16.97289312,0.077094785,0.00477,1.462271494,0.02924543,0.016377441,,,,
2023,16,4241263,1.10471785,,,,4.508902639,0.035309268,0.001852455,0.443877678,0.005130547,0.002873107,,,,
2023,16,4361577,2.60205042,,,,13.02048515,0.063223289,0.003684174,0.933715855,0.018674317,0.010457618,,,,
2023,16,4240573,3.97851602,8.588150619,0.053627354,0.001794451,14.10237914,0.029490113,0.002124483,1.128255523,0.049268166,0.024919868,,,,
2023,16,4722908,3.70084101,,,,15.72332074,0.113426335,0.007098243,1.452109306,0.016784164,0.009399132,,,,
2023,16,2576581,5.9083797,1.822008379,0.012656938,0.000325297,27.03094349,0.134057817,0.006908843,2.175759534,0.044259913,0.024300917,,,,
2023,16,4027873,2.6342429,,,,11.77075791,0.091085666,0.004804277,0.921192674,0.018423853,0.010317358,,,,
2023,16,4048228,2.5487267,,,,10.78784677,0.054355443,0.003167423,1.152036599,0.013315782,0.007456838,,,,
2023,16,4383396,0.13022696,0.852991744,0.007631201,0.000405408,,,,,0.001869088,0.00085978,,,,
2023,16,4249030,7.19099786,,,,35.0511786,0.15486314,0.009691366,2.798529484,0.05597059,0.03134353,,,,
2023,16,2515270,0.28955403,2.005191746,0.015266803,0.000894801,,,,,0.004873877,0.002241983,,,,
2023,16,4430539,0.62388704,,,,2.723600976,0.016848604,0.001024686,0.251565784,0.002907716,0.001628321,,,,
2023,16,4259979,3.63236632,,,,16.38739371,0.073084052,0.00412,1.574447655,0.025206268,0.01411551,,,,
2023,16,4036416,1.96323241,,,,8.681392587,0.031755017,0.001850442,0.92100672,0.018420134,0.010315275,,,,
2023,16,4360231,2.3384361,,,,9.397583636,0.089282349,0.005517359,0.862855611,0.009973292,0.005585043,,,,
2023,16,3914397,2.07266821,,,,10.01920559,0.040959763,0.002964181,0.831803407,0.01165223,0.006525249,,,,
2023,16,4035426,2.85490393,,,,13.05019852,0.058124243,0.00419,1.208028737,0.013962965,0.007819261,,,,
2023,16,4365395,0.58814606,,,,2.52864406,0.017046205,0.000844532,0.234276784,0.002707881,0.001516414,,,,
2023,16,2971281,4.20261696,,,,19.8752303,0.060079671,0.003017255,1.874366697,0.02357974,0.013204654,,,,
2023,16,3125107,1.02614017,1.205849254,0.009786667,0.00051956,2.85224304,0.020086823,0.00155041,0.443370977,0.006321332,0.00329386,,,,
2023,16,3047876,2.61108163,,,,12.86923252,0.056175215,0.004065295,1.000546666,0.019724074,0.011045482,,,,
2023,16,4361988,0.97564298,,,,4.748454992,0.007149806,0.000411857,0.462926738,0.005350725,0.002996406,,,,
2023,16,4045305,0.92574112,,,,4.341707204,0.015312246,0.0011,0.402683656,0.004742978,0.002656068,,,,
2023,16,4426844,4.04377949,,,,17.15796677,0.110758898,0.015729301,1.652863346,0.019104573,0.010698561,,,,
2023,16,4040612,1.84800498,,,,8.08581392,0.044582279,0.002711373,0.776320012,0.008973072,0.005024921,,,,
2023,16,4245131,5.12387893,,,,25.79154082,0.08889406,0.005406294,2.04528222,0.040905644,0.022907161,,,,
2023,16,9614,0.5226126,,,,2.029523596,0.019902584,0.001252453,0.201170986,0.003137459,0.001756977,,,,
2023,16,3122154,0.45228027,,,,1.669563355,0.011990534,0.000754554,0.21390844,0.00186252,0.001043011,,,,
2023,16,4035020,0.54063551,,,,2.288752437,0.017944392,0.000726998,0.20523438,0.002372196,0.00132843,,,,
2023,16,4212909,3.27381848,,,,14.08265888,0.11400407,0.005202819,1.19731233,0.023946247,0.013409898,,,,
2023,16,4362523,3.65864022,,,,15.79106205,0.085684851,0.005362175,1.574603972,0.018200015,0.010192008,,,,
2023,16,4250764,3.86597861,,,,16.2527427,0.105321432,0.003969073,1.621331533,0.018740114,0.010494464,,,,
2023,16,2978109,3.23779407,,,,14.27300505,0.097985679,0.013915327,1.215950441,0.019386966,0.010856701,,,,
2023,16,3923392,2.585502,,,,10.94142011,0.064540497,0.002465633,1.113257806,0.012867558,0.007205833,,,,
2023,16,4034779,1.07723487,,,,4.224721637,0.042946092,0.001959937,0.398199371,0.004602576,0.002577443,,,,
2023,16,4360086,3.20074762,,,,12.99873016,0.118798188,0.006122419,1.190893734,0.013764911,0.00770835,,,,
2023,16,2578533,1.10489223,,,,5.630169567,0.026509618,0.001074009,0.388864859,0.00749403,0.004196657,,,,
2023,16,4373030,1.14226671,,,,4.364638237,0.045561449,0.00240312,0.433102679,0.005006005,0.002803363,,,,
2023,16,2508256,1.53686347,,,,5.551914641,0.068189574,0.004934752,0.570838476,0.007473949,0.004185411,,,,
2023,16,4372505,0.55116244,,,,2.173291049,0.020716156,0.000945426,0.210303837,0.002430791,0.001361243,,,,
2023,16,4241588,2.36042224,,,,11.22653396,0.051926682,0.003158039,0.940462227,0.018809245,0.010533177,,,,
2023,16,3925346,0.37044368,2.858215202,0.014572148,0.00072721,,,,,0.004772986,0.002195573,,,,
2023,16,4250945,2.46354993,,,,11.30186002,0.069419448,0.003577621,0.930033956,0.018600679,0.01041638,,,,
2023,16,4062711,3.08166933,,,,14.01614458,0.072322301,0.004525944,1.264733205,0.025294664,0.014165012,,,,
2023,16,3121378,1.07455283,,,,4.733729229,0.025532753,0.001282278,0.451121418,0.005214274,0.002919993,,,,
2023,17,3116406,22.99609003,1.500119118,0.018111156,0.000407098,119.2925317,0.407697058,0.0202,8.460695307,0.128585041,0.071664918,,,,
2023,17,4241389,23.00190768,6.237692167,0.068628388,0.00365672,100.3269285,0.728204916,0.0365,7.632165058,0.13814285,0.075840353,,,,
2023,17,4047646,18.3487332,,,,88.50942868,0.576147966,0.036068853,6.077535922,0.099463472,0.055699544,,,,
2023,17,4040715,23.76688911,42.92320973,0.998920791,0.023118151,,,,,0.622635662,0.296164062,240.1034956,1.459592754,0.091375548,0.807283362
2023,17,3918298,19.60665828,30.49238852,0.654035796,0.020124733,,,,,0.48108368,0.229226487,218.4729257,1.432651057,0.094167186,0.809583733
2023,17,4374302,19.16738176,0.856185133,0.007860921,0.000280401,86.65054037,0.471447552,0.029900611,7.587821413,0.098440478,0.054961535,,,,
2023,17,4262921,16.7999354,,,,82.21840374,0.406972696,0.016008335,6.213622128,0.100017812,0.056009975,,,,
2023,17,16800,16.35495825,,,,81.79652141,0.373358744,0.023309543,5.967974214,0.072642548,0.040679827,,,,
2023,17,3929630,16.72646256,68.58443847,0.424507441,0.019945584,27.74429317,0.170104316,0.011578926,3.607042793,0.155257042,0.074135479,,,,
2023,17,4239996,15.86125916,69.54081313,0.460070528,0.026874695,25.49295611,0.07843612,0.00539913,3.193148603,0.14145295,0.067292955,,,,
2023,17,2976212,15.57141973,,,,73.32413224,0.381301068,0.025062662,6.023173812,0.111647352,0.062522517,,,,
2023,17,4362628,15.73706971,,,,76.0947596,0.385788519,0.017199572,5.885392423,0.097775828,0.054754464,,,,
2023,17,3054850,18.42989949,53.20443016,0.399614839,0.018021638,42.15252443,0.139564125,0.008430238,5.721632461,0.121093126,0.059301983,,,,
2023,17,3068267,15.85382677,56.79211001,0.286867415,0.010313807,37.01453328,0.154325277,0.006135061,3.971583529,0.189603695,0.091739489,,,,
2023,17,4430807,14.65399309,50.75660976,0.238788091,0.011129052,33.1493937,0.194841412,0.014500143,3.770857747,0.170575688,0.082503208,,,,
2023,17,3916148,14.75335289,54.71287836,0.489185308,0.026065214,23.59772108,0.126532883,0.0063341,3.297650079,0.144209082,0.069137453,,,,
2023,17,3043078,13.44660133,54.40338724,0.698461356,0.017989269,15.86614818,0.065433082,0.0034762,1.906222027,0.123356538,0.058064903,,,,
2023,17,2577417,21.984903,14.21784594,0.184027959,0.009805544,,,,,0.488809672,0.233830912,295.6621632,2.313145554,0.115793585,0.708277265
2023,17,4047650,13.72065324,,,,63.87783801,0.528507178,0.023199422,4.185564615,0.064133113,0.035914543,,,,
2023,17,4429795,15.86371782,50.5745112,0.484261675,0.017273711,29.27204328,0.165328079,0.0104856,4.054507855,0.135426869,0.066039316,,,,
2023,17,3116385,15.57694771,65.55417751,0.53852859,0.015499397,20.45788362,0.134705973,0.00601,2.974239673,0.087251483,0.041614126,,,,
2023,17,15847,14.54469747,,,,61.75994613,0.436381539,0.015364543,5.789240663,0.06360368,0.035618061,,,,
2023,17,4430027,13.24806079,,,,55.94688643,0.386804564,0.0245323,5.337454924,0.049354255,0.027638383,,,,
2023,17,4427366,15.80743231,46.06203314,0.137748942,0.010348584,42.58582759,0.11147057,0.00762298,5.546837631,0.14077036,0.069582799,,,,
2023,17,16737,15.19149562,,,,69.63096577,0.554666711,0.026305449,4.901420708,0.049043597,0.027464414,,,,
2023,17,3126486,17.31894536,13.15036284,0.248815818,0.005764562,74.50425637,0.482929444,0.0184,4.174668128,0.120245023,0.06312981,,,,
2023,17,4361370,16.36998785,,,,84.10357033,0.3491445,0.021089741,5.912642899,0.082348718,0.046115282,,,,
2023,17,4697815,17.12241374,71.8533926,0.528057023,0.027342506,25.59103945,0.136003178,0.006450044,3.497848108,0.185418413,0.088359942,,,,
2023,17,4569618,14.9623329,0.996670895,0.003106971,0.000233416,74.64657055,0.222530368,0.01521787,6.151036825,0.126622319,0.07054834,,,,
2023,17,3915416,14.18546301,1.528603479,0.011100423,0.0004472,69.02326229,0.333471573,0.0237,5.076034844,0.056737289,0.031492391,,,,
2023,17,3040151,13.39200765,,,,65.25365867,0.419072167,0.0159,4.363767086,0.039644914,0.022201152,,,,
2023,17,3139477,20.40732365,26.77117633,0.077202026,0.003256644,,,,,0.480109691,0.229425577,288.4589456,1.960108851,0.069013407,0.905074156
2023,17,2977187,14.96567611,,,,67.6464091,0.524206477,0.0318,5.069891636,0.071047585,0.039786647,,,,
2023,17,4242335,15.62950336,77.48999444,0.58041772,0.022665575,17.14381046,0.07948083,0.005086692,2.279831812,0.140490952,0.066156386,,,,
2023,17,4035687,16.7201608,,,,78.32934528,0.298733988,0.019118672,7.185454403,0.117836969,0.065988703,,,,
2023,17,4567048,14.83436631,76.48699218,0.564934992,0.024779755,15.0301643,0.062436501,0.002740721,1.943163886,0.087386094,0.041043568,,,,
2023,17,4379399,16.1172525,73.91113485,0.441312951,0.013579234,24.57182503,0.14558591,0.00957,2.924423512,0.242165386,0.114789317,,,,
2023,17,3051876,12.21009222,,,,53.8764737,0.181005705,0.012459481,5.814579728,0.094266137,0.052789037,,,,
2023,17,4426515,16.06876974,7.69292943,0.041025005,0.002201312,71.63991166,0.461782035,0.028001014,5.156883334,0.09339745,0.050555295,,,,
2023,17,4259545,15.00851037,76.52843335,0.627196946,0.014515299,13.89491932,0.08198108,0.005132299,1.838869948,0.182751126,0.085941096,,,,
2023,17,3916387,20.61442162,49.1959441,0.366149188,0.009947275,,,,,0.65577328,0.312046279,241.8550339,1.389750482,0.073204472,0.64741107
2023,17,4360438,15.50078606,,,,78.88672668,0.492055013,0.0187,4.711332687,0.081336938,0.045548685,,,,
2023,17,3117251,25.41823161,95.21725359,0.966621937,0.022394684,38.87294908,0.31310882,0.011909945,4.430327253,0.180607205,0.086439854,,,,
2023,17,15795,15.13623727,1.384548914,0.014165056,0.000364829,75.56066295,0.393004413,0.020878763,5.043313047,0.080370267,0.044612483,,,,
2023,17,4241478,12.73723306,,,,57.62296471,0.386835119,0.024217215,4.687957744,0.075409194,0.042229148,,,,
2023,17,3925357,14.27080097,3.776545917,0.02425633,0.001416916,62.64174006,0.481542698,0.033146868,4.610095458,0.079768093,0.043575413,,,,
2023,17,4035538,13.01481478,58.43342986,0.660201696,0.023549527,12.75918956,0.052250942,0.003313911,1.677599676,0.120604881,0.056837771,,,,
2023,17,4432577,18.97523731,10.86559134,0.192582329,0.013108536,,,,,0.587726715,0.281294334,286.9535661,1.633925057,0.119661951,0.49957549
2023,17,4429160,16.02307331,54.27488802,0.587764209,0.013211615,28.77136119,0.134004617,0.006655093,3.479812614,0.140149275,0.067706298,,,,
2023,17,4430737,20.24653482,105.0721682,0.675512468,0.036246518,22.25544012,0.173932206,0.010546703,2.543663553,0.240633834,0.113252026,,,,
2023,17,3042519,14.8338075,60.51092397,0.360089145,0.021766241,25.8878079,0.166528385,0.00948,3.154917873,0.196898193,0.094188612,,,,
2023,17,4361529,16.2006431,64.66473869,0.574867116,0.024249848,24.2282999,0.123798661,0.004358823,3.203431221,0.151971457,0.07265899,,,,
2023,17,4258173,16.4663485,,,,82.60408728,0.502251776,0.036782854,5.175495716,0.051785991,0.029000155,,,,
2023,17,3045147,14.80785474,69.77110019,0.569978788,0.043703276,15.96546823,0.084433511,0.011864829,2.307469364,0.120621088,0.057033734,,,,
2023,17,4241479,14.90482477,5.812944942,0.088825494,0.001996597,,,,,0.673350317,0.322488318,289.0952814,1.106381581,0.054946409,0.842714821
2023,17,4362887,16.8350715,52.51836681,0.292876721,0.011799056,,,,,0.829512294,0.394592196,202.5997675,1.002338244,0.071113985,0.842955436
2023,17,3116165,14.92848505,1.638268182,0.016122274,0.000834803,66.30974585,0.430682605,0.020425418,5.492793917,0.076023561,0.042234992,,,,
2023,17,3123076,13.37665471,,,,56.52855719,0.44115994,0.037715191,5.064721047,0.057894709,0.032421037,,,,
2023,17,4239993,12.87230618,,,,64.51331208,0.365727283,0.0163,4.269001913,0.068573786,0.03840132,,,,
2023,17,16460,12.12931453,,,,54.69412125,0.230345665,0.0176,5.344847067,0.093468441,0.052342327,,,,
2023,17,2577327,12.14202219,,,,53.73482756,0.318264063,0.013970562,4.899170571,0.062321998,0.034900319,,,,
2023,17,4242355,12.67853538,,,,52.06498779,0.473497863,0.023702795,4.630470792,0.04281693,0.023977481,,,,
2023,17,4241457,12.24902905,62.79374844,0.505897279,0.018212453,10.04699841,0.063801525,0.004717344,1.619647584,0.129967172,0.061088821,,,,
2023,17,3121422,11.72077105,,,,60.12090579,0.192189006,,4.613917653,0.053376089,0.02989061,,,,
2023,17,4361307,13.30462992,,,,56.55195329,0.333295725,0.04683563,5.64549672,0.081846195,0.045833869,,,,
2023,17,3121023,10.14771082,,,,46.27799649,0.206627325,0.0129,4.300462385,0.042170683,0.023615583,,,,
2023,17,4361741,20.025541,10.06293918,0.192066446,0.004449793,,,,,0.422325128,0.202024139,291.9548782,1.981453591,0.075369971,0.751956166
2023,17,4429205,10.67171974,,,,48.92297859,0.314768616,0.012381473,3.934941674,0.062996819,0.035278218,,,,
2023,17,4429615,13.63834326,2.89868943,0.026670821,0.000724573,61.88595749,0.312375417,0.016454232,5.189126041,0.090942777,0.050141258,,,,
2023,17,4361579,11.69202589,58.5404201,0.302753888,0.021973872,14.54145476,0.087194452,0.006216853,2.103229984,0.125703787,0.059390534,,,,
2023,17,4426354,11.41190111,1.710552892,0.017512898,0.00063047,59.85328623,0.215631415,0.015943313,3.913824366,0.083557956,0.046264308,,,,
2023,17,4258595,10.20075889,0.932140553,0.020607204,0.000830198,39.99374559,0.255005137,0.0181,4.481605917,0.060019513,0.033277043,,,,
2023,17,3117256,10.95496153,,,,46.60855176,0.351457334,0.0257,4.193390247,0.054340982,0.03043095,,,,
2023,17,4241474,12.34866198,54.77503672,0.340298357,,20.28927066,0.075503974,,2.50845468,0.173894874,0.082813712,,,,
2023,17,4428331,18.7072454,,,,83.193842,0.613188652,0.021589739,6.814596776,0.136291936,0.076323484,,,,
2023,17,3916433,11.53344725,1.467696822,0.010463356,0.000542902,50.00761691,0.297655051,0.018583208,4.570736894,0.066231641,0.036764839,,,,
2023,17,4036378,16.37517192,13.755306,0.13900654,0.008402502,,,,,0.565362617,0.270486872,233.9201843,1.668741326,0.094992311,0.773463238
2023,17,4569987,13.38142966,45.26485851,0.296832557,0.010686061,28.29628788,0.091836889,0.006790218,3.776928826,0.124457172,0.060935522,,,,
2023,17,4385690,7.16306202,,,,28.2309813,0.186209421,0.012239419,3.242455334,0.040441795,0.022647405,,,,
2023,17,3932905,11.20135226,,,,54.39173213,0.298941365,0.022103067,4.012077257,0.080241545,0.044935265,,,,
2023,17,3051392,14.92006143,48.17973655,0.197302006,0.012414555,32.96498437,0.122995622,0.00569,4.995673615,0.155807351,0.076097578,,,,
2023,17,4372019,11.61892491,50.24833288,0.231633309,0.018431549,18.84257138,0.084881355,0.00726,2.852961968,0.100599849,0.048128282,,,,
2023,17,4360248,8.14905553,,,,42.46830293,0.112019007,0.00833648,3.233877095,0.018689338,0.010466029,,,,
2023,17,4040761,12.65246884,65.19055009,0.399731832,0.027208619,15.40955926,0.05195616,0.003805055,1.967730287,0.160972685,0.075837841,,,,
2023,17,3917315,17.8876378,31.44442838,0.40153274,0.030787631,,,,,0.66407042,0.316911395,219.0191014,1.301664933,0.182913528,0.722262398
2023,17,4426502,9.73062052,,,,46.41339391,0.170317807,0.012675091,4.117319819,0.068851527,0.038556855,,,,
2023,17,4241416,13.45018886,72.57570929,0.475893374,0.019547455,13.22805329,0.036673589,0.002797079,1.890347957,0.154238803,0.0723501,,,,
2023,17,2576925,10.33081646,,,,48.12561892,0.232934946,0.015855779,4.137848927,0.044729994,0.025048797,,,,
2023,17,3046779,16.36755308,4.050822832,0.13254936,0.004728062,,,,,0.529343197,0.253553011,268.6006102,1.53142424,0.097127497,0.706565915
2023,17,4243537,8.39176734,,,,38.06726238,0.35395519,0.023265236,2.465668924,0.04653521,0.026059717,,,,
2023,17,3051926,9.6807214,39.83685234,0.555385142,0.0150883,9.759963572,0.040912185,0.00216,1.199628081,0.099416668,0.046745417,,,,
2023,17,16731,10.11525451,1.417822721,0.011900746,0.000634106,43.26423118,0.354767473,0.017759279,3.470041934,0.055313314,0.030623449,,,,
2023,17,4048244,6.28707624,29.14829873,0.170935663,0.005987348,8.651941284,0.05789743,0.002277405,1.190915592,0.079568334,0.037745708,,,,
2023,17,15864,15.8503417,10.90653181,0.072882121,0.00319683,,,,,0.457910994,0.219190975,242.3968426,1.589979231,0.069793941,0.726527214
2023,17,4241463,10.29838133,,,,50.72263394,0.326726364,0.0233,3.290024636,0.064799004,0.036287443,,,,
2023,17,4362249,11.83427849,8.422239861,0.052660921,0.003183185,47.61017628,0.335334709,0.01908877,3.967685474,0.104401683,0.055960145,,,,
2023,17,3052587,16.76840496,12.08172059,0.095085408,0.004923471,,,,,0.539572668,0.257949658,240.8904242,1.768414977,0.083868293,0.69773032
2023,17,4430878,10.03185907,,,,45.38162568,0.277617575,0.012186338,3.871397415,0.061979501,0.034708521,,,,
2023,17,4242431,13.33255739,66.42943474,0.461779617,0.016174712,15.16060412,0.062344285,0.002452322,1.982025871,0.07447988,0.035123629,,,,
2023,17,4360238,4.08997025,21.23063906,0.167394614,0.011394079,3.806175264,0.015378386,0.00112625,0.506448859,0.045983801,0.021525349,,,,
2023,17,4361050,10.6755942,,,,46.72562998,0.29750788,0.0157,4.229352747,0.039107881,0.021900414,,,,
2023,17,12483,15.84633499,4.396214852,0.045533479,0.002443227,,,,,0.306425941,0.146821549,238.1771764,1.753639738,0.106335211,0.670073579
2023,17,4361411,6.46075053,,,,26.77112781,0.185653262,0.013726794,2.671595099,0.026820094,0.015019253,,,,
2023,17,4239934,5.6784805,26.77079842,0.172902673,0.010451416,7.811578297,0.032173259,0.001831448,1.011448714,0.050356782,0.023779601,,,,
2023,17,16733,9.66665511,,,,45.83613169,0.339942241,0.017906302,3.064182756,0.05176327,0.028987431,,,,
2023,17,4035886,10.27346981,49.87715699,0.271258123,0.010928113,13.99388916,0.074306566,0.005271909,1.877587544,0.105340407,0.049894263,,,,
2023,17,4361777,14.66304613,74.83681382,0.433074684,0.022470531,18.10594058,0.073006018,0.004557914,2.44251045,0.178750757,0.084501429,,,,
2023,17,2468609,6.03807488,18.27245136,0.252205794,0.011373856,9.310685734,0.086678341,0.005235723,1.014092575,0.07718779,0.037131508,5.006564977,0.025865975,0.001649468,0.017828895
2023,17,4045163,5.71066593,24.66030873,0.12653049,0.005197276,10.79842777,0.013331574,0.001016793,1.385786111,0.078014712,0.037326176,,,,
2023,17,4361409,6.64911894,,,,30.78035027,0.132672245,,2.824501863,0.045219128,0.025322712,,,,
2023,17,4426875,14.39376775,16.37288644,0.219075621,,,,,,0.473607005,0.226700079,242.4299497,1.086874487,,1.0808752
2023,17,4360294,7.7089352,21.43170863,0.146507462,,17.27446524,0.068454007,,2.593190528,0.112077507,0.055349881,,,,
2023,17,4426385,6.59452532,21.04029546,0.125130579,0.005488605,14.03425056,0.062732156,0.002753699,1.971857371,0.02991604,0.014619835,,,,
2023,17,3121427,11.17782213,,,,47.73871899,0.233644334,,5.066606873,0.059002362,0.033041323,,,,
2023,17,3045144,7.04969955,,,,31.91160791,0.131394533,0.00585795,3.102608609,0.040375844,0.022610473,,,,
2023,17,4428557,10.67369014,26.59383806,0.221369115,0.005701487,26.72709163,0.126076812,0.00669796,3.233191225,0.082460218,0.040527958,,,,
2023,17,4361432,9.29110575,,,,40.27870127,0.320013534,0.018216619,3.380666103,0.067613322,0.03786346,,,,
2023,17,4688813,8.24155703,,,,36.96231324,0.165897065,0.010617244,3.427130302,0.054866965,0.0307255,,,,
2023,17,3059915,7.48919328,36.17251319,0.326880751,0.026010589,6.698195724,0.033429124,0.002857888,1.040924871,0.063951796,0.030042343,,,,
2023,17,3886812,16.1898818,15.09742477,0.231371162,0.006659096,,,,,0.461250907,0.220658271,258.7733185,1.321121396,0.058899425,1.022743235
2023,17,3121409,11.34215251,,,,59.86882597,0.286908516,0.021012,3.65865783,0.061140188,0.034238505,,,,
2023,17,2573401,6.28632355,,,,26.94993027,0.16937736,0.010270512,2.580178302,0.02345622,0.013135483,,,,
2023,17,3918639,9.62377267,,,,40.28034349,0.236075027,0.009384948,4.232107872,0.065462156,0.036658807,,,,
2023,17,16813,7.35984668,,,,29.86945648,0.205007504,,3.205392012,0.057185717,0.032024002,,,,
2023,17,4373626,6.35044432,38.93806444,0.206859143,0.009640959,4.707514757,0.017018411,0.00127,0.664331663,0.048071807,0.022402251,,,,
2023,17,4372414,10.95911435,0.685306886,0.003717988,0.000295848,53.38050115,0.261124892,0.02232382,4.008362502,0.082915352,0.046157787,,,,
2023,17,4360635,8.70380071,,,,40.00875548,0.194500139,0.01033302,3.551171604,0.032836892,0.018388659,,,,
2023,17,4427095,11.60058839,1.286711613,0.004089704,0.000257331,56.51721806,0.203218975,0.009393628,4.577129863,0.095739161,0.053194274,,,,
2023,17,4032473,10.89640061,3.060527427,0.020087978,0.000905918,50.63811367,0.249182916,0.015051657,3.797029431,0.085779702,0.047052722,,,,
2023,17,3116389,7.32043705,14.25665245,0.07871381,0.005713047,21.46618985,0.10582554,0.00755,2.691964935,0.078858537,0.039828156,,,,
2023,17,4429025,10.29860183,1.631528417,0.00666883,0.000239766,50.38947479,0.227810574,0.009056402,3.757755336,0.080227791,0.044420295,,,,
2023,17,4372485,5.70196422,5.942644923,0.029298023,0.002246434,21.35251167,0.113028601,0.015883089,2.146974975,0.06284055,0.033200603,,,,
2023,17,16757,14.78763254,5.298512793,0.041429863,0.001868384,,,,,0.530439807,0.254093925,259.2701129,1.339496108,0.080823928,0.695381818
2023,17,3116593,1.16637728,2.316682096,0.006905075,0.000518754,3.247794986,0.005402491,0.000369453,0.548728753,0.014502431,0.007401894,,,,
2023,17,3115394,7.06962955,,,,36.62588177,0.15735729,0.012001574,2.481031997,0.038533497,0.021578758,,,,
2023,17,4036348,5.29557492,,,,23.41690896,0.196524211,0.00984,1.78236297,0.024968044,0.013982105,,,,
2023,17,4567156,7.06881123,2.826997916,0.024653529,0.000634966,34.91799374,0.137827636,0.007322235,2.352150725,0.046000714,0.024926026,,,,
2023,17,3916566,6.73661577,,,,30.03928759,0.183715218,0.00723,2.674433001,0.05348866,0.02995365,,,,
2023,17,4426386,9.58162771,29.78930462,0.220648481,0.008889214,19.74251878,0.087232229,0.00618896,2.838253816,0.091926321,0.044836527,,,,
2023,17,4243331,6.82153805,,,,26.03819563,0.264293497,0.0125343,2.640071181,0.030344894,0.01699314,,,,
2023,17,3929645,6.99599213,,,,29.28052868,0.230564555,0.0139,2.683893382,0.024817363,0.013897724,,,,
2023,17,2980453,4.31222048,20.02643123,0.145680055,0.006569809,5.130927596,0.013292967,0.000802949,0.875119611,0.051180167,0.024284332,,,,
2023,17,3122976,11.00386389,39.83351217,0.425959684,0.009574614,18.16425492,0.092503062,0.004593995,2.173824814,0.116640925,0.055964665,,,,
2023,17,4572680,9.20077442,,,,39.00235255,0.292459171,0.0166481,3.557454922,0.04111874,0.023026494,,,,
2023,17,3915486,7.89764739,,,,35.25230236,0.075714527,0.005177782,3.958255118,0.046159542,0.025849344,,,,
2023,17,4241555,3.87018578,20.48143212,0.152355824,0.003529778,3.510617871,0.021893198,0.000832767,0.445738009,0.031818589,0.014908227,,,,
2023,17,4038524,13.20462355,8.721528451,0.124204126,0.004850227,,,,,0.623875829,0.298688894,226.0839804,1.096458325,0.070172221,0.705556836
2023,17,11252,13.96798814,9.198982542,0.072276066,0.005751159,,,,,0.605545608,0.289893433,235.9384238,1.381544869,0.118109609,1.016588806
2023,17,4038441,9.21871707,35.34714901,0.343808582,0.009340342,13.29146116,0.06008931,0.00317,2.006615497,0.107641953,0.05150574,,,,
2023,17,4361418,14.52694912,8.722825112,0.177031216,0.00455954,,,,,0.632501615,0.302484804,242.1232155,1.16086173,0.061671972,0.64003482
2023,17,4360797,1.46019858,,,,6.798420512,0.045201362,0.002740869,0.514325706,0.009746868,0.005458246,,,,
2023,17,3054212,7.07139188,,,,31.97875013,0.178573262,0.013289463,2.813972475,0.035182238,0.019702053,,,,
2023,17,4371733,6.49588662,21.86451658,0.221217936,0.005119675,11.9704362,0.048321485,0.003025092,1.568412413,0.094971528,0.046027565,,,,
2023,17,15920,3.01501161,12.12020436,0.160798592,0.004947785,2.879448889,0.018315859,0.001203889,0.454988474,0.029362798,0.01385312,,,,
2023,17,3043116,8.76491842,,,,36.78608979,0.329389138,0.019973124,3.138678773,0.062773575,0.035153202,,,,
2023,17,4426485,8.14550798,,,,45.00837727,0.086943845,0.00663117,3.179280729,0.063585615,0.035607944,,,,
2023,17,4426388,8.00092833,0.87628056,0.009165217,0.000326925,39.31198219,0.193334991,0.012261882,2.80560269,0.058701182,0.032613749,,,,
2023,17,4722893,7.39766941,29.43141194,0.163509663,0.011867528,12.84438242,0.084673649,0.006037123,1.698988077,0.057563438,0.027662641,,,,
2023,17,4569587,8.76719943,2.788584579,0.014180213,0.000666261,38.96351078,0.09407976,0.006403968,4.004805039,0.071278668,0.039199718,,,,
2023,17,4685720,11.92171028,15.50641586,0.046865823,0.001925027,,,,,0.577421315,0.276257194,215.27712,0.807861867,0.061615281,0.67123237
2023,17,3910544,2.28807997,17.06236692,0.06345437,0.002281389,0.876904029,0.002318418,9.21666e-05,0.127913627,0.036822863,0.017058294,,,,
2023,17,4362238,6.90437199,31.47810897,0.211352353,0.006082934,9.57729907,0.041585176,0.001853988,1.329388724,0.069092976,0.03294028,,,,
2023,17,15880,6.68774685,1.478562208,0.013813751,0.000940263,32.33554039,0.164440848,0.012042971,2.254928845,0.041063159,0.022586158,,,,
2023,17,3120590,15.55938486,19.03697729,0.143447484,0.005157399,,,,,0.820924899,0.392368252,256.7616757,1.156423593,0.04597257,0.720171306
2023,17,3115306,5.16793051,,,,22.53522253,0.179717211,0.011398202,1.851634798,0.035044832,0.019625106,,,,
2023,17,3051738,3.92501645,,,,20.43245164,0.126414001,0.004450906,1.136176432,0.019926042,0.011158584,,,,
2023,17,4360761,9.04107222,,,,41.68940933,0.253577473,0.035633402,3.352730818,0.067054616,0.037550585,,,,
2023,17,3916945,7.60905654,,,,39.83782322,0.156356527,0.01064312,2.723826119,0.053013665,0.029687652,,,,
2023,17,3052096,6.10003556,,,,25.45187581,0.173522651,0.006825541,2.532065817,0.02926681,0.016389413,,,,
2023,17,3930086,4.28611503,,,,16.78344403,0.182724316,0.012010346,1.505768303,0.01679256,0.009403834,,,,
2023,17,4249836,2.70208039,10.49822824,0.061146194,0.004865531,4.488793108,0.019938045,0.001704523,0.646241272,0.02172964,0.010445785,,,,
2023,17,4362478,5.51771901,16.14542647,0.114363122,0.008768823,11.92948089,0.059649562,0.00838212,1.667784261,0.037609269,0.018461987,,,,
2023,17,14163,14.18574,30.17665446,0.161890748,0.007606476,,,,,0.615438622,0.293660822,210.4364611,0.962963712,0.065548514,0.82391578
2023,17,4037235,7.86834635,,,,36.02873166,0.189021081,0.026561761,3.01477303,0.060295461,0.033765458,,,,
2023,17,4360939,6.48561988,,,,32.41452225,0.130602189,0.006879411,2.496574844,0.045517094,0.025489573,,,,
2023,17,3050481,6.24821911,,,,26.92366549,0.110331284,0.004918889,2.913486281,0.026940358,0.0150866,,,,
2023,17,4373678,3.96122379,,,,18.85526793,0.093904826,0.00617,1.533467714,0.030669354,0.017174838,,,,
2023,17,3116164,6.20456674,,,,25.46824603,0.188675703,0.008721377,2.534193636,0.023725415,0.013286233,,,,
2023,17,4362504,2.3343873,,,,10.46815206,0.066581624,0.004876164,0.889574803,0.010282125,0.00575799,,,,
2023,17,4046692,1.69887829,,,,8.916469148,0.035117632,0.001744053,0.606002784,0.011855808,0.006639253,,,,
2023,17,3135321,3.470948,,,,15.36596116,0.053585628,0.003345459,1.642059321,0.032841186,0.018391064,,,,
2023,17,2576623,8.99975276,,,,43.73392808,0.165720482,0.007660291,3.678157163,0.056180973,0.031461345,,,,
2023,17,4373632,15.17003144,11.5178809,0.12287212,0.00430383,,,,,0.550218821,0.263329359,243.3462014,1.429638034,0.056235038,0.890164291
2023,17,3049916,3.31433346,12.83227764,0.068345893,0.003211248,6.239126315,0.020194204,0.001374611,0.913508624,0.04977603,0.024020931,,,,
2023,17,4692590,5.31166203,,,,26.04022061,0.130805551,0.008903876,1.947599127,0.038951983,0.02181311,,,,
2023,17,4260394,13.27541737,5.967029169,0.086774061,0.004502363,,,,,0.51336933,0.245953393,234.6600569,1.156010125,0.072172054,0.763687369
2023,17,2565969,12.41990504,19.14278017,0.095936733,0.004471265,,,,,0.456519695,0.218161379,204.0453363,0.879471614,0.065450481,0.732637007
2023,17,3892775,14.84779786,18.82334218,0.149916546,0.01088094,,,,,0.537916788,0.256883053,207.4713039,1.525084441,0.108736572,1.036457238
2023,17,3930066,2.90329708,,,,15.06873614,0.057562255,0.004283796,1.06146402,0.017357213,0.009720039,,,,
2023,17,4360078,5.66799697,,,,27.72870964,0.142713529,0.009133521,2.062960307,0.038757602,0.021704257,,,,
2023,17,4432620,6.65296868,,,,30.37221469,0.158345636,0.010899681,2.702993074,0.054059861,0.030273522,,,,
2023,17,3139602,3.89239417,18.27341271,0.10009241,0.005846827,5.775671611,0.01953619,0.001344769,0.795828854,0.04374318,0.020824953,,,,
2023,17,15807,5.64988323,21.88033561,0.13176923,0.006141289,9.647843276,0.054066617,0.00402,1.297876,0.071309035,0.034137376,,,,
2023,17,3116407,13.44779851,13.0393384,0.165264414,0.005949568,,,,,0.446266603,0.213423032,216.3099025,1.044695151,0.077242462,0.715098258
2023,17,4250360,12.59762598,6.82724307,0.036623392,0.002304402,,,,,0.620915074,0.29742668,243.1453682,1.035400422,0.047860522,0.847055791
2023,17,3932430,8.39515457,,,,43.78781735,0.195276056,0.007763022,2.887643452,0.053449108,0.0299315,,,,
2023,17,3118892,6.91009759,,,,33.16258717,0.227556375,0.00801,2.259530401,0.043021226,0.024091887,,,,
2023,17,4036131,4.79485414,,,,20.96093605,0.100938308,0.00443,2.105654515,0.019553421,0.010949916,,,,
2023,17,13982,2.09680919,,,,8.96075514,0.072286663,0.004525395,0.7708623,0.011795348,0.006605395,,,,
2023,17,4241401,2.46473197,14.99185055,0.089237512,0.003484765,1.631935071,0.007102279,0.000454539,0.240836665,0.026933799,0.012557307,,,,
2023,17,4036335,8.51204024,,,,43.05312804,0.156480374,0.00777131,3.325025133,0.066500503,0.037240281,,,,
2023,17,4362087,1.45131087,2.542878151,0.017477793,0.000737273,4.18134308,0.020755491,0.000730779,0.554534143,0.008067021,0.0040971,,,,
2023,17,3115255,2.39908374,2.630333944,0.014217695,0.000498002,8.518907769,0.048023022,0.001888993,0.846825302,0.02639016,0.013833124,,,,
2023,17,4431453,2.77328363,6.497742275,0.064184243,0.003419923,6.557028741,0.037616054,0.001883019,0.867503994,0.021927653,0.010842064,,,,
2023,17,4258195,1.14467657,,,,5.624018092,0.025401866,0.001611062,0.436181504,0.00872363,0.004885233,,,,
2023,17,4035004,5.28460608,2.782058611,0.027518123,0.001160808,21.81486395,0.145632412,0.00513,1.820434613,0.044456384,0.024090806,,,,
2023,17,3931391,0.63248028,,,,2.513041815,0.013317971,0.000593754,0.221143257,0.004422865,0.002476804,,,,
2023,17,16799,4.80531951,,,,20.09585464,0.101048418,0.007471298,2.208332353,0.030935191,0.017323707,,,,
2023,17,4240472,3.87285722,,,,16.05841721,0.120454386,0.004241074,1.551496337,0.014346341,0.008033951,,,,
2023,17,3123075,5.34796997,,,,24.2445676,0.089297543,0.00443,2.273199426,0.045463989,0.025459834,,,,
2023,17,4426407,6.90400549,1.607857805,0.010541881,0.000545853,30.00318514,0.195570625,0.009275071,2.546857379,0.056051778,0.030877533,,,,
2023,17,4242540,2.40449767,,,,9.701286333,0.080234089,0.00546,0.963109351,0.019262187,0.010786825,,,,
2023,17,4039358,1.04052349,4.089158055,0.028853491,0.001744102,1.643752832,0.008983739,0.000511395,0.243791493,0.008677209,0.004161333,,,,
2023,17,4362921,4.83032685,1.424921298,0.005617905,0.000353487,23.15584346,0.095896035,0.004432714,1.796637857,0.040129321,0.022052763,,,,
2023,17,2576336,5.97964454,19.86317782,0.114131684,0.005921841,12.96638899,0.05634885,0.003517973,1.699229581,0.046702031,0.022767276,,,,
2023,17,3119195,4.26923037,21.95301469,0.105183557,0.005446348,5.025744767,0.034881179,0.001654264,0.748108041,0.034059122,0.016121626,,,,
2023,17,2979520,14.92587414,10.42346523,0.101129734,0.005907422,,,,,0.67952552,0.325211398,245.8469567,1.241282497,0.085443362,0.536238907
2023,17,4567096,1.74492747,,,,8.702642856,0.047512982,0.003479655,0.595654243,0.011913085,0.006671328,,,,
2023,17,4243389,1.67043915,4.939562693,0.043280115,0.001558097,4.354950556,0.012631284,0.000933929,0.356194155,0.022968288,0.011277801,,,,
2023,17,4240657,1.86440972,4.130187144,0.028669485,0.00219824,4.831547074,0.021336217,0.002998224,0.671560488,0.0141156,0.007061963,,,,
2023,17,4369863,9.06703957,,,,43.15662481,0.228476974,0.019532718,3.416165925,0.068323318,0.038261058,,,,
2023,17,4361516,3.35946311,,,,13.78458178,0.078254319,0.005326737,1.522272793,0.019611654,0.010982526,,,,
2023,17,3052897,6.24030246,,,,25.71882244,0.108970214,0.005411806,3.030590048,0.024520291,0.013731363,,,,
2023,17,2973405,2.7874297,1.743179389,0.011567372,0.00041261,11.34374551,0.050498704,0.003202779,1.040626643,0.02599079,0.014037017,,,,
2023,17,4034952,4.53983059,12.71439076,0.087388966,0.003686363,10.64708796,0.051888728,0.001826949,1.386335358,0.030678347,0.015077715,,,,
2023,17,4362019,3.50459251,,,,15.88091938,0.095870707,0.005790979,1.3594255,0.02718851,0.015225566,,,,
2023,17,2971618,5.02719583,,,,23.71338032,0.144259049,0.00759878,1.814797402,0.036295948,0.020325731,,,,
2023,17,3061612,5.57756994,3.069759957,0.015800968,0.000923002,22.64809321,0.118423859,0.008151676,2.032794749,0.050433471,0.027264986,,,,
2023,17,4427278,5.23338573,2.320668074,0.008427922,0.00063316,22.09504224,0.053790522,0.003678496,2.263587883,0.052474922,0.02866564,,,,
2023,17,4039160,5.12154522,,,,21.45834381,0.138670242,0.008874755,2.154268489,0.025904119,0.014506307,,,,
2023,17,4426891,3.77882539,24.69107182,0.101666275,0.00365523,2.784263101,0.010171039,0.00040434,0.388261189,0.039805884,0.018581157,,,,
2023,17,4241961,1.45061833,,,,6.128197812,0.039288787,0.002904927,0.603889418,0.006980038,0.003908822,,,,
2023,17,4570674,5.19409404,30.10248672,0.121081768,0.007618657,5.503464376,0.024480456,0.001131589,0.805807614,0.069133986,0.032503258,,,,
2023,17,3043275,6.35091628,,,,27.4149971,0.133198457,0.008315849,2.818535254,0.022804571,0.01277056,,,,
2023,17,4243003,4.46173552,29.16887184,0.188139387,0.010095147,1.662281844,0.009142778,0.000554389,0.226570103,0.058805935,0.027248007,,,,
2023,17,3051439,1.16749746,3.965702983,0.045807767,0.001060135,1.67562917,0.009297142,0.000582,0.218430645,0.012925433,0.00621088,,,,
2023,17,4259305,5.80522674,,,,26.81001479,0.167514086,0.00953566,2.147028875,0.042940578,0.024046723,,,,
2023,17,16002,1.56712275,,,,5.77781501,0.056805819,0.002160764,0.649948039,0.005270029,0.002951216,,,,
2023,17,3911853,3.14577993,,,,11.84456528,0.145526119,0.0104,1.08122007,0.01266748,0.007093789,,,,
2023,17,14053,2.83999667,,,,12.1534887,0.042042476,0.002875099,1.397202076,0.027944042,0.015648663,,,,
2023,17,3676833,2.17733579,4.794874962,0.03996546,0.002129476,5.796824341,0.049761408,0.002491003,0.463965709,0.023429576,0.011705537,,,,
2023,17,4360405,2.18066487,,,,9.324301211,0.069018605,0.00302965,0.846580212,0.016931604,0.009481698,,,,
2023,17,4035198,6.78604976,,,,31.67482807,0.24354496,0.017364444,2.170030999,0.04340062,0.024304347,,,,
2023,17,4372096,1.38421379,,,,5.470974814,0.056709496,0.002838817,0.497469893,0.005749991,0.003219995,,,,
2023,17,3921690,3.89754306,,,,16.02307276,0.129746898,0.005103615,1.525834229,0.017636311,0.009876334,,,,
2023,17,3915411,5.38863295,19.9278509,0.211246068,0.006500058,9.232613692,0.031837354,0.002092648,0.990475135,0.061247559,0.02914441,,,,
2023,17,4430802,1.00034366,,,,4.275290574,0.027227031,0.002013107,0.410616429,0.004746098,0.002657815,,,,
2023,17,4050373,0.52706442,,,,2.424595885,0.01558813,0.000975871,0.192937568,0.003486662,0.00195253,,,,
2023,17,4249417,3.9344514,,,,17.78854249,0.136381766,0.00683,1.353245252,0.027064905,0.015156347,,,,
2023,17,4040774,2.45347686,1.015901788,0.011759842,0.000935755,8.276644792,0.085345263,0.007296249,0.945300751,0.019239339,0.010340695,,,,
2023,17,4411193,0.56095898,,,,2.235390123,0.010511754,0.000690931,0.194216567,0.003884331,0.002175226,,,,
2023,17,4362477,4.8927618,3.520686297,0.011003042,0.000395595,19.89766612,0.083733469,0.003328748,1.815257668,0.046450523,0.024997756,,,,
2023,17,4686422,3.16853167,1.561395441,0.012505965,0.000851246,14.49232825,0.081487388,0.005967801,1.012159824,0.02523489,0.013632369,,,,
2023,17,4374187,1.10619055,3.340089949,0.021642925,0.001120659,2.219355699,0.016906161,0.000801786,0.199213828,0.014213537,0.006936655,,,,
2023,17,2511109,9.6922014,7.78526185,0.036218253,0.002720947,,,,,0.901350964,0.431833284,222.5438146,0.606267615,0.041459966,0.939486303
2023,17,4429202,4.66071286,23.31692593,0.072206263,0.005424597,6.916880385,0.019870523,0.001358857,1.124042019,0.056826077,0.027118709,,,,
2023,17,4372063,4.87453975,,,,22.80794765,0.17459372,0.006641146,1.481532586,0.029630652,0.016593165,,,,
2023,17,4428718,4.74013342,4.581251365,0.022507472,0.001167824,19.97077802,0.106382468,0.006641673,1.542346876,0.044993088,0.023781514,,,,
2023,17,13232,1.29805786,,,,4.540020683,0.060920673,0.003679855,0.478083475,0.00631985,0.003539116,,,,
2023,17,4372780,5.42770115,,,,22.90144271,0.16995995,0.012962773,2.120801734,0.026451876,0.014813051,,,,
2023,17,3122899,2.05155986,,,,7.967501058,0.052943793,0.001864096,0.786278214,0.015725564,0.008806316,,,,
2023,17,2975674,1.44025702,,,,5.871450288,0.030041768,0.00213,0.674570235,0.0054579,0.003056424,,,,
2023,17,4368003,1.06859363,,,,4.936057639,0.025639014,0.001143062,0.428233898,0.008564678,0.00479622,,,,
2023,17,3917914,0.98804997,,,,4.447433327,0.030986762,0.001939878,0.360138031,0.006064214,0.00339596,,,,
2023,17,2983509,2.85126787,6.894288942,0.056906132,0.00387344,7.579522449,0.026786395,0.001961725,0.912803548,0.023634934,0.011683156,,,,
2023,17,3127292,2.20001267,,,,8.97767529,0.053873778,0.002364851,0.988516266,0.01302437,0.007293647,,,,
2023,17,3917668,1.5792413,,,,5.934181025,0.029073972,0.001443905,0.814697464,0.005674915,0.003177952,,,,
2023,17,4241802,7.68825581,,,,38.53569003,0.177604459,0.008209618,2.749681447,0.054993629,0.030796432,,,,
2023,17,4689334,5.45855152,,,,23.67139388,0.180577047,0.0103,2.0317879,0.040635758,0.022756024,,,,
2023,17,4565908,3.66171287,1.54299383,0.009608273,0.000387086,16.50488182,0.07190535,0.005101547,1.392029248,0.03312047,0.018019475,,,,
2023,17,4240603,3.9595837,14.09896914,0.134237181,0.007152547,6.665681496,0.040145166,0.002009624,0.854159674,0.038239142,0.01833373,,,,
2023,17,2977800,7.68185703,,,,39.85774484,0.117970557,0.004689812,3.045490569,0.060909811,0.034109494,,,,
2023,17,4426553,1.0960929,,,,4.438693094,0.040608381,0.002462365,0.408816096,0.004725289,0.002646162,,,,
2023,17,3122168,0.92406296,,,,4.29256005,0.028305359,0.001860492,0.326978794,0.005234798,0.002931487,,,,
2023,17,4012556,0.98567686,,,,3.719896742,0.019239052,0.000757,0.50186895,0.00469078,0.002626837,,,,
2023,17,4429676,3.79815412,10.80561853,0.067758552,0.002646002,8.501232721,0.040055027,0.002563481,1.242146057,0.033365664,0.016429753,,,,
2023,17,2576716,0.56444395,,,,2.119013222,0.007741105,,0.245069311,0.0048137,0.002695672,,,,
2023,17,2514206,1.24071063,,,,5.012605472,0.041094812,0.00145,0.496254263,0.005735941,0.003212127,,,,
2023,17,3932442,4.21370839,,,,21.58174868,0.074335628,0.005273971,1.634201167,0.032215494,0.018040677,,,,
2023,17,4242557,2.9312678,,,,11.0752239,0.116591067,0.00512,1.125338652,0.010405755,0.005827223,,,,
2023,17,2574808,2.87016356,,,,14.99996535,0.05323711,0.002643923,1.057747193,0.011238461,0.006293538,,,,
2023,17,2998565,2.93101016,,,,12.24787229,0.105904707,0.006777794,1.075544314,0.01673823,0.009373409,,,,
2023,17,4570409,2.92729595,,,,13.74332673,0.052537658,0.004491495,1.25622784,0.025124557,0.014069752,,,,
2023,17,15839,4.92216002,0.816470284,0.004290782,0.000341427,24.11732618,0.123449149,0.010553787,1.677319235,0.034093901,0.018834436,,,,
2023,17,3128452,1.70228237,,,,6.705882791,0.051202468,0.004377349,0.727025083,0.010333483,0.00578675,,,,
2023,17,4039057,5.87292676,,,,26.9674041,0.195392789,0.0139,2.020214414,0.040404288,0.022626401,,,,
2023,17,3843945,3.10008445,,,,13.52966162,0.092058208,0.005560688,1.201445101,0.016274145,0.009113521,,,,
2023,17,3127310,3.18336854,,,,13.10507213,0.067399976,0.003004886,1.481699474,0.017600154,0.009856086,,,,
2023,17,4258248,2.72838782,,,,10.71233387,0.113004319,0.005656875,0.980204598,0.011329667,0.006344613,,,,
2023,17,2975417,0.46694794,,,,1.672947934,0.011329741,0.000596789,0.233202419,0.002488124,0.001393349,,,,
2023,17,3149687,0.89747406,5.973814802,0.051432559,0.001156088,,,,,0.012102985,0.005567373,,,,
2023,17,4035693,3.04977906,3.401136207,0.020286188,0.000817265,12.47598665,0.048782029,0.003460992,1.007473108,0.030709233,0.016141193,,,,
2023,17,3926231,0.54633555,,,,2.230429034,0.013208755,0.000826914,0.180033409,0.003600668,0.002016374,,,,
2023,17,4689988,3.7683937,,,,17.2052393,0.043721993,0.002989954,1.819351371,0.036387027,0.020376735,,,,
2023,17,4241263,1.60689232,,,,6.555039471,0.05273247,0.002777659,0.637496534,0.007368485,0.004126352,,,,
2023,17,4361577,2.22016902,,,,11.09836481,0.054637607,,0.800004604,0.016000092,0.008960052,,,,
2023,17,4240573,3.79590803,11.02860113,0.069966246,0.002873883,11.23672785,0.025378202,0.00194,0.914333817,0.051696075,0.025608862,,,,
2023,17,2576581,5.9991327,1.537311779,0.012452921,0.000320732,28.47432376,0.117897212,0.00626341,2.25146143,0.045450282,0.024980683,,,,
2023,17,4027873,2.60433513,,,,12.14253406,0.080999905,0.004610881,0.914870635,0.018297413,0.010246551,,,,
2023,17,4048228,3.31939559,,,,13.7853933,0.08174346,,1.477771441,0.025032095,0.014017973,,,,
2023,17,4383396,0.76398099,4.685514383,0.049881436,0.002657828,,,,,0.010267299,0.004722958,,,,
2023,17,4249030,0.96449556,,,,4.536580418,0.02225022,0.001423992,0.382862128,0.007657243,0.004288056,,,,
2023,17,2515270,0.9396502,3.415671245,0.023453219,0.001702234,1.593760768,0.016186539,0.00115408,0.203478451,0.008916837,0.004278916,,,,
2023,17,4430539,0.57493402,,,,2.420809832,0.016690527,0.001148888,0.233361674,0.002697304,0.00151049,,,,
2023,17,4241374,0.51688354,,,,2.088907621,0.018312327,0.001146415,0.198332901,0.002292425,0.001283758,,,,
2023,17,4259979,1.9827409,2.929943617,0.017854653,0.000805201,7.216242736,0.031308834,0.00189,0.686813952,0.018871623,0.009780508,,,,
2023,17,4036416,2.09738746,,,,9.354010952,0.035281245,,0.971548578,0.019430972,0.010881344,,,,
2023,17,4360231,5.10904989,,,,20.72751339,0.215246471,0.015346798,1.736070614,0.020066322,0.01123714,,,,
2023,17,3914397,1.23323896,,,,6.052827395,0.018435808,0.001371997,0.522603515,0.007320836,0.004099668,,,,
2023,17,3932423,0.44040277,,,,2.096176502,0.008635174,0.000638,0.181671515,0.00363343,0.002034721,,,,
2023,17,4035426,4.08730042,,,,18.70789229,0.080188447,0.006115939,1.745208406,0.020171941,0.011296287,,,,
2023,17,2971281,3.8078683,,,,17.26599381,0.056808691,0.00263,1.759151877,0.021941168,0.012287054,,,,
2023,17,3046401,0.55938636,,,,2.493483061,0.016776258,0.001013354,0.211990177,0.004239804,0.00237429,,,,
2023,17,3047876,2.15638713,,,,10.81157251,0.035889828,0.002670929,0.873311952,0.01715705,0.009607948,,,,
2023,17,4361988,1.05473971,,,,5.15698222,0.006640331,0.00042115,0.504737069,0.005833989,0.003267034,,,,
2023,17,4045305,0.44714789,,,,2.07619578,0.007683304,0.000586002,0.19476519,0.002294027,0.001284655,,,,
2023,17,4426844,4.3243208,,,,17.95918371,0.136823884,0.019226868,1.690372085,0.019538117,0.010941346,,,,
2023,17,4040612,1.13180778,,,,4.770940562,0.029436101,0.002026226,0.480113565,0.005549379,0.003107652,,,,
2023,17,4245131,5.18136063,,,,25.38821096,0.094956261,0.00653629,2.105789059,0.042115781,0.023584837,,,,
2023,17,9614,0.4878964,,,,1.876705938,0.016892595,0.001198497,0.199860502,0.003097194,0.001734428,,,,
2023,17,3122154,0.42712829,,,,1.535578313,0.010365369,0.000735403,0.211925402,0.001845253,0.001033342,,,,
2023,17,4035020,0.55153321,,,,2.340906905,0.02099541,0.000798617,0.192303612,0.002222736,0.001244732,,,,
2023,17,4212909,2.20500171,,,,9.387350015,0.07361056,0.003491031,0.835903933,0.016718079,0.009362124,,,,
2023,17,4362523,4.10521221,,,,17.54383742,0.095650437,0.006121531,1.787274521,0.020658161,0.01156857,,,,
2023,17,4250764,3.30082723,,,,14.78224029,0.089455818,0.003556235,1.295126462,0.014969682,0.008383022,,,,
2023,17,2978109,3.01196049,,,,12.71081559,0.110498878,0.015527606,1.065407388,0.016986726,0.009512567,,,,
2023,17,3923392,2.09756128,,,,8.740619118,0.045231666,0.002016559,0.960213896,0.011098605,0.006215219,,,,
2023,17,4373030,2.28475123,,,,9.061872487,0.08415749,0.004790625,0.875099378,0.010114811,0.005664294,,,,
2023,17,2579604,3.17516288,,,,15.0885713,0.104767561,0.00747,1.040986239,0.016665767,0.00933283,,,,
2023,17,2508256,1.0155159,,,,3.747001569,0.040747206,0.003032417,0.395936924,0.005183975,0.002903026,,,,
2023,17,4372505,1.69648127,,,,6.684841908,0.061800462,0.002930929,0.659671218,0.007624791,0.004269883,,,,
2023,17,4241588,2.7131227,,,,12.45984602,0.062909402,0.004330353,1.10519351,0.02210387,0.012378167,,,,
2023,17,4250945,2.01197224,,,,9.464684601,0.050056779,0.002659318,0.776835176,0.015536704,0.008700554,,,,
2023,17,4044144,1.98422094,,,,8.440668458,0.031724144,0.002169474,0.957574346,0.011068095,0.006198133,,,,
2023,17,2975863,1.18639903,,,,5.078180528,0.03916365,0.002868185,0.443468015,0.005125812,0.002870455,,,,
2023,17,4249624,1.09730619,,,,4.639233039,0.033408167,0.001314116,0.435814276,0.005037347,0.002820914,,,,
2023,17,2576399,1.6108488,,,,7.090688361,0.039287358,0.001561833,0.671419401,0.007760582,0.004345926,,,,
2023,17,3049290,2.08667211,,,,8.777497231,0.065612088,0.00348571,0.818626355,0.009462069,0.005298759,,,,
2023,17,4057082,0.47922992,,,,2.326057949,0.010453569,0.000555357,0.186879706,0.003737594,0.002093053,,,,
2023,17,4361008,2.12836433,,,,9.031852703,0.06247491,0.003900435,0.853314907,0.009863016,0.005523289,,,,
2023,18,3116406,22.95987386,2.952974267,0.037243019,0.000929668,115.273931,0.491570855,0.0236069,8.050577301,0.125064529,0.069325173,,,,
2023,18,4241389,22.7762775,7.150032039,0.064836766,0.003415714,99.54801812,0.708692128,0.034163333,7.553664512,0.152842801,0.083780741,,,,
2023,18,4047646,17.26381006,,,,84.95845177,0.469997678,0.026594057,6.001430008,0.09751188,0.054606653,,,,
2023,18,4040715,20.37700177,42.61013392,0.701541978,0.016216889,,,,,0.603971997,0.287180793,228.0779583,1.197082337,0.067734965,0.807106645
2023,18,3918298,20.2811012,33.41180324,0.759355519,0.020026055,,,,,0.558208967,0.266095735,248.1606543,1.153904487,0.083679616,0.924118114
2023,18,4374302,17.65337602,2.064855768,0.016851445,0.000623855,76.88916274,0.498128217,0.032972539,6.696922512,0.088522129,0.049176552,,,,
2023,18,4262921,20.43248578,,,,109.7226271,0.363357172,0.0134,7.38024885,0.11610251,0.065017406,,,,
2023,18,16800,16.79261773,,,,82.37424569,0.42812453,0.025524855,6.015138327,0.072917903,0.040834026,,,,
2023,18,3929630,17.59204154,71.64395226,0.463125891,0.024512817,28.98571799,0.205012883,0.014422267,3.585140376,0.153812736,0.073415339,,,,
2023,18,4239996,14.96825548,59.59678946,0.421392167,0.022974497,27.39671778,0.078876022,0.00533398,3.327232742,0.125301005,0.059930036,,,,
2023,18,2976212,16.09412941,0.763009857,0.008404271,0.000221641,79.99861249,0.266822241,0.019349593,6.458861675,0.120602822,0.067291019,,,,
2023,18,4362628,13.70549452,,,,64.09151733,0.393993003,0.017042184,4.988372186,0.082360523,0.046121893,,,,
2023,18,3068267,13.87881387,69.65939358,0.370005315,0.013141697,18.77524556,0.122859069,0.004497319,2.25235802,0.228172922,0.1077362,,,,
2023,18,4430807,16.03011249,66.84212359,0.307841297,0.013483411,30.20714643,0.178530537,0.012844888,3.562874598,0.223636392,0.107240355,,,,
2023,18,3916148,14.3983203,67.40797436,0.473788783,0.024960023,17.71629822,0.097255533,0.004688317,2.536817298,0.148007271,0.070196418,,,,
2023,18,3043078,12.61265266,60.44317927,0.507281338,0.012991392,14.4163019,0.059118216,0.00298,1.805409467,0.119238369,0.056097515,,,,
2023,18,2577417,21.21737594,15.56458702,0.158536717,0.008351992,,,,,0.478486164,0.228860691,282.3935821,2.209453288,0.10650928,0.604260329
2023,18,4047650,15.72730817,,,,73.20371703,0.645019798,0.025835057,4.561248321,0.069586387,0.038968377,,,,
2023,18,4429795,15.68461773,63.62912646,0.568210807,0.021035661,21.3543524,0.149329837,0.009884571,2.957333409,0.148718046,0.071035949,,,,
2023,18,3116385,16.49698779,76.25947088,0.591474999,0.015571683,17.88180349,0.154288814,0.006673769,2.660077117,0.104801657,0.049528273,,,,
2023,18,4430027,12.37096753,,,,50.74073435,0.429648562,0.028439674,4.709747355,0.043549983,0.024387991,,,,
2023,18,4427366,17.33135888,52.46967588,0.160642373,0.011917851,46.45779476,0.123417629,0.007634458,5.85278009,0.165401565,0.081000452,,,,
2023,18,16737,14.86373566,,,,67.87936244,0.569927062,0.027283277,4.652580636,0.046553704,0.026070074,,,,
2023,18,3126486,3.91051601,,,,17.44009122,0.13609617,0.00504,1.367414235,0.025205681,0.014115182,,,,
2023,18,4361370,14.57322279,,,,71.71186311,0.361334075,0.018553704,5.276859981,0.073095857,0.04093368,,,,
2023,18,4697815,16.27180722,73.05628161,0.420494466,0.027886213,24.35717703,0.134039246,0.006416663,3.332657572,0.214236486,0.10183112,,,,
2023,18,4569618,14.31681891,2.033662319,0.006437389,0.000477582,70.1565278,0.252989388,0.015649603,5.639951523,0.121316137,0.067085326,,,,
2023,18,3915416,15.81715439,1.581338392,0.013455524,0.000475247,78.68801857,0.390075695,0.027225018,5.404938015,0.08419131,0.046763582,,,,
2023,18,3040151,5.70317815,,,,26.53087605,0.165685494,0.006134422,2.06415554,0.018696964,0.0104703,,,,
2023,18,4242335,14.1332641,65.20038984,0.690775713,0.024320565,14.13054356,0.061243801,0.003968676,1.779888814,0.162802615,0.076354808,,,,
2023,18,4035687,16.74566782,,,,80.30892486,0.303892125,0.0197,6.975913538,0.113284776,0.063439475,,,,
2023,18,4567048,15.84460854,79.97746049,0.636846949,0.028740154,16.52049309,0.071337112,0.002857274,2.031248945,0.162716241,0.076515494,,,,
2023,18,4379399,15.34716211,67.36458801,0.422024734,0.01112982,25.47393419,0.118639626,0.008603588,2.970384827,0.205752468,0.097978956,,,,
2023,18,3051876,12.93672971,,,,57.93280369,0.191113033,0.0129,6.075860633,0.095912044,0.053710745,,,,
2023,18,4426515,7.42710159,,,,34.23906407,0.178300341,0.010850289,2.958379271,0.042691706,0.023907355,,,,
2023,18,4360438,4.28473557,,,,18.66575324,0.140503539,0.005202073,1.594138964,0.026885802,0.015056049,,,,
2023,18,15795,13.36639867,1.521465812,0.010700938,0.000274049,65.32535104,0.316100405,0.015924099,4.770637999,0.075819846,0.042064686,,,,
2023,18,3925357,14.21751291,3.337798934,0.022058677,0.001202649,63.74104342,0.472432584,0.031948189,4.55874491,0.077111069,0.042199737,,,,
2023,18,4035538,13.36309035,64.80507998,0.68423768,0.025331078,11.04395198,0.052509962,0.003475785,1.419569524,0.131176341,0.061471972,,,,
2023,18,4432577,18.3757703,10.48470396,0.160747033,0.011332137,,,,,0.57361557,0.274627624,285.0735718,1.553628486,0.108712736,0.480296806
2023,18,4429160,18.04759684,65.3806193,0.729948398,0.018221125,28.70619886,0.163227145,0.007838721,3.370565704,0.153376567,0.073436816,,,,
2023,18,3042519,14.71493756,67.31646631,0.387334945,0.021125907,21.86495019,0.145699804,0.00805,2.724390371,0.199415744,0.094708387,,,,
2023,18,4361529,3.59226106,26.98094268,0.15483108,0.005198878,,,,,0.050603747,0.023277724,,,,
2023,18,4258173,17.31423071,1.497225448,0.010089789,0.000711297,86.25466786,0.489436022,0.034247524,5.565849684,0.086504928,0.048083407,,,,
2023,18,3045147,16.84464021,88.78921097,0.690128086,0.052001791,13.35819431,0.093165974,0.013004381,1.923740949,0.135474091,0.063596985,,,,
2023,18,4241479,15.76067743,5.773037564,0.089146111,0.002225284,,,,,0.639883818,0.306416565,281.5767975,1.356255881,0.065132009,0.789199937
2023,18,4362887,19.2194386,54.48861661,0.411331291,0.014528152,,,,,0.84450179,0.401819586,223.1843613,1.13036221,0.078892717,0.775878333
2023,18,3116165,13.34912563,1.705108998,0.013165936,0.000873134,58.88483031,0.40873108,0.01956658,4.790238643,0.066828402,0.037066235,,,,
2023,18,3123076,4.7486897,,,,21.54870651,0.13843252,0.0117,1.76897007,0.026650124,0.014924069,,,,
2023,18,16460,12.12693582,,,,55.08940472,0.20567432,0.014750318,5.457024219,0.093797703,0.052526714,,,,
2023,18,2577327,13.26386712,,,,58.82104874,0.402978198,0.0161,5.001233502,0.063589683,0.035610223,,,,
2023,18,4242355,11.97232591,,,,49.28780254,0.443290363,0.02136933,4.38541388,0.040550944,0.022708529,,,,
2023,18,4241457,12.29045483,75.7957716,0.54881347,0.01663288,4.626064084,0.031626562,0.002563769,0.856555625,0.143217744,0.066548928,,,,
2023,18,3121422,12.224386,,,,62.841641,0.220763361,,4.674698131,0.054003927,0.030242199,,,,
2023,18,4361307,12.8056498,,,,53.21760131,0.356187247,0.0497,5.328664098,0.074339206,0.041629955,,,,
2023,18,3121023,10.74725199,,,,49.14663559,0.196496516,0.011118437,4.681231144,0.045593467,0.025532341,,,,
2023,18,4429205,12.07514216,,,,62.12943955,0.238223084,0.008765374,4.49400786,0.071947241,0.040290455,,,,
2023,18,4361579,9.44307301,45.97319416,0.202057092,0.014771527,13.08762983,0.058062734,0.004170244,2.032651624,0.102156515,0.048478758,,,,
2023,18,4426354,11.56649404,1.919331787,0.016993524,0.000515022,61.16794,0.17072884,0.013839924,4.199877543,0.08992527,0.049765379,,,,
2023,18,4258595,10.03236202,,,,41.77671684,0.248217043,0.0173,4.391530505,0.055541452,0.031103213,,,,
2023,18,4360310,17.25491024,20.6982219,0.217899881,0.011880003,,,,,0.669246894,0.31987879,262.6431963,1.342833797,0.090808953,0.791317304
2023,18,3128429,11.94756075,,,,56.45522777,0.350429127,0.0252,4.241842487,0.08483685,0.047508636,,,,
2023,18,3117256,9.62461583,,,,41.64706152,0.284391642,0.019899863,3.766449169,0.048179524,0.026980534,,,,
2023,18,4241474,12.40781027,52.92499782,0.301943619,,22.53589263,0.08164164,,2.716072727,0.167776018,0.08014553,,,,
2023,18,3916433,11.59562926,1.611498531,0.010396899,0.000525964,50.66061595,0.294795717,0.017575769,4.572676637,0.066115199,0.036681994,,,,
2023,18,4036378,16.64795292,13.35647371,0.172340231,0.009399729,,,,,0.5556997,0.265883132,238.5749083,1.666228791,0.092074882,0.807765147
2023,18,4569987,13.61072184,45.26120516,0.269658224,0.008172527,28.06968552,0.092272434,0.007479952,4.192334192,0.122784592,0.060415164,,,,
2023,18,4385690,9.42642266,,,,40.51044476,0.189441636,0.013738055,4.268560367,0.052405457,0.029347056,,,,
2023,18,3932905,9.56427884,,,,46.48197265,0.219414947,0.0178,3.643684423,0.072873688,0.040809266,,,,
2023,18,3051392,13.56908471,59.30357318,0.215946351,0.010869757,23.50636835,0.085647111,0.004120774,3.605554109,0.168680419,0.080728694,,,,
2023,18,4372019,5.9848344,30.15944751,0.112285589,0.007780514,9.130546678,0.038077786,0.00323,1.17899862,0.051324398,0.024360459,,,,
2023,18,4360248,8.14611675,,,,41.93742928,0.133437277,0.0096,3.152474115,0.018218891,0.010202579,,,,
2023,18,4040761,12.93857418,66.36012489,0.34574365,0.024373789,17.19735407,0.053458246,0.00374,2.273278987,0.154234504,0.072982827,,,,
2023,18,3917315,18.58028744,34.85327205,0.420692362,0.031699559,,,,,0.630895217,0.300878145,207.7696234,1.452590999,0.202756924,0.717089774
2023,18,4426502,10.71607008,,,,51.72352685,0.195194946,0.014043856,4.424428893,0.07312579,0.040950442,,,,
2023,18,4241416,13.5462546,70.33610505,0.429083263,0.018914914,15.644092,0.036475183,0.002615886,2.246826486,0.147411432,0.069448933,,,,
2023,18,2576925,9.68527137,,,,44.78836558,0.230702569,0.0162,3.834984373,0.041300869,0.023128487,,,,
2023,18,3046779,15.37345991,3.652294123,0.115872157,0.004289689,,,,,0.453699878,0.217270928,232.6873139,1.645432774,0.108915927,0.690047737
2023,18,4243537,9.27776623,,,,45.2479932,0.305837497,0.022178928,2.933973581,0.055220989,0.030923754,,,,
2023,18,3051926,4.19266576,23.84309694,0.165588186,0.004562593,3.273898543,0.017734872,0.000843397,0.424875454,0.060238097,0.028124787,,,,
2023,18,16731,10.40963427,1.642763139,0.011371798,0.000599086,44.37937292,0.371826447,0.017924329,3.531518155,0.055856239,0.030904895,,,,
2023,18,4048244,5.18153266,17.29274587,0.113195049,0.004054623,10.83555843,0.051617496,0.0019,1.422570621,0.058131782,0.028094455,,,,
2023,18,4035676,6.20294124,22.90256822,0.185861329,0.006543734,10.55127011,0.049370177,0.00319925,1.469905435,0.046411828,0.022223515,,,,
2023,18,15864,18.17606652,11.36094561,0.073933402,0.003336528,,,,,0.482808396,0.2311611,264.5185597,1.933213429,0.077431235,0.714578943
2023,18,4241463,8.98810844,,,,47.28087454,0.195232957,0.014022229,3.127389711,0.061093688,0.034212465,,,,
2023,18,4362249,12.5875745,6.832875771,0.044277579,0.002414974,52.14980529,0.366883313,0.020273769,4.288965195,0.106138886,0.057401818,,,,
2023,18,3052587,16.4485297,11.24536196,0.071537957,0.004744231,,,,,0.502791673,0.240330813,231.3278209,1.794418657,0.085901555,0.624955826
2023,18,4430878,10.38130245,,,,46.38329064,0.333497751,0.013357626,3.781480388,0.060539966,0.033902381,,,,
2023,18,4242431,12.63423859,54.77528132,0.413181163,0.014800064,19.00202026,0.059322357,0.002182755,2.374947366,0.070688276,0.033550551,,,,
2023,18,4360238,4.30784502,23.7803506,0.161157476,0.011361071,3.790241201,0.014320061,0.001002024,0.516629189,0.047761985,0.02234738,,,,
2023,18,4361050,5.62534357,,,,23.12375678,0.178870666,0.00851,2.245430048,0.020762991,0.011627275,,,,
2023,18,4361411,7.03979663,,,,29.06602664,0.179941684,0.014586752,3.057813894,0.030583514,0.017126768,,,,
2023,18,4035886,12.76735668,64.58098436,0.408709457,0.014435549,15.2851224,0.078455587,0.005475744,1.924607469,0.116216327,0.054870159,,,,
2023,18,4361777,15.49568813,82.42839351,0.430915965,0.021799397,18.54733664,0.076549966,0.004563922,2.4718729,0.186567672,0.088103003,,,,
2023,18,2468609,7.09599059,19.31249501,0.211267617,0.011707049,13.18361723,0.144624059,0.007426125,1.482865378,0.086782151,0.042170924,4.620210554,0.029444751,0.001583424,0.016903419
2023,18,4045163,4.88088434,17.36543565,0.084784628,0.003737489,11.3450491,0.012508467,0.000897068,1.472431649,0.058851065,0.028588734,,,,
2023,18,4361409,6.56223638,,,,30.46342623,0.143552962,,2.701882758,0.043256046,0.024223386,,,,
2023,18,4426875,14.41884779,17.54868239,0.219182718,,,,,,0.455836387,0.218120985,238.12703,1.081104174,,1.038216343
2023,18,4360294,7.81834948,19.72444978,0.123010705,,19.36866545,0.077579644,,2.745377821,0.106471066,0.052895096,,,,
2023,18,4426385,6.9452779,17.57516011,0.111912546,0.005050482,17.34624453,0.076875689,0.003079111,2.330342374,0.027041828,0.013453766,,,,
2023,18,3121427,9.44989079,1.882919668,0.018091273,,39.14668999,0.188983411,,4.161339092,0.052791761,0.029124685,,,,
2023,18,3045144,6.40494379,,,,27.98311182,0.14125731,0.006110091,2.786481094,0.036220116,0.020283265,,,,
2023,18,4428557,11.93704204,32.07749854,0.175893112,0.004504594,30.02046772,0.154824955,0.007799572,3.724976284,0.088026406,0.043389509,,,,
2023,18,4361432,9.94831686,,,,43.32186106,0.338733899,0.018718248,3.625590081,0.072511802,0.040606609,,,,
2023,18,4688813,8.07016491,,,,37.2786608,0.163204746,0.010575874,3.237009068,0.051823201,0.029020993,,,,
2023,18,3059915,4.95148526,20.90874248,0.160372548,0.011112565,7.398102157,0.030154768,0.002559328,0.983928957,0.03632563,0.01729792,,,,
2023,18,3886812,15.11784728,16.33113868,0.267830849,0.007051147,,,,,0.398977111,0.190726375,218.57544,1.309521176,0.056643393,0.929925157
2023,18,3918639,10.35768638,,,,39.97676019,0.333744183,0.012216876,4.430003593,0.088600072,0.04961604,,,,
2023,18,16813,7.72682634,,,,31.83551223,0.211944216,,3.334914441,0.057888055,0.032417311,,,,
2023,18,4373626,6.17462929,36.66657222,0.193355828,0.008468962,5.393894117,0.021118743,0.00152,0.699805581,0.041894509,0.019576138,,,,
2023,18,4372414,7.09444636,1.364646147,0.006244589,0.000432701,34.9694446,0.143026448,0.012139093,2.601725953,0.057127793,0.031482237,,,,
2023,18,4360635,8.13162176,,,,36.50902191,0.18105846,0.00912113,3.410614199,0.031537189,0.017660826,,,,
2023,18,4427095,10.7244274,3.045439714,0.007818498,0.000393548,52.09616164,0.173975729,0.008370565,4.117358512,0.092534264,0.050800478,,,,
2023,18,4032473,9.96442563,3.288178747,0.016837355,0.000933014,44.06339803,0.258123675,0.013254078,3.464705136,0.079972533,0.043716775,,,,
2023,18,3116389,6.39746771,10.78377704,0.048546438,0.003549022,19.99535905,0.072390311,0.0052,2.642212228,0.066069806,0.033761332,,,,
2023,18,4429025,7.87741957,1.777787021,0.007713119,0.000273951,34.02155938,0.241305582,0.008833114,2.852649655,0.062757025,0.034573531,,,,
2023,18,4372485,6.66708467,7.099136042,0.03338968,0.002515943,24.43129936,0.152739247,0.021319793,2.421377764,0.06970975,0.036811832,,,,
2023,18,4242214,8.26635558,28.65478765,0.147563637,0.004954854,17.4953324,0.141269041,0.005326938,1.942311494,0.047471924,0.022890784,,,,
2023,18,16757,14.73886878,5.550042588,0.034448955,0.001908932,,,,,0.50480234,0.24171531,237.3152019,1.512417459,0.077587781,0.626994961
2023,18,3115394,9.53911543,,,,50.39191501,0.217624073,0.015607317,3.200146248,0.034001242,0.019040696,,,,
2023,18,3059722,10.51550408,,,,49.58282764,0.289970241,0.019609198,3.842680858,0.058976238,0.033026693,,,,
2023,18,4036348,4.38712978,,,,19.28935812,0.163080886,0.00786,1.486765515,0.020827198,0.011663231,,,,
2023,18,4567156,6.50885062,3.101100704,0.018621639,0.000476897,31.9849845,0.110203398,0.005551685,2.262335981,0.04460158,0.024138635,,,,
2023,18,3916566,6.86928616,,,,34.32045192,0.125323511,0.004611255,2.735915909,0.054718318,0.030642258,,,,
2023,18,4426386,8.68304745,22.35785584,0.201290289,0.007109539,20.61656977,0.083922171,0.00585728,2.716176248,0.070416151,0.034819881,,,,
2023,18,4242433,9.64699063,,,,42.87606561,0.273712154,0.010019373,3.77242062,0.068898411,0.03858311,,,,
2023,18,4243331,7.03196304,,,,27.13904799,0.280720161,0.013438502,2.639900323,0.030212548,0.016919027,,,,
2023,18,3929645,8.54584625,,,,34.85170156,0.300125182,0.015410763,3.262088946,0.030163809,0.016891733,,,,
2023,18,2980453,12.8056079,54.21862468,0.284037085,0.01573945,19.94994681,0.061401252,0.003152818,3.409823206,0.141103022,0.067606506,,,,
2023,18,3122976,8.58434711,30.34681348,0.349814058,0.008732132,13.88491325,0.076945028,0.003695161,1.642064038,0.071177249,0.03408835,,,,
2023,18,4572680,6.92866957,,,,28.73264581,0.213972276,0.01182399,2.783099943,0.03216838,0.018014293,,,,
2023,18,3915486,7.29206144,,,,32.84647911,0.078850606,0.004877599,3.569527613,0.041124036,0.02302946,,,,
2023,18,4241555,6.78181305,32.8400957,0.254008388,0.00541026,6.898653155,0.047684954,0.001765511,1.020574151,0.040579304,0.019110791,,,,
2023,18,4038524,14.11735994,7.235466831,0.152374975,0.005364759,,,,,0.612854034,0.293415251,242.7791494,1.165998463,0.075558177,0.743405898
2023,18,4038441,6.38167439,33.8542423,0.158453862,0.004366015,7.095823069,0.046067063,0.00219076,1.123500141,0.083819609,0.039642693,,,,
2023,18,3139925,2.7702592,17.32852494,0.106175865,0.002454368,1.574128016,0.007458293,0.000422015,0.219634899,0.030029871,0.013995354,,,,
2023,18,4360797,6.13966586,3.003842782,0.018418412,0.000897696,26.92427936,0.135746676,0.008260728,2.258533932,0.051958124,0.028180833,,,,
2023,18,3054212,7.39441329,,,,33.8392214,0.191940016,0.013809671,2.870479084,0.035888723,0.020097685,,,,
2023,18,4371733,12.58052556,63.14471503,0.449124272,0.010381985,14.5231785,0.050790965,0.002873924,2.002824661,0.234225225,0.110635847,,,,
2023,18,15920,2.22809191,7.311624156,0.097546477,0.002572538,3.246706924,0.015588987,0.001130493,0.50300669,0.018132977,0.008722766,,,,
2023,18,4360569,11.40679025,54.01445413,0.486297881,0.010357918,11.72513563,0.067020927,0.002481416,1.577649689,0.098713102,0.046506966,,,,
2023,18,3043116,6.80529167,,,,27.99234538,0.202548441,0.012325882,2.827967184,0.056559344,0.031673232,,,,
2023,18,4722893,8.95689012,35.99051286,0.158900552,0.011616538,16.42406823,0.081397327,0.005846205,2.281191725,0.045304582,0.021833235,,,,
2023,18,4569587,10.37013727,4.604890708,0.029765896,0.001575481,45.0832564,0.132226293,0.009301869,4.496009343,0.082807348,0.045289308,,,,
2023,18,3122672,4.41148593,26.54671402,0.146686027,0.00714934,3.197814444,0.012843178,0.000781559,0.495316367,0.034487169,0.016116156,,,,
2023,18,3059989,15.17619817,4.989108884,0.06444318,0.002308341,,,,,0.637028084,0.305293059,320.0888258,1.211441005,0.044574748,1.429334453
2023,18,4685720,12.23356736,15.34367776,0.042514922,0.001874149,,,,,0.584228553,0.279579946,226.3495946,0.801955437,0.057513732,0.696365675
2023,18,3910544,5.7942509,30.45229172,0.122545785,0.004352531,7.278938801,0.029542703,0.001081426,1.168987403,0.077304982,0.036649197,,,,
2023,18,4428085,3.93676211,,,,16.27314435,0.11721616,0.0064773,1.613592252,0.01865066,0.010444369,,,,
2023,18,4362238,5.97861206,23.2735716,0.149803928,0.003943868,10.30486145,0.054776144,0.002369344,1.435384609,0.058440329,0.028132354,,,,
2023,18,3120590,15.54304975,24.19672061,0.178826872,0.0063515,,,,,0.788412583,0.376279595,208.6459615,1.400103399,0.051251499,0.639651202
2023,18,3115306,7.55354283,,,,32.60752967,0.291952786,0.019325194,2.555239201,0.048293252,0.027044221,,,,
2023,18,4038815,6.87878896,24.26422658,0.197321344,0.010395234,12.40157729,0.071149904,0.003429864,1.603089107,0.031293905,0.015093108,,,,
2023,18,3051738,5.47919674,,,,30.70534013,0.127812936,0.004819538,1.664024919,0.029149002,0.016323441,,,,
2023,18,4360761,9.04668723,,,,39.06606079,0.326032833,0.045508622,3.162028339,0.063240567,0.035414717,,,,
2023,18,3916945,8.19279259,,,,42.58255819,0.19722985,0.013874746,2.782333326,0.053881381,0.030173573,,,,
2023,18,3052096,9.01861827,,,,41.24288418,0.1845037,0.00679,3.822041849,0.04417696,0.024739098,,,,
2023,18,3930086,3.92603229,,,,16.39797348,0.136309552,0.00988,1.466502855,0.016354666,0.009158613,,,,
2023,18,4249836,10.48985926,50.88935348,0.242603274,0.016810512,16.22015905,0.057936332,0.004917234,1.971703152,0.126932775,0.060325844,,,,
2023,18,4362478,3.99268195,6.644667212,0.044894726,0.003382859,11.30374281,0.064167761,0.008956725,1.539349182,0.02061087,0.01055326,,,,
2023,18,14163,15.43826703,31.25274672,0.154051567,0.008153804,,,,,0.634845687,0.302956093,218.7591983,1.136882089,0.079977498,0.748151876
2023,18,4037235,9.28659496,,,,41.42702417,0.254430375,0.03551414,3.493298844,0.069865977,0.039124947,,,,
2023,18,4428850,7.93711047,,,,36.61335145,0.229073897,0.012658497,2.940324212,0.058806484,0.032931631,,,,
2023,18,4360939,4.73244835,,,,22.43570587,0.07735842,0.003678847,2.058195157,0.037330008,0.020904804,,,,
2023,18,3050481,6.06732937,,,,25.99146039,0.119079244,0.005150778,2.771430326,0.025626798,0.014351007,,,,
2023,18,4373678,5.40737114,0.78853792,0.008274241,0.000218212,26.33292794,0.084850322,0.00615,2.173693844,0.046169904,0.025585544,,,,
2023,18,3116164,7.2340623,,,,30.4200261,0.203932003,0.009811863,2.97928071,0.027829252,0.015584381,,,,
2023,18,4362504,2.34300135,,,,10.55274914,0.062297134,0.004359145,0.914472775,0.008455926,0.004735318,,,,
2023,18,4046692,1.72111716,,,,8.774717312,0.045427239,0.00218,0.579111877,0.011329716,0.006344641,,,,
2023,18,3135321,2.51834555,,,,11.03926025,0.042450917,0.002530931,1.180470706,0.023609414,0.013221272,,,,
2023,18,2576623,6.67032205,,,,32.96642593,0.104897229,0.005046963,2.780632211,0.042457192,0.023776028,,,,
2023,18,4429013,2.56007832,14.27440992,0.105361781,0.005744373,1.979071919,0.008772436,0.000593235,0.267419053,0.033238855,0.015522717,,,,
2023,18,4686472,4.90877725,2.914427174,0.013369777,0.000977407,21.90358509,0.101703448,0.007304653,1.620391025,0.04256429,0.022820355,,,,
2023,18,3049916,1.60793688,5.760997499,0.032394095,0.001714589,3.202174847,0.011952723,0.000840851,0.461510117,0.022321523,0.010835731,,,,
2023,18,4692590,5.07872829,,,,24.48769244,0.140896897,0.009911829,1.804214412,0.036084288,0.020207201,,,,
2023,18,4260394,13.83741949,6.926229277,0.095274432,0.004819792,,,,,0.477229012,0.228588093,239.4922585,1.194922672,0.071241485,0.746888715
2023,18,3892775,13.33242329,17.22140902,0.109746529,0.008023098,,,,,0.530546708,0.253447447,214.5934569,1.155443523,0.082987495,0.971407725
2023,18,4239086,12.38787234,11.72650469,0.163456815,0.007159389,,,,,0.700810145,0.335282776,216.5000074,0.973996753,0.070076971,0.911946747
2023,18,4685035,7.92264885,33.55121244,0.199032446,0.009700656,12.40601824,0.068858134,0.004190293,1.76879759,0.082718451,0.039590595,,,,
2023,18,3930066,4.4771753,,,,22.97609818,0.098274572,0.007070644,1.604373455,0.026148834,0.014643347,,,,
2023,18,4360078,6.55937236,,,,33.32180646,0.166408905,0.010783508,2.253374412,0.042249238,0.023659573,,,,
2023,18,4432620,4.70390943,,,,21.11178225,0.109630094,0.00741372,1.877413138,0.037548263,0.021027027,,,,
2023,18,3139602,1.85511785,5.661989957,0.031915788,0.001740064,4.116362876,0.01332898,0.00090137,0.550069864,0.013275133,0.006494704,,,,
2023,18,4599739,6.17686624,23.08867669,0.12420495,0.006882614,11.82146945,0.063367607,0.003253786,1.598989126,0.062736011,0.030250819,,,,
2023,18,15807,4.68579331,17.13369921,0.10249202,0.004489138,8.359326868,0.048113876,0.00346169,1.136544323,0.053150643,0.025618542,,,,
2023,18,3116407,11.50306104,12.75936646,0.13668369,0.00414247,,,,,0.319584496,0.152779343,193.0867722,0.790594957,0.064088613,0.659095971
2023,18,4250360,10.5981979,8.630605391,0.046362435,0.002333674,,,,,0.513913723,0.245988691,209.9054659,0.836422714,0.040243145,0.945841497
2023,18,3118892,5.16694922,,,,26.45147714,0.12408379,0.004678921,1.805443995,0.03429381,0.019204534,,,,
2023,18,4036131,5.27041675,,,,22.80959808,0.133361453,0.005341543,2.200899826,0.020386505,0.011416443,,,,
2023,18,13982,5.63342878,,,,24.55019053,0.181749768,0.010284016,2.102503081,0.03214821,0.018002998,,,,
2023,18,4035671,13.64502757,37.53872449,0.171876438,0.004735859,,,,,0.575228957,0.273663238,171.5409774,0.96381872,0.045835244,0.713006608
2023,18,4036335,7.94945706,,,,38.67903688,0.19066969,0.009156605,2.953540833,0.031381084,0.017573407,,,,
2023,18,14876,13.57094725,15.39223342,0.220250968,0.005640591,,,,,0.518758718,0.248077499,218.9964664,0.998890152,0.050320801,0.837324476
2023,18,3115255,3.84431599,1.001721107,0.005860505,0.000209922,17.80437682,0.060656062,0.00223,1.510591566,0.03411662,0.018714828,,,,
2023,18,4258195,1.01825008,,,,4.898925195,0.026896803,0.001780377,0.37154234,0.007430847,0.004161274,,,,
2023,18,4035004,6.87701505,3.293382436,0.021842286,0.000733415,30.79171936,0.138920751,0.005238389,2.556590742,0.060857982,0.033107853,,,,
2023,18,3931391,6.2866031,,,,28.4070638,0.172433593,0.00746,2.364313666,0.047286273,0.026480313,,,,
2023,18,16799,3.04372427,,,,12.57413453,0.051526444,0.004176928,1.491649989,0.020895622,0.011701548,,,,
2023,18,2576434,9.12462665,51.42542566,0.301695419,0.008312873,8.174063418,0.042976256,0.002043774,1.261397636,0.203243722,0.095413617,,,,
2023,18,4240472,8.24197606,,,,36.10173314,0.192954916,0.007275896,3.494863631,0.032316224,0.018097086,,,,
2023,18,3123075,4.7830595,,,,20.8954506,0.101446855,0.004871822,1.963564867,0.039271297,0.021991927,,,,
2023,18,4426407,6.83583323,1.672897946,0.008603559,0.000570568,29.49643432,0.211872421,0.010142656,2.432665465,0.05407079,0.029737894,,,,
2023,18,4242540,2.06849314,,,,8.101736587,0.081205733,0.005712669,0.776646838,0.015532937,0.008698445,,,,
2023,18,4039358,5.39297563,24.69819127,0.176695147,0.009637254,6.701969448,0.037017402,0.002045561,0.992898598,0.04946165,0.02344398,,,,
2023,18,3912547,13.25914269,13.05357568,0.193678593,0.004125264,,,,,0.589761734,0.281899713,187.2842364,1.378409892,0.051034931,0.887678212
2023,18,2576336,4.43388073,11.65939112,0.059919901,0.003031259,11.43446846,0.051856794,0.003091711,1.470562602,0.029942481,0.014882969,,,,
2023,18,3119195,5.24124237,23.81808161,0.089506626,0.005935871,8.21325585,0.056384587,0.002699216,1.182592397,0.039920276,0.019078613,,,,
2023,18,4567096,9.101643,0.742913577,0.00524296,0.000369611,46.3719076,0.231402487,0.016192029,3.005047333,0.062513284,0.034766205,,,,
2023,18,4243389,1.61457051,5.542394136,0.041794593,0.001266668,3.875907953,0.007344844,0.000595401,0.331022119,0.0244036,0.0118877,,,,
2023,18,4240657,3.81017473,15.45602042,0.101111885,0.007618874,6.190467341,0.034350949,0.004794806,0.841307439,0.035772825,0.017163926,,,,
2023,18,4369863,7.1973467,,,,35.73961491,0.165625676,0.014057159,2.659689884,0.053193798,0.029788527,,,,
2023,18,4361516,4.03250929,,,,16.36318213,0.103849513,0.007305616,1.783124727,0.022532647,0.012618282,,,,
2023,18,3052897,5.72742829,,,,23.39714884,0.11992227,0.00576,2.680376538,0.021686738,0.012144574,,,,
2023,18,2973405,7.30652803,4.147367133,0.025481195,0.000943336,30.80704456,0.15839403,0.0105,2.669275283,0.065924736,0.035663929,,,,
2023,18,4035222,0.54963514,3.569908426,0.022524313,0.000592995,,,,,0.007595877,0.003494103,,,,
2023,18,4034952,10.08698307,39.35471619,0.22905041,0.007690996,19.02600539,0.074226137,0.0028,2.486235232,0.083373847,0.040083799,,,,
2023,18,4362019,3.97368217,,,,17.32974444,0.121859182,0.006257199,1.530511702,0.030610234,0.017141731,,,,
2023,18,2971618,6.55348452,,,,28.62854636,0.201169838,0.009566808,2.519583922,0.050391678,0.02821934,,,,
2023,18,4427278,5.38256292,3.747111534,0.01325498,0.00098337,21.93724168,0.074760621,0.004624597,2.136114589,0.055497951,0.029801287,,,,
2023,18,4039160,6.2632773,,,,27.63607096,0.163556236,0.010598651,2.53030656,0.030329527,0.016984535,,,,
2023,18,13987,14.06724389,8.614128026,0.091077221,0.003058168,,,,,0.572066976,0.27367162,248.35289,1.196677176,0.045124005,0.812798825
2023,18,4241961,0.8494822,,,,3.515378302,0.02097268,0.001700125,0.373428252,0.00431626,0.002417105,,,,
2023,18,2573079,13.17732039,12.88952491,0.117127705,0.005708695,,,,,0.683616368,0.32716589,217.7298227,1.178271738,0.071702546,0.877614445
2023,18,4570674,6.93463154,32.84509944,0.113221003,0.00569903,11.71324082,0.042030044,0.002022209,1.608594723,0.08274862,0.039464983,,,,
2023,18,3043275,5.99917995,,,,25.78198036,0.129356879,0.007712278,2.652889753,0.021464345,0.012020033,,,,
2023,18,4243003,7.45569561,34.47526292,0.204541271,0.009969151,10.20669532,0.048655394,0.002960875,1.51895587,0.082646725,0.039340062,,,,
2023,18,4360306,6.67003691,,,,33.00553243,0.138294633,0.00521478,2.585841149,0.051716823,0.028961421,,,,
2023,18,3051439,5.30217829,18.23138098,0.148152376,0.0034247,9.834328641,0.050747868,0.002871486,1.286784745,0.063949026,0.030978747,,,,
2023,18,4259305,4.99331226,1.525271313,0.006040525,0.000329461,21.70800817,0.142651077,0.00788282,1.805448893,0.041198873,0.02256238,,,,
2023,18,16002,2.21785993,2.317434556,0.026280584,0.000559764,6.109145033,0.070385215,0.00261,0.800054776,0.01107419,0.005739663,,,,
2023,18,3911853,3.02690551,,,,12.09175373,0.111477253,0.008006638,1.147518177,0.013409669,0.007509415,,,,
2023,18,14053,1.86552797,,,,8.025358699,0.032452421,0.00201,0.883583037,0.017671661,0.00989613,,,,
2023,18,3676833,1.27677673,3.674055767,0.025490274,0.001342872,2.733737586,0.023577278,0.00113657,0.221153651,0.014577719,0.007148058,,,,
2023,18,4360405,1.78587723,,,,7.57640043,0.062608833,0.002507679,0.662048923,0.013240978,0.007414948,,,,
2023,18,4035198,0.89731525,,,,4.273019241,0.023477278,0.00168621,0.333062031,0.006661241,0.003730295,,,,
2023,18,4372096,1.31657816,,,,5.16389126,0.054447884,0.002624724,0.474247044,0.005481571,0.00306968,,,,
2023,18,3921690,4.51734546,,,,20.40531503,0.111058569,0.00408638,1.825363199,0.021098408,0.011815108,,,,
2023,18,3915411,4.8621509,21.08595065,0.225800366,0.005954906,6.168058264,0.015634775,0.001133813,0.662514972,0.056359338,0.026570743,,,,
2023,18,4430802,0.43996961,,,,1.845647877,0.0109361,0.000886522,0.190422209,0.00220099,0.001232554,,,,
2023,18,4050373,4.04510478,,,,19.30989514,0.102395543,0.00579,1.518163676,0.027435418,0.015363834,,,,
2023,18,4362630,4.02009285,,,,20.5062422,0.053096718,0.00380793,1.662590915,0.017664867,0.009892325,,,,
2023,18,4249417,4.36284403,,,,19.73205253,0.149213144,0.007192994,1.513068662,0.030261373,0.016946369,,,,
2023,18,4040774,5.22504499,1.03593831,0.009881417,0.000684705,20.20088781,0.170012129,0.01442945,2.030029022,0.035709189,0.019599113,,,,
2023,18,4362477,3.60467117,3.811885546,0.012801465,0.000454677,12.18837482,0.084950541,0.003109658,1.243112145,0.036270306,0.019170565,,,,
2023,18,4686422,7.30287491,0.786153878,0.005657939,0.000398866,36.06099442,0.18870942,0.013204648,2.48117251,0.052035788,0.028898807,,,,
2023,18,4374187,1.5837759,3.477534754,0.017771184,0.001178544,4.31276642,0.034221145,0.001638218,0.375666106,0.018348283,0.009191543,,,,
2023,18,2511109,10.1590394,7.501284331,0.035131512,0.002606362,,,,,0.833889299,0.399344327,220.5314916,0.698236767,0.043192042,0.865506496
2023,18,4429202,5.11827575,19.66042718,0.063686215,0.004724798,10.69327489,0.029604498,0.001831297,1.566381881,0.059988127,0.028958401,,,,
2023,18,2574630,14.34960688,17.55122798,0.104476763,0.007239424,,,,,0.452373814,0.216297362,239.7040393,1.08268766,0.09189102,0.864447438
2023,18,4372063,6.2912702,,,,26.72046121,0.227329904,0.008416775,2.288466761,0.045769335,0.025630828,,,,
2023,18,4428718,6.50479675,5.02328606,0.022228405,0.001124502,28.57397477,0.158422266,0.009445161,2.099337406,0.056976897,0.030408047,,,,
2023,18,13232,1.26588671,,,,4.247573429,0.063115956,0.003240864,0.462640094,0.006115702,0.003424793,,,,
2023,18,2976592,0.4561469,,,,1.797216814,0.014731556,0.00104,0.189177016,0.002945655,0.001649567,,,,
2023,18,4372780,5.05694061,,,,21.88276997,0.144367467,0.010353583,2.009041322,0.024955066,0.013974837,,,,
2023,18,3122899,7.08976512,,,,32.02924208,0.120924902,0.004559806,3.055220461,0.061104409,0.034218469,,,,
2023,18,2975674,1.54005377,,,,6.508078036,0.033097636,0.002310023,0.69216479,0.005600257,0.003136144,,,,
2023,18,3728262,5.42283554,6.251069037,0.04572443,0.000973909,18.31335868,0.121611767,0.004502614,1.878462433,0.054742504,0.028938477,,,,
2023,18,4368003,3.98630009,,,,18.09368279,0.111812978,0.004836475,1.529839398,0.030596788,0.017134201,,,,
2023,18,3917914,4.25586837,,,,19.95446205,0.113768533,0.006437408,1.594295304,0.026845675,0.015033578,,,,
2023,18,2983509,2.8414309,7.089008311,0.050774306,0.003579421,7.590084382,0.025314358,0.001771333,0.928689156,0.023222847,0.011506511,,,,
2023,18,3127292,1.79329829,,,,7.314149123,0.049969471,0.002,0.769149094,0.010134059,0.005675073,,,,
2023,18,3917668,2.63457089,,,,10.08897276,0.054173001,0.002601571,1.305376429,0.009092823,0.005091981,,,,
2023,18,4241802,5.23154564,,,,25.98764303,0.107738434,0.005183663,1.834580396,0.036691608,0.0205473,,,,
2023,18,4689334,2.1247091,,,,9.485006181,0.065281061,0.003607395,0.794688953,0.015893779,0.008900516,,,,
2023,18,4565908,5.97695066,1.595401268,0.011676348,0.000412407,27.95551662,0.144420704,0.010079726,2.115164941,0.047463033,0.026063325,,,,
2023,18,4570561,1.85445994,6.836861,0.045180636,0.002391368,3.367297366,0.019074073,0.001341825,0.457686574,0.017726178,0.008552554,,,,
2023,18,2977800,6.57189914,,,,30.86626166,0.147886434,0.005413458,2.644976933,0.052899539,0.029623742,,,,
2023,18,4429022,4.18196043,,,,20.32698803,0.082971555,0.003992044,1.680196616,0.033603932,0.018818202,,,,
2023,18,4426553,6.12653778,,,,25.08701322,0.188206541,0.01145312,2.497257186,0.028864475,0.016164106,,,,
2023,18,3122168,0.95448313,,,,4.784003092,0.020779851,0.001506927,0.354598071,0.005676971,0.003179104,,,,
2023,18,4012556,1.15856846,,,,4.626152467,0.017379054,0.000639459,0.596497234,0.005575235,0.003122132,,,,
2023,18,2576716,1.04716291,,,,4.25995578,0.015442064,,0.472371138,0.009278407,0.005195908,,,,
2023,18,4367175,0.4292544,,,,2.073474131,0.007148961,0.000360141,0.182280009,0.0036456,0.002041536,,,,
2023,18,2514206,5.31444395,,,,22.74650797,0.138190071,0.005210837,2.228400783,0.025756906,0.014423867,,,,
2023,18,3932442,2.24582647,,,,11.56327011,0.043435816,0.00303,0.840954508,0.016577987,0.009283672,,,,
2023,18,4242557,3.79865944,,,,14.54361806,0.157565123,0.00631,1.400448485,0.012949635,0.007251795,,,,
2023,18,2574808,2.91109304,,,,14.89904507,0.069158902,0.003321245,1.011343707,0.010745428,0.00601744,,,,
2023,18,4257188,0.98689506,,,,4.490973054,0.02562898,0.001108583,0.390344012,0.00780688,0.004371853,,,,
2023,18,2998565,4.77260424,,,,20.76493694,0.163445871,0.0106,1.723319562,0.02659486,0.014893122,,,,
2023,18,4887558,1.00835759,3.987624466,0.022757929,0.001241256,1.724166338,0.009699903,0.000536011,0.24917042,0.011033183,0.005292219,,,,
2023,18,4570409,6.70445496,,,,34.7441119,0.077950906,0.006615932,2.8105815,0.05621163,0.031478513,,,,
2023,18,3128452,6.79883395,,,,29.56336329,0.177989172,0.015106486,2.787551447,0.039505209,0.022122917,,,,
2023,18,4039057,0.93698369,,,,4.546729919,0.021676,0.001556837,0.356948269,0.007138965,0.003997821,,,,
2023,18,3843945,2.4128584,,,,10.14465225,0.078314621,0.004021282,0.934251943,0.012608977,0.007061027,,,,
2023,18,3127310,3.39388075,,,,13.61989689,0.082643841,0.003574763,1.54882858,0.018242757,0.010215944,,,,
2023,18,4258248,2.58927969,,,,10.07420682,0.107488642,0.005181616,0.938426105,0.010846771,0.006074192,,,,
2023,18,2975417,1.30011115,,,,4.248643639,0.042846416,0.002037599,0.621296544,0.006587008,0.003688724,,,,
2023,18,3149687,1.18944752,4.139480944,0.044934038,0.001121653,1.930089673,0.009343338,0.000448699,0.263747831,0.010746565,0.005173067,,,,
2023,18,4035693,1.91082446,3.424772994,0.024547905,0.000867028,6.766120032,0.028031637,0.001956445,0.51843322,0.010990469,0.005606446,,,,
2023,18,3926231,0.74446061,,,,3.225692141,0.015662512,0.000886238,0.265663479,0.00531327,0.002975431,,,,
2023,18,4035656,5.95943957,2.99988079,0.019590026,0.0009548,25.73260261,0.10096717,0.006144256,2.397538688,0.046119587,0.025053372,,,,
2023,18,4689988,3.26512001,,,,14.95173244,0.045469143,0.00281,1.524864879,0.030497298,0.017078487,,,,
2023,18,4241263,4.85957176,,,,18.3461402,0.190746475,0.00907,1.886181023,0.021801369,0.012208767,,,,
2023,18,4240573,7.69552549,11.44337487,0.069199314,0.003050455,31.86070086,0.059458214,0.00426,2.545565214,0.085819514,0.044568107,,,,
2023,18,2576581,5.98285766,1.674938384,0.009393934,0.000240577,28.59946002,0.102217419,0.005149377,2.325147383,0.046749819,0.025706795,,,,
2023,18,15478,1.80118777,9.50337786,0.056502029,0.002858354,1.960689779,0.011496675,0.000685,0.256634118,0.018477536,0.008709923,,,,
2023,18,4048228,4.33334575,,,,18.3839673,0.106477415,,1.890809175,0.031754149,0.017782323,,,,
2023,18,4383396,1.26417834,4.501180123,0.038053893,0.002004746,2.067266699,0.019431079,0.000936698,0.266984349,0.011166396,0.005369008,,,,
2023,18,4249030,0.49882427,,,,2.412219923,0.011426055,0.000740423,0.191759102,0.003835182,0.002147702,,,,
2023,18,2515270,0.73240029,2.073740509,0.011677857,0.000853718,1.611861223,0.013210204,0.000949,0.216922864,0.006310431,0.003091675,,,,
2023,18,4430539,1.20771438,,,,5.140374359,0.035520654,0.002402079,0.481839513,0.005569328,0.003118824,,,,
2023,18,4241374,0.2453327,,,,1.000995874,0.008014663,0.000453497,0.097470184,0.001126606,0.0006309,,,,
2023,18,4241424,5.83860905,,,,28.60154113,0.041076811,0.001953444,2.623892852,0.052477857,0.0293876,,,,
2023,18,4259979,2.27911744,1.573227805,0.007482819,0.000414648,9.058811215,0.048967002,0.002514347,0.89077123,0.018534819,0.009952105,,,,
2023,18,4244856,6.5733606,,,,30.60222658,0.141403886,0.008604992,2.559384619,0.051187692,0.028665108,,,,
2023,18,4036416,2.04576059,,,,9.291279447,0.03471946,,0.928626929,0.018572539,0.010400622,,,,
2023,18,4360231,3.9442135,,,,16.9233483,0.126386884,0.009077493,1.494290703,0.017271716,0.009672161,,,,
2023,18,3914397,0.87746895,,,,4.249958743,0.01475151,0.001061339,0.367471135,0.005147681,0.002882701,,,,
2023,18,3932423,0.38745288,,,,1.864014617,0.005830422,0.000473,0.168814939,0.003376299,0.001890727,,,,
2023,18,4035426,3.26617257,,,,15.20439533,0.058052132,0.004163317,1.406877328,0.016261351,0.009106357,,,,
2023,18,4365395,1.18398353,,,,5.047293257,0.034371559,0.001650639,0.475737019,0.005498793,0.003079324,,,,
2023,18,2971281,2.7827853,,,,12.88861199,0.03523061,0.001695065,1.30134577,0.020295767,0.011365629,,,,
2023,18,3125107,1.60770598,,,,6.156081833,0.04010992,0.00281,0.752988574,0.006556338,0.00367155,,,,
2023,18,3047876,2.75700905,,,,13.89215726,0.049393313,0.003553743,1.087695026,0.02136881,0.011966534,,,,
2023,18,4361988,1.0904129,,,,4.345612992,0.038572578,0.00255323,0.424677729,0.004908625,0.00274883,,,,
2023,18,4045305,0.93460593,,,,4.425025418,0.014698864,0.00105,0.407053389,0.004794447,0.00268489,,,,
2023,18,4426844,3.68313214,,,,14.83131792,0.130309028,0.018188917,1.399457812,0.016175593,0.009058332,,,,
2023,18,4040612,1.78315868,,,,7.648865921,0.045316915,0.00306455,0.749718364,0.008665598,0.004852735,,,,
2023,18,4245131,3.79458453,,,,18.74122692,0.071259521,0.004818915,1.516437076,0.030328742,0.016984095,,,,
2023,18,3918003,2.11030543,,,,8.666176675,0.059822348,0.00364,0.888707222,0.010272097,0.005752374,,,,
2023,18,9614,0.51755988,,,,2.062996217,0.017770672,0.00124029,0.205640826,0.00318677,0.001784591,,,,
2023,18,3122154,0.90099781,,,,3.426873846,0.021202525,0.001479813,0.432251337,0.003763651,0.002107644,,,,
2023,18,4035020,2.25607229,,,,8.918040171,0.083897256,0.003106254,0.865614029,0.010005175,0.005602898,,,,
2023,18,4212909,1.60110342,,,,6.843799499,0.056085651,0.002684906,0.587693895,0.011753878,0.006582172,,,,
2023,18,3040569,1.83193801,,,,8.535078841,0.041732725,0.002912702,0.67058464,0.013411693,0.007510548,,,,
2023,18,4362523,3.70138935,,,,16.37471582,0.083450546,0.005407701,1.572272935,0.018173071,0.01017692,,,,
2023,18,4250764,2.04545904,,,,8.160601309,0.073102875,0.002675968,0.795484658,0.009194586,0.005148968,,,,
2023,18,2978109,0.98159687,,,,3.943915399,0.041207586,0.005751876,0.334284433,0.00532979,0.002984683,,,,
2023,18,3923392,1.93822956,,,,7.711068994,0.053607268,0.002318785,0.851606142,0.009843265,0.005512228,,,,
2023,18,3051889,6.19716559,,,,27.61285835,0.124971904,0.005943148,2.721814186,0.04357514,0.024402078,,,,
2023,18,4034779,0.53089083,,,,2.061247809,0.021533199,0.001030827,0.195982472,0.002265258,0.001268544,,,,
2023,18,2578533,5.88304189,,,,27.21362989,0.155391164,0.005753279,2.265573816,0.043661125,0.02445023,,,,
2023,18,2508256,1.070127,,,,3.921248297,0.043241963,0.003111166,0.41828381,0.005446207,0.003049876,,,,
2023,18,4360290,3.29020934,,,,12.99314139,0.126583437,0.004686688,1.237665991,0.014305527,0.008011095,,,,
2023,18,4372505,0.54656213,,,,2.139899249,0.020904107,0.001000711,0.207772257,0.00240153,0.001344857,,,,
2023,18,3929914,1.72024737,1.104079424,0.00678079,0.000375746,5.572634937,0.040629599,0.00208624,0.772623899,0.009051756,0.004836538,,,,
2023,18,3916204,5.90568342,,,,30.18910237,0.083481923,0.00709,2.356964832,0.047139297,0.026398006,,,,
2023,18,4241588,1.13693476,,,,5.252119509,0.026613318,0.001799722,0.458471415,0.009169428,0.00513488,,,,
2023,18,4044144,3.4842562,,,,15.4630822,0.060692462,0.003754359,1.58633619,0.018335621,0.010267948,,,,
2023,18,2975863,0.58165859,,,,2.474459443,0.018010136,0.001260231,0.226494446,0.00261793,0.001466041,,,,
2023,18,4242504,5.49199393,,,,26.9779703,0.14617906,0.010228652,1.939074507,0.03878149,0.021717634,,,,
2023,18,3929924,1.84584561,,,,9.119686638,0.001868926,0.000111426,0.934249862,0.0107985,0.00604716,,,,
2023,18,3127586,4.29486214,18.83107543,0.142885767,0.0030434,5.755950708,0.036220066,0.00134103,0.782915255,0.032683929,0.015511791,,,,
2023,18,2310331,2.7593421,,,,12.67558684,0.040919629,0.00249,1.263405446,0.020226608,0.011326901,,,,
2023,18,3120980,2.8252568,,,,12.54219392,0.07644363,0.0028,1.13152417,0.022630483,0.012673071,,,,
2023,18,2576399,0.49837951,,,,1.959960275,0.016556228,0.000606,0.204418007,0.00236276,0.001323145,,,,
2023,18,3049290,1.93732306,,,,7.957391138,0.059741395,0.00301,0.78706451,0.009097262,0.005094467,,,,
2023,18,4057082,0.43805278,,,,2.110014062,0.008476941,0.00042704,0.179256181,0.003585124,0.002007669,,,,
