fum,fum_lost,pass_2pt,pass_int,pass_td,pass_yd,rush_td,rush_yd,season,week,sleeper_id,has_projection,rush_2pt,bonus_rec_rb,rec,rec_td,rec_yd,bonus_rec_te,rec_2pt,bonus_rec_wr
0.7,0.25,0.19,0.81,2.25,305.8,0.01,4.02,2022,1,421,True,,,,,,,,
0.63,0.3,0.13,0.86,2.06,278.52,0.38,38.91,2022,1,4984,True,,,,,,,,
0.62,0.2,0.07,0.72,1.75,258.41,0.1,10.9,2022,1,2306,True,,,,,,,,
0.61,0.26,0.07,0.97,1.19,218.38,0.24,38.76,2022,1,2307,True,,,,,,,,
0.6,0.27,0.07,0.81,1.65,255.07,0.06,11.97,2022,1,7527,True,,,,,,,,
0.38,0.19,0.19,0.44,2.19,271.5,0.12,7.0,2022,1,96,True,,,,,,,,
0.65,0.28,0.07,1.06,1.81,264.19,0.06,12.54,2022,1,3161,True,,,,,,,,
0.62,,,0.97,1.45,247.05,0.05,6.08,2022,1,3257,True,,,,,,,,
0.61,0.25,0.18,0.52,2.4,310.31,0.2,21.81,2022,1,4046,True,,,,,,,,
0.77,0.28,0.07,0.91,1.57,250.13,0.09,9.7,2022,1,4892,True,,,,,,,,
0.89,0.29,0.07,0.99,1.39,228.87,0.15,21.51,2022,1,5870,True,,,,,,,,
0.61,0.2,0.07,0.89,1.31,216.4,0.25,38.03,2022,1,7591,True,0.06,,,,,,,
1.05,0.26,,0.85,1.48,248.07,0.05,3.42,2022,1,19,True,,,,,,,,
0.66,0.26,0.13,0.72,2.05,284.75,0.03,3.75,2022,1,2028,True,,,,,,,,
0.59,0.26,0.07,0.7,1.88,275.32,0.01,3.68,2022,1,24,True,,,,,,,,
0.64,0.28,0.07,0.89,1.78,260.86,0.1,6.4,2022,1,3163,True,,,,,,,,
0.59,0.31,0.07,0.99,1.47,232.48,0.22,18.16,2022,1,3976,True,,,,,,,,
0.6,0.24,0.18,0.61,2.37,310.38,0.2,22.05,2022,1,6797,True,0.07,,,,,,,
0.74,0.32,0.14,0.81,1.68,251.73,0.17,21.21,2022,1,7523,True,,,,,,,,
0.5,0.19,0.06,0.72,1.8,271.97,0.12,13.29,2022,1,6768,True,,,,,,,,
0.72,0.32,0.13,0.73,2.14,286.64,0.04,5.96,2022,1,1166,True,,,,,,,,
0.64,0.26,0.13,0.78,2.13,267.58,0.18,14.04,2022,1,3294,True,,,,,,,,
0.63,0.26,0.12,0.65,1.67,264.03,0.37,41.94,2022,1,5849,True,0.07,,,,,,,
0.48,0.18,0.12,0.7,2.21,283.08,0.15,12.11,2022,1,6770,True,,,,,,,,
0.53,0.25,0.12,0.76,1.31,214.21,0.38,47.52,2022,1,7610,True,0.06,,,,,,,
0.53,0.19,0.13,0.7,1.61,228.83,0.15,15.87,2022,1,1049,True,,,,,,,,
0.3,0.12,0.18,0.6,2.39,300.71,0.06,2.08,2022,1,167,True,,,,,,,,
0.7,0.31,0.13,0.78,1.61,247.67,0.33,57.46,2022,1,4881,True,0.06,,,,,,,
0.57,0.26,0.13,0.68,1.62,250.78,0.41,47.72,2022,1,6904,True,0.06,,,,,,,
0.51,0.21,0.06,0.92,1.34,226.12,0.12,9.5,2022,1,7585,True,,,,,,,,
,0.23,,0.75,1.1,205.0,0.1,12.45,2022,1,1373,True,,,,,,,,
0.59,0.27,0.13,0.57,1.8,265.0,0.11,18.38,2022,1,1234,True,,,,,,,,
,,,,,,0.13,17.59,2022,1,8138,True,,2.48,2.48,0.06,17.56,,,
0.1,0.05,,,,,0.33,47.93,2022,1,6130,True,,2.23,2.23,0.06,16.15,,,
,,,,,,0.02,1.8,2022,1,7771,True,,0.06,0.06,,0.42,,,
0.04,,,,,,0.17,34.01,2022,1,5916,True,,2.23,2.23,0.05,15.41,,,
,,,,,,0.3,23.62,2022,1,6845,True,,0.85,0.85,0.12,6.14,,,
0.12,0.05,,,,,0.58,65.55,2022,1,6938,True,,2.0,2.0,0.1,15.3,,,
,,,,,,0.02,5.08,2022,1,8150,True,,0.4,0.4,0.03,3.11,,,
,,,,,,,3.43,2022,1,1386,True,,1.25,1.25,0.05,8.2,,,
,,,,,,0.1,12.19,2022,1,2161,True,,1.89,1.89,0.07,14.56,,,
0.08,,,,,,0.34,43.15,2022,1,2431,True,,2.04,2.04,0.03,13.55,,,
,,,,,,,0.23,2022,1,3354,True,,,,,,,,
,,,,,,,0.41,2022,1,3832,True,,,0.57,0.05,6.39,,,
0.15,0.08,,,,,0.62,74.92,2022,1,4034,True,,5.74,5.74,0.25,43.23,,,
0.11,0.06,,,,,0.24,35.45,2022,1,4098,True,,2.79,2.79,0.12,23.75,,,
0.05,0.04,,,,,0.13,33.11,2022,1,4149,True,,1.92,1.92,0.06,12.9,,,
0.01,,,,,,0.02,5.09,2022,1,5549,True,,0.91,0.91,0.03,6.43,,,
,0.01,,,,,0.05,15.78,2022,1,5995,True,,1.68,1.68,0.02,13.15,,,
,,,,,,,,2022,1,6202,True,,,0.27,,2.39,,,
,,,,,,,0.26,2022,1,6379,True,,,,,,,,
,,,,,,0.03,4.01,2022,1,6659,True,,0.37,0.37,,2.57,,,
,,,,,,0.11,13.02,2022,1,6951,True,,1.15,1.15,0.03,7.63,,,
0.12,0.07,,,,,0.28,53.41,2022,1,7543,True,,3.46,3.46,0.13,27.71,,,
,,,,,,,0.41,2022,1,8025,True,,,,,,,,
,,,,,,0.04,4.71,2022,1,8123,True,,0.27,0.27,,1.82,,,
,,,,,,0.11,20.08,2022,1,8139,True,,0.31,0.31,0.01,2.7,,,
,,,,,,,1.53,2022,1,8181,True,,,0.37,,3.0,0.37,,
,,,,,,0.09,16.56,2022,1,8205,True,,0.5,0.5,0.02,3.75,,,
0.05,,,,,,0.21,32.68,2022,1,956,True,,1.5,1.5,0.02,11.04,,,
,,,,,,0.03,7.7,2022,1,1034,True,,0.9,0.9,0.02,5.95,,,
,,,,,,0.16,22.93,2022,1,1387,True,,3.27,3.27,0.05,22.79,,,
0.13,0.06,,,,,0.61,70.21,2022,1,3969,True,,3.51,3.51,0.12,24.77,,,
0.11,0.06,,,,,0.64,74.07,2022,1,4018,True,0.06,3.04,3.04,0.13,23.53,,,
0.12,0.07,,,,,0.32,46.83,2022,1,5000,True,,3.99,3.99,0.1,29.74,,,
,,,,,,0.13,21.9,2022,1,5122,True,,1.07,1.07,0.01,7.01,,,
,,,,,,0.11,23.89,2022,1,5284,True,,1.8,1.8,,10.76,,,
0.12,0.06,,,,,0.43,57.34,2022,1,5850,True,,2.15,2.15,0.06,15.84,,,
0.11,0.06,,,,,0.22,44.24,2022,1,5967,True,,2.8,2.8,0.07,20.27,,,
,,,,,,0.04,4.35,2022,1,6156,True,,0.14,0.14,,1.02,,,
0.17,0.06,,,,,0.88,98.25,2022,1,6813,True,0.12,2.73,2.73,0.12,21.78,,,
0.12,0.06,,,,,0.5,72.96,2022,1,7561,True,,1.61,1.61,0.05,12.91,,,
,,,,,,0.33,56.1,2022,1,8129,True,,1.85,1.85,0.05,12.99,,,
,,,,,,0.02,7.09,2022,1,8189,True,,0.7,0.7,0.03,5.3,,,
,,,,,,0.17,21.06,2022,1,1833,True,,1.02,1.02,0.04,7.46,,,
,,,,,,0.11,16.76,2022,1,4147,True,,1.46,1.46,0.05,10.81,,,
0.11,0.05,,,,,0.43,59.34,2022,1,6820,True,,2.3,2.3,0.06,16.27,,,
,,,,,,,0.81,2022,1,7087,True,,,,,,,,
,,,,,,,3.45,2022,1,7551,True,,0.23,0.23,,1.64,,,
,,,,,,0.11,22.98,2022,1,7567,True,,1.78,1.78,0.04,14.01,,,
0.11,0.07,,,,,0.16,35.91,2022,1,7607,True,,2.68,2.68,0.12,20.79,,,
,,,,,,0.01,1.0,2022,1,7809,True,,0.1,0.1,,0.7,,,
,,,,,,,0.9,2022,1,1379,True,,,1.74,0.1,15.5,,,
0.13,0.07,,,,,0.25,41.87,2022,1,1535,True,,2.86,2.86,0.15,23.63,,,
,,,,,,,0.34,2022,1,2073,True,,,0.25,,2.04,,,
,,,,,,0.04,8.1,2022,1,2399,True,,1.7,1.7,0.06,15.1,,,
0.28,0.11,,,,,0.91,100.53,2022,1,3198,True,0.08,2.03,2.03,0.07,17.97,,,
0.1,0.03,,,,,0.11,29.33,2022,1,3242,True,,1.2,1.2,0.06,8.91,,,
,,,,,,0.14,18.51,2022,1,3664,True,,2.77,2.77,0.11,21.67,,,
0.24,0.12,,,,,0.68,77.95,2022,1,4029,True,0.06,3.25,3.25,0.13,26.45,,,
0.14,0.08,,,,,0.52,65.4,2022,1,4035,True,0.07,4.35,4.35,0.2,36.52,,,
0.01,,,,,,0.06,7.12,2022,1,4111,True,,0.14,0.14,,1.08,,,
0.21,0.15,,,,,0.51,68.47,2022,1,4866,True,,4.48,4.48,0.14,30.67,,,
,,,,,,0.07,14.69,2022,1,5536,True,,2.31,2.31,0.1,15.8,,,
0.13,0.06,,,,,0.33,57.18,2022,1,5892,True,,2.71,2.71,0.12,11.37,,,
0.03,,,,,,0.14,25.89,2022,1,5987,True,,0.97,0.97,0.03,7.4,,,
,,,,,,0.05,8.26,2022,1,6984,True,,,,,,,,
,,,,,,0.01,0.89,2022,1,6996,True,,0.16,0.16,,1.37,,,
,,,,,,0.0,0.05,2022,1,7021,True,,0.33,0.33,,2.52,,,
,,,,,,0.11,18.56,2022,1,7045,True,,1.0,1.0,0.2,7.2,,,
,,,,,,0.02,1.82,2022,1,7529,True,,0.07,0.07,,0.37,,,
0.03,,,,,,0.11,22.78,2022,1,7608,True,,0.92,0.92,0.01,7.53,,,
,,,,,,0.01,14.13,2022,1,2359,True,,2.24,2.24,0.16,18.88,,,
,,,,,,,2.6,2022,1,2471,True,,,0.65,,4.53,,,
,,,,,,0.33,45.45,2022,1,2749,True,,1.48,1.48,0.04,12.47,,,
0.13,0.07,,,,,0.52,61.66,2022,1,3164,True,0.06,3.06,3.06,0.07,22.16,,,
,0.01,,,,,0.06,13.49,2022,1,3312,True,,0.71,0.71,0.02,5.66,,,
0.12,0.06,,,,,0.49,59.08,2022,1,4199,True,,4.17,4.17,0.2,31.39,,,
,,,,,,,0.42,2022,1,4353,True,,,0.51,,4.1,,,
,,,,,,0.08,13.16,2022,1,4455,True,,0.52,0.52,,4.24,,,
,,,,,,0.01,1.43,2022,1,4718,True,,0.31,0.31,,2.2,,,
0.12,0.06,,,,,0.67,80.08,2022,1,4988,True,0.06,1.31,1.31,0.05,10.08,,,
,,,,,,0.05,3.45,2022,1,6039,True,,0.2,0.2,0.02,1.38,,,
0.1,0.06,,,,,0.28,50.85,2022,1,6151,True,,1.69,1.69,0.05,12.57,,,
0.19,0.14,,,,,0.43,58.11,2022,1,6790,True,,4.6,4.6,0.19,37.83,,,
0.11,0.05,,,,,0.39,52.0,2022,1,6828,True,0.05,2.18,2.18,0.08,17.38,,,
0.13,0.07,,,,,0.47,72.67,2022,1,7528,True,0.05,4.2,4.2,0.14,30.3,,,
0.11,0.06,,,,,0.31,42.27,2022,1,7611,True,0.05,2.4,2.4,0.07,16.84,,,
,,,,,,0.06,6.75,2022,1,7720,True,,0.32,0.32,,2.19,,,
,,,,,,,0.33,2022,1,7852,True,,,,,,,,
,,,,,,,0.41,2022,1,8143,True,,,,,,,,
0.1,0.05,,,,,0.33,52.26,2022,1,8155,True,,1.62,1.62,0.04,12.91,,,
,,,,,,0.13,14.0,2022,1,8228,True,,0.65,0.65,,4.95,,,
,,,,,,,0.28,2022,1,8820,True,,,,,,,,
0.12,0.06,,,,,0.6,66.04,2022,1,4137,True,0.06,3.12,3.12,0.12,23.51,,,
0.13,0.07,,,,,0.58,72.55,2022,1,4663,True,,4.91,4.91,0.28,42.27,,,
0.02,,,,,,0.1,11.67,2022,1,4962,True,,0.21,0.21,,1.55,,,
,,,,,,0.09,16.28,2022,1,5347,True,,3.54,3.54,0.18,27.18,,,
0.11,0.06,,,,,0.44,51.53,2022,1,5890,True,0.06,1.04,1.04,0.04,7.76,,,
0.03,,,,,,0.06,6.85,2022,1,5980,True,,0.75,0.75,0.05,5.58,,,
,,,,,,,1.35,2022,1,6109,True,,,0.49,,5.14,,,
0.11,0.05,,,,,0.36,52.66,2022,1,6945,True,0.05,3.03,3.03,0.09,23.92,,,
0.08,0.07,,,,,0.21,29.61,2022,1,6955,True,,1.3,1.3,0.05,9.81,,,
0.06,,,,,,0.06,10.54,2022,1,7594,True,,0.71,0.71,,5.34,,,
,,,,,,0.02,3.62,2022,1,7609,True,,2.68,2.68,0.12,21.0,,,
,,,,,,0.04,4.36,2022,1,7794,True,,0.4,0.4,0.02,3.0,,,
,,,,,,0.11,24.39,2022,1,8136,True,,1.09,1.09,0.01,8.16,,,
,,,,,,,2.1,2022,1,8408,True,,0.1,0.1,,0.84,,,
,,,,,,,0.68,2022,1,8428,True,,,0.26,,2.77,,,
0.11,0.08,,,,,0.4,58.87,2022,1,4985,True,0.06,1.27,1.27,0.04,9.31,,,
,,,,,,,,2022,1,6323,True,,,0.79,,6.31,0.79,0.14,
,,,,,,0.1,14.6,2022,1,6931,True,,1.19,1.19,,8.76,,,
0.16,0.11,,,,,0.47,63.06,2022,1,7588,True,,2.61,2.61,0.12,19.81,,,
0.1,0.05,,,,,0.3,42.98,2022,1,2320,True,,1.62,1.62,0.1,11.64,,,
,,,,,,0.08,15.0,2022,1,6012,True,,1.37,1.37,0.05,10.11,,,
,,,,,,,2.99,2022,1,5209,True,,0.33,0.33,,1.83,,,
0.06,0.06,,,,,,,2022,1,2449,True,,,6.49,0.56,79.61,,0.06,6.49
,,,,,,0.01,5.5,2022,1,4197,True,,,3.78,0.23,37.4,,,3.78
,,,,,,,,2022,1,2410,True,,,1.67,0.11,17.56,,,1.67
0.06,0.06,,,,,,0.82,2022,1,6943,True,,,4.37,0.41,61.33,,0.06,4.37
,,,,,,,,2022,1,7562,True,,,1.64,0.14,21.95,,,1.64
0.07,0.07,,,,,,,2022,1,1992,True,,,5.02,0.47,65.05,,0.07,5.02
0.06,0.06,,,,,,2.04,2022,1,4039,True,,,7.04,0.66,92.85,,0.06,7.04
,,,,,,,,2022,1,7757,True,,,2.01,0.2,21.29,,,2.01
0.06,0.06,,,,,,,2022,1,2133,True,,,6.33,0.51,77.35,,0.06,6.33
,,,,,,,,2022,1,2319,True,,,4.19,0.35,56.88,,,4.19
,,,,,,,0.4,2022,1,2750,True,,,0.32,0.04,4.38,,,0.32
,,,,,,,,2022,1,5086,True,,,3.17,0.41,51.04,,,3.17
0.07,0.07,,,,,,1.42,2022,1,5848,True,,,4.89,0.43,69.76,,,4.89
,,,,,,,,2022,1,5970,True,,,2.34,0.23,33.88,,,2.34
,,,,,,,,2022,1,6069,True,,,0.13,,1.02,,,0.13
,,,,,,,0.56,2022,1,6798,True,,,0.71,0.04,8.7,,,0.71
0.06,0.06,,,,,,1.99,2022,1,6803,True,,,3.86,0.39,55.81,,0.06,3.86
0.11,0.06,,,,,,1.98,2022,1,7526,True,,,5.0,0.41,65.27,,0.06,5.0
0.07,0.07,,,,,0.01,4.59,2022,1,7547,True,,,5.42,0.37,59.05,,0.07,5.42
,,,,,,,,2022,1,8013,True,,,0.23,,1.97,,,0.23
0.06,0.05,,,,,,,2022,1,8112,True,,,4.12,0.29,50.1,,0.06,4.12
0.04,0.04,,,,,,,2022,1,8135,True,,,2.85,0.23,37.32,,0.04,2.85
,,,,,,,,2022,1,8168,True,,,2.78,0.28,36.67,,,2.78
,,,,,,,,2022,1,928,True,,,4.0,0.32,41.24,,,4.0
,,,,,,,,2022,1,947,True,,,4.42,0.36,55.29,,,4.42
0.06,0.06,,,,,,,2022,1,1479,True,,,6.9,0.48,75.24,,0.06,6.9
0.06,0.1,,,,,0.1,2.18,2022,1,1825,True,,,4.27,0.35,45.85,,,4.27
0.07,0.06,,,,,,,2022,1,3199,True,,,5.33,0.4,60.69,,0.07,5.33
0.06,0.07,,,,,,1.32,2022,1,3423,True,,,3.14,0.25,39.5,,,3.14
,,,,,,,,2022,1,3652,True,,,0.33,0.03,3.27,,,0.33
0.06,0.06,,,,,,2.11,2022,1,4040,True,,,5.43,0.42,60.24,,0.06,5.43
,,,,,,,,2022,1,4171,True,,,2.7,0.24,36.6,,,2.7
,,,,,,,,2022,1,4177,True,,,1.79,0.26,26.53,,,1.79
,,,,,,,,2022,1,4218,True,,,0.46,,4.78,,,0.46
,,,,,,,0.25,2022,1,4319,True,,,0.69,0.03,7.8,,,0.69
0.06,0.06,,,,,,4.97,2022,1,4983,True,,,4.97,0.3,65.54,,0.06,4.97
0.06,0.06,,,,,,1.12,2022,1,5113,True,,,2.89,0.24,35.66,,,2.89
,,,,,,0.07,5.53,2022,1,5121,True,,,3.23,0.2,33.64,,,3.23
,,,,,,,,2022,1,5374,True,,,0.33,0.05,3.44,,,0.33
,,,,,,,,2022,1,5432,True,,,0.94,0.06,10.07,,,0.94
0.06,0.06,,,,,,2.64,2022,1,5859,True,,,5.02,0.5,74.35,,0.06,5.02
,,,,,,,,2022,1,6557,True,,,0.32,0.03,3.93,,,0.32
,,,,,,,,2022,1,7565,True,,,1.87,0.11,22.42,,,1.87
,,,,,,,,2022,1,7595,True,,,0.24,0.02,2.97,,,0.24
0.07,0.07,,,,1.14,0.06,5.68,2022,1,7606,True,,,4.08,0.25,46.71,,0.07,4.08
,,,,,,,,2022,1,7812,True,,,0.82,0.06,9.01,,,0.82
,,,,,,,,2022,1,8142,True,,,3.32,0.25,38.64,,,3.32
,,,,,,,,2022,1,2331,True,,,0.21,0.02,3.02,,,0.21
,,,,,,,0.73,2022,1,3634,True,,,1.06,0.06,11.51,,,1.06
0.05,0.05,,,,,,0.55,2022,1,4037,True,,,3.76,0.35,49.46,,0.05,3.76
,,,,,,,2.28,2022,1,4198,True,,,0.92,0.05,10.37,,,0.92
,,,,,,,,2022,1,4234,True,,,4.01,0.28,44.02,,,4.01
,,,,,,,,2022,1,4992,True,,,0.19,,2.07,,,0.19
0.06,0.05,,,,,,,2022,1,5110,True,,,3.96,0.32,47.6,,,3.96
,,,,,,,,2022,1,5323,True,,,2.63,0.2,28.88,,,2.63
,,,,,,,,2022,1,5915,True,,,1.21,0.1,16.79,,,1.21
0.06,0.06,,,,0.7,,0.43,2022,1,5947,True,,,4.1,0.25,43.38,,,4.1
0.06,0.06,,,,,,1.19,2022,1,5955,True,,,5.08,0.38,53.09,,0.06,5.08
,,,,,,,0.72,2022,1,6824,True,,,3.03,0.27,45.26,,,3.03
,,,,,,,0.63,2022,1,7533,True,,,0.85,0.09,12.93,,,0.85
,,,,,,,,2022,1,7559,True,,,0.49,0.05,5.52,,,0.49
0.06,0.06,,,,,,2.7,2022,1,7564,True,,,5.77,0.66,88.39,,0.06,5.77
0.04,0.04,,,,,,,2022,1,8146,True,,,2.3,0.14,27.44,,0.04,2.3
,,,,,,,,2022,1,8180,True,,,0.14,,1.3,,,0.14
0.06,0.07,,,,,,,2022,1,1689,True,,,4.9,0.43,56.38,,0.06,4.9
,,,,,,,,2022,1,3328,True,,,1.04,0.03,14.26,,,1.04
0.06,0.06,,,,,,,2022,1,4068,True,,,5.01,0.52,71.05,,0.06,5.01
,,,,,,,0.6,2022,1,4080,True,,,3.34,0.21,40.01,,,3.34
0.06,0.06,,,,,,,2022,1,4131,True,,,2.9,0.26,41.89,,0.06,2.9
,,,,,1.02,,2.64,2022,1,4454,True,,,1.79,0.17,22.44,,,1.79
0.08,0.07,,,,,,1.44,2022,1,4950,True,,,4.88,0.34,59.37,,0.08,4.88
,,,,,,,,2022,1,5199,True,,,3.29,0.19,39.72,,,3.29
,,,,,,,,2022,1,5965,True,,,0.22,,2.05,,,0.22
,,,,,,,,2022,1,6154,True,,,0.05,,0.4,,,0.05
,,,,,,,0.4,2022,1,6271,True,,,1.74,0.13,23.01,,,1.74
,,,,,,,1.26,2022,1,6421,True,,,1.17,0.13,18.64,,,1.17
0.06,0.06,,,,,,3.62,2022,1,6886,True,,,3.27,0.25,44.47,,0.06,3.27
,,,,,,,,2022,1,6957,True,,,2.03,0.13,23.32,,,2.03
0.06,0.06,,,,,,2.39,2022,1,7090,True,,,4.38,0.3,58.93,,0.06,4.38
,,,,,,,,2022,1,7496,True,,,3.85,0.24,49.41,,,3.85
,,,,,,,0.72,2022,1,7540,True,,,0.99,0.08,11.98,,,0.99
0.06,0.06,,,,,,,2022,1,7571,True,,,4.87,0.38,59.89,,0.06,4.87
,,,,,,,1.13,2022,1,7670,True,,,3.49,0.3,45.43,,,3.49
0.04,0.03,,,,,,,2022,1,8118,True,,,1.98,0.1,21.73,,,1.98
,,,,,,,,2022,1,8137,True,,,3.32,0.28,42.74,,,3.32
,,,,,,,,2022,1,8167,True,,,0.99,0.08,11.55,,,0.99
,,,,,,,,2022,1,8171,True,,,1.46,0.06,13.54,,,1.46
,,,,,,,,2022,1,830,True,,,4.3,0.33,58.53,,,4.3
0.07,0.07,,,,,,,2022,1,1067,True,,,3.37,0.28,41.04,,,3.37
,,,,,,,,2022,1,1817,True,,,4.32,0.34,53.04,,,4.32
0.06,0.06,,,,,,1.61,2022,1,2197,True,,,4.97,0.29,61.11,,0.06,4.97
0.06,0.06,,,,,,,2022,1,2309,True,,,4.41,0.42,56.3,,0.06,4.41
,,,,,,,,2022,1,2334,True,,,1.45,0.09,15.63,,,1.45
,,,,,,,,2022,1,3200,True,,,3.43,0.23,36.86,,,3.43
0.06,0.06,,,,,,1.18,2022,1,3225,True,,,4.55,0.36,51.09,,,4.55
,,,,,,,,2022,1,3269,True,,,1.68,0.12,21.72,,,1.68
0.06,0.06,,,,,0.06,5.64,2022,1,3321,True,,,5.38,0.44,73.2,,0.06,5.38
,,,,,,0.03,5.07,2022,1,4082,True,,,3.16,0.2,37.29,,0.06,3.16
,,,,,,,,2022,1,4420,True,,,0.27,,2.52,,,0.27
,,,,,,,,2022,1,5154,True,,,0.35,,3.75,,,0.35
,,,,,,,,2022,1,5773,True,,,1.17,0.14,16.1,,,1.17
0.12,0.06,,,,0.81,0.17,22.99,2022,1,5872,True,,,4.13,0.35,57.56,,0.06,4.13
0.06,0.07,,,,,0.07,5.45,2022,1,5917,True,,,3.63,0.28,43.48,,,3.63
0.06,0.06,,,,,,1.29,2022,1,5927,True,,,5.42,0.4,73.27,,0.06,5.42
,,,,,,,,2022,1,6427,True,,,0.94,0.06,12.52,,,0.94
0.06,0.06,,,,0.78,,1.98,2022,1,6794,True,,,6.52,0.58,93.21,,0.06,6.52
0.06,0.06,,,,,,,2022,1,6801,True,,,5.33,0.5,71.85,,0.06,5.33
,,,,,,,4.47,2022,1,6847,True,,,3.18,0.18,32.96,,,3.18
,,,,,,,,2022,1,6870,True,,,2.79,0.26,39.03,,,2.79
,,,,,,,,2022,1,6895,True,,,0.46,0.03,6.52,,,0.46
0.03,0.03,,,,,,,2022,1,6989,True,,,0.61,0.06,7.3,,0.03,0.61
,,,,,,,0.55,2022,1,7066,True,,,3.42,0.26,43.32,,,3.42
0.06,0.06,,,,,,3.33,2022,1,7596,True,,,4.36,0.35,54.05,,0.06,4.36
,,,,,,,,2022,1,7944,True,,,0.24,,2.38,,,0.24
,,,,,,,,2022,1,8119,True,,,3.63,0.27,43.82,,,3.63
,,,,,,,,2022,1,8663,True,,,0.23,,3.44,,,0.23
,,,,,,,,2022,1,8801,True,,,0.63,0.05,5.86,,,0.63
0.07,0.06,,,,,0.02,3.23,2022,1,1352,True,,,4.97,0.39,58.46,,,4.97
0.06,0.06,,,,,,0.4,2022,1,2216,True,,,5.03,0.61,72.84,,0.06,5.03
0.09,0.12,,,,,,1.06,2022,1,2325,True,,,2.34,0.22,35.28,,,2.34
,,,,,,,,2022,1,3286,True,,,0.81,0.06,9.55,,,0.81
,,,,,,,,2022,1,4036,True,,,2.69,0.26,39.06,,0.07,2.69
0.07,0.09,,,,,,,2022,1,4951,True,,,3.89,0.38,56.31,,0.07,3.89
,,,,,,,0.31,2022,1,5096,True,,,0.4,0.04,4.02,,,0.4
,,,,,,,,2022,1,5880,True,,,3.29,0.3,45.67,,,3.29
0.13,0.06,,,,,,3.26,2022,1,5937,True,,,5.9,0.4,65.16,,0.07,5.9
,,,,,,,4.64,2022,1,6063,True,,,0.75,0.11,10.57,,,0.75
,,,,,,,1.2,2022,1,6234,True,,,0.9,0.11,12.9,,,0.9
0.06,0.06,,,,,,5.53,2022,1,6786,True,,,5.53,0.59,77.93,,0.06,5.53
0.06,0.06,,,,,,2.07,2022,1,6819,True,,,5.54,0.47,69.68,,0.06,5.54
,,,,,,,0.29,2022,1,6927,True,,,2.66,0.18,36.63,,,2.66
,,,,,,,,2022,1,7049,True,,,2.45,0.25,27.99,,,2.45
0.06,0.06,,,,,,0.31,2022,1,7525,True,,,4.28,0.31,58.44,,0.06,4.28
0.08,0.09,,,,,,,2022,1,7569,True,,,4.22,0.29,52.38,,,4.22
,,,,,,,,2022,1,7587,True,,,0.83,0.04,10.37,,,0.83
,,,,,,,,2022,1,7989,True,,,0.28,,2.73,,,0.28
,,,,,,,,2022,1,8121,True,,,3.37,0.27,40.33,,,3.37
,0.06,,,,,0.07,5.57,2022,1,8126,True,,,2.94,0.25,33.54,,,2.94
0.05,0.05,,,,,,,2022,1,8144,True,,,3.3,0.31,46.8,,0.05,3.3
,,,,,,,,2022,1,8917,True,,,1.65,0.27,21.64,,,1.65
,,,,,,,,2022,1,5902,True,,,0.11,,0.83,,,0.11
0.07,0.07,,,,,,,2022,1,2374,True,,,4.47,0.29,55.0,,0.07,4.47
0.06,0.06,,,,,,1.02,2022,1,5846,True,,,4.17,0.34,61.13,,0.06,4.17
0.07,0.07,,,,,,,2022,1,5045,True,,,4.88,0.53,68.0,,0.07,4.88
0.06,0.06,,,,,,1.76,2022,1,6783,True,,,4.68,0.42,60.69,,0.06,4.68
,,,,,,,,2022,1,8475,True,,,1.29,0.05,11.86,,,1.29
,,,,,,,,2022,1,1346,True,,,0.71,0.06,10.52,,,0.71
,,,,,,,,2022,1,6805,True,,,2.53,0.2,36.92,,,2.53
,,,,,,,2.07,2022,1,7612,True,,,1.71,0.15,18.02,,,1.71
,,,,,,,,2022,1,8527,True,,,0.22,,2.27,,,0.22
,,,,,,,,2022,1,5906,True,,,3.66,0.42,40.86,3.66,0.07,
,,,,,,,,2022,1,6926,True,,,0.47,0.03,3.25,0.47,,
0.07,0.07,,,,,,,2022,1,3271,True,,,3.57,0.3,38.59,3.57,0.07,
0.07,0.07,,,,,,,2022,1,1339,True,,,4.56,0.37,47.62,4.56,0.07,
0.13,0.07,,,,,,,2022,1,1466,True,,,6.35,0.63,77.56,6.35,0.06,
,,,,,,,,2022,1,2214,True,,,2.67,0.28,27.08,2.67,,
,,,,,,,,2022,1,2360,True,,,0.75,0.05,8.67,0.75,,
,,,,,,,,2022,1,2545,True,,,1.51,0.14,11.65,1.51,,
,,,,,,,,2022,1,4033,True,,,3.08,0.26,36.12,3.08,,
,,,,,,,,2022,1,4054,True,,,2.81,0.29,31.17,2.81,,
0.08,0.07,,,,,,,2022,1,5001,True,,,4.91,0.4,51.49,4.91,0.08,
,,,,,,,,2022,1,5008,True,,,1.64,0.16,15.94,1.64,,
0.07,0.07,,,,,,,2022,1,5022,True,,,4.4,0.38,51.05,4.4,0.07,
,,,,,,,,2022,1,6665,True,,,0.65,0.09,7.32,0.65,,
,,,,,,,,2022,1,7002,True,,,1.04,0.26,10.48,1.04,,
,,,,,,,,2022,1,7075,True,,,1.05,0.09,11.05,1.05,,
0.07,0.07,,,,,,,2022,1,7600,True,,,4.23,0.3,41.39,4.23,0.07,
,,,,,,,,2022,1,7828,True,,,1.1,0.09,9.29,1.1,,
,,,,,,,,2022,1,7891,True,,,0.89,0.05,8.54,0.89,,
,,,,,,,,2022,1,8110,True,,,1.16,0.06,11.65,1.16,,
,,,,,,,,2022,1,111,True,,,1.0,0.06,11.85,1.0,,
,,,,,,,,2022,1,1425,True,,,1.2,0.08,12.28,1.2,,
,,,,,,,,2022,1,2251,True,,,2.64,0.23,27.49,2.64,,
0.06,0.06,,,,,,,2022,1,2505,True,,,4.65,0.36,54.56,4.65,0.06,
0.15,0.08,0.07,,0.15,9.11,0.14,5.55,2022,1,4381,True,,,0.74,0.14,5.99,0.74,,
,,,,,,,,2022,1,4741,True,,,1.0,0.05,10.1,1.0,,
,,,,,,,,2022,1,5985,True,,,1.36,0.15,16.57,1.36,,
,,,,,,,,2022,1,6075,True,,,0.2,,1.1,0.2,,
,,,,,,,,2022,1,6126,True,,,3.73,0.28,37.77,3.73,,
0.07,0.08,,,,,,,2022,1,6826,True,,,4.16,0.27,43.13,4.16,,
,,,,,,,,2022,1,6850,True,,,1.7,0.16,18.98,1.7,,
,,,,,,,0.28,2022,1,7216,True,,,,,,,,
,,,,,,,,2022,1,7602,True,,,1.74,0.18,16.67,1.74,,
,,,,,,,,2022,1,2390,True,,,2.01,0.15,19.31,2.01,,
,,,,,,,,2022,1,3202,True,,,3.84,0.32,38.4,3.84,,
,,,,,,,,2022,1,3496,True,,,0.18,,1.16,0.18,,
,,,,,,,,2022,1,4055,True,,,0.84,0.09,9.34,0.84,,
,,,,,,,,2022,1,4066,True,,,2.85,0.16,31.51,2.85,,
,,,,,,,,2022,1,4089,True,,,3.73,0.32,38.46,3.73,,
,,,,,,,,2022,1,4144,True,,,1.92,0.19,20.27,1.92,,
0.07,0.06,,,,,,,2022,1,4993,True,,,3.25,0.24,38.48,3.25,0.07,
0.13,0.07,,,,,,,2022,1,5012,True,,,5.26,0.52,69.9,5.26,0.07,
,,,,,,,,2022,1,5285,True,,,1.12,0.1,12.92,1.12,,
0.08,0.07,,,,,,,2022,1,5844,True,,,4.61,0.37,48.67,4.61,0.08,
,,,,,,,,2022,1,7106,True,,,0.12,,1.12,0.12,,
,,,,,,,,2022,1,7531,True,,,0.58,0.04,6.35,0.58,,
,,,,,,,,2022,1,7694,True,,,1.83,0.15,18.01,1.83,,
,,,,,,,,2022,1,7842,True,,,0.16,,1.26,0.16,,
,,,,,,,,2022,1,8111,True,,,0.48,0.07,5.2,0.48,,
,,,,,,,,2022,1,8197,True,,,0.18,,1.04,0.18,,
,,,,,,,,2022,1,8210,True,,,0.68,0.06,6.29,0.68,,
,,,,,,,,2022,1,2460,True,,,1.85,0.12,18.76,1.85,0.07,
,,,,,,,,2022,1,3048,True,,,0.7,0.05,7.66,0.7,0.25,
0.07,0.07,,,,,,,2022,1,3214,True,,,3.08,0.34,33.24,3.08,0.07,
,,,,,,,,2022,1,4443,True,,,1.15,0.11,9.1,1.15,,
,,,,,,,,2022,1,4602,True,,,2.24,0.21,22.94,2.24,,
,,,,,,,,2022,1,5409,True,,,0.87,,11.7,0.87,0.33,
,,,,,,,,2022,1,5973,True,,,0.26,0.03,2.86,0.26,,
,,,,,,,,2022,1,6001,True,,,1.59,0.13,15.64,1.59,,
,,,,,,,,2022,1,6662,True,,,0.28,,2.11,0.28,,
,,,,,,,,2022,1,6894,True,,,0.13,,0.71,0.13,,
,,,,,,,,2022,1,7050,True,,,1.55,0.16,16.5,1.55,,
,,,,,,,,2022,1,7131,True,,,0.6,0.06,6.39,0.6,,
,,,,,,,,2022,1,7288,True,,,0.2,,1.62,0.2,,
,,,,,,,,2022,1,7535,True,,,0.16,,1.19,0.16,,
,,,,,,,,2022,1,7554,True,,,1.6,0.1,13.8,1.6,,
,,,,,,,,2022,1,7716,True,,,1.93,0.1,21.48,1.93,,
,,,,,,,,2022,1,8131,True,,,1.84,0.18,18.2,1.84,,
,,,,,,,,2022,1,8225,True,,,3.01,0.2,24.24,3.01,,
,,,,,,,,2022,1,2463,True,,,0.37,0.03,3.62,0.37,,
,,,,,,,,2022,1,4314,True,,,0.12,,0.69,0.12,,
,,,,,,,,2022,1,4973,True,,,3.36,0.28,34.96,3.36,,
,,,,,,,,2022,1,4995,True,,,1.17,0.15,12.68,1.17,,
,,,,,,,,2022,1,6018,True,,,0.54,0.03,4.88,0.54,,
,,,,,,,,2022,1,7568,True,,,3.02,0.25,31.02,3.02,,
,,,,,,,,2022,1,8041,True,,,0.2,,2.1,0.2,,
,,,,,,,,2022,1,8484,True,,,0.08,,0.74,0.08,,
,,,,,,,,2022,1,8698,True,,,0.06,,0.38,0.06,,
,,,,,,,,2022,1,4362,True,,,0.24,,2.24,0.24,,
,,,,,,,,2022,1,5133,True,,,2.97,0.22,28.22,2.97,,
,,,,,,,0.26,2022,1,6529,True,,,,,,,,
,,,,,,,,2022,1,6869,True,,,1.97,0.19,21.2,1.97,,
0.13,0.07,,,,,,,2022,1,7553,True,,,4.79,0.31,60.0,4.79,0.07,
,,,,,,,,2022,1,7946,True,,,0.64,,4.26,0.64,,
,,,,,,,,2022,1,8219,True,,,0.49,0.06,5.34,0.49,,
,,,,,,,,2022,1,8665,True,,,0.35,0.04,3.86,0.35,,
,,,,,,,,2022,1,6843,True,,,3.59,0.31,38.0,3.59,,
,,,,,,,,2022,1,6865,True,,,0.25,,2.32,0.25,,
,,,,,,,,2022,1,4189,True,,,0.7,0.1,6.1,0.7,,
0.08,0.08,,,,,,,2022,1,5857,True,,,3.13,0.23,37.39,3.13,,
,,,,,,,,2022,1,5010,True,,,1.31,0.14,12.0,1.31,,
0.74,0.26,0.22,0.8,2.5,303.0,0.2,21.64,2022,2,4046,True,,,,,,,,
0.65,0.26,0.19,0.77,2.28,298.75,0.23,23.98,2022,2,6797,True,0.07,,,,,,,
0.81,0.26,0.06,0.9,1.49,233.0,0.17,23.88,2022,2,5870,True,,,,,,,,
0.7,0.24,0.14,0.9,2.0,283.0,0.07,4.3,2022,2,2028,True,,,,,,,,
0.53,0.28,0.06,0.98,1.47,231.59,0.16,17.86,2022,2,3976,True,,,,,,,,
0.49,0.18,0.12,0.72,2.01,268.66,0.19,11.29,2022,2,6770,True,,,,,,,,
0.63,0.27,0.12,0.78,1.71,260.64,0.43,40.34,2022,2,5849,True,0.07,,,,,,,
0.4,0.16,0.2,0.34,2.1,253.86,0.08,4.84,2022,2,96,True,,,,,,,,
0.63,0.28,0.14,0.78,2.18,287.69,0.19,18.14,2022,2,1234,True,,,,,,,,
,,,0.76,1.07,200.36,0.11,14.97,2022,2,1373,True,,,,,,,,
0.81,0.23,0.22,1.0,2.1,280.0,,2.93,2022,2,421,True,,,,,,,,
,0.25,,0.85,1.06,228.95,0.02,7.66,2022,2,4574,True,,,,,,,,
0.55,0.24,0.06,0.84,1.63,255.02,0.04,7.79,2022,2,7527,True,,,,,,,,
0.59,0.26,0.14,0.76,1.4,208.0,0.34,38.0,2022,2,7610,True,0.06,,,,,,,
0.96,0.32,,1.09,1.2,228.42,0.01,3.17,2022,2,19,True,,,,,,,,
0.65,0.28,0.07,0.9,1.74,250.0,0.06,12.38,2022,2,3161,True,,,,,,,,
0.62,0.28,0.07,0.89,1.87,255.21,0.1,6.33,2022,2,3163,True,,,,,,,,
0.63,,,1.16,1.48,248.58,0.07,11.92,2022,2,3257,True,,,,,,,,
0.69,0.3,0.14,0.78,1.69,256.28,0.3,47.95,2022,2,4881,True,0.05,,,,,,,
0.69,0.32,0.13,0.93,1.46,250.36,0.17,22.12,2022,2,7523,True,,,,,,,,
0.46,0.21,0.06,1.03,1.25,206.8,0.08,7.46,2022,2,7585,True,,,,,,,,
0.3,0.12,0.18,0.65,2.1,275.05,0.06,1.97,2022,2,167,True,,,,,,,,
0.66,0.2,0.07,1.06,1.9,276.73,0.03,3.65,2022,2,2306,True,,,,,,,,
0.5,0.24,0.06,0.91,1.07,199.68,0.21,28.96,2022,2,2307,True,,,,,,,,
0.63,0.27,0.07,0.83,1.86,286.07,,3.49,2022,2,24,True,,,,,,,,
0.75,0.19,0.07,0.75,1.34,217.32,0.1,13.18,2022,2,4892,True,,,,,,,,
0.48,0.18,0.06,0.86,1.74,254.71,0.11,11.58,2022,2,6768,True,,,,,,,,
0.5,0.2,0.05,1.0,1.14,200.59,0.3,37.89,2022,2,7591,True,0.06,,,,,,,
0.62,0.26,0.13,0.8,1.58,245.07,0.54,59.22,2022,2,6904,True,0.08,,,,,,,
0.49,0.21,0.12,0.77,1.4,226.87,0.12,12.56,2022,2,1049,True,,,,,,,,
0.67,0.31,0.12,0.69,2.0,254.42,0.06,5.8,2022,2,1166,True,,,,,,,,
0.75,0.32,0.15,0.92,2.3,287.0,0.37,36.77,2022,2,4984,True,,,,,,,,
,,,,,,,,2022,2,8428,True,,,0.69,,7.47,,,
,,,,,,0.16,19.96,2022,2,2161,True,,1.82,1.82,0.08,14.18,,,
,,,,,,,1.04,2022,2,2471,True,,,0.08,,0.57,,,
,,,,,,0.14,26.02,2022,2,8205,True,,0.75,0.75,0.03,5.63,,,
0.12,0.06,,,,,0.52,63.0,2022,2,4663,True,,4.11,4.11,0.3,35.41,,,
,,,,,,0.12,18.18,2022,2,7045,True,,0.93,0.93,,7.0,,,
0.03,,,,,,0.11,14.37,2022,2,4962,True,,0.29,0.29,,2.09,,,
0.12,0.06,,,,,0.42,53.0,2022,2,6820,True,,2.28,2.28,0.06,16.14,,,
,,,,,,0.22,33.4,2022,2,1387,True,,3.05,3.05,0.11,21.73,,,
0.02,,,,,,0.08,10.79,2022,2,2431,True,,0.42,0.42,0.02,3.08,,,
0.17,0.02,,,,,0.17,49.62,2022,2,3242,True,,1.79,1.79,0.09,13.25,,,
,,,,,,,1.99,2022,2,3312,True,,0.23,0.23,,1.86,,,
,,,,,,0.07,9.71,2022,2,4147,True,,1.68,1.68,0.05,12.46,,,
,,,,,,,0.42,2022,2,4353,True,,,0.52,,4.13,,,
0.12,0.06,,,,,0.29,46.41,2022,2,5000,True,,3.67,3.67,0.07,27.45,,,
,,,,,,0.05,3.27,2022,2,6039,True,,0.5,0.5,0.05,3.47,,,
,,,,,,0.04,4.57,2022,2,6156,True,,0.36,0.36,,2.68,,,
0.12,0.07,,,,,0.44,56.0,2022,2,6828,True,0.06,2.16,2.16,0.05,20.0,,,
,,,,,,0.0,0.64,2022,2,6931,True,,0.13,0.13,,0.89,,,
0.09,0.04,,,,,0.27,33.05,2022,2,6938,True,,2.04,2.04,0.04,15.11,,,
,,,,,,,0.77,2022,2,7087,True,,,,,,,,
0.07,,,,,,0.06,10.39,2022,2,7594,True,,1.04,1.04,,7.86,,,
0.12,0.07,,,,,0.24,44.0,2022,2,7607,True,,2.94,2.94,0.14,22.73,,,
,,,,,,0.04,5.44,2022,2,7771,True,,0.2,0.2,,1.52,,,
0.05,0.04,,,,,0.17,26.85,2022,2,8151,True,,0.61,0.61,0.03,4.64,,,
,,,,,,,0.27,2022,2,8181,True,,,0.07,,0.53,0.07,,
,,,,,,,2.0,2022,2,8189,True,,0.61,0.61,0.03,4.73,,,
0.12,0.09,,,,,0.37,55.2,2022,2,1535,True,,2.71,2.71,0.11,22.41,,,
0.13,0.06,,,,,0.61,69.86,2022,2,3969,True,,3.39,3.39,0.12,23.92,,,
0.14,0.07,,,,,0.68,82.11,2022,2,4018,True,0.07,3.32,3.32,0.14,25.6,,,
0.11,0.06,,,,,0.56,60.76,2022,2,4137,True,0.06,2.95,2.95,0.13,22.39,,,
,,,,,,0.05,7.07,2022,2,6012,True,,1.12,1.12,0.05,8.34,,,
,,,,,,,,2022,2,6379,True,,0.08,0.08,,0.65,,,
,,,,,,0.02,2.01,2022,2,6659,True,,,,,,,,
,,,,,,,3.81,2022,2,6918,True,,0.15,0.15,,1.16,,,
0.13,0.06,,,,,0.38,63.42,2022,2,6945,True,0.06,2.86,2.86,0.08,22.46,,,
0.1,0.06,,,,,0.26,53.25,2022,2,6955,True,,1.5,1.5,0.06,11.26,,,
,,,,,,0.02,2.03,2022,2,7529,True,,0.08,0.08,,0.42,,,
0.1,0.05,,,,,0.19,36.77,2022,2,7543,True,,3.2,3.2,0.17,25.86,,,
0.18,0.1,,,,,0.49,69.0,2022,2,7588,True,,3.08,3.08,0.12,23.25,,,
,0.01,,,,,0.16,18.51,2022,2,8132,True,,0.68,0.68,0.01,5.4,,,
,,,,,,0.02,2.86,2022,2,8139,True,,,,,,,,
,,,,,,0.04,9.93,2022,2,2359,True,,1.59,1.59,0.06,11.85,,,
,,,,,,0.08,17.91,2022,2,3664,True,,2.73,2.73,0.11,21.39,,,
0.12,0.06,,,,,0.43,56.0,2022,2,4199,True,,3.97,3.97,0.3,29.82,,,
,,,,,,0.01,1.28,2022,2,4718,True,,0.28,0.28,,1.98,,,
0.2,0.15,,,,,0.54,72.88,2022,2,4866,True,,4.87,4.87,0.18,36.42,,,
0.12,0.06,,,,,0.68,78.22,2022,2,4988,True,0.06,0.89,0.89,0.04,6.84,,,
,,,,,,,3.38,2022,2,5209,True,,0.38,0.38,,2.07,,,
0.13,0.05,,,,,0.51,62.26,2022,2,5850,True,,1.82,1.82,0.05,13.4,,,
,,,,,,0.13,16.21,2022,2,6951,True,,1.65,1.65,0.03,11.55,,,
,,,,,,0.04,3.16,2022,2,6996,True,,0.56,0.56,,4.48,,,
,,,,,,0.02,1.21,2022,2,7794,True,,0.61,0.61,0.04,4.48,,,
,,,,,,0.18,25.81,2022,2,8211,True,,1.11,1.11,,8.54,,,
,,,,,,,0.29,2022,2,2073,True,,,0.21,,1.74,,,
0.12,0.05,,,,,0.36,52.31,2022,2,2320,True,,2.0,2.0,0.06,14.42,,,
0.1,0.05,,,,,0.53,59.55,2022,2,3164,True,0.05,1.87,1.87,0.04,13.56,,,
,0.02,,,,,0.35,49.0,2022,2,5284,True,,2.08,2.08,0.04,15.16,,,
0.09,0.06,,,,,0.49,67.0,2022,2,5916,True,,2.73,2.73,0.09,20.4,,,
0.1,0.05,,,,,0.2,39.46,2022,2,5967,True,,2.83,2.83,0.06,20.49,,,
,0.0,,,,,0.03,10.26,2022,2,5995,True,,1.6,1.6,0.01,12.67,,,
,,,,,,,,2022,2,6202,True,,,0.38,,3.42,,,
0.19,0.07,,,,,0.96,102.92,2022,2,6813,True,0.13,2.71,2.71,0.12,21.63,,,
0.1,0.05,,,,,0.45,61.48,2022,2,7528,True,0.05,4.26,4.26,0.13,30.54,,,
,,,,,,0.03,3.25,2022,2,8116,True,,0.39,0.39,0.03,2.94,,,
,,,,,,0.24,37.95,2022,2,8129,True,,1.1,1.1,0.03,8.32,,,
,,,,,,0.1,23.08,2022,2,8136,True,,1.03,1.03,0.03,7.72,,,
0.08,0.04,,,,,0.25,42.21,2022,2,8155,True,,2.44,2.44,0.06,19.49,,,
,,,,,,0.32,36.92,2022,2,8228,True,,1.26,1.26,,9.11,,,
,,,,,,,0.25,2022,2,8820,True,,,,,,,,
0.07,,,,,,0.32,47.3,2022,2,956,True,,2.03,2.03,0.05,14.88,,,
,,,,,,0.01,1.85,2022,2,1386,True,,1.03,1.03,0.04,6.73,,,
,,,,,,,0.25,2022,2,3354,True,,,,,,,,
0.13,0.06,,,,,0.51,66.63,2022,2,4034,True,,5.29,5.29,0.25,43.0,,,
0.01,,,,,,0.01,1.6,2022,2,5549,True,,0.17,0.17,0.01,1.22,,,
0.1,0.05,,,,,0.41,48.15,2022,2,5890,True,0.05,0.83,0.83,0.03,6.18,,,
,,,,,,,0.39,2022,2,7203,True,,,,,,,,
0.03,,,,,,0.12,29.0,2022,2,7608,True,,1.21,1.21,0.04,8.0,,,
,,,,,,,2.24,2022,2,7609,True,,0.41,0.41,0.03,3.81,,,
,,,,,,0.01,5.9,2022,2,7809,True,,0.6,0.6,0.01,4.1,,,
,,,,,,,1.72,2022,2,8143,True,,,,,,,,
,,,,,,,2.45,2022,2,1379,True,,,1.86,0.11,16.49,,,
,,,,,,0.32,34.52,2022,2,2749,True,,1.3,1.3,,10.95,,,
,0.0,,,,,0.01,4.8,2022,2,3391,True,,0.2,0.2,0.0,0.3,,,
0.14,0.07,,,,,0.31,47.72,2022,2,4098,True,,2.76,2.76,0.12,23.52,,,
0.02,,,,,,0.08,10.66,2022,2,4111,True,,0.14,0.14,,1.12,,,
0.05,0.05,,,,,0.3,38.0,2022,2,4149,True,,1.88,1.88,0.06,12.67,,,
,,,,,,0.06,9.72,2022,2,4455,True,,0.6,0.6,,4.92,,,
0.1,0.07,,,,,0.32,58.43,2022,2,4985,True,0.05,1.7,1.7,0.06,12.51,,,
,,,,,,0.08,15.48,2022,2,5347,True,,3.81,3.81,0.2,29.19,,,
0.11,0.05,,,,,0.33,52.78,2022,2,5892,True,,2.61,2.61,0.06,19.85,,,
,,,,,,,2.38,2022,2,6109,True,,,0.59,,6.22,,,
,,,,,,0.11,6.94,2022,2,6323,True,,,1.21,,9.7,1.21,0.22,
0.18,0.12,,,,,0.43,55.0,2022,2,6790,True,,3.67,3.67,0.1,28.27,,,
,,,,,,0.14,17.2,2022,2,6984,True,,0.8,0.8,0.02,9.4,,,
,,,,,,0.0,0.04,2022,2,7021,True,,0.29,0.29,,2.25,,,
,,,,,,,3.28,2022,2,7551,True,,0.22,0.22,,1.56,,,
0.09,0.04,,,,,0.31,40.94,2022,2,7611,True,0.04,1.7,1.7,0.05,12.41,,,
,,,,,,,0.38,2022,2,8025,True,,,,,,,,
,0.01,,,,,0.18,20.99,2022,2,8408,True,,0.5,0.5,0.02,3.73,,,
0.13,0.07,,,,,0.32,60.0,2022,2,6151,True,,2.12,2.12,0.06,15.0,,,
,,,,,,,0.44,2022,2,7720,True,,,,,,,,
,,,,,,,0.26,2022,2,7852,True,,,,,,,,
,,,,,,0.3,24.0,2022,2,6845,True,,1.84,1.84,0.1,13.38,,,
0.04,,,,,,0.15,28.62,2022,2,5987,True,,1.51,1.51,0.04,11.37,,,
,,,,,,0.2,22.0,2022,2,7567,True,,2.3,2.3,0.1,17.26,,,
,,,,,,,,2022,2,7204,True,,,0.12,,0.7,,,
0.24,0.11,,,,,0.7,93.0,2022,2,3198,True,0.06,1.42,1.42,0.04,12.0,,,
,,,,,,,0.39,2022,2,3832,True,,,0.56,0.05,5.0,,,
0.11,0.06,,,,,0.33,52.11,2022,2,6130,True,,2.23,2.23,0.06,14.0,,,
,,,,,,0.09,12.0,2022,2,8123,True,,0.8,0.8,,5.6,,,
,,,,,,0.1,12.43,2022,2,8138,True,,0.9,0.9,0.02,6.37,,,
0.24,0.12,,,,,0.64,78.0,2022,2,4029,True,0.06,2.9,2.9,0.12,23.62,,,
,,,,,,0.08,14.0,2022,2,5122,True,,0.67,0.67,,4.39,,,
,,,,,,,0.96,2022,2,6421,True,,,0.89,0.12,14.19,,,0.89
0.06,0.05,,,,,,,2022,2,4040,True,,,5.16,0.45,55.97,,0.06,5.16
0.06,0.06,,,,,,,2022,2,4068,True,,,4.99,0.52,70.73,,0.06,4.99
,,,,,,,1.25,2022,2,7670,True,,,3.83,0.4,45.0,,,3.83
,,,,,,,,2022,2,5374,True,,,0.33,0.05,3.42,,,0.33
,,,,,,,,2022,2,2750,True,,,2.61,0.25,32.0,,,2.61
0.06,0.06,,,,,,4.0,2022,2,5917,True,,,3.71,0.25,44.56,,,3.71
,,,,,,,,2022,2,8168,True,,,1.69,0.17,22.26,,,1.69
,,,,,,,,2022,2,5086,True,,,3.07,0.35,48.93,,,3.07
0.06,0.07,,,,,,1.06,2022,2,3225,True,,,4.2,0.32,48.0,,,4.2
,,,,,,,,2022,2,3269,True,,,1.53,0.12,19.54,,,1.53
,,,,,,,0.72,2022,2,3634,True,,,1.06,0.06,11.46,,,1.06
,,,,,,,0.64,2022,2,4080,True,,,3.78,0.21,47.43,,,3.78
,,,,,,,,2022,2,4177,True,,,1.41,0.18,20.65,,,1.41
0.06,0.06,,,,,0.02,6.7,2022,2,4983,True,,,4.82,0.34,63.43,,0.06,4.82
0.07,0.06,,,,,,,2022,2,5045,True,,,5.09,0.46,73.66,,0.07,5.09
0.05,0.05,,,,,,0.98,2022,2,5113,True,,,2.52,0.21,31.06,,,2.52
0.1,,,,,,,1.93,2022,2,5137,True,,,2.79,0.21,35.36,,,2.79
,,,,,,,,2022,2,5432,True,,,0.3,0.03,3.33,,,0.3
,,,,,,,,2022,2,5773,True,,,0.99,0.12,13.69,,,0.99
,,,,,,,,2022,2,5880,True,,,4.5,0.36,54.21,,,4.5
0.07,0.07,,,,,,1.78,2022,2,6783,True,,,4.89,0.4,62.56,,0.07,4.89
0.06,0.06,,,,,,4.06,2022,2,6786,True,,,5.48,0.39,66.45,,0.06,5.48
,,,,,,,,2022,2,6895,True,,,0.06,,0.83,,,0.06
0.07,0.07,,,,,,,2022,2,6989,True,,,1.51,0.13,18.2,,0.07,1.51
,,,,,,,,2022,2,7032,True,,,1.98,0.1,25.41,,,1.98
,,,,,,,,2022,2,7049,True,,,2.24,0.23,25.53,,,2.24
,,,,,,,0.47,2022,2,7540,True,,,0.66,0.05,7.89,,,0.66
,,,,,,,,2022,2,7562,True,,,0.81,0.07,10.88,,,0.81
0.05,0.05,,,,,,3.04,2022,2,7596,True,,,3.99,0.31,49.3,,0.05,3.99
,0.0,,,,,0.01,7.35,2022,2,7713,True,,,1.5,0.02,6.3,,,1.5
,,,,,,,,2022,2,8013,True,,,0.24,,2.06,,,0.24
0.06,0.06,,,,,,,2022,2,8112,True,,,4.17,0.28,50.12,,0.06,4.17
,,,,,,,,2022,2,8119,True,,,3.51,0.22,41.72,,,3.51
,,,,,,,,2022,2,830,True,,,3.48,0.23,46.78,,,3.48
,,,,,,,,2022,2,8475,True,,,0.96,0.07,8.64,,,0.96
,,,,,,,,2022,2,1817,True,,,2.08,0.17,26.23,,,2.08
0.04,0.04,,,,,,1.53,2022,2,1825,True,,,2.92,0.18,31.65,,,2.92
0.07,0.07,,,,,,,2022,2,3199,True,,,5.49,0.4,62.01,,0.07,5.49
,,,,,,,,2022,2,4036,True,,,3.03,0.28,43.97,,0.07,3.03
,,,,,,,2.38,2022,2,4198,True,,,0.96,0.06,10.82,,,0.96
,,,,,,,,2022,2,4218,True,,,0.43,,4.45,,,0.43
,,,,,,,,2022,2,4234,True,,,3.19,0.28,37.78,,,3.19
,,,,,1.23,,3.23,2022,2,4454,True,,,2.2,0.2,27.61,,,2.2
0.07,0.07,,,,,,1.49,2022,2,4950,True,,,5.24,0.35,60.61,,0.07,5.24
0.12,0.06,,,,0.84,0.19,27.61,2022,2,5872,True,,,4.43,0.38,59.0,,0.06,4.43
0.07,0.07,,,,,,1.23,2022,2,5955,True,,,5.26,0.39,54.92,,0.07,5.26
,,,,,,,0.54,2022,2,6234,True,,,0.4,0.04,5.73,,,0.4
,,,,,,,,2022,2,6290,True,,,1.86,0.16,22.94,,,1.86
,,,,,,,,2022,2,6824,True,,,3.25,0.33,51.0,,,3.25
,,,,,,,,2022,2,6985,True,,,1.14,0.1,11.72,,,1.14
0.05,0.06,,,,,,2.38,2022,2,7090,True,,,4.2,0.28,58.33,,0.05,4.2
0.11,0.05,,,,,,1.82,2022,2,7526,True,,,4.62,0.38,59.16,,0.05,4.62
,,,,,,,0.64,2022,2,7533,True,,,0.85,0.09,13.04,,,0.85
,,,,,,,,2022,2,7595,True,,,0.75,0.09,9.12,,,0.75
,,,,,,,,2022,2,7944,True,,,2.93,,29.15,,,2.93
,,,,,,,,2022,2,8663,True,,,0.2,,2.93,,,0.2
0.05,0.07,,,,,,1.58,2022,2,2197,True,,,5.11,0.3,66.11,,0.05,5.11
,,,,,,,,2022,2,2331,True,,,1.68,0.14,26.0,,,1.68
,,,,,,,,2022,2,3652,True,,,0.3,0.03,3.06,,,0.3
0.05,0.05,,,,,,,2022,2,4131,True,,,2.52,0.22,36.9,,0.05,2.52
0.07,0.07,,,,,,,2022,2,4951,True,,,3.85,0.41,55.09,,0.07,3.85
0.07,0.07,,,,,,,2022,2,5110,True,,,4.99,0.37,58.27,,,4.99
,,,,,,0.06,5.55,2022,2,5121,True,,,3.27,0.19,33.43,,,3.27
0.05,0.05,,,,,,0.92,2022,2,5846,True,,,3.67,0.3,53.28,,0.05,3.67
0.06,0.06,,,,,,1.22,2022,2,5848,True,,,4.23,0.36,60.87,,,4.23
0.06,0.06,,,,,,1.15,2022,2,5927,True,,,4.68,0.33,63.79,,0.06,4.68
,,,,,,,,2022,2,5965,True,,,0.23,,2.16,,,0.23
,,,,,,,,2022,2,5970,True,,,4.46,0.25,44.08,,,4.46
,,,,,,,,2022,2,7565,True,,,0.41,0.03,4.84,,,0.41
0.07,0.07,,,,,,,2022,2,7569,True,,,3.45,0.26,42.78,,,3.45
,,,,,,,1.1,2022,2,7603,True,,,1.8,0.1,19.0,,,1.8
0.03,0.03,,,,,,,2022,2,8118,True,,,1.55,0.09,16.95,,,1.55
0.04,0.04,,,,,,,2022,2,8146,True,,,2.38,0.18,28.51,,0.04,2.38
,,,,,,,,2022,2,8176,True,,,0.22,0.02,2.22,,,0.22
0.07,0.05,,,,,,,2022,2,1992,True,,,4.66,0.34,59.64,,0.07,4.66
0.07,0.07,,,,,,,2022,2,2216,True,,,5.16,0.59,74.32,,0.07,5.16
,,,,,,,,2022,2,3286,True,,,2.36,0.27,27.96,,,2.36
,,,,,,,,2022,2,3328,True,,,0.29,0.01,4.02,,,0.29
,,,,,,,,2022,2,4622,True,,,0.89,0.07,10.03,,,0.89
,,,,,,,0.33,2022,2,5096,True,,,0.42,0.04,4.28,,,0.42
,,,,,,,,2022,2,5199,True,,,1.89,0.11,22.97,,,1.89
0.06,0.06,,,,0.71,,0.42,2022,2,5947,True,,,4.22,0.24,44.71,,,4.22
,,,,,,,,2022,2,6154,True,,,0.84,0.04,9.9,,,0.84
,,,,,,,,2022,2,6427,True,,,3.52,0.23,46.56,,,3.52
,,,,,,,,2022,2,6557,True,,,0.05,0.01,0.64,,,0.05
0.06,0.06,,,,,,,2022,2,6801,True,,,5.2,0.49,70.32,,0.06,5.2
0.07,0.07,,,,,,4.94,2022,2,7547,True,,,5.83,0.34,63.4,,0.07,5.83
,,,,,,,,2022,2,7559,True,,,0.16,0.02,1.76,,,0.16
,,,,,,,,2022,2,7587,True,,,0.29,0.01,3.66,,,0.29
,,,,,,,,2022,2,7757,True,,,3.04,0.28,32.18,,,3.04
,,,,,,,,2022,2,8137,True,,,2.42,0.24,30.48,,,2.42
,,,,,,,,2022,2,928,True,,,2.68,0.25,27.55,,,2.68
0.06,0.06,,,,,,,2022,2,1067,True,,,3.49,0.26,42.57,,,3.49
0.08,0.08,,,,,,,2022,2,2133,True,,,6.97,0.62,87.91,,0.08,6.97
0.08,0.08,,,,,,1.17,2022,2,2325,True,,,2.33,0.17,36.57,,,2.33
,,,,,,,,2022,2,3200,True,,,4.37,0.33,46.86,,,4.37
0.06,0.07,,,,,,5.89,2022,2,3321,True,,,5.62,0.46,76.44,,0.06,5.62
0.07,0.07,,,,,,1.48,2022,2,3423,True,,,3.54,0.26,44.64,,,3.54
,,,,,,0.08,9.68,2022,2,4082,True,,,3.79,0.25,44.69,,0.08,3.79
,,,,,,,0.91,2022,2,5185,True,,,3.76,0.42,51.51,,,3.76
,,,,,,,,2022,2,5323,True,,,2.22,0.1,24.91,,,2.22
,,,,,,,2.64,2022,2,5695,True,,,0.78,,7.6,,,0.78
,,,,,,,,2022,2,5902,True,,,0.09,,0.71,,,0.09
,,,,,,,2.82,2022,2,6063,True,,,0.46,0.06,6.42,,,0.46
,,,,,,,0.43,2022,2,6271,True,,,1.84,0.12,24.3,,,1.84
0.07,0.06,,,,,,1.99,2022,2,6803,True,,,3.87,0.39,55.82,,0.07,3.87
,,,,,,,5.03,2022,2,6847,True,,,3.61,0.26,36.74,,,3.61
,,,,,,,,2022,2,7233,True,,,0.77,0.02,7.72,,,0.77
0.06,0.06,,,,,,2.6,2022,2,7564,True,,,5.85,0.63,90.0,,0.06,5.85
,,,,,,,,2022,2,8167,True,,,1.78,0.14,20.98,,,1.78
,,,,,,,,2022,2,8801,True,,,1.97,0.13,18.2,,,1.97
,,,,,,,,2022,2,1346,True,,,1.35,0.11,20.02,,,1.35
0.06,0.06,,,,,,,2022,2,2309,True,,,4.29,0.36,54.78,,0.06,4.29
,,,,,,,,2022,2,2319,True,,,2.94,0.24,39.67,,,2.94
0.05,0.05,,,,,,,2022,2,2374,True,,,3.76,0.27,49.72,,0.05,3.76
0.08,0.08,,,,,,2.31,2022,2,4039,True,,,8.0,0.72,105.86,,0.08,8.0
,,,,,,,,2022,2,4171,True,,,1.77,0.15,26.21,,,1.77
,,,,,,,,2022,2,4992,True,,,1.65,0.15,17.25,,,1.65
,,,,,,,,2022,2,5154,True,,,0.5,,5.5,,,0.5
0.12,0.06,,,,,,2.0,2022,2,5937,True,,,5.89,0.37,63.0,,0.06,5.89
,,,,,,,,2022,2,5938,True,,,0.06,,0.72,,,0.06
,,,,,,,,2022,2,6069,True,,,0.12,,0.95,,,0.12
,,,,,,,0.15,2022,2,6149,True,,,0.5,0.1,8.1,,,0.5
,,,,,,,,2022,2,6870,True,,,1.22,0.11,16.89,,,1.22
0.07,0.07,,,,,,4.51,2022,2,6886,True,,,4.23,0.34,53.83,,0.07,4.23
0.06,0.06,,,,,,,2022,2,7571,True,,,4.75,0.36,56.66,,0.06,4.75
0.03,0.04,,,,0.46,0.04,2.34,2022,2,7606,True,,,1.66,0.09,19.23,,0.03,1.66
,,,,,,,1.25,2022,2,7612,True,,,1.02,0.09,10.83,,,1.02
,,,,,,,,2022,2,7812,True,,,0.98,0.08,10.95,,,0.98
,,,,,,,,2022,2,8121,True,,,2.93,0.24,34.0,,,2.93
0.05,0.05,,,,,,,2022,2,8144,True,,,3.17,0.25,44.81,,0.05,3.17
,,,,,,,,2022,2,8917,True,,,0.2,0.03,2.6,,,0.2
0.06,0.06,,,,,,,2022,2,2449,True,,,6.57,0.58,80.47,,0.06,6.57
,,,,,,,,2022,2,4420,True,,,0.22,,2.0,,,0.22
,,,,,,,,2022,2,7066,True,,,2.96,0.2,37.46,,,2.96
,,,,,,,,2022,2,8180,True,,,0.21,,1.92,,,0.21
,,,,,,,,2022,2,2410,True,,,3.47,0.25,36.61,,,3.47
,,,,,,,0.31,2022,2,4319,True,,,0.83,0.04,9.3,,,0.83
,,,,,,,0.5,2022,2,6798,True,,,0.64,0.03,7.87,,,0.64
,,,,,,,,2022,2,8171,True,,,2.85,0.2,34.69,,,2.85
,,,,,,,,2022,2,1244,True,,,0.73,0.08,8.3,,,0.73
,,,,,,,,2022,2,2821,True,,,0.14,,1.54,,,0.14
0.05,0.05,,,,,,0.25,2022,2,7525,True,,,3.53,0.25,48.27,,0.05,3.53
0.05,0.06,,,,,0.05,2.34,2022,2,1352,True,,,3.56,0.28,42.12,,,3.56
,,,,,,,,2022,2,7496,True,,,1.9,0.12,24.56,,,1.9
0.05,0.05,,,,,,,2022,2,8135,True,,,3.07,0.2,40.07,,0.05,3.07
0.06,0.06,,,,,,,2022,2,1689,True,,,4.69,0.44,54.58,,0.06,4.69
,,,,,,,6.34,2022,2,4197,True,,,3.48,0.25,37.63,,,3.48
0.07,0.07,,,,,,,2022,2,5859,True,,,5.58,0.55,82.0,,0.07,5.58
0.07,0.07,,,,0.85,,2.19,2022,2,6794,True,,,6.82,0.64,104.0,,0.07,6.82
,,,,,,,,2022,2,6927,True,,,2.21,0.15,30.55,,,2.21
0.14,0.07,,,,,,,2022,2,1466,True,,,6.51,0.6,81.0,6.51,0.07,
,,,,,,,,2022,2,7554,True,,,1.65,0.11,13.75,1.65,,
,,,,,,,,2022,2,7828,True,,,0.6,0.1,5.0,0.6,,
,,,,,,,,2022,2,4089,True,,,4.01,0.33,41.38,4.01,,
,,,,,,,,2022,2,6665,True,,,0.64,0.09,7.26,0.64,,
,,,,,,,,2022,2,4055,True,,,1.38,0.14,13.76,1.38,,
,,,,,,,,2022,2,4144,True,,,2.1,0.21,22.1,2.1,,
,,,,,,,,2022,2,4435,True,,,0.25,0.02,2.67,0.25,,
,,,,,,,,2022,2,4602,True,,,3.34,0.3,32.0,3.34,,
,,,,,,,,2022,2,4973,True,,,3.43,0.29,35.64,3.43,,
,,,,,,,,2022,2,5008,True,,,0.73,0.06,7.06,0.73,,
0.05,0.04,,,,,,,2022,2,5857,True,,,1.54,0.11,18.46,1.54,,
,,,,,,,0.29,2022,2,6529,True,,,,,,,,
,,,,,,,,2022,2,7050,True,,,0.93,0.1,9.0,0.93,,
,,,,,,,,2022,2,7716,True,,,0.71,0.04,7.93,0.71,,
,,,,,,,,2022,2,8484,True,,,0.08,,0.7,0.08,,
,,,,,,,,2022,2,2390,True,,,1.82,0.13,17.57,1.82,,
,,,,,,,,2022,2,3048,True,,,0.36,,3.94,0.36,0.12,
,,,,,,,,2022,2,4995,True,,,1.6,0.2,17.42,1.6,,
,,,,,,,,2022,2,5973,True,,,0.26,0.03,2.88,0.26,,
,,,,,,,,2022,2,6894,True,,,0.12,,0.66,0.12,,
,,,,,,,,2022,2,7075,True,,,0.07,,0.29,0.07,,
0.07,0.08,,,,,,,2022,2,7600,True,,,4.5,0.36,45.11,4.5,0.07,
,,,,,,,,2022,2,8111,True,,,0.64,0.09,6.97,0.64,,
,,,,,,,,2022,2,8665,True,,,1.31,0.14,14.61,1.31,,
,,,,,,,,2022,2,2214,True,,,2.27,0.26,24.34,2.27,,
,,,,,,,,2022,2,4054,True,,,1.99,0.22,22.01,1.99,,
0.19,0.15,0.1,,0.19,11.53,0.2,32.24,2022,2,4381,True,,,0.99,0.08,8.07,0.99,,
,,,,,,,,2022,2,5409,True,,,1.9,0.1,22.7,1.9,0.61,
,,,,,,,,2022,2,6850,True,,,1.71,0.16,19.06,1.71,,
,,,,,,,,2022,2,6970,True,,,0.06,,0.29,0.06,,
,,,,,,,0.3,2022,2,7216,True,,,,,,,,
,,,,,,,,2022,2,7891,True,,,0.89,0.05,8.51,0.89,,
,,,,,,,,2022,2,8110,True,,,0.67,0.04,6.69,0.67,,
,,,,,,,,2022,2,8131,True,,,2.17,0.18,21.65,2.17,,
,,,,,,,,2022,2,8219,True,,,0.35,0.04,3.74,0.35,,
,,,,,,,,2022,2,111,True,,,0.66,0.04,7.85,0.66,,
,,,,,,,,2022,2,2360,True,,,0.71,0.04,8.23,0.71,,
,,,,,,,,2022,2,2463,True,,,0.37,0.03,3.64,0.37,,
0.07,0.07,,,,,,,2022,2,2505,True,,,5.09,0.36,62.89,5.09,0.07,
0.07,0.06,,,,,,,2022,2,3214,True,,,2.98,0.33,32.11,2.98,0.07,
0.09,0.09,,,,,,,2022,2,3271,True,,,4.32,0.38,46.71,4.32,0.09,
,,,,,,,,2022,2,3496,True,,,0.17,,1.1,0.17,,
0.03,0.03,,,,,,,2022,2,4993,True,,,1.32,0.11,15.9,1.32,0.03,
,,,,,,,,2022,2,5133,True,,,3.54,0.29,33.45,3.54,,
,,,,,,,,2022,2,5285,True,,,1.64,0.16,18.93,1.64,,
0.07,0.07,,,,,,,2022,2,5844,True,,,4.95,0.39,50.94,4.95,0.07,
,,,,,,,,2022,2,5985,True,,,1.56,0.17,18.99,1.56,,
,,,,,,,,2022,2,6018,True,,,0.76,0.04,6.92,0.76,,
,,,,,,,,2022,2,6843,True,,,3.28,0.3,37.33,3.28,,
,,,,,,,,2022,2,6865,True,,,0.39,,3.54,0.39,,
,,,,,,,,2022,2,6869,True,,,0.82,0.08,8.86,0.82,,
,,,,,,,,2022,2,7002,True,,,2.63,0.26,26.71,2.63,,
,,,,,,,,2022,2,7131,True,,,0.39,0.04,4.07,0.39,,
0.1,0.05,,,,,,,2022,2,7553,True,,,4.39,0.39,52.8,4.39,0.05,
,,,,,,,,2022,2,7602,True,,,3.07,0.23,29.34,3.07,,
,,,,,,,,2022,2,8130,True,,,0.13,0.01,1.36,0.13,,
,,,,,,,,2022,2,8197,True,,,0.16,,0.93,0.16,,
,,,,,,,,2022,2,8225,True,,,1.71,0.13,13.57,1.71,,
0.07,0.07,,,,,,,2022,2,1339,True,,,4.29,0.34,43.03,4.29,0.07,
,,,,,,,,2022,2,1425,True,,,1.33,0.08,13.62,1.33,,
,,,,,,,,2022,2,2251,True,,,3.71,0.24,39.77,3.71,,
,,,,,,,,2022,2,2755,True,,,0.07,,0.55,0.07,,
,,,,,,,,2022,2,4066,True,,,2.94,0.24,32.52,2.94,,
,,,,,,,,2022,2,4189,True,,,0.31,,2.74,0.31,,
,,,,,,,,2022,2,4443,True,,,0.49,0.05,3.87,0.49,,
,,,,,,,,2022,2,4741,True,,,1.12,0.06,11.28,1.12,,
0.07,0.08,,,,,,,2022,2,5001,True,,,5.07,0.3,49.96,5.07,0.07,
0.14,0.07,,,,,,,2022,2,5012,True,,,5.31,0.48,66.32,5.31,0.07,
,,,,,,,,2022,2,6075,True,,,0.23,,1.25,0.23,,
,,,,,,,,2022,2,6662,True,,,0.24,,1.8,0.24,,
0.06,0.07,,,,,,,2022,2,6826,True,,,3.59,0.24,35.83,3.59,,
,,,,,,,,2022,2,7694,True,,,1.92,0.16,18.84,1.92,,
,,,,,,,,2022,2,8041,True,,,0.19,,2.09,0.19,,
,,,,,,,,2022,2,4033,True,,,3.1,0.25,33.82,3.1,,
,,,,,,,,2022,2,5010,True,,,1.96,0.19,20.03,1.96,,
,,,,,,,,2022,2,6001,True,,,1.48,0.12,14.58,1.48,,
,,,,,,,,2022,2,7568,True,,,2.33,0.16,24.39,2.33,,
,,,,,,,,2022,2,7842,True,,,0.17,,1.32,0.17,,
,,,,,,,,2022,2,8849,True,,,0.05,,0.28,0.05,,
,,,,,,,,2022,2,3202,True,,,2.88,0.22,28.86,2.88,,
,,,,,,,,2022,2,2545,True,,,2.18,0.2,16.84,2.18,,
0.07,0.07,,,,,,,2022,2,5022,True,,,4.23,0.35,49.28,4.23,0.07,
,,,,,,,,2022,2,7288,True,,,0.2,,1.58,0.2,,
,,,,,,,,2022,2,5906,True,,,3.59,0.41,39.93,3.59,0.07,
,,,,,,,,2022,2,7946,True,,,0.33,,2.17,0.33,,
,,,,,,,,2022,2,8210,True,,,0.54,0.05,4.98,0.54,,
,,,,,,,,2022,2,4314,True,,,1.08,0.1,11.0,1.08,,
,,,,,,,,2022,2,6126,True,,,2.43,0.18,24.61,2.43,,
0.5,0.25,0.07,0.93,1.2,228.57,0.07,7.78,2022,3,3976,True,,,,,,,,
0.54,,,0.89,1.1,197.0,0.07,11.0,2022,3,3257,True,,,,,,,,
0.55,0.25,0.12,0.69,1.98,260.99,0.18,17.37,2022,3,1234,True,,,,,,,,
0.3,0.12,0.18,0.66,1.96,277.46,0.06,1.99,2022,3,167,True,,,,,,,,
0.67,0.2,0.07,0.9,1.93,281.79,0.03,3.72,2022,3,2306,True,,,,,,,,
0.63,0.28,0.07,0.85,1.78,272.71,,3.48,2022,3,24,True,,,,,,,,
0.64,0.28,0.07,1.0,1.79,258.16,0.06,11.71,2022,3,3161,True,,,,,,,,
0.6,0.27,0.13,0.68,1.62,251.82,0.56,64.0,2022,3,6904,True,0.07,,,,,,,
0.79,0.36,0.14,0.6,2.38,291.2,0.07,6.81,2022,3,1166,True,,,,,,,,
,,,0.97,1.36,256.36,0.14,19.16,2022,3,1373,True,,,,,,,,
0.63,0.25,0.13,0.76,1.97,276.0,0.06,3.84,2022,3,2028,True,,,,,,,,
0.59,0.26,0.06,0.84,1.62,257.7,0.1,6.41,2022,3,3163,True,,,,,,,,
0.73,0.2,0.06,0.78,1.49,241.09,0.09,12.54,2022,3,4892,True,,,,,,,,
0.56,0.19,0.06,0.8,1.26,222.66,0.32,40.33,2022,3,7591,True,0.06,,,,,,,
0.62,0.24,0.12,0.74,1.63,248.67,0.39,37.1,2022,3,5849,True,0.06,,,,,,,
0.33,0.17,0.17,0.33,1.82,229.34,0.11,6.45,2022,3,96,True,,,,,,,,
0.56,0.22,0.07,0.87,1.25,234.64,0.26,34.63,2022,3,2307,True,,,,,,,,
0.67,0.27,0.2,0.59,2.38,306.89,0.19,21.05,2022,3,4046,True,,,,,,,,
0.7,0.25,0.19,0.83,2.09,280.96,0.02,4.1,2022,3,421,True,,,,,,,,
0.5,0.19,0.06,0.92,1.41,232.01,0.09,8.37,2022,3,7585,True,,,,,,,,
0.51,0.19,0.06,0.75,1.92,273.21,0.11,13.07,2022,3,6768,True,,,,,,,,
0.53,0.2,0.13,0.79,2.18,289.74,0.19,11.58,2022,3,6770,True,,,,,,,,
0.69,0.28,0.21,0.65,2.42,303.69,0.21,22.48,2022,3,6797,True,0.07,,,,,,,
0.52,0.19,0.13,0.71,1.48,226.9,0.14,14.22,2022,3,1049,True,,,,,,,,
0.67,0.4,0.13,0.82,1.5,238.0,,6.0,2022,3,1837,True,,,,,,,,
1.07,0.38,,1.12,1.52,248.3,0.01,2.8,2022,3,19,True,,,,,,,,
0.72,0.32,0.14,0.83,1.65,250.73,0.33,57.73,2022,3,4881,True,0.05,,,,,,,
0.7,0.35,0.14,0.68,2.24,294.28,0.42,41.24,2022,3,4984,True,,,,,,,,
0.61,0.28,0.11,0.79,1.29,221.72,0.15,19.68,2022,3,7523,True,,,,,,,,
0.56,0.25,0.06,0.81,1.63,255.01,0.06,12.08,2022,3,7527,True,,,,,,,,
,,,0.87,1.2,235.85,0.08,8.06,2022,3,4574,True,,,,,,,,
0.77,0.24,0.06,0.87,1.34,218.0,0.2,28.36,2022,3,5870,True,,,,,,,,
0.13,0.06,,,,,0.27,42.49,2022,3,4098,True,,2.48,2.48,0.1,21.16,,,
0.1,0.05,,,,,0.39,59.0,2022,3,7528,True,0.05,3.3,3.3,0.1,23.0,,,
,,,,,,0.12,14.77,2022,3,8228,True,,0.63,0.63,,4.54,,,
0.12,0.06,,,,,0.67,76.49,2022,3,4988,True,0.06,1.62,1.62,0.06,12.39,,,
,,,,,,0.04,4.42,2022,3,6156,True,,0.35,0.35,,2.59,,,
,,,,,,,0.24,2022,3,3354,True,,,,,,,,
,,,,,,0.03,4.42,2022,3,6694,True,,0.38,0.38,,3.09,,,
,,,,,,,0.26,2022,3,8181,True,,,0.06,,0.51,0.06,,
0.11,0.06,,,,,0.43,51.11,2022,3,5890,True,0.06,1.4,1.4,0.05,10.48,,,
0.05,,,,,,0.19,35.01,2022,3,5987,True,,1.77,1.77,0.05,13.35,,,
0.11,0.05,,,,,0.32,49.75,2022,3,6130,True,,2.31,2.31,0.06,16.67,,,
0.13,0.06,,,,,0.33,62.89,2022,3,6151,True,,2.09,2.09,0.06,15.49,,,
0.17,0.11,,,,,0.37,51.06,2022,3,6790,True,,4.44,4.44,0.13,34.25,,,
0.15,0.05,,,,,0.76,81.92,2022,3,6813,True,0.1,2.58,2.58,0.11,20.6,,,
0.1,0.05,,,,,0.33,45.93,2022,3,6828,True,0.05,1.81,1.81,0.05,13.94,,,
,,,,,,0.05,5.14,2022,3,6885,True,,0.44,0.44,,2.82,,,
,,,,,,0.15,24.83,2022,3,7045,True,,1.07,1.07,,7.36,,,
,,,,,,,0.67,2022,3,7204,True,,,,,,,,
,,,,,,0.1,11.79,2022,3,8138,True,,0.86,0.86,0.02,6.04,,,
0.09,0.04,,,,,0.28,43.81,2022,3,8155,True,,2.51,2.51,0.07,20.07,,,
,,,,,,0.02,4.32,2022,3,2359,True,,1.04,1.04,0.04,7.76,,,
,,,,,,,1.0,2022,3,2471,True,,,0.23,,1.64,,,
,,,,,,,1.88,2022,3,3312,True,,0.22,0.22,,1.74,,,
,,,,,,,0.32,2022,3,3391,True,,,,,,,,
0.13,0.06,,,,,0.61,74.65,2022,3,4018,True,0.06,3.41,3.41,0.14,26.36,,,
0.01,,,,,,0.08,10.14,2022,3,4111,True,,0.13,0.13,,1.07,,,
0.14,0.07,,,,,0.53,61.53,2022,3,4663,True,,5.19,5.19,0.29,44.69,,,
,,,,,,0.02,1.38,2022,3,4718,True,,0.31,0.31,,2.14,,,
0.11,0.05,,,,,0.21,33.43,2022,3,5000,True,,4.16,4.16,0.08,31.11,,,
,,,,,,0.05,9.42,2022,3,5536,True,,2.17,2.17,0.12,16.8,,,
,,,,,,0.03,4.68,2022,3,6323,True,,,0.82,0.03,6.54,0.82,0.15,
,,,,,,,3.26,2022,3,7551,True,,0.22,0.22,,1.55,,,
0.1,0.05,,,,,0.33,42.34,2022,3,7611,True,0.05,1.97,1.97,0.06,14.41,,,
,,,,,,0.01,2.29,2022,3,7771,True,,0.09,0.09,,0.63,,,
,,,,,,0.02,1.25,2022,3,7794,True,,0.62,0.62,0.04,4.61,,,
,,,,,,,2.22,2022,3,1379,True,,,1.48,0.09,13.15,,,
,,,,,,0.04,4.82,2022,3,2161,True,,1.05,1.05,0.04,8.21,,,
,,,,,,0.4,43.45,2022,3,2749,True,,1.47,1.47,,12.42,,,
,,,,,,,0.46,2022,3,3832,True,,,0.65,0.05,7.3,,,
,,,,,,,0.41,2022,3,4353,True,,,0.5,,3.98,,,
0.03,,,,,,0.13,16.23,2022,3,4962,True,,0.21,0.21,,1.58,,,
,,,,,,,0.81,2022,3,5209,True,,0.31,0.31,,1.73,,,
0.05,,,,,,0.33,46.45,2022,3,5916,True,,2.12,2.12,0.05,15.81,,,
,,,,,,0.07,9.86,2022,3,6012,True,,1.58,1.58,0.07,11.8,,,
,,,,,,,2.66,2022,3,6109,True,,,0.67,,6.99,,,
0.12,0.05,,,,,0.36,50.17,2022,3,6938,True,,1.5,1.5,0.04,11.03,,,
,,,,,,0.12,24.81,2022,3,7567,True,,3.24,3.24,0.06,24.24,,,
0.06,,,,,,0.06,10.53,2022,3,7594,True,,0.99,0.99,,7.48,,,
0.13,0.06,,,,,0.25,44.67,2022,3,7607,True,,3.06,3.06,0.12,23.61,,,
,,,,,,,0.29,2022,3,7852,True,,,,,,,,
,,,,,,,2.46,2022,3,8189,True,,0.75,0.75,0.04,5.81,,,
0.06,,,,,,0.24,35.99,2022,3,956,True,,1.81,1.81,0.05,13.34,,,
,,,,,,0.11,23.15,2022,3,1387,True,,2.56,2.56,0.07,18.34,,,
0.12,0.07,,,,,0.62,73.0,2022,3,3969,True,,3.84,3.84,0.13,27.07,,,
0.26,0.12,,,,,0.7,82.48,2022,3,4029,True,0.06,3.58,3.58,0.15,29.23,,,
0.11,0.06,,,,,0.54,57.97,2022,3,4137,True,0.05,3.32,3.32,0.13,25.2,,,
,,,,,,0.07,10.0,2022,3,4147,True,,1.73,1.73,0.05,12.83,,,
0.12,0.06,,,,,0.4,53.21,2022,3,4199,True,,3.64,3.64,0.17,27.36,,,
,,,,,,0.37,51.97,2022,3,5284,True,,1.97,1.97,,14.55,,,
,,,,,,0.08,15.41,2022,3,5347,True,,3.7,3.7,0.19,28.32,,,
0.14,0.07,,,,,0.44,71.12,2022,3,5892,True,,2.73,2.73,0.06,20.8,,,
,,,,,,,,2022,3,6202,True,,,0.27,,2.44,,,
0.09,0.04,,,,,0.34,48.85,2022,3,6806,True,,2.16,2.16,0.06,15.81,,,
,,,,,,0.2,20.0,2022,3,6845,True,,1.73,1.73,0.1,12.63,,,
,,,,,,,,2022,3,6931,True,,0.16,0.16,,1.14,,,
0.1,0.05,,,,,0.26,43.58,2022,3,6945,True,0.04,3.5,3.5,0.1,27.45,,,
,,,,,,0.04,2.8,2022,3,6996,True,,0.51,0.51,,3.96,,,
,,,,,,0.0,0.51,2022,3,7720,True,,,,,,,,
,,,,,,0.02,2.59,2022,3,8139,True,,0.24,0.24,,1.86,,,
0.08,0.04,,,,,0.21,33.08,2022,3,8151,True,,1.33,1.33,0.05,10.26,,,
0.14,0.07,,,,,0.28,51.82,2022,3,1535,True,,3.28,3.28,0.13,26.97,,,
0.24,0.13,,,,,0.77,93.66,2022,3,3198,True,0.06,1.45,1.45,0.05,11.11,,,
0.13,0.06,,,,,0.54,71.06,2022,3,4034,True,,4.47,4.47,0.21,35.54,,,
0.12,0.06,,,,,0.48,58.2,2022,3,4035,True,0.06,3.94,3.94,0.18,30.64,,,
0.06,0.06,,,,,0.17,45.01,2022,3,4149,True,,1.85,1.85,0.05,12.44,,,
,,,,,,0.08,12.58,2022,3,5122,True,,0.68,0.68,,4.42,,,
0.06,,,,,,0.18,17.22,2022,3,5549,True,,1.76,1.76,0.08,12.72,,,
,,,,,,0.0,1.28,2022,3,5995,True,,0.23,0.23,,1.82,,,
,,,,,,,,2022,3,6379,True,,0.1,0.1,,0.8,,,
,,,,,,0.01,1.97,2022,3,6659,True,,0.29,0.29,,2.01,,,
,,,,,,,,2022,3,6918,True,,0.17,0.17,,1.32,,,
0.1,0.05,,,,,0.33,62.3,2022,3,6955,True,,1.55,1.55,0.04,11.78,,,
0.16,0.11,,,,,0.44,62.92,2022,3,7588,True,,2.58,2.58,0.1,19.43,,,
,,,,,,0.02,3.19,2022,3,8116,True,,0.38,0.38,0.03,2.88,,,
,,,,,,0.32,54.01,2022,3,8129,True,,1.5,1.5,0.05,11.35,,,
,,,,,,0.1,23.28,2022,3,8136,True,,1.04,1.04,0.03,7.79,,,
,,,,,,0.1,19.5,2022,3,8408,True,,0.69,0.69,,4.0,,,
,,,,,,,,2022,3,8428,True,,,0.74,0.05,7.95,,,
,,,,,,0.09,10.86,2022,3,1034,True,,1.59,1.59,,12.06,,,
,,,,,,,0.34,2022,3,2073,True,,,0.25,,2.04,,,
0.09,0.05,,,,,0.3,43.12,2022,3,2320,True,,0.99,0.99,0.03,7.12,,,
0.02,,,,,,0.06,7.59,2022,3,2431,True,,0.24,0.24,0.01,1.76,,,
,,,,,,0.08,16.83,2022,3,3664,True,,2.57,2.57,0.1,20.11,,,
,0.01,,,,,0.05,11.0,2022,3,4152,True,,0.29,0.29,0.01,1.91,,,
0.09,0.05,,,,,0.27,46.92,2022,3,4985,True,0.05,1.43,1.43,0.05,10.52,,,
0.11,0.06,,,,,0.48,58.98,2022,3,5850,True,,1.11,1.11,0.03,8.13,,,
,,,,,,0.05,3.5,2022,3,6039,True,,0.54,0.54,0.05,3.72,,,
0.1,0.05,,,,,0.31,42.21,2022,3,6820,True,,3.29,3.29,0.09,23.24,,,
,,,,,,0.14,16.73,2022,3,6951,True,,1.65,1.65,,11.55,,,
0.08,0.04,,,,,0.16,32.62,2022,3,7543,True,,2.43,2.43,0.13,19.67,,,
0.05,,,,,,0.18,37.81,2022,3,7608,True,,1.51,1.51,0.06,12.29,,,
,,,,,,,0.39,2022,3,8025,True,,,,,,,,
,,,,,,0.03,4.22,2022,3,8123,True,,0.23,0.23,,1.59,,,
,,,,,,0.21,30.78,2022,3,8132,True,,0.3,0.3,,2.21,,,
,,,,,,0.14,25.11,2022,3,8205,True,,0.73,0.73,0.03,5.48,,,
,,,,,,,0.27,2022,3,8820,True,,,,,,,,
0.09,0.04,,,,,0.19,35.04,2022,3,5967,True,,2.98,2.98,0.06,23.0,,,
,,,,,,,0.36,2022,3,7203,True,,,,,,,,
0.11,0.05,,,,,0.4,58.0,2022,3,3164,True,0.06,1.52,1.52,0.04,10.96,,,
,,,,,,0.05,11.0,2022,3,4455,True,,0.54,0.54,,4.45,,,
,,,,,,0.02,1.92,2022,3,7529,True,,0.08,0.08,,0.39,,,
,,,,,,0.0,0.05,2022,3,7021,True,,0.31,0.31,,2.37,,,
0.19,0.13,,,,,0.49,73.0,2022,3,4866,True,,4.55,4.55,0.15,37.04,,,
,,,,,,,,2022,3,5965,True,,,0.22,,2.09,,,0.22
,,,,,,,,2022,3,8137,True,,,2.26,0.22,31.0,,,2.26
0.07,0.07,,,,,,,2022,3,2309,True,,,4.8,0.4,61.25,,0.07,4.8
0.12,0.07,,,,,,2.0,2022,3,5937,True,,,5.59,0.3,62.0,,0.06,5.59
,,,,,,,,2022,3,6824,True,,,3.12,0.2,46.52,,,3.12
0.02,0.02,,,,,,,2022,3,8118,True,,,1.09,0.05,13.0,,,1.09
0.06,0.05,,,,,,7.0,2022,3,6886,True,,,3.59,0.29,45.63,,0.06,3.59
,,,,,,,2.0,2022,3,7533,True,,,0.78,0.08,11.96,,,0.78
,,,,,,,0.41,2022,3,2750,True,,,0.33,0.04,4.47,,,0.33
0.07,0.07,,,,,,1.5,2022,3,3423,True,,,3.6,0.26,45.27,,,3.6
0.07,0.08,,,,,,2.18,2022,3,4039,True,,,7.57,0.69,100.28,,0.07,7.57
,,,,,,,,2022,3,4622,True,,,2.0,0.11,20.7,,,2.0
,,,,,,,,2022,3,5086,True,,,3.21,0.37,51.12,,,3.21
,,,,,,,1.12,2022,3,5695,True,,,0.33,,3.24,,,0.33
,,,,,,,,2022,3,5938,True,,,1.56,,18.2,,,1.56
0.06,0.06,,,,,,1.58,2022,3,6783,True,,,4.32,0.41,55.37,,0.06,4.32
,,,,,,,,2022,3,6895,True,,,0.06,0.0,0.8,,,0.06
,,,,,,,0.2,2022,3,6927,True,,,1.77,0.12,24.52,,,1.77
0.07,0.07,,,,,,0.82,2022,3,6943,True,,,4.31,0.5,60.5,,0.07,4.31
,,,,,,,,2022,3,7562,True,,,0.43,0.04,5.84,,,0.43
,,,,,,,,2022,3,7595,True,,,0.71,0.09,8.57,,,0.71
,,,,,,,,2022,3,8180,True,,,0.25,,2.26,,,0.25
,,,,,,,,2022,3,928,True,,,1.92,0.18,19.82,,,1.92
0.07,0.07,,,,,,,2022,3,2133,True,,,6.91,0.67,86.96,,0.07,6.91
0.05,0.05,,,,,,1.41,2022,3,2197,True,,,4.55,0.27,56.16,,0.05,4.55
,,,,,,,,2022,3,2334,True,,,0.53,0.03,5.76,,,0.53
,,,,,,,0.36,2022,3,3634,True,,,0.53,0.03,5.73,,,0.53
,,,,,,,,2022,3,4036,True,,,3.08,0.29,44.75,,0.07,3.08
0.06,0.06,,,,,,1.7,2022,3,4040,True,,,4.5,0.39,48.9,,0.06,4.5
0.07,0.07,,,,,,,2022,3,4068,True,,,5.13,0.53,72.73,,0.07,5.13
,,,,,,0.05,9.97,2022,3,4082,True,,,3.9,0.25,45.99,,0.08,3.9
,,,,,1.14,,2.96,2022,3,4454,True,,,2.02,0.19,25.23,,,2.02
0.07,0.07,,,,,,1.4,2022,3,4950,True,,,4.95,0.34,57.26,,0.07,4.95
,,,,,,,,2022,3,4992,True,,,0.61,,6.45,,,0.61
,,,,,,,,2022,3,5199,True,,,1.34,0.08,16.2,,,1.34
,,,,,,,,2022,3,5374,True,,,1.02,0.16,10.59,,,1.02
0.06,0.06,,,,,,2.69,2022,3,5859,True,,,5.37,0.51,77.26,,0.06,5.37
,,,,,,,,2022,3,6557,True,,,0.16,0.01,1.99,,,0.16
0.06,0.06,,,,,,,2022,3,6801,True,,,5.33,0.51,72.12,,0.06,5.33
0.07,0.07,,,,,,,2022,3,7569,True,,,3.72,0.28,46.2,,,3.72
,,,,,,,,2022,3,7587,True,,,0.11,0.01,1.35,,,0.11
,,,,,,,1.1,2022,3,7670,True,,,3.32,0.3,45.38,,,3.32
,,,,,,,,2022,3,8119,True,,,3.6,0.22,45.78,,,3.6
0.06,0.06,,,,,,,2022,3,8135,True,,,3.71,0.38,48.37,,0.06,3.71
0.06,0.06,,,,,,,2022,3,8144,True,,,3.66,0.29,51.79,,0.06,3.66
0.05,0.05,,,,,,,2022,3,1067,True,,,2.6,0.19,31.66,,,2.6
,,,,,,,,2022,3,2319,True,,,2.81,0.22,38.0,,,2.81
0.11,0.1,,,,,,1.5,2022,3,2325,True,,,3.02,0.21,47.19,,,3.02
,,,,,,,0.52,2022,3,4080,True,,,3.09,0.17,38.75,,,3.09
,,,,,,,,2022,3,4171,True,,,1.74,0.15,25.74,,,1.74
,,,,,,,,2022,3,4177,True,,,2.44,0.31,35.72,,,2.44
0.06,0.06,,,,,,,2022,3,4951,True,,,3.14,0.34,45.02,,0.06,3.14
0.05,0.05,,,,,,4.24,2022,3,4983,True,,,4.24,0.3,55.82,,0.05,4.24
,,,,,,,,2022,3,5773,True,,,1.4,0.16,19.31,,,1.4
0.06,0.06,,,,,,1.19,2022,3,5848,True,,,4.18,0.35,60.11,,,4.18
0.13,0.06,,,,0.88,0.19,29.95,2022,3,5872,True,,,4.47,0.38,62.24,,0.06,4.47
,,,,,,,,2022,3,5902,True,,,0.12,,0.91,,,0.12
,,,,,,,0.44,2022,3,6271,True,,,1.9,0.13,25.13,,,1.9
0.02,0.02,,,,,,,2022,3,6989,True,,,0.54,0.05,6.45,,0.02,0.54
0.07,0.07,,,,,0.03,9.28,2022,3,7547,True,,,6.24,0.36,67.91,,0.07,6.24
,,,,,,,,2022,3,7559,True,,,0.19,0.02,2.09,,,0.19
,,,,,,,,2022,3,8013,True,,,0.21,,1.83,,,0.21
,,,,,,,,2022,3,8142,True,,,1.67,0.13,19.51,,,1.67
,,,,,,,,2022,3,1346,True,,,0.78,0.07,11.56,,,0.78
0.06,0.06,,,,,0.06,2.57,2022,3,1352,True,,,3.91,0.31,46.28,,,3.91
,,,,,,,,2022,3,2331,True,,,2.79,0.23,38.0,,,2.79
0.06,0.06,,,,,,1.0,2022,3,3225,True,,,3.95,0.29,45.18,,,3.95
,,,,,,,,2022,3,3269,True,,,1.8,0.14,22.97,,,1.8
0.07,0.07,,,,,0.07,6.46,2022,3,3321,True,,,6.18,0.51,83.99,,0.07,6.18
,,,,,,,,2022,3,4420,True,,,0.25,,2.26,,,0.25
0.02,0.02,,,,,,,2022,3,5026,True,,,0.18,0.02,2.21,,,0.18
0.03,0.03,,,,,,0.63,2022,3,5113,True,,,1.63,0.13,20.04,,,1.63
,,,,,,,,2022,3,5323,True,,,2.12,0.18,23.54,,,2.12
,,,,,,,,2022,3,5880,True,,,2.12,0.15,25.62,,,2.12
,,,,,,,5.83,2022,3,6063,True,,,0.96,0.1,13.3,,,0.96
,,,,,,,,2022,3,6427,True,,,2.56,0.18,33.87,,,2.56
,,,,,,,0.6,2022,3,6798,True,,,0.76,0.04,9.28,,,0.76
,,,,,,,,2022,3,6805,True,,,1.43,0.13,19.25,,,1.43
0.01,0.01,,,,,,0.21,2022,3,6814,True,,,0.24,0.02,2.61,,,0.24
0.07,0.07,,,,,,2.21,2022,3,6819,True,,,5.83,0.47,73.32,,0.07,5.83
,,,,,,,,2022,3,7049,True,,,2.07,0.21,23.58,,,2.07
,,,,,,,0.49,2022,3,7066,True,,,3.21,0.22,40.56,,,3.21
,,,,,,,,2022,3,7496,True,,,2.3,0.13,29.51,,,2.3
0.06,0.06,,,,,,0.3,2022,3,7525,True,,,4.19,0.3,57.26,,0.06,4.19
,,,,,,,,2022,3,7751,True,,,0.32,,3.15,,,0.32
,,,,,,,,2022,3,830,True,,,2.99,0.2,40.22,,,2.99
,,,,,,,,2022,3,8475,True,,,0.61,0.05,5.47,,,0.61
0.06,0.06,,,,,,,2022,3,1992,True,,,4.18,0.39,53.67,,0.06,4.18
0.07,0.07,,,,,,,2022,3,2374,True,,,4.64,0.33,61.27,,0.07,4.64
,,,,,,,,2022,3,2410,True,,,2.49,0.19,26.23,,,2.49
0.07,0.07,,,,,,,2022,3,2449,True,,,7.13,0.7,90.0,,0.07,7.13
,,,,,,,,2022,3,3652,True,,,0.31,0.03,3.14,,,0.31
,,,,,,,,2022,3,4218,True,,,0.14,,1.49,,,0.14
,,,,,,,0.25,2022,3,4319,True,,,0.7,0.03,7.84,,,0.7
0.06,0.06,,,,,,,2022,3,5045,True,,,4.74,0.45,68.64,,0.06,4.74
,,,,,,,0.94,2022,3,5185,True,,,3.84,0.4,52.68,,,3.84
,,,,,,,,2022,3,5432,True,,,0.44,0.04,4.92,,,0.44
0.06,0.06,,,,,,1.05,2022,3,5846,True,,,4.2,0.35,60.96,,0.06,4.2
0.05,0.05,,,,,,1.14,2022,3,5927,True,,,4.62,0.33,62.82,,0.05,4.62
0.07,0.07,,,,0.92,,2.41,2022,3,6794,True,,,7.52,0.71,109.25,,0.07,7.52
0.07,0.07,,,,,,1.96,2022,3,6803,True,,,3.78,0.3,52.0,,0.07,3.78
0.15,0.07,,,,,,2.47,2022,3,7526,True,,,6.24,0.51,80.11,,0.07,6.24
,,,,,,,0.08,2022,3,7540,True,,,0.12,0.01,1.41,,,0.12
0.06,0.06,,,,,,2.62,2022,3,7564,True,,,5.89,0.64,91.53,,0.06,5.89
0.05,0.05,,,,,,3.02,2022,3,7596,True,,,3.96,0.32,49.01,,0.05,3.96
,,,,,,,1.58,2022,3,7612,True,,,1.3,0.12,13.68,,,1.3
,,,,,,,,2022,3,7713,True,,,0.3,0.01,3.0,,,0.3
0.07,0.07,,,,,,,2022,3,8112,True,,,4.9,0.33,58.96,,0.07,4.9
,,,,,,,,2022,3,8168,True,,,0.81,0.08,10.69,,,0.81
,,,,,,,,2022,3,8663,True,,,0.23,,3.44,,,0.23
0.07,0.07,,,,,,,2022,3,1689,True,,,4.87,0.46,56.77,,0.07,4.87
0.05,0.06,,,,,,1.77,2022,3,1825,True,,,3.4,0.2,36.78,,,3.4
,,,,,,,,2022,3,2821,True,,,1.05,0.09,11.84,,,1.05
0.07,0.07,,,,,,,2022,3,3199,True,,,5.96,0.44,67.3,,0.07,5.96
,,,,,,,,2022,3,3286,True,,,2.24,0.25,26.45,,,2.24
,,,,,,0.05,5.4,2022,3,4197,True,,,2.96,0.21,32.02,,,2.96
,,,,,,,1.35,2022,3,4198,True,,,0.54,0.03,6.14,,,0.54
,,,,,,,,2022,3,5096,True,,,0.39,0.04,3.95,,,0.39
0.06,0.06,,,,,,,2022,3,5110,True,,,4.3,0.32,50.18,,,4.3
,,,,,,0.03,3.53,2022,3,5121,True,,,2.08,0.11,21.26,,,2.08
,,,,,,,,2022,3,5154,True,,,1.12,0.12,12.08,,,1.12
,,,,,,,,2022,3,5915,True,,,0.88,0.08,12.15,,,0.88
0.07,0.07,,,,,0.07,5.77,2022,3,5917,True,,,3.8,0.26,45.68,,,3.8
,,,,,,,,2022,3,5970,True,,,3.19,0.31,45.9,,,3.19
,,,,,,,,2022,3,6069,True,,,0.13,,0.97,,,0.13
,,,,,,,,2022,3,6290,True,,,3.36,0.29,40.59,,,3.36
,,,,,,,4.99,2022,3,6847,True,,,3.58,0.25,36.46,,,3.58
0.05,0.05,,,,,,1.95,2022,3,7090,True,,,3.43,0.23,47.7,,0.05,3.43
0.06,0.06,,,,,,,2022,3,7571,True,,,4.72,0.34,56.34,,0.06,4.72
,,,,,,,,2022,3,7603,True,,,2.69,0.12,26.01,,,2.69
,,,,,,,,2022,3,7757,True,,,1.99,0.2,21.09,,,1.99
,,,,,,,,2022,3,7944,True,,,1.44,,14.48,,,1.44
,,,,,,,,2022,3,8121,True,,,2.8,0.24,33.52,,,2.8
0.07,0.07,,,,,,,2022,3,8146,True,,,4.59,0.37,54.93,,0.07,4.59
,,,,,,,,2022,3,8176,True,,,0.2,0.02,1.98,,,0.2
,,,,,,,,2022,3,8745,True,,,0.21,,2.33,,,0.21
,,,,,,,,2022,3,6154,True,,,2.08,0.12,23.82,,,2.08
,,,,,,,,2022,3,8917,True,,,0.09,0.02,1.17,,,0.09
,,,,,,,2.0,2022,3,3200,True,,,4.57,0.33,53.0,,,4.57
0.02,0.02,,,,,,,2022,3,4131,True,,,0.97,0.1,14.37,,0.02,0.97
,,,,,,,,2022,3,4234,True,,,2.85,0.25,36.0,,,2.85
0.13,,,,,,,2.41,2022,3,5137,True,,,3.5,0.26,43.34,,,3.5
0.06,0.06,,,,,,3.8,2022,3,6786,True,,,5.06,0.42,70.94,,0.06,5.06
,,,,,,,,2022,3,7812,True,,,0.47,0.04,5.18,,,0.47
,,,,,,,,2022,3,4033,True,,,3.03,0.24,33.08,3.03,,
,,,,,,,,2022,3,6018,True,,,0.73,0.04,6.63,0.73,,
0.07,0.07,,,,,,,2022,3,7600,True,,,4.31,0.34,43.02,4.31,0.07,
,,,,,,,,2022,3,6850,True,,,1.67,0.16,18.64,1.67,,
,,,,,,,,2022,3,2360,True,,,0.46,0.03,5.4,0.46,,
,,,,,,,,2022,3,3048,True,,,0.32,,3.51,0.32,0.11,
,,,,,,,,2022,3,4089,True,,,3.98,0.27,41.0,3.98,,
,,,,,,,,2022,3,4144,True,,,2.09,0.21,22.1,2.09,,
,,,,,,,,2022,3,4741,True,,,0.63,0.04,6.26,0.63,,
0.07,0.07,,,,,,,2022,3,5844,True,,,4.29,0.34,43.83,4.29,0.07,
,,,,,,,,2022,3,6869,True,,,0.52,0.06,5.59,0.52,,
,,,,,,,,2022,3,6894,True,,,0.13,,0.68,0.13,,
,,,,,,,,2022,3,6970,True,,,0.18,0.01,0.84,0.18,,
,,,,,,,,2022,3,7050,True,,,1.25,0.13,13.39,1.25,,
,,,,,,,,2022,3,7554,True,,,0.17,0.02,1.41,0.17,,
,,,,,,,,2022,3,7694,True,,,0.93,0.08,9.14,0.93,,
,,,,,,,,2022,3,8131,True,,,2.56,0.12,24.74,2.56,,
,,,,,,,,2022,3,8698,True,,,0.07,,0.43,0.07,,
0.14,0.07,,,,,,,2022,3,1466,True,,,6.33,0.49,77.3,6.33,0.07,
,,,,,,,,2022,3,5133,True,,,3.8,0.29,35.49,3.8,,
,,,,,,,,2022,3,5973,True,,,0.25,0.03,2.77,0.25,,
,,,,,,,,2022,3,5985,True,,,2.34,0.25,28.53,2.34,,
,,,,,,,,2022,3,6081,True,,,0.36,0.03,3.67,0.36,,
0.05,0.05,,,,,,,2022,3,6826,True,,,3.14,0.21,31.32,3.14,,
,,,,,,,,2022,3,7288,True,,,0.23,,1.85,0.23,,
0.11,0.05,,,,,,,2022,3,7553,True,,,4.15,0.26,52.92,4.15,0.05,
,,,,,,,,2022,3,2251,True,,,3.64,0.25,39.31,3.64,,
,,,,,,,,2022,3,2460,True,,,1.67,0.15,17.02,1.67,0.07,
0.05,0.05,,,,,,,2022,3,3214,True,,,2.41,0.26,26.05,2.41,0.05,
0.07,0.09,,,,,,,2022,3,3271,True,,,4.13,0.35,44.62,4.13,0.07,
,,,,,,,,2022,3,4189,True,,,0.98,0.15,8.67,0.98,,
,,,,,,,,2022,3,4314,True,,,1.47,0.07,11.3,1.47,,
,,,,,,,,2022,3,4443,True,,,1.47,0.13,11.68,1.47,,
,,,,,,,,2022,3,4973,True,,,3.81,0.26,39.21,3.81,,
,,,,,,,,2022,3,5008,True,,,1.33,0.11,12.81,1.33,,
,,,,,,,,2022,3,5010,True,,,2.43,0.24,24.82,2.43,,
0.14,0.07,,,,,,,2022,3,5012,True,,,5.37,0.48,66.99,5.37,0.07,
0.08,0.08,,,,,,,2022,3,5857,True,,,2.32,0.24,27.59,2.32,,
,,,,,,,,2022,3,6075,True,,,0.2,,1.12,0.2,,
,,,,,,,,2022,3,7002,True,,,2.95,0.25,29.89,2.95,,
,,,,,,,,2022,3,7716,True,,,0.86,0.04,9.48,0.86,,
,,,,,,,,2022,3,7946,True,,,0.32,,2.14,0.32,,
,,,,,,,,2022,3,8041,True,,,0.19,,2.06,0.19,,
,,,,,,,,2022,3,8130,True,,,0.07,0.01,0.69,0.07,,
,,,,,,,,2022,3,8210,True,,,0.41,0.04,3.76,0.41,,
,,,,,,,,2022,3,2545,True,,,2.23,0.2,17.22,2.23,,
,,,,,,,,2022,3,3202,True,,,2.95,0.22,29.55,2.95,,
,,,,,,,,2022,3,3496,True,,,0.18,,1.13,0.18,,
,,,,,,,,2022,3,4066,True,,,3.08,0.24,34.15,3.08,,
,,,,,,,,2022,3,5285,True,,,0.67,0.06,7.69,0.67,,
,,,,,,,,2022,3,5906,True,,,3.3,0.38,36.8,3.3,0.06,
,,,,,,,,2022,3,6662,True,,,1.08,0.04,8.25,1.08,,
,,,,,,,,2022,3,6665,True,,,0.63,0.09,7.06,0.63,,
,,,,,,,,2022,3,6956,True,,,0.07,,0.63,0.07,,
,,,,,,,,2022,3,7075,True,,,0.07,,0.27,0.07,,
,,,,,,,,2022,3,7536,True,,,0.5,0.07,4.68,0.5,,
,,,,,,,,2022,3,7602,True,,,2.11,0.21,20.21,2.11,,
,,,,,,,,2022,3,7891,True,,,1.09,0.06,10.54,1.09,,
,,,,,,,,2022,3,8849,True,,,0.05,,0.31,0.05,,
,,,,,,,,2022,3,2214,True,,,2.55,0.3,27.31,2.55,,
0.06,0.06,,,,,,,2022,3,2505,True,,,4.55,0.32,56.1,4.55,0.06,
,,,,,,,,2022,3,2755,True,,,0.18,0.02,1.41,0.18,,
,,,,,,,,2022,3,4055,True,,,2.68,0.27,26.79,2.68,,
0.07,0.06,,,,,,,2022,3,4217,True,,,4.49,0.36,57.0,4.49,0.07,
0.07,0.06,,,,,,,2022,3,4993,True,,,2.78,0.19,33.28,2.78,0.07,
0.07,0.07,,,,,,,2022,3,5022,True,,,4.04,0.35,49.36,4.04,0.07,
,,,,,,,,2022,3,7131,True,,,0.56,0.06,5.88,0.56,,
,,,,,,,0.28,2022,3,7216,True,,,,,,,,
,,,,,,,,2022,3,8219,True,,,0.33,0.04,3.61,0.33,,
,,,,,,,,2022,3,111,True,,,0.3,0.02,3.58,0.3,,
0.07,0.06,,,,,,,2022,3,1339,True,,,4.49,0.33,45.12,4.49,0.07,
,,,,,,,,2022,3,4054,True,,,1.75,0.19,19.31,1.75,,
,,,,,,,,2022,3,4435,True,,,0.3,0.02,3.14,0.3,,
,,,,,,,,2022,3,4602,True,,,3.15,0.28,32.29,3.15,,
,,,,,,,,2022,3,4995,True,,,1.62,0.2,17.67,1.62,,
,,,,,,,,2022,3,6126,True,,,4.11,0.34,41.31,4.11,,
,,,,,,,,2022,3,6181,True,,,0.38,,4.63,0.38,,
,,,,,,,,2022,3,6843,True,,,2.83,0.29,32.14,2.83,,
,,,,,,,,2022,3,6865,True,,,0.48,,4.47,0.48,,
,,,,,,,,2022,3,7828,True,,,0.16,0.01,1.38,0.16,,
,,,,,,,,2022,3,7842,True,,,0.15,,1.17,0.15,,
,,,,,,,,2022,3,8145,True,,,0.3,0.02,3.24,0.3,,
,,,,,,,,2022,3,8484,True,,,0.08,,0.71,0.08,,
,,,,,,,,2022,3,8665,True,,,0.76,0.08,8.49,0.76,,
,,,,,,,0.28,2022,3,6529,True,,,0.3,,3.0,,,
,,,,,,,,2022,3,8225,True,,,1.2,0.1,9.53,1.2,,
,,,,,,,,2022,3,8197,True,,,0.51,,2.94,0.51,,
,,,,,,,,2022,3,8110,True,,,1.65,0.15,16.73,1.65,,
,,,,,,,,2022,3,5409,True,,,1.67,0.13,22.19,1.67,0.55,
0.46,0.17,0.06,0.76,1.76,261.0,0.1,11.0,2022,4,6768,True,,,,,,,,
0.56,0.21,0.14,0.9,1.9,302.74,0.2,12.11,2022,4,6770,True,,,,,,,,
0.55,0.2,0.06,0.75,1.4,230.0,0.28,37.55,2022,4,2307,True,,,,,,,,
0.62,0.28,0.07,1.05,1.76,269.48,0.07,12.71,2022,4,3161,True,,,,,,,,
0.65,0.26,0.2,0.7,2.07,298.69,0.13,12.0,2022,4,6797,True,0.04,,,,,,,
0.53,0.2,0.07,0.98,1.5,246.9,0.09,8.9,2022,4,7585,True,,,,,,,,
0.51,0.17,0.06,0.67,1.07,188.1,0.3,36.48,2022,4,7591,True,0.06,,,,,,,
0.31,0.12,0.19,0.68,1.9,288.3,0.06,3.0,2022,4,167,True,,,,,,,,
0.57,0.29,0.08,0.82,1.66,250.05,0.11,12.88,2022,4,3976,True,,,,,,,,
0.72,0.37,0.15,0.87,2.56,323.54,0.38,37.31,2022,4,4984,True,,,,,,,,
0.59,0.25,0.06,0.96,1.35,222.55,0.16,17.11,2022,4,7538,True,,,,,,,,
0.63,0.26,0.19,0.76,2.23,287.65,0.17,18.76,2022,4,4046,True,,,,,,,,
0.69,0.31,0.13,0.7,1.87,246.1,0.42,62.59,2022,4,4881,True,0.05,,,,,,,
0.83,0.26,0.06,0.74,1.43,230.9,0.21,30.39,2022,4,5870,True,,,,,,,,
0.51,0.19,0.13,0.72,1.49,229.37,0.13,13.26,2022,4,1049,True,,,,,,,,
0.69,0.31,0.13,0.71,1.8,272.71,0.04,3.85,2022,4,1166,True,,,,,,,,
0.56,0.25,0.13,0.69,1.89,249.79,0.17,16.53,2022,4,1234,True,,,,,,,,
0.62,0.24,,0.66,1.4,224.73,0.07,10.17,2022,4,3257,True,,,,,,,,
,0.24,,0.71,1.39,254.28,0.09,8.69,2022,4,4574,True,,,,,,,,
0.64,0.25,0.13,0.81,1.4,277.43,0.32,27.0,2022,4,5849,True,0.05,,,,,,,
0.63,0.28,0.07,0.75,1.53,279.22,,3.6,2022,4,24,True,,,,,,,,
0.64,0.29,0.07,0.7,1.8,263.31,0.04,7.14,2022,4,3163,True,,,,,,,,
,0.25,,0.94,1.26,212.87,0.02,1.15,2022,4,345,True,,,,,,,,
0.67,0.18,0.06,0.71,1.37,222.29,0.1,13.01,2022,4,4892,True,,,,,,,,
0.69,0.35,,1.0,1.4,234.97,0.05,9.65,2022,4,829,True,,,,,,,,
,0.22,,0.9,1.55,244.53,0.13,10.1,2022,4,1373,True,,,,,,,,
0.64,0.25,0.13,0.77,1.99,279.01,0.06,3.85,2022,4,2028,True,,,,,,,,
0.6,0.28,0.13,0.71,1.66,258.02,0.51,57.0,2022,4,6904,True,0.07,,,,,,,
0.58,0.28,0.11,0.75,1.88,259.94,0.08,10.81,2022,4,7523,True,,,,,,,,
0.39,0.19,0.19,0.36,2.06,261.85,0.13,7.46,2022,4,96,True,,,,,,,,
0.66,0.4,0.12,0.9,1.53,228.55,0.13,11.24,2022,4,1837,True,,,,,,,,
0.67,0.24,0.18,1.0,1.9,278.0,,3.73,2022,4,421,True,,,,,,,,
,,,,,,0.02,1.3,2022,4,7794,True,,0.65,0.65,0.04,4.82,,,
0.13,0.06,,,,,0.65,79.26,2022,4,4018,True,0.06,3.25,3.25,0.14,25.14,,,
,,,,,,0.12,17.89,2022,4,4147,True,,1.87,1.87,0.06,13.84,,,
0.09,0.04,,,,,0.23,36.71,2022,4,5000,True,,2.6,2.6,0.05,19.46,,,
,,,,,,0.29,40.8,2022,4,2749,True,,1.58,1.58,0.1,13.2,,,
,,,,,,,2.44,2022,4,6109,True,,,1.11,,11.58,,,
,,,,,,0.08,16.88,2022,4,1387,True,,3.27,3.27,0.09,23.4,,,
0.14,0.07,,,,,0.32,58.84,2022,4,1535,True,,3.54,3.54,0.12,29.25,,,
,,,,,,,0.9,2022,4,2471,True,,,0.21,,1.46,,,
0.22,0.11,,,,,0.67,78.08,2022,4,3198,True,0.06,1.35,1.35,0.04,10.36,,,
0.12,0.06,,,,,0.44,58.05,2022,4,4199,True,,3.55,3.55,0.16,26.7,,,
0.09,0.04,,,,,0.38,44.66,2022,4,5890,True,0.05,0.7,0.7,0.03,5.23,,,
,,,,,,0.2,21.39,2022,4,6845,True,,1.54,1.54,0.1,11.23,,,
,,,,,,0.04,2.88,2022,4,6996,True,,0.53,0.53,,4.08,,,
,,,,,,,0.64,2022,4,7204,True,,,,,,,,
,,,,,,,3.38,2022,4,7551,True,,0.22,0.22,,1.6,,,
0.09,0.05,,,,,0.32,42.17,2022,4,7611,True,0.04,2.27,2.27,0.06,16.59,,,
,,,,,,,0.28,2022,4,8820,True,,,0.19,,1.33,,,
,,,,,,0.22,25.37,2022,4,1476,True,,1.2,1.2,,7.5,,,
,,,,,,,0.37,2022,4,2073,True,,,0.27,,2.22,,,
,,,,,,0.01,1.73,2022,4,2359,True,,0.4,0.4,0.02,2.98,,,
,,,,,,,0.4,2022,4,3832,True,,,0.57,0.05,6.33,,,
0.13,0.07,,,,,0.5,73.53,2022,4,3969,True,,3.55,3.55,0.13,25.07,,,
0.12,0.06,,,,,0.32,45.26,2022,4,4098,True,,2.6,2.6,0.1,22.23,,,
,,,,,,,0.41,2022,4,4353,True,,,0.5,,3.98,,,
,,,,,,0.05,3.47,2022,4,6323,True,,,0.61,0.02,4.84,0.61,0.11,
0.09,0.04,,,,,0.25,38.0,2022,4,6820,True,,3.36,3.36,0.09,23.81,,,
,,,,,,0.0,0.05,2022,4,7021,True,,0.33,0.33,,2.56,,,
0.11,0.05,,,,,0.42,62.0,2022,4,7528,True,0.06,3.19,3.19,0.11,22.91,,,
,,,,,,,,2022,4,8116,True,,0.13,0.13,0.01,1.0,,,
,,,,,,0.08,15.0,2022,4,8136,True,,1.08,1.08,0.03,8.09,,,
,,,,,,,0.3,2022,4,8181,True,,,0.07,,0.58,0.07,,
,,,,,,0.06,13.0,2022,4,8205,True,,0.47,0.47,0.02,3.47,,,
,,,,,,,,2022,4,8428,True,,,0.86,0.04,4.18,,,
0.03,,,,,,0.06,7.57,2022,4,2431,True,,0.22,0.22,0.02,1.73,,,
,,,,,,,1.74,2022,4,3312,True,,0.2,0.2,,1.6,,,
0.12,0.06,,,,,0.43,54.54,2022,4,4663,True,,4.67,4.67,0.21,38.9,,,
0.12,0.06,,,,,0.71,81.33,2022,4,4988,True,0.06,0.9,0.9,0.03,6.93,,,
0.05,0.02,,,,,0.19,34.3,2022,4,5987,True,,2.35,2.35,0.06,17.75,,,
,,,,,,0.05,3.35,2022,4,6039,True,,0.52,0.52,0.05,3.56,,,
0.1,0.05,,,,,0.29,47.6,2022,4,6130,True,,2.6,2.6,0.06,18.72,,,
0.08,0.04,,,,,0.28,41.19,2022,4,6806,True,,2.16,2.16,0.06,15.81,,,
0.12,0.06,,,,,0.41,58.47,2022,4,6828,True,0.06,2.11,2.11,0.06,16.26,,,
,0.01,,,,,0.11,8.47,2022,4,6931,True,,1.66,1.66,0.04,11.88,,,
0.09,0.04,,,,,0.16,28.26,2022,4,7543,True,,2.67,2.67,0.16,21.79,,,
0.17,0.12,,,,,0.43,62.67,2022,4,7588,True,,3.37,3.37,0.13,25.5,,,
,,,,,,0.03,3.8,2022,4,7593,True,,0.45,0.45,,3.03,,,
,,,,,,,0.93,2022,4,7609,True,,0.28,0.28,0.02,2.65,,,
,,,,,,0.1,11.28,2022,4,8138,True,,1.25,1.25,0.03,8.77,,,
,,,,,,,1.74,2022,4,8143,True,,,,,,,,
0.06,0.03,,,,,0.15,22.69,2022,4,8151,True,,1.29,1.29,0.05,9.9,,,
,,,,,,0.09,10.91,2022,4,1034,True,,2.11,2.11,0.06,15.93,,,
0.09,0.05,,,,,0.29,42.92,2022,4,2320,True,,0.99,0.99,0.03,7.09,,,
0.12,0.06,,,,,0.6,66.82,2022,4,3164,True,0.07,1.81,1.81,0.04,13.06,,,
0.24,0.19,,,,,0.42,71.42,2022,4,4029,True,0.06,2.59,2.59,0.1,21.13,,,
0.01,,,,,,0.08,10.42,2022,4,4111,True,,0.14,0.14,,1.1,,,
0.07,0.09,,,,,0.6,68.25,2022,4,4149,True,,2.83,2.83,0.08,18.84,,,
,,,,,,0.06,9.51,2022,4,4455,True,,0.59,0.59,,4.81,,,
,,,,,,,2.4,2022,4,5209,True,,0.7,0.7,,3.87,,,
,,,,,,0.0,1.28,2022,4,5995,True,,0.23,0.23,,1.84,,,
,,,,,,,,2022,4,6379,True,,0.09,0.09,,0.72,,,
,0.02,,,,,0.14,31.81,2022,4,6659,True,,1.16,1.16,0.04,8.36,,,
,,,,,,0.01,1.41,2022,4,6694,True,,,,,,,,
0.19,0.06,,,,,0.67,94.0,2022,4,6813,True,0.12,3.01,3.01,0.13,23.33,,,
,,,,,,0.18,21.55,2022,4,6951,True,,1.65,1.65,0.04,11.55,,,
,,,,,,0.06,10.1,2022,4,7045,True,,0.58,0.58,,3.95,,,
0.06,,,,,,0.06,10.83,2022,4,7594,True,,1.02,1.02,,7.69,,,
,,,,,,0.02,3.91,2022,4,8123,True,,0.21,0.21,,1.45,,,
,,,,,,0.02,2.61,2022,4,8139,True,,0.23,0.23,,1.85,,,
0.08,0.03,,,,,0.22,36.03,2022,4,8155,True,,2.96,2.96,0.09,23.75,,,
,,,,,,,,2022,4,8223,True,,,0.84,0.09,9.81,,,0.84
0.12,0.06,,,,,0.5,71.2,2022,4,4034,True,,4.01,4.01,0.19,31.87,,,
0.21,0.14,,,,,0.55,76.98,2022,4,4866,True,,4.94,4.94,0.16,38.0,,,
0.05,,,,,,0.17,21.08,2022,4,4962,True,,1.1,1.1,,7.98,,,
0.11,0.05,,,,,0.31,55.05,2022,4,4985,True,0.05,2.12,2.12,0.06,15.57,,,
0.02,,,,,,0.05,4.86,2022,4,5549,True,,0.87,0.87,0.04,6.28,,,
0.12,0.06,,,,,0.48,61.0,2022,4,5850,True,,1.99,1.99,0.05,14.51,,,
0.11,0.05,,,,,0.21,40.04,2022,4,5967,True,,3.21,3.21,0.07,23.27,,,
0.13,0.06,,,,,0.32,62.87,2022,4,6151,True,,2.14,2.14,0.06,15.88,,,
,,,,,,,,2022,4,6202,True,,,0.2,,1.84,,,
0.1,0.05,,,,,0.36,63.14,2022,4,6955,True,,1.75,1.75,0.06,13.4,,,
,,,,,,0.02,2.08,2022,4,7529,True,,0.08,0.08,,0.43,,,
,,,,,,0.05,5.4,2022,4,7720,True,,0.47,0.47,,3.31,,,
,,,,,,,0.27,2022,4,7852,True,,,,,,,,
,,,,,,0.2,29.36,2022,4,8132,True,,0.33,0.33,,2.4,,,
0.08,,,,,,0.33,48.81,2022,4,956,True,,2.18,2.18,0.06,14.0,,,
,,,,,,0.24,26.0,2022,4,2161,True,,1.99,1.99,0.08,15.56,,,
,,,,,,,0.27,2022,4,3354,True,,,,,,,,
,,,,,,,12.4,2022,4,3391,True,,0.93,0.93,,6.54,,,
,,,,,,0.07,15.53,2022,4,3664,True,,2.82,2.82,0.11,22.06,,,
0.11,0.05,,,,,0.5,59.39,2022,4,4137,True,0.06,3.04,3.04,0.13,23.1,,,
,,,,,,,,2022,4,4718,True,,0.2,0.2,,1.37,,,
,,,,,,0.11,9.37,2022,4,5131,True,,0.87,0.87,,6.2,,,
,,,,,,0.08,15.95,2022,4,5347,True,,3.83,3.83,0.2,29.32,,,
,,,,,,0.04,8.76,2022,4,5536,True,,2.04,2.04,0.1,15.68,,,
,,,,,,0.05,5.03,2022,4,6156,True,,0.4,0.4,,2.94,,,
0.11,0.05,,,,,0.3,49.58,2022,4,6945,True,0.05,2.8,2.8,0.07,22.05,,,
,,,,,,0.16,33.65,2022,4,7567,True,,2.64,2.64,0.05,19.71,,,
0.11,0.05,,,,,0.22,39.01,2022,4,7607,True,,2.36,2.36,0.11,18.23,,,
0.07,,,,,,0.42,70.7,2022,4,7608,True,,1.6,1.6,0.06,13.02,,,
,,,,,,0.37,57.96,2022,4,8129,True,,1.29,1.29,0.04,9.74,,,
,,,,,,0.1,15.69,2022,4,8189,True,,1.41,1.41,0.08,11.0,,,
,,,,,,0.09,12.5,2022,4,8228,True,,0.78,0.78,,5.68,,,
,,,,,,0.41,59.0,2022,4,5284,True,,2.08,2.08,,15.35,,,
0.11,0.05,,,,,0.39,53.83,2022,4,6938,True,,1.59,1.59,0.04,11.63,,,
,,,,,,,,2022,4,7771,True,,0.08,0.08,,0.58,,,
0.04,,,,,,0.23,29.76,2022,4,5916,True,,2.11,2.11,0.05,15.0,,,
,,,,,,0.01,2.49,2022,4,4152,True,,0.28,0.28,,1.85,,,
,,,,,,0.16,18.91,2022,4,8408,True,,0.44,0.44,,3.23,,,
,,,,,,,2.15,2022,4,1379,True,,,1.43,0.09,12.76,,,
,,,,,,,,2022,4,4218,True,,,0.15,,1.59,,,0.15
,,,,,,,,2022,4,5154,True,,,0.8,0.11,8.26,,,0.8
,,,,,,,,2022,4,4854,True,,,0.63,0.13,6.81,,,0.63
0.06,0.06,,,,,,1.05,2022,4,3225,True,,,4.13,0.31,47.24,,,4.13
,,,,,,,,2022,4,6069,True,,,0.13,,1.46,,,0.13
,,,,,,,,2022,4,3652,True,,,0.33,0.03,3.61,,,0.33
0.07,0.07,,,,,,,2022,4,6801,True,,,5.55,0.53,75.29,,0.07,5.55
0.06,0.06,,,,,,4.0,2022,4,7564,True,,,5.31,0.57,82.55,,0.06,5.31
0.07,0.07,,,,,,5.0,2022,4,3321,True,,,5.89,0.48,79.95,,0.07,5.89
0.13,0.06,,,,,,3.0,2022,4,7526,True,,,5.69,0.47,77.0,,0.06,5.69
,,,,,,,,2022,4,1346,True,,,1.79,0.14,26.3,,,1.79
,,,,,,,,2022,4,3269,True,,,1.88,0.14,23.96,,,1.88
,,,,,,0.05,5.16,2022,4,4197,True,,,2.84,0.2,30.63,,,2.84
,,,,,,,,2022,4,4622,True,,,2.51,0.2,28.47,,,2.51
,,,,,,,,2022,4,5902,True,,,0.12,,1.15,,,0.12
,,,,,,,,2022,4,5965,True,,,0.25,,2.38,,,0.25
,,,,,,,0.56,2022,4,6149,True,,,1.54,0.15,23.1,,,1.54
,,,,,,,0.3,2022,4,6234,True,,,0.22,0.02,3.22,,,0.22
,,,,,,,0.49,2022,4,6271,True,,,2.11,0.14,27.9,,,2.11
,,,,,,,,2022,4,6805,True,,,2.5,0.22,33.53,,,2.5
,,,,,,,0.21,2022,4,6927,True,,,1.82,0.12,25.13,,,1.82
,,,,,,,,2022,4,6957,True,,,0.33,0.03,3.78,,,0.33
0.05,0.06,,,,,,1.92,2022,4,7090,True,,,3.39,0.25,46.87,,0.05,3.39
,,,,,,,,2022,4,7496,True,,,1.53,0.08,19.75,,,1.53
,,,,,,,0.44,2022,4,7533,True,,,0.59,0.04,7.94,,,0.59
,,,,,,,,2022,4,7559,True,,,0.17,0.02,1.89,,,0.17
0.04,0.04,,,,,,,2022,4,8118,True,,,2.48,0.14,27.22,,,2.48
,,,,,,0.06,6.32,2022,4,8917,True,,,0.52,0.08,6.99,,,0.52
,,,,,,,,2022,4,2319,True,,,3.5,0.29,47.27,,,3.5
,,,,,,,,2022,4,2410,True,,,2.38,0.18,25.09,,,2.38
,,,,,,,,2022,4,3328,True,,,0.2,0.01,2.79,,,0.2
0.07,0.07,,,,,,,2022,4,4068,True,,,4.99,0.51,70.73,,0.07,4.99
,,,,,,,,2022,4,4420,True,,,0.23,,2.11,,,0.23
,,,,,,,,2022,4,4992,True,,,1.62,0.1,17.31,,,1.62
,,,,,,,,2022,4,5323,True,,,1.9,0.16,21.06,,,1.9
,,,,,,,,2022,4,5773,True,,,1.56,0.18,21.43,,,1.56
,,,,,,,,2022,4,5915,True,,,1.14,0.1,15.58,,,1.14
0.06,0.06,,,,,,1.59,2022,4,6783,True,,,4.36,0.3,55.87,,0.06,4.36
,,,,,,,0.52,2022,4,6798,True,,,0.66,0.03,6.0,,,0.66
,,,,,,,0.67,2022,4,6824,True,,,2.82,0.3,42.2,,,2.82
,,,,,,,,2022,4,7603,True,,,2.11,0.09,20.4,,,2.11
,,,,,,,,2022,4,7812,True,,,0.26,0.02,2.82,,,0.26
,,,,,,,,2022,4,7944,True,,,0.76,,7.66,,,0.76
,,,,,,,,2022,4,8013,True,,,0.06,,0.49,,,0.06
,,,,,,,,2022,4,8119,True,,,3.3,0.18,39.02,,,3.3
,,,,,,,,2022,4,8142,True,,,2.88,0.25,33.55,,,2.88
,,,,,,,,2022,4,947,True,,,3.23,0.2,40.4,,,3.23
0.05,0.05,,,,,,,2022,4,1144,True,,,1.34,0.05,12.57,,,1.34
0.06,0.06,,,,,0.06,2.7,2022,4,1352,True,,,4.12,0.32,48.65,,,4.12
0.06,0.05,,,,,,,2022,4,1825,True,,,3.98,0.25,46.32,,,3.98
0.06,0.06,,,,,,,2022,4,2133,True,,,6.08,0.54,76.69,,0.06,6.08
,,,,,,,,2022,4,3286,True,,,1.96,0.22,23.27,,,1.96
,,,,,,,,2022,4,4171,True,,,4.2,0.32,61.08,,,4.2
,,,,,1.04,,2.72,2022,4,4454,True,,,1.86,0.18,23.26,,,1.86
0.06,0.06,,,,,,1.53,2022,4,4950,True,,,5.42,0.38,62.62,,0.06,5.42
0.05,0.04,,,,,0.02,8.2,2022,4,4983,True,,,3.93,0.28,51.77,,0.05,3.93
,,,,,,,,2022,4,5086,True,,,3.43,0.33,54.5,,,3.43
0.15,0.02,,,,,0.01,2.54,2022,4,5137,True,,,3.69,0.26,51.92,,,3.69
,,,,,,,,2022,4,5374,True,,,0.91,0.13,11.81,,,0.91
0.07,0.07,,,,,,1.09,2022,4,5846,True,,,4.37,0.36,63.39,,0.07,4.37
0.07,0.06,,,,,,2.63,2022,4,5859,True,,,5.26,0.5,75.72,,0.07,5.26
0.06,0.06,,,,,0.03,1.38,2022,4,6814,True,,,1.56,0.13,17.0,,,1.56
0.06,0.06,,,,,,2.12,2022,4,6819,True,,,5.59,0.45,70.42,,0.06,5.59
,,,,,,,0.42,2022,4,7066,True,,,2.78,0.19,35.17,,,2.78
0.04,0.04,,,,,0.04,3.73,2022,4,7601,True,,,2.43,0.16,25.6,,,2.43
,,,,,,,1.54,2022,4,7612,True,,,1.26,0.11,13.32,,,1.26
0.06,0.08,,,,,,,2022,4,8146,True,,,4.75,0.37,56.73,,0.06,4.75
,,,,,,,,2022,4,8475,True,,,0.61,0.06,6.11,,,0.61
,,,,,,,,2022,4,928,True,,,2.57,0.25,26.46,,,2.57
0.07,0.07,,,,,,,2022,4,2309,True,,,5.32,0.5,67.9,,0.07,5.32
0.06,0.06,,,,,,,2022,4,4037,True,,,4.32,0.42,54.42,,0.06,4.32
0.06,0.06,,,,,,,2022,4,4040,True,,,4.85,0.42,52.73,,0.06,4.85
,,,,,,,,2022,4,4234,True,,,4.04,0.32,48.2,,,4.04
0.07,0.06,,,,,,,2022,4,5110,True,,,4.21,0.32,49.1,,,4.21
,,,,,,0.04,2.19,2022,4,5121,True,,,1.3,0.07,13.18,,,1.3
0.07,0.07,,,,,,1.33,2022,4,5848,True,,,5.1,0.4,67.21,,,5.1
,,,,,,,,2022,4,5880,True,,,2.29,0.18,27.97,,,2.29
0.05,0.05,,,,,,1.03,2022,4,5927,True,,,4.2,0.37,57.13,,0.05,4.2
,,,,,,,,2022,4,6557,True,,,0.15,0.01,1.91,,,0.15
0.07,0.07,,,,,,4.16,2022,4,6786,True,,,5.56,0.53,77.82,,0.07,5.56
0.06,0.06,,,,0.72,,1.89,2022,4,6794,True,,,5.87,0.56,85.36,,0.06,5.87
0.06,0.06,,,,,,0.33,2022,4,7525,True,,,4.5,0.33,61.55,,0.06,4.5
0.06,0.05,,,,,,,2022,4,7571,True,,,4.65,0.38,55.49,,0.06,4.65
,,,,,,,,2022,4,8134,True,,,0.6,0.04,7.9,,,0.6
,,,,,,,,2022,4,8137,True,,,3.01,0.32,38.04,,,3.01
,,,,,,,2.66,2022,4,2750,True,,,2.16,0.29,29.23,,,2.16
0.06,0.06,,,,,,1.45,2022,4,3423,True,,,3.46,0.25,43.51,,,3.46
,,,,,,,2.25,2022,4,3634,True,,,3.27,0.17,35.27,,,3.27
,,,,,,0.03,7.1,2022,4,4082,True,,,5.2,0.28,53.36,,0.07,5.2
0.05,0.05,,,,,,,2022,4,4131,True,,,2.17,0.2,22.02,,0.05,2.17
,,,,,,,,2022,4,4177,True,,,3.79,0.36,55.51,,,3.79
,,,,,,,1.36,2022,4,4198,True,,,0.55,0.03,6.2,,,0.55
0.22,0.25,,,,,,,2022,4,5026,True,,,2.22,0.25,27.0,,,2.22
,,,,,,,,2022,4,5038,True,,,3.22,0.33,45.26,,,3.22
,,,,,,,,2022,4,5432,True,,,0.42,0.03,4.56,,,0.42
0.14,0.07,,,,,,2.0,2022,4,5937,True,,,6.42,0.36,66.63,,0.07,6.42
,,,,,,,,2022,4,5938,True,,,1.2,0.07,14.72,,,1.2
,,,,,,,,2022,4,5970,True,,,4.24,0.32,50.14,,,4.24
,,,,,,,3.33,2022,4,6063,True,,,0.54,0.09,7.47,,,0.54
,,,,,,,,2022,4,6154,True,,,3.0,0.22,32.88,,,3.0
0.06,0.06,,,,,,4.19,2022,4,6886,True,,,3.94,0.31,50.03,,0.06,3.94
,,,,,,,,2022,4,6895,True,,,2.46,0.16,36.49,,,2.46
0.06,0.06,,,,,,0.81,2022,4,6943,True,,,4.31,0.5,60.53,,0.06,4.31
0.05,0.05,,,,,,,2022,4,6989,True,,,1.19,0.1,14.44,,0.05,1.19
,,,,,,,0.3,2022,4,7540,True,,,0.42,0.03,4.98,,,0.42
0.07,0.07,,,,,,,2022,4,7569,True,,,3.57,0.27,44.32,,,3.57
,,,,,,,,2022,4,7587,True,,,0.1,0.01,1.26,,,0.1
,,,,,,,,2022,4,7713,True,,,0.33,0.01,4.0,,,0.33
,,,,,,,,2022,4,7751,True,,,0.3,,2.91,,,0.3
0.06,0.06,,,,,,,2022,4,8135,True,,,3.44,0.34,44.78,,0.06,3.44
0.06,0.06,,,,,,,2022,4,1067,True,,,3.29,0.24,44.06,,,3.29
0.06,0.06,,,,,,,2022,4,1689,True,,,4.79,0.45,55.0,,0.06,4.79
0.06,0.07,,,,,,1.64,2022,4,2197,True,,,5.3,0.32,65.37,,0.06,5.3
0.07,0.07,,,,,,0.41,2022,4,2216,True,,,5.45,0.62,78.45,,0.07,5.45
0.1,0.1,,,,,,1.21,2022,4,2325,True,,,2.32,0.19,36.5,,,2.32
,,,,,,,,2022,4,2334,True,,,0.56,0.03,6.01,,,0.56
0.07,0.07,,,,,,,2022,4,2374,True,,,4.6,0.33,60.75,,0.07,4.6
0.07,0.07,,,,,,,2022,4,2449,True,,,7.26,0.69,92.47,,0.07,7.26
,,,,,,,,2022,4,4036,True,,,2.74,0.26,39.66,,0.06,2.74
,,,,,,,0.36,2022,4,4319,True,,,0.99,0.06,11.08,,,0.99
0.06,0.06,,,,,,,2022,4,5045,True,,,4.66,0.45,67.48,,0.06,4.66
,,,,,,,0.95,2022,4,5185,True,,,3.96,0.45,54.23,,,3.96
0.05,0.05,,,,,0.05,4.21,2022,4,5917,True,,,2.78,0.19,33.38,,,2.78
,,,,,,,,2022,4,6427,True,,,1.72,0.11,22.89,,,1.72
,,,,,,0.03,4.58,2022,4,6847,True,,,3.3,0.23,33.53,,,3.3
,,,,,,,,2022,4,7595,True,,,0.48,0.06,5.76,,,0.48
0.05,0.05,,,,,,2.84,2022,4,7596,True,,,3.71,0.27,46.18,,0.05,3.71
,,,,,,,1.43,2022,4,7670,True,,,4.26,0.4,57.98,,,4.26
0.06,0.06,,,,,,,2022,4,8112,True,,,4.89,0.33,62.3,,0.06,4.89
,,,,,,,,2022,4,8121,True,,,4.44,0.38,53.27,,,4.44
0.07,0.07,,,,,,,2022,4,8144,True,,,4.79,0.37,70.0,,0.07,4.79
,,,,,,,,2022,4,8167,True,,,1.49,0.11,17.53,,,1.49
,,,,,,,,2022,4,8168,True,,,0.44,0.05,5.84,,,0.44
,,,,,,,,2022,4,8171,True,,,2.52,0.14,24.5,,,2.52
,,,,,,,,2022,4,8180,True,,,0.19,0.02,2.09,,,0.19
0.12,0.06,,,,0.83,0.18,29.0,2022,4,5872,True,,,4.39,0.37,61.21,,0.06,4.39
,,,,,,,,2022,4,7049,True,,,2.01,0.21,22.86,,,2.01
0.05,0.04,,,,,,,2022,4,1992,True,,,3.41,0.32,40.0,,0.05,3.41
,,,,,,,,2022,4,7757,True,,,2.78,0.25,29.45,,,2.78
,,,,,,,0.29,2022,4,5096,True,,,0.38,0.03,5.0,,,0.38
,,,,,,,2.65,2022,4,5695,True,,,0.78,0.1,7.64,,,0.78
0.06,0.07,,,,,,2.14,2022,4,6803,True,,,4.09,0.39,59.03,,0.06,4.09
,,,,,,,,2022,4,8745,True,,,0.19,,2.11,,,0.19
0.07,0.07,,,,,,2.28,2022,4,4039,True,,,7.93,0.71,102.0,,0.07,7.93
,,,,,,,,2022,4,5008,True,,,1.35,0.11,14.0,1.35,,
,,,,,,,,2022,4,6894,True,,,0.72,,5.0,0.72,,
,,,,,,,,2022,4,8849,True,,,0.05,,0.29,0.05,,
,,,,,,,,2022,4,4973,True,,,4.04,0.28,37.0,4.04,,
0.06,0.06,,,,,,,2022,4,4993,True,,,2.5,0.19,26.0,2.5,0.06,
0.07,0.06,,,,,,,2022,4,1339,True,,,4.48,0.36,45.11,4.48,0.07,
0.13,0.06,,,,,,,2022,4,1466,True,,,6.14,0.48,74.98,6.14,0.06,
0.06,0.06,,,,,,,2022,4,2505,True,,,4.35,0.31,53.59,4.35,0.06,
,,,,,,,,2022,4,4066,True,,,3.09,0.21,34.77,3.09,,
,,,,,,,,2022,4,4995,True,,,1.67,0.21,18.16,1.67,,
,,,,,,,,2022,4,6018,True,,,0.83,0.04,7.54,0.83,,
,,,,,,,,2022,4,6843,True,,,2.12,0.22,24.16,2.12,,
,,,,,,,,2022,4,6865,True,,,0.46,0.02,4.3,0.46,,
,,,,,,,,2022,4,7050,True,,,1.46,0.15,15.62,1.46,,
,,,,,,,,2022,4,7131,True,,,0.65,0.06,6.86,0.65,,
0.11,0.06,,,,,,,2022,4,7553,True,,,4.35,0.28,53.44,4.35,0.06,
,,,,,,,,2022,4,7842,True,,,0.16,,1.21,0.16,,
,,,,,,,,2022,4,7946,True,,,0.33,,2.19,0.33,,
,,,,,,,,2022,4,8698,True,,,0.06,,0.39,0.06,,
0.08,0.07,,,,,,,2022,4,5844,True,,,4.84,0.4,49.39,4.84,0.08,
,,,,,,,0.3,2022,4,6529,True,,,,,,,,
0.06,0.07,,,,,,,2022,4,7600,True,,,4.02,0.32,45.0,4.02,0.06,
,,,,,,,,2022,4,7716,True,,,1.12,0.06,12.39,1.12,,
0.14,0.07,,,,,,,2022,4,5012,True,,,5.43,0.49,67.82,5.43,0.07,
,,,,,,,,2022,4,5973,True,,,0.25,0.03,2.77,0.25,,
,,,,,,,,2022,4,6665,True,,,0.56,0.08,6.29,0.56,,
,,,,,,,0.29,2022,4,7216,True,,,,,,,,
,,,,,,,,2022,4,7288,True,,,0.2,,1.61,0.2,,
,,,,,,,,2022,4,7694,True,,,0.97,0.08,9.53,0.97,,
,,,,,,,,2022,4,7828,True,,,0.98,0.07,8.0,0.98,,
,,,,,,,,2022,4,7891,True,,,0.57,0.03,5.43,0.57,,
,,,,,,,,2022,4,8131,True,,,2.56,0.12,24.85,2.56,,
,,,,,,,,2022,4,8145,True,,,0.29,0.02,3.11,0.29,,
,,,,,,,,2022,4,2360,True,,,0.07,,0.79,0.07,,
,,,,,,,,2022,4,2460,True,,,1.6,0.14,16.31,1.6,0.07,
,,,,,,,,2022,4,2755,True,,,0.17,,1.38,0.17,,
,,,,,,,,2022,4,3048,True,,,0.33,,3.62,0.33,0.11,
,,,,,,,,2022,4,3202,True,,,1.53,0.12,15.32,1.53,,
0.05,0.05,,,,,,,2022,4,3214,True,,,2.08,0.23,22.46,2.08,0.05,
,,,,,,,,2022,4,3496,True,,,0.18,,1.13,0.18,,
,,,,,,,,2022,4,4054,True,,,1.85,0.2,20.44,1.85,,
,,,,,,,,2022,4,4189,True,,,0.98,0.02,8.56,0.98,,
,,,,,,,,2022,4,4314,True,,,1.49,0.12,15.0,1.49,,
0.07,0.04,0.04,,0.07,4.48,0.07,2.82,2022,4,4381,True,,,0.37,,3.04,0.37,,
,,,,,,,,2022,4,4741,True,,,0.63,0.04,6.35,0.63,,
,,,,,,,,2022,4,5409,True,,,1.79,0.1,23.89,1.79,0.6,
0.08,0.08,,,,,,,2022,4,5857,True,,,2.24,0.23,26.64,2.24,,
,,,,,,,,2022,4,6075,True,,,0.2,,1.12,0.2,,
,,,,,,,,2022,4,6126,True,,,3.19,0.27,32.09,3.19,,
,,,,,,,,2022,4,6662,True,,,0.84,0.04,6.3,0.84,,
,,,,,,,,2022,4,7536,True,,,0.47,0.07,4.48,0.47,,
,,,,,,,,2022,4,7602,True,,,2.23,0.22,21.39,2.23,,
,,,,,,,,2022,4,4033,True,,,3.77,0.3,41.03,3.77,,
,,,,,,,,2022,4,4089,True,,,3.88,0.32,39.97,3.88,,
,,,,,,,,2022,4,4144,True,,,1.76,0.17,18.57,1.76,,
,,,,,,,,2022,4,4435,True,,,0.32,0.03,3.4,0.32,,
,,,,,,,,2022,4,4602,True,,,3.25,0.29,33.38,3.25,,
0.07,0.07,,,,,,,2022,4,5001,True,,,4.65,0.36,45.82,4.65,0.07,
0.07,0.07,,,,,,,2022,4,5022,True,,,4.15,0.35,48.47,4.15,0.07,
,,,,,,,,2022,4,5906,True,,,3.16,0.36,35.21,3.16,0.06,
,,,,,,,,2022,4,6869,True,,,0.96,0.11,10.24,0.96,,
,,,,,,,,2022,4,8110,True,,,1.4,0.07,13.85,1.4,,
,,,,,,,,2022,4,8130,True,,,0.7,0.1,7.1,0.7,,
,,,,,,,,2022,4,8197,True,,,0.38,0.01,2.12,0.38,,
,,,,,,,,2022,4,8219,True,,,0.98,0.08,10.39,0.98,,
,,,,,,,,2022,4,8225,True,,,2.28,0.18,18.09,2.28,,
,,,,,,,,2022,4,111,True,,,0.35,0.02,4.17,0.35,,
,,,,,,,,2022,4,2214,True,,,2.72,0.2,26.0,2.72,,
,,,,,,,,2022,4,2251,True,,,3.22,0.22,34.71,3.22,,
,,,,,,,,2022,4,2545,True,,,1.89,0.17,18.07,1.89,,
,,,,,,,,2022,4,4055,True,,,1.31,0.13,13.0,1.31,,
,,,,,,,,2022,4,5010,True,,,2.34,0.23,23.86,2.34,,
,,,,,,,,2022,4,5133,True,,,3.61,0.27,33.69,3.61,,
0.05,0.05,,,,,,,2022,4,6826,True,,,2.13,0.14,21.19,2.13,,
,,,,,,,,2022,4,6850,True,,,1.78,0.17,19.82,1.78,,
,,,,,,,,2022,4,6970,True,,,0.17,,0.87,0.17,,
,,,,,,,,2022,4,7002,True,,,1.82,0.23,18.7,1.82,,
,,,,,,,,2022,4,7554,True,,,0.15,0.01,1.28,0.15,,
,,,,,,,,2022,4,8111,True,,,1.0,0.14,10.91,1.0,,
,,,,,,,,2022,4,8210,True,,,1.14,0.09,10.53,1.14,,
,,,,,,,,2022,4,8665,True,,,0.48,0.05,5.35,0.48,,
0.06,0.06,,,,,,,2022,4,4217,True,,,3.91,0.3,50.89,3.91,0.06,
,,,,,,,,2022,4,5285,True,,,0.65,0.06,7.45,0.65,,
,,,,,,,,2022,4,6081,True,,,0.33,0.03,3.33,0.33,,
,,,,,,,,2022,4,7075,True,,,0.07,,0.26,0.07,,
0.08,0.08,,,,,,,2022,4,3271,True,,,4.82,0.39,51.07,4.82,0.08,
0.55,0.25,0.06,0.74,1.3,245.62,,6.0,2022,5,24,True,,,,,,,,
0.59,0.27,0.13,0.72,1.6,245.0,0.19,17.85,2022,5,1234,True,,,,,,,,
0.69,0.4,0.13,0.83,1.6,239.54,0.1,8.86,2022,5,1837,True,,,,,,,,
0.96,0.3,,0.8,1.7,253.0,0.04,9.0,2022,5,2152,True,,,,,,,,
0.69,0.25,0.19,0.82,1.83,271.47,,3.41,2022,5,421,True,,,,,,,,
,0.12,,0.74,1.65,218.31,0.08,7.47,2022,5,4574,True,,,,,,,,
0.68,0.28,0.13,0.91,1.7,258.0,0.13,16.61,2022,5,7523,True,,,,,,,,
0.45,0.15,0.05,0.56,0.89,157.65,0.33,39.33,2022,5,7591,True,0.07,,,,,,,
0.45,0.2,0.05,0.79,1.18,221.28,0.22,30.25,2022,5,2307,True,,,,,,,,
0.56,0.25,0.06,0.85,2.13,260.34,0.12,8.19,2022,5,3163,True,,,,,,,,
0.5,0.19,0.06,0.92,1.42,233.15,0.09,8.41,2022,5,7585,True,,,,,,,,
0.87,0.45,,0.78,1.56,213.72,0.15,15.2,2022,5,8160,True,,,,,,,,
0.53,0.2,0.13,0.73,1.53,234.04,0.14,14.47,2022,5,1049,True,,,,,,,,
0.35,0.14,0.21,0.75,2.1,306.0,0.07,3.0,2022,5,167,True,,,,,,,,
0.72,0.33,0.14,1.0,2.22,239.0,0.4,55.0,2022,5,4881,True,0.05,,,,,,,
0.61,0.16,0.05,0.96,1.25,202.44,0.09,11.96,2022,5,4892,True,,,,,,,,
0.61,0.24,0.12,0.74,1.68,249.25,0.34,32.03,2022,5,5849,True,0.06,,,,,,,
0.71,0.36,0.15,0.8,2.33,306.43,0.3,38.81,2022,5,4984,True,,,,,,,,
0.59,0.27,0.13,0.75,1.63,252.85,0.6,56.05,2022,5,6904,True,0.07,,,,,,,
0.71,0.19,,0.71,1.5,225.0,0.04,10.0,2022,5,829,True,,,,,,,,
0.74,0.33,0.14,0.75,2.01,266.99,0.04,4.21,2022,5,1166,True,,,,,,,,
0.4,0.2,0.2,0.4,1.9,251.0,0.13,7.61,2022,5,96,True,,,,,,,,
,0.26,,0.78,1.55,233.42,0.2,19.7,2022,5,1373,True,,,,,,,,
0.66,0.29,0.07,1.1,1.83,264.73,0.07,14.08,2022,5,3161,True,,,,,,,,
0.63,0.2,,0.88,1.21,221.7,0.15,15.25,2022,5,3257,True,,,,,,,,
0.68,0.21,0.05,0.75,1.0,183.24,0.22,29.95,2022,5,5870,True,,,,,,,,
0.52,0.2,0.13,1.0,2.0,282.35,0.1,16.0,2022,5,6770,True,,,,,,,,
0.62,0.24,0.19,0.75,2.14,282.51,0.15,11.0,2022,5,6797,True,0.05,,,,,,,
0.68,0.26,0.07,0.94,1.36,234.75,0.18,18.52,2022,5,7538,True,,,,,,,,
,0.1,,1.02,1.22,212.24,0.01,3.25,2022,5,8157,True,,,,,,,,
0.68,0.27,0.21,0.53,2.32,276.0,0.2,22.37,2022,5,4046,True,,,,,,,,
0.63,0.26,0.12,0.7,1.6,257.84,0.13,8.0,2022,5,2028,True,,,,,,,,
0.13,0.07,,,,,0.46,61.0,2022,5,2320,True,,1.98,1.98,0.1,14.25,,,
,,,,,,0.28,43.2,2022,5,5347,True,,4.29,4.29,0.2,32.92,,,
,,,,,,,3.62,2022,5,6323,True,,,0.63,0.02,5.06,0.63,0.11,
,,,,,,0.1,11.42,2022,5,7551,True,,0.4,0.4,0.01,2.86,,,
,,,,,,0.2,28.48,2022,5,5209,True,,1.75,1.75,0.03,9.57,,,
,,,,,,,0.3,2022,5,2073,True,,,0.22,,1.79,,,
0.04,,,,,,,7.65,2022,5,2431,True,,0.1,0.1,,1.0,,,
0.11,0.06,,,,,0.31,43.73,2022,5,4098,True,,2.52,2.52,0.09,21.47,,,
0.06,0.09,,,,,0.6,68.08,2022,5,4149,True,,1.89,1.89,0.11,13.89,,,
0.12,0.06,,,,,0.45,59.73,2022,5,4199,True,,3.37,3.37,0.16,25.32,,,
,,,,,,0.45,63.44,2022,5,5284,True,,1.93,1.93,0.03,14.2,,,
0.05,,,,,,0.26,36.39,2022,5,5916,True,,2.58,2.58,0.08,19.26,,,
,,,,,,0.06,3.63,2022,5,6039,True,,0.56,0.56,0.06,3.86,,,
,0.01,,,,,0.07,14.43,2022,5,6659,True,,1.02,1.02,0.02,7.35,,,
,,,,,,0.24,18.87,2022,5,6845,True,,0.94,0.94,0.13,6.84,,,
,,,,,,0.05,3.52,2022,5,6996,True,,0.64,0.64,,4.98,,,
,,,,,,0.0,0.04,2022,5,7021,True,,0.28,0.28,,2.2,,,
0.09,0.05,,,,,0.36,54.54,2022,5,7528,True,0.04,3.21,3.21,0.11,23.02,,,
,0.02,,,,,0.27,26.22,2022,5,7741,True,,0.91,0.91,0.04,8.22,,,
,0.03,,,,,0.33,48.3,2022,5,8132,True,,1.28,1.28,0.03,9.64,,,
,,,,,,0.13,24.5,2022,5,8154,True,,0.61,0.61,0.02,4.86,,,
,,,,,,0.05,5.61,2022,5,8408,True,,0.45,0.45,,3.31,,,
0.1,0.05,,,,,0.17,34.9,2022,5,5967,True,,2.76,2.76,0.06,20.0,,,
,,,,,,,,2022,5,6379,True,,0.09,0.09,,0.7,,,
0.13,0.06,,,,,0.44,57.0,2022,5,6828,True,0.06,2.03,2.03,0.06,16.0,,,
0.11,0.06,,,,,0.42,55.65,2022,5,6938,True,,1.58,1.58,0.04,11.53,,,
,,,,,,0.08,15.98,2022,5,7567,True,,2.0,2.0,0.04,14.98,,,
0.05,,,,,,0.06,10.04,2022,5,7594,True,,0.48,0.48,,3.6,,,
,0.0,,,,,0.01,5.0,2022,5,7809,True,,0.9,0.9,0.01,3.0,,,
,,,,,,,0.23,2022,5,8181,True,,,0.06,,0.45,0.06,,
,,,,,,,,2022,5,8223,True,,,1.07,0.12,12.58,,,1.07
,,,,,,0.09,11.75,2022,5,8228,True,,0.62,0.62,,4.58,,,
,,,,,,,2.21,2022,5,1379,True,,,1.71,0.1,15.17,,,
0.11,0.05,,,,,0.52,57.03,2022,5,3164,True,0.06,1.69,1.69,0.04,12.29,,,
0.25,0.13,,,,,0.7,80.99,2022,5,3198,True,0.06,1.7,1.7,0.06,16.0,,,
,,,,,,0.08,17.45,2022,5,3664,True,,2.66,2.66,0.1,20.84,,,
0.26,0.13,,,,,0.55,71.0,2022,5,4029,True,0.07,2.58,2.58,0.12,19.0,,,
0.11,0.05,,,,,0.43,57.18,2022,5,4034,True,,4.73,4.73,0.21,37.55,,,
0.0,,,,,,0.02,1.88,2022,5,4111,True,,0.13,0.13,,1.02,,,
,,,,,,,,2022,5,4718,True,,0.18,0.18,,1.29,,,
0.05,,,,,,0.16,19.24,2022,5,4962,True,,1.37,1.37,,10.11,,,
0.09,0.04,,,,,0.19,30.82,2022,5,5000,True,,3.09,3.09,0.06,23.2,,,
,,,,,,0.04,9.56,2022,5,5536,True,,2.23,2.23,0.1,17.11,,,
,,,,,,,2.63,2022,5,6109,True,,,0.66,,6.9,,,
0.11,0.06,,,,,0.21,38.33,2022,5,7543,True,,2.98,2.98,0.19,24.11,,,
,,,,,,,0.3,2022,5,7852,True,,,,,,,,
,,,,,,,2.16,2022,5,8189,True,,0.65,0.65,0.04,5.09,,,
0.05,,,,,,0.22,32.42,2022,5,956,True,,1.33,1.33,0.04,9.81,,,
,,,,,,,0.21,2022,5,3354,True,,,,,,,,
0.14,0.07,,,,,0.62,60.65,2022,5,3969,True,,3.91,3.91,0.14,27.63,,,
0.12,0.06,,,,,0.44,57.24,2022,5,4035,True,0.06,3.75,3.75,0.18,29.25,,,
0.11,0.06,,,,,0.5,53.91,2022,5,4137,True,0.05,2.99,2.99,0.13,22.7,,,
0.18,0.13,,,,,0.4,81.0,2022,5,4866,True,,4.14,4.14,0.13,29.0,,,
,0.0,,,,,0.1,8.18,2022,5,5131,True,,0.97,0.97,0.01,5.71,,,
0.04,,,,,,0.17,29.32,2022,5,5987,True,,1.29,1.29,0.03,9.78,,,
0.11,0.05,,,,,0.45,54.0,2022,5,6806,True,,1.82,1.82,0.05,13.32,,,
,,,,,,0.06,7.97,2022,5,6931,True,,1.22,1.22,,8.64,,,
0.12,0.05,,,,,0.49,69.14,2022,5,6955,True,,2.09,2.09,0.05,15.73,,,
,,,,,,0.02,1.75,2022,5,7529,True,,0.07,0.07,,0.36,,,
0.1,0.05,,,,,0.17,29.79,2022,5,7607,True,,3.17,3.17,0.15,24.5,,,
,,,,,,0.0,0.49,2022,5,7720,True,,,,,,,,
,,,,,,,,2022,5,7771,True,,0.09,0.09,,0.63,,,
,,,,,,0.41,61.72,2022,5,8129,True,,2.03,2.03,0.07,15.33,,,
,,,,,,0.11,26.3,2022,5,8136,True,,1.48,1.48,0.04,11.1,,,
0.05,0.03,,,,,0.14,21.45,2022,5,8151,True,,1.19,1.19,0.05,9.15,,,
,,,,,,0.04,8.41,2022,5,1387,True,,2.83,2.83,0.07,20.27,,,
0.12,0.07,,,,,0.53,73.0,2022,5,4018,True,0.06,3.17,3.17,0.13,24.5,,,
0.13,0.06,,,,,0.45,51.0,2022,5,4663,True,,4.53,4.53,0.2,37.83,,,
0.12,0.06,,,,,0.4,62.1,2022,5,4985,True,0.06,1.38,1.38,0.04,10.19,,,
0.13,0.06,,,,,0.74,84.18,2022,5,4988,True,0.06,1.36,1.36,0.05,10.45,,,
0.02,,,,,,0.05,4.77,2022,5,5549,True,,0.85,0.85,0.04,6.17,,,
0.13,0.07,,,,,0.61,61.47,2022,5,5890,True,0.07,1.41,1.41,0.03,10.51,,,
0.12,0.07,,,,,0.32,52.9,2022,5,6130,True,,3.54,3.54,0.09,25.63,,,
0.1,0.05,,,,,0.27,44.31,2022,5,6945,True,0.05,2.03,2.03,0.06,16.02,,,
,,,,,,0.18,20.81,2022,5,6951,True,,1.62,1.62,,11.35,,,
,,,,,,,0.71,2022,5,7204,True,,,,,,,,
,,,,,,,0.27,2022,5,8820,True,,,0.18,,1.25,,,
,,,,,,0.33,55.69,2022,5,2749,True,,1.92,1.92,0.03,16.0,,,
0.03,,,,,,0.04,8.46,2022,5,3242,True,,0.4,0.4,0.02,3.0,,,
,,,,,,,1.95,2022,5,3312,True,,0.22,0.22,,1.8,,,
,,,,,,,0.35,2022,5,3391,True,,,,,,,,
,,,,,,,0.44,2022,5,3832,True,,,0.62,0.05,6.94,,,
,,,,,,0.08,12.17,2022,5,4147,True,,1.54,1.54,0.05,11.41,,,
,,,,,,,0.42,2022,5,4353,True,,,0.61,,4.82,,,
,,,,,,0.05,9.0,2022,5,4455,True,,0.31,0.31,,2.53,,,
0.11,0.05,,,,,0.37,59.7,2022,5,5892,True,,1.77,1.77,0.04,13.43,,,
0.15,0.08,,,,,0.41,73.62,2022,5,6151,True,,2.26,2.26,0.07,16.71,,,
,,,,,,0.06,8.74,2022,5,7045,True,,0.56,0.56,,3.83,,,
0.04,0.02,,,,,0.25,43.04,2022,5,7608,True,,1.34,1.34,0.04,10.79,,,
0.12,0.06,,,,,0.38,53.16,2022,5,7611,True,0.06,3.0,3.0,0.08,21.72,,,
,,,,,,0.01,1.16,2022,5,7794,True,,0.44,0.44,0.03,3.22,,,
,,,,,,0.02,4.27,2022,5,8123,True,,0.23,0.23,,1.58,,,
,,,,,,0.11,12.54,2022,5,8138,True,,0.91,0.91,0.02,6.42,,,
0.1,0.06,,,,,0.32,50.24,2022,5,8155,True,,3.47,3.47,0.1,27.79,,,
,,,,,,,,2022,5,8428,True,,,0.85,0.04,4.11,,,
,,,,,,0.17,17.0,2022,5,2161,True,,1.48,1.48,0.06,11.57,,,
,,,,,,0.2,19.15,2022,5,8205,True,,0.17,0.17,0.01,1.29,,,
,,,,,,,,2022,5,6202,True,,,0.1,,1.0,,,
0.12,0.06,,,,,0.38,52.0,2022,5,6820,True,,3.28,3.28,0.2,23.22,,,
,,,,,,0.02,3.0,2022,5,8139,True,,,,,,,,
,,,,,,,,2022,5,2359,True,,0.22,0.22,0.01,1.66,,,
,,,,,,0.06,7.26,2022,5,1034,True,,1.48,1.48,0.04,11.22,,,
,,,,,,,1.06,2022,5,2471,True,,,0.25,,1.73,,,
0.13,0.06,,,,,0.5,65.0,2022,5,5850,True,,2.99,2.99,0.09,21.97,,,
,,,,,,,,2022,5,5880,True,,,1.73,0.14,21.13,,,1.73
,,,,,,,,2022,5,8142,True,,,2.31,0.2,26.89,,,2.31
,,,,,,,,2022,5,8475,True,,,0.28,0.03,2.84,,,0.28
0.06,0.06,,,,,,,2022,5,5045,True,,,4.73,0.42,69.36,,0.06,4.73
0.06,0.06,,,,,,1.54,2022,5,6783,True,,,4.31,0.41,54.87,,0.06,4.31
,,,,,,,,2022,5,6805,True,,,0.99,0.09,13.35,,,0.99
0.06,0.06,,,,,,2.0,2022,5,6819,True,,,5.34,0.3,67.07,,0.06,5.34
,,,,,,,,2022,5,7944,True,,,0.47,,4.75,,,0.47
,,,,,,,,2022,5,6427,True,,,1.62,0.11,21.51,,,1.62
0.07,0.06,,,,,,,2022,5,1689,True,,,4.93,0.46,57.38,,0.07,4.93
0.06,0.06,,,,,,,2022,5,2374,True,,,4.28,0.31,56.6,,0.06,4.28
,,,,,,,3.72,2022,5,2750,True,,,3.7,0.29,40.18,,,3.7
0.06,0.06,,,,,,1.44,2022,5,3423,True,,,3.45,0.25,43.31,,,3.45
,,,,,,,,2022,5,4080,True,,,4.6,0.29,51.2,,,4.6
,,,,,,,,2022,5,4171,True,,,3.84,0.34,56.72,,,3.84
0.28,0.27,,,,,,,2022,5,5026,True,,,2.73,0.2,32.39,,,2.73
,,,,,,,,2022,5,5323,True,,,1.84,0.15,20.45,,,1.84
,,,,,,,,2022,5,5773,True,,,0.97,0.11,13.34,,,0.97
0.08,0.08,,,,,,1.67,2022,5,5848,True,,,5.88,0.4,70.3,,,5.88
,,,,,,,,2022,5,5938,True,,,0.41,0.04,4.92,,,0.41
,,,,,,,,2022,5,6069,True,,,0.12,,1.3,,,0.12
,,,,,,,,2022,5,6154,True,,,2.9,0.19,32.22,,,2.9
0.06,0.06,,,,,,3.59,2022,5,6786,True,,,4.79,0.4,67.17,,0.06,4.79
,,,,,,,3.0,2022,5,6847,True,,,3.58,0.32,40.39,,,3.58
,,,,,,,,2022,5,7587,True,,,1.43,0.13,17.68,,,1.43
0.05,0.05,,,,,,2.84,2022,5,7596,True,,,3.71,0.28,46.27,,0.05,3.71
0.07,0.08,,,,,0.08,3.15,2022,5,1352,True,,,4.8,0.37,56.78,,,4.8
0.06,0.06,,,,,,1.47,2022,5,2197,True,,,4.77,0.28,58.82,,0.06,4.77
0.12,0.12,,,,,,1.5,2022,5,2325,True,,,2.88,0.24,42.82,,,2.88
,,,,,,,,2022,5,2334,True,,,2.03,0.12,22.01,,,2.03
,,,,,,,,2022,5,2673,True,,,0.23,0.02,2.89,,,0.23
0.05,0.05,,,,,,0.91,2022,5,3225,True,,,3.6,0.27,41.19,,,3.6
,,,,,,,2.17,2022,5,4198,True,,,0.88,0.05,9.88,,,0.88
,,,,,,,,2022,5,4420,True,,,0.63,,5.75,,,0.63
,,,,,,,,2022,5,5154,True,,,1.49,0.19,15.34,,,1.49
,,,,,,,2.91,2022,5,5695,True,,,0.86,,8.38,,,0.86
,,,,,,,1.02,2022,5,6234,True,,,0.75,0.09,10.77,,,0.75
0.06,0.06,,,,,,1.96,2022,5,6803,True,,,3.75,0.36,54.13,,0.06,3.75
0.13,0.09,,,,,,,2022,5,6989,True,,,3.01,0.28,36.1,,0.13,3.01
,,,,,,,,2022,5,7559,True,,,0.06,0.01,0.67,,,0.06
,,,,,,,1.26,2022,5,7612,True,,,1.04,0.09,10.93,,,1.04
,,,,,,,,2022,5,7757,True,,,2.86,0.17,27.96,,,2.86
,,,,,,,,2022,5,8171,True,,,2.23,0.12,21.64,,,2.23
,,,,,,,,2022,5,3445,True,,,1.23,0.15,19.65,,,1.23
,,,,,,,1.67,2022,5,3634,True,,,2.38,0.15,25.99,,,2.38
,,,,,,,,2022,5,4036,True,,,3.1,0.28,44.97,,0.07,3.1
0.09,0.09,,,,,,,2022,5,4037,True,,,6.21,0.5,74.0,,0.09,6.21
0.08,0.08,,,,,,2.47,2022,5,4039,True,,,8.72,0.77,108.07,,0.08,8.72
0.07,0.07,,,,,,,2022,5,4068,True,,,5.2,0.52,71.02,,0.07,5.2
,,,,,,,,2022,5,4234,True,,,3.1,0.23,39.2,,,3.1
,,,,,,,0.45,2022,5,4319,True,,,1.21,0.06,13.59,,,1.21
0.1,,,,,,,1.09,2022,5,5137,True,,,3.45,0.25,44.85,,,3.45
,,,,,,,0.96,2022,5,5185,True,,,3.97,0.4,51.73,,,3.97
,,,,,,,,2022,5,5902,True,,,0.3,,3.15,,,0.3
0.06,0.06,,,,,,1.15,2022,5,5927,True,,,4.71,0.34,64.44,,0.06,4.71
,,,,,,,,2022,5,6247,True,,,0.38,,2.69,,,0.38
,,,,,,,,2022,5,6557,True,,,0.17,0.01,2.07,,,0.17
0.07,0.07,,,,,,,2022,5,6801,True,,,5.53,0.53,74.83,,0.07,5.53
,,,,,,,0.47,2022,5,7066,True,,,3.05,0.21,38.56,,,3.05
,,,,,,,,2022,5,7496,True,,,2.68,0.14,34.48,,,2.68
0.06,0.06,,,,,,0.3,2022,5,7525,True,,,4.36,0.35,61.64,,0.06,4.36
0.12,0.06,,,,,,2.22,2022,5,7526,True,,,5.61,0.43,71.5,,0.06,5.61
,,,,,,,,2022,5,7562,True,,,0.43,0.04,5.79,,,0.43
0.06,0.06,,,,,,,2022,5,7569,True,,,3.42,0.26,42.51,,,3.42
,,,,,,,,2022,5,7751,True,,,0.33,,3.27,,,0.33
,,,,,,,,2022,5,8013,True,,,0.07,,0.58,,,0.07
,,,,,,,,2022,5,8134,True,,,2.17,0.2,27.28,,,2.17
,,,,,,,,2022,5,928,True,,,2.31,0.22,23.73,,,2.31
0.08,0.08,,,,,,0.47,2022,5,2216,True,,,5.26,0.7,80.36,,0.08,5.26
,,,,,,0.06,11.46,2022,5,4082,True,,,4.51,0.28,52.94,,0.06,4.51
,,,,,,,,2022,5,4854,True,,,0.64,0.13,7.02,,,0.64
0.05,0.05,,,,,,3.91,2022,5,4983,True,,,3.91,0.28,51.53,,0.05,3.91
0.05,0.06,,,,,,,2022,5,5110,True,,,3.66,0.28,42.75,,,3.66
,,,,,,,,2022,5,6149,True,,,1.72,0.2,26.94,,,1.72
,,,,,,,,2022,5,6588,True,,,1.84,0.13,22.92,,,1.84
,,,,,,,0.74,2022,5,6824,True,,,3.09,0.3,46.3,,,3.09
,,,,,,,0.2,2022,5,6927,True,,,1.78,0.12,24.62,,,1.78
,,,,,,,,2022,5,6957,True,,,0.96,0.09,10.9,,,0.96
,,,,,,,0.39,2022,5,7533,True,,,0.51,0.04,6.88,,,0.51
0.07,0.07,,,,,,5.43,2022,5,7547,True,,,6.31,0.37,69.22,,0.07,6.31
0.05,0.05,,,,,,,2022,5,8112,True,,,4.25,0.32,51.59,,0.05,4.25
0.04,0.04,,,,,,,2022,5,8118,True,,,2.37,0.13,25.96,,,2.37
0.06,0.06,,,,,,,2022,5,8146,True,,,4.58,0.33,54.68,,0.06,4.58
,,,,,,,,2022,5,8188,True,,,0.92,0.1,10.85,,,0.92
,,,,,,,,2022,5,830,True,,,2.54,0.17,34.29,,,2.54
0.06,0.06,,,,,,,2022,5,1067,True,,,3.27,0.24,39.84,,,3.27
0.06,0.05,,,,,,,2022,5,1992,True,,,3.82,0.39,49.32,,0.06,3.82
0.06,0.06,,,,,,,2022,5,2309,True,,,4.89,0.43,61.78,,0.06,4.89
,,,,,,,,2022,5,2319,True,,,3.42,0.28,42.23,,,3.42
,,,,,,,,2022,5,3652,True,,,0.29,0.03,3.21,,,0.29
0.07,0.07,,,,,,,2022,5,4950,True,,,5.7,0.41,76.0,,0.07,5.7
,,,,,,,,2022,5,4992,True,,,2.0,0.09,21.7,,,2.0
,,,,,,,0.7,2022,5,5096,True,,,0.89,0.07,9.03,,,0.89
,,,,,,0.02,1.37,2022,5,5121,True,,,0.8,0.05,8.2,,,0.8
,,,,,,,,2022,5,5432,True,,,0.96,0.06,10.46,,,0.96
0.13,0.07,,,,0.9,0.19,26.0,2022,5,5872,True,,,4.5,0.38,62.67,,0.06,4.5
0.1,0.05,,,,,,2.68,2022,5,5937,True,,,4.91,0.29,53.7,,0.05,4.91
,,,,,,,,2022,5,5965,True,,,0.2,,1.87,,,0.2
,,,,,,,,2022,5,5970,True,,,2.66,0.14,26.54,,,2.66
,,,,,,,0.4,2022,5,6271,True,,,1.7,0.11,22.47,,,1.7
,,,,,,,,2022,5,6870,True,,,0.25,0.03,3.5,,,0.25
0.04,0.04,,,,,,2.89,2022,5,6886,True,,,2.72,0.2,34.54,,0.04,2.72
0.08,0.08,,,,,,0.83,2022,5,6943,True,,,4.4,0.48,61.83,,0.08,4.4
,,,,,,,,2022,5,6960,True,,,0.58,0.04,6.08,,,0.58
0.05,0.05,,,,,0.05,4.57,2022,5,7601,True,,,2.98,0.18,31.34,,,2.98
,,,,,,,,2022,5,7812,True,,,0.44,0.03,4.83,,,0.44
,,,,,,,,2022,5,8121,True,,,4.2,0.37,50.8,,,4.2
0.08,0.08,,,,,,,2022,5,8144,True,,,5.29,0.43,75.87,,0.08,5.29
0.07,0.07,,,,,,,2022,5,2449,True,,,7.81,0.76,99.54,,0.07,7.81
,,,,,,,,2022,5,3286,True,,,2.82,0.31,33.28,,,2.82
0.07,0.08,,,,,,5.0,2022,5,3321,True,,,6.13,0.5,83.27,,0.07,6.13
,,,,,,,,2022,5,4218,True,,,0.14,,1.41,,,0.14
,,,,,1.24,,3.25,2022,5,4454,True,,,2.22,0.21,24.47,,,2.22
,,,,,,,,2022,5,5038,True,,,3.09,0.31,43.48,,,3.09
0.03,0.03,,,,,,0.6,2022,5,5113,True,,,1.55,0.13,19.15,,,1.55
0.06,0.07,,,,,,1.01,2022,5,5846,True,,,4.19,0.32,60.66,,0.06,4.19
0.06,0.06,,,,,,2.57,2022,5,5859,True,,,5.14,0.49,73.9,,0.06,5.14
0.07,0.07,,,,1.02,,0.58,2022,5,5947,True,,,5.46,0.3,55.2,,,5.46
0.07,0.07,,,,0.87,,2.22,2022,5,6794,True,,,6.93,0.65,95.0,,0.07,6.93
,,,,,,,0.57,2022,5,6798,True,,,0.72,0.04,8.82,,,0.72
,,,,,,,,2022,5,7049,True,,,2.06,0.21,23.48,,,2.06
0.05,0.05,,,,,,1.93,2022,5,7090,True,,,3.39,0.23,47.13,,0.05,3.39
0.06,0.06,,,,,,4.0,2022,5,7564,True,,,5.33,0.58,82.78,,0.06,5.33
,,,,,,,,2022,5,7595,True,,,1.3,0.1,15.75,,,1.3
,,,,,,,,2022,5,7603,True,,,2.84,0.13,27.52,,,2.84
,,,,,,,1.35,2022,5,7670,True,,,4.11,0.39,55.9,,,4.11
,,,,,,,,2022,5,8137,True,,,2.84,0.24,39.8,,,2.84
,,,,,,,,2022,5,8167,True,,,2.04,0.15,24.11,,,2.04
,,,,,,,,2022,5,8176,True,,,0.19,0.02,1.97,,,0.19
,,,,,,,,2022,5,8917,True,,,0.21,0.03,2.33,,,0.21
,,,,,,,,2022,5,4622,True,,,0.31,0.02,3.49,,,0.31
,,,,,,,,2022,5,5374,True,,,0.81,0.11,10.5,,,0.81
,,,,,,,,2022,5,4177,True,,,2.41,0.2,34.03,,,2.41
0.06,0.06,,,,,,,2022,5,4040,True,,,4.82,0.3,52.32,,0.06,4.82
,,,,,,,,2022,5,5086,True,,,3.79,0.41,52.0,,,3.79
0.04,0.04,,,,,0.04,3.7,2022,5,5917,True,,,2.44,0.17,29.33,,,2.44
0.06,0.07,,,,,,1.15,2022,5,5955,True,,,4.93,0.38,51.5,,0.06,4.93
,,,,,,,,2022,5,8168,True,,,0.79,0.08,11.0,,,0.79
0.07,0.07,,,,,,,2022,5,2133,True,,,6.6,0.58,76.0,,0.07,6.6
,,,,,,,,2022,5,4189,True,,,0.98,0.07,9.27,0.98,,
,,,,,,,,2022,5,6843,True,,,1.73,0.14,17.0,1.73,,
,,,,,,,,2022,5,7602,True,,,1.96,0.1,18.85,1.96,,
,,,,,,,,2022,5,8219,True,,,0.62,0.06,6.6,0.62,,
,,,,,,,,2022,5,4054,True,,,1.88,0.2,23.0,1.88,,
,,,,,,,,2022,5,2755,True,,,0.18,,1.45,0.18,,
0.08,0.08,,,,,,,2022,5,1339,True,,,4.87,0.39,45.0,4.87,0.08,
,,,,,,,,2022,5,3202,True,,,1.93,0.14,19.29,1.93,,
,,,,,,,,2022,5,3496,True,,,0.18,,1.11,0.18,,
,,,,,,,,2022,5,4033,True,,,3.78,0.33,41.56,3.78,,
,,,,,,,,2022,5,4066,True,,,3.59,0.15,40.41,3.59,,
,,,,,,,,2022,5,4435,True,,,1.97,0.14,20.1,1.97,,
,,,,,,,,2022,5,5010,True,,,2.16,0.22,22.05,2.16,,
,,,,,,,,2022,5,7536,True,,,2.73,0.26,25.77,2.73,,
,,,,,,,,2022,5,7946,True,,,0.32,0.01,2.15,0.32,,
,,,,,,,,2022,5,4995,True,,,1.55,0.19,16.84,1.55,,
0.06,0.06,,,,,,,2022,5,5022,True,,,3.83,0.33,44.62,3.83,0.06,
0.07,0.07,,,,,,,2022,5,5844,True,,,4.57,0.35,52.0,4.57,0.07,
0.06,0.06,,,,,,,2022,5,5857,True,,,1.73,0.18,20.62,1.73,,
,,,,,,,,2022,5,6081,True,,,0.36,0.03,3.65,0.36,,
,,,,,,,,2022,5,6137,True,,,1.27,0.13,14.13,1.27,,
0.04,0.04,,,,,,,2022,5,6826,True,,,2.07,0.13,20.57,2.07,,
,,,,,,,,2022,5,7075,True,,,0.07,,0.27,0.07,,
,,,,,,,,2022,5,7554,True,,,0.15,0.01,1.26,0.15,,
,,,,,,,,2022,5,7694,True,,,0.9,0.07,8.84,0.9,,
,,,,,,,,2022,5,7716,True,,,2.97,0.14,27.96,2.97,,
,,,,,,,,2022,5,7891,True,,,0.5,0.03,4.8,0.5,,
,,,,,,,,2022,5,111,True,,,0.36,0.02,4.26,0.36,,
,,,,,,,,2022,5,4314,True,,,1.58,0.12,14.73,1.58,,
,,,,,,,,2022,5,5008,True,,,1.48,0.13,14.37,1.48,,
,,,,,,,,2022,5,5409,True,,,1.51,0.11,19.0,1.51,0.5,
,,,,,,,,2022,5,6126,True,,,3.51,0.29,35.28,3.51,,
,,,,,,,0.25,2022,5,6529,True,,,0.4,,2.0,,,
,,,,,,,,2022,5,6894,True,,,0.48,,5.0,0.48,,
,,,,,,,0.27,2022,5,7216,True,,,,,,,,
0.07,0.06,,,,,,,2022,5,7600,True,,,4.39,0.34,47.21,4.39,0.07,
,,,,,,,,2022,5,2460,True,,,1.16,0.1,11.77,1.16,0.05,
,,,,,,,,2022,5,6074,True,,,1.55,0.13,15.83,1.55,0.13,
,,,,,,,,2022,5,6865,True,,,0.43,0.07,3.97,0.43,,
,,,,,,,,2022,5,6869,True,,,0.58,0.06,6.19,0.58,,
,,,,,,,,2022,5,7050,True,,,0.58,0.06,6.19,0.58,,
,,,,,,,,2022,5,7842,True,,,0.19,,1.48,0.19,,
,,,,,,,,2022,5,8110,True,,,0.65,0.03,6.46,0.65,,
,,,,,,,,2022,5,8130,True,,,0.64,0.06,6.76,0.64,,
,,,,,,,,2022,5,8210,True,,,0.89,0.08,8.25,0.89,,
,,,,,,,,2022,5,8665,True,,,0.53,0.05,5.92,0.53,,
,,,,,,,,2022,5,4055,True,,,2.96,0.2,29.62,2.96,,
,,,,,,,,2022,5,4089,True,,,3.93,0.35,40.58,3.93,,
0.06,0.05,,,,,,,2022,5,4217,True,,,3.59,0.28,44.0,3.59,0.06,
0.12,0.08,0.06,,0.12,6.96,0.28,15.5,2022,5,4381,True,0.06,,0.42,0.09,3.46,0.42,,
,,,,,,,,2022,5,4973,True,,,3.51,0.3,33.0,3.51,,
0.16,0.09,,,,,,,2022,5,5012,True,,,6.12,0.55,76.5,6.12,0.08,
0.07,0.07,,,,,,,2022,5,5133,True,,,4.1,0.21,36.8,4.1,0.07,
,,,,,,,,2022,5,5973,True,,,0.39,0.05,4.32,0.39,,
,,,,,,,,2022,5,6662,True,,,1.91,0.11,18.3,1.91,,
,,,,,,,,2022,5,6850,True,,,1.72,0.16,19.15,1.72,,
,,,,,,,,2022,5,6956,True,,,0.07,,0.59,0.07,,
,,,,,,,,2022,5,7002,True,,,2.06,0.26,21.18,2.06,,
,,,,,,,,2022,5,7531,True,,,0.5,0.03,5.55,0.5,,
,,,,,,,,2022,5,8111,True,,,2.56,0.2,27.92,2.56,,
,,,,,,,,2022,5,8225,True,,,1.92,0.15,15.22,1.92,,
,,,,,,,,2022,5,8849,True,,,0.05,,0.31,0.05,,
,,,,,,,,2022,5,943,True,,,0.64,0.08,6.64,0.64,,
,,,,,,,,2022,5,1425,True,,,1.01,0.07,10.38,1.01,,
,,,,,,,,2022,5,2545,True,,,0.97,0.09,7.44,0.97,,
,,,,,,,,2022,5,3048,True,,,0.4,0.01,4.42,0.4,0.13,
0.09,0.07,,,,,,,2022,5,3214,True,,,3.3,0.35,28.74,3.3,0.09,
0.07,0.09,,,,,,,2022,5,3271,True,,,5.8,0.39,57.53,5.8,0.07,
,,,,,,,,2022,5,4602,True,,,3.03,0.26,28.0,3.03,,
,,,,,,,,2022,5,4741,True,,,0.77,0.04,7.75,0.77,,
0.07,0.07,,,,,,,2022,5,4993,True,,,2.84,0.21,33.84,2.84,0.07,
0.06,0.06,,,,,,,2022,5,5001,True,,,3.97,0.29,39.21,3.97,0.06,
,,,,,,,,2022,5,5285,True,,,0.66,0.06,7.65,0.66,,
,,,,,,,,2022,5,6018,True,,,0.65,0.03,5.92,0.65,,
,,,,,,,,2022,5,7131,True,,,0.66,0.07,7.0,0.66,,
,,,,,,,,2022,5,8131,True,,,2.08,0.09,20.18,2.08,,
,,,,,,,,2022,5,8145,True,,,0.31,0.02,3.36,0.31,,
,,,,,,,,2022,5,8197,True,,,0.35,0.03,3.31,0.35,,
,,,,,,,,2022,5,8484,True,,,1.08,0.02,9.96,1.08,,
,,,,,,,,2022,5,6665,True,,,0.66,0.09,7.46,0.66,,
0.15,0.07,,,,,,,2022,5,1466,True,,,6.53,0.6,79.74,6.53,0.07,
,,,,,,,,2022,5,7828,True,,,1.02,0.06,8.76,1.02,,
0.07,0.07,,,,,,,2022,5,2505,True,,,4.21,0.3,48.0,4.21,0.07,
,,,,,,,,2022,5,6075,True,,,0.19,,1.05,0.19,,
0.6,0.33,0.07,1.06,1.5,250.0,0.07,15.0,2022,6,3161,True,,,,,,,,
0.46,0.15,0.05,0.69,1.2,160.26,0.35,41.5,2022,6,7591,True,0.07,,,,,,,
0.69,0.32,0.13,0.71,2.21,278.37,0.04,3.87,2022,6,1166,True,,,,,,,,
0.57,0.2,,0.63,1.05,198.8,0.04,8.2,2022,6,829,True,,,,,,,,
0.56,0.26,0.07,0.81,1.76,268.68,,0.42,2022,6,24,True,,,,,,,,
0.76,0.32,,1.01,1.35,192.76,0.1,17.0,2022,6,4335,True,,,,,,,,
0.75,0.24,,0.61,1.2,219.1,0.08,7.73,2022,6,4574,True,,,,,,,,
0.77,0.23,0.06,0.82,1.27,203.45,0.22,41.0,2022,6,5870,True,,,,,,,,
0.48,0.18,0.12,0.73,2.0,266.38,0.18,10.96,2022,6,6770,True,,,,,,,,
0.54,0.23,0.05,0.83,1.78,203.73,0.16,16.36,2022,6,7538,True,,,,,,,,
,0.3,,0.97,1.06,197.75,0.03,7.6,2022,6,8157,True,,,,,,,,
0.64,0.3,,0.82,1.39,215.98,0.11,11.1,2022,6,3257,True,,,,,,,,
0.6,0.28,0.13,0.8,1.5,244.53,0.56,64.0,2022,6,6904,True,0.08,,,,,,,
0.34,0.13,0.2,0.71,2.37,298.79,0.06,2.15,2022,6,167,True,,,,,,,,
0.67,0.31,0.13,0.75,1.74,255.04,0.08,7.15,2022,6,1837,True,,,,,,,,
0.7,0.27,0.14,0.81,1.8,269.0,0.38,43.55,2022,6,5849,True,0.08,,,,,,,
0.72,0.33,0.12,0.84,1.67,249.81,0.08,10.57,2022,6,7523,True,,,,,,,,
,0.16,,0.7,1.09,218.08,0.11,14.2,2022,6,8206,True,,,,,,,,
,0.23,,0.83,1.6,258.92,0.2,18.0,2022,6,1373,True,,,,,,,,
0.9,0.35,,1.04,1.23,218.68,0.18,18.05,2022,6,8160,True,,,,,,,,
0.4,0.2,0.2,0.4,2.2,264.58,0.13,7.79,2022,6,96,True,,,,,,,,
0.48,0.26,0.06,0.83,1.2,182.28,0.22,30.48,2022,6,2307,True,,,,,,,,
0.66,0.24,0.2,0.64,2.32,295.58,0.18,20.49,2022,6,4046,True,,,,,,,,
0.74,0.27,0.2,0.95,1.76,292.88,0.01,3.5,2022,6,421,True,,,,,,,,
0.72,0.33,0.14,0.83,1.94,254.65,0.33,54.77,2022,6,4881,True,0.06,,,,,,,
0.73,0.33,0.15,0.75,2.3,290.53,0.41,40.86,2022,6,4984,True,,,,,,,,
0.58,0.26,0.13,0.89,1.4,250.33,0.21,18.0,2022,6,1234,True,,,,,,,,
0.63,0.25,0.19,0.71,2.04,264.59,0.15,14.0,2022,6,6797,True,0.05,,,,,,,
,,,,,,,,2022,6,6379,True,,0.09,0.09,,0.74,,,
0.03,,,,,,0.12,27.26,2022,6,7608,True,,0.67,0.67,0.02,6.0,,,
0.06,0.03,,,,,0.14,18.75,2022,6,6945,True,0.03,1.54,1.54,0.05,12.09,,,
,,,,,,0.29,44.1,2022,6,8154,True,,0.84,0.84,0.03,6.68,,,
,,,,,,,,2022,6,8223,True,,,0.4,0.04,4.71,,,0.4
,,,,,,0.06,11.48,2022,6,3664,True,,3.73,3.73,0.15,29.19,,,
0.1,0.05,,,,,0.31,48.73,2022,6,5892,True,,2.54,2.54,0.06,19.33,,,
,,,,,,,2.29,2022,6,8189,True,,0.69,0.69,0.04,5.4,,,
0.08,,,,,,0.1,23.5,2022,6,3242,True,,0.78,0.78,0.04,5.84,,,
,,,,,,,0.41,2022,6,3832,True,,,0.58,0.05,6.44,,,
0.11,0.06,,,,,0.31,43.73,2022,6,4098,True,,2.52,2.52,0.09,21.47,,,
,,,,,,0.1,15.21,2022,6,4147,True,,1.56,1.56,0.05,11.56,,,
,,,,,,,0.42,2022,6,4353,True,,,0.51,,4.12,,,
,,,,,,0.04,6.19,2022,6,5122,True,,0.66,0.66,,4.29,,,
0.09,,,,,,0.4,58.59,2022,6,5916,True,,4.33,4.33,0.12,32.15,,,
,,,,,,,2.47,2022,6,6109,True,,,0.62,,6.49,,,
0.09,0.04,,,,,0.36,53.29,2022,6,6806,True,,1.89,1.89,0.05,13.83,,,
0.11,0.05,,,,,0.36,50.79,2022,6,6828,True,0.05,2.2,2.2,0.06,16.99,,,
0.09,0.05,,,,,0.18,31.53,2022,6,7543,True,,2.31,2.31,0.15,18.65,,,
,0.01,,,,,0.29,31.02,2022,6,7741,True,,0.72,0.72,0.02,6.43,,,
,,,,,,0.03,5.5,2022,6,8116,True,,1.28,1.28,0.09,9.67,,,
,,,,,,0.1,11.65,2022,6,8138,True,,0.85,0.85,0.02,5.97,,,
,,,,,,0.09,13.36,2022,6,8211,True,,0.32,0.32,,2.41,,,
,,,,,,0.19,17.96,2022,6,8221,True,,0.84,0.84,0.01,5.87,,,
,,,,,,0.04,4.47,2022,6,8408,True,,0.47,0.47,,3.42,,,
,,,,,,,0.35,2022,6,2073,True,,,0.26,,2.1,,,
,0.02,,,,,0.13,19.84,2022,6,2378,True,,1.71,1.71,0.02,9.88,,,
,,,,,,0.42,57.75,2022,6,2749,True,,1.37,1.37,0.01,11.36,,,
,,,,,,,0.31,2022,6,3391,True,,,,,,,,
,,,,,,0.38,53.77,2022,6,5284,True,,1.76,1.76,0.02,13.09,,,
0.1,0.05,,,,,0.38,63.11,2022,6,6955,True,,1.62,1.62,0.04,12.22,,,
,,,,,,0.06,8.86,2022,6,8174,True,,0.29,0.29,,2.1,,,
,,,,,,0.13,17.63,2022,6,8228,True,,1.12,1.12,,8.19,,,
0.05,,,,,,0.21,32.51,2022,6,956,True,,1.38,1.38,0.04,10.14,,,
,,,,,,,2.28,2022,6,1379,True,,,1.76,0.1,15.63,,,
,,,,,,0.07,8.71,2022,6,2161,True,,1.03,1.03,0.04,8.04,,,
,0.01,,,,,0.13,18.02,2022,6,2588,True,,1.09,1.09,0.02,7.07,,,
,,,,,,0.09,12.74,2022,6,4455,True,,0.56,0.56,,4.5,,,
0.04,,,,,,0.15,27.88,2022,6,5987,True,,1.02,1.02,0.03,7.68,,,
0.1,0.05,,,,,0.27,44.42,2022,6,6130,True,,3.28,3.28,0.08,23.65,,,
,,,,,,0.01,3.51,2022,6,6984,True,,,,,,,,
,,,,,,0.01,0.37,2022,6,6996,True,,0.53,0.53,,4.12,,,
,,,,,,0.08,15.46,2022,6,7567,True,,1.19,1.19,0.03,8.94,,,
,,,,,,0.07,14.2,2022,6,7809,True,,1.03,1.03,0.02,8.0,,,
,,,,,,0.3,55.0,2022,6,8132,True,,1.4,1.4,0.03,11.0,,,
,,,,,,,0.25,2022,6,3354,True,,,,,,,,
0.12,0.06,,,,,0.53,65.92,2022,6,3969,True,,4.18,4.18,0.15,29.48,,,
0.11,0.05,,,,,0.45,69.47,2022,6,4034,True,,4.27,4.27,0.16,33.86,,,
0.12,0.06,,,,,0.4,61.46,2022,6,4035,True,0.06,4.09,4.09,0.19,31.82,,,
0.19,0.14,,,,,0.51,76.3,2022,6,4866,True,,4.19,4.19,0.14,31.57,,,
0.04,0.04,,,,,0.13,22.27,2022,6,5000,True,,2.04,2.04,0.04,15.25,,,
0.08,0.04,,,,,0.17,34.05,2022,6,5967,True,,1.85,1.85,0.1,14.0,,,
0.12,0.07,,,,,0.38,72.49,2022,6,6151,True,,1.83,1.83,0.05,13.0,,,
,0.05,,,,,0.3,56.43,2022,6,6951,True,,3.48,3.48,0.08,27.0,,,
0.1,0.05,,,,,0.37,52.71,2022,6,7528,True,0.05,2.91,2.91,0.1,20.85,,,
0.04,,,,,,0.04,7.68,2022,6,7594,True,,0.3,0.3,,2.29,,,
0.09,0.05,,,,,0.19,33.68,2022,6,7607,True,,1.95,1.95,0.09,15.09,,,
0.12,0.07,,,,,0.5,62.0,2022,6,8151,True,,1.58,1.58,0.06,12.08,,,
0.11,0.05,,,,,0.39,59.82,2022,6,8155,True,,3.17,3.17,0.08,25.06,,,
,,,,,,,5.35,2022,6,8181,True,,,1.3,0.0,10.5,1.3,,
0.0,,,,,,0.01,0.87,2022,6,2431,True,,,,,,,,
0.12,0.06,,,,,0.39,63.16,2022,6,3164,True,0.06,1.52,1.52,0.04,9.0,,,
0.25,0.13,,,,,0.63,75.0,2022,6,4029,True,0.07,2.43,2.43,0.11,18.0,,,
0.0,,,,,,0.02,2.67,2022,6,4111,True,,0.11,0.11,,0.9,,,
0.13,0.06,,,,,0.85,91.24,2022,6,4988,True,0.07,1.38,1.38,0.05,10.25,,,
,,,,,,0.16,20.88,2022,6,6931,True,,2.57,2.57,0.05,18.22,,,
,,,,,,,0.66,2022,6,7204,True,,,,,,,,
,0.04,,,,,0.2,56.97,2022,6,7551,True,,2.37,2.37,0.05,16.74,,,
,,,,,,0.17,25.19,2022,6,8136,True,,1.7,1.7,0.05,12.67,,,
,,,,,,0.09,17.74,2022,6,8205,True,,0.31,0.31,0.01,2.36,,,
,,,,,,,0.97,2022,6,2471,True,,,0.23,,1.59,,,
0.13,0.07,,,,,0.62,72.0,2022,6,4018,True,0.06,3.7,3.7,0.15,27.0,,,
0.13,0.06,,,,,0.46,61.16,2022,6,4199,True,,3.39,3.39,0.16,25.49,,,
,,,,,,,,2022,6,6039,True,,0.24,0.24,0.03,1.65,,,
0.1,0.05,,,,,0.29,39.9,2022,6,6820,True,,3.44,3.44,0.09,24.31,,,
,,,,,,0.03,3.12,2022,6,7529,True,,0.08,0.08,,0.41,,,
0.15,0.08,,,,,0.5,77.21,2022,6,7611,True,0.08,2.52,2.52,0.09,18.21,,,
,,,,,,0.01,1.18,2022,6,7794,True,,0.59,0.59,0.04,4.36,,,
,,,,,,0.1,13.61,2022,6,1476,True,,0.4,0.4,,2.79,,,
,0.02,,,,,0.24,30.0,2022,6,5209,True,,2.27,2.27,0.07,16.27,,,
,,,,,,0.05,1.0,2022,6,6323,True,,,0.6,,4.78,0.6,0.11,
0.11,0.06,,,,,0.43,59.2,2022,6,2320,True,,2.17,2.17,0.06,19.0,,,
,,,,,,0.2,22.76,2022,6,7045,True,,1.63,1.63,0.03,11.23,,,
0.13,0.06,,,,,0.44,59.8,2022,6,4663,True,,5.23,5.23,0.23,43.0,,,
0.02,,,,,,0.07,8.77,2022,6,4962,True,,0.39,0.39,,2.91,,,
,,,,,,,2.0,2022,6,8428,True,,,0.85,0.04,4.15,,,
,,,,,,,,2022,6,4992,True,,,0.9,0.05,9.38,,,0.9
,,,,,,,,2022,6,7559,True,,,0.48,0.08,5.6,,,0.48
,,,,,,0.05,11.0,2022,6,4082,True,,,4.37,0.3,44.0,,0.05,4.37
0.05,0.05,,,,,,,2022,6,5927,True,,,4.13,0.32,57.0,,0.05,4.13
0.06,0.06,,,,,,2.14,2022,6,7090,True,,,3.78,0.29,52.24,,0.06,3.78
,,,,,,,,2022,6,7587,True,,,1.82,0.17,22.44,,,1.82
,,,,,,,,2022,6,5432,True,,,1.15,0.1,12.3,,,1.15
,,,,,,,,2022,6,5323,True,,,1.96,0.16,21.68,,,1.96
,,,,,,,,2022,6,7751,True,,,0.31,,3.08,,,0.31
,,,,,,,,2022,6,1346,True,,,1.11,0.1,16.44,,,1.11
0.06,0.06,,,,,,0.36,2022,6,2216,True,,,4.74,0.54,68.27,,0.06,4.74
,,,,,,,5.24,2022,6,4198,True,,,2.13,0.11,23.83,,,2.13
,,,,,0.91,,2.33,2022,6,4454,True,,,1.59,0.13,19.98,,,1.59
,,,,,,,,2022,6,5086,True,,,3.32,0.38,48.39,,,3.32
0.1,,,,,,,1.46,2022,6,5137,True,,,2.34,0.16,29.22,,,2.34
,,,,,,,,2022,6,5154,True,,,1.58,0.2,16.18,,,1.58
0.06,0.06,,,,,,,2022,6,5859,True,,,5.11,0.48,73.44,,0.06,5.11
0.12,0.06,,,,0.85,0.18,21.0,2022,6,5872,True,,,4.32,0.36,60.11,,0.06,4.32
,,,,,,0.04,6.27,2022,6,6847,True,,,4.52,0.28,45.85,,,4.52
,,,,,,,,2022,6,7565,True,,,0.74,0.05,8.84,,,0.74
,,,,,,,,2022,6,8142,True,,,3.7,0.3,45.06,,,3.7
,,,,,,,,2022,6,4036,True,,,2.65,0.25,38.5,,0.06,2.65
0.05,0.05,,,,,,3.66,2022,6,4983,True,,,3.66,0.25,48.15,,0.05,3.66
,,,,,,,1.03,2022,6,5096,True,,,1.34,0.13,13.51,,,1.34
0.04,0.04,,,,,,0.77,2022,6,5113,True,,,2.0,0.16,24.56,,,2.0
,,,,,,,,2022,6,5134,True,,,1.19,0.08,10.61,,,1.19
,,,,,,,0.47,2022,6,6271,True,,,2.0,0.13,26.45,,,2.0
,,,,,,,,2022,6,6290,True,,,0.97,0.07,11.74,,,0.97
,,,,,,,,2022,6,7049,True,,,2.13,0.22,24.2,,,2.13
0.06,0.06,,,,,,0.3,2022,6,7525,True,,,4.47,0.3,61.21,,0.06,4.47
0.07,0.06,,,,,,2.66,2022,6,7564,True,,,5.99,0.58,76.04,,0.07,5.99
,,,,,,,,2022,6,7944,True,,,1.52,,15.32,,,1.52
,,,,,,,,2022,6,8137,True,,,3.05,0.31,38.55,,,3.05
0.05,0.04,,,,,,,2022,6,8146,True,,,3.57,0.28,42.55,,0.05,3.57
,,,,,,,,2022,6,8168,True,,,0.92,0.09,12.09,,,0.92
,,,,,,,,2022,6,2331,True,,,0.44,0.04,5.65,,,0.44
0.07,0.07,,,,,,,2022,6,2374,True,,,5.19,0.37,68.53,,0.07,5.19
0.07,0.07,,,,,,,2022,6,2449,True,,,7.26,0.69,92.47,,0.07,7.26
,,,,,,,,2022,6,3445,True,,,1.65,0.21,26.39,,,1.65
,,,,,,,,2022,6,3652,True,,,0.99,0.1,11.05,,,0.99
0.07,0.07,,,,,,2.53,2022,6,4039,True,,,9.12,0.82,104.56,,0.07,9.12
,,,,,,,,2022,6,4234,True,,,2.81,0.22,41.0,,,2.81
,,,,,,,0.29,2022,6,4319,True,,,0.79,0.04,8.88,,,0.79
,,,,,,,,2022,6,5007,True,,,1.45,,13.77,,,1.45
,,,,,,,,2022,6,5374,True,,,0.58,0.08,7.48,,,0.58
0.07,0.07,,,,,,1.14,2022,6,5846,True,,,4.81,0.35,69.39,,0.07,4.81
,,,,,,,,2022,6,5965,True,,,0.23,,2.15,,,0.23
0.06,0.07,,,,,,3.0,2022,6,6786,True,,,5.6,0.4,78.46,,0.06,5.6
0.06,0.06,,,,0.88,,2.28,2022,6,6794,True,,,7.02,0.6,102.27,,0.06,7.02
0.06,0.05,,,,,,1.94,2022,6,6819,True,,,5.17,0.42,64.98,,0.06,5.17
,,,,,,,0.79,2022,6,6824,True,,,3.4,0.3,50.41,,,3.4
,,,,,,,,2022,6,6920,True,,,0.19,,2.15,,,0.19
,,,,,,,0.13,2022,6,6927,True,,,1.14,0.08,15.77,,,1.14
,,,,,,,,2022,6,7603,True,,,2.28,0.14,26.1,,,2.28
,,,,,,,,2022,6,830,True,,,2.88,0.19,38.76,,,2.88
0.07,0.07,,,,,,,2022,6,1992,True,,,3.99,0.3,31.53,,0.07,3.99
,,,,,,,,2022,6,2673,True,,,0.27,0.02,3.4,,,0.27
0.07,0.07,,,,,,1.15,2022,6,3225,True,,,4.56,0.34,59.18,,,4.56
0.07,0.07,,,,,,6.48,2022,6,3321,True,,,6.14,0.48,83.72,,0.07,6.14
,,,,,,,,2022,6,3328,True,,,0.21,0.01,2.86,,,0.21
0.04,0.04,,,,,,1.0,2022,6,3423,True,,,2.41,0.17,30.26,,,2.41
,,,,,,,0.52,2022,6,4080,True,,,4.18,0.27,44.24,,,4.18
,,,,,,,,2022,6,4218,True,,,0.14,,1.44,,,0.14
,,,,,,,,2022,6,4854,True,,,0.91,0.18,9.95,,,0.91
,,,,,,,0.97,2022,6,5185,True,,,3.99,0.45,54.74,,,3.99
0.05,0.05,,,,,0.05,4.38,2022,6,5917,True,,,2.89,0.2,34.67,,,2.89
,,,,,,,,2022,6,6069,True,,,0.12,,1.32,,,0.12
0.05,0.05,,,,,,3.47,2022,6,6886,True,,,3.26,0.26,41.49,,0.05,3.26
,,,,,,,,2022,6,6957,True,,,1.36,0.13,15.44,,,1.36
,,,,,,,0.36,2022,6,7066,True,,,2.35,0.16,29.64,,,2.35
,,,,,,,0.17,2022,6,7533,True,,,0.23,0.02,3.06,,,0.23
,,,,,,,0.36,2022,6,7540,True,,,0.51,0.04,6.09,,,0.51
,,,,,,,,2022,6,7562,True,,,0.46,0.04,6.2,,,0.46
0.05,0.05,,,,,,2.24,2022,6,7596,True,,,2.91,0.24,36.38,,0.05,2.91
,,,,,,,,2022,6,8121,True,,,4.15,0.36,49.68,,,4.15
,,,,,,,,2022,6,8676,True,,,0.62,0.04,6.19,,,0.62
,,,,,,,,2022,6,2312,True,,,0.66,0.05,8.71,,,0.66
,,,,,,,,2022,6,3286,True,,,2.07,0.2,24.49,,,2.07
0.06,0.06,,,,,,1.74,2022,6,4040,True,,,4.65,0.29,50.48,,0.06,4.65
0.28,0.29,,,,,,,2022,6,5026,True,,,2.8,0.24,33.7,,,2.8
,,,,,,,,2022,6,5038,True,,,3.21,0.3,45.12,,,3.21
0.06,0.06,,,,,,,2022,6,5110,True,,,3.98,0.3,42.45,,,3.98
,,,,,,0.02,1.21,2022,6,5121,True,,,0.71,0.05,7.24,,,0.71
,,,,,,,3.11,2022,6,5695,True,,,0.92,,8.98,,,0.92
0.08,0.06,,,,,,1.74,2022,6,5848,True,,,6.22,0.49,81.21,,,6.22
0.06,0.06,,,,0.84,,0.48,2022,6,5947,True,,,4.8,0.3,53.0,,,4.8
,,,,,,,,2022,6,5970,True,,,0.88,0.06,8.71,,,0.88
,,,,,,,,2022,6,6154,True,,,2.48,0.16,27.51,,,2.48
,,,,,,,,2022,6,6557,True,,,0.15,0.01,1.83,,,0.15
0.06,0.05,,,,,,1.82,2022,6,6803,True,,,3.48,0.33,50.3,,0.06,3.48
0.16,0.2,,,,,,,2022,6,6989,True,,,2.84,0.24,34.2,,0.16,2.84
0.08,0.05,,,,,0.06,7.49,2022,6,7601,True,,,4.58,0.26,44.07,,,4.58
,,,,,,,,2022,6,8013,True,,,0.06,,0.48,,,0.06
0.06,0.06,,,,,,,2022,6,8112,True,,,4.66,0.35,56.51,,0.06,4.66
,,,,,,0.04,3.15,2022,6,8126,True,,,1.63,0.14,18.74,,,1.63
,,,,,,,,2022,6,8134,True,,,1.08,0.08,13.32,,,1.08
,,,,,,,,2022,6,8188,True,,,2.2,0.19,25.61,,,2.2
0.07,0.07,,,,,,,2022,6,1689,True,,,4.9,0.4,57.02,,0.07,4.9
0.06,0.06,,,,,,,2022,6,2309,True,,,4.93,0.43,62.31,,0.06,4.93
,,,,,,,,2022,6,2319,True,,,2.99,0.25,40.34,,,2.99
0.07,0.08,,,,,,0.7,2022,6,4037,True,,,4.62,0.45,58.15,,0.07,4.62
,0.05,,,,,0.04,7.16,2022,6,4197,True,,,3.93,0.26,42.46,,,3.93
0.06,0.06,,,,,,1.39,2022,6,4950,True,,,5.0,0.36,57.91,,0.06,5.0
,,,,,,,,2022,6,5773,True,,,1.09,0.13,15.05,,,1.09
,,,,,,,,2022,6,5880,True,,,1.97,0.16,23.98,,,1.97
0.12,0.07,,,,,,3.36,2022,6,5937,True,,,5.47,0.31,56.9,,0.06,5.47
,,,,,,,0.91,2022,6,6149,True,,,2.75,0.24,43.22,,,2.75
,,,,,,,0.53,2022,6,6798,True,,,0.67,0.04,8.19,,,0.67
0.05,0.05,,,,,,,2022,6,6801,True,,,4.0,0.38,54.25,,0.05,4.0
,,,,,,,,2022,6,6870,True,,,0.28,0.03,3.94,,,0.28
0.07,0.07,,,,,,0.77,2022,6,6943,True,,,4.06,0.51,59.38,,0.07,4.06
0.11,0.06,,,,,,2.19,2022,6,7526,True,,,5.54,0.42,70.65,,0.06,5.54
,,,,,,,,2022,6,7595,True,,,1.22,0.14,14.84,,,1.22
,,,,,,,1.16,2022,6,7612,True,,,0.95,0.08,10.03,,,0.95
,,,,,,,,2022,6,7757,True,,,3.07,0.18,29.95,,,3.07
0.03,0.03,,,,,,,2022,6,8118,True,,,1.57,0.09,17.23,,,1.57
,,,,,,,,2022,6,8180,True,,,0.19,0.02,2.13,,,0.19
,,,,,,,,2022,6,928,True,,,3.89,0.32,40.02,,,3.89
0.08,0.09,,,,,,,2022,6,4068,True,,,5.59,0.48,79.62,,0.08,5.59
0.06,0.07,,,,,,,2022,6,5045,True,,,5.02,0.45,73.57,,0.06,5.02
,,,,,,,,2022,6,6805,True,,,0.88,0.08,11.75,,,0.88
,,,,,,,,2022,6,7670,True,,,3.49,0.3,44.0,,,3.49
,,,,,,,,2022,6,8475,True,,,0.33,0.03,3.36,,,0.33
0.05,0.05,,,,,,1.41,2022,6,6783,True,,,3.95,0.3,50.24,,0.05,3.95
,,,,,,,,2022,6,7210,True,,,0.41,0.07,7.0,,,0.41
,,,,,,,,2022,6,8076,True,,,0.43,,4.22,,,0.43
,,,,,,,,2022,6,7032,True,,,0.29,,3.49,,,0.29
,,,,,,,,2022,6,2750,True,,,1.63,0.22,22.39,,,1.63
,,,,,,,,2022,6,6247,True,,,0.47,,3.26,,,0.47
,,,,,,,,2022,6,8665,True,,,0.31,0.03,3.49,0.31,,
0.05,0.05,,,,,,,2022,6,6826,True,,,2.3,0.21,22.89,2.3,,
,,,,,,,,2022,6,8214,True,,,0.39,0.01,3.0,0.39,,
,,,,,,,,2022,6,1425,True,,,1.07,0.07,11.01,1.07,,
,,,,,,,,2022,6,7716,True,,,2.13,0.1,23.43,2.13,,
,,,,,,,,2022,6,2214,True,,,2.69,0.26,28.48,2.69,,
,,,,,,,,2022,6,2460,True,,,0.55,0.05,5.6,0.55,0.04,
0.07,0.08,,,,,,,2022,6,3271,True,,,5.78,0.29,46.9,5.78,0.07,
,,,,,,,,2022,6,3496,True,,,0.19,,1.22,0.19,,
,,,,,,,,2022,6,4033,True,,,3.85,0.37,42.24,3.85,,
,,,,,,,,2022,6,4973,True,,,3.83,0.26,39.46,3.83,,
,,,,,,,,2022,6,4995,True,,,1.37,0.17,14.87,1.37,,
,,,,,,,,2022,6,5285,True,,,0.68,0.06,7.89,0.68,,
,,,,,,,,2022,6,6137,True,,,0.18,0.03,1.96,0.18,,
,,,,,,,,2022,6,6894,True,,,0.12,,0.64,0.12,,
,,,,,,,,2022,6,7050,True,,,0.6,0.06,6.44,0.6,,
,,,,,,,,2022,6,8130,True,,,0.7,0.06,7.37,0.7,,
,,,,,,,,2022,6,8484,True,,,0.33,,3.07,0.33,,
,,,,,,,,2022,6,4741,True,,,0.46,0.03,4.58,0.46,,
0.06,0.06,,,,,,,2022,6,5133,True,,,2.45,0.18,22.87,2.45,0.06,
,,,,,,,,2022,6,5906,True,,,2.75,0.32,30.67,2.75,0.05,
,,,,,,,,2022,6,6665,True,,,0.61,0.09,6.83,0.61,,
,,,,,,,,2022,6,7002,True,,,2.08,0.25,21.3,2.08,,
,,,,,,,,2022,6,7536,True,,,1.65,0.24,15.67,1.65,,
,,,,,,,,2022,6,8111,True,,,2.06,0.19,22.46,2.06,,
0.15,0.07,,,,,,,2022,6,1466,True,,,6.12,0.47,74.77,6.12,0.07,
,,,,,,,,2022,6,4054,True,,,2.19,0.23,24.28,2.19,,
,,,,,,,,2022,6,6126,True,,,3.59,0.33,36.32,3.59,,
,,,,,,,,2022,6,6662,True,,,0.8,,5.97,0.8,,
,,,,,,,,2022,6,7075,True,,,0.07,,0.28,0.07,,
,,,,,,,,2022,6,7131,True,,,0.68,0.07,7.17,0.68,,
,,,,,,,0.24,2022,6,7216,True,,,,,,,,
0.07,0.07,,,,,,,2022,6,1339,True,,,4.55,0.33,45.89,4.55,0.07,
,,,,,,,,2022,6,3048,True,,,0.2,,2.24,0.2,0.07,
0.07,0.06,,,,,,,2022,6,3214,True,,,2.59,0.31,27.67,2.59,0.07,
0.06,0.06,,,,,,,2022,6,4217,True,,,3.75,0.3,48.6,3.75,0.06,
,,,,,,,,2022,6,4602,True,,,3.34,0.3,34.33,3.34,,
0.07,0.07,,,,,,,2022,6,4993,True,,,2.81,0.21,33.42,2.81,0.07,
,,,,,,,,2022,6,5010,True,,,2.39,0.24,24.41,2.39,,
,,,,,,,,2022,6,7531,True,,,0.47,0.03,5.22,0.47,,
,,,,,,,,2022,6,7535,True,,,0.15,,1.09,0.15,,
,,,,,,,,2022,6,7602,True,,,2.14,0.21,20.55,2.14,,
,,,,,,,,2022,6,7828,True,,,0.16,0.01,1.33,0.16,,
,,,,,,,,2022,6,7946,True,,,0.31,,2.08,0.31,,
,,,,,,,,2022,6,8110,True,,,1.95,0.1,12.8,1.95,,
,,,,,,,,2022,6,8225,True,,,2.49,0.19,19.72,2.49,,
,,,,,,,,2022,6,111,True,,,0.37,0.02,4.36,0.37,,
,,,,,,,,2022,6,4066,True,,,3.19,0.14,35.81,3.19,,
,,,,,,,,2022,6,4144,True,,,1.18,0.12,12.56,1.18,,
,,,,,,,,2022,6,4314,True,,,1.47,0.11,13.67,1.47,,
0.07,0.07,,,,,,,2022,6,5022,True,,,4.35,0.3,50.72,4.35,0.07,
0.08,0.08,,,,,,,2022,6,5857,True,,,2.19,0.22,26.02,2.19,,
,,,,,,,,2022,6,6018,True,,,2.64,0.12,24.27,2.64,,
,,,,,,,,2022,6,6850,True,,,1.72,0.16,19.15,1.72,,
,,,,,,,,2022,6,6865,True,,,1.38,0.24,12.96,1.38,,
,,,,,,,,2022,6,6956,True,,,0.07,,0.6,0.07,,
,,,,,,,,2022,6,6970,True,,,0.14,,0.71,0.14,,
0.12,0.06,,,,,,,2022,6,7553,True,,,3.44,0.2,40.8,3.44,0.06,
,,,,,,,,2022,6,8131,True,,,1.77,0.08,17.14,1.77,,
,,,,,,,,2022,6,8197,True,,,1.17,0.1,10.83,1.17,,
,,,,,,,,2022,6,8849,True,,,0.05,,0.29,0.05,,
0.18,0.1,0.09,,0.18,10.61,0.32,19.2,2022,6,4381,True,0.09,,0.63,0.1,5.5,0.63,,
0.14,0.07,,,,,,,2022,6,5012,True,,,5.97,0.7,74.24,5.97,0.07,
,,,,,,,,2022,6,5409,True,,,1.11,,14.87,1.11,0.38,
,,,,,,,,2022,6,5973,True,,,0.26,0.03,2.87,0.26,,
,,,,,,,0.29,2022,6,6529,True,,,0.38,,2.28,,,
,,,,,,,,2022,6,6869,True,,,2.3,0.27,24.35,2.3,,
,,,,,,,,2022,6,7694,True,,,0.79,0.07,7.8,0.79,,
,,,,,,,,2022,6,8177,True,,,0.31,0.03,2.56,0.31,,
,,,,,,,,2022,6,8219,True,,,1.3,0.11,13.86,1.3,,
,,,,,,,,2022,6,7554,True,,,0.83,0.06,7.04,0.83,,
,,,,,,,,2022,6,4089,True,,,3.74,0.34,41.93,3.74,,
,,,,,,,,2022,6,2755,True,,,0.17,,2.0,0.17,,
,,,,,,,,2022,6,4189,True,,,1.38,0.09,14.0,1.38,,
,,,,,,,,2022,6,6074,True,,,0.9,0.08,9.16,0.9,0.08,
,,,,,,,,2022,6,8172,True,,,1.93,0.18,19.13,1.93,,
0.66,0.26,0.13,0.85,1.5,262.69,0.33,38.41,2022,7,5849,True,0.07,,,,,,,
0.66,0.2,,0.6,1.27,222.32,0.01,6.0,2022,7,829,True,,,,,,,,
0.54,0.18,0.13,0.63,1.33,203.25,0.17,17.11,2022,7,1049,True,,,,,,,,
,0.25,,0.78,1.49,249.27,0.18,16.41,2022,7,1373,True,,,,,,,,
0.62,0.31,,1.0,1.49,246.43,0.07,9.35,2022,7,3257,True,,,,,,,,
0.71,0.26,0.22,0.51,2.3,304.01,0.14,14.87,2022,7,6797,True,0.05,,,,,,,
0.81,0.37,0.13,0.92,1.66,259.06,0.12,12.25,2022,7,7523,True,,,,,,,,
0.58,0.22,0.06,0.77,1.1,190.4,0.17,17.77,2022,7,7538,True,,,,,,,,
0.7,0.42,0.14,0.85,1.65,245.08,0.1,7.05,2022,7,1837,True,,,,,,,,
0.54,0.26,0.06,0.9,1.55,268.14,0.02,1.94,2022,7,24,True,,,,,,,,
0.77,0.21,0.08,0.57,2.2,276.86,0.15,15.89,2022,7,3294,True,,,,,,,,
0.56,0.21,0.14,0.74,2.32,299.01,0.17,12.74,2022,7,6770,True,,,,,,,,
0.54,0.24,0.06,0.83,1.61,259.42,0.08,7.79,2022,7,3163,True,,,,,,,,
0.76,0.31,,0.86,1.3,179.06,0.05,9.27,2022,7,4335,True,,,,,,,,
,,,0.47,0.93,182.01,,,2022,7,6037,True,,,,,,,,
0.56,0.2,0.07,0.81,1.94,277.49,0.11,6.0,2022,7,6768,True,,,,,,,,
0.39,0.21,0.19,0.4,2.01,253.09,0.1,5.91,2022,7,96,True,,,,,,,,
0.71,0.28,0.14,0.7,1.98,299.69,0.06,4.29,2022,7,2028,True,,,,,,,,
0.46,0.17,0.06,0.67,1.15,187.51,0.33,30.69,2022,7,2307,True,,,,,,,,
0.71,0.31,0.14,0.76,1.79,234.47,0.33,59.17,2022,7,4881,True,0.05,,,,,,,
0.47,0.18,0.06,0.9,1.38,230.55,0.03,2.12,2022,7,7585,True,,,,,,,,
0.68,0.27,,0.84,1.3,234.0,0.18,12.55,2022,7,8160,True,,,,,,,,
0.65,0.26,0.2,0.72,2.2,299.92,0.18,20.15,2022,7,4046,True,,,,,,,,
0.75,0.23,0.05,0.75,1.24,211.1,0.23,32.43,2022,7,5870,True,,,,,,,,
0.32,0.13,0.19,0.69,2.22,282.1,0.06,2.07,2022,7,167,True,,,,,,,,
0.88,0.28,,0.82,1.23,204.63,0.05,20.45,2022,7,2711,True,,,,,,,,
0.44,0.15,0.05,0.8,0.83,146.48,0.2,41.0,2022,7,7591,True,0.06,,,,,,,
0.53,0.26,0.07,0.77,1.3,235.99,0.08,10.0,2022,7,7527,True,,,,,,,,
,,,,,,,0.3,2022,7,3391,True,,,,,,,,
0.05,,,,,,0.21,30.64,2022,7,956,True,,0.83,0.83,0.02,6.09,,,
0.13,0.07,,,,,0.3,66.32,2022,7,4035,True,0.07,4.22,4.22,0.13,32.83,,,
,,,,,,0.07,7.57,2022,7,8221,True,,0.36,0.36,,2.59,,,
,0.02,,,,,0.43,52.31,2022,7,6951,True,,3.45,3.45,0.06,24.03,,,
,,,,,,0.04,4.98,2022,7,2378,True,,0.34,0.34,,2.0,,,
0.15,0.07,,,,,0.65,71.71,2022,7,3164,True,0.08,1.67,1.67,0.04,12.16,,,
0.13,0.07,,,,,0.64,75.11,2022,7,4018,True,0.06,3.75,3.75,0.16,28.99,,,
,,,,,,0.12,17.69,2022,7,4147,True,,1.81,1.81,0.06,13.44,,,
,,,,,,0.08,12.93,2022,7,4455,True,,0.56,0.56,,4.58,,,
,,,,,,,,2022,7,4718,True,,0.18,0.18,,1.26,,,
,,,,,,0.07,14.7,2022,7,5347,True,,3.13,3.13,0.15,23.88,,,
0.13,0.07,,,,,0.6,80.22,2022,7,5850,True,,3.29,3.29,0.07,23.83,,,
0.17,0.06,,,,,0.56,73.53,2022,7,6813,True,0.11,2.53,2.53,0.06,19.83,,,
,,,,,,0.08,9.22,2022,7,6931,True,,1.55,1.55,0.04,10.89,,,
0.1,0.04,,,,,0.4,56.97,2022,7,6955,True,,1.5,1.5,0.04,11.32,,,
0.09,0.04,,,,,0.15,26.57,2022,7,7607,True,,2.06,2.06,0.09,15.91,,,
0.12,0.06,,,,,0.43,69.49,2022,7,8155,True,,2.39,2.39,0.09,18.9,,,
,,,,,,,1.56,2022,7,8181,True,,,0.37,0.02,3.06,0.37,,
,,,,,,0.12,15.93,2022,7,2161,True,,2.22,2.22,0.09,17.45,,,
0.24,0.12,,,,,0.79,85.19,2022,7,3198,True,0.06,2.06,2.06,0.07,15.78,,,
0.12,0.06,,,,,0.51,63.54,2022,7,3969,True,,4.41,4.41,0.15,31.19,,,
0.12,0.06,,,,,0.72,81.64,2022,7,4988,True,0.06,1.54,1.54,0.05,11.47,,,
,,,,,,0.04,9.56,2022,7,5536,True,,2.23,2.23,0.09,17.11,,,
0.1,0.05,,,,,0.33,46.37,2022,7,6828,True,0.05,1.95,1.95,0.06,15.07,,,
,,,,,,0.2,4.62,2022,7,6996,True,,0.62,0.62,0.02,4.77,,,
,,,,,,0.2,28.43,2022,7,7741,True,,0.44,0.44,,3.93,,,
,,,,,,0.33,53.03,2022,7,8154,True,,0.84,0.84,0.03,6.67,,,
,,,,,,0.26,51.73,2022,7,8205,True,,0.31,0.31,0.01,2.32,,,
,,,,,,0.01,2.25,2022,7,1379,True,,,0.86,0.05,7.65,,,
0.07,0.04,,,,,0.37,48.5,2022,7,2320,True,,1.19,1.19,0.03,8.56,,,
0.09,0.04,,,,,0.36,52.83,2022,7,4034,True,,2.5,2.5,0.09,18.66,,,
0.06,0.06,,,,,0.38,57.12,2022,7,4149,True,,1.85,1.85,0.05,12.23,,,
,,,,,,,0.43,2022,7,4353,True,,,0.52,,4.19,,,
0.19,0.13,,,,,0.61,78.49,2022,7,4866,True,,4.53,4.53,0.15,34.23,,,
0.08,,,,,,0.29,35.28,2022,7,4962,True,,1.54,1.54,0.02,11.34,,,
,,,,,,,,2022,7,6202,True,,,0.38,,3.41,,,
,,,,,,,2.24,2022,7,6918,True,,0.09,0.09,,0.68,,,
,,,,,,,7.73,2022,7,7551,True,,0.33,0.33,,2.45,,,
,,,,,,,5.42,2022,7,7572,True,,0.16,0.16,,1.27,,,
0.23,,,,,,0.21,41.37,2022,7,7594,True,,1.86,1.86,0.04,14.16,,,
,,,,,,0.02,1.37,2022,7,7794,True,,0.69,0.69,0.04,5.07,,,
,,,,,,0.04,6.67,2022,7,7809,True,,0.7,0.7,,5.24,,,
,,,,,,0.01,1.28,2022,7,8123,True,,,,,,,,
,,,,,,0.1,24.28,2022,7,8136,True,,2.35,2.35,0.07,17.75,,,
,,,,,,0.1,14.0,2022,7,8228,True,,1.18,1.18,,8.58,,,
,,,,,,,,2022,7,8428,True,,,0.96,0.05,4.66,,,
,,,,,,,,2022,7,2359,True,,0.27,0.27,0.01,2.0,,,
0.08,,,,,,0.32,37.96,2022,7,4111,True,,1.5,1.5,0.03,11.1,,,
0.11,0.06,,,,,0.41,54.24,2022,7,4199,True,,3.52,3.52,0.16,26.42,,,
,,,,,,0.3,42.2,2022,7,5284,True,,1.05,1.05,0.02,7.77,,,
0.11,0.05,,,,,0.25,39.19,2022,7,5967,True,,2.81,2.81,0.06,20.29,,,
,,,,,,0.01,0.77,2022,7,6039,True,,0.27,0.27,0.03,1.85,,,
0.08,0.04,,,,,0.23,31.21,2022,7,6820,True,,2.82,2.82,0.09,19.88,,,
0.09,0.05,,,,,0.33,47.53,2022,7,7528,True,0.05,2.79,2.79,0.09,19.0,,,
,,,,,,0.02,2.9,2022,7,8139,True,,0.09,0.09,,0.68,,,
,,,,,,,0.26,2022,7,8820,True,,,0.17,,1.22,,,
,,,,,,0.1,12.13,2022,7,1034,True,,2.34,2.34,0.05,17.71,,,
,,,,,,0.04,8.16,2022,7,1387,True,,3.0,3.0,0.08,21.54,,,
,,,,,,0.31,42.08,2022,7,1476,True,,1.38,1.38,0.03,9.5,,,
,,,,,,0.46,65.81,2022,7,2749,True,,1.79,1.79,0.1,14.0,,,
0.15,,,,,,0.3,43.32,2022,7,3242,True,,1.54,1.54,0.08,11.44,,,
,0.02,,,,,0.07,9.83,2022,7,5209,True,,2.45,2.45,0.1,17.56,,,
0.04,,,,,,0.13,17.86,2022,7,5248,True,,0.16,0.16,,1.3,,,
,,,,,,0.14,28.0,2022,7,5995,True,,1.07,1.07,0.02,8.31,,,
,,,,,,,2.76,2022,7,6109,True,,,0.7,,7.25,,,
,,,,,,0.01,1.89,2022,7,6659,True,,0.27,0.27,,1.93,,,
0.07,0.04,,,,,0.14,22.18,2022,7,6945,True,0.03,2.21,2.21,0.07,17.11,,,
,,,,,,0.01,3.21,2022,7,6984,True,,,,,,,,
,,,,,,0.03,3.16,2022,7,7529,True,,0.08,0.08,,0.4,,,
,,,,,,0.43,72.45,2022,7,8129,True,,1.95,1.95,0.05,14.8,,,
,,,,,,0.33,49.05,2022,7,8132,True,,0.55,0.55,,4.05,,,
,,,,,,,0.32,2022,7,2073,True,,,0.23,,1.9,,,
,,,,,,,0.96,2022,7,2471,True,,,0.22,,1.56,,,
,,,,,,,0.24,2022,7,3354,True,,,,,,,,
,,,,,,0.03,6.07,2022,7,3664,True,,2.48,2.48,0.1,19.38,,,
0.1,0.05,,,,,0.32,37.1,2022,7,4098,True,,2.23,2.23,0.08,19.05,,,
0.15,0.08,,,,,0.52,65.17,2022,7,4663,True,,5.14,5.14,0.24,42.92,,,
0.04,0.04,,,,,0.11,18.0,2022,7,5000,True,,1.97,1.97,0.06,14.48,,,
,,,,,,0.05,3.2,2022,7,6323,True,,,0.56,,4.47,0.56,0.1,
0.1,0.05,,,,,0.21,35.19,2022,7,7543,True,,2.43,2.43,0.1,19.65,,,
,,,,,,,0.86,2022,7,7609,True,,0.26,0.26,0.02,2.43,,,
0.13,0.07,,,,,0.46,71.5,2022,7,8151,True,,1.87,1.87,0.05,14.53,,,
0.02,0.01,,,,,0.03,4.99,2022,7,8153,True,,0.28,0.28,0.01,1.94,,,
0.03,,,,,,0.11,30.0,2022,7,7608,True,,0.61,0.61,0.02,5.0,,,
,,,,,,,,2022,7,8189,True,,0.13,0.13,0.01,0.99,,,
,,,,,,,,2022,7,8223,True,,,0.53,0.06,6.16,,,0.53
0.11,0.06,,,,,0.55,55.58,2022,7,5890,True,0.06,0.91,0.91,0.04,6.8,,,
0.1,0.05,,,,,0.32,55.8,2022,7,5892,True,,2.1,2.1,0.06,18.0,,,
0.13,0.05,,,,,0.48,64.0,2022,7,7611,True,0.06,2.95,2.95,0.07,21.06,,,
0.03,0.03,,,,,,,2022,7,3423,True,,,1.46,0.11,18.39,,,1.46
0.06,0.06,,,,,,,2022,7,8144,True,,,4.58,0.3,65.25,,0.06,4.58
0.16,0.2,,,,,,,2022,7,6989,True,,,2.78,0.2,33.22,,0.16,2.78
0.18,0.19,,,,,,,2022,7,5026,True,,,1.83,0.19,25.0,,,1.83
,,,,,,0.02,5.3,2022,7,8676,True,,,0.67,0.02,6.99,,,0.67
,,,,,,,,2022,7,5970,True,,,0.42,0.06,4.14,,,0.42
0.08,0.08,,,,,0.04,7.0,2022,7,7601,True,,,4.96,0.22,48.7,,,4.96
,,,,,,,,2022,7,830,True,,,1.42,0.09,16.0,,,1.42
0.08,0.08,,,,,,,2022,7,1426,True,,,5.53,0.5,69.0,,,5.53
,,,,,,,,2022,7,1346,True,,,1.12,0.09,16.37,,,1.12
,,,,,,,,2022,7,3269,True,,,1.73,0.13,22.07,,,1.73
,,,,,,,,2022,7,3652,True,,,0.34,0.03,3.8,,,0.34
,,,,,,,,2022,7,4218,True,,,0.16,,1.67,,,0.16
0.06,0.06,,,,,,1.36,2022,7,4950,True,,,4.89,0.35,56.66,,0.06,4.89
0.02,0.02,,,,,,0.32,2022,7,5113,True,,,0.83,0.07,10.24,,,0.83
,,,,,,,,2022,7,5432,True,,,2.21,0.21,23.5,,,2.21
0.05,0.05,,,,,0.05,4.31,2022,7,5917,True,,,2.84,0.2,34.1,,,2.84
,,,,,,,0.66,2022,7,6149,True,,,1.97,0.24,31.0,,,1.97
0.06,0.06,,,,,,2.02,2022,7,6803,True,,,3.85,0.37,55.66,,0.06,3.85
,,,,,,,,2022,7,6805,True,,,2.17,0.21,29.19,,,2.17
,,,,,,0.05,5.28,2022,7,6847,True,,,2.98,0.27,32.62,,,2.98
,,,,,,,,2022,7,6849,True,,,0.15,0.01,1.99,,,0.15
,,,,,,,,2022,7,7049,True,,,1.27,0.13,14.44,,,1.27
0.06,0.06,,,,,,4.9,2022,7,7547,True,,,5.69,0.33,62.44,,0.06,5.69
,,,,,,,,2022,7,7944,True,,,0.35,,3.51,,,0.35
0.06,0.04,,,,,,,2022,7,8146,True,,,3.73,0.29,44.55,,0.06,3.73
,,,,,,,,2022,7,1817,True,,,1.85,0.14,23.65,,,1.85
,,,,,,,,2022,7,2673,True,,,0.25,0.02,3.07,,,0.25
,,,,,,,1.1,2022,7,2750,True,,,3.0,0.23,36.17,,,3.0
0.06,0.06,,,,,,1.1,2022,7,3225,True,,,4.13,0.32,46.5,,,4.13
0.07,0.06,,,,,,,2022,7,4068,True,,,4.88,0.51,69.64,,0.07,4.88
0.13,0.06,,,,0.88,0.13,20.85,2022,7,5872,True,,,4.29,0.37,59.72,,0.06,4.29
0.12,0.06,,,,,,3.25,2022,7,5937,True,,,5.29,0.31,54.96,,0.06,5.29
0.05,0.05,,,,,,1.45,2022,7,6783,True,,,4.07,0.28,51.78,,0.05,4.07
0.05,0.03,,,,,0.02,5.1,2022,7,6814,True,,,1.33,0.1,14.27,,,1.33
,,,,,,,,2022,7,7496,True,,,2.67,0.15,34.33,,,2.67
0.06,0.06,,,,,,,2022,7,7571,True,,,4.32,0.33,51.3,,0.06,4.32
0.03,0.03,,,,,,,2022,7,8118,True,,,1.5,0.08,16.47,,,1.5
,,,,,,,,2022,7,8235,True,,,0.42,,4.34,,,0.42
,,,,,,,,2022,7,2334,True,,,0.96,0.06,10.38,,,0.96
,0.02,,,,,,,2022,7,4036,True,,,2.99,0.28,43.41,,0.07,2.99
0.05,0.05,,,,,,,2022,7,5045,True,,,4.18,0.34,52.34,,0.05,4.18
,,,,,,,1.02,2022,7,5096,True,,,1.32,0.12,13.35,,,1.32
0.05,,,,,,,0.75,2022,7,5137,True,,,1.17,0.09,14.73,,,1.17
0.05,0.05,,,,,,0.94,2022,7,5927,True,,,3.84,0.28,52.67,,0.05,3.84
,,,,,,,,2022,7,5965,True,,,0.22,,2.1,,,0.22
,,,,,,,0.49,2022,7,6271,True,,,2.12,0.14,28.05,,,2.12
,,,,,,,,2022,7,6588,True,,,0.9,0.03,7.27,,,0.9
0.06,0.06,,,,,,1.98,2022,7,6819,True,,,5.3,0.43,66.48,,0.06,5.3
,,,,,,,,2022,7,7032,True,,,0.63,,7.59,,,0.63
,,,,,,,,2022,7,7565,True,,,1.64,0.1,19.7,,,1.64
,,,,,,,,2022,7,7603,True,,,1.73,0.08,16.72,,,1.73
,,,,,,,,2022,7,7751,True,,,1.05,0.03,10.27,,,1.05
,,,,,,,,2022,7,8013,True,,,0.6,0.02,5.4,,,0.6
0.05,0.05,,,,,,,2022,7,8112,True,,,4.19,0.32,50.83,,0.05,4.19
,0.04,,,,,,,2022,7,8121,True,,,4.24,0.37,50.59,,,4.24
,0.03,,,,,,,2022,7,8137,True,,,3.48,0.2,46.0,,,3.48
,,,,,,,,2022,7,3286,True,,,2.1,0.23,24.9,,,2.1
,,,,,,,,2022,7,3328,True,,,0.44,0.01,5.97,,,0.44
,0.03,,,,,0.06,9.0,2022,7,4082,True,,,4.74,0.22,39.89,,0.05,4.74
,,,,,,,,2022,7,4177,True,,,2.76,0.26,38.95,,,2.76
0.04,0.04,,,,,,3.16,2022,7,4983,True,,,3.16,0.21,41.46,,0.04,3.16
0.05,0.05,,,,,,,2022,7,5110,True,,,3.24,0.25,37.85,,,3.24
,,,,,,,,2022,7,5773,True,,,0.99,0.12,13.61,,,0.99
,,,,,,,0.46,2022,7,7540,True,,,0.64,0.05,7.72,,,0.64
0.07,0.06,,,,,,2.52,2022,7,7564,True,,,5.63,0.61,87.65,,0.07,5.63
0.06,0.06,,,,,,,2022,7,7569,True,,,3.34,0.25,41.46,,,3.34
0.06,0.06,,,,,0.06,2.63,2022,7,1352,True,,,4.0,0.31,47.31,,,4.0
0.06,0.06,,,,,,1.42,2022,7,2197,True,,,4.8,0.27,58.6,,0.06,4.8
0.06,0.06,,,,,,0.35,2022,7,2216,True,,,4.66,0.53,67.03,,0.06,4.66
0.06,0.06,,,,,,,2022,7,2309,True,,,4.65,0.41,58.8,,0.06,4.65
,,,,,,,,2022,7,2331,True,,,0.37,0.04,4.68,,,0.37
0.05,0.05,,,,,,,2022,7,2374,True,,,4.43,0.31,59.07,,0.05,4.43
0.07,0.07,,,,,,5.0,2022,7,3321,True,,,6.81,0.53,94.0,,0.07,6.81
,,,,,,,,2022,7,3445,True,,,2.25,0.17,35.87,,,2.25
,,,,,,,0.6,2022,7,3634,True,,,0.88,0.05,9.4,,,0.88
0.06,0.06,,,,,,1.78,2022,7,4040,True,,,4.78,0.3,51.83,,0.06,4.78
,,,,,,,0.57,2022,7,4080,True,,,4.12,0.23,48.25,,,4.12
,,,,,,,,2022,7,4171,True,,,3.5,0.34,45.86,,,3.5
,0.03,,,,,,,2022,7,5038,True,,,3.69,0.34,51.87,,,3.69
,0.03,,,,,,,2022,7,5086,True,,,3.54,0.32,48.37,,,3.54
,0.02,,,,,0.07,12.62,2022,7,5121,True,,,2.27,0.16,23.4,,,2.27
,,,,,,,,2022,7,5880,True,,,2.65,0.21,32.33,,,2.65
0.07,0.06,,,,,,1.07,2022,7,5955,True,,,4.6,0.3,47.99,,0.07,4.6
0.07,0.06,,,,,,,2022,7,6801,True,,,5.36,0.51,72.5,,0.07,5.36
,,,,,,,,2022,7,7210,True,,,0.38,0.06,4.46,,,0.38
0.12,0.06,,,,,,1.98,2022,7,7526,True,,,5.01,0.4,63.66,,0.06,5.01
,,,,,,,,2022,7,8168,True,,,1.75,0.16,23.11,,,1.75
,,,,,,,,2022,7,8176,True,,,0.46,0.04,4.67,,,0.46
0.06,0.06,,,,,,,2022,7,1067,True,,,3.14,0.23,38.2,,,3.14
0.07,0.07,,,,,,,2022,7,1479,True,,,5.53,0.38,60.59,,0.07,5.53
0.08,0.08,,,,,,,2022,7,2133,True,,,7.42,0.66,93.55,,0.08,7.42
0.07,0.07,,,,,,0.79,2022,7,4037,True,,,5.22,0.34,63.23,,0.07,5.22
,,,,,,,,2022,7,4234,True,,,3.54,0.27,42.14,,,3.54
,,,,,,,,2022,7,4420,True,,,0.56,,5.15,,,0.56
,,,,,,,,2022,7,4854,True,,,0.48,0.1,5.19,,,0.48
,,,,,,,,2022,7,5154,True,,,1.63,0.22,16.79,,,1.63
,0.04,,,,,,0.98,2022,7,5185,True,,,4.04,0.41,55.37,,,4.04
,,,,,,,,2022,7,5374,True,,,0.61,0.09,7.88,,,0.61
0.06,0.06,,,,,,1.04,2022,7,5846,True,,,4.53,0.38,65.72,,0.06,4.53
,,,,,,,,2022,7,6154,True,,,1.0,0.06,11.06,,,1.0
,,,,,,,,2022,7,6247,True,,,0.73,0.06,8.81,,,0.73
,,,,,,,,2022,7,6290,True,,,0.37,0.03,4.51,,,0.37
,,,,,,,,2022,7,6557,True,,,0.53,0.03,6.57,,,0.53
0.08,0.08,,,,,,4.74,2022,7,6786,True,,,6.32,0.52,88.54,,0.08,6.32
,0.03,,,,,,0.71,2022,7,6824,True,,,3.0,0.31,44.52,,,3.0
,,,,,,,,2022,7,6870,True,,,0.26,0.02,3.56,,,0.26
0.06,0.06,,,,,,6.0,2022,7,6886,True,,,3.52,0.2,44.89,,0.06,3.52
,,,,,,,,2022,7,6957,True,,,0.97,0.09,11.04,,,0.97
,,,,,,,1.09,2022,7,7612,True,,,0.9,0.08,9.46,,,0.9
,0.02,,,,,0.07,5.95,2022,7,8126,True,,,3.07,0.27,35.47,,,3.07
,0.03,,,,,,,2022,7,8142,True,,,3.8,0.3,46.29,,,3.8
,,,,,,,,2022,7,8475,True,,,0.56,0.05,5.64,,,0.56
,,,,,,,,2022,7,8783,True,,,0.34,,4.19,,,0.34
0.06,0.06,,,,0.9,,0.53,2022,7,5947,True,,,5.24,0.33,54.94,,,5.24
0.05,0.05,,,,,,2.02,2022,7,7090,True,,,3.55,0.27,48.99,,0.05,3.55
,,,,,,,,2022,7,5323,True,,,1.16,0.1,12.86,,,1.16
0.04,0.04,,,,,,0.48,2022,7,2325,True,,,0.92,0.08,13.0,,,0.92
,,,,,,,,2022,7,4992,True,,,1.29,0.07,16.0,,,1.29
,,,,,,,,2022,7,2319,True,,,2.52,0.23,36.0,,,2.52
,0.03,,,,,0.04,7.0,2022,7,8188,True,,,2.69,0.2,31.38,,,2.69
0.06,0.07,0.03,,0.06,3.74,0.18,25.0,2022,7,4381,True,0.03,,0.32,0.02,2.33,0.32,,
,,,,,,,,2022,7,7002,True,,,2.81,0.19,28.89,2.81,,
,,,,,,,,2022,7,8130,True,,,0.68,,7.13,0.68,,
,,,,,,,,2022,7,3258,True,,,0.19,0.02,1.85,0.19,,
0.07,0.07,,,,,,,2022,7,1339,True,,,5.01,0.36,50.0,5.01,0.07,
,,,,,,,,2022,7,3496,True,,,0.19,,1.18,0.19,,
,,,,,,,,2022,7,111,True,,,0.33,0.02,3.87,0.33,,
,,,,,,,,2022,7,4066,True,,,3.93,0.21,38.62,3.93,,
,,,,,,,,2022,7,4741,True,,,0.52,0.03,5.2,0.52,,
0.06,0.06,,,,,,,2022,7,4993,True,,,2.5,0.19,28.0,2.5,0.06,
,,,,,,,,2022,7,5285,True,,,0.67,0.06,7.79,0.67,,
,,,,,,,,2022,7,5409,True,,,1.14,,15.16,1.14,0.38,
,,,,,,,,2022,7,7050,True,,,0.53,0.05,5.66,0.53,,
0.12,0.06,,,,,,,2022,7,7553,True,,,3.62,0.3,44.66,3.62,0.06,
,,,,,,,,2022,7,7568,True,,,2.11,0.16,21.99,2.11,,
,,,,,,,,2022,7,8197,True,,,0.92,0.08,8.54,0.92,,
,,,,,,,,2022,7,2460,True,,,1.42,0.13,14.36,1.42,0.07,
,,,,,,,,2022,7,4055,True,,,1.03,0.09,10.34,1.03,,
,,,,,,,,2022,7,4995,True,,,1.13,0.14,12.2,1.13,,
0.15,0.08,,,,,,,2022,7,5012,True,,,6.13,0.57,76.63,6.13,0.08,
,,,,,,,,2022,7,5973,True,,,0.59,0.07,6.5,0.59,,
,,,,,,,,2022,7,5985,True,,,3.34,0.29,36.54,3.34,,
,,,,,,,,2022,7,6865,True,,,0.93,0.16,8.64,0.93,,
0.06,0.07,,,,,,,2022,7,7600,True,,,3.88,0.31,44.0,3.88,0.06,
,,,,,,,,2022,7,7602,True,,,2.16,0.22,20.79,2.16,,
,,,,,,,,2022,7,7694,True,,,0.83,0.07,8.15,0.83,,
,,,,,,,,2022,7,7716,True,,,1.79,0.08,19.85,1.79,,
,,,,,,,,2022,7,8665,True,,,0.25,0.03,2.77,0.25,,
,,,,,,,,2022,7,3202,True,,,1.67,0.13,16.71,1.67,,
,,,,,,,,2022,7,4054,True,,,1.95,0.18,21.79,1.95,,
,,,,,,,,2022,7,4973,True,,,3.89,0.3,40.24,3.89,,
,,,,,,,,2022,7,5008,True,,,1.11,0.1,10.71,1.11,,
0.07,0.07,,,,,,,2022,7,5844,True,,,4.5,0.33,45.93,4.5,0.07,
0.08,0.08,,,,,,,2022,7,5857,True,,,2.33,0.24,27.76,2.33,,
,,,,,,0.01,0.28,2022,7,6529,True,,,1.52,0.1,9.08,,,
,,,,,,,,2022,7,6662,True,,,0.72,,5.4,0.72,,
,,,,,,,,2022,7,7131,True,,,0.6,0.06,6.36,0.6,,
,,,,,,,0.25,2022,7,7216,True,,,,,,,,
,,,,,,,,2022,7,7891,True,,,0.49,0.03,4.67,0.49,,
,,,,,,,,2022,7,8110,True,,,1.22,0.06,12.16,1.22,,
,,,,,,,,2022,7,8131,True,,,2.67,0.12,25.93,2.67,,
,,,,,,,,2022,7,8484,True,,,0.32,,2.96,0.32,,
0.14,0.07,,,,,,,2022,7,1466,True,,,6.45,0.57,78.76,6.45,0.07,
,,,,,,,,2022,7,2755,True,,,0.4,,3.34,0.4,,
,,,,,,,,2022,7,4033,True,,,3.77,0.36,41.35,3.77,,
,,,,,,,,2022,7,4189,True,,,0.71,0.05,6.71,0.71,,
,,,,,,,,2022,7,4602,True,,,3.76,0.33,36.58,3.76,,
,,,,,,,,2022,7,6850,True,,,1.64,0.16,18.22,1.64,,
,,,,,,,,2022,7,7075,True,,,0.07,,0.27,0.07,,
,,,,,,,,2022,7,7554,True,,,1.53,0.14,16.87,1.53,,
,,,,,,,,2022,7,7828,True,,,0.16,0.01,1.31,0.16,,
,,,,,,,,2022,7,8111,True,,,3.49,0.34,37.83,3.49,,
,,,,,,,,2022,7,8210,True,,,1.24,0.11,11.48,1.24,,
,,,,,,,,2022,7,8214,True,,,1.69,0.13,16.38,1.69,,
,,,,,,,,2022,7,8225,True,,,2.61,0.17,20.83,2.61,,
,,,,,,,,2022,7,8849,True,,,0.05,,0.33,0.05,,
,,,,,,,,2022,7,943,True,,,0.29,0.03,2.94,0.29,,
,,,,,,,,2022,7,2545,True,,,1.72,0.16,13.28,1.72,,
,,,,,,,,2022,7,3048,True,,,0.23,,2.54,0.23,0.08,
0.06,0.05,,,,,,,2022,7,5133,True,,,2.22,0.11,19.76,2.22,0.06,
,,,,,,,,2022,7,6894,True,,,0.14,,0.74,0.14,,
,,,,,,,,2022,7,4089,True,,,3.83,0.35,42.96,3.83,,
0.06,0.06,,,,,,,2022,7,4217,True,,,4.17,0.33,53.93,4.17,0.06,
0.05,0.05,,,,,,,2022,7,5001,True,,,3.23,0.25,31.79,3.23,0.05,
,,,,,,,,2022,7,5010,True,,,2.19,0.22,22.31,2.19,,
,,,,,,,,2022,7,6018,True,,,0.67,0.04,8.0,0.67,,
,,,,,,,,2022,7,6075,True,,,1.15,0.12,15.25,1.15,,
,,,,,,,,2022,7,6665,True,,,0.6,0.09,6.72,0.6,,
,,,,,,,,2022,7,6956,True,,,0.08,,0.7,0.08,,
,,,,,,,,2022,7,6970,True,,,0.15,,0.75,0.15,,
,,,,,,,,2022,7,7535,True,,,0.16,,1.22,0.16,,
,,,,,,,,2022,7,8172,True,,,2.3,0.21,22.76,2.3,,
,,,,,,,,2022,7,8219,True,,,1.17,0.11,12.38,1.17,,
0.05,0.05,,,,,,,2022,7,3214,True,,,1.82,0.18,20.34,1.82,0.05,
,,,,,,,,2022,7,4144,True,,,1.54,0.15,16.35,1.54,,
,,,,,,,,2022,7,6181,True,,,0.14,,1.66,0.14,,
,,,,,,,,2022,7,1425,True,,,0.58,0.04,5.92,0.58,,
0.04,0.04,,,,,,,2022,7,6826,True,,,1.97,0.13,19.51,1.97,,
0.35,0.14,0.21,0.75,1.7,322.18,0.06,2.07,2022,8,167,True,,,,,,,,
0.65,0.29,0.12,0.9,1.63,213.0,0.33,65.0,2022,8,4881,True,0.06,,,,,,,
0.62,0.25,0.12,0.7,1.82,254.0,0.1,9.5,2022,8,2028,True,,,,,,,,
0.69,0.18,,0.7,1.57,192.03,0.12,10.06,2022,8,4335,True,,,,,,,,
0.7,0.28,0.12,0.81,1.3,238.29,0.2,12.0,2022,8,7523,True,,,,,,,,
0.53,0.23,0.06,0.8,1.65,243.33,0.12,8.72,2022,8,3163,True,,,,,,,,
0.72,0.27,0.14,0.84,2.23,302.78,0.4,47.34,2022,8,4984,True,,,,,,,,
0.64,0.27,0.14,0.91,1.62,251.37,0.48,57.47,2022,8,6904,True,0.07,,,,,,,
0.57,0.23,0.06,0.81,1.15,199.9,0.17,17.52,2022,8,7538,True,,,,,,,,
0.7,0.31,,1.05,1.05,218.7,0.14,18.0,2022,8,8160,True,,,,,,,,
0.71,0.29,,0.7,1.39,227.51,0.04,8.45,2022,8,829,True,,,,,,,,
0.58,0.26,0.13,0.84,1.2,248.0,0.1,17.0,2022,8,1234,True,,,,,,,,
,0.25,,0.79,1.51,253.36,0.21,17.69,2022,8,1373,True,,,,,,,,
0.48,0.19,0.05,0.64,0.96,179.0,0.29,39.87,2022,8,2307,True,,,,,,,,
0.69,0.21,0.07,0.77,1.99,260.0,0.12,12.93,2022,8,3294,True,,,,,,,,
0.78,0.28,0.21,0.99,1.95,263.29,,3.23,2022,8,421,True,,,,,,,,
0.58,0.2,0.07,0.84,2.04,276.24,0.2,10.0,2022,8,6768,True,,,,,,,,
0.51,0.26,0.06,0.77,1.48,235.63,0.06,12.13,2022,8,7527,True,,,,,,,,
0.65,0.27,0.13,0.78,1.5,268.0,0.3,35.37,2022,8,5849,True,0.06,,,,,,,
0.51,0.19,0.06,0.97,1.49,244.61,0.05,4.64,2022,8,7585,True,,,,,,,,
0.54,0.28,,0.85,1.06,160.61,0.27,39.5,2022,8,8161,True,,,,,,,,
0.69,0.43,0.13,0.89,1.69,253.21,0.1,6.63,2022,8,1837,True,,,,,,,,
0.91,0.24,,1.05,1.31,218.8,0.12,16.92,2022,8,2711,True,,,,,,,,
0.72,0.32,0.13,0.71,1.9,275.0,0.1,4.06,2022,8,1166,True,,,,,,,,
0.77,0.23,0.05,0.77,1.26,203.55,0.26,37.93,2022,8,5870,True,,,,,,,,
0.59,0.25,0.2,0.82,1.13,221.02,0.15,19.79,2022,8,7583,True,,,,,,,,
0.41,0.14,0.04,0.84,0.94,131.34,0.31,47.16,2022,8,7591,True,0.06,,,,,,,
0.33,0.16,0.17,0.43,1.53,237.72,0.05,4.83,2022,8,96,True,,,,,,,,
0.59,0.3,,0.68,1.21,225.36,0.11,14.65,2022,8,3257,True,,,,,,,,
0.54,0.2,0.13,0.77,1.87,261.01,0.27,16.0,2022,8,6770,True,,,,,,,,
0.08,,,,,,0.1,23.04,2022,8,3242,True,,0.73,0.73,0.04,5.44,,,
,,,,,,0.03,12.07,2022,8,5995,True,,0.86,0.86,,6.0,,,
,,,,,,,0.38,2022,8,4353,True,,,0.71,,5.63,,,
0.11,,,,,,0.31,46.31,2022,8,5248,True,,0.79,0.79,0.01,6.35,,,
0.11,0.06,,,,,0.4,45.35,2022,8,3969,True,,4.33,4.33,0.16,30.57,,,
,,,,,,0.11,24.0,2022,8,8136,True,,2.41,2.41,0.07,18.25,,,
0.1,0.05,,,,,0.34,44.0,2022,8,2320,True,,2.69,2.69,0.07,19.42,,,
0.25,0.14,,,,,0.84,98.0,2022,8,3198,True,0.06,1.95,1.95,0.07,18.0,,,
0.14,0.07,,,,,0.4,63.56,2022,8,4035,True,0.07,4.68,4.68,0.14,36.42,,,
0.13,0.07,,,,,0.37,72.56,2022,8,6151,True,,1.92,1.92,0.05,14.25,,,
0.08,0.04,,,,,0.16,24.36,2022,8,6945,True,0.03,2.24,2.24,0.07,17.3,,,
,,,,,,,0.68,2022,8,7204,True,,,0.8,,6.0,,,
,,,,,,,3.32,2022,8,7551,True,,0.22,0.22,,1.58,,,
,,,,,,0.13,15.09,2022,8,8138,True,,0.88,0.88,0.02,6.19,,,
0.05,,,,,,0.22,33.38,2022,8,956,True,,0.86,0.86,0.03,6.36,,,
,,,,,,0.03,5.72,2022,8,3664,True,,2.35,2.35,0.09,18.37,,,
0.05,0.05,,,,,0.3,45.95,2022,8,4149,True,,1.65,1.65,0.04,10.96,,,
,,,,,,0.05,4.51,2022,8,5131,True,,0.33,0.33,,2.39,,,
,,,,,,0.08,15.72,2022,8,5347,True,,4.16,4.16,0.2,31.75,,,
0.1,0.05,,,,,0.41,48.36,2022,8,5890,True,0.05,0.83,0.83,0.03,6.21,,,
0.15,0.08,,,,,0.42,67.42,2022,8,5967,True,,2.6,2.6,0.06,18.95,,,
,,,,,,,1.0,2022,8,6323,True,,,0.62,,4.97,0.62,0.11,
0.06,0.02,,,,,0.2,32.63,2022,8,6955,True,,1.17,1.17,0.03,8.83,,,
0.16,0.08,,,,,0.35,59.63,2022,8,7543,True,,3.12,3.12,0.1,25.13,,,
,,,,,,,,2022,8,8223,True,,,0.51,0.06,6.0,,,0.51
,,,,,,,0.28,2022,8,8820,True,,,0.19,,1.31,,,
,,,,,,0.14,18.57,2022,8,2588,True,,0.88,0.88,0.02,5.72,,,
,,,,,,,0.43,2022,8,3832,True,,,0.6,0.05,6.75,,,
0.14,0.03,,,,,0.37,51.0,2022,8,4111,True,,1.97,1.97,0.06,18.0,,,
0.1,0.05,,,,,0.33,43.04,2022,8,4199,True,,3.8,3.8,0.18,28.0,,,
,,,,,,0.04,9.14,2022,8,5536,True,,2.13,2.13,0.1,16.36,,,
0.09,0.05,,,,,0.28,44.56,2022,8,5892,True,,2.33,2.33,0.05,17.78,,,
,,,,,,,2.77,2022,8,6109,True,,,0.7,,7.28,,,
,0.03,,,,,0.38,47.82,2022,8,6951,True,,3.21,3.21,0.07,22.46,,,
,,,,,,0.02,2.64,2022,8,8139,True,,0.24,0.24,,1.88,,,
0.14,0.07,,,,,0.57,76.96,2022,8,8151,True,,1.28,1.28,0.02,9.96,,,
,,,,,,0.32,56.5,2022,8,8154,True,,0.74,0.74,0.03,5.89,,,
,,,,,,,3.21,2022,8,8181,True,,,0.77,,6.3,0.77,,
,,,,,,,,2022,8,8189,True,,0.12,0.12,0.01,0.96,,,
,,,,,,0.16,13.33,2022,8,8221,True,,0.46,0.46,,1.83,,,
,,,,,,0.31,41.97,2022,8,1476,True,,1.52,1.52,0.03,10.64,,,
0.24,0.13,,,,,0.6,74.51,2022,8,4029,True,0.06,2.84,2.84,0.13,22.99,,,
0.13,0.06,,,,,0.57,73.38,2022,8,4034,True,,3.76,3.76,0.11,31.0,,,
,,,,,,0.08,12.87,2022,8,4455,True,,0.56,0.56,,4.56,,,
,,,,,,0.01,0.21,2022,8,5284,True,,0.19,0.19,,1.4,,,
0.06,,,,,,0.25,19.25,2022,8,5549,True,,0.85,0.85,0.01,3.0,,,
0.11,0.06,,,,,0.31,50.94,2022,8,6130,True,,3.39,3.39,0.08,24.5,,,
0.08,0.04,,,,,0.25,35.59,2022,8,6828,True,0.04,1.73,1.73,0.05,13.35,,,
,,,,,,0.23,15.35,2022,8,6996,True,,1.03,1.03,,7.95,,,
0.09,0.05,,,,,0.36,55.18,2022,8,7528,True,0.05,2.64,2.64,0.09,19.05,,,
0.14,0.07,,,,,0.27,50.71,2022,8,7607,True,,4.14,4.14,0.21,32.03,,,
0.03,0.02,,,,,0.21,33.17,2022,8,7608,True,,1.2,1.2,0.02,9.1,,,
0.11,0.06,,,,,0.41,52.57,2022,8,7611,True,0.05,2.95,2.95,0.07,21.12,,,
,,,,,,0.12,12.59,2022,8,7741,True,,0.5,0.5,,4.48,,,
,,,,,,0.05,4.58,2022,8,7809,True,,0.8,0.8,,5.97,,,
,,,,,,0.01,1.22,2022,8,8123,True,,,,,,,,
,,,,,,0.38,56.63,2022,8,8132,True,,0.64,0.64,0.01,4.7,,,
,,,,,,0.04,4.66,2022,8,8195,True,,0.14,0.14,,1.16,,,
,,,,,,0.04,8.78,2022,8,1387,True,,2.96,2.96,0.08,21.17,,,
,,,,,,0.47,68.99,2022,8,2749,True,,2.3,2.3,0.04,19.05,,,
,,,,,,,0.23,2022,8,3354,True,,,,,,,,
,,,,,,0.02,2.18,2022,8,4718,True,,0.71,0.71,,4.97,,,
0.07,,,,,,0.31,56.49,2022,8,5916,True,,2.52,2.52,0.06,18.78,,,
0.17,0.11,,,,,0.34,46.37,2022,8,6790,True,,4.36,4.36,0.13,33.62,,,
,,,,,,,0.06,2022,8,6931,True,,0.01,0.01,,0.06,,,
,,,,,,0.08,16.44,2022,8,7567,True,,1.29,1.29,0.02,9.63,,,
,,,,,,0.39,68.44,2022,8,8129,True,,2.58,2.58,0.06,19.55,,,
,,,,,,0.09,12.19,2022,8,8228,True,,0.92,0.92,,6.72,,,
,,,,,,0.08,18.51,2022,8,8255,True,,1.41,1.41,0.01,10.9,,,
,,,,,,0.09,11.05,2022,8,1034,True,,2.13,2.13,,16.14,,,
,,,,,,,0.37,2022,8,2073,True,,,0.27,,2.17,,,
,,,,,,,,2022,8,2359,True,,0.24,0.24,0.01,1.82,,,
,,,,,,,0.33,2022,8,3391,True,,,,,,,,
0.18,0.12,,,,,0.63,88.0,2022,8,4866,True,,3.48,3.48,0.11,26.29,,,
0.06,0.06,,,,,0.17,29.71,2022,8,5000,True,,2.14,2.14,0.06,15.74,,,
,,,,,,0.08,13.0,2022,8,5122,True,,0.26,0.26,,1.71,,,
0.14,0.08,,,,,0.7,83.34,2022,8,5850,True,,2.86,2.86,0.07,22.0,,,
0.04,,,,,,0.16,29.2,2022,8,5987,True,,1.29,1.29,0.03,9.74,,,
,,,,,,0.18,12.0,2022,8,6039,True,,1.22,1.22,0.14,8.46,,,
,,,,,,,,2022,8,6202,True,,,0.14,,1.24,,,
,,,,,,0.06,11.76,2022,8,6659,True,,0.75,0.75,0.01,5.38,,,
0.17,0.05,,,,,0.47,71.0,2022,8,6813,True,0.11,2.53,2.53,0.05,19.78,,,
,,,,,,0.03,2.23,2022,8,6845,True,,0.27,0.27,0.04,1.95,,,
,,,,,,0.03,3.15,2022,8,7529,True,,0.08,0.08,,0.4,,,
,,,,,,0.05,5.62,2022,8,8179,True,,0.2,0.2,,1.12,,,
,,,,,,0.09,14.0,2022,8,4147,True,,1.6,1.6,0.05,11.82,,,
0.11,0.05,,,,,0.82,86.0,2022,8,4988,True,0.06,1.34,1.34,0.04,9.93,,,
,,,,,,,0.87,2022,8,7609,True,,0.26,0.26,0.02,2.48,,,
0.12,0.06,,,,,0.56,66.02,2022,8,4018,True,0.06,3.3,3.3,0.14,26.0,,,
,,,,,,0.01,1.2,2022,8,7794,True,,0.3,0.3,0.02,2.23,,,
0.09,0.05,,,,,0.24,36.0,2022,8,4098,True,,2.22,2.22,0.08,17.0,,,
,,,,,,0.01,1.76,2022,8,6694,True,,0.23,0.23,,1.0,,,
0.07,0.08,,,,,,0.44,2022,8,2216,True,,,5.48,0.5,78.96,,0.07,5.48
,,,,,,,,2022,8,3286,True,,,1.22,0.14,14.45,,,1.22
,,,,,,,,2022,8,6290,True,,,1.8,0.14,21.79,,,1.8
,,,,,,,,2022,8,6957,True,,,0.87,0.08,9.9,,,0.87
0.04,0.04,,,,,,,2022,8,7571,True,,,3.3,0.25,39.17,,0.04,3.3
0.07,0.07,,,,,,0.86,2022,8,4037,True,,,5.63,0.43,68.12,,0.07,5.63
,,,,,,,,2022,8,2331,True,,,0.86,0.08,11.04,,,0.86
,,,,,,0.05,4.0,2022,8,6847,True,,,2.68,0.24,29.25,,,2.68
,,,,,,,,2022,8,947,True,,,2.14,0.13,26.66,,,2.14
0.07,0.07,,,,,,0.94,2022,8,2325,True,,,1.8,0.15,28.35,,,1.8
,,,,,,,,2022,8,3269,True,,,2.42,0.19,30.87,,,2.42
0.07,0.07,,,,,0.03,4.0,2022,8,3321,True,,,7.3,0.59,98.71,,0.07,7.3
,,,,,,,0.24,2022,8,4319,True,,,0.65,0.04,7.3,,,0.65
0.05,0.05,,,,,,,2022,8,4950,True,,,4.45,0.32,56.0,,0.05,4.45
,,,,,,,,2022,8,5007,True,,,0.27,,2.59,,,0.27
,,,,,,,,2022,8,5038,True,,,3.94,0.36,55.29,,,3.94
0.07,,,,,,,1.12,2022,8,5137,True,,,1.78,0.15,22.3,,,1.78
,,,,,,,,2022,8,5880,True,,,3.82,0.31,41.55,,,3.82
0.06,0.06,,,,0.9,,0.51,2022,8,5947,True,,,5.25,0.32,55.36,,,5.25
,,,,,,,,2022,8,5965,True,,,0.21,,1.99,,,0.21
,,,,,,,,2022,8,6557,True,,,0.69,0.04,8.54,,,0.69
,,,,,,,,2022,8,6588,True,,,1.85,0.04,15.09,,,1.85
0.07,0.07,,,,0.95,,2.28,2022,8,6794,True,,,7.13,0.6,103.63,,0.07,7.13
0.06,0.06,,,,,,2.01,2022,8,6819,True,,,5.36,0.35,67.41,,0.06,5.36
0.06,0.06,,,,,,,2022,8,6943,True,,,3.74,0.45,64.0,,0.06,3.74
0.06,0.06,,,,,,5.31,2022,8,7547,True,,,6.21,0.32,68.01,,0.06,6.21
0.05,0.05,,,,,,2.28,2022,8,7596,True,,,2.97,0.24,37.02,,0.05,2.97
0.05,0.05,,,,,0.05,4.44,2022,8,7601,True,,,2.9,0.18,30.46,,,2.9
,,,,,,,,2022,8,7757,True,,,2.86,0.17,28.58,,,2.86
,,,,,,,,2022,8,7989,True,,,0.3,,2.84,,,0.3
,,,,,,,,2022,8,8013,True,,,0.6,0.06,7.1,,,0.6
,,,,,,0.05,7.18,2022,8,8126,True,,,3.98,0.3,42.74,,,3.98
0.06,0.06,,,,,,,2022,8,8146,True,,,3.97,0.28,47.58,,0.06,3.97
,,,,,,,,2022,8,8235,True,,,1.06,0.07,10.92,,,1.06
0.06,0.07,,,,,,,2022,8,1992,True,,,3.81,0.25,43.95,,0.06,3.81
,,,,,,,,2022,8,2334,True,,,2.93,0.17,31.7,,,2.93
,,,,,,,,2022,8,2381,True,,,0.95,0.07,12.12,,,0.95
,,,,,,,,2022,8,2821,True,,,0.48,0.04,5.23,,,0.48
0.04,0.04,,,,,,0.92,2022,8,3423,True,,,2.23,0.16,28.0,,,2.23
0.07,0.06,,,,,,2.18,2022,8,4039,True,,,8.27,0.71,94.26,,0.07,8.27
,,,,,0.56,,1.47,2022,8,4454,True,,,1.0,0.09,12.55,,,1.0
0.07,0.07,,,,,,4.36,2022,8,4983,True,,,4.36,0.36,63.53,,0.07,4.36
,,,,,,,,2022,8,4992,True,,,1.27,0.07,13.33,,,1.27
,,,,,,0.01,6.87,2022,8,5695,True,,,1.14,0.02,11.18,,,1.14
0.06,0.06,,,,,,1.04,2022,8,5846,True,,,4.34,0.35,62.93,,0.06,4.34
0.06,0.06,,,,,,1.58,2022,8,6783,True,,,4.41,0.3,56.16,,0.06,4.41
0.07,0.09,,,,,,2.51,2022,8,6803,True,,,5.01,0.45,66.13,,0.07,5.01
0.06,0.06,,,,,,3.67,2022,8,6886,True,,,3.44,0.28,43.83,,0.06,3.44
,,,,,,,,2022,8,8134,True,,,1.02,0.07,12.43,,,1.02
0.08,0.08,,,,,,,2022,8,8144,True,,,5.92,0.41,81.24,,0.08,5.92
,0.0,,,,,0.01,4.5,2022,8,8917,True,,,0.98,0.05,7.09,,,0.98
0.07,0.06,,,,,,,2022,8,1689,True,,,4.93,0.41,55.38,,0.07,4.93
,,,,,,,,2022,8,1817,True,,,3.18,0.2,36.82,,,3.18
0.05,0.05,,,,,,1.36,2022,8,2197,True,,,4.4,0.26,54.31,,0.05,4.4
,,,,,,,1.85,2022,8,3634,True,,,2.75,0.15,29.7,,,2.75
,,,,,,,,2022,8,4080,True,,,4.61,0.28,50.0,,,4.61
,,,,,,,,2022,8,4177,True,,,2.45,0.25,34.75,,,2.45
,,,,,,,2.0,2022,8,4197,True,,,3.19,0.3,34.5,,,3.19
,,,,,,,2.13,2022,8,5096,True,,,2.75,0.2,32.7,,,2.75
,,,,,,,,2022,8,5323,True,,,1.13,0.09,12.53,,,1.13
0.06,0.06,,,,,,1.05,2022,8,5927,True,,,4.48,0.31,61.3,,0.06,4.48
0.06,0.06,,,,,,1.03,2022,8,5955,True,,,4.43,0.36,46.33,,0.06,4.43
,,,,,,,0.48,2022,8,6271,True,,,2.07,0.14,27.29,,,2.07
,,,,,,,0.44,2022,8,7066,True,,,2.77,0.19,35.09,,,2.77
0.06,0.06,,,,,,0.31,2022,8,7525,True,,,4.7,0.38,64.27,,0.06,4.7
,,,,,,,,2022,8,7603,True,,,1.93,0.08,18.67,,,1.93
,,,,,,,,2022,8,7944,True,,,0.37,,3.78,,,0.37
,,,,,,,,2022,8,8137,True,,,3.31,0.34,41.73,,,3.31
,,,,,,,,2022,8,8142,True,,,3.8,0.23,46.4,,,3.8
,,,,,,,,2022,8,8475,True,,,0.27,0.03,2.75,,,0.27
,,,,,,0.02,5.4,2022,8,8676,True,,,0.59,0.07,7.97,,,0.59
0.11,0.1,,,,,,,2022,8,1426,True,,,7.43,0.67,98.0,,,7.43
0.06,0.07,,,,,,,2022,8,2374,True,,,4.9,0.38,64.7,,0.06,4.9
0.07,0.07,,,,,,,2022,8,2449,True,,,7.24,0.68,92.34,,0.07,7.24
,0.03,,,,,0.05,10.0,2022,8,4082,True,,,4.16,0.25,43.1,,0.05,4.16
,,,,,,,,2022,8,4171,True,,,3.66,0.34,47.8,,,3.66
0.34,0.09,,,,,,,2022,8,5026,True,,,3.25,0.24,39.72,,,3.25
0.06,0.06,,,,,,,2022,8,5045,True,,,4.62,0.3,67.0,,0.06,4.62
,,,,,,,,2022,8,5154,True,,,1.63,0.22,16.86,,,1.63
0.11,0.05,,,,,,2.95,2022,8,5937,True,,,4.79,0.22,52.86,,0.05,4.79
,,,,,,,0.34,2022,8,6063,True,,,0.05,0.01,0.77,,,0.05
,,,,,,,,2022,8,6149,True,,,2.79,0.2,39.29,,,2.79
,,,,,,,,2022,8,6805,True,,,1.49,0.14,20.13,,,1.49
,,,,,,,,2022,8,6849,True,,,1.16,0.11,15.12,,,1.16
,,,,,,,0.39,2022,8,6853,True,,,2.46,0.2,30.67,,,2.46
0.21,0.1,,,,,,,2022,8,6989,True,,,3.6,0.21,39.27,,0.21,3.6
0.05,0.05,,,,,,,2022,8,8112,True,,,3.84,0.29,46.5,,0.05,3.84
,,,,,,,,2022,8,8121,True,,,4.01,0.35,47.94,,,4.01
,,,,,,,,2022,8,1346,True,,,2.57,0.23,38.12,,,2.57
0.05,0.06,,,,,0.06,2.37,2022,8,1352,True,,,3.6,0.28,42.58,,,3.6
,,,,,,,,2022,8,2673,True,,,0.28,0.02,3.51,,,0.28
,,,,,,,,2022,8,3445,True,,,1.97,0.2,23.35,,,1.97
,,,,,,0.06,4.01,2022,8,5121,True,,,2.34,0.15,24.02,,,2.34
,,,,,,,,2022,8,5432,True,,,1.05,0.1,11.25,,,1.05
0.06,0.06,,,,,,2.53,2022,8,5859,True,,,5.07,0.49,72.93,,0.06,5.07
,,,,,,,,2022,8,5970,True,,,0.07,0.0,0.68,,,0.07
0.07,0.07,,,,,,3.0,2022,8,6786,True,,,5.58,0.47,76.0,,0.07,5.58
,,,,,,,,2022,8,7496,True,,,2.16,0.12,27.7,,,2.16
0.13,0.07,,,,,,2.36,2022,8,7526,True,,,5.97,0.47,76.05,,0.07,5.97
,,,,,,,,2022,8,7540,True,,,1.58,0.13,22.0,,,1.58
,,,,,,,,2022,8,7562,True,,,0.43,0.04,5.72,,,0.43
,,,,,,,2.79,2022,8,7612,True,,,2.29,0.2,24.16,,,2.29
,,,,,,,,2022,8,8117,True,,,1.81,0.15,22.51,,,1.81
,,,,,,,,2022,8,8180,True,,,0.2,0.02,2.23,,,0.2
,,,,,,,,2022,8,8188,True,,,2.95,0.25,34.4,,,2.95
0.06,0.06,,,,,,,2022,8,1067,True,,,3.27,0.24,39.87,,,3.27
0.07,0.07,,,,,,,2022,8,2133,True,,,6.61,0.59,83.3,,0.07,6.61
,,,,,,,,2022,8,2319,True,,,2.66,0.24,35.84,,,2.66
,,,,,,,,2022,8,4420,True,,,0.24,,2.2,,,0.24
0.03,0.03,,,,,,0.62,2022,8,5113,True,,,1.59,0.13,19.63,,,1.59
,,,,,,,,2022,8,5773,True,,,1.13,0.13,15.53,,,1.13
,,,,,,,,2022,8,6154,True,,,1.26,0.08,13.95,,,1.26
,,,,,,,0.55,2022,8,6798,True,,,0.7,0.04,8.57,,,0.7
0.04,0.04,,,,,,0.89,2022,8,6814,True,,,1.01,0.08,10.89,,,1.01
,,,,,,,,2022,8,6870,True,,,0.29,0.02,4.07,,,0.29
,,,,,,,0.19,2022,8,6927,True,,,1.41,0.11,22.23,,,1.41
0.04,0.04,,,,,,1.5,2022,8,7090,True,,,2.64,0.2,35.74,,0.04,2.64
,,,,,,,,2022,8,7210,True,,,0.59,,6.93,,,0.59
,,,,,,,,2022,8,7565,True,,,2.31,0.14,27.63,,,2.31
,,,,,,,,2022,8,7751,True,,,0.58,0.02,5.72,,,0.58
,,,,,,,,2022,8,8167,True,,,1.85,0.13,21.7,,,1.85
,,,,,,,,2022,8,8176,True,,,1.03,0.09,13.28,,,1.03
,,,,,,,,2022,8,830,True,,,1.06,0.07,14.35,,,1.06
0.06,0.06,,,,,,,2022,8,2309,True,,,4.92,0.43,62.22,,0.06,4.92
,,,,,,,,2022,8,4218,True,,,0.49,,5.21,,,0.49
0.03,0.03,,,,,,,2022,8,8118,True,,,1.4,0.07,15.38,,,1.4
,,,,,,,0.37,2022,8,7533,True,,,0.5,0.04,6.69,,,0.5
,,,,,,,,2022,8,3652,True,,,2.34,0.24,26.37,,,2.34
0.07,0.08,,,,,,1.26,2022,8,3225,True,,,5.0,0.34,66.0,,,5.0
0.07,0.07,,,,,,,2022,8,6801,True,,,5.97,0.47,77.0,,0.07,5.97
,,,,,,,,2022,8,6824,True,,,3.49,0.2,51.93,,,3.49
0.13,0.07,,,,,,,2022,8,5012,True,,,5.62,0.6,65.0,5.62,0.07,
,,,,,,,,2022,8,8131,True,,,1.47,0.07,14.23,1.47,,
,,,,,,,,2022,8,8111,True,,,3.56,0.2,37.3,3.56,,
,,,,,,,,2022,8,943,True,,,0.61,0.07,6.21,0.61,,
,,,,,,,,2022,8,5973,True,,,0.48,0.06,5.24,0.48,,
,,,,,,,,2022,8,8484,True,,,0.6,0.04,5.56,0.6,,
,,,,,,,,2022,8,2390,True,,,0.65,0.04,6.29,0.65,,
,,,,,,,,2022,8,4066,True,,,3.71,0.21,36.39,3.71,,
,,,,,,,,2022,8,4144,True,,,1.87,0.18,19.74,1.87,,
,,,,,,,,2022,8,4314,True,,,1.54,0.12,14.31,1.54,,
,,,,,,,,2022,8,4995,True,,,1.2,0.15,13.0,1.2,,
0.05,0.06,,,,,,,2022,8,5001,True,,,3.58,0.28,35.34,3.58,0.05,
0.07,0.07,,,,,,,2022,8,5022,True,,,4.74,0.41,50.75,4.74,0.07,
,,,,,,,,2022,8,5878,True,,,0.65,0.05,9.38,,,0.65
,,,,,,,,2022,8,6075,True,,,0.21,,1.14,0.21,,
,,,,,,,,2022,8,6970,True,,,0.17,,0.83,0.17,,
,,,,,,,,2022,8,7131,True,,,0.53,0.05,5.63,0.53,,
,,,,,,,,2022,8,7535,True,,,0.16,,1.22,0.16,,
0.1,0.05,,,,,,,2022,8,7553,True,,,3.14,0.22,38.1,3.14,0.05,
,,,,,,,,2022,8,7602,True,,,2.34,0.23,22.43,2.34,,
,,,,,,,,2022,8,7891,True,,,0.77,0.04,7.34,0.77,,
,,,,,,,,2022,8,7946,True,,,0.33,,2.21,0.33,,
,,,,,,,,2022,8,8145,True,,,0.3,0.02,3.18,0.3,,
,,,,,,,,2022,8,8172,True,,,3.23,0.26,35.0,3.23,,
,,,,,,,,2022,8,8197,True,,,0.83,0.08,7.72,0.83,,
,,,,,,,,2022,8,8849,True,,,0.05,,0.33,0.05,,
,,,,,,,,2022,8,2755,True,,,0.4,,3.31,0.4,,
,,,,,,,,2022,8,4189,True,,,0.7,0.05,6.68,0.7,,
0.08,0.08,,,,,,,2022,8,4993,True,,,3.14,0.24,37.34,3.14,0.08,
,,,,,,,,2022,8,5285,True,,,0.63,0.06,7.32,0.63,,
,,,,,,,,2022,8,5409,True,,,1.84,0.12,24.42,1.84,0.61,
,,,,,,,,2022,8,6865,True,,,1.46,0.24,13.58,1.46,,
,,,,,,,,2022,8,7716,True,,,0.91,0.04,10.08,0.91,,
,,,,,,,,2022,8,8177,True,,,0.43,0.04,3.44,0.43,,
,,,,,,,,2022,8,8665,True,,,0.24,0.02,2.61,0.24,,
,,,,,,,,2022,8,3496,True,,,0.18,,1.12,0.18,,
,,,,,,,,2022,8,4741,True,,,0.46,0.03,4.6,0.46,,
0.08,0.08,,,,,,,2022,8,5857,True,,,2.29,0.24,27.29,2.29,,
,,,,,,,,2022,8,6126,True,,,3.51,0.33,35.51,3.51,,
,,,,,,,0.28,2022,8,7216,True,,,,,,,,
,,,,,,,,2022,8,111,True,,,0.29,0.02,3.42,0.29,,
0.06,0.06,,,,,,,2022,8,1339,True,,,4.47,0.32,45.11,4.47,0.06,
,,,,,,,,2022,8,2251,True,,,3.01,0.21,32.49,3.01,,
,,,,,,,,2022,8,2545,True,,,1.64,0.15,12.7,1.64,,
0.08,0.08,,,,,,,2022,8,3214,True,,,2.88,0.3,33.95,2.88,0.08,
,,,,,,,,2022,8,4054,True,,,2.09,0.2,23.29,2.09,,
,,,,,,,,2022,8,4055,True,,,1.11,0.1,11.12,1.11,,
0.07,0.07,,,,,,,2022,8,4217,True,,,4.18,0.33,54.09,4.18,0.07,
,,,,,,,,2022,8,4602,True,,,3.91,0.34,40.12,3.91,,
,,,,,,,,2022,8,5010,True,,,2.43,0.24,24.83,2.43,,
0.06,0.06,,,,,,,2022,8,5133,True,,,2.33,0.11,20.74,2.33,0.06,
,,,,,,,,2022,8,6018,True,,,1.04,0.05,9.46,1.04,,
,,,,,,,,2022,8,7002,True,,,3.34,0.34,34.31,3.34,,
,,,,,,,,2022,8,7536,True,,,0.51,,6.0,0.51,,
,,,,,,,,2022,8,7568,True,,,2.65,0.2,27.59,2.65,,
0.06,0.06,,,,,,,2022,8,7600,True,,,3.75,0.25,40.33,3.75,0.06,
,,,,,,,,2022,8,8210,True,,,1.18,0.11,10.97,1.18,,
,,,,,,,,2022,8,2460,True,,,1.52,0.13,15.47,1.52,0.07,
,,,,,,,,2022,8,3202,True,,,2.59,0.19,26.03,2.59,,
0.06,0.06,,,,,,,2022,8,5844,True,,,4.21,0.31,42.98,4.21,0.06,
,,,,,,,,2022,8,6181,True,,,0.13,,1.64,0.13,,
,,,,,,,,2022,8,7075,True,,,0.06,,0.26,0.06,,
,,,,,,,,2022,8,7694,True,,,0.93,0.08,9.1,0.93,,
,,,,,,,,2022,8,8110,True,,,0.45,0.02,4.49,0.45,,
,,,,,,,,2022,8,8130,True,,,0.65,0.06,6.79,0.65,,
,,,,,,,,2022,8,1425,True,,,0.56,0.04,5.77,0.56,,
,,,,,,,,2022,8,3048,True,,,0.2,,2.25,0.2,0.07,
,,,,,,,,2022,8,3258,True,,,0.2,0.02,2.01,0.2,,
0.06,0.06,,,,,,,2022,8,3271,True,,,4.99,0.3,45.0,4.99,0.06,
0.08,0.04,0.04,,0.08,4.88,0.25,19.2,2022,8,4381,True,0.04,,0.41,0.08,3.31,0.41,,
,,,,,,,,2022,8,5008,True,,,1.56,0.14,15.16,1.56,,
,,,,,,,,2022,8,5906,True,,,2.97,0.34,30.0,2.97,0.06,
,,,,,,,,2022,8,5985,True,,,3.33,0.22,34.09,3.33,,
,,,,,,0.01,0.28,2022,8,6529,True,,,1.51,0.05,9.05,,,
,,,,,,,,2022,8,6662,True,,,0.82,,6.16,0.82,,
0.04,0.04,,,,,,,2022,8,6826,True,,,1.95,0.13,19.3,1.95,,
,,,,,,,,2022,8,7050,True,,,0.47,0.05,5.02,0.47,,
,,,,,,,,2022,8,8219,True,,,1.25,0.12,13.23,1.25,,
,,,,,,,,2022,8,6850,True,,,3.2,0.2,35.0,3.2,,
,,,,,,,,2022,8,6956,True,,,0.07,,0.61,0.07,,
,,,,,,,,2022,8,6894,True,,,0.48,,4.0,0.48,,
,,,,,,,,2022,8,4973,True,,,4.09,0.3,36.0,4.09,,
,,,,,,,,2022,8,4443,True,,,0.3,0.03,3.0,0.3,,
0.62,0.25,0.13,0.8,1.5,246.97,0.7,64.45,2022,9,6904,True,0.08,,,,,,,
0.43,0.18,0.05,0.9,1.1,226.95,0.05,4.32,2022,9,7585,True,,,,,,,,
0.72,0.32,0.13,0.73,2.26,285.44,0.04,3.82,2022,9,1166,True,,,,,,,,
0.64,0.26,0.13,0.76,1.76,266.29,0.06,3.94,2022,9,2028,True,,,,,,,,
0.49,0.19,0.12,0.76,2.09,278.63,0.17,9.7,2022,9,6770,True,,,,,,,,
0.59,0.27,0.18,0.75,2.08,280.69,0.18,17.97,2022,9,6797,True,0.06,,,,,,,
0.55,0.39,0.18,0.97,1.26,206.35,0.16,21.68,2022,9,7583,True,,,,,,,,
,0.1,,0.81,1.57,252.8,0.16,15.27,2022,9,1373,True,,,,,,,,
0.3,0.12,0.18,0.6,1.79,259.57,0.06,1.99,2022,9,167,True,,,,,,,,
0.88,0.23,,0.93,1.26,209.12,0.14,18.36,2022,9,2711,True,,,,,,,,
0.56,0.21,0.07,0.98,2.03,284.96,0.06,2.19,2022,9,6768,True,,,,,,,,
0.81,0.38,0.14,0.95,1.72,265.58,0.09,11.94,2022,9,7523,True,,,,,,,,
0.54,0.23,0.06,0.82,1.17,203.06,0.11,11.75,2022,9,7538,True,,,,,,,,
0.4,0.24,,0.59,0.99,117.86,0.22,31.73,2022,9,8161,True,,,,,,,,
0.58,0.26,0.06,0.89,1.84,251.29,0.12,8.5,2022,9,3163,True,,,,,,,,
0.51,0.17,0.05,0.65,1.03,168.2,0.48,48.1,2022,9,7591,True,0.08,,,,,,,
0.56,0.21,0.07,0.8,1.19,222.95,0.26,34.79,2022,9,2307,True,,,,,,,,
0.68,0.26,0.13,0.77,1.74,258.92,0.33,40.87,2022,9,5849,True,0.07,,,,,,,
0.49,0.25,0.06,0.74,1.41,225.06,0.06,12.35,2022,9,7527,True,,,,,,,,
0.69,0.28,0.21,0.75,2.45,309.0,0.1,16.0,2022,9,4046,True,,,,,,,,
0.76,0.38,,0.82,1.24,171.27,0.22,19.82,2022,9,4335,True,,,,,,,,
0.68,0.34,0.14,0.81,2.3,289.72,0.41,40.69,2022,9,4984,True,,,,,,,,
0.4,0.2,0.2,0.38,2.01,262.86,0.08,5.7,2022,9,96,True,,,,,,,,
0.63,0.25,0.17,0.79,1.77,269.7,,2.9,2022,9,421,True,,,,,,,,
0.7,0.35,,0.9,1.45,244.92,0.09,5.76,2022,9,829,True,,,,,,,,
0.68,0.29,0.13,0.74,1.53,212.0,0.35,57.22,2022,9,4881,True,0.06,,,,,,,
,0.02,,,,,0.03,6.82,2022,9,1387,True,,1.81,1.81,0.05,12.92,,,
,,,,,,0.13,21.6,2022,9,5122,True,,0.27,0.27,,1.73,,,
0.13,0.06,,,,,0.5,73.47,2022,9,6151,True,,1.62,1.62,0.04,9.0,,,
,0.01,,,,,0.01,0.52,2022,9,8820,True,,,0.9,0.03,6.15,,,
,0.0,,,,,0.0,1.1,2022,9,4718,True,,0.91,0.91,0.02,6.37,,,
,0.07,,,,,0.37,70.77,2022,9,8129,True,,3.19,3.19,0.08,24.17,,,
,,,,,,0.08,14.45,2022,9,7567,True,,1.21,1.21,0.02,9.09,,,
,,,,,,0.13,17.0,2022,9,2161,True,,2.42,2.42,0.1,18.98,,,
0.11,0.05,,,,,0.41,47.98,2022,9,4137,True,0.05,2.48,2.48,0.12,18.99,,,
0.12,0.06,,,,,0.59,70.42,2022,9,5850,True,,2.99,2.99,0.06,21.73,,,
,,,,,,0.01,4.75,2022,9,7572,True,,0.25,0.25,0.01,2.0,,,
0.12,0.06,,,,,0.26,46.66,2022,9,7607,True,,2.19,2.19,0.1,16.83,,,
0.12,0.06,,,,,0.41,53.79,2022,9,7611,True,0.05,3.34,3.34,0.09,23.82,,,
,,,,,,0.03,4.42,2022,9,8139,True,,0.24,0.24,,1.89,,,
,,,,,,,0.37,2022,9,2073,True,,,0.27,,2.21,,,
,,,,,,,0.4,2022,9,3832,True,,,0.57,0.05,6.36,,,
0.25,0.13,,,,,0.64,78.82,2022,9,4029,True,0.06,2.68,2.68,0.12,21.67,,,
,,,,,,0.16,22.14,2022,9,5284,True,,1.23,1.23,0.03,9.07,,,
0.11,0.06,,,,,0.35,56.38,2022,9,5892,True,,2.12,2.12,0.05,16.11,,,
0.04,,,,,,0.18,26.4,2022,9,5916,True,,2.12,2.12,0.05,15.75,,,
,,,,,,0.09,17.36,2022,9,6659,True,,0.74,0.74,,5.26,,,
,,,,,,0.23,16.86,2022,9,6996,True,,1.13,1.13,0.02,8.72,,,
0.14,0.07,,,,,0.49,72.21,2022,9,8151,True,,2.16,2.16,0.08,16.78,,,
,,,,,,0.29,48.08,2022,9,8154,True,,0.89,0.89,0.03,6.96,,,
,,,,,,,,2022,9,8189,True,,0.15,0.15,0.01,1.13,,,
,,,,,,,,2022,9,8428,True,,,0.87,0.04,4.24,,,
,,,,,,0.03,3.95,2022,9,1034,True,,0.85,0.85,,6.46,,,
,0.07,,,,,0.43,63.63,2022,9,2749,True,,2.33,2.33,0.1,19.46,,,
0.12,0.06,,,,,0.59,64.81,2022,9,4018,True,0.06,3.58,3.58,0.1,27.68,,,
,,,,,,0.12,16.89,2022,9,4147,True,,1.73,1.73,0.05,12.83,,,
,,,,,,,,2022,9,6202,True,,,0.14,,1.25,,,
,0.02,,,,,0.25,34.96,2022,9,6951,True,,2.19,2.19,0.03,15.33,,,
0.05,0.02,,,,,0.16,26.1,2022,9,6955,True,,1.13,1.13,0.03,8.5,,,
,,,,,,,0.66,2022,9,7204,True,,,,,,,,
,0.04,,,,,0.32,51.26,2022,9,7551,True,,1.78,1.78,0.04,12.88,,,
0.04,,,,,,0.24,39.84,2022,9,7608,True,,0.94,0.94,0.02,7.67,,,
,0.02,,,,,0.17,41.02,2022,9,7741,True,,0.07,0.07,0.01,0.66,,,
,0.01,,,,,0.13,32.46,2022,9,8132,True,,1.2,1.2,0.04,16.88,,,
,,,,,,0.2,24.45,2022,9,8205,True,,0.79,0.79,0.03,5.0,,,
,,,,,,0.1,9.47,2022,9,8221,True,,0.4,0.4,,2.74,,,
0.08,0.04,,,,,0.16,33.43,2022,9,1535,True,,1.94,1.94,0.07,15.36,,,
0.13,0.07,,,,,0.53,64.08,2022,9,4199,True,,3.68,3.68,0.17,27.68,,,
0.05,,,,,,0.18,24.29,2022,9,4962,True,,0.9,0.9,0.01,6.54,,,
0.04,,,,,,0.15,27.52,2022,9,5987,True,,1.22,1.22,0.03,9.18,,,
0.11,0.05,,,,,0.3,48.98,2022,9,6130,True,,3.26,3.26,0.08,23.55,,,
0.09,0.04,,,,,0.29,40.01,2022,9,6828,True,0.04,2.09,2.09,0.06,16.13,,,
,,,,,,0.01,0.77,2022,9,6931,True,,0.31,0.31,,2.17,,,
0.19,0.09,,,,,0.41,71.44,2022,9,7543,True,,3.05,3.05,0.19,24.62,,,
,,,,,,0.09,10.9,2022,9,8138,True,,0.52,0.52,0.01,3.65,,,
,,,,,,0.05,6.16,2022,9,8179,True,,0.22,0.22,,1.24,,,
,,,,,,0.07,8.72,2022,9,8255,True,,1.25,1.25,,9.88,,,
,,,,,,0.02,4.43,2022,9,2359,True,,1.76,1.76,0.08,13.34,,,
,,,,,,,1.07,2022,9,2471,True,,,0.25,,1.74,,,
0.05,0.04,,,,,0.4,49.17,2022,9,4149,True,,1.18,1.18,0.03,7.79,,,
0.14,0.07,,,,,0.5,67.03,2022,9,4663,True,,5.09,5.09,0.2,41.05,,,
,,,,,,0.01,0.89,2022,9,5131,True,,,,,,,,
,,,,,,0.08,16.86,2022,9,5347,True,,3.71,3.71,0.16,28.29,,,
,,,,,,0.04,7.92,2022,9,5536,True,,2.0,2.0,0.1,16.0,,,
,,,,,,0.06,8.13,2022,9,6012,True,,1.34,1.34,0.03,10.03,,,
,,,,,,0.17,11.55,2022,9,6039,True,,0.78,0.78,0.06,5.34,,,
0.1,0.07,,,,,0.19,25.74,2022,9,6790,True,,3.64,3.64,0.11,28.06,,,
0.1,0.05,,,,,0.32,40.71,2022,9,6820,True,,2.34,2.34,0.06,16.53,,,
0.02,0.01,,,,,0.08,9.99,2022,9,6938,True,,0.31,0.31,0.01,2.27,,,
,,,,,,0.01,2.26,2022,9,7809,True,,0.73,0.73,0.01,5.54,,,
,,,,,,0.1,26.23,2022,9,8136,True,,2.4,2.4,0.06,18.1,,,
0.02,0.01,,,,,0.07,5.92,2022,9,8153,True,,0.25,0.25,0.01,1.77,,,
,,,,,,0.06,8.89,2022,9,2588,True,,0.45,0.45,,2.93,,,
0.23,0.13,,,,,0.73,89.84,2022,9,3198,True,0.06,2.0,2.0,0.07,17.0,,,
0.1,0.05,,,,,0.42,48.39,2022,9,3969,True,,3.42,3.42,0.12,24.13,,,
0.14,,,,,,0.44,64.36,2022,9,4111,True,,1.04,1.04,0.04,7.96,,,
,,,,,,,7.52,2022,9,5100,True,,0.14,0.14,,0.93,,,
,,,,,,,2.65,2022,9,6109,True,,,0.67,,6.96,,,
,,,,,,,3.01,2022,9,6918,True,,0.17,0.17,,1.31,,,
0.11,0.06,,,,,0.21,36.61,2022,9,6945,True,0.04,3.68,3.68,0.1,28.47,,,
,,,,,,0.02,1.31,2022,9,7794,True,,0.66,0.66,0.04,4.84,,,
,,,,,,0.01,1.06,2022,9,8123,True,,0.1,0.1,,1.0,,,
0.02,,,,,,0.11,8.17,2022,9,2431,True,,,,,,,,
,,,,,,0.05,7.6,2022,9,3306,True,,,,,,,,
,,,,,,,0.41,2022,9,4353,True,,,0.67,,5.35,,,
0.14,0.07,,,,,0.4,65.78,2022,9,4035,True,0.07,5.1,5.1,0.16,42.0,,,
,,,,,,0.15,24.0,2022,9,5995,True,,1.1,1.1,0.01,8.61,,,
0.16,,,,,,0.3,45.25,2022,9,3242,True,,1.77,1.77,0.08,13.19,,,
,,,,,,0.1,11.0,2022,9,3391,True,,0.3,0.3,,2.1,,,
,,,,,,,0.11,2022,9,6927,True,,,0.93,0.06,12.82,,,0.93
,,,,,,,,2022,9,3269,True,,,3.06,0.23,39.01,,,3.06
0.07,0.07,,,,,,,2022,9,5859,True,,,5.82,0.55,83.56,,0.07,5.82
,,,,,,,,2022,9,2334,True,,,3.62,0.22,39.16,,,3.62
,,,,,,,,2022,9,6063,True,,,1.4,0.08,20.16,,,1.4
0.06,0.06,,,,,,0.3,2022,9,7525,True,,,4.39,0.36,60.11,,0.06,4.39
,,,,,,,0.41,2022,9,4319,True,,,1.13,0.06,12.66,,,1.13
0.06,0.06,,,,,,,2022,9,1067,True,,,3.06,0.22,37.22,,,3.06
0.09,0.12,,,,,,,2022,9,1426,True,,,7.02,0.6,83.39,,,7.02
0.06,0.06,,,,,,0.38,2022,9,2216,True,,,4.73,0.57,68.05,,0.06,4.73
0.07,0.07,,,,,,0.81,2022,9,4037,True,,,6.04,0.35,64.65,,0.07,6.04
0.06,0.06,,,,,,4.18,2022,9,4983,True,,,4.18,0.31,54.55,,0.06,4.18
,,,,,,,,2022,9,5007,True,,,0.24,,2.3,,,0.24
,,,,,,0.03,2.0,2022,9,5121,True,,,1.17,0.08,11.99,,,1.17
,,,,,,,,2022,9,5199,True,,,1.1,0.07,13.29,,,1.1
,,,,,,0.01,2.1,2022,9,5880,True,,,2.89,0.23,35.22,,,2.89
0.06,0.06,,,,0.85,,0.5,2022,9,5947,True,,,5.07,0.31,53.35,,,5.07
,,,,,,,,2022,9,6069,True,,,0.13,,1.47,,,0.13
,,,,,,,,2022,9,6247,True,,,1.47,0.13,17.62,,,1.47
,,,,,,,,2022,9,6290,True,,,0.72,0.06,8.68,,,0.72
,,,,,,,,2022,9,6598,True,,,0.29,0.02,2.91,,,0.29
0.04,0.04,,,,0.64,0.04,4.25,2022,9,7606,True,,,2.24,0.12,25.58,,0.04,2.24
,,,,,,,,2022,9,7944,True,,,0.33,,3.36,,,0.33
,,,,,,,,2022,9,8142,True,,,3.35,0.27,40.9,,,3.35
,,,,,,,,2022,9,947,True,,,2.82,0.31,35.36,,,2.82
0.06,0.06,,,,,,,2022,9,1992,True,,,3.92,0.25,45.18,,0.06,3.92
,,,,,,,,2022,9,2331,True,,,0.7,0.06,9.02,,,0.7
0.06,0.06,,,,,,,2022,9,2374,True,,,4.61,0.36,60.87,,0.06,4.61
0.03,0.03,,,,,,0.78,2022,9,3423,True,,,1.87,0.13,23.51,,,1.87
,,,,,,,2.59,2022,9,3634,True,,,3.78,0.21,41.23,,,3.78
0.06,0.06,,,,,,2.13,2022,9,4039,True,,,8.05,0.69,91.64,,0.06,8.05
,,,,,,0.05,8.53,2022,9,4082,True,,,4.49,0.2,42.49,,0.05,4.49
,,,,,1.4,,3.73,2022,9,4454,True,,,2.54,0.25,31.79,,,2.54
,,,,,,,,2022,9,4992,True,,,0.91,0.05,9.51,,,0.91
,,,,,,,,2022,9,5086,True,,,3.32,0.33,44.59,,,3.32
,,,,,,,,2022,9,5432,True,,,0.83,0.08,9.15,,,0.83
0.07,0.07,,,,,,1.14,2022,9,5927,True,,,4.69,0.34,64.32,,0.07,4.69
0.06,0.06,,,,,,1.27,2022,9,6814,True,,,1.45,0.11,15.66,,,1.45
,,,,,,,,2022,9,7587,True,,,1.16,0.11,14.07,,,1.16
0.08,0.07,,,,,0.05,7.06,2022,9,7601,True,,,4.61,0.28,48.48,,,4.61
,,,,,,,,2022,9,7603,True,,,1.05,0.05,10.14,,,1.05
,,,,,,,,2022,9,7751,True,,,0.64,,6.22,,,0.64
,,,,,,,,2022,9,8121,True,,,4.35,0.33,46.72,,,4.35
,,,,,,,,2022,9,8168,True,,,1.0,0.1,13.25,,,1.0
,0.01,,,,,0.01,3.5,2022,9,8188,True,,,3.0,0.24,34.91,,,3.0
,,,,,,,,2022,9,8527,True,,,0.17,,1.77,,,0.17
,,,,,,,,2022,9,1817,True,,,0.87,0.06,10.98,,,0.87
0.05,0.05,,,,,,0.59,2022,9,2325,True,,,1.13,0.09,17.71,,,1.13
,,,,,,,,2022,9,2673,True,,,0.29,0.02,3.57,,,0.29
,,,,,,,1.47,2022,9,2750,True,,,4.2,0.31,49.18,,,4.2
,,,,,,,,2022,9,2821,True,,,0.99,,10.86,,,0.99
0.08,0.07,,,,,,1.28,2022,9,3225,True,,,5.03,0.36,57.5,,,5.03
0.06,0.06,,,,,,,2022,9,4040,True,,,4.89,0.31,53.13,,0.06,4.89
,,,,,,,,2022,9,5323,True,,,0.71,0.06,7.87,,,0.71
0.06,0.06,,,,,,1.81,2022,9,6819,True,,,4.82,0.22,60.55,,0.06,4.82
,,,,,,,0.28,2022,9,6853,True,,,1.76,0.14,21.93,,,1.76
0.06,0.06,,,,,,0.7,2022,9,6943,True,,,3.55,0.44,55.45,,0.06,3.55
,,,,,,,1.22,2022,9,7540,True,,,1.7,0.13,20.48,,,1.7
0.07,0.08,,,,,0.01,5.77,2022,9,7547,True,,,6.75,0.36,73.88,,0.07,6.75
,,,,,,,,2022,9,7565,True,,,1.92,0.12,23.02,,,1.92
,,,,,,,,2022,9,7757,True,,,2.69,0.16,26.87,,,2.69
,,,,,,,,2022,9,7989,True,,,0.3,,2.86,,,0.3
,,,,,,,,2022,9,8076,True,,,2.22,0.1,19.65,,,2.22
0.05,0.04,,,,,,,2022,9,8112,True,,,3.61,0.28,43.84,,0.05,3.61
,,,,,,,,2022,9,8167,True,,,1.33,0.1,15.68,,,1.33
0.05,0.05,,,,,0.05,1.0,2022,9,1352,True,,,3.31,0.26,39.2,,,3.31
,,,,,,0.02,2.0,2022,9,4197,True,,,3.22,0.22,33.1,,,3.22
0.03,0.03,,,,,,0.59,2022,9,5113,True,,,1.52,0.12,18.76,,,1.52
,,,,,,,,2022,9,5773,True,,,1.15,0.14,15.81,,,1.15
0.06,0.06,,,,,,1.13,2022,9,5846,True,,,4.64,0.4,66.96,,0.06,4.64
,,,,,,,,2022,9,5902,True,,,0.34,,3.38,,,0.34
,,,,,,,,2022,9,6588,True,,,2.56,,20.91,,,2.56
,,,,,,,,2022,9,6849,True,,,2.05,0.21,28.7,,,2.05
0.04,0.04,,,,,,2.54,2022,9,6886,True,,,2.38,0.2,30.32,,0.04,2.38
,,,,,,,0.39,2022,9,7066,True,,,2.43,0.17,30.76,,,2.43
0.06,0.05,,,,,,2.03,2022,9,7090,True,,,3.59,0.27,48.45,,0.06,3.59
,,,,,,,,2022,9,7496,True,,,1.89,0.15,24.2,,,1.89
,,,,,,,2.11,2022,9,7612,True,,,1.72,0.15,18.24,,,1.72
,,,,,,,1.52,2022,9,7670,True,,,4.56,0.38,55.92,,,4.56
,,,,,,,,2022,9,8134,True,,,0.99,0.07,12.04,,,0.99
0.06,0.07,,,,,,,2022,9,8146,True,,,4.49,0.31,53.97,,0.06,4.49
0.06,0.06,,,,,,,2022,9,2133,True,,,6.4,0.57,80.52,,0.06,6.4
0.07,0.07,,,,,,,2022,9,2449,True,,,7.33,0.69,93.52,,0.07,7.33
0.07,0.08,,,,,0.04,7.73,2022,9,3321,True,,,7.17,0.5,95.6,,0.07,7.17
,,,,,,,,2022,9,3652,True,,,1.71,0.17,18.91,,,1.71
,,,,,,,0.58,2022,9,4080,True,,,4.15,0.27,46.9,,,4.15
,,,,,,,,2022,9,4420,True,,,0.89,,8.33,,,0.89
0.06,0.06,,,,,,1.35,2022,9,4950,True,,,4.85,0.35,56.17,,0.06,4.85
,,,,,,,,2022,9,5154,True,,,1.56,0.21,16.11,,,1.56
,,,,,,,1.16,2022,9,5185,True,,,4.64,0.37,59.67,,,4.64
,,,,,,,2.58,2022,9,5695,True,,,0.76,,7.44,,,0.76
,,,,,,,,2022,9,5970,True,,,0.08,0.0,0.76,,,0.08
,,,,,,,,2022,9,6557,True,,,0.16,0.01,1.93,,,0.16
0.06,0.06,,,,0.88,,2.36,2022,9,6794,True,,,7.28,0.72,106.14,,0.06,7.28
,,,,,,,0.52,2022,9,6798,True,,,0.66,0.03,8.08,,,0.66
0.13,0.07,,,,,,2.38,2022,9,7526,True,,,6.03,0.46,76.84,,0.07,6.03
,,,,,,,,2022,9,8235,True,,,0.77,,7.96,,,0.77
0.06,0.06,,,,,,,2022,9,1689,True,,,4.62,0.36,50.04,,0.06,4.62
,,,,,,,,2022,9,2381,True,,,0.82,0.06,10.51,,,0.82
,,,,,,,,2022,9,4177,True,,,3.0,0.29,40.12,,,3.0
,,,,,,,1.56,2022,9,4198,True,,,0.63,0.04,7.07,,,0.63
,,,,,,,,2022,9,4218,True,,,0.16,,1.6,,,0.16
,,,,,,,,2022,9,5374,True,,,0.52,0.08,6.96,,,0.52
0.05,0.04,,,,,0.04,4.17,2022,9,5917,True,,,2.75,0.19,31.0,,,2.75
0.05,0.05,,,,,,0.83,2022,9,5955,True,,,3.56,0.3,37.23,,0.05,3.56
,,,,,,,0.49,2022,9,6271,True,,,2.1,0.14,27.78,,,2.1
0.07,0.07,,,,,,,2022,9,6801,True,,,6.02,0.58,81.64,,0.07,6.02
0.03,0.02,,,,,,1.45,2022,9,7596,True,,,1.87,0.15,23.4,,0.03,1.87
,,,,,,,,2022,9,8013,True,,,0.06,0.01,0.78,,,0.06
,,,,,,,,2022,9,830,True,,,1.18,0.08,15.95,,,1.18
,,,,,,,,2022,9,2312,True,,,0.62,0.06,7.0,,,0.62
0.25,0.25,,,,,,,2022,9,5026,True,,,2.57,0.21,30.75,,,2.57
,0.02,,,,,0.04,5.0,2022,9,6847,True,,,3.53,0.4,38.5,,,3.53
,0.01,,,,,0.01,3.5,2022,9,8676,True,,,0.9,0.09,12.1,,,0.9
0.1,0.12,,,,,,,2022,9,6989,True,,,1.74,0.13,20.44,,0.1,1.74
0.07,0.04,,,,,,,2022,9,8144,True,,,5.28,0.43,78.0,,0.07,5.28
,,,,,,,,2022,9,6957,True,,,1.79,0.12,18.17,,,1.79
0.07,0.06,,,,,,,2022,9,5022,True,,,4.58,0.3,49.09,4.58,0.07,
,,,,,,,,2022,9,8227,True,,,0.62,0.06,5.48,0.62,,
,,,,,,,,2022,9,7568,True,,,2.9,0.14,23.14,2.9,,
,,,,,,,,2022,9,8177,True,,,0.09,0.01,0.7,0.09,,
,,,,,,,,2022,9,5032,True,,,2.09,0.12,19.69,2.09,,
,,,,,,,,2022,9,7946,True,,,0.34,,4.0,0.34,,
,,,,,,,,2022,9,4055,True,,,1.65,0.14,17.47,1.65,,
0.06,0.06,,,,,,,2022,9,3214,True,,,2.21,0.2,25.95,2.21,0.06,
,,,,,,,,2022,9,5878,True,,,0.77,0.06,11.03,,,0.77
,,,,,,,,2022,9,5985,True,,,3.62,0.27,39.64,3.62,,
,,,,,,,,2022,9,6865,True,,,1.35,0.23,12.61,1.35,,
,,,,,,,,2022,9,7050,True,,,0.57,0.06,6.06,0.57,,
,,,,,,,,2022,9,7536,True,,,0.49,0.07,4.61,0.49,,
0.13,0.06,,,,,,,2022,9,7553,True,,,3.94,0.33,48.55,3.94,0.07,
,,,,,,,,2022,9,8210,True,,,1.03,0.09,9.51,1.03,,
,,,,,,,,2022,9,943,True,,,0.63,0.07,6.35,0.63,,
,,,,,,,,2022,9,2545,True,,,0.98,0.09,7.56,0.98,,
0.05,0.05,,,,,,,2022,9,3271,True,,,4.45,0.21,41.1,4.45,0.05,
,,,,,,,,2022,9,3496,True,,,0.2,,1.25,0.2,,
,,,,,,,,2022,9,4054,True,,,1.22,0.11,13.59,1.22,,
,,,,,,,,2022,9,4089,True,,,4.07,0.35,43.53,4.07,,
,,,,,,,,2022,9,4144,True,,,1.9,0.18,20.09,1.9,,
,,,,,,,,2022,9,4741,True,,,0.5,0.03,5.07,0.5,,
,,,,,,,,2022,9,5008,True,,,1.49,0.13,14.49,1.49,,
,,,,,,,,2022,9,5906,True,,,3.25,0.31,34.09,3.25,0.06,
,,,,,,,,2022,9,6181,True,,,0.16,,1.93,0.16,,
0.05,0.05,,,,,,,2022,9,6826,True,,,2.3,0.16,22.7,2.3,,
,,,,,,,,2022,9,7694,True,,,1.38,0.12,13.65,1.38,,
,,,,,,,,2022,9,7828,True,,,1.19,0.07,10.29,1.19,,
,,,,,,,,2022,9,8111,True,,,3.73,0.22,37.01,3.73,,
,,,,,,,,2022,9,8170,True,,,1.68,0.11,13.74,1.68,,
,,,,,,,,2022,9,8219,True,,,1.11,0.11,11.75,1.11,,
,,,,,,,,2022,9,8849,True,,,0.05,,0.31,0.05,,
0.16,0.07,,,,,,,2022,9,1466,True,,,6.72,0.8,81.96,6.72,0.08,
,,,,,,,,2022,9,3202,True,,,1.38,0.1,13.84,1.38,,
,,,,,,,,2022,9,4066,True,,,4.07,0.22,40.0,4.07,,
,,,,,,,,2022,9,4995,True,,,1.08,0.14,11.77,1.08,,
0.06,0.06,,,,,,,2022,9,5844,True,,,4.3,0.32,43.86,4.3,0.06,
0.07,0.07,,,,,,,2022,9,5857,True,,,2.13,0.22,25.33,2.13,,
,,,,,,,,2022,9,6662,True,,,0.84,,6.27,0.84,,
,,,,,,,,2022,9,6894,True,,,0.52,0.02,2.84,0.52,,
,,,,,,,,2022,9,7554,True,,,0.16,0.01,1.3,0.16,,
,,,,,,,,2022,9,7891,True,,,2.59,0.16,24.72,2.59,,
,,,,,,,,2022,9,8665,True,,,0.25,0.03,2.83,0.25,,
,,,,,,,,2022,9,2460,True,,,1.5,0.13,15.24,1.5,0.07,
,,,,,,,,2022,9,4314,True,,,1.04,0.08,9.68,1.04,,
,,,,,,,,2022,9,4602,True,,,3.55,0.31,36.41,3.55,,
,,,,,,,,2022,9,4973,True,,,3.72,0.28,38.57,3.72,,
0.06,0.06,,,,,,,2022,9,4993,True,,,2.51,0.19,29.86,2.51,0.06,
,,,,,,,,2022,9,6075,True,,,0.21,,1.15,0.21,,
,,,,,,,,2022,9,6956,True,,,0.07,,0.67,0.07,,
,,,,,,,,2022,9,7131,True,,,0.64,0.06,6.81,0.64,,
,,,,,,,,2022,9,7602,True,,,2.07,0.21,19.92,2.07,,
,,,,,,,,2022,9,7716,True,,,0.85,0.04,9.43,0.85,,
,,,,,,,,2022,9,8484,True,,,0.68,,6.39,0.68,,
,,,,,,,,2022,9,111,True,,,0.35,0.02,4.14,0.35,,
,,,,,,,,2022,9,1425,True,,,0.66,0.04,6.78,0.66,,
,,,,,,,,2022,9,2251,True,,,2.69,0.18,29.01,2.69,,
,,,,,,,,2022,9,5010,True,,,2.26,0.23,23.04,2.26,,
0.07,0.08,,,,,,,2022,9,5133,True,,,2.92,0.19,26.02,2.92,0.07,
,,,,,,,0.25,2022,9,7216,True,,,,,,,,
,,,,,,,,2022,9,7535,True,,,0.16,,1.17,0.16,,
0.07,0.07,,,,,,,2022,9,1339,True,,,4.99,0.36,50.36,4.99,0.07,
,,,,,,,,2022,9,3048,True,,,0.22,,2.48,0.22,0.08,
,,,,,,,,2022,9,8130,True,,,0.72,0.06,7.58,0.72,,
,,,,,,,,2022,9,5973,True,,,1.32,0.17,14.81,1.32,,
,,,,,,,,2022,9,7002,True,,,2.74,0.34,28.21,2.74,,
0.13,0.07,0.07,,0.13,7.93,0.4,27.0,2022,9,4381,True,0.07,,0.67,0.13,5.4,0.67,,
,,,,,,,,2022,9,6869,True,,,0.53,0.06,5.64,0.53,,
,,,,,,,,2022,9,8131,True,,,3.51,0.4,41.43,3.51,,
0.81,0.41,,0.95,1.2,192.85,0.12,7.0,2022,10,4335,True,,,,,,,,
0.44,0.16,0.05,0.6,1.1,165.19,0.28,36.0,2022,10,2307,True,,,,,,,,
0.28,0.13,0.17,0.69,1.99,271.27,0.06,2.0,2022,10,167,True,,,,,,,,
0.75,0.33,,0.76,1.12,176.4,0.03,13.27,2022,10,533,True,,,,,,,,
,0.28,,0.89,1.19,202.58,0.07,22.33,2022,10,5806,True,,,,,,,,
0.37,0.18,0.18,0.54,1.37,234.35,0.1,7.04,2022,10,96,True,,,,,,,,
0.63,0.28,0.12,0.64,1.78,255.98,0.03,3.36,2022,10,1166,True,,,,,,,,
0.6,0.25,0.12,0.75,1.55,264.46,0.06,3.82,2022,10,2028,True,,,,,,,,
0.49,0.17,0.05,0.65,1.24,156.0,0.5,67.0,2022,10,7591,True,0.06,,,,,,,
0.71,0.33,,0.92,1.44,225.61,0.16,11.68,2022,10,8160,True,,,,,,,,
0.52,0.2,0.13,0.7,1.46,191.94,0.16,16.65,2022,10,1049,True,,,,,,,,
0.24,0.16,,0.72,1.7,236.74,0.16,15.41,2022,10,1373,True,,,,,,,,
0.66,0.2,0.07,0.72,2.04,255.68,0.13,14.07,2022,10,3294,True,,,,,,,,
0.58,0.25,0.13,0.84,1.61,255.09,0.16,15.49,2022,10,1234,True,,,,,,,,
0.72,0.29,0.22,0.79,2.38,300.65,0.21,23.73,2022,10,4046,True,,,,,,,,
0.72,0.35,0.14,0.85,2.21,269.1,0.42,41.67,2022,10,4984,True,,,,,,,,
0.79,0.24,0.05,0.75,1.25,190.0,0.4,45.0,2022,10,5870,True,,,,,,,,
0.49,0.25,0.06,0.92,1.41,232.01,0.05,4.4,2022,10,7585,True,,,,,,,,
0.65,0.33,,0.84,1.35,226.62,0.09,5.33,2022,10,829,True,,,,,,,,
0.7,0.26,0.13,0.76,1.66,230.0,0.1,7.39,2022,10,1837,True,,,,,,,,
0.55,0.21,0.07,0.94,1.96,286.0,0.11,6.0,2022,10,6768,True,,,,,,,,
0.52,0.22,0.16,0.62,1.6,253.0,0.16,12.0,2022,10,6797,True,0.04,,,,,,,
0.75,0.36,0.13,0.96,1.84,255.76,0.08,10.52,2022,10,7523,True,,,,,,,,
0.49,,0.15,,,,,,2022,10,7583,True,,,,,,,,
0.57,0.25,0.06,0.87,1.8,265.38,0.12,8.39,2022,10,3163,True,,,,,,,,
0.62,0.31,,0.71,1.26,224.24,0.07,9.91,2022,10,3257,True,,,,,,,,
0.61,0.26,0.13,0.67,1.53,237.89,0.5,52.0,2022,10,6904,True,0.08,,,,,,,
0.83,0.35,,1.0,1.22,203.96,0.11,13.68,2022,10,2711,True,,,,,,,,
,,,,,,0.03,3.11,2022,10,7809,True,,0.79,0.79,,4.0,,,
,,,,,,0.05,7.0,2022,10,8255,True,,0.68,0.68,,6.0,,,
,,,,,,0.28,40.56,2022,10,8132,True,,0.63,0.63,0.05,4.66,,,
,,,,,,,0.36,2022,10,2073,True,,,0.26,,2.15,,,
0.12,0.05,,,,,0.37,54.02,2022,10,4111,True,,1.31,1.31,0.05,10.12,,,
,,,,,,0.21,20.18,2022,10,7741,True,,0.12,0.12,0.02,1.11,,,
0.12,0.06,,,,,0.42,58.93,2022,10,1535,True,,1.11,1.11,0.1,8.75,,,
0.18,0.03,,,,,0.19,31.08,2022,10,7594,True,,1.77,1.77,0.04,12.65,,,
,,,,,,0.03,6.88,2022,10,1387,True,,1.82,1.82,0.05,13.05,,,
,,,,,,,1.13,2022,10,2471,True,,,0.26,,1.84,,,
,,,,,,0.38,49.56,2022,10,2749,True,,1.74,1.74,0.05,14.45,,,
0.1,0.05,,,,,0.4,47.01,2022,10,3969,True,,3.44,3.44,0.12,24.23,,,
0.12,0.06,,,,,0.31,44.11,2022,10,4098,True,,2.54,2.54,0.09,21.66,,,
,,,,,,0.02,2.07,2022,10,4718,True,,0.67,0.67,,4.71,,,
0.03,0.03,,,,,0.09,15.8,2022,10,5000,True,,1.88,1.88,0.06,13.88,,,
0.12,0.06,,,,,0.37,58.67,2022,10,5892,True,,2.37,2.37,0.05,18.05,,,
0.06,0.03,,,,,0.3,50.07,2022,10,5916,True,,1.99,1.99,0.05,14.89,,,
,,,,,,0.11,17.15,2022,10,6012,True,,1.36,1.36,0.06,10.12,,,
0.11,0.06,,,,,0.3,50.16,2022,10,6130,True,,3.34,3.34,0.08,24.12,,,
0.14,0.09,,,,,0.28,37.76,2022,10,6790,True,,4.04,4.04,0.12,31.1,,,
0.1,0.05,,,,,0.33,46.2,2022,10,6820,True,,2.59,2.59,0.07,18.3,,,
,0.01,,,,,0.13,9.82,2022,10,6845,True,,0.49,0.49,0.07,3.59,,,
0.13,0.07,,,,,0.4,64.47,2022,10,4035,True,0.06,4.51,4.51,0.14,39.0,,,
,,,,,,0.09,14.07,2022,10,4455,True,,1.14,1.14,0.04,9.43,,,
,,,,,,,2.71,2022,10,6109,True,,,0.68,,7.1,,,
,,,,,,,0.23,2022,10,6931,True,,0.07,0.07,,0.51,,,
,,,,,,,8.99,2022,10,7572,True,,0.37,0.37,,3.02,,,
,,,,,,0.42,85.0,2022,10,8129,True,,2.52,2.52,0.07,19.13,,,
0.23,0.11,,,,,0.56,69.2,2022,10,4029,True,0.06,2.55,2.55,0.11,20.62,,,
0.14,0.07,,,,,0.7,78.58,2022,10,4034,True,,5.1,5.1,0.15,37.77,,,
0.2,0.13,,,,,0.66,85.41,2022,10,4866,True,,4.04,4.04,0.13,30.53,,,
0.12,0.06,,,,,0.85,84.0,2022,10,4988,True,0.06,1.51,1.51,0.05,11.2,,,
,,,,,,0.37,43.95,2022,10,5284,True,,2.06,2.06,0.05,15.15,,,
,,,,,,,,2022,10,6202,True,,,0.14,,1.22,,,
0.09,0.04,,,,,0.32,46.3,2022,10,7528,True,0.05,2.63,2.63,0.09,18.96,,,
,,,,,,0.01,1.24,2022,10,8123,True,,,,,,,,
,,,,,,0.12,30.3,2022,10,8136,True,,2.25,2.25,0.06,17.09,,,
,,,,,,0.02,2.58,2022,10,8139,True,,0.23,0.23,,1.84,,,
0.15,0.03,,,,,0.75,78.5,2022,10,8151,True,,1.97,1.97,0.08,15.3,,,
,,,,,,0.15,27.04,2022,10,8205,True,,0.72,0.72,0.02,5.44,,,
,0.02,,,,,0.21,27.77,2022,10,8228,True,,1.78,1.78,0.03,12.99,,,
,,,,,,,,2022,10,8428,True,,,0.77,0.04,3.73,,,
,,,,,,0.03,4.0,2022,10,1034,True,,0.86,0.86,0.01,6.54,,,
,,,,,,,1.0,2022,10,1379,True,,,0.99,0.06,8.82,,,
,,,,,,,0.26,2022,10,3354,True,,,,,,,,
0.11,0.06,,,,,0.43,56.56,2022,10,4199,True,,2.89,2.89,0.14,21.71,,,
0.02,,,,,,0.07,7.77,2022,10,4962,True,,1.04,1.04,,7.68,,,
0.13,0.07,,,,,0.52,60.34,2022,10,5967,True,,2.39,2.39,0.05,17.43,,,
,,,,,,0.01,1.83,2022,10,6694,True,,0.32,0.32,,2.56,,,
0.14,0.05,,,,,0.45,62.51,2022,10,6813,True,0.09,2.4,2.4,0.09,18.82,,,
0.08,0.04,,,,,0.28,39.47,2022,10,6828,True,0.04,1.88,1.88,0.05,14.47,,,
,,,,,,0.05,5.16,2022,10,6885,True,,,,,,,,
,,,,,,0.2,14.86,2022,10,6996,True,,0.99,0.99,0.01,7.68,,,
0.04,0.04,,,,,0.16,22.91,2022,10,7561,True,,0.83,0.83,0.06,6.84,,,
,0.02,,,,,0.11,22.77,2022,10,8150,True,,2.46,2.46,0.02,18.59,,,
0.04,0.02,,,,,0.12,16.61,2022,10,8153,True,,0.22,0.22,0.01,1.55,,,
,,,,,,0.02,1.84,2022,10,8221,True,,0.06,0.06,,0.43,,,
0.07,0.09,,,,,0.27,42.1,2022,10,2320,True,,1.39,1.39,0.03,10.02,,,
,,,,,,0.01,1.72,2022,10,2359,True,,2.08,2.08,0.08,15.33,,,
,,,,,,,0.35,2022,10,3832,True,,,0.5,0.04,5.59,,,
0.1,0.05,,,,,0.38,44.98,2022,10,4137,True,0.04,2.75,2.75,0.13,21.05,,,
0.06,0.06,,,,,0.56,56.38,2022,10,4149,True,,1.31,1.31,0.03,8.68,,,
0.13,0.06,,,,,0.49,50.1,2022,10,4663,True,,6.98,6.98,0.29,56.34,,,
0.12,0.06,,,,,0.59,78.0,2022,10,5850,True,,2.74,2.74,0.05,19.92,,,
0.02,,,,,,0.09,15.99,2022,10,5987,True,,0.64,0.64,0.02,4.84,,,
,,,,,,,3.65,2022,10,8181,True,,,0.88,,7.18,0.88,,
,0.01,,,,,0.19,24.99,2022,10,1476,True,,0.67,0.67,0.05,4.62,,,
,,,,,,0.08,10.81,2022,10,2161,True,,2.25,2.25,0.09,17.64,,,
0.28,0.14,,,,,0.93,107.0,2022,10,3198,True,0.07,1.81,1.81,0.05,13.94,,,
,,,,,,0.03,9.92,2022,10,3391,True,,0.19,0.19,0.01,1.3,,,
,0.0,,,,,0.1,8.7,2022,10,5131,True,,0.35,0.35,,1.5,,,
,,,,,,0.09,17.27,2022,10,5347,True,,3.85,3.85,0.19,29.41,,,
,,,,,,0.04,9.26,2022,10,5536,True,,2.16,2.16,0.1,16.58,,,
0.03,0.01,,,,,0.08,14.93,2022,10,6938,True,,0.34,0.34,0.01,2.48,,,
,,,,,,,0.67,2022,10,7204,True,,,,,,,,
0.18,0.09,,,,,0.5,88.0,2022,10,7543,True,,2.83,2.83,0.15,23.0,,,
0.05,,,,,,0.34,52.44,2022,10,7608,True,,1.07,1.07,0.04,8.6,,,
,,,,,,0.1,11.89,2022,10,8138,True,,0.86,0.86,0.02,6.09,,,
,,,,,,0.05,5.43,2022,10,8179,True,,0.2,0.2,,1.09,,,
,,,,,,,,2022,10,8189,True,,0.16,0.16,0.01,1.24,,,
0.07,,,,,,0.09,7.77,2022,10,8800,True,,0.15,0.15,,0.95,,,
,,,,,,,0.27,2022,10,8820,True,,,0.3,,2.08,,,
,,,,,,0.09,14.04,2022,10,5122,True,,0.35,0.35,0.01,2.3,,,
0.11,0.05,,,,,0.2,37.0,2022,10,6945,True,0.04,3.38,3.38,0.12,27.0,,,
,,,,,,0.09,14.61,2022,10,7567,True,,1.29,1.29,0.1,9.63,,,
0.13,0.06,,,,,0.42,78.34,2022,10,6151,True,,1.36,1.36,0.04,10.14,,,
,,,,,,0.02,4.26,2022,10,7537,True,,0.2,0.2,,1.38,,,
,,,,,,0.29,44.0,2022,10,8154,True,,0.72,0.72,0.03,5.71,,,
0.06,0.06,,,,,,4.09,2022,10,4983,True,,,4.09,0.3,53.29,,0.06,4.09
,,,,,,,,2022,10,5773,True,,,0.9,0.1,12.31,,,0.9
,,,,,,,,2022,10,7565,True,,,3.45,0.22,41.28,,,3.45
,,,,,,,,2022,10,6870,True,,,0.29,0.02,4.03,,,0.29
,,,,,,,,2022,10,2673,True,,,0.93,0.06,11.36,,,0.93
,,,,,,,0.48,2022,10,6271,True,,,2.05,0.2,27.05,,,2.05
0.07,0.07,,,,,,1.44,2022,10,6814,True,,,1.63,0.13,17.62,,,1.63
,,,,,,,,2022,10,7603,True,,,1.18,0.05,11.42,,,1.18
0.04,0.04,,,,,,,2022,10,8112,True,,,3.55,0.27,43.08,,0.04,3.55
0.05,0.05,,,,,,1.74,2022,10,1825,True,,,3.33,0.2,36.03,,,3.33
0.06,0.06,,,,,,0.38,2022,10,2216,True,,,4.75,0.57,68.34,,0.06,4.75
,,,,,,,,2022,10,2331,True,,,0.71,0.06,9.06,,,0.71
,,,,,,,,2022,10,2334,True,,,1.76,0.11,19.15,,,1.76
0.07,0.08,,,,,,,2022,10,2449,True,,,7.67,0.6,95.0,,0.07,7.67
0.05,0.06,,,,,,1.77,2022,10,4039,True,,,6.71,0.48,70.37,,0.05,6.71
,,,,,,,,2022,10,4177,True,,,3.65,0.35,51.47,,,3.65
,,,,,,,,2022,10,4234,True,,,2.44,0.19,29.11,,,2.44
,,,,,,,,2022,10,5038,True,,,3.58,0.33,50.31,,,3.58
,,,,,,,,2022,10,5970,True,,,0.6,0.04,6.3,,,0.6
,,,,,,,,2022,10,6402,True,,,1.51,0.12,15.59,,,1.51
0.06,0.06,,,,,,1.61,2022,10,6783,True,,,4.5,0.35,57.32,,0.06,4.5
0.07,0.07,,,,,,0.8,2022,10,6943,True,,,4.08,0.41,54.65,,0.07,4.08
,,,,,,,,2022,10,8076,True,,,2.96,0.2,28.72,,,2.96
0.06,0.06,,,,,,,2022,10,8144,True,,,4.43,0.42,63.15,,0.06,4.43
0.05,0.05,,,,,0.05,1.91,2022,10,1352,True,,,2.91,0.23,34.39,,,2.91
0.07,0.07,,,,,,,2022,10,1426,True,,,5.96,0.48,66.96,,,5.96
0.05,0.05,,,,,,1.24,2022,10,2197,True,,,3.99,0.24,49.23,,0.05,3.99
,,,,,,,,2022,10,2750,True,,,3.5,0.25,35.93,,,3.5
,,,,,,,,2022,10,2821,True,,,0.62,,6.77,,,0.62
0.02,0.03,,,,,,0.58,2022,10,3423,True,,,1.37,0.1,17.22,,,1.37
0.08,0.07,,,,,,0.91,2022,10,4037,True,,,6.04,0.42,66.3,,0.08,6.04
0.06,0.06,,,,,,1.31,2022,10,4950,True,,,4.73,0.34,54.71,,0.06,4.73
,,,,,,,,2022,10,5007,True,,,0.24,,2.3,,,0.24
,,,,,,,1.17,2022,10,5185,True,,,4.71,0.51,64.83,,,4.71
0.12,0.06,,,,0.81,0.1,11.35,2022,10,5872,True,,,4.07,0.34,55.0,,0.06,4.07
,,,,,,,,2022,10,6290,True,,,3.06,0.24,36.89,,,3.06
,,,,,,,,2022,10,6395,True,,,0.62,,7.28,,,0.62
,,,,,,,0.78,2022,10,6824,True,,,3.32,0.3,50.9,,,3.32
,,,,,,,,2022,10,6920,True,,,0.18,,2.01,,,0.18
0.06,0.06,,,,,,2.31,2022,10,7090,True,,,4.07,0.31,55.08,,0.06,4.07
,,,,,,,,2022,10,7210,True,,,1.25,0.14,14.85,,,1.25
0.13,0.07,,,,,,2.37,2022,10,7526,True,,,5.99,0.55,79.02,,0.07,5.99
,,,,,,,,2022,10,7757,True,,,1.55,0.09,15.44,,,1.55
,,,,,,0.01,2.5,2022,10,7989,True,,,0.6,0.02,5.7,,,0.6
,,,,,,,,2022,10,8137,True,,,3.77,0.39,47.55,,,3.77
,,,,,,,,2022,10,8167,True,,,2.44,0.18,28.82,,,2.44
,,,,,,,,2022,10,8235,True,,,1.4,0.09,21.83,,,1.4
,,,,,,,,2022,10,830,True,,,0.54,0.04,7.3,,,0.54
,,,,,,,,2022,10,1817,True,,,2.17,0.14,27.49,,,2.17
,,,,,,,,2022,10,2312,True,,,0.58,0.06,6.53,,,0.58
,,,,,,,0.52,2022,10,4080,True,,,3.1,0.17,38.94,,,3.1
0.06,0.07,,,,,,,2022,10,4131,True,,,1.87,0.18,25.53,,0.06,1.87
,,,,,,,1.37,2022,10,4198,True,,,0.55,0.03,6.23,,,0.55
,,,,,,,,2022,10,4420,True,,,0.61,,5.55,,,0.61
,,,,,,,,2022,10,5096,True,,,0.97,0.09,11.5,,,0.97
,,,,,,,,2022,10,5154,True,,,1.59,0.21,16.45,,,1.59
,,,,,,,,2022,10,5323,True,,,0.55,0.05,6.05,,,0.55
,,,,,,,,2022,10,6247,True,,,0.59,0.05,7.05,,,0.59
0.06,0.06,,,,0.85,,2.18,2022,10,6794,True,,,6.7,0.4,97.75,,0.06,6.7
,,,,,,,0.46,2022,10,6798,True,,,0.58,0.03,7.09,,,0.58
0.06,0.06,,,,,,1.0,2022,10,6803,True,,,3.77,0.4,52.01,,0.06,3.77
,,,,,,,0.39,2022,10,7533,True,,,0.52,0.04,6.97,,,0.52
0.07,0.07,,,,,,5.45,2022,10,7547,True,,,6.38,0.4,69.9,,0.07,6.38
0.06,0.06,,,,,,,2022,10,7569,True,,,3.41,0.26,42.3,,,3.41
0.06,0.05,,,,0.9,0.05,5.33,2022,10,7606,True,,,2.81,0.16,32.04,,0.06,2.81
0.05,0.06,,,,,,,2022,10,1067,True,,,2.95,0.21,35.9,,,2.95
0.05,0.05,,,,,,,2022,10,1689,True,,,3.79,0.3,41.09,,0.05,3.79
0.06,0.06,,,,,,,2022,10,1992,True,,,3.66,0.24,42.17,,0.06,3.66
0.08,0.08,,,,,,,2022,10,2133,True,,,8.04,0.65,99.26,,0.08,8.04
0.06,0.06,,,,,,,2022,10,2309,True,,,5.02,0.44,63.39,,0.06,5.02
0.06,0.06,,,,,,,2022,10,2374,True,,,4.66,0.36,61.43,,0.06,4.66
,,,,,,,2.3,2022,10,3634,True,,,3.34,0.22,30.3,,,3.34
,,,,,,0.06,6.01,2022,10,4197,True,,,3.3,0.24,35.67,,,3.3
,,,,,,,,2022,10,4992,True,,,1.01,0.05,10.61,,,1.01
,,,,,,,2.81,2022,10,5695,True,,,0.83,,8.1,,,0.83
0.06,0.06,,,,,,1.05,2022,10,5846,True,,,4.33,0.35,62.44,,0.06,4.33
,,,,,,,0.22,2022,10,6149,True,,,0.73,0.07,10.26,,,0.73
,,,,,,,0.4,2022,10,6853,True,,,2.49,0.2,31.04,,,2.49
,,,,,,,,2022,10,7032,True,,,0.51,0.01,6.05,,,0.51
,,,,,,,0.34,2022,10,7066,True,,,2.13,0.15,27.01,,,2.13
0.06,0.06,,,,,0.06,6.77,2022,10,7601,True,,,4.41,0.22,46.46,,,4.41
,,,,,,,,2022,10,7670,True,,,5.64,0.3,61.55,,,5.64
,,,,,,,,2022,10,8117,True,,,0.32,0.03,3.94,,,0.32
,,,,,,0.03,5.1,2022,10,8126,True,,,3.96,0.26,45.66,,,3.96
0.04,0.04,,,,,,,2022,10,8135,True,,,2.14,0.21,27.96,,0.04,2.14
,,,,,,,,2022,10,8180,True,,,0.17,0.02,1.84,,,0.17
,,,,,,,,2022,10,8676,True,,,0.83,0.09,11.2,,,0.83
,,,,,,,,2022,10,947,True,,,2.51,0.27,31.38,,,2.51
,,,,,,,,2022,10,3269,True,,,1.76,0.14,22.52,,,1.76
0.08,0.08,,,,,0.04,8.27,2022,10,3321,True,,,7.87,0.63,106.45,,0.08,7.87
0.07,0.07,,,,,,2.25,2022,10,4040,True,,,5.99,0.37,65.11,,0.07,5.99
,,,,,,,,2022,10,4622,True,,,2.11,0.17,23.85,,,2.11
0.05,0.05,,,,,,,2022,10,5045,True,,,3.99,0.36,55.39,,0.05,3.99
0.03,0.03,,,,,,0.6,2022,10,5113,True,,,1.55,0.13,19.15,,,1.55
,,,,,,,,2022,10,5374,True,,,0.63,0.09,8.33,,,0.63
0.11,0.06,,,,,,3.1,2022,10,5937,True,,,5.23,0.29,52.12,,0.06,5.23
,,,,,,,,2022,10,5965,True,,,0.78,,7.37,,,0.78
,,,,,,,,2022,10,6427,True,,,0.86,0.06,11.37,,,0.86
0.05,0.05,,,,,,1.84,2022,10,6819,True,,,4.92,0.23,61.84,,0.05,4.92
,,,,,,,,2022,10,7049,True,,,1.81,0.19,20.65,,,1.81
,,,,,,,,2022,10,7496,True,,,1.63,0.09,20.89,,,1.63
,,,,,,,0.75,2022,10,7540,True,,,1.04,0.08,12.48,,,1.04
0.03,0.03,,,,,,,2022,10,8118,True,,,1.6,0.09,17.46,,,1.6
,,,,,,,,2022,10,8142,True,,,3.17,0.25,38.63,,,3.17
,,,,,,,,2022,10,8176,True,,,0.41,0.03,5.38,,,0.41
,,,,,,,,2022,10,8475,True,,,1.07,0.09,10.8,,,1.07
,,,,,,0.01,4.5,2022,10,8917,True,,,0.23,0.01,3.0,,,0.23
,,,,,,,,2022,10,1346,True,,,1.81,0.15,26.63,,,1.81
,,,,,,,,2022,10,3445,True,,,2.15,0.22,25.53,,,2.15
0.17,0.09,,,,,,,2022,10,5026,True,,,0.86,0.08,10.36,,,0.86
,,,,,,,,2022,10,5086,True,,,3.54,0.35,47.49,,,3.54
0.08,,,,,,,1.23,2022,10,5137,True,,,1.94,0.16,24.38,,,1.94
,,,,,,,,2022,10,5199,True,,,0.99,0.06,12.04,,,0.99
,,,,,,,,2022,10,5880,True,,,2.74,0.22,33.48,,,2.74
,,,,,,,,2022,10,5902,True,,,0.17,,1.7,,,0.17
,,,,,,,,2022,10,6588,True,,,2.3,0.1,18.82,,,2.3
0.07,0.07,,,,,,4.31,2022,10,6786,True,,,5.74,0.55,78.48,,0.07,5.74
0.06,0.06,,,,,,4.04,2022,10,6886,True,,,3.78,0.28,44.01,,0.06,3.78
,,,,,,,1.14,2022,10,7612,True,,,0.93,0.08,9.86,,,0.93
,,,,,,,,2022,10,8013,True,,,0.06,0.01,0.69,,,0.06
,,,,,,,,2022,10,8134,True,,,1.01,0.07,12.33,,,1.01
,,,,,,,,2022,10,8168,True,,,2.34,0.22,30.88,,,2.34
,,,,,,,,2022,10,5432,True,,,0.6,0.06,6.57,,,0.6
,,,,,,,,2022,10,8119,True,,,2.27,0.13,26.86,,,2.27
,,,,,,0.05,7.48,2022,10,4082,True,,,4.13,0.18,38.65,,0.05,4.13
0.06,0.06,,,,,,0.29,2022,10,7525,True,,,4.34,0.35,55.0,,0.06,4.34
,,,,,,,,2022,10,7587,True,,,0.3,0.03,3.63,,,0.3
,,,,,,,,2022,10,7751,True,,,0.28,,2.78,,,0.28
,,,,,,,0.41,2022,10,4319,True,,,1.12,0.06,12.56,,,1.12
,,,,,,,0.12,2022,10,6927,True,,,0.99,0.07,13.7,,,0.99
0.07,0.07,,,,,,,2022,10,5859,True,,,5.53,0.53,79.49,,0.07,5.53
0.06,0.06,,,,,,1.01,2022,10,5927,True,,,4.17,0.3,57.23,,0.06,4.17
,,,,,,,,2022,10,6970,True,,,0.17,,0.85,0.17,,
,,,,,,,,2022,10,6662,True,,,0.59,,4.44,0.59,,
,,,,,,,0.28,2022,10,7216,True,,,0.3,,3.0,,,
0.11,0.05,,,,,,,2022,10,7553,True,,,3.5,0.29,40.0,3.5,0.06,
,,,,,,,,2022,10,4995,True,,,1.22,0.15,13.25,1.22,,
,,,,,,,,2022,10,7694,True,,,1.07,0.09,10.51,1.07,,
,,,,,,,,2022,10,2146,True,,,0.5,,4.29,0.5,,
,,,,,,,,2022,10,4314,True,,,0.91,0.07,8.46,0.91,,
0.06,0.06,,,,,,,2022,10,5001,True,,,3.61,0.28,35.6,3.61,0.06,
,,,,,,,,2022,10,5285,True,,,0.31,0.03,3.61,0.31,,
,,,,,,,,2022,10,5906,True,,,2.7,0.3,27.9,2.7,0.05,
,,,,,,,,2022,10,6181,True,,,0.17,,2.12,0.17,,
,,,,,,,,2022,10,7842,True,,,0.42,,3.24,0.42,,
,,,,,,,,2022,10,8172,True,,,3.44,0.31,38.0,3.44,,
,,,,,,,,2022,10,8197,True,,,1.57,0.13,14.56,1.57,,
,,,,,,,,2022,10,2390,True,,,0.37,0.03,3.49,0.37,,
,,,,,,,,2022,10,4055,True,,,1.36,0.12,13.65,1.36,,
,,,,,,,,2022,10,5409,True,,,1.16,0.09,12.29,1.16,0.09,
,,,,,,,,2022,10,6075,True,,,0.2,,1.11,0.2,,
,,,,,,,,2022,10,8849,True,,,0.05,,0.32,0.05,,
,,,,,,,,2022,10,111,True,,,0.31,0.02,3.71,0.31,,
,,,,,,,,2022,10,4054,True,,,1.85,0.17,20.68,1.85,,
,,,,,,,,2022,10,4089,True,,,3.95,0.31,45.13,3.95,,
,,,,,,,,2022,10,4421,True,,,0.21,0.02,1.76,0.21,,
,,,,,,,,2022,10,6018,True,,,1.18,0.06,10.78,1.18,,
,,,,,,,0.31,2022,10,6529,True,,,1.3,0.05,7.8,,,
,,,,,,,,2022,10,6865,True,,,1.36,0.23,12.72,1.36,,
,,,,,,,,2022,10,7002,True,,,2.78,0.34,28.5,2.78,,
,,,,,,,,2022,10,8130,True,,,0.56,0.05,5.88,0.56,,
0.06,0.06,,,,,,,2022,10,1339,True,,,4.41,0.3,44.51,4.41,0.06,
,,,,,,,,2022,10,1425,True,,,0.73,0.05,7.46,0.73,,
,,,,,,,,2022,10,3258,True,,,0.19,0.02,1.83,0.19,,
,,,,,,,,2022,10,4066,True,,,3.68,0.23,36.2,3.68,,
,,,,,,,,2022,10,4602,True,,,3.18,0.28,32.6,3.18,,
,,,,,,,,2022,10,5985,True,,,3.81,0.26,33.03,3.81,,
,,,,,,,,2022,10,7536,True,,,0.5,0.07,4.72,0.5,,
,,,,,,,,2022,10,7828,True,,,0.18,0.02,1.55,0.18,,
,,,,,,,,2022,10,7891,True,,,1.73,0.09,16.52,1.73,,
,,,,,,,,2022,10,8227,True,,,0.76,0.08,6.72,0.76,,
,,,,,,,,2022,10,3202,True,,,1.62,0.12,16.19,1.62,,
0.1,0.05,0.05,,0.1,5.92,0.23,13.79,2022,10,4381,True,0.05,,0.53,0.06,4.18,0.53,,
,,,,,,,,2022,10,4443,True,,,0.68,0.07,5.43,0.68,,
0.06,0.06,,,,,,,2022,10,4993,True,,,2.56,0.19,30.49,2.56,0.06,
,,,,,,,,2022,10,5010,True,,,2.28,0.23,23.25,2.28,,
,,,,,,,,2022,10,5032,True,,,1.27,0.06,11.55,1.27,,
0.07,0.09,,,,,,,2022,10,5844,True,,,4.87,0.34,49.6,4.87,0.07,
0.07,0.07,,,,,,,2022,10,5857,True,,,2.15,0.22,25.56,2.15,,
,,,,,,,,2022,10,6869,True,,,0.49,0.05,5.26,0.49,,
,,,,,,,,2022,10,7050,True,,,0.51,0.05,5.44,0.51,,
0.07,0.07,,,,,,,2022,10,7600,True,,,4.27,0.3,47.0,4.27,0.07,
,,,,,,,,2022,10,8111,True,,,2.4,0.14,25.14,2.4,,
,,,,,,,,2022,10,8170,True,,,0.92,0.09,7.55,0.92,,
,,,,,,,,2022,10,8210,True,,,1.2,0.11,11.12,1.2,,
,,,,,,,,2022,10,8484,True,,,0.31,,2.85,0.31,,
0.17,0.09,,,,,,,2022,10,1466,True,,,7.25,0.64,88.57,7.25,0.09,
,,,,,,,,2022,10,2214,True,,,2.12,0.21,22.4,2.12,,
,,,,,,,,2022,10,2545,True,,,1.67,0.15,12.87,1.67,,
,,,,,,,,2022,10,2755,True,,,0.37,,3.05,0.37,,
,,,,,,,,2022,10,3048,True,,,0.2,,2.18,0.2,0.07,
0.05,0.05,,,,,,,2022,10,3271,True,,,4.18,0.25,38.61,4.18,0.05,
,,,,,,,,2022,10,3496,True,,,0.15,,0.97,0.15,,
,,,,,,,,2022,10,4189,True,,,0.65,0.05,6.15,0.65,,
0.07,0.07,,,,,,,2022,10,4217,True,,,4.64,0.36,53.0,4.64,0.07,
,,,,,,,,2022,10,4741,True,,,0.88,0.04,8.84,0.88,,
,,,,,,,,2022,10,5008,True,,,1.15,0.1,11.1,1.15,,
,,,,,,,,2022,10,6665,True,,,0.7,0.1,7.91,0.7,,
0.07,0.08,,,,,,,2022,10,6826,True,,,3.18,0.21,31.39,3.18,,
,,,,,,,,2022,10,6850,True,,,2.42,0.25,26.82,2.42,,
,,,,,,,,2022,10,7075,True,,,0.07,,0.29,0.07,,
,,,,,,,,2022,10,7131,True,,,0.58,0.06,6.11,0.58,,
,,,,,,,,2022,10,7554,True,,,0.49,0.04,4.02,0.49,,
,,,,,,,,2022,10,7602,True,,,2.19,0.22,21.06,2.19,,
,,,,,,,,2022,10,8041,True,,,0.53,,5.66,0.53,,
,,,,,,,,2022,10,8110,True,,,0.75,0.04,7.46,0.75,,
,,,,,,,,2022,10,7946,True,,,0.33,,4.0,0.33,,
,,,,,,,,2022,10,8665,True,,,0.29,0.03,3.16,0.29,,
,,,,,,,,2022,10,2251,True,,,2.17,0.14,21.0,2.17,,
,,,,,,,,2022,10,8177,True,,,0.17,0.02,1.38,0.17,,
,,,,,,,,2022,10,7716,True,,,1.53,0.07,13.0,1.53,,
0.07,0.07,,,,,,,2022,10,5022,True,,,5.0,0.4,53.55,5.0,0.07,
0.51,0.19,0.13,0.71,1.48,195.24,0.15,15.29,2022,11,1049,True,,,,,,,,
0.38,0.19,0.19,0.56,1.6,242.95,0.08,6.0,2022,11,96,True,,,,,,,,
0.6,0.27,0.14,0.79,1.75,257.84,0.14,13.59,2022,11,1234,True,,,,,,,,
0.56,0.25,0.11,0.73,1.5,256.8,0.05,3.46,2022,11,2028,True,,,,,,,,
0.84,0.37,,1.02,1.38,219.0,0.2,15.0,2022,11,2711,True,,,,,,,,
0.52,0.23,0.06,0.8,1.66,243.36,0.12,8.09,2022,11,3163,True,,,,,,,,
0.5,0.25,0.06,0.87,1.17,204.01,0.07,12.62,2022,11,7527,True,,,,,,,,
0.72,0.32,,1.0,0.77,212.33,0.17,19.39,2022,11,8160,True,,,,,,,,
0.66,0.33,,0.86,1.37,230.92,0.09,5.43,2022,11,829,True,,,,,,,,
0.54,0.21,0.06,0.75,1.13,210.87,0.3,41.65,2022,11,2307,True,,,,,,,,
0.72,0.25,0.22,0.78,2.34,299.98,0.19,23.0,2022,11,4046,True,,,,,,,,
0.68,0.31,0.13,0.86,2.09,264.17,0.38,38.68,2022,11,4984,True,,,,,,,,
0.86,0.26,0.06,0.67,1.43,231.01,0.25,35.29,2022,11,5870,True,,,,,,,,
0.46,0.19,0.12,0.73,2.03,270.66,0.14,8.0,2022,11,6770,True,,,,,,,,
0.67,0.31,0.12,0.68,1.79,264.84,0.06,5.58,2022,11,1166,True,,,,,,,,
0.48,0.4,0.05,0.86,1.26,221.8,0.04,5.8,2022,11,24,True,,,,,,,,
0.72,0.34,0.14,0.64,1.94,226.01,0.35,58.9,2022,11,4881,True,0.06,,,,,,,
0.51,0.27,0.05,0.7,0.97,171.58,0.48,70.51,2022,11,7591,True,0.06,,,,,,,
0.56,0.27,,0.98,1.19,212.1,0.07,9.43,2022,11,3257,True,,,,,,,,
0.68,0.19,0.07,0.71,1.97,265.66,0.09,10.29,2022,11,3294,True,,,,,,,,
0.61,0.28,0.19,0.87,1.8,296.0,0.12,12.66,2022,11,6797,True,0.04,,,,,,,
0.54,0.24,0.12,0.64,1.46,226.52,0.48,56.62,2022,11,6904,True,0.07,,,,,,,
0.5,0.23,0.05,0.72,1.02,176.88,0.14,14.99,2022,11,7538,True,,,,,,,,
0.49,0.27,0.08,1.09,1.02,193.34,0.14,10.42,2022,11,4892,True,,,,,,,,
0.57,0.23,0.16,0.82,1.3,223.96,,2.96,2022,11,421,True,,,,,,,,
0.52,0.21,0.07,1.03,1.58,260.74,0.05,4.62,2022,11,7585,True,,,,,,,,
0.68,0.41,0.13,0.84,1.61,241.06,0.1,7.35,2022,11,1837,True,,,,,,,,
0.86,0.3,,0.9,1.24,243.0,0.05,9.0,2022,11,533,True,,,,,,,,
,,,,,,0.01,1.14,2022,11,8123,True,,0.2,0.2,,1.0,,,
0.26,0.13,,,,,0.85,103.0,2022,11,3198,True,0.07,1.61,1.61,0.05,14.0,,,
0.09,0.05,,,,,0.31,44.24,2022,11,6828,True,0.05,1.65,1.65,0.05,12.73,,,
,,,,,,0.1,10.0,2022,11,5536,True,,1.92,1.92,0.09,14.76,,,
0.12,0.06,,,,,0.3,63.0,2022,11,4199,True,,3.17,3.17,0.2,23.79,,,
,,,,,,0.0,0.44,2022,11,6963,True,,0.08,0.08,,0.61,,,
,,,,,,0.01,1.56,2022,11,2359,True,,1.8,1.8,0.06,13.44,,,
,,,,,,0.2,10.15,2022,11,2391,True,,0.44,0.44,,3.3,,,
0.27,0.08,,,,,0.45,78.35,2022,11,3242,True,,2.19,2.19,0.06,16.24,,,
,,,,,,0.1,14.88,2022,11,4147,True,,1.53,1.53,0.05,11.31,,,
,,,,,,0.05,8.84,2022,11,5122,True,,0.33,0.33,,2.17,,,
,,,,,,0.06,3.86,2022,11,6039,True,,0.12,0.12,0.01,0.84,,,
0.12,0.06,,,,,0.31,51.28,2022,11,6130,True,,3.25,3.25,0.08,23.46,,,
0.17,0.06,,,,,0.5,79.08,2022,11,6813,True,0.11,2.48,2.48,0.08,19.46,,,
0.12,0.06,,,,,0.25,38.83,2022,11,6945,True,0.05,3.12,3.12,0.1,24.1,,,
0.07,0.03,,,,,0.24,39.54,2022,11,6955,True,,1.06,1.06,0.03,8.0,,,
0.16,,,,,,0.17,31.21,2022,11,7594,True,,1.61,1.61,0.04,11.5,,,
,,,,,,0.28,42.16,2022,11,8132,True,,0.85,0.85,,6.29,,,
0.14,0.07,,,,,0.31,55.81,2022,11,8205,True,,0.91,0.91,0.03,6.0,,,
,,,,,,0.04,4.96,2022,11,8255,True,,0.32,0.32,,2.46,,,
,,,,,,0.02,2.44,2022,11,1034,True,,0.38,0.38,,2.86,,,
,,,,,,0.19,25.32,2022,11,1476,True,,0.68,0.68,,4.68,,,
0.02,,,,,,0.04,5.19,2022,11,2431,True,,0.17,0.17,0.01,1.29,,,
0.23,0.12,,,,,0.56,70.41,2022,11,4029,True,0.06,2.69,2.69,0.1,21.77,,,
,,,,,,,0.45,2022,11,4353,True,,,0.56,,4.46,,,
,,,,,,0.09,14.07,2022,11,4455,True,,1.14,1.14,,9.34,,,
0.09,0.04,,,,,0.38,44.43,2022,11,5890,True,0.05,0.63,0.63,0.03,4.7,,,
0.14,0.07,,,,,0.43,70.25,2022,11,5892,True,,2.79,2.79,0.06,21.16,,,
0.14,0.07,,,,,0.3,56.58,2022,11,5967,True,,3.29,3.29,0.07,23.96,,,
0.13,0.06,,,,,0.4,74.6,2022,11,6151,True,,1.82,1.82,0.05,13.57,,,
,,,,,,0.01,1.75,2022,11,6694,True,,0.3,0.3,,2.44,,,
,,,,,,0.04,3.3,2022,11,7809,True,,0.84,0.84,,6.29,,,
,,,,,,0.46,72.95,2022,11,8129,True,,2.09,2.09,0.05,15.85,,,
,,,,,,0.1,11.56,2022,11,8138,True,,0.89,0.89,0.02,6.26,,,
,,,,,,,0.28,2022,11,8820,True,,,0.31,,2.18,,,
,,,,,,0.14,16.46,2022,11,2161,True,,2.81,2.81,0.11,22.0,,,
,,,,,,,1.02,2022,11,2471,True,,,0.24,,1.66,,,
,,,,,,,0.24,2022,11,3354,True,,,,,,,,
0.11,0.05,,,,,0.3,42.0,2022,11,4098,True,,2.42,2.42,0.09,20.62,,,
0.06,0.05,,,,,0.51,55.51,2022,11,4149,True,,1.29,1.29,0.03,8.49,,,
0.21,0.14,,,,,0.66,85.41,2022,11,4866,True,,4.69,4.69,0.15,35.41,,,
,,,,,,,,2022,11,6202,True,,,0.12,,1.1,,,
0.03,0.01,,,,,0.11,11.0,2022,11,6820,True,,0.98,0.98,0.1,6.91,,,
,,,,,,0.07,5.47,2022,11,6845,True,,0.22,0.22,0.03,1.6,,,
,,,,,,0.05,11.05,2022,11,7567,True,,1.23,1.23,0.02,9.17,,,
0.13,0.06,,,,,0.47,59.52,2022,11,7611,True,0.06,3.41,3.41,0.09,24.35,,,
,0.01,,,,,0.08,12.67,2022,11,8150,True,,1.93,1.93,0.04,14.57,,,
,,,,,,0.21,30.94,2022,11,8228,True,,1.48,1.48,0.02,10.85,,,
0.06,,,,,,0.07,6.65,2022,11,8800,True,,0.16,0.16,,0.97,,,
,,,,,,0.03,7.22,2022,11,1387,True,,1.91,1.91,0.05,13.69,,,
0.12,0.06,,,,,0.37,59.21,2022,11,1535,True,,1.97,1.97,0.06,15.61,,,
,,,,,,,3.52,2022,11,3391,True,,0.09,0.09,,0.66,,,
0.12,0.06,,,,,0.46,56.11,2022,11,4035,True,0.06,4.6,4.6,0.14,35.78,,,
0.09,,,,,,0.29,48.79,2022,11,4111,True,,1.22,1.22,0.05,9.37,,,
0.14,0.07,,,,,0.4,50.0,2022,11,4663,True,,7.13,7.13,0.3,50.18,,,
,,,,,,0.02,2.17,2022,11,4718,True,,0.71,0.71,,4.94,,,
0.02,,,,,,0.06,8.14,2022,11,4962,True,,0.56,0.56,,4.16,,,
0.04,,,,,,0.25,34.4,2022,11,5916,True,,1.9,1.9,0.04,14.19,,,
0.15,0.1,,,,,0.3,40.87,2022,11,6790,True,,4.44,4.44,0.13,34.26,,,
0.04,0.02,,,,,0.16,22.6,2022,11,6938,True,,0.32,0.32,0.01,2.32,,,
0.11,0.05,,,,,0.23,41.07,2022,11,7607,True,,2.25,2.25,0.1,17.34,,,
,,,,,,0.35,56.02,2022,11,8154,True,,0.61,0.61,0.02,4.79,,,
,,,,,,,3.46,2022,11,8181,True,,,0.83,,6.79,0.83,,
,,,,,,,0.38,2022,11,2073,True,,,0.28,,2.28,,,
0.11,0.06,,,,,0.7,74.76,2022,11,4988,True,0.06,1.32,1.32,0.04,9.84,,,
0.04,0.04,,,,,0.09,16.01,2022,11,5000,True,,1.91,1.91,0.06,14.07,,,
0.11,0.05,,,,,0.53,66.11,2022,11,5850,True,,2.63,2.63,0.05,19.07,,,
0.02,,,,,,0.1,18.29,2022,11,5987,True,,0.73,0.73,0.02,5.53,,,
,,,,,,,0.66,2022,11,7204,True,,,,,,,,
0.09,0.04,,,,,0.32,46.35,2022,11,7528,True,0.05,2.31,2.31,0.08,16.68,,,
,,,,,,,13.71,2022,11,7551,True,,1.88,1.88,,13.51,,,
0.05,0.03,,,,,0.09,16.38,2022,11,8153,True,,0.4,0.4,0.01,2.74,,,
,,,,,,,,2022,11,8428,True,,,0.69,0.03,3.32,,,
0.09,0.04,,,,,0.41,44.64,2022,11,3164,True,0.05,1.4,1.4,0.03,10.17,,,
,,,,,,,0.41,2022,11,3832,True,,,0.57,0.05,6.39,,,
0.12,0.06,,,,,0.54,63.18,2022,11,4018,True,0.05,3.75,3.75,0.15,28.94,,,
,,,,,,0.1,8.36,2022,11,5131,True,,0.31,0.31,,2.21,,,
,,,,,,0.06,11.85,2022,11,5347,True,,2.21,2.21,0.11,16.91,,,
,0.01,,,,,0.08,22.24,2022,11,5995,True,,1.15,1.15,0.02,9.04,,,
,,,,,,0.23,22.86,2022,11,7741,True,,0.13,0.13,,1.18,,,
,,,,,,,1.62,2022,11,8143,True,,,,,,,,
,0.01,,,,,0.05,12.0,2022,11,8189,True,,0.53,0.53,0.04,4.13,,,
,0.04,,,,,,1.0,2022,11,8223,True,,,0.43,0.05,5.05,,,0.43
,,,,,,0.11,10.64,2022,11,8221,True,,0.35,0.35,0.01,2.3,,,
0.12,0.06,,,,,0.53,58.0,2022,11,4034,True,,4.43,4.43,0.11,35.4,,,
,,,,,,,2.35,2022,11,1379,True,,,0.99,0.06,8.78,,,
0.13,0.06,,,,,0.44,57.0,2022,11,4137,True,0.06,3.02,3.02,0.15,23.09,,,
,,,,,,,1.14,2022,11,4651,True,,0.06,0.06,,0.45,,,
0.1,0.06,,,,,0.3,47.51,2022,11,7561,True,,0.81,0.81,0.06,6.66,,,
0.04,0.04,,,,,0.04,1.0,2022,11,1352,True,,,2.55,0.17,29.5,,,2.55
,,,,,,,,2022,11,8235,True,,,0.74,,7.6,,,0.74
,,,,,,,,2022,11,8167,True,,,3.79,0.36,52.0,,,3.79
0.05,0.06,,,,,,,2022,11,8135,True,,,3.02,0.3,39.57,,0.05,3.02
,,,,,,,,2022,11,4420,True,,,0.56,,5.12,,,0.56
,,,,,,,,2022,11,7496,True,,,1.92,0.1,24.68,,,1.92
,,,,,,,,2022,11,928,True,,,2.74,0.23,28.41,,,2.74
,,,,,,,1.05,2022,11,5185,True,,,4.2,0.36,53.94,,,4.2
,,,,,,,,2022,11,1817,True,,,2.19,0.15,27.76,,,2.19
0.06,0.06,,,,,,,2022,11,1479,True,,,5.14,0.3,56.4,,0.06,5.14
0.08,0.08,,,,,,,2022,11,1992,True,,,4.88,0.33,56.2,,0.08,4.88
,,,,,,,,2022,11,2319,True,,,2.52,0.23,33.98,,,2.52
,,,,,,,,2022,11,3269,True,,,2.36,0.18,30.13,,,2.36
,,,,,,,,2022,11,3445,True,,,2.15,0.22,25.53,,,2.15
,,,,,,0.06,10.6,2022,11,4082,True,,,4.31,0.19,40.3,,0.06,4.31
,,,,,,,,2022,11,4234,True,,,2.79,0.22,33.18,,,2.79
,,,,,,,0.6,2022,11,4319,True,,,1.63,0.08,18.21,,,1.63
,,,,,0.58,,1.53,2022,11,4454,True,,,1.04,0.1,13.06,,,1.04
0.08,0.08,,,,,,,2022,11,5026,True,,,0.77,0.08,9.28,,,0.77
,,,,,,0.03,1.98,2022,11,5121,True,,,1.17,0.08,11.88,,,1.17
,,,,,,,2.38,2022,11,5695,True,,,0.7,0.02,6.87,,,0.7
,,,,,,,,2022,11,6069,True,,,0.12,,1.29,,,0.12
,,,,,,,0.51,2022,11,6271,True,,,2.18,0.15,28.74,,,2.18
0.06,0.06,,,,,,1.89,2022,11,6819,True,,,5.32,0.29,58.35,,0.06,5.32
0.07,0.07,,,,,,0.74,2022,11,6943,True,,,3.75,0.44,56.42,,0.07,3.75
,,,,,,,,2022,11,7210,True,,,2.77,0.32,32.27,,,2.77
0.06,0.06,,,,,,4.92,2022,11,7547,True,,,5.76,0.3,63.05,,0.06,5.76
,,,,,,,,2022,11,7565,True,,,2.78,0.2,33.32,,,2.78
0.07,0.07,,,,,,,2022,11,7569,True,,,3.58,0.27,44.39,,,3.58
,,,,,,,,2022,11,7989,True,,,0.85,0.03,8.13,,,0.85
0.05,0.06,,,,,,,2022,11,8146,True,,,4.18,0.29,50.2,,0.05,4.18
,,,,,,,,2022,11,8188,True,,,2.59,0.22,30.21,,,2.59
,,,,,,,,2022,11,8416,True,,,0.86,0.08,9.04,,,0.86
,,,,,,,,2022,11,8676,True,,,0.85,0.09,11.41,,,0.85
,,,,,,,,2022,11,8745,True,,,0.68,0.02,7.54,,,0.68
0.05,0.05,,,,,,3.73,2022,11,4983,True,,,3.73,0.27,48.64,,0.05,3.73
0.05,0.05,,,,,,,2022,11,5045,True,,,4.19,0.37,61.33,,0.05,4.19
,,,,,,,0.54,2022,11,6853,True,,,3.42,0.27,42.58,,,3.42
,,,,,,,,2022,11,7562,True,,,0.39,0.02,5.23,,,0.39
,,,,,,,,2022,11,7603,True,,,1.0,0.04,9.61,,,1.0
,,,,,,,,2022,11,7751,True,,,0.33,,3.22,,,0.33
,,,,,,0.05,4.92,2022,11,8126,True,,,3.17,0.28,34.6,,,3.17
,,,,,,,,2022,11,8142,True,,,3.23,0.26,39.41,,,3.23
0.06,0.06,,,,,,,2022,11,1689,True,,,4.69,0.37,50.79,,0.06,4.69
0.05,0.05,,,,,,0.68,2022,11,2325,True,,,1.3,0.11,20.49,,,1.3
0.07,0.07,,,,,,,2022,11,2449,True,,,7.5,0.71,95.72,,0.07,7.5
,,,,,,,,2022,11,2750,True,,,1.75,0.11,24.0,,,1.75
,,,,,,,,2022,11,5199,True,,,1.14,0.07,13.77,,,1.14
,,,,,,,,2022,11,6557,True,,,0.15,0.01,1.8,,,0.15
,,,,,,,,2022,11,6849,True,,,1.98,0.11,26.57,,,1.98
0.03,0.03,,,,,,,2022,11,6989,True,,,0.47,0.04,5.56,,0.03,0.47
,,,,,,,,2022,11,7757,True,,,3.88,0.24,38.65,,,3.88
,,,,,,,,2022,11,8076,True,,,0.21,0.01,2.03,,,0.21
,,,,,,,,2022,11,8134,True,,,0.98,0.07,11.99,,,0.98
0.06,0.06,,,,,,,2022,11,8144,True,,,4.26,0.41,60.55,,0.06,4.26
,,,,,,,,2022,11,8168,True,,,2.2,0.2,28.79,,,2.2
0.06,0.07,,,,,,2.2,2022,11,1825,True,,,4.21,0.23,45.61,,,4.21
0.05,0.05,,,,,,1.3,2022,11,2197,True,,,4.19,0.27,51.66,,0.05,4.19
0.07,0.07,,,,,,1.21,2022,11,3225,True,,,4.75,0.36,54.26,,,4.75
,,,,,,,,2022,11,3286,True,,,2.8,0.23,33.17,,,2.8
,,,,,,,1.25,2022,11,3634,True,,,1.83,0.1,19.87,,,1.83
,,,,,,,,2022,11,5007,True,,,0.25,,2.38,,,0.25
,,,,,,,,2022,11,5038,True,,,3.67,0.34,51.61,,,3.67
0.08,,,,,,,1.23,2022,11,5137,True,,,1.94,0.16,24.38,,,1.94
,,,,,,,,2022,11,5374,True,,,2.6,0.25,33.4,,,2.6
,,,,,,,,2022,11,5432,True,,,0.23,0.02,2.53,,,0.23
,0.02,,,,,,1.01,2022,11,6149,True,,,3.39,0.29,53.35,,,3.39
,,,,,,,,2022,11,6402,True,,,1.43,0.11,14.74,,,1.43
,,,,,,,,2022,11,6588,True,,,1.22,0.04,10.0,,,1.22
0.07,0.07,,,,0.92,,2.31,2022,11,6794,True,,,7.13,0.7,103.83,,0.07,7.13
,,,,,,,0.74,2022,11,6824,True,,,3.17,0.31,48.09,,,3.17
,,,,,,,0.19,2022,11,6927,True,,,1.68,0.11,23.19,,,1.68
,,,,,,,,2022,11,6957,True,,,1.92,0.19,21.85,,,1.92
0.06,0.06,,,,,,2.17,2022,11,7090,True,,,3.83,0.28,51.78,,0.06,3.83
0.06,0.06,,,,,,0.29,2022,11,7525,True,,,4.4,0.33,60.34,,0.06,4.4
,,,,,,,,2022,11,7587,True,,,0.11,0.01,1.39,,,0.11
,,,,,,,,2022,11,8119,True,,,2.74,0.15,32.41,,,2.74
,,,,,,,,2022,11,8475,True,,,0.63,0.06,6.33,,,0.63
0.06,0.06,,,,,,,2022,11,2309,True,,,4.45,0.39,58.21,,0.06,4.45
,,,,,,,,2022,11,2312,True,,,1.0,0.1,11.42,,,1.0
,,,,,,,,2022,11,2334,True,,,1.03,0.06,11.12,,,1.03
,,,,,,,,2022,11,2673,True,,,2.1,0.15,26.17,,,2.1
0.06,0.06,,,,,,,2022,11,4068,True,,,4.4,0.42,58.77,,0.06,4.4
,,,,,,0.06,3.5,2022,11,4197,True,,,3.21,0.23,34.69,,,3.21
,,,,,,,,2022,11,4218,True,,,0.14,,1.41,,,0.14
0.04,0.04,,,,,,,2022,11,4951,True,,,2.31,0.21,33.01,,0.04,2.31
,,,,,,,,2022,11,5086,True,,,3.5,0.34,46.74,,,3.5
,,,,,,,,2022,11,5880,True,,,3.8,0.27,46.37,,,3.8
0.06,0.06,,,,,,1.19,2022,11,5927,True,,,4.89,0.31,66.37,,0.06,4.89
0.06,0.06,,,,0.88,,0.5,2022,11,5947,True,,,5.18,0.31,54.57,,,5.18
,,,,,,,,2022,11,5965,True,,,0.73,,6.97,,,0.73
,,,,,,,,2022,11,6427,True,,,1.3,0.09,17.29,,,1.3
,,,,,,,0.52,2022,11,6798,True,,,0.66,0.03,8.11,,,0.66
,0.04,,,,,0.07,6.74,2022,11,6847,True,,,3.8,0.29,38.28,,,3.8
,,,,,,,0.37,2022,11,7533,True,,,0.49,0.04,6.63,,,0.49
0.03,0.03,,,,,,1.61,2022,11,7596,True,,,2.1,0.17,26.18,,0.03,2.1
0.08,0.06,,,,1.25,,7.76,2022,11,7606,True,,,4.1,0.32,43.63,,0.08,4.1
,,,,,,,,2022,11,7670,True,,,3.21,0.2,38.0,,,3.21
0.05,0.05,,,,,,,2022,11,8112,True,,,3.69,0.28,44.77,,0.05,3.69
,,,,,,,,2022,11,8180,True,,,0.19,0.02,2.11,,,0.19
0.07,0.06,,,,,,,2022,11,2133,True,,,6.81,0.6,85.97,,0.07,6.81
0.03,0.03,,,,,,,2022,11,4131,True,,,0.86,0.09,11.8,,0.03,0.86
,,,,,,,,2022,11,4177,True,,,3.0,0.3,39.3,,,3.0
,,,,,,,,2022,11,4622,True,,,1.49,0.11,16.78,,,1.49
,,,,,,,,2022,11,4992,True,,,0.95,0.05,9.99,,,0.95
,,,,,,,,2022,11,5323,True,,,0.75,0.06,8.27,,,0.75
,,,,,,,,2022,11,5773,True,,,1.19,0.14,16.35,,,1.19
0.06,0.06,,,,,,2.58,2022,11,5859,True,,,5.17,0.49,74.35,,0.06,5.17
0.1,0.04,,,,,,2.61,2022,11,5937,True,,,4.4,0.24,43.94,,0.05,4.4
0.07,0.07,,,,,,4.53,2022,11,6786,True,,,6.04,0.58,82.63,,0.07,6.04
0.07,0.07,,,,,,,2022,11,6801,True,,,5.68,0.54,77.02,,0.07,5.68
0.07,0.08,,,,,0.07,1.65,2022,11,6814,True,,,1.88,0.15,20.32,,,1.88
0.05,0.05,,,,,,3.03,2022,11,6886,True,,,2.84,0.24,36.15,,0.05,2.84
,,,,,,,,2022,11,6920,True,,,1.02,0.1,11.39,,,1.02
,,,,,,,0.39,2022,11,7066,True,,,2.44,0.17,30.9,,,2.44
,,,,,,,,2022,11,7595,True,,,0.8,0.09,9.69,,,0.8
0.03,0.03,,,,,,,2022,11,8118,True,,,1.52,0.08,16.62,,,1.52
,,,,,,,,2022,11,8137,True,,,3.56,0.37,44.96,,,3.56
0.09,0.06,,,,,,,2022,11,1426,True,,,8.21,0.5,78.0,,,8.21
0.11,0.05,,,,0.78,0.13,18.42,2022,11,5872,True,,,3.89,0.33,52.0,,0.06,3.89
,,,,,,,,2022,11,5970,True,,,0.44,0.03,4.43,,,0.44
0.01,0.01,,,,,,0.35,2022,11,3423,True,,,0.81,0.06,10.04,,,0.81
,,,,,,,,2022,11,7049,True,,,2.28,0.24,26.0,,,2.28
,,,,,,,,2022,11,5096,True,,,0.82,0.07,9.82,,,0.82
0.09,0.05,,,,,0.01,3.3,2022,11,7601,True,,,5.92,0.23,68.0,,,5.92
,,,,,,,,2022,11,830,True,,,1.11,0.09,14.74,,,1.11
0.06,0.06,,,,,,1.0,2022,11,6803,True,,,4.03,0.37,55.49,,0.06,4.03
,,,,,,,,2022,11,8176,True,,,0.27,0.02,3.57,,,0.27
,,,,,,,,2022,11,3202,True,,,1.91,0.15,19.13,1.91,,
,,,,,,,,2022,11,4602,True,,,3.19,0.28,32.77,3.19,,
,,,,,,,,2022,11,111,True,,,0.33,0.02,3.95,0.33,,
,,,,,,,,2022,11,2545,True,,,0.8,0.07,8.0,0.8,,
,,,,,,,,2022,11,7050,True,,,0.78,0.07,8.39,0.78,,
,,,,,,,,2022,11,7131,True,,,0.41,0.04,4.35,0.41,,
,,,,,,,,2022,11,8210,True,,,0.93,0.08,8.55,0.93,,
,,,,,,,,2022,11,4314,True,,,1.04,0.08,9.68,1.04,,
0.08,0.04,0.04,,0.08,4.53,0.23,11.09,2022,11,4381,True,0.04,,0.38,0.08,3.05,0.38,,
,,,,,,,,2022,11,4443,True,,,0.91,0.09,7.24,0.91,,
,,,,,,,,2022,11,4995,True,,,1.03,0.13,11.15,1.03,,
0.13,0.07,,,,,,,2022,11,5012,True,,,5.71,0.54,71.16,5.71,0.07,
0.07,0.07,,,,,,,2022,11,5133,True,,,3.06,0.23,27.99,3.06,0.07,
,,,,,,,,2022,11,6018,True,,,1.12,0.06,10.19,1.12,,
,,,,,,,,2022,11,6040,True,,,0.74,0.08,8.35,0.74,,
,,,,,,,0.31,2022,11,6529,True,,,1.65,,9.9,,,
,,,,,,,,2022,11,6665,True,,,0.64,0.09,5.0,0.64,,
,,,,,,,,2022,11,7106,True,,,0.76,0.13,6.83,0.76,,
,,,,,,,,2022,11,8131,True,,,1.9,0.09,18.47,1.9,,
,,,,,,,,2022,11,2446,True,,,0.56,,5.31,0.56,,
,,,,,,,,2022,11,2755,True,,,0.41,,3.34,0.41,,
0.07,0.07,,,,,,,2022,11,3214,True,,,2.75,0.29,32.47,2.75,0.07,
0.06,0.06,,,,,,,2022,11,3271,True,,,4.7,0.31,43.45,4.7,0.06,
,,,,,,,,2022,11,4973,True,,,3.68,0.31,38.23,3.68,,
0.07,0.06,,,,,,,2022,11,5001,True,,,4.24,0.32,41.84,4.24,0.07,
0.06,0.06,,,,,,,2022,11,5844,True,,,4.55,0.32,46.2,4.55,0.06,
,,,,,,,,2022,11,5906,True,,,2.76,0.27,30.8,2.76,0.05,
,,,,,,,,2022,11,5985,True,,,3.24,0.3,35.48,3.24,,
0.06,0.08,,,,,,,2022,11,6826,True,,,3.47,0.33,34.28,3.47,,
,,,,,,,,2022,11,7536,True,,,0.49,0.07,4.59,0.49,,
,,,,,,,,2022,11,7602,True,,,2.15,0.21,20.59,2.15,,
,,,,,,,,2022,11,8145,True,,,0.27,0.02,2.93,0.27,,
,,,,,,,,2022,11,8170,True,,,0.89,0.09,7.28,0.89,,
,,,,,,,,2022,11,8197,True,,,1.61,0.13,15.0,1.61,,
,,,,,,,,2022,11,8214,True,,,0.27,0.03,2.7,0.27,,
,,,,,,,,2022,11,2460,True,,,1.4,0.12,14.22,1.4,0.06,
,,,,,,,,2022,11,5973,True,,,0.98,0.1,10.92,0.98,,
,,,,,,,,2022,11,6843,True,,,0.21,0.02,2.4,0.21,,
0.11,0.06,,,,,,,2022,11,7553,True,,,3.33,0.28,41.19,3.33,0.06,
,,,,,,,,2022,11,7891,True,,,1.66,0.13,15.93,1.66,,
,,,,,,,,2022,11,8227,True,,,0.4,0.04,3.52,0.4,,
,,,,,,,,2022,11,4033,True,,,3.46,0.33,37.87,3.46,,
,,,,,,,,2022,11,4054,True,,,1.92,0.18,21.38,1.92,,
,,,,,,,,2022,11,4055,True,,,1.43,0.12,14.32,1.43,,
,,,,,,,,2022,11,4144,True,,,1.94,0.19,20.54,1.94,,
,,,,,,,,2022,11,5409,True,,,0.98,0.08,10.33,0.98,0.08,
,,,,,,,,2022,11,6075,True,,,0.18,,1.01,0.18,,
,,,,,,,,2022,11,6850,True,,,1.28,0.12,14.3,1.28,,
,,,,,,,,2022,11,6869,True,,,0.5,0.06,5.36,0.5,,
,,,,,,,,2022,11,7694,True,,,0.79,0.07,7.8,0.79,,
,,,,,,,,2022,11,7716,True,,,1.9,0.09,21.07,1.9,,
,,,,,,,,2022,11,7946,True,,,1.3,0.09,12.18,1.3,,
,,,,,,,,2022,11,1425,True,,,0.68,0.05,7.03,0.68,,
,,,,,,,,2022,11,2146,True,,,1.4,0.12,18.89,1.4,,
,,,,,,,,2022,11,6181,True,,,0.16,,2.0,0.16,,
,,,,,,,,2022,11,6926,True,,,0.8,0.01,5.5,0.8,,
,,,,,,,,2022,11,6956,True,,,0.07,,0.59,0.07,,
,,,,,,,,2022,11,6970,True,,,0.14,,0.71,0.14,,
,,,,,,,,2022,11,7002,True,,,2.61,0.31,26.84,2.61,,
,,,,,,,,2022,11,7554,True,,,3.78,0.28,32.4,3.78,,
,,,,,,,,2022,11,7828,True,,,1.19,0.07,9.8,1.19,,
,,,,,,,,2022,11,8041,True,,,0.51,,5.46,0.51,,
,,,,,,,,2022,11,8177,True,,,1.44,0.11,11.7,1.44,,
0.16,0.07,,,,,,,2022,11,1466,True,,,6.97,0.7,83.0,6.97,0.08,
,,,,,,,,2022,11,2251,True,,,2.4,0.16,25.89,2.4,,
,,,,,,,,2022,11,4189,True,,,0.71,0.05,6.74,0.71,,
,,,,,,,,2022,11,5032,True,,,2.14,0.12,19.53,2.14,,
,,,,,,,,2022,11,6662,True,,,0.86,,6.49,0.86,,
,,,,,,,,2022,11,6894,True,,,0.47,,2.5,0.47,,
0.06,0.06,,,,,,,2022,11,7600,True,,,4.04,0.22,43.46,4.04,0.06,
,,,,,,,,2022,11,8110,True,,,0.77,0.04,7.65,0.77,,
,,,,,,,,2022,11,8172,True,,,3.52,0.32,34.96,3.52,,
,,,,,,,,2022,11,2390,True,,,0.43,0.03,4.17,0.43,,
,,,,,,,,2022,11,7075,True,,,0.07,,1.0,0.07,,
,,,,,,,,2022,11,8130,True,,,3.06,0.24,32.33,3.06,,
,,,,,,,,2022,11,2360,True,,,0.95,0.06,11.04,0.95,,
0.07,0.07,,,,,,,2022,11,4217,True,,,4.52,0.35,53.0,4.52,0.07,
,,,,,,,,2022,11,3496,True,,,1.01,0.08,9.0,1.01,,
,,,,,,,,2022,11,5285,True,,,0.31,0.03,3.6,0.31,,
0.68,0.21,0.07,0.66,2.09,262.71,0.15,15.83,2022,12,3294,True,,,,,,,,
0.55,0.24,0.06,0.8,1.66,243.33,0.07,4.87,2022,12,3163,True,,,,,,,,
0.69,0.3,0.05,0.96,1.24,200.96,0.26,34.2,2022,12,5870,True,,,,,,,,
0.7,0.34,0.14,0.7,2.18,275.5,0.38,38.04,2022,12,4984,True,,,,,,,,
0.7,0.32,0.13,0.72,1.88,278.84,0.04,3.82,2022,12,1166,True,,,,,,,,
0.46,0.23,0.06,0.89,1.33,212.15,0.06,11.64,2022,12,7527,True,,,,,,,,
0.69,0.26,0.13,0.76,1.68,247.02,0.1,7.54,2022,12,1837,True,,,,,,,,
,0.13,,0.88,1.04,174.1,0.02,5.5,2022,12,2549,True,,,,,,,,
1.13,0.31,,0.8,1.15,224.13,0.05,6.86,2022,12,5127,True,,,,,,,,
0.58,0.25,0.12,0.67,1.53,237.1,0.6,57.61,2022,12,6904,True,0.07,,,,,,,
0.35,0.17,0.17,0.7,1.9,246.0,0.07,5.04,2022,12,96,True,,,,,,,,
0.62,0.3,0.13,0.76,1.72,255.97,0.32,30.57,2022,12,5849,True,0.05,,,,,,,
0.61,0.31,,0.79,1.27,213.7,0.08,5.02,2022,12,829,True,,,,,,,,
0.61,0.24,0.12,0.74,1.55,259.44,0.06,3.77,2022,12,2028,True,,,,,,,,
,0.2,,0.82,1.35,228.01,0.04,3.0,2022,12,5089,True,,,,,,,,
0.59,0.22,0.07,0.56,2.02,282.97,0.1,3.62,2022,12,6768,True,,,,,,,,
0.48,0.18,0.12,0.71,1.96,261.69,0.18,10.76,2022,12,6770,True,,,,,,,,
0.52,0.19,0.13,0.7,1.45,191.07,0.16,16.58,2022,12,1049,True,,,,,,,,
0.55,0.25,0.12,0.81,1.58,249.17,0.16,15.49,2022,12,1234,True,,,,,,,,
0.52,0.21,0.06,0.76,1.14,213.29,0.27,36.17,2022,12,2307,True,,,,,,,,
0.52,0.26,,0.74,1.63,206.01,0.04,4.99,2022,12,3257,True,,,,,,,,
0.66,0.31,0.12,0.75,1.77,232.78,0.35,58.74,2022,12,4881,True,0.06,,,,,,,
0.78,0.36,0.13,0.91,1.62,252.74,0.09,11.36,2022,12,7523,True,,,,,,,,
0.26,0.16,,0.59,1.62,245.88,0.18,16.38,2022,12,1373,True,,,,,,,,
0.67,0.27,0.2,0.55,2.42,310.25,0.19,21.86,2022,12,4046,True,,,,,,,,
0.29,0.12,0.18,0.59,1.88,268.44,0.06,1.95,2022,12,167,True,,,,,,,,
1.08,0.25,,0.81,1.6,267.6,0.09,18.06,2022,12,2711,True,,,,,,,,
0.7,0.37,,0.7,1.06,188.03,0.22,17.17,2022,12,4943,True,,,,,,,,
0.56,0.23,0.17,0.92,1.87,254.2,0.12,13.1,2022,12,6797,True,0.04,,,,,,,
0.72,0.36,0.34,0.93,0.99,172.49,0.27,35.85,2022,12,7335,True,,,,,,,,
0.54,0.24,0.06,1.03,1.38,265.0,,5.0,2022,12,24,True,,,,,,,,
0.69,0.3,,0.95,1.04,217.0,0.25,20.0,2022,12,8160,True,,,,,,,,
0.24,0.12,,,,,0.59,73.18,2022,12,4029,True,0.06,2.68,2.68,0.12,21.67,,,
0.08,0.04,,,,,0.35,40.97,2022,12,5890,True,0.04,0.58,0.58,0.02,4.34,,,
,,,,,,0.07,11.61,2022,12,4455,True,,0.94,0.94,,7.71,,,
0.12,0.06,,,,,0.45,59.08,2022,12,7611,True,0.06,3.14,3.14,0.08,22.46,,,
,,,,,,,0.4,2022,12,3832,True,,,0.57,0.05,6.36,,,
0.06,0.06,,,,,0.61,50.59,2022,12,4149,True,,1.15,1.15,0.03,7.59,,,
,,,,,,0.06,11.05,2022,12,5347,True,,0.45,0.45,0.02,3.47,,,
,,,,,,0.19,21.53,2022,12,8138,True,,1.25,1.25,0.03,8.83,,,
0.17,0.11,,,,,0.57,76.87,2022,12,4866,True,,3.4,3.4,0.11,25.7,,,
0.13,0.07,,,,,0.3,51.35,2022,12,5967,True,,3.56,3.56,0.09,25.96,,,
0.03,,,,,,0.03,3.06,2022,12,8800,True,,0.17,0.17,,1.06,,,
0.12,0.06,,,,,0.57,62.05,2022,12,3164,True,0.07,1.73,1.73,0.04,12.57,,,
,,,,,,,0.7,2022,12,7204,True,,,,,,,,
,,,,,,0.21,18.38,2022,12,5131,True,,0.96,0.96,0.01,6.93,,,
0.02,,,,,,0.1,18.21,2022,12,5987,True,,0.73,0.73,0.02,5.51,,,
0.13,0.06,,,,,0.36,54.93,2022,12,6130,True,,3.18,3.18,0.04,22.95,,,
0.1,0.06,,,,,0.19,25.85,2022,12,6790,True,,2.71,2.71,0.08,20.96,,,
,,,,,,0.02,1.77,2022,12,7529,True,,0.14,0.14,,0.73,,,
,,,,,,0.01,1.7,2022,12,2359,True,,1.96,1.96,0.07,14.66,,,
0.11,0.02,,,,,0.12,29.3,2022,12,3242,True,,1.87,1.87,0.04,13.84,,,
0.14,0.07,,,,,0.53,65.02,2022,12,4137,True,0.07,2.97,2.97,0.1,22.69,,,
,0.06,,,,,0.36,53.66,2022,12,4147,True,,3.34,3.34,0.18,24.74,,,
,,,,,,0.19,19.95,2022,12,4152,True,,0.53,0.53,0.01,3.5,,,
,,,,,,,0.4,2022,12,4353,True,,,0.49,,3.94,,,
,,,,,,,1.29,2022,12,4651,True,,0.07,0.07,,0.5,,,
,,,,,,0.02,1.92,2022,12,4718,True,,0.63,0.63,,4.39,,,
0.11,0.06,,,,,0.56,66.97,2022,12,5850,True,,2.8,2.8,0.05,20.32,,,
,,,,,,,,2022,12,6202,True,,,0.13,,1.2,,,
,,,,,,0.11,22.3,2022,12,6918,True,,0.77,0.77,0.01,6.04,,,
,,,,,,0.05,5.08,2022,12,8122,True,,,,,,,,
,,,,,,0.02,1.95,2022,12,8179,True,,0.14,0.14,,0.79,,,
0.09,0.04,,,,,0.23,33.55,2022,12,4098,True,,2.17,2.17,0.08,18.55,,,
0.1,,,,,,0.31,48.39,2022,12,4111,True,,1.39,1.39,0.05,10.72,,,
0.1,0.05,,,,,0.57,71.38,2022,12,4988,True,0.05,2.23,2.23,0.04,17.05,,,
,,,,,,,3.05,2022,12,6109,True,,,0.77,,8.02,,,
,,,,,,0.05,3.28,2022,12,6323,True,,,0.57,,4.58,0.57,0.1,
,0.02,,,,,0.07,8.65,2022,12,7794,True,,1.03,1.03,0.07,7.66,,,
,,,,,,,10.06,2022,12,8189,True,,0.44,0.44,0.02,3.44,,,
,,,,,,0.13,13.7,2022,12,8221,True,,0.84,0.84,,6.0,,,
,0.02,,,,,0.03,12.53,2022,12,1386,True,,2.08,2.08,0.09,13.52,,,
,,,,,,,1.04,2022,12,2471,True,,,0.24,,1.69,,,
0.27,0.14,,,,,0.9,99.84,2022,12,3198,True,0.07,1.58,1.58,0.05,12.07,,,
0.11,0.06,,,,,0.3,59.0,2022,12,4199,True,,3.11,3.11,0.14,23.39,,,
,,,,,,0.1,14.11,2022,12,5052,True,,0.32,0.32,0.05,2.44,,,
,,,,,,0.08,13.37,2022,12,5122,True,,0.34,0.34,,2.19,,,
0.12,0.07,,,,,0.43,67.32,2022,12,5892,True,,2.53,2.53,0.05,19.24,,,
0.06,0.01,,,,,0.06,15.19,2022,12,5980,True,,0.4,0.4,0.01,2.1,,,
,,,,,,0.09,13.84,2022,12,6012,True,,1.44,1.44,0.06,10.76,,,
,0.01,,,,,0.14,19.99,2022,12,6039,True,,1.47,1.47,0.08,10.4,,,
0.09,0.04,,,,,0.21,41.36,2022,12,6828,True,0.04,1.54,1.54,0.04,11.9,,,
,,,,,,0.14,22.64,2022,12,7045,True,,1.63,1.63,,11.18,,,
0.09,0.08,,,,,0.36,50.07,2022,12,7561,True,,1.02,1.02,0.07,8.37,,,
,,,,,,0.05,11.14,2022,12,7567,True,,1.24,1.24,0.02,9.24,,,
,,,,,,0.27,43.54,2022,12,8132,True,,0.56,0.56,0.01,4.14,,,
0.19,0.09,,,,,0.47,71.54,2022,12,8205,True,,1.09,1.09,0.04,8.17,,,
,,,,,,0.05,5.67,2022,12,8255,True,,0.36,0.36,,2.81,,,
,,,,,,0.02,2.67,2022,12,1034,True,,0.41,0.41,,3.12,,,
,,,,,,,2.4,2022,12,1379,True,,,1.01,0.06,9.0,,,
0.11,0.06,,,,,0.31,56.16,2022,12,1535,True,,1.75,1.75,0.05,13.87,,,
,0.04,,,,,0.23,30.58,2022,12,2161,True,,3.4,3.4,0.14,25.77,,,
,0.07,,,,,0.57,76.87,2022,12,5284,True,,2.32,2.32,0.04,17.52,,,
,,,,,,0.01,1.71,2022,12,6694,True,,0.3,0.3,,2.39,,,
,0.01,,,,,0.08,14.48,2022,12,6996,True,,1.07,1.07,0.01,8.3,,,
0.18,0.08,,,,,0.37,69.12,2022,12,7543,True,,3.32,3.32,0.13,26.82,,,
0.17,0.09,,,,,0.4,65.14,2022,12,7607,True,,3.12,3.12,0.14,24.1,,,
,,,,,,0.03,2.76,2022,12,7809,True,,0.18,0.18,,1.34,,,
,,,,,,0.05,6.8,2022,12,8139,True,,0.15,0.15,,1.21,,,
0.14,0.06,,,,,0.72,77.37,2022,12,8151,True,,2.16,2.16,0.04,16.77,,,
,,,,,,0.36,57.76,2022,12,8154,True,,0.63,0.63,0.02,4.98,,,
,,,,,,,,2022,12,8223,True,,,0.31,0.03,3.67,,,0.31
0.03,,,,,,0.12,17.37,2022,12,956,True,,0.74,0.74,0.02,5.45,,,
,0.06,,,,,0.47,58.08,2022,12,1476,True,,2.4,2.4,0.06,16.66,,,
,,,,,,0.01,1.55,2022,12,3391,True,,,,,,,,
0.11,0.06,,,,,0.43,55.88,2022,12,4035,True,0.05,4.25,4.25,0.13,33.11,,,
0.13,0.07,,,,,0.48,62.83,2022,12,4663,True,,4.57,4.57,0.22,36.85,,,
0.13,0.06,,,,,0.5,78.16,2022,12,6151,True,,1.32,1.32,0.04,9.0,,,
,,,,,,0.1,16.06,2022,12,6885,True,,1.21,1.21,0.01,7.79,,,
0.09,0.05,,,,,0.33,44.44,2022,12,6938,True,,1.19,1.19,0.02,8.67,,,
,,,,,,0.01,1.24,2022,12,8123,True,,,,,,,,
,,,,,,0.38,70.66,2022,12,8129,True,,1.85,1.85,0.05,14.06,,,
,0.02,,,,,0.21,34.59,2022,12,8150,True,,2.32,2.32,0.05,17.61,,,
0.04,0.02,,,,,0.08,13.95,2022,12,8153,True,,0.25,0.25,0.01,1.75,,,
,,,,,,0.03,3.3,2022,12,8195,True,,0.32,0.32,,2.7,,,
,,,,,,0.03,6.4,2022,12,1387,True,,1.7,1.7,0.05,12.15,,,
,,,,,,,0.32,2022,12,2073,True,,,0.23,,1.91,,,
0.12,0.05,,,,,0.61,62.06,2022,12,4034,True,,4.46,4.46,0.13,35.62,,,
0.14,0.02,,,,,0.45,69.11,2022,12,5248,True,,0.41,0.41,0.01,3.38,,,
,,,,,,0.04,9.22,2022,12,5536,True,,2.15,2.15,0.1,16.51,,,
,,,,,,0.03,16.54,2022,12,5995,True,,1.04,1.04,0.01,8.13,,,
,,,,,,0.05,15.91,2022,12,6144,True,,0.29,0.29,0.01,2.16,,,
,,,,,,0.01,0.82,2022,12,6931,True,,0.33,0.33,,2.32,,,
0.14,0.07,,,,,0.32,49.68,2022,12,6945,True,0.06,3.48,3.48,0.12,26.88,,,
0.17,,,,,,0.17,29.11,2022,12,7594,True,,1.61,1.61,0.04,11.52,,,
,,,,,,0.1,9.55,2022,12,7741,True,,0.11,0.11,,0.99,,,
,0.04,,,,,0.47,67.1,2022,12,8136,True,,2.57,2.57,0.08,19.38,,,
,,,,,,,1.59,2022,12,8143,True,,,,,,,,
,,,,,,,,2022,12,8428,True,,,0.86,0.04,4.2,,,
,,,,,,,0.25,2022,12,8820,True,,,0.28,,1.93,,,
,,,,,,,0.24,2022,12,3354,True,,,,,,,,
0.18,0.06,,,,,0.52,81.0,2022,12,6813,True,0.12,2.99,2.99,0.07,23.43,,,
,,,,,,0.07,11.0,2022,12,7551,True,,2.02,2.02,0.04,14.53,,,
,,,,,,0.12,11.98,2022,12,6156,True,,0.42,0.42,,3.06,,,
,,,,,,0.07,5.88,2022,12,6845,True,,0.24,0.24,0.03,1.71,,,
0.11,0.05,,,,,0.4,67.48,2022,12,7528,True,0.06,2.81,2.81,0.1,20.32,,,
,,,,,,,2.83,2022,12,8181,True,,,0.69,,5.0,0.69,,
0.06,0.06,,,,,,,2022,12,1689,True,,,4.67,0.37,50.57,,0.06,4.67
0.04,0.05,,,,,,,2022,12,4131,True,,,1.36,0.14,18.59,,0.04,1.36
,,,,,,,,2022,12,8180,True,,,0.19,0.02,2.1,,,0.19
,,,,,,,,2022,12,4171,True,,,2.71,0.26,35.39,,,2.71
,,,,,,,,2022,12,8188,True,,,2.39,0.2,27.86,,,2.39
,,,,,,0.05,3.28,2022,12,4197,True,,,3.01,0.21,32.53,,,3.01
,,,,,,,1.08,2022,12,6149,True,,,3.6,0.3,62.11,,,3.6
0.06,0.06,,,,0.87,,2.27,2022,12,6794,True,,,6.98,0.7,101.75,,0.06,6.98
,,,,,,,0.52,2022,12,6798,True,,,0.66,0.03,8.08,,,0.66
0.07,0.07,,,,,,0.87,2022,12,6943,True,,,4.44,0.51,62.9,,0.07,4.44
,,,,,,,0.39,2022,12,7066,True,,,2.43,0.17,30.76,,,2.43
0.08,0.08,,,,,,,2022,12,2449,True,,,7.99,0.75,101.88,,0.08,7.99
0.04,0.05,,,,,,,2022,12,4951,True,,,2.14,0.19,30.69,,0.04,2.14
,,,,,,,,2022,12,5038,True,,,4.03,0.37,56.59,,,4.03
,0.02,,,,,,,2022,12,6920,True,,,1.6,0.12,17.71,,,1.6
,,,,,,,,2022,12,8134,True,,,1.05,0.07,12.77,,,1.05
0.05,0.05,,,,,,0.62,2022,12,2325,True,,,1.2,0.1,18.89,,,1.2
,,,,,,,,2022,12,3445,True,,,0.89,0.09,10.53,,,0.89
,,,,,,,1.99,2022,12,3634,True,,,2.9,0.15,31.5,,,2.9
,,,,,,,,2022,12,4234,True,,,2.23,0.17,26.54,,,2.23
,,,,,0.54,,1.41,2022,12,4454,True,,,0.96,0.09,12.04,,,0.96
0.06,0.06,,,,0.86,,0.49,2022,12,5947,True,,,5.04,0.31,53.12,,,5.04
,,,,,,,,2022,12,6154,True,,,0.73,0.05,8.18,,,0.73
,,,,,,,,2022,12,6588,True,,,0.75,,6.1,,,0.75
0.08,0.08,,,,,,4.94,2022,12,6786,True,,,6.58,0.63,89.94,,0.08,6.58
,,,,,,,,2022,12,2319,True,,,2.38,0.21,32.1,,,2.38
0.09,,,,,,,1.41,2022,12,5137,True,,,2.24,0.18,28.17,,,2.24
0.07,0.07,,,,,,4.15,2022,12,7547,True,,,6.53,0.34,71.5,,0.07,6.53
0.09,0.09,,,,,,,2022,12,1426,True,,,7.63,0.53,80.2,,,7.63
0.07,0.08,,,,,,,2022,12,1479,True,,,6.03,0.44,71.42,,0.07,6.03
,,,,,,,,2022,12,1817,True,,,1.48,0.1,18.84,,,1.48
0.06,0.07,,,,,,,2022,12,2309,True,,,4.95,0.4,64.54,,0.06,4.95
,,,,,,0.09,16.22,2022,12,4082,True,,,3.37,0.22,34.4,,0.04,3.37
,,,,,,,,2022,12,4177,True,,,3.23,0.34,45.51,,,3.23
0.06,0.06,,,,,,1.33,2022,12,4950,True,,,4.59,0.4,56.94,,0.06,4.59
,,,,,,,,2022,12,4992,True,,,0.8,0.04,8.38,,,0.8
,,,,,,,,2022,12,5086,True,,,3.26,0.3,42.08,,,3.26
,,,,,,,,2022,12,5323,True,,,0.63,0.05,6.93,,,0.63
0.05,0.06,,,,,,0.89,2022,12,5848,True,,,3.66,0.26,45.21,,,3.66
,,,,,,,,2022,12,6290,True,,,1.35,0.11,16.35,,,1.35
,,,,,,,,2022,12,6598,True,,,1.96,0.16,19.42,,,1.96
,,,,,,,,2022,12,7049,True,,,2.34,0.24,26.64,,,2.34
,,,,,,,,2022,12,7210,True,,,2.67,0.24,40.8,,,2.67
,,,,,,,,2022,12,7565,True,,,3.1,0.23,44.2,,,3.1
0.06,0.06,,,,,,,2022,12,7569,True,,,3.62,0.26,46.41,,,3.62
,,,,,,,,2022,12,7989,True,,,0.57,,5.49,,,0.57
,,,,,,,,2022,12,8167,True,,,3.82,0.44,45.06,,,3.82
,,,,,,,,2022,12,8416,True,,,0.94,0.06,9.71,,,0.94
,,,,,,,,2022,12,2312,True,,,0.55,0.05,6.16,,,0.55
,,,,,,,,2022,12,3269,True,,,2.46,0.2,31.45,,,2.46
,,,,,,,,2022,12,3286,True,,,3.3,0.32,38.99,,,3.3
,,,,,,,,2022,12,3328,True,,,0.1,0.0,1.31,,,0.1
,,,,,,,,2022,12,4420,True,,,0.24,,2.18,,,0.24
,,,,,,,,2022,12,5374,True,,,2.29,0.27,30.1,,,2.29
,,,,,,,,2022,12,5432,True,,,0.63,0.05,6.7,,,0.63
0.05,0.05,,,,,,1.99,2022,12,7090,True,,,3.5,0.27,51.23,,0.05,3.5
,,,,,,,,2022,12,7587,True,,,0.12,0.01,1.45,,,0.12
,,,,,,,,2022,12,7757,True,,,3.86,0.23,38.54,,,3.86
,,,,,,,,2022,12,8013,True,,,0.06,0.01,0.74,,,0.06
,,,,,,,,2022,12,8076,True,,,0.74,,7.13,,,0.74
0.03,0.1,,,,,,,2022,12,8118,True,,,1.93,0.12,20.66,,,1.93
0.06,0.06,,,,,,,2022,12,8135,True,,,3.77,0.33,49.3,,0.06,3.77
,,,,,,,,2022,12,8176,True,,,0.49,0.04,6.43,,,0.49
,,,,,,,,2022,12,830,True,,,3.06,0.2,41.21,,,3.06
,,,,,,,,2022,12,8475,True,,,0.82,0.08,8.35,,,0.82
0.05,0.05,,,,,,,2022,12,1067,True,,,2.91,0.21,35.42,,,2.91
,,,,,,,,2022,12,1346,True,,,1.92,0.16,28.32,,,1.92
0.06,0.06,,,,,,2.02,2022,12,1825,True,,,3.86,0.24,41.82,,,3.86
0.04,0.04,,,,,,1.14,2022,12,2197,True,,,3.69,0.22,45.66,,0.04,3.69
0.07,0.08,,,,,,1.28,2022,12,3225,True,,,5.08,0.39,58.08,,,5.08
0.08,0.08,,,,,0.04,4.7,2022,12,3321,True,,,7.36,0.66,100.15,,0.08,7.36
0.07,0.07,,,,,,0.89,2022,12,4037,True,,,5.83,0.44,70.61,,0.07,5.83
0.07,0.07,,,,,,1.95,2022,12,4040,True,,,5.43,0.36,64.37,,0.07,5.43
,,,,,,,1.48,2022,12,4198,True,,,0.6,0.04,6.73,,,0.6
,,,,,,,,2022,12,4218,True,,,0.84,0.02,8.52,,,0.84
,,,,,,,0.4,2022,12,4319,True,,,1.08,0.06,12.06,,,1.08
,,,,,,,,2022,12,4622,True,,,2.41,0.19,27.22,,,2.41
,,,,,,,0.55,2022,12,5096,True,,,0.71,0.07,8.45,,,0.71
0.02,0.02,,,,,,0.32,2022,12,5113,True,,,0.83,0.07,10.18,,,0.83
,,,,,,,,2022,12,6069,True,,,0.12,,1.3,,,0.12
0.07,0.07,,,,,,,2022,12,6801,True,,,5.57,0.6,75.61,,0.07,5.57
0.07,0.07,,,,,,2.23,2022,12,6803,True,,,4.48,0.41,61.72,,0.07,4.48
,,,,,,,0.67,2022,12,6824,True,,,3.1,0.3,46.75,,,3.1
,0.02,,,,,0.05,4.97,2022,12,6847,True,,,2.81,0.25,30.73,,,2.81
,,,,,,,,2022,12,6849,True,,,1.8,0.1,24.06,,,1.8
0.03,0.04,,,,,,1.57,2022,12,7596,True,,,2.03,0.17,25.36,,0.03,2.03
,,,,,,,,2022,12,7603,True,,,2.47,0.11,23.81,,,2.47
0.07,0.07,,,,,,,2022,12,8146,True,,,4.71,0.37,56.53,,0.07,4.71
,,,,,,,,2022,12,8527,True,,,0.43,,4.42,,,0.43
0.07,0.07,,,,,,,2022,12,2133,True,,,7.54,0.7,95.03,,0.07,7.54
,,,,,,,,2022,12,2331,True,,,0.69,0.06,8.87,,,0.69
,,,,,,,,2022,12,2334,True,,,0.91,0.06,9.86,,,0.91
,,,,,,,,2022,12,2673,True,,,1.76,0.13,21.94,,,1.76
0.06,0.06,,,,,,4.36,2022,12,4983,True,,,4.07,0.23,52.4,,0.06,4.07
,,,,,,,,2022,12,5773,True,,,0.99,0.12,13.68,,,0.99
0.06,0.06,,,,,,,2022,12,5859,True,,,5.24,0.5,75.33,,0.06,5.24
0.07,0.07,,,,,,1.24,2022,12,5927,True,,,5.09,0.37,69.03,,0.07,5.09
,,,,,,,0.53,2022,12,6853,True,,,3.35,0.27,41.68,,,3.35
,,,,,,,0.2,2022,12,6927,True,,,1.7,0.11,23.48,,,1.7
,,,,,,,,2022,12,7562,True,,,0.75,0.07,10.19,,,0.75
0.05,0.05,,,,,,,2022,12,8144,True,,,3.97,0.38,56.54,,0.05,3.97
,,,,,,,,2022,12,928,True,,,3.4,0.2,35.19,,,3.4
0.05,0.05,,,,,0.05,1.9,2022,12,1352,True,,,2.76,0.18,31.98,,,2.76
,,,,,,,,2022,12,147,True,,,1.57,0.1,19.22,,,1.57
0.07,0.07,,,,,,0.42,2022,12,2216,True,,,5.21,0.46,73.75,,0.07,5.21
0.07,0.07,,,,,,,2022,12,2374,True,,,4.99,0.42,65.87,,0.07,4.99
,,,,,,,0.62,2022,12,4080,True,,,4.2,0.22,46.08,,,4.2
0.07,0.07,,,,,,,2022,12,5026,True,,,0.71,0.07,8.51,,,0.71
,,,,,,0.02,1.41,2022,12,5121,True,,,0.83,0.06,8.46,,,0.83
,,,,,,,,2022,12,5154,True,,,2.3,0.3,23.79,,,2.3
0.12,0.06,,,,0.86,0.16,21.3,2022,12,5872,True,,,4.23,0.31,51.86,,0.06,4.23
,,,,,,,0.42,2022,12,6271,True,,,1.82,0.12,24.04,,,1.82
,,,,,,,,2022,12,6957,True,,,1.7,0.17,19.32,,,1.7
0.14,0.07,,,,,,2.39,2022,12,7526,True,,,6.03,0.46,76.82,,0.07,6.03
,,,,,,,1.34,2022,12,7670,True,,,4.96,0.34,54.3,,,4.96
0.05,0.05,,,,,,,2022,12,8112,True,,,3.7,0.28,44.88,,0.05,3.7
,,,,,,,,2022,12,8119,True,,,3.42,0.21,40.33,,,3.42
,,,,,,,,2022,12,8168,True,,,2.61,0.22,34.33,,,2.61
,,,,,,,,2022,12,8745,True,,,0.91,0.07,10.11,,,0.91
,,,,,,,3.18,2022,12,2750,True,,,2.53,0.29,34.56,,,2.53
0.02,0.02,,,,,,0.48,2022,12,3423,True,,,1.12,0.08,14.12,,,1.12
,,,,,,,,2022,12,4036,True,,,2.96,0.28,43.07,,0.07,2.96
,,,,,,,,2022,12,4854,True,,,1.05,0.21,11.42,,,1.05
0.06,0.06,,,,,,,2022,12,5045,True,,,4.43,0.33,60.81,,0.06,4.43
,,,,,,,1.02,2022,12,5185,True,,,4.07,0.48,55.99,,,4.07
,,,,,,,,2022,12,5199,True,,,0.95,0.06,11.54,,,0.95
,,,,,,,5.87,2022,12,5695,True,,,1.73,0.12,16.89,,,1.73
0.06,0.06,,,,,,1.15,2022,12,5846,True,,,4.71,0.45,67.9,,0.06,4.71
0.06,0.06,,,,,0.06,4.9,2022,12,6814,True,,,1.57,0.13,16.97,,,1.57
0.04,0.04,,,,,0.01,2.6,2022,12,6886,True,,,2.44,0.22,31.05,,0.04,2.44
,,,,,,,,2022,12,7496,True,,,2.25,0.13,28.98,,,2.25
0.06,0.06,,,,,,0.3,2022,12,7525,True,,,4.4,0.36,60.28,,0.06,4.4
,,,,,,,0.36,2022,12,7533,True,,,0.48,0.03,6.51,,,0.48
,,,,,,,,2022,12,7595,True,,,0.71,0.08,8.56,,,0.71
,,,,,,,,2022,12,8235,True,,,0.68,,7.05,,,0.68
,,,,,,,,2022,12,8676,True,,,0.79,0.09,10.56,,,0.79
,,,,,,,,2022,12,947,True,,,3.19,0.31,37.94,,,3.19
,,,,,,,,2022,12,6402,True,,,1.38,0.11,14.24,,,1.38
,,,,,,,,2022,12,5880,True,,,4.83,0.34,51.96,,,4.83
,,,,,,,,2022,12,8137,True,,,3.99,0.3,53.0,,,3.99
0.09,0.05,,,,,,2.53,2022,12,5937,True,,,4.26,0.23,42.46,,0.05,4.26
0.07,0.07,,,,,,2.18,2022,12,6819,True,,,6.13,0.3,68.0,,0.07,6.13
,,,,,,,,2022,12,8142,True,,,2.91,0.24,42.0,,,2.91
,,,,,,,,2022,12,6699,True,,,0.3,,3.0,,,0.3
,,,,,,,,2022,12,6427,True,,,1.4,0.09,18.59,,,1.4
,,,,,,,0.26,2022,12,6529,True,,,0.45,,2.72,,,
,,,,,,,,2022,12,8170,True,,,0.93,0.09,7.62,0.93,,
,,,,,,,,2022,12,8197,True,,,1.13,0.09,10.57,1.13,,
0.06,0.06,,,,,,,2022,12,5001,True,,,4.02,0.31,41.44,4.02,0.06,
0.07,0.07,,,,,,,2022,12,5844,True,,,4.7,0.33,47.74,4.7,0.07,
,,,,,,,,2022,12,5906,True,,,3.89,0.34,40.34,3.89,0.08,
,,,,,,,,2022,12,7106,True,,,0.84,0.12,15.65,0.84,,
,,,,,,,,2022,12,5409,True,,,0.96,0.08,10.14,0.96,0.08,
,,,,,,,,2022,12,7891,True,,,1.67,0.08,15.94,1.67,,
,,,,,,,,2022,12,8041,True,,,0.53,,5.71,0.53,,
0.07,0.07,,,,,,,2022,12,3214,True,,,2.53,0.27,29.81,2.53,0.07,
,,,,,,,,2022,12,4144,True,,,1.49,0.14,15.78,1.49,,
,,,,,,,,2022,12,4314,True,,,1.04,0.08,9.64,1.04,,
,,,,,,,,2022,12,7536,True,,,0.52,0.07,4.88,0.52,,
,,,,,,,,2022,12,8110,True,,,0.84,0.04,8.39,0.84,,
,,,,,,,,2022,12,111,True,,,0.31,0.02,3.66,0.31,,
0.09,0.04,0.05,,0.09,5.58,0.33,22.81,2022,12,4381,True,0.05,,0.47,0.09,3.73,0.47,,
,,,,,,,,2022,12,4435,True,,,0.58,0.04,6.04,0.58,,
,,,,,,,,2022,12,6850,True,,,2.24,0.15,24.86,2.24,,
,,,,,,,,2022,12,6894,True,,,0.47,,2.51,0.47,,
,,,,,,,,2022,12,7050,True,,,0.78,0.08,8.35,0.78,,
,,,,,,,,2022,12,8111,True,,,2.59,0.16,27.12,2.59,,
,,,,,,,,2022,12,2460,True,,,1.37,0.12,13.9,1.37,0.06,
,,,,,,,,2022,12,2545,True,,,0.59,0.05,4.59,0.59,,
,,,,,,,,2022,12,4602,True,,,2.81,0.25,28.84,2.81,,
,,,,,,,,2022,12,5985,True,,,3.25,0.3,35.67,3.25,,
,,,,,,,,2022,12,6665,True,,,0.65,0.09,7.29,0.65,,
0.04,0.04,,,,,,,2022,12,6826,True,,,2.56,0.2,25.36,2.56,,
,,,,,,,,2022,12,6865,True,,,1.45,0.24,13.53,1.45,,
,,,,,,,,2022,12,7075,True,,,0.07,,0.29,0.07,,
,,,,,,,,2022,12,7531,True,,,0.32,0.02,3.56,0.32,,
,,,,,,,,2022,12,7828,True,,,1.79,0.11,15.01,1.79,,
,,,,,,,,2022,12,7946,True,,,1.98,0.14,18.2,1.98,,
,,,,,,,,2022,12,8130,True,,,3.15,0.22,30.04,3.15,,
,,,,,,,,2022,12,2251,True,,,3.12,0.21,33.59,3.12,,
,,,,,,,,2022,12,3496,True,,,0.72,0.02,4.58,0.72,,
,,,,,,,,2022,12,4443,True,,,0.7,0.06,5.56,0.7,,
0.14,0.07,,,,,,,2022,12,5012,True,,,6.17,0.58,76.84,6.17,0.07,
,,,,,,,,2022,12,5032,True,,,1.71,,15.52,1.71,,
0.07,0.07,,,,,,,2022,12,5133,True,,,2.96,0.22,27.1,2.96,0.07,
,,,,,,,,2022,12,6040,True,,,0.41,0.04,4.0,0.41,,
,,,,,,,,2022,12,6970,True,,,0.16,,0.82,0.16,,
,,,,,,,,2022,12,7002,True,,,2.63,0.32,26.98,2.63,,
,,,,,,,,2022,12,7716,True,,,1.31,0.06,14.45,1.31,,
,,,,,,,,2022,12,7842,True,,,0.46,,3.5,0.46,,
,,,,,,,,2022,12,8177,True,,,0.95,0.11,7.8,0.95,,
,,,,,,,,2022,12,8849,True,,,0.06,,0.36,0.06,,
,,,,,,,,2022,12,4055,True,,,1.45,0.13,14.59,1.45,,
0.07,0.07,,,,,,,2022,12,4217,True,,,4.74,0.37,54.68,4.74,0.07,
,,,,,,,,2022,12,4995,True,,,1.28,0.16,13.98,1.28,,
,,,,,,,,2022,12,5008,True,,,1.29,0.11,12.52,1.29,,
,,,,,,,,2022,12,5010,True,,,2.27,0.23,23.17,2.27,,
,,,,,,,,2022,12,5973,True,,,1.6,0.15,17.73,1.6,,
,,,,,,,,2022,12,6075,True,,,0.2,,1.1,0.2,,
,,,,,,,,2022,12,6662,True,,,1.37,0.07,10.17,1.37,,
,,,,,,,,2022,12,6956,True,,,0.07,,0.59,0.07,,
,,,,,,,,2022,12,7131,True,,,0.57,0.06,6.02,0.57,,
,,,,,,,,2022,12,7554,True,,,1.5,0.1,12.7,1.5,,
,,,,,,,,2022,12,7694,True,,,0.91,0.08,8.93,0.91,,
,,,,,,,,2022,12,8145,True,,,0.32,0.02,3.47,0.32,,
,,,,,,,,2022,12,8172,True,,,3.03,0.25,30.09,3.03,,
,,,,,,,,2022,12,8210,True,,,1.59,0.15,14.69,1.59,,
,,,,,,,,2022,12,8484,True,,,0.6,,5.64,0.6,,
,,,,,,,,2022,12,1425,True,,,0.57,0.04,5.89,0.57,,
,,,,,,,,2022,12,2146,True,,,0.63,,5.35,0.63,,
,,,,,,,,2022,12,2446,True,,,1.8,0.14,17.18,1.8,,
,,,,,,,,2022,12,3048,True,,,0.21,,2.36,0.21,0.07,
,,,,,,,,2022,12,4089,True,,,3.6,0.32,40.36,3.6,,
,,,,,,,,2022,12,4973,True,,,3.5,0.26,36.3,3.5,,
,,,,,,,,2022,12,5285,True,,,0.72,0.07,8.32,0.72,,
0.09,0.09,,,,,,,2022,12,5857,True,,,2.46,0.26,29.38,2.46,,
,,,,,,,,2022,12,6181,True,,,0.14,,1.68,0.14,,
,,,,,,,,2022,12,8227,True,,,0.78,0.09,6.85,0.78,,
0.16,0.08,,,,,,,2022,12,1466,True,,,6.69,0.69,81.68,6.69,0.08,
,,,,,,,,2022,12,2214,True,,,2.08,0.2,21.92,2.08,,
,,,,,,,,2022,12,2755,True,,,0.37,,3.05,0.37,,
,,,,,,,,2022,12,3202,True,,,2.3,0.17,23.11,2.3,,
0.05,0.05,,,,,,,2022,12,3271,True,,,4.57,0.29,42.17,4.57,0.05,
,,,,,,,,2022,12,4033,True,,,3.23,0.31,35.32,3.23,,
,,,,,,,,2022,12,4066,True,,,3.76,0.2,36.93,3.76,,
,,,,,,,,2022,12,4189,True,,,0.65,0.05,6.15,0.65,,
,,,,,,,,2022,12,4741,True,,,0.48,0.03,4.82,0.48,,
0.07,0.07,,,,,,,2022,12,4993,True,,,2.89,0.22,34.41,2.89,0.07,
,,,,,,,,2022,12,6869,True,,,1.09,0.12,11.61,1.09,,
,,,,,,,,2022,12,8214,True,,,0.28,0.03,2.81,0.28,,
,,,,,,,,2022,12,8219,True,,,2.19,0.21,23.22,2.19,,
,,,,,,,,2022,12,6018,True,,,1.08,0.06,9.0,1.08,,
,,,,,,,,2022,12,4054,True,,,1.72,0.16,19.16,1.72,,
0.07,0.08,,,,,,,2022,12,7600,True,,,4.72,0.3,50.93,4.72,0.07,
0.47,0.25,0.06,0.9,1.3,220.1,0.06,11.0,2022,13,7527,True,,,,,,,,
0.63,0.31,0.13,1.0,1.9,276.0,0.38,45.0,2022,13,4984,True,,,,,,,,
,0.2,,0.8,1.11,160.45,0.07,11.34,2022,13,5806,True,,,,,,,,
0.47,0.18,0.06,0.75,1.72,266.65,0.1,8.8,2022,13,6768,True,,,,,,,,
0.52,0.26,0.12,0.94,1.48,257.12,0.15,14.46,2022,13,1234,True,,,,,,,,
0.27,0.14,,0.55,1.74,241.27,0.17,16.1,2022,13,1373,True,,,,,,,,
0.45,0.4,0.05,0.98,1.12,228.0,0.1,6.0,2022,13,24,True,,,,,,,,
0.71,0.32,0.13,0.77,1.79,235.15,0.37,61.31,2022,13,4881,True,0.06,,,,,,,
1.29,0.35,,0.65,1.31,231.06,0.06,7.78,2022,13,5127,True,,,,,,,,
0.77,0.25,0.06,0.86,1.42,228.01,0.23,31.68,2022,13,5870,True,,,,,,,,
0.54,0.21,0.16,0.6,2.22,285.59,0.12,12.66,2022,13,6797,True,0.04,,,,,,,
0.51,0.27,0.11,0.71,1.63,252.36,0.55,55.6,2022,13,6904,True,0.06,,,,,,,
0.72,0.33,0.13,0.74,1.96,270.64,0.04,3.99,2022,13,1166,True,,,,,,,,
0.9,0.25,,0.87,1.3,216.3,0.1,17.14,2022,13,2711,True,,,,,,,,
0.71,0.22,0.07,0.63,1.82,253.0,0.14,15.22,2022,13,3294,True,,,,,,,,
0.94,0.32,0.16,0.66,1.81,251.91,0.26,23.99,2022,13,4017,True,0.13,,,,,,,
0.52,0.27,0.05,0.78,1.04,168.34,0.43,70.44,2022,13,7591,True,0.07,,,,,,,
0.52,0.21,0.13,0.75,1.56,239.19,0.16,16.2,2022,13,1049,True,,,,,,,,
0.77,0.35,0.15,0.97,1.86,277.89,0.1,7.42,2022,13,1837,True,,,,,,,,
0.83,0.38,0.14,0.71,1.99,270.82,0.16,17.67,2022,13,7523,True,,,,,,,,
0.36,0.18,0.18,0.36,2.02,251.31,0.08,4.77,2022,13,96,True,,,,,,,,
0.55,0.2,0.06,0.77,1.16,217.09,0.29,39.97,2022,13,2307,True,,,,,,,,
,0.25,,1.1,1.18,215.37,0.03,7.09,2022,13,5089,True,,,,,,,,
0.65,0.25,0.13,0.65,1.75,263.76,0.06,3.99,2022,13,2028,True,,,,,,,,
0.6,0.25,0.07,0.77,1.78,261.95,0.13,9.21,2022,13,3163,True,,,,,,,,
0.67,0.27,0.2,0.65,2.44,312.61,0.19,21.0,2022,13,4046,True,,,,,,,,
0.53,0.2,0.13,0.8,2.21,294.16,0.19,11.39,2022,13,6770,True,,,,,,,,
0.08,0.04,0.03,0.06,0.06,11.27,0.11,8.81,2022,13,7335,True,,,,,,,,
0.77,0.34,,0.86,1.5,234.4,0.29,25.63,2022,13,8160,True,,,,,,,,
0.32,0.13,0.19,0.7,1.7,285.0,0.06,2.04,2022,13,167,True,,,,,,,,
0.58,0.29,,0.85,1.2,207.11,0.08,5.02,2022,13,829,True,,,,,,,,
,,,,,,,0.61,2022,13,7204,True,,,,,,,,
,,,,,,0.07,9.59,2022,13,8174,True,,0.21,0.21,,1.57,,,
,,,,,,0.02,4.0,2022,13,5347,True,,0.79,0.79,0.04,6.05,,,
0.11,0.06,,,,,0.32,50.0,2022,13,6130,True,,2.77,2.77,0.06,20.0,,,
0.13,0.07,,,,,0.4,63.26,2022,13,7611,True,0.06,4.7,4.7,0.13,33.56,,,
,,,,,,0.03,5.09,2022,13,8116,True,,0.23,0.23,0.02,1.7,,,
,,,,,,0.15,17.87,2022,13,8138,True,,0.79,0.79,0.02,10.0,,,
,,,,,,,2.36,2022,13,1379,True,,,1.0,0.06,8.85,,,
,,,,,,,0.26,2022,13,3354,True,,,,,,,,
,,,,,,,0.42,2022,13,3832,True,,,0.59,0.05,6.64,,,
,,,,,,0.09,13.56,2022,13,5052,True,,0.3,0.3,0.04,2.34,,,
,,,,,,0.05,8.73,2022,13,5122,True,,0.33,0.33,,2.15,,,
0.14,0.07,,,,,0.43,67.7,2022,13,5892,True,,2.95,2.95,0.08,22.32,,,
,,,,,,0.01,3.02,2022,13,5995,True,,0.32,0.32,,2.54,,,
,,,,,,0.12,19.04,2022,13,7045,True,,1.0,1.0,,6.82,,,
0.18,0.09,,,,,0.5,74.0,2022,13,7543,True,,2.54,2.54,0.11,20.55,,,
,,,,,,0.1,13.24,2022,13,7567,True,,1.21,1.21,0.02,9.05,,,
,,,,,,0.02,1.22,2022,13,7794,True,,0.39,0.39,0.03,2.84,,,
,,,,,,,1.81,2022,13,8143,True,,,,,,,,
0.15,0.07,,,,,0.75,77.38,2022,13,8151,True,,2.64,2.64,0.11,20.48,,,
0.04,0.02,,,,,0.08,13.49,2022,13,8153,True,,0.78,0.78,0.03,5.34,,,
,,,,,,,3.72,2022,13,8181,True,,,0.9,,7.31,0.9,,
0.16,0.08,,,,,0.44,61.37,2022,13,8205,True,,1.05,1.05,0.04,7.85,,,
,,,,,,0.15,19.39,2022,13,8228,True,,1.43,1.43,,10.48,,,
,,,,,,,1.0,2022,13,2471,True,,,0.23,,1.63,,,
0.25,0.13,,,,,0.81,92.0,2022,13,3198,True,0.06,1.85,1.85,0.05,17.0,,,
0.11,0.06,,,,,0.53,55.67,2022,13,4199,True,,3.09,3.09,0.2,23.2,,,
0.14,,,,,,0.43,65.07,2022,13,5248,True,,0.63,0.63,0.01,5.14,,,
,,,,,,0.02,10.5,2022,13,6144,True,,0.69,0.69,0.01,5.03,,,
,,,,,,,5.92,2022,13,6878,True,,0.44,0.44,,3.26,,,
,0.01,,,,,0.22,21.37,2022,13,6996,True,,1.15,1.15,0.05,8.91,,,
,,,,,,0.39,63.11,2022,13,8154,True,,1.43,1.43,0.06,11.2,,,
,,,,,,,,2022,13,8428,True,,,0.4,0.02,1.94,,,
,,,,,,,0.36,2022,13,2073,True,,,0.26,,2.11,,,
0.13,0.06,,,,,0.64,64.0,2022,13,3164,True,0.07,0.86,0.86,0.02,5.0,,,
,0.04,,,,,0.43,62.66,2022,13,4147,True,,4.48,4.48,0.14,33.19,,,
,,,,,,0.02,2.19,2022,13,4718,True,,0.65,0.65,0.02,4.54,,,
0.03,,,,,,0.11,19.0,2022,13,5987,True,,0.76,0.76,0.02,5.75,,,
,,,,,,,2.36,2022,13,6109,True,,,0.59,,6.19,,,
,,,,,,,,2022,13,6202,True,,,0.14,,1.27,,,
,,,,,,0.01,1.95,2022,13,6694,True,,0.34,0.34,,2.73,,,
0.12,0.08,,,,,0.22,30.29,2022,13,6790,True,,3.77,3.77,0.12,29.05,,,
,,,,,,0.06,5.11,2022,13,6845,True,,0.2,0.2,0.03,1.49,,,
,0.02,,,,,0.07,8.1,2022,13,6931,True,,2.21,2.21,0.07,15.08,,,
0.03,,,,,,0.03,2.95,2022,13,8800,True,,0.17,0.17,,1.02,,,
,,,,,,,0.28,2022,13,8820,True,,,0.31,,2.2,,,
,,,,,,0.36,50.86,2022,13,1476,True,,2.07,2.07,0.02,14.32,,,
0.12,0.06,,,,,0.4,57.36,2022,13,1535,True,,1.94,1.94,0.07,15.33,,,
,,,,,,0.01,1.79,2022,13,2359,True,,2.07,2.07,0.07,15.5,,,
0.13,0.06,,,,,0.63,59.0,2022,13,4034,True,,4.97,4.97,0.14,39.74,,,
,,,,,,,0.42,2022,13,4353,True,,,0.51,,4.12,,,
,,,,,,0.08,12.69,2022,13,4455,True,,1.03,1.03,,8.43,,,
0.15,0.08,,,,,0.47,60.72,2022,13,4663,True,,6.67,6.67,0.27,50.82,,,
0.19,0.13,,,,,0.62,80.22,2022,13,4866,True,,4.24,4.24,0.13,31.99,,,
,,,,,,0.24,20.0,2022,13,5131,True,,1.06,1.06,,7.56,,,
,,,,,,0.04,9.01,2022,13,5536,True,,2.1,2.1,0.1,16.13,,,
,,,,,,0.22,16.42,2022,13,6039,True,,2.18,2.18,0.04,15.42,,,
,,,,,,0.16,16.66,2022,13,6156,True,,0.54,0.54,0.01,4.0,,,
0.07,0.03,,,,,0.23,29.87,2022,13,6938,True,,0.85,0.85,0.03,6.3,,,
,,,,,,0.1,11.88,2022,13,6951,True,,0.98,0.98,,6.78,,,
,,,,,,,17.16,2022,13,7064,True,,1.01,1.01,,7.67,,,
0.11,0.06,,,,,0.39,55.3,2022,13,7528,True,0.05,2.91,2.91,0.1,21.02,,,
,,,,,,0.08,7.41,2022,13,7529,True,,0.15,0.15,,0.79,,,
,,,,,,,0.97,2022,13,7609,True,,0.29,0.29,0.02,2.75,,,
,,,,,,0.27,27.19,2022,13,7741,True,,0.12,0.12,,1.09,,,
,,,,,,0.3,47.51,2022,13,8150,True,,2.78,2.78,0.06,20.98,,,
0.1,,,,,,0.12,28.04,2022,13,3242,True,,1.11,1.11,0.06,8.18,,,
0.26,0.13,,,,,0.65,77.0,2022,13,4029,True,0.06,3.11,3.11,0.13,24.0,,,
0.1,0.05,,,,,0.27,38.07,2022,13,4098,True,,2.46,2.46,0.09,21.04,,,
0.06,0.06,,,,,0.77,66.67,2022,13,4149,True,,0.77,0.77,0.01,5.06,,,
,,,,,,0.38,51.84,2022,13,5284,True,,2.72,2.72,,19.98,,,
0.14,0.07,,,,,0.73,105.0,2022,13,5850,True,,3.03,3.03,0.06,22.0,,,
0.13,0.05,,,,,0.4,57.15,2022,13,5967,True,,2.14,2.14,0.07,17.0,,,
0.13,0.07,,,,,0.47,73.78,2022,13,6151,True,,1.8,1.8,0.03,13.4,,,
0.16,0.05,,,,,0.49,75.0,2022,13,6813,True,0.1,2.79,2.79,0.06,21.83,,,
0.11,0.06,,,,,0.24,36.83,2022,13,6945,True,0.05,3.07,3.07,0.1,23.78,,,
,,,,,,,12.81,2022,13,7551,True,,1.75,1.75,,12.63,,,
,,,,,,0.03,3.05,2022,13,7809,True,,0.78,0.78,,5.82,,,
,,,,,,0.41,69.0,2022,13,8129,True,,2.38,2.38,0.06,18.04,,,
,,,,,,0.02,2.1,2022,13,8179,True,,0.15,0.15,,0.84,,,
,,,,,,,1.98,2022,13,8189,True,,0.07,0.07,,0.56,,,
,,,,,,,,2022,13,8223,True,,,0.36,0.04,4.21,,,0.36
,,,,,,0.02,2.82,2022,13,1034,True,,0.44,0.44,,3.3,,,
,,,,,,0.19,24.29,2022,13,2161,True,,3.62,3.62,0.16,28.4,,,
,,,,,,0.29,39.57,2022,13,2749,True,,1.34,1.34,0.02,11.1,,,
,0.01,,,,,0.03,8.02,2022,13,4152,True,,0.35,0.35,0.01,2.33,,,
0.13,0.07,,,,,0.91,92.8,2022,13,4988,True,0.07,1.48,1.48,0.05,11.01,,,
,0.01,,,,,0.12,18.28,2022,13,5209,True,,1.8,1.8,0.06,12.94,,,
0.1,0.05,,,,,0.34,47.63,2022,13,6828,True,0.05,2.01,2.01,0.06,15.49,,,
0.03,0.01,,,,,0.1,16.84,2022,13,6955,True,,0.35,0.35,0.01,2.64,,,
,,,,,,0.31,47.15,2022,13,8122,True,,1.93,1.93,0.05,16.72,,,
,,,,,,0.23,34.92,2022,13,8132,True,,0.85,0.85,0.01,6.28,,,
,,,,,,0.1,14.64,2022,13,8139,True,,0.48,0.48,0.01,3.78,,,
,,,,,,0.02,1.89,2022,13,8195,True,,0.36,0.36,,3.01,,,
,0.01,,,,,0.17,17.94,2022,13,8211,True,,0.48,0.48,0.02,3.72,,,
,0.01,,,,,0.13,21.7,2022,13,8408,True,,0.56,0.56,0.02,4.13,,,
,,,,,,0.07,3.36,2022,13,2391,True,,,,,,,,
0.11,0.05,,,,,0.3,50.39,2022,13,4035,True,0.05,4.25,4.25,0.13,33.11,,,
,,,,,,0.31,45.0,2022,13,8136,True,,2.47,2.47,0.1,18.66,,,
,,,,,,,0.28,2022,13,3391,True,,,,,,,,
,,,,,,0.04,4.41,2022,13,6885,True,,0.27,0.27,,1.73,,,
0.02,,,,,,0.1,15.2,2022,13,956,True,,0.73,0.73,0.01,5.4,,,
,,,,,,,0.48,2022,13,1386,True,,0.17,0.17,0.01,1.09,,,
0.07,0.03,,,,,0.29,33.93,2022,13,3969,True,,2.57,2.57,0.09,18.11,,,
,,,,,0.8,,2.1,2022,13,4454,True,,,1.42,0.13,19.0,,,1.42
,,,,,,,,2022,13,8188,True,,,1.71,0.14,16.0,,,1.71
0.05,0.05,,,,0.74,,0.42,2022,13,5947,True,,,4.3,0.26,45.36,,,4.3
,,,,,,0.05,3.27,2022,13,4197,True,,,3.0,0.3,32.46,,,3.0
0.06,0.06,,,,,,,2022,13,6943,True,,,3.67,0.43,62.0,,0.06,3.67
0.06,0.06,,,,,,0.78,2022,13,2325,True,,,1.5,0.12,23.76,,,1.5
0.07,0.07,,,,,,,2022,13,2449,True,,,7.02,0.66,93.0,,0.07,7.02
,,,,,,,,2022,13,8134,True,,,0.92,0.06,11.22,,,0.92
,,,,,,,,2022,13,2319,True,,,2.3,0.1,31.0,,,2.3
0.04,0.04,,,,,0.04,1.86,2022,13,1352,True,,,2.7,0.18,31.25,,,2.7
0.07,0.07,,,,,,,2022,13,1479,True,,,5.4,0.46,59.37,,0.07,5.4
,,,,,,,,2022,13,2673,True,,,1.42,0.11,17.75,,,1.42
,,,,,,,3.52,2022,13,2750,True,,,3.5,0.25,38.35,,,3.5
,,,,,,,,2022,13,4171,True,,,1.67,0.16,21.91,,,1.67
,,,,,,,,2022,13,4234,True,,,2.14,0.17,25.53,,,2.14
,,,,,,,0.43,2022,13,4319,True,,,1.17,0.06,13.15,,,1.17
,,,,,,,,2022,13,5086,True,,,3.13,0.31,42.03,,,3.13
,,,,,,,,2022,13,5323,True,,,1.78,0.15,19.8,,,1.78
,,,,,,,,2022,13,5880,True,,,3.83,0.31,46.72,,,3.83
,,,,,,,,2022,13,6154,True,,,0.62,0.04,6.88,,,0.62
0.06,0.07,,,,,,2.07,2022,13,6819,True,,,5.82,0.32,63.96,,0.06,5.82
,,,,,,,0.84,2022,13,6824,True,,,3.39,0.35,51.28,,,3.39
,,,,,,,0.21,2022,13,6927,True,,,1.86,0.13,25.65,,,1.86
,,,,,,,,2022,13,7703,True,,,0.45,0.03,6.1,,,0.45
,,,,,,,,2022,13,8119,True,,,3.25,0.2,38.26,,,3.25
,,,,,,,,2022,13,8137,True,,,3.96,0.35,49.95,,,3.96
0.07,0.07,,,,,,,2022,13,8146,True,,,4.79,0.38,58.05,,0.07,4.79
,,,,,,,,2022,13,8176,True,,,0.49,0.04,6.33,,,0.49
0.07,0.08,,,,,,,2022,13,1067,True,,,4.02,0.29,48.9,,,4.02
,,,,,,,,2022,13,1346,True,,,1.89,0.16,27.84,,,1.89
,,,,,,,,2022,13,3269,True,,,3.1,0.24,39.68,,,3.1
0.06,0.06,,,,,,1.88,2022,13,4040,True,,,5.5,0.31,61.86,,0.06,5.5
,,,,,,,,2022,13,4992,True,,,1.75,0.09,18.27,,,1.75
0.13,,,,,,,2.13,2022,13,5137,True,,,3.37,0.28,42.41,,,3.37
,,,,,,,,2022,13,5154,True,,,1.39,0.19,14.34,,,1.39
,,,,,,,,2022,13,5199,True,,,1.7,0.09,20.63,,,1.7
0.06,0.06,,,,,,,2022,13,5859,True,,,5.46,0.52,78.59,,0.06,5.46
,,,,,,,,2022,13,5965,True,,,0.79,,7.5,,,0.79
0.06,0.06,,,,0.89,,2.25,2022,13,6794,True,,,6.94,0.69,91.22,,0.06,6.94
0.07,0.06,,,,,,,2022,13,6801,True,,,5.55,0.53,75.36,,0.07,5.55
,,,,,,,0.61,2022,13,6853,True,,,3.8,0.3,47.37,,,3.8
,,,,,,,,2022,13,6920,True,,,2.35,0.27,26.22,,,2.35
,,,,,,,0.41,2022,13,7066,True,,,2.54,0.18,32.1,,,2.54
0.06,0.06,,,,,,0.3,2022,13,7525,True,,,4.53,0.37,62.01,,0.06,4.53
,,,,,,,0.41,2022,13,7533,True,,,0.55,0.04,7.42,,,0.55
,,,,,,,,2022,13,8076,True,,,0.3,,2.88,,,0.3
0.04,0.04,,,,,,,2022,13,8112,True,,,3.41,0.26,41.39,,0.04,3.41
,,,,,,,,2022,13,8167,True,,,4.3,0.39,55.79,,,4.3
,,,,,,,,2022,13,8168,True,,,2.67,0.27,35.24,,,2.67
,,,,,,,,2022,13,8235,True,,,0.74,,7.64,,,0.74
,,,,,,,,2022,13,8756,True,,,1.25,0.07,13.73,,,1.25
0.07,0.07,,,,,,,2022,13,2309,True,,,5.5,0.48,69.53,,0.07,5.5
0.05,0.04,,,,,,0.67,2022,13,3225,True,,,2.63,0.2,30.09,,,2.63
,,,,,,,,2022,13,4622,True,,,1.3,0.1,14.58,,,1.3
0.06,0.06,,,,,,,2022,13,4951,True,,,3.2,0.29,45.77,,0.06,3.2
,,,,,,,0.54,2022,13,5096,True,,,0.7,0.06,8.28,,,0.7
,,,,,,0.02,1.29,2022,13,5121,True,,,0.75,0.05,7.72,,,0.75
0.07,0.07,,,,,,1.23,2022,13,5846,True,,,5.04,0.41,72.63,,0.07,5.04
0.1,0.05,,,,0.73,0.15,17.8,2022,13,5872,True,,,3.72,0.27,47.22,,0.05,3.72
0.06,0.06,,,,,,1.18,2022,13,5927,True,,,4.83,0.31,65.48,,0.06,4.83
0.1,0.05,,,,,,2.82,2022,13,5937,True,,,4.75,0.27,47.31,,0.05,4.75
,,,,,,,1.13,2022,13,6149,True,,,3.78,0.33,53.37,,,3.78
,,,,,,,,2022,13,6402,True,,,1.54,0.12,15.87,,,1.54
,,,,,,,,2022,13,6427,True,,,1.22,0.08,16.16,,,1.22
,,,,,,,0.43,2022,13,6798,True,,,0.55,0.03,6.76,,,0.55
0.05,0.05,,,,,0.01,3.28,2022,13,6886,True,,,3.07,0.23,39.19,,0.05,3.07
,,,,,,,,2022,13,7496,True,,,2.45,0.14,31.54,,,2.45
,,,,,,,,2022,13,7757,True,,,3.16,0.19,31.52,,,3.16
,,,,,,,,2022,13,3286,True,,,3.41,0.38,40.34,,,3.41
,,,,,,,,2022,13,4036,True,,,2.71,0.25,39.32,,0.06,2.71
,,,,,,,0.62,2022,13,4080,True,,,5.1,0.34,51.1,,,5.1
,,,,,,,,2022,13,4854,True,,,0.81,0.16,8.82,,,0.81
,,,,,,,,2022,13,5038,True,,,3.41,0.32,42.0,,,3.41
,,,,,,,0.47,2022,13,6271,True,,,2.01,0.13,26.57,,,2.01
,,,,,,0.06,5.69,2022,13,6847,True,,,3.21,0.29,35.15,,,3.21
,,,,,,,,2022,13,7049,True,,,2.71,0.28,30.84,,,2.71
,,,,,,,,2022,13,7210,True,,,2.76,0.17,29.68,,,2.76
,,,,,,,0.56,2022,13,7540,True,,,0.78,0.06,9.45,,,0.78
,,,,,,,,2022,13,7944,True,,,0.19,,1.95,,,0.19
,,,,,,,,2022,13,8475,True,,,0.88,0.08,10.68,,,0.88
,,,,,,,,2022,13,147,True,,,2.08,0.1,31.46,,,2.08
,,,,,,,,2022,13,1817,True,,,1.61,0.11,20.41,,,1.61
0.08,0.08,,,,,,,2022,13,2133,True,,,7.48,0.66,94.19,,0.08,7.48
,,,,,,,,2022,13,2334,True,,,3.05,0.18,33.06,,,3.05
,,,,,,,,2022,13,3445,True,,,0.38,0.04,4.46,,,0.38
,,,,,,,1.61,2022,13,3634,True,,,2.35,0.12,25.51,,,2.35
,,,,,,0.04,7.88,2022,13,4082,True,,,3.14,0.16,33.97,,0.04,3.14
,,,,,,,,2022,13,4218,True,,,0.15,,1.5,,,0.15
,,,,,,,,2022,13,5374,True,,,2.28,0.35,28.7,,,2.28
,,,,,,,,2022,13,5432,True,,,0.23,0.02,2.5,,,0.23
0.05,0.05,,,,,,1.26,2022,13,6783,True,,,3.53,0.29,44.84,,0.05,3.53
0.07,0.07,,,,,,4.41,2022,13,6786,True,,,5.88,0.5,79.0,,0.07,5.88
,,,,,,,,2022,13,6849,True,,,1.64,0.09,22.06,,,1.64
,,,,,,,,2022,13,6957,True,,,1.77,0.17,20.16,,,1.77
0.08,0.04,,,,,,,2022,13,7569,True,,,4.13,0.31,51.25,,,4.13
,,,,,,,1.41,2022,13,7670,True,,,5.2,0.36,56.89,,,5.2
,,,,,,,,2022,13,7989,True,,,0.6,,5.8,,,0.6
,,,,,,,,2022,13,8117,True,,,0.21,0.02,2.56,,,0.21
0.06,0.06,,,,,,,2022,13,8135,True,,,3.69,0.37,48.18,,0.06,3.69
,,,,,,,,2022,13,8142,True,,,2.81,0.1,34.15,,,2.81
,,,,,,,,2022,13,8148,True,,,1.86,0.15,27.77,,,1.86
,,,,,,,,2022,13,928,True,,,3.39,0.36,35.14,,,3.39
0.07,0.07,,,,,,,2022,13,1689,True,,,4.9,0.31,52.75,,0.07,4.9
0.06,0.06,,,,,,,2022,13,2374,True,,,4.87,0.38,64.2,,0.06,4.87
0.07,0.07,,,,,,3.5,2022,13,3321,True,,,6.86,0.55,92.79,,0.07,6.86
,,,,,,,,2022,13,4177,True,,,3.7,0.31,47.91,,,3.7
,,,,,,,1.59,2022,13,4198,True,,,0.64,0.04,7.23,,,0.64
0.07,0.07,,,,,,1.63,2022,13,4950,True,,,5.64,0.5,69.96,,0.07,5.64
0.05,0.05,,,,,,,2022,13,5045,True,,,3.57,0.27,49.13,,0.05,3.57
0.03,0.03,,,,,,0.53,2022,13,5113,True,,,1.35,0.11,16.69,,,1.35
,,,,,,,1.01,2022,13,5185,True,,,4.03,0.4,53.41,,,4.03
,,,,,,,3.8,2022,13,5695,True,,,1.12,0.03,10.95,,,1.12
,,,,,,,,2022,13,5773,True,,,1.1,0.13,15.12,,,1.1
,,,,,,,,2022,13,6598,True,,,1.01,0.08,10.21,,,1.01
0.07,0.07,,,,,,2.3,2022,13,6803,True,,,4.53,0.39,62.79,,0.07,4.53
0.11,0.06,,,,,,2.06,2022,13,7526,True,,,5.18,0.39,66.02,,0.06,5.18
0.08,0.08,,,,,,4.57,2022,13,7547,True,,,7.2,0.38,78.75,,0.08,7.2
,,,,,,,,2022,13,7562,True,,,1.48,0.12,19.68,,,1.48
0.06,0.06,,,,,,2.23,2022,13,7564,True,,,5.17,0.49,72.38,,0.06,5.17
,,,,,,,,2022,13,7587,True,,,0.55,0.05,6.9,,,0.55
0.03,0.03,,,,,,1.21,2022,13,7596,True,,,1.57,0.13,19.65,,0.03,1.57
,,,,,,,,2022,13,8013,True,,,0.07,0.01,0.8,,,0.07
0.03,0.03,,,,,,,2022,13,8118,True,,,1.7,0.09,18.6,,,1.7
,,,,,,,,2022,13,8180,True,,,0.2,0.02,2.19,,,0.2
,,,,,,,,2022,13,8416,True,,,0.43,0.02,4.53,,,0.43
,,,,,,,,2022,13,6290,True,,,0.62,0.05,7.45,,,0.62
0.02,0.02,,,,,,,2022,13,6989,True,,,0.32,0.03,3.84,,0.02,0.32
0.03,0.03,,,,,,,2022,13,5110,True,,,2.22,0.17,23.0,,,2.22
,,,,,,,,2022,13,8676,True,,,0.98,0.11,15.0,,,0.98
0.05,0.05,,,,,,1.78,2022,13,1825,True,,,3.39,0.21,36.78,,,3.39
0.06,0.07,,,,,,,2022,13,8144,True,,,4.78,0.3,68.47,,0.06,4.78
0.06,0.06,,,,,,0.39,2022,13,2216,True,,,4.85,0.39,67.11,,0.06,4.85
0.08,0.08,,,,,,1.01,2022,13,4037,True,,,6.65,0.4,69.0,,0.08,6.65
,,,,,,,,2022,13,947,True,,,2.51,0.26,35.0,,,2.51
0.07,0.07,,,,,,,2022,13,5026,True,,,0.71,0.07,8.51,,,0.71
0.06,0.06,,,,,,,2022,13,3214,True,,,2.1,0.22,24.7,2.1,0.06,
,,,,,,,,2022,13,4144,True,,,1.82,0.17,19.21,1.82,,
,,,,,,,,2022,13,5906,True,,,3.01,0.29,33.61,3.01,0.06,
,,,,,,,,2022,13,111,True,,,0.34,0.02,3.97,0.34,,
,,,,,,,,2022,13,2755,True,,,0.35,,2.85,0.35,,
,,,,,,,,2022,13,4054,True,,,1.29,0.12,14.43,1.29,,
,,,,,,,,2022,13,4189,True,,,0.6,0.04,5.74,0.6,,
0.07,0.07,,,,,,,2022,13,4217,True,,,4.58,0.36,58.46,4.58,0.07,
,,,,,,,,2022,13,4602,True,,,3.04,0.27,31.25,3.04,,
0.13,0.07,,,,,,,2022,13,5012,True,,,5.38,0.51,63.0,5.38,0.06,
0.08,0.08,,,,,,,2022,13,5133,True,,,3.16,0.23,28.88,3.16,0.08,
,,,,,,,,2022,13,5878,True,,,0.81,0.06,11.55,,,0.81
,,,,,,,0.28,2022,13,6529,True,,,0.5,,2.97,,,
0.06,0.06,,,,,,,2022,13,6826,True,,,3.34,0.3,33.05,3.34,,
,,,,,,,,2022,13,7075,True,,,0.07,,0.29,0.07,,
,,,,,,,,2022,13,8177,True,,,1.17,0.12,9.42,1.17,,
,,,,,,,,2022,13,8214,True,,,0.54,0.06,5.36,0.54,,
,,,,,,,,2022,13,2146,True,,,0.36,,3.1,0.36,,
,,,,,,,,2022,13,2446,True,,,1.11,0.09,10.54,1.11,,
,,,,,,,,2022,13,2545,True,,,0.58,0.05,4.51,0.58,,
,,,,,,,,2022,13,4089,True,,,3.36,0.3,37.62,3.36,,
,,,,,,,,2022,13,4435,True,,,1.24,0.12,13.08,1.24,,
,,,,,,,,2022,13,5985,True,,,3.5,0.31,38.39,3.5,,
,,,,,,,,2022,13,7602,True,,,1.3,0.14,13.0,1.3,,
,,,,,,,,2022,13,8197,True,,,0.89,0.07,8.26,0.89,,
0.04,0.04,,,,,,,2022,13,3271,True,,,2.87,0.19,26.52,2.87,0.04,
,,,,,,,,2022,13,4314,True,,,1.08,0.08,10.06,1.08,,
,,,,,,,,2022,13,4421,True,,,0.22,0.02,1.84,0.22,,
0.06,0.06,,,,,,,2022,13,5001,True,,,3.59,0.28,35.0,3.59,0.06,
,,,,,,,,2022,13,6181,True,,,0.16,,1.92,0.16,,
,,,,,,,,2022,13,6665,True,,,0.62,0.09,7.0,0.62,,
,,,,,,,,2022,13,6894,True,,,0.5,,2.66,0.5,,
,,,,,,,,2022,13,7131,True,,,0.62,0.06,6.53,0.62,,
,,,,,,,,2022,13,7531,True,,,0.36,0.02,3.94,0.36,,
,,,,,,,,2022,13,7828,True,,,0.16,0.01,1.37,0.16,,
,,,,,,,,2022,13,7842,True,,,0.49,,3.76,0.49,,
,,,,,,,,2022,13,8041,True,,,0.58,,6.21,0.58,,
,,,,,,,,2022,13,8131,True,,,1.72,0.08,16.72,1.72,,
,,,,,,,,2022,13,8210,True,,,1.87,0.17,17.35,1.87,,
,,,,,,,,2022,13,8227,True,,,1.08,0.11,9.48,1.08,,
0.15,0.07,,,,,,,2022,13,1466,True,,,6.72,0.81,82.09,6.72,0.07,
,,,,,,,,2022,13,2460,True,,,1.21,0.11,12.31,1.21,0.05,
,,,,,,,,2022,13,3048,True,,,0.23,,2.53,0.23,0.08,
,,,,,,,,2022,13,3258,True,,,0.19,0.02,1.84,0.19,,
,,,,,,,,2022,13,4973,True,,,3.71,0.28,38.45,3.71,,
0.06,0.06,,,,,,,2022,13,4993,True,,,2.23,0.17,26.58,2.23,0.06,
,,,,,,,,2022,13,5008,True,,,1.0,0.09,9.67,1.0,,
,,,,,,,,2022,13,5032,True,,,2.82,0.15,25.64,2.82,,
0.06,0.06,,,,,,,2022,13,5844,True,,,4.66,0.32,47.27,4.66,0.06,
0.08,0.08,,,,,,,2022,13,5857,True,,,2.25,0.23,26.71,2.25,,
,,,,,,,,2022,13,7050,True,,,0.54,0.05,5.81,0.54,,
,,,,,,,,2022,13,7554,True,,,0.15,0.01,1.24,0.15,,
,,,,,,,,2022,13,7568,True,,,1.15,0.07,11.88,1.15,,
,,,,,,,,2022,13,8110,True,,,0.81,0.1,8.07,0.81,,
,,,,,,,,2022,13,8225,True,,,2.83,0.18,22.61,2.83,,
,,,,,,,,2022,13,2251,True,,,2.75,0.19,29.68,2.75,,
,,,,,,,,2022,13,2390,True,,,0.73,0.05,7.03,0.73,,
,,,,,,,,2022,13,4443,True,,,1.45,0.15,11.62,1.45,,
,,,,,,,,2022,13,5010,True,,,2.23,0.22,22.78,2.23,,
,,,,,,,,2022,13,5973,True,,,0.65,0.08,7.18,0.65,,
,,,,,,,,2022,13,6018,True,,,1.21,0.06,10.97,1.21,,
,,,,,,,,2022,13,6040,True,,,0.47,0.05,5.25,0.47,,
,,,,,,,,2022,13,6850,True,,,2.9,0.26,30.09,2.9,,
,,,,,,,,2022,13,6865,True,,,1.42,0.24,13.3,1.42,,
,,,,,,,,2022,13,6926,True,,,1.0,0.04,8.5,1.0,,
,,,,,,,,2022,13,6956,True,,,0.07,,0.62,0.07,,
,,,,,,,,2022,13,6964,True,,,0.2,,1.0,0.2,,
0.07,0.07,,,,,,,2022,13,7600,True,,,4.36,0.32,46.95,4.36,0.07,
,,,,,,,,2022,13,7891,True,,,2.03,0.11,19.39,2.03,,
,,,,,,,,2022,13,8172,True,,,2.82,0.26,27.96,2.82,,
,,,,,,,,2022,13,8219,True,,,1.69,0.1,18.02,1.69,,
,,,,,,,,2022,13,8523,True,,,0.25,,2.74,0.25,,
,,,,,,,,2022,13,1425,True,,,0.66,0.04,6.75,0.66,,
,,,,,,,,2022,13,3202,True,,,2.44,0.18,24.46,2.44,,
,,,,,,,,2022,13,4066,True,,,3.56,0.19,34.93,3.56,,
,,,,,,,,2022,13,4741,True,,,0.52,0.03,5.18,0.52,,
,,,,,,,,2022,13,6662,True,,,1.54,0.11,11.55,1.54,,
,,,,,,,,2022,13,7716,True,,,1.2,0.05,13.36,1.2,,
,,,,,,,,2022,13,7946,True,,,1.02,0.06,8.3,1.02,,
,,,,,,,,2022,13,8170,True,,,1.01,0.1,8.29,1.01,,
,,,,,,,,2022,13,8849,True,,,0.05,,0.28,0.05,,
,,,,,,,,2022,13,8111,True,,,2.24,0.13,23.41,2.24,,
,,,,,,,,2022,13,8484,True,,,0.39,,3.66,0.39,,
,,,,,,,,2022,13,6869,True,,,1.73,0.19,18.52,1.73,,
0.19,0.04,0.09,,0.19,11.17,0.21,25.0,2022,13,4381,True,0.09,,1.1,0.1,11.46,1.1,,
0.61,0.23,0.12,0.72,1.68,250.0,0.06,3.85,2022,14,2028,True,,,,,,,,
,0.22,,0.85,1.08,197.0,0.07,12.33,2022,14,5806,True,,,,,,,,
0.26,0.1,0.16,0.52,1.56,246.22,0.05,1.78,2022,14,167,True,,,,,,,,
0.6,0.26,0.06,0.88,1.84,270.12,0.13,8.95,2022,14,3163,True,,,,,,,,
0.66,0.26,0.2,0.73,2.4,307.53,0.18,20.66,2022,14,4046,True,,,,,,,,
0.61,0.24,0.19,0.79,2.0,308.0,0.15,16.25,2022,14,6797,True,0.05,,,,,,,
0.74,0.23,0.05,0.75,1.23,198.85,0.23,31.83,2022,14,5870,True,,,,,,,,
0.59,0.26,0.13,0.68,1.08,266.52,0.16,15.19,2022,14,1234,True,,,,,,,,
0.28,0.14,,0.91,1.87,280.36,0.18,16.52,2022,14,1373,True,,,,,,,,
0.67,0.3,,0.78,1.33,197.21,0.29,41.39,2022,14,7083,True,,,,,,,,
0.71,0.42,,0.92,1.44,225.33,0.27,15.17,2022,14,8160,True,,,,,,,,
,0.2,,0.7,1.25,162.48,0.02,2.58,2022,14,8183,True,,,,,,,,
0.74,0.32,0.14,0.74,2.29,288.92,0.04,3.96,2022,14,1166,True,,,,,,,,
0.78,0.27,0.13,0.54,1.62,226.02,0.23,21.83,2022,14,4017,True,0.12,,,,,,,
,0.2,,0.84,1.1,189.67,0.04,6.24,2022,14,5089,True,,,,,,,,
0.61,0.18,0.07,0.76,2.1,276.09,0.17,3.58,2022,14,6768,True,,,,,,,,
0.6,0.26,0.13,0.72,1.65,255.52,0.49,57.96,2022,14,6904,True,0.07,,,,,,,
0.38,0.14,0.05,0.95,1.08,177.87,0.07,6.87,2022,14,7585,True,,,,,,,,
0.63,0.24,0.16,0.87,1.82,238.88,0.17,18.01,2022,14,1049,True,,,,,,,,
0.76,0.23,0.08,0.84,2.36,296.18,0.15,16.67,2022,14,3294,True,,,,,,,,
0.68,0.33,,0.63,0.93,176.44,0.51,15.92,2022,14,4943,True,,,,,,,,
0.69,0.32,0.14,0.79,2.24,282.16,0.37,36.8,2022,14,4984,True,,,,,,,,
0.52,0.2,0.13,0.8,2.19,292.15,0.19,11.49,2022,14,6770,True,,,,,,,,
0.72,0.33,0.12,0.84,1.86,265.23,0.08,10.52,2022,14,7523,True,,,,,,,,
0.57,0.24,0.11,0.73,1.5,245.0,0.2,33.66,2022,14,5849,True,0.06,,,,,,,
0.5,0.25,0.06,0.75,1.43,219.0,0.07,12.51,2022,14,7527,True,,,,,,,,
0.1,0.06,,,,,0.43,48.0,2022,14,6938,True,,0.39,0.39,0.01,2.81,,,
0.13,0.07,,,,,0.65,84.0,2022,14,5850,True,,3.39,3.39,0.07,24.65,,,
,,,,,,0.04,4.44,2022,14,8139,True,,0.16,0.16,0.01,1.24,,,
,,,,,,0.2,22.61,2022,14,8150,True,,2.43,2.43,0.1,18.3,,,
,,,,,,0.02,2.73,2022,14,1034,True,,0.42,0.42,0.01,3.19,,,
,,,,,,0.02,3.48,2022,14,2359,True,,2.13,2.13,0.07,15.85,,,
,,,,,,,,2022,14,6202,True,,,0.28,0.01,2.5,,,
,,,,,,0.01,0.98,2022,14,2471,True,,,0.23,0.01,1.6,,,
,,,,,,0.35,46.18,2022,14,2749,True,,1.9,1.9,0.06,14.0,,,
0.1,0.05,,,,,0.49,57.38,2022,14,4018,True,0.05,2.85,2.85,0.12,22.04,,,
0.09,0.05,,,,,0.25,34.64,2022,14,4098,True,,2.24,2.24,0.08,19.15,,,
,,,,,,0.28,40.33,2022,14,4147,True,,2.08,2.08,0.06,15.4,,,
,0.03,,,,,0.08,13.96,2022,14,4455,True,,0.82,0.82,0.01,6.74,,,
0.11,0.06,,,,,0.71,78.52,2022,14,4988,True,0.06,1.35,1.35,0.02,10.02,,,
0.08,,,,,,0.27,40.01,2022,14,5248,True,,0.49,0.49,0.02,3.96,,,
,,,,,,0.02,2.82,2022,14,6109,True,,,1.15,0.1,12.01,,,
0.12,0.06,,,,,0.39,72.54,2022,14,6151,True,,1.51,1.51,0.04,11.22,,,
0.16,0.11,,,,,0.34,45.59,2022,14,6790,True,,4.37,4.37,0.14,33.74,,,
,,,,,,0.05,11.05,2022,14,7567,True,,1.48,1.48,0.05,11.05,,,
0.2,,,,,,0.21,34.41,2022,14,7594,True,,1.9,1.9,0.04,13.6,,,
,,,,,,0.32,50.59,2022,14,8129,True,,2.04,2.04,0.05,15.5,,,
0.03,0.01,,,,,0.05,6.0,2022,14,8153,True,,0.42,0.42,0.02,2.93,,,
,,,,,,,3.49,2022,14,8181,True,,,0.84,0.05,6.86,0.84,,
,,,,,,0.17,22.08,2022,14,8228,True,,1.49,1.49,0.04,10.91,,,
0.14,,,,,,0.41,60.1,2022,14,4111,True,,1.44,1.44,0.05,11.08,,,
0.15,0.08,,,,,0.48,59.0,2022,14,4663,True,,6.42,6.42,0.27,51.78,,,
0.16,0.09,,,,,0.45,65.49,2022,14,4866,True,,1.63,1.63,0.06,13.26,,,
,,,,,,0.05,8.84,2022,14,5122,True,,0.33,0.33,,2.17,,,
,,,,,,0.08,5.04,2022,14,6039,True,,1.14,1.14,0.04,7.6,,,
0.06,0.03,,,,,0.23,34.46,2022,14,6806,True,,1.97,1.97,0.05,14.43,,,
,0.07,,,,,0.25,42.73,2022,14,6984,True,,1.79,1.79,0.02,12.4,,,
,0.05,,,,,0.22,38.32,2022,14,8138,True,,3.16,3.16,0.08,22.44,,,
,,,,,,,1.65,2022,14,8143,True,,,,,,,,
,,,,,,0.02,0.5,2022,14,8428,True,,,0.47,0.02,2.28,,,
,,,,,,,0.46,2022,14,886,True,,0.06,0.06,,0.46,,,
,,,,,,,2.13,2022,14,1379,True,,,0.9,0.05,7.98,,,
,0.02,,,,,0.33,48.05,2022,14,1476,True,,2.34,2.34,0.04,16.26,,,
,,,,,,0.24,30.58,2022,14,2161,True,,3.92,3.92,0.16,30.73,,,
0.14,0.07,,,,,0.42,57.4,2022,14,5967,True,,3.38,3.38,0.13,24.7,,,
0.02,,,,,,0.1,18.84,2022,14,5987,True,,0.76,0.76,0.02,5.7,,,
,0.01,,,,,0.02,5.43,2022,14,5995,True,,0.78,0.78,0.01,5.55,,,
,,,,,,0.01,1.78,2022,14,6694,True,,0.31,0.31,0.01,2.48,,,
,,,,,,0.01,2.22,2022,14,6878,True,,0.21,0.21,0.01,1.53,,,
,,,,,,0.01,2.74,2022,14,6918,True,,0.18,0.18,0.01,1.39,,,
,,,,,,,1.25,2022,14,1386,True,,0.5,0.5,0.02,3.27,,,
,0.02,,,,,0.01,2.18,2022,14,1387,True,,0.91,0.91,0.02,6.52,,,
0.14,0.07,,,,,0.71,70.86,2022,14,3164,True,0.08,0.96,0.96,0.02,6.97,,,
,,,,,,0.01,1.75,2022,14,3354,True,,,0.4,0.01,2.3,,,
0.07,0.03,,,,,0.3,34.98,2022,14,3969,True,,2.22,2.22,0.08,15.67,,,
0.05,0.05,,,,,0.87,56.84,2022,14,4149,True,,0.66,0.66,0.02,4.36,,,
,0.01,,,,,0.03,6.27,2022,14,4152,True,,0.39,0.39,0.01,2.55,,,
,,,,,,0.01,0.74,2022,14,4353,True,,,0.02,0.02,6.66,,,
,,,,,,0.11,9.29,2022,14,5131,True,,1.37,1.37,0.03,9.79,,,
,0.02,,,,,0.19,32.05,2022,14,5209,True,,1.4,1.4,0.05,10.1,,,
,,,,,,0.05,8.91,2022,14,5347,True,,1.27,1.27,0.07,9.69,,,
,,,,,,0.03,3.86,2022,14,6951,True,,0.31,0.31,0.01,2.23,,,
,,,,,,0.13,21.6,2022,14,7045,True,,1.23,1.23,0.01,9.0,,,
0.18,0.09,,,,,0.52,74.47,2022,14,8205,True,,1.03,1.03,0.04,7.72,,,
0.26,0.13,,,,,0.86,92.58,2022,14,3198,True,0.07,2.06,2.06,0.06,15.81,,,
0.05,,,,,,0.06,12.8,2022,14,3242,True,,1.15,1.15,0.05,8.5,,,
,,,,,,0.01,0.42,2022,14,3832,True,,,0.59,0.05,6.58,,,
0.12,0.06,,,,,0.67,68.44,2022,14,4034,True,,4.42,4.42,0.13,35.36,,,
,,,,,,0.04,3.56,2022,14,4718,True,,0.42,0.42,0.01,2.95,,,
,,,,,,0.04,5.24,2022,14,5052,True,,0.23,0.23,0.02,1.73,,,
,,,,,,0.44,46.9,2022,14,5284,True,,1.87,1.87,0.06,13.78,,,
,,,,,,0.04,10.02,2022,14,5536,True,,2.34,2.34,0.08,17.94,,,
,0.08,,,,,0.19,36.5,2022,14,6012,True,,2.98,2.98,0.15,22.31,,,
,,,,,,,2.02,2022,14,6144,True,,0.06,0.06,0.01,0.46,,,
0.11,0.06,,,,,0.41,59.34,2022,14,7528,True,0.06,2.73,2.73,0.09,19.71,,,
0.15,0.08,,,,,0.35,59.01,2022,14,7543,True,,2.25,2.25,0.14,18.2,,,
,,,,,,0.01,0.88,2022,14,7609,True,,0.27,0.27,0.02,2.5,,,
,,,,,,0.01,0.93,2022,14,7720,True,,0.08,0.08,,0.57,,,
,0.03,,,,,0.22,49.22,2022,14,8136,True,,3.05,3.05,0.11,22.99,,,
,0.01,,,,,0.07,6.44,2022,14,8179,True,,0.26,0.26,0.01,1.44,,,
,,,,,,0.01,2.56,2022,14,8230,True,,0.17,0.17,0.01,1.21,,,
,,,,,,0.05,5.87,2022,14,8255,True,,0.38,0.38,0.01,2.91,,,
,,,,,,0.15,23.1,2022,14,8408,True,,0.22,0.22,0.01,1.6,,,
0.03,,,,,,0.03,3.23,2022,14,8800,True,,0.18,0.18,0.01,1.12,,,
0.26,0.13,,,,,0.64,79.19,2022,14,4029,True,0.06,3.08,3.08,0.14,24.92,,,
0.11,0.05,,,,,0.3,55.73,2022,14,6130,True,,1.76,1.76,0.04,12.67,,,
,,,,,,0.13,13.33,2022,14,6156,True,,0.3,0.3,0.01,2.14,,,
,,,,,,0.04,3.4,2022,14,6885,True,,0.24,0.24,0.01,1.51,,,
,0.01,,,,,0.13,9.83,2022,14,6996,True,,1.05,1.05,0.03,8.12,,,
,,,,,,0.05,5.04,2022,14,7529,True,,0.15,0.15,0.01,0.79,,,
0.07,0.03,,,,,0.17,25.64,2022,14,7607,True,,1.59,1.59,0.08,12.34,,,
0.25,0.04,,,,,0.36,37.67,2022,14,8122,True,,1.62,1.62,0.04,8.69,,,
0.14,0.07,,,,,0.4,62.45,2022,14,4137,True,0.07,3.01,3.01,0.15,23.04,,,
0.15,0.07,,,,,0.46,67.43,2022,14,7611,True,0.07,4.72,4.72,0.09,34.42,,,
,,,,,,0.13,12.0,2022,14,8221,True,,0.49,0.49,0.01,3.4,,,
,,,,,,0.03,4.1,2022,14,8116,True,,0.08,0.08,0.01,0.6,,,
,,,,,,0.01,1.24,2022,14,4651,True,,0.06,0.06,0.01,0.48,,,
,,,,,,0.01,2.03,2022,14,8174,True,,0.08,0.08,0.01,0.55,,,
,,,,,,,,2022,14,4622,True,,,0.66,0.05,9.0,,,0.66
,,,,,,,,2022,14,8745,True,,,0.67,0.05,7.32,,,0.67
,0.01,,,,,0.02,9.4,2022,14,5695,True,,,2.13,0.1,20.97,,,2.13
,,,,,,,,2022,14,6853,True,,,3.29,0.26,41.0,,,3.29
,,,,,,,,2022,14,7562,True,,,1.12,0.09,19.0,,,1.12
0.08,0.08,,,,,,,2022,14,2133,True,,,7.45,0.67,93.93,,0.08,7.45
,,,,,,,,2022,14,4177,True,,,3.83,0.37,54.18,,,3.83
,,,,,,,,2022,14,7746,True,,,0.59,0.02,5.08,,,0.59
,,,,,,,,2022,14,7757,True,,,3.01,0.18,30.0,,,3.01
0.06,0.06,,,,,,0.34,2022,14,2216,True,,,4.23,0.34,60.96,,0.06,4.23
0.06,0.06,,,,,,,2022,14,2309,True,,,5.15,0.45,65.13,,0.06,5.15
0.06,0.06,,,,,,0.94,2022,14,3225,True,,,3.7,0.28,42.27,,,3.7
,,,,,,,1.37,2022,14,4198,True,,,0.55,0.03,6.23,,,0.55
,,,,,,,,2022,14,4218,True,,,0.15,0.03,1.51,,,0.15
,,,,,,,,2022,14,5086,True,,,2.68,0.27,35.95,,,2.68
0.03,0.03,,,,,,,2022,14,5110,True,,,1.94,0.15,22.51,,,1.94
,,,,,,,,2022,14,5374,True,,,1.32,0.18,17.71,,,1.32
,,,,,,,,2022,14,6069,True,,,0.25,,2.77,,,0.25
0.05,0.05,,,,,,1.89,2022,14,6803,True,,,3.73,0.33,51.71,,0.05,3.73
,,,,,,,0.08,2022,14,6927,True,,,0.68,0.05,9.35,,,0.68
0.06,0.06,,,,,,0.77,2022,14,6943,True,,,3.93,0.45,61.19,,0.06,3.93
,,,,,,,,2022,14,6957,True,,,1.57,0.15,17.79,,,1.57
,,,,,,,0.4,2022,14,7066,True,,,2.51,0.18,31.84,,,2.51
0.06,0.06,,,,,,0.3,2022,14,7525,True,,,4.4,0.36,60.28,,0.06,4.4
,,,,,,,,2022,14,7565,True,,,2.97,0.18,35.58,,,2.97
,,,,,,,,2022,14,7603,True,,,1.18,0.05,11.36,,,1.18
,,,,,,,1.12,2022,14,7670,True,,,4.12,0.2,43.0,,,4.12
,,,,,,,,2022,14,8134,True,,,1.04,0.07,12.67,,,1.04
,,,,,,,,2022,14,8137,True,,,3.34,0.35,42.18,,,3.34
,,,,,,,,2022,14,8168,True,,,2.32,0.22,30.56,,,2.32
,0.01,,,,,,1.1,2022,14,147,True,,,1.71,0.1,20.97,,,1.71
0.08,0.08,,,,,,,2022,14,1479,True,,,6.1,0.52,68.0,,0.08,6.1
,,,,,,,,2022,14,2334,True,,,3.37,0.19,36.48,,,3.37
,,,,,,,,2022,14,3286,True,,,3.01,0.33,35.6,,,3.01
,,,,,,,,2022,14,5038,True,,,4.24,0.39,59.62,,,4.24
,,,,,,,,2022,14,5154,True,,,1.79,0.24,22.0,,,1.79
,0.02,,,,,0.02,5.9,2022,14,6402,True,,,1.44,0.11,14.88,,,1.44
0.07,0.07,,,,0.98,,2.46,2022,14,6794,True,,,7.57,0.75,110.4,,0.07,7.57
,,,,,,,0.44,2022,14,6798,True,,,0.56,0.03,6.84,,,0.56
0.07,0.07,,,,,,4.51,2022,14,7547,True,,,7.1,0.37,77.77,,0.07,7.1
0.04,0.04,,,,,,,2022,14,1067,True,,,2.22,0.16,27.04,,,2.22
,,,,,,,,2022,14,4234,True,,,2.35,0.18,27.96,,,2.35
,,,,,,,0.69,2022,14,4319,True,,,1.89,0.09,21.21,,,1.89
0.06,0.05,,,,,,4.12,2022,14,4983,True,,,3.85,0.22,49.54,,0.06,3.85
,,,,,,,,2022,14,5024,True,,,1.28,0.11,18.59,,,1.28
,,,,,,,0.48,2022,14,5096,True,,,0.63,0.06,7.47,,,0.63
,,,,,,,,2022,14,7049,True,,,2.08,0.21,23.64,,,2.08
0.07,0.07,,,,,,2.72,2022,14,7564,True,,,6.3,0.6,88.21,,0.07,6.3
,,,,,,,,2022,14,8013,True,,,0.06,0.01,0.69,,,0.06
0.04,0.04,,,,,,,2022,14,8118,True,,,2.03,0.11,22.16,,,2.03
,,,,,,,,2022,14,8416,True,,,0.78,0.03,10.8,,,0.78
,,,,,,,,2022,14,3269,True,,,2.76,0.22,35.16,,,2.76
,,,,,,,0.86,2022,14,3634,True,,,1.25,0.07,13.59,,,1.25
0.07,0.07,,,,,,0.89,2022,14,4037,True,,,5.84,0.44,70.66,,0.07,5.84
0.05,0.05,,,,,,,2022,14,4068,True,,,3.82,0.4,54.45,,0.05,3.82
0.06,0.06,,,,,,1.51,2022,14,4950,True,,,5.25,0.46,65.09,,0.06,5.25
,,,,,,0.01,1.14,2022,14,5121,True,,,0.66,0.04,6.8,,,0.66
0.07,0.07,,,,,,1.27,2022,14,5846,True,,,5.23,0.42,75.36,,0.07,5.23
,,,,,,,,2022,14,6290,True,,,0.8,0.06,9.72,,,0.8
0.06,0.06,,,,,,1.52,2022,14,6783,True,,,4.26,0.32,51.66,,0.06,4.26
0.09,0.09,,,,,,5.48,2022,14,6786,True,,,7.31,0.7,99.92,,0.09,7.31
0.06,0.06,,,,,,,2022,14,6801,True,,,5.26,0.51,71.4,,0.06,5.26
,,,,,,,0.79,2022,14,6824,True,,,3.36,0.33,49.91,,,3.36
,,,,,,,,2022,14,6920,True,,,2.63,0.18,31.54,,,2.63
0.12,0.06,,,,,,2.05,2022,14,7526,True,,,5.18,0.4,74.0,,0.06,5.18
,,,,,,,1.32,2022,14,7540,True,,,1.8,0.16,21.88,,,1.8
,,,,,,,,2022,14,7793,True,,,1.06,0.06,8.2,,,1.06
,,,,,,,,2022,14,8148,True,,,1.28,0.1,19.13,,,1.28
,,,,,,,,2022,14,8180,True,,,0.2,0.02,2.17,,,0.2
,,,,,,,,2022,14,947,True,,,1.65,0.18,20.72,,,1.65
0.07,0.07,,,,,,,2022,14,1689,True,,,5.69,0.45,61.66,,0.07,5.69
,,,,,,,,2022,14,3445,True,,,0.36,0.04,4.32,,,0.36
0.03,0.03,,,,,,,2022,14,4131,True,,,1.04,0.1,14.14,,0.03,1.04
,,,,,,,,2022,14,4171,True,,,2.46,0.24,32.13,,,2.46
,,,,,,0.06,3.7,2022,14,4197,True,,,3.39,0.24,36.65,,,3.39
0.02,0.02,,,,,,0.44,2022,14,5113,True,,,1.13,0.09,13.87,,,1.13
0.13,,,,,,,2.07,2022,14,5137,True,,,3.27,0.33,41.05,,,3.27
0.07,0.07,,,,,,2.88,2022,14,5859,True,,,5.76,0.55,82.86,,0.07,5.76
0.11,0.06,,,,0.8,0.17,19.06,2022,14,5872,True,,,3.98,0.24,50.59,,0.06,3.98
,,,,,,,,2022,14,5965,True,,,0.23,0.01,2.18,,,0.23
,,,,,,,1.12,2022,14,6149,True,,,3.72,0.37,52.43,,,3.72
,,,,,,,,2022,14,6598,True,,,1.02,0.08,10.3,,,1.02
0.08,0.07,,,,,0.07,5.78,2022,14,6814,True,,,1.85,0.15,20.01,,,1.85
,,,,,,,,2022,14,7210,True,,,3.54,0.19,41.6,,,3.54
0.03,0.03,,,,,,1.39,2022,14,7596,True,,,1.8,0.14,22.49,,0.03,1.8
,,,,,,,,2022,14,8475,True,,,0.98,0.07,9.94,,,0.98
,,,,,,,,2022,14,8756,True,,,2.04,0.12,22.31,,,2.04
,,,,,,,,2022,14,1346,True,,,1.94,0.16,28.56,,,1.94
0.07,0.07,,,,,0.07,2.86,2022,14,1352,True,,,4.15,0.26,48.07,,,4.15
0.07,0.07,,,,,,,2022,14,2374,True,,,5.14,0.51,67.85,,0.07,5.14
0.07,0.07,,,,,,,2022,14,2449,True,,,7.93,0.75,101.11,,0.07,7.93
,,,,,,,,2022,14,2750,True,,,2.37,0.1,29.0,,,2.37
0.08,0.08,,,,,,3.0,2022,14,3321,True,,,7.98,0.64,107.89,,0.08,7.98
,,,,,,,,2022,14,4036,True,,,2.78,0.25,40.38,,0.06,2.78
0.05,0.05,,,,,,1.63,2022,14,4040,True,,,4.78,0.28,53.77,,0.05,4.78
,,,,,,,0.6,2022,14,4080,True,,,3.66,0.21,54.84,,,3.66
0.06,0.06,,,,,,,2022,14,4951,True,,,3.35,0.28,45.93,,0.06,3.35
0.1,0.05,,,,,,2.78,2022,14,5937,True,,,4.67,0.26,46.6,,0.05,4.67
,,,,,,0.05,4.58,2022,14,6847,True,,,2.59,0.23,28.31,,,2.59
,,,,,,,,2022,14,6849,True,,,1.45,0.08,19.43,,,1.45
,,,,,,,,2022,14,7496,True,,,3.65,0.21,39.98,,,3.65
,,,,,,,,2022,14,8076,True,,,0.29,0.02,2.86,,,0.29
0.06,0.06,,,,,,,2022,14,8146,True,,,4.01,0.28,48.18,,0.06,4.01
,,,,,,,,2022,14,8176,True,,,0.44,0.04,5.71,,,0.44
0.08,0.08,,,,,,,2022,14,1426,True,,,6.83,0.4,81.0,,,6.83
0.01,0.01,,,,,,0.29,2022,14,3423,True,,,0.68,0.05,8.66,,,0.68
0.07,0.08,,,,,,1.21,2022,14,5848,True,,,4.98,0.35,61.32,,,4.98
,0.02,,,,,0.02,1.88,2022,14,8188,True,,,1.49,0.11,17.38,,,1.49
,,,,,,,,2022,14,5970,True,,,1.68,0.12,19.0,,,1.68
,,,,,,,,2022,14,830,True,,,1.16,0.08,12.0,,,1.16
,,,,,,,,2022,14,2319,True,,,2.83,0.24,38.1,,,2.83
0.11,0.1,,,,,,,2022,14,2325,True,,,2.69,0.23,42.49,,,2.69
,,,,,1.35,,3.48,2022,14,4454,True,,,2.38,0.15,29.82,,,2.38
,,,,,,,,2022,14,4421,True,,,0.21,0.02,1.78,0.21,,
,,,,,,,,2022,14,5985,True,,,2.6,0.3,41.84,2.6,,
0.05,0.04,,,,,,,2022,14,3271,True,,,2.97,0.15,27.43,2.97,0.05,
,,,,,,,,2022,14,2214,True,,,1.89,0.18,19.98,1.89,,
,,,,,,,,2022,14,2460,True,,,1.07,0.09,10.84,1.07,0.05,
,,,,,,,,2022,14,3202,True,,,2.67,0.2,26.74,2.67,,
,,,,,,,,2022,14,3258,True,,,0.19,0.02,1.84,0.19,,
,,,,,,,,2022,14,4089,True,,,3.63,0.33,40.7,3.63,,
,,,,,,,,2022,14,6040,True,,,0.27,0.03,3.05,0.27,,
,,,,,,,0.28,2022,14,6529,True,,,0.5,0.02,2.97,,,
,,,,,,,,2022,14,7075,True,,,0.06,0.01,0.26,0.06,,
,,,,,,0.01,0.28,2022,14,7216,True,,,0.5,0.02,2.75,,,
,,,,,,,,2022,14,7828,True,,,0.16,0.01,1.35,0.16,,
,,,,,,,,2022,14,8131,True,,,2.09,0.18,20.33,2.09,,
,,,,,,,,2022,14,8225,True,,,2.53,0.16,20.16,2.53,,
,,,,,,,,2022,14,2390,True,,,0.66,0.04,6.34,0.66,,
,,,,,,,,2022,14,2545,True,,,0.65,0.06,5.01,0.65,,
0.07,0.07,,,,,,,2022,14,5133,True,,,2.74,0.2,25.08,2.74,0.07,
,,,,,,,,2022,14,5973,True,,,0.57,0.07,6.33,0.57,,
,,,,,,,,2022,14,6865,True,,,1.24,0.21,11.6,1.24,,
,,,,,,,,2022,14,8583,True,,,0.7,0.02,7.02,0.7,,
0.15,0.07,,,,,,,2022,14,1466,True,,,6.61,0.96,80.76,6.61,0.07,
,,,,,,,,2022,14,4055,True,,,0.73,0.06,7.31,0.73,,
,,,,,,,,2022,14,4066,True,,,3.07,0.28,30.12,3.07,,
,,,,,,,,2022,14,4443,True,,,0.73,0.07,5.8,0.73,,
0.05,0.06,,,,,,,2022,14,4993,True,,,2.02,0.16,23.0,2.02,0.05,
0.07,0.07,,,,,,,2022,14,5001,True,,,4.72,0.36,48.75,4.72,0.07,
,,,,,,,,2022,14,5008,True,,,1.19,0.1,11.56,1.19,,
0.12,0.06,,,,,,,2022,14,5012,True,,,5.11,0.48,63.64,5.11,0.06,
,,,,,,,,2022,14,6137,True,,,0.19,0.03,2.05,0.19,,
,,,,,,,,2022,14,6665,True,,,0.61,0.09,6.89,0.61,,
,,,,,,,,2022,14,6894,True,,,2.17,0.19,11.6,2.17,,
,,,,,,,,2022,14,6970,True,,,0.17,0.02,0.84,0.17,,
0.06,0.06,,,,,,,2022,14,7600,True,,,4.08,0.32,43.87,4.08,0.06,
,,,,,,,,2022,14,7842,True,,,0.42,0.01,3.24,0.42,,
,,,,,,,,2022,14,8110,True,,,0.89,0.04,8.84,0.89,,
,,,,,,,,2022,14,8170,True,,,0.98,0.1,8.06,0.98,,
,,,,,,,,2022,14,8177,True,,,1.17,0.12,9.48,1.17,,
,,,,,,,,2022,14,8210,True,,,2.96,0.24,27.52,2.96,,
,,,,,,,,2022,14,8227,True,,,0.88,0.09,7.76,0.88,,
,,,,,,,,2022,14,8484,True,,,0.54,0.05,5.08,0.54,,
,,,,,,,,2022,14,8523,True,,,0.13,,1.36,0.13,,
,,,,,,,,2022,14,3048,True,,,0.2,0.02,2.18,0.2,0.07,
,,,,,,,,2022,14,4314,True,,,1.07,0.08,9.97,1.07,,
,,,,,,,,2022,14,4741,True,,,0.44,0.02,4.47,0.44,,
,,,,,,,,2022,14,4995,True,,,1.33,0.17,14.45,1.33,,
,,,,,,,,2022,14,6018,True,,,1.13,0.06,10.29,1.13,,
,,,,,,,,2022,14,6843,True,,,0.95,0.1,10.7,0.95,,
,,,,,,,,2022,14,6850,True,,,1.46,0.14,16.34,1.46,,
,,,,,,,,2022,14,6956,True,,,0.7,0.05,6.4,0.7,,
,,,,,,,,2022,14,6964,True,,,0.32,0.02,2.02,0.32,,
,,,,,,,,2022,14,7536,True,,,0.51,0.07,4.85,0.51,,
,,,,,,,,2022,14,8197,True,,,1.21,0.1,11.3,1.21,,
,,,,,,,,2022,14,4033,True,,,3.52,0.34,38.56,3.52,,
,,,,,,,,2022,14,4189,True,,,0.41,0.03,3.84,0.41,,
,,,,,,,,2022,14,5032,True,,,2.45,0.26,22.27,2.45,,
0.08,0.08,,,,,,,2022,14,5857,True,,,2.3,0.24,27.4,2.3,,
,,,,,,,,2022,14,5906,True,,,2.75,0.26,30.67,2.75,0.05,
,,,,,,,,2022,14,7554,True,,,0.3,0.02,2.58,0.3,,
,,,,,,,,2022,14,7568,True,,,1.92,0.15,19.86,1.92,,
,,,,,,,,2022,14,7694,True,,,0.94,0.08,9.23,0.94,,
,,,,,,,,2022,14,7891,True,,,1.64,0.08,15.65,1.64,,
,,,,,,,,2022,14,8172,True,,,3.76,0.31,37.17,3.76,,
,,,,,,,,2022,14,2755,True,,,0.31,0.01,2.57,0.31,,
0.06,0.05,,,,,,,2022,14,4217,True,,,3.61,0.28,45.94,3.61,0.06,
,,,,,,,,2022,14,5010,True,,,1.82,0.18,18.54,1.82,,
0.07,0.07,,,,,,,2022,14,5844,True,,,4.85,0.34,49.19,4.85,0.07,
,,,,,,,,2022,14,7946,True,,,1.02,0.06,6.9,1.02,,
,,,,,,,,2022,14,8041,True,,,0.56,0.02,6.04,0.56,,
,,,,,,,,2022,14,8111,True,,,2.35,0.13,24.7,2.35,,
,,,,,,,,2022,14,8145,True,,,0.26,0.02,2.79,0.26,,
,,,,,,,,2022,14,8849,True,,,0.06,0.01,0.33,0.06,,
,,,,,,,,2022,14,8130,True,,,2.0,0.11,19.46,2.0,,
,,,,,,,,2022,14,4144,True,,,1.93,0.18,20.36,1.93,,
,,,,,,,,2022,14,3496,True,,,0.03,0.02,0.17,0.03,,
0.07,0.07,,,,,,,2022,14,3214,True,,,2.48,0.26,29.19,2.48,0.07,
,0.29,,0.85,1.5,226.0,0.1,8.07,2022,15,8183,True,,,,,,,,
0.25,0.13,,0.79,1.62,242.22,0.19,18.25,2022,15,1373,True,,,,,,,,
0.47,0.21,0.05,0.88,1.19,226.37,0.01,2.11,2022,15,24,True,,,,,,,,
0.87,0.3,0.15,0.8,1.85,258.78,0.2,21.64,2022,15,4017,True,0.12,,,,,,,
0.6,0.3,,0.84,1.13,162.71,0.31,42.94,2022,15,7083,True,,,,,,,,
0.67,0.34,0.14,0.81,2.11,270.4,0.37,36.86,2022,15,4984,True,,,,,,,,
0.73,0.32,0.14,0.72,1.89,279.43,0.04,3.96,2022,15,1166,True,,,,,,,,
0.47,0.19,0.06,0.9,1.86,284.6,0.05,1.84,2022,15,6768,True,,,,,,,,
0.29,0.14,,0.15,0.46,30.64,0.29,22.7,2022,15,3362,True,,,,,,,,
0.72,0.29,0.22,0.56,2.42,316.4,0.2,22.37,2022,15,4046,True,,,,,,,,
0.55,0.19,0.14,0.77,2.11,281.08,0.19,11.44,2022,15,6770,True,,,,,,,,
0.8,0.37,0.13,0.94,1.74,262.08,0.09,11.78,2022,15,7523,True,,,,,,,,
0.47,0.23,0.06,0.7,1.34,214.13,0.06,11.75,2022,15,7527,True,,,,,,,,
0.67,0.22,,0.96,1.1,154.52,0.3,38.88,2022,15,8159,True,,,,,,,,
0.54,0.25,0.06,0.84,1.75,257.39,0.12,8.05,2022,15,3163,True,,,,,,,,
0.71,0.24,0.05,0.7,1.0,203.0,0.3,37.0,2022,15,5870,True,,,,,,,,
0.68,0.27,0.07,0.96,1.38,238.53,0.2,20.46,2022,15,7538,True,,,,,,,,
0.94,0.47,,0.91,1.36,227.04,0.1,15.0,2022,15,2711,True,,,,,,,,
,0.31,,0.94,1.08,210.11,0.09,6.1,2022,15,6037,True,,,,,,,,
0.3,0.13,0.18,0.62,1.69,270.09,0.06,1.93,2022,15,167,True,,,,,,,,
0.37,0.25,0.12,0.85,1.22,196.77,0.17,10.96,2022,15,3976,True,,,,,,,,
0.88,0.34,,0.91,1.37,211.92,0.02,11.06,2022,15,533,True,,,,,,,,
0.75,0.38,,0.97,1.56,262.14,0.1,6.16,2022,15,829,True,,,,,,,,
0.61,0.24,0.15,0.85,1.8,235.95,0.16,16.13,2022,15,1049,True,,,,,,,,
0.75,0.22,0.08,0.81,2.28,286.29,0.14,16.18,2022,15,3294,True,,,,,,,,
0.67,0.28,0.14,0.72,1.65,255.66,0.56,66.91,2022,15,6904,True,0.09,,,,,,,
0.36,0.09,0.04,0.65,0.84,165.09,0.09,8.0,2022,15,7585,True,,,,,,,,
0.64,0.26,0.13,0.77,1.79,270.85,0.06,3.94,2022,15,2028,True,,,,,,,,
0.72,0.36,,0.7,1.04,196.3,0.51,15.92,2022,15,4943,True,,,,,,,,
0.57,0.23,0.17,0.7,2.18,287.35,0.16,16.73,2022,15,6797,True,0.05,,,,,,,
0.48,0.26,0.05,0.65,1.3,162.58,0.53,67.73,2022,15,7591,True,0.07,,,,,,,
0.61,0.2,0.1,0.89,1.1,212.34,0.1,11.98,2022,15,4892,True,,,,,,,,
0.36,0.18,0.18,0.6,1.75,233.46,0.08,5.4,2022,15,96,True,,,,,,,,
,0.01,,,,,0.13,18.0,2022,15,6012,True,,1.48,1.48,0.07,11.05,,,
0.1,0.06,,,,,0.54,61.95,2022,15,8151,True,,1.65,1.65,0.07,12.81,,,
,,,,,,0.26,30.21,2022,15,8408,True,,0.22,0.22,,1.65,,,
0.13,0.06,,,,,0.69,70.61,2022,15,4034,True,,4.56,4.56,0.2,36.48,,,
,,,,,,,1.0,2022,15,1379,True,,,1.09,0.06,11.0,,,
,,,,,,,0.73,2022,15,4353,True,,,0.82,,6.6,,,
0.11,0.06,,,,,0.73,79.69,2022,15,4988,True,0.06,1.34,1.34,0.04,9.93,,,
,,,,,,0.01,5.01,2022,15,5995,True,,0.71,0.71,,5.54,,,
,,,,,,0.01,1.76,2022,15,6694,True,,0.3,0.3,,2.46,,,
,,,,,,,2.17,2022,15,6918,True,,0.14,0.14,,1.1,,,
,0.01,,,,,0.01,0.87,2022,15,7609,True,,0.72,0.72,0.06,6.74,,,
,,,,,,0.26,31.07,2022,15,8138,True,,2.17,2.17,0.05,15.35,,,
,,,,,,,0.42,2022,15,3832,True,,,0.59,0.05,6.58,,,
0.09,0.05,,,,,0.4,59.88,2022,15,6806,True,,1.11,1.11,0.03,8.13,,,
0.09,0.05,,,,,0.24,34.33,2022,15,4098,True,,2.22,2.22,0.08,18.97,,,
0.01,,,,,,0.01,2.84,2022,15,5980,True,,0.07,0.07,0.0,0.5,,,
0.09,0.05,,,,,0.29,47.47,2022,15,6130,True,,1.68,1.68,0.04,12.14,,,
0.19,0.06,,,,,0.5,82.47,2022,15,6813,True,0.12,3.02,3.02,0.07,23.65,,,
,,,,,,,1.63,2022,15,8143,True,,,,,,,,
0.26,0.13,,,,,0.64,70.19,2022,15,4029,True,0.06,3.08,3.08,0.07,19.17,,,
,0.04,,,,,0.43,50.42,2022,15,6845,True,,1.38,1.38,0.06,10.02,,,
,,,,,,,0.66,2022,15,7204,True,,,,,,,,
,,,,,,0.36,49.01,2022,15,2749,True,,1.57,1.57,,13.06,,,
0.07,,,,,,0.22,32.67,2022,15,5248,True,,0.55,0.55,,4.49,,,
,,,,,,0.04,8.47,2022,15,5347,True,,1.21,1.21,0.06,9.21,,,
0.02,,,,,,0.1,18.84,2022,15,5987,True,,0.76,0.76,0.02,5.7,,,
,,,,,,,2.22,2022,15,6109,True,,,0.56,,5.84,,,
,0.04,,,,,0.21,27.09,2022,15,7551,True,,2.17,2.17,0.13,15.66,,,
,,,,,,0.01,0.93,2022,15,7720,True,,0.08,0.08,,0.57,,,
,,,,,,,0.44,2022,15,886,True,,0.06,0.06,,0.44,,,
,,,,,,0.27,33.62,2022,15,2161,True,,4.71,4.71,0.15,36.88,,,
,0.01,,,,,0.06,9.35,2022,15,2391,True,,1.49,1.49,0.03,11.1,,,
0.06,0.06,,,,,0.71,58.29,2022,15,4149,True,,0.59,0.59,0.02,3.92,,,
,0.01,,,,,0.07,14.76,2022,15,4152,True,,1.0,1.0,0.03,6.51,,,
0.15,0.07,,,,,0.5,64.67,2022,15,4663,True,,5.79,5.79,0.24,46.73,,,
,0.01,,,,,0.07,16.49,2022,15,4718,True,,1.75,1.75,0.03,12.21,,,
0.17,0.12,,,,,0.5,75.0,2022,15,4866,True,,2.18,2.18,0.08,17.71,,,
0.12,0.06,,,,,0.3,62.05,2022,15,5892,True,,2.54,2.54,0.06,19.32,,,
0.14,0.07,,,,,0.4,60.04,2022,15,5967,True,,3.27,3.27,0.2,23.87,,,
,,,,,,,,2022,15,6202,True,,,0.14,,1.25,,,
,,,,,,0.05,3.45,2022,15,6323,True,,,0.6,,4.82,0.6,0.11,
,,,,,,0.04,3.74,2022,15,6885,True,,0.26,0.26,,1.64,,,
,,,,,,0.06,11.51,2022,15,7567,True,,1.28,1.28,0.02,9.55,,,
,,,,,,0.02,1.23,2022,15,7794,True,,0.39,0.39,0.02,2.85,,,
,,,,,,0.04,4.8,2022,15,8123,True,,0.22,0.22,,1.48,,,
,,,,,,0.02,2.82,2022,15,8179,True,,0.15,0.15,,0.81,,,
,,,,,,,3.44,2022,15,8181,True,,,0.83,,6.76,0.83,,
,0.01,,,,,0.08,7.8,2022,15,8221,True,,0.56,0.56,0.01,3.87,,,
0.24,0.12,,,,,0.77,86.66,2022,15,3198,True,0.06,2.24,2.24,0.07,17.1,,,
0.13,0.06,,,,,0.4,56.53,2022,15,4035,True,0.06,4.52,4.52,0.14,35.22,,,
0.14,0.07,,,,,0.5,65.1,2022,15,4137,True,0.07,2.78,2.78,0.11,21.27,,,
,,,,,,0.08,12.15,2022,15,4455,True,,0.99,0.99,,7.0,,,
,,,,,,,2.01,2022,15,6144,True,,0.06,0.06,,0.46,,,
0.1,0.05,,,,,0.4,58.49,2022,15,7528,True,0.06,2.1,2.1,0.07,15.16,,,
0.1,0.05,,,,,0.16,29.14,2022,15,7607,True,,2.93,2.93,0.12,22.63,,,
,,,,,,0.03,2.82,2022,15,7809,True,,0.72,0.72,,5.37,,,
,,,,,,0.01,4.1,2022,15,8223,True,,,0.87,0.11,10.35,,,0.87
0.03,,,,,,0.03,2.82,2022,15,8800,True,,0.16,0.16,,0.98,,,
,,,,,,,0.27,2022,15,8820,True,,,0.3,,2.1,,,
,,,,,,0.41,54.54,2022,15,1476,True,,2.52,2.52,,17.44,,,
,,,,,,0.02,3.54,2022,15,2359,True,,2.13,2.13,0.07,15.92,,,
,,,,,,0.13,10.28,2022,15,5131,True,,0.8,0.8,,5.67,,,
0.13,0.09,,,,,0.28,37.67,2022,15,6790,True,,4.09,4.09,0.13,31.52,,,
0.11,0.06,,,,,0.24,35.75,2022,15,6945,True,0.05,3.32,3.32,0.11,25.7,,,
,,,,,,0.1,15.69,2022,15,7045,True,,1.01,1.01,,6.91,,,
0.37,0.1,,,,,0.43,54.99,2022,15,8122,True,,1.57,1.57,0.03,13.42,,,
,,,,,,,1.95,2022,15,8189,True,,0.07,0.07,0.0,0.55,,,
,,,,,,0.02,2.79,2022,15,1034,True,,0.43,0.43,,3.25,,,
,,,,,,0.29,40.68,2022,15,1387,True,,2.28,2.28,0.06,16.38,,,
0.1,0.05,,,,,0.22,43.49,2022,15,1535,True,,1.79,1.79,0.06,14.15,,,
,,,,,,,0.33,2022,15,2073,True,,,0.24,,1.95,,,
,0.01,,,,,0.01,1.61,2022,15,2471,True,,,0.25,0.01,1.73,,,
,,,,,,,0.24,2022,15,3354,True,,,,,,,,
0.07,0.04,,,,,0.26,30.73,2022,15,3969,True,,3.32,3.32,0.12,23.4,,,
,,,,,,0.11,16.85,2022,15,4147,True,,2.27,2.27,0.08,16.77,,,
,,,,,,0.13,13.14,2022,15,6156,True,,0.14,0.14,,1.06,,,
0.2,,,,,,0.21,35.18,2022,15,7594,True,,1.9,1.9,0.04,13.6,,,
,,,,,,,2.57,2022,15,8025,True,,,0.29,,1.43,,,
,,,,,,0.24,35.97,2022,15,8132,True,,0.57,0.57,,4.22,,,
0.01,0.01,,,,,0.02,3.74,2022,15,8153,True,,0.26,0.26,0.01,1.82,,,
,,,,,,0.17,21.66,2022,15,8228,True,,1.46,1.46,,10.7,,,
,0.01,,,,,0.02,5.75,2022,15,8254,True,,0.99,0.99,0.04,8.95,,,
,,,,,,,1.36,2022,15,1386,True,,0.54,0.54,0.02,3.54,,,
0.13,0.06,,,,,0.66,72.16,2022,15,3164,True,0.07,0.84,0.84,0.02,6.08,,,
0.14,,,,,,0.43,66.03,2022,15,4111,True,,1.44,1.44,0.05,11.08,,,
,,,,,,,1.13,2022,15,4651,True,,0.06,0.06,,0.44,,,
,,,,,,0.02,3.09,2022,15,5052,True,,0.24,0.24,0.03,1.87,,,
,,,,,,0.06,9.21,2022,15,5122,True,,0.35,0.35,,2.26,,,
0.13,0.07,,,,,0.74,79.63,2022,15,5850,True,,2.99,2.99,0.06,21.73,,,
0.13,0.07,,,,,0.43,62.75,2022,15,7611,True,0.06,3.91,3.91,0.07,28.59,,,
,,,,,,0.06,7.1,2022,15,8139,True,,0.16,0.16,,1.26,,,
,,,,,,0.44,69.7,2022,15,8154,True,,1.34,1.34,0.03,10.64,,,
,,,,,,0.03,7.34,2022,15,8174,True,,0.14,0.14,,1.06,,,
,,,,,,0.05,5.87,2022,15,8255,True,,0.38,0.38,,2.91,,,
0.11,0.05,,,,,0.51,59.99,2022,15,4018,True,0.05,2.36,2.36,0.1,18.25,,,
,,,,,,0.02,3.5,2022,15,5046,True,,0.79,0.79,,4.94,,,
,,,,,,0.15,9.74,2022,15,6039,True,,0.95,0.95,0.1,6.58,,,
0.15,0.07,,,,,0.5,85.81,2022,15,6151,True,,1.9,1.9,0.05,14.14,,,
,,,,,,,2.19,2022,15,6878,True,,0.21,0.21,,1.5,,,
,,,,,,0.15,10.95,2022,15,6996,True,,1.18,1.18,,9.18,,,
,,,,,,,16.85,2022,15,7064,True,,1.06,1.06,,8.03,,,
,,,,,,0.02,4.0,2022,15,7529,True,,0.42,0.42,,2.28,,,
0.17,0.09,,,,,0.37,64.27,2022,15,7543,True,,2.52,2.52,0.16,20.38,,,
,,,,,,0.14,14.32,2022,15,7741,True,,0.11,0.11,,1.01,,,
,0.01,,,,,0.08,12.17,2022,15,8116,True,,0.56,0.56,0.07,3.99,,,
,,,,,,0.2,51.01,2022,15,8136,True,,3.1,3.1,0.08,23.4,,,
0.18,0.09,,,,,0.51,73.66,2022,15,8205,True,,1.11,1.11,0.04,8.36,,,
,,,,,,,0.97,2022,15,8428,True,,,0.49,0.02,2.36,,,
0.13,0.07,,,,,0.4,62.4,2022,15,4199,True,,3.34,3.34,0.15,25.14,,,
0.09,0.05,,,,,0.37,49.03,2022,15,6938,True,,0.6,0.6,0.02,4.36,,,
,,,,,,0.03,3.04,2022,15,6963,True,,0.16,0.16,,1.22,,,
0.11,0.06,,,,,0.27,48.0,2022,15,6828,True,0.05,2.08,2.08,0.06,16.11,,,
,,,,,,0.1,17.85,2022,15,8150,True,,1.54,1.54,,11.62,,,
0.08,0.07,,,,,,,2022,15,5846,True,,,5.61,0.45,73.0,,0.08,5.61
0.06,0.07,,,,,,,2022,15,2374,True,,,5.04,0.4,66.59,,0.06,5.04
,,,,,,,,2022,15,7049,True,,,3.19,0.2,36.34,,,3.19
,,,,,,,,2022,15,8176,True,,,1.12,0.1,14.49,,,1.12
0.06,0.07,,,,,,1.0,2022,15,6803,True,,,4.46,0.39,61.88,,0.06,4.46
,,,,,,,,2022,15,1346,True,,,1.93,0.16,28.46,,,1.93
,0.01,,,,,0.01,2.43,2022,15,5096,True,,,1.84,0.12,21.87,,,1.84
0.06,0.06,,,,,,,2022,15,2309,True,,,5.11,0.45,64.55,,0.06,5.11
,,,,,,,,2022,15,3286,True,,,2.98,0.33,35.26,,,2.98
,,,,,,0.06,3.53,2022,15,4197,True,,,3.24,0.23,34.97,,,3.24
,,,,,,,,2022,15,5880,True,,,3.79,0.3,46.27,,,3.79
,,,,,,,,2022,15,6427,True,,,1.36,0.09,18.1,,,1.36
,,,,,,,,2022,15,8142,True,,,2.13,0.17,25.96,,,2.13
,,,,,,,,2022,15,8180,True,,,0.2,0.02,2.17,,,0.2
,,,,,,,,2022,15,8202,True,,,1.01,0.04,11.39,,,1.01
0.06,0.06,,,,,,,2022,15,1144,True,,,1.71,0.12,16.07,,,1.71
0.07,0.07,,,,,,,2022,15,1689,True,,,5.12,0.4,55.46,,0.07,5.12
0.03,0.03,,,,,,0.5,2022,15,5113,True,,,1.28,0.1,15.74,,,1.28
,,,,,,,0.4,2022,15,7066,True,,,2.51,0.18,31.84,,,2.51
,,,,,,,,2022,15,8134,True,,,0.99,0.07,12.09,,,0.99
,,,,,,,,2022,15,147,True,,,1.72,,20.96,,,1.72
,,,,,,,,2022,15,5154,True,,,1.31,0.17,13.52,,,1.31
0.06,0.06,,,,,,1.97,2022,15,6819,True,,,5.56,0.3,61.09,,0.06,5.56
0.11,0.05,,,,,,1.98,2022,15,7526,True,,,4.98,0.38,65.43,,0.05,4.98
0.06,0.06,,,,,,3.3,2022,15,3321,True,,,6.47,0.52,87.5,,0.06,6.47
,,,,,,,,2022,15,6957,True,,,1.55,0.15,17.63,,,1.55
,,,,,,,0.44,2022,15,6798,True,,,0.56,0.03,6.84,,,0.56
,,,,,,,0.78,2022,15,6824,True,,,3.33,0.33,49.46,,,3.33
,,,,,,0.05,4.54,2022,15,6847,True,,,2.57,0.23,28.04,,,2.57
0.07,0.07,,,,,,,2022,15,2449,True,,,7.56,0.71,96.49,,0.07,7.56
0.07,0.07,,,,0.93,,2.42,2022,15,6794,True,,,7.46,0.74,102.76,,0.07,7.46
0.06,0.06,,,,,,0.74,2022,15,6943,True,,,3.77,0.44,58.71,,0.06,3.77
0.08,0.08,,,,,,,2022,15,2133,True,,,7.83,0.7,98.78,,0.08,7.83
,,,,,,,,2022,15,2673,True,,,1.31,0.1,16.38,,,1.31
0.06,0.06,,,,,,,2022,15,4068,True,,,4.1,0.43,64.39,,0.06,4.1
,,,,,,,,2022,15,4171,True,,,1.96,0.19,25.65,,,1.96
,,,,,,,,2022,15,4622,True,,,0.54,0.04,6.09,,,0.54
,,,,,,0.04,2.83,2022,15,5121,True,,,1.67,0.1,17.0,,,1.67
,,,,,,,3.8,2022,15,5323,True,,,2.6,0.22,32.49,,,2.6
,,,,,,,,2022,15,5773,True,,,1.01,0.12,13.95,,,1.01
0.05,0.06,,,,0.72,,0.41,2022,15,5947,True,,,4.25,0.25,44.85,,,4.25
,,,,,,,,2022,15,6069,True,,,0.25,,2.76,,,0.25
,,,,,,,,2022,15,6598,True,,,2.07,0.17,20.83,,,2.07
0.08,0.08,,,,,0.08,6.01,2022,15,6814,True,,,1.93,0.15,20.79,,,1.93
0.07,0.07,,,,,,4.4,2022,15,7547,True,,,6.93,0.36,75.91,,0.07,6.93
,,,,,,,,2022,15,8188,True,,,1.88,0.16,21.95,,,1.88
,,,,,,,,2022,15,8475,True,,,2.34,0.15,23.53,,,2.34
0.07,0.07,,,,,,,2022,15,1426,True,,,6.2,0.43,65.21,,,6.2
0.07,0.07,,,,,,0.38,2022,15,2216,True,,,4.78,0.3,68.78,,0.07,4.78
,,,,,,,,2022,15,2331,True,,,0.28,0.03,3.55,,,0.28
,,,,,,,,2022,15,2334,True,,,2.9,0.21,39.8,,,2.9
,,,,,,,1.48,2022,15,2750,True,,,1.18,0.1,16.09,,,1.18
,,,,,,,,2022,15,3269,True,,,3.71,0.26,43.12,,,3.71
,,,,,,,,2022,15,3445,True,,,0.18,0.02,2.06,,,0.18
,,,,,,0.04,14.09,2022,15,4082,True,,,3.07,0.16,33.27,,0.04,3.07
0.06,0.06,,,,,,,2022,15,4951,True,,,3.5,0.31,50.07,,0.06,3.5
0.06,0.07,,,,,,1.1,2022,15,5848,True,,,4.48,0.31,52.13,,,4.48
,,,,,,,,2022,15,5965,True,,,0.22,,2.13,,,0.22
0.07,0.07,,,,,,1.85,2022,15,6783,True,,,5.22,0.43,62.44,,0.07,5.22
0.06,0.07,,,,,,2.6,2022,15,7596,True,,,3.36,0.28,42.04,,0.06,3.36
,,,,,,,,2022,15,7603,True,,,1.18,0.05,11.36,,,1.18
,,,,,,,,2022,15,8013,True,,,0.06,0.01,0.77,,,0.06
,,,,,,,,2022,15,8119,True,,,2.67,0.16,31.46,,,2.67
0.06,0.06,,,,,,,2022,15,8144,True,,,4.49,0.42,64.03,,0.06,4.49
,,,,,,,,2022,15,8676,True,,,2.1,0.23,28.12,,,2.1
0.07,0.06,,,,,0.06,2.78,2022,15,1352,True,,,4.03,0.2,46.78,,,4.03
0.08,0.08,,,,,,,2022,15,1479,True,,,6.16,0.52,67.65,,0.08,6.16
0.05,0.05,,,,,,1.62,2022,15,1825,True,,,3.09,0.19,33.48,,,3.09
0.07,0.07,,,,,,0.85,2022,15,4037,True,,,5.6,0.43,67.8,,0.07,5.6
,,,,,,,,2022,15,4218,True,,,0.98,0.05,10.29,,,0.98
,,,,,1.62,,4.29,2022,15,4454,True,,,2.94,0.27,36.81,,,2.94
0.06,0.06,,,,,,4.28,2022,15,4983,True,,,3.99,0.23,51.47,,0.06,3.99
0.09,0.09,,,,,,,2022,15,5026,True,,,0.87,0.09,10.44,,,0.87
,,,,,,,,2022,15,5038,True,,,4.45,0.41,62.45,,,4.45
0.04,0.04,,,,,,,2022,15,5110,True,,,2.76,0.21,32.07,,,2.76
0.08,0.08,,,,,,3.24,2022,15,5859,True,,,6.46,0.62,93.0,,0.08,6.46
0.06,0.03,,,,,,0.37,2022,15,5955,True,,,1.51,0.13,15.88,,0.06,1.51
,,,,,,,,2022,15,6290,True,,,0.97,0.08,11.6,,,0.97
,,,,,,,,2022,15,6402,True,,,1.42,0.11,14.67,,,1.42
,,,,,,,,2022,15,6849,True,,,2.25,0.2,30.09,,,2.25
0.03,0.03,,,,,,,2022,15,6989,True,,,0.53,0.05,6.25,,0.03,0.53
,,,,,,,,2022,15,7496,True,,,3.02,0.26,38.83,,,3.02
,,,,,,,1.82,2022,15,7540,True,,,2.88,0.18,30.8,,,2.88
0.07,0.07,,,,,,2.71,2022,15,7564,True,,,6.27,0.59,87.84,,0.07,6.27
,,,,,,,,2022,15,8148,True,,,1.33,0.1,19.95,,,1.33
0.07,0.06,,,,,,1.1,2022,15,3225,True,,,4.38,0.32,50.0,,,4.38
0.02,0.02,,,,,,,2022,15,4131,True,,,0.64,0.06,8.63,,0.02,0.64
,,,,,,,,2022,15,4177,True,,,2.42,0.2,31.26,,,2.42
,,,,,,,1.54,2022,15,4198,True,,,0.62,0.04,6.98,,,0.62
,,,,,,,,2022,15,5374,True,,,0.78,0.12,10.5,,,0.78
,,,,,,,,2022,15,5432,True,,,0.24,0.02,2.62,,,0.24
0.1,0.05,,,,,,2.86,2022,15,5937,True,,,4.81,0.36,47.96,,0.05,4.81
,,,,,,,,2022,15,5970,True,,,0.47,0.03,4.8,,,0.47
0.08,0.08,,,,,,4.79,2022,15,6786,True,,,6.38,0.61,87.23,,0.08,6.38
,,,,,,,0.31,2022,15,6927,True,,,2.74,0.18,38.0,,,2.74
0.07,0.08,,,,,,0.34,2022,15,7525,True,,,4.99,0.41,68.41,,0.07,4.99
,,,,,,,,2022,15,7587,True,,,0.18,0.02,4.0,,,0.18
,,,,,,,0.83,2022,15,7670,True,,,3.06,0.22,33.58,,,3.06
,,,,,,,,2022,15,8137,True,,,3.26,0.34,41.2,,,3.26
,,,,,,,,2022,15,8756,True,,,2.07,0.15,22.74,,,2.07
0.04,0.04,,,,,,,2022,15,1067,True,,,2.47,0.18,30.12,,,2.47
0.15,0.15,,,,,,1.92,2022,15,2325,True,,,3.66,0.3,57.75,,,3.66
,,,,,,,,2022,15,3328,True,,,0.15,0.0,2.03,,,0.15
,,,,,,,0.45,2022,15,3634,True,,,0.66,0.03,7.19,,,0.66
0.07,0.07,,,,,,2.04,2022,15,4040,True,,,5.99,0.34,67.36,,0.07,5.99
,,,,,,,,2022,15,4234,True,,,0.68,0.05,8.14,,,0.68
0.07,0.07,,,,,,1.45,2022,15,4950,True,,,5.03,0.44,62.32,,0.07,5.03
,,,,,,,,2022,15,4992,True,,,2.54,0.14,26.65,,,2.54
,,,,,,,,2022,15,5024,True,,,1.26,0.1,18.35,,,1.26
,,,,,,,,2022,15,5086,True,,,2.98,0.29,39.89,,,2.98
0.13,,,,,,,,2022,15,5137,True,,,3.13,0.32,39.3,,,3.13
,,,,,,,,2022,15,6149,True,,,3.56,0.2,50.2,,,3.56
,,,,,,,0.43,2022,15,6271,True,,,1.86,0.12,24.52,,,1.86
,,,,,,,,2022,15,6920,True,,,2.57,0.2,30.84,,,2.57
0.04,0.04,,,,0.71,0.04,3.86,2022,15,7606,True,,,2.49,0.13,28.31,,0.04,2.49
0.04,0.04,,,,,,,2022,15,8112,True,,,3.15,0.24,38.2,,0.04,3.15
0.07,0.07,,,,,,,2022,15,8146,True,,,5.36,0.35,64.33,,0.07,5.36
,,,,,,,,2022,15,8168,True,,,0.86,0.08,11.31,,,0.86
,,,,,,,,2022,15,8416,True,,,1.37,0.1,14.97,,,1.37
,,,,,,,,2022,15,2381,True,,,0.72,0.04,9.19,,,0.72
0.02,0.03,,,,,,0.52,2022,15,3423,True,,,1.25,0.1,15.86,,,1.25
,,,,,,,0.55,2022,15,4080,True,,,3.29,0.18,41.37,,,3.29
,,,,,,,0.46,2022,15,4319,True,,,1.24,0.07,13.87,,,1.24
,,,,,,,,2022,15,5199,True,,,2.22,0.12,26.88,,,2.22
0.07,0.07,,,,,,1.28,2022,15,5927,True,,,5.26,0.33,71.24,,0.07,5.26
,,,,,,,,2022,15,6557,True,,,0.18,0.01,2.17,,,0.18
0.06,0.06,,,,,,,2022,15,6801,True,,,4.89,0.46,66.31,,0.06,4.89
,,,,,,,,2022,15,7565,True,,,3.09,0.19,36.96,,,3.09
,,,,,,,,2022,15,7793,True,,,1.36,0.11,17.46,,,1.36
,,,,,,,,2022,15,830,True,,,1.04,0.06,13.88,,,1.04
,,,,,,,0.44,2022,15,6853,True,,,2.74,0.22,34.13,,,2.74
,,,,,,,,2022,15,7746,True,,,0.57,,4.94,,,0.57
,,,,,,0.01,2.1,2022,15,8167,True,,,4.41,0.51,59.0,,,4.41
,,,,,,,1.01,2022,15,5185,True,,,4.03,0.4,53.0,,,4.03
,,,,,,,,2022,15,8121,True,,,1.42,0.1,15.72,,,1.42
,,,,,,,,2022,15,8745,True,,,0.65,,7.11,,,0.65
,,,,,,,,2022,15,7757,True,,,3.29,0.2,32.8,,,3.29
,,,,,,,5.06,2022,15,5695,True,,,1.49,,14.58,,,1.49
,,,,,,,7.35,2022,15,7562,True,,,2.36,0.19,31.61,,,2.36
,,,,,,,,2022,15,928,True,,,2.91,0.21,30.13,,,2.91
0.06,0.06,,,,,,,2022,15,4217,True,,,3.77,0.29,45.0,3.77,0.06,
,,,,,,,,2022,15,7075,True,,,0.14,,0.54,0.14,,
0.09,0.08,,,,,,,2022,15,5857,True,,,2.52,0.2,29.0,2.52,,
,,,,,,,,2022,15,2390,True,,,0.48,0.04,4.62,0.48,,
,,,,,,,,2022,15,6865,True,,,1.14,0.1,10.61,1.14,,
,,,,,,,,2022,15,5010,True,,,2.09,0.21,21.31,2.09,,
0.11,0.05,,,,,,,2022,15,5012,True,,,4.52,0.43,56.3,4.52,0.05,
,,,,,,,,2022,15,5973,True,,,0.5,0.06,5.56,0.5,,
,,,,,,,,2022,15,7535,True,,,0.13,,0.98,0.13,,
,,,,,,,,2022,15,4314,True,,,1.07,0.08,9.97,1.07,,
,,,,,,,,2022,15,8219,True,,,1.86,0.18,19.79,1.86,,
,,,,,,,,2022,15,8849,True,,,0.04,,0.26,0.04,,
0.03,0.03,,,,,,,2022,15,4993,True,,,1.27,0.09,15.04,1.27,0.03,
,,,,,,,,2022,15,5906,True,,,2.74,0.27,30.55,2.74,0.05,
,,,,,,,,2022,15,4054,True,,,2.01,0.19,22.39,2.01,,
,,,,,,,,2022,15,4443,True,,,0.72,0.07,5.74,0.72,,
,,,,,,,,2022,15,7602,True,,,2.04,0.2,19.54,2.04,,
,,,,,,,,2022,15,8131,True,,,2.09,0.15,20.23,2.09,,
,,,,,,,,2022,15,2474,True,,,0.13,0.01,1.36,0.13,,
0.07,0.07,,,,,,,2022,15,5844,True,,,4.72,0.33,47.93,4.72,0.07,
,,,,,,,,2022,15,7536,True,,,0.49,0.07,4.62,0.49,,
,,,,,,,,2022,15,8523,True,,,0.13,,1.36,0.13,,
,,,,,,,,2022,15,4033,True,,,3.87,0.37,42.41,3.87,,
,,,,,,,,2022,15,5008,True,,,1.0,0.09,9.73,1.0,,
,,,,,,,,2022,15,6850,True,,,1.3,0.12,14.43,1.3,,
,,,,,,,,2022,15,2251,True,,,2.5,0.17,24.0,2.5,,
0.07,0.07,,,,,,,2022,15,3214,True,,,2.63,0.27,30.95,2.63,0.07,
,,,,,,,,2022,15,4066,True,,,3.95,0.26,39.78,3.95,,
,,,,,,,,2022,15,4741,True,,,0.5,0.03,5.0,0.5,,
,,,,,,,,2022,15,6074,True,,,0.93,0.08,9.51,0.93,0.08,
,,,,,,,,2022,15,6964,True,,,0.28,,1.76,0.28,,
,,,,,,,,2022,15,7002,True,,,2.86,0.33,29.15,2.86,,
,,,,,,,,2022,15,7531,True,,,0.33,0.02,3.63,0.33,,
0.06,0.06,,,,,,,2022,15,7600,True,,,4.02,0.31,43.25,4.02,0.06,
,,,,,,,,2022,15,8172,True,,,3.18,0.29,31.52,3.18,,
,,,,,,,,2022,15,8210,True,,,2.93,0.24,33.88,2.93,,
,,,,,,,,2022,15,1425,True,,,0.65,0.04,6.63,0.65,,
,,,,,,,,2022,15,2446,True,,,1.28,0.08,12.1,1.28,,
0.06,0.03,,,,,,,2022,15,2505,True,,,3.91,0.24,42.2,3.91,0.06,
,,,,,,,,2022,15,2545,True,,,0.58,0.05,4.49,0.58,,
0.27,0.1,0.14,,0.27,16.27,0.25,20.71,2022,15,4381,True,0.14,,1.36,0.1,10.93,1.36,,
,,,,,,,,2022,15,4435,True,,,0.56,0.05,5.98,0.56,,
,,,,,,,0.27,2022,15,6529,True,,,0.47,,2.85,,,
0.07,0.07,,,,,,,2022,15,6826,True,,,3.75,0.32,37.07,3.75,,
,,,,,,,,2022,15,7828,True,,,2.13,0.13,18.25,2.13,,
,,,,,,,,2022,15,943,True,,,0.07,0.01,0.68,0.07,,
,,,,,,,,2022,15,2755,True,,,0.33,,2.75,0.33,,
,,,,,,,,2022,15,3496,True,,,0.63,,4.0,0.63,,
,,,,,,,,2022,15,4089,True,,,3.53,0.32,39.55,3.53,,
,,,,,,,,2022,15,5985,True,,,1.74,0.16,19.06,1.74,,
,,,,,,,,2022,15,6018,True,,,1.11,0.06,10.14,1.11,,
,,,,,,,,2022,15,6040,True,,,0.14,0.02,1.6,0.14,,
,,,,,,,,2022,15,6970,True,,,0.17,,0.84,0.17,,
,,,,,,,,2022,15,7554,True,,,0.64,0.04,5.32,0.64,,
,,,,,,,,2022,15,7568,True,,,1.09,0.08,11.33,1.09,,
,,,,,,,,2022,15,7694,True,,,0.94,0.08,9.23,0.94,,
,,,,,,,,2022,15,8111,True,,,3.12,0.17,32.64,3.12,,
,,,,,,,,2022,15,8170,True,,,0.88,0.09,7.25,0.88,,
,,,,,,,,2022,15,8227,True,,,1.17,0.11,10.32,1.17,,
,,,,,,,,2022,15,2360,True,,,0.53,0.03,6.12,0.53,,
,,,,,,,,2022,15,2460,True,,,1.35,0.12,13.72,1.35,0.06,
,,,,,,,,2022,15,3048,True,,,0.22,,2.44,0.22,0.07,
,,,,,,,,2022,15,4144,True,,,1.81,0.17,19.12,1.81,,
,,,,,,,,2022,15,5032,True,,,2.35,0.25,21.42,2.35,,
,,,,,,,,2022,15,6075,True,,,0.21,,1.15,0.21,,
,,,,,,,,2022,15,6894,True,,,1.92,0.08,12.2,1.92,,
,,,,,,,,2022,15,6956,True,,,0.98,,8.4,0.98,,
,,,,,,,0.28,2022,15,7216,True,,,0.5,,2.75,,,
,,,,,,,,2022,15,7842,True,,,0.47,,3.63,0.47,,
,,,,,,,,2022,15,8130,True,,,1.92,0.16,20.2,1.92,,
,,,,,,,,2022,15,8177,True,,,1.62,0.1,13.09,1.62,,
,,,,,,,,2022,15,8197,True,,,1.06,0.09,9.87,1.06,,
,,,,,,,,2022,15,8484,True,,,0.59,0.02,5.5,0.59,,
,,,,,,,,2022,15,8583,True,,,0.22,,2.16,0.22,,
0.15,0.05,,,,,,,2022,15,1466,True,,,6.69,0.75,81.66,6.69,0.07,
,,,,,,,,2022,15,3258,True,,,0.18,0.02,1.76,0.18,,
,,,,,,,,2022,15,4189,True,,,0.43,0.03,4.12,0.43,,
,,,,,,,,2022,15,4995,True,,,1.33,0.17,14.45,1.33,,
0.07,0.07,,,,,,,2022,15,5001,True,,,4.56,0.35,47.03,4.56,0.07,
0.08,0.08,,,,,,,2022,15,5133,True,,,3.47,0.25,31.74,3.47,0.08,
,,,,,,,,2022,15,6665,True,,,0.66,0.09,7.46,0.66,,
,,,,,,,,2022,15,6869,True,,,1.36,0.15,14.46,1.36,,
,,,,,,,,2022,15,7716,True,,,1.26,0.06,9.0,1.26,,
,,,,,,,,2022,15,8041,True,,,0.51,,5.43,0.51,,
,,,,,,,,2022,15,2214,True,,,2.19,0.2,23.15,2.19,,
,,,,,,,,2022,15,3202,True,,,2.65,0.2,26.59,2.65,,
,,,,,,,,2022,15,6662,True,,,2.87,0.1,21.51,2.87,,
,,,,,,,,2022,15,7891,True,,,1.44,0.08,13.79,1.44,,
,,,,,,,,2022,15,7946,True,,,1.59,0.12,18.62,1.59,,
,,,,,,,,2022,15,8214,True,,,0.43,0.05,4.22,0.43,,
0.05,0.06,,,,,,,2022,15,3271,True,,,3.97,0.25,36.74,3.97,0.05,
,,,,,,,,2022,15,4602,True,,,3.01,0.27,30.0,3.01,,
,,,,,,,,2022,15,6926,True,,,0.65,,6.02,0.65,,
,,,,,,,,2022,15,7131,True,,,0.33,0.03,3.0,0.33,,
,,,,,,,,2022,15,7050,True,,,0.54,0.05,5.74,0.54,,
,,,,,,,,2022,15,111,True,,,0.33,0.02,3.92,0.33,,
0.64,0.3,0.06,1.0,1.22,241.0,0.18,15.0,2022,16,7538,True,,,,,,,,
0.7,0.33,0.11,0.85,1.6,243.0,0.11,18.0,2022,16,7523,True,,,,,,,,
0.37,0.14,0.05,0.69,1.06,174.58,0.08,7.14,2022,16,7585,True,,,,,,,,
,,,0.9,1.8,228.0,0.1,8.31,2022,16,8183,True,,,,,,,,
0.57,0.26,0.06,0.89,1.86,271.89,0.12,8.5,2022,16,3163,True,,,,,,,,
0.76,0.25,0.06,0.89,1.25,218.2,0.23,32.13,2022,16,5870,True,,,,,,,,
0.76,0.34,,0.7,0.9,225.0,0.19,21.0,2022,16,8160,True,,,,,,,,
0.26,0.14,,0.94,1.84,261.7,0.15,13.67,2022,16,1373,True,,,,,,,,
0.63,0.32,0.13,0.76,2.18,259.98,0.38,38.08,2022,16,4984,True,,,,,,,,
0.49,0.18,0.12,0.74,2.06,273.38,0.18,10.86,2022,16,6770,True,,,,,,,,
0.44,0.31,0.05,0.74,1.1,156.65,0.58,71.53,2022,16,7591,True,0.06,,,,,,,
0.46,0.23,,0.59,0.94,165.5,0.08,4.95,2022,16,829,True,,,,,,,,
0.55,0.23,0.11,0.9,1.5,242.69,0.05,5.0,2022,16,2028,True,,,,,,,,
0.72,0.2,0.07,0.75,2.12,266.79,0.13,14.2,2022,16,3294,True,,,,,,,,
0.22,0.11,,0.17,0.17,23.16,0.15,18.12,2022,16,3362,True,,,,,,,,
0.58,0.31,,0.58,1.3,164.47,0.12,15.42,2022,16,4943,True,,,,,,,,
0.71,0.39,,1.06,1.1,181.83,0.33,38.8,2022,16,7083,True,,,,,,,,
0.57,0.21,,0.58,0.98,135.54,0.2,31.22,2022,16,8159,True,,,,,,,,
0.76,0.31,0.14,0.7,2.11,269.48,0.04,4.19,2022,16,1166,True,,,,,,,,
0.81,0.25,,0.77,1.53,241.78,0.16,16.46,2022,16,6011,True,,,,,,,,
0.7,0.41,,0.78,1.18,194.9,0.1,14.35,2022,16,2711,True,,,,,,,,
0.73,0.25,0.12,0.48,1.28,204.12,0.29,26.66,2022,16,4017,True,0.14,,,,,,,
0.76,0.3,0.23,0.84,2.31,329.38,0.21,23.73,2022,16,4046,True,,,,,,,,
0.46,0.23,0.06,0.69,1.33,212.15,0.06,11.64,2022,16,7527,True,,,,,,,,
0.48,0.31,,0.52,0.75,138.08,0.3,38.1,2022,16,8161,True,,,,,,,,
0.31,0.13,0.19,0.62,1.86,268.93,0.06,2.02,2022,16,167,True,,,,,,,,
0.59,0.21,0.07,0.57,2.0,305.81,0.07,2.23,2022,16,6768,True,,,,,,,,
0.54,0.24,0.12,0.61,1.25,240.81,0.17,15.78,2022,16,1234,True,,,,,,,,
,0.3,,1.11,0.99,192.19,0.23,27.14,2022,16,5974,True,,,,,,,,
0.34,0.19,0.17,0.36,2.03,253.58,0.04,2.91,2022,16,96,True,,,,,,,,
0.6,0.23,0.1,1.05,1.32,218.74,0.08,6.05,2022,16,4892,True,,,,,,,,
0.5,0.25,,0.98,1.33,235.87,0.1,5.0,2022,16,1029,True,,,,,,,,
0.58,0.23,0.17,0.64,1.8,264.4,0.2,20.0,2022,16,6797,True,0.07,,,,,,,
0.35,0.18,,,,,0.41,54.75,2022,16,8122,True,,1.47,1.47,0.09,12.62,,,
,,,,,,0.02,2.52,2022,16,8179,True,,0.13,0.13,,0.72,,,
,,,,,,0.02,1.19,2022,16,6039,True,,0.45,0.45,0.01,2.1,,,
,,,,,,0.13,9.73,2022,16,6996,True,,1.05,1.05,,8.16,,,
0.16,0.09,,,,,0.4,67.49,2022,16,7543,True,,2.24,2.24,0.14,21.0,,,
0.09,0.05,,,,,0.15,27.1,2022,16,7607,True,,2.77,2.77,0.13,21.36,,,
,,,,,,,2.28,2022,16,1379,True,,,0.96,0.06,8.53,,,
0.12,0.06,,,,,0.64,69.7,2022,16,3164,True,0.07,0.86,0.86,0.02,6.26,,,
0.07,0.04,,,,,0.19,25.67,2022,16,4098,True,,1.67,1.67,0.06,14.26,,,
0.17,0.11,,,,,0.6,83.45,2022,16,4866,True,,1.62,1.62,0.06,13.1,,,
,,,,,,0.05,8.03,2022,16,5122,True,,0.3,0.3,,1.97,,,
0.14,0.07,,,,,0.6,89.0,2022,16,5850,True,,2.9,2.9,0.06,23.0,,,
,0.02,,,,,0.06,8.92,2022,16,6012,True,,2.24,2.24,0.09,16.69,,,
0.11,0.05,,,,,0.41,60.19,2022,16,7528,True,0.06,1.88,1.88,0.06,13.57,,,
0.21,,,,,,0.22,36.17,2022,16,7594,True,,1.95,1.95,0.04,13.98,,,
0.04,0.03,,,,,0.2,36.13,2022,16,7608,True,,0.41,0.41,0.02,3.3,,,
0.12,0.06,,,,,0.4,59.09,2022,16,7611,True,0.06,3.81,3.81,0.07,27.75,,,
,,,,,,0.06,7.6,2022,16,8116,True,,0.7,0.7,0.05,5.5,,,
,,,,,,0.15,17.79,2022,16,8408,True,,0.23,0.23,,1.71,,,
,,,,,,,0.29,2022,16,2073,True,,,0.21,,1.71,,,
0.14,,,,,,0.44,64.2,2022,16,4111,True,,1.48,1.48,0.05,11.39,,,
0.06,0.06,,,,,0.75,52.34,2022,16,4149,True,,0.63,0.63,0.02,4.14,,,
,,,,,,0.08,12.81,2022,16,4455,True,,1.04,1.04,,8.51,,,
0.08,0.04,,,,,0.16,25.18,2022,16,6945,True,0.03,2.57,2.57,0.09,19.91,,,
,0.01,,,,,0.01,3.82,2022,16,7064,True,,0.43,0.43,0.01,3.26,,,
,,,,,,0.01,0.98,2022,16,7720,True,,0.09,0.09,,0.61,,,
0.26,0.14,,,,,0.98,97.84,2022,16,3198,True,0.07,1.41,1.41,0.04,10.77,,,
,,,,,,,1.0,2022,16,3354,True,,,0.3,,1.0,,,
,,,,,,,0.44,2022,16,3832,True,,,0.62,0.05,6.97,,,
0.1,0.05,,,,,0.48,56.16,2022,16,4018,True,0.05,2.95,2.95,0.12,22.81,,,
0.28,0.14,,,,,0.68,73.53,2022,16,4029,True,0.07,3.26,3.26,0.08,9.28,,,
,,,,,,,0.82,2022,16,4353,True,,,0.93,,7.42,,,
0.09,,,,,,0.28,42.35,2022,16,5248,True,,0.62,0.62,,5.05,,,
,,,,,,0.01,5.64,2022,16,5995,True,,0.8,0.8,,6.23,,,
,,,,,,,,2022,16,6202,True,,,0.36,,3.36,,,
0.12,0.08,,,,,0.23,30.58,2022,16,6790,True,,3.98,3.98,0.12,30.69,,,
,,,,,,0.02,1.96,2022,16,7529,True,,0.15,0.15,,0.8,,,
,,,,,,0.05,10.04,2022,16,7567,True,,1.11,1.11,0.02,8.33,,,
,,,,,,0.03,2.47,2022,16,7809,True,,0.63,0.63,,4.71,,,
,0.01,,,,,0.04,4.73,2022,16,8123,True,,0.5,0.5,0.01,2.5,,,
,,,,,,0.05,9.15,2022,16,8211,True,,,,,,,,
,,,,,,0.04,8.29,2022,16,1387,True,,1.6,1.6,0.05,11.5,,,
,,,,,,0.02,3.16,2022,16,2359,True,,1.89,1.89,0.07,14.18,,,
0.11,0.05,,,,,0.33,52.32,2022,16,5892,True,,1.97,1.97,0.04,15.0,,,
0.15,0.07,,,,,0.39,61.79,2022,16,5967,True,,3.37,3.37,0.11,24.57,,,
0.03,,,,,,0.11,19.95,2022,16,5987,True,,0.8,0.8,0.02,6.03,,,
0.11,0.06,,,,,0.37,68.41,2022,16,6151,True,,1.66,1.66,0.04,12.32,,,
0.1,0.05,,,,,0.57,75.21,2022,16,6806,True,,0.84,0.84,0.02,6.56,,,
,,,,,,0.02,3.8,2022,16,6931,True,,0.91,0.91,0.02,6.27,,,
,,,,,,,0.62,2022,16,7204,True,,,,,,,,
,,,,,,0.22,26.02,2022,16,8138,True,,2.39,2.39,0.06,16.84,,,
0.11,0.06,,,,,0.5,61.57,2022,16,8151,True,,2.15,2.15,0.08,16.7,,,
,,,,,,0.02,3.72,2022,16,8174,True,,,,,,,,
,0.01,,,,,0.01,1.82,2022,16,8189,True,,0.06,0.06,0.01,0.47,,,
,,,,,,,,2022,16,8223,True,,,1.82,0.22,21.07,,,1.82
,,,,,,0.15,19.0,2022,16,8228,True,,1.58,1.58,0.02,11.59,,,
,,,,,,0.05,6.03,2022,16,8255,True,,0.39,0.39,,2.99,,,
,,,,,,0.01,1.42,2022,16,1034,True,,,,,,,,
0.08,0.04,,,,,0.19,38.34,2022,16,1535,True,,1.57,1.57,0.06,12.41,,,
0.14,0.06,,,,,0.71,71.75,2022,16,4034,True,,4.72,4.72,0.14,37.76,,,
0.11,0.06,,,,,0.42,61.92,2022,16,4035,True,0.06,3.24,3.24,0.1,25.24,,,
,,,,,,0.24,22.11,2022,16,4718,True,,1.06,1.06,0.02,7.46,,,
,,,,,,0.13,10.55,2022,16,5131,True,,0.24,0.24,,1.74,,,
,,,,,,0.04,7.89,2022,16,5347,True,,1.12,1.12,0.06,8.58,,,
,,,,,,,1.91,2022,16,6144,True,,0.06,0.06,,0.44,,,
,,,,,,0.04,4.33,2022,16,6156,True,,0.15,0.15,,1.09,,,
,,,,,,,0.42,2022,16,6694,True,,,,,,,,
,,,,,,0.06,7.22,2022,16,6951,True,,0.54,0.54,,3.8,,,
,0.03,,,,,0.29,43.06,2022,16,8132,True,,0.5,0.5,0.02,3.7,,,
,,,,,,0.33,53.09,2022,16,8154,True,,0.63,0.63,0.02,4.95,,,
0.03,,,,,,0.03,2.9,2022,16,8800,True,,0.16,0.16,,1.01,,,
,,,,,,,0.24,2022,16,8820,True,,,0.27,,1.87,,,
,,,,,,0.3,38.2,2022,16,2161,True,,5.38,5.38,0.22,42.19,,,
,0.01,,,,,0.15,12.92,2022,16,2391,True,,0.47,0.47,0.02,3.52,,,
,,,,,,,1.69,2022,16,2471,True,,,0.26,,1.84,,,
,,,,,,0.16,23.53,2022,16,4147,True,,1.85,1.85,0.06,13.69,,,
0.1,0.05,,,,,0.5,77.58,2022,16,4988,True,0.05,1.26,1.26,0.04,9.35,,,
,,,,,,0.14,22.82,2022,16,5046,True,,1.14,1.14,0.01,7.17,,,
,,,,,,0.02,3.28,2022,16,5052,True,,0.26,0.26,0.04,1.98,,,
,,,,,,,2.19,2022,16,5220,True,,0.13,0.13,,0.83,,,
0.11,0.06,,,,,0.34,56.35,2022,16,6130,True,,1.91,1.91,0.05,13.82,,,
,,,,,,,2.06,2022,16,8025,True,,,0.23,,1.15,,,
,,,,,,,1.15,2022,16,8143,True,,0.07,0.07,,0.47,,,
,,,,,,,2.45,2022,16,8181,True,,,0.59,,4.81,0.59,,
0.18,0.08,,,,,0.49,71.61,2022,16,8205,True,,1.18,1.18,0.05,8.87,,,
,,,,,,0.01,2.47,2022,16,8254,True,,0.25,0.25,0.01,2.27,,,
0.09,0.04,,,,,0.34,39.72,2022,16,3969,True,,3.48,3.48,0.12,24.55,,,
,,,,,,0.29,39.96,2022,16,5284,True,,1.79,1.79,,13.17,,,
0.1,0.05,,,,,0.41,53.32,2022,16,6938,True,,0.74,0.74,0.02,5.41,,,
,,,,,,0.22,54.24,2022,16,8136,True,,3.34,3.34,0.09,25.23,,,
,,,,,,0.43,56.37,2022,16,2749,True,,1.91,1.91,,15.83,,,
0.13,0.07,,,,,0.48,62.71,2022,16,4199,True,,3.56,3.56,0.17,26.75,,,
,,,,,,0.05,3.34,2022,16,6323,True,,,0.58,,4.67,0.58,0.11,
,,,,,,0.47,63.54,2022,16,1476,True,,1.64,1.64,,11.39,,,
,,,,,,,1.16,2022,16,4651,True,,0.06,0.06,,0.45,,,
,,,,,,0.08,8.15,2022,16,8221,True,,0.59,0.59,,4.05,,,
,0.02,,,,,0.07,14.17,2022,16,4152,True,,1.17,1.17,0.03,7.58,,,
0.1,0.04,,,,,0.21,41.19,2022,16,6828,True,0.04,2.56,2.56,0.07,19.72,,,
,,,,,,,1.42,2022,16,1386,True,,,,,,,,
0.02,0.02,,,,,0.05,9.26,2022,16,5000,True,,0.89,0.89,0.03,6.55,,,
,,,,,,,0.43,2022,16,6885,True,,,,,,,,
,,,,,,,2.62,2022,16,6918,True,,0.17,0.17,,1.33,,,
0.12,0.06,,,,,0.52,60.24,2022,16,4137,True,0.06,2.66,2.66,0.13,20.31,,,
,,,,,,,2.7,2022,16,6109,True,,,0.68,,7.07,,,
,,,,,,0.09,8.51,2022,16,6963,True,,0.16,0.16,,1.22,,,
,,,,,,0.08,13.41,2022,16,8150,True,,1.39,1.39,,10.51,,,
,,,,,,,4.79,2022,16,5100,True,,0.61,0.61,,3.95,,,
,,,,,,0.16,26.46,2022,16,7045,True,,1.13,1.13,0.02,9.0,,,
,,,,,,0.28,49.58,2022,16,6845,True,,1.34,1.34,0.1,9.8,,,
,,,,,,,0.92,2022,16,8428,True,,,0.46,0.02,2.23,,,
0.13,0.07,,,,,0.44,51.0,2022,16,4663,True,,5.57,5.57,0.3,44.98,,,
,,,,,,0.2,36.0,2022,16,7551,True,,1.99,1.99,0.02,14.32,,,
,,,,,,,,2022,16,4036,True,,,2.72,0.25,39.42,,0.06,2.72
0.07,0.07,,,,,,,2022,16,8146,True,,,5.14,0.36,66.0,,0.07,5.14
,,,,,,,2.21,2022,16,4198,True,,,0.9,0.05,10.03,,,0.9
0.06,0.06,,,,,,1.34,2022,16,4950,True,,,4.65,0.32,57.55,,0.06,4.65
0.04,0.04,,,,,,1.9,2022,16,7596,True,,,2.46,0.2,30.74,,0.04,2.46
,,,,,,,,2022,16,8013,True,,,0.06,0.01,0.69,,,0.06
,,,,,,,0.81,2022,16,4080,True,,,4.9,0.3,52.9,,,4.9
,0.01,,,,,0.03,2.34,2022,16,5121,True,,,1.39,0.08,14.09,,,1.39
0.04,0.04,,,,,,,2022,16,1067,True,,,2.2,0.16,26.77,,,2.2
0.06,0.06,,,,,,,2022,16,2133,True,,,5.9,0.52,79.0,,0.06,5.9
0.06,0.06,,,,,,,2022,16,2449,True,,,6.31,0.7,75.83,,0.06,6.31
,,,,,,,,2022,16,3269,True,,,2.72,0.22,34.81,,,2.72
,,,,,,,,2022,16,3445,True,,,0.18,0.02,2.18,,,0.18
,,,,,,,,2022,16,4234,True,,,0.7,0.05,8.37,,,0.7
0.05,0.06,,,,,,,2022,16,4951,True,,,3.01,0.27,43.13,,0.05,3.01
0.06,0.06,,,,,,4.4,2022,16,4983,True,,,4.11,0.29,52.91,,0.06,4.11
0.16,0.16,,,,,,,2022,16,5026,True,,,1.54,0.16,18.6,,,1.54
,,,,,,,,2022,16,6699,True,,,0.4,,4.0,,,0.4
,,,,,,,0.74,2022,16,6824,True,,,3.14,0.31,46.55,,,3.14
,,,,,,,,2022,16,7351,True,,,0.39,0.02,2.85,,,0.39
,,,,,,,0.55,2022,16,7540,True,,,0.8,0.07,9.45,,,0.8
0.07,0.07,,,,,,2.77,2022,16,7564,True,,,6.41,0.6,89.68,,0.07,6.41
,,,,,,,,2022,16,7793,True,,,0.79,0.02,6.03,,,0.79
0.03,0.03,,,,,,,2022,16,8118,True,,,1.92,0.1,21.05,,,1.92
,,,,,,,,2022,16,8119,True,,,2.72,0.16,32.04,,,2.72
,,,,,,,,2022,16,8168,True,,,0.91,0.09,12.0,,,0.91
,,,,,,,,2022,16,1346,True,,,3.0,0.27,54.25,,,3.0
0.05,0.05,,,,,,0.62,2022,16,2325,True,,,1.2,0.1,18.89,,,1.2
,,,,,,,0.38,2022,16,6271,True,,,1.63,0.11,21.51,,,1.63
,,,,,,,,2022,16,6920,True,,,2.86,0.21,34.32,,,2.86
0.06,0.06,,,,,,0.32,2022,16,7525,True,,,4.72,0.38,64.48,,0.06,4.72
0.04,0.04,,,,,,,2022,16,8112,True,,,3.05,0.23,37.04,,0.04,3.05
,,,,,,,,2022,16,8148,True,,,1.36,0.11,20.41,,,1.36
,,,,,,,,2022,16,8176,True,,,0.47,0.04,6.1,,,0.47
,,,,,,,,2022,16,8180,True,,,0.21,0.02,2.3,,,0.21
,,,,,,,,2022,16,147,True,,,2.26,0.25,27.52,,,2.26
,,,,,,,,2022,16,2334,True,,,1.43,0.1,15.53,,,1.43
,,,,,,,,2022,16,2381,True,,,0.71,0.05,9.02,,,0.71
,,,,,,,,2022,16,2673,True,,,1.15,0.09,14.37,,,1.15
0.06,0.06,,,,,,0.96,2022,16,3225,True,,,3.78,0.28,43.16,,,3.78
,,,,,,,0.46,2022,16,3634,True,,,0.68,0.04,7.36,,,0.68
,,,,,,0.05,3.29,2022,16,4197,True,,,3.02,0.22,32.6,,,3.02
,,,,,,,,2022,16,5086,True,,,3.16,0.31,42.33,,,3.16
0.13,,,,,,,2.09,2022,16,5137,True,,,3.3,0.3,41.44,,,3.3
,,,,,,,,2022,16,5432,True,,,0.19,0.01,2.09,,,0.19
0.07,0.07,,,,,,1.21,2022,16,5846,True,,,4.98,0.49,71.87,,0.07,4.98
0.07,0.06,,,,,,2.76,2022,16,5859,True,,,5.51,0.52,79.35,,0.07,5.51
,,,,,,,,2022,16,5902,True,,,0.8,0.03,7.89,,,0.8
0.05,0.05,,,,,,1.03,2022,16,5927,True,,,4.24,0.27,57.52,,0.05,4.24
,,,,,,,,2022,16,6402,True,,,1.46,0.11,15.09,,,1.46
0.05,0.05,,,,,,0.63,2022,16,6943,True,,,3.19,0.37,49.85,,0.05,3.19
0.12,0.12,,,,,,,2022,16,6989,True,,,2.12,0.2,24.96,,0.12,2.12
,,,,,,,,2022,16,7565,True,,,3.17,0.19,38.0,,,3.17
0.05,0.05,,,,,,,2022,16,8135,True,,,3.42,0.34,44.64,,0.05,3.42
,,,,,,,,2022,16,8188,True,,,1.86,0.16,21.75,,,1.86
0.05,0.04,,,,,0.04,1.94,2022,16,1352,True,,,2.82,0.18,32.69,,,2.82
,,,,,,,,2022,16,1817,True,,,1.36,0.1,17.22,,,1.36
0.04,0.04,,,,,,1.17,2022,16,2197,True,,,3.76,0.22,46.38,,0.04,3.76
,,,,,,,,2022,16,3155,True,,,1.5,0.13,19.02,,,1.5
,,,,,,,,2022,16,3286,True,,,4.37,0.33,45.85,,,4.37
,,,,,,0.03,6.57,2022,16,4082,True,,,2.62,0.14,28.32,,0.03,2.62
,,,,,,,,2022,16,4177,True,,,2.8,0.23,38.0,,,2.8
,,,,,,,,2022,16,5199,True,,,2.28,0.14,27.59,,,2.28
0.05,0.05,,,,,,,2022,16,5955,True,,,3.14,0.2,33.08,,0.05,3.14
,,,,,,,,2022,16,6069,True,,,0.24,,2.62,,,0.24
,,,,,,,,2022,16,6598,True,,,0.97,0.07,9.74,,,0.97
0.07,0.07,,,,,,4.45,2022,16,6786,True,,,5.93,0.57,80.99,,0.07,5.93
,,,,,,,0.47,2022,16,6798,True,,,0.59,0.03,7.24,,,0.59
,,,,,,,,2022,16,7049,True,,,2.22,0.23,25.25,,,2.22
,,,,,,,0.53,2022,16,7066,True,,,3.25,0.23,41.14,,,3.25
,,,,,,,,2022,16,1110,True,,,0.79,0.08,11.63,,,0.79
0.05,0.05,,,,,,,2022,16,2309,True,,,4.11,0.36,51.96,,0.05,4.11
,,,,,,,,2022,16,4171,True,,,2.52,0.24,33.0,,,2.52
,,,,,,,0.4,2022,16,4319,True,,,1.08,0.06,12.09,,,1.08
,,,,,0.54,,1.41,2022,16,4454,True,,,0.96,0.09,12.04,,,0.96
,,,,,,,,2022,16,5374,True,,,1.4,0.2,18.4,,,1.4
,,,,,,,,2022,16,5965,True,,,0.23,,2.22,,,0.23
0.06,0.05,,,,,,,2022,16,6801,True,,,4.67,0.45,63.29,,0.06,4.67
0.06,0.06,,,,,,2.08,2022,16,6803,True,,,4.09,0.35,56.61,,0.06,4.09
,,,,,,,,2022,16,6957,True,,,1.45,0.15,16.49,,,1.45
,,,,,,,,2022,16,7496,True,,,1.96,0.11,25.22,,,1.96
0.07,0.07,,,,,,4.55,2022,16,7547,True,,,7.17,0.37,78.44,,0.07,7.17
0.04,0.04,,,,0.6,0.04,3.22,2022,16,7606,True,,,2.07,0.11,23.6,,0.04,2.07
,,,,,,,,2022,16,7751,True,,,0.27,,2.66,,,0.27
,,,,,,,,2022,16,8134,True,,,0.92,0.06,11.27,,,0.92
,,,,,,0.03,4.65,2022,16,8676,True,,,2.57,0.33,43.27,,,2.57
0.06,0.06,,,,,,,2022,16,1689,True,,,4.26,0.5,46.13,,0.06,4.26
0.08,0.08,,,,,,2.3,2022,16,4040,True,,,6.74,0.38,75.79,,0.08,6.74
0.03,0.03,,,,,,,2022,16,4131,True,,,1.04,0.1,14.14,,0.03,1.04
,,,,,,,,2022,16,4218,True,,,0.14,,1.43,,,0.14
,,,,,,,,2022,16,4622,True,,,0.48,0.04,5.45,,,0.48
,,,,,,,,2022,16,4992,True,,,2.65,0.13,27.82,,,2.65
,,,,,,,,2022,16,5038,True,,,3.54,0.33,49.66,,,3.54
,,,,,,,0.52,2022,16,5096,True,,,0.67,0.06,7.98,,,0.67
,,,,,,,,2022,16,5773,True,,,0.89,0.1,12.24,,,0.89
0.12,0.05,,,,,,3.25,2022,16,5937,True,,,5.48,0.3,54.61,,0.06,5.48
0.06,0.06,,,,0.83,,0.47,2022,16,5947,True,,,4.84,0.3,51.02,,,4.84
,,,,,,,1.0,2022,16,6149,True,,,3.32,0.33,46.92,,,3.32
0.07,0.07,,,,1.02,,2.61,2022,16,6794,True,,,8.05,0.8,117.4,,0.07,8.05
0.08,0.08,,,,,0.08,6.17,2022,16,6814,True,,,1.98,0.16,21.37,,,1.98
,,,,,,,0.27,2022,16,6927,True,,,2.38,0.16,32.85,,,2.38
,,,,,,,,2022,16,7587,True,,,0.09,0.01,1.15,,,0.09
,,,,,,,,2022,16,7603,True,,,1.21,0.05,11.68,,,1.21
,,,,,,,,2022,16,8137,True,,,3.33,0.2,44.0,,,3.33
,,,,,,,,2022,16,8527,True,,,0.57,0.02,5.7,,,0.57
0.03,0.03,,,,,,0.6,2022,16,5113,True,,,1.55,0.13,19.07,,,1.55
,,,,,,,0.79,2022,16,5185,True,,,3.17,0.3,43.6,,,3.17
,0.02,,,,,0.03,7.25,2022,16,5695,True,,,2.12,0.15,20.93,,,2.12
0.06,0.06,,,,,,1.62,2022,16,6783,True,,,4.55,0.37,57.86,,0.06,4.55
,,,,,,,9.17,2022,16,7562,True,,,2.9,0.24,38.83,,,2.9
,,,,,,,,2022,16,8121,True,,,1.98,0.17,23.61,,,1.98
,,,,,,,,2022,16,8167,True,,,3.97,0.5,50.09,,,3.97
,,,,,,,,2022,16,8235,True,,,0.73,,7.54,,,0.73
0.07,0.07,,,,,,,2022,16,1426,True,,,6.36,0.35,66.84,,,6.36
0.06,0.06,,,,,,0.38,2022,16,2216,True,,,4.81,0.3,69.23,,0.06,4.81
,,,,,,,,2022,16,830,True,,,1.08,0.07,14.53,,,1.08
,,,,,,,,2022,16,8745,True,,,0.42,0.02,4.61,,,0.42
0.05,0.05,,,,,,,2022,16,5045,True,,,3.77,0.29,51.68,,0.05,3.77
,,,,,,,,2022,16,5154,True,,,1.59,0.21,16.39,,,1.59
0.06,0.06,,,,,,1.08,2022,16,5848,True,,,4.43,0.32,43.6,,,4.43
,,,,,,,0.44,2022,16,6853,True,,,2.73,0.27,33.97,,,2.73
,,,,,,,,2022,16,5970,True,,,0.49,0.03,4.99,,,0.49
,,,,,,,,2022,16,6290,True,,,0.42,0.03,5.06,,,0.42
,,,,,,,,2022,16,928,True,,,2.94,0.31,30.39,,,2.94
0.08,0.08,,,,,,4.0,2022,16,3321,True,,,7.84,0.83,106.01,,0.08,7.84
0.05,0.04,,,,,,,2022,16,5110,True,,,3.0,0.24,34.86,,,3.0
0.13,0.06,,,,,,2.32,2022,16,7526,True,,,5.88,0.45,74.85,,0.06,5.88
,,,,,,,,2022,16,7746,True,,,0.81,0.02,7.04,,,0.81
0.15,0.1,,,,,,0.62,2022,16,8253,True,,,0.46,0.01,4.17,,,0.46
,,,,,,,,2022,16,947,True,,,1.32,0.14,16.51,,,1.32
0.02,0.02,,,,,,0.55,2022,16,3423,True,,,1.31,0.1,16.5,,,1.31
0.07,0.07,,,,,,0.86,2022,16,4037,True,,,5.72,0.43,69.26,,0.07,5.72
,,,,,,,,2022,16,8475,True,,,0.58,0.05,5.89,,,0.58
,,,,,,,,2022,16,2750,True,,,1.11,0.14,13.0,,,1.11
0.07,0.07,,,,,,2.19,2022,16,6819,True,,,6.18,0.33,67.83,,0.07,6.18
,,,,,,,,2022,16,8142,True,,,2.47,0.19,39.0,,,2.47
0.08,0.08,,,,,,,2022,16,1479,True,,,6.48,0.5,71.12,,0.08,6.48
0.05,0.05,,,,,,,2022,16,4068,True,,,4.23,0.44,60.23,,0.05,4.23
,,,,,,,,2022,16,5880,True,,,3.35,0.2,40.79,,,3.35
,,,,,,,0.81,2022,16,7670,True,,,2.97,0.21,34.0,,,2.97
,,,,,,,,2022,16,6427,True,,,1.33,0.09,17.7,,,1.33
,,,,,,,,2022,16,2460,True,,,1.27,0.11,14.0,1.27,0.06,
,,,,,,,,2022,16,3048,True,,,0.2,,2.17,0.2,0.07,
,,,,,,,,2022,16,4741,True,,,0.44,0.02,4.44,0.44,,
,,,,,,,,2022,16,7842,True,,,0.22,,1.63,0.22,,
,,,,,,,,2022,16,4066,True,,,4.38,0.24,42.98,4.38,,
0.07,0.07,,,,,,,2022,16,5133,True,,,2.75,0.2,25.16,2.75,0.07,
,,,,,,,,2022,16,2446,True,,,0.74,0.09,15.96,0.74,,
0.22,0.08,0.11,,0.22,13.06,0.2,26.18,2022,16,4381,True,0.11,,1.0,0.1,11.0,1.0,,
,,,,,,,,2022,16,4443,True,,,0.68,0.06,5.4,0.68,,
,,,,,,,,2022,16,5032,True,,,2.31,0.24,21.05,2.31,,
,,,,,,,,2022,16,5906,True,,,3.89,0.35,41.36,3.89,0.07,
,,,,,,,,2022,16,6018,True,,,1.15,0.06,10.44,1.15,,
,,,,,,,0.28,2022,16,6529,True,,,0.5,,3.0,,,
,,,,,,,,2022,16,6894,True,,,2.48,0.12,21.0,2.48,,
,,,,,,,,2022,16,7002,True,,,2.98,0.39,30.32,2.98,,
,,,,,,,,2022,16,7075,True,,,0.14,,0.55,0.14,,
,,,,,,,0.29,2022,16,7216,True,,,0.51,,2.83,,,
,,,,,,,,2022,16,7536,True,,,0.46,0.07,4.31,0.46,,
,,,,,,,,2022,16,7828,True,,,2.3,0.19,19.32,2.3,,
,,,,,,,,2022,16,2390,True,,,0.78,0.05,7.45,0.78,,
0.05,0.05,,,,,,,2022,16,2505,True,,,3.09,0.25,37.0,3.09,0.05,
,,,,,,,,2022,16,3258,True,,,0.82,0.09,8.15,0.82,,
,,,,,,,,2022,16,4314,True,,,1.13,0.09,10.56,1.13,,
,,,,,,,,2022,16,5878,True,,,1.18,0.09,17.11,,,1.18
,,,,,,,,2022,16,5985,True,,,1.05,0.1,13.0,1.05,,
,,,,,,,,2022,16,6662,True,,,1.3,0.07,9.63,1.3,,
,,,,,,,,2022,16,7106,True,,,0.31,,2.82,0.31,,
,,,,,,,,2022,16,8170,True,,,0.54,0.05,4.39,0.54,,
,,,,,,,,2022,16,8177,True,,,0.5,0.05,4.05,0.5,,
,,,,,,,,2022,16,8227,True,,,1.58,0.15,13.85,1.58,,
0.17,0.09,,,,,,,2022,16,1466,True,,,7.05,0.73,86.13,7.05,0.09,
,,,,,,,,2022,16,4995,True,,,1.37,0.17,14.85,1.37,,
,,,,,,,,2022,16,5973,True,,,0.57,0.07,6.35,0.57,,
,,,,,,,,2022,16,6075,True,,,0.19,,1.02,0.19,,
,,,,,,,,2022,16,7716,True,,,1.01,0.05,11.19,1.01,,
,,,,,,,,2022,16,8131,True,,,2.35,0.16,22.76,2.35,,
,,,,,,,,2022,16,2545,True,,,0.28,0.03,2.14,0.28,,
,,,,,,,,2022,16,4033,True,,,3.22,0.29,35.32,3.22,,
0.12,0.06,,,,,,,2022,16,5012,True,,,5.13,0.48,63.78,5.13,0.06,
0.07,0.07,,,,,,,2022,16,5844,True,,,5.13,0.36,52.09,5.13,0.07,
0.06,0.06,,,,,,,2022,16,7600,True,,,3.91,0.31,42.1,3.91,0.06,
,,,,,,,,2022,16,8110,True,,,0.8,0.04,7.94,0.8,,
,,,,,,,,2022,16,8210,True,,,2.7,0.24,25.08,2.7,,
,,,,,,,,2022,16,8214,True,,,0.45,0.05,4.47,0.45,,
,,,,,,,,2022,16,8523,True,,,0.13,,1.44,0.13,,
,,,,,,,,2022,16,1425,True,,,0.3,0.02,3.07,0.3,,
,,,,,,,,2022,16,3202,True,,,2.55,0.19,25.62,2.55,,
0.06,0.06,,,,,,,2022,16,3214,True,,,2.33,0.25,27.51,2.33,0.06,
0.06,0.06,,,,,,,2022,16,5022,True,,,4.49,0.38,48.06,4.49,0.06,
0.09,0.09,,,,,,,2022,16,5857,True,,,2.67,0.35,31.73,2.67,,
,,,,,,,,2022,16,6850,True,,,1.22,0.12,13.58,1.22,,
,,,,,,,,2022,16,6865,True,,,0.68,0.11,6.32,0.68,,
,,,,,,,,2022,16,6956,True,,,0.07,,0.59,0.07,,
,,,,,,,,2022,16,6964,True,,,0.29,,1.81,0.29,,
,,,,,,,,2022,16,7568,True,,,0.71,0.06,7.34,0.71,,
,,,,,,,,2022,16,7891,True,,,1.91,0.1,18.27,1.91,,
,,,,,,,,2022,16,8197,True,,,0.73,0.06,6.77,0.73,,
,,,,,,,,2022,16,2251,True,,,2.1,0.15,22.67,2.1,,
,,,,,,,,2022,16,2422,True,,,0.64,0.06,6.29,0.64,,
,,,,,,,,2022,16,2474,True,,,0.15,0.01,1.53,0.15,,
,,,,,,,,2022,16,4144,True,,,1.55,0.15,16.41,1.55,,
0.06,0.06,,,,,,,2022,16,4217,True,,,3.9,0.69,49.74,3.9,0.06,
,,,,,,,,2022,16,4435,True,,,0.15,0.01,1.56,0.15,,
0.07,0.07,,,,,,,2022,16,5001,True,,,4.38,0.34,45.23,4.38,0.07,
,,,,,,,,2022,16,5010,True,,,1.52,0.15,15.47,1.52,,
0.06,0.06,,,,,,,2022,16,6826,True,,,3.07,0.28,30.34,3.07,,
,,,,,,,,2022,16,6869,True,,,0.86,0.09,9.17,0.86,,
,,,,,,,,2022,16,6970,True,,,0.17,,0.87,0.17,,
,,,,,,,,2022,16,7531,True,,,0.29,0.02,3.19,0.29,,
,,,,,,,,2022,16,7694,True,,,0.96,0.08,9.49,0.96,,
,,,,,,,,2022,16,7946,True,,,0.56,0.02,3.72,0.56,,
,,,,,,,,2022,16,8041,True,,,0.95,0.05,10.08,0.95,,
,,,,,,,,2022,16,8225,True,,,3.21,0.21,25.56,3.21,,
0.04,0.04,,,,,,,2022,16,4993,True,,,1.53,0.11,18.22,1.53,0.04,
,,,,,,,,2022,16,7131,True,,,0.2,0.02,2.14,0.2,,
,,,,,,,,2022,16,8172,True,,,3.08,0.28,30.52,3.08,,
,,,,,,,,2022,16,2755,True,,,0.32,,2.67,0.32,,
,,,,,,,,2022,16,4189,True,,,0.42,0.03,3.99,0.42,,
,,,,,,,,2022,16,8111,True,,,2.72,0.16,28.46,2.72,,
,,,,,,,,2022,16,8130,True,,,2.32,0.25,24.38,2.32,,
,,,,,,,,2022,16,8484,True,,,0.62,,5.77,0.62,,
,,,,,,,,2022,16,943,True,,,0.07,0.01,0.72,0.07,,
,,,,,,,,2022,16,7050,True,,,0.54,0.05,5.74,0.54,,
,,,,,,,,2022,16,111,True,,,0.33,0.02,3.92,0.33,,
,,,,,,,,2022,16,7535,True,,,0.16,,1.19,0.16,,
0.04,0.04,,,,,,,2022,16,3271,True,,,2.93,0.19,27.1,2.93,0.04,
,,,,,,,,2022,16,2214,True,,,2.36,0.23,24.96,2.36,,
,,,,,,,,2022,16,2360,True,,,0.54,0.03,6.27,0.54,,
,,,,,,,,2022,16,3496,True,,,0.65,,4.1,0.65,,
,,,,,,,,2022,16,4602,True,,,1.75,0.15,17.98,1.75,,
,,,,,,,,2022,16,5008,True,,,1.22,0.11,11.79,1.22,,
,,,,,,,,2022,16,6926,True,,,0.44,0.05,4.09,0.44,,
,,,,,,,,2022,16,8219,True,,,2.68,0.19,28.45,2.68,,
,,,,,,,,2022,16,4089,True,,,3.34,0.3,37.45,3.34,,
,,,,,,,,2022,16,6074,True,,,1.73,0.15,17.63,1.73,0.15,
,,,,,,,,2022,16,8583,True,,,0.2,,2.04,0.2,,
,,,,,,,,2022,16,4054,True,,,1.64,0.15,18.32,1.64,,
,,,,,,,,2022,16,7554,True,,,0.6,0.05,4.0,0.6,,
0.73,0.2,0.07,0.9,1.94,261.39,0.15,20.0,2022,17,3294,True,,,,,,,,
0.8,0.15,,0.99,0.98,142.43,0.04,13.33,2022,17,4179,True,,,,,,,,
0.8,0.38,0.09,1.07,1.68,244.24,0.08,11.7,2022,17,3161,True,,,,,,,,
,,,1.06,1.76,248.94,0.06,7.63,2022,17,5089,True,,,,,,,,
0.74,0.24,,0.75,0.9,175.98,0.19,30.13,2022,17,8159,True,,,,,,,,
0.45,0.22,,0.88,1.1,204.09,0.02,6.92,2022,17,1029,True,,,,,,,,
0.54,0.28,0.12,0.97,1.71,244.68,0.15,14.23,2022,17,1234,True,,,,,,,,
0.7,0.48,,0.95,1.0,226.0,0.17,16.0,2022,17,8160,True,,,,,,,,
0.31,0.12,0.18,0.61,1.83,265.66,0.06,2.09,2022,17,167,True,,,,,,,,
0.23,0.06,,0.15,0.25,21.52,0.14,16.3,2022,17,3362,True,,,,,,,,
0.7,0.28,0.22,0.59,2.5,312.9,0.2,17.72,2022,17,4046,True,,,,,,,,
0.51,0.25,,0.51,1.04,179.11,0.33,18.1,2022,17,4943,True,,,,,,,,
0.59,0.23,0.17,0.75,1.8,279.51,0.2,21.13,2022,17,6797,True,0.07,,,,,,,
0.41,0.16,0.05,0.74,1.14,187.21,0.12,11.25,2022,17,7585,True,,,,,,,,
0.52,0.17,0.05,0.88,1.6,166.75,0.58,70.54,2022,17,7591,True,0.07,,,,,,,
,0.22,,0.74,1.95,201.95,0.1,8.13,2022,17,8183,True,,,,,,,,
0.53,0.27,,0.83,1.32,185.42,0.08,5.15,2022,17,829,True,,,,,,,,
0.82,0.26,,0.82,1.48,229.9,0.03,4.85,2022,17,2152,True,,,,,,,,
0.65,0.26,0.07,0.7,1.92,273.93,0.14,9.47,2022,17,3163,True,,,,,,,,
0.82,0.38,0.14,0.9,2.23,275.58,0.1,21.94,2022,17,7523,True,,,,,,,,
0.81,0.27,0.14,0.84,1.11,205.56,0.4,25.66,2022,17,4017,True,0.11,,,,,,,
0.61,0.2,0.1,0.93,1.35,222.02,0.08,6.05,2022,17,4892,True,,,,,,,,
0.76,0.24,0.06,0.87,1.33,215.12,0.24,33.03,2022,17,5870,True,,,,,,,,
,0.29,,1.01,1.32,213.9,0.05,5.84,2022,17,6450,True,,,,,,,,
0.69,0.31,0.13,0.71,1.9,280.2,0.04,3.57,2022,17,1166,True,,,,,,,,
0.24,0.12,,0.76,1.48,247.3,0.16,15.27,2022,17,1373,True,,,,,,,,
,,,0.03,0.03,6.12,,,2022,17,5974,True,,,,,,,,
0.86,0.24,,0.77,1.81,246.65,0.11,9.9,2022,17,6011,True,,,,,,,,
0.39,0.3,,1.01,1.14,207.1,0.1,10.2,2022,17,6136,True,,,,,,,,
0.6,0.3,,0.75,1.01,165.63,0.28,34.46,2022,17,7083,True,,,,,,,,
0.5,0.25,0.06,0.74,1.42,227.05,0.06,12.45,2022,17,7527,True,,,,,,,,
0.43,0.2,0.22,0.63,1.93,274.77,0.1,6.03,2022,17,96,True,,,,,,,,
0.49,0.18,0.12,0.72,2.5,263.3,0.19,11.25,2022,17,6770,True,,,,,,,,
0.68,0.32,0.14,0.88,2.05,271.7,0.45,45.11,2022,17,4984,True,,,,,,,,
,,,,,,0.33,61.99,2022,17,8123,True,,1.54,1.54,0.01,10.48,,,
0.13,0.06,,,,,0.93,73.0,2022,17,3164,True,0.07,1.4,1.4,0.04,9.0,,,
,0.01,,,,,0.1,18.87,2022,17,8254,True,,1.14,1.14,0.05,10.19,,,
0.28,0.03,,,,,0.32,29.02,2022,17,8800,True,,1.28,1.28,0.05,7.92,,,
,,,,,,,1.47,2022,17,1386,True,,,,,,,,
,,,,,,0.02,2.98,2022,17,2359,True,,1.79,1.79,0.06,13.37,,,
,,,,,,0.05,6.75,2022,17,2588,True,,0.36,0.36,,2.31,,,
,,,,,,,0.38,2022,17,3832,True,,,0.53,0.04,5.95,,,
0.05,0.05,,,,,0.63,50.36,2022,17,4149,True,,0.7,0.7,0.06,6.65,,,
,,,,,,0.07,12.78,2022,17,4152,True,,0.87,0.87,,5.63,,,
,,,,,,0.05,8.77,2022,17,5122,True,,0.33,0.33,,2.16,,,
0.02,,,,,,0.09,17.02,2022,17,5987,True,,0.68,0.68,0.02,5.15,,,
,,,,,,,2.04,2022,17,6878,True,,0.19,0.19,,1.4,,,
,,,,,,0.03,3.27,2022,17,6963,True,,0.17,0.17,,1.31,,,
,,,,,,0.09,14.99,2022,17,7045,True,,0.96,0.96,,6.6,,,
,,,,,,0.02,2.01,2022,17,7529,True,,0.16,0.16,,0.82,,,
0.19,0.09,,,,,0.4,74.67,2022,17,7543,True,,2.58,2.58,0.16,20.83,,,
0.19,,,,,,0.23,36.64,2022,17,7594,True,,1.71,1.71,0.04,12.26,,,
0.09,0.04,,,,,0.19,33.91,2022,17,7607,True,,2.92,2.92,0.06,22.52,,,
,,,,,,0.19,49.72,2022,17,8136,True,,3.45,3.45,0.1,26.09,,,
0.18,0.09,,,,,0.45,65.35,2022,17,8205,True,,1.11,1.11,0.02,8.33,,,
,0.01,,,,,0.03,6.16,2022,17,1387,True,,2.16,2.16,0.06,15.49,,,
,,,,,,,0.23,2022,17,3354,True,,,,,,,,
0.14,0.07,,,,,0.66,67.7,2022,17,4034,True,,4.07,4.07,0.2,32.56,,,
0.06,0.03,,,,,0.13,18.64,2022,17,4098,True,,1.75,1.75,0.06,14.95,,,
0.12,0.06,,,,,0.52,91.49,2022,17,4988,True,0.06,1.31,1.31,0.04,9.71,,,
,,,,,,0.02,1.23,2022,17,6039,True,,0.42,0.42,0.04,2.93,,,
,,,,,,0.04,3.85,2022,17,6156,True,,0.13,0.13,,0.98,,,
,,,,,,0.08,4.67,2022,17,6323,True,,,0.81,0.05,6.52,0.81,0.15,
0.12,0.07,,,,,0.49,66.61,2022,17,6938,True,,1.19,1.19,0.03,8.63,,,
0.09,0.05,,,,,0.4,49.0,2022,17,7528,True,0.05,2.62,2.62,0.1,18.84,,,
0.04,,,,,,0.18,41.36,2022,17,7608,True,,0.47,0.47,0.02,3.8,,,
,,,,,,0.01,0.84,2022,17,7720,True,,0.07,0.07,,0.52,,,
,,,,,,,1.2,2022,17,8143,True,,0.07,0.07,,0.49,,,
,,,,,,0.08,13.41,2022,17,8150,True,,0.74,0.74,,5.58,,,
,,,,,,,1.0,2022,17,8181,True,,,0.77,,6.3,0.77,,
,,,,,,,0.28,2022,17,8820,True,,,0.32,,2.21,,,
,,,,,,0.25,32.11,2022,17,2161,True,,4.0,4.0,0.4,31.27,,,
0.12,0.06,,,,,0.48,61.62,2022,17,4035,True,0.06,3.46,3.46,0.1,26.92,,,
0.11,,,,,,0.34,63.54,2022,17,4111,True,,1.3,1.3,0.05,9.99,,,
,,,,,,0.08,13.17,2022,17,4455,True,,1.07,1.07,,8.75,,,
0.14,0.07,,,,,0.77,61.78,2022,17,4663,True,,5.62,5.62,0.23,45.37,,,
,,,,,,0.02,3.08,2022,17,5052,True,,0.24,0.24,0.03,1.86,,,
,,,,,,,2.36,2022,17,6109,True,,,0.59,,6.19,,,
,,,,,,0.08,13.66,2022,17,6659,True,,0.33,0.33,,2.33,,,
,,,,,,0.0,0.43,2022,17,6694,True,,,,,,,,
,,,,,,0.15,11.2,2022,17,6996,True,,1.21,1.21,,9.38,,,
,0.02,,,,,0.08,12.67,2022,17,7551,True,,2.04,2.04,0.1,14.68,,,
0.12,0.06,,,,,0.39,57.47,2022,17,7611,True,0.06,3.3,3.3,0.07,24.11,,,
,,,,,,0.01,1.65,2022,17,8116,True,,0.08,0.08,0.01,0.6,,,
,,,,,,,2.08,2022,17,8189,True,,0.08,0.08,0.0,0.59,,,
,,,,,,0.16,20.2,2022,17,8228,True,,1.37,1.37,,9.98,,,
,,,,,,0.04,5.29,2022,17,8255,True,,0.34,0.34,,2.62,,,
,,,,,,0.01,1.34,2022,17,1034,True,,,,,,,,
,,,,,,0.46,61.36,2022,17,1476,True,,1.49,1.49,,10.32,,,
0.09,0.04,,,,,0.19,38.37,2022,17,1535,True,,1.96,1.96,0.07,15.54,,,
,,,,,,,0.77,2022,17,4353,True,,,0.8,,5.0,,,
,,,,,,,1.2,2022,17,4651,True,,0.06,0.06,,0.46,,,
,0.01,,,,,0.29,26.03,2022,17,4718,True,,0.98,0.98,0.02,6.84,,,
,0.01,,,,,0.33,46.13,2022,17,5046,True,,1.0,1.0,0.02,6.25,,,
,,,,,,0.32,43.96,2022,17,5284,True,,1.57,1.57,0.02,11.53,,,
,0.03,,,,,0.47,53.23,2022,17,6845,True,,1.79,1.79,0.1,13.04,,,
,,,,,,,2.3,2022,17,6918,True,,0.15,0.15,,1.17,,,
,,,,,,0.01,0.77,2022,17,6931,True,,0.31,0.31,,2.16,,,
,,,,,,0.05,10.96,2022,17,7567,True,,1.22,1.22,0.02,9.09,,,
,,,,,,0.03,3.09,2022,17,7809,True,,0.79,0.79,,5.89,,,
,,,,,,,2.15,2022,17,8025,True,,,0.24,,1.19,,,
0.12,0.05,,,,,0.5,61.76,2022,17,8151,True,,2.13,2.13,0.08,16.55,,,
,,,,,,0.42,69.79,2022,17,8154,True,,1.98,1.98,0.02,10.57,,,
,,,,,,,0.36,2022,17,2073,True,,,0.26,,2.14,,,
,,,,,,0.21,10.32,2022,17,2391,True,,0.6,0.6,,4.47,,,
,,,,,,0.35,46.81,2022,17,2749,True,,1.67,1.67,0.02,13.85,,,
0.09,0.05,,,,,0.35,41.08,2022,17,3969,True,,4.54,4.54,0.16,31.98,,,
0.24,0.12,,,,,0.58,80.86,2022,17,4029,True,0.06,2.78,2.78,0.06,12.71,,,
0.13,0.06,,,,,0.57,65.85,2022,17,4137,True,0.06,3.13,3.13,0.16,23.89,,,
0.03,0.03,,,,,0.06,11.01,2022,17,5000,True,,1.54,1.54,0.05,11.32,,,
0.09,,,,,,0.31,46.03,2022,17,5248,True,,0.22,0.22,,1.79,,,
0.06,0.03,,,,,0.22,25.67,2022,17,5890,True,0.03,0.62,0.62,0.03,4.64,,,
0.12,0.06,,,,,0.36,58.47,2022,17,5892,True,,2.25,2.25,0.05,17.08,,,
,,,,,,0.01,5.28,2022,17,5995,True,,0.75,0.75,,5.83,,,
0.13,0.07,,,,,0.46,73.03,2022,17,6151,True,,1.81,1.81,0.05,13.46,,,
0.15,0.1,,,,,0.31,40.99,2022,17,6790,True,,5.02,5.02,0.15,38.73,,,
0.32,0.17,,,,,0.31,48.26,2022,17,8122,True,,1.51,1.51,0.09,12.96,,,
,,,,,,,,2022,17,8223,True,,,0.38,0.04,4.4,,,0.38
,0.02,,,,,0.23,26.12,2022,17,8408,True,,0.23,0.23,0.01,1.72,,,
,,,,,,,2.3,2022,17,1379,True,,,0.97,0.06,8.6,,,
,,,,,,,1.59,2022,17,2471,True,,,0.25,,1.72,,,
,,,,,,0.12,17.1,2022,17,3312,True,,1.53,1.53,0.03,12.26,,,
0.12,0.06,,,,,0.33,47.82,2022,17,4199,True,,3.96,3.96,0.22,29.75,,,
0.19,0.12,,,,,0.64,84.01,2022,17,4866,True,,2.05,2.05,0.07,16.62,,,
,,,,,,,2.45,2022,17,5220,True,,0.14,0.14,,0.93,,,
0.12,0.06,,,,,0.55,78.36,2022,17,5850,True,,2.52,2.52,0.02,18.25,,,
,,,,,,,,2022,17,6202,True,,,0.35,,3.16,,,
0.08,0.04,,,,,0.37,53.94,2022,17,6806,True,,0.81,0.81,0.02,5.95,,,
0.13,0.06,,,,,0.37,52.28,2022,17,6828,True,0.06,2.76,2.76,0.08,21.26,,,
,,,,,,0.0,0.45,2022,17,6885,True,,,,,,,,
,,,,,,0.06,7.51,2022,17,6951,True,,0.56,0.56,,3.95,,,
,,,,,,0.41,69.84,2022,17,8132,True,,1.02,1.02,0.01,7.54,,,
,,,,,,0.03,2.9,2022,17,8179,True,,0.15,0.15,,0.83,,,
,,,,,,0.03,5.4,2022,17,8211,True,,0.16,0.16,,1.21,,,
,,,,,,0.08,8.43,2022,17,8221,True,,0.61,0.61,,4.18,,,
,,,,,,,0.64,2022,17,7204,True,,,,,,,,
,,,,,,,1.97,2022,17,6144,True,,0.06,0.06,,0.45,,,
,,,,,,0.17,24.48,2022,17,4147,True,,1.92,1.92,0.06,14.24,,,
,,,,,,0.28,31.76,2022,17,8138,True,,2.01,2.01,0.05,14.15,,,
0.1,0.05,,,,,0.43,50.41,2022,17,4018,True,0.04,3.64,3.64,0.15,28.09,,,
,,,,,,0.04,8.23,2022,17,5347,True,,1.17,1.17,0.06,8.95,,,
0.11,0.05,,,,,0.32,52.4,2022,17,6130,True,,2.09,2.09,0.05,15.14,,,
,,,,,,,,2022,17,5038,True,,,3.5,0.32,43.0,,,3.5
,,,,,,,,2022,17,2381,True,,,0.49,0.03,6.21,,,0.49
,,,,,,,,2022,17,4234,True,,,2.07,0.15,28.0,,,2.07
,,,,,,,,2022,17,1110,True,,,0.71,,9.0,,,0.71
,,,,,,,,2022,17,7793,True,,,0.6,,4.6,,,0.6
0.05,0.05,,,,,,,2022,17,1352,True,,,2.92,0.19,30.0,,,2.92
,,,,,,,,2022,17,7496,True,,,1.68,0.09,21.65,,,1.68
0.04,0.04,,,,,,,2022,17,8135,True,,,2.8,0.1,36.49,,0.04,2.8
0.08,0.08,,,,,,4.69,2022,17,6786,True,,,6.25,0.6,85.41,,0.08,6.25
0.05,0.05,,,,,,1.38,2022,17,2197,True,,,4.5,0.27,55.29,,0.05,4.5
,,,,,,,0.78,2022,17,3634,True,,,1.14,0.06,12.3,,,1.14
,,,,,,,,2022,17,4036,True,,,3.36,0.31,48.83,,0.08,3.36
0.07,0.07,,,,,,0.92,2022,17,4037,True,,,6.05,0.35,73.39,,0.07,6.05
,,,,,,,,2022,17,4171,True,,,3.02,0.29,39.6,,,3.02
,,,,,,,,2022,17,4622,True,,,0.46,0.04,5.14,,,0.46
,,,,,,,0.6,2022,17,6271,True,,,2.56,0.17,33.8,,,2.56
,,,,,,,7.42,2022,17,7562,True,,,2.35,0.2,31.46,,,2.35
,,,,,,,,2022,17,7746,True,,,0.47,,4.05,,,0.47
,,,,,,,,2022,17,7751,True,,,0.32,,3.18,,,0.32
,,,,,,,,2022,17,8137,True,,,3.14,0.2,47.0,,,3.14
,,,,,,,,2022,17,8235,True,,,0.79,,8.13,,,0.79
,,,,,,,,2022,17,830,True,,,1.74,0.12,23.28,,,1.74
0.05,0.05,,,,,,,2022,17,1067,True,,,2.53,0.18,30.79,,,2.53
,,,,,,,,2022,17,2334,True,,,1.67,0.1,18.04,,,1.67
0.06,0.06,,,,,,,2022,17,2374,True,,,4.54,0.36,59.77,,0.06,4.54
,,,,,,,,2022,17,3155,True,,,0.6,0.05,7.59,,,0.6
,,,,,,,,2022,17,3286,True,,,2.78,0.17,32.96,,,2.78
0.01,0.03,,,,,,0.33,2022,17,3423,True,,,0.81,0.06,10.17,,,0.81
,,,,,,,,2022,17,4177,True,,,2.77,0.23,35.85,,,2.77
0.07,0.07,,,,,,,2022,17,4951,True,,,3.96,0.36,56.6,,0.07,3.96
0.05,0.05,,,,,,,2022,17,5045,True,,,3.57,0.3,51.2,,0.05,3.57
,,,,,,,,2022,17,5199,True,,,1.35,0.08,16.28,,,1.35
,,,,,,,,2022,17,5773,True,,,1.11,0.13,15.33,,,1.11
0.07,0.07,,,,,,1.29,2022,17,5848,True,,,4.94,0.26,59.3,,,4.94
,,,,,,,,2022,17,5880,True,,,2.62,0.21,32.03,,,2.62
0.11,0.06,,,,,,3.36,2022,17,5937,True,,,5.65,0.2,56.27,,0.05,5.65
,,,,,,,1.02,2022,17,6149,True,,,3.41,0.3,48.01,,,3.41
,,,,,,,0.4,2022,17,6798,True,,,0.5,0.03,6.18,,,0.5
0.06,0.06,,,,,,1.85,2022,17,6819,True,,,5.22,0.28,57.26,,0.06,5.22
,,,,,,,0.8,2022,17,6824,True,,,3.4,0.34,50.53,,,3.4
,,,,,,,0.44,2022,17,6853,True,,,2.73,0.27,33.97,,,2.73
,,,,,,,,2022,17,7944,True,,,0.2,,2.04,,,0.2
0.05,0.05,,,,,,,2022,17,8118,True,,,2.55,0.14,27.88,,,2.55
,,,,,,,,2022,17,8121,True,,,3.05,0.27,36.42,,,3.05
,,,,,,,,2022,17,8167,True,,,4.15,0.45,49.01,,,4.15
,,,,,,,,2022,17,8180,True,,,0.18,0.02,1.96,,,0.18
,,,,,,,,2022,17,8188,True,,,1.99,0.17,23.27,,,1.99
,,,,,,,,2022,17,8676,True,,,2.98,0.24,39.92,,,2.98
0.07,0.07,,,,,,0.4,2022,17,2216,True,,,4.97,0.27,71.59,,0.07,4.97
,,,,,,0.05,9.11,2022,17,4082,True,,,3.65,0.19,39.27,,0.05,3.65
,,,,,1.91,,5.03,2022,17,4454,True,,,3.43,0.3,42.97,,,3.43
,,,,,,,,2022,17,4854,True,,,0.13,0.03,1.37,,,0.13
0.06,0.06,,,,,,1.43,2022,17,4950,True,,,4.98,0.41,61.65,,0.06,4.98
0.05,0.05,,,,,,3.86,2022,17,4983,True,,,3.6,0.29,46.4,,0.05,3.6
,,,,,,,,2022,17,5432,True,,,0.23,0.02,2.5,,,0.23
,,,,,,,,2022,17,6290,True,,,0.44,0.03,5.32,,,0.44
0.06,0.07,,,,,,1.7,2022,17,6783,True,,,4.77,0.39,60.78,,0.06,4.77
,,,,,,,,2022,17,6920,True,,,3.49,0.28,49.19,,,3.49
,,,,,,,0.3,2022,17,6927,True,,,2.6,0.18,35.88,,,2.6
,,,,,,,,2022,17,6957,True,,,0.89,0.09,10.08,,,0.89
,,,,,,,,2022,17,7049,True,,,2.87,0.29,32.62,,,2.87
,,,,,,,,2022,17,7210,True,,,2.12,0.35,24.84,,,2.12
,,,,,,,,2022,17,7587,True,,,0.11,0.01,1.38,,,0.11
,,,,,,,0.97,2022,17,7670,True,,,3.61,0.25,39.53,,,3.61
,,,,,,,,2022,17,8142,True,,,2.62,0.21,31.95,,,2.62
0.08,0.08,,,,,,,2022,17,8146,True,,,5.33,0.3,68.92,,0.08,5.33
,,,,,,,,2022,17,8168,True,,,0.71,0.07,9.35,,,0.71
0.08,0.08,,,,,,,2022,17,1479,True,,,6.66,0.44,73.24,,0.08,6.66
,,,,,,,,2022,17,1817,True,,,1.22,0.09,15.5,,,1.22
,,,,,,,1.4,2022,17,2750,True,,,1.12,0.14,15.25,,,1.12
0.0,,,,,,,,2022,17,4131,True,,,0.11,0.01,1.45,,0.0,0.11
,,,,,,,1.57,2022,17,4198,True,,,0.64,0.04,7.14,,,0.64
,,,,,,,0.43,2022,17,4319,True,,,1.18,0.06,13.2,,,1.18
,,,,,,,,2022,17,4992,True,,,1.2,0.06,12.55,,,1.2
0.07,0.07,,,,,,,2022,17,5026,True,,,0.73,0.07,8.72,,,0.73
,,,,,,,0.95,2022,17,5096,True,,,1.22,0.11,14.67,,,1.22
0.03,0.03,,,,,,0.53,2022,17,5113,True,,,1.35,0.11,16.69,,,1.35
,,,,,,,1.12,2022,17,5185,True,,,4.47,0.41,61.36,,,4.47
,,,,,,,,2022,17,5374,True,,,1.37,0.21,18.27,,,1.37
0.06,0.05,,,,0.86,,0.47,2022,17,5947,True,,,4.82,0.29,50.8,,,4.82
0.05,0.05,,,,,,0.71,2022,17,5955,True,,,2.96,0.26,31.2,,0.05,2.96
,,,,,,,,2022,17,6699,True,,,0.3,,4.0,,,0.3
0.07,0.08,,,,1.02,,2.57,2022,17,6794,True,,,7.92,0.78,115.41,,0.07,7.92
,,,,,,,,2022,17,6849,True,,,1.1,0.06,14.85,,,1.1
,,,,,,,0.44,2022,17,7066,True,,,2.78,0.2,35.22,,,2.78
,,,,,,,,2022,17,7351,True,,,0.41,,2.96,,,0.41
,,,,,,,0.66,2022,17,7540,True,,,0.91,0.07,10.97,,,0.91
0.05,0.05,,,,,,,2022,17,8144,True,,,3.6,0.34,51.22,,0.05,3.6
,,,,,,,,2022,17,8148,True,,,0.66,0.05,9.89,,,0.66
,,,,,,,,2022,17,8202,True,,,0.55,,6.24,,,0.55
,,,,,,,,2022,17,8745,True,,,0.24,,2.65,,,0.24
,,,,,,,,2022,17,8756,True,,,0.57,,6.3,,,0.57
0.06,0.06,,,,,,,2022,17,1689,True,,,4.46,0.4,48.23,,0.06,4.46
0.06,0.06,,,,,,,2022,17,2133,True,,,6.07,0.38,74.1,,0.06,6.07
0.06,0.06,,,,,,,2022,17,2309,True,,,4.97,0.44,62.79,,0.06,4.97
0.05,0.05,,,,,,0.67,2022,17,2325,True,,,1.28,0.11,20.22,,,1.28
,,,,,,,,2022,17,5086,True,,,2.73,0.27,36.69,,,2.73
,,,,,,0.01,0.67,2022,17,5121,True,,,0.4,0.03,4.03,,,0.4
0.14,,,,,,,2.15,2022,17,5137,True,,,3.39,0.35,42.6,,,3.39
,,,,,,,,2022,17,5154,True,,,1.39,0.19,14.34,,,1.39
,,,,,,,5.18,2022,17,5695,True,,,1.53,,14.94,,,1.53
0.07,0.07,,,,,,1.19,2022,17,5846,True,,,4.88,0.4,70.24,,0.07,4.88
,,,,,,,,2022,17,5965,True,,,0.21,,1.99,,,0.21
,0.11,,,,,0.01,4.73,2022,17,5970,True,,,4.62,0.23,45.39,,,4.62
,,,,,,,,2022,17,6402,True,,,1.33,0.1,13.68,,,1.33
0.06,0.06,,,,,,2.2,2022,17,6803,True,,,4.32,0.37,59.89,,0.06,4.32
0.07,0.07,,,,,,0.35,2022,17,7525,True,,,5.24,0.5,71.73,,0.07,5.24
0.1,0.05,,,,,,1.85,2022,17,7526,True,,,4.65,0.39,69.89,,0.05,4.65
,,,,,,,,2022,17,8013,True,,,0.07,0.01,0.79,,,0.07
,,,,,,,,2022,17,8119,True,,,3.88,0.38,45.7,,,3.88
,,,,,,,,2022,17,8176,True,,,0.47,0.04,6.15,,,0.47
0.16,0.16,,,,,,0.64,2022,17,8253,True,,,0.48,,4.32,,,0.48
,,,,,,,,2022,17,928,True,,,2.56,0.2,26.51,,,2.56
,,,,,,,,2022,17,147,True,,,1.81,0.1,22.07,,,1.81
,,,,,,,,2022,17,2673,True,,,1.44,0.11,17.99,,,1.44
,,,,,,,,2022,17,3269,True,,,3.46,0.26,44.17,,,3.46
0.06,0.06,,,,,,3.28,2022,17,3321,True,,,6.44,0.54,86.98,,0.06,6.44
0.07,0.07,,,,,,1.99,2022,17,4040,True,,,5.84,0.33,61.37,,0.07,5.84
0.06,0.06,,,,,,,2022,17,4068,True,,,4.36,0.46,62.09,,0.06,4.36
,,,,,,,0.54,2022,17,4080,True,,,3.19,0.37,56.99,,,3.19
0.07,0.06,,,,,,,2022,17,5110,True,,,4.08,0.26,40.87,,,4.08
,,,,,,,,2022,17,5323,True,,,1.9,0.16,21.08,,,1.9
0.07,0.07,,,,,,2.81,2022,17,5859,True,,,5.62,0.53,80.9,,0.07,5.62
0.06,0.06,,,,,,1.18,2022,17,5927,True,,,4.83,0.31,65.48,,0.06,4.83
0.07,0.07,,,,,0.07,5.42,2022,17,6814,True,,,1.74,0.14,18.75,,,1.74
0.06,0.07,,,,,,4.03,2022,17,6886,True,,,3.78,0.31,48.19,,0.06,3.78
0.09,0.09,,,,,,5.31,2022,17,7547,True,,,8.36,0.44,91.52,,0.09,8.36
,,,,,,,,2022,17,7565,True,,,2.78,0.17,33.32,,,2.78
0.04,0.04,,,,,,1.68,2022,17,7596,True,,,2.18,0.18,27.19,,0.04,2.18
,,,,,,,,2022,17,7603,True,,,1.06,0.05,10.25,,,1.06
0.03,0.03,,,,0.42,0.03,2.3,2022,17,7606,True,,,1.48,0.08,16.86,,0.03,1.48
0.06,0.06,,,,,,,2022,17,8112,True,,,4.74,0.35,57.48,,0.06,4.74
,,,,,,,,2022,17,947,True,,,1.37,0.15,17.16,,,1.37
,,,,,,,,2022,17,4218,True,,,0.14,,1.48,,,0.14
,,,,,,,,2022,17,6069,True,,,0.25,,2.71,,,0.25
0.05,0.05,,,,,,,2022,17,1144,True,,,1.44,0.1,13.49,,,1.44
0.07,0.07,,,,,,2.79,2022,17,7564,True,,,6.46,0.61,88.47,,0.07,6.46
,,,,,,,,2022,17,8134,True,,,0.96,0.06,11.75,,,0.96
,,,,,,0.06,3.43,2022,17,4197,True,,,3.15,0.22,34.0,,,3.15
0.07,0.07,,,,,,,2022,17,2449,True,,,6.6,0.6,84.3,,0.07,6.6
0.06,0.06,,,,,,0.98,2022,17,3225,True,,,3.84,0.29,43.86,,,3.84
,,,,,,,,2022,17,6598,True,,,1.0,0.08,10.08,,,1.0
0.07,0.07,,,,,,,2022,17,6801,True,,,5.84,0.51,79.22,,0.07,5.84
0.07,0.07,,,,,,0.77,2022,17,6943,True,,,3.93,0.41,59.03,,0.07,3.93
,,,,,,,,2022,17,3202,True,,,2.33,0.1,23.38,2.33,,
,,,,,,,,2022,17,8110,True,,,0.79,0.04,7.87,0.79,,
,,,,,,,,2022,17,2545,True,,,0.23,0.02,1.77,0.23,,
,,,,,,,,2022,17,8210,True,,,1.98,0.18,22.0,1.98,,
0.06,0.06,,,,,,,2022,17,5001,True,,,4.01,0.3,41.37,4.01,0.06,
,,,,,,,,2022,17,8197,True,,,0.72,0.06,6.71,0.72,,
,,,,,,,,2022,17,6964,True,,,0.29,,1.8,0.29,,
,,,,,,,,2022,17,2755,True,,,0.48,0.04,8.98,0.48,,
0.08,0.07,,,,,,,2022,17,3214,True,,,2.96,0.29,34.87,2.96,0.08,
,,,,,,,,2022,17,3496,True,,,0.67,,4.24,0.67,,
,,,,,,,,2022,17,4033,True,,,3.63,0.3,35.48,3.63,,
,,,,,,,,2022,17,4602,True,,,1.9,0.17,19.47,1.9,,
,,,,,,,,2022,17,4995,True,,,1.2,0.15,13.02,1.2,,
,,,,,,,,2022,17,5878,True,,,0.74,0.06,10.66,,,0.74
,,,,,,,,2022,17,5973,True,,,0.72,0.09,8.0,0.72,,
,,,,,,,,2022,17,6850,True,,,1.27,0.12,14.11,1.27,,
,,,,,,,,2022,17,6869,True,,,0.89,0.1,9.54,0.89,,
,,,,,,,,2022,17,7002,True,,,2.43,0.26,24.84,2.43,,
,,,,,,,,2022,17,7535,True,,,0.14,,1.04,0.14,,
,,,,,,,,2022,17,7568,True,,,0.83,0.06,8.62,0.83,,
,,,,,,,,2022,17,7842,True,,,0.48,,3.71,0.48,,
,,,,,,,,2022,17,8177,True,,,0.56,0.06,4.55,0.56,,
,,,,,,,,2022,17,8219,True,,,2.29,0.21,24.29,2.29,,
,,,,,,,,2022,17,8225,True,,,3.0,0.19,23.84,3.0,,
,,,,,,,,2022,17,943,True,,,0.07,0.01,0.74,0.07,,
,,,,,,,,2022,17,2360,True,,,0.56,0.03,6.48,0.56,,
,,,,,,,,2022,17,4055,True,,,0.4,0.03,3.96,0.4,,
0.07,0.04,0.04,,0.07,4.29,0.21,10.52,2022,17,4381,True,0.04,,0.36,0.07,2.9,0.36,,
0.06,0.06,,,,,,,2022,17,5022,True,,,4.32,0.37,46.25,4.32,0.06,
,,,,,,,,2022,17,5985,True,,,1.46,0.13,16.01,1.46,,
,,,,,,,,2022,17,6018,True,,,1.04,0.05,9.46,1.04,,
,,,,,,,,2022,17,6126,True,,,1.03,0.09,10.43,1.03,,
0.07,0.07,,,,,,,2022,17,6826,True,,,3.64,0.29,35.95,3.64,,
,,,,,,,,2022,17,6865,True,,,1.9,0.22,17.78,1.9,,
,,,,,,,,2022,17,7131,True,,,0.22,0.02,2.32,0.22,,
,,,,,,,,2022,17,7694,True,,,0.85,0.07,8.32,0.85,,
,,,,,,,,2022,17,8111,True,,,3.15,0.18,32.88,3.15,,
,,,,,,,,2022,17,8484,True,,,0.64,,5.97,0.64,,
,,,,,,,,2022,17,8665,True,,,0.13,0.01,1.44,0.13,,
,,,,,,,,2022,17,111,True,,,0.36,0.02,4.22,0.36,,
0.05,0.05,,,,,,,2022,17,2505,True,,,3.15,0.26,38.84,3.15,0.05,
,,,,,,,,2022,17,3048,True,,,0.23,,2.5,0.23,0.08,
,,,,,,,,2022,17,4066,True,,,5.42,0.34,53.32,5.42,,
,,,,,,,,2022,17,4443,True,,,0.71,0.07,5.61,0.71,,
,,,,,,,,2022,17,5032,True,,,2.76,0.22,25.17,2.76,,
0.11,0.1,,,,,,,2022,17,5857,True,,,3.06,0.34,36.4,3.06,,
,,,,,,,,2022,17,6662,True,,,1.3,0.11,11.84,1.3,,
,,,,,,,,2022,17,6843,True,,,0.18,0.02,2.02,0.18,,
0.06,0.07,,,,,,,2022,17,7600,True,,,3.89,0.2,43.0,3.89,0.06,
,,,,,,,,2022,17,8130,True,,,2.44,0.21,25.71,2.44,,
,,,,,,,,2022,17,8523,True,,,0.11,,1.23,0.11,,
,,,,,,,,2022,17,2390,True,,,0.78,0.05,7.52,0.78,,
,,,,,,,,2022,17,2460,True,,,1.3,0.11,13.25,1.3,0.06,
0.04,0.04,,,,,,,2022,17,3271,True,,,3.55,0.23,32.86,3.55,0.04,
,,,,,,,,2022,17,4189,True,,,0.38,0.03,3.6,0.38,,
,,,,,,,,2022,17,4314,True,,,0.97,0.07,9.01,0.97,,
,,,,,,,,2022,17,5008,True,,,1.33,0.11,12.9,1.33,,
0.11,0.06,,,,,,,2022,17,5012,True,,,4.7,0.4,54.0,4.7,0.06,
0.06,0.06,,,,,,,2022,17,5844,True,,,4.49,0.36,55.62,4.49,0.06,
,,,,,,,,2022,17,6075,True,,,0.18,,0.96,0.18,,
,,,,,,,,2022,17,6181,True,,,0.17,,2.01,0.17,,
,,,,,,,,2022,17,6926,True,,,0.44,0.05,4.05,0.44,,
,,,,,,,,2022,17,7716,True,,,0.67,0.03,7.39,0.67,,
,,,,,,,,2022,17,8583,True,,,0.21,,2.06,0.21,,
0.16,0.08,,,,,,,2022,17,1466,True,,,7.13,0.7,87.09,7.13,0.08,
,,,,,,,,2022,17,2422,True,,,0.6,0.06,5.95,0.6,,
,,,,,,,,2022,17,2446,True,,,1.06,0.08,11.46,1.06,,
,,,,,,,,2022,17,3258,True,,,0.84,0.08,8.28,0.84,,
0.07,0.07,,,,,,,2022,17,4217,True,,,4.38,0.45,56.74,4.38,0.07,
,,,,,,,,2022,17,4435,True,,,0.31,0.03,3.28,0.31,,
,,,,,,,,2022,17,4741,True,,,0.51,0.03,5.11,0.51,,
,,,,,,,,2022,17,6074,True,,,1.7,0.15,17.41,1.7,0.15,
,,,,,,,,2022,17,6970,True,,,0.15,,0.76,0.15,,
,,,,,,,,2022,17,7050,True,,,0.58,0.06,6.19,0.58,,
,,,,,,,,2022,17,7891,True,,,2.12,0.11,20.28,2.12,,
,,,,,,,,2022,17,8041,True,,,1.04,,11.18,1.04,,
,,,,,,,,2022,17,8131,True,,,1.79,0.12,17.31,1.79,,
,,,,,,,,2022,17,8170,True,,,0.59,0.06,4.87,0.59,,
,,,,,,,,2022,17,1425,True,,,0.34,0.02,3.53,0.34,,
,,,,,,,,2022,17,2251,True,,,2.61,0.18,28.17,2.61,,
,,,,,,,,2022,17,4054,True,,,0.92,0.09,10.26,0.92,,
,,,,,,,,2022,17,4089,True,,,3.16,0.23,38.73,3.16,,
0.04,0.04,,,,,,,2022,17,4993,True,,,1.6,0.12,18.99,1.6,0.04,
0.08,0.08,,,,,,,2022,17,5133,True,,,3.22,0.24,29.48,3.22,0.08,
,,,,,,,,2022,17,7075,True,,,0.14,,0.56,0.14,,
,,,,,,,0.25,2022,17,7216,True,,,0.45,,2.48,,,
,,,,,,,,2022,17,7554,True,,,0.6,0.05,5.06,0.6,,
,,,,,,,,2022,17,7828,True,,,2.16,0.18,18.14,2.16,,
,,,,,,,,2022,17,7946,True,,,0.63,,4.18,0.63,,
,,,,,,,,2022,17,8214,True,,,0.54,0.06,5.33,0.54,,
,,,,,,,,2022,17,6956,True,,,0.07,,0.62,0.07,,
,,,,,,,,2022,17,6894,True,,,0.9,0.04,5.7,0.9,,
,,,,,,,,2022,17,5906,True,,,3.09,0.28,34.48,3.09,0.06,
,,,,,,,,2022,17,7536,True,,,0.48,0.07,4.5,0.48,,
,,,,,,,,2022,17,4973,True,,,3.22,0.29,33.37,3.22,,
1.01,0.12,,1.01,1.22,224.1,0.16,10.8,2022,18,4179,True,,,,,,,,
0.8,0.37,0.13,0.73,1.9,265.58,0.2,24.62,2022,18,7523,True,,,,,,,,
0.7,0.28,0.21,0.78,2.4,326.56,0.33,21.94,2022,18,4046,True,,,,,,,,
0.46,0.29,,1.19,1.33,204.83,0.09,13.2,2022,18,6136,True,,,,,,,,
0.92,0.35,,1.1,1.12,222.75,0.02,3.06,2022,18,19,True,,,,,,,,
0.79,0.28,0.13,0.58,1.25,203.77,0.22,27.85,2022,18,4017,True,0.11,,,,,,,
0.51,0.2,0.15,0.65,1.75,224.48,0.17,18.25,2022,18,6797,True,0.06,,,,,,,
0.4,0.26,0.05,0.74,1.13,206.48,0.08,7.38,2022,18,7585,True,,,,,,,,
1.38,0.3,,0.84,0.77,163.2,0.2,25.55,2022,18,8241,True,,,,,,,,
,0.11,,0.39,0.39,86.35,0.07,6.75,2022,18,862,True,,,,,,,,
0.18,0.06,,0.13,0.13,18.83,0.15,13.96,2022,18,3362,True,,,,,,,,
0.54,0.3,,0.6,0.96,177.99,0.26,14.29,2022,18,4943,True,,,,,,,,
0.42,0.21,0.05,0.8,1.21,193.27,0.06,10.6,2022,18,7527,True,,,,,,,,
0.63,0.33,0.2,0.99,1.02,211.2,0.26,26.57,2022,18,7583,True,,,,,,,,
0.81,0.37,,0.8,1.2,249.55,0.2,15.97,2022,18,8160,True,,,,,,,,
,0.2,,0.8,0.89,146.93,0.08,9.0,2022,18,8206,True,,,,,,,,
0.18,0.07,0.1,0.35,1.32,160.87,0.06,1.9,2022,18,167,True,,,,,,,,
0.5,0.22,0.05,0.76,1.84,252.59,0.11,5.0,2022,18,3163,True,,,,,,,,
0.67,0.22,0.11,0.9,1.48,242.85,0.09,6.61,2022,18,4892,True,,,,,,,,
,0.22,,1.12,1.1,190.67,0.01,4.81,2022,18,6450,True,,,,,,,,
1.28,0.23,,0.8,1.03,163.7,0.14,19.2,2022,18,8162,True,,,,,,,,
,0.22,,0.73,1.89,204.2,0.1,8.22,2022,18,8183,True,,,,,,,,
0.24,0.12,,0.75,1.88,240.88,0.16,15.27,2022,18,1373,True,,,,,,,,
0.81,0.25,,0.83,1.39,195.33,0.19,29.98,2022,18,8159,True,,,,,,,,
0.31,0.14,0.06,0.31,0.85,119.5,0.04,3.59,2022,18,1166,True,,,,,,,,
0.59,0.27,0.13,0.79,1.12,243.05,0.27,22.56,2022,18,1234,True,,,,,,,,
0.67,0.19,0.07,0.7,2.24,245.84,0.13,14.01,2022,18,3294,True,,,,,,,,
0.77,0.09,,1.1,0.78,178.18,0.01,4.88,2022,18,4183,True,,,,,,,,
0.77,0.38,,0.38,0.76,111.2,0.02,4.64,2022,18,4464,True,,,,,,,,
0.67,0.32,0.13,0.76,2.16,272.44,0.41,34.39,2022,18,4984,True,,,,,,,,
0.52,0.19,0.13,0.78,2.32,283.94,0.19,11.68,2022,18,6770,True,,,,,,,,
0.66,0.26,0.15,0.75,1.71,264.4,0.49,51.76,2022,18,6904,True,0.06,,,,,,,
0.57,0.28,,0.73,1.17,196.07,0.1,5.96,2022,18,829,True,,,,,,,,
0.43,0.1,0.21,0.7,1.9,238.0,0.12,6.0,2022,18,96,True,,,,,,,,
,,,,,,0.01,1.5,2022,18,1034,True,,,,,,,,
,,,,,,0.23,36.34,2022,18,2161,True,,4.8,4.8,0.33,35.1,,,
,,,,,,0.02,3.34,2022,18,2359,True,,2.0,2.0,0.07,14.98,,,
,,,,,,,1.56,2022,18,2471,True,,,0.24,,1.7,,,
0.26,0.15,,,,,0.97,104.37,2022,18,3198,True,0.07,1.8,1.8,0.06,13.82,,,
,,,,,,0.03,5.1,2022,18,5052,True,,0.24,0.24,0.03,1.83,,,
,,,,,,,,2022,18,6202,True,,,0.39,,3.54,,,
,,,,,,0.19,25.89,2022,18,8139,True,,0.15,0.15,,1.19,,,
,,,,,,0.02,3.13,2022,18,8123,True,,0.78,0.78,,5.32,,,
,,,,,,,1.12,2022,18,8254,True,,0.18,0.18,,1.65,,,
0.08,0.04,,,,,0.42,50.26,2022,18,5850,True,,1.96,1.96,0.04,14.2,,,
,,,,,,0.12,8.77,2022,18,6996,True,,1.17,1.17,,9.1,,,
0.18,0.09,,,,,0.4,71.02,2022,18,7543,True,,3.01,3.01,0.18,24.26,,,
,,,,,,0.02,2.81,2022,18,8179,True,,0.15,0.15,,0.81,,,
0.17,0.09,,,,,0.33,67.86,2022,18,8205,True,,1.09,1.09,0.04,8.2,,,
,,,,,,0.34,45.0,2022,18,1476,True,,1.74,1.74,0.01,12.08,,,
,,,,,,0.05,7.38,2022,18,2588,True,,0.39,0.39,,2.53,,,
0.06,0.03,,,,,0.13,18.29,2022,18,4098,True,,1.72,1.72,0.06,14.68,,,
0.07,0.03,,,,,0.26,35.72,2022,18,4111,True,,0.52,0.52,0.02,4.02,,,
0.12,0.06,,,,,0.92,53.35,2022,18,4663,True,,6.09,6.09,0.25,30.19,,,
0.11,0.05,,,,,0.62,74.41,2022,18,4988,True,0.05,1.28,1.28,0.04,9.53,,,
,,,,,,0.04,8.6,2022,18,5347,True,,1.22,1.22,0.06,9.36,,,
0.07,0.04,,,,,0.32,37.33,2022,18,5890,True,0.04,0.53,0.53,0.02,3.95,,,
,,,,,,0.08,5.18,2022,18,6323,True,,,0.9,0.06,7.23,0.9,0.17,
,,,,,,,0.67,2022,18,7204,True,,,,,,,,
0.06,0.06,,,,,0.23,33.25,2022,18,7561,True,,0.51,0.51,0.04,4.22,,,
0.1,0.05,,,,,0.31,49.09,2022,18,7611,True,0.05,3.7,3.7,0.06,28.73,,,
0.21,0.12,,,,,0.41,36.4,2022,18,8122,True,,0.89,0.89,0.05,7.65,,,
,,,,,,0.48,69.29,2022,18,8132,True,,1.54,1.54,0.01,11.36,,,
,,,,,,0.03,4.28,2022,18,8211,True,,0.17,0.17,,1.28,,,
,0.03,,,,,0.22,28.41,2022,18,8221,True,,1.27,1.27,0.01,8.79,,,
,,,,,,0.03,5.39,2022,18,1387,True,,1.89,1.89,0.05,13.55,,,
,,,,,,,0.35,2022,18,2073,True,,,0.25,,2.05,,,
,,,,,,,0.26,2022,18,3354,True,,,,,,,,
,,,,,,,0.41,2022,18,3832,True,,,0.58,0.05,6.5,,,
0.12,0.01,,,,,0.4,62.63,2022,18,5248,True,,0.64,0.64,0.03,5.15,,,
0.1,0.05,,,,,0.33,54.24,2022,18,6130,True,,1.71,1.71,0.04,12.34,,,
0.13,0.07,,,,,0.37,69.18,2022,18,6151,True,,2.02,2.02,0.05,14.99,,,
,,,,,,0.0,0.42,2022,18,6694,True,,,,,,,,
0.11,0.08,,,,,0.29,40.0,2022,18,6790,True,,3.39,3.39,0.11,26.17,,,
,,,,,,0.34,52.86,2022,18,6845,True,,1.44,1.44,0.21,10.51,,,
,,,,,,0.15,25.2,2022,18,6885,True,,0.75,0.75,0.03,5.25,,,
0.13,0.05,,,,,0.51,64.47,2022,18,6938,True,,1.62,1.62,0.07,13.27,,,
,,,,,,0.14,22.95,2022,18,7045,True,,1.15,1.15,,7.85,,,
,,,,,,0.22,41.57,2022,18,7551,True,,2.28,2.28,,16.43,,,
,,,,,,0.01,1.41,2022,18,8116,True,,0.07,0.07,0.0,0.51,,,
,,,,,,0.09,14.67,2022,18,8150,True,,0.8,0.8,,6.02,,,
0.15,0.08,,,,,0.59,75.55,2022,18,8151,True,,1.82,1.82,0.07,14.14,,,
,0.02,,,,,0.03,17.15,2022,18,8230,True,,0.48,0.48,0.02,3.57,,,
0.16,,,,,,0.12,14.64,2022,18,8800,True,,0.7,0.7,,4.25,,,
,,,,,,,1.34,2022,18,1386,True,,0.08,0.08,0.0,0.5,,,
0.05,0.01,,,,,0.06,13.5,2022,18,3242,True,,0.95,0.95,0.05,7.0,,,
0.11,0.06,,,,,0.41,60.66,2022,18,4018,True,0.05,3.77,3.77,0.16,29.17,,,
0.13,0.07,,,,,0.36,39.46,2022,18,4029,True,0.03,1.74,1.74,0.04,10.79,,,
,,,,,,0.17,25.42,2022,18,4147,True,,2.0,2.0,0.06,14.79,,,
0.05,0.05,,,,,0.14,23.25,2022,18,5000,True,,1.8,1.8,0.05,13.25,,,
,,,,,,0.1,10.0,2022,18,5131,True,,0.73,0.73,,6.0,,,
,0.01,,,,,0.02,3.94,2022,18,5220,True,,0.35,0.35,0.01,2.33,,,
,,,,,,,2.5,2022,18,6918,True,,0.16,0.16,,1.27,,,
0.11,0.05,,,,,0.42,61.47,2022,18,7528,True,0.06,1.91,1.91,0.06,13.83,,,
,,,,,,0.06,12.21,2022,18,7567,True,,1.35,1.35,0.03,10.13,,,
,,,,,,0.18,43.79,2022,18,8136,True,,3.14,3.14,0.09,23.73,,,
,0.01,,,,,0.11,15.36,2022,18,8255,True,,1.08,1.08,0.04,8.37,,,
,,,,,,0.08,9.5,2022,18,8408,True,,0.17,0.17,,1.21,,,
0.08,0.04,,,,,0.18,37.48,2022,18,1535,True,,1.37,1.37,0.04,10.84,,,
0.12,0.06,,,,,0.99,65.19,2022,18,3164,True,0.07,0.81,0.81,0.02,5.86,,,
0.14,0.07,,,,,0.75,77.27,2022,18,4034,True,,4.4,4.4,0.13,35.24,,,
0.05,0.05,,,,,0.7,55.0,2022,18,4149,True,,0.71,0.71,0.03,4.74,,,
,0.01,,,,,0.28,42.44,2022,18,4455,True,,1.45,1.45,0.05,11.85,,,
,,,,,,0.26,22.76,2022,18,4718,True,,0.85,0.85,,5.98,,,
,,,,,,0.06,9.76,2022,18,5122,True,,0.37,0.37,,2.4,,,
0.13,0.06,,,,,0.23,47.75,2022,18,5967,True,,3.15,3.15,0.2,22.98,,,
,0.01,,,,,0.02,9.91,2022,18,5995,True,,1.37,1.37,0.04,10.69,,,
,,,,,,0.02,1.05,2022,18,6039,True,,0.36,0.36,0.04,2.52,,,
,,,,,,0.04,4.41,2022,18,6156,True,,0.15,0.15,,1.13,,,
,,,,,,0.03,3.44,2022,18,6963,True,,0.18,0.18,,1.38,,,
0.22,0.03,,,,,0.24,39.25,2022,18,7594,True,,2.09,2.09,0.07,14.96,,,
,,,,,,,2.48,2022,18,8025,True,,,0.28,,1.38,,,
,,,,,,0.18,23.12,2022,18,8228,True,,1.56,1.56,,11.43,,,
,,,,,,,2.42,2022,18,1379,True,,,1.02,0.06,9.07,,,
,,,,,,0.13,21.73,2022,18,2391,True,,0.69,0.69,,5.18,,,
0.05,0.03,,,,,0.21,25.16,2022,18,3969,True,,2.72,2.72,0.1,19.2,,,
,,,,,,,0.66,2022,18,4353,True,,,0.74,,5.9,,,
,0.03,,,,,0.3,43.53,2022,18,4651,True,,1.98,1.98,0.02,13.86,,,
,,,,,,0.28,40.31,2022,18,5046,True,,0.87,0.87,,5.47,,,
,,,,,,0.35,48.03,2022,18,5284,True,,2.32,2.32,0.02,17.12,,,
0.05,,,,,,0.2,36.63,2022,18,5987,True,,1.97,1.97,0.05,14.93,,,
0.11,0.06,,,,,0.39,46.22,2022,18,6828,True,0.06,1.86,1.86,0.05,14.38,,,
,0.02,,,,,0.12,11.55,2022,18,6931,True,,2.02,2.02,0.1,14.1,,,
,,,,,,0.04,4.24,2022,18,6951,True,,0.65,0.65,,4.58,,,
0.07,0.04,,,,,0.16,27.99,2022,18,7607,True,,2.44,2.44,0.11,18.83,,,
0.04,,,,,,0.17,37.58,2022,18,7608,True,,0.43,0.43,0.01,3.45,,,
,0.02,,,,,0.07,6.37,2022,18,7720,True,,0.32,0.32,0.01,2.24,,,
,,,,,,0.28,33.31,2022,18,8138,True,,2.58,2.58,0.06,18.2,,,
,,,,,,,1.18,2022,18,8143,True,,0.07,0.07,,0.48,,,
,,,,,,,,2022,18,8223,True,,,0.34,0.04,4.0,,,0.34
,,,,,,,0.25,2022,18,8820,True,,,0.28,,1.93,,,
,,,,,,0.32,42.14,2022,18,2749,True,,2.24,2.24,0.02,18.55,,,
,0.08,,,,,0.39,51.47,2022,18,3312,True,,2.33,2.33,0.05,18.7,,,
0.15,0.08,,,,,0.54,79.56,2022,18,4035,True,0.08,4.18,4.18,0.1,22.57,,,
0.13,0.05,,,,,0.3,60.0,2022,18,4199,True,,3.53,3.53,0.16,23.0,,,
0.11,0.05,,,,,0.44,51.22,2022,18,5892,True,,2.04,2.04,0.04,15.52,,,
,,,,,,,2.57,2022,18,6109,True,,,0.65,,6.75,,,
,,,,,,,2.05,2022,18,6144,True,,0.06,0.06,,0.47,,,
,,,,,,,2.34,2022,18,6878,True,,0.22,0.22,,1.61,,,
,0.04,,,,,0.22,28.08,2022,18,7529,True,,1.24,1.24,0.02,6.56,,,
,0.02,,,,,0.12,21.77,2022,18,7537,True,,0.57,0.57,0.01,3.88,,,
,,,,,,0.09,9.15,2022,18,7809,True,,0.75,0.75,,5.66,,,
,,,,,,,3.67,2022,18,8181,True,,,0.89,,7.21,0.89,,
,,,,,,,1.89,2022,18,8189,True,,0.07,0.07,0.0,0.53,,,
,,,,,,,,2022,18,4177,True,,,2.42,0.2,31.26,,,2.42
,,,,,,,,2022,18,5086,True,,,2.92,0.29,39.13,,,2.92
0.07,0.06,,,,,,,2022,18,2133,True,,,6.22,0.66,78.37,,0.07,6.22
,,,,,,,,2022,18,2381,True,,,0.49,0.03,6.21,,,0.49
,,,,,,,,2022,18,4622,True,,,0.51,0.04,5.76,,,0.51
,,,,,,,,2022,18,8013,True,,,0.06,0.01,0.77,,,0.06
,,,,,,,1.52,2022,18,4198,True,,,0.62,0.04,6.92,,,0.62
0.07,0.07,,,,,,1.57,2022,18,4950,True,,,5.45,0.3,62.92,,0.07,5.45
0.06,0.06,,,,,,0.8,2022,18,5955,True,,,3.32,0.29,34.95,,0.06,3.32
,,,,,,,,2022,18,7793,True,,,1.12,0.1,18.52,,,1.12
0.06,0.06,,,,,,,2022,18,8135,True,,,3.74,0.37,48.81,,0.06,3.74
0.04,0.04,,,,,,,2022,18,1067,True,,,2.45,0.18,29.85,,,2.45
,,,,,,,,2022,18,5374,True,,,0.93,0.13,12.16,,,0.93
0.07,0.07,,,,,,1.83,2022,18,4040,True,,,5.39,0.3,60.54,,0.07,5.39
,,,,,,,0.55,2022,18,4080,True,,,5.1,0.32,56.57,,,5.1
,,,,,,,,2022,18,7496,True,,,1.86,0.11,23.93,,,1.86
0.07,0.07,,,,,0.07,2.88,2022,18,1352,True,,,4.18,0.27,48.39,,,4.18
0.05,0.06,,,,0.77,0.06,4.11,2022,18,7606,True,,,2.64,0.15,30.09,,0.05,2.64
,,,,,,,,2022,18,1110,True,,,1.53,0.15,22.49,,,1.53
0.07,0.07,,,,,,,2022,18,1479,True,,,5.52,0.47,60.64,,0.07,5.52
,,,,,,,,2022,18,1817,True,,,0.55,0.04,7.01,,,0.55
0.05,0.05,,,,,,0.3,2022,18,2216,True,,,3.84,0.36,55.01,,0.05,3.84
0.06,0.06,,,,,,,2022,18,2309,True,,,4.89,0.43,61.77,,0.06,4.89
0.06,0.07,,,,,,,2022,18,2374,True,,,4.9,0.38,64.72,,0.06,4.9
,,,,,,,,2022,18,3155,True,,,1.06,0.09,13.46,,,1.06
0.06,0.06,,,,,,0.95,2022,18,3225,True,,,3.76,0.28,42.97,,,3.76
,,,,,,,,2022,18,4171,True,,,2.19,0.21,27.0,,,2.19
0.05,0.05,,,,,,,2022,18,4951,True,,,2.7,0.24,38.59,,0.05,2.7
0.06,0.06,,,,,,,2022,18,5110,True,,,3.69,0.28,42.77,,,3.69
,,,,,,,,2022,18,5154,True,,,2.05,0.17,21.18,,,2.05
,,,,,,,,2022,18,5185,True,,,3.99,0.37,53.0,,,3.99
0.05,0.05,,,,,,1.05,2022,18,5927,True,,,4.33,0.28,58.71,,0.05,4.33
,,,,,,,,2022,18,6290,True,,,1.82,0.13,21.83,,,1.82
0.07,0.07,,,,,,,2022,18,6801,True,,,5.8,0.56,78.72,,0.07,5.8
0.07,0.07,,,,,,2.25,2022,18,6803,True,,,4.44,0.39,61.59,,0.07,4.44
,,,,,,,,2022,18,8137,True,,,3.12,0.32,39.43,,,3.12
,,,,,,,,2022,18,8142,True,,,2.19,0.18,26.76,,,2.19
,,,,,,,,2022,18,8148,True,,,0.55,0.1,8.17,,,0.55
,,,,,,0.01,3.92,2022,18,8167,True,,,4.01,0.43,53.46,,,4.01
,,,,,,,,2022,18,8180,True,,,1.27,0.13,14.27,,,1.27
,,,,,,,,2022,18,8416,True,,,0.35,,3.66,,,0.35
,,,,,,,,2022,18,8756,True,,,0.52,0.02,5.74,,,0.52
0.05,0.05,,,,,,1.18,2022,18,2197,True,,,3.82,0.23,47.12,,0.05,3.82
0.06,0.1,,,,,0.02,3.02,2022,18,3321,True,,,5.91,0.43,79.79,,0.06,5.91
,,,,,,,,2022,18,4036,True,,,2.89,0.23,41.9,,0.07,2.89
,,,,,,,0.23,2022,18,4319,True,,,0.61,0.03,6.83,,,0.61
,,,,,1.4,,3.55,2022,18,4454,True,,,2.43,0.23,30.47,,,2.43
0.05,0.05,,,,,,4.08,2022,18,4983,True,,,3.81,0.4,49.06,,0.05,3.81
0.13,0.13,,,,,,,2022,18,5026,True,,,1.27,0.1,15.53,,,1.27
,,,,,,,0.72,2022,18,6149,True,,,2.38,0.24,33.63,,,2.38
,,,,,,,,2022,18,6427,True,,,0.58,0.04,7.66,,,0.58
,,,,,,,0.32,2022,18,6927,True,,,2.81,0.19,38.89,,,2.81
0.03,0.03,,,,,,,2022,18,6989,True,,,0.51,0.04,6.04,,0.03,0.51
0.1,0.05,,,,,0.01,1.93,2022,18,7526,True,,,4.87,0.33,64.23,,0.05,4.87
,,,,,,,6.83,2022,18,7562,True,,,2.16,0.18,20.93,,,2.16
0.07,0.08,,,,,,2.88,2022,18,7564,True,,,6.69,0.63,93.73,,0.07,6.69
0.03,0.03,,,,,,1.44,2022,18,7596,True,,,1.87,0.15,23.33,,0.03,1.87
,,,,,,,,2022,18,7603,True,,,1.12,0.05,10.83,,,1.12
0.03,0.03,,,,,,,2022,18,8118,True,,,1.96,0.1,21.45,,,1.96
,,,,,,,,2022,18,8119,True,,,3.59,0.42,48.89,,,3.59
0.05,0.04,,,,,,,2022,18,8144,True,,,3.54,0.33,50.56,,0.05,3.54
,,,,,,,,2022,18,8235,True,,,0.83,,8.55,,,0.83
,,,,,,,,2022,18,8527,True,,,0.12,,1.18,,,0.12
0.04,0.04,,,,,,,2022,18,1689,True,,,3.2,0.29,37.59,,0.04,3.2
,,,,,,,1.21,2022,18,2750,True,,,0.97,0.12,13.17,,,0.97
0.05,0.05,,,,,,0.6,2022,18,4037,True,,,3.91,0.31,47.41,,0.05,3.91
,,,,,,0.04,7.21,2022,18,4082,True,,,2.87,0.15,31.06,,0.04,2.87
,,,,,,,,2022,18,4218,True,,,0.15,,1.53,,,0.15
0.11,,,,,,,1.71,2022,18,5137,True,,,3.13,0.28,33.9,,,3.13
,,,,,,,,2022,18,5199,True,,,1.22,0.07,14.79,,,1.22
,,,,,,,,2022,18,5323,True,,,1.73,0.14,19.15,,,1.73
0.07,0.07,,,,,,1.25,2022,18,5846,True,,,5.15,0.42,74.23,,0.07,5.15
,,,,,,,,2022,18,5880,True,,,2.81,0.22,34.22,,,2.81
,,,,,,,,2022,18,5965,True,,,0.24,,2.28,,,0.24
,,,,,,,,2022,18,6069,True,,,0.26,,2.81,,,0.26
,,,,,,,,2022,18,6402,True,,,1.52,0.12,15.66,,,1.52
0.06,0.06,,,,,,1.99,2022,18,6819,True,,,5.62,0.3,61.72,,0.06,5.62
,,,,,,,,2022,18,7565,True,,,2.94,0.18,35.23,,,2.94
,,,,,,,,2022,18,7944,True,,,0.23,,2.29,,,0.23
,,,,,,,,2022,18,8121,True,,,2.24,0.2,26.79,,,2.24
0.48,0.48,,,,,,1.94,2022,18,8253,True,,,1.45,,13.08,,,1.45
,,,,,,,,2022,18,8676,True,,,2.74,0.31,45.97,,,2.74
,,,,,,,,2022,18,2673,True,,,1.39,0.11,17.27,,,1.39
,0.03,,,,,0.02,4.21,2022,18,3278,True,,,0.28,0.01,2.81,,,0.28
,,,,,,,0.81,2022,18,3634,True,,,1.18,0.06,15.0,,,1.18
0.05,0.06,,,,,,,2022,18,4068,True,,,4.36,0.4,62.14,,0.05,4.36
,,,,,,,,2022,18,4992,True,,,1.09,0.06,11.4,,,1.09
0.05,0.05,,,,,,,2022,18,5045,True,,,3.85,0.34,52.85,,0.05,3.85
,,,,,,0.01,0.6,2022,18,5121,True,,,0.35,0.02,3.56,,,0.35
,,,,,,,,2022,18,5134,True,,,1.14,0.06,10.26,,,1.14
,,,,,,,,2022,18,5432,True,,,0.21,0.02,2.29,,,0.21
,,,,,,,,2022,18,5773,True,,,1.07,0.13,14.71,,,1.07
0.06,0.07,,,,,,1.06,2022,18,5848,True,,,4.36,0.31,53.7,,,4.36
0.11,0.06,,,,,,3.0,2022,18,5937,True,,,5.06,0.28,55.23,,0.06,5.06
0.06,0.06,,,,0.77,,0.44,2022,18,5947,True,,,4.49,0.28,47.27,,,4.49
0.08,0.08,,,,,,4.6,2022,18,6786,True,,,6.13,0.58,83.84,,0.08,6.13
,,,,,,,1.15,2022,18,6798,True,,,1.47,0.08,17.95,,,1.47
,,,,,,,0.75,2022,18,6824,True,,,3.2,0.31,47.44,,,3.2
,,,,,,,,2022,18,6849,True,,,0.98,0.05,13.14,,,0.98
,,,,,,,0.48,2022,18,6853,True,,,2.98,0.3,37.15,,,2.98
0.06,0.06,,,,,,0.72,2022,18,6943,True,,,3.67,0.42,57.12,,0.06,3.67
,,,,,,,,2022,18,7049,True,,,2.9,0.3,33.02,,,2.9
,,,,,,,,2022,18,7233,True,,,0.8,0.07,8.29,,,0.8
,,,,,,,1.28,2022,18,7540,True,,,1.78,0.13,21.32,,,1.78
,,,,,,,,2022,18,7587,True,,,0.1,0.01,1.26,,,0.1
,,,,,,,0.69,2022,18,7670,True,,,2.53,0.18,27.7,,,2.53
,,,,,,,,2022,18,8114,True,,,0.07,0.01,0.71,,,0.07
,,,,,,,,2022,18,8134,True,,,1.01,0.07,12.28,,,1.01
0.06,0.06,,,,,,,2022,18,8146,True,,,5.01,0.35,59.84,,0.06,5.01
,,,,,,,,2022,18,8745,True,,,0.26,,2.86,,,0.26
,,,,,,,,2022,18,2319,True,,,2.5,0.21,33.74,,,2.5
0.03,0.03,,,,,,0.34,2022,18,2325,True,,,0.65,0.05,10.22,,,0.65
,,,,,,,,2022,18,2331,True,,,1.42,0.17,18.67,,,1.42
,,,,,,,,2022,18,3269,True,,,2.77,0.21,35.37,,,2.77
,,,,,,,,2022,18,3445,True,,,1.02,0.1,12.14,,,1.02
,,,,,,0.06,3.58,2022,18,4197,True,,,3.29,0.23,35.53,,,3.29
,,,,,,,,2022,18,4854,True,,,0.13,0.03,1.37,,,0.13
,,,,,,,1.08,2022,18,5096,True,,,1.38,0.12,16.5,,,1.38
,,,,,,,5.59,2022,18,5695,True,,,1.64,,16.1,,,1.64
0.08,0.08,,,,,,3.25,2022,18,5859,True,,,5.94,0.62,93.47,,0.08,5.94
0.04,0.04,,,,0.59,,1.5,2022,18,6794,True,,,4.62,0.46,56.44,,0.04,4.62
0.07,0.07,,,,,0.07,5.72,2022,18,6814,True,,,1.83,0.15,19.82,,,1.83
0.05,0.05,,,,,,3.46,2022,18,6886,True,,,3.25,0.27,41.42,,0.05,3.25
,,,,,,,,2022,18,6957,True,,,1.12,0.11,12.73,,,1.12
,,,,,,,0.51,2022,18,7066,True,,,3.15,0.23,39.91,,,3.15
,,,,,,,,2022,18,7135,True,,,0.98,0.11,12.51,,,0.98
0.08,0.08,,,,,,0.37,2022,18,7525,True,,,5.41,0.44,74.14,,0.08,5.41
,,,,,,,,2022,18,7746,True,,,0.51,,4.36,,,0.51
0.06,0.06,,,,,,,2022,18,8112,True,,,5.06,0.38,61.46,,0.06,5.06
,,,,,,,,2022,18,8188,True,,,2.21,0.18,25.74,,,2.21
,,,,,,,,2022,18,830,True,,,0.92,0.06,12.38,,,0.92
,,,,,,,,2022,18,8917,True,,,0.06,0.01,0.67,,,0.06
0.06,0.06,,,,,,,2022,18,2449,True,,,6.5,0.61,82.8,,0.06,6.5
,,,,,,,,2022,18,3286,True,,,2.95,0.33,34.92,,,2.95
0.03,0.03,,,,,,,2022,18,4131,True,,,0.9,0.1,12.2,,0.03,0.9
,,,,,,,,2022,18,4234,True,,,1.18,0.09,14.1,,,1.18
,,,,,,,,2022,18,5038,True,,,4.02,0.37,56.47,,,4.02
0.1,0.04,,,,0.71,0.12,16.45,2022,18,5872,True,,,3.44,0.24,43.65,,0.05,3.44
,,,,,,,,2022,18,5970,True,,,4.31,0.2,41.69,,,4.31
,,,,,,,0.46,2022,18,6271,True,,,1.96,0.13,25.85,,,1.96
,,,,,,,,2022,18,6598,True,,,1.04,0.08,10.47,,,1.04
0.07,0.07,,,,,,1.71,2022,18,6783,True,,,4.79,0.4,61.01,,0.07,4.79
,,,,,,,,2022,18,6920,True,,,2.64,0.26,31.57,,,2.64
0.07,0.07,,,,,,4.25,2022,18,7547,True,,,6.69,0.39,73.28,,0.07,6.69
,,,,,,,,2022,18,7595,True,,,0.73,0.09,8.96,,,0.73
,,,,,,,,2022,18,8176,True,,,0.5,0.05,6.48,,,0.5
,,,,,,,,2022,18,8202,True,,,0.65,,7.34,,,0.65
,,,,,,,,2022,18,928,True,,,2.35,0.25,24.26,,,2.35
0.05,0.02,,,,,,,2022,18,2505,True,,,3.1,0.25,38.09,3.1,0.05,
,,,,,,,,2022,18,8210,True,,,2.92,0.26,26.98,2.92,,
0.16,0.08,,,,,,,2022,18,1466,True,,,6.45,0.73,78.79,6.45,0.08,
,,,,,,,,2022,18,4066,True,,,4.29,0.41,48.44,4.29,,
,,,,,,,,2022,18,4741,True,,,0.49,0.03,4.96,0.49,,
,,,,,,,,2022,18,2422,True,,,0.59,0.06,5.86,0.59,,
,,,,,,,,2022,18,2545,True,,,0.25,0.02,1.95,0.25,,
,,,,,,,,2022,18,7828,True,,,2.12,0.18,17.86,2.12,,
,,,,,,,,2022,18,7842,True,,,0.47,,3.6,0.47,,
,,,,,,,,2022,18,3048,True,,,0.22,,2.42,0.22,0.07,
,,,,,,,,2022,18,3202,True,,,2.57,0.19,25.73,2.57,,
,,,,,,,,2022,18,6075,True,,,0.2,,1.08,0.2,,
,,,,,,,,2022,18,5985,True,,,1.64,0.15,17.94,1.64,,
,,,,,,,,2022,18,1425,True,,,0.31,0.02,3.21,0.31,,
,,,,,,,,2022,18,4089,True,,,2.93,0.27,32.79,2.93,,
,,,,,,,,2022,18,4189,True,,,1.11,0.08,10.64,1.11,,
0.06,0.05,,,,,,,2022,18,5022,True,,,3.97,0.34,42.48,3.97,0.06,
,,,,,,,,2022,18,5032,True,,,2.53,0.27,23.04,2.53,,
,,,,,,,,2022,18,5878,True,,,0.67,0.05,9.69,,,0.67
,,,,,,,,2022,18,5906,True,,,2.99,0.31,33.97,2.99,0.06,
,,,,,,,,2022,18,6662,True,,,1.25,0.1,11.36,1.25,,
0.06,0.06,,,,,,,2022,18,6826,True,,,3.69,0.33,36.45,3.69,,
,,,,,,,,2022,18,6894,True,,,0.51,,2.73,0.51,,
,,,,,,,,2022,18,7131,True,,,0.23,0.02,2.44,0.23,,
,,,,,,,,2022,18,7694,True,,,0.89,0.07,8.8,0.89,,
,,,,,,,,2022,18,7716,True,,,0.61,0.03,6.82,0.61,,
,,,,,,,,2022,18,7891,True,,,1.53,0.08,14.68,1.53,,
,,,,,,,,2022,18,8110,True,,,0.75,0.04,7.42,0.75,,
,,,,,,,,2022,18,943,True,,,0.7,0.1,7.4,0.7,,
0.07,0.07,,,,,,,2022,18,3214,True,,,2.72,0.29,32.03,2.72,0.07,
0.05,0.05,,,,,,,2022,18,3271,True,,,3.85,0.25,35.6,3.85,0.05,
,,,,,,,,2022,18,3496,True,,,0.58,0.02,3.66,0.58,,
0.06,0.06,,,,,,,2022,18,4217,True,,,4.15,0.45,60.32,4.15,0.06,
,,,,,,,,2022,18,6865,True,,,3.36,0.3,31.36,3.36,,
,,,,,,,,2022,18,7002,True,,,2.21,0.32,22.52,2.21,,
,,,,,,,,2022,18,7050,True,,,0.61,0.06,6.51,0.61,,
,,,,,,,,2022,18,8041,True,,,0.86,0.1,9.24,0.86,,
,,,,,,,,2022,18,8111,True,,,3.3,0.24,23.52,3.3,,
,,,,,,,,2022,18,8127,True,,,1.65,0.15,18.75,1.65,,
,,,,,,,,2022,18,8130,True,,,3.34,0.25,35.14,3.34,,
,,,,,,,,2022,18,8484,True,,,0.58,,5.43,0.58,,
,,,,,,,,2022,18,2214,True,,,0.74,0.07,7.82,0.74,,
,,,,,,,,2022,18,2390,True,,,0.83,0.06,7.93,0.83,,
,,,,,,,,2022,18,4435,True,,,0.3,0.02,3.15,0.3,,
,,,,,,,,2022,18,4602,True,,,2.49,0.23,25.51,2.49,,
,,,,,,,,2022,18,4995,True,,,1.27,0.16,13.77,1.27,,
0.08,0.08,,,,,,,2022,18,5133,True,,,3.25,0.24,29.66,3.25,0.08,
0.09,0.09,,,,,,,2022,18,5857,True,,,2.7,0.28,32.13,2.7,,
,,,,,,,,2022,18,6181,True,,,0.15,,1.82,0.15,,
,,,,,,,,2022,18,6926,True,,,0.48,0.06,4.43,0.48,,
,,,,,,,,2022,18,7106,True,,,0.26,,2.35,0.26,,
0.06,0.06,,,,,,,2022,18,7600,True,,,3.75,0.28,40.39,3.75,0.06,
,,,,,,,,2022,18,8225,True,,,2.14,0.14,17.02,2.14,,
,,,,,,,,2022,18,4054,True,,,1.26,0.12,14.09,1.26,,
0.11,0.16,0.06,,0.11,6.63,0.33,34.7,2022,18,4381,True,0.06,,0.55,0.11,5.5,0.55,,
,,,,,,,,2022,18,6869,True,,,1.04,0.12,11.04,1.04,,
,,,,,,,,2022,18,7535,True,,,0.15,,1.13,0.15,,
,,,,,,,,2022,18,7536,True,,,0.5,0.07,4.7,0.5,,
,,,,,,,,2022,18,8131,True,,,3.01,0.21,29.12,3.01,,
,,,,,,,,2022,18,8170,True,,,0.61,0.06,5.01,0.61,,
,,,,,,,,2022,18,8219,True,,,2.38,0.21,30.28,2.38,,
,,,,,,,,2022,18,8583,True,,,0.18,,1.78,0.18,,
,,,,,,,,2022,18,8665,True,,,0.36,0.04,3.97,0.36,,
,,,,,,,,2022,18,2251,True,,,2.41,0.16,26.0,2.41,,
,,,,,,,,2022,18,2360,True,,,0.48,0.03,5.6,0.48,,
,,,,,,,,2022,18,2755,True,,,0.64,0.08,5.3,0.64,,
,,,,,,,,2022,18,3258,True,,,0.68,0.07,6.73,0.68,,
,,,,,,,,2022,18,4443,True,,,0.69,0.07,5.51,0.69,,
0.04,0.04,,,,,,,2022,18,4993,True,,,1.46,0.11,17.39,1.46,0.04,
0.04,0.04,,,,,,,2022,18,5844,True,,,2.86,0.24,34.55,2.86,0.04,
,,,,,,,,2022,18,6126,True,,,1.35,0.13,13.62,1.35,,
,,,,,,,,2022,18,6843,True,,,2.85,0.26,32.85,2.85,,
,,,,,,,,2022,18,6964,True,,,0.27,,1.7,0.27,,
,,,,,,,,2022,18,6970,True,,,0.16,,0.81,0.16,,
,,,,,,,0.27,2022,18,7216,True,,,0.48,,2.62,,,
,,,,,,,,2022,18,7554,True,,,0.52,0.05,4.37,0.52,,
,,,,,,,,2022,18,7568,True,,,0.72,0.06,7.54,0.72,,
,,,,,,,,2022,18,7946,True,,,0.7,,4.65,0.7,,
,,,,,,,,2022,18,8145,True,,,0.27,0.02,2.93,0.27,,
,,,,,,,,2022,18,8177,True,,,0.63,0.06,5.07,0.63,,
,,,,,,,,2022,18,8197,True,,,0.68,0.06,6.33,0.68,,
,,,,,,,,2022,18,111,True,,,0.38,0.02,4.44,0.38,,
,,,,,,,,2022,18,2446,True,,,1.02,0.07,11.0,1.02,,
,,,,,,,,2022,18,4033,True,,,3.34,0.3,36.61,3.34,,
,,,,,,,,2022,18,4314,True,,,0.91,0.07,8.49,0.91,,
,,,,,,,,2022,18,4973,True,,,2.89,0.22,29.95,2.89,,
0.06,0.06,,,,,,,2022,18,5001,True,,,4.14,0.31,42.67,4.14,0.06,
,,,,,,,,2022,18,5008,True,,,1.16,0.1,11.25,1.16,,
,,,,,,,,2022,18,5973,True,,,1.28,0.17,14.25,1.28,,
,,,,,,,,2022,18,6018,True,,,1.19,0.06,10.83,1.19,,
,,,,,,,,2022,18,6074,True,,,1.47,0.13,15.03,1.47,0.13,
,,,,,,,,2022,18,6850,True,,,1.24,0.12,13.84,1.24,,
,,,,,,,,2022,18,7075,True,,,0.15,,0.59,0.15,,
,,,,,,,,2022,18,8214,True,,,0.5,0.06,4.9,0.5,,
,,,,,,,,2022,18,8227,True,,,1.6,0.16,14.06,1.6,,
