fum,fum_lost,pass_2pt,pass_int,pass_td,pass_yd,rush_2pt,rush_td,rush_yd,season,week,sleeper_id,has_projection,bonus_rec_rb,rec,rec_td,rec_yd,bonus_rec_wr,rec_2pt,bonus_rec_te
0.32,0.2,0.13,0.63,2.14,276.13,0.06,0.24,20.18,2021,1,3294,True,,,,,,,
0.31,0.31,,0.9,1.8,271.05,,0.18,11.1,2021,1,2306,True,,,,,,,
0.34,0.17,0.11,0.39,2.51,316.41,0.06,0.17,18.12,2021,1,4046,True,,,,,,,
0.61,0.25,0.06,0.73,1.88,268.98,,0.12,14.42,2021,1,4943,True,,,,,,,
0.54,0.29,0.12,0.9,2.13,295.51,0.07,0.35,32.82,2021,1,4984,True,,,,,,,
,0.28,,0.73,1.7,270.25,,0.05,4.59,2021,1,7527,True,,,,,,,
0.54,0.26,0.23,0.75,1.69,247.12,,0.21,15.45,2021,1,2152,True,,,,,,,
0.33,0.19,0.2,0.85,1.8,275.0,,0.18,15.45,2021,1,333,True,,,,,,,
0.44,0.25,0.06,0.77,1.85,273.43,0.14,0.47,50.92,2021,1,5849,True,,,,,,,
0.55,0.23,0.06,0.92,1.45,232.41,0.05,0.14,26.18,2021,1,5870,True,,,,,,,
0.36,0.18,0.12,0.77,2.02,270.04,,0.23,23.9,2021,1,6797,True,,,,,,,
,0.26,,0.74,2.01,259.19,,0.15,16.38,2021,1,7523,True,,,,,,,
,0.35,,0.97,1.46,237.17,,0.24,17.94,2021,1,7538,True,,,,,,,
,0.05,,0.06,0.08,14.26,,0.11,8.77,2021,1,7610,True,,,,,,,
0.41,0.24,0.08,0.6,1.9,269.06,,0.11,4.13,2021,1,1837,True,,,,,,,
0.71,0.37,0.08,0.86,1.7,270.62,,0.16,12.43,2021,1,3161,True,,,,,,,
0.35,0.34,0.07,0.99,1.51,245.82,,0.13,3.16,2021,1,3163,True,,,,,,,
0.28,0.17,0.06,0.65,2.01,302.21,,0.07,4.22,2021,1,421,True,,,,,,,
0.33,0.14,0.07,0.67,1.9,268.95,,0.13,10.77,2021,1,6770,True,,,,,,,
0.26,0.3,0.06,0.64,1.34,221.55,0.07,0.38,52.7,2021,1,6904,True,,,,,,,
0.73,0.3,,0.92,1.46,242.06,,0.12,13.1,2021,1,829,True,,,,,,,
0.31,0.2,0.06,0.62,2.14,269.71,,0.22,19.3,2021,1,1049,True,,,,,,,
0.29,0.18,0.12,0.83,2.01,280.9,,0.06,9.36,2021,1,1166,True,,,,,,,
0.32,0.2,0.13,0.76,2.24,297.65,0.06,0.12,30.02,2021,1,1234,True,,,,,,,
0.36,0.18,0.06,0.79,1.91,306.27,,0.05,3.74,2021,1,24,True,,,,,,,
0.32,0.19,0.06,0.77,2.01,278.65,,0.06,8.02,2021,1,4892,True,,,,,,,
0.35,0.21,0.07,0.8,1.77,257.19,,0.1,10.29,2021,1,6768,True,,,,,,,
,0.36,,0.65,1.35,214.6,,0.26,30.02,2021,1,827,True,,,,,,,
0.31,0.19,0.12,0.42,2.24,282.69,,0.19,12.03,2021,1,96,True,,,,,,,
0.59,0.35,0.06,0.77,1.68,238.73,0.07,0.49,58.2,2021,1,4881,True,,,,,,,
0.32,0.18,0.06,0.67,1.73,271.68,,0.05,5.82,2021,1,2028,True,,,,,,,
0.06,,,,,,,0.15,20.41,2021,1,5967,True,2.25,2.25,0.07,14.44,,,
0.11,0.06,,,,,0.06,0.7,80.32,2021,1,3164,True,2.4,2.4,0.05,21.69,,,
0.08,,,,,,,0.07,13.11,2021,1,1386,True,3.67,3.67,0.07,29.74,,,
,,,,,,,0.01,0.82,2021,1,4651,True,,,,,,,
0.12,0.06,,,,,,0.43,51.31,2021,1,5052,True,1.55,1.55,0.09,10.55,,,
0.07,0.08,,,,,,0.53,48.96,2021,1,3969,True,2.41,2.41,0.06,15.71,,,
,,,,,,,,10.71,2021,1,2399,True,,1.94,0.06,19.29,1.94,,
0.07,,,,,,,0.09,25.61,2021,1,3209,True,1.19,1.19,0.05,9.32,,,
,,,,,,,0.07,0.35,2021,1,3332,True,,0.24,,1.55,,,
0.13,0.07,,,,,0.15,0.93,100.25,2021,1,4029,True,3.1,3.1,0.11,26.44,,,
,,,,,,,0.03,11.77,2021,1,4147,True,0.45,0.45,,2.27,,,
0.04,0.07,,,,,,0.2,38.54,2021,1,4962,True,0.72,0.72,,4.52,,,
0.14,0.06,,,,,,0.42,52.18,2021,1,5980,True,2.92,2.92,0.07,23.59,,,
0.12,0.06,,,,,,0.58,68.1,2021,1,7528,True,3.11,3.11,0.15,28.46,,,
,,,,,,,,3.24,2021,1,1034,True,,,,,,,
,,,,,,,0.02,3.98,2021,1,1387,True,0.65,0.65,0.03,5.12,,,
,0.08,,,,,,0.08,8.4,2021,1,1535,True,1.0,1.0,0.02,5.4,,,
0.07,,,,,,,0.09,18.24,2021,1,1833,True,1.49,1.49,0.04,11.26,,,
0.07,,,,,,,0.21,28.33,2021,1,2257,True,1.62,1.62,0.02,16.47,,,
,,,,,,,0.24,36.93,2021,1,2378,True,0.74,0.74,0.01,5.55,,,
0.16,0.05,,,,,,0.18,33.26,2021,1,2391,True,1.52,1.52,0.05,13.01,,,
0.19,0.07,,,,,0.07,1.04,106.09,2021,1,3198,True,1.31,1.31,0.08,9.1,,,
,,,,,,,,0.41,2021,1,3391,True,,,,,,,
0.15,0.07,,,,,0.08,0.8,78.85,2021,1,4035,True,4.75,4.75,0.18,44.14,,0.06,
0.07,0.07,,,,,,0.46,45.98,2021,1,4137,True,2.28,2.28,0.06,16.97,,,
0.15,0.07,,,,,,0.26,55.23,2021,1,4663,True,6.08,6.08,0.2,51.56,,0.07,
0.11,0.05,,,,,0.05,0.63,74.21,2021,1,4988,True,2.96,2.96,0.08,26.0,,,
0.11,,,,,,,0.14,19.4,2021,1,4994,True,1.33,1.33,,8.71,,,
0.06,,,,,,,0.07,18.73,2021,1,5131,True,0.8,0.8,,5.27,,,
0.08,0.06,,,,,,0.28,60.41,2021,1,5170,True,0.71,0.71,0.03,5.25,,,
,,,,,,,,1.46,2021,1,5220,True,,,,,,,
0.06,,,,,,,0.06,27.29,2021,1,5987,True,1.32,1.32,0.05,8.49,,,
0.13,0.07,,,,,0.07,0.64,71.14,2021,1,6945,True,2.52,2.52,0.05,23.84,,,
,,,,,,,0.19,28.33,2021,1,6984,True,0.97,0.97,0.01,5.04,,,
,,,,,,,,4.14,2021,1,7529,True,0.34,0.34,,2.88,,0.19,
,,,,,,,,14.93,2021,1,7574,True,0.66,0.66,,5.61,,0.32,
,,,,,,,,,2021,1,3832,True,,0.17,0.02,1.44,,,
0.14,0.07,,,,,0.07,0.73,77.25,2021,1,4199,True,3.91,3.91,0.16,34.93,,,
,,,,,,,0.15,21.07,2021,1,4455,True,1.02,1.02,0.02,6.96,,,
0.1,0.08,,,,,,0.15,20.77,2021,1,5347,True,3.98,3.98,0.21,30.13,,,
0.07,,,,,,,0.07,35.87,2021,1,5549,True,2.56,2.56,0.03,14.81,,,
0.13,0.06,,,,,0.06,0.5,66.16,2021,1,5892,True,2.81,2.81,0.07,24.08,,,
0.21,0.12,,,,,,0.42,64.37,2021,1,5916,True,2.6,2.6,0.06,20.63,,,
,,,,,,,,3.97,2021,1,6012,True,0.18,0.18,,0.78,,,
0.07,,,,,,,0.23,36.48,2021,1,6039,True,1.39,1.39,0.02,8.46,,,
,,,,,,,,,2021,1,6379,True,0.18,0.18,,1.4,,,
,,,,,,,,8.01,2021,1,6694,True,0.45,0.45,,2.08,,,
0.03,,,,,,,0.02,13.08,2021,1,6918,True,0.85,0.85,,5.14,,,
,,,,,,,0.28,40.78,2021,1,7588,True,2.35,2.35,0.08,19.67,,,
,,,,,,,,3.45,2021,1,7609,True,1.15,1.15,0.06,11.03,,,
,,,,,,,0.22,27.24,2021,1,956,True,1.19,1.19,0.01,5.26,,,
0.08,,,,,,,0.43,66.3,2021,1,2431,True,2.95,2.95,0.06,24.35,,,
0.1,,,,,,,0.12,38.05,2021,1,2588,True,1.22,1.22,0.02,10.04,,,
0.09,0.09,,,,,,0.52,71.52,2021,1,2749,True,2.66,2.66,0.11,30.93,,,
0.13,0.07,,,,,,0.48,78.07,2021,1,4018,True,3.25,3.25,0.06,25.83,,,
,,,,,,,,3.96,2021,1,5046,True,0.86,0.86,,6.7,,,
0.09,,,,,,,0.08,21.93,2021,1,5122,True,3.02,3.02,0.13,23.1,,,
,,,,,,,,,2021,1,5565,True,,0.12,,0.98,,,
0.08,0.07,,,,,,0.24,56.03,2021,1,6130,True,2.58,2.58,0.07,20.16,,,
,,,,,,,0.04,8.19,2021,1,6156,True,0.13,0.13,,0.57,,,
0.04,0.04,,,,,,0.31,45.65,2021,1,6828,True,0.88,0.88,0.01,6.92,,,
,,,,,,,,5.53,2021,1,6931,True,0.79,0.79,,7.15,,,
0.12,0.09,,,,,,0.49,74.83,2021,1,6955,True,2.96,2.96,0.15,19.1,,,
,,,,,,,,,2021,1,7318,True,,0.15,0.02,1.2,,,
0.05,,,,,,,0.09,14.99,2021,1,7607,True,1.86,1.86,0.05,18.67,,,
,,,,,,,0.05,7.35,2021,1,7608,True,0.65,0.65,,5.21,,,
,,,,,,,0.27,27.87,2021,1,7611,True,1.29,1.29,,7.04,,,
,,,,,,,0.02,6.9,2021,1,7794,True,2.31,2.31,0.06,21.6,,,
0.13,0.06,,,,,,0.39,63.17,2021,1,2320,True,1.65,1.65,0.06,9.03,,,
,,,,,,,,0.17,2021,1,2471,True,,0.17,,1.7,,,
0.1,,,,,,,0.12,19.35,2021,1,3664,True,3.88,3.88,0.1,27.97,,,
0.14,0.07,,,,,,0.31,44.55,2021,1,4098,True,3.78,3.78,0.25,29.19,,,
0.15,0.08,,,,,,0.56,70.12,2021,1,4273,True,2.98,2.98,0.15,23.7,,,
,,,,,,,,3.21,2021,1,4718,True,0.83,0.83,,4.92,,,
0.07,,,,,,,0.24,43.31,2021,1,5000,True,3.71,3.71,0.18,34.32,,,
,0.01,,,,,,0.04,10.85,2021,1,5123,True,1.28,1.28,0.02,9.39,,,
0.19,0.08,,,,,0.07,0.84,90.62,2021,1,6813,True,1.9,1.9,0.09,16.81,,,
0.1,0.05,,,,,,0.36,60.97,2021,1,6820,True,3.73,3.73,0.15,34.45,,,
,,,,,,,0.15,7.97,2021,1,7537,True,,,,,,,
,0.02,,,,,,0.13,24.95,2021,1,7561,True,0.63,0.63,0.05,6.75,,,
0.04,0.02,,,,,,0.06,8.82,2021,1,7567,True,1.84,1.84,0.06,13.75,,,
0.03,0.04,,,,,,0.14,19.62,2021,1,7594,True,0.78,0.78,,6.47,,,
,,,,,,,0.03,1.17,2021,1,1379,True,,1.25,0.05,12.4,,,
0.1,,,,,,,0.14,14.91,2021,1,1848,True,4.41,4.41,0.09,34.53,,,
0.05,,,,,,,0.06,14.9,2021,1,2161,True,1.67,1.67,0.04,13.59,,,
0.14,0.07,,,,,0.07,0.72,81.94,2021,1,4034,True,6.51,6.51,0.3,56.71,,0.07,
0.09,,,,,,,0.29,48.42,2021,1,4149,True,2.44,2.44,0.1,20.36,,,
0.04,,,,,,,0.09,15.8,2021,1,4152,True,0.88,0.88,,5.75,,,
0.17,0.06,,,,,0.05,0.54,58.83,2021,1,4866,True,3.35,3.35,0.15,30.21,,,
0.05,,,,,,,0.15,25.33,2021,1,4985,True,0.85,0.85,,7.19,,,
0.07,0.09,,,,,,0.46,76.61,2021,1,5890,True,0.96,0.96,0.02,6.04,,,
0.13,0.07,,,,,,0.46,69.82,2021,1,6151,True,2.35,2.35,0.05,19.95,,,
0.09,0.05,,,,,0.04,0.33,38.87,2021,1,6790,True,3.1,3.1,0.11,25.62,,,
,0.02,,,,,,0.09,14.34,2021,1,6996,True,0.7,0.7,0.01,3.61,,,
,,,,,,,0.07,0.36,2021,1,7204,True,,0.26,,2.46,,,
0.03,0.05,,,,,,0.08,9.32,2021,1,7572,True,0.87,0.87,0.05,7.24,,,
,,,,,,,,10.72,2021,1,7771,True,1.12,1.12,,9.66,,,
0.06,0.05,,,,,,0.16,26.57,2021,1,1476,True,1.32,1.32,0.06,9.24,,,
,,,,,,,,3.75,2021,1,3594,True,,,,,,,
,,,,,,,,0.25,2021,1,6109,True,,0.3,,2.5,,,
0.12,0.06,,,,,,0.22,30.61,2021,1,3242,True,2.71,2.71,0.14,19.43,,,
0.1,0.05,,,,,0.05,0.58,59.75,2021,1,5850,True,1.59,1.59,0.05,13.38,,,
,0.08,,,,,,0.37,59.82,2021,1,7098,True,2.0,2.0,0.03,12.74,,,
0.11,0.06,,,,,,,,2021,1,2216,True,,5.22,0.62,73.3,5.22,0.11,
0.12,0.06,,,,,,,,2021,1,4037,True,,6.1,0.6,76.85,6.1,0.06,
,,,,,,,,,2021,1,5113,True,,1.13,0.05,13.41,1.13,,
0.02,,,,,,,,,2021,1,6960,True,,0.84,0.07,12.51,0.84,,
0.13,0.07,,,,,,,1.43,2021,1,2309,True,,6.04,0.45,78.13,6.04,0.06,
0.04,,,,,,,,,2021,1,6290,True,,2.1,0.14,29.54,2.1,,
0.13,0.07,,,,,,,,2021,1,6786,True,,6.01,0.44,79.22,6.01,0.13,
0.06,0.06,,,,,,,,2021,1,5038,True,,4.55,0.38,61.82,4.55,,
,,,,,,,,,2021,1,7812,True,,0.4,,4.41,0.4,,
0.12,0.06,,,,,,,,2021,1,1992,True,,5.24,0.38,73.38,5.24,0.06,
0.12,,,,,,,,,2021,1,2381,True,,3.57,0.16,42.11,3.57,,
0.07,,,,,,,,0.35,2021,1,2673,True,,1.03,0.07,12.27,1.03,,
0.07,0.07,,,,,,,2.4,2021,1,3200,True,,4.94,0.31,53.8,4.94,,
0.13,0.06,,,,,,,,2021,1,4040,True,,5.33,0.43,60.57,5.33,0.06,
0.08,,,,,,,,,2021,1,491,True,,2.77,0.09,36.41,2.77,,
0.11,0.06,,,,,,,,2021,1,4951,True,,4.86,0.42,66.98,4.86,,
0.12,0.06,,,,,,,,2021,1,5859,True,,5.8,0.68,89.97,5.8,0.06,
0.12,0.06,,,,,,0.11,8.37,2021,1,5872,True,,5.24,0.44,53.24,5.24,0.06,
,,,,,,,,,2021,1,5902,True,,0.62,0.02,6.97,0.62,,
,,,,,,,,,2021,1,6069,True,,0.16,,0.99,0.16,,
,,,,,,,,6.01,2021,1,6234,True,,3.09,0.19,34.21,3.09,,
,,,,,,,,,2021,1,6387,True,,0.07,,0.74,0.07,,
,,,,,,,,4.75,2021,1,6699,True,,0.94,0.14,11.93,0.94,,
0.05,,,,,,,,,2021,1,6744,True,,1.41,0.04,16.62,1.41,,
0.05,0.04,,,,,,,2.04,2021,1,6805,True,,2.54,0.25,32.85,2.54,,
,,,,,,,,,2021,1,7135,True,,1.29,0.15,15.15,1.29,,
0.06,0.07,,,,,,0.01,1.6,2021,1,7526,True,,4.05,0.35,57.0,4.05,,
0.06,,,,,,,,,2021,1,7547,True,,3.56,0.18,44.52,3.56,,
0.04,,,,,,,,4.38,2021,1,7606,True,,2.12,0.21,27.45,2.12,,
,,,,,,,,,2021,1,7793,True,,0.47,,5.74,0.47,,
0.12,0.06,,,,,,,,2021,1,947,True,,5.9,0.4,83.09,5.9,,
,,,,,,,,,2021,1,1071,True,,3.52,0.19,35.59,3.52,,
0.14,0.07,,,,,,,,2021,1,1825,True,,6.19,0.34,70.66,6.19,,
0.13,0.06,,,,,,,,2021,1,2133,True,,7.35,0.95,88.45,7.35,0.13,
0.15,0.09,,,,,,,,2021,1,2197,True,,6.0,0.35,78.54,6.0,,
0.04,,,,,,,,0.99,2021,1,3342,True,,1.83,0.03,21.03,1.83,,
0.12,0.06,,,,,,,2.8,2021,1,4039,True,,6.25,0.41,76.73,6.25,,
0.06,0.06,,,,,,,,2021,1,4131,True,,4.32,0.52,60.09,4.32,0.06,
,,,,,,,,,2021,1,4491,True,,0.8,0.07,9.22,0.8,,
0.04,,,,,,,,,2021,1,5130,True,,1.22,0.07,12.69,1.22,,
0.07,,,,,,,,,2021,1,5880,True,,4.49,0.32,61.46,4.49,,
0.13,0.07,,,,,,,3.7,2021,1,5937,True,,6.12,0.45,72.92,6.12,,
0.08,0.06,,,,,,,1.53,2021,1,5947,True,,6.1,0.31,65.22,6.1,,
0.06,0.06,,,,,,,,2021,1,6149,True,,3.1,0.22,44.61,3.1,,
,,,,,,,,,2021,1,627,True,,0.05,,0.53,0.05,,
0.03,,,,,,,,,2021,1,6421,True,,1.64,0.14,25.08,1.64,,
,,,,,,,,,2021,1,6427,True,,0.58,,5.9,0.58,,
0.06,0.06,,,,,,,2.15,2021,1,6798,True,,4.05,0.31,54.35,4.05,,
0.04,,,,,,,,,2021,1,6824,True,,2.79,0.31,36.26,2.79,,
,,,,,,,,,2021,1,6927,True,,2.7,0.14,33.35,2.7,,
0.07,,,,,,,,,2021,1,7540,True,,1.76,0.19,23.06,1.76,,
0.06,,,,,,,,2.79,2021,1,928,True,,4.3,0.26,48.34,4.3,,
0.06,0.07,,,,,,,,2021,1,1067,True,,4.52,0.46,58.22,4.52,0.06,
0.12,0.06,,,,,,0.06,7.91,2021,1,1352,True,,6.45,0.35,71.26,6.45,,
0.13,0.08,,,,,,,,2021,1,1426,True,,7.64,0.62,94.14,7.64,0.13,
,,,,,,,,,2021,1,2821,True,,0.15,0.01,1.82,0.15,,
0.04,,,,,,,,,2021,1,3328,True,,1.92,0.12,24.98,1.92,,
,,,,,,,,,2021,1,3634,True,,3.2,0.23,33.44,3.2,,
,,,,,,,,,2021,1,3652,True,,0.26,0.02,2.74,0.26,,
0.15,0.07,,,,,,,,2021,1,4036,True,,5.15,0.39,77.25,5.15,,
,,,,,,,,,2021,1,4197,True,,1.01,,10.85,1.01,,
,,,,,,,,,2021,1,4198,True,,0.5,0.02,5.75,0.5,,
0.04,,,,,,,,,2021,1,4351,True,,2.26,0.17,29.58,2.26,,
,,,,,,,,,2021,1,4878,True,,0.31,,3.37,0.31,,
0.04,0.01,,,,,,,0.68,2021,1,5432,True,,1.97,0.17,23.93,1.97,,
,,,,,,,,,2021,1,6239,True,,0.3,0.04,3.77,0.3,,
0.11,0.06,,,,,,0.12,6.23,2021,1,6803,True,,5.02,0.36,63.46,5.02,0.06,
0.03,0.03,,,,,,,0.49,2021,1,6853,True,,2.1,0.13,25.86,2.1,,
,,,,,,,,,2021,1,7049,True,,0.46,,4.77,0.46,,
,,,,,,,,,2021,1,7066,True,,2.8,0.2,34.1,2.8,,
,,,,,,,,,2021,1,7562,True,,1.45,0.09,19.18,1.45,,
0.11,,,,,,,,,2021,1,7587,True,,3.02,0.3,40.92,3.02,,
,,,,,,,,,2021,1,7751,True,,0.44,,5.08,0.44,,
0.08,0.08,,,,,,,,2021,1,2325,True,,3.86,0.4,58.17,3.86,,
0.12,0.06,,,,,,,1.33,2021,1,3423,True,,5.31,0.37,76.58,5.31,,
,,,,,,,,,2021,1,4177,True,,0.3,,3.11,0.3,,
0.18,,,,,,,,,2021,1,4319,True,,3.22,0.26,42.59,3.22,,
0.05,0.05,,,,,,,0.62,2021,1,4950,True,,3.33,0.34,41.04,3.33,,
0.12,0.06,,,,,,,2.77,2021,1,4983,True,,5.09,0.4,77.45,5.09,,
0.04,,,,,,,,,2021,1,5024,True,,1.26,0.14,18.33,1.26,,
0.07,0.07,,,,,,,0.62,2021,1,5110,True,,5.02,0.31,56.75,5.02,,
,,,,,,,,,2021,1,5121,True,,1.68,0.1,18.87,1.68,,
,,,,,,,,,2021,1,5915,True,,0.48,0.03,5.74,0.48,,
0.05,0.06,,,,,,0.05,2.9,2021,1,5917,True,,4.26,0.37,54.16,4.26,,
0.03,0.03,,,,,,,,2021,1,6849,True,,1.54,0.14,18.04,1.54,,
0.03,0.03,,,,,,,,2021,1,6943,True,,2.06,0.16,27.93,2.06,,
,,,,,,,,,2021,1,7569,True,,2.84,0.19,35.81,2.84,,
0.05,,,,,,,0.05,6.69,2021,1,7601,True,,3.42,0.29,42.48,3.42,,
,,,,,,,,,2021,1,7944,True,,0.87,0.06,9.83,0.87,,
0.07,,,,,,,,,2021,1,830,True,,3.74,0.26,40.66,3.74,,
0.13,0.07,,,,,,,,2021,1,1689,True,,6.09,0.61,76.33,6.09,0.06,
0.13,0.08,,,,,,,,2021,1,2374,True,,6.4,0.47,74.49,6.4,,
0.12,0.06,,,,,,,,2021,1,2449,True,,7.24,0.62,88.64,7.24,0.06,
,,,,,,,,,2021,1,3286,True,,2.91,0.12,34.42,2.91,,
,,,,,,,,,2021,1,3297,True,,0.97,0.05,11.24,0.97,,
0.11,0.05,,,,,,0.12,5.92,2021,1,3321,True,,5.86,0.69,89.1,5.86,0.06,
,,,,,,,,,2021,1,3582,True,,4.08,0.1,38.65,4.08,,
0.11,,,,,,,,,2021,1,4454,True,,3.07,0.11,36.93,3.07,,
0.13,0.06,,,,,,,,2021,1,4981,True,,7.01,0.61,98.76,7.01,0.06,
0.05,,,,,,,,1.31,2021,1,5086,True,,2.91,0.28,47.04,2.91,,
0.02,,,,,,,,,2021,1,5185,True,,0.92,0.11,12.15,0.92,,
,,,,,,,,,2021,1,5241,True,,0.93,0.05,10.39,0.93,,
0.06,,,,,,,,0.53,2021,1,538,True,,3.52,0.29,46.73,3.52,,
0.12,0.06,,,,,,,,2021,1,5846,True,,5.51,0.66,90.26,5.51,0.06,
,,,,,,,,,2021,1,5938,True,,0.64,0.03,5.9,0.64,,
0.13,0.05,,,,,,,0.71,2021,1,6794,True,,5.87,0.55,90.07,5.87,0.13,
0.13,0.06,,,,,,,2.74,2021,1,6801,True,,5.06,0.49,66.61,5.06,0.13,
0.07,0.08,,,,,,,2.86,2021,1,6819,True,,5.0,0.41,66.91,5.0,0.07,
0.06,0.06,,,,,,0.06,1.82,2021,1,6886,True,,3.99,0.55,57.58,3.99,,
0.04,,,,,,,,,2021,1,6895,True,,2.25,0.16,29.86,2.25,,
,,,,,,,,,2021,1,6989,True,,5.48,0.46,64.02,5.48,,
0.06,0.06,,,,,,,0.97,2021,1,7090,True,,4.15,0.31,51.54,4.15,,
,,,,,,,,,2021,1,7496,True,,1.32,0.15,15.97,1.32,,
0.06,0.06,,,,,,,,2021,1,7525,True,,4.66,0.45,63.9,4.66,,
,,,,,,,,,2021,1,7533,True,,1.11,0.1,17.94,1.11,,
,,,,,,,,,2021,1,7559,True,,0.17,,2.36,0.17,,
0.07,0.07,,,,,,,,2021,1,7565,True,,3.94,0.38,58.45,3.94,,
,,,,,,,,3.96,2021,1,7612,True,,2.71,0.17,34.81,2.71,,
0.07,0.08,,,,,,,,2021,1,1144,True,,5.01,0.34,60.75,5.01,,
,,,,,,,,,2021,1,1346,True,,2.01,0.11,29.44,2.01,,
0.14,0.08,,,,,,,,2021,1,1479,True,,7.11,0.49,84.93,7.11,,
,,,,,,,,,2021,1,2025,True,,3.47,0.29,28.34,3.47,,
0.07,0.07,,,,,,,,2021,1,2319,True,,4.33,0.44,56.53,4.33,,
,,,,,,,,,2021,1,2750,True,,0.07,,0.6,0.07,,
,,,,,,,,,2021,1,2822,True,,4.46,0.25,48.08,4.46,,
0.13,0.07,,,,,,,2.35,2021,1,3225,True,,5.98,0.36,66.93,5.98,,
0.06,0.06,,,,,,,,2021,1,4068,True,,3.97,0.53,63.05,3.97,0.06,
,,,,,,,,,2021,1,4146,True,,0.9,0.04,10.7,0.9,,
0.12,0.07,,,,,,,,2021,1,5045,True,,4.93,0.42,65.25,4.93,0.06,
,,,,,,,,,2021,1,5154,True,,3.04,0.11,33.33,3.04,,
,,,,,,,,,2021,1,5199,True,,2.21,0.12,22.94,2.21,,
0.12,0.06,,,,,,,,2021,1,5927,True,,5.86,0.52,81.99,5.86,0.06,
0.04,,,,,,,,,2021,1,6271,True,,2.65,0.13,32.01,2.65,,
,,,,,,,,,2021,1,6395,True,,1.44,0.05,17.33,1.44,,
,,,,,,,,,2021,1,6557,True,,1.17,,11.22,1.17,,
0.06,0.06,,,,,,,,2021,1,6783,True,,5.05,0.47,73.61,5.05,,
0.07,0.07,,,,,,0.07,9.61,2021,1,6814,True,,4.92,0.44,61.12,4.92,,
0.06,0.06,,,,,,,,2021,1,7564,True,,4.44,0.39,61.39,4.44,,
0.06,0.02,,,,,,0.01,2.18,2021,1,7596,True,,4.67,0.29,61.96,4.67,,
,,,,,,,,,2021,1,7670,True,,2.17,0.19,27.66,2.17,,
,,,,,,,,,2021,1,7703,True,,0.57,0.04,7.64,,,0.57
,,,,,,,,,2021,1,4080,True,,0.64,0.05,6.63,0.64,,
0.06,0.06,,,,,,,,2021,1,5955,True,,3.97,0.19,46.24,3.97,,
0.21,,,,,,,,,2021,1,1817,True,,4.76,0.31,52.61,4.76,,
0.06,0.06,,,,,,,,2021,1,5848,True,,4.36,0.49,65.63,4.36,,
0.14,,,,,,,,,2021,1,6870,True,,4.57,0.47,52.5,4.57,,
,,,,,,,,,2021,1,6957,True,,0.45,0.02,6.36,0.45,,
,,,,,,,,,2021,1,147,True,,2.28,0.07,34.24,2.28,,
0.03,,,,,,,,,2021,1,7595,True,,1.26,0.1,18.15,1.26,,
0.05,0.04,,,,,,0.05,6.1,2021,1,6847,True,,2.09,0.18,26.74,2.09,,
,,,,,,,,0.54,2021,1,6063,True,,1.17,0.09,16.36,1.17,,
0.05,,,,,,,,,2021,1,4571,True,,2.66,0.19,27.6,,,2.66
,,,,,,,,,2021,1,2214,True,,2.2,0.13,22.94,,,2.2
0.05,,,,,,,,,2021,1,4055,True,,2.71,0.21,30.98,,,2.71
,,,,,,,,,2021,1,5001,True,,2.05,0.16,22.54,,,2.05
0.05,,,,,,,,,2021,1,515,True,,3.67,0.34,44.86,,0.05,3.67
0.07,0.01,,,,,,,,2021,1,2251,True,,4.93,0.34,49.24,,,4.93
,,,,,,,,,2021,1,2460,True,,3.24,0.15,36.02,,,3.24
0.08,0.01,,,,,,,,2021,1,3202,True,,4.4,0.34,44.88,,,4.4
0.06,0.01,,,,,,,,2021,1,3271,True,,4.4,0.39,47.85,,,4.4
,,,,,,,,,2021,1,4323,True,,0.66,0.1,6.52,,,0.66
0.07,0.01,,,,,,,,2021,1,4602,True,,4.39,0.51,46.11,,0.07,4.39
0.06,0.01,,,,,,,,2021,1,5857,True,,4.4,0.27,50.35,,0.06,4.4
,,,,,,,,,2021,1,6181,True,,0.36,,3.72,,,0.36
,,,,,,,,,2021,1,6665,True,,0.23,0.01,2.79,,,0.23
,,,,,,,,,2021,1,6843,True,,1.68,0.06,19.09,,,1.68
,,,,,,,,,2021,1,7002,True,,2.61,0.28,28.28,,,2.61
0.06,0.02,,,,,,,,2021,1,7553,True,,5.24,0.41,60.5,,,5.24
,,,,,,,,,2021,1,7602,True,,1.05,0.13,14.01,,,1.05
,,,,,,,,,2021,1,7946,True,,0.4,,2.95,,,0.4
0.06,0.01,,,,,,,,2021,1,367,True,,3.77,0.34,39.63,,,3.77
,,,,,,,,,2021,1,4189,True,,0.41,0.03,4.05,,,0.41
,,,,,,,,,2021,1,4995,True,,1.45,0.07,10.88,,,1.45
,,,,,,,,,2021,1,5133,True,,3.48,0.34,38.76,,,3.48
,,,,,,,,,2021,1,5285,True,,1.05,0.08,12.38,,,1.05
0.06,,,,,,,,,2021,1,5906,True,,3.28,0.29,36.17,,,3.28
,,,,,,,,,2021,1,7694,True,,0.64,,8.31,,,0.64
,0.01,,,,,,,,2021,1,943,True,,2.92,0.22,31.52,,,2.92
,,,,,,,,,2021,1,1425,True,,1.01,0.08,10.0,,,1.01
,,,,,,,,,2021,1,2390,True,,2.81,0.29,26.75,,,2.81
,,,,,,,,,2021,1,2422,True,,0.5,,2.72,,,0.5
,,,,,,,,,2021,1,2476,True,,2.21,,24.29,,,2.21
,,,,,,,,,2021,1,4033,True,,2.61,0.27,30.57,,,2.61
,,,,,,,,,2021,1,4362,True,,0.32,,3.33,,,0.32
0.06,,,,,,,,,2021,1,4435,True,,3.74,0.32,36.94,,,3.74
,,,,,,,,,2021,1,6001,True,,1.48,0.07,13.6,,,1.48
,,,,,,,,,2021,1,6137,True,,1.37,0.05,15.84,,,1.37
,,,,,,,,,2021,1,6926,True,,0.56,0.05,5.01,,,0.56
,,,,,,,,0.8,2021,1,7050,True,,0.97,0.06,11.95,,,0.97
,,,,,,,,,2021,1,7075,True,,0.31,,3.19,,,0.31
,,,,,,,,,2021,1,7216,True,,0.16,,1.72,,,
,,,,,,,,,2021,1,7427,True,,0.21,,2.04,,,0.21
,,,,,,,,,2021,1,7535,True,,0.77,0.05,8.54,,,0.77
,,,,,,,,,2021,1,7716,True,,0.38,,3.5,,,0.38
0.07,0.07,,,,,,,,2021,1,1339,True,,4.22,0.31,42.28,,,4.22
0.07,0.02,,,,,,0.01,0.05,2021,1,1466,True,,6.9,0.66,88.27,,0.14,6.9
,,,,,,,,,2021,1,2545,True,,0.79,0.03,7.1,,,0.79
,,,,,,,,,2021,1,3048,True,,0.54,,5.45,,,0.54
,,,,,,,,,2021,1,3496,True,,0.51,,5.11,,,0.51
,,,,,,,,,2021,1,3695,True,,0.15,,1.28,,,0.15
0.06,,,,,,,,,2021,1,4144,True,,3.27,0.35,37.02,,,3.27
,,,,,,,,,2021,1,4314,True,,0.24,,1.82,,,0.24
,,,,,,,,,2021,1,4741,True,,3.17,0.25,36.5,,,3.17
,,,,,,,,,2021,1,6850,True,,1.34,0.15,13.64,,,1.34
,,,,,,,,,2021,1,6869,True,,2.61,0.24,28.11,,,2.61
,,,,,,,,,2021,1,6894,True,,0.38,0.03,3.72,,,0.38
,,,,,,,,,2021,1,7502,True,,0.4,0.07,4.84,,,0.4
,,,,,,,,,2021,1,7828,True,,1.05,,9.87,,,1.05
,,,,,,,,,2021,1,7842,True,,0.38,0.03,3.47,,,0.38
,,,,,,,,,2021,1,111,True,,0.72,0.05,6.8,,,0.72
0.07,,,,,,,,,2021,1,1706,True,,2.68,0.22,28.03,,,2.68
0.06,,,,,,,,,2021,1,2118,True,,3.08,0.24,30.57,,,3.08
,,,,,,,,,2021,1,2360,True,,1.16,0.14,10.65,,,1.16
0.06,0.01,,,,,,,,2021,1,3214,True,,3.53,0.28,40.09,,0.06,3.53
0.06,0.02,,,,,,,,2021,1,4217,True,,5.96,0.51,80.48,,0.06,5.96
,,,,,,,,,2021,1,4443,True,,1.4,0.1,13.92,,,1.4
,,,,,,,,,2021,1,4531,True,,0.66,0.03,7.3,,,0.66
,,,,,,,,,2021,1,5008,True,,2.02,0.1,18.98,,,2.02
0.06,0.01,,,,,,,,2021,1,5022,True,,4.24,0.34,48.91,,,4.24
,,,,,,,,,2021,1,5032,True,,2.94,0.08,34.73,,,2.94
,,,,,,,,,2021,1,5863,True,,0.41,,4.81,0.41,,
0.09,0.01,,,,,,,,2021,1,616,True,,3.04,0.34,29.52,,,3.04
,,,,,,,,,2021,1,6279,True,,0.37,,2.52,,,0.37
0.05,,,,,,,,,2021,1,6826,True,,3.07,0.22,32.2,,,3.07
,,,,,,,,,2021,1,7600,True,,2.61,0.17,33.99,,,2.61
,,,,,,,,,2021,1,1619,True,,0.54,0.03,4.78,,,0.54
,,,,,,,,,2021,1,2463,True,,0.4,0.03,3.22,,,0.4
,,,,,,,,,2021,1,4054,True,,2.92,0.17,34.58,,,2.92
0.06,,,,,,,,,2021,1,4089,True,,3.81,0.26,39.5,,,3.81
0.02,0.05,,0.05,0.13,15.27,,0.14,15.5,2021,1,4381,True,,,,,,,
0.05,,,,,,,,,2021,1,4973,True,,2.65,0.25,26.84,,,2.65
0.06,0.01,,,,,,,,2021,1,4993,True,,3.6,0.3,47.0,,,3.6
0.05,,,,,,,,,2021,1,5009,True,,1.58,0.11,16.52,,,1.58
,,,,,,,,,2021,1,5010,True,,2.03,0.08,20.02,,,2.03
0.07,0.02,,,,,,,,2021,1,5844,True,,5.19,0.37,57.73,,0.07,5.19
,,,,,,,,,2021,1,6074,True,,2.08,0.14,24.19,,,2.08
,,,,,,,,,2021,1,6146,True,,2.31,0.1,19.59,,,2.31
,,,,,,,,,2021,1,1718,True,,0.58,,6.69,,,0.58
,,,,,,,,,2021,1,5985,True,,0.59,0.08,7.9,,,0.59
0.06,0.02,,,,,,,,2021,1,2505,True,,6.34,0.45,72.33,,0.06,6.34
0.07,0.02,,,,,,,,2021,1,5012,True,,5.23,0.53,61.58,,0.14,5.23
,,,,,,,,,2021,1,5973,True,,1.99,0.13,21.97,,,1.99
0.14,0.31,,0.75,1.56,220.09,,0.2,24.48,2021,2,2711,True,,,,,,,
0.54,0.24,0.06,0.87,1.4,224.79,0.05,0.13,23.2,2021,2,5870,True,,,,,,,
0.52,0.29,0.11,0.74,2.16,275.49,0.07,0.41,33.84,2021,2,4984,True,,,,,,,
,0.31,,0.62,1.51,235.42,,0.24,15.21,2021,2,7538,True,,,,,,,
,0.26,,0.46,1.43,205.61,,0.22,24.75,2021,2,827,True,,,,,,,
0.33,0.2,0.07,0.69,1.73,271.16,,0.06,6.41,2021,2,2028,True,,,,,,,
0.56,0.24,0.24,0.97,1.69,254.58,,0.22,15.39,2021,2,2152,True,,,,,,,
0.36,0.23,0.12,0.75,2.1,283.1,,0.2,24.26,2021,2,6797,True,,,,,,,
,0.26,,0.74,1.72,273.58,,0.05,5.23,2021,2,7527,True,,,,,,,
,,,0.05,0.07,14.15,,0.11,8.69,2021,2,7610,True,,,,,,,
0.3,0.18,0.06,0.6,1.92,251.07,,0.27,17.64,2021,2,1049,True,,,,,,,
0.32,0.35,0.13,0.9,2.12,293.42,,0.06,8.88,2021,2,1166,True,,,,,,,
0.3,0.18,0.06,0.74,1.97,317.62,,0.07,7.68,2021,2,421,True,,,,,,,
0.29,0.17,0.06,0.68,2.18,275.74,,0.08,9.76,2021,2,4892,True,,,,,,,
0.32,0.2,0.13,0.79,2.3,307.94,0.07,0.13,32.77,2021,2,1234,True,,,,,,,
0.37,0.22,0.07,0.9,1.77,253.27,,0.14,14.05,2021,2,6768,True,,,,,,,
0.24,0.32,0.06,0.54,1.4,221.91,0.06,0.36,47.44,2021,2,6904,True,,,,,,,
0.39,0.23,0.08,0.6,1.8,252.95,,0.11,4.02,2021,2,1837,True,,,,,,,
0.31,0.32,,1.36,1.93,294.41,,0.17,7.69,2021,2,2306,True,,,,,,,
0.33,0.2,0.13,0.77,2.24,299.13,0.07,0.27,22.67,2021,2,3294,True,,,,,,,
0.6,0.33,0.07,0.73,1.77,231.86,0.06,0.38,63.96,2021,2,4881,True,,,,,,,
0.34,0.14,0.07,0.72,2.14,274.61,,0.11,8.85,2021,2,6770,True,,,,,,,
,0.29,,0.61,1.81,233.8,,0.15,16.77,2021,2,7523,True,,,,,,,
0.35,0.18,0.06,0.77,1.73,278.11,,0.04,3.06,2021,2,24,True,,,,,,,
0.69,0.36,0.08,0.9,1.67,245.18,,0.19,14.72,2021,2,3161,True,,,,,,,
0.35,0.17,0.12,0.4,2.46,309.9,0.06,0.17,17.77,2021,2,4046,True,,,,,,,
0.62,0.25,0.06,0.94,1.75,276.03,,0.06,13.67,2021,2,4943,True,,,,,,,
0.41,0.24,0.06,0.83,1.97,274.64,0.13,0.46,49.42,2021,2,5849,True,,,,,,,
,,,0.05,0.12,15.13,,0.08,9.28,2021,2,7591,True,,,,,,,
0.71,0.3,,0.91,1.67,264.1,,0.11,12.1,2021,2,829,True,,,,,,,
0.33,0.21,0.13,0.46,2.51,308.04,,0.18,13.31,2021,2,96,True,,,,,,,
0.37,0.24,0.07,0.94,1.61,261.25,,0.12,2.95,2021,2,3163,True,,,,,,,
0.12,0.05,,,,,0.06,0.65,71.44,2021,2,6945,True,2.65,2.65,0.05,23.45,,,
,,,,,,,,11.76,2021,2,7529,True,0.3,0.3,,2.65,,0.19,
0.07,0.02,,,,,,0.04,15.03,2021,2,3209,True,0.99,0.99,0.04,7.66,,,
,,,,,,,0.07,4.59,2021,2,7537,True,,,,,,,
0.06,,,,,,,0.05,8.27,2021,2,3664,True,3.31,3.31,0.07,21.23,,,
0.15,0.06,,,,,0.05,0.48,50.68,2021,2,4866,True,2.31,2.31,0.09,21.51,,,
,,,,,,,,3.28,2021,2,1034,True,,,,,,,
0.08,0.08,,,,,,0.3,41.83,2021,2,1476,True,0.88,0.88,0.04,5.64,,,
,0.09,,,,,,0.22,26.58,2021,2,1535,True,0.9,0.9,0.03,7.5,,,
,,,,,,,,,2021,2,2399,True,,2.54,0.09,26.18,2.54,,
,,,,,,,0.08,0.42,2021,2,3332,True,,0.29,,1.89,,,
0.06,,,,,,,0.23,40.39,2021,2,5000,True,3.84,3.84,0.19,35.66,,,
0.25,0.15,,,,,,0.48,76.48,2021,2,5916,True,3.0,3.0,0.07,23.79,,,
0.04,,,,,,,0.04,17.66,2021,2,5987,True,0.77,0.77,0.03,4.95,,,
0.02,,,,,,,0.02,4.94,2021,2,6908,True,0.08,0.08,0.0,0.5,,,
0.04,,,,,,,0.03,13.49,2021,2,6918,True,2.0,2.0,0.03,15.23,,,
,,,,,,,,12.76,2021,2,6931,True,1.09,1.09,,9.89,,,
0.01,0.01,,,,,,0.03,4.21,2021,2,7045,True,,,,,,,
0.13,0.05,,,,,,0.59,69.49,2021,2,7528,True,4.01,4.01,0.1,28.2,,,
,0.04,,,,,,0.44,64.88,2021,2,7561,True,1.24,1.24,0.07,12.46,,,
,0.02,,,,,,0.28,33.53,2021,2,7574,True,0.98,0.98,0.02,8.34,,0.42,
0.02,0.01,,,,,,0.03,4.39,2021,2,7594,True,1.2,1.2,,9.9,,,
0.06,,,,,,,0.13,20.14,2021,2,7607,True,2.39,2.39,0.08,17.38,,,
0.05,,,,,,,0.03,4.23,2021,2,1386,True,3.11,3.11,0.08,24.88,,,
0.09,,,,,,,0.09,9.88,2021,2,1848,True,4.4,4.4,0.1,34.59,,,
0.01,,,,,,,0.02,4.06,2021,2,2161,True,0.42,0.42,0.01,3.42,,,
0.17,0.07,,,,,0.06,0.87,89.53,2021,2,3198,True,0.8,0.8,0.05,5.59,,,
,,,,,,,,0.42,2021,2,3391,True,,,,,,,
0.15,0.07,,,,,,0.34,58.17,2021,2,4663,True,5.5,5.5,0.19,49.1,,0.06,
0.02,0.02,,,,,,0.07,18.76,2021,2,4962,True,0.68,0.68,,4.49,,,
0.08,0.08,,,,,,0.22,49.34,2021,2,6130,True,3.52,3.52,0.1,27.54,,,
,,,,,,,,0.47,2021,2,6156,True,0.08,0.08,,0.33,,,
,,,,,,,,,2021,2,6323,True,,0.08,,0.77,,,0.08
0.11,0.05,,,,,,0.3,64.91,2021,2,6820,True,3.5,3.5,0.14,32.3,,,
,,,,,,,0.33,43.81,2021,2,7098,True,2.64,2.64,0.05,22.05,,,
,,,,,,,,6.6,2021,2,7794,True,2.17,2.17,,20.18,,,
,0.01,,,,,,0.03,1.14,2021,2,1379,True,,0.49,0.02,4.88,,,
0.05,,,,,,,0.06,21.35,2021,2,2588,True,0.42,0.42,,3.42,,,
,,,,,,,,,2021,2,3832,True,,0.16,0.02,1.37,,,
0.14,0.07,,,,,,0.47,79.53,2021,2,4018,True,3.35,3.35,0.06,26.66,,,
0.13,0.06,,,,,0.06,0.62,69.71,2021,2,4034,True,6.42,6.42,0.29,55.97,,0.07,
0.13,0.06,,,,,,0.38,52.48,2021,2,4098,True,2.86,2.86,0.14,21.75,,,
0.06,0.06,,,,,,0.24,43.63,2021,2,4137,True,0.86,0.86,0.03,6.31,,,
,,,,,,,0.05,17.47,2021,2,4147,True,1.68,1.68,,8.6,,,
0.03,,,,,,,0.02,2.7,2021,2,4150,True,0.43,0.43,,2.24,,,
0.14,0.07,,,,,,0.54,66.64,2021,2,4273,True,3.44,3.44,0.17,27.34,,,
,,,,,,,,,2021,2,4353,True,,0.45,,2.27,,,
,,,,,,,0.01,0.88,2021,2,4651,True,,,,,,,
0.04,,,,,,,0.03,10.07,2021,2,5131,True,0.92,0.92,,6.02,,,
,,,,,,,,,2021,2,6694,True,0.08,0.08,,0.36,,,
,,,,,,,,,2021,2,7318,True,,0.17,0.02,1.37,,,
0.06,0.07,,,,,,0.17,20.92,2021,2,7567,True,2.14,2.14,0.08,15.68,,,
,,,,,,,0.02,2.46,2021,2,7608,True,0.59,0.59,,4.75,,,
,,,,,,,,10.76,2021,2,7771,True,1.13,1.13,,9.67,,,
,,,,,,,0.41,48.38,2021,2,956,True,0.69,0.69,,3.04,,,
0.09,,,,,,,0.11,24.58,2021,2,1833,True,2.71,2.71,0.07,20.47,,,
0.08,,,,,,,0.15,30.57,2021,2,2257,True,1.28,1.28,0.02,12.06,,,
,,,,,,,0.2,30.14,2021,2,2378,True,0.72,0.72,,5.37,,,
0.07,,,,,,,0.32,48.73,2021,2,2431,True,2.41,2.41,0.05,19.87,,,
0.1,0.05,,,,,0.05,0.65,74.65,2021,2,3164,True,2.57,2.57,0.05,23.16,,,
0.14,0.07,,,,,0.08,0.75,73.11,2021,2,4035,True,4.86,4.86,0.18,45.11,,0.06,
,,,,,,,,2.11,2021,2,5046,True,0.41,0.41,,3.21,,,
0.02,,,,,,,0.01,3.51,2021,2,5122,True,0.56,0.56,0.02,4.27,,,
0.04,0.04,,,,,,0.09,23.09,2021,2,5170,True,0.58,0.58,,4.25,,,
0.02,,,,,,,0.02,9.64,2021,2,5549,True,1.23,1.23,,7.03,,,
0.11,0.06,,,,,0.06,0.63,73.62,2021,2,5892,True,1.51,1.51,0.04,12.92,,,
0.06,,,,,,,0.17,21.89,2021,2,5967,True,2.36,2.36,0.07,15.29,,,
0.14,0.07,,,,,,0.42,53.13,2021,2,5980,True,2.99,2.99,0.07,24.25,,,
,,,,,,,0.24,35.74,2021,2,6984,True,1.27,1.27,0.02,6.46,,,
,0.01,,,,,,0.07,14.76,2021,2,6996,True,0.74,0.74,0.02,3.83,,,
,,,,,,,0.07,0.35,2021,2,7204,True,,0.25,,2.4,,,
,,,,,,,0.01,1.65,2021,2,1387,True,0.53,0.53,0.02,4.15,,,
,,,,,,,0.05,5.3,2021,2,2168,True,2.0,2.0,0.07,10.0,,,
,,,,,,,,0.17,2021,2,2471,True,,0.17,,1.66,,,
,,,,,,,0.02,2.29,2021,2,3327,True,,,,,,,
0.07,0.07,,,,,,0.4,45.88,2021,2,3969,True,2.86,2.86,0.07,18.66,,,
0.02,0.01,,,,,,0.04,6.95,2021,2,4152,True,0.69,0.69,0.02,4.5,,,
,,,,,,,0.07,20.47,2021,2,4455,True,0.99,0.99,,6.77,,,
,,,,,,,,3.0,2021,2,4718,True,0.75,0.75,,4.49,,,
0.12,0.08,,,,,,0.4,50.33,2021,2,5052,True,1.19,1.19,0.02,10.84,,,
0.07,,,,,,,0.14,28.28,2021,2,6039,True,2.23,2.23,0.03,13.51,,,
,,,,,,,,0.23,2021,2,6109,True,,0.81,,6.75,,,
0.12,0.07,,,,,,0.44,62.17,2021,2,6151,True,2.78,2.78,0.06,23.58,,,
,,,,,,,,,2021,2,6379,True,0.16,0.16,,1.26,,,
0.18,0.06,,,,,0.06,0.56,77.06,2021,2,6813,True,2.55,2.55,0.07,22.67,,,
0.01,0.01,,,,,,0.04,4.41,2021,2,6845,True,0.17,0.17,0.01,1.44,,,
0.1,0.05,,,,,,0.35,53.64,2021,2,6955,True,2.84,2.84,0.12,20.41,,,
,,,,,,,,2.64,2021,2,6973,True,0.27,0.27,,0.96,,,
,,,,,,,,4.6,2021,2,7087,True,,,,,,,
,,,,,,,0.01,1.89,2021,2,7609,True,0.41,0.41,0.01,3.89,,,
,,,,,,,,0.69,2021,2,2073,True,,0.14,,0.8,,,
0.14,0.08,,,,,,0.34,64.17,2021,2,2320,True,2.54,2.54,0.09,13.91,,,
0.09,0.04,,,,,,0.08,9.15,2021,2,2391,True,1.95,1.95,0.1,17.25,,,
0.2,0.1,,,,,,0.3,46.71,2021,2,3242,True,3.81,3.81,0.2,27.21,,,
,,,,,,,0.3,26.96,2021,2,3594,True,,,,,,,
0.13,0.06,,,,,0.13,0.79,90.84,2021,2,4029,True,2.92,2.92,0.1,24.88,,,
0.12,0.06,,,,,0.08,0.82,98.15,2021,2,4988,True,1.83,1.83,0.05,16.01,,,
0.0,,,,,,,,0.49,2021,2,4994,True,0.09,0.09,,0.56,,,
0.1,0.1,,,,,,0.13,14.51,2021,2,5347,True,4.82,4.82,0.25,36.54,,,
0.07,0.08,,,,,,0.68,82.98,2021,2,5890,True,0.92,0.92,0.01,7.14,,,
,,,,,,,,4.34,2021,2,6012,True,0.19,0.19,,0.85,,,
,,,,,,,0.31,44.44,2021,2,7588,True,2.07,2.07,0.07,17.23,,,
,0.04,,,,,,0.18,28.8,2021,2,7593,True,1.16,1.16,0.02,10.9,,,
,,,,,,,0.11,14.97,2021,2,7611,True,1.27,1.27,,7.01,,,
0.03,0.03,,,,,,0.09,10.48,2021,2,7572,True,0.98,0.98,0.05,8.14,,,
0.07,,,,,,,0.16,27.98,2021,2,4149,True,2.93,2.93,,24.58,,,
0.13,0.07,,,,,0.08,0.76,80.88,2021,2,4199,True,3.32,3.32,0.14,29.59,,,
0.01,,,,,,,0.02,2.78,2021,2,7599,True,0.35,0.35,,2.79,,,
,,,,,,,,1.36,2021,2,5220,True,,,,,,,
0.12,0.07,,,,,0.04,0.49,46.57,2021,2,6790,True,4.35,4.35,0.18,37.29,,,
0.04,0.04,,,,,,0.35,50.27,2021,2,6828,True,0.98,0.98,0.01,5.43,,,
,,,,,,,,,2021,2,2822,True,,2.84,0.12,20.67,2.84,,
0.07,0.07,,,,,,,2.55,2021,2,3200,True,,5.11,0.28,56.3,5.11,,
0.06,0.06,,,,,,,,2021,2,4131,True,,4.18,0.36,57.3,4.18,0.06,
0.07,0.06,,,,,,,,2021,2,6149,True,,3.27,0.24,47.31,3.27,,
0.02,0.02,,,,,,,0.53,2021,2,5432,True,,1.5,0.08,10.54,1.5,,
0.1,,,,,,,,,2021,2,7587,True,,2.85,0.23,30.71,2.85,,
,,,,,,,,,2021,2,6857,True,,0.07,,0.68,0.07,,
,,,,,,,,,2021,2,7751,True,,0.47,,5.25,0.47,,
0.12,0.06,,,,,,,,2021,2,5927,True,,6.18,0.43,80.39,6.18,0.06,
0.03,,,,,,,,3.08,2021,2,7606,True,,1.5,0.14,19.37,1.5,,
0.12,0.06,,,,,,0.06,7.75,2021,2,1352,True,,6.32,0.34,69.78,6.32,,
0.14,0.07,,,,,,,,2021,2,1689,True,,6.16,0.62,77.29,6.16,0.07,
0.12,0.06,,,,,,,,2021,2,1992,True,,6.22,0.46,87.11,6.22,0.06,
0.16,0.08,,,,,,,,2021,2,2197,True,,5.15,0.31,77.97,5.15,,
0.13,0.07,,,,,,,1.47,2021,2,2309,True,,6.36,0.47,82.15,6.36,0.06,
,,,,,,,,,2021,2,4080,True,,0.57,0.04,5.99,0.57,,
,,,,,,,,,2021,2,5121,True,,3.15,0.14,35.55,3.15,,
0.06,0.05,,,,,,,,2021,2,5848,True,,3.9,0.43,58.79,3.9,,
,,,,,,,,,2021,2,5915,True,,0.5,0.02,6.2,0.5,,
0.02,,,,,,,,,2021,2,6148,True,,0.86,0.08,12.47,0.86,,
,,,,,,,,,2021,2,627,True,,0.04,,0.43,0.04,,
,,,,,,,,5.1,2021,2,6699,True,,1.03,0.15,12.83,1.03,,
,,,,,,,,,2021,2,6989,True,,4.66,0.41,54.88,4.66,,
,,,,,,,,,2021,2,7559,True,,0.48,,6.63,0.48,,
0.03,,,,,,,,,2021,2,7595,True,,1.2,0.1,17.35,1.2,,
0.04,,,,,,,,,2021,2,7596,True,,3.06,0.24,40.24,3.06,,
0.08,0.08,,,,,,,,2021,2,1144,True,,5.24,0.32,63.55,5.24,,
,,,,,,,,,2021,2,1346,True,,2.24,0.13,32.92,2.24,,
0.12,0.06,,,,,,,,2021,2,1426,True,,7.24,0.58,89.18,7.24,0.12,
,,,,,,,,,2021,2,147,True,,2.21,0.07,33.16,2.21,,
0.12,0.06,,,,,,,,2021,2,2216,True,,5.37,0.64,75.45,5.37,0.12,
0.07,0.07,,,,,,,,2021,2,2319,True,,4.24,0.47,54.47,4.24,,
,,,,,,,,,2021,2,2821,True,,0.14,0.01,1.77,0.14,,
0.01,,,,,,,,0.34,2021,2,3342,True,,0.63,0.01,7.23,0.63,,
0.11,0.05,,,,,,,1.12,2021,2,3423,True,,4.51,0.32,65.03,4.51,,
0.12,0.07,,,,,,,2.75,2021,2,4039,True,,6.12,0.45,75.24,6.12,,
,,,,,,,,,2021,2,5113,True,,3.38,0.27,39.93,3.38,,
0.11,0.06,,,,,,,,2021,2,5846,True,,5.71,0.69,93.58,5.71,0.06,
0.05,0.04,,,,,,,,2021,2,5917,True,,3.89,0.23,46.33,3.89,,
0.08,0.09,,,,,,,1.4,2021,2,5947,True,,5.7,0.27,67.15,5.7,,
,,,,,,,,7.51,2021,2,6234,True,,3.79,0.23,44.42,3.79,,
0.05,,,,,,,,,2021,2,6421,True,,2.41,0.2,36.82,2.41,,
0.02,,,,,,,,,2021,2,6744,True,,0.63,0.02,7.46,0.63,,
0.08,0.03,,,,,,0.08,4.18,2021,2,6803,True,,3.36,0.31,42.63,3.36,0.04,
0.07,0.07,,,,,,,2.86,2021,2,6805,True,,3.55,0.35,46.08,3.55,,
0.07,0.07,,,,,,0.06,8.03,2021,2,6814,True,,4.11,0.36,51.15,4.11,,
0.04,,,,,,,,,2021,2,6824,True,,2.76,0.28,36.34,2.76,,
0.05,0.05,,,,,,,,2021,2,6943,True,,3.38,0.36,46.11,3.38,,
,,,,,,,,,2021,2,7210,True,,0.37,,3.52,0.37,,
0.06,0.06,,,,,,,,2021,2,7565,True,,3.21,0.3,46.83,3.21,,
,,,,,,,,,2021,2,7569,True,,1.68,0.12,21.26,1.68,,
0.02,,,,,,,,,2021,2,7603,True,,0.7,0.04,7.98,0.7,,
0.07,0.07,,,,,,,,2021,2,2325,True,,4.01,0.53,60.37,4.01,,
0.12,0.06,,,,,,,,2021,2,2374,True,,6.21,0.6,79.46,6.21,,
0.09,,,,,,,,0.52,2021,2,2673,True,,1.55,0.09,18.44,1.55,,
,,,,,,,,,2021,2,4177,True,,0.32,,3.24,0.32,,
,,,,,,,,,2021,2,4198,True,,0.46,0.02,5.26,0.46,,
0.22,,,,,,,,,2021,2,4319,True,,4.07,0.32,53.73,4.07,,
,,,,,,,,,2021,2,4491,True,,0.31,0.03,3.63,0.31,,
0.05,,,,,,,,0.26,2021,2,4622,True,,2.52,0.26,31.85,2.52,,
0.09,,,,,,,,,2021,2,491,True,,2.56,0.09,33.49,2.56,,
0.13,0.06,,,,,,,,2021,2,4981,True,,6.06,0.53,85.1,6.06,0.06,
0.06,,,,,,,,0.56,2021,2,538,True,,3.43,0.31,45.45,3.43,,
0.12,0.06,,,,,,,,2021,2,5859,True,,5.26,0.62,81.71,5.26,0.06,
0.12,0.06,,,,,,0.07,7.67,2021,2,5872,True,,5.07,0.42,59.79,5.07,0.06,
,,,,,,,,,2021,2,5938,True,,1.3,0.06,12.12,1.3,,
0.06,0.06,,,,,,,,2021,2,5955,True,,3.59,0.17,41.81,3.59,,
,,,,,,,,,2021,2,6069,True,,0.15,,0.94,0.15,,
0.12,,,,,,,,,2021,2,6870,True,,3.66,0.31,41.76,3.66,,
,,,,,,,,,2021,2,6927,True,,2.44,0.12,30.16,2.44,,
0.02,,,,,,,,,2021,2,6960,True,,0.65,0.05,9.61,0.65,,
,,,,,,,,,2021,2,7533,True,,2.73,0.28,38.13,2.73,,
,,,,,,,,,2021,2,7812,True,,1.23,0.09,13.68,1.23,,
0.06,0.06,,,,,,,,2021,2,1067,True,,4.17,0.43,53.66,4.17,0.06,
0.19,,,,,,,,,2021,2,1817,True,,4.2,0.27,46.38,4.2,,
0.12,0.06,,,,,,,2.05,2021,2,3225,True,,5.14,0.35,59.16,5.14,,
,,,,,,,,,2021,2,3286,True,,2.5,0.13,29.22,2.5,,
0.16,0.08,,,,,,,,2021,2,4036,True,,5.33,0.37,80.59,5.33,,
0.11,0.05,,,,,,,,2021,2,4040,True,,5.27,0.34,59.85,5.27,0.05,
,,,,,,,,,2021,2,4146,True,,0.85,0.04,10.16,0.85,,
,,,,,,,0.01,2.4,2021,2,4197,True,,0.98,0.04,10.54,0.98,,
0.06,0.06,,,,,,,0.79,2021,2,4950,True,,4.26,0.44,52.4,4.26,,
0.06,0.05,,,,,,,0.44,2021,2,5110,True,,3.59,0.29,40.41,3.59,,
0.02,,,,,,,,,2021,2,5130,True,,0.62,0.04,6.38,0.62,,
,,,,,,,,,2021,2,5154,True,,2.62,0.16,28.96,2.62,,
,,,,,,,,,2021,2,5902,True,,1.38,0.04,15.32,1.38,,
0.11,0.05,,,,,,,3.77,2021,2,5937,True,,6.25,0.44,74.44,6.25,,
,,,,,,,,0.35,2021,2,6063,True,,0.79,0.05,10.89,0.79,,
,,,,,,,,,2021,2,6387,True,,0.08,,0.83,0.08,,
,,,,,,,,,2021,2,6427,True,,0.57,,5.75,0.57,,
0.06,0.06,,,,,,,2.28,2021,2,6798,True,,4.29,0.25,57.49,4.29,,
,,,,,,,,,2021,2,7066,True,,3.26,0.17,39.0,3.26,,
0.06,0.06,,,,,,,2.23,2021,2,7090,True,,4.7,0.23,42.9,4.7,,
,,,,,,,,,2021,2,7562,True,,1.43,0.1,18.87,1.43,,
,,,,,,,,,2021,2,7944,True,,2.86,0.18,32.86,2.86,,
0.13,0.07,,,,,,,,2021,2,947,True,,5.5,0.37,77.62,5.5,,
0.07,,,,,,,,,2021,2,2381,True,,1.66,0.06,19.58,1.66,,
0.12,0.06,,,,,,,,2021,2,2449,True,,7.44,0.59,89.26,7.44,0.06,
,,,,,,,,,2021,2,3297,True,,0.79,0.04,9.14,0.79,,
0.02,,,,,,,,,2021,2,3328,True,,1.33,0.08,17.2,1.33,,
0.06,0.06,,,,,,,,2021,2,4068,True,,4.09,0.44,65.11,4.09,0.06,
,,,,,,,,,2021,2,4234,True,,0.06,,0.75,0.06,,
0.06,,,,,,,,,2021,2,4351,True,,3.36,0.33,44.12,3.36,,
0.08,,,,,,,,,2021,2,4454,True,,2.26,0.08,27.16,2.26,,
,,,,,,,,,2021,2,4878,True,,0.29,,3.2,0.29,,
0.12,0.06,,,,,,,2.66,2021,2,4983,True,,4.87,0.35,74.35,4.87,,
0.01,,,,,,,,,2021,2,5013,True,,0.24,0.02,3.19,0.24,,
0.12,0.06,,,,,,,,2021,2,5045,True,,5.12,0.43,68.03,5.12,0.06,
,,,,,,,,,2021,2,5199,True,,1.79,0.08,19.02,1.79,,
0.12,0.07,,,,,,,2.59,2021,2,6801,True,,4.77,0.54,62.87,4.77,0.12,
0.05,,,,,,,0.02,3.89,2021,2,6847,True,,2.0,0.17,25.56,2.0,,
0.0,0.01,,,,,,,,2021,2,6849,True,,0.12,0.01,1.41,0.12,,
0.05,0.05,,,,,,,0.74,2021,2,6853,True,,3.17,0.29,39.03,3.17,,
0.06,0.06,,,,,,0.06,2.04,2021,2,6886,True,,4.42,0.46,64.27,4.42,,
,,,,,,,,,2021,2,7049,True,,0.44,,4.63,0.44,,
0.06,0.06,,,,,,,,2021,2,7525,True,,4.74,0.44,65.07,4.74,,
0.06,0.07,,,,,,,,2021,2,7564,True,,4.88,0.43,67.52,4.88,,
,,,,,,,,,2021,2,7703,True,,0.45,0.01,6.09,,,0.45
,,,,,,,,,2021,2,1071,True,,0.98,0.05,9.87,0.98,,
0.13,0.07,,,,,,,,2021,2,1479,True,,7.4,0.49,84.19,7.4,,
0.12,0.06,,,,,,,,2021,2,1825,True,,5.57,0.46,65.98,5.57,,
,,,,,,,,,2021,2,2025,True,,2.15,0.1,17.58,2.15,,
0.02,,,,,,,,0.38,2021,2,2331,True,,0.66,0.1,9.86,0.66,,
0.12,0.06,,,,,,0.13,5.97,2021,2,3321,True,,5.9,0.7,89.67,5.9,0.06,
,,,,,,,,,2021,2,3582,True,,3.77,0.15,35.57,3.77,,
,,,,,,,,,2021,2,3652,True,,1.25,0.11,13.05,1.25,,
0.12,0.06,,,,,,,,2021,2,4037,True,,6.49,0.54,81.54,6.49,0.06,
0.13,0.07,,,,,,,,2021,2,4951,True,,5.0,0.41,58.99,5.0,,
0.03,,,,,,,,,2021,2,5024,True,,1.22,0.13,17.67,1.22,,
,,,,,,,,,2021,2,5241,True,,0.76,0.04,8.45,0.76,,
0.03,,,,,,,,,2021,2,6271,True,,1.66,0.08,23.84,1.66,,
0.04,,,,,,,,,2021,2,6290,True,,2.34,0.15,33.03,2.34,,
0.13,0.07,,,,,,,,2021,2,6786,True,,6.34,0.46,83.44,6.34,0.13,
0.12,0.06,,,,,,,0.67,2021,2,6794,True,,5.34,0.62,78.21,5.34,0.12,
0.06,0.06,,,,,,,2.63,2021,2,6819,True,,4.5,0.29,61.02,4.5,0.06,
,,,,,,,,,2021,2,6957,True,,0.43,0.02,6.13,0.43,,
,,,,,,,,,2021,2,7135,True,,1.93,0.25,22.54,1.93,,
,,,,,,,,,2021,2,7496,True,,0.97,0.11,11.73,0.97,,
0.05,0.05,,,,,,,,2021,2,7526,True,,4.0,0.32,56.54,4.0,,
0.05,,,,,,,0.06,6.77,2021,2,7601,True,,3.5,0.28,43.06,3.5,,
,,,,,,,,,2021,2,7670,True,,0.65,0.03,8.24,0.65,,
,,,,,,,,,2021,2,7793,True,,0.18,,2.24,0.18,,
0.07,,,,,,,,,2021,2,830,True,,4.03,0.2,34.83,4.03,,
,,,,,,,,,2021,2,3634,True,,3.51,0.1,32.08,3.51,,
0.05,,,,,,,,1.46,2021,2,5086,True,,3.31,0.24,53.69,3.31,,
0.03,,,,,,,,,2021,2,5185,True,,1.34,0.15,17.49,1.34,,
0.06,,,,,,,,,2021,2,7547,True,,3.03,0.19,39.04,3.03,,
,,,,,,,,,2021,2,6239,True,,0.17,0.03,2.1,0.17,,
0.04,,,,,,,,,2021,2,7540,True,,1.03,0.11,13.48,1.03,,
0.03,,,,,,,,0.21,2021,2,4171,True,,1.57,0.07,19.41,1.57,,
0.12,0.06,,,,,,,,2021,2,2133,True,,7.59,0.97,91.12,7.59,0.12,
0.06,,,,,,,,,2021,2,6895,True,,3.01,0.22,39.91,3.01,,
,,,,,,,,,2021,2,5773,True,,0.18,,3.62,0.18,,
,,,,,,,,,2021,2,6395,True,,3.15,0.12,38.07,3.15,,
0.04,,,,,,,,,2021,2,928,True,,3.03,0.19,34.16,3.03,,
,,,,,,,,,2021,2,4531,True,,0.66,0.03,7.26,,,0.66
,,,,,,,,,2021,2,7716,True,,0.39,,3.61,,,0.39
,,,,,,,,,2021,2,943,True,,2.68,0.23,31.73,,,2.68
0.07,0.02,,,,,,,,2021,2,2251,True,,5.17,0.35,46.41,,,5.17
,,,,,,,,,2021,2,6146,True,,0.95,0.02,8.03,,,0.95
,,,,,,,,,2021,2,1619,True,,1.38,0.07,12.06,,,1.38
,,,,,,,,,2021,2,2360,True,,0.84,0.09,7.74,,,0.84
,,,,,,,,,2021,2,2460,True,,3.28,0.23,36.53,,,3.28
0.06,0.03,,,,,,,,2021,2,4217,True,,5.28,0.55,71.34,,0.06,5.28
,,,,,,,,,2021,2,4221,True,,0.08,,0.7,,,0.08
,,,,,,,,,2021,2,4323,True,,0.2,0.03,1.93,,,0.2
,,,,,,,,,2021,2,5010,True,,2.35,0.1,23.1,,,2.35
,,,,,,,,,2021,2,5032,True,,2.12,0.17,25.05,,,2.12
,,,,,,,,,2021,2,5973,True,,1.34,0.08,14.77,,,1.34
0.06,0.01,,,,,,,,2021,2,6826,True,,4.26,0.32,43.89,,,4.26
,,,,,,,,,2021,2,6850,True,,2.05,0.22,21.13,,,2.05
,,,,,,,,,2021,2,7002,True,,2.32,0.25,25.15,,,2.32
,,,,,,,,,2021,2,7075,True,,0.3,,3.1,,,0.3
,,,,,,,,,2021,2,7602,True,,0.5,0.03,6.44,,,0.5
,,,,,,,,,2021,2,7842,True,,0.49,0.03,4.45,,,0.49
,,,,,,,,,2021,2,2476,True,,3.22,0.17,35.7,,,3.22
0.06,0.01,,,,,,,,2021,2,3202,True,,3.89,0.36,39.63,,,3.89
,,,,,,,,,2021,2,3496,True,,0.58,,5.84,,,0.58
,,,,,,,,,2021,2,4054,True,,1.54,0.09,19.75,,,1.54
,,,,,,,,,2021,2,4189,True,,0.69,0.05,6.8,,,0.69
,,,,,,,,,2021,2,4314,True,,0.23,,1.79,,,0.23
0.06,,,,,,,,,2021,2,4435,True,,3.42,0.29,33.78,,,3.42
0.07,,,,,,,,,2021,2,4973,True,,2.84,0.29,28.64,,,2.84
,,,,,,,,,2021,2,5001,True,,2.93,0.15,32.15,,,2.93
0.04,,,,,,,,,2021,2,5009,True,,1.11,0.07,11.44,,,1.11
,,,,,,,,,2021,2,5285,True,,1.04,0.09,12.28,,,1.04
,,,,,,,,,2021,2,6843,True,,2.14,0.26,23.86,,,2.14
,,,,,,,,,2021,2,7288,True,,0.32,,2.68,,,0.32
,,,,,,,,,2021,2,2390,True,,2.8,0.29,26.6,,,2.8
0.07,0.03,,,,,,,,2021,2,2505,True,,6.66,0.46,71.03,,0.07,6.66
0.06,0.02,,,,,,,,2021,2,3214,True,,3.54,0.28,40.21,,0.06,3.54
0.06,0.01,,,,,,,,2021,2,367,True,,4.23,0.39,41.14,,,4.23
,,,,,,,,,2021,2,3695,True,,0.17,,1.43,,,0.17
,,,,,,,,,2021,2,4033,True,,3.14,0.26,39.14,,,3.14
0.06,0.01,,,,,,,,2021,2,4089,True,,4.2,0.31,43.62,,,4.2
0.01,,,0.04,0.13,15.39,,0.13,9.54,2021,2,4381,True,,,,,,,
0.05,0.01,,,,,,,,2021,2,4993,True,,2.9,0.24,35.8,,,2.9
0.06,0.03,,,,,,,,2021,2,5857,True,,5.18,0.34,59.25,,0.06,5.18
,,,,,,,,,2021,2,5985,True,,0.53,0.08,7.14,,,0.53
,,,,,,,,,2021,2,6001,True,,1.14,,10.44,,,1.14
,,,,,,,,,2021,2,7216,True,,0.16,,1.63,,,
,,,,,,,,,2021,2,7554,True,,0.55,0.04,6.63,,,0.55
,,,,,,,,,2021,2,7568,True,,0.39,0.02,4.15,,,0.39
0.07,0.01,,,,,,,,2021,2,1339,True,,4.02,0.26,40.67,,,4.02
,,,,,,,,,2021,2,1718,True,,0.52,,6.04,,,0.52
0.07,0.02,,,,,,,,2021,2,3271,True,,4.62,0.42,50.25,,,4.62
,,,,,,,,,2021,2,4741,True,,2.48,0.19,28.59,,,2.48
0.06,0.02,,,,,,,,2021,2,5022,True,,4.25,0.38,49.42,,,4.25
,,,,,,,,,2021,2,6137,True,,0.83,0.03,9.62,,,0.83
,,,,,,,,,2021,2,6869,True,,3.26,0.32,35.5,,,3.26
,,,,,,,,,2021,2,6926,True,,0.56,0.05,5.03,,,0.56
,,,,,,,,,2021,2,7308,True,,0.46,,4.47,,,0.46
,,,,,,,,,2021,2,2214,True,,1.91,0.11,20.03,,,1.91
,,,,,,,,,2021,2,2422,True,,0.49,,2.66,,,0.49
,,,,,,,,,2021,2,2463,True,,0.45,0.03,3.64,,,0.45
,,,,,,,,,2021,2,2545,True,,0.71,0.03,6.39,,,0.71
,,,,,,,,,2021,2,3048,True,,0.49,,4.98,,,0.49
,,,,,,,,,2021,2,4085,True,,0.49,0.06,5.05,,,0.49
0.06,,,,,,,,,2021,2,4144,True,,3.4,0.37,38.5,,,3.4
,,,,,,,,,2021,2,4362,True,,0.33,,3.47,,,0.33
,,,,,,,,,2021,2,5133,True,,3.65,0.26,40.63,,,3.65
,,,,,,,,,2021,2,6181,True,,0.35,,3.6,,,0.35
,,,,,,,,,2021,2,6665,True,,0.23,0.01,2.73,,,0.23
,,,,,,,,,2021,2,6956,True,,0.28,0.02,3.05,,,0.28
,,,,,,,,,2021,2,7600,True,,2.98,0.25,38.65,,,2.98
,,,,,,,,,2021,2,7694,True,,0.34,,4.37,,,0.34
,,,,,,,,,2021,2,7828,True,,1.03,,9.63,,,1.03
,,,,,,,,,2021,2,1425,True,,1.43,0.11,14.21,,,1.43
0.07,0.03,,,,,,,,2021,2,1466,True,,7.1,0.67,88.07,,0.14,7.1
0.07,,,,,,,,,2021,2,1706,True,,2.69,0.22,28.24,,,2.69
0.05,,,,,,,,,2021,2,2118,True,,3.04,0.24,30.25,,,3.04
0.02,,,,,,,,,2021,2,4055,True,,1.19,0.09,13.7,,,1.19
,,,,,,,,,2021,2,4443,True,,2.28,0.15,22.8,,,2.28
0.04,,,,,,,,,2021,2,4571,True,,2.54,0.17,26.3,,,2.54
,,,,,,,,,2021,2,4995,True,,1.38,0.06,10.32,,,1.38
,,,,,,,,,2021,2,5008,True,,1.69,0.08,15.94,,,1.69
0.07,0.03,,,,,,,,2021,2,5012,True,,4.99,0.63,58.23,,0.14,4.99
0.06,0.02,,,,,,,,2021,2,515,True,,4.23,0.38,51.34,,0.06,4.23
,,,,,,,,,2021,2,5863,True,,0.27,,3.16,0.27,,
0.06,,,,,,,,,2021,2,5906,True,,2.85,0.25,31.45,,,2.85
,,,,,,,,,2021,2,6074,True,,2.67,0.18,31.3,,,2.67
,,,,,,,,,2021,2,6075,True,,0.24,0.01,2.52,,,0.24
0.05,0.05,,,,,,,,2021,2,616,True,,2.01,0.29,19.55,,,2.01
,,,,,,,,,2021,2,6894,True,,0.22,0.02,2.14,,,0.22
,,,,,,,,,2021,2,7427,True,,0.23,,2.23,,,0.23
,,,,,,,,,2021,2,7535,True,,0.32,0.02,3.62,,,0.32
0.06,0.02,,,,,,,,2021,2,7553,True,,5.02,0.41,56.74,,,5.02
,,,,,,,,,2021,2,7946,True,,0.24,,1.79,,,0.24
0.06,0.02,,,,,,,,2021,2,4602,True,,4.07,0.47,42.77,,0.06,4.07
,,,,,,,,,2021,2,7502,True,,0.45,0.07,5.44,,,0.45
,,,,,,,,,2021,2,111,True,,0.81,0.05,7.65,,,0.81
0.08,0.03,,,,,,,,2021,2,5844,True,,5.57,0.38,61.79,,0.08,5.57
0.62,0.24,0.06,0.62,1.72,269.9,,0.07,14.79,2021,3,4943,True,,,,,,,
,0.32,,1.06,1.28,229.88,,0.08,6.8,2021,3,7585,True,,,,,,,
0.37,0.23,0.07,0.95,1.62,263.78,,0.14,3.35,2021,3,3163,True,,,,,,,
0.33,0.17,0.11,0.39,2.5,314.75,0.06,0.19,19.47,2021,3,4046,True,,,,,,,
0.71,0.25,0.06,0.89,1.6,245.49,0.08,0.25,39.71,2021,3,5870,True,,,,,,,
0.54,0.13,0.07,0.61,1.84,236.14,,0.14,11.98,2021,3,6770,True,,,,,,,
0.48,0.19,0.12,0.84,2.07,286.58,,0.07,9.51,2021,3,1166,True,,,,,,,
0.47,0.19,0.07,0.7,1.81,283.99,,0.07,7.22,2021,3,2028,True,,,,,,,
0.41,0.18,0.06,0.78,1.8,278.41,,0.04,3.45,2021,3,24,True,,,,,,,
0.28,0.17,0.06,0.68,1.6,278.46,,0.06,7.07,2021,3,4892,True,,,,,,,
0.48,0.18,0.12,0.76,2.01,280.34,,0.19,23.92,2021,3,6797,True,,,,,,,
0.54,0.27,,0.71,1.64,261.02,,0.04,4.48,2021,3,7527,True,,,,,,,
0.57,0.35,,0.85,1.4,211.53,,0.3,52.11,2021,3,7591,True,,,,,,,
0.3,0.18,0.06,0.6,1.81,271.63,,0.2,18.66,2021,3,1049,True,,,,,,,
0.38,0.23,0.08,0.83,1.8,258.63,,0.11,4.23,2021,3,1837,True,,,,,,,
0.5,0.29,,0.9,1.63,245.22,,0.23,10.76,2021,3,2306,True,,,,,,,
0.15,0.25,,0.36,1.72,231.3,,0.13,11.58,2021,3,2711,True,,,,,,,
0.79,0.47,0.08,0.9,1.67,259.16,,0.19,14.65,2021,3,3161,True,,,,,,,
0.3,0.18,0.06,0.73,1.97,316.57,,0.05,5.96,2021,3,421,True,,,,,,,
0.31,0.18,0.13,0.75,2.27,302.73,0.06,0.12,28.81,2021,3,1234,True,,,,,,,
,0.29,,0.8,1.52,229.8,,0.22,19.12,2021,3,3257,True,,,,,,,
0.57,0.31,0.06,0.63,1.89,222.64,0.07,0.41,70.92,2021,3,4881,True,,,,,,,
0.49,0.27,0.11,0.7,2.09,266.88,0.07,0.44,35.74,2021,3,4984,True,,,,,,,
0.62,0.25,0.06,0.89,2.0,285.98,0.13,0.44,47.68,2021,3,5849,True,,,,,,,
0.56,0.28,,0.62,1.92,248.5,,0.11,11.12,2021,3,7523,True,,,,,,,
0.83,0.37,,1.29,1.3,222.48,,0.2,12.33,2021,3,7538,True,,,,,,,
0.32,0.2,0.13,0.44,1.9,280.42,,0.17,10.69,2021,3,96,True,,,,,,,
0.53,0.22,0.23,0.53,1.64,247.57,,0.23,16.17,2021,3,2152,True,,,,,,,
0.01,0.03,,0.05,0.08,14.92,,0.11,9.16,2021,3,7610,True,,,,,,,
0.43,0.25,0.13,0.62,2.4,293.86,0.06,0.22,19.97,2021,3,3294,True,,,,,,,
0.42,0.36,0.07,0.64,1.62,257.07,0.06,0.35,45.7,2021,3,6904,True,,,,,,,
,,,,,,,,9.08,2021,3,2359,True,0.96,0.96,,6.05,,,
0.13,0.06,,,,,0.07,0.7,78.43,2021,3,4034,True,5.72,5.72,0.26,49.86,,0.06,
0.12,0.06,,,,,,0.18,18.59,2021,3,2391,True,2.09,2.09,0.11,18.48,,,
0.03,0.04,,,,,,0.09,14.07,2021,3,7594,True,1.28,1.28,,10.62,,,
,,,,,,,,,2021,3,5046,True,0.41,0.41,0.01,3.18,,,
,,,,,,,,,2021,3,1387,True,0.61,0.61,0.03,4.8,,,
,,,,,,,0.2,34.75,2021,3,1535,True,2.45,2.45,0.07,19.25,,,
0.02,,,,,,,0.03,8.31,2021,3,2161,True,0.83,0.83,0.02,6.71,,,
0.05,,,,,,,0.1,20.36,2021,3,2257,True,1.22,1.22,0.05,9.18,,,
,0.02,,,,,,0.06,8.74,2021,3,3327,True,0.54,0.54,0.03,1.5,,,
0.14,0.07,,,,,0.07,0.62,68.45,2021,3,4035,True,5.27,5.27,0.2,48.87,,0.06,
0.09,0.09,,,,,,0.11,11.59,2021,3,5347,True,4.82,4.82,0.25,36.55,,,
0.04,,,,,,,0.04,20.95,2021,3,5549,True,2.06,2.06,0.07,11.74,,,
0.05,0.02,,,,,0.03,0.25,31.52,2021,3,5850,True,0.81,0.81,0.03,6.75,,,
0.13,0.06,,,,,0.05,0.52,69.42,2021,3,5892,True,2.73,2.73,0.07,23.43,,,
0.08,,,,,,,0.17,39.97,2021,3,6039,True,0.89,0.89,0.01,5.42,,,
,,,,,,,0.01,0.93,2021,3,6694,True,0.07,0.07,,0.32,,,
0.11,0.05,,,,,,0.44,59.51,2021,3,6820,True,2.83,2.83,0.07,22.97,,,
0.04,0.04,,,,,,0.28,40.42,2021,3,6828,True,0.8,0.8,0.02,4.43,,,
,,,,,,,0.43,56.31,2021,3,7098,True,2.09,2.09,0.05,17.56,,,
0.12,0.06,,,,,,0.59,69.79,2021,3,7528,True,3.89,3.89,0.11,27.79,,,
,,,,,,,0.02,3.19,2021,3,7529,True,0.35,0.35,,3.08,,0.19,
0.03,0.03,,,,,,0.07,8.55,2021,3,7572,True,0.8,0.8,0.04,6.64,,,
,,,,,,,,1.58,2021,3,7794,True,1.5,1.5,0.01,13.92,,,
0.05,,,,,,,0.12,20.88,2021,3,2588,True,0.76,0.76,0.02,6.22,,,
,,,,,,,0.07,0.37,2021,3,3332,True,,0.26,,1.68,,,
,,,,,,,0.19,33.07,2021,3,3594,True,0.75,0.75,0.01,5.1,,,
,,,,,,,,1.78,2021,3,3803,True,,,,,,,
,,,,,,,,3.59,2021,3,3832,True,,0.18,0.02,1.46,,,
0.1,0.05,,,,,,0.27,35.82,2021,3,4098,True,3.04,3.04,0.21,23.1,,,
,,,,,,,,,2021,3,4353,True,,0.36,,1.82,,,
,,,,,,,0.03,9.79,2021,3,4455,True,1.06,1.06,0.01,7.25,,,
0.1,0.05,,,,,0.05,0.66,78.81,2021,3,4988,True,2.28,2.28,0.07,19.94,,,
0.08,0.05,,,,,,0.53,40.84,2021,3,5052,True,1.08,1.08,0.05,7.36,,,
0.04,0.04,,,,,,0.1,25.36,2021,3,5170,True,0.67,0.67,0.01,4.92,,,
,,,,,,,,,2021,3,5565,True,,0.13,,1.04,,,
0.05,0.03,,,,,,0.09,12.96,2021,3,5916,True,0.87,0.87,0.02,6.68,,,
0.12,,,,,,,0.42,61.8,2021,3,5987,True,2.87,2.87,0.11,18.49,,,
,,,,,,,,0.26,2021,3,6109,True,,0.9,,7.64,,,
,,,,,,,0.03,5.44,2021,3,6156,True,0.21,0.21,,0.91,,,
,,,,,,,,,2021,3,6323,True,,0.09,,0.84,,,0.09
0.12,0.05,,,,,0.05,0.42,47.16,2021,3,6790,True,4.48,4.48,0.19,38.47,,,
0.16,0.05,,,,,0.06,0.53,75.78,2021,3,6813,True,2.05,2.05,0.09,18.24,,,
,,,,,,,0.08,0.38,2021,3,7204,True,,0.27,,2.57,,,
0.05,,,,,,,0.03,3.8,2021,3,1386,True,2.51,2.51,0.06,20.11,,,
0.11,,,,,,,0.11,13.75,2021,3,1848,True,4.97,4.97,0.21,39.15,,,
,,,,,,,,,2021,3,2399,True,,0.82,0.03,8.41,0.82,,
,,,,,,,0.02,7.15,2021,3,4147,True,0.9,0.9,,4.55,,,
0.21,0.06,,,,,0.07,0.59,70.99,2021,3,4866,True,4.03,4.03,0.11,34.45,,,
0.0,,,,,,,0.0,0.46,2021,3,4994,True,0.08,0.08,,0.52,,,
0.07,,,,,,,0.07,14.98,2021,3,5131,True,1.64,1.64,0.03,10.78,,,
0.06,0.06,,,,,,0.5,72.5,2021,3,5890,True,0.69,0.69,0.01,5.37,,,
0.07,0.07,,,,,,0.25,44.57,2021,3,6130,True,2.85,2.85,0.08,22.36,,,
,,,,,,,0.01,2.33,2021,3,6931,True,0.52,0.52,0.01,4.69,,,
0.11,0.05,,,,,,0.33,56.36,2021,3,6955,True,3.5,3.5,0.07,25.06,,,
,,,,,,,,0.95,2021,3,7318,True,,,,,,,
,,,,,,,0.06,3.87,2021,3,7537,True,,,,,,,
,,,,,,,,,2021,3,7608,True,0.48,0.48,,3.87,,,
,0.01,,,,,,0.02,4.1,2021,3,7609,True,3.61,3.61,0.12,34.52,,,
,,,,,,,,3.19,2021,3,1034,True,,,,,,,
,,,,,,,0.03,1.2,2021,3,1379,True,,0.85,0.03,8.47,,,
,,,,,,,0.1,17.76,2021,3,2168,True,0.61,0.61,0.01,6.1,,,
0.08,,,,,,,0.33,50.62,2021,3,2431,True,4.46,4.46,0.1,28.62,,,
0.07,0.07,,,,,,0.41,45.07,2021,3,3969,True,3.46,3.46,0.09,22.57,,,
0.14,0.07,,,,,,0.5,70.49,2021,3,4018,True,3.7,3.7,0.09,29.41,,,
0.07,0.07,,,,,,0.46,46.71,2021,3,4137,True,2.06,2.06,0.06,15.19,,,
0.14,0.07,,,,,,0.57,72.31,2021,3,4273,True,2.26,2.26,0.11,17.94,,,
0.06,,,,,,,0.22,38.17,2021,3,5000,True,3.76,3.76,0.19,34.97,,,
,,,,,,,,1.55,2021,3,5220,True,,,,,,,
,,,,,,,0.14,25.62,2021,3,6984,True,1.2,1.2,0.01,6.15,,,
,,,,,,,0.03,4.04,2021,3,7611,True,0.58,0.58,,3.17,,,
,0.02,,,,,,0.13,22.27,2021,3,7771,True,1.26,1.26,0.03,10.63,,,
0.08,0.07,,,,,,0.44,41.34,2021,3,1476,True,0.83,0.83,0.04,5.29,,,
0.06,,,,,,,0.07,14.77,2021,3,1833,True,1.51,1.51,0.04,11.44,,,
,,,,,,,,1.95,2021,3,2073,True,,0.48,,2.73,,,
0.13,0.06,,,,,,0.35,65.58,2021,3,2320,True,2.45,2.45,0.09,13.43,,,
,,,,,,,,0.18,2021,3,2471,True,,0.19,,1.82,,,
0.19,0.06,,,,,0.06,0.94,95.21,2021,3,3198,True,1.74,1.74,0.1,12.24,,,
0.17,0.07,,,,,,0.28,37.48,2021,3,3242,True,4.61,4.61,0.25,33.03,,,
0.08,,,,,,,0.06,11.7,2021,3,3664,True,3.38,3.38,0.09,25.7,,,
0.04,0.02,,,,,0.04,0.21,24.17,2021,3,4029,True,2.06,2.06,0.08,17.58,,,
0.14,0.07,,,,,0.06,0.62,66.72,2021,3,4199,True,4.3,4.3,0.17,38.34,,,
,,,,,,,0.02,3.12,2021,3,4718,True,0.79,0.79,,4.68,,,
0.08,0.09,,,,,,0.41,57.66,2021,3,4962,True,2.37,2.37,0.03,15.57,,,
,0.01,,,,,,0.08,5.52,2021,3,6012,True,1.44,1.44,0.02,6.4,,,
0.07,0.03,,,,,,0.23,25.32,2021,3,6845,True,1.35,1.35,0.08,11.93,,,
0.01,,,,,,,0.01,1.42,2021,3,6908,True,,,,,,,
0.13,0.06,,,,,0.06,0.58,69.75,2021,3,6945,True,2.14,2.14,0.05,18.8,,,
,,,,,,,0.02,2.64,2021,3,6973,True,0.27,0.27,,0.93,,,
,,,,,,,0.04,6.23,2021,3,7561,True,0.26,0.26,0.01,2.15,,,
,0.24,,,,,,0.4,60.88,2021,3,7593,True,1.86,1.86,0.03,13.69,,,
0.01,,,,,,,0.03,3.1,2021,3,7599,True,0.38,0.38,,3.11,,,
0.1,,,,,,,0.39,35.31,2021,3,7607,True,2.26,2.26,0.04,23.0,,,
0.03,,,,,,,0.03,10.98,2021,3,3209,True,0.99,0.99,0.04,7.68,,,
,,,,,,,,0.4,2021,3,3391,True,,,,,,,
0.08,,,,,,,0.2,36.28,2021,3,4149,True,3.26,3.26,0.09,27.42,,,
0.04,,,,,,,0.09,15.8,2021,3,4152,True,0.62,0.62,0.01,4.01,,,
0.15,0.07,,,,,,0.39,49.61,2021,3,4663,True,5.73,5.73,0.18,48.63,,0.07,
,,,,,,,0.09,15.4,2021,3,5123,True,1.6,1.6,0.02,10.0,,,
0.13,0.07,,,,,,0.35,44.63,2021,3,5980,True,3.59,3.59,0.08,29.1,,,
0.04,,,,,,,0.05,12.14,2021,3,6918,True,2.14,2.14,0.03,13.08,,,
,,,,,,,,1.39,2021,3,7087,True,,,,,,,
,,,,,,,0.08,12.66,2021,3,7574,True,0.84,0.84,0.01,7.06,,0.42,
,,,,,,,0.37,56.54,2021,3,7588,True,1.69,1.69,0.06,14.06,,,
,,,,,,,0.43,58.58,2021,3,956,True,1.12,1.12,0.01,4.97,,,
0.11,0.04,,,,,0.06,0.55,74.93,2021,3,3164,True,3.28,3.28,0.06,25.53,,,
,,,,,,,0.01,0.96,2021,3,4651,True,,,,,,,
0.08,,,,,,,0.27,33.87,2021,3,5967,True,2.58,2.58,0.08,16.7,,,
0.14,0.08,,,,,,0.48,74.47,2021,3,6151,True,2.82,2.82,0.06,24.06,,,
0.02,,,,,,,0.01,3.4,2021,3,5122,True,0.54,0.54,0.02,4.14,,,
0.07,0.07,,,,,,0.2,25.44,2021,3,7567,True,2.39,2.39,0.08,17.54,,,
0.17,0.08,,,,,,,,2021,3,2197,True,,5.61,0.38,70.45,5.61,,
0.02,,,,,,,,,2021,3,7603,True,,0.65,0.05,7.14,0.65,,
0.08,,,,,,,,,2021,3,2381,True,,2.36,0.08,27.95,2.36,,
,,,,,,,,,2021,3,4878,True,,0.31,,3.46,0.31,,
0.12,0.06,,,,,,,2.93,2021,3,4983,True,,5.34,0.37,81.39,5.34,,
0.1,0.05,,,,,,,1.08,2021,3,3423,True,,4.31,0.4,65.25,4.31,,
0.05,0.06,,,,,,,,2021,3,7565,True,,3.23,0.27,47.2,3.23,,
,,,,,,,,,2021,3,2025,True,,1.22,0.03,12.21,1.22,,
0.06,0.05,,,,,,,,2021,3,2078,True,,4.81,0.44,67.22,4.81,,
,,,,,,,,,2021,3,2821,True,,0.15,0.01,1.89,0.15,,
0.06,0.06,,,,,,,,2021,3,3157,True,,3.6,0.37,49.77,3.6,,
,,,,,,,,,2021,3,3286,True,,2.71,0.18,31.76,2.71,,
0.12,0.06,,,,,,0.04,6.21,2021,3,3321,True,,6.15,0.64,93.38,6.15,0.06,
,,,,,,,,,2021,3,4080,True,,0.65,0.05,6.74,0.65,,
,,,,,,,,,2021,3,4197,True,,1.05,0.05,11.29,1.05,,
,,,,,,,,,2021,3,4198,True,,0.47,0.02,5.48,0.47,,
0.13,0.06,,,,,,,,2021,3,5045,True,,5.1,0.48,76.74,5.1,0.06,
,,,,,,,,,2021,3,5773,True,,0.21,0.02,2.12,0.21,,
0.11,0.05,,,,,,,,2021,3,5846,True,,5.11,0.62,83.73,5.11,0.06,
0.14,0.07,,,,,,0.09,8.31,2021,3,5872,True,,5.65,0.45,66.34,5.65,0.07,
0.06,,,,,,,,,2021,3,6290,True,,2.82,0.22,39.61,2.82,,
0.11,0.07,,,,,,,0.7,2021,3,6794,True,,5.53,0.63,80.82,5.53,0.11,
0.04,,,,,,,,,2021,3,6824,True,,2.81,0.23,37.11,2.81,,
,,,,,,,,,2021,3,7066,True,,3.61,0.26,43.86,3.61,,
,,,,,,,,,2021,3,7533,True,,2.37,0.2,38.26,2.37,,
0.03,,,,,,,,,2021,3,7540,True,,0.75,0.08,9.83,0.75,,
,,,,,,,,,2021,3,7751,True,,0.4,0.04,4.52,0.4,,
,,,,,,,,,2021,3,1555,True,,0.5,0.03,6.98,0.5,,
0.04,,,,,,,,,2021,3,3328,True,,2.28,0.14,29.5,2.28,,
0.13,0.06,,,,,,,3.0,2021,3,4039,True,,6.71,0.49,82.46,6.71,,
0.14,0.08,,,,,,,,2021,3,4040,True,,6.61,0.49,75.14,6.61,0.07,
0.06,0.06,,,,,,,,2021,3,4131,True,,4.49,0.47,65.29,4.49,0.06,
0.01,,,,,,,,0.05,2021,3,4622,True,,0.49,0.05,6.24,0.49,,
0.08,,,,,,,,,2021,3,5024,True,,3.31,0.26,43.09,3.31,,
0.05,,,,,,,,1.02,2021,3,5086,True,,2.32,0.27,37.61,2.32,,
,,,,,,,,,2021,3,5154,True,,3.15,0.12,34.72,3.15,,
0.08,,,,,,,,0.85,2021,3,538,True,,5.0,0.37,51.89,5.0,,
0.03,0.03,,,,,,,0.37,2021,3,5432,True,,1.05,0.09,12.76,1.05,,
0.12,0.06,,,,,,,,2021,3,5927,True,,5.7,0.5,79.8,5.7,0.06,
,,,,,,,,,2021,3,6427,True,,0.57,0.03,5.72,0.57,,
,,,,,,,,,2021,3,6598,True,,0.7,,4.76,0.7,,
,,,,,,,,2.9,2021,3,6699,True,,0.58,0.08,7.3,0.58,,
0.05,,,,,,,,4.15,2021,3,6847,True,,2.14,0.18,27.29,2.14,,
0.04,,,,,,,,,2021,3,6960,True,,1.72,0.14,25.64,1.72,,
0.05,0.05,,,,,,,,2021,3,7526,True,,3.81,0.32,54.0,3.81,,
0.05,,,,,,,,,2021,3,7547,True,,2.94,0.15,37.79,2.94,,
,,,,,,,,,2021,3,7559,True,,0.22,0.02,2.71,0.22,,
0.06,0.06,,,,,,,,2021,3,7564,True,,5.12,0.5,71.02,5.12,,
0.03,,,,,,,,,2021,3,7595,True,,1.28,0.1,18.52,1.28,,
0.08,0.08,,,,,,,,2021,3,1144,True,,5.96,0.37,72.25,5.96,,
,,,,,,,,,2021,3,1346,True,,2.18,0.13,32.05,2.18,,
0.13,0.07,,,,,,,,2021,3,1992,True,,5.88,0.43,82.1,5.88,0.07,
0.06,0.06,,,,,,,,2021,3,2325,True,,3.49,0.42,48.53,3.49,,
0.12,0.06,,,,,,,,2021,3,2374,True,,6.2,0.52,82.07,6.2,,
0.13,0.07,,,,,,,,2021,3,4036,True,,4.08,0.31,61.83,4.08,,
0.06,,,,,,,,,2021,3,4351,True,,3.56,0.4,46.73,3.56,,
,,,,,,,,,2021,3,4491,True,,0.34,0.03,3.95,0.34,,
,0.01,,,,,,0.01,1.1,2021,3,5096,True,,1.5,0.1,17.2,1.5,,
,,,,,,,,,2021,3,5241,True,,0.86,0.05,9.53,0.86,,
,,,,,,,,,2021,3,5902,True,,0.81,0.03,9.07,0.81,,
,,,,,,,,0.38,2021,3,6063,True,,0.83,0.06,11.46,0.83,,
,,,,,,,,,2021,3,6069,True,,0.14,,0.9,0.14,,
0.02,,,,,,,,,2021,3,6148,True,,0.82,0.07,12.02,0.82,,
0.06,0.07,,,,,,,,2021,3,6149,True,,4.03,0.3,58.35,4.03,,
,,,,,,,,4.57,2021,3,6234,True,,2.31,0.13,27.03,2.31,,
0.06,0.06,,,,,,,2.67,2021,3,6805,True,,3.33,0.33,43.16,3.33,,
0.07,0.07,,,,,,,3.13,2021,3,6819,True,,5.38,0.44,65.91,5.38,0.07,
0.0,0.0,,,,,,,,2021,3,6849,True,,0.21,0.01,2.44,0.21,,
0.05,0.06,,,,,,,0.88,2021,3,6853,True,,3.74,0.24,46.04,3.74,,
,,,,,,,,,2021,3,7049,True,,0.77,0.05,8.03,0.77,,
,,,,,,,,,2021,3,7562,True,,1.41,0.09,18.63,1.41,,
0.1,,,,,,,,,2021,3,7587,True,,2.41,0.22,32.9,2.41,,
,,,,,,,,,2021,3,7670,True,,1.14,0.05,14.3,1.14,,
,,,,,,,,,2021,3,7703,True,,0.18,0.02,2.39,,,0.18
,,,,,,,,,2021,3,7793,True,,0.19,0.02,2.37,0.19,,
0.08,0.08,,,,,,,,2021,3,1067,True,,5.39,0.44,69.3,5.39,0.08,
0.11,0.06,,,,,,,,2021,3,1426,True,,6.59,0.63,81.21,6.59,0.11,
0.07,,,,,,,,0.32,2021,3,2673,True,,0.95,0.06,11.35,0.95,,
,,,,,,,,,2021,3,3297,True,,0.81,0.04,9.31,0.81,,
,,,,,,,,,2021,3,3582,True,,4.02,0.1,37.97,4.02,,
,,,,,,,,,2021,3,3652,True,,1.53,0.12,16.21,1.53,,
0.13,0.07,,,,,,,,2021,3,4981,True,,6.8,0.53,92.33,6.8,0.06,
0.07,,,,,,,,,2021,3,5013,True,,2.64,0.26,35.73,2.64,,
,,,,,,,,,2021,3,5102,True,,0.24,0.02,2.92,0.24,,
0.06,,,,,,,,,2021,3,5130,True,,2.07,0.18,23.34,2.07,,
,,,,,,,,,2021,3,5199,True,,1.78,0.09,18.87,1.78,,
0.07,0.07,,,,,,,,2021,3,5848,True,,4.56,0.51,68.6,4.56,,
0.05,0.05,,,,,,0.01,2.9,2021,3,5917,True,,4.2,0.34,51.76,4.2,,
0.07,0.07,,,,,,,,2021,3,5955,True,,4.49,0.21,52.22,4.49,,
,,,,,,,,,2021,3,7210,True,,0.39,,3.7,0.39,,
0.02,,,,,,,,2.76,2021,3,7606,True,,1.34,0.13,17.34,1.34,,
0.07,,,,,,,,,2021,3,830,True,,4.07,0.32,49.58,4.07,,
,,,,,,,,,2021,3,147,True,,1.04,0.03,15.54,1.04,,
0.21,,,,,,,,,2021,3,1817,True,,4.91,0.31,54.25,4.91,,
0.06,0.06,,,,,,,,2021,3,2319,True,,3.79,0.33,48.68,3.79,,
0.12,0.06,,,,,,,,2021,3,2449,True,,7.72,0.62,84.47,7.72,0.06,
,,,,,,,,,2021,3,2822,True,,3.29,0.14,35.46,3.29,,
0.14,0.07,,,,,,,2.51,2021,3,3225,True,,6.3,0.41,64.07,6.3,,
0.01,,,,,,,,0.34,2021,3,3342,True,,0.62,0.01,7.08,0.62,,
,,,,,,,,,2021,3,3634,True,,2.62,0.13,27.23,2.62,,
0.07,0.08,,,,,,,,2021,3,4068,True,,5.68,0.46,72.05,5.68,0.07,
0.08,,,,,,,,,2021,3,4454,True,,2.19,0.08,26.35,2.19,,
0.11,0.05,,,,,,,,2021,3,4951,True,,4.4,0.36,60.91,4.4,,
,,,,,,,,,2021,3,5121,True,,4.27,0.25,48.86,4.27,,
0.02,,,,,,,,,2021,3,5185,True,,0.85,0.09,11.09,0.85,,
0.11,0.05,,,,,,,,2021,3,5859,True,,5.26,0.57,76.87,5.26,0.05,
0.04,,,,,,,,,2021,3,5880,True,,2.58,0.18,29.88,2.58,,
,0.01,,,,,,0.01,2.3,2021,3,627,True,,1.3,0.05,13.0,1.3,,
,,,,,,,,,2021,3,6557,True,,0.61,0.02,5.8,0.61,,
0.07,0.07,,,,,,0.07,8.84,2021,3,6814,True,,4.52,0.34,51.78,4.52,,
,,,,,,,,,2021,3,6989,True,,3.56,0.31,41.92,3.56,,
,0.02,,,,,,0.02,7.34,2021,3,7135,True,,2.63,0.32,30.97,2.63,,
0.05,,,,,,,0.06,7.54,2021,3,7601,True,,3.89,0.31,49.4,3.89,,
0.12,0.07,,,,,,,,2021,3,947,True,,5.54,0.42,81.92,5.54,,
,,,,,,,,,2021,3,1071,True,,1.04,0.06,11.47,1.04,,
0.11,0.06,,,,,,0.06,7.81,2021,3,1352,True,,6.38,0.37,70.39,6.38,,
0.14,0.07,,,,,,,,2021,3,1479,True,,7.28,0.48,82.83,7.28,,
0.13,0.06,,,,,,,,2021,3,1689,True,,5.86,0.58,77.37,5.86,0.06,
0.13,0.07,,,,,,,,2021,3,2133,True,,6.82,0.86,81.97,6.82,0.13,
0.13,0.07,,,,,,,,2021,3,2216,True,,5.33,0.62,75.13,5.33,0.13,
,,,,,,,,,2021,3,2750,True,,0.06,,0.51,0.06,,
0.07,0.07,,,,,,,2.79,2021,3,3200,True,,5.58,0.34,61.53,5.58,,
0.13,0.06,,,,,,,,2021,3,4037,True,,5.99,0.52,72.8,5.99,0.06,
,,,,,,,,,2021,3,4146,True,,0.66,0.04,7.94,0.66,,
0.03,,,,,,,,0.22,2021,3,4171,True,,1.66,0.07,20.63,1.66,,
0.21,,,,,,,,,2021,3,4319,True,,3.94,0.3,51.85,3.94,,
0.05,0.05,,,,,,,0.63,2021,3,4950,True,,3.41,0.34,41.92,3.41,,
,,,,,,,,,2021,3,5938,True,,1.01,0.05,9.38,1.01,,
0.07,0.07,,,,,,,1.36,2021,3,5947,True,,5.38,0.2,72.11,5.38,,
,,,,,,,,,2021,3,6239,True,,0.14,0.02,1.71,0.14,,
0.05,0.01,,,,,,,,2021,3,6271,True,,3.01,0.24,38.27,3.01,,
,,,,,,,,,2021,3,6387,True,,0.06,,0.69,0.06,,
,,,,,,,,,2021,3,6395,True,,2.5,0.1,30.29,2.5,,
0.04,,,,,,,,,2021,3,6421,True,,1.77,0.15,27.05,1.77,,
0.08,0.04,,,,,,0.09,4.59,2021,3,6803,True,,3.7,0.27,46.79,3.7,0.04,
0.11,,,,,,,,,2021,3,6870,True,,3.6,0.33,41.0,3.6,,
0.07,0.07,,,,,,0.03,2.18,2021,3,6886,True,,5.04,0.53,67.68,5.04,,
0.08,,,,,,,,,2021,3,6895,True,,4.01,0.34,53.24,4.01,,
0.04,0.04,,,,,,,,2021,3,6943,True,,3.18,0.25,43.25,3.18,,
,,,,,,,,,2021,3,6957,True,,0.46,0.02,4.64,0.46,,
0.07,0.07,,,,,,,2.04,2021,3,7090,True,,4.31,0.34,48.55,4.31,,
,,,,,,,,,2021,3,7496,True,,0.7,0.08,8.46,0.7,,
0.06,,,,,,,,,2021,3,7596,True,,3.83,0.3,50.33,3.83,,
0.03,,,,,,,,,2021,3,928,True,,1.9,0.12,21.47,1.9,,
,,,,,,,,,2021,3,4234,True,,0.07,0.0,0.82,0.07,,
0.01,,,,,,,,,2021,3,6744,True,,0.31,0.01,3.68,0.31,,
,,,,,,,,,2021,3,6927,True,,2.62,0.13,32.46,2.62,,
0.13,0.06,,,,,,,,2021,3,6786,True,,6.77,0.49,89.2,6.77,0.13,
0.07,0.07,,,,,,,,2021,3,7525,True,,4.98,0.47,68.41,4.98,,
0.13,0.06,,,,,,,1.49,2021,3,2309,True,,6.52,0.49,84.06,6.52,0.06,
,,,,,,,,,2021,3,7812,True,,0.93,0.07,10.26,0.93,,
,,,,,,,,,2021,3,5113,True,,3.67,0.17,43.2,3.67,,
0.06,0.06,,,,,,,1.93,2021,3,6798,True,,3.64,0.22,48.84,3.64,,
,,,,,,,,,2021,3,4995,True,,1.49,0.07,11.16,,,1.49
,,,,,,,,,2021,3,7568,True,,0.46,0.03,4.97,,,0.46
,,,,,,,,,2021,3,4443,True,,1.98,0.13,19.76,,,1.98
,,,,,,,,,2021,3,5032,True,,2.65,0.08,31.28,,,2.65
,,,,,,,,,2021,3,7694,True,,0.36,0.02,4.69,,,0.36
,,,,,,,,,2021,3,2463,True,,0.37,0.03,3.02,,,0.37
0.06,0.06,,,,,,,,2021,3,2505,True,,6.66,0.46,76.09,,0.06,6.66
,,,,,,,,,2021,3,4033,True,,2.83,0.29,33.04,,,2.83
0.06,,,,,,,,,2021,3,4144,True,,3.08,0.33,34.77,,,3.08
,,,,,,,,,2021,3,4314,True,,0.23,,1.77,,,0.23
0.02,0.01,,0.04,0.13,14.59,,0.12,9.01,2021,3,4381,True,,,,,,,
,,,,,,,,,2021,3,4421,True,,0.14,0.01,1.03,,,0.14
,,,,,,,,,2021,3,6181,True,,0.31,,3.21,,,0.31
,,,,,,,,,2021,3,6843,True,,2.34,0.06,26.21,,,2.34
,,,,,,,,,2021,3,6869,True,,2.05,0.16,20.92,,,2.05
,,,,,,,,,2021,3,7427,True,,0.22,,2.11,,,0.22
,,,,,,,,,2021,3,7535,True,,0.06,,0.71,,,0.06
,,,,,,,,,2021,3,1718,True,,0.59,,6.8,,,0.59
,,,,,,,,,2021,3,2214,True,,0.78,0.04,8.1,,,0.78
,,,,,,,,,2021,3,2422,True,,0.77,0.04,4.19,,,0.77
,,,,,,,,,2021,3,2446,True,,2.13,0.33,19.55,,,2.13
,,,,,,,,,2021,3,3496,True,,1.25,,12.55,,,1.25
0.02,,,,,,,,,2021,3,4055,True,,1.07,0.08,12.4,,,1.07
0.04,,,,,,,,,2021,3,4973,True,,2.14,0.22,21.61,,,2.14
,,,,,,,,,2021,3,5008,True,,1.14,0.06,10.75,,,1.14
0.04,,,,,,,,,2021,3,5009,True,,1.2,0.08,12.37,,,1.2
,,,,,,,,,2021,3,6137,True,,0.46,0.02,5.28,,,0.46
,,,,,,,,,2021,3,6850,True,,1.83,0.14,18.9,,,1.83
,,,,,,,,,2021,3,6956,True,,0.27,0.02,2.99,,,0.27
,,,,,,,,,2021,3,7554,True,,0.14,0.01,1.71,,,0.14
,,,,,,,,,2021,3,943,True,,2.31,0.19,27.28,,,2.31
,,,,,,,,,2021,3,111,True,,0.66,0.04,6.24,,,0.66
,,,,,,,,,2021,3,1619,True,,1.37,0.08,12.12,,,1.37
0.07,,,,,,,,,2021,3,1706,True,,3.24,0.21,34.06,,,3.24
,,,,,,,,,2021,3,3048,True,,0.62,0.06,6.29,,,0.62
0.06,0.06,,,,,,,,2021,3,3202,True,,3.41,0.32,34.72,,,3.41
0.06,0.06,,,,,,,,2021,3,367,True,,3.87,0.37,37.66,,,3.87
,,,,,,,,,2021,3,4085,True,,0.12,0.02,1.23,,,0.12
0.06,,,,,,,,,2021,3,4089,True,,3.94,0.29,40.86,,,3.94
0.06,0.06,,,,,,,,2021,3,4602,True,,3.48,0.4,36.5,,0.06,3.48
,,,,,,,,,2021,3,4741,True,,2.68,0.2,30.82,,,2.68
0.07,0.07,,,,,,,,2021,3,5844,True,,5.83,0.43,64.54,,0.07,5.83
0.06,,,,,,,,,2021,3,5906,True,,3.01,0.26,33.21,,,3.01
,,,,,,,,,2021,3,6074,True,,1.45,0.09,16.98,,,1.45
,,,,,,,,,2021,3,6146,True,,1.11,0.05,9.36,,,1.11
,,,,,,,,0.73,2021,3,7050,True,,0.89,0.05,10.96,,,0.89
0.06,,,,,,,,,2021,3,7553,True,,4.83,0.35,53.2,,,4.83
,,,,,,,,,2021,3,7716,True,,0.14,,1.31,,,0.14
0.06,0.06,,,,,,,,2021,3,1339,True,,3.43,0.23,34.73,,,3.43
0.07,,,,,,,,,2021,3,1466,True,,6.7,0.73,83.8,,0.14,6.7
0.05,,,,,,,,,2021,3,2118,True,,2.77,0.21,27.7,,,2.77
0.06,0.07,,,,,,,,2021,3,2251,True,,4.86,0.36,50.93,,,4.86
,,,,,,,,,2021,3,2545,True,,1.53,0.26,13.68,,,1.53
0.06,,,,,,,,,2021,3,3271,True,,4.04,0.35,43.69,,,4.04
,,,,,,,,,2021,3,3695,True,,0.14,,1.19,,,0.14
,,,,,,,,,2021,3,4323,True,,0.2,0.03,1.94,,,0.2
,,,,,,,,,2021,3,4362,True,,0.32,,3.38,,,0.32
0.06,,,,,,,,,2021,3,5012,True,,4.5,0.52,52.58,,0.12,4.5
0.06,,,,,,,,,2021,3,515,True,,3.97,0.49,48.39,,0.06,3.97
,,,,,,,,,2021,3,5973,True,,0.99,0.06,10.88,,,0.99
0.06,,,,,,,,,2021,3,6826,True,,3.28,0.25,33.79,,,3.28
,,,,,,,,,2021,3,7600,True,,2.99,0.25,38.72,,,2.99
,,,,,,,,,2021,3,1425,True,,1.46,0.12,14.56,,,1.46
,,,,,,,,,2021,3,2360,True,,2.35,0.26,21.67,,,2.35
,,,,,,,,,2021,3,2390,True,,2.23,0.24,21.11,,,2.23
,,,,,,,,,2021,3,2460,True,,2.82,0.21,31.33,,,2.82
,,,,,,,,,2021,3,4054,True,,1.34,0.08,17.25,,,1.34
0.08,0.08,,,,,,,,2021,3,4066,True,,4.71,0.26,49.23,,,4.71
,,,,,,,,,2021,3,4189,True,,1.0,0.07,9.94,,,1.0
0.06,,,,,,,,,2021,3,4993,True,,3.25,0.26,40.09,,,3.25
0.06,0.06,,,,,,,,2021,3,5857,True,,4.5,0.39,51.56,,0.06,4.5
,,,,,,,,,2021,3,5985,True,,1.02,0.15,13.67,,,1.02
,,,,,,,,,2021,3,6001,True,,0.68,,6.19,,,0.68
,,,,,,,,,2021,3,6665,True,,0.25,0.01,2.99,,,0.25
,,,,,,,,,2021,3,7002,True,,2.55,0.28,27.57,,,2.55
,,,,,,,,,2021,3,7288,True,,0.34,,2.88,,,0.34
,,,,,,,,,2021,3,7308,True,,0.07,,0.72,,,0.07
,,,,,,,,,2021,3,7602,True,,0.45,0.03,4.77,,,0.45
,,,,,,,,,2021,3,7842,True,,1.31,0.1,12.01,,,1.31
0.05,,,,,,,,,2021,3,3214,True,,3.24,0.26,36.77,,0.05,3.24
0.05,,,,,,,,,2021,3,4217,True,,4.84,0.5,65.19,,0.05,4.84
,,,,,,,,,2021,3,4531,True,,0.57,0.03,6.26,,,0.57
,,,,,,,,,2021,3,5010,True,,2.22,0.09,21.87,,,2.22
,,,,,,,,,2021,3,5133,True,,3.15,0.22,34.88,,,3.15
,,,,,,,,,2021,3,5285,True,,0.77,0.06,9.06,,,0.77
0.04,0.04,,,,,,,,2021,3,616,True,,1.36,0.2,13.22,,,1.36
,,,,,,,,,2021,3,6926,True,,0.22,0.02,1.96,,,0.22
,,,,,,,,,2021,3,7075,True,,0.32,,3.26,,,0.32
,,,,,,,,,2021,3,7828,True,,0.4,,3.79,,,0.4
0.04,,,,,,,,,2021,3,4571,True,,2.78,0.2,28.73,,,2.78
,,,,,,,,,2021,3,5001,True,,2.89,0.14,31.78,,,2.89
,,,,,,,,,2021,3,7946,True,,0.23,0.02,1.72,,,0.23
,,,,,,,,,2021,3,5863,True,,0.14,0.01,1.56,0.14,,
0.06,0.05,,,,,,,,2021,3,5022,True,,3.22,0.28,37.43,,,3.22
,,,,,,,,,2021,3,4221,True,,0.08,,0.77,,,0.08
0.58,0.29,,0.64,1.96,253.55,,0.09,10.28,2021,4,7523,True,,,,,,,
0.55,0.13,0.07,0.64,2.11,271.46,,0.13,10.25,2021,4,6770,True,,,,,,,
0.32,0.19,0.13,0.77,2.07,276.44,0.06,0.12,29.17,2021,4,1234,True,,,,,,,
0.42,0.24,0.08,0.9,1.98,283.99,,0.11,4.22,2021,4,1837,True,,,,,,,
0.46,0.26,,1.01,1.6,240.81,,0.22,16.63,2021,4,2306,True,,,,,,,
0.39,0.18,0.06,0.73,1.76,280.5,,0.04,3.57,2021,4,24,True,,,,,,,
0.59,0.24,0.06,0.81,1.73,247.0,0.13,0.45,47.71,2021,4,5849,True,,,,,,,
0.3,0.18,0.06,0.6,1.56,258.79,,0.29,18.66,2021,4,1049,True,,,,,,,
0.41,0.23,0.12,0.59,2.32,285.37,0.06,0.26,22.03,2021,4,3294,True,,,,,,,
0.68,0.27,0.07,1.02,1.88,294.22,,0.08,18.79,2021,4,4943,True,,,,,,,
0.81,0.37,,0.68,1.57,254.7,,0.23,13.96,2021,4,7538,True,,,,,,,
0.37,0.23,0.07,0.92,1.55,252.24,,0.3,7.08,2021,4,3163,True,,,,,,,
0.31,0.18,0.06,0.78,2.18,350.96,,0.08,8.32,2021,4,421,True,,,,,,,
0.38,0.19,0.07,0.59,1.55,246.32,0.06,0.34,44.45,2021,4,6904,True,,,,,,,
0.56,0.28,,0.74,1.67,266.08,,0.04,4.4,2021,4,7527,True,,,,,,,
0.5,0.3,,0.75,1.56,200.8,,0.2,24.2,2021,4,7591,True,,,,,,,
0.01,0.01,,0.05,0.08,14.86,,0.11,9.12,2021,4,7610,True,,,,,,,
0.3,0.18,0.12,0.42,2.13,287.01,,0.19,12.08,2021,4,96,True,,,,,,,
0.33,0.17,0.11,0.4,2.49,315.07,0.06,0.18,18.34,2021,4,4046,True,,,,,,,
0.55,0.29,0.06,0.57,1.63,193.5,0.07,0.39,67.01,2021,4,4881,True,,,,,,,
0.29,0.17,0.06,0.69,1.91,264.27,,0.07,8.23,2021,4,4892,True,,,,,,,
0.71,0.38,0.07,0.92,1.41,226.72,0.05,0.16,27.45,2021,4,5870,True,,,,,,,
,0.62,,1.07,1.13,187.47,,0.08,10.2,2021,4,7585,True,,,,,,,
0.49,0.24,0.12,0.84,2.1,290.73,,0.07,9.4,2021,4,1166,True,,,,,,,
0.14,,,0.33,1.81,234.19,,0.11,10.77,2021,4,2711,True,,,,,,,
0.74,0.44,0.08,1.35,1.77,265.64,,0.19,14.32,2021,4,3161,True,,,,,,,
0.5,0.28,0.11,0.72,2.3,293.88,0.08,0.41,34.25,2021,4,4984,True,,,,,,,
0.6,0.25,0.26,1.04,1.77,265.84,,0.2,14.17,2021,4,2152,True,,,,,,,
,,0.66,0.84,1.93,184.74,,0.49,5.87,2021,4,3257,True,,,,,,,
0.54,0.31,0.08,0.85,2.0,311.44,,0.06,6.97,2021,4,2028,True,,,,,,,
0.47,0.17,0.12,0.76,2.13,297.24,,0.18,23.54,2021,4,6797,True,,,,,,,
,,,,,,,0.06,10.38,2021,4,4147,True,0.33,0.33,,1.7,,,
0.06,,,,,,,0.11,22.93,2021,4,2257,True,1.14,1.14,0.05,8.56,,,
0.1,0.05,,,,,,0.37,56.32,2021,4,6955,True,2.48,2.48,0.1,17.75,,,
,,,,,,,0.02,3.82,2021,4,7794,True,0.72,0.72,0.03,5.93,,,
0.12,0.06,,,,,,0.6,84.26,2021,4,4018,True,2.76,2.76,0.1,21.9,,,
,,,,,,,0.01,1.46,2021,4,4718,True,0.29,0.29,,1.75,,,
,,,,,,,0.15,25.65,2021,4,1535,True,2.88,2.88,0.18,22.53,,,
,,,,,,,,4.27,2021,4,2359,True,0.55,0.55,,3.47,,,
,,,,,,,,0.17,2021,4,2471,True,,0.18,,1.72,,,
0.02,,,,,,,0.02,7.9,2021,4,3209,True,0.27,0.27,0.01,2.09,,,
0.22,0.07,,,,,0.06,0.48,62.06,2021,4,4866,True,3.84,3.84,0.16,35.7,,,
,,,,,,,0.05,3.78,2021,4,6012,True,0.75,0.75,,3.31,,,
0.11,0.05,,,,,,0.46,44.91,2021,4,6845,True,1.68,1.68,0.06,14.16,,,
0.13,0.06,,,,,,0.54,65.68,2021,4,7528,True,4.22,4.22,0.15,30.23,,,
0.01,,,,,,,0.01,2.6,2021,4,2161,True,0.77,0.77,0.02,6.29,,,
0.07,,,,,,,0.34,52.06,2021,4,2431,True,2.82,2.82,0.06,23.23,,,
,,,,,,,,0.45,2021,4,3391,True,,,,,,,
,,,,,,,,,2021,4,3832,True,,0.17,0.02,1.44,,,
0.13,0.07,,,,,0.08,0.69,70.69,2021,4,4035,True,5.43,5.43,0.19,47.41,,0.06,
0.05,0.05,,,,,,0.25,34.18,2021,4,4137,True,0.75,0.75,0.02,5.54,,,
0.13,0.07,,,,,0.07,0.74,72.07,2021,4,4199,True,3.93,3.93,0.16,35.08,,,
0.14,0.07,,,,,,0.54,67.46,2021,4,4273,True,2.21,2.21,0.11,17.54,,,
,,,,,,,0.01,0.96,2021,4,4651,True,,,,,,,
0.07,,,,,,,0.27,33.25,2021,4,5967,True,2.04,2.04,0.06,13.2,,,
0.07,,,,,,,0.24,36.09,2021,4,5987,True,1.65,1.65,0.06,10.61,,,
,,,,,,,,,2021,4,6323,True,,0.08,,0.73,,,0.08
,,,,,,,,,2021,4,6379,True,0.33,0.33,,2.67,,,
0.13,0.07,,,,,0.05,0.44,48.38,2021,4,6790,True,5.01,5.01,0.21,43.01,,,
0.03,,,,,,,0.03,8.32,2021,4,6918,True,2.19,2.19,0.08,13.46,,,
0.08,,,,,,,0.21,31.48,2021,4,7607,True,1.74,1.74,0.07,14.27,,,
,,,,,,,,,2021,4,7608,True,0.58,0.58,,4.66,,,
,,,,,,,0.03,3.96,2021,4,7611,True,1.14,1.14,,6.25,,,
,,,,,,,0.01,2.53,2021,4,7771,True,0.23,0.23,,1.99,,,
,0.01,,,,,,0.04,12.1,2021,4,1379,True,,2.9,0.12,28.9,,,
,0.02,,,,,,0.14,15.6,2021,4,2168,True,0.65,0.65,0.02,4.48,,,
0.13,0.06,,,,,,0.3,54.53,2021,4,2320,True,2.22,2.22,0.08,12.17,,,
0.1,0.05,,,,,,0.12,12.27,2021,4,2391,True,1.31,1.31,0.07,11.52,,,
0.19,0.06,,,,,0.06,0.94,95.91,2021,4,3198,True,2.17,2.17,0.13,15.3,,,
,,,,,,,0.07,0.35,2021,4,3332,True,,0.25,,1.59,,,
0.09,,,,,,,0.09,14.8,2021,4,3664,True,4.12,4.12,0.09,26.4,,,
0.07,0.07,,,,,,0.42,45.96,2021,4,3969,True,4.07,4.07,0.11,26.51,,,
0.11,0.05,,,,,0.06,0.7,82.98,2021,4,4988,True,1.38,1.38,0.05,12.02,,,
,,,,,,,0.2,28.0,2021,4,5046,True,1.56,1.56,0.04,12.0,,,
0.04,0.04,,,,,,0.07,19.27,2021,4,5170,True,0.54,0.54,,3.99,,,
0.11,0.06,,,,,0.06,0.59,69.21,2021,4,5892,True,2.48,2.48,0.06,21.26,,,
0.12,0.06,,,,,,0.43,66.43,2021,4,6151,True,2.58,2.58,0.06,21.93,,,
,,,,,,,0.01,0.88,2021,4,6694,True,0.07,0.07,,0.31,,,
0.16,0.05,,,,,0.05,0.69,69.56,2021,4,6813,True,2.14,2.14,0.09,19.07,,,
,,,,,,,0.03,3.73,2021,4,7529,True,0.29,0.29,,2.51,,0.19,
,,,,,,,,3.13,2021,4,1034,True,1.47,1.47,0.06,8.0,,,
0.1,0.05,,,,,0.05,0.62,71.52,2021,4,3164,True,3.0,3.0,0.07,25.64,,,
,,,,,,,,2.09,2021,4,3803,True,,,,,,,
0.07,0.03,,,,,,0.15,27.35,2021,4,5052,True,0.8,0.8,0.04,5.5,,,
0.1,0.1,,,,,,0.13,14.06,2021,4,5347,True,4.71,4.71,0.25,35.73,,,
,,,,,,,,,2021,4,5565,True,,0.24,,1.9,,,
0.2,0.13,,,,,,0.57,69.49,2021,4,5916,True,2.84,2.84,0.06,21.79,,,
0.06,,,,,,,0.12,28.42,2021,4,6039,True,1.36,1.36,0.04,8.27,,,
0.07,0.07,,,,,,0.26,50.51,2021,4,6130,True,3.1,3.1,0.07,22.02,,,
,,,,,,,0.01,0.99,2021,4,6156,True,0.06,0.06,,0.26,,,
0.04,0.04,,,,,,0.31,44.43,2021,4,6828,True,0.88,0.88,,4.87,,,
,,,,,,,,,2021,4,6885,True,0.79,0.79,0.05,6.93,,,
0.12,0.05,,,,,0.06,0.61,67.19,2021,4,6945,True,2.53,2.53,0.05,22.21,,,
,,,,,,,,1.25,2021,4,7087,True,,,,,,,
0.03,0.03,,,,,,0.08,9.4,2021,4,7572,True,0.88,0.88,0.05,7.3,,,
,0.04,,,,,,0.29,57.2,2021,4,7593,True,2.84,2.84,0.06,20.0,,,
0.09,0.08,,,,,,0.31,42.14,2021,4,1476,True,0.93,0.93,0.05,5.93,,,
0.07,,,,,,,0.08,18.21,2021,4,1833,True,1.82,1.82,0.05,13.77,,,
0.06,,,,,,,0.13,23.6,2021,4,2588,True,0.38,0.38,0.02,3.13,,,
0.12,0.06,,,,,,0.34,45.79,2021,4,4098,True,2.85,2.85,0.19,24.12,,,
0.04,0.04,,,,,,0.13,35.03,2021,4,4962,True,0.83,0.83,,5.48,,,
0.0,,,,,,,0.01,0.96,2021,4,4994,True,0.07,0.07,,0.45,,,
,,,,,,,,1.41,2021,4,5220,True,,,,,,,
0.13,0.06,,,,,,0.35,44.24,2021,4,5980,True,3.32,3.32,0.08,26.93,,,
,,,,,,,,3.76,2021,4,6334,True,,,,,,,
,,,,,,,0.01,2.13,2021,4,6931,True,0.47,0.47,0.02,4.3,,,
,,,,,,,0.16,9.2,2021,4,7537,True,0.4,0.4,0.01,3.0,,,
0.06,0.06,,,,,,0.15,19.19,2021,4,7567,True,2.45,2.45,0.09,19.8,,,
,,,,,,,0.31,46.75,2021,4,7588,True,1.48,1.48,0.05,12.32,,,
,,,,,,,,1.6,2021,4,7609,True,0.34,0.34,0.01,3.3,,,
,,,,,,,,,2021,4,1387,True,0.5,0.5,0.02,3.89,,,
,,,,,,,,2.01,2021,4,2073,True,,0.5,,2.81,,,
,,,,,,,0.13,21.08,2021,4,2378,True,0.73,0.73,0.03,5.42,,,
,,,,,,,,,2021,4,2399,True,,0.86,0.03,8.88,0.86,,
,,,,,,,0.03,3.99,2021,4,3327,True,,,,,,,
0.11,0.06,,,,,0.12,0.71,80.82,2021,4,4029,True,3.09,3.09,0.11,26.32,,,
0.07,,,,,,,0.16,28.4,2021,4,4149,True,2.97,2.97,0.08,24.95,,,
0.06,,,,,,,0.21,35.94,2021,4,5000,True,3.79,3.79,0.18,32.43,,,
0.02,,,,,,,0.01,3.6,2021,4,5122,True,0.57,0.57,0.02,4.39,,,
,,,,,,,0.01,2.52,2021,4,5123,True,0.69,0.69,,5.13,,,
0.02,,,,,,,0.04,9.83,2021,4,5549,True,1.27,1.27,0.05,7.27,,,
0.05,0.06,,,,,,0.48,59.87,2021,4,5890,True,0.82,0.82,,6.3,,,
0.1,0.05,,,,,,0.39,63.91,2021,4,6820,True,2.73,2.73,0.13,22.54,,,
,,,,,,,0.02,2.59,2021,4,6973,True,1.3,1.3,0.12,13.55,,,
,,,,,,,0.12,20.48,2021,4,6984,True,1.13,1.13,,5.8,,,
,,,,,,,0.09,0.43,2021,4,7204,True,,0.31,,2.94,,,
,,,,,,,0.02,4.84,2021,4,7561,True,,,,,,,
0.12,0.15,,,,,,0.36,58.48,2021,4,7594,True,4.21,4.21,0.12,32.01,,,
,,,,,,,0.32,36.94,2021,4,956,True,0.57,0.57,,2.54,,,
0.13,0.07,,,,,,0.22,26.52,2021,4,3242,True,3.67,3.67,0.19,26.28,,,
,,,,,,,0.1,25.9,2021,4,3594,True,,,,,,,
0.03,,,,,,,0.04,10.19,2021,4,5131,True,0.46,0.46,,3.03,,,
0.14,0.07,,,,,,0.37,58.78,2021,4,4663,True,5.84,5.84,0.19,49.51,,0.06,
0.08,0.04,,,,,0.04,0.45,47.18,2021,4,5850,True,0.79,0.79,0.03,6.63,,,
,,,,,,,,0.25,2021,4,6109,True,,0.87,,7.37,,,
,,,,,,,0.08,14.93,2021,4,7574,True,0.84,0.84,0.03,7.07,,0.36,
,,,,,,,,1.11,2021,4,7318,True,,0.43,0.06,3.4,,,
0.11,0.05,,,,,,,,2021,4,4951,True,,4.23,0.49,64.06,4.23,,
,,,,,,,,,2021,4,4198,True,,0.19,0.01,2.19,0.19,,
0.06,0.06,,,,,,,,2021,4,7564,True,,5.54,0.54,76.62,5.54,,
0.07,0.08,,,,,,,,2021,4,1067,True,,5.23,0.52,67.24,5.23,0.07,
0.13,0.06,,,,,,,2.62,2021,4,3225,True,,6.57,0.35,70.54,6.57,,
,,,,,,,,,2021,4,3652,True,,1.22,0.09,12.82,1.22,,
,,,,,,,,,2021,4,6069,True,,0.17,,1.09,0.17,,
0.04,,,,,,,,,2021,4,5130,True,,1.57,0.09,17.76,1.57,,
,,,,,,,,,2021,4,6598,True,,0.47,,3.2,0.47,,
0.05,0.06,,,,,,0.05,7.03,2021,4,6814,True,,3.6,0.36,44.78,3.6,,
0.08,0.08,,,,,,,,2021,4,1144,True,,6.8,0.42,65.11,6.8,,
0.11,0.06,,,,,,,,2021,4,1426,True,,6.23,0.51,76.81,6.23,0.11,
,,,,,,,,,2021,4,2750,True,,0.07,,0.61,0.07,,
0.06,0.06,,,,,,,,2021,4,3157,True,,3.65,0.37,57.61,3.65,,
0.02,,,,,,,,,2021,4,3328,True,,1.2,0.07,15.62,1.2,,
,,,,,,,,,2021,4,4038,True,,0.86,0.05,12.44,0.86,,
0.14,0.07,,,,,,,3.21,2021,4,4039,True,,7.15,0.81,87.86,7.15,,
0.13,0.07,,,,,,,,2021,4,4040,True,,5.29,0.48,60.04,5.29,0.07,
0.22,,,,,,,,,2021,4,4319,True,,3.84,0.37,50.36,3.84,,
,,,,,,,,,2021,4,5241,True,,0.89,0.05,9.87,0.89,,
,,,,,,,,,2021,4,6387,True,,0.08,,0.83,0.08,,
0.06,0.06,,,,,,,2.04,2021,4,6798,True,,3.86,0.23,51.72,3.86,,
,,,,,,,,,2021,4,6957,True,,0.42,0.02,4.22,0.42,,
,,,,,,,,,2021,4,7066,True,,3.57,0.26,43.76,3.57,,
,,,,,,,,,2021,4,7562,True,,0.45,0.03,5.93,0.45,,
,,,,,,,,,2021,4,7713,True,,0.38,0.04,5.26,0.38,,
0.03,,,,,,,,,2021,4,928,True,,2.4,0.16,27.03,2.4,,
,,,,,,,,,2021,4,1071,True,,2.4,0.14,26.65,2.4,,
0.1,0.05,,,,,,0.06,7.24,2021,4,1352,True,,5.91,0.35,65.21,5.91,,
0.13,0.07,,,,,,,,2021,4,1689,True,,5.92,0.59,74.21,5.92,0.06,
0.13,0.06,,,,,,,1.51,2021,4,2309,True,,6.53,0.48,84.33,6.53,0.06,
0.12,0.06,,,,,,,,2021,4,2374,True,,5.89,0.47,68.47,5.89,,
0.06,,,,,,,,,2021,4,2381,True,,1.31,0.04,15.43,1.31,,
,,,,,,,,,2021,4,4146,True,,0.64,0.03,7.68,0.64,,
0.07,,,,,,,,,2021,4,5013,True,,2.65,0.25,35.57,2.65,,
0.14,0.07,,,,,,,,2021,4,5045,True,,5.48,0.47,72.99,5.48,0.07,
,,,,,,,,,2021,4,5113,True,,2.53,0.23,29.89,2.53,,
,,,,,,,,,2021,4,5773,True,,0.19,0.02,1.93,0.19,,
0.15,0.06,,,,,,0.12,7.85,2021,4,5872,True,,4.9,0.43,62.7,4.9,0.07,
0.06,,,,,,,,,2021,4,5880,True,,3.77,0.24,46.92,3.77,,
0.12,0.06,,,,,,,0.76,2021,4,6794,True,,5.98,0.6,80.73,5.98,0.12,
0.02,,,,,,,,,2021,4,6824,True,,1.31,0.11,17.26,1.31,,
0.02,0.02,,,,,,,,2021,4,6849,True,,0.9,0.08,10.32,0.9,,
,,,,,,,,,2021,4,7049,True,,0.74,0.05,7.14,0.74,,
,,,,,,,,5.0,2021,4,7135,True,,1.85,0.23,21.69,1.85,,
0.06,0.06,,,,,,,,2021,4,7525,True,,4.96,0.46,67.99,4.96,,
0.04,,,,,,,,,2021,4,7547,True,,2.37,0.12,30.49,2.37,,
0.06,0.06,,,,,,,,2021,4,7565,True,,3.27,0.29,46.06,3.27,,
0.04,,,,,,,,,2021,4,7587,True,,1.24,0.11,16.85,1.24,,
0.05,,,,,,,0.05,6.13,2021,4,7601,True,,3.16,0.25,38.97,3.16,,
,,,,,,,,,2021,4,7793,True,,0.63,0.07,7.93,0.63,,
0.07,,,,,,,,,2021,4,830,True,,3.64,0.29,44.34,3.64,,
,,,,,,,,,2021,4,1346,True,,2.24,0.13,32.92,2.24,,
0.21,,,,,,,,,2021,4,1817,True,,4.48,0.28,49.5,4.48,,
,,,,,,,,,2021,4,2025,True,,1.23,0.03,12.38,1.23,,
0.13,0.07,,,,,,,,2021,4,2133,True,,8.07,1.02,97.04,8.07,0.13,
0.11,0.06,,,,,,,,2021,4,2216,True,,5.14,0.61,72.14,5.14,0.11,
0.07,,,,,,,,0.39,2021,4,2673,True,,1.14,0.07,13.66,1.14,,
,,,,,,,,,2021,4,3286,True,,2.56,0.17,29.91,2.56,,
,,,,,,,,,2021,4,3433,True,,0.31,0.03,3.6,0.31,,
0.07,,,,,,,,,2021,4,4351,True,,3.87,0.4,60.78,3.87,,
0.06,0.06,,,,,,,0.71,2021,4,4950,True,,3.82,0.39,47.04,3.82,,
0.13,0.07,,,,,,,,2021,4,4981,True,,6.8,0.59,87.84,6.8,0.06,
0.08,,,,,,,,,2021,4,5024,True,,2.86,0.2,37.57,2.86,,
,,,,,,,,,2021,4,5154,True,,3.13,0.12,34.58,3.13,,
,,,,,,,,,2021,4,5199,True,,2.96,0.14,31.34,2.96,,
0.08,,,,,,,,0.74,2021,4,538,True,,4.57,0.41,60.49,4.57,,
0.02,0.01,,,,,,,0.29,2021,4,5432,True,,0.83,0.07,10.05,0.83,,
,,,,,,,,,2021,4,5828,True,,2.0,0.14,21.2,2.0,,
0.11,0.06,,,,,,,,2021,4,5846,True,,5.02,0.59,82.45,5.02,0.06,
,,,,,,,,,2021,4,5902,True,,1.11,0.04,12.36,1.11,,
,,,,,,,,,2021,4,5915,True,,0.46,0.02,5.61,0.46,,
0.13,0.07,,,,,,,3.58,2021,4,5937,True,,5.94,0.42,70.71,5.94,,
,,,,,,,,,2021,4,6165,True,,0.16,0.01,1.66,0.16,,
,,,,,,,,,2021,4,6427,True,,0.55,0.03,5.59,0.55,,
0.08,0.08,,,,,,,3.17,2021,4,6819,True,,5.52,0.4,68.82,5.52,0.08,
0.05,,,,,,,,3.77,2021,4,6847,True,,1.94,0.16,24.8,1.94,,
0.03,0.03,,,,,,,,2021,4,6943,True,,2.4,0.19,32.73,2.4,,
0.06,0.06,,,,,,,2.18,2021,4,7090,True,,4.6,0.31,51.81,4.6,,
0.1,0.05,,,,,,,,2021,4,1992,True,,5.17,0.38,72.39,5.17,0.05,
0.06,0.06,,,,,,,,2021,4,2078,True,,5.0,0.45,72.88,5.0,,
0.07,0.07,,,,,,,,2021,4,2319,True,,4.27,0.41,54.83,4.27,,
0.06,0.06,,,,,,,,2021,4,2325,True,,3.56,0.46,53.62,3.56,,
,,,,,,,,,2021,4,2822,True,,3.76,0.16,40.48,3.76,,
0.01,,,,,,,,0.34,2021,4,3342,True,,0.62,0.01,7.17,0.62,,
,,,,,,,,,2021,4,3582,True,,4.12,0.26,38.87,4.12,,
,,,,,,,,,2021,4,3634,True,,3.34,0.17,34.72,3.34,,
0.12,0.06,,,,,,,,2021,4,4037,True,,6.14,0.6,77.11,6.14,0.06,
0.07,0.06,,,,,,0.07,6.69,2021,4,4082,True,,3.31,0.27,40.0,3.31,,
,,,,,,,,,2021,4,4234,True,,0.35,0.02,4.1,0.35,,
,,,,,,,,,2021,4,4344,True,,1.5,0.08,13.04,1.5,,
,,,,,,,,,2021,4,5121,True,,2.49,0.2,28.61,2.49,,
,,,,,,,,,2021,4,5289,True,,2.67,0.13,20.07,2.67,,
,,,,,,,,,2021,4,5323,True,,0.44,0.03,5.29,0.44,,
0.06,0.06,,,,,,,,2021,4,5848,True,,3.99,0.44,56.99,3.99,,
0.05,0.05,,,,,,,,2021,4,5917,True,,3.79,0.33,54.88,3.79,,
0.08,0.07,,,,,,,1.37,2021,4,5947,True,,5.4,0.3,72.38,5.4,,
0.07,,,,,,,,,2021,4,6271,True,,4.01,0.21,48.55,4.01,,
0.01,,,,,,,,,2021,4,6744,True,,0.33,0.01,3.9,0.33,,
0.04,0.04,,,,,,,0.65,2021,4,6853,True,,2.78,0.22,34.33,2.78,,
0.07,,,,,,,,,2021,4,6895,True,,3.71,0.26,49.09,3.71,,
,,,,,,,,,2021,4,6927,True,,2.78,0.14,34.38,2.78,,
,,,,,,,,,2021,4,7210,True,,0.34,,3.24,0.34,,
0.07,0.07,,,,,,,,2021,4,7526,True,,5.4,0.39,63.82,5.4,,
,,,,,,,,,2021,4,7533,True,,1.57,0.13,25.34,1.57,,
0.03,,,,,,,,,2021,4,7595,True,,1.17,0.09,16.83,1.17,,
0.05,0.01,,,,,,0.01,4.88,2021,4,7606,True,,2.38,0.21,30.71,2.38,,
,,,,,,,,,2021,4,7703,True,,0.18,,2.48,,,0.18
,,,,,,,,,2021,4,7944,True,,0.83,0.04,9.43,0.83,,
0.16,0.08,,,,,,,,2021,4,2197,True,,5.01,0.35,74.5,5.01,,
0.09,0.08,,,,,,,0.73,2021,4,2410,True,,4.87,0.32,53.09,4.87,,
0.11,0.05,,,,,,,,2021,4,2449,True,,6.71,0.63,90.01,6.71,0.05,
,,,,,,,,,2021,4,2821,True,,0.18,0.01,2.17,0.18,,
0.12,0.06,,,,,,0.06,6.06,2021,4,3321,True,,5.98,0.69,93.42,5.98,0.06,
0.1,0.05,,,,,,,0.98,2021,4,3423,True,,3.79,0.35,51.54,3.79,,
0.08,0.08,,,,,,,,2021,4,4131,True,,4.97,0.55,68.11,4.97,0.08,
,,,,,,,,,2021,4,4491,True,,0.32,0.03,3.72,0.32,,
0.03,,,,,,,,0.16,2021,4,4622,True,,1.51,0.08,19.2,1.51,,
0.14,0.07,,,,,,,3.09,2021,4,4983,True,,6.16,0.47,83.98,6.16,,
0.08,,,,,,,,,2021,4,5185,True,,3.02,0.32,39.51,3.02,,
0.11,0.06,,,,,,,,2021,4,5927,True,,5.98,0.52,83.55,5.98,0.06,
,,,,,,,,4.68,2021,4,6234,True,,2.36,0.15,27.67,2.36,,
,,,,,,,,,2021,4,6857,True,,3.29,0.34,40.08,3.29,,
,,,,,,,,,2021,4,7496,True,,3.68,0.28,44.35,3.68,,
0.05,,,,,,,,,2021,4,7540,True,,1.15,0.12,15.0,1.15,,
,,,,,,,,,2021,4,1555,True,,1.71,0.09,24.17,1.71,,
,,,,,,,,,2021,4,3297,True,,1.38,0.07,16.07,1.38,,
0.14,0.06,,,,,,,,2021,4,4036,True,,4.9,0.34,63.67,4.9,,
0.03,,,,,,,,0.11,2021,4,4171,True,,0.82,0.03,10.23,0.82,,
,,,,,,,,,2021,4,4197,True,,1.2,0.05,12.92,1.2,,
0.08,,,,,,,,,2021,4,4454,True,,2.15,0.08,25.88,2.15,,
,,,,,,,,,2021,4,4878,True,,0.29,,3.2,0.29,,
,,,,,,,,,2021,4,6239,True,,0.15,0.02,1.88,0.15,,
,,,,,,,,,2021,4,6395,True,,1.72,0.07,20.75,1.72,,
,,,,,,,,2.85,2021,4,6699,True,,0.57,0.08,7.17,0.57,,
0.12,0.07,,,,,,,,2021,4,6786,True,,6.51,0.54,85.66,6.51,0.12,
0.11,0.05,,,,,,0.06,6.17,2021,4,6803,True,,4.97,0.36,62.89,4.97,0.05,
0.03,,,,,,,,,2021,4,6960,True,,1.36,0.11,20.36,1.36,,
,,,,,,,,,2021,4,6989,True,,3.76,0.33,44.24,3.76,,
,,,,,,,,,2021,4,7670,True,,1.33,0.09,16.67,1.33,,
0.12,0.06,,,,,,,,2021,4,1479,True,,7.12,0.48,81.01,7.12,,
,,,,,,,,,2021,4,4080,True,,0.62,0.04,6.51,0.62,,
,,,,,,,,,2021,4,147,True,,2.45,0.07,36.62,2.45,,
0.06,0.06,,,,,,,,2021,4,4068,True,,5.81,0.58,80.82,5.81,0.06,
0.06,0.06,,,,,,,,2021,4,5955,True,,4.2,0.19,48.84,4.2,,
0.03,,,,,,,,,2021,4,6421,True,,1.85,0.16,28.28,1.85,,
,,,,,,,,0.24,2021,4,6063,True,,0.53,0.03,7.4,0.53,,
,,,,,,,,,2021,4,627,True,,0.04,,0.4,0.04,,
0.12,,,,,,,,,2021,4,6870,True,,3.92,0.36,44.74,3.92,,
,,,,,,,,,2021,4,2460,True,,2.26,0.09,25.12,,,2.26
,,,,,,,,,2021,4,4741,True,,1.33,0.1,15.14,,,1.33
,,,,,,,,,2021,4,4421,True,,2.48,0.2,18.24,,,2.48
,,,,,,,,,2021,4,6001,True,,0.57,,5.26,,,0.57
,,,,,,,,,2021,4,3048,True,,0.19,0.02,1.94,,,0.19
,,,,,,,,,2021,4,7842,True,,0.68,0.05,6.11,,,0.68
0.07,0.07,,,,,,,,2021,4,4066,True,,3.29,0.21,34.37,,,3.29
0.06,,,,,,,,,2021,4,4217,True,,4.9,0.44,66.22,,0.06,4.9
,,,,,,,,,2021,4,4531,True,,0.67,0.03,7.39,,,0.67
0.04,,,,,,,,,2021,4,4973,True,,1.82,0.15,18.36,,,1.82
0.06,,,,,,,,,2021,4,4993,True,,3.52,0.28,40.52,,,3.52
,,,,,,,,,2021,4,5032,True,,1.6,0.09,18.85,,,1.6
,,,,,,,,,2021,4,6181,True,,0.35,,3.64,,,0.35
,,,,,,,,0.81,2021,4,7050,True,,0.98,0.06,12.05,,,0.98
,,,,,,,,,2021,4,7828,True,,0.38,,3.55,,,0.38
0.04,,,,,,,,,2021,4,2118,True,,1.77,0.14,17.51,,,1.77
,,,,,,,,,2021,4,2214,True,,3.48,0.31,36.52,,,3.48
0.05,0.05,,,,,,,,2021,4,3202,True,,3.03,0.28,30.9,,,3.03
,,,,,,,,,2021,4,4033,True,,2.22,0.23,25.95,,,2.22
,,,,,,,,,2021,4,5008,True,,1.16,0.06,10.9,,,1.16
,,,,,,,,,2021,4,5863,True,,0.14,0.02,1.65,0.14,,
0.07,,,,,,,,,2021,4,5878,True,,2.56,0.13,30.5,2.56,,
0.06,,,,,,,,,2021,4,5906,True,,3.83,0.33,42.23,,,3.83
0.06,,,,,,,,,2021,4,6826,True,,3.82,0.27,36.71,,,3.82
,,,,,,,,,2021,4,6843,True,,2.27,0.19,25.31,,,2.27
,,,,,,,,,2021,4,7002,True,,1.94,0.25,20.99,,,1.94
,,,,,,,,,2021,4,7946,True,,0.25,0.02,1.82,,,0.25
,,,,,,,,,2021,4,4221,True,,0.08,,0.76,,,0.08
,,,,,,,,,2021,4,4314,True,,0.25,,1.94,,,0.25
,,,,,,,,,2021,4,5001,True,,3.49,0.25,37.42,,,3.49
,,,,,,,,,2021,4,5010,True,,3.0,0.13,29.44,,,3.0
0.07,,,,,,,,,2021,4,5012,True,,4.6,0.53,53.54,,0.13,4.6
0.07,0.07,,,,,,,,2021,4,5844,True,,5.38,0.44,59.3,,0.07,5.38
,,,,,,,,,2021,4,7600,True,,2.84,0.26,32.55,,,2.84
,,,,,,,,,2021,4,7716,True,,0.17,,1.57,,,0.17
,,,,,,,,,2021,4,111,True,,0.73,0.05,6.86,,,0.73
,,,,,,,,,2021,4,2545,True,,1.67,0.07,14.94,,,1.67
0.04,,,,,,,,,2021,4,4055,True,,2.28,0.25,26.21,,,2.28
0.04,0.05,,,,,,,,2021,4,4602,True,,2.89,0.33,30.3,,0.04,2.89
0.06,0.05,,,,,,,,2021,4,5022,True,,3.38,0.28,39.52,,,3.38
,,,,,,,,,2021,4,5973,True,,0.68,0.04,7.55,,,0.68
,,,,,,,,,2021,4,6926,True,,0.23,0.02,2.04,,,0.23
,,,,,,,,,2021,4,7075,True,,0.32,,3.25,,,0.32
,,,,,,,,,2021,4,7288,True,,0.33,,2.84,,,0.33
,,,,,,,,,2021,4,7427,True,,0.2,,1.94,,,0.2
0.06,0.06,,,,,,,,2021,4,1339,True,,3.73,0.25,37.66,,,3.73
,,,,,,,,,2021,4,1425,True,,1.69,0.14,16.75,,,1.69
0.07,,,,,,,,,2021,4,1706,True,,3.31,0.19,31.73,,,3.31
0.06,0.06,,,,,,,,2021,4,2251,True,,4.71,0.38,47.26,,,4.71
,,,,,,,,,2021,4,2390,True,,2.56,0.27,24.29,,,2.56
0.05,,,,,,,,,2021,4,3214,True,,3.16,0.26,37.34,,0.05,3.16
,,,,,,,,,2021,4,4054,True,,1.31,0.12,16.79,,,1.31
,,,,,,,,,2021,4,4085,True,,0.12,0.02,1.24,,,0.12
0.05,,,,,,,,,2021,4,4144,True,,2.82,0.3,31.88,,,2.82
,,,,,,,,,2021,4,4189,True,,0.87,0.06,8.68,,,0.87
0.06,,,,,,,,,2021,4,4435,True,,3.6,0.28,39.67,,,3.6
,,,,,,,,,2021,4,4443,True,,1.59,0.1,15.87,,,1.59
,,,,,,,,,2021,4,4995,True,,2.5,0.16,18.74,,,2.5
0.04,,,,,,,,,2021,4,5009,True,,1.19,0.07,12.21,,,1.19
,,,,,,,,,2021,4,5133,True,,3.5,0.28,39.03,,,3.5
0.06,0.06,,,,,,,,2021,4,5857,True,,4.93,0.31,56.4,,0.06,4.93
,,,,,,,,,2021,4,6137,True,,0.51,0.04,5.92,,,0.51
0.04,0.03,,,,,,,,2021,4,616,True,,1.32,0.15,12.87,,,1.32
,,,,,,,,,2021,4,6665,True,,0.24,0.01,2.82,,,0.24
,,,,,,,,,2021,4,6850,True,,1.74,0.14,17.94,,,1.74
,,,,,,,,,2021,4,6869,True,,2.28,0.18,23.29,,,2.28
,,,,,,,,,2021,4,7216,True,,0.23,,2.44,,,
,,,,,,,,,2021,4,7439,True,,0.4,0.01,6.0,,,0.4
,,,,,,,,,2021,4,7602,True,,0.44,0.03,4.66,,,0.44
0.07,,,,,,,,,2021,4,1466,True,,6.7,0.76,89.2,,0.15,6.7
,,,,,,,,,2021,4,1619,True,,1.23,0.07,10.84,,,1.23
,,,,,,,,,2021,4,2360,True,,2.31,0.25,21.35,,,2.31
,,,,,,,,,2021,4,2422,True,,0.51,,2.75,,,0.51
,,,,,,,,,2021,4,2446,True,,1.71,0.12,15.79,,,1.71
,,,,,,,,,2021,4,2463,True,,0.23,0.02,1.84,,,0.23
0.06,,,,,,,,,2021,4,3271,True,,4.85,0.42,52.48,,,4.85
,,,,,,,,,2021,4,4323,True,,0.18,0.03,1.73,,,0.18
,,,,,,,,,2021,4,4362,True,,0.33,,3.42,,,0.33
0.03,0.01,,0.02,0.07,7.86,,0.32,22.93,2021,4,4381,True,,,,,,,
0.04,,,,,,,,,2021,4,4571,True,,2.77,0.19,28.62,,,2.77
,,,,,,,,,2021,4,5285,True,,0.78,0.07,9.21,,,0.78
,,,,,,,,,2021,4,6146,True,,0.9,0.04,7.61,,,0.9
,,,,,,,,,2021,4,6956,True,,0.27,0.02,2.93,,,0.27
0.05,,,,,,,,,2021,4,7553,True,,4.42,0.37,48.99,,,4.42
,,,,,,,0.08,3.73,2021,4,7694,True,,1.49,0.09,19.17,,,1.49
,,,,,,,,,2021,4,943,True,,1.59,0.13,18.79,,,1.59
,,,,,,,,,2021,4,5985,True,,0.98,0.14,13.2,,,0.98
,,,,,,,,,2021,4,6074,True,,1.67,0.11,19.61,,,1.67
0.07,0.07,,,,,,,,2021,4,2505,True,,7.3,0.49,83.54,,0.07,7.3
,,,,,,,,,2021,4,7308,True,,0.07,,0.69,,,0.07
0.06,0.05,,,,,,,,2021,4,367,True,,4.17,0.33,46.32,,,4.17
,,,,,,,,,2021,4,1718,True,,0.57,,6.57,,,0.57
,,,,,,,,,2021,4,3496,True,,1.43,,14.49,,,1.43
,,,,,,,,,2021,4,7554,True,,0.16,0.01,1.97,,,0.16
0.34,0.2,0.07,0.81,2.26,343.74,,0.07,8.0,2021,5,421,True,,,,,,,
0.28,0.16,0.11,0.68,1.98,264.5,0.05,0.1,25.42,2021,5,1234,True,,,,,,,
0.28,0.17,0.06,0.56,2.0,252.21,,0.2,19.06,2021,5,1049,True,,,,,,,
0.15,0.29,,0.78,1.88,253.07,,0.19,18.66,2021,5,2711,True,,,,,,,
0.63,0.31,0.06,0.73,1.69,281.45,,0.2,20.79,2021,5,4943,True,,,,,,,
0.55,0.3,0.12,0.78,2.25,287.59,0.07,0.4,33.13,2021,5,4984,True,,,,,,,
0.47,0.24,0.12,0.75,1.99,276.6,,0.2,25.69,2021,5,6797,True,,,,,,,
,0.56,,0.97,1.28,197.52,,0.02,9.3,2021,5,7585,True,,,,,,,
0.3,0.18,0.12,0.42,2.16,293.13,,0.19,12.03,2021,5,96,True,,,,,,,
0.49,0.24,0.06,0.63,2.06,264.22,,0.15,11.61,2021,5,6770,True,,,,,,,
0.41,0.21,0.07,0.63,1.53,243.82,0.06,0.35,45.29,2021,5,6904,True,,,,,,,
0.11,0.25,,0.8,1.41,211.45,,0.49,41.61,2021,5,7610,True,,,,,,,
0.46,0.24,,0.75,1.76,224.55,,0.22,15.24,2021,5,2306,True,,,,,,,
0.4,0.24,0.08,1.0,1.57,256.78,,0.3,7.01,2021,5,3163,True,,,,,,,
,0.3,0.77,1.16,2.05,221.2,,0.18,10.46,2021,5,3257,True,,,,,,,
0.74,0.4,0.07,0.95,1.69,255.21,0.06,0.19,31.76,2021,5,5870,True,,,,,,,
0.52,0.22,0.23,0.92,1.68,237.27,,0.18,11.97,2021,5,2152,True,,,,,,,
0.82,0.37,,0.69,1.59,259.28,,0.22,13.67,2021,5,7538,True,,,,,,,
0.45,0.23,0.11,0.78,2.17,291.2,,0.07,10.78,2021,5,1166,True,,,,,,,
0.4,0.18,0.06,0.76,1.82,292.7,,0.05,3.71,2021,5,24,True,,,,,,,
0.44,0.19,0.13,0.63,2.16,269.85,0.07,0.3,25.44,2021,5,3294,True,,,,,,,
0.33,0.17,0.11,0.4,2.63,310.91,0.05,0.15,15.69,2021,5,4046,True,,,,,,,
0.29,0.17,0.06,0.75,1.82,253.22,,0.06,7.3,2021,5,4892,True,,,,,,,
0.58,0.29,0.06,0.82,1.9,271.93,0.13,0.44,47.86,2021,5,5849,True,,,,,,,
0.52,0.29,,0.85,1.46,215.9,,0.29,33.67,2021,5,7591,True,,,,,,,
0.46,0.27,0.07,0.73,1.84,284.99,,0.07,7.62,2021,5,2028,True,,,,,,,
0.6,0.3,,0.93,1.94,248.5,,0.19,21.09,2021,5,7523,True,,,,,,,
0.57,0.22,,0.65,1.73,275.72,,0.06,6.38,2021,5,7527,True,,,,,,,
0.81,0.41,0.08,1.5,1.8,270.07,,0.18,13.54,2021,5,3161,True,,,,,,,
0.52,0.29,0.06,0.59,1.85,218.65,0.06,0.36,60.16,2021,5,4881,True,,,,,,,
,,,,,,,0.01,2.44,2021,5,7771,True,0.59,0.59,,5.03,,,
0.24,0.16,,,,,,0.63,77.35,2021,5,5916,True,3.22,3.22,0.07,24.76,,,
,,,,,,,0.38,50.54,2021,5,3327,True,2.24,2.24,,12.95,,,
0.05,0.05,,,,,,0.16,44.86,2021,5,4962,True,0.71,0.71,,4.67,,,
0.11,,,,,,,,,2021,5,4273,True,,,,,,,
,,,,,,,0.15,10.2,2021,5,6012,True,2.94,2.94,,12.84,,,
,,,,,,,,,2021,5,6931,True,0.25,0.25,0.01,2.28,,,
,,,,,,,0.12,4.23,2021,5,1379,True,,2.13,0.1,21.1,,,
,,,,,,,,,2021,5,2399,True,,1.58,0.06,16.32,1.58,,
,,,,,,,,0.17,2021,5,2471,True,,0.18,,1.76,,,
0.01,,,,,,,0.01,3.55,2021,5,3209,True,0.3,0.3,0.01,2.29,,,
,,,,,,,0.07,0.33,2021,5,3332,True,,0.23,,1.51,,,
,,,,,,,,8.82,2021,5,3391,True,,,,,,,
0.08,,,,,,,0.08,13.73,2021,5,3664,True,3.07,3.07,0.07,19.69,,,
,,,,,,,,,2021,5,3832,True,,0.2,0.02,1.66,,,
0.08,0.08,,,,,,0.5,52.46,2021,5,3969,True,3.14,3.14,0.08,20.48,,,
,0.01,,,,,,0.21,29.81,2021,5,4147,True,1.37,1.37,0.02,7.02,,,
0.05,,,,,,,0.06,8.69,2021,5,4150,True,0.24,0.24,,1.24,,,
0.22,0.07,,,,,0.07,0.58,72.16,2021,5,4866,True,3.9,3.9,0.16,36.22,,,
0.06,,,,,,,0.11,38.33,2021,5,5000,True,4.05,4.05,0.2,34.71,,,
0.08,0.04,,,,,,0.18,23.0,2021,5,5980,True,1.88,1.88,0.04,15.31,,,
0.16,0.1,,,,,,0.5,81.51,2021,5,5987,True,4.2,4.2,0.14,26.97,,,
,,,,,,,0.07,0.34,2021,5,7204,True,,0.25,,2.35,,,
,,,,,,,0.21,35.31,2021,5,7593,True,1.01,1.01,0.03,7.91,,,
0.08,,,,,,,0.22,31.92,2021,5,7607,True,1.76,1.76,0.07,14.41,,,
,,,,,,,0.36,50.5,2021,5,956,True,0.68,0.68,0.01,3.01,,,
,,,,,,,0.2,30.67,2021,5,1535,True,4.51,4.51,0.27,35.08,,,
0.1,0.05,,,,,,0.13,14.38,2021,5,2391,True,1.53,1.53,0.08,13.49,,,
0.21,0.07,,,,,0.07,1.11,113.15,2021,5,3198,True,2.16,2.16,0.13,15.1,,,
0.15,0.08,,,,,0.1,0.55,86.61,2021,5,4035,True,4.39,4.39,0.16,31.34,,0.04,
0.15,0.08,,,,,,0.4,61.13,2021,5,4663,True,5.31,5.31,0.17,44.96,,0.06,
0.07,0.08,,,,,,0.65,77.47,2021,5,5890,True,1.35,1.35,0.02,10.51,,,
0.1,0.05,,,,,,0.33,51.8,2021,5,6151,True,2.25,2.25,0.05,19.16,,,
,,,,,,,0.01,0.84,2021,5,6694,True,0.06,0.06,,0.29,,,
0.11,0.05,,,,,0.03,0.31,34.72,2021,5,6790,True,4.93,4.93,0.21,42.33,,,
,,,,,,,,1.02,2021,5,7318,True,,0.4,0.06,3.12,,,
,,,,,,,0.03,2.13,2021,5,7537,True,,,,,,,
,,,,,,,,1.52,2021,5,7609,True,0.33,0.33,0.01,3.13,,,
,,,,,,,,2.28,2021,5,3803,True,,,,,,,
0.09,0.05,,,,,,0.34,55.63,2021,5,4018,True,2.54,2.54,0.1,20.14,,,
0.13,0.06,,,,,,0.33,44.18,2021,5,4098,True,2.7,2.7,0.18,22.83,,,
0.13,0.06,,,,,0.07,0.76,73.71,2021,5,4199,True,3.31,3.31,0.14,29.47,,,
,,,,,,,0.01,1.57,2021,5,4718,True,0.32,0.32,,1.88,,,
,0.01,,,,,,0.09,15.43,2021,5,5046,True,0.82,0.82,0.02,6.34,,,
0.04,0.04,,,,,,0.09,22.83,2021,5,5170,True,0.64,0.64,,4.73,,,
,,,,,,,,0.27,2021,5,6109,True,,0.95,,8.06,,,
,,,,,,,,1.34,2021,5,7087,True,,,,,,,
0.13,0.07,,,,,,0.56,62.15,2021,5,7528,True,4.16,4.16,0.14,29.74,,,
,,,,,,,0.02,4.09,2021,5,7529,True,0.32,0.32,,2.78,,0.19,
0.03,0.03,,,,,,0.08,9.36,2021,5,7572,True,0.87,0.87,0.05,7.27,,,
0.11,0.05,,,,,,0.26,47.29,2021,5,2320,True,1.48,1.48,0.05,8.08,,,
0.11,0.06,,,,,0.06,0.72,86.64,2021,5,4988,True,1.31,1.31,0.04,11.46,,,
0.02,,,,,,,0.01,3.37,2021,5,5122,True,0.54,0.54,0.02,4.1,,,
0.05,,,,,,,0.09,23.05,2021,5,5549,True,2.23,2.23,0.09,12.7,,,
0.07,,,,,,,0.27,34.28,2021,5,5967,True,2.1,2.1,0.07,13.6,,,
,,,,,,,0.01,3.33,2021,5,6334,True,0.07,0.07,,0.59,,,
0.04,0.04,,,,,,0.31,44.25,2021,5,6828,True,0.87,0.87,,4.85,,,
0.12,0.05,,,,,,0.39,42.14,2021,5,6845,True,1.52,1.52,0.1,13.3,,,
0.11,0.06,,,,,,0.42,63.65,2021,5,6955,True,2.76,2.76,0.12,19.76,,,
0.11,0.14,,,,,,0.37,66.61,2021,5,7594,True,2.7,2.7,0.07,17.39,,,
0.11,0.01,,,,,,0.08,6.6,2021,5,1034,True,3.33,3.33,0.12,17.73,,0.12,
0.18,,,,,,,0.37,49.21,2021,5,1833,True,2.96,2.96,0.09,22.42,,,
,,,,,,,,2.09,2021,5,2073,True,,0.52,,2.92,,,
,,,,,,,,,2021,5,2359,True,0.63,0.63,,3.98,,,
0.06,,,,,,,0.11,20.74,2021,5,2588,True,0.33,0.33,0.02,2.75,,,
0.13,0.06,,,,,,0.23,28.73,2021,5,3242,True,4.0,4.0,0.2,28.6,,,
0.08,0.07,,,,,,0.57,48.66,2021,5,4137,True,1.66,1.66,0.05,12.22,,,
,,,,,,,0.01,0.99,2021,5,4651,True,,,,,,,
0.07,0.03,,,,,,0.38,29.78,2021,5,5052,True,0.87,0.87,0.05,5.96,,,
,,,,,,,,1.38,2021,5,5220,True,,,,,,,
0.06,,,,,,,0.13,28.82,2021,5,6039,True,1.37,1.37,0.04,8.34,,,
,,,,,,,,,2021,5,6379,True,0.17,0.17,,1.36,,,
0.1,0.05,,,,,,0.4,65.39,2021,5,6820,True,2.44,2.44,0.11,20.18,,,
0.03,,,,,,,0.03,7.31,2021,5,6918,True,1.92,1.92,0.07,11.82,,,
0.11,0.05,,,,,0.06,0.56,56.34,2021,5,6945,True,2.36,2.36,0.05,20.69,,,
,0.05,,,,,,0.32,53.01,2021,5,7561,True,1.29,1.29,0.05,10.73,,,
0.06,0.06,,,,,,0.14,17.95,2021,5,7567,True,2.29,2.29,0.08,18.52,,,
,0.01,,,,,,0.2,32.2,2021,5,7574,True,1.22,1.22,0.05,10.4,,0.58,
,,,,,,,0.31,46.53,2021,5,7588,True,1.48,1.48,0.05,12.26,,,
,0.01,,,,,,0.2,32.3,2021,5,7608,True,1.34,1.34,0.05,10.68,,,
,0.01,,,,,,0.07,11.88,2021,5,7794,True,1.49,1.49,0.08,12.27,,,
0.05,,,,,,,0.01,1.95,2021,5,1386,True,3.29,3.29,0.08,26.3,,,
0.01,,,,,,,0.01,2.66,2021,5,2161,True,0.79,0.79,0.02,6.44,,,
0.06,,,,,,,0.14,27.46,2021,5,2257,True,1.22,1.22,0.05,9.22,,,
,,,,,,,0.13,21.38,2021,5,2378,True,0.73,0.73,0.03,5.47,,,
0.07,,,,,,,0.33,45.38,2021,5,2431,True,2.93,2.93,0.06,24.14,,,
0.1,0.05,,,,,0.06,0.7,75.17,2021,5,3164,True,2.76,2.76,0.06,23.6,,,
0.07,,,,,,,0.16,27.84,2021,5,4149,True,2.91,2.91,0.08,24.46,,,
0.0,,,,,,,0.0,0.41,2021,5,4994,True,0.07,0.07,,0.46,,,
,,,,,,,0.04,3.7,2021,5,5163,True,0.14,0.14,,1.02,,,
0.1,0.05,,,,,0.05,0.59,61.53,2021,5,5850,True,1.71,1.71,0.06,14.37,,,
0.06,0.06,,,,,,0.15,32.51,2021,5,6130,True,2.87,2.87,0.08,22.47,,,
,,,,,,,0.02,4.67,2021,5,6156,True,0.19,0.19,,0.81,,,
,,,,,,,,,2021,5,6323,True,,0.08,,0.73,,,0.08
0.02,,,,,,,0.04,6.03,2021,5,7045,True,0.23,0.23,,1.24,,,
,,,,,,,0.01,0.83,2021,5,7611,True,0.08,0.08,,0.44,,,
0.1,0.1,,,,,,0.12,13.29,2021,5,5347,True,4.46,4.46,0.23,33.77,,,
,,,,,,,0.19,24.29,2021,5,7098,True,,,,,,,
0.12,0.13,,,,,,0.48,66.0,2021,5,1476,True,0.69,0.69,0.03,4.41,,,
0.03,,,,,,,0.04,13.53,2021,5,4152,True,0.29,0.29,,1.85,,,
,0.01,,,,,,0.08,11.28,2021,5,2168,True,0.51,0.51,0.01,5.03,,,
0.16,0.05,,,,,0.05,0.66,66.62,2021,5,6813,True,2.0,2.0,0.08,17.7,,,
,,,,,,,,,2021,5,7562,True,,0.14,0.01,1.85,0.14,,
0.13,0.07,,,,,,,3.12,2021,5,4039,True,,6.99,0.51,85.81,6.99,,
0.06,0.06,,,,,,,,2021,5,2078,True,,4.73,0.42,68.96,4.73,,
,,,,,,,,,2021,5,5902,True,,0.62,0.02,6.97,0.62,,
0.05,0.05,,,,,,,0.8,2021,5,6853,True,,3.42,0.35,42.06,3.42,,
,,,,,,,,,2021,5,7703,True,,0.18,,2.39,,,0.18
0.11,0.05,,,,,,0.06,7.43,2021,5,1352,True,,6.06,0.35,66.89,6.06,,
0.12,0.06,,,,,,,,2021,5,2374,True,,6.16,0.5,71.5,6.16,,
0.11,0.05,,,,,,,,2021,5,5846,True,,5.15,0.62,84.36,5.15,0.06,
,,,,,,,,4.58,2021,5,7135,True,,1.69,0.21,19.87,1.69,,
0.11,0.05,,,,,,,1.4,2021,5,2309,True,,6.02,0.44,77.71,6.02,0.05,
0.07,,,,,,,,0.35,2021,5,2673,True,,1.02,0.06,12.16,1.02,,
0.11,0.06,,,,,,,,2021,5,4037,True,,5.91,0.58,74.22,5.91,0.06,
0.06,,,,,,,,0.38,2021,5,4171,True,,3.08,0.13,38.28,3.08,,
,,,,,,,,,2021,5,4344,True,,0.87,0.05,7.52,0.87,,
0.1,,,,,,,,,2021,5,4454,True,,2.92,0.1,35.07,2.92,,
0.04,,,,,,,,0.18,2021,5,4622,True,,1.65,0.09,20.94,1.65,,
,,,,,,,,,2021,5,5289,True,,1.62,,12.25,1.62,,
,,,,,,,,,2021,5,5323,True,,0.43,0.03,5.27,0.43,,
0.15,0.08,,,,,,0.04,8.42,2021,5,5872,True,,5.9,0.53,75.58,5.9,0.08,
,,,,,,,,0.38,2021,5,6063,True,,0.83,0.06,11.51,0.83,,
0.09,0.05,,,,,,0.05,5.01,2021,5,6803,True,,4.04,0.3,51.11,4.04,0.05,
0.02,,,,,,,,,2021,5,6824,True,,1.24,0.1,16.33,1.24,,
0.06,0.06,,,,,,0.06,1.74,2021,5,6886,True,,3.77,0.45,54.86,3.77,,
0.06,0.06,,,,,,,2.04,2021,5,7090,True,,4.31,0.29,48.47,4.31,,
0.07,0.07,,,,,,,,2021,5,7525,True,,4.71,0.44,64.63,4.71,,
,,,,,,,,,2021,5,7533,True,,1.87,0.16,30.07,1.87,,
0.05,0.06,,,,,,,,2021,5,7565,True,,3.11,0.29,43.92,3.11,,
0.05,,,,,,,0.05,5.95,2021,5,7601,True,,3.07,0.24,37.84,3.07,,
0.07,,,,,,,,4.95,2021,5,7606,True,,3.16,0.27,40.98,3.16,,
,,,,,,,,2.1,2021,5,1567,True,,1.86,0.06,13.11,1.86,,
0.13,0.06,,,,,,,,2021,5,2133,True,,7.64,0.97,91.76,7.64,0.13,
0.16,0.08,,,,,,,,2021,5,2197,True,,5.61,0.35,73.93,5.61,,
0.06,,,,,,,,,2021,5,2381,True,,1.52,0.05,17.96,1.52,,
0.13,0.06,,,,,,,2.45,2021,5,3225,True,,6.15,0.33,66.0,6.15,,
0.1,0.05,,,,,,,1.09,2021,5,3423,True,,4.2,0.31,57.01,4.2,,
,,,,,,,,,2021,5,4146,True,,0.44,0.02,5.21,0.44,,
0.07,,,,,,,,,2021,5,4351,True,,3.48,0.32,45.78,3.48,,
0.06,0.05,,,,,,,0.68,2021,5,4950,True,,3.64,0.37,44.83,3.64,,
0.13,0.07,,,,,,,3.05,2021,5,4983,True,,6.1,0.46,85.02,6.1,,
0.07,,,,,,,,,2021,5,6895,True,,3.38,0.24,44.86,3.38,,
,,,,,,,,,2021,5,6989,True,,3.71,0.32,43.68,3.71,,
,,,,,,,,,2021,5,7530,True,,0.86,0.05,11.45,0.86,,
0.01,,,,,,,,,2021,5,7540,True,,0.35,0.04,4.59,0.35,,
0.05,,,,,,,,,2021,5,928,True,,3.63,0.21,40.74,3.63,,
0.08,0.08,,,,,,,,2021,5,1144,True,,5.45,0.34,66.05,5.45,,
,,,,,,,,,2021,5,1244,True,,1.39,0.05,13.9,1.39,,
0.13,0.07,,,,,,,,2021,5,1479,True,,6.91,0.46,78.58,6.91,,
,,,,,,,,,2021,5,2822,True,,2.65,0.11,28.59,2.65,,
,,,,,,,,,2021,5,3297,True,,3.63,0.17,42.29,3.63,,
,,,,,,,,,2021,5,3433,True,,0.34,0.04,3.91,0.34,,
,,,,,,,,,2021,5,3445,True,,1.4,0.07,16.2,1.4,,
,,,,,,,,,2021,5,3634,True,,3.82,0.19,39.68,3.82,,
0.12,0.06,,,,,,,,2021,5,4040,True,,4.94,0.37,51.13,4.94,0.06,
0.07,0.07,,,,,,,,2021,5,4068,True,,5.37,0.53,74.76,5.37,0.07,
,,,,,,,,,2021,5,5113,True,,1.34,0.13,15.85,1.34,,
,,,,,,,,,2021,5,5241,True,,1.65,0.09,18.38,1.65,,
0.07,,,,,,,,0.67,2021,5,538,True,,4.11,0.38,54.33,4.11,,
0.07,0.07,,,,,,,1.39,2021,5,5947,True,,5.49,0.35,73.65,5.49,,
,,,,,,,,,2021,5,6069,True,,0.16,,1.02,0.16,,
0.05,,,,,,,,,2021,5,6148,True,,2.05,0.18,30.18,2.05,,
,,,,,,,,5.99,2021,5,6234,True,,3.03,0.18,35.42,3.03,,
,,,,,,,,,2021,5,6395,True,,1.67,0.06,20.15,1.67,,
,,,,,,,,1.2,2021,5,6699,True,,0.24,0.04,3.02,0.24,,
0.01,,,,,,,,,2021,5,6744,True,,0.31,0.01,3.64,0.31,,
0.03,0.03,,,,,,,,2021,5,6943,True,,1.92,0.15,26.15,1.92,,
,,,,,,,,,2021,5,7670,True,,1.22,0.08,15.29,1.22,,
0.07,,,,,,,,,2021,5,830,True,,4.0,0.42,55.64,4.0,,
0.07,0.07,,,,,,,,2021,5,1067,True,,5.31,0.48,70.53,5.31,0.07,
0.12,0.06,,,,,,,,2021,5,1689,True,,6.36,0.65,79.79,6.36,0.06,
,,,,,,,,,2021,5,2025,True,,3.17,0.18,31.75,3.17,,
0.06,0.06,,,,,,,,2021,5,2325,True,,3.55,0.39,53.45,3.55,,
,,,,,,,,,2021,5,2750,True,,0.72,0.09,6.84,0.72,,
,,,,,,,,,2021,5,4038,True,,1.56,0.15,22.5,1.56,,
,,,,,,,,,2021,5,4197,True,,0.96,0.04,10.32,0.96,,
,,,,,,,,1.0,2021,5,4198,True,,0.69,0.03,7.86,0.69,,
0.14,0.08,,,,,,0.01,1.21,2021,5,5859,True,,7.0,0.53,90.4,7.0,0.07,
0.13,0.08,,,,,,,3.73,2021,5,5937,True,,6.19,0.43,73.81,6.19,,
,,,,,,,,,2021,5,6239,True,,0.15,0.02,1.88,0.15,,
0.07,0.07,,,,,,0.07,9.46,2021,5,6814,True,,5.27,0.36,60.26,5.27,,
,,,,,,,,,2021,5,6857,True,,0.7,0.04,6.8,0.7,,
0.11,,,,,,,,,2021,5,6870,True,,3.77,0.35,43.1,3.77,,
0.06,,,,,,,,,2021,5,7547,True,,2.94,0.15,37.91,2.94,,
,,,,,,,,,2021,5,1071,True,,3.61,0.21,39.96,3.61,,
,,,,,,,,,2021,5,1346,True,,2.0,0.11,29.3,2.0,,
,,,,,,,,,2021,5,147,True,,1.95,0.06,29.37,1.95,,
0.13,0.07,,,,,,,,2021,5,2216,True,,6.61,0.4,92.84,6.61,0.13,
0.09,0.08,,,,,,,0.72,2021,5,2410,True,,4.78,0.33,52.08,4.78,,
0.12,0.06,,,,,,,,2021,5,2449,True,,7.29,0.58,87.4,7.29,0.06,
,,,,,,,,,2021,5,2821,True,,0.14,0.01,1.73,0.14,,
0.01,,,,,,,,0.32,2021,5,3342,True,,0.59,0.01,6.79,0.59,,
0.07,0.07,,,,,,,,2021,5,4131,True,,4.86,0.53,66.63,4.86,0.07,
0.13,0.07,,,,,,,,2021,5,5045,True,,4.88,0.45,64.95,4.88,0.07,
0.02,,,,,,,,,2021,5,5130,True,,0.66,0.04,7.55,0.66,,
,,,,,,,,,2021,5,5154,True,,2.24,0.08,24.72,2.24,,
,,,,,,,,,2021,5,5915,True,,0.49,0.02,6.0,0.49,,
0.05,0.04,,,,,,,,2021,5,5917,True,,3.3,0.28,47.9,3.3,,
,0.03,,,,,,,,2021,5,627,True,,0.72,0.03,8.64,0.72,,
0.08,,,,,,,,,2021,5,6271,True,,5.08,0.36,61.58,5.08,,
0.02,,,,,,,,,2021,5,6960,True,,0.67,0.05,9.97,0.67,,
0.08,0.07,,,,,,,,2021,5,7526,True,,5.0,0.41,70.73,5.0,,
0.06,0.07,,,,,,,,2021,5,7564,True,,5.23,0.46,72.44,5.23,,
0.11,0.06,,,,,,,,2021,5,1426,True,,6.97,0.56,85.79,6.97,0.11,
,,,,,,,,,2021,5,1555,True,,1.08,0.06,15.07,1.08,,
0.1,0.05,,,,,,,,2021,5,1992,True,,4.37,0.32,61.07,4.37,0.05,
,,,,,,,,,2021,5,3286,True,,2.62,0.17,30.61,2.62,,
0.12,0.05,,,,,,0.06,5.99,2021,5,3321,True,,5.92,0.73,92.51,5.92,0.06,
0.02,,,,,,,,,2021,5,3328,True,,1.14,0.07,14.78,1.14,,
,,,,,,,,,2021,5,3582,True,,5.07,0.13,47.87,5.07,,
0.15,0.07,,,,,,,,2021,5,4036,True,,4.36,0.44,70.67,4.36,,
,,,,,,,,,2021,5,4080,True,,0.68,0.05,7.12,0.68,,
0.07,0.06,,,,,,,6.5,2021,5,4082,True,,3.22,0.2,38.87,3.22,,
,,,,,,,,,2021,5,4177,True,,0.55,,5.62,0.55,,
,,,,,,,,,2021,5,4234,True,,0.36,0.03,4.2,0.36,,
,,,,,,,,,2021,5,4878,True,,0.32,,3.47,0.32,,
,,,,,,,,,2021,5,5121,True,,1.32,0.11,15.17,1.32,,
0.08,,,,,,,,,2021,5,5185,True,,3.0,0.34,39.39,3.0,,
,,,,,,,,,2021,5,5199,True,,2.14,0.1,22.65,2.14,,
,,,,,,,,,2021,5,5773,True,,0.19,0.02,1.89,0.19,,
0.12,0.06,,,,,,,,2021,5,5927,True,,5.86,0.51,81.92,5.86,0.06,
0.07,0.07,,,,,,,,2021,5,5955,True,,4.72,0.22,54.9,4.72,,
,,,,,,,,,2021,5,6165,True,,0.17,0.01,1.77,0.17,,
0.03,,,,,,,,,2021,5,6421,True,,1.68,0.14,25.63,1.68,,
0.11,0.05,,,,,,,,2021,5,6786,True,,6.04,0.5,79.49,6.04,0.11,
0.12,0.06,,,,,,,0.89,2021,5,6794,True,,7.01,0.7,102.63,7.01,0.12,
0.05,0.05,,,,,,,1.63,2021,5,6798,True,,3.08,0.18,41.17,3.08,,
0.12,0.06,,,,,,,2.75,2021,5,6801,True,,5.07,0.48,66.69,5.07,0.12,
0.01,0.01,,,,,,,,2021,5,6849,True,,0.48,0.04,5.58,0.48,,
,,,,,,,,,2021,5,6927,True,,2.6,0.13,32.16,2.6,,
,,,,,,,,,2021,5,7066,True,,4.1,0.3,50.21,4.1,,
,,,,,,,,,2021,5,7210,True,,0.34,,3.22,0.34,,
0.06,,,,,,,,,2021,5,7596,True,,4.09,0.31,53.85,4.09,,
0.0,,,,,,,,,2021,5,7595,True,,0.19,0.02,2.8,0.19,,
0.17,,,,,,,,,2021,5,4319,True,,2.81,0.26,40.86,2.81,,
0.07,0.07,,,,,,,2.87,2021,5,6819,True,,5.0,0.39,71.74,5.0,0.07,
,,,,,,,,,2021,5,7944,True,,0.78,0.04,8.91,0.78,,
0.06,0.06,,,,,,,,2021,5,5848,True,,4.49,0.51,67.49,4.49,,
0.04,,,,,,,,,2021,5,5880,True,,2.4,0.15,36.8,2.4,,
,,,,,,,,,2021,5,6427,True,,0.8,0.05,7.96,0.8,,
0.21,,,,,,,,,2021,5,1817,True,,4.82,0.31,53.4,4.82,,
0.03,,,,,,,,,2021,5,5965,True,,0.32,0.03,4.67,0.32,,
0.04,,,,,,,,3.19,2021,5,6847,True,,1.64,0.14,20.96,1.64,,
,,,,,,,,,2021,5,6957,True,,2.38,0.1,24.18,2.38,,
,,,,,,,,,2021,5,4314,True,,0.24,,1.86,,,0.24
,,,,,,,,,2021,5,7427,True,,0.21,,2.04,,,0.21
,,,,,,,,,2021,5,6926,True,,0.22,0.02,1.96,,,0.22
,,,,,,,,,2021,5,5010,True,,3.23,0.13,31.75,,,3.23
0.06,,,,,,,,,2021,5,3271,True,,4.83,0.42,52.26,,,4.83
,,,,,,,,,2021,5,6865,True,,0.89,0.13,10.02,,,0.89
,,,,,,,,,2021,5,2545,True,,0.77,0.03,6.9,,,0.77
,,,,,,,,,2021,5,4362,True,,0.29,,3.01,,,0.29
,,,,,,,,,2021,5,4531,True,,2.94,0.26,32.29,,,2.94
,,,,,,,,,2021,5,4741,True,,2.7,0.2,31.02,,,2.7
0.07,,,,,,,,,2021,5,4993,True,,3.73,0.29,42.89,,,3.73
,,,,,,,,,2021,5,4995,True,,1.49,0.07,11.21,,,1.49
,,,,,,,,,2021,5,6001,True,,0.54,,4.93,,,0.54
,,,,,,,,,2021,5,6137,True,,0.41,0.03,4.73,,,0.41
,,,,,,,,,2021,5,6146,True,,1.0,0.05,8.42,,,1.0
0.05,,,,,,,,,2021,5,6826,True,,2.86,0.23,29.98,,,2.86
,,,,,,,,0.8,2021,5,7050,True,,0.98,0.06,12.0,,,0.98
,,,,,,,,,2021,5,7075,True,,1.06,0.1,11.02,,,1.06
,,,,,,,,,2021,5,7622,True,,0.44,0.03,3.89,,,0.44
,,,,,,,,,2021,5,111,True,,0.73,0.05,6.83,,,0.73
,,,,,,,,,2021,5,4189,True,,0.87,0.06,8.64,,,0.87
0.07,,,,,,,,,2021,5,4973,True,,3.41,0.29,34.36,,,3.41
,,,,,,,,,2021,5,5008,True,,1.02,0.05,9.57,,,1.02
0.06,0.06,,,,,,,,2021,5,5022,True,,3.31,0.3,40.06,,,3.31
,,,,,,,,,2021,5,5285,True,,2.94,0.23,30.52,,,2.94
,,,,,,,,,2021,5,6074,True,,1.53,0.1,17.99,,,1.53
,,,,,,,,,2021,5,6869,True,,1.3,0.1,13.28,,,1.3
,,,,,,,,,2021,5,7946,True,,0.23,0.02,1.7,,,0.23
,,,,,,,,,2021,5,2214,True,,4.99,0.3,42.37,,,4.99
,,,,,,,,,2021,5,2360,True,,3.08,0.35,28.47,,,3.08
,,,,,,,,,2021,5,2422,True,,0.52,,2.81,,,0.52
0.07,0.07,,,,,,,,2021,5,4066,True,,3.69,0.28,38.52,,,3.69
,,,,,,,,,2021,5,4421,True,,1.07,0.04,7.73,,,1.07
,,,,,,,,,2021,5,5001,True,,4.16,0.32,45.86,,,4.16
0.04,,,,,,,,,2021,5,5009,True,,1.36,0.09,14.01,,,1.36
0.07,0.07,,,,,,,,2021,5,5844,True,,5.4,0.44,59.52,,0.07,5.4
0.06,0.06,,,,,,,,2021,5,5857,True,,4.73,0.4,54.84,,0.06,4.73
,,,,,,,0.06,2.85,2021,5,7694,True,,1.15,0.12,14.91,,,1.15
,,,,,,,,,2021,5,7842,True,,1.31,0.09,11.97,,,1.31
,,,,,,,,,2021,5,1425,True,,3.42,0.21,33.98,,,3.42
,,,,,,,,,2021,5,2446,True,,0.85,0.21,7.89,,,0.85
0.06,0.06,,,,,,,,2021,5,2505,True,,7.03,0.48,80.33,,0.06,7.03
,,,,,,,,,2021,5,4085,True,,0.11,0.01,1.09,,,0.11
0.06,,,,,,,,,2021,5,4144,True,,3.45,0.42,32.0,,,3.45
,,,,,,,,,2021,5,4221,True,,0.08,,0.79,,,0.08
0.05,,,,,,,,,2021,5,4435,True,,3.18,0.25,34.97,,,3.18
0.04,,,,,,,,,2021,5,4571,True,,2.85,0.2,29.51,,,2.85
,,,,,,,,,2021,5,6181,True,,0.36,,3.67,,,0.36
,,,,,,,,,2021,5,7288,True,,0.38,,3.26,,,0.38
0.07,,,,,,,,,2021,5,7553,True,,5.38,0.45,59.61,,,5.38
,,,,,,,,,2021,5,7716,True,,0.43,0.02,3.95,,,0.43
0.07,,,,,,,,,2021,5,1466,True,,6.94,0.67,88.2,,0.14,6.94
,,,,,,,,,2021,5,3048,True,,0.62,0.06,6.26,,,0.62
0.06,,,,,,,,,2021,5,3214,True,,3.42,0.29,37.22,,0.06,3.42
,,,,,,,,,2021,5,3496,True,,1.31,,13.29,,,1.31
0.01,,,,,,,,,2021,5,4055,True,,0.75,0.06,8.65,,,0.75
0.03,0.01,,0.02,0.06,7.2,,0.28,21.0,2021,5,4381,True,,,,,,,
,,,,,,,,,2021,5,4443,True,,1.42,0.1,14.21,,,1.42
0.05,0.05,,,,,,,,2021,5,4602,True,,3.26,0.39,34.26,,0.05,3.26
,,,,,,,,,2021,5,5032,True,,1.89,0.11,22.33,,,1.89
,,,,,,,,,2021,5,5133,True,,3.99,0.33,44.59,,,3.99
,,,,,,,,,2021,5,5863,True,,0.13,0.01,1.54,0.13,,
,,,,,,,,,2021,5,6850,True,,1.65,0.13,16.97,,,1.65
,,,,,,,,,2021,5,7600,True,,2.09,0.2,24.03,,,2.09
,,,,,,,,,2021,5,943,True,,2.08,0.17,24.56,,,2.08
0.07,0.08,,,,,,,,2021,5,1339,True,,3.82,0.25,38.61,,,3.82
,,,,,,,,,2021,5,1619,True,,1.31,0.07,11.6,,,1.31
0.05,,,,,,,,,2021,5,2118,True,,2.19,0.17,21.7,,,2.19
,,,,,,,,,2021,5,2460,True,,3.4,0.25,34.9,,,3.4
0.05,0.05,,,,,,,,2021,5,3202,True,,2.88,0.27,29.4,,,2.88
0.06,0.06,,,,,,,,2021,5,367,True,,3.92,0.31,43.65,,,3.92
,,,,,,,,,2021,5,4033,True,,1.98,0.2,23.04,,,1.98
0.03,,,,,,,,,2021,5,5878,True,,1.25,0.06,14.9,1.25,,
0.07,,,,,,,,,2021,5,5906,True,,3.56,0.31,39.17,,,3.56
,,,,,,,,,2021,5,5985,True,,1.07,0.15,14.43,,,1.07
0.04,0.04,,,,,,,,2021,5,616,True,,1.17,0.13,11.36,,,1.17
,,,,,,,,,2021,5,6665,True,,0.24,0.01,2.88,,,0.24
,,,,,,,,,2021,5,7002,True,,2.04,0.22,22.13,,,2.04
,,,,,,,,,2021,5,7216,True,,0.25,,2.65,,,
0.06,,,,,,,,,2021,5,5012,True,,4.86,0.56,56.7,,0.13,4.86
0.06,,,,,,,,,2021,5,1706,True,,2.66,0.15,25.51,,,2.66
,,,,,,,,,2021,5,5973,True,,0.75,0.04,8.3,,,0.75
,,,,,,,,,2021,5,7602,True,,0.41,0.03,4.41,,,0.41
,,,,,,,,,2021,5,4054,True,,1.85,0.22,33.81,,,1.85
0.41,0.35,0.07,0.81,1.56,246.64,0.07,0.37,47.1,2021,6,6904,True,,,,,,,
0.5,0.29,0.07,0.79,1.75,270.96,,0.06,6.44,2021,6,2028,True,,,,,,,
0.29,0.18,0.06,0.73,1.95,315.06,,0.07,7.97,2021,6,421,True,,,,,,,
0.61,0.31,0.06,0.86,1.84,265.66,0.11,0.39,42.57,2021,6,5849,True,,,,,,,
,0.3,,0.93,1.5,217.2,,0.11,5.0,2021,6,7585,True,,,,,,,
0.48,0.24,0.12,0.84,2.2,285.3,,0.06,9.16,2021,6,1166,True,,,,,,,
0.55,0.23,0.24,0.98,1.79,269.16,,0.18,12.77,2021,6,2152,True,,,,,,,
0.72,0.42,0.07,1.3,1.87,280.86,,0.23,17.8,2021,6,3161,True,,,,,,,
0.6,0.3,,0.64,1.88,240.37,,0.17,18.45,2021,6,7523,True,,,,,,,
0.54,0.27,,0.74,1.65,213.82,,0.25,31.48,2021,6,7591,True,,,,,,,
0.32,0.17,0.13,0.5,2.04,274.91,,0.14,11.68,2021,6,96,True,,,,,,,
0.15,0.27,,0.75,1.89,254.23,,0.17,18.2,2021,6,2711,True,,,,,,,
0.61,0.35,0.07,0.7,2.11,248.65,0.07,0.4,55.98,2021,6,4881,True,,,,,,,
0.46,0.12,0.06,0.63,2.37,265.64,,0.06,5.22,2021,6,6770,True,,,,,,,
0.4,0.22,0.11,0.56,1.9,253.89,0.07,0.27,23.34,2021,6,3294,True,,,,,,,
0.34,0.17,0.12,0.41,2.5,315.29,0.06,0.18,18.27,2021,6,4046,True,,,,,,,
0.63,0.25,0.06,0.91,1.73,270.56,,0.25,17.1,2021,6,4943,True,,,,,,,
0.58,0.29,,0.76,1.8,286.71,,0.04,4.56,2021,6,7527,True,,,,,,,
0.85,0.34,,0.99,1.68,245.01,,0.21,20.49,2021,6,1373,True,,,,,,,
0.02,0.02,,0.03,0.04,6.11,,0.1,11.8,2021,6,2307,True,,,,,,,
0.35,0.22,0.07,0.94,1.69,274.22,,0.14,3.35,2021,6,3163,True,,,,,,,
0.29,0.18,0.06,0.72,1.99,275.94,,0.05,6.7,2021,6,4892,True,,,,,,,
0.69,0.26,0.06,0.87,1.5,240.03,0.07,0.19,33.0,2021,6,5870,True,,,,,,,
0.36,0.22,0.07,0.86,1.75,248.88,,0.17,16.42,2021,6,6768,True,,,,,,,
0.52,0.27,0.13,0.83,2.04,285.05,,0.23,20.8,2021,6,6797,True,,,,,,,
0.55,0.3,0.12,0.79,2.34,299.79,0.07,0.44,31.1,2021,6,4984,True,,,,,,,
0.32,0.19,0.06,0.59,1.94,254.33,,0.23,17.2,2021,6,1049,True,,,,,,,
0.07,0.07,,,,,,0.42,46.12,2021,6,3969,True,3.9,3.9,0.1,25.48,,,
0.09,0.04,,,,,,0.29,44.68,2021,6,6151,True,2.98,2.98,0.06,25.27,,,
0.07,,,,,,,0.06,11.04,2021,6,1386,True,3.12,3.12,0.08,24.94,,,
0.06,0.06,,,,,,0.11,14.69,2021,6,7567,True,3.19,3.19,0.12,25.72,,,
0.02,,,,,,,0.01,3.53,2021,6,5122,True,0.56,0.56,0.02,4.29,,,
0.06,0.02,,,,,,0.26,20.09,2021,6,5052,True,0.55,0.55,0.03,3.75,,,
,,,,,,,0.04,8.49,2021,6,2168,True,0.62,0.62,0.02,6.18,,,
0.06,,,,,,,0.14,25.09,2021,6,2588,True,0.4,0.4,0.02,3.33,,,
0.12,0.06,,,,,,0.47,77.94,2021,6,4018,True,3.28,3.28,0.12,26.06,,,
0.19,0.1,,,,,,0.58,72.93,2021,6,4098,True,3.41,3.41,0.15,28.81,,,
0.13,0.07,,,,,0.07,0.72,69.72,2021,6,4199,True,3.8,3.8,0.16,33.93,,,
,,,,,,,,,2021,6,5046,True,0.38,0.38,0.01,2.98,,,
0.05,0.06,,,,,,0.51,63.38,2021,6,5890,True,0.7,0.7,,5.46,,,
0.11,0.05,,,,,,0.26,34.11,2021,6,5980,True,4.53,4.53,0.15,36.77,,,
0.12,0.06,,,,,0.06,0.58,64.25,2021,6,6945,True,2.97,2.97,0.06,26.04,,,
,,,,,,,,0.97,2021,6,7318,True,,0.38,0.05,2.97,,,
,,,,,,,0.12,9.43,2021,6,7611,True,0.4,0.4,,2.15,,,
0.12,0.05,,,,,,0.29,55.15,2021,6,2320,True,2.17,2.17,0.07,11.91,,,
,,,,,,,,0.17,2021,6,2471,True,,0.18,,1.71,,,
0.15,,,,,,,0.3,54.94,2021,6,3209,True,2.25,2.25,0.06,17.55,,,
,,,,,,,0.04,4.36,2021,6,3868,True,0.75,0.75,0.04,6.87,,,
,,,,,,,0.01,1.57,2021,6,4718,True,0.32,0.32,,1.88,,,
0.0,,,,,,,0.0,0.46,2021,6,4994,True,0.08,0.08,,0.52,,,
0.1,,,,,,,0.22,53.98,2021,6,5549,True,3.76,3.76,0.14,21.46,,,
0.1,0.05,,,,,0.05,0.53,55.25,2021,6,5850,True,1.45,1.45,0.05,12.16,,,
0.23,0.15,,,,,,0.6,73.68,2021,6,5916,True,2.92,2.92,0.06,22.51,,,
,,,,,,,,7.64,2021,6,6753,True,0.17,0.17,,1.19,,,
0.12,0.06,,,,,0.05,0.45,50.44,2021,6,6790,True,5.06,5.06,0.21,43.38,,,
0.17,0.06,,,,,0.07,0.69,86.23,2021,6,6813,True,2.62,2.62,0.04,23.28,,,
0.11,0.06,,,,,,0.55,72.08,2021,6,6955,True,2.88,2.88,0.12,20.68,,,
0.11,0.14,,,,,,0.43,62.34,2021,6,7594,True,2.68,2.68,0.05,22.3,,,
,,,,,,,,,2021,6,1387,True,0.53,0.53,0.02,4.17,,,
0.07,,,,,,,0.16,32.3,2021,6,2257,True,1.22,1.22,0.05,9.22,,,
0.1,0.05,,,,,,0.12,13.0,2021,6,2391,True,1.38,1.38,0.07,12.19,,,
0.03,,,,,,,0.09,17.78,2021,6,4152,True,0.38,0.38,,2.44,,,
,0.01,,,,,,0.07,7.57,2021,6,5163,True,1.68,1.68,0.02,12.48,,,
0.04,0.04,,,,,,0.08,20.65,2021,6,5170,True,0.58,0.58,,4.28,,,
,,,,,,,,,2021,6,6323,True,,0.4,,3.95,,,0.4
,,,,,,,0.11,16.67,2021,6,6931,True,1.05,1.05,0.05,9.75,,,
,,,,,,,,1.19,2021,6,7087,True,,,,,,,
,,,,,,,0.07,9.59,2021,6,7529,True,0.62,0.62,,5.4,,0.39,
,,,,,,,0.04,2.26,2021,6,7537,True,,,,,,,
,,,,,,,0.01,2.43,2021,6,7771,True,0.58,0.58,,5.01,,,
,,,,,,,0.06,10.98,2021,6,7794,True,1.54,1.54,0.07,12.7,,,
,0.09,,,,,,0.38,55.6,2021,6,3327,True,2.1,2.1,0.02,14.2,,,
0.08,,,,,,,0.09,14.55,2021,6,3664,True,3.25,3.25,0.07,20.86,,,
,,,,,,,0.01,2.66,2021,6,3803,True,,0.15,,0.69,,,
,,,,,,,,,2021,6,3832,True,,0.17,0.02,1.41,,,
0.07,0.07,,,,,,0.57,38.26,2021,6,4137,True,2.12,2.12,0.06,15.63,,,
0.04,0.04,,,,,,0.25,34.39,2021,6,4962,True,0.71,0.71,0.01,4.65,,,
0.06,,,,,,,0.1,37.01,2021,6,5000,True,3.61,3.61,0.18,30.87,,,
,,,,,,,,1.55,2021,6,5220,True,,,,,,,
,,,,,,,0.13,7.6,2021,6,6012,True,1.51,1.51,,6.66,,,
,,,,,,,,3.7,2021,6,6334,True,0.08,0.08,,0.65,,,
0.12,0.06,,,,,,0.59,70.13,2021,6,7528,True,4.42,4.42,0.15,31.66,,,
,0.06,,,,,,0.39,57.91,2021,6,7608,True,1.21,1.21,0.02,9.63,,,
,,,,,,,0.09,6.21,2021,6,7609,True,2.88,2.88,0.08,27.44,,,
0.11,,,,,,,0.08,5.92,2021,6,1034,True,3.49,3.49,0.12,28.01,,0.12,
0.09,0.1,,,,,,0.35,49.43,2021,6,1476,True,1.31,1.31,0.06,8.4,,,
,,,,,,,,,2021,6,2359,True,0.53,0.53,,3.38,,,
0.12,0.06,,,,,0.13,0.76,86.58,2021,6,4029,True,3.01,3.01,0.11,25.66,,,
0.05,,,,,,,0.03,8.9,2021,6,5131,True,1.51,1.51,,9.92,,,
0.09,,,,,,,0.34,42.42,2021,6,5967,True,1.93,1.93,0.06,12.48,,,
0.05,,,,,,,0.18,25.94,2021,6,5987,True,1.2,1.2,0.05,7.69,,,
,,,,,,,,0.23,2021,6,6109,True,,0.81,,6.82,,,
0.03,0.03,,,,,,0.2,28.74,2021,6,6828,True,1.36,1.36,,7.6,,,
0.03,0.03,,,,,,0.08,9.09,2021,6,7572,True,0.85,0.85,0.05,7.06,,,
0.09,,,,,,,0.17,31.42,2021,6,2161,True,1.99,1.99,0.06,16.2,,,
0.11,0.06,,,,,0.06,0.73,83.51,2021,6,3164,True,2.24,2.24,0.05,19.08,,,
0.08,0.04,,,,,,0.15,17.91,2021,6,3242,True,1.78,1.78,0.09,12.72,,,
0.07,,,,,,,0.21,38.89,2021,6,4149,True,2.65,2.65,0.07,22.26,,,
,,,,,,,0.01,0.91,2021,6,4651,True,,,,,,,
0.17,0.09,,,,,,0.28,59.84,2021,6,4663,True,6.29,6.29,0.2,53.32,,0.07,
,,,,,,,0.03,4.51,2021,6,5209,True,0.36,0.36,,2.84,,,
0.1,0.1,,,,,,0.21,22.61,2021,6,5347,True,4.41,4.41,0.23,33.36,,,
,,,,,,,0.03,5.22,2021,6,6156,True,0.21,0.21,,0.9,,,
,,,,,,,0.18,23.46,2021,6,6694,True,1.12,1.12,0.02,5.12,,,
0.03,,,,,,,0.03,8.84,2021,6,6918,True,2.33,2.33,0.08,14.3,,,
,,,,,,,0.3,44.71,2021,6,7588,True,2.25,2.25,0.07,18.75,,,
0.14,0.06,,,,,,0.42,47.12,2021,6,6845,True,2.22,2.22,0.09,19.17,,,
0.06,0.06,,,,,,0.19,40.5,2021,6,6130,True,2.68,2.68,0.08,20.98,,,
,,,,,,,0.07,0.37,2021,6,7204,True,,0.27,,2.55,,,
0.2,0.07,,,,,0.07,1.0,96.32,2021,6,3198,True,2.05,2.05,0.05,14.35,,,
,,,,,,,,,2021,6,6379,True,0.24,0.24,,1.95,,,
0.11,0.05,,,,,,,,2021,6,4037,True,,5.68,0.56,71.35,5.68,0.05,
,,,,,,,,,2021,6,6927,True,,2.72,0.13,33.64,2.72,,
0.06,0.06,,,,,,,2.06,2021,6,6798,True,,3.89,0.23,52.07,3.89,,
0.07,0.07,,,,,,,,2021,6,7525,True,,5.15,0.48,66.66,5.15,,
0.03,,,,,,,,,2021,6,6744,True,,0.96,0.03,11.4,0.96,,
0.11,0.06,,,,,,,,2021,6,2216,True,,5.28,0.63,74.17,5.28,0.11,
0.02,,,,,,,,,2021,6,6960,True,,0.63,0.05,9.46,0.63,,
0.16,0.08,,,,,,,,2021,6,2197,True,,5.07,0.31,66.86,5.07,,
0.12,0.06,,,,,,,1.43,2021,6,2309,True,,6.2,0.46,80.11,6.2,0.06,
,0.03,,,,,,0.01,2.33,2021,6,2750,True,,2.45,0.14,23.88,2.45,,
,,,,,,,,,2021,6,3286,True,,2.55,0.17,29.8,2.55,,
0.1,0.05,,,,,,,1.02,2021,6,3423,True,,3.92,0.29,53.2,3.92,,
0.14,0.07,,,,,,,3.18,2021,6,4039,True,,7.1,0.52,87.25,7.1,,
0.1,,,,,,,,,2021,6,4454,True,,2.87,0.1,34.48,2.87,,
,,,,,,,,,2021,6,5902,True,,0.54,0.02,6.01,0.54,,
0.07,0.08,,,,,,,,2021,6,5955,True,,4.35,0.21,50.6,4.35,,
0.01,,,,,,,,,2021,6,5965,True,,0.39,0.03,5.69,0.39,,
,,,,,,,,,2021,6,6069,True,,0.16,,1.04,0.16,,
0.03,,,,,,,,,2021,6,6421,True,,1.6,0.14,24.42,1.6,,
0.06,0.06,,,,,,0.06,7.85,2021,6,6814,True,,4.37,0.3,49.97,4.37,,
,,,,,,,,,2021,6,1346,True,,1.59,0.09,23.35,1.59,,
,,,,,,,,,2021,6,3155,True,,0.56,0.03,6.8,0.56,,
0.01,,,,,,,,0.33,2021,6,3342,True,,0.6,0.01,6.88,0.6,,
,,,,,,,,,2021,6,4038,True,,1.94,0.19,27.97,1.94,,
0.07,,,,,,,,,2021,6,4351,True,,1.84,0.28,46.7,1.84,,
0.02,,,,,,,,,2021,6,5130,True,,0.67,0.04,7.68,0.67,,
,,,,,,,,,2021,6,5773,True,,0.21,0.02,2.12,0.21,,
0.03,,,,,,,,,2021,6,5880,True,,2.49,0.16,26.91,2.49,,
0.07,0.07,,,,,,,2.96,2021,6,6819,True,,5.17,0.41,70.1,5.17,0.07,
0.05,0.05,,,,,,,0.81,2021,6,6853,True,,3.44,0.27,42.4,3.44,,
,,,,,,,,,2021,6,6957,True,,2.92,0.12,29.64,2.92,,
0.07,,,,,,,,,2021,6,7547,True,,4.5,0.22,46.7,4.5,,
0.06,0.07,,,,,,,,2021,6,7564,True,,5.21,0.57,78.94,5.21,,
0.05,0.05,,,,,,,,2021,6,7565,True,,2.53,0.23,35.66,2.53,,
,,,,,,,,,2021,6,7569,True,,1.71,0.12,21.55,1.71,,
0.05,,,,,,,0.04,5.25,2021,6,7601,True,,2.71,0.22,33.39,2.71,,
0.0,,,,,,,,,2021,6,7603,True,,0.12,0.01,1.34,0.12,,
0.06,0.01,,,,,,,,2021,6,1110,True,,3.68,0.31,46.32,3.68,,
0.11,0.06,,,,,,0.07,7.6,2021,6,1352,True,,6.01,0.36,68.52,6.01,,
0.11,0.05,,,,,,,,2021,6,1426,True,,6.38,0.52,78.51,6.38,0.11,
0.12,0.06,,,,,,,,2021,6,1479,True,,6.57,0.45,74.49,6.57,,
0.05,0.05,,,,,,,3.5,2021,6,2078,True,,4.67,0.4,60.13,4.67,,
0.04,,,,,,,,0.19,2021,6,2673,True,,0.57,0.04,6.82,0.57,,
0.07,0.03,,,,,,,2.49,2021,6,3200,True,,5.0,0.33,55.04,5.0,,
,,,,,,,,0.57,2021,6,3269,True,,3.02,0.25,36.66,3.02,,
0.11,0.06,,,,,,0.06,5.93,2021,6,3321,True,,5.87,0.69,91.59,5.87,0.06,
0.05,,,,,,,,,2021,6,3328,True,,2.52,0.15,32.7,2.52,,
,,,,,,,,,2021,6,3634,True,,3.81,0.2,39.54,3.81,,
0.14,,,,,,,,,2021,6,4319,True,,2.91,0.27,37.9,2.91,,
,,,,,,,,,2021,6,4344,True,,0.99,0.03,8.7,0.99,,
0.12,0.06,,,,,,,,2021,6,5045,True,,5.31,0.45,70.67,5.31,0.06,
0.11,0.05,,,,,,,,2021,6,5846,True,,4.76,0.57,78.05,4.76,0.06,
0.07,0.07,,,,,,,,2021,6,5848,True,,4.71,0.52,70.94,4.71,,
,,,,,,,,,2021,6,6165,True,,0.15,0.01,1.58,0.15,,
0.12,0.05,,,,,,,2.75,2021,6,6801,True,,5.06,0.56,66.61,5.06,0.12,
,,,,,,,,,2021,6,6857,True,,1.44,0.08,14.12,1.44,,
0.05,,,,,,,,,2021,6,7587,True,,1.47,0.14,20.06,1.47,,
0.07,,,,,,,,,2021,6,830,True,,3.47,0.27,42.2,3.47,,
,,,,,,,,,2021,6,1244,True,,1.43,0.05,14.26,1.43,,
,,,,,,,,,2021,6,147,True,,1.97,0.06,29.61,1.97,,
0.13,0.06,,,,,,,,2021,6,2374,True,,5.84,0.47,67.85,5.84,,
0.07,,,,,,,,,2021,6,2381,True,,1.69,0.05,19.96,1.69,,
,,,,,,,,,2021,6,2822,True,,4.03,0.18,43.46,4.03,,
0.07,0.07,,,,,,,,2021,6,4068,True,,5.64,0.57,78.35,5.64,0.07,
,,,,,,,,,2021,6,4080,True,,0.58,0.04,6.02,0.58,,
,,,,,,,,,2021,6,4146,True,,0.38,0.02,4.49,0.38,,
,,,,,,,,,2021,6,4198,True,,2.58,0.14,29.86,2.58,,
,,,,,,,,,2021,6,4252,True,,1.87,0.12,21.71,1.87,,
0.05,0.05,,,,,,,,2021,6,5917,True,,3.74,0.32,54.25,3.74,,
,,,,,,,,,2021,6,627,True,,0.2,,2.2,0.2,,
,,,,,,,,,2021,6,6427,True,,0.17,0.01,1.7,0.17,,
,,,,,,,,,2021,6,6588,True,,0.21,0.01,2.03,0.21,,
,,,,,,,,1.18,2021,6,6699,True,,0.24,0.03,2.97,0.24,,
0.04,,,,,,,,,2021,6,6824,True,,2.52,0.14,33.36,2.52,,
0.11,,,,,,,,,2021,6,6870,True,,3.19,0.29,36.46,3.19,,
0.07,0.07,,,,,,0.02,2.16,2021,6,6886,True,,4.66,0.53,67.96,4.66,,
,,,,,,,,,2021,6,7066,True,,2.72,0.2,33.31,2.72,,
0.09,,,,,,,,,2021,6,7571,True,,2.58,0.21,34.72,2.58,,
,,,,,,,,,2021,6,7670,True,,1.16,0.07,14.57,1.16,,
,,,,,,,,,2021,6,7751,True,,1.2,0.11,13.35,1.2,,
,,,,,,,,,2021,6,2025,True,,3.93,0.2,39.48,3.93,,
0.06,0.06,,,,,,,,2021,6,2325,True,,3.37,0.37,50.6,3.37,,
0.12,0.06,,,,,,,2.32,2021,6,3225,True,,5.7,0.37,66.41,5.7,,
,,,,,,,,,2021,6,3433,True,,0.32,0.04,3.65,0.32,,
,,,,,,,,,2021,6,4234,True,,0.33,0.02,3.85,0.33,,
0.13,0.06,,,,,,,2.96,2021,6,4983,True,,5.94,0.46,82.81,5.94,,
,,,,,,,,,2021,6,5323,True,,0.42,0.02,5.12,0.42,,
0.07,0.07,,,,,,,1.39,2021,6,5947,True,,5.49,0.35,65.33,5.49,,
0.11,0.06,,,,,,,0.7,2021,6,6794,True,,5.49,0.64,80.41,5.49,0.11,
,,,,,,,,,2021,6,7039,True,,0.75,0.05,6.41,0.75,,
0.06,0.06,,,,,,,2.11,2021,6,7090,True,,4.45,0.3,50.11,4.45,,
,,,,,,,,3.95,2021,6,7135,True,,1.46,0.18,17.15,1.46,,
,,,,,,,,,2021,6,7210,True,,1.48,0.05,14.08,1.48,,
0.07,0.08,,,,,,,,2021,6,7526,True,,5.08,0.34,65.91,5.08,,
,,,,,,,,,2021,6,7562,True,,0.14,0.01,1.86,0.14,,
0.0,,,,,,,,,2021,6,7595,True,,0.06,0.01,0.93,0.06,,
0.1,0.08,,,,,,0.01,6.26,2021,6,7606,True,,5.36,0.37,61.96,5.36,,
0.06,0.06,,,,,,,,2021,6,1067,True,,4.61,0.42,61.23,4.61,0.06,
,,,,,,,,5.55,2021,6,1567,True,,1.95,0.08,17.55,1.95,,
0.12,0.06,,,,,,,,2021,6,1689,True,,5.38,0.54,67.43,5.38,0.06,
0.1,0.05,,,,,,,,2021,6,1992,True,,4.43,0.33,61.94,4.43,0.05,
0.14,0.07,,,,,,,,2021,6,2133,True,,7.8,0.99,93.68,7.8,0.14,
,,,,,,,,,2021,6,4177,True,,1.85,0.08,19.05,1.85,,
,,,,,,,,,2021,6,4878,True,,0.29,,3.24,0.29,,
0.06,0.06,,,,,,,0.6,2021,6,4950,True,,3.21,0.33,39.56,3.21,,
0.07,,,,,,,,,2021,6,5024,True,,2.79,0.2,36.36,2.79,,
,,,,,,,,,2021,6,5113,True,,1.23,0.12,14.54,1.23,,
0.07,,,,,,,,,2021,6,5185,True,,2.8,0.31,36.74,2.8,,
,,,,,,,,,2021,6,5199,True,,2.09,0.1,22.13,2.09,,
0.11,0.06,,,,,,,,2021,6,5927,True,,5.81,0.51,81.2,5.81,0.06,
0.13,0.06,,,,,,,3.85,2021,6,5937,True,,6.38,0.5,76.11,6.38,,
0.11,0.05,,,,,,,,2021,6,6786,True,,5.84,0.48,76.87,5.84,0.11,
0.07,,,,,,,,5.54,2021,6,6847,True,,2.84,0.24,36.37,2.84,,
,,,,,,,,,2021,6,7533,True,,0.66,0.06,10.59,0.66,,
0.01,,,,,,,,,2021,6,7540,True,,0.34,0.04,4.5,0.34,,
0.05,,,,,,,,,2021,6,928,True,,2.55,0.16,28.82,2.55,,
0.08,,,,,,,,0.77,2021,6,538,True,,4.72,0.46,62.49,4.72,,
,,,,,,,,,2021,6,4197,True,,1.04,0.05,11.2,1.04,,
0.06,0.06,,,,,,,,2021,6,1144,True,,4.63,0.28,56.18,4.63,,
,,,,,,,,,2021,6,2821,True,,0.15,0.01,1.88,0.15,,
,,,,,,,,,2021,6,3582,True,,3.9,0.1,36.85,3.9,,
,,,,,,,,,2021,6,7496,True,,0.68,0.08,8.21,0.68,,
0.12,0.06,,,,,,,,2021,6,2449,True,,7.91,0.65,94.85,7.91,0.06,
0.12,0.06,,,,,,,,2021,6,947,True,,5.21,0.41,73.42,5.21,,
,,,,,,,,,2021,6,3445,True,,1.77,0.07,20.54,1.77,,
0.11,0.06,,,,,,,,2021,6,5859,True,,4.93,0.58,76.44,4.93,0.06,
0.02,0.02,,,,,,,,2021,6,6943,True,,1.32,0.12,18.04,1.32,,
,,,,,,,,,2021,6,2214,True,,3.12,0.27,32.41,,,3.12
,,,,,,,,,2021,6,5863,True,,0.42,0.06,4.83,0.42,,
0.04,,,,,,,,,2021,6,4055,True,,2.41,0.2,27.88,,,2.41
,,,,,,,,,2021,6,7946,True,,0.48,0.04,3.54,,,0.48
0.06,,,,,,,,,2021,6,3214,True,,3.42,0.29,40.52,,0.06,3.42
0.05,,,,,,,,,2021,6,4089,True,,2.91,0.19,30.11,,,2.91
,,,,,,,,,2021,6,4221,True,,0.08,,0.72,,,0.08
,,,,,,,,,2021,6,4421,True,,0.96,0.04,6.99,,,0.96
0.03,,,,,,,,,2021,6,4571,True,,1.8,0.12,18.6,,,1.8
0.04,0.04,,,,,,,,2021,6,4602,True,,2.63,0.31,27.73,,0.04,2.63
,,,,,,,,,2021,6,5008,True,,1.92,0.1,18.09,,,1.92
,,,,,,,,,2021,6,5133,True,,3.42,0.28,32.16,,,3.42
0.03,,,,,,,,,2021,6,5878,True,,1.23,0.06,14.64,1.23,,
,,,,,,,,,2021,6,5985,True,,0.91,0.13,12.2,,,0.91
,,,,,,,,,2021,6,6146,True,,1.01,0.05,8.54,,,1.01
0.06,,,,,,,,,2021,6,1706,True,,3.21,0.18,30.79,,,3.21
0.06,0.06,,,,,,,,2021,6,2505,True,,5.99,0.45,71.7,,0.06,5.99
,,,,,,,,,2021,6,4443,True,,1.06,0.07,10.59,,,1.06
,,,,,,,,,2021,6,4741,True,,3.13,0.24,35.92,,,3.13
0.07,,,,,,,,,2021,6,5012,True,,5.0,0.57,61.3,,0.13,5.0
,,,,,,,,,2021,6,6665,True,,0.24,0.01,2.81,,,0.24
,,,,,,,,,2021,6,6865,True,,0.64,0.09,7.21,,,0.64
,,,,,,,,,2021,6,6906,True,,0.59,,6.95,0.59,,
,,,,,,,,,2021,6,7602,True,,0.68,0.05,7.23,,,0.68
0.07,,,,,,,,,2021,6,1466,True,,6.8,0.65,83.91,,0.14,6.8
,,,,,,,,,2021,6,2460,True,,2.15,0.09,23.9,,,2.15
0.04,0.05,,,,,,,,2021,6,3202,True,,2.56,0.23,26.06,,,2.56
0.06,,,,,,,,,2021,6,3271,True,,4.18,0.37,45.23,,,4.18
,,,,,,,,,2021,6,3496,True,,0.98,,9.85,,,0.98
0.06,0.05,,,,,,,,2021,6,367,True,,3.62,0.33,40.22,,,3.62
,,,,,,,,,2021,6,4189,True,,1.03,0.08,10.2,,,1.03
,,,,,,,,,2021,6,4323,True,,1.25,0.15,12.61,,,1.25
,,,,,,,,,2021,6,4531,True,,3.86,0.3,42.52,,,3.86
0.06,,,,,,,,,2021,6,4993,True,,4.25,0.34,48.87,,,4.25
,,,,,,,,,2021,6,4995,True,,1.39,0.06,10.46,,,1.39
,,,,,,,,,2021,6,5001,True,,4.41,0.39,47.3,,,4.41
0.06,0.05,,,,,,,,2021,6,5844,True,,5.06,0.32,55.71,,0.06,5.06
0.06,0.06,,,,,,,,2021,6,5857,True,,4.87,0.38,56.45,,0.06,4.87
,,,,,,,,,2021,6,5973,True,,0.76,0.04,8.4,,,0.76
,,,,,,,,,2021,6,6001,True,,0.55,,5.01,,,0.55
,,,,,,,,,2021,6,6074,True,,1.46,0.15,17.14,,,1.46
,,,,,,,,,2021,6,7216,True,,0.24,,2.48,,,
,,,,,,,,,2021,6,1619,True,,1.93,0.11,16.96,,,1.93
,,,,,,,,,2021,6,3048,True,,0.62,0.06,6.26,,,0.62
0.08,0.08,,,,,,,,2021,6,4066,True,,3.98,0.22,41.51,,,3.98
0.05,,,,,,,,,2021,6,4144,True,,2.6,0.28,29.36,,,2.6
,,,,,,,,0.4,2021,6,7050,True,,0.48,0.03,5.88,,,0.48
,,,,,,,,,2021,6,7535,True,,0.07,0.0,0.76,,,0.07
,,,,,,,,,2021,6,7716,True,,0.17,,1.55,,,0.17
,,,,,,,,,2021,6,7828,True,,0.61,,5.63,,,0.61
,,,,,,,,,2021,6,7842,True,,0.87,0.06,7.94,,,0.87
,,,,,,,,,2021,6,4054,True,,2.37,0.2,30.43,,,2.37
,,,,,,,,,2021,6,5010,True,,1.46,0.06,14.35,,,1.46
,,,,,,,,,2021,6,7600,True,,2.22,0.2,25.5,,,2.22
,,,,,,,0.08,3.78,2021,6,7694,True,,1.53,0.16,19.77,,,1.53
,,,,,,,,,2021,6,943,True,,2.11,0.18,24.9,,,2.11
,,,,,,,,,2021,6,111,True,,0.71,0.05,6.63,,,0.71
0.03,,,,,,,,,2021,6,2118,True,,1.79,0.15,17.79,,,1.79
,,,,,,,,,2021,6,2463,True,,0.2,0.02,1.64,,,0.2
,,,,,,,,,2021,6,4033,True,,2.93,0.31,34.14,,,2.93
,,,,,,,,,2021,6,4314,True,,0.4,,3.08,,,0.4
,,,,,,,,,2021,6,4362,True,,0.91,0.06,9.46,,,0.91
0.04,,,,,,,,,2021,6,5009,True,,1.16,0.07,11.9,,,1.16
,,,,,,,,,2021,6,5032,True,,1.73,0.1,20.43,,,1.73
0.04,0.04,,,,,,,,2021,6,616,True,,1.18,0.14,11.52,,,1.18
0.04,,,,,,,,,2021,6,6826,True,,2.57,0.21,26.95,,,2.57
,,,,,,,,,2021,6,6850,True,,1.78,0.14,18.38,,,1.78
0.05,,,,,,,,,2021,6,4435,True,,2.67,0.21,27.87,,,2.67
,,,,,,,,,2021,6,2446,True,,0.81,0.2,7.5,,,0.81
,,,,,,,,,2021,6,2545,True,,0.73,0.03,6.56,,,0.73
0.09,,,,,,,,,2021,6,5906,True,,4.41,0.38,48.56,,,4.41
,,,,,,,,,2021,6,6137,True,,0.44,0.03,5.13,,,0.44
,0.2,,1.31,1.35,222.27,,,8.21,2021,7,1737,True,,,,,,,
0.57,0.24,0.25,1.0,1.63,244.3,,0.19,12.88,2021,7,2152,True,,,,,,,
0.37,0.22,0.07,0.8,1.74,249.76,,0.1,3.93,2021,7,1837,True,,,,,,,
0.32,0.18,0.06,0.76,2.17,350.1,,0.09,9.41,2021,7,421,True,,,,,,,
0.55,0.31,0.06,0.62,1.99,235.24,0.06,0.37,63.12,2021,7,4881,True,,,,,,,
0.31,0.19,0.06,0.62,2.04,268.54,,0.3,19.21,2021,7,1049,True,,,,,,,
0.01,0.01,,0.01,0.02,2.41,,0.06,6.98,2021,7,2307,True,,,,,,,
0.33,0.2,0.07,0.99,1.39,214.73,,0.11,2.72,2021,7,3163,True,,,,,,,
0.62,0.31,0.06,0.9,1.68,263.24,,0.24,19.84,2021,7,4943,True,,,,,,,
0.68,0.37,0.06,0.87,1.47,235.68,0.06,0.18,30.39,2021,7,5870,True,,,,,,,
0.55,0.27,0.07,0.71,2.1,269.31,,0.1,8.06,2021,7,6770,True,,,,,,,
0.57,0.28,,0.75,1.81,288.0,,0.04,4.9,2021,7,7527,True,,,,,,,
0.52,0.26,,0.92,1.39,173.67,,0.22,26.41,2021,7,7591,True,,,,,,,
0.32,0.18,0.12,0.44,2.28,308.17,,0.2,12.73,2021,7,96,True,,,,,,,
0.5,0.29,0.07,0.78,1.96,276.33,,0.08,8.92,2021,7,2028,True,,,,,,,
0.14,,,0.34,1.7,228.77,,0.1,9.49,2021,7,2711,True,,,,,,,
0.34,0.17,0.12,0.41,2.63,332.3,0.06,0.18,18.48,2021,7,4046,True,,,,,,,
0.37,0.13,0.06,0.59,1.51,232.09,0.07,0.39,51.19,2021,7,6904,True,,,,,,,
,,,1.18,1.23,194.02,,0.05,2.0,2021,7,7585,True,,,,,,,
0.42,0.18,0.06,0.78,1.98,285.37,,0.05,3.66,2021,7,24,True,,,,,,,
0.36,0.22,0.07,0.88,1.85,262.85,,0.11,10.86,2021,7,6768,True,,,,,,,
0.77,0.47,0.08,1.02,1.76,253.54,,0.17,13.34,2021,7,3161,True,,,,,,,
0.55,0.28,0.05,0.56,2.03,271.14,0.15,0.53,57.25,2021,7,5849,True,,,,,,,
0.81,0.37,,0.64,1.54,240.83,,0.24,14.93,2021,7,7538,True,,,,,,,
0.78,0.31,,0.82,1.49,237.01,,0.16,18.96,2021,7,1373,True,,,,,,,
0.48,0.25,,0.82,1.71,240.2,,0.24,15.3,2021,7,2306,True,,,,,,,
,,,,,,,0.48,59.69,2021,7,6694,True,2.17,2.17,0.02,15.61,,,
,,,,,,,0.28,42.49,2021,7,7588,True,1.35,1.35,0.04,11.2,,,
,,,,,,,,0.77,2021,7,6334,True,,,,,,,
0.13,0.06,,,,,,0.29,53.37,2021,7,2320,True,1.35,1.35,0.04,7.38,,,
,,,,,,,0.04,14.11,2021,7,5076,True,0.51,0.51,,3.28,,,
,,,,,,,,,2021,7,6323,True,,0.07,,0.67,,,0.07
,,,,,,,0.02,8.45,2021,7,7609,True,4.19,4.19,0.13,31.84,,,
,,,,,,,0.31,56.04,2021,7,2168,True,1.56,1.56,0.04,16.53,,,
0.06,,,,,,,0.14,25.31,2021,7,4149,True,1.44,1.44,0.04,12.13,,,
0.07,0.04,,,,,,0.14,19.85,2021,7,5052,True,0.59,0.59,0.03,4.03,,,
0.11,0.05,,,,,,0.35,54.21,2021,7,6151,True,2.75,2.75,0.06,23.41,,,
0.11,0.05,,,,,0.05,0.53,58.0,2021,7,6945,True,2.23,2.23,0.05,19.56,,,
,,,,,,,0.26,61.16,2021,7,7561,True,1.87,1.87,0.08,15.56,,,
,,,,,,,0.11,18.74,2021,7,7593,True,0.42,0.42,0.01,3.26,,,
0.12,0.02,,,,,,0.3,48.27,2021,7,7607,True,1.87,1.87,0.07,15.34,,,
0.05,,,,,,,0.06,15.3,2021,7,2161,True,1.61,1.61,0.04,13.02,,,
0.09,0.04,,,,,,0.1,10.7,2021,7,2391,True,1.31,1.31,0.07,11.58,,,
0.07,0.09,,,,,,0.51,68.44,2021,7,3969,True,4.18,4.18,0.11,27.28,,,
0.09,0.06,,,,,,0.59,62.0,2021,7,4137,True,1.46,1.46,0.04,10.73,,,
,0.01,,,,,,0.08,11.34,2021,7,4147,True,0.33,0.33,0.01,1.67,,,
0.05,0.05,,,,,,0.19,52.74,2021,7,4962,True,0.83,0.83,,5.49,,,
,,,,,,,0.04,8.21,2021,7,5046,True,0.39,0.39,0.01,3.05,,,
0.07,0.07,,,,,,0.5,79.4,2021,7,5890,True,1.14,1.14,0.01,8.81,,,
,,,,,,,,0.27,2021,7,6109,True,,0.93,,7.9,,,
,,,,,,,,,2021,7,6379,True,0.26,0.26,,2.06,,,
,,,,,,,0.14,9.29,2021,7,7537,True,,,,,,,
0.05,0.05,,,,,,0.1,12.62,2021,7,7567,True,2.96,2.96,0.1,23.89,,,
0.05,,,,,,,0.04,4.49,2021,7,1386,True,2.96,2.96,0.07,23.73,,,
,,,,,,,,,2021,7,1387,True,0.51,0.51,0.02,3.96,,,
0.07,,,,,,,0.37,55.9,2021,7,2431,True,2.89,2.89,0.06,23.84,,,
0.2,0.07,,,,,0.07,1.0,102.17,2021,7,3198,True,2.18,2.18,0.13,15.23,,,
0.08,0.04,,,,,,0.17,20.35,2021,7,3242,True,1.9,1.9,0.09,13.6,,,
,,,,,,,0.05,5.05,2021,7,3868,True,1.23,1.23,0.07,11.28,,,
0.02,,,,,,,0.01,3.46,2021,7,5122,True,0.55,0.55,0.02,4.22,,,
0.02,0.03,,,,,,0.06,14.05,2021,7,5170,True,0.29,0.29,,2.08,,,
,,,,,,,,4.55,2021,7,5271,True,,,,,,,
0.23,0.15,,,,,,0.73,88.22,2021,7,5916,True,3.12,3.12,0.08,24.01,,,
,,,,,,,,3.55,2021,7,6068,True,0.5,0.5,,3.43,,0.2,
,,,,,,,0.04,12.5,2021,7,7064,True,0.83,0.83,0.03,5.84,,,
,0.01,,,,,,0.08,14.49,2021,7,7098,True,0.45,0.45,0.01,3.35,,,
,,,,,,,0.02,4.09,2021,7,7529,True,0.32,0.32,,2.78,,0.19,
0.09,,,,,,,0.1,19.72,2021,7,1833,True,1.7,1.7,0.05,12.76,,,
,,,,,,,,2.06,2021,7,2073,True,,0.52,,2.89,,,
0.11,,,,,,,0.11,18.41,2021,7,3664,True,4.42,4.42,0.09,28.28,,,
,,,,,,,0.05,5.45,2021,7,3803,True,,0.65,0.01,2.5,,,
0.05,,,,,,,0.12,40.82,2021,7,5000,True,4.36,4.36,0.21,37.39,,,
0.08,0.04,,,,,,0.21,26.08,2021,7,5980,True,2.75,2.75,0.06,22.31,,,
0.14,0.07,,,,,0.05,0.41,45.54,2021,7,6790,True,4.48,4.48,0.19,38.49,,,
0.18,0.06,,,,,0.06,0.76,76.84,2021,7,6813,True,1.97,1.97,0.08,17.45,,,
0.04,0.04,,,,,,0.31,44.7,2021,7,6828,True,1.48,1.48,,8.2,,,
0.03,,,,,,,0.03,8.55,2021,7,6918,True,2.25,2.25,0.08,13.82,,,
0.01,0.01,,,,,,0.04,4.55,2021,7,7572,True,0.19,0.19,0.01,1.57,,,
,,,,,,,0.12,4.47,2021,7,1379,True,,1.83,0.08,18.09,,,
0.15,,,,,,,0.3,54.43,2021,7,3209,True,2.93,2.93,0.1,22.33,,,
0.14,0.07,,,,,,0.41,68.85,2021,7,4018,True,3.23,3.23,0.12,25.7,,,
0.04,,,,,,,0.1,18.69,2021,7,4152,True,0.28,0.28,,1.83,,,
0.13,0.06,,,,,0.07,0.79,76.77,2021,7,4199,True,4.04,4.04,0.16,36.1,,,
,,,,,,,0.06,5.58,2021,7,5163,True,0.3,0.3,,2.25,,,
,,,,,,,,1.26,2021,7,5220,True,,,,,,,
0.08,0.08,,,,,,0.15,16.51,2021,7,5347,True,2.81,2.81,0.14,21.24,,,
0.12,,,,,,,0.28,68.44,2021,7,5549,True,3.03,3.03,0.11,17.32,,,
0.05,,,,,,,0.11,21.66,2021,7,6039,True,1.36,1.36,0.04,8.33,,,
0.01,,,,,,,0.01,1.49,2021,7,6908,True,,,,,,,
,,,,,,,0.01,4.08,2021,7,6996,True,,,,,,,
0.12,0.15,,,,,,0.49,73.26,2021,7,7594,True,2.48,2.48,,20.54,,,
,,,,,,,0.36,33.57,2021,7,7608,True,0.81,0.81,0.05,10.39,,,
0.09,,,,,,,0.11,7.94,2021,7,1034,True,2.43,2.43,0.09,19.59,,0.08,
,,,,,,,0.28,33.16,2021,7,1535,True,4.02,4.02,0.21,35.52,,,
,,,,,,,,,2021,7,2359,True,0.53,0.53,,3.34,,,
0.06,,,,,,,0.13,24.24,2021,7,2588,True,0.39,0.39,0.02,3.22,,,
0.1,0.04,,,,,0.05,0.54,56.08,2021,7,5850,True,2.21,2.21,0.08,18.53,,,
,,,,,,,0.09,8.64,2021,7,6973,True,0.77,0.77,0.01,2.75,,,
,,,,,,,,1.6,2021,7,7087,True,,,,,,,
,0.01,,,,,,0.04,5.36,2021,7,7794,True,1.36,1.36,0.06,11.25,,,
,,,,,,,0.1,15.14,2021,7,6931,True,1.77,1.77,0.07,15.71,,,
0.08,0.02,,,,,,0.2,30.1,2021,7,4985,True,1.5,1.5,0.02,11.1,,,
,,,,,,,0.11,6.24,2021,7,6012,True,1.55,1.55,0.01,6.85,,,
,,,,,,,,,2021,7,2399,True,,1.86,0.07,19.09,1.86,,
,0.07,,,,,,0.42,59.25,2021,7,3327,True,1.17,1.17,0.01,6.69,,,
,,,,,,,0.36,42.1,2021,7,956,True,0.58,0.58,,2.58,,,
0.14,0.07,,,,,0.07,0.68,68.61,2021,7,4035,True,5.38,5.38,0.19,47.02,,0.06,
0.06,,,,,,,,,2021,7,3328,True,,3.09,0.18,40.13,3.09,,
,,,,,,,,,2021,7,7210,True,,2.67,0.12,25.46,2.67,,
,,,,,,,,,2021,7,5828,True,,0.53,0.03,6.0,0.53,,
0.06,,,,,,,,,2021,7,6824,True,,4.0,0.34,52.86,4.0,,
0.08,,,,,,,,,2021,7,4351,True,,3.74,0.35,49.13,3.74,,
,,,,,,,,,2021,7,7533,True,,1.38,0.12,22.17,1.38,,
0.11,0.05,,,,,,,,2021,7,1825,True,,5.55,0.3,63.52,5.55,,
0.14,0.07,,,,,,,,2021,7,5045,True,,4.95,0.41,65.93,4.95,0.07,
,,,,,,,,,2021,7,1071,True,,2.57,0.14,28.41,2.57,,
0.11,0.06,,,,,,,,2021,7,2216,True,,5.31,0.63,74.65,5.31,0.11,
0.06,,,,,,,,,2021,7,2381,True,,1.31,0.04,15.43,1.31,,
0.12,0.06,,,,,,,1.95,2021,7,3225,True,,4.88,0.27,52.5,4.88,,
0.11,0.05,,,,,,0.06,5.95,2021,7,3321,True,,5.89,0.69,91.89,5.89,0.05,
,,,,,,,,,2021,7,4080,True,,1.36,0.1,14.12,1.36,,
0.02,,,,,,,,0.15,2021,7,4171,True,,1.17,0.05,14.58,1.17,,
,,,,,,,,,2021,7,4252,True,,0.48,0.03,5.59,0.48,,
0.04,,,,,,,,0.16,2021,7,4622,True,,1.55,0.09,19.63,1.55,,
0.06,0.06,,,,,,,0.81,2021,7,4950,True,,4.32,0.44,53.2,4.32,,
0.11,0.05,,,,,,,,2021,7,4981,True,,5.79,0.5,81.4,5.79,0.05,
0.05,0.05,,,,,,,,2021,7,5917,True,,3.79,0.32,50.88,3.79,,
0.01,,,,,,,,,2021,7,5965,True,,0.27,0.03,3.91,0.27,,
0.07,0.06,,,,,,,,2021,7,6149,True,,3.75,0.29,54.26,3.75,,
0.04,,,,,,,,,2021,7,6271,True,,2.68,0.13,32.41,2.68,,
0.11,,,,,,,,,2021,7,6870,True,,3.7,0.34,42.23,3.7,,
,,,,,,,,,2021,7,6957,True,,1.82,0.07,18.5,1.82,,
0.07,0.07,,,,,,,,2021,7,7564,True,,5.08,0.52,70.34,5.08,,
,,,,,,,,,2021,7,7569,True,,2.56,0.18,32.23,2.56,,
,,,,,,,,,2021,7,7757,True,,0.76,0.05,10.68,0.76,,
0.11,0.05,,,,,,,,2021,7,947,True,,5.09,0.4,71.82,5.09,,
0.1,0.05,,,,,,0.06,8.09,2021,7,1352,True,,6.6,0.39,72.88,6.6,,
0.11,0.06,,,,,,,,2021,7,1992,True,,4.11,0.3,57.45,4.11,0.05,
0.05,0.05,,,,,,,,2021,7,2325,True,,3.12,0.34,47.04,3.12,,
0.06,0.06,,,,,,,0.5,2021,7,2410,True,,3.31,0.22,36.13,3.31,,
,,,,,,,,,2021,7,2822,True,,2.44,0.14,26.26,2.44,,
,,,,,,,,0.57,2021,7,3269,True,,2.93,0.34,35.64,2.93,,
0.12,0.05,,,,,,,,2021,7,4037,True,,6.12,0.6,76.94,6.12,0.06,
0.13,0.07,,,,,,,3.45,2021,7,4039,True,,6.97,0.57,90.75,6.97,,
,,,,,,,,,2021,7,5241,True,,0.91,0.05,10.13,0.91,,
0.12,0.06,,,,,,,,2021,7,5927,True,,5.54,0.48,77.43,5.54,0.06,
0.07,0.07,,,,,,,1.49,2021,7,5947,True,,5.9,0.3,79.08,5.9,,
,,,,,,,,,2021,7,6427,True,,1.43,0.11,14.41,1.43,,
0.01,,,,,,,,,2021,7,6744,True,,0.32,0.01,3.75,0.32,,
0.07,,,,,,,,5.57,2021,7,6847,True,,2.86,0.24,36.61,2.86,,
0.06,0.06,,,,,,,,2021,7,7525,True,,4.76,0.44,65.36,4.76,,
0.07,0.08,,,,,,,,2021,7,7526,True,,5.51,0.32,64.97,5.51,,
0.13,,,,,,,,,2021,7,7571,True,,3.63,0.27,48.82,3.63,,
0.11,,,,,,,,,2021,7,7587,True,,2.72,0.23,37.1,2.72,,
0.05,0.04,,,,,,,,2021,7,2078,True,,3.49,0.31,50.83,3.49,,
,,,,,,,,,2021,7,3297,True,,0.85,0.04,9.9,0.85,,
0.1,0.05,,,,,,,1.04,2021,7,3423,True,,4.01,0.3,54.39,4.01,,
0.14,0.07,,,,,,,,2021,7,4036,True,,4.13,0.32,63.35,4.13,,
0.06,,,,,,,,,2021,7,491,True,,1.62,0.05,21.27,1.62,,
0.13,0.06,,,,,,,2.93,2021,7,4983,True,,5.86,0.45,81.74,5.86,,
,,,,,,,,5.42,2021,7,4992,True,,3.93,0.24,48.93,3.93,,
,,,,,,,,,2021,7,5121,True,,0.93,0.07,10.67,0.93,,
0.1,0.05,,,,,,,,2021,7,5859,True,,5.04,0.59,78.07,5.04,0.05,
,,,,,,,,,2021,7,6069,True,,0.13,,0.86,0.13,,
,,,,,,,,1.27,2021,7,6699,True,,0.25,0.04,3.19,0.25,,
0.11,0.06,,,,,,,2.11,2021,7,6801,True,,3.89,0.43,51.26,3.89,0.11,
,,,,,,,,,2021,7,6927,True,,2.67,0.22,39.2,2.67,,
,,,,,,,,,2021,7,7496,True,,2.8,0.31,33.56,2.8,,
0.07,,,,,,,,,2021,7,7547,True,,4.03,0.21,51.76,4.03,,
0.05,,,,,,,0.06,7.06,2021,7,7601,True,,3.64,0.29,44.9,3.64,,
0.05,,,,,,,,,2021,7,7603,True,,1.8,0.15,20.4,1.8,,
,,,,,,,,,2021,7,147,True,,2.33,0.07,34.95,2.33,,
0.13,0.04,,,,,,,,2021,7,2133,True,,5.75,0.6,69.07,5.75,0.13,
0.04,,,,,,,,0.17,2021,7,2673,True,,0.5,0.03,6.02,0.5,,
,,,,,,,,,2021,7,3286,True,,2.58,0.17,30.14,2.58,,
0.01,,,,,,,,0.29,2021,7,3342,True,,0.53,0.01,6.04,0.53,,
,,,,,,,,,2021,7,3433,True,,1.54,0.2,17.9,1.54,,
,,,,,,,,,2021,7,4038,True,,1.84,0.14,26.51,1.84,,
0.06,0.07,,,,,,,0.48,2021,7,5110,True,,3.98,0.25,44.82,3.98,,
0.02,,,,,,,,,2021,7,5130,True,,0.56,0.03,6.35,0.56,,
,,,,,,,,,2021,7,5199,True,,2.11,0.1,22.39,2.11,,
,,,,,,,,,2021,7,5323,True,,0.46,0.03,5.57,0.46,,
0.06,0.07,,,,,,,,2021,7,5848,True,,4.9,0.53,70.4,4.9,,
0.08,0.08,,,,,,,,2021,7,5955,True,,5.57,0.25,57.83,5.57,,
,,,,,,,,,2021,7,6588,True,,0.17,0.01,1.65,0.17,,
0.04,0.04,,,,,,,1.37,2021,7,6798,True,,2.58,0.15,34.5,2.58,,
0.08,0.08,,,,,,,2.96,2021,7,6819,True,,5.14,0.38,69.7,5.14,0.08,
0.0,0.0,,,,,,,,2021,7,6849,True,,0.22,0.02,2.53,0.22,,
0.04,0.04,,,,,,,0.81,2021,7,6853,True,,3.45,0.27,42.46,3.45,,
,,,,,,,,,2021,7,1244,True,,1.23,0.04,12.37,1.23,,
0.1,0.06,,,,,,,,2021,7,1426,True,,6.12,0.52,75.87,6.12,0.1,
,,,,,,,,,2021,7,2025,True,,1.55,0.04,15.55,1.55,,
0.16,0.08,,,,,,,,2021,7,2197,True,,4.82,0.3,63.5,4.82,,
,,,,,,,,,2021,7,3445,True,,1.85,0.08,21.49,1.85,,
,,,,,,,,,2021,7,4177,True,,2.37,,24.32,2.37,,
0.21,,,,,,,,,2021,7,4319,True,,3.39,0.27,44.14,3.39,,
0.1,,,,,,,,,2021,7,4454,True,,3.08,0.11,37.02,3.08,,
,,,,,,,,,2021,7,5154,True,,2.23,0.09,24.62,2.23,,
0.07,,,,,,,,,2021,7,5185,True,,2.87,0.32,37.62,2.87,,
0.1,0.05,,,,,,0.05,5.42,2021,7,6803,True,,4.36,0.32,55.21,4.36,0.05,
0.05,,,,,,,,,2021,7,6960,True,,2.34,0.21,35.13,2.34,,
,,,,,,,,,2021,7,7562,True,,0.17,0.01,2.2,0.17,,
0.05,,,,,,,,,2021,7,928,True,,3.27,0.2,36.79,3.27,,
,,,,,,,,,2021,7,1346,True,,1.37,0.08,20.13,1.37,,
,0.01,,,,,,,,2021,7,2750,True,,1.8,0.09,16.2,1.8,,
,,,,,,,,,2021,7,3634,True,,3.34,0.17,34.75,3.34,,
0.05,,,,,,,,,2021,7,5007,True,,1.35,0.13,18.4,1.35,,
,,,,,,,,,2021,7,5773,True,,1.77,0.19,18.2,1.77,,
0.14,0.07,,,,,,0.05,6.5,2021,7,5872,True,,5.81,0.52,74.38,5.81,0.07,
0.05,,,,,,,,,2021,7,6148,True,,2.52,0.21,36.73,2.52,,
,,,,,,,,,2021,7,6857,True,,2.52,0.11,24.71,2.52,,
,,,,,,,,,2021,7,7049,True,,0.69,0.05,6.65,0.69,,
0.06,0.06,,,,,,,1.73,2021,7,7090,True,,3.86,0.25,49.22,3.86,,
0.01,,,,,,,,,2021,7,7540,True,,0.37,0.04,4.9,0.37,,
0.05,,,,,,,,,2021,7,7596,True,,3.15,0.24,41.45,3.15,,
,,,,,,,,,2021,7,7713,True,,1.29,0.12,13.49,1.29,,
,,,,,,,,,2021,7,7751,True,,0.68,0.06,7.64,0.68,,
,,,,,,,,,2021,7,7944,True,,0.45,0.02,5.09,0.45,,
0.06,,,,,,,,,2021,7,830,True,,4.04,0.32,49.17,4.04,,
,,,,,,,,,2021,7,1555,True,,3.06,0.18,42.75,3.06,,
0.12,0.06,,,,,,,,2021,7,5846,True,,4.7,0.56,76.96,4.7,0.06,
,,,,,,,,,2021,7,6989,True,,4.51,0.37,53.5,4.51,,
,,,,,,,,3.99,2021,7,7135,True,,1.47,0.18,17.31,1.47,,
0.12,0.06,,,,,,,,2021,7,2374,True,,5.5,0.44,63.91,5.5,,
,,,,,,,,,2021,7,5938,True,,1.0,0.05,9.26,1.0,,
0.04,,,,,,,,,2021,7,5026,True,,1.92,0.16,25.92,1.92,,
,,,,,,,,,2021,7,5902,True,,0.54,0.02,6.07,0.54,,
,,,,,,,,,2021,7,4033,True,,2.8,0.29,32.65,,,2.8
,,,,,,,,,2021,7,4189,True,,0.79,0.06,7.89,,,0.79
0.06,0.06,,,,,,,,2021,7,5857,True,,4.01,0.32,46.44,,0.06,4.01
,,,,,,,,,2021,7,6850,True,,1.68,0.13,17.34,,,1.68
0.04,0.04,,,,,,,,2021,7,3202,True,,2.58,0.24,26.28,,,2.58
,,,,,,,,,2021,7,111,True,,0.77,0.05,7.23,,,0.77
,,,,,,,,,2021,7,2460,True,,2.46,0.2,27.31,,,2.46
0.05,,,,,,,,,2021,7,3271,True,,4.68,0.41,50.67,,,4.68
,,,,,,,,,2021,7,4995,True,,1.43,0.06,10.69,,,1.43
,,,,,,,,,2021,7,6146,True,,1.0,0.05,8.42,,,1.0
,,,,,,,,,2021,7,7946,True,,0.38,0.03,2.88,,,0.38
0.04,0.05,,,,,,,,2021,7,1339,True,,3.35,0.22,33.87,,,3.35
,,,,,,,,,2021,7,2446,True,,0.86,0.21,7.95,,,0.86
,,,,,,,,,2021,7,2545,True,,0.78,0.03,6.96,,,0.78
0.05,,,,,,,,,2021,7,4055,True,,2.81,0.22,32.59,,,2.81
0.07,0.07,,,,,,,,2021,7,4066,True,,3.73,0.21,38.93,,,3.73
0.05,,,,,,,,,2021,7,4144,True,,2.7,0.3,30.38,,,2.7
,,,,,,,,,2021,7,5008,True,,1.19,0.06,11.19,,,1.19
0.07,,,,,,,,,2021,7,5012,True,,5.39,0.62,62.83,,0.13,5.39
,,,,,,,,,2021,7,5863,True,,0.14,0.02,1.59,0.14,,
0.03,,,,,,,,,2021,7,5878,True,,1.32,0.07,15.72,1.32,,
0.07,,,,,,,,,2021,7,1466,True,,7.02,0.71,91.84,,0.14,7.02
0.05,,,,,,,,,2021,7,1706,True,,2.13,0.12,20.42,,,2.13
,,,,,,,,,2021,7,4085,True,,0.12,0.02,1.27,,,0.12
,,,,,,,,,2021,7,4362,True,,0.33,,3.52,,,0.33
,,,,,,,,,2021,7,5973,True,,0.78,0.05,8.6,,,0.78
,,,,,,,,,2021,7,5985,True,,2.2,0.24,29.46,,,2.2
,,,,,,,,,2021,7,7075,True,,0.3,,3.03,,,0.3
,,,,,,,,,2021,7,7602,True,,0.82,0.06,8.73,,,0.82
,,,,,,,,,2021,7,2214,True,,2.92,0.24,30.36,,,2.92
,,,,,,,,,2021,7,2422,True,,0.73,,3.96,,,0.73
,,,,,,,,,2021,7,2463,True,,0.18,0.01,1.44,,,0.18
,,,,,,,,,2021,7,4531,True,,4.0,0.28,44.11,,,4.0
0.07,,,,,,,,,2021,7,4993,True,,4.52,0.36,52.01,,,4.52
,,,,,,,,,2021,7,5285,True,,0.73,0.06,8.59,,,0.73
,,,,,,,,,2021,7,6001,True,,0.45,,4.14,,,0.45
,,,,,,,,,2021,7,6181,True,,0.32,,3.33,,,0.32
,,,,,,,,,2021,7,7828,True,,0.61,,5.73,,,0.61
,,,,,,,,,2021,7,1425,True,,1.55,0.13,15.34,,,1.55
,,,,,,,,,2021,7,1619,True,,0.72,0.03,6.39,,,0.72
0.06,,,,,,,,,2021,7,3214,True,,3.91,0.33,46.16,,0.06,3.91
,,,,,,,,,2021,7,4054,True,,2.46,0.22,31.73,,,2.46
0.05,,,,,,,,,2021,7,4435,True,,2.52,0.2,26.31,,,2.52
,,,,,,,,,2021,7,4443,True,,0.86,0.06,8.62,,,0.86
0.07,0.07,,,,,,,,2021,7,5022,True,,3.94,0.33,46.11,,,3.94
,,,,,,,,,2021,7,5032,True,,1.41,0.08,16.63,,,1.41
,,,,,,,,0.42,2021,7,7050,True,,0.52,0.03,6.34,,,0.52
0.06,,,,,,,,,2021,7,7553,True,,4.8,0.4,53.28,,,4.8
0.04,0.05,,,,,,,,2021,7,4602,True,,2.89,0.34,30.34,,0.04,2.89
0.06,,,,,,,,,2021,7,4973,True,,2.94,0.24,29.61,,,2.94
0.07,0.07,,,,,,,,2021,7,5844,True,,4.48,0.37,49.36,,0.07,4.48
0.06,,,,,,,,,2021,7,6826,True,,2.97,0.25,31.16,,,2.97
,,,,,,,0.02,2.9,2021,7,7694,True,,1.95,0.16,29.96,,,1.95
,,,,,,,,,2021,7,7716,True,,0.15,,1.39,,,0.15
,,,,,,,,,2021,7,943,True,,2.08,0.17,24.56,,,2.08
,,,,,,,,,2021,7,7427,True,,0.18,,1.78,,,0.18
,,,,,,,,,2021,7,6865,True,,0.64,0.09,7.27,,,0.64
,,,,,,,,,2021,7,7002,True,,1.57,0.17,16.97,,,1.57
0.05,,,,,,,,,2021,7,4089,True,,2.93,0.24,30.4,,,2.93
,,,,,,,,,2021,7,5010,True,,1.47,0.06,14.49,,,1.47
,,,,,,,,,2021,7,6869,True,,2.13,0.19,23.06,,,2.13
0.61,0.31,0.06,0.88,2.09,301.37,0.12,0.41,44.12,2021,8,5849,True,,,,,,,
0.29,0.17,0.12,0.41,2.03,253.76,,0.17,10.84,2021,8,96,True,,,,,,,
0.55,0.18,0.14,0.83,2.07,286.55,,0.07,9.79,2021,8,1166,True,,,,,,,
0.42,0.25,0.08,0.91,1.92,275.58,,0.1,3.77,2021,8,1837,True,,,,,,,
0.76,0.45,0.08,1.42,1.93,289.47,,0.18,13.74,2021,8,3161,True,,,,,,,
0.36,0.21,0.07,0.87,1.68,240.04,,0.12,12.58,2021,8,6768,True,,,,,,,
0.37,0.13,0.06,0.58,1.53,242.41,0.07,0.4,52.94,2021,8,6904,True,,,,,,,
0.8,0.27,,1.01,1.13,190.35,,0.1,6.21,2021,8,5089,True,,,,,,,
0.58,0.29,,0.77,1.76,279.49,,0.04,4.46,2021,8,7527,True,,,,,,,
0.49,0.25,,0.72,1.48,192.19,,0.17,20.4,2021,8,7591,True,,,,,,,
0.33,0.2,0.07,0.83,1.51,244.48,,0.14,3.41,2021,8,3163,True,,,,,,,
0.3,0.18,0.06,0.75,2.3,339.98,,0.08,8.42,2021,8,421,True,,,,,,,
0.29,0.2,0.06,0.77,1.78,235.4,,0.03,4.11,2021,8,4892,True,,,,,,,
0.61,0.23,0.06,0.95,1.79,280.79,,0.04,9.16,2021,8,4943,True,,,,,,,
0.01,0.0,,0.02,0.03,5.97,,0.1,8.15,2021,8,7610,True,,,,,,,
0.3,0.18,0.06,0.59,1.89,248.23,,0.28,17.72,2021,8,1049,True,,,,,,,
0.52,0.3,,1.17,1.69,253.7,,0.33,15.04,2021,8,2306,True,,,,,,,
0.39,0.22,0.06,0.74,1.81,288.82,,0.05,3.77,2021,8,24,True,,,,,,,
0.44,0.22,0.11,0.69,1.87,259.94,,0.22,27.56,2021,8,6797,True,,,,,,,
0.59,0.29,,0.65,1.9,245.69,,0.14,15.85,2021,8,7523,True,,,,,,,
,,,1.05,0.91,212.87,,,3.93,2021,8,7585,True,,,,,,,
0.49,0.14,0.06,0.67,2.15,276.74,,0.13,10.13,2021,8,6770,True,,,,,,,
0.86,0.35,,1.01,1.45,256.74,,0.21,24.95,2021,8,1373,True,,,,,,,
0.53,0.22,0.23,0.92,1.7,255.75,,0.22,15.39,2021,8,2152,True,,,,,,,
0.14,,,0.34,1.73,233.21,,0.1,9.67,2021,8,2711,True,,,,,,,
0.52,0.27,0.11,0.75,2.36,287.16,0.07,0.39,32.31,2021,8,4984,True,,,,,,,
0.34,0.16,0.11,0.46,2.73,310.1,0.06,0.19,19.92,2021,8,4046,True,,,,,,,
0.78,0.32,0.07,0.9,1.56,249.49,0.06,0.18,30.65,2021,8,5870,True,,,,,,,
0.07,,,,,,,0.13,45.74,2021,8,5000,True,4.77,4.77,0.24,40.83,,,
0.03,0.03,,,,,,0.21,30.07,2021,8,6828,True,1.26,1.26,,6.99,,,
0.13,0.07,,,,,0.06,0.71,68.03,2021,8,4199,True,3.46,3.46,0.14,30.86,,,
0.01,0.01,,,,,,0.03,3.8,2021,8,7572,True,0.16,0.16,0.01,1.31,,,
,,,,,,,,1.4,2021,8,7087,True,,,,,,,
0.07,0.07,,,,,,0.67,45.12,2021,8,4137,True,2.5,2.5,0.07,18.44,,,
,,,,,,,,,2021,8,2359,True,0.5,0.5,,3.18,,,
0.19,0.09,,,,,,0.28,28.96,2021,8,2391,True,3.11,3.11,0.15,27.52,,,
0.02,,,,,,,0.03,4.4,2021,8,4994,True,0.07,0.07,,0.44,,,
,,,,,,,0.02,2.19,2021,8,5163,True,0.07,0.07,,0.5,,,
0.05,0.05,,,,,,0.18,38.21,2021,8,6130,True,2.98,2.98,0.09,23.29,,,
,,,,,,,,,2021,8,6323,True,,0.08,,0.8,,,0.08
,,,,,,,0.05,7.86,2021,8,6931,True,0.61,0.61,0.02,5.41,,,
,,,,,,,0.29,69.74,2021,8,7561,True,1.36,1.36,0.05,11.36,,,
0.11,0.06,,,,,,0.22,38.18,2021,8,7567,True,4.21,4.21,0.15,32.89,,,
,,,,,,,,0.49,2021,8,7574,True,0.07,0.07,,0.63,,0.03,
,,,,,,,0.03,4.37,2021,8,7720,True,0.19,0.19,,1.77,,0.09,
,0.01,,,,,,0.17,20.09,2021,8,956,True,0.85,0.85,0.02,3.75,,,
0.09,,,,,,,0.12,25.22,2021,8,1833,True,1.9,1.9,0.06,14.35,,,
,,,,,,,,2.12,2021,8,2073,True,,0.53,,2.97,,,
0.07,,,,,,,0.14,29.27,2021,8,2257,True,1.11,1.11,0.05,8.36,,,
0.11,0.05,,,,,,0.29,54.45,2021,8,2320,True,1.61,1.61,0.05,8.82,,,
0.05,0.02,,,,,,0.19,39.16,2021,8,2431,True,2.81,2.81,0.06,23.19,,,
,,,,,,,0.45,61.97,2021,8,3327,True,1.25,1.25,,7.19,,,
0.14,0.06,,,,,0.06,0.57,58.29,2021,8,4035,True,6.63,6.63,0.24,57.92,,0.08,
,,,,,,,,4.07,2021,8,5271,True,,,,,,,
0.25,0.17,,,,,,0.71,86.2,2021,8,5916,True,3.38,3.38,0.08,26.04,,,
0.15,0.08,,,,,,0.28,39.49,2021,8,5980,True,3.85,3.85,0.16,31.25,,,
0.06,,,,,,,0.07,10.63,2021,8,6878,True,1.34,1.34,,10.08,,,
,,,,,,,0.08,0.41,2021,8,7204,True,,0.29,,2.78,,,
,,,,,,,0.03,2.05,2021,8,7537,True,,,,,,,
,0.02,,,,,,0.46,75.55,2021,8,7608,True,1.86,1.86,0.05,14.91,,,
0.11,,,,,,,0.08,6.31,2021,8,1034,True,3.38,3.38,0.12,27.16,,0.13,
,,,,,,,0.34,42.88,2021,8,1535,True,4.9,4.9,0.25,40.66,,,
0.11,0.05,,,,,0.05,0.66,74.75,2021,8,3164,True,2.04,2.04,0.04,17.44,,,
0.08,0.07,,,,,,0.59,69.54,2021,8,3969,True,3.92,3.92,0.1,25.62,,,
0.12,0.06,,,,,0.14,0.8,90.69,2021,8,4029,True,3.22,3.22,0.12,27.43,,,
,,,,,,,0.32,39.15,2021,8,4147,True,1.8,1.8,0.02,9.15,,,
,,,,,,,0.01,1.42,2021,8,4718,True,0.29,0.29,,1.71,,,
0.11,0.06,,,,,0.06,0.71,84.26,2021,8,4988,True,2.05,2.05,0.07,17.87,,,
,,,,,,,0.01,4.68,2021,8,5076,True,0.15,0.15,,0.97,,,
0.09,,,,,,,0.34,42.49,2021,8,5967,True,1.76,1.76,0.06,11.41,,,
,,,,,,,,,2021,8,6202,True,,0.3,0.05,1.64,,,
0.13,0.06,,,,,,0.45,50.53,2021,8,6845,True,2.3,2.3,0.1,19.84,,,
0.11,0.05,,,,,0.05,0.5,54.75,2021,8,6945,True,1.99,1.99,0.04,17.45,,,
,,,,,,,,3.95,2021,8,7609,True,2.29,2.29,0.09,21.93,,,
,0.01,,,,,,0.13,11.8,2021,8,3306,True,0.15,0.15,,1.1,,,
0.11,0.06,,,,,,0.41,69.63,2021,8,4018,True,3.4,3.4,0.12,27.05,,,
0.06,,,,,,,0.11,23.71,2021,8,6039,True,2.06,2.06,0.06,12.54,,,
,,,,,,,0.01,1.51,2021,8,6156,True,,,,,,,
0.16,0.08,,,,,0.07,0.51,66.68,2021,8,6790,True,5.68,5.68,0.2,48.73,,,
0.17,0.06,,,,,0.07,0.82,85.06,2021,8,6813,True,2.43,2.43,0.1,21.56,,,
0.01,,,,,,,0.01,1.55,2021,8,6908,True,,,,,,,
0.06,0.02,,,,,,0.14,27.06,2021,8,6918,True,2.03,2.03,0.05,16.41,,,
,,,,,,,0.03,4.37,2021,8,7593,True,0.39,0.39,0.01,3.08,,,
0.03,,,,,,,0.07,8.11,2021,8,7599,True,0.31,0.31,,2.53,,,
,,,,,,,0.12,4.28,2021,8,1379,True,,1.75,0.08,17.33,,,
0.05,,,,,,,0.03,3.93,2021,8,1386,True,2.95,2.95,0.07,23.57,,,
,,,,,,,,,2021,8,2399,True,,0.4,0.02,4.1,0.4,,
0.21,0.07,,,,,0.07,0.97,99.83,2021,8,3198,True,2.01,2.01,0.12,14.04,,,
,,,,,,,,,2021,8,3832,True,,0.18,0.02,1.5,,,
0.03,,,,,,,0.07,13.88,2021,8,4152,True,0.35,0.35,,2.26,,,
0.15,0.08,,,,,,0.27,57.17,2021,8,4663,True,6.84,6.84,0.22,58.02,,0.07,
0.07,,,,,,,0.24,38.42,2021,8,4985,True,1.48,1.48,,12.53,,,
,,,,,,,,,2021,8,5046,True,0.37,0.37,0.01,2.9,,,
0.07,0.04,,,,,,0.12,17.53,2021,8,5052,True,0.52,0.52,0.03,3.56,,,
0.1,0.03,,,,,,0.16,32.83,2021,8,5122,True,1.93,1.93,0.06,14.78,,,
,,,,,,,0.03,4.44,2021,8,5209,True,0.35,0.35,,2.8,,,
0.06,,,,,,,0.19,28.32,2021,8,5987,True,1.37,1.37,0.05,8.81,,,
,,,,,,,0.02,1.36,2021,8,6012,True,1.18,1.18,,5.19,,,
,,,,,,,0.26,31.43,2021,8,6694,True,1.92,1.92,0.02,8.86,,,
,,,,,,,0.34,50.79,2021,8,7588,True,3.34,3.34,0.11,27.76,,,
0.12,0.14,,,,,,0.43,64.04,2021,8,7594,True,3.05,3.05,,25.45,,,
0.12,0.05,,,,,,0.32,46.9,2021,8,7607,True,2.37,2.37,0.1,19.43,,,
,,,,,,,0.02,3.11,2021,8,7611,True,0.15,0.15,,0.82,,,
,,,,,,,0.03,7.14,2021,8,1387,True,0.59,0.59,0.02,4.59,,,
0.11,,,,,,,0.1,16.42,2021,8,3664,True,4.42,4.42,0.14,28.36,,,
,,,,,,,0.01,0.83,2021,8,4651,True,,,,,,,
0.04,0.04,,,,,,0.13,34.5,2021,8,4962,True,0.74,0.74,,4.91,,,
0.01,,,,,,,0.01,1.93,2021,8,5131,True,0.18,0.18,,1.19,,,
0.05,0.05,,,,,,0.12,33.0,2021,8,5170,True,1.33,1.33,,9.64,,,
0.08,0.07,,,,,,0.19,20.11,2021,8,5347,True,2.63,2.63,0.14,19.96,,,
0.07,0.07,,,,,,0.61,76.82,2021,8,5890,True,0.69,0.69,,5.34,,,
0.12,0.07,,,,,,0.5,75.5,2021,8,6955,True,3.01,3.01,0.1,21.59,,,
,,,,,,,0.04,12.5,2021,8,6996,True,0.79,0.79,,5.82,,,
0.13,0.07,,,,,,0.6,70.74,2021,8,7528,True,3.79,3.79,0.13,27.13,,,
0.16,0.05,,,,,,0.36,57.4,2021,8,3209,True,3.22,3.22,0.08,24.63,,,
0.06,,,,,,,0.07,17.41,2021,8,2161,True,1.69,1.69,0.04,13.78,,,
,,,,,,,,0.38,2021,8,7529,True,,,,,,,
,,,,,,,,0.19,2021,8,2471,True,,0.19,,1.88,,,
,0.02,,,,,,0.17,15.17,2021,8,3803,True,,0.6,0.01,4.4,,,
0.11,,,,,,,0.25,63.36,2021,8,5549,True,3.58,3.58,0.13,20.45,,,
,,,,,,,,5.2,2021,8,5323,True,,3.0,0.23,36.94,3.0,,
0.06,0.06,,,,,,,0.71,2021,8,4950,True,,3.79,0.39,46.65,3.79,,
0.09,,,,,,,,8.2,2021,8,7540,True,,1.98,0.19,26.09,1.98,,
0.09,0.05,,,,,,,,2021,8,1426,True,,5.73,0.64,86.4,5.73,0.09,
,,,,,,,,,2021,8,6239,True,,2.43,0.15,20.56,2.43,,
0.04,,,,,,,0.04,5.5,2021,8,7601,True,,2.84,0.22,35.0,2.84,,
0.07,,,,,,,,,2021,8,830,True,,4.09,0.32,49.77,4.09,,
,,,,,,,,,2021,8,6223,True,,1.29,0.18,19.21,1.29,,
0.08,,,,,,,,,2021,8,928,True,,5.09,0.35,57.37,5.09,,
,,,,,,,,,2021,8,1071,True,,2.46,0.14,27.21,2.46,,
0.12,0.06,,,,,,,,2021,8,1689,True,,5.84,0.59,73.19,5.84,0.06,
0.04,,,,,,,,,2021,8,2381,True,,1.06,0.04,12.58,1.06,,
,,,,,,,,,2021,8,3297,True,,2.93,0.21,34.1,2.93,,
0.1,,,,,,,,,2021,8,4319,True,,2.01,0.19,26.27,2.01,,
0.13,0.07,,,,,,,2.88,2021,8,4983,True,,5.75,0.43,80.18,5.75,,
0.06,,,,,,,,,2021,8,5026,True,,3.23,0.31,43.49,3.23,,
0.04,,,,,,,,,2021,8,6271,True,,2.54,0.12,30.49,2.54,,
,,,,,,,,,2021,8,6395,True,,0.31,0.01,3.68,0.31,,
0.02,0.02,,,,,,,,2021,8,6943,True,,1.44,0.11,19.6,1.44,,
0.07,0.07,,,,,,,,2021,8,1067,True,,4.72,0.43,62.53,4.72,0.07,
,,,,,,,,,2021,8,1346,True,,1.52,0.09,22.28,1.52,,
,,,,,,,,,2021,8,1555,True,,1.47,0.1,20.62,1.47,,
0.09,0.04,,,,,,,,2021,8,1992,True,,4.04,0.3,56.41,4.04,0.05,
0.16,0.08,,,,,,,,2021,8,2197,True,,5.58,0.34,73.56,5.58,,
0.05,0.05,,,,,,,,2021,8,2325,True,,2.81,0.32,42.37,2.81,,
0.05,,,,,,,,0.27,2021,8,4171,True,,2.14,0.17,26.48,2.14,,
,,,,,,,,,2021,8,4177,True,,1.33,,13.63,1.33,,
,,,,,,,,,2021,8,4252,True,,0.4,0.03,4.64,0.4,,
0.07,,,,,,,,0.81,2021,8,538,True,,4.82,0.49,64.14,4.82,,
,,,,,,,,1.16,2021,8,6699,True,,0.23,0.03,2.91,0.23,,
0.01,,,,,,,,,2021,8,6744,True,,0.34,0.01,4.0,0.34,,
0.12,0.06,,,,,,,0.73,2021,8,6794,True,,5.76,0.67,84.18,5.76,0.12,
0.07,0.07,,,,,,0.06,7.95,2021,8,6814,True,,4.43,0.3,50.62,4.43,,
0.07,0.07,,,,,,,2.96,2021,8,6819,True,,5.16,0.5,69.84,5.16,0.07,
,,,,,,,,,2021,8,7210,True,,0.37,,3.52,0.37,,
,,,,,,,,,2021,8,7496,True,,2.76,0.26,33.13,2.76,,
0.07,0.06,,,,,,,,2021,8,7525,True,,5.16,0.49,70.97,5.16,,
,,,,,,,,,2021,8,7533,True,,0.62,0.05,9.93,0.62,,
0.06,,,,,,,,,2021,8,7547,True,,3.82,0.18,49.25,3.82,,
0.06,,,,,,,,,2021,8,7596,True,,4.25,0.34,55.96,4.25,,
0.03,,,,,,,,,2021,8,7603,True,,1.32,0.11,14.3,1.32,,
,,,,,,,,,2021,8,7751,True,,1.66,0.15,18.57,1.66,,
0.08,0.08,,,,,,,,2021,8,1110,True,,5.33,0.37,67.09,5.33,,
,,,,,,,,2.51,2021,8,1567,True,,0.9,0.04,7.99,0.9,,
,,,,,,,,,2021,8,2025,True,,0.59,0.02,5.92,0.59,,
0.05,0.05,,,,,,,,2021,8,2078,True,,4.38,0.39,63.9,4.38,,
0.1,0.04,,,,,,,,2021,8,2374,True,,5.06,0.41,58.79,5.06,,
0.04,,,,,,,,0.19,2021,8,2673,True,,0.56,0.04,6.66,0.56,,
0.02,,,,,,,,,2021,8,3328,True,,1.2,0.07,15.61,1.2,,
0.11,0.04,,,,,,,1.13,2021,8,3423,True,,4.38,0.28,53.59,4.38,,
,,,,,,,,,2021,8,3445,True,,1.73,0.14,20.08,1.73,,
,,,,,,,,,2021,8,3634,True,,5.03,0.24,52.28,5.03,,
,,,,,,,,,2021,8,3652,True,,1.05,0.08,11.17,1.05,,
,,,,,,,,,2021,8,4198,True,,2.17,0.1,25.05,2.17,,
0.06,,,,,,,,,2021,8,491,True,,1.88,0.05,24.63,1.88,,
,,,,,,,,,2021,8,5113,True,,1.13,0.11,13.29,1.13,,
,,,,,,,,,2021,8,5241,True,,0.43,0.02,4.8,0.43,,
,,,,,,,,,2021,8,5902,True,,0.64,0.02,7.17,0.64,,
0.14,0.07,,,,,,,3.75,2021,8,5937,True,,6.24,0.49,74.23,6.24,,
0.03,,,,,,,,,2021,8,6421,True,,1.8,0.15,27.51,1.8,,
,,,,,,,,,2021,8,6588,True,,0.22,0.01,2.07,0.22,,
0.06,0.06,,,,,,,,2021,8,6783,True,,5.03,0.42,73.71,5.03,,
0.04,0.05,,,,,,,1.44,2021,8,6798,True,,2.71,0.15,36.26,2.71,,
0.05,0.06,,,,,,,0.95,2021,8,6853,True,,4.03,0.32,49.69,4.03,,
0.07,0.07,,,,,,0.06,1.96,2021,8,6886,True,,4.23,0.51,61.63,4.23,,
,,,,,,,,,2021,8,7039,True,,0.63,0.05,5.38,0.63,,
,,,,,,,,,2021,8,7049,True,,0.66,0.05,6.37,0.66,,
,,,,,,,,,2021,8,7066,True,,3.62,0.27,44.32,3.62,,
,,,,,,,,,2021,8,7713,True,,0.76,0.08,10.34,0.76,,
0.11,0.05,,,,,,,,2021,8,1479,True,,6.37,0.42,72.41,6.37,,
0.12,0.06,,,,,,,1.26,2021,8,2309,True,,5.46,0.4,70.52,5.46,0.06,
0.07,0.07,,,,,,,,2021,8,2319,True,,3.9,0.37,50.04,3.9,,
,,,,,,,,,2021,8,2821,True,,0.17,0.01,2.05,0.17,,
,,,,,,,,,2021,8,2822,True,,3.0,0.13,32.32,3.0,,
0.1,0.05,,,,,,,2.03,2021,8,3225,True,,5.1,0.27,54.76,5.1,,
0.01,,,,,,,,0.32,2021,8,3342,True,,0.58,0.01,6.69,0.58,,
0.15,0.07,,,,,,,3.39,2021,8,4039,True,,7.01,0.75,94.91,7.01,,
0.07,0.07,,,,,,,,2021,8,4068,True,,5.97,0.6,82.98,5.97,0.07,
0.06,,,,,,,,,2021,8,4351,True,,3.4,0.32,44.62,3.4,,
0.1,,,,,,,,,2021,8,4454,True,,2.81,0.1,33.73,2.81,,
,,,,,,,,,2021,8,5773,True,,0.98,0.09,10.03,0.98,,
0.15,0.07,,,,,,0.07,9.33,2021,8,5872,True,,5.82,0.52,74.59,5.82,0.07,
0.12,0.06,,,,,,,,2021,8,5927,True,,5.65,0.49,78.93,5.65,0.06,
,,,,,,,,,2021,8,6069,True,,0.17,,1.08,0.17,,
,,,,,,,,,2021,8,627,True,,0.05,,0.6,0.05,,
0.11,0.06,,,,,,,,2021,8,6786,True,,6.02,0.5,79.39,6.02,0.11,
0.11,0.06,,,,,,,2.65,2021,8,6801,True,,5.2,0.44,58.8,5.2,0.11,
,,,,,,,,,2021,8,6927,True,,2.85,0.14,35.27,2.85,,
0.06,0.06,,,,,,,2.05,2021,8,7090,True,,4.33,0.29,48.7,4.33,,
0.07,0.06,,,,,,,,2021,8,1144,True,,4.83,0.29,58.57,4.83,,
0.09,0.08,,,,,,,0.69,2021,8,2410,True,,4.64,0.31,50.58,4.64,,
,,,,,,,,,2021,8,2750,True,,0.84,0.04,7.7,0.84,,
,,,,,,,,0.22,2021,8,3269,True,,1.13,0.13,13.72,1.13,,
,,,,,,,,,2021,8,3433,True,,0.5,0.05,5.65,0.5,,
,,,,,,,,,2021,8,3582,True,,3.15,0.16,29.78,3.15,,
,,,,,,,,,2021,8,4197,True,,1.14,0.05,12.21,1.14,,
0.07,,,,,,,,,2021,8,5024,True,,2.4,0.18,31.42,2.4,,
0.08,0.08,,,,,,,0.63,2021,8,5110,True,,5.18,0.32,58.49,5.18,,
,,,,,,,,,2021,8,5154,True,,2.14,0.08,23.57,2.14,,
0.12,0.06,,,,,,,,2021,8,5859,True,,5.62,0.67,87.34,5.62,0.06,
0.07,0.07,,,,,,0.02,3.32,2021,8,5947,True,,5.51,0.3,59.82,5.51,,
,,,,,,,,,2021,8,6427,True,,0.98,0.07,9.69,0.98,,
0.08,0.04,,,,,,0.04,3.92,2021,8,6803,True,,3.16,0.22,39.94,3.16,0.04,
,,,,,,,,,2021,8,6989,True,,4.49,0.4,52.95,4.49,,
,,,,,,,,4.71,2021,8,7135,True,,1.74,0.22,20.45,1.74,,
,,,,,,,,,2021,8,7559,True,,0.23,0.03,2.79,0.23,,
,,,,,,,,,2021,8,7562,True,,0.9,0.06,11.7,0.9,,
,,,,,,,,,2021,8,7670,True,,1.31,0.08,16.41,1.31,,
0.11,0.05,,,,,,0.06,7.63,2021,8,1352,True,,6.23,0.37,68.75,6.23,,
0.12,0.06,,,,,,,,2021,8,1825,True,,5.82,0.33,66.69,5.82,,
0.12,0.06,,,,,,,,2021,8,2216,True,,5.48,0.65,76.97,5.48,0.12,
0.12,0.06,,,,,,,,2021,8,2449,True,,7.57,0.6,90.83,7.57,0.06,
0.12,0.06,,,,,,,,2021,8,4037,True,,5.96,0.59,74.88,5.96,0.06,
,,,,,,,,,2021,8,4234,True,,0.3,0.02,3.52,0.3,,
0.04,,,,,,,,0.16,2021,8,4622,True,,1.58,0.1,20.03,1.58,,
0.13,0.06,,,,,,,,2021,8,5045,True,,5.58,0.47,74.32,5.58,0.06,
,,,,,,,,,2021,8,5121,True,,0.95,0.07,10.89,0.95,,
0.01,0.01,,,,,,,0.22,2021,8,5432,True,,0.62,0.05,7.52,0.62,,
0.11,0.05,,,,,,,,2021,8,5846,True,,4.82,0.57,79.09,4.82,0.05,
,,,,,,,,4.05,2021,8,6234,True,,2.05,0.12,23.94,2.05,,
0.04,0.04,,,,,,,,2021,8,6849,True,,1.93,0.18,22.84,1.93,,
0.06,,,,,,,,,2021,8,6960,True,,2.37,0.2,35.62,2.37,,
0.07,0.08,,,,,,,,2021,8,7526,True,,5.5,0.38,57.4,5.5,,
0.06,0.06,,,,,,,,2021,8,7564,True,,5.39,0.69,86.34,5.39,,
,,,,,,,,,2021,8,7569,True,,3.14,0.22,39.52,3.14,,
0.09,,,,,,,,8.81,2021,8,7606,True,,4.28,0.4,55.42,4.28,,
0.08,0.09,,,,,,,2.58,2021,8,3200,True,,5.41,0.34,57.13,5.41,,
0.07,0.06,,,,,,,,2021,8,6149,True,,3.21,0.24,46.49,3.21,,
,,,,,,,,,2021,8,4038,True,,0.83,0.04,11.92,0.83,,
0.05,0.04,,,,,,,,2021,8,5917,True,,3.29,0.25,41.15,3.29,,
,,,,,,,,,2021,8,6857,True,,0.67,0.03,6.57,0.67,,
,,,,,,,,,2021,8,3286,True,,2.8,0.19,32.81,2.8,,
0.12,0.05,,,,,,0.06,5.84,2021,8,3321,True,,5.78,0.68,90.31,5.78,0.06,
,,,,,,,,,2021,8,1244,True,,0.74,0.02,7.37,0.74,,
,,,,,,,,,2021,8,5199,True,,3.09,0.15,32.67,3.09,,
,,,,,,,,2.02,2021,8,4992,True,,1.47,0.1,18.27,1.47,,
,,,,,,,,,2021,8,1619,True,,0.65,0.04,5.76,,,0.65
,,,,,,,,,2021,8,111,True,,2.05,0.12,19.26,,,2.05
0.06,0.02,,,,,,,,2021,8,1339,True,,3.87,0.32,41.02,,,3.87
,,,,,,,,0.62,2021,8,7050,True,,0.75,0.05,9.26,,,0.75
,,,,,,,,,2021,8,4323,True,,0.2,0.03,1.94,,,0.2
0.07,0.08,,,,,,,,2021,8,4602,True,,3.85,0.38,40.46,,0.07,3.85
,,,,,,,,,2021,8,7502,True,,0.72,0.12,8.8,,,0.72
,,,,,,,,,2021,8,2214,True,,1.94,0.17,20.23,,,1.94
,,,,,,,,,2021,8,2446,True,,0.79,0.2,7.33,,,0.79
,,,,,,,,,2021,8,2545,True,,0.72,0.03,6.42,,,0.72
0.04,0.04,,,,,,,,2021,8,3202,True,,2.15,0.2,21.98,,,2.15
0.07,,,,,,,,,2021,8,3214,True,,3.77,0.32,44.68,,0.07,3.77
0.05,,,,,,,,,2021,8,3271,True,,4.29,0.38,46.51,,,4.29
0.06,0.06,,,,,,,,2021,8,367,True,,3.98,0.31,44.19,,,3.98
,,,,,,,,,2021,8,4054,True,,2.33,0.21,29.95,,,2.33
0.05,,,,,,,,,2021,8,4144,True,,2.68,0.29,30.29,,,2.68
,,,,,,,,,2021,8,4189,True,,0.95,0.07,9.43,,,0.95
,,,,,,,,,2021,8,5001,True,,4.5,0.38,49.46,,,4.5
0.07,0.07,,,,,,,,2021,8,5022,True,,4.19,0.39,49.07,,,4.19
,,,,,,,,,2021,8,6074,True,,1.65,0.11,19.3,,,1.65
,,,,,,,,,2021,8,6850,True,,1.3,0.1,13.41,,,1.3
,,,,,,,,,2021,8,6865,True,,0.38,0.06,4.28,,,0.38
,,,,,,,0.07,3.25,2021,8,7694,True,,1.32,0.14,17.02,,,1.32
,,,,,,,,,2021,8,1425,True,,1.58,0.13,15.65,,,1.58
,,,,,,,,,2021,8,4033,True,,2.21,0.23,25.83,,,2.21
0.04,,,,,,,,,2021,8,4089,True,,2.61,0.08,27.03,,,2.61
0.03,,,,,,,,,2021,8,4571,True,,1.64,0.11,16.93,,,1.64
,,,,,,,,,2021,8,4741,True,,3.45,0.25,39.78,,,3.45
,,,,,,,,,2021,8,5010,True,,1.74,0.07,17.12,,,1.74
0.06,0.06,,,,,,,,2021,8,5844,True,,5.42,0.44,59.7,,0.06,5.42
,,,,,,,,,2021,8,5863,True,,0.15,0.02,1.69,0.15,,
,,,,,,,,,2021,8,6001,True,,0.57,,5.2,,,0.57
0.07,,,,,,,,,2021,8,7553,True,,6.35,0.53,70.37,,,6.35
,,,,,,,,,2021,8,7568,True,,0.39,0.02,4.16,,,0.39
,,,,,,,,,2021,8,7842,True,,1.19,0.08,10.85,,,1.19
,,,,,,,,,2021,8,2463,True,,1.27,0.13,10.13,,,1.27
,,,,,,,,,2021,8,5008,True,,1.56,0.08,14.66,,,1.56
0.04,,,,,,,,,2021,8,5009,True,,1.24,0.08,12.73,,,1.24
,,,,,,,,,2021,8,5133,True,,4.01,0.3,41.33,,,4.01
0.03,,,,,,,,,2021,8,5878,True,,1.2,0.06,14.33,1.2,,
0.06,,,,,,,,,2021,8,6826,True,,3.2,0.27,33.57,,,3.2
,,,,,,,,,2021,8,6843,True,,2.15,0.17,24.05,,,2.15
,,,,,,,,,2021,8,7002,True,,1.61,0.17,17.47,,,1.61
,,,,,,,,,2021,8,7946,True,,0.21,0.02,1.56,,,0.21
0.03,,,,,,,,,2021,8,1706,True,,1.35,0.08,12.98,,,1.35
,,,,,,,,,2021,8,2390,True,,1.63,0.17,15.53,,,1.63
,,,,,,,,,2021,8,2460,True,,2.55,0.1,28.46,,,2.55
,,,,,,,,,2021,8,3048,True,,0.56,0.05,5.67,,,0.56
,,,,,,,,,2021,8,3496,True,,1.13,,11.41,,,1.13
,,,,,,,,,2021,8,4221,True,,0.07,,0.66,,,0.07
,,,,,,,,,2021,8,4531,True,,4.2,0.27,46.24,,,4.2
0.07,,,,,,,,,2021,8,4993,True,,3.79,0.32,43.59,,,3.79
,,,,,,,,,2021,8,6906,True,,0.81,,9.48,0.81,,
,,,,,,,,,2021,8,4362,True,,0.28,,2.92,,,0.28
0.06,,,,,,,,,2021,8,4973,True,,3.07,0.25,30.92,,,3.07
0.05,,,,,,,,,2021,8,515,True,,3.43,0.41,41.67,,0.05,3.43
,,,,,,,,,2021,8,5285,True,,1.87,0.16,21.91,,,1.87
0.06,0.06,,,,,,,,2021,8,5857,True,,4.92,0.39,57.0,,0.06,4.92
,,,,,,,,,2021,8,6137,True,,2.4,0.2,25.08,,,2.4
,,,,,,,,,2021,8,6869,True,,1.46,0.11,14.82,,,1.46
,,,,,,,,,2021,8,7602,True,,0.65,0.04,6.9,,,0.65
0.03,,,,,,,,,2021,8,4055,True,,1.59,0.14,18.35,,,1.59
,,,,,,,,,2021,8,4085,True,,0.1,0.01,1.06,,,0.1
0.05,,,,,,,,,2021,8,4435,True,,2.34,0.18,24.46,,,2.34
,,,,,,,,,2021,8,4995,True,,1.55,0.07,11.65,,,1.55
,,,,,,,,,2021,8,5032,True,,2.06,0.13,24.32,,,2.06
,,,,,,,,,2021,8,7075,True,,1.46,0.07,14.87,,,1.46
,,,,,,,,,2021,8,7600,True,,3.52,0.32,40.4,,,3.52
,,,,,,,,,2021,8,7716,True,,0.15,,1.41,,,0.15
,,,,,,,,,2021,8,943,True,,1.94,0.16,22.85,,,1.94
0.07,,,,,,,,,2021,8,1466,True,,6.9,0.67,89.15,,0.14,6.9
,,,,,,,,,2021,8,2422,True,,0.79,,4.3,,,0.79
0.07,0.07,,,,,,,,2021,8,4066,True,,3.36,0.18,35.06,,,3.36
,,,,,,,,,2021,8,6146,True,,0.93,0.04,7.84,,,0.93
,,,,,,,,,2021,8,7828,True,,0.66,,6.23,,,0.66
0.91,0.33,,1.05,1.48,248.96,,,5.83,2021,9,5089,True,,,,,,,
0.69,0.41,0.07,1.3,1.82,271.88,,0.15,11.29,2021,9,3161,True,,,,,,,
0.56,0.3,0.06,0.62,2.03,257.87,0.08,0.37,63.19,2021,9,4881,True,,,,,,,
0.56,0.13,0.07,0.63,2.1,251.08,,0.14,12.08,2021,9,6770,True,,,,,,,
,0.2,,0.91,1.77,258.39,,0.06,11.2,2021,9,6804,True,,,,,,,
0.56,0.24,0.24,0.97,1.66,249.64,,0.19,13.39,2021,9,2152,True,,,,,,,
0.01,0.01,,0.01,0.02,2.3,,0.06,6.66,2021,9,2307,True,,,,,,,
0.39,0.22,0.06,0.79,1.39,228.83,,0.04,3.09,2021,9,24,True,,,,,,,
0.33,0.21,0.11,0.58,2.45,297.2,0.06,0.18,18.48,2021,9,4046,True,,,,,,,
0.29,0.19,0.06,0.72,2.44,316.53,,0.08,8.58,2021,9,421,True,,,,,,,
0.59,0.3,0.06,1.08,1.44,244.28,,0.27,20.34,2021,9,4943,True,,,,,,,
1.13,0.11,,1.1,1.34,213.31,,0.01,3.6,2021,9,533,True,,,,,,,
0.7,0.38,0.06,0.9,1.58,253.66,0.06,0.18,31.38,2021,9,5870,True,,,,,,,
0.3,0.18,0.06,0.59,1.85,242.82,,0.26,17.01,2021,9,1049,True,,,,,,,
0.38,0.23,0.07,0.8,1.82,261.42,,0.21,7.92,2021,9,1837,True,,,,,,,
0.37,0.18,0.06,0.55,1.4,222.68,0.06,0.4,51.87,2021,9,6904,True,,,,,,,
0.53,0.27,0.13,0.93,2.02,279.75,,0.06,8.33,2021,9,1166,True,,,,,,,
,0.22,0.72,1.07,1.85,233.02,,0.15,14.52,2021,9,3257,True,,,,,,,
0.41,0.18,0.12,0.6,2.21,271.48,0.06,0.21,17.72,2021,9,3294,True,,,,,,,
0.49,0.24,0.12,0.77,2.09,291.11,,0.25,24.48,2021,9,6797,True,,,,,,,
0.01,0.01,,0.02,0.02,4.6,,0.11,8.91,2021,9,7610,True,,,,,,,
0.5,0.29,0.07,0.78,1.91,296.37,,0.08,8.74,2021,9,2028,True,,,,,,,
,0.25,,1.12,1.68,239.53,,0.05,2.5,2021,9,2549,True,,,,,,,
0.3,0.18,0.06,0.75,1.65,270.04,,0.05,6.2,2021,9,4892,True,,,,,,,
0.5,0.27,0.11,0.73,2.61,295.4,0.06,0.36,29.83,2021,9,4984,True,,,,,,,
0.54,0.27,,0.57,1.68,213.69,,0.14,15.11,2021,9,7523,True,,,,,,,
0.58,0.29,,0.77,1.77,280.73,,0.04,4.48,2021,9,7527,True,,,,,,,
0.27,0.13,,0.43,1.1,221.16,,0.17,23.14,2021,9,827,True,,,,,,,
0.51,0.25,,0.7,1.36,175.72,,0.19,22.66,2021,9,7591,True,,,,,,,
0.01,,,,,,,0.01,1.81,2021,9,6908,True,0.12,0.12,,0.94,,,
0.08,0.08,,,,,,0.2,21.07,2021,9,5347,True,3.58,3.58,0.19,27.1,,,
0.06,,,,,,,0.08,18.3,2021,9,6039,True,2.38,2.38,0.08,14.45,,,
0.16,0.05,,,,,0.06,0.75,84.26,2021,9,6813,True,2.55,2.55,0.11,22.59,,,
0.12,,,,,,,0.24,46.11,2021,9,7607,True,2.75,2.75,0.1,28.41,,,
,,,,,,,,1.74,2021,9,2073,True,,0.43,,2.43,,,
0.05,,,,,,,0.21,31.89,2021,9,2431,True,2.52,2.52,0.05,20.85,,,
0.08,0.04,,,,,,0.16,19.85,2021,9,3242,True,1.99,1.99,0.1,14.23,,,
,,,,,,,0.36,21.0,2021,9,3306,True,,,,,,,
0.07,0.03,,,,,0.03,0.4,42.06,2021,9,4034,True,2.89,2.89,0.13,25.22,,0.03,
,,,,,,,0.06,7.85,2021,9,4147,True,0.38,0.38,,1.92,,,
0.05,0.05,,,,,,0.17,48.08,2021,9,4962,True,0.76,0.76,,5.01,,,
0.04,0.04,,,,,,0.11,27.78,2021,9,5170,True,0.71,0.71,,5.2,,,
,,,,,,,,4.15,2021,9,5271,True,,,,,,,
,,,,,,,,,2021,9,6202,True,,0.3,0.05,1.64,,,
0.08,0.08,,,,,,0.11,20.82,2021,9,7567,True,3.62,3.62,0.13,26.17,,,
,,,,,,,0.07,14.57,2021,9,7574,True,0.07,0.07,0.0,0.59,,0.03,
0.11,,,,,,,0.09,6.54,2021,9,1034,True,3.5,3.5,0.13,28.16,,0.13,
,,,,,,,0.2,34.81,2021,9,1535,True,4.01,4.01,0.23,31.24,,,
0.16,0.04,,,,,,0.25,54.29,2021,9,3209,True,3.1,3.1,0.1,23.81,,,
0.15,0.06,,,,,0.1,0.71,73.31,2021,9,4035,True,4.32,4.32,0.16,37.78,,0.05,
,0.01,,,,,,0.14,26.2,2021,9,5284,True,1.23,1.23,0.02,10.4,,,
0.11,0.05,,,,,0.06,0.62,66.94,2021,9,5850,True,1.63,1.63,0.05,13.73,,,
0.25,0.17,,,,,,0.69,84.49,2021,9,5916,True,3.73,3.73,0.09,28.71,,,
0.08,,,,,,,0.3,37.86,2021,9,5967,True,2.09,2.09,0.07,13.55,,,
,,,,,,,,,2021,9,6323,True,,0.07,,0.69,,,0.07
0.05,0.05,,,,,,0.3,43.08,2021,9,6828,True,1.63,1.63,,9.05,,,
0.14,0.07,,,,,,0.42,47.35,2021,9,6845,True,3.13,3.13,0.14,26.9,,,
,,,,,,,0.04,13.66,2021,9,6996,True,0.87,0.87,,6.36,,,
0.06,0.06,,,,,,0.18,31.92,2021,9,7594,True,1.56,1.56,0.02,13.02,,,
,,,,,,,,1.58,2021,9,7609,True,1.95,1.95,0.08,18.68,,,
,,,,,,,0.04,11.12,2021,9,1387,True,1.38,1.38,0.05,10.76,,,
,,,,,,,,0.17,2021,9,2471,True,,0.18,,1.73,,,
,,,,,,,0.09,8.95,2021,9,3868,True,1.19,1.19,0.07,10.96,,,
0.13,0.07,,,,,,0.47,79.42,2021,9,4018,True,3.13,3.13,0.11,24.85,,,
0.05,0.05,,,,,,0.55,33.04,2021,9,4137,True,1.11,1.11,0.03,8.16,,,
0.07,0.07,,,,,,0.57,76.82,2021,9,5890,True,0.69,0.69,,5.37,,,
0.06,,,,,,,0.16,24.08,2021,9,5987,True,1.17,1.17,0.04,7.49,,,
,,,,,,,,0.26,2021,9,6109,True,,0.69,,5.83,,,
,,,,,,,0.07,14.81,2021,9,7005,True,0.54,0.54,,3.22,,,
,,,,,,,0.33,48.43,2021,9,7588,True,1.4,1.4,0.05,11.65,,,
,,,,,,,0.29,32.68,2021,9,956,True,1.1,1.1,,4.86,,,
0.02,,,,,,,0.01,2.62,2021,9,2161,True,1.4,1.4,0.04,11.41,,,
0.11,0.05,,,,,0.06,0.66,76.61,2021,9,3164,True,2.86,2.86,0.06,24.37,,,
,,,,,,,0.1,0.52,2021,9,3332,True,,0.24,,1.57,,,
0.15,0.07,,,,,0.07,0.79,77.01,2021,9,4199,True,3.79,3.79,0.16,33.84,,,
,,,,,,,0.06,8.94,2021,9,4718,True,2.1,2.1,0.06,12.4,,,
0.07,0.03,,,,,,0.11,40.66,2021,9,5000,True,3.99,3.99,0.15,31.1,,,
0.1,,,,,,,0.23,58.1,2021,9,5549,True,3.13,3.13,0.11,17.86,,,
,,,,,,,0.25,30.55,2021,9,6694,True,0.86,0.86,,3.97,,,
,0.03,,,,,,0.12,12.42,2021,9,7098,True,1.44,1.44,0.02,10.72,,,
,,,,,,,0.08,0.38,2021,9,7204,True,,0.28,,2.63,,,
,,,,,,,0.0,0.42,2021,9,7529,True,,,,,,,
,,,,,,,0.02,3.47,2021,9,7794,True,1.14,1.14,0.05,9.42,,,
,,,,,,,0.13,4.68,2021,9,1379,True,,1.91,0.08,18.94,,,
,0.02,,,,,,0.15,31.15,2021,9,2168,True,1.66,1.66,0.05,16.74,,,
0.11,0.02,,,,,,0.21,40.64,2021,9,2257,True,2.38,2.38,0.11,17.93,,,
0.14,0.07,,,,,,0.3,55.51,2021,9,2320,True,2.2,2.2,0.08,12.0,,,
,,,,,,,,3.06,2021,9,2359,True,0.35,0.35,,2.22,,,
,,,,,,,,2.36,2021,9,3803,True,,,,,,,
0.18,0.09,,,,,,0.33,71.7,2021,9,4663,True,6.49,6.49,0.21,55.0,,0.07,
,,,,,,,,4.64,2021,9,5076,True,0.15,0.15,,0.95,,,
0.13,,,,,,,0.33,39.92,2021,9,5122,True,1.85,1.85,0.08,14.17,,,
,,,,,,,0.02,3.86,2021,9,5209,True,0.3,0.3,,2.43,,,
0.14,0.07,,,,,,0.38,51.44,2021,9,5980,True,4.75,4.75,0.12,38.62,,,
,,,,,,,,4.22,2021,9,6068,True,,,,,,,
0.06,,,,,,,0.12,29.25,2021,9,6918,True,2.46,2.46,0.09,15.09,,,
0.15,0.08,,,,,,0.21,23.23,2021,9,2391,True,2.06,2.06,0.11,18.18,,,
,,,,,,,,0.11,2021,9,3391,True,,,,,,,
,,,,,,,,,2021,9,3832,True,,0.15,0.02,1.28,,,
0.12,0.06,,,,,0.12,0.7,79.76,2021,9,4029,True,2.74,2.74,0.1,23.33,,,
,,,,,,,0.01,0.98,2021,9,4651,True,,,,,,,
0.1,0.05,,,,,0.05,0.63,75.49,2021,9,4988,True,1.57,1.57,0.05,13.73,,,
0.05,0.05,,,,,,0.16,35.02,2021,9,6130,True,2.57,2.57,0.07,20.12,,,
,,,,,,,0.43,41.09,2021,9,6753,True,1.98,1.98,,13.89,,,
0.01,,,,,,,0.04,6.14,2021,9,7045,True,,,,,,,
,0.02,,,,,,0.24,56.66,2021,9,7561,True,1.17,1.17,0.05,9.71,,,
,,,,,,,0.12,17.27,2021,9,7611,True,1.16,1.16,,6.36,,,
,,,,,,,0.03,3.72,2021,9,7720,True,0.16,0.16,,1.51,,0.09,
,,,,,,,0.01,1.01,2021,9,5163,True,0.12,0.12,0.01,0.92,,,
,0.01,,,,,,0.14,32.63,2021,9,7608,True,0.83,0.83,0.01,6.63,,,
,,,,,,,0.01,1.77,2021,9,6156,True,,,,,,,
0.13,0.06,,,,,,0.63,74.91,2021,9,7528,True,4.5,4.5,0.16,32.19,,,
0.11,0.04,,,,,0.04,0.32,62.59,2021,9,5892,True,2.14,2.14,0.06,18.46,,,
0.02,,,,,,,0.03,5.12,2021,9,4994,True,0.08,0.08,,0.52,,,
0.1,,,,,,,,,2021,9,4319,True,,2.11,0.2,27.52,2.11,,
,,,,,,,,,2021,9,6557,True,,0.58,0.03,5.55,0.58,,
0.03,0.03,,,,,,,,2021,9,6849,True,,1.21,0.22,14.2,1.21,,
,,,,,,,,,2021,9,7944,True,,0.36,0.02,4.06,0.36,,
0.05,,,,,,,,0.23,2021,9,4622,True,,2.27,0.16,28.7,2.27,,
0.07,0.05,,,,,,,1.67,2021,9,6819,True,,6.4,0.4,79.7,6.4,0.07,
,,,,,,,,,2021,9,6427,True,,0.17,0.01,1.69,0.17,,
,,,,,,,,,2021,9,6985,True,,0.35,0.01,2.5,0.35,,
0.06,,,,,,,,,2021,9,7596,True,,3.74,0.29,49.2,3.74,,
0.09,0.09,,,,,,,0.7,2021,9,2410,True,,4.73,0.32,51.51,4.73,,
,,,,,,,,,2021,9,5121,True,,1.03,0.08,11.79,1.03,,
0.12,0.06,,,,,,,,2021,9,1479,True,,6.77,0.45,77.05,6.77,,
,,,,,,,,,2021,9,1555,True,,1.86,0.12,26.11,1.86,,
0.1,0.05,,,,,,,1.81,2021,9,3225,True,,4.54,0.24,48.73,4.54,,
,,,,,,,,,2021,9,4038,True,,1.24,0.07,18.06,1.24,,
,,,,,,,,,2021,9,4234,True,,1.26,0.11,15.01,1.26,,
0.13,0.06,,,,,,,,2021,9,5045,True,,4.95,0.42,65.9,4.95,0.06,
0.06,0.07,,,,,,,0.48,2021,9,5110,True,,3.87,0.26,43.67,3.87,,
,,,,,,,,,2021,9,5915,True,,0.9,0.04,10.95,0.9,,
0.05,0.05,,,,,,,,2021,9,5917,True,,3.64,0.31,52.73,3.64,,
0.01,,,,,,,,,2021,9,5965,True,,0.41,0.03,5.95,0.41,,
0.05,,,,,,,,,2021,9,6271,True,,2.61,0.14,31.45,2.61,,
0.11,0.05,,,,,,,,2021,9,6786,True,,6.28,0.52,82.56,6.28,0.11,
0.11,0.06,,,,,,,2.44,2021,9,6801,True,,4.49,0.5,59.13,4.49,0.11,
0.05,0.05,,,,,,,0.96,2021,9,6853,True,,4.08,0.32,50.28,4.08,,
,,,,,,,,,2021,9,6989,True,,3.41,0.3,40.17,3.41,,
0.06,0.06,,,,,,,,2021,9,7525,True,,4.87,0.45,66.82,4.87,,
0.08,0.08,,,,,,,0.2,2021,9,7526,True,,6.77,0.37,73.35,6.77,,
0.1,0.05,,,,,,,,2021,9,947,True,,4.38,0.35,61.74,4.38,,
0.04,,,,,,,,,2021,9,2381,True,,1.1,0.04,12.96,1.1,,
0.12,0.06,,,,,,,,2021,9,2449,True,,7.66,0.6,91.84,7.66,0.06,
,,,,,,,,,2021,9,2821,True,,0.16,0.01,1.94,0.16,,
,,,,,,,,,2021,9,3652,True,,0.45,0.03,4.79,0.45,,
0.07,0.07,,,,,,,,2021,9,4068,True,,6.13,0.62,85.23,6.13,0.07,
,,,,,,,,,2021,9,4197,True,,1.08,0.05,11.55,1.08,,
,,,,,,,,,2021,9,5154,True,,2.33,0.09,25.77,2.33,,
,,,,,,,,,2021,9,5323,True,,0.37,0.02,4.44,0.37,,
,,,,,,,,,2021,9,627,True,,0.05,,0.57,0.05,,
0.06,0.06,,,,,,,,2021,9,6783,True,,4.54,0.39,66.65,4.54,,
,,,,,,,,,2021,9,6927,True,,2.73,0.13,33.79,2.73,,
,,,,,,,,,2021,9,6957,True,,1.13,0.05,11.43,1.13,,
,,,,,,,,,2021,9,7049,True,,0.72,0.05,6.97,0.72,,
,,,,,,,,,2021,9,7530,True,,0.48,0.03,6.35,0.48,,
,,,,,,,,,2021,9,7533,True,,0.96,0.08,15.42,0.96,,
0.01,,,,,,,,,2021,9,7540,True,,0.3,0.03,3.91,0.3,,
0.05,,,,,,,0.05,6.37,2021,9,7601,True,,3.29,0.19,40.5,3.29,,
0.09,,,,,,,,9.69,2021,9,7606,True,,4.71,0.4,60.98,4.71,,
,,,,,,,,,2021,9,7996,True,,0.51,0.06,5.59,0.51,,
0.07,0.07,,,,,,,,2021,9,1144,True,,5.6,0.34,67.94,5.6,,
,,,,,,,,,2021,9,1244,True,,0.69,0.02,6.87,0.69,,
,,,,,,,,2.52,2021,9,1567,True,,0.9,0.04,8.0,0.9,,
0.13,0.07,,,,,,,,2021,9,1689,True,,5.47,0.55,68.59,5.47,0.07,
0.13,0.07,,,,,,,,2021,9,1825,True,,5.97,0.34,68.41,5.97,,
,,,,,,,,0.22,2021,9,3269,True,,1.16,0.13,14.13,1.16,,
,,,,,,,,,2021,9,3297,True,,3.47,0.24,39.99,3.47,,
0.16,0.08,,,,,,,4.1,2021,9,4039,True,,9.15,0.67,112.44,9.15,,
0.06,,,,,,,,,2021,9,491,True,,1.94,0.06,25.38,1.94,,
0.13,0.06,,,,,,,2.73,2021,9,4983,True,,5.45,0.41,76.02,5.45,,
,,,,,,,,,2021,9,5199,True,,2.87,0.14,30.45,2.87,,
0.07,,,,,,,,0.75,2021,9,538,True,,4.58,0.42,60.56,4.58,,
0.15,0.08,,,,,,0.08,9.56,2021,9,5872,True,,5.97,0.53,76.44,5.97,0.08,
,,,,,,,,2.61,2021,9,6699,True,,0.52,0.07,6.57,0.52,,
0.04,0.04,,,,,,,1.3,2021,9,6798,True,,2.45,0.15,32.75,2.45,,
0.11,,,,,,,,,2021,9,6870,True,,3.61,0.33,41.18,3.61,,
,,,,,,,,,2021,9,7210,True,,0.33,,3.06,0.33,,
0.07,0.07,,,,,,,,2021,9,7564,True,,5.7,0.62,78.84,5.7,,
,,,,,,,,,2021,9,7569,True,,2.28,0.16,28.74,2.28,,
0.1,0.05,,,,,,,1.28,2021,9,2309,True,,5.52,0.41,71.3,5.52,0.05,
0.11,0.05,,,,,,0.06,5.87,2021,9,3321,True,,5.81,0.68,90.77,5.81,0.05,
0.08,0.04,,,,,,,0.8,2021,9,3423,True,,3.07,0.22,41.7,3.07,,
,,,,,,,,,2021,9,3445,True,,0.98,0.04,11.42,0.98,,
,,,,,,,,,2021,9,4146,True,,0.74,0.04,8.84,0.74,,
,,,,,,,,,2021,9,4177,True,,2.35,0.11,24.16,2.35,,
,,,,,,,,,2021,9,4252,True,,0.81,0.06,9.34,0.81,,
0.07,0.08,,,,,,,0.81,2021,9,4950,True,,4.37,0.35,53.78,4.37,,
,,,,,,,,,2021,9,5113,True,,2.88,0.29,33.95,2.88,,
0.07,,,,,,,,,2021,9,5185,True,,2.29,0.25,29.99,2.29,,
0.07,0.07,,,,,,,,2021,9,5848,True,,4.83,0.44,72.69,4.83,,
0.07,0.07,,,,,,,1.37,2021,9,5947,True,,5.4,0.34,72.37,5.4,,
0.09,0.08,,,,,,,,2021,9,5955,True,,5.71,0.26,66.32,5.71,,
0.06,0.05,,,,,,,,2021,9,6149,True,,3.05,0.22,44.03,3.05,,
0.12,0.06,,,,,,,0.65,2021,9,6794,True,,5.12,0.59,74.88,5.12,0.12,
0.02,0.02,,,,,,,,2021,9,6943,True,,1.36,0.11,18.54,1.36,,
,,,,,,,,,2021,9,7496,True,,0.64,0.07,7.71,0.64,,
0.14,,,,,,,,,2021,9,7571,True,,4.02,0.33,54.02,4.02,,
0.07,0.07,,,,,,,,2021,9,1067,True,,4.58,0.42,60.72,4.58,0.07,
,,,,,,,,,2021,9,1071,True,,2.69,0.15,29.74,2.69,,
0.13,0.07,,,,,,,,2021,9,2133,True,,6.87,0.75,82.6,6.87,0.13,
,,,,,,,,,2021,9,3286,True,,2.58,0.17,30.14,2.58,,
,,,,,,,,,2021,9,3433,True,,0.3,0.03,3.47,0.3,,
,,,,,,,,,2021,9,4080,True,,2.66,0.2,27.82,2.66,,
0.08,0.09,,,,,,,2.61,2021,9,4198,True,,3.51,0.21,36.03,3.51,,
0.06,,,,,,,,,2021,9,4351,True,,3.01,0.28,39.48,3.01,,
0.1,,,,,,,,,2021,9,4454,True,,2.82,0.1,33.88,2.82,,
0.04,,,,,,,,,2021,9,5026,True,,2.07,0.19,27.95,2.07,,
0.05,,,,,,,,1.09,2021,9,5086,True,,2.46,0.28,39.93,2.46,,
,,,,,,,,,2021,9,5241,True,,0.9,0.05,9.95,0.9,,
,,,,,,,,,2021,9,6165,True,,2.26,0.1,23.43,2.26,,
,,,,,,,,6.49,2021,9,6234,True,,3.28,0.2,38.36,3.28,,
,,,,,,,,,2021,9,6239,True,,0.13,0.02,1.58,0.13,,
0.01,,,,,,,,,2021,9,6744,True,,0.32,0.01,3.83,0.32,,
0.05,,,,,,,,,2021,9,928,True,,2.6,0.16,29.34,2.6,,
0.1,0.05,,,,,,0.06,7.38,2021,9,1352,True,,6.02,0.35,66.45,6.02,,
,,,,,,,,,2021,9,2025,True,,0.77,0.02,7.71,0.77,,
0.16,0.08,,,,,,,,2021,9,2197,True,,5.75,0.35,75.79,5.75,,
0.05,0.05,,,,,,,,2021,9,2325,True,,2.92,0.32,43.92,2.92,,
0.05,,,,,,,,,2021,9,3328,True,,2.65,0.17,34.63,2.65,,
,,,,,,,,,2021,9,3582,True,,3.66,0.09,34.61,3.66,,
0.06,0.06,,,,,,,,2021,9,4131,True,,4.36,0.38,59.89,4.36,0.06,
0.11,0.05,,,,,,,,2021,9,5859,True,,4.89,0.57,75.86,4.89,0.05,
,,,,,,,,,2021,9,6223,True,,0.24,0.03,3.6,0.24,,
0.03,,,,,,,,,2021,9,6421,True,,1.45,0.13,22.18,1.45,,
0.09,0.05,,,,,,0.05,5.23,2021,9,6803,True,,4.21,0.3,53.27,4.21,0.05,
0.07,0.07,,,,,,0.06,7.99,2021,9,6814,True,,4.45,0.3,50.87,4.45,,
0.05,,,,,,,,,2021,9,6824,True,,2.9,0.19,38.39,2.9,,
0.05,,,,,,,,3.81,2021,9,6847,True,,1.97,0.16,25.09,1.97,,
,,,,,,,,,2021,9,6857,True,,1.35,0.05,13.18,1.35,,
,,,,,,,,,2021,9,7066,True,,3.17,0.23,38.79,3.17,,
0.04,0.04,,,,,,,,2021,9,7565,True,,1.93,0.18,27.28,1.93,,
,,,,,,,,,2021,9,7670,True,,1.24,0.08,15.55,1.24,,
0.08,0.04,,,,,,,,2021,9,1992,True,,3.24,0.24,45.28,3.24,0.04,
,,,,,,,,,2021,9,1346,True,,1.31,0.07,19.14,1.31,,
0.03,,,,,,,,0.13,2021,9,2673,True,,0.36,0.02,4.33,0.36,,
0.06,0.06,,,,,,,1.89,2021,9,7090,True,,3.99,0.27,44.95,3.99,,
0.06,0.06,,,,,,0.06,2.0,2021,9,6886,True,,4.33,0.52,63.0,4.33,,
,,,,,,,,,2021,9,7039,True,,0.68,0.07,5.87,0.68,,
0.0,,,,,,,,0.09,2021,9,3342,True,,0.16,,1.86,0.16,,
0.07,,,,,,,,,2021,9,5024,True,,2.85,0.21,37.29,2.85,,
0.13,0.06,,,,,,,3.97,2021,9,5937,True,,6.6,0.47,78.55,6.6,,
,,,,,,,,,2021,9,1425,True,,1.19,0.1,11.77,,,1.19
,,,,,,,,,2021,9,6181,True,,0.31,0.01,3.23,,,0.31
,,,,,,,,,2021,9,7602,True,,0.68,0.05,7.23,,,0.68
,,,,,,,,,2021,9,4054,True,,2.44,0.22,31.38,,,2.44
,,,,,,,,,2021,9,2390,True,,1.49,0.15,14.18,,,1.49
0.03,,,,,,,,,2021,9,1706,True,,1.53,0.09,14.65,,,1.53
,,,,,,,,,2021,9,2460,True,,2.38,0.1,26.47,,,2.38
,,,,,,,,,2021,9,4033,True,,2.21,0.23,25.83,,,2.21
,,,,,,,,,2021,9,4085,True,,0.13,0.02,1.39,,,0.13
0.04,0.05,,0.09,0.18,24.34,,0.22,18.9,2021,9,4381,True,,,,,,,
0.05,,,,,,,,,2021,9,4435,True,,2.25,0.17,23.49,,,2.25
,,,,,,,,,2021,9,2545,True,,0.69,0.03,6.16,,,0.69
0.05,0.05,,,,,,,,2021,9,3202,True,,2.64,0.24,26.94,,,2.64
0.06,,,,,,,,,2021,9,3214,True,,3.57,0.3,42.25,,0.06,3.57
,,,,,,,,,2021,9,3496,True,,1.07,,10.81,,,1.07
,,,,,,,,,2021,9,4221,True,,0.48,0.01,4.68,,,0.48
,,,,,,,,,2021,9,4323,True,,0.59,0.07,5.79,,,0.59
,,,,,,,,,2021,9,4362,True,,0.37,,3.84,,,0.37
0.08,,,,,,,,,2021,9,4993,True,,5.76,0.39,66.21,,,5.76
,,,,,,,,,2021,9,5001,True,,4.58,0.23,50.38,,0.06,4.58
,,,,,,,,,2021,9,5133,True,,2.96,0.24,33.04,,,2.96
,,,,,,,,,2021,9,6843,True,,2.81,0.23,31.24,,,2.81
,,,,,,,,,2021,9,7568,True,,1.71,0.11,18.36,,,1.71
,,,,,,,,,2021,9,7828,True,,0.61,,5.73,,,0.61
0.07,0.08,,,,,,,,2021,9,1339,True,,4.35,0.35,44.03,,,4.35
0.05,,,,,,,,,2021,9,4144,True,,2.56,0.28,28.97,,,2.56
,,,,,,,,,2021,9,4741,True,,3.31,0.25,38.08,,,3.31
0.04,,,,,,,,,2021,9,5009,True,,1.05,0.07,10.82,,,1.05
,,,,,,,,,2021,9,6146,True,,1.03,0.05,8.69,,,1.03
,,,,,,,0.07,3.19,2021,9,7694,True,,1.29,0.14,16.71,,,1.29
,,,,,,,,,2021,9,7842,True,,1.19,0.09,10.9,,,1.19
,,,,,,,,,2021,9,2422,True,,0.73,,3.96,,,0.73
0.06,0.06,,,,,,,,2021,9,2505,True,,6.48,0.45,74.0,,0.06,6.48
0.07,0.07,,,,,,,,2021,9,4066,True,,3.73,0.2,38.89,,,3.73
0.04,,,,,,,,,2021,9,4217,True,,3.76,0.29,50.78,,0.04,3.76
,,,,,,,,,2021,9,4995,True,,1.52,0.07,11.43,,,1.52
,,,,,,,,,2021,9,5008,True,,2.16,0.11,20.25,,,2.16
,,,,,,,,,2021,9,6001,True,,0.52,,4.78,,,0.52
,,,,,,,,,2021,9,6040,True,,0.54,0.05,6.54,,,0.54
,,,,,,,,,2021,9,6074,True,,1.56,0.1,18.3,,,1.56
,,,,,,,,,2021,9,7075,True,,0.75,0.01,7.56,,,0.75
,,,,,,,,,2021,9,7502,True,,0.34,0.06,4.1,,,0.34
,,,,,,,,,2021,9,943,True,,2.15,0.18,25.35,,,2.15
0.06,,,,,,,,,2021,9,4973,True,,2.37,0.2,23.94,,,2.37
0.07,,,,,,,,,2021,9,5012,True,,5.49,0.63,64.04,,0.13,5.49
0.07,0.07,,,,,,,,2021,9,5022,True,,4.23,0.35,49.63,,,4.23
,,,,,,,,,2021,9,6137,True,,3.02,0.23,28.93,,,3.02
,,,,,,,,,2021,9,6869,True,,1.59,0.12,16.19,,,1.59
,,,,,,,,,2021,9,7216,True,,0.22,,2.35,,,
0.07,,,,,,,,,2021,9,7553,True,,5.09,0.43,56.43,,,5.09
,,,,,,,,,2021,9,111,True,,1.42,0.09,13.34,,,1.42
0.06,,,,,,,,,2021,9,1466,True,,6.72,0.63,83.32,,0.12,6.72
,,,,,,,,,2021,9,2446,True,,0.76,0.19,7.04,,,0.76
,,,,,,,,,2021,9,3048,True,,0.57,0.05,5.7,,,0.57
0.06,,,,,,,,,2021,9,3271,True,,4.46,0.39,48.3,,,4.46
0.06,0.06,,,,,,,,2021,9,367,True,,3.77,0.29,41.88,,,3.77
,,,,,,,,,2021,9,4189,True,,0.83,0.06,8.2,,,0.83
,,,,,,,,,2021,9,5032,True,,1.68,0.1,19.84,,,1.68
,,,,,,,,,2021,9,5285,True,,0.76,0.06,8.99,,,0.76
,,,,,,,,,2021,9,5973,True,,1.19,0.07,13.14,,,1.19
,,,,,,,,,2021,9,5985,True,,1.44,0.21,19.38,,,1.44
,,,,,,,,,2021,9,6850,True,,1.3,0.1,13.41,,,1.3
,,,,,,,,0.85,2021,9,7050,True,,1.03,0.07,12.75,,,1.03
,,,,,,,,,2021,9,7946,True,,0.2,0.02,1.49,,,0.2
,,,,,,,,,2021,9,2463,True,,0.18,0.01,1.47,,,0.18
0.06,,,,,,,,,2021,9,6826,True,,2.94,0.24,30.82,,,2.94
,,,,,,,,,2021,9,7600,True,,3.75,0.34,42.93,,,3.75
,,,,,,,,,2021,9,6018,True,,,0.12,9.0,,,
0.04,0.04,,,,,,,,2021,9,616,True,,1.06,0.12,10.33,,,1.06
,0.4,0.82,1.23,1.78,230.27,,0.24,13.9,2021,10,3257,True,,,,,,,
0.57,0.32,0.06,0.62,1.87,237.55,0.07,0.43,72.73,2021,10,4881,True,,,,,,,
0.29,0.18,0.06,0.58,1.89,248.07,,0.28,18.27,2021,10,1049,True,,,,,,,
0.51,0.2,0.07,0.7,1.81,281.63,,0.1,10.6,2021,10,2028,True,,,,,,,
0.42,0.18,0.06,0.79,1.81,289.93,,0.04,3.43,2021,10,24,True,,,,,,,
0.15,0.3,,0.83,1.75,235.4,,0.23,22.29,2021,10,2711,True,,,,,,,
0.33,0.2,0.07,0.86,1.27,206.47,,0.12,2.87,2021,10,3163,True,,,,,,,
0.29,0.24,0.06,0.91,1.85,257.38,,0.06,7.49,2021,10,4892,True,,,,,,,
,0.25,,0.78,1.19,244.87,,0.01,5.8,2021,10,4972,True,,,,,,,
0.59,0.34,,0.91,1.84,236.99,,0.15,16.15,2021,10,7523,True,,,,,,,
0.6,0.3,,0.79,1.81,288.07,,0.04,4.5,2021,10,7527,True,,,,,,,
0.32,0.19,0.12,0.43,2.1,301.59,,0.19,12.23,2021,10,96,True,,,,,,,
1.09,0.15,,1.0,1.39,202.11,,0.02,13.33,2021,10,533,True,,,,,,,
,,,1.07,1.65,205.44,,,,2021,10,2549,True,,,,,,,
0.86,0.23,,1.1,1.99,237.05,,0.04,5.46,2021,10,5089,True,,,,,,,
0.37,0.19,0.06,0.55,1.34,212.93,0.06,0.38,50.05,2021,10,6904,True,,,,,,,
0.32,0.19,0.13,0.77,2.08,278.05,0.05,0.1,26.15,2021,10,1234,True,,,,,,,
0.67,0.29,0.07,0.59,1.88,262.09,,0.14,11.16,2021,10,3161,True,,,,,,,
0.44,0.25,0.13,0.63,2.37,307.71,0.08,0.25,26.1,2021,10,3294,True,,,,,,,
0.01,0.01,0.0,0.02,0.03,4.35,,0.05,6.35,2021,10,954,True,,,,,,,
0.49,0.24,0.12,0.86,2.02,280.13,,0.06,9.16,2021,10,1166,True,,,,,,,
0.01,0.01,,0.01,0.02,2.31,,0.06,6.69,2021,10,2307,True,,,,,,,
0.32,0.17,0.11,0.54,2.42,313.02,0.05,0.17,17.12,2021,10,4046,True,,,,,,,
,0.25,0.36,1.01,1.55,237.13,,0.15,12.33,2021,10,4335,True,,,,,,,
0.52,0.22,0.22,0.89,1.62,243.72,,0.22,15.26,2021,10,2152,True,,,,,,,
0.49,0.27,0.11,0.7,2.29,277.67,0.07,0.44,36.52,2021,10,4984,True,,,,,,,
0.47,0.23,0.12,0.75,1.92,287.48,,0.22,28.23,2021,10,6797,True,,,,,,,
0.38,0.23,0.07,0.8,1.7,244.46,,0.21,8.09,2021,10,1837,True,,,,,,,
0.01,0.01,,0.02,0.02,4.75,,0.08,6.55,2021,10,7610,True,,,,,,,
0.3,0.18,0.06,0.72,2.04,308.78,,0.07,7.81,2021,10,421,True,,,,,,,
0.14,0.07,,,,,,0.38,48.17,2021,10,5980,True,3.28,3.28,0.08,26.56,,,
,0.01,,,,,,0.02,3.86,2021,10,7098,True,0.16,0.16,0.01,1.24,,,
,,,,,,,0.24,53.43,2021,10,2168,True,1.64,1.64,0.1,16.25,,,
0.05,0.02,,,,,,0.13,24.86,2021,10,6918,True,1.81,1.81,0.07,11.12,,,
,0.01,,,,,,0.46,35.27,2021,10,3306,True,0.21,0.21,,1.15,,,
0.14,0.07,,,,,0.15,0.88,100.33,2021,10,4029,True,3.01,3.01,0.11,25.66,,,
,0.01,,,,,,0.03,15.24,2021,10,4111,True,0.4,0.4,0.01,1.54,,,
0.16,0.08,,,,,,0.29,63.26,2021,10,4663,True,7.01,7.01,0.23,59.42,,0.07,
0.11,0.05,,,,,0.06,0.62,64.22,2021,10,5850,True,1.64,1.64,0.05,13.79,,,
,,,,,,,0.1,6.15,2021,10,6012,True,1.06,1.06,,4.66,,,
,,,,,,,,,2021,10,6323,True,,0.08,,0.79,,,0.08
0.16,0.08,,,,,0.06,0.5,56.33,2021,10,6790,True,4.73,4.73,0.15,40.62,,,
0.04,0.04,,,,,,0.29,42.14,2021,10,6828,True,1.42,1.42,,7.88,,,
,,,,,,,0.07,5.14,2021,10,7537,True,,,,,,,
,,,,,,,0.0,0.5,2021,10,7574,True,0.08,0.08,0.0,0.64,,0.03,
,0.04,,,,,,0.35,46.46,2021,10,7611,True,1.23,1.23,0.01,6.82,,,
0.03,,,,,,,0.03,7.94,2021,10,2161,True,1.31,1.31,0.04,10.67,,,
0.05,,,,,,,0.09,18.28,2021,10,2257,True,1.07,1.07,0.04,8.07,,,
0.13,0.06,,,,,,0.34,63.27,2021,10,2320,True,1.6,1.6,0.05,8.74,,,
,,,,,,,,0.16,2021,10,2471,True,,0.17,,1.64,,,
0.08,0.04,,,,,,0.16,19.93,2021,10,3242,True,2.0,2.0,0.1,14.29,,,
,,,,,,,0.46,62.56,2021,10,3327,True,1.56,1.56,0.02,8.88,,,
,,,,,,,0.1,0.5,2021,10,3332,True,,0.23,,1.49,,,
,,,,,,,,,2021,10,3832,True,,0.17,0.02,1.41,,,
0.13,0.06,,,,,0.07,0.73,70.08,2021,10,4199,True,3.98,3.98,0.16,35.51,,,
,,,,,,,0.1,8.77,2021,10,5220,True,,,0.06,9.0,,,
,0.07,,,,,,0.63,72.45,2021,10,6694,True,2.72,2.72,0.05,19.38,,,
0.14,0.07,,,,,,0.69,82.84,2021,10,7528,True,5.08,5.08,0.18,36.3,,,
0.05,,,,,,,0.1,10.61,2021,10,7599,True,1.19,1.19,0.07,9.58,,,
,,,,,,,0.18,39.69,2021,10,1535,True,4.37,4.37,0.35,49.08,,,
,0.01,,,,,,0.07,11.24,2021,10,2378,True,0.56,0.56,0.02,4.19,,,
0.1,0.05,,,,,0.06,0.77,87.1,2021,10,3164,True,2.5,2.5,0.05,21.34,,,
0.08,0.08,,,,,,0.51,72.94,2021,10,3969,True,4.12,4.12,0.11,26.88,,,
,,,,,,,0.01,1.37,2021,10,4718,True,0.28,0.28,,1.65,,,
0.07,0.04,,,,,,0.13,18.69,2021,10,5052,True,0.56,0.56,0.03,3.8,,,
0.1,,,,,,,0.31,30.05,2021,10,5122,True,1.77,1.77,0.07,13.55,,,
0.12,,,,,,,0.25,61.61,2021,10,5549,True,3.55,3.55,0.12,20.31,,,
0.09,,,,,,,0.36,46.21,2021,10,5967,True,2.16,2.16,0.07,13.96,,,
0.04,,,,,,,0.12,17.09,2021,10,5987,True,1.04,1.04,0.04,6.7,,,
,,,,,,,,0.26,2021,10,6109,True,,0.69,,5.8,,,
0.05,0.05,,,,,,0.07,15.31,2021,10,7567,True,2.0,2.0,0.07,16.13,,,
,,,,,,,0.33,50.37,2021,10,7588,True,1.6,1.6,0.05,13.27,,,
,,,,,,,0.03,4.09,2021,10,7720,True,0.09,0.09,,0.82,,0.04,
,,,,,,,,2.78,2021,10,2359,True,0.9,0.9,,5.68,,,
,,,,,,,,,2021,10,2399,True,,0.37,0.01,3.81,0.37,,
0.1,,,,,,,0.11,19.47,2021,10,3664,True,4.06,4.06,0.09,26.05,,,
0.13,0.06,,,,,0.05,0.63,70.67,2021,10,4034,True,5.52,5.52,0.25,48.21,,0.06,
0.03,,,,,,,0.03,4.21,2021,10,4150,True,0.22,0.22,,1.15,,,
0.06,0.01,,,,,,0.08,17.75,2021,10,6039,True,2.56,2.56,0.08,15.59,,,
0.05,0.06,,,,,,0.17,34.84,2021,10,6130,True,2.52,2.52,0.08,19.74,,,
,,,,,,,,,2021,10,6202,True,,0.3,0.05,1.65,,,
,,,,,,,0.23,15.98,2021,10,6753,True,,,,,,,
0.18,0.06,,,,,0.07,0.92,92.37,2021,10,6813,True,2.58,2.58,0.11,22.85,,,
,,,,,,,0.12,31.55,2021,10,6951,True,1.43,1.43,0.04,7.18,,,
0.02,0.03,,,,,,0.07,8.83,2021,10,7594,True,0.72,0.72,,5.95,,,
0.13,,,,,,,0.35,51.84,2021,10,7607,True,2.56,2.56,0.11,21.02,,,
0.05,,,,,,,0.23,35.45,2021,10,2431,True,2.56,2.56,0.06,21.07,,,
,,,,,,,0.06,10.09,2021,10,3391,True,0.4,0.4,0.01,3.3,,,
0.12,0.09,,,,,,0.72,64.29,2021,10,4137,True,3.76,3.76,0.1,27.61,,,
,,,,,,,0.01,1.01,2021,10,4651,True,,,,,,,
0.05,,,,,,,0.15,24.76,2021,10,4985,True,0.78,0.78,,6.65,,,
0.02,,,,,,,0.02,3.89,2021,10,4994,True,0.08,0.08,,0.53,,,
0.14,0.06,,,,,,0.33,45.98,2021,10,6845,True,3.13,3.13,0.13,26.95,,,
,,,,,,,0.02,2.91,2021,10,6931,True,0.23,0.23,0.01,2.1,,,
0.1,0.04,,,,,0.05,0.41,45.12,2021,10,6945,True,2.35,2.35,0.05,20.6,,,
,,,,,,,0.08,0.38,2021,10,7204,True,,0.27,,2.59,,,
,,,,,,,0.46,63.58,2021,10,956,True,2.7,2.7,0.13,11.95,,,
0.19,,,,,,,0.29,21.07,2021,10,1034,True,3.52,3.52,0.13,28.29,,0.13,
0.05,,,,,,,0.03,4.19,2021,10,1386,True,3.14,3.14,0.08,25.13,,,
,,,,,,,,1.93,2021,10,2073,True,,0.48,,2.7,,,
,,,,,,,0.09,8.91,2021,10,3868,True,1.19,1.19,0.07,10.92,,,
,,,,,,,0.02,4.8,2021,10,4455,True,0.45,0.45,,3.04,,,
0.1,0.1,,,,,,0.23,29.74,2021,10,5347,True,3.36,3.36,0.13,25.5,,,
,,,,,,,0.01,1.79,2021,10,6156,True,,,,,,,
0.12,0.06,,,,,,0.41,63.24,2021,10,6955,True,2.91,2.91,0.12,20.84,,,
,,,,,,,0.18,22.95,2021,10,6973,True,0.8,0.8,0.01,2.8,,,
,,,,,,,,3.78,2021,10,5271,True,,,,,,,
0.01,0.01,,,,,,0.03,4.53,2021,10,7593,True,0.4,0.4,0.01,3.15,,,
0.07,0.03,,,,,,0.09,24.88,2021,10,4962,True,1.28,1.28,,8.5,,,
,,,,,,,0.12,4.38,2021,10,1379,True,,1.79,0.08,17.71,,,
,,,,,,,0.08,9.43,2021,10,5284,True,1.64,1.64,,13.82,,,
0.17,0.16,,,,,,0.57,70.21,2021,10,5916,True,3.32,3.32,0.09,25.53,,,
,,,,,,,0.38,72.24,2021,10,7561,True,2.09,2.09,0.09,17.42,,,
,,,,,,,,,2021,10,2025,True,,1.19,0.04,11.93,1.19,,
0.17,,,,,,,,,2021,10,7571,True,,4.39,0.36,59.07,4.39,,
0.01,,,,,,,,,2021,10,5965,True,,0.25,0.02,3.66,0.25,,
0.07,0.08,,,,,,,,2021,10,5848,True,,5.02,0.56,75.63,5.02,,
0.05,,,,,,,,,2021,10,3157,True,,,,,,,
0.05,,,,,,,,,2021,10,6148,True,,2.03,0.17,29.76,2.03,,
0.17,,,,,,,,,2021,10,1817,True,,3.88,0.25,42.98,3.88,,
,,,,,,,,,2021,10,4252,True,,0.28,0.02,3.28,0.28,,
0.07,0.07,,,,,,,,2021,10,7526,True,,5.9,0.36,66.7,5.9,,
,,,,,,,,,2021,10,4177,True,,2.04,0.08,20.99,2.04,,
0.03,,,,,,,,2.59,2021,10,6847,True,,1.34,0.11,17.05,1.34,,
,,,,,,,,,2021,10,1244,True,,0.65,0.02,6.5,0.65,,
,,,,,,,,,2021,10,147,True,,0.5,0.02,7.48,0.5,,
0.12,0.06,,,,,,,,2021,10,1479,True,,7.31,0.49,83.24,7.31,,
0.12,0.06,,,,,,,,2021,10,1825,True,,5.42,0.38,62.06,5.42,,
0.11,0.06,,,,,,,1.5,2021,10,2309,True,,6.48,0.48,83.78,6.48,0.06,
0.12,0.06,,,,,,,,2021,10,2449,True,,7.1,0.56,85.19,7.1,0.06,
,,,,,,,,,2021,10,2750,True,,2.25,0.12,19.88,2.25,,
,,,,,,,,,2021,10,3286,True,,2.44,0.16,28.52,2.44,,
,,,,,,,,,2021,10,3297,True,,3.79,0.22,44.0,3.79,,
,,,,,,,,,2021,10,3445,True,,1.41,0.06,16.43,1.41,,
,,,,,,,,,2021,10,4080,True,,2.69,0.19,28.08,2.69,,
,,,,,,,,,2021,10,4146,True,,0.81,0.04,9.73,0.81,,
0.08,0.08,,,,,,,2.49,2021,10,4198,True,,3.37,0.2,34.46,3.37,,
0.12,0.01,,,,,,0.01,1.3,2021,10,4454,True,,3.33,0.2,40.08,3.33,,
,,,,,,,,,2021,10,5241,True,,0.31,0.02,3.47,0.31,,
0.07,,,,,,,,0.68,2021,10,538,True,,4.2,0.38,55.57,4.2,,
0.12,0.06,,,,,,,,2021,10,5859,True,,5.72,0.67,88.71,5.72,0.06,
0.05,0.05,,,,,,,,2021,10,5917,True,,3.44,0.29,44.49,3.44,,
,,,,,,,,5.52,2021,10,6234,True,,2.79,0.17,32.63,2.79,,
0.04,0.04,,,,,,,1.22,2021,10,6798,True,,2.3,0.14,30.79,2.3,,
,,,,,,,,,2021,10,6927,True,,2.61,0.21,32.31,2.61,,
,,,,,,,,,2021,10,7039,True,,1.42,0.14,12.28,1.42,,
,,,,,,,,3.26,2021,10,7135,True,,1.2,0.15,14.15,1.2,,
,,,,,,,,,2021,10,7496,True,,2.34,0.26,27.94,2.34,,
,,,,,,,,,2021,10,7729,True,,0.5,0.04,6.22,0.5,,
,,,,,,,,,2021,10,7751,True,,1.16,0.11,13.0,1.16,,
0.12,0.06,,,,,,,,2021,10,2133,True,,7.12,0.9,85.57,7.12,0.12,
0.05,0.05,,,,,,,,2021,10,2325,True,,2.93,0.33,44.11,2.93,,
0.08,0.08,,,,,,,0.69,2021,10,2410,True,,4.57,0.3,49.94,4.57,,
,,,,,,,,,2021,10,3634,True,,4.25,0.21,44.16,4.25,,
,,,,,,,,,2021,10,4197,True,,1.06,0.05,11.38,1.06,,
0.18,,,,,,,,,2021,10,4319,True,,3.71,0.35,48.43,3.71,,
0.08,0.08,,,,,,,0.59,2021,10,5110,True,,4.76,0.29,53.59,4.76,,
,,,,,,,,,2021,10,5199,True,,2.72,0.13,28.81,2.72,,
0.07,0.06,,,,,,,1.31,2021,10,5947,True,,5.18,0.32,65.38,5.18,,
,,,,,,,,,2021,10,6402,True,,0.69,0.03,7.8,0.69,,
0.06,0.06,,,,,,0.05,6.23,2021,10,6814,True,,3.48,0.24,39.67,3.48,,
0.06,0.06,,,,,,,3.25,2021,10,6819,True,,5.68,0.61,65.18,5.68,0.06,
0.12,,,,,,,,,2021,10,6870,True,,3.61,0.33,49.9,3.61,,
0.02,0.02,,,,,,,,2021,10,6943,True,,1.34,0.1,18.26,1.34,,
0.08,,,,,,,,,2021,10,6960,True,,3.08,0.26,43.15,3.08,,
,,,,,,,,,2021,10,6989,True,,3.64,0.32,42.98,3.64,,
,,,,,,,,1.45,2021,10,7612,True,,0.84,0.06,11.61,0.84,,
,,,,,,,,,2021,10,7670,True,,1.34,0.09,16.8,1.34,,
0.06,0.06,,,,,,,,2021,10,1067,True,,4.07,0.37,54.0,4.07,0.06,
0.09,0.08,,,,,,,,2021,10,1144,True,,6.31,0.28,56.45,6.31,,
,,,,,,,,,2021,10,2822,True,,2.57,0.11,27.66,2.57,,
0.04,,,,,,,,,2021,10,3328,True,,1.98,0.12,25.73,1.98,,
0.08,0.04,,,,,,,0.73,2021,10,3423,True,,2.81,0.21,38.14,2.81,,
,,,,,,,,,2021,10,3582,True,,3.58,0.09,33.81,3.58,,
0.13,0.06,,,,,,,2.48,2021,10,4983,True,,4.96,0.38,69.22,4.96,,
0.07,,,,,,,,,2021,10,5024,True,,2.89,0.22,37.75,2.89,,
0.05,0.05,,,,,,,,2021,10,5038,True,,4.11,0.28,55.64,4.11,,
0.05,,,,,,,,1.16,2021,10,5086,True,,2.62,0.31,42.58,2.62,,
,,,,,,,,,2021,10,5096,True,,1.8,0.05,15.0,1.8,,
0.11,0.06,,,,,,,,2021,10,5846,True,,5.12,0.61,83.99,5.12,0.06,
0.11,0.06,,,,,,,,2021,10,5927,True,,5.57,0.48,77.88,5.57,0.06,
0.08,0.08,,,,,,,,2021,10,5955,True,,5.44,0.34,63.27,5.44,,
,,,,,,,,,2021,10,6165,True,,2.79,0.13,28.96,2.79,,
,,,,,,,,,2021,10,627,True,,0.06,,0.62,0.06,,
,,,,,,,,,2021,10,6557,True,,0.32,0.02,3.03,0.32,,
0.12,0.06,,,,,,,,2021,10,6786,True,,6.25,0.52,82.25,6.25,0.12,
0.12,0.06,,,,,,,0.69,2021,10,6794,True,,5.49,0.63,80.33,5.49,0.12,
0.06,,,,,,,,,2021,10,7547,True,,3.23,0.16,41.61,3.23,,
0.03,0.03,,,,,,,,2021,10,7565,True,,1.41,0.13,19.87,1.41,,
0.08,,,,,,,,,2021,10,830,True,,4.54,0.35,55.26,4.54,,
0.07,0.07,,,,,,,,2021,10,1110,True,,4.62,0.33,58.29,4.62,,
,,,,,,,,2.42,2021,10,1567,True,,0.86,0.04,7.69,0.86,,
0.12,0.06,,,,,,,,2021,10,1689,True,,5.41,0.55,67.91,5.41,0.06,
0.13,0.07,,,,,,,,2021,10,2374,True,,6.24,0.41,72.45,6.24,,
0.11,0.06,,,,,,0.06,5.81,2021,10,3321,True,,5.75,0.67,89.77,5.75,0.06,
0.08,0.09,,,,,,,0.99,2021,10,4950,True,,5.33,0.36,65.64,5.33,,
0.05,,,,,,,,,2021,10,5026,True,,2.4,0.22,32.31,2.4,,
,,,,,,,,,2021,10,5113,True,,1.38,0.13,16.26,1.38,,
,,,,,,,,,2021,10,5121,True,,0.98,0.08,11.27,0.98,,
0.03,0.02,,,,,,,0.51,2021,10,5432,True,,1.41,0.11,17.25,1.41,,
0.12,0.06,,,,,,,4.03,2021,10,5937,True,,6.69,0.47,69.63,6.69,,
0.03,,,,,,,,,2021,10,6271,True,,1.86,0.09,22.36,1.86,,
0.01,,,,,,,,,2021,10,6744,True,,0.31,0.01,3.66,0.31,,
,,,,,,,,,2021,10,7210,True,,0.37,,3.49,0.37,,
,,,,,,,,,2021,10,7533,True,,0.92,0.08,14.84,0.92,,
0.06,,,,,,,,,2021,10,7587,True,,1.45,0.13,19.84,1.45,,
0.06,,,,,,,0.06,8.28,2021,10,7601,True,,4.28,0.24,34.2,4.28,,
,,,,,,,,,2021,10,7996,True,,0.51,0.06,5.61,0.51,,
0.03,,,,,,,,,2021,10,928,True,,2.28,0.15,25.7,2.28,,
0.12,0.07,,,,,,,,2021,10,2216,True,,5.54,0.66,77.88,5.54,0.12,
,,,,,,,,,2021,10,3433,True,,0.27,0.03,3.16,0.27,,
0.13,0.07,,,,,,,,2021,10,4036,True,,3.68,0.28,56.37,3.68,,
0.12,0.06,,,,,,,,2021,10,4037,True,,6.06,0.6,76.09,6.06,0.06,
0.06,0.06,,,,,,,,2021,10,4068,True,,5.24,0.53,72.87,5.24,0.06,
0.04,,,,,,,,0.16,2021,10,4622,True,,1.64,0.1,20.73,1.64,,
0.07,,,,,,,,,2021,10,5185,True,,2.76,0.31,36.15,2.76,,
,,,,,,,,,2021,10,5773,True,,0.84,0.08,8.46,0.84,,
,,,,,,,,,2021,10,5902,True,,0.58,0.02,6.44,0.58,,
,,,,,,,,,2021,10,6395,True,,0.26,0.01,3.09,0.26,,
,,,,,,,,,2021,10,6427,True,,1.36,0.08,13.68,1.36,,
,,,,,,,,,2021,10,7066,True,,2.77,0.2,34.0,2.77,,
0.06,0.06,,,,,,,,2021,10,7525,True,,4.66,0.43,63.9,4.66,,
0.01,,,,,,,,,2021,10,7540,True,,0.36,0.04,4.71,0.36,,
0.05,,,,,,,0.02,2.86,2021,10,7596,True,,3.82,0.3,50.15,3.82,,
,,,,,,,,,2021,10,7713,True,,1.2,0.12,16.35,1.2,,
,,,,,,,,,2021,10,1555,True,,1.59,0.1,22.21,1.59,,
,,,,,,,,,2021,10,4234,True,,0.37,0.03,4.31,0.37,,
0.06,,,,,,,,,2021,10,4351,True,,3.33,0.32,43.78,3.33,,
0.11,0.05,,,,,,,,2021,10,5045,True,,4.84,0.4,64.43,4.84,0.06,
0.03,,,,,,,,,2021,10,6421,True,,1.53,0.13,23.47,1.53,,
0.06,0.06,,,,,,,,2021,10,6783,True,,4.81,0.4,70.62,4.81,,
0.05,,,,,,,,,2021,10,6824,True,,2.81,0.23,37.08,2.81,,
,,,,,,,,,2021,10,1077,True,,0.5,0.05,7.34,0.5,,
0.11,0.05,,,,,,0.05,5.46,2021,10,6803,True,,4.39,0.32,55.59,4.39,0.05,
0.18,0.08,,,,,,0.01,3.8,2021,10,4039,True,,8.46,0.73,99.07,8.46,,
,,,,,,,,,2021,10,7049,True,,0.93,0.07,8.96,0.93,,
0.05,0.06,,,,,,,,2021,10,2078,True,,4.18,0.35,55.91,4.18,,
,,,,,,,,,2021,10,5154,True,,1.35,0.05,14.95,1.35,,
,,,,,,,,,2021,10,7757,True,,1.37,0.1,19.26,1.37,,
0.07,0.08,,,,,,,1.15,2021,10,6853,True,,4.91,0.33,60.56,4.91,,
0.14,0.07,,,,,,0.07,8.77,2021,10,5872,True,,5.48,0.5,70.1,5.48,0.07,
,,,,,,,,,2021,10,5973,True,,1.1,0.06,12.11,,,1.1
0.08,,,,,,,,,2021,10,4993,True,,4.65,0.37,53.58,,,4.65
,,,,,,,,,2021,10,4362,True,,0.31,,3.25,,,0.31
,,,,,,,,,2021,10,5008,True,,1.64,0.09,15.45,,,1.64
0.07,,,,,,,,,2021,10,5012,True,,5.06,0.58,58.99,,0.13,5.06
,,,,,,,,,2021,10,4085,True,,1.08,0.09,10.98,,,1.08
0.03,,,,,,,,,2021,10,1706,True,,1.54,0.09,14.82,,,1.54
0.06,0.06,,,,,,,,2021,10,2505,True,,6.75,0.46,77.07,,0.06,6.75
0.05,0.05,,,,,,,,2021,10,367,True,,3.91,0.31,43.48,,,3.91
,,,,,,,,,2021,10,4323,True,,0.19,0.03,1.86,,,0.19
0.07,0.07,,,,,,,,2021,10,5844,True,,5.01,0.41,55.24,,0.07,5.01
0.05,0.05,,,,,,,,2021,10,5857,True,,4.39,0.35,50.83,,0.05,4.39
0.08,,,,,,,,,2021,10,5906,True,,4.12,0.36,45.44,,,4.12
,,,,,,,,,2021,10,6181,True,,0.61,0.03,6.34,,,0.61
,,,,,,,,,2021,10,6865,True,,0.34,0.05,3.86,,,0.34
,,,,,,,,,2021,10,6956,True,,0.27,0.02,3.0,,,0.27
,,,,,,,,,2021,10,7002,True,,0.56,0.06,6.04,,,0.56
,,,,,,,,1.12,2021,10,7050,True,,1.35,0.08,16.61,,,1.35
,,,,,,,,,2021,10,7842,True,,1.15,0.08,10.47,,,1.15
,,,,,,,,,2021,10,7946,True,,0.19,0.02,1.42,,,0.19
,,,,,,,,,2021,10,2422,True,,0.69,,3.74,,,0.69
,,,,,,,,,2021,10,3048,True,,0.54,0.05,5.48,,,0.54
,,,,,,,,,2021,10,3496,True,,1.16,,11.68,,,1.16
0.02,,,,,,,,,2021,10,5009,True,,0.64,0.04,6.61,,,0.64
,,,,,,,,,2021,10,5863,True,,0.13,0.01,1.55,0.13,,
,,,,,,,,,2021,10,6074,True,,1.68,0.11,19.77,,,1.68
,,,,,,,,,2021,10,7600,True,,3.98,0.37,45.54,,,3.98
,,,,,,,,,2021,10,7716,True,,0.43,,3.95,,,0.43
0.06,0.06,,,,,,,,2021,10,1339,True,,4.59,0.41,47.43,,,4.59
,,,,,,,,,2021,10,1425,True,,3.12,0.27,31.06,,,3.12
0.06,,,,,,,,,2021,10,1466,True,,6.72,0.63,83.37,,0.12,6.72
,,,,,,,,,2021,10,2214,True,,3.2,0.27,33.35,,,3.2
0.05,0.05,,,,,,,,2021,10,3202,True,,2.51,0.23,25.58,,,2.51
,,,,,,,,,2021,10,4221,True,,0.09,,0.81,,,0.09
,,,,,,,,,2021,10,4531,True,,4.34,0.3,47.87,,,4.34
,,,,,,,,,2021,10,5133,True,,3.25,0.27,36.33,,,3.25
0.02,,,,,,,,,2021,10,5878,True,,0.89,0.04,10.65,0.89,,
,,,,,,,,,2021,10,6040,True,,0.51,0.05,6.25,,,0.51
,,,,,,,,,2021,10,6137,True,,1.17,0.09,13.55,,,1.17
,,,,,,,,,2021,10,7828,True,,0.58,,5.42,,,0.58
,,,,,,,,,2021,10,1619,True,,0.29,0.02,2.56,,,0.29
0.03,,,,,,,,,2021,10,2118,True,,1.79,0.14,17.87,,,1.79
,,,,,,,,,2021,10,2545,True,,2.78,0.11,24.9,,,2.78
0.03,0.05,,0.05,0.2,14.24,,0.15,16.37,2021,10,4381,True,,,,,,,
0.03,,,,,,,,,2021,10,4435,True,,1.48,0.11,15.39,,,1.48
,,,,,,,,,2021,10,4741,True,,3.81,0.28,40.26,,,3.81
,,,,,,,,,2021,10,5001,True,,4.94,0.4,50.28,,0.06,4.94
0.07,0.07,,,,,,,,2021,10,5022,True,,3.82,0.35,48.65,,,3.82
,,,,,,,,,2021,10,5985,True,,1.03,0.15,13.84,,,1.03
,,,,,,,,,2021,10,7602,True,,0.69,0.05,7.31,,,0.69
,,,,,,,,,2021,10,111,True,,1.34,0.09,12.55,,,1.34
,,,,,,,,,2021,10,2446,True,,1.23,0.08,10.55,,,1.23
0.07,,,,,,,,,2021,10,3214,True,,3.9,0.41,46.31,,0.07,3.9
0.05,,,,,,,,,2021,10,4055,True,,2.66,0.22,30.71,,,2.66
0.05,,,,,,,,,2021,10,4089,True,,3.12,0.25,32.29,,,3.12
,,,,,,,,,2021,10,4189,True,,0.94,0.07,9.35,,,0.94
0.06,,,,,,,,,2021,10,4973,True,,2.61,0.21,26.34,,,2.61
,,,,,,,,,2021,10,6843,True,,1.89,0.16,21.11,,,1.89
,,,,,,,,,2021,10,4033,True,,2.1,0.22,24.53,,,2.1
,,,,,,,,,2021,10,4054,True,,2.47,0.22,31.74,,,2.47
,,,,,,,,,2021,10,4995,True,,1.19,0.05,8.96,,,1.19
,,,,,,,,,2021,10,5010,True,,1.56,0.07,15.39,,,1.56
,,,,,,,,,2021,10,6850,True,,1.23,0.1,12.73,,,1.23
,,,,,,,,,2021,10,6869,True,,2.83,0.23,28.9,,,2.83
,,,,,,,,,2021,10,7216,True,,0.2,,2.14,,,
0.06,,,,,,,,,2021,10,7553,True,,4.77,0.4,52.92,,,4.77
,,,,,,,0.05,2.52,2021,10,7694,True,,1.02,0.11,13.18,,,1.02
,,,,,,,,,2021,10,7075,True,,0.29,,2.97,,,0.29
,,,,,,,,,2021,10,6081,True,,0.29,0.02,1.65,,,0.29
,,,,,,,,,2021,10,5285,True,,0.72,0.06,8.4,,,0.72
0.07,,,,,,,,,2021,10,3271,True,,4.99,0.33,49.8,,,4.99
0.06,,,,,,,,,2021,10,4217,True,,5.29,0.49,71.44,,0.06,5.29
0.43,0.24,0.06,0.81,1.79,255.21,,0.04,3.38,2021,11,24,True,,,,,,,
0.56,0.28,,0.73,1.81,288.65,,0.04,4.84,2021,11,7527,True,,,,,,,
0.42,0.24,0.08,0.89,1.93,266.35,,0.1,8.4,2021,11,1837,True,,,,,,,
0.39,0.24,,0.93,1.27,219.84,,0.03,7.2,2021,11,19,True,,,,,,,
,0.25,,0.9,1.56,233.65,,0.05,5.2,2021,11,2549,True,,,,,,,
0.15,0.31,,0.83,1.7,228.97,,0.17,21.68,2021,11,2711,True,,,,,,,
1.03,0.15,,1.15,1.28,195.03,,0.01,5.0,2021,11,533,True,,,,,,,
0.0,0.01,,0.01,0.01,2.11,,0.06,4.61,2021,11,7610,True,,,,,,,
0.78,0.21,,0.76,0.97,162.04,,0.02,4.65,2021,11,5257,True,,,,,,,
0.54,0.13,0.07,0.62,2.0,265.35,,0.13,10.35,2021,11,6770,True,,,,,,,
0.21,0.3,0.11,0.9,1.32,219.72,,0.49,35.04,2021,11,954,True,,,,,,,
0.28,0.17,0.06,0.56,1.87,258.39,,0.22,20.63,2021,11,1049,True,,,,,,,
0.01,0.01,,0.01,0.02,2.3,,0.04,4.44,2021,11,2307,True,,,,,,,
0.76,0.33,0.08,0.9,1.71,259.25,,0.15,16.31,2021,11,3161,True,,,,,,,
0.47,0.2,0.13,0.66,2.36,289.95,0.07,0.28,23.88,2021,11,3294,True,,,,,,,
0.32,0.16,0.11,0.71,2.45,321.32,0.06,0.17,17.78,2021,11,4046,True,,,,,,,
0.37,0.23,0.07,0.68,1.81,256.38,,0.17,16.42,2021,11,6768,True,,,,,,,
0.47,0.17,0.12,0.71,1.93,269.73,,0.22,20.66,2021,11,6797,True,,,,,,,
0.36,0.18,0.06,0.55,1.35,213.91,0.06,0.34,44.6,2021,11,6904,True,,,,,,,
1.16,0.58,0.66,0.66,1.35,183.12,,0.3,29.95,2021,11,7083,True,,,,,,,
0.29,0.14,,0.46,1.11,216.65,,0.21,28.12,2021,11,827,True,,,,,,,
0.31,0.18,0.13,0.81,1.97,271.8,0.05,0.17,27.22,2021,11,1234,True,,,,,,,
,0.02,0.04,0.08,0.24,28.24,,0.04,2.08,2021,11,4335,True,,,,,,,
0.28,0.17,0.06,0.6,1.79,261.42,,0.11,9.9,2021,11,4892,True,,,,,,,
0.49,0.28,0.07,0.76,1.94,282.67,,0.08,8.74,2021,11,2028,True,,,,,,,
0.53,0.29,0.12,0.76,2.24,291.9,0.07,0.4,36.95,2021,11,4984,True,,,,,,,
0.61,0.31,,1.0,1.36,245.67,,0.16,17.54,2021,11,7523,True,,,,,,,
0.56,0.3,,0.98,1.47,218.28,,0.31,31.52,2021,11,7591,True,,,,,,,
0.31,0.19,0.12,0.43,1.93,283.79,,0.18,11.59,2021,11,96,True,,,,,,,
0.47,0.23,0.12,0.82,2.02,279.43,,0.06,9.08,2021,11,1166,True,,,,,,,
0.73,0.33,0.07,0.93,1.57,225.2,0.06,0.25,30.49,2021,11,5870,True,,,,,,,
0.11,0.06,,,,,,0.53,65.01,2021,11,5890,True,0.75,0.75,,5.79,,,
,,,,,,,,,2021,11,6202,True,,0.32,0.05,1.77,,,
,,,,,,,0.18,25.37,2021,11,7611,True,1.25,1.25,0.01,6.86,,,
0.1,0.05,,,,,,0.24,37.8,2021,11,2431,True,2.27,2.27,0.05,18.52,,,
0.11,,,,,,,0.1,7.06,2021,11,1034,True,3.78,3.78,0.14,30.4,,0.13,
,,,,,,,,1.9,2021,11,2073,True,,0.48,,2.66,,,
,0.02,,,,,,0.06,10.91,2021,11,2382,True,2.24,2.24,0.01,10.22,,,
0.1,0.05,,,,,,0.12,22.27,2021,11,4149,True,1.39,1.39,0.04,11.67,,,
0.15,0.07,,,,,,0.28,59.35,2021,11,4663,True,5.55,5.55,0.19,40.57,,0.06,
0.08,0.08,,,,,,0.16,16.75,2021,11,5347,True,2.84,2.84,0.15,21.55,,,
0.1,0.05,,,,,0.05,0.58,60.35,2021,11,5850,True,1.63,1.63,0.05,13.73,,,
0.12,0.06,,,,,,0.23,47.71,2021,11,5980,True,2.58,2.58,0.06,21.04,,,
0.06,,,,,,,0.18,26.26,2021,11,5987,True,1.27,1.27,0.05,8.17,,,
0.02,0.01,,,,,,0.07,8.03,2021,11,7098,True,0.24,0.24,0.01,1.83,,,
,,,,,,,0.08,0.38,2021,11,7204,True,,0.28,,2.62,,,
,,,,,,,,1.77,2021,11,7609,True,0.2,0.2,0.07,1.94,,,
,,,,,,,0.03,4.06,2021,11,7720,True,0.09,0.09,,0.82,,0.04,
,0.02,,,,,,0.4,54.36,2021,11,956,True,3.56,3.56,0.07,27.31,,,
,,,,,,,0.04,7.83,2021,11,1387,True,1.12,1.12,0.04,8.76,,,
0.14,0.06,,,,,,0.16,16.98,2021,11,2391,True,2.64,2.64,0.14,23.38,,,
,0.06,,,,,,0.43,54.07,2021,11,3327,True,1.24,1.24,0.02,10.09,,,
,,,,,,,0.12,0.59,2021,11,3332,True,,0.27,,1.76,,,
,,,,,,,,4.47,2021,11,3391,True,0.08,0.08,,1.1,,,
0.23,0.06,,,,,0.12,0.72,81.62,2021,11,4029,True,2.99,2.99,0.11,25.43,,,
,,,,,,,0.01,1.49,2021,11,4718,True,0.3,0.3,,1.79,,,
0.04,0.02,,,,,,0.1,22.1,2021,11,4985,True,0.56,0.56,0.01,4.76,,,
0.11,0.05,,,,,0.06,0.75,90.19,2021,11,4988,True,1.83,1.83,0.05,15.99,,,
,,,,,,,0.02,3.83,2021,11,5123,True,1.07,1.07,,7.91,,,
0.08,0.04,,,,,,0.1,26.38,2021,11,5170,True,0.49,0.49,,3.59,,,
0.08,0.04,,,,,,0.32,39.35,2021,11,6151,True,2.33,2.33,0.05,19.79,,,
0.12,0.06,,,,,0.06,0.57,62.73,2021,11,6945,True,2.3,2.3,0.05,20.22,,,
0.11,0.06,,,,,,0.43,66.13,2021,11,6955,True,2.82,2.82,0.11,20.22,,,
0.3,0.08,,,,,,0.79,92.63,2021,11,7528,True,2.88,2.88,0.1,20.56,,,
0.12,,,,,,,0.35,51.5,2021,11,7607,True,3.3,3.3,0.13,27.04,,,
0.06,,,,,,,0.12,24.95,2021,11,2257,True,1.16,1.16,0.05,8.77,,,
,,,,,,,0.12,15.0,2021,11,4147,True,0.96,0.96,,4.9,,,
0.05,,,,,,,0.08,19.2,2021,11,5122,True,0.47,0.47,0.02,3.65,,,
0.01,,,,,,,0.01,1.89,2021,11,5131,True,0.18,0.18,,1.16,,,
0.09,,,,,,,0.19,48.71,2021,11,5549,True,2.76,2.76,0.1,15.76,,,
0.09,,,,,,,0.3,38.61,2021,11,5967,True,1.8,1.8,0.06,11.66,,,
0.1,0.05,,,,,,0.16,34.89,2021,11,6130,True,2.56,2.56,0.07,20.04,,,
0.15,0.08,,,,,0.05,0.35,53.88,2021,11,6790,True,4.28,4.28,0.17,36.69,,,
0.16,0.07,,,,,,0.64,77.6,2021,11,6828,True,3.28,3.28,0.03,18.26,,,
0.04,0.03,,,,,,0.12,19.27,2021,11,7593,True,0.67,0.67,0.02,5.25,,,
0.06,0.06,,,,,,0.22,30.5,2021,11,1476,True,0.98,0.98,0.05,6.21,,,
0.02,,,,,,,0.01,2.7,2021,11,2161,True,1.43,1.43,0.04,11.62,,,
,,,,,,,0.07,11.9,2021,11,2378,True,0.59,0.59,0.02,4.44,,,
,,,,,,,0.23,18.1,2021,11,3306,True,0.21,0.21,,1.16,,,
,,,,,,,,1.6,2021,11,3594,True,,,,,,,
,0.02,,,,,,0.3,52.33,2021,11,4111,True,2.2,2.2,0.1,9.06,,,
0.21,0.11,,,,,,0.62,59.25,2021,11,4137,True,3.46,3.46,0.1,25.47,,,
0.02,,,,,,,0.02,3.34,2021,11,4994,True,0.07,0.07,,0.47,,,
,,,,,,,0.01,5.89,2021,11,5220,True,0.5,0.5,0.01,3.0,,,
,0.01,,,,,,0.1,7.09,2021,11,6012,True,1.83,1.83,0.03,8.07,,,
0.06,0.02,,,,,,0.22,36.49,2021,11,6820,True,1.72,1.72,0.08,14.25,,,
,,,,,,,0.0,0.48,2021,11,7574,True,0.07,0.07,0.0,0.62,,0.03,
,,,,,,,0.24,39.02,2021,11,2168,True,1.58,1.58,0.12,15.74,,,
,,,,,,,,10.41,2021,11,2359,True,1.99,1.99,,12.57,,,
,,,,,,,,0.18,2021,11,2471,True,,0.18,,1.78,,,
0.19,0.06,,,,,0.07,0.66,74.24,2021,11,4034,True,4.91,4.91,0.22,42.89,,0.05,
0.14,0.01,,,,,,0.15,21.33,2021,11,4150,True,0.81,0.81,0.02,4.18,,,
,,,,,,,0.02,4.86,2021,11,4455,True,0.45,0.45,,3.08,,,
,,,,,,,0.01,0.75,2021,11,5163,True,0.14,0.14,,1.04,,,
,,,,,,,0.09,9.29,2021,11,5536,True,0.35,0.35,,1.27,,,
,,,,,,,0.01,1.59,2021,11,6156,True,,,,,,,
,0.01,,,,,,0.31,38.3,2021,11,6694,True,1.1,1.1,0.02,6.1,,,
0.12,0.06,,,,,,0.39,43.8,2021,11,6845,True,1.73,1.73,0.08,14.91,,,
,,,,,,,0.02,3.0,2021,11,6931,True,0.24,0.24,0.01,2.16,,,
,,,,,,,,22.17,2021,11,6951,True,0.31,0.31,,1.54,,,
0.07,0.03,,,,,,0.14,22.71,2021,11,6984,True,0.75,0.75,,3.81,,,
,,,,,,,0.15,19.21,2021,11,7608,True,0.59,0.59,,4.75,,,
,,,,,,,0.02,3.68,2021,11,7794,True,1.21,1.21,0.05,10.0,,,
,,,,,,,0.13,4.55,2021,11,1379,True,,1.86,0.08,18.4,,,
0.23,0.11,,,,,0.06,0.71,81.13,2021,11,3164,True,2.09,2.09,0.04,17.83,,,
0.09,0.05,,,,,,0.16,19.85,2021,11,3242,True,2.83,2.83,0.14,20.18,,,
0.1,,,,,,,0.12,18.94,2021,11,3664,True,3.95,3.95,0.09,25.34,,,
,,,,,,,,,2021,11,3832,True,,0.17,0.02,1.4,,,
0.13,0.06,,,,,,0.45,75.43,2021,11,4018,True,3.47,3.47,0.12,27.58,,,
,,,,,,,0.01,0.85,2021,11,4651,True,,,,,,,
,0.05,,,,,,0.47,62.98,2021,11,5284,True,2.23,2.23,0.04,18.9,,,
0.11,0.06,,,,,0.05,0.55,64.83,2021,11,5892,True,2.16,2.16,0.05,18.5,,,
0.11,0.06,,,,,,0.08,18.78,2021,11,6039,True,2.71,2.71,0.08,16.5,,,
0.2,0.07,,,,,0.06,0.81,80.25,2021,11,6813,True,2.86,2.86,0.13,25.39,,,
,,,,,,,0.13,17.05,2021,11,6963,True,1.12,1.12,0.02,6.18,,,
,,,,,,,0.08,4.99,2021,11,7537,True,,,,,,,
0.02,0.02,,,,,,0.07,10.51,2021,11,7594,True,0.85,0.85,,7.09,,,
0.15,0.07,,,,,,0.52,68.69,2021,11,3969,True,3.26,3.26,0.07,23.59,,,
0.07,0.04,,,,,,0.14,20.14,2021,11,5052,True,0.6,0.6,0.03,4.09,,,
,,,,,,,0.03,3.21,2021,11,3803,True,,0.41,,1.84,,,
0.05,,,,,,,0.03,4.52,2021,11,1386,True,3.39,3.39,0.08,27.08,,,
0.06,0.02,,,,,,0.07,20.96,2021,11,3209,True,1.5,1.5,0.06,11.56,,,
0.19,0.06,,,,,0.05,0.46,57.57,2021,11,4866,True,3.0,3.0,0.12,27.86,,,
,,,,,,,0.0,0.37,2021,11,7529,True,,,,,,,
0.06,0.06,,,,,,,1.27,2021,11,5947,True,,5.03,0.32,67.36,5.03,,
,,,,,,,,,2021,11,3297,True,,3.03,0.15,35.19,3.03,,
0.1,,,,,,,,,2021,11,4454,True,,3.04,0.11,36.57,3.04,,
0.04,,,,,,,,,2021,11,6271,True,,2.23,0.11,26.83,2.23,,
,,,,,,,,1.25,2021,11,6699,True,,0.25,0.04,3.15,0.25,,
,,,,,,,,,2021,11,7530,True,,0.79,0.05,10.44,0.79,,
0.05,0.05,,,,,,,,2021,11,2325,True,,3.15,0.35,47.41,3.15,,
0.06,0.06,,,,,,,0.45,2021,11,5110,True,,3.64,0.22,41.03,3.64,,
0.07,0.06,,,,,,,,2021,11,1110,True,,3.45,0.24,43.5,3.45,,
0.06,0.06,,,,,,,,2021,11,1144,True,,4.53,0.28,54.95,4.53,,
,,,,,,,,,2021,11,1244,True,,0.71,0.02,7.08,0.71,,
,,,,,,,,,2021,11,2025,True,,3.6,0.23,35.95,3.6,,
0.07,0.07,,,,,,,0.61,2021,11,2410,True,,4.09,0.27,44.52,4.09,,
0.09,,,,,,,,0.48,2021,11,2673,True,,1.37,0.1,16.42,1.37,,
,,,,,,,,,2021,11,3433,True,,0.33,0.04,3.78,0.33,,
0.02,,,,,,,,0.09,2021,11,4171,True,,0.71,0.03,8.84,0.71,,
,,,,,,,,,2021,11,4878,True,,1.39,0.05,15.37,1.39,,
0.07,,,,,,,,,2021,11,5024,True,,2.89,0.22,37.83,2.89,,
,,,,,,,,,2021,11,5154,True,,1.41,0.05,15.54,1.41,,
,,,,,,,,,2021,11,5323,True,,0.42,0.02,5.07,0.42,,
0.06,,,,,,,,0.64,2021,11,538,True,,3.89,0.36,51.57,3.89,,
0.03,0.02,,,,,,,0.53,2021,11,5432,True,,1.51,0.12,18.38,1.51,,
0.11,0.05,,,,,,,,2021,11,5859,True,,6.04,0.71,85.83,6.04,0.06,
,,,,,,,,,2021,11,5902,True,,0.59,0.02,6.65,0.59,,
0.05,0.05,,,,,,,,2021,11,5917,True,,4.36,0.37,63.22,4.36,,
0.13,0.06,,,,,,,3.69,2021,11,5937,True,,6.12,0.44,72.92,6.12,,
,,,,,,,,,2021,11,5938,True,,0.35,0.01,3.22,0.35,,
0.03,,,,,,,,,2021,11,6148,True,,1.45,0.13,21.23,1.45,,
,,,,,,,,5.86,2021,11,6234,True,,2.96,0.18,34.64,2.96,,
0.13,0.04,,,,,,,,2021,11,6786,True,,6.45,0.51,85.84,6.45,0.13,
0.06,0.06,,,,,,0.06,1.75,2021,11,6886,True,,3.8,0.45,55.25,3.8,,
,,,,,,,,,2021,11,7244,True,,1.38,0.04,12.21,1.38,,
0.12,0.05,,,,,,,,2021,11,2449,True,,7.26,0.57,87.03,7.26,0.06,
,,,,,,,,,2021,11,2822,True,,2.11,0.09,22.73,2.11,,
,,,,,,,,0.21,2021,11,3269,True,,1.08,0.12,13.09,1.08,,
0.11,0.05,,,,,,0.06,6.05,2021,11,3321,True,,5.99,0.7,93.56,5.99,0.05,
0.03,,,,,,,,0.63,2021,11,3342,True,,1.14,0.03,13.05,1.14,,
,,,,,,,,,2021,11,3445,True,,3.23,0.24,47.43,3.23,,
0.06,0.05,,,,,,,,2021,11,4068,True,,4.82,0.48,66.94,4.82,0.06,
,,,,,,,,,2021,11,4197,True,,1.07,0.05,11.51,1.07,,
0.14,,,,,,,,,2021,11,4319,True,,2.35,0.22,30.64,2.35,,
0.09,,,,,,,,,2021,11,491,True,,2.69,0.08,35.27,2.69,,
0.11,0.05,,,,,,,2.55,2021,11,4983,True,,5.07,0.38,70.82,5.07,,
,,,,,,,,,2021,11,5121,True,,1.74,0.13,19.88,1.74,,
,,,,,,,,,2021,11,5199,True,,2.96,0.14,31.39,2.96,,
,,,,,,,,,2021,11,5773,True,,0.78,0.08,7.84,0.78,,
0.11,0.05,,,,,,,,2021,11,5846,True,,4.98,0.6,81.64,4.98,0.06,
0.12,0.06,,,,,,,,2021,11,5927,True,,5.93,0.46,74.22,5.93,0.06,
,,,,,,,,,2021,11,6223,True,,0.28,0.04,4.11,0.28,,
,,,,,,,,,2021,11,6427,True,,1.06,0.06,10.73,1.06,,
0.07,0.07,,,,,,,2.43,2021,11,7090,True,,5.11,0.35,57.6,5.11,,
,,,,,,,,4.37,2021,11,7135,True,,1.61,0.2,18.97,1.61,,
0.07,0.07,,,,,,,,2021,11,7526,True,,6.01,0.44,68.87,6.01,,
0.07,0.08,,,,,,,,2021,11,7564,True,,5.95,0.51,82.31,5.95,,
,,,,,,,,,2021,11,7670,True,,1.29,0.08,16.21,1.29,,
0.05,0.05,,,,,,,,2021,11,1067,True,,3.87,0.34,51.3,3.87,0.05,
,,,,,,,,,2021,11,1346,True,,2.73,0.15,35.89,2.73,,
,,,,,,,,2.63,2021,11,1567,True,,0.94,0.05,8.35,0.94,,
0.11,0.06,,,,,,,,2021,11,1689,True,,5.13,0.52,64.37,5.13,0.06,
0.12,0.06,,,,,,,,2021,11,1825,True,,6.32,0.4,68.34,6.32,,
0.04,,,,,,,,,2021,11,3328,True,,2.34,0.14,30.41,2.34,,
0.09,0.05,,,,,,,0.98,2021,11,3423,True,,3.79,0.28,51.44,3.79,,
,,,,,,,,,2021,11,3582,True,,1.22,0.03,11.52,1.22,,
0.13,0.06,,,,,,,,2021,11,4036,True,,4.01,0.31,61.33,4.01,,
,,,,,,,,,2021,11,4234,True,,0.31,0.02,3.6,0.31,,
,,,,,,,,,2021,11,6165,True,,2.77,0.13,28.79,2.77,,
0.03,,,,,,,,,2021,11,6421,True,,1.48,0.13,22.65,1.48,,
,,,,,,,,,2021,11,6557,True,,0.67,0.03,6.4,0.67,,
,,,,,,,,,2021,11,6588,True,,0.57,0.02,5.37,0.57,,
0.11,0.06,,,,,,,2.59,2021,11,6801,True,,4.77,0.53,62.8,4.77,0.11,
0.1,0.05,,,,,,0.05,5.62,2021,11,6803,True,,4.53,0.33,57.25,4.53,0.05,
0.07,0.07,,,,,,,2.7,2021,11,6819,True,,4.7,0.38,63.75,4.7,0.07,
0.03,,,,,,,,2.49,2021,11,6847,True,,1.28,0.11,16.35,1.28,,
,,,,,,,,,2021,11,6989,True,,3.49,0.3,41.03,3.49,,
,,,,,,,,,2021,11,7049,True,,0.98,0.07,9.47,0.98,,
0.18,,,,,,,,,2021,11,7571,True,,4.69,0.38,61.12,4.69,,
0.01,,,,,,,,,2021,11,7595,True,,0.48,0.04,6.88,0.48,,
0.08,,,,,,,,,2021,11,830,True,,4.47,0.36,54.45,4.47,,
0.1,0.05,,,,,,,1.92,2021,11,3225,True,,4.82,0.26,51.76,4.82,,
,,,,,,,,,2021,11,4080,True,,2.68,0.19,27.96,2.68,,
,,,,,,,,,2021,11,4252,True,,1.36,0.09,15.66,1.36,,
0.07,0.07,,,,,,,,2021,11,5038,True,,4.72,0.4,61.9,4.72,,
0.05,,,,,,,,1.27,2021,11,5086,True,,2.86,0.33,46.31,2.86,,
,,,,,,,,,2021,11,627,True,,0.05,,0.6,0.05,,
0.1,,,,,,,,,2021,11,6870,True,,3.26,0.3,37.22,3.26,,
,,,,,,,,,2021,11,6957,True,,1.91,0.08,19.4,1.91,,
,,,,,,,,,2021,11,7496,True,,2.6,0.29,31.15,2.6,,
0.03,,,,,,,,,2021,11,7540,True,,0.82,0.1,10.66,0.82,,
,,,,,,,,,2021,11,7569,True,,2.11,0.15,26.62,2.11,,
0.05,,,,,,,0.05,5.8,2021,11,7601,True,,3.0,0.2,33.92,3.0,,
,,,,,,,,,2021,11,7729,True,,0.56,0.04,7.02,0.56,,
,,,,,,,,,2021,11,1077,True,,0.53,0.05,7.63,0.53,,
0.12,0.06,,,,,,,,2021,11,1479,True,,7.06,0.47,80.31,7.06,,
,,,,,,,,,2021,11,3286,True,,2.66,0.18,31.07,2.66,,
,,,,,,,,,2021,11,3634,True,,3.4,0.17,35.35,3.4,,
,,,,,,,,,2021,11,3652,True,,0.48,0.04,5.08,0.48,,
,,,,,,,,,2021,11,4146,True,,0.81,0.04,9.64,0.81,,
0.07,,,,,,,,0.31,2021,11,4622,True,,3.13,0.18,39.49,3.13,,
,,,,,,,,,2021,11,5113,True,,2.51,0.23,29.57,2.51,,
0.01,,,,,,,,,2021,11,6744,True,,0.31,0.01,3.68,0.31,,
0.11,0.04,,,,,,,0.7,2021,11,6794,True,,5.52,0.63,80.86,5.52,0.11,
0.03,0.04,,,,,,,,2021,11,6943,True,,2.51,0.2,34.15,2.51,,
,,,,,,,,,2021,11,7066,True,,2.77,0.2,34.0,2.77,,
0.06,,,,,,,,,2021,11,7547,True,,2.99,0.15,38.55,2.99,,
,,,,,,,,1.28,2021,11,7612,True,,0.75,0.05,10.24,0.75,,
,,,,,,,,,2021,11,7751,True,,1.09,0.1,12.15,1.09,,
0.06,,,,,,,,,2021,11,928,True,,3.86,0.24,43.43,3.86,,
,,,,,,,,,2021,11,147,True,,0.5,0.02,7.45,0.5,,
,,,,,,,,,2021,11,1555,True,,1.31,0.08,18.32,1.31,,
0.21,,,,,,,,,2021,11,1817,True,,4.73,0.3,52.42,4.73,,
0.13,0.06,,,,,,,,2021,11,2133,True,,7.17,0.92,86.18,7.17,0.13,
0.17,0.09,,,,,,,,2021,11,2197,True,,5.61,0.35,73.9,5.61,,
0.12,0.06,,,,,,,,2021,11,2374,True,,5.85,0.47,68.0,5.85,,
0.04,,,,,,,,,2021,11,2381,True,,1.02,0.03,12.0,1.02,,
,,,,,,,,,2021,11,2750,True,,3.52,0.19,31.08,3.52,,
,,,,,,,,,2021,11,3155,True,,0.48,0.02,5.82,0.48,,
,,,,,,,,,2021,11,4177,True,,1.83,0.12,18.72,1.83,,
0.08,0.08,,,,,,,2.71,2021,11,4198,True,,3.66,0.22,37.44,3.66,,
0.08,0.08,,,,,,,0.89,2021,11,4950,True,,4.75,0.48,58.6,4.75,,
0.06,,,,,,,,,2021,11,5026,True,,3.18,0.29,42.82,3.18,,
0.13,0.06,,,,,,0.08,17.1,2021,11,5872,True,,5.28,0.47,67.63,5.28,0.06,
,,,,,,,,,2021,11,5915,True,,0.17,0.01,2.04,0.17,,
0.08,0.08,,,,,,,,2021,11,5955,True,,5.44,0.35,63.27,5.44,,
0.04,0.04,,,,,,,1.22,2021,11,6798,True,,2.31,0.14,30.93,2.31,,
0.05,0.05,,,,,,0.05,6.14,2021,11,6814,True,,3.41,0.24,39.07,3.41,,
,,,,,,,,,2021,11,6927,True,,2.62,0.13,32.46,2.62,,
,,,,,,,,,2021,11,7039,True,,0.61,0.06,5.26,0.61,,
0.06,0.06,,,,,,,,2021,11,7525,True,,4.68,0.44,64.19,4.68,,
0.02,0.02,,,,,,,,2021,11,7565,True,,1.33,0.12,18.68,1.33,,
0.04,,,,,,,,,2021,11,7587,True,,1.06,0.1,14.48,1.06,,
0.05,0.02,,,,,,0.06,7.1,2021,11,7596,True,,3.56,0.27,46.75,3.56,,
,,,,,,,,,2021,11,7996,True,,0.51,0.06,5.59,0.51,,
0.12,0.06,,,,,,,,2021,11,2216,True,,6.19,0.73,86.86,6.19,0.12,
0.06,0.06,,,,,,,,2021,11,4131,True,,3.86,0.42,52.92,3.86,0.06,
0.05,,,,,,,,,2021,11,6960,True,,2.3,0.24,24.23,2.3,,
0.09,,,,,,,,8.39,2021,11,7606,True,,4.08,0.38,52.79,4.08,,
,,,,,,,,,2021,11,6857,True,,1.47,0.07,14.51,1.47,,
0.12,0.06,,,,,,,,2021,11,4037,True,,6.06,0.6,76.16,6.06,0.06,
,,,,,,,,,2021,11,7713,True,,1.12,0.13,15.26,1.12,,
,,,,,,,,,2021,11,4038,True,,1.08,0.06,15.57,1.08,,
0.06,0.06,,,,,,,,2021,11,6149,True,,2.77,0.22,40.17,2.77,,
0.06,,,,,,,,,2021,11,3214,True,,3.85,0.46,33.98,,0.06,3.85
0.06,,,,,,,,,2021,11,7553,True,,4.84,0.4,53.66,,,4.84
0.02,,,,,,,,,2021,11,5878,True,,0.96,0.05,11.44,0.96,,
0.05,,,,,,,,,2021,11,4144,True,,2.91,0.26,28.8,,,2.91
0.06,0.06,,,,,,,,2021,11,1339,True,,4.48,0.39,46.26,,,4.48
0.07,,,,,,,,,2021,11,1466,True,,6.89,0.65,85.37,,0.13,6.89
,,,,,,,,,2021,11,2460,True,,3.22,0.27,35.76,,,3.22
0.06,0.06,,,,,,,,2021,11,3202,True,,3.6,0.33,36.59,,,3.6
,,,,,,,,,2021,11,3496,True,,1.11,,11.27,,,1.11
,,,,,,,,,2021,11,3695,True,,0.15,,1.3,,,0.15
,,,,,,,,,2021,11,4221,True,,0.07,,0.68,,,0.07
0.04,,,,,,,,,2021,11,4435,True,,2.65,0.14,27.67,,,2.65
,,,,,,,,,2021,11,5133,True,,3.78,0.3,38.64,,,3.78
,,,,,,,,,2021,11,6074,True,,1.63,0.11,19.07,,,1.63
,,,,,,,,,2021,11,6850,True,,1.69,0.14,17.41,,,1.69
,,,,,,,,,2021,11,7075,True,,0.3,,3.08,,,0.3
,,,,,,,,,2021,11,1425,True,,2.89,0.23,28.57,,,2.89
0.04,,,,,,,,,2021,11,2118,True,,1.8,0.14,17.93,,,1.8
,,,,,,,,,2021,11,4033,True,,3.37,0.29,39.28,,,3.37
,,,,,,,,,2021,11,4054,True,,1.94,0.17,24.95,,,1.94
,,,,,,,,,2021,11,4995,True,,1.44,0.07,10.83,,,1.44
0.06,0.06,,,,,,,,2021,11,5022,True,,3.93,0.33,46.08,,,3.93
,,,,,,,,,2021,11,6001,True,,0.55,,5.08,,,0.55
,,,,,,,,,2021,11,6040,True,,0.83,0.08,10.16,,,0.83
0.04,0.05,,,,,,,,2021,11,616,True,,1.45,0.17,14.14,,,1.45
,,,,,,,,,2021,11,7502,True,,0.53,0.08,6.52,,,0.53
,,,,,,,0.06,3.04,2021,11,7694,True,,1.23,0.13,15.93,,,1.23
,,,,,,,,,2021,11,7716,True,,2.1,0.18,21.77,,,2.1
,,,,,,,,,2021,11,7828,True,,0.63,,5.9,,,0.63
,,,,,,,,,2021,11,7842,True,,1.24,0.09,11.38,,,1.24
,,,,,,,,,2021,11,1619,True,,0.2,0.01,1.75,,,0.2
,,,,,,,,,2021,11,2446,True,,3.15,0.21,26.98,,,3.15
0.05,0.05,,,,,,,,2021,11,2505,True,,5.69,0.39,64.95,,0.05,5.69
0.05,,,,,,,,,2021,11,4089,True,,3.42,0.28,35.53,,,3.42
,,,,,,,,,2021,11,4741,True,,4.05,0.29,42.83,,,4.05
0.07,,,,,,,,,2021,11,5012,True,,5.26,0.55,66.97,,0.13,5.26
,,,,,,,,,2021,11,6137,True,,1.19,0.09,13.71,,,1.19
,,,,,,,,1.05,2021,11,7050,True,,1.28,0.08,15.68,,,1.28
,,,,,,,,,2021,11,7622,True,,0.28,0.02,2.5,,,0.28
,,,,,,,,,2021,11,111,True,,1.26,0.08,11.84,,,1.26
,,,,,,,,,2021,11,2474,True,,0.91,0.04,6.97,,,0.91
,,,,,,,,,2021,11,4085,True,,0.66,0.11,7.1,,,0.66
,,,,,,,,,2021,11,5008,True,,1.74,0.09,16.37,,,1.74
0.06,0.07,,,,,,,,2021,11,5844,True,,4.11,0.33,45.36,,0.06,4.11
,,,,,,,,,2021,11,5863,True,,0.13,0.01,1.56,0.13,,
0.08,,,,,,,,,2021,11,6826,True,,4.11,0.33,43.05,,,4.11
,,,,,,,,,2021,11,7216,True,,0.24,,2.56,,,
,,,,,,,,,2021,11,7600,True,,3.02,0.28,34.69,,,3.02
,,,,,,,,,2021,11,2422,True,,0.75,,4.08,,,0.75
,,,,,,,,,2021,11,2463,True,,0.67,0.07,5.5,,,0.67
,,,,,,,,,2021,11,3258,True,,0.48,0.04,3.89,,,0.48
0.06,,,,,,,,,2021,11,4217,True,,5.57,0.51,75.21,,0.06,5.57
,,,,,,,,,2021,11,4362,True,,0.34,,3.58,,,0.34
,,,,,,,,,2021,11,4443,True,,1.79,0.11,17.86,,,1.79
,,,,,,,,,2021,11,5001,True,,4.35,0.4,47.87,,0.06,4.35
0.02,,,,,,,,,2021,11,5009,True,,0.65,0.04,6.64,,,0.65
,,,,,,,,,2021,11,5285,True,,0.74,0.06,8.73,,,0.74
0.07,,,,,,,,,2021,11,5906,True,,3.52,0.37,39.73,,,3.52
,,,,,,,,,2021,11,5973,True,,1.05,0.06,11.57,,,1.05
,,,,,,,,,2021,11,5985,True,,0.59,0.08,8.01,,,0.59
0.04,,,,,,,,,2021,11,1706,True,,2.03,0.12,19.52,,,2.03
,,,,,,,,,2021,11,3048,True,,0.59,0.05,5.95,,,0.59
0.05,0.05,,,,,,,,2021,11,367,True,,3.47,0.27,38.51,,,3.47
,,,,,,,,,2021,11,4323,True,,0.18,0.03,1.77,,,0.18
0.03,0.01,,0.04,0.1,11.97,,0.22,15.98,2021,11,4381,True,,,,,,,
0.07,,,,,,,,,2021,11,4993,True,,4.74,0.38,54.55,,,4.74
,,,,,,,,,2021,11,5010,True,,1.61,0.07,15.87,,,1.61
,,,,,,,,,2021,11,6181,True,,0.65,,6.7,,,0.65
,,,,,,,,,2021,11,6865,True,,0.35,0.05,3.98,,,0.35
,,,,,,,,,2021,11,6869,True,,3.15,0.25,32.17,,,3.15
,,,,,,,,,2021,11,7568,True,,1.32,0.08,14.17,,,1.32
,,,,,,,,,2021,11,7602,True,,0.54,0.04,5.75,,,0.54
,,,,,,,,,2021,11,7946,True,,1.29,0.14,9.66,,,1.29
0.02,,,,,,,,,2021,11,4055,True,,1.23,0.1,14.3,,,1.23
,,,,,,,,,2021,11,943,True,,1.97,0.16,23.24,,,1.97
0.07,0.07,,,,,,,,2021,11,4066,True,,3.23,0.18,33.67,,,3.23
0.04,,,,,,,,,2021,11,515,True,,3.54,0.4,40.96,,0.04,3.54
,,,,,,,,,2021,11,2214,True,,1.78,0.15,18.6,,,1.78
0.4,0.29,0.06,0.8,1.82,282.63,,0.07,7.92,2021,12,2028,True,,,,,,,
0.52,0.29,0.11,0.75,2.01,282.2,0.07,0.36,33.84,2021,12,4984,True,,,,,,,
0.34,0.3,0.07,0.88,1.45,234.88,,0.07,3.22,2021,12,3163,True,,,,,,,
,,,1.07,1.69,210.32,,,,2021,12,2549,True,,,,,,,
0.62,0.1,,0.75,1.44,227.92,,0.05,6.21,2021,12,829,True,,,,,,,
0.01,0.01,,0.01,0.02,2.09,,0.03,4.03,2021,12,2307,True,,,,,,,
0.44,0.24,0.13,0.63,1.97,279.25,0.07,0.23,20.01,2021,12,3294,True,,,,,,,
0.5,0.25,0.06,0.63,2.23,254.3,,0.15,12.18,2021,12,6770,True,,,,,,,
0.32,0.19,0.12,0.44,2.15,285.15,,0.25,11.24,2021,12,96,True,,,,,,,
0.49,0.19,0.12,0.87,1.95,269.86,,0.06,8.45,2021,12,1166,True,,,,,,,
0.68,0.37,0.06,0.87,1.49,238.95,0.06,0.17,29.81,2021,12,5870,True,,,,,,,
0.2,0.1,0.1,0.78,1.36,207.15,,0.35,45.86,2021,12,954,True,,,,,,,
0.39,0.17,0.06,0.73,1.76,281.29,,0.05,3.62,2021,12,24,True,,,,,,,
0.59,0.33,0.07,0.68,1.91,252.1,0.06,0.34,64.93,2021,12,4881,True,,,,,,,
0.33,0.18,0.05,0.54,1.36,200.26,0.06,0.5,55.5,2021,12,6904,True,,,,,,,
0.58,0.29,,0.76,1.82,288.29,,0.04,4.74,2021,12,7527,True,,,,,,,
0.0,0.0,,0.01,0.01,2.26,,0.06,4.92,2021,12,7610,True,,,,,,,
0.48,0.24,0.12,0.77,2.12,287.63,,0.18,22.3,2021,12,6797,True,,,,,,,
0.59,0.3,,0.97,1.36,246.32,,0.17,18.53,2021,12,7523,True,,,,,,,
0.79,0.36,,0.63,1.58,246.25,,0.2,12.56,2021,12,7538,True,,,,,,,
0.33,0.2,0.07,1.0,1.28,244.38,,0.25,16.15,2021,12,1049,True,,,,,,,
0.35,0.21,0.07,0.74,1.71,246.08,,0.24,8.96,2021,12,1837,True,,,,,,,
0.55,0.23,0.24,0.94,1.69,252.99,,0.21,14.55,2021,12,2152,True,,,,,,,
0.76,0.38,0.08,1.4,1.86,278.02,,0.17,13.08,2021,12,3161,True,,,,,,,
0.31,0.2,0.06,0.79,2.07,333.24,,0.04,3.58,2021,12,421,True,,,,,,,
0.3,0.18,0.06,0.75,1.83,248.88,,0.05,5.68,2021,12,4892,True,,,,,,,
0.38,0.23,0.07,0.9,1.73,245.62,,0.16,16.61,2021,12,6768,True,,,,,,,
0.27,0.13,,0.42,1.45,208.89,,0.18,28.75,2021,12,827,True,,,,,,,
0.33,0.2,0.13,0.79,1.95,277.71,0.06,0.1,17.2,2021,12,1234,True,,,,,,,
0.14,0.24,,0.63,1.78,239.31,,0.18,17.99,2021,12,2711,True,,,,,,,
0.11,0.06,,,,,,0.17,29.94,2021,12,4149,True,1.68,1.68,0.05,14.12,,,
,,,,,,,0.01,0.79,2021,12,5163,True,0.15,0.15,,1.09,,,
,0.02,,,,,,0.03,16.2,2021,12,2399,True,,1.37,0.04,14.04,1.37,,
,,,,,,,0.06,15.36,2021,12,3391,True,0.77,0.77,0.05,3.0,,,
0.09,0.05,,,,,,0.15,17.99,2021,12,3242,True,2.45,2.45,0.12,17.55,,,
0.1,0.05,,,,,0.05,0.54,56.58,2021,12,5850,True,1.48,1.48,0.05,12.45,,,
0.11,0.02,,,,,,0.38,56.16,2021,12,5967,True,2.82,2.82,0.09,18.26,,,
,,,,,,,0.07,0.35,2021,12,7204,True,,0.25,,2.4,,,
,0.03,,,,,,0.15,31.16,2021,12,4455,True,2.22,2.22,0.05,15.23,,,
0.16,0.11,,,,,,0.3,49.16,2021,12,6984,True,2.65,2.65,0.05,13.45,,,
,,,,,,,0.15,20.2,2021,12,7608,True,0.62,0.62,,5.0,,,
0.21,0.1,,,,,0.06,0.6,67.84,2021,12,3164,True,3.96,3.96,0.1,33.75,,,
,,,,,,,0.08,8.04,2021,12,3868,True,1.07,1.07,0.06,9.85,,,
0.13,0.07,,,,,0.07,0.69,81.86,2021,12,5892,True,1.86,1.86,0.05,15.95,,,
,,,,,,,0.01,0.98,2021,12,4651,True,,,,,,,
0.13,0.06,,,,,,0.19,41.21,2021,12,6130,True,2.76,2.76,0.08,21.64,,,
0.15,0.08,,,,,0.06,0.57,64.03,2021,12,6790,True,4.93,4.93,0.21,42.31,,,
0.08,0.08,,,,,,0.29,40.79,2021,12,1476,True,1.17,1.17,0.05,7.44,,,
0.05,,,,,,,0.09,18.98,2021,12,2257,True,1.23,1.23,0.05,9.26,,,
0.04,,,,,,,0.05,16.45,2021,12,3209,True,0.75,0.75,0.03,5.82,,,
0.15,0.08,,,,,,0.44,63.42,2021,12,3969,True,3.97,3.97,0.1,25.94,,,
,,,,,,,0.38,50.8,2021,12,4111,True,1.32,1.32,0.12,9.15,,,
0.03,,,,,,,0.03,5.66,2021,12,4994,True,0.28,0.28,,1.96,,,
0.02,,,,,,,0.03,4.55,2021,12,5131,True,0.51,0.51,0.01,3.36,,,
,,,,,,,,3.63,2021,12,5271,True,,,,,,,
,,,,,,,0.29,34.84,2021,12,5284,True,0.92,0.92,,7.76,,,
0.08,0.08,,,,,,0.18,18.91,2021,12,5347,True,3.21,3.21,0.17,24.33,,,
0.02,,,,,,,0.03,8.17,2021,12,6918,True,0.77,0.77,0.03,4.72,,,
,,,,,,,,5.76,2021,12,6963,True,0.2,0.2,,1.1,,,
,0.01,,,,,,0.01,1.77,2021,12,7794,True,0.74,0.74,0.03,6.16,,,
0.05,,,,,,,0.03,4.05,2021,12,1386,True,3.03,3.03,0.08,24.25,,,
,,,,,,,,2.04,2021,12,2073,True,,0.51,,2.85,,,
0.06,0.03,,,,,,0.12,18.34,2021,12,2431,True,2.31,2.31,0.06,19.04,,,
0.13,0.07,,,,,,0.47,79.07,2021,12,4018,True,2.99,2.99,0.1,23.82,,,
0.07,0.03,,,,,,0.09,22.83,2021,12,5170,True,0.7,0.7,,5.16,,,
0.05,,,,,,,0.13,18.6,2021,12,5987,True,1.18,1.18,0.05,7.6,,,
,,,,,,,,,2021,12,6379,True,0.22,0.22,,1.73,,,
0.1,0.05,,,,,,0.34,48.81,2021,12,6828,True,1.88,1.88,0.07,10.44,,,
0.0,,,,,,,0.01,1.44,2021,12,7098,True,,,,,,,
0.01,0.01,,,,,,0.03,4.59,2021,12,7567,True,0.16,0.16,0.01,1.33,,,
0.1,0.05,,,,,,0.34,50.14,2021,12,7588,True,2.12,2.12,0.07,17.54,,,
,,,,,,,0.38,50.53,2021,12,7611,True,2.32,2.32,,12.72,,,
,0.02,,,,,,0.17,32.08,2021,12,1387,True,1.66,1.66,0.07,12.98,,,
,,,,,,,,,2021,12,3832,True,,0.16,0.02,1.3,,,
,0.01,,,,,,0.11,14.06,2021,12,4147,True,1.69,1.69,0.04,8.62,,,
0.15,0.08,,,,,,0.51,64.48,2021,12,4663,True,5.01,5.01,0.25,42.49,,0.05,
0.19,0.06,,,,,0.06,0.48,60.71,2021,12,4866,True,3.83,3.83,0.13,35.6,,,
0.12,0.06,,,,,0.06,0.68,80.36,2021,12,4988,True,1.88,1.88,0.07,16.36,,,
,,,,,,,0.04,8.6,2021,12,5046,True,0.31,0.31,0.01,2.43,,,
0.17,0.09,,,,,,0.17,36.78,2021,12,6039,True,3.24,3.24,0.09,19.74,,,
0.12,0.06,,,,,,0.39,59.6,2021,12,6151,True,3.17,3.17,0.07,26.96,,,
,,,,,,,0.03,5.36,2021,12,6156,True,0.07,0.07,,0.28,,,
,,,,,,,0.06,7.08,2021,12,6694,True,0.24,0.24,0.01,1.08,,,
,,,,,,,0.28,67.84,2021,12,7561,True,1.57,1.57,0.07,13.04,,,
0.01,0.01,,,,,,0.03,5.02,2021,12,7593,True,0.45,0.45,0.01,3.5,,,
,,,,,,,0.13,4.85,2021,12,1379,True,,1.98,0.09,19.63,,,
0.17,0.11,,,,,,0.2,44.1,2021,12,1535,True,4.04,4.04,0.26,40.63,,,
,,,,,,,0.24,46.75,2021,12,2168,True,2.44,2.44,0.12,18.89,,,
0.13,0.06,,,,,,0.32,56.63,2021,12,2320,True,2.67,2.67,0.09,14.55,,,
,,,,,,,,9.91,2021,12,2359,True,2.34,2.34,,14.78,,,
0.26,0.12,,,,,0.13,0.77,87.09,2021,12,4029,True,2.78,2.78,0.1,23.66,,,
0.11,0.06,,,,,0.05,0.64,60.31,2021,12,4199,True,2.64,2.64,0.11,23.53,,,
,,,,,,,0.01,1.57,2021,12,4718,True,0.32,0.32,,1.89,,,
0.07,0.03,,,,,,0.1,26.89,2021,12,4962,True,1.02,1.02,,6.74,,,
,,,,,,,0.03,4.2,2021,12,5209,True,0.33,0.33,,2.64,,,
,0.03,,,,,,0.12,19.43,2021,12,5536,True,3.08,3.08,0.09,44.22,,,
0.14,0.07,,,,,,0.4,50.61,2021,12,5980,True,2.4,2.4,0.06,19.5,,,
0.11,0.06,,,,,,0.45,68.99,2021,12,6955,True,3.45,3.45,0.14,24.76,,,
,,,,,,,,1.44,2021,12,7609,True,1.08,1.08,0.04,10.37,,,
0.11,,,,,,,0.09,6.92,2021,12,1034,True,3.71,3.71,0.13,29.78,,0.13,
,0.05,,,,,,0.21,36.53,2021,12,2378,True,1.94,1.94,0.06,14.38,,,
0.21,0.1,,,,,,0.23,38.45,2021,12,2391,True,3.22,3.22,0.17,28.47,,,
,,,,,,,,3.24,2021,12,3803,True,,0.46,,2.08,,,
0.22,0.07,,,,,0.07,0.7,78.39,2021,12,4034,True,6.76,6.76,0.31,58.9,,0.08,
0.09,0.04,,,,,,0.16,21.84,2021,12,4098,True,3.02,3.02,0.21,25.56,,,
0.06,,,,,,,0.06,8.72,2021,12,4150,True,0.62,0.62,0.01,3.26,,,
0.08,0.04,,,,,,0.13,18.18,2021,12,5052,True,0.8,0.8,0.05,5.42,,,
0.1,0.05,,,,,,0.46,56.75,2021,12,5890,True,0.73,0.73,,5.68,,,
,,,,,,,,,2021,12,6202,True,,0.32,0.05,1.74,,,
,,,,,,,,,2021,12,6323,True,,0.08,,0.75,,,0.08
0.2,0.07,,,,,0.07,0.9,89.33,2021,12,6813,True,3.6,3.6,0.16,31.88,,,
0.28,0.14,,,,,,0.69,72.1,2021,12,7528,True,4.25,4.25,0.16,30.33,,,
0.02,0.02,,,,,,0.07,10.02,2021,12,7594,True,0.81,0.81,,6.75,,,
,,,,,,,0.03,3.77,2021,12,7720,True,0.08,0.08,,0.76,,0.04,
0.12,,,,,,,0.16,36.61,2021,12,5122,True,2.28,2.28,0.1,17.64,,,
0.16,0.08,,,,,,0.62,75.59,2021,12,5916,True,2.95,2.95,0.07,22.68,,,
,,,,,,,,0.86,2021,12,6311,True,0.76,0.76,,5.23,,,
,,,,,,,0.0,0.41,2021,12,7529,True,,,,,,,
,,,,,,,,4.26,2021,12,7551,True,,,,,,,
0.12,0.05,,,,,0.06,0.62,66.96,2021,12,6945,True,1.9,1.9,0.04,16.69,,,
,0.01,,,,,,0.03,5.72,2021,12,8051,True,0.41,0.41,0.01,3.27,,,
,,,,,,,0.27,17.67,2021,12,7537,True,,,,,,,
0.08,,,,,,,0.08,12.56,2021,12,3664,True,3.72,3.72,0.08,23.89,,,
,0.12,,,,,,0.16,21.89,2021,12,6931,True,2.88,2.88,0.13,27.0,,,
,0.03,,,,,,0.38,57.27,2021,12,3327,True,1.16,1.16,0.03,6.63,,,
,,,,,,,,,2021,12,2821,True,,0.14,0.01,1.77,0.14,,
,,,,,,,,,2021,12,3634,True,,3.1,0.15,32.26,3.1,,
0.03,,,,,,,,0.19,2021,12,4171,True,,1.42,0.06,17.6,1.42,,
,,,,,,,,,2021,12,5773,True,,0.94,0.09,9.48,0.94,,
,,,,,,,,,2021,12,1555,True,,0.56,0.03,7.83,0.56,,
0.06,,,,,,,,,2021,12,5026,True,,3.28,0.31,44.39,3.28,,
,,,,,,,,,2021,12,5781,True,,1.69,0.08,20.63,1.69,,
0.08,,,,,,,,,2021,12,6870,True,,2.5,0.23,28.44,2.5,,
0.08,0.08,,,,,,,2.95,2021,12,7090,True,,6.25,0.4,69.44,6.25,,
,,,,,,,,,2021,12,7556,True,,0.41,0.04,4.98,0.41,,
,,,,,,,,,2021,12,7812,True,,0.39,,4.34,0.39,,
,,,,,,,,,2021,12,7996,True,,0.46,0.05,5.07,0.46,,
0.03,,,,,,,,0.14,2021,12,2673,True,,0.42,0.03,5.06,0.42,,
0.0,,,,,,,,0.1,2021,12,3342,True,,0.19,0.0,2.18,0.19,,
,,,,,,,,,2021,12,5113,True,,4.77,0.3,42.27,4.77,,
0.02,0.02,,,,,,,,2021,12,6943,True,,1.24,0.1,16.91,1.24,,
,,,,,,,,,2021,12,6989,True,,3.23,0.28,37.89,3.23,,
0.06,,,,,,,,,2021,12,7547,True,,3.62,0.18,46.63,3.62,,
,,,,,,,,,2021,12,1346,True,,2.76,0.16,36.35,2.76,,
,,,,,,,,,2021,12,4080,True,,2.3,0.16,23.98,2.3,,
,,,,,,,,,2021,12,147,True,,0.79,0.02,11.83,0.79,,
,,,,,,,,,2021,12,4234,True,,1.57,0.14,18.73,1.57,,
0.09,0.06,,,,,,,,2021,12,5038,True,,6.76,0.43,66.22,6.76,,
0.07,,,,,,,,0.64,2021,12,538,True,,3.9,0.35,51.69,3.9,,
,,,,,,,,,2021,12,5938,True,,0.33,0.01,3.11,0.33,,
0.08,0.09,,,,,,,,2021,12,5955,True,,5.02,0.33,58.32,5.02,,
0.07,0.07,,,,,,,,2021,12,1144,True,,5.11,0.31,61.99,5.11,,
0.12,0.06,,,,,,,,2021,12,2449,True,,6.99,0.55,83.8,6.99,0.06,
,,,,,,,,5.65,2021,12,6234,True,,2.85,0.22,43.25,2.85,,
,,,,,,,,,2021,12,6588,True,,0.27,0.01,2.6,0.27,,
,,,,,,,,,2021,12,3155,True,,2.11,0.09,25.84,2.11,,
0.1,0.05,,,,,,,1.8,2021,12,3225,True,,4.52,0.24,48.52,4.52,,
,,,,,,,,0.25,2021,12,3269,True,,1.31,0.15,15.94,1.31,,
0.05,0.05,,,,,,,,2021,12,4068,True,,4.43,0.44,61.57,4.43,0.05,
0.09,,,,,,,,,2021,12,491,True,,3.27,0.09,42.94,3.27,,
0.02,,,,,,,,,2021,12,5013,True,,1.0,0.06,10.5,1.0,,
0.13,0.06,,,,,,,3.72,2021,12,5937,True,,6.18,0.44,73.59,6.18,,
0.02,,,,,,,,,2021,12,6148,True,,0.87,0.08,12.71,0.87,,
0.04,,,,,,,,,2021,12,6271,True,,2.36,0.12,28.56,2.36,,
0.05,0.05,,,,,,0.05,6.43,2021,12,6814,True,,3.58,0.25,40.96,3.58,,
0.07,0.07,,,,,,,2.97,2021,12,6819,True,,5.18,0.41,70.1,5.18,0.07,
0.05,,,,,,,,,2021,12,6824,True,,2.71,0.22,35.76,2.71,,
0.07,,,,,,,,,2021,12,7596,True,,5.38,0.36,65.72,5.38,,
,,,,,,,,,2021,12,7670,True,,1.55,0.1,19.52,1.55,,
,,,,,,,,,2021,12,7713,True,,0.61,0.06,8.38,0.61,,
0.05,,,,,,,,,2021,12,928,True,,3.07,0.2,34.6,3.07,,
0.12,,,,,,,,,2021,12,1817,True,,2.63,0.17,29.04,2.63,,
0.04,,,,,,,,,2021,12,2381,True,,1.24,0.04,14.61,1.24,,
,,,,,,,,,2021,12,3582,True,,4.46,0.09,42.3,4.46,,
,,,,,,,,,2021,12,4038,True,,1.22,0.06,17.66,1.22,,
0.04,,,,,,,,,2021,12,5185,True,,1.69,0.2,22.09,1.69,,
,,,,,,,,,2021,12,5241,True,,0.35,0.02,3.85,0.35,,
0.07,0.07,,,,,,,,2021,12,5848,True,,4.97,0.55,74.72,4.97,,
0.03,,,,,,,,,2021,12,6421,True,,1.32,0.11,20.07,1.32,,
,,,,,,,,,2021,12,6557,True,,1.16,0.05,11.08,1.16,,
,,,,,,,,,2021,12,6927,True,,2.81,0.14,34.82,2.81,,
,,,,,,,,,2021,12,7244,True,,1.69,0.11,14.95,1.69,,
0.05,0.05,,,,,,,,2021,12,1067,True,,3.99,0.36,52.94,3.99,0.05,
,,,,,,,,,2021,12,1077,True,,0.56,0.06,8.14,0.56,,
0.11,0.05,,,,,,0.01,3.0,2021,12,1825,True,,4.82,0.37,55.16,4.82,,
,,,,,,,,,2021,12,2025,True,,2.68,0.15,26.88,2.68,,
0.13,0.07,,,,,,,,2021,12,2133,True,,7.52,0.95,90.34,7.52,0.13,
0.15,0.06,,,,,,,,2021,12,2197,True,,5.55,0.34,73.12,5.55,,
,,,,,,,,,2021,12,3433,True,,0.31,0.03,3.6,0.31,,
,,,,,,,,,2021,12,3652,True,,0.45,0.03,4.77,0.45,,
,,,,,,,,,2021,12,4177,True,,2.0,0.09,20.66,2.0,,
0.11,0.06,,,,,,0.03,2.62,2021,12,4983,True,,5.25,0.4,68.53,5.25,,
,,,,,,,,,2021,12,5154,True,,1.5,0.06,16.58,1.5,,
,,,,,,,,,2021,12,5323,True,,0.41,0.02,4.92,0.41,,
0.13,0.06,,,,,,0.18,13.99,2021,12,5872,True,,5.34,0.5,68.3,5.34,0.06,
,,,,,,,,,2021,12,6069,True,,0.23,,1.48,0.23,,
0.01,,,,,,,,,2021,12,6744,True,,0.33,0.01,3.95,0.33,,
0.06,0.06,,,,,,0.06,1.97,2021,12,6886,True,,4.25,0.51,61.94,4.25,,
,,,,,,,,,2021,12,7039,True,,0.63,0.06,5.41,0.63,,
0.07,0.07,,,,,,,,2021,12,7564,True,,5.69,0.49,78.75,5.69,,
0.15,,,,,,,,,2021,12,7571,True,,3.98,0.32,53.55,3.98,,
,,,,,,,,,2021,12,7729,True,,3.14,0.21,39.54,3.14,,
0.13,0.07,,,,,,,,2021,12,1479,True,,6.98,0.47,80.54,6.98,,
,,,,,,,0.02,4.6,2021,12,1567,True,,1.65,0.08,14.63,1.65,,
0.05,0.05,,,,,,,,2021,12,2325,True,,2.9,0.32,43.71,2.9,,
0.09,0.05,,,,,,,0.94,2021,12,3423,True,,3.62,0.27,44.7,3.62,,
0.06,0.06,,,,,,,,2021,12,4131,True,,4.08,0.45,55.94,4.08,0.06,
0.17,,,,,,,,,2021,12,4319,True,,3.09,0.29,40.36,3.09,,
0.06,,,,,,,,,2021,12,4351,True,,3.3,0.31,43.29,3.3,,
,,,,,,,,,2021,12,4878,True,,1.34,,14.71,1.34,,
0.06,0.06,,,,,,,1.27,2021,12,5947,True,,5.01,0.31,67.08,5.01,,
0.04,,,,,,,,,2021,12,6290,True,,2.04,0.13,28.84,2.04,,
,,,,,,,,1.23,2021,12,6699,True,,0.25,0.04,3.09,0.25,,
0.13,0.07,,,,,,,0.71,2021,12,6794,True,,5.68,0.66,83.09,5.68,0.13,
0.11,0.06,,,,,,0.06,6.33,2021,12,6803,True,,5.1,0.36,64.49,5.1,0.06,
0.06,,,,,,,,,2021,12,6960,True,,2.51,0.2,37.66,2.51,,
0.06,0.06,,,,,,,,2021,12,7525,True,,4.73,0.51,64.92,4.73,,
0.01,,,,,,,,,2021,12,7540,True,,0.33,0.04,4.33,0.33,,
0.02,,,,,,,,,2021,12,7603,True,,0.72,0.06,7.92,0.72,,
0.12,0.06,,,,,,,,2021,12,2216,True,,5.5,0.66,77.28,5.5,0.12,
0.07,0.07,,,,,,,0.63,2021,12,2410,True,,4.19,0.28,45.69,4.19,,
0.11,0.05,,,,,,,,2021,12,4037,True,,5.52,0.54,69.4,5.52,0.05,
,,,,,,,,,2021,12,4146,True,,0.75,0.04,8.97,0.75,,
0.07,,,,,,,,0.33,2021,12,4622,True,,3.3,0.2,41.7,3.3,,
0.07,,,,,,,,,2021,12,5024,True,,2.63,0.2,34.35,2.63,,
0.1,0.05,,,,,,,,2021,12,5045,True,,4.3,0.36,57.29,4.3,0.05,
0.05,,,,,,,,1.22,2021,12,5086,True,,2.76,0.32,44.92,2.76,,
0.06,0.06,,,,,,,0.48,2021,12,5110,True,,3.89,0.24,43.88,3.89,,
,,,,,,,,,2021,12,5121,True,,1.76,0.14,20.15,1.76,,
,,,,,,,,,2021,12,627,True,,0.05,,0.57,0.05,,
0.06,0.06,,,,,,,,2021,12,6783,True,,4.65,0.39,68.24,4.65,,
0.04,0.04,,,,,,,1.31,2021,12,6798,True,,2.48,0.15,33.18,2.48,,
0.11,0.06,,,,,,,2.51,2021,12,6801,True,,4.63,0.52,61.03,4.63,0.11,
0.03,,,,,,,,2.58,2021,12,6847,True,,1.33,0.11,16.98,1.33,,
0.07,0.08,,,,,,,1.03,2021,12,6853,True,,4.33,0.32,53.33,4.33,,
,,,,,,,,,2021,12,7049,True,,1.05,0.07,10.11,1.05,,
,,,,,,,,,2021,12,7066,True,,2.58,0.19,31.63,2.58,,
,,,,,,,,,2021,12,7210,True,,0.35,,3.33,0.35,,
0.07,0.07,,,,,,,,2021,12,7526,True,,5.25,0.43,74.31,5.25,,
,,,,,,,,,2021,12,7569,True,,2.57,0.18,32.41,2.57,,
0.05,0.05,,,,,,,,2021,12,1110,True,,3.25,0.23,40.88,3.25,,
0.13,0.06,,,,,,,,2021,12,1689,True,,5.36,0.54,67.27,5.36,0.06,
0.05,0.06,,,,,,,,2021,12,2078,True,,4.28,0.35,56.62,4.28,,
,,,,,,,,,2021,12,3297,True,,1.23,0.07,14.25,1.23,,
0.18,0.09,,,,,,,3.96,2021,12,4039,True,,8.84,0.65,108.68,8.84,,
,,,,,,,,,2021,12,4252,True,,0.29,0.02,3.31,0.29,,
,,,,,,,,,2021,12,4420,True,,0.88,,5.92,0.88,,
0.11,,,,,,,,,2021,12,4454,True,,3.39,0.3,40.77,3.39,,
0.06,0.07,,,,,,,,2021,12,6149,True,,3.4,0.28,49.17,3.4,,
,,,,,,,,,2021,12,6427,True,,1.2,0.07,12.11,1.2,,
,,,,,,,,,2021,12,6857,True,,1.1,0.05,10.79,1.1,,
,,,,,,,,,2021,12,7496,True,,3.82,0.3,45.92,3.82,,
0.01,0.01,,,,,,,0.12,2021,12,5432,True,,0.33,0.03,4.05,0.33,,
,,,,,,,,1.31,2021,12,7612,True,,0.76,0.06,10.51,0.76,,
,,,,,,,,,2021,12,2822,True,,2.87,0.13,30.87,2.87,,
0.05,0.05,,,,,,0.05,5.34,2021,12,4082,True,,2.65,0.21,31.92,2.65,,
,,,,,,,,,2021,12,5902,True,,0.6,0.02,6.73,0.6,,
0.12,0.06,,,,,,,,2021,12,5927,True,,6.25,0.49,72.86,6.25,0.06,
0.03,,,,,,,,,2021,12,7587,True,,0.68,0.06,9.34,0.68,,
0.12,0.06,,,,,,,,2021,12,2374,True,,6.07,0.49,70.52,6.07,,
,,,,,,,,,2021,12,2750,True,,1.19,0.09,10.51,1.19,,
,,,,,,,,4.43,2021,12,7135,True,,1.64,0.2,19.21,1.64,,
0.11,0.06,,,,,,,,2021,12,5846,True,,5.05,0.61,82.76,5.05,0.06,
0.08,,,,,,,,,2021,12,5906,True,,3.82,0.33,42.1,,,3.82
,,,,,,,,,2021,12,2463,True,,0.21,0.02,1.73,,,0.21
,,,,,,,,,2021,12,5001,True,,5.41,0.42,51.39,,0.08,5.41
,,,,,,,,,2021,12,7002,True,,1.96,0.2,21.06,,,1.96
0.06,0.06,,,,,,,,2021,12,2505,True,,5.89,0.4,67.09,,0.06,5.89
,,,,,,,,,2021,12,5985,True,,0.66,0.08,8.82,,,0.66
,,,,,,,,,2021,12,6964,True,,1.32,0.02,8.73,,,1.32
,,,,,,,,,2021,12,3258,True,,0.9,0.08,7.26,,,0.9
,,,,,,,,,2021,12,3695,True,,0.16,,1.37,,,0.16
,,,,,,,,,2021,12,4221,True,,0.16,,1.56,,,0.16
0.06,0.06,,,,,,,,2021,12,5844,True,,4.99,0.33,54.97,,0.06,4.99
,,,,,,,,,2021,12,6137,True,,1.09,0.08,12.56,,,1.09
0.06,,,,,,,,,2021,12,6826,True,,3.46,0.28,36.29,,,3.46
0.03,0.01,,0.04,0.1,11.55,,0.21,15.41,2021,12,4381,True,,,,,,,
0.05,0.06,,,,,,,,2021,12,616,True,,1.81,0.24,17.58,,,1.81
,,,,,,,,,2021,12,2214,True,,2.15,0.18,22.49,,,2.15
0.06,,,,,,,,,2021,12,3214,True,,3.49,0.46,30.73,,0.06,3.49
0.06,,,,,,,,,2021,12,3271,True,,4.27,0.37,46.31,,,4.27
0.05,0.05,,,,,,,,2021,12,367,True,,3.42,0.27,37.94,,,3.42
,,,,,,,,,2021,12,4443,True,,2.6,0.17,25.98,,,2.6
,,,,,,,,,2021,12,4468,True,,0.24,0.03,2.18,,,0.24
,,,,,,,,,2021,12,5008,True,,2.25,0.11,21.2,,,2.25
0.06,,,,,,,,,2021,12,5012,True,,5.14,0.54,65.34,,0.13,5.14
0.07,0.07,,,,,,,,2021,12,5022,True,,4.08,0.34,47.64,,,4.08
,,,,,,,,,2021,12,7075,True,,0.32,,3.29,,,0.32
,,,,,,,,,2021,12,2545,True,,2.79,0.22,25.03,,,2.79
0.05,,,,,,,,,2021,12,4144,True,,2.85,0.25,28.21,,,2.85
0.07,,,,,,,,,2021,12,4993,True,,4.21,0.33,48.53,,,4.21
0.02,,,,,,,,,2021,12,5009,True,,0.6,0.04,6.18,,,0.6
0.05,,,,,,,,,2021,12,515,True,,3.43,0.41,41.66,,0.05,3.43
0.06,0.06,,,,,,,,2021,12,5857,True,,4.37,0.34,47.62,,0.06,4.37
,,,,,,,,,2021,12,7216,True,,0.23,,2.44,,,
,,,,,,,,,2021,12,4033,True,,2.44,0.25,28.46,,,2.44
,,,,,,,,,2021,12,4995,True,,1.38,0.06,10.32,,,1.38
,,,,,,,,,2021,12,5133,True,,3.45,0.31,38.5,,,3.45
,,,,,,,,,2021,12,6040,True,,0.55,0.06,6.74,,,0.55
,,,,,,,,,2021,12,6181,True,,0.66,,6.79,,,0.66
,,,,,,,0.06,2.9,2021,12,7694,True,,1.17,0.12,15.17,,,1.17
,,,,,,,,,2021,12,111,True,,1.22,0.08,11.49,,,1.22
,,,,,,,,,2021,12,1425,True,,3.53,0.22,34.96,,,3.53
,,,,,,,,,2021,12,2476,True,,1.22,0.12,13.59,,,1.22
,,,,,,,,,2021,12,3496,True,,1.06,,10.77,,,1.06
,,,,,,,,,2021,12,4054,True,,2.19,0.19,28.17,,,2.19
0.08,0.08,,,,,,,,2021,12,4066,True,,4.29,0.23,44.77,,,4.29
,,,,,,,,,2021,12,4189,True,,0.9,0.06,8.92,,,0.9
,,,,,,,,,2021,12,4362,True,,0.32,,3.33,,,0.32
0.06,,,,,,,,,2021,12,4435,True,,2.87,0.18,29.88,,,2.87
,,,,,,,,,2021,12,5285,True,,0.79,0.07,9.31,,,0.79
,,,,,,,,,2021,12,5863,True,,0.14,0.02,1.67,0.14,,
,,,,,,,,1.38,2021,12,7050,True,,1.68,0.1,20.72,,,1.68
,,,,,,,,,2021,12,7535,True,,0.06,0.0,0.7,,,0.06
,,,,,,,,,2021,12,7602,True,,0.61,0.04,6.49,,,0.61
,,,,,,,,,2021,12,7946,True,,1.41,0.12,10.44,,,1.41
0.04,,,,,,,,,2021,12,1706,True,,2.28,0.13,21.92,,,2.28
,,,,,,,,,2021,12,2460,True,,3.36,0.24,37.4,,,3.36
,,,,,,,,,2021,12,2474,True,,0.94,0.04,7.24,,,0.94
0.06,0.07,,,,,,,,2021,12,3202,True,,3.26,0.3,33.13,,,3.26
0.06,,,,,,,,,2021,12,4217,True,,5.52,0.52,72.86,,0.06,5.52
,,,,,,,,,2021,12,4741,True,,3.47,0.22,36.74,,,3.47
,,,,,,,,,2021,12,6001,True,,0.52,,4.76,,,0.52
,,,,,,,,,2021,12,6081,True,,0.27,,1.58,,,0.27
,,,,,,,,,2021,12,6843,True,,2.04,0.17,22.74,,,2.04
,,,,,,,,,2021,12,6850,True,,1.19,0.09,12.28,,,1.19
,,,,,,,,,2021,12,7439,True,,0.4,0.01,2.2,,,0.4
0.06,,,,,,,,,2021,12,7553,True,,5.17,0.43,57.38,,,5.17
,,,,,,,,,2021,12,7568,True,,1.61,0.1,17.25,,,1.61
,,,,,,,,,2021,12,7600,True,,3.58,0.38,41.12,,,3.58
,,,,,,,,,2021,12,2446,True,,1.08,0.07,9.28,,,1.08
,,,,,,,,,2021,12,3048,True,,0.62,0.06,6.29,,,0.62
0.02,,,,,,,,,2021,12,4055,True,,1.11,0.09,12.76,,,1.11
0.02,,,,,,,,,2021,12,5878,True,,0.94,0.05,11.21,0.94,,
,,,,,,,,,2021,12,6074,True,,1.77,0.13,20.67,,,1.77
,,,,,,,,,2021,12,7502,True,,0.52,0.09,6.36,,,0.52
0.06,,,,,,,,,2021,12,4089,True,,3.84,0.31,39.74,,,3.84
0.04,0.04,,,,,,,,2021,12,2251,True,,3.38,0.27,33.87,,,3.38
,,,,,,,,,2021,12,7716,True,,0.59,0.05,5.57,,,0.59
,,,,,,,,,2021,12,5010,True,,1.64,0.07,16.08,,,1.64
,,,,,,,,,2021,12,6865,True,,0.36,0.05,4.04,,,0.36
0.45,0.26,0.13,0.63,2.37,280.16,0.08,0.32,19.47,2021,13,3294,True,,,,,,,
0.32,0.19,0.13,0.76,2.08,277.29,0.06,0.11,15.53,2021,13,1234,True,,,,,,,
0.26,0.16,0.06,0.67,2.35,355.87,,0.02,2.1,2021,13,421,True,,,,,,,
0.5,0.25,0.06,0.63,2.31,264.19,,0.16,12.84,2021,13,6770,True,,,,,,,
0.38,0.22,0.05,0.59,1.75,293.01,,0.08,8.88,2021,13,2028,True,,,,,,,
0.15,0.25,,0.73,1.66,239.69,,0.23,22.69,2021,13,2711,True,,,,,,,
0.32,0.16,0.11,0.71,2.5,327.3,0.05,0.15,19.51,2021,13,4046,True,,,,,,,
0.0,0.0,,0.01,0.01,2.05,,0.06,4.48,2021,13,7610,True,,,,,,,
0.5,0.2,0.13,0.88,2.19,302.02,,0.07,9.71,2021,13,1166,True,,,,,,,
,0.23,,1.06,1.41,198.03,,0.01,3.5,2021,13,1559,True,,,,,,,
0.37,0.24,0.07,0.86,1.78,254.99,,0.21,8.16,2021,13,1837,True,,,,,,,
0.57,0.24,0.25,0.87,1.67,251.23,,0.18,12.49,2021,13,2152,True,,,,,,,
0.39,0.22,0.06,0.73,1.36,255.34,,0.04,3.38,2021,13,24,True,,,,,,,
0.36,0.22,0.07,0.85,1.77,250.79,,0.18,17.98,2021,13,6768,True,,,,,,,
0.48,0.24,0.12,0.76,2.06,278.58,,0.21,19.65,2021,13,6797,True,,,,,,,
0.71,0.3,0.07,0.63,1.77,264.87,,0.2,15.65,2021,13,3161,True,,,,,,,
0.17,0.25,,0.69,1.67,229.29,,0.08,13.96,2021,13,6011,True,,,,,,,
0.56,0.28,0.06,0.57,1.86,272.5,0.09,0.2,19.22,2021,13,5849,True,,,,,,,
0.59,0.3,,1.11,1.12,223.72,,0.14,15.24,2021,13,7523,True,,,,,,,
0.29,,,,,,,,,2021,13,827,True,,,,,,,
0.01,0.01,,0.01,0.02,2.34,,0.04,4.52,2021,13,2307,True,,,,,,,
0.33,0.2,0.07,0.86,1.45,235.73,,0.14,3.28,2021,13,3163,True,,,,,,,
0.6,0.33,0.07,0.69,1.96,248.56,0.06,0.25,63.86,2021,13,4881,True,,,,,,,
0.76,0.35,,0.61,1.46,228.27,,0.2,12.16,2021,13,7538,True,,,,,,,
0.75,0.19,,0.93,1.48,247.53,,0.12,10.32,2021,13,829,True,,,,,,,
0.5,0.27,0.11,0.82,2.21,268.26,0.06,0.37,30.32,2021,13,4984,True,,,,,,,
0.59,0.3,,0.82,1.69,242.31,,0.04,5.4,2021,13,7527,True,,,,,,,
,,,,,,,,20.0,2021,13,2399,True,,2.28,0.06,23.4,2.28,,
,,,,,,,0.01,0.89,2021,13,4651,True,,,,,,,
,,,,,,,,1.94,2021,13,3391,True,,,,,,,
,0.08,,,,,,0.4,60.86,2021,13,956,True,3.68,3.68,0.09,26.64,,,
0.22,0.11,,,,,0.05,0.65,66.72,2021,13,3164,True,3.34,3.34,0.08,25.49,,,
0.11,,,,,,,0.43,54.94,2021,13,5967,True,1.9,1.9,0.06,12.28,,,
,0.08,,,,,,0.25,45.75,2021,13,1387,True,2.47,2.47,0.1,19.3,,,
0.19,0.1,,,,,,0.31,44.22,2021,13,1535,True,4.1,4.1,0.25,43.76,,,
0.21,0.1,,,,,,0.8,60.4,2021,13,4137,True,3.86,3.86,0.11,28.37,,,
0.2,0.06,,,,,0.05,0.5,62.71,2021,13,4866,True,3.69,3.69,0.11,30.31,,,
0.02,,,,,,,0.02,3.34,2021,13,4994,True,0.07,0.07,,0.47,,,
,,,,,,,0.09,15.48,2021,13,5209,True,1.19,1.19,,9.65,,,
0.16,0.08,,,,,,0.44,64.32,2021,13,5980,True,3.34,3.34,0.12,24.26,,,
0.21,0.07,,,,,0.08,1.05,104.29,2021,13,6813,True,2.62,2.62,0.11,23.23,,,
,0.02,,,,,,0.06,9.06,2021,13,6931,True,1.76,1.76,0.08,15.92,,,
0.12,0.06,,,,,,0.39,59.7,2021,13,6955,True,2.75,2.75,0.11,19.68,,,
0.28,0.13,,,,,,0.58,80.64,2021,13,7528,True,3.5,3.5,0.12,25.05,,,
,,,,,,,0.0,0.37,2021,13,7529,True,,,,,,,
0.15,0.08,,,,,,0.52,74.21,2021,13,7588,True,3.08,3.08,0.1,25.51,,,
,0.01,,,,,,0.06,8.64,2021,13,7720,True,0.3,0.3,0.01,2.93,,0.14,
0.08,0.08,,,,,,0.28,38.94,2021,13,1476,True,1.11,1.11,0.05,7.1,,,
,,,,,,,,1.9,2021,13,2073,True,,0.48,,2.66,,,
0.16,0.08,,,,,,0.6,99.75,2021,13,4018,True,3.28,3.28,0.12,26.06,,,
,,,,,,,,3.22,2021,13,5107,True,1.35,1.35,,6.86,,,
,,,,,,,0.01,0.73,2021,13,5163,True,0.14,0.14,,1.0,,,
,,,,,,,0.08,5.67,2021,13,6012,True,1.05,1.05,,4.62,,,
,,,,,,,0.01,1.59,2021,13,6156,True,,,,,,,
0.04,0.05,,,,,,0.08,9.46,2021,13,7567,True,2.64,2.64,0.16,21.39,,,
,,,,,,,0.12,15.35,2021,13,7608,True,0.07,0.07,,0.53,,,
0.07,,,,,,,0.13,26.69,2021,13,2257,True,1.01,1.01,0.04,7.62,,,
,0.06,,,,,,0.26,43.2,2021,13,2378,True,1.89,1.89,0.07,14.1,,,
,,,,,,,,0.18,2021,13,2471,True,,0.18,,1.76,,,
0.09,0.05,,,,,,0.17,21.56,2021,13,3242,True,2.68,2.68,0.13,19.19,,,
,,,,,,,,,2021,13,3832,True,,0.18,0.02,1.49,,,
0.15,0.08,,,,,,0.47,56.92,2021,13,4663,True,6.1,6.1,0.3,51.69,,0.07,
,,,,,,,0.01,1.3,2021,13,4718,True,0.26,0.26,,1.55,,,
0.08,0.08,,,,,,0.19,19.79,2021,13,5347,True,3.36,3.36,0.18,25.46,,,
,,,,,,,0.28,17.43,2021,13,7537,True,,,,,,,
0.05,,,,,,,0.03,4.21,2021,13,1386,True,3.15,3.15,0.08,25.23,,,
0.08,0.04,,,,,,0.18,27.47,2021,13,2431,True,1.93,1.93,0.04,15.89,,,
0.04,,,,,,,0.03,11.08,2021,13,3209,True,0.67,0.67,0.02,5.21,,,
0.24,0.12,,,,,,0.36,57.53,2021,13,4149,True,4.25,4.25,0.11,28.75,,,
0.17,0.05,,,,,,0.57,65.06,2021,13,4962,True,3.04,3.04,0.09,20.13,,,
0.03,0.01,,,,,,0.07,12.5,2021,13,4985,True,0.31,0.31,0.01,2.64,,,
0.1,0.05,,,,,,0.17,23.45,2021,13,5052,True,0.84,0.84,0.05,5.72,,,
0.1,,,,,,,0.13,31.96,2021,13,5122,True,2.39,2.39,0.1,18.3,,,
0.12,0.06,,,,,0.06,0.38,68.33,2021,13,5892,True,1.73,1.73,0.05,14.85,,,
0.04,0.02,,,,,,0.19,22.62,2021,13,5916,True,0.99,0.99,0.02,7.62,,,
0.13,0.08,,,,,,0.12,28.54,2021,13,6039,True,2.04,2.04,0.06,12.4,,,
0.12,0.06,,,,,,0.41,71.0,2021,13,6151,True,2.69,2.69,0.07,22.79,,,
,,,,,,,0.02,2.38,2021,13,6885,True,,,,,,,
,,,,,,,0.12,4.41,2021,13,1379,True,,1.8,0.08,17.86,,,
,,,,,,,0.27,52.22,2021,13,2168,True,2.45,2.45,0.12,19.01,,,
,,,,,,,,1.56,2021,13,3594,True,,,,,,,
,,,,,,,,2.9,2021,13,3803,True,,0.41,,1.87,,,
0.16,0.09,,,,,,0.63,71.25,2021,13,3969,True,4.02,4.02,0.12,29.49,,,
,,,,,,,0.07,13.86,2021,13,5046,True,0.45,0.45,0.01,3.36,,,
0.06,,,,,,,0.13,32.23,2021,13,5549,True,2.7,2.7,0.09,15.39,,,
,,,,,,,0.06,5.91,2021,13,6753,True,0.44,0.44,,3.06,,,
,0.01,,,,,,0.11,19.53,2021,13,6951,True,0.62,0.62,0.02,3.12,,,
,,,,,,,0.04,12.89,2021,13,6996,True,0.82,0.82,,6.0,,,
,,,,,,,0.3,72.87,2021,13,7561,True,1.97,1.97,0.08,16.49,,,
0.07,,,,,,,0.17,19.21,2021,13,7599,True,1.35,1.35,,10.94,,,
,0.01,,,,,,0.12,13.6,2021,13,8085,True,0.6,0.6,0.02,4.8,,,
,,,,,,,0.14,16.88,2021,13,4147,True,1.97,1.97,,10.08,,,
0.02,,,,,,,0.02,4.49,2021,13,5131,True,0.51,0.51,,3.32,,,
,,,,,,,0.04,6.96,2021,13,5220,True,,,0.02,8.0,,,
,,,,,,,0.17,20.56,2021,13,5284,True,0.84,0.84,,7.06,,,
0.12,0.06,,,,,0.06,0.48,63.47,2021,13,5850,True,3.09,3.09,0.08,25.94,,,
0.16,,,,,,,0.67,83.92,2021,13,5987,True,3.37,3.37,0.12,21.76,,,
,,,,,,,0.11,16.61,2021,13,6002,True,0.76,0.76,,3.24,,,
,,,,,,,,0.94,2021,13,6311,True,0.83,0.83,,5.72,,,
,,,,,,,,,2021,13,6323,True,,0.07,,0.65,,,0.07
,0.01,,,,,,0.08,15.52,2021,13,6553,True,0.42,0.42,0.01,3.71,,,
0.09,0.04,,,,,,0.34,55.05,2021,13,6820,True,2.45,2.45,0.11,20.26,,,
0.04,,,,,,,0.06,17.1,2021,13,6918,True,1.56,1.56,0.06,9.63,,,
0.13,0.06,,,,,0.07,0.66,72.34,2021,13,6945,True,2.5,2.5,0.06,22.03,,,
,,,,,,,,4.46,2021,13,7551,True,,,,,,,
,,,,,,,0.07,12.74,2021,13,7574,True,0.14,0.14,0.01,1.18,,0.06,
,,,,,,,,,2021,13,6202,True,,0.26,0.04,1.42,,,
0.03,0.01,,,,,,0.08,9.19,2021,13,6845,True,0.43,0.43,0.02,3.74,,,
,,,,,,,0.31,42.13,2021,13,7611,True,1.93,1.93,,10.61,,,
,,,,,,,0.11,31.07,2021,13,4455,True,1.87,1.87,,12.75,,,
0.11,,,,,,,0.08,5.65,2021,13,1034,True,3.02,3.02,0.11,24.31,,0.13,
0.1,0.05,,,,,,0.38,46.72,2021,13,5890,True,0.6,0.6,,4.63,,,
0.12,0.06,,,,,,0.19,42.46,2021,13,6130,True,2.31,2.31,0.07,18.05,,,
0.1,0.05,,,,,,,1.15,2021,13,2309,True,,4.99,0.37,64.53,4.99,0.05,
,,,,,,,,,2021,13,4234,True,,1.28,0.08,15.16,1.28,,
,,,,,,,,,2021,13,1555,True,,0.54,0.03,7.54,0.54,,
0.05,,,,,,,,,2021,13,5026,True,,2.76,0.26,37.15,2.76,,
0.05,0.05,,,,,,,,2021,13,5038,True,,3.63,0.29,49.1,3.63,,
0.12,0.06,,,,,,,,2021,13,6786,True,,6.35,0.52,83.57,6.35,0.12,
,,,,,,,,,2021,13,6989,True,,2.49,0.22,29.37,2.49,,
,,,,,,,,,2021,13,5938,True,,1.16,0.03,10.61,1.16,,
,,,,,,,,5.63,2021,13,6234,True,,2.84,0.17,33.25,2.84,,
,,,,,,,,,2021,13,1077,True,,0.81,0.08,11.62,0.81,,
,,,,,,,,,2021,13,147,True,,2.34,0.08,34.97,2.34,,
0.14,0.07,,,,,,,,2021,13,2197,True,,5.37,0.34,70.71,5.37,,
,,,,,,,,,2021,13,2750,True,,2.92,0.25,25.69,2.92,,
,,,,,,,,,2021,13,4080,True,,2.58,0.18,26.9,2.58,,
0.05,0.05,,,,,,0.05,5.18,2021,13,4082,True,,2.56,0.21,30.97,2.56,,
0.06,,,,,,,,,2021,13,4351,True,,2.69,0.25,35.37,2.69,,
,,,,,,,,,2021,13,4491,True,,0.25,0.02,2.95,0.25,,
,,,,,,,,,2021,13,5199,True,,2.93,0.14,31.03,2.93,,
,,,,,,,,,2021,13,5241,True,,0.32,0.02,3.6,0.32,,
,,,,,,,,,2021,13,5902,True,,0.57,0.02,6.39,0.57,,
0.13,0.06,,,,,,,3.62,2021,13,5937,True,,6.01,0.43,71.6,6.01,,
0.02,,,,,,,,,2021,13,6290,True,,1.18,0.08,16.62,1.18,,
,,,,,,,,,2021,13,6557,True,,0.66,0.03,6.29,0.66,,
0.15,,,,,,,,,2021,13,7571,True,,3.77,0.31,50.71,3.77,,
0.07,,,,,,,,,2021,13,7596,True,,4.92,0.38,58.71,4.92,,
,,,,,,,,,2021,13,1244,True,,1.22,0.03,12.26,1.22,,
,,,,,,,,,2021,13,3286,True,,2.63,0.18,30.72,2.63,,
,,,,,,,,,2021,13,3634,True,,3.04,0.15,31.67,3.04,,
0.08,0.03,,,,,,,,2021,13,4036,True,,2.36,0.18,36.15,2.36,,
,,,,,,,,,2021,13,5154,True,,1.76,0.06,19.43,1.76,,
0.01,0.01,,,,,,,0.23,2021,13,5432,True,,0.65,0.05,7.98,0.65,,
,,,,,,,,,2021,13,6069,True,,0.24,,1.56,0.24,,
0.01,,,,,,,,,2021,13,6148,True,,0.29,0.03,4.28,0.29,,
,,,,,,,,,2021,13,627,True,,0.05,,0.57,0.05,,
0.03,,,,,,,,,2021,13,6421,True,,1.3,0.11,19.82,1.3,,
0.01,,,,,,,,,2021,13,6744,True,,0.33,0.01,3.93,0.33,,
0.04,0.05,,,,,,,,2021,13,6849,True,,2.04,0.18,23.37,2.04,,
,,,,,,,,,2021,13,6857,True,,2.28,0.1,22.24,2.28,,
0.08,0.07,,,,,,,2.5,2021,13,7090,True,,5.28,0.35,59.38,5.28,,
,,,,,,,,,2021,13,7210,True,,0.3,,2.86,0.3,,
0.06,0.06,,,,,,,,2021,13,1110,True,,3.76,0.26,47.43,3.76,,
0.12,0.06,,,,,,,,2021,13,1479,True,,6.71,0.45,76.4,6.71,,
,,,,,,,,2.28,2021,13,1567,True,,0.82,0.04,7.26,0.82,,
0.07,0.07,,,,,,,,2021,13,2319,True,,4.86,0.38,62.45,4.86,,
,,,,,,,,,2021,13,3155,True,,1.43,0.07,17.42,1.43,,
,,,,,,,,,2021,13,4146,True,,0.86,0.04,10.32,0.86,,
0.06,,,,,,,,0.36,2021,13,4171,True,,2.82,0.12,34.88,2.82,,
,,,,,,,,,2021,13,4177,True,,1.31,,13.49,1.31,,
0.1,0.05,,,,,,,1.49,2021,13,5096,True,,1.35,0.05,10.34,1.35,,
,,,,,,,,,2021,13,5773,True,,0.96,0.1,9.66,0.96,,
0.06,0.06,,,,,,,,2021,13,5848,True,,5.09,0.41,68.08,5.09,,
,,,,,,,,,2021,13,6588,True,,0.28,0.01,2.65,0.28,,
0.03,,,,,,,,2.47,2021,13,6847,True,,1.27,0.11,16.21,1.27,,
0.08,,,,,,,,,2021,13,6870,True,,2.82,0.26,32.21,2.82,,
0.06,0.06,,,,,,0.06,1.8,2021,13,6886,True,,3.89,0.46,56.71,3.89,,
,,,,,,,,,2021,13,7039,True,,0.61,0.06,5.26,0.61,,
,,,,,,,,4.2,2021,13,7135,True,,1.55,0.19,18.22,1.55,,
,,,,,,,,,2021,13,7569,True,,2.33,0.16,29.31,2.33,,
,,,,,,,,,2021,13,7757,True,,1.29,0.09,18.24,1.29,,
0.17,,,,,,,,,2021,13,1817,True,,3.68,0.23,40.7,3.68,,
0.06,0.04,,,,,,,,2021,13,2078,True,,4.45,0.4,65.01,4.45,,
0.12,0.06,,,,,,,,2021,13,2374,True,,5.76,0.47,66.88,5.76,,
0.2,,,,,,,,0.97,2021,13,2673,True,,2.9,0.15,34.77,2.9,,
,,,,,,,,,2021,13,2822,True,,2.2,0.1,23.69,2.2,,
0.09,0.04,,,,,,,1.74,2021,13,3225,True,,4.37,0.24,46.92,4.37,,
,,,,,,,,,2021,13,3297,True,,2.42,0.13,28.03,2.42,,
0.12,0.06,,,,,,,,2021,13,4037,True,,6.15,0.6,77.2,6.15,0.06,
0.05,0.05,,,,,,,,2021,13,4068,True,,4.41,0.44,61.31,4.41,0.05,
0.06,0.06,,,,,,,,2021,13,4131,True,,3.96,0.43,54.24,3.96,0.06,
0.14,,,,,,,,,2021,13,4319,True,,2.77,0.26,36.19,2.77,,
0.07,,,,,,,,,2021,13,5024,True,,2.56,0.19,33.43,2.56,,
0.08,0.08,,,,,,,,2021,13,5955,True,,5.53,0.26,64.35,5.53,,
0.08,0.08,,,,,,,,2021,13,6149,True,,3.59,0.23,47.68,3.59,,
,,,,,,,,,2021,13,6165,True,,1.08,0.06,11.14,1.08,,
0.04,,,,,,,,,2021,13,6271,True,,2.21,0.11,26.71,2.21,,
0.12,0.06,,,,,,,0.75,2021,13,6794,True,,5.97,0.69,87.33,5.97,0.12,
0.06,0.06,,,,,,,1.12,2021,13,6853,True,,4.8,0.37,59.13,4.8,,
,,,,,,,,,2021,13,7049,True,,3.02,0.22,29.17,3.02,,
0.06,0.06,,,,,,,,2021,13,7525,True,,5.0,0.47,68.58,5.0,,
0.07,0.06,,,,,,,,2021,13,7526,True,,4.98,0.4,64.57,4.98,,
0.06,0.06,,,,,,,,2021,13,7564,True,,5.38,0.47,74.4,5.38,,
0.03,,,,,,,,,2021,13,7587,True,,0.68,0.06,9.26,0.68,,
,,,,,,,,1.24,2021,13,7612,True,,0.72,0.05,9.97,0.72,,
0.05,0.05,,,,,,,,2021,13,1067,True,,3.28,0.3,43.55,3.28,0.05,
0.12,0.06,,,,,,,,2021,13,1689,True,,5.82,0.59,72.96,5.82,0.06,
0.02,,,,,,,,0.38,2021,13,2331,True,,0.66,0.1,9.8,0.66,,
,,,,,,,,0.23,2021,13,3269,True,,1.19,0.14,14.41,1.19,,
0.11,0.06,,,,,,0.05,5.64,2021,13,3321,True,,5.57,0.65,87.06,5.57,0.06,
0.06,0.02,,,,,,,1.47,2021,13,3342,True,,2.64,0.1,29.63,2.64,,
,,,,,,,,,2021,13,4038,True,,1.8,0.1,25.95,1.8,,
0.16,0.08,,,,,,,4.16,2021,13,4039,True,,8.34,0.75,98.05,8.34,,
0.07,0.07,,,,,,,0.81,2021,13,4950,True,,4.36,0.44,53.56,4.36,,
,,,,,,,,,2021,13,5121,True,,1.7,0.13,19.51,1.7,,
0.04,0.04,,,,,,,,2021,13,5917,True,,3.2,0.28,46.32,3.2,,
0.12,0.06,,,,,,,,2021,13,5927,True,,5.99,0.47,69.95,5.99,0.06,
,,,,,,,,,2021,13,6427,True,,1.25,0.07,12.67,1.25,,
0.06,0.06,,,,,,,,2021,13,6783,True,,3.99,0.34,58.55,3.99,,
0.06,0.06,,,,,,,3.02,2021,13,6819,True,,5.27,0.42,71.41,5.27,0.06,
,,,,,,,,,2021,13,6927,True,,2.8,0.14,34.67,2.8,,
0.06,,,,,,,,,2021,13,7547,True,,3.64,0.17,41.49,3.64,,
0.04,,,,,,,0.04,5.33,2021,13,7601,True,,2.75,0.22,33.88,2.75,,
,,,,,,,,,2021,13,7996,True,,0.52,0.06,5.68,0.52,,
0.09,0.05,,,,,,,,2021,13,1426,True,,5.28,0.42,65.05,5.28,0.09,
,,,,,,,,,2021,13,2025,True,,1.81,0.04,18.13,1.81,,
0.11,0.06,,,,,,,,2021,13,2216,True,,5.34,0.64,75.04,5.34,0.11,
0.04,,,,,,,,,2021,13,2381,True,,1.12,0.04,13.21,1.12,,
0.08,0.08,,,,,,,0.7,2021,13,2410,True,,4.67,0.31,50.91,4.67,,
,,,,,,,,,2021,13,4252,True,,0.31,0.02,3.62,0.31,,
0.1,0.05,,,,,,,,2021,13,5045,True,,3.69,0.31,49.16,3.69,0.05,
0.08,0.08,,,,,,,0.59,2021,13,5110,True,,4.77,0.29,53.77,4.77,,
0.1,0.05,,,,,,,,2021,13,5846,True,,4.57,0.55,74.97,4.57,0.05,
0.04,0.04,,,,,,,1.31,2021,13,6798,True,,2.47,0.15,33.04,2.47,,
0.11,0.06,,,,,,,2.56,2021,13,6801,True,,4.71,0.52,62.01,4.71,0.11,
0.12,0.06,,,,,,0.06,6.15,2021,13,6803,True,,4.96,0.37,62.71,4.96,0.06,
0.06,0.06,,,,,,0.05,5.91,2021,13,6814,True,,3.3,0.23,37.64,3.3,,
0.06,,,,,,,,,2021,13,6960,True,,2.35,0.18,28.09,2.35,,
,,,,,,,,,2021,13,7066,True,,2.97,0.22,36.37,2.97,,
,,,,,,,,,2021,13,7670,True,,1.54,0.1,19.28,1.54,,
0.08,,,,,,,,,2021,13,830,True,,4.03,0.32,49.0,4.03,,
,,,,,,,,1.0,2021,13,6699,True,,0.2,0.03,2.52,0.2,,
0.12,0.06,,,,,,,,2021,13,2449,True,,6.88,0.54,82.55,6.88,0.06,
0.02,0.02,,,,,,,,2021,13,6943,True,,1.22,0.1,16.63,1.22,,
0.16,,,,,,,,5.0,2021,13,4454,True,,3.9,0.14,46.84,3.9,,
0.06,0.06,,,,,,,1.09,2021,13,5947,True,,4.31,0.27,57.84,4.31,,
0.07,0.07,,,,,,,,2021,13,1144,True,,5.03,0.31,60.95,5.03,,
,,,,,,,,,2021,13,2821,True,,0.14,0.01,1.74,0.14,,
0.07,,,,,,,,0.63,2021,13,538,True,,3.81,0.35,50.53,3.81,,
0.05,0.05,,,,,,,,2021,13,2325,True,,2.52,0.28,37.91,2.52,,
,,,,,,,,,2021,13,4221,True,,0.08,,0.71,,,0.08
,,,,,,,,,2021,13,7002,True,,1.88,0.2,20.3,,,1.88
0.02,,,,,,,,,2021,13,4571,True,,1.08,0.08,11.21,,,1.08
,,,,,,,,,2021,13,5001,True,,4.3,0.44,47.24,,0.06,4.3
,,,,,,,,,2021,13,3258,True,,0.86,0.08,6.99,,,0.86
,,,,,,,,,2021,13,6964,True,,0.85,0.08,5.58,,,0.85
0.23,0.5,,0.8,1.3,196.25,,0.6,48.56,2021,13,4381,True,,,,,,,
0.07,,,,,,,,,2021,13,1466,True,,6.84,0.64,84.78,,0.13,6.84
0.06,0.06,,,,,,,,2021,13,2251,True,,4.47,0.36,44.85,,,4.47
0.02,,,,,,,,,2021,13,4055,True,,1.15,0.09,13.28,,,1.15
0.02,,,,,,,,,2021,13,5009,True,,0.69,0.04,7.1,,,0.69
0.06,,,,,,,,,2021,13,515,True,,4.79,0.58,58.2,,0.06,4.79
0.06,0.06,,,,,,,,2021,13,5844,True,,4.53,0.38,49.94,,0.06,4.53
,,,,,,,,,2021,13,6001,True,,0.55,,5.01,,,0.55
,,,,,,,,,2021,13,6074,True,,1.55,0.1,18.14,,,1.55
,,,,,,,,,2021,13,6075,True,,0.28,0.01,2.88,,,0.28
,,,,,,,,,2021,13,6662,True,,0.4,,2.57,,,0.4
,,,,,,,,,2021,13,7075,True,,0.29,,2.99,,,0.29
,,,,,,,,,2021,13,7842,True,,0.79,0.06,7.22,,,0.79
,,,,,,,,,2021,13,2463,True,,0.2,0.02,1.59,,,0.2
,,,,,,,,,2021,13,2476,True,,2.86,0.26,28.26,,,2.86
,,,,,,,,,2021,13,4054,True,,1.69,0.15,21.78,,,1.69
0.07,0.07,,,,,,,,2021,13,4066,True,,3.28,0.18,34.19,,,3.28
,,,,,,,,,2021,13,4362,True,,0.35,,3.64,,,0.35
,,,,,,,,,2021,13,5133,True,,3.45,0.28,38.53,,,3.45
,,,,,,,,,2021,13,963,True,,0.31,,2.24,,,0.31
0.06,0.06,,,,,,,,2021,13,1339,True,,4.53,0.4,46.84,,,4.53
,,,,,,,,,2021,13,1619,True,,0.2,0.01,1.77,,,0.2
,,,,,,,,,2021,13,3048,True,,0.51,0.05,5.17,,,0.51
0.05,,,,,,,,,2021,13,3271,True,,4.02,0.35,43.52,,,4.02
0.05,0.05,,,,,,,,2021,13,367,True,,3.37,0.26,37.46,,,3.37
,,,,,,,,,2021,13,3695,True,,0.15,,1.25,,,0.15
0.06,,,,,,,,,2021,13,4089,True,,3.64,0.29,37.69,,,3.64
0.06,,,,,,,,,2021,13,4993,True,,4.09,0.32,47.02,,,4.09
0.06,,,,,,,,,2021,13,5012,True,,4.95,0.52,62.9,,0.13,4.95
,,,,,,,,,2021,13,5285,True,,0.72,0.06,8.48,,,0.72
0.06,0.06,,,,,,,,2021,13,5857,True,,3.89,0.31,45.04,,0.06,3.89
0.07,,,,,,,,,2021,13,6826,True,,4.01,0.23,42.05,,,4.01
,,,,,,,,,2021,13,6865,True,,0.34,0.05,3.83,,,0.34
,,,,,,,,,2021,13,7716,True,,0.16,,1.5,,,0.16
,,,,,,,,,2021,13,7946,True,,1.4,0.12,10.4,,,1.4
0.06,,,,,,,,,2021,13,1706,True,,3.42,0.19,32.75,,,3.42
,,,,,,,,,2021,13,2214,True,,2.24,0.19,23.39,,,2.24
,,,,,,,,,2021,13,3496,True,,1.06,,10.72,,,1.06
,,,,,,,,,2021,13,5008,True,,1.77,0.09,16.65,,,1.77
,,,,,,,,,2021,13,5010,True,,1.55,0.06,15.25,,,1.55
,,,,,,,,,2021,13,5863,True,,0.14,0.02,1.67,0.14,,
,,,,,,,,,2021,13,6018,True,,1.5,0.1,14.4,,,1.5
,,,,,,,,,2021,13,6089,True,,1.18,,10.78,,,1.18
0.06,0.06,,,,,,,,2021,13,616,True,,1.86,0.22,18.0,,,1.86
,,,,,,,,,2021,13,6843,True,,1.75,0.14,19.52,,,1.75
,,,,,,,,,2021,13,2460,True,,2.49,0.1,27.76,,,2.49
,,,,,,,,,2021,13,4189,True,,0.77,0.06,7.65,,,0.77
,,,,,,,,,2021,13,4323,True,,0.44,0.07,4.32,,,0.44
0.07,0.07,,,,,,,,2021,13,5022,True,,4.06,0.33,47.5,,,4.06
,,,,,,,,,2021,13,5985,True,,3.28,0.31,37.78,,,3.28
,,,,,,,,,2021,13,6040,True,,0.55,0.05,6.71,,,0.55
,,,,,,,,,2021,13,7535,True,,0.07,0.0,0.76,,,0.07
,,,,,,,,,2021,13,7568,True,,1.78,0.11,18.98,,,1.78
,,,,,,,,,2021,13,7600,True,,4.03,0.38,46.29,,,4.03
,,,,,,,,,2021,13,7602,True,,1.21,0.08,12.77,,,1.21
,,,,,,,,,2021,13,7828,True,,0.62,,5.84,,,0.62
,,,,,,,,,2021,13,1425,True,,1.34,0.11,13.32,,,1.34
,,,,,,,,,2021,13,2422,True,,0.74,,4.03,,,0.74
0.05,,,,,,,,,2021,13,4217,True,,4.88,0.45,65.89,,0.05,4.88
,,,,,,,,,2021,13,4443,True,,1.66,0.11,16.63,,,1.66
,,,,,,,,,2021,13,4468,True,,0.22,0.03,1.97,,,0.22
,,,,,,,,,2021,13,5973,True,,0.62,0.04,6.85,,,0.62
,,,,,,,,,2021,13,6081,True,,0.33,,1.88,,,0.33
0.06,,,,,,,,,2021,13,7553,True,,4.48,0.37,49.71,,,4.48
,,,,,,,,,2021,13,943,True,,1.89,0.16,22.29,,,1.89
0.08,,,,,,,,,2021,13,5906,True,,3.76,0.33,41.39,,,3.76
0.04,,,,,,,,,2021,13,4144,True,,2.19,0.2,21.69,,,2.19
0.02,,,,,,,,,2021,13,5878,True,,0.77,0.04,9.15,0.77,,
,,,,,,,,,2021,13,6137,True,,1.07,0.08,12.35,,,1.07
0.06,,,,,,,,,2021,13,3214,True,,3.08,0.41,27.17,,0.06,3.08
0.48,0.24,0.12,0.84,2.04,282.2,,0.07,9.44,2021,14,1166,True,,,,,,,
0.39,0.25,0.06,0.88,1.72,290.94,,0.04,3.29,2021,14,24,True,,,,,,,
0.49,0.28,0.14,0.68,2.28,294.18,0.09,0.34,20.81,2021,14,3294,True,,,,,,,
0.54,0.27,,1.0,1.22,211.08,,0.32,27.71,2021,14,7591,True,,,,,,,
,0.29,,1.09,1.53,225.2,,0.06,4.83,2021,14,1559,True,,,,,,,
0.33,0.2,0.07,0.83,1.35,219.58,,0.11,2.72,2021,14,3163,True,,,,,,,
0.65,0.33,0.07,0.75,1.39,251.71,0.07,0.33,73.02,2021,14,4881,True,,,,,,,
0.3,0.19,0.06,0.74,1.98,269.12,,0.05,6.12,2021,14,4892,True,,,,,,,
0.53,0.27,0.12,0.7,1.99,254.74,0.06,0.38,31.94,2021,14,4984,True,,,,,,,
0.53,0.28,,0.62,1.92,246.59,,0.11,12.46,2021,14,7523,True,,,,,,,
0.0,0.0,,0.01,0.01,1.39,,0.04,2.85,2021,14,7610,True,,,,,,,
0.31,0.18,0.12,0.43,2.41,290.12,,0.24,12.73,2021,14,96,True,,,,,,,
0.3,0.17,0.12,0.76,2.24,298.92,0.05,0.1,12.99,2021,14,1234,True,,,,,,,
0.01,0.01,,0.01,0.01,1.25,,0.03,3.63,2021,14,2307,True,,,,,,,
0.14,,,0.31,1.76,236.39,,0.23,22.29,2021,14,2711,True,,,,,,,
0.48,0.24,0.12,0.77,2.16,300.15,,0.22,21.25,2021,14,6797,True,,,,,,,
0.28,0.17,0.06,0.57,1.8,235.57,,0.24,15.44,2021,14,1049,True,,,,,,,
0.4,0.24,0.08,0.86,1.86,265.87,,0.22,8.44,2021,14,1837,True,,,,,,,
0.56,0.23,0.24,0.97,1.88,268.05,,0.24,16.81,2021,14,2152,True,,,,,,,
,,0.01,0.02,0.07,7.7,,0.01,0.82,2021,14,4335,True,,,,,,,
0.51,0.26,0.07,0.65,2.29,261.1,,0.12,9.74,2021,14,6770,True,,,,,,,
0.71,0.33,,0.99,1.45,226.97,,0.1,8.81,2021,14,7538,True,,,,,,,
,0.3,,1.09,1.1,225.78,,0.02,6.9,2021,14,7585,True,,,,,,,
0.41,0.21,0.06,0.74,1.85,289.15,,0.07,7.14,2021,14,2028,True,,,,,,,
0.31,0.15,0.11,0.4,2.64,303.24,0.03,0.09,11.78,2021,14,4046,True,,,,,,,
0.21,0.1,0.11,0.85,1.49,225.03,,0.29,38.2,2021,14,954,True,,,,,,,
0.31,0.19,0.06,0.74,2.01,323.23,,0.04,3.62,2021,14,421,True,,,,,,,
0.68,0.34,0.07,0.74,1.82,288.36,0.16,0.4,39.12,2021,14,5849,True,,,,,,,
0.27,0.13,,,,,,0.67,79.68,2021,14,7528,True,3.15,3.15,0.11,22.57,,,
0.07,,,,,,,0.22,33.14,2021,14,5987,True,2.08,2.08,0.08,13.31,,,
,,,,,,,0.04,6.11,2021,14,7720,True,0.42,0.42,0.01,4.01,,0.2,
0.02,,,,,,,0.02,3.31,2021,14,4994,True,0.07,0.07,,0.47,,,
,,,,,,,0.01,1.57,2021,14,6156,True,,,,,,,
,,,,,,,0.01,1.9,2021,14,3832,True,,0.68,0.08,5.72,,,
0.2,0.1,,,,,0.1,0.63,71.6,2021,14,4029,True,2.68,2.68,0.1,22.86,,,
0.02,,,,,,,0.02,3.42,2021,14,1833,True,0.39,0.39,0.01,2.96,,,
,,,,,,,0.36,46.6,2021,14,3327,True,0.63,0.63,,3.61,,,
0.17,0.08,,,,,,0.51,72.94,2021,14,3969,True,5.13,5.13,0.14,33.52,,,
0.13,0.06,,,,,0.08,0.56,73.46,2021,14,4035,True,3.68,3.68,0.13,32.17,,0.04,
0.11,0.06,,,,,,0.26,35.56,2021,14,4098,True,2.77,2.77,0.18,23.43,,,
,,,,,,,0.01,1.36,2021,14,4718,True,0.27,0.27,,1.63,,,
,0.05,,,,,,0.43,60.03,2021,14,5284,True,2.47,2.47,0.06,19.04,,,
,0.02,,,,,,0.15,26.28,2021,14,6553,True,1.28,1.28,0.03,11.32,,,
,,,,,,,0.06,6.07,2021,14,6753,True,0.45,0.45,,3.14,,,
0.1,0.05,,,,,,0.38,54.62,2021,14,6828,True,1.63,1.63,0.05,16.25,,,
,,,,,,,,1.11,2021,14,7318,True,,0.43,0.06,3.4,,,
,,,,,,,0.13,4.57,2021,14,1379,True,,1.86,0.08,18.48,,,
0.08,0.08,,,,,,0.24,33.92,2021,14,1476,True,1.03,1.03,0.05,6.55,,,
,,,,,,,,1.85,2021,14,2073,True,,0.46,,2.59,,,
0.04,,,,,,,0.03,10.91,2021,14,3209,True,0.66,0.66,0.02,5.13,,,
,,,,,,,0.1,0.52,2021,14,3332,True,,0.24,,1.55,,,
0.21,0.07,,,,,0.06,0.53,66.24,2021,14,4866,True,3.54,3.54,0.1,28.88,,,
0.06,,,,,,,0.13,32.12,2021,14,5549,True,2.68,2.68,0.1,15.33,,,
0.14,0.07,,,,,0.05,0.56,66.54,2021,14,5892,True,2.59,2.59,0.07,22.14,,,
0.13,0.07,,,,,,0.22,46.19,2021,14,6130,True,1.91,1.91,0.05,14.95,,,
,,,,,,,0.06,7.73,2021,14,6694,True,0.26,0.26,,1.19,,,
0.09,0.04,,,,,,0.35,56.51,2021,14,6820,True,2.52,2.52,0.11,20.79,,,
,0.01,,,,,,0.06,9.2,2021,14,6931,True,1.95,1.95,0.05,15.0,,,
,,,,,,,0.07,0.33,2021,14,7204,True,,0.24,,2.28,,,
0.16,0.04,,,,,,0.25,39.48,2021,14,7599,True,2.18,2.18,0.03,17.65,,,
0.1,0.05,,,,,,0.26,48.82,2021,14,2320,True,1.76,1.76,0.06,9.63,,,
,,,,,,,,2.86,2021,14,3803,True,,0.41,,1.84,,,
,,,,,,,0.36,47.52,2021,14,4111,True,1.24,1.24,0.11,8.6,,,
,0.01,,,,,,0.05,10.01,2021,14,4651,True,1.0,1.0,0.02,4.5,,,
0.07,0.03,,,,,,0.24,38.45,2021,14,4985,True,0.99,0.99,0.02,8.4,,,
,0.01,,,,,,0.06,11.69,2021,14,5046,True,0.77,0.77,0.02,5.89,,,
0.02,,,,,,,0.02,4.85,2021,14,5131,True,0.55,0.55,,3.59,,,
0.16,0.08,,,,,0.07,0.55,84.03,2021,14,6945,True,4.13,4.13,0.1,25.39,,,
,,,,,,,,6.52,2021,14,6963,True,0.23,0.23,,1.24,,,
0.0,0.0,,,,,,0.01,1.27,2021,14,7098,True,,,,,,,
,,,,,,,0.0,0.37,2021,14,7529,True,,,,,,,
,,,,,,,0.07,8.87,2021,14,7608,True,0.12,0.12,,0.92,,,
,,,,,,,,1.56,2021,14,7609,True,1.51,1.51,0.06,14.44,,,
0.03,,,,,,,0.02,2.33,2021,14,1386,True,1.57,1.57,0.04,12.57,,,
,0.06,,,,,,0.23,45.06,2021,14,1387,True,1.84,1.84,0.08,14.42,,,
0.07,,,,,,,0.14,27.98,2021,14,2257,True,1.06,1.06,0.04,7.99,,,
0.22,0.11,,,,,0.05,0.65,60.3,2021,14,3164,True,4.02,4.02,0.15,28.23,,,
,,,,,,,,5.53,2021,14,3594,True,,,,,,,
0.11,0.06,,,,,0.06,0.72,87.13,2021,14,4988,True,1.25,1.25,0.04,10.94,,,
0.1,0.05,,,,,,0.17,23.36,2021,14,5052,True,0.83,0.83,0.05,5.7,,,
,0.03,,,,,,0.13,22.61,2021,14,5220,True,2.73,2.73,0.05,20.84,,,
0.2,0.12,,,,,,0.21,48.23,2021,14,6039,True,2.77,2.77,0.09,16.87,,,
,0.01,,,,,,0.08,15.87,2021,14,6659,True,0.36,0.36,0.02,2.41,,,
,0.02,,,,,,0.08,24.58,2021,14,6996,True,3.65,3.65,0.08,26.84,,,
0.11,0.05,,,,,,0.4,60.93,2021,14,7588,True,2.48,2.48,0.09,20.63,,,
,,,,,,,0.04,4.24,2021,14,956,True,0.89,0.89,0.04,6.8,,,
,,,,,,,0.3,50.71,2021,14,2168,True,2.73,2.73,0.13,21.24,,,
,,,,,,,,0.18,2021,14,2471,True,,0.19,,1.81,,,
,,,,,,,,2.97,2021,14,3312,True,,,,,,,
0.13,0.07,,,,,,0.48,80.04,2021,14,4018,True,3.41,3.41,0.12,27.07,,,
0.11,0.05,,,,,0.06,0.66,64.0,2021,14,4199,True,3.33,3.33,0.13,29.71,,,
,,,,,,,0.26,26.54,2021,14,5536,True,3.06,3.06,0.15,11.22,,,
,,,,,,,0.05,8.03,2021,14,6002,True,0.38,0.38,,1.61,,,
,,,,,,,,,2021,14,6323,True,,0.09,,0.87,,,0.09
,,,,,,,0.04,7.8,2021,14,6334,True,0.08,0.08,,0.65,,,
0.03,,,,,,,0.04,5.64,2021,14,6908,True,0.14,0.14,,1.04,,,
0.12,0.06,,,,,,0.38,58.5,2021,14,6955,True,2.88,2.88,0.12,20.63,,,
0.11,0.11,,,,,,0.42,63.9,2021,14,7594,True,2.65,2.65,,22.07,,,
0.18,0.1,,,,,,0.2,43.7,2021,14,1535,True,3.68,3.68,0.29,41.32,,,
,,,,,,,,17.11,2021,14,2359,True,3.43,3.43,,21.75,,,
0.07,0.04,,,,,,0.16,23.51,2021,14,2431,True,2.2,2.2,0.05,18.17,,,
,,,,,,,,2.1,2021,14,3391,True,,,,,,,
,,,,,,,0.13,17.32,2021,14,4147,True,2.09,2.09,,10.65,,,
,0.02,,,,,,0.07,18.6,2021,14,4455,True,2.36,2.36,0.03,16.07,,,
0.15,0.07,,,,,,0.47,67.24,2021,14,4663,True,4.83,4.83,0.16,40.98,,0.05,
0.13,0.06,,,,,0.04,0.48,51.17,2021,14,5850,True,3.51,3.51,0.11,29.48,,,
,,,,,,,0.02,2.37,2021,14,6885,True,,,,,,,
0.06,0.04,,,,,,0.13,19.61,2021,14,6984,True,0.84,0.84,,4.34,,,
,,,,,,,0.15,9.59,2021,14,7537,True,0.2,0.2,0.01,1.0,,,
,,,,,,,,1.31,2021,14,7087,True,,,,,,,
0.2,0.1,,,,,,0.63,85.79,2021,14,4962,True,2.17,2.17,,14.33,,,
,,,,,,,0.01,4.08,2021,14,6951,True,0.06,0.06,0.01,0.3,,,
0.24,0.07,,,,,,0.7,69.39,2021,14,4137,True,1.2,1.2,0.18,17.6,,,
,,,,,,,,,2021,14,7039,True,,0.61,0.06,5.21,0.61,,
0.07,,,,,,,,,2021,14,5024,True,,2.53,0.19,33.12,2.53,,
0.15,0.08,,,,,,,0.99,2021,14,6794,True,,7.74,0.7,105.26,7.74,0.15,
,,,,,,,,,2021,14,7066,True,,4.53,0.33,55.54,4.53,,
0.13,0.06,,,,,,,3.59,2021,14,5937,True,,5.96,0.43,70.94,5.96,,
0.06,0.06,,,,,,0.06,1.78,2021,14,6886,True,,3.86,0.46,56.19,3.86,,
,,,,,,,,,2021,14,7559,True,,0.73,0.07,8.87,0.73,,
,,,,,,,,,2021,14,4146,True,,1.6,0.08,19.12,1.6,,
0.1,0.05,,,,,,,1.48,2021,14,5096,True,,1.34,0.05,10.25,1.34,,
,,,,,,,,,2021,14,147,True,,2.12,0.21,39.82,2.12,,
,,,,,,,,2.39,2021,14,1567,True,,0.85,0.04,7.61,0.85,,
0.09,0.04,,,,,,,,2021,14,1992,True,,3.4,0.25,47.53,3.4,0.04,
0.14,0.07,,,,,,,,2021,14,2197,True,,5.18,0.32,68.28,5.18,,
0.11,0.06,,,,,,,,2021,14,2216,True,,5.18,0.65,77.04,5.18,0.11,
0.09,,,,,,,,0.38,2021,14,2673,True,,1.1,0.06,13.17,1.1,,
0.1,0.05,,,,,,,1.85,2021,14,3225,True,,4.64,0.25,49.81,4.64,,
,,,,,,,,,2021,14,4038,True,,0.79,0.05,11.33,0.79,,
,,,,,,,,,2021,14,4080,True,,2.76,0.2,28.88,2.76,,
0.06,0.06,,,,,,,,2021,14,4131,True,,3.75,0.33,51.39,3.75,0.06,
,,,,,,,,,2021,14,4420,True,,0.64,,4.31,0.64,,
0.11,0.06,,,,,,,2.58,2021,14,4983,True,,5.15,0.39,67.34,5.15,,
0.06,0.06,,,,,,,,2021,14,5038,True,,4.27,0.34,57.85,4.27,,
0.1,0.05,,,,,,,,2021,14,5045,True,,4.97,0.42,66.18,4.97,0.05,
0.07,,,,,,,,,2021,14,5185,True,,2.87,0.32,37.62,2.87,,
0.02,0.02,,,,,,,,2021,14,5917,True,,1.95,0.12,22.07,1.95,,
0.05,,,,,,,,,2021,14,6421,True,,2.71,0.23,41.62,2.71,,
0.11,0.06,,,,,,0.06,5.97,2021,14,6803,True,,4.81,0.35,60.9,4.81,0.06,
0.06,0.06,,,,,,,1.69,2021,14,7090,True,,3.68,0.29,50.69,3.68,,
0.01,,,,,,,,,2021,14,7540,True,,0.37,0.04,4.9,0.37,,
0.02,0.02,,,,,,,,2021,14,7565,True,,1.3,0.12,18.28,1.3,,
,,,,,,,,,2021,14,1077,True,,0.53,0.05,7.66,0.53,,
0.07,0.07,,,,,,,,2021,14,1144,True,,4.86,0.3,58.88,4.86,,
0.11,0.05,,,,,,,1.24,2021,14,2309,True,,5.37,0.39,69.48,5.37,0.06,
0.11,0.05,,,,,,,,2021,14,2374,True,,5.77,0.46,67.02,5.77,,
0.1,0.1,,,,,,0.0,0.85,2021,14,2410,True,,5.65,0.38,61.53,5.65,,
,,,,,,,,,2021,14,2821,True,,0.14,0.01,1.68,0.14,,
,,,,,,,,,2021,14,3433,True,,0.32,0.04,3.7,0.32,,
,,,,,,,,,2021,14,5121,True,,2.28,0.18,26.17,2.28,,
,,,,,,,,,2021,14,5241,True,,0.31,0.02,3.5,0.31,,
0.07,,,,,,,,0.61,2021,14,538,True,,3.71,0.34,49.1,3.71,,
,,,,,,,,0.17,2021,14,6063,True,,0.38,0.03,5.31,0.38,,
0.06,0.06,,,,,,,,2021,14,6149,True,,2.62,0.19,37.94,2.62,,
0.05,,,,,,,,,2021,14,6824,True,,3.15,0.3,43.55,3.15,,
0.05,,,,,,,,3.49,2021,14,6847,True,,1.8,0.16,22.97,1.8,,
0.04,0.03,,,,,,,,2021,14,6849,True,,2.13,0.19,25.35,2.13,,
0.03,0.03,,,,,,,,2021,14,6943,True,,1.63,0.12,22.09,1.63,,
0.02,,,,,,,,,2021,14,6960,True,,0.78,0.06,11.65,0.78,,
,,,,,,,,,2021,14,7569,True,,2.25,0.15,28.32,2.25,,
0.13,,,,,,,,,2021,14,7571,True,,2.94,0.24,39.52,2.94,,
0.03,,,,,,,,,2021,14,7587,True,,0.67,0.06,9.1,0.67,,
,,,,,,,,,2021,14,7670,True,,3.68,0.24,46.03,3.68,,
0.05,0.05,,,,,,,,2021,14,1067,True,,3.44,0.31,45.66,3.44,0.05,
0.08,,,,,,,,1.41,2021,14,2331,True,,2.44,0.22,36.26,2.44,,
0.04,,,,,,,,,2021,14,2381,True,,1.08,0.03,12.77,1.08,,
0.13,0.06,,,,,,,,2021,14,2449,True,,7.18,0.57,86.03,7.18,0.06,
,,,,,,,,,2021,14,3297,True,,2.48,0.13,28.66,2.48,,
0.02,,,,,,,,,2021,14,3328,True,,1.02,0.06,13.27,1.02,,
0.08,0.04,,,,,,,0.79,2021,14,3423,True,,3.05,0.23,37.5,3.05,,
,,,,,,,,,2021,14,3582,True,,4.1,0.2,38.91,4.1,,
,,,,,,,,,2021,14,4197,True,,0.93,0.04,10.01,0.93,,
0.06,,,,,,,,,2021,14,4351,True,,3.63,0.34,47.62,3.63,,
0.08,,,,,,,,,2021,14,5026,True,,4.21,0.24,47.85,4.21,,
0.06,,,,,,,,1.57,2021,14,5086,True,,3.56,0.41,57.75,3.56,,
,,,,,,,,,2021,14,5154,True,,1.41,0.05,15.6,1.41,,
,,,,,,,,,2021,14,5199,True,,3.6,0.21,44.19,3.6,,
0.09,0.05,,,,,,,,2021,14,5846,True,,4.63,0.55,75.86,4.63,0.05,
0.14,0.06,,,,,,0.07,19.74,2021,14,5872,True,,5.45,0.49,69.85,5.45,0.07,
,,,,,,,,,2021,14,5902,True,,0.61,0.02,6.85,0.61,,
0.05,0.05,,,,,,0.04,5.37,2021,14,6814,True,,3.0,0.21,34.2,3.0,,
0.1,,,,,,,,,2021,14,6870,True,,2.72,0.25,30.91,2.72,,
,,,,,,,,4.5,2021,14,7135,True,,1.66,0.21,19.54,1.66,,
0.07,,,,,,,,,2021,14,7547,True,,3.6,0.23,46.31,3.6,,
,,,,,,,,2.34,2021,14,7612,True,,1.36,0.11,18.77,1.36,,
,,,,,,,,,2021,14,1555,True,,1.16,0.07,16.28,1.16,,
0.08,0.08,,,,,,,2.47,2021,14,3200,True,,4.95,0.27,54.56,4.95,,
,,,,,,,,,2021,14,3286,True,,2.05,0.14,23.98,2.05,,
,,,,,,,,,2021,14,3652,True,,0.46,0.04,4.89,0.46,,
0.19,,,,,,,,0.44,2021,14,4171,True,,3.44,0.14,42.65,3.44,,
0.07,,,,,,,,0.34,2021,14,4622,True,,3.41,0.2,43.18,3.41,,
,,,,,,,,,2021,14,5323,True,,0.46,0.03,5.57,0.46,,
0.01,0.01,,,,,,,0.23,2021,14,5432,True,,0.64,0.05,7.84,0.64,,
,,,,,,,,,2021,14,5773,True,,0.79,0.08,8.01,0.79,,
0.06,0.07,,,,,,,,2021,14,5848,True,,4.69,0.52,70.59,4.69,,
0.12,0.06,,,,,,,,2021,14,5927,True,,5.89,0.46,68.7,5.89,0.06,
0.04,,,,,,,,,2021,14,6271,True,,2.15,0.11,25.97,2.15,,
0.05,0.05,,,,,,,,2021,14,6783,True,,4.76,0.4,69.83,4.76,,
,,,,,,,,,2021,14,7049,True,,0.99,0.07,9.51,0.99,,
0.13,0.07,,,,,,,,2021,14,2133,True,,7.27,0.93,87.36,7.27,0.13,
,,,,,,,,,2021,14,2750,True,,3.01,0.23,35.81,3.01,,
0.03,,,,,,,,0.6,2021,14,3342,True,,1.07,0.08,12.0,1.07,,
0.06,0.06,,,,,,,,2021,14,4068,True,,5.18,0.52,71.94,5.18,0.06,
,,,,,,,,,2021,14,6069,True,,0.24,,1.52,0.24,,
,,,,,,,,,2021,14,627,True,,1.26,0.05,13.02,1.26,,
,,,,,,,,,2021,14,7210,True,,0.41,,3.84,0.41,,
,,,,,,,,,2021,14,7496,True,,4.7,0.3,51.69,4.7,,
,,,,,,,,,2021,14,7713,True,,0.24,0.03,3.27,0.24,,
,,,,,,,,,2021,14,7793,True,,0.21,0.02,2.54,0.21,,
,,,,,,,,,2021,14,1244,True,,1.22,0.04,12.22,1.22,,
0.14,,,,,,,,,2021,14,1817,True,,2.7,0.17,29.89,2.7,,
0.12,0.06,,,,,,,,2021,14,1825,True,,5.34,0.3,61.07,5.34,,
,,,,,,,,,2021,14,2334,True,,0.82,0.03,7.52,0.82,,
,,,,,,,,,2021,14,2822,True,,2.16,0.09,23.26,2.16,,
,,,,,,,,,2021,14,3155,True,,2.32,0.11,28.29,2.32,,
0.11,0.06,,,,,,0.07,5.96,2021,14,3321,True,,5.89,0.69,92.05,5.89,0.06,
,,,,,,,,,2021,14,3634,True,,2.07,0.1,21.48,2.07,,
0.13,0.06,,,,,,,,2021,14,4037,True,,6.24,0.48,78.38,6.24,0.06,
0.05,0.04,,,,,,0.04,4.75,2021,14,4082,True,,2.36,0.19,28.39,2.36,,
,,,,,,,,,2021,14,4491,True,,0.25,0.02,2.94,0.25,,
,,,,,,,,,2021,14,4878,True,,1.37,,15.11,1.37,,
0.08,0.08,,,,,,,0.6,2021,14,5110,True,,4.93,0.3,55.55,4.93,,
,,,,,,,,,2021,14,5113,True,,1.24,0.12,14.6,1.24,,
0.09,0.09,,,,,,,,2021,14,5955,True,,5.56,0.31,62.2,5.56,,
,,,,,,,,,2021,14,6588,True,,0.23,0.01,2.2,0.23,,
0.12,0.06,,,,,,,,2021,14,6786,True,,6.02,0.5,79.4,6.02,0.12,
0.11,0.06,,,,,,,2.49,2021,14,6801,True,,4.59,0.43,60.44,4.59,0.11,
,,,,,,,,,2021,14,6989,True,,3.75,0.27,41.04,3.75,,
,,,,,,,,,2021,14,7556,True,,0.39,0.04,4.73,0.39,,
0.07,0.06,,,,,,,,2021,14,7564,True,,5.46,0.47,75.51,5.46,,
0.08,0.03,,,,,,,,2021,14,947,True,,4.26,0.3,59.94,4.26,,
0.1,0.05,,,,,,,,2021,14,1426,True,,5.43,0.44,66.86,5.43,0.1,
0.05,0.05,,,,,,,,2021,14,2078,True,,4.37,0.39,63.82,4.37,,
,,,,,,,,,2021,14,7757,True,,1.1,0.08,15.5,1.1,,
0.04,,,,,,,0.04,5.39,2021,14,7601,True,,2.79,0.22,34.31,2.79,,
0.17,0.08,,,,,,,3.77,2021,14,4039,True,,8.1,0.77,103.52,8.1,,
,,,,,,,,,2021,14,5915,True,,0.17,0.01,2.1,0.17,,
0.07,0.07,,,,,,,1.05,2021,14,6853,True,,4.51,0.35,55.65,4.51,,
,,,,,,,,,2021,14,6165,True,,0.58,0.03,6.08,0.58,,
0.07,,,,,,,,,2021,14,830,True,,3.82,0.3,46.47,3.82,,
0.06,0.06,,,,,,,0.75,2021,14,4950,True,,4.01,0.41,49.31,4.01,,
0.02,,,,,,,,,2021,14,5009,True,,0.67,0.04,6.9,,,0.67
,,,,,,,,,2021,14,6018,True,,1.01,0.07,11.1,,,1.01
,,,,,,,,,2021,14,5133,True,,4.04,0.32,45.02,,,4.04
,,,,,,,,,2021,14,7600,True,,3.79,0.34,43.43,,,3.79
,,,,,,,,,2021,14,963,True,,0.3,,2.17,,,0.3
,,,,,,,,,2021,14,2446,True,,1.06,0.06,9.09,,,1.06
,,,,,,,,,2021,14,2476,True,,2.38,0.23,26.36,,,2.38
,,,,,,,,,2021,14,3496,True,,1.15,,11.59,,,1.15
0.06,,,,,,,,,2021,14,4217,True,,5.59,0.51,75.52,,0.06,5.59
0.02,,,,,,,,,2021,14,4435,True,,1.27,0.07,13.25,,,1.27
,,,,,,,,,2021,14,4443,True,,1.84,0.12,18.37,,,1.84
,,,,,,,,,2021,14,5985,True,,2.81,0.32,37.48,,,2.81
,,,,,,,,,2021,14,6089,True,,0.36,,3.25,,,0.36
0.06,,,,,,,,,2021,14,6826,True,,2.9,0.09,30.34,,,2.9
0.05,,,,,,,,,2021,14,7553,True,,4.06,0.34,45.04,,,4.06
,,,,,,,,,2021,14,7716,True,,1.85,0.1,15.6,,,1.85
,,,,,,,,,2021,14,111,True,,1.38,0.09,13.01,,,1.38
,,,,,,,,,2021,14,2422,True,,0.76,,4.14,,,0.76
,,,,,,,,,2021,14,2463,True,,0.18,0.01,1.45,,,0.18
,,,,,,,,,2021,14,5010,True,,1.66,0.07,16.36,,,1.66
,,,,,,,,,2021,14,5032,True,,0.64,0.04,7.52,,,0.64
0.05,0.05,,,,,,,,2021,14,5857,True,,3.82,0.3,44.26,,0.05,3.82
,,,,,,,0.06,2.98,2021,14,7694,True,,1.2,0.13,15.59,,,1.2
,,,,,,,,,2021,14,2545,True,,2.31,0.18,20.75,,,2.31
0.07,0.03,,,,,,,,2021,14,3202,True,,4.0,0.33,40.76,,,4.0
,,,,,,,,,2021,14,3258,True,,0.93,0.08,7.55,,,0.93
,,,,,,,,,2021,14,3695,True,,0.13,,1.14,,,0.13
,,,,,,,,,2021,14,4531,True,,3.29,0.26,36.14,,,3.29
0.08,,,,,,,,,2021,14,5906,True,,3.63,0.32,39.99,,,3.63
,,,,,,,,,2021,14,7828,True,,0.64,,5.99,,,0.64
,,,,,,,,,2021,14,7842,True,,0.82,0.06,7.49,,,0.82
0.06,,,,,,,,,2021,14,1466,True,,7.18,0.67,88.95,,0.13,7.18
,,,,,,,,,2021,14,2214,True,,2.23,0.19,23.3,,,2.23
,,,,,,,,,2021,14,3048,True,,0.54,0.05,5.42,,,0.54
0.06,0.06,,,,,,,,2021,14,367,True,,3.98,0.32,44.18,,,3.98
0.05,,,,,,,,,2021,14,4089,True,,3.31,0.26,34.32,,,3.31
,,,,,,,,,2021,14,4189,True,,1.04,0.07,10.3,,,1.04
0.22,0.11,,0.75,1.38,192.81,,0.6,62.6,2021,14,4381,True,,,,,,,
0.05,,,,,,,,,2021,14,4973,True,,2.29,0.19,23.07,,,2.29
,,,,,,,,,2021,14,4995,True,,1.41,0.06,10.6,,,1.41
0.06,,,,,,,,,2021,14,515,True,,4.78,0.58,58.07,,0.06,4.78
,,,,,,,,,2021,14,6074,True,,1.96,0.13,22.97,,,1.96
,,,,,,,,,2021,14,7502,True,,0.59,0.1,7.2,,,0.59
,,,,,,,,,2021,14,7854,True,,1.16,,10.24,,,1.16
,,,,,,,,,2021,14,8041,True,,0.6,,3.97,,,0.6
,,,,,,,,,2021,14,2460,True,,2.43,0.1,27.05,,,2.43
0.02,,,,,,,,,2021,14,4055,True,,1.15,0.09,13.23,,,1.15
,,,,,,,,,2021,14,4221,True,,0.56,,5.11,,,0.56
,,,,,,,,,2021,14,5001,True,,4.19,0.42,46.11,,0.06,4.19
,,,,,,,,,2021,14,5285,True,,0.75,0.06,8.77,,,0.75
,,,,,,,,,2021,14,6001,True,,0.53,,4.89,,,0.53
0.05,0.05,,,,,,,,2021,14,616,True,,1.39,0.16,13.56,,,1.39
,,,,,,,,1.15,2021,14,7050,True,,1.4,0.08,17.22,,,1.4
,,,,,,,,,2021,14,7216,True,,0.24,,2.51,,,
,,,,,,,,,2021,14,7568,True,,1.69,0.11,18.08,,,1.69
,,,,,,,,,2021,14,7597,True,,0.72,0.07,8.93,,,0.72
,,,,,,,,,2021,14,943,True,,1.86,0.16,21.95,,,1.86
,,,,,,,,,2021,14,1425,True,,2.94,0.24,29.18,,,2.94
0.07,0.07,,,,,,,,2021,14,4066,True,,3.23,0.18,33.67,,,3.23
,,,,,,,,,2021,14,4468,True,,0.21,0.03,1.9,,,0.21
0.06,,,,,,,,,2021,14,5012,True,,4.38,0.46,55.62,,0.12,4.38
,,,,,,,,,2021,14,5973,True,,0.58,0.03,6.35,,,0.58
,,,,,,,,,2021,14,6843,True,,2.35,0.19,26.27,,,2.35
,,,,,,,,,2021,14,6865,True,,0.36,0.05,4.11,,,0.36
,,,,,,,,,2021,14,7002,True,,2.02,0.22,21.91,,,2.02
,,,,,,,,,2021,14,7075,True,,0.3,,3.1,,,0.3
,,,,,,,,,2021,14,7891,True,,2.43,0.16,25.1,,,2.43
,,,,,,,,,2021,14,1619,True,,0.2,0.01,1.79,,,0.2
,,,,,,,,,2021,14,4323,True,,0.43,0.06,4.24,,,0.43
,,,,,,,,,2021,14,6081,True,,1.68,0.08,12.7,,,1.68
0.06,0.06,,,,,,,,2021,14,1339,True,,4.08,0.36,42.15,,,4.08
,,,,,,,,,2021,14,6926,True,,0.56,0.05,4.96,,,0.56
0.33,0.16,0.11,0.41,2.39,306.5,0.05,0.14,18.11,2021,15,4046,True,,,,,,,
0.53,0.2,0.13,0.84,2.21,307.11,,0.23,21.74,2021,15,6797,True,,,,,,,
0.58,0.25,,0.77,1.75,262.14,,0.08,4.18,2021,15,7527,True,,,,,,,
0.7,0.29,0.07,0.88,1.77,265.34,,0.17,13.3,2021,15,3161,True,,,,,,,
0.29,0.18,0.06,0.58,1.72,239.53,,0.27,17.64,2021,15,1049,True,,,,,,,
0.58,0.25,0.05,0.62,1.88,269.61,0.19,0.4,47.32,2021,15,5849,True,,,,,,,
0.52,0.26,0.07,0.65,2.18,249.0,,0.14,11.26,2021,15,6770,True,,,,,,,
0.79,0.36,,0.62,1.33,208.36,,0.25,15.11,2021,15,7538,True,,,,,,,
,0.27,,0.95,1.25,245.17,,0.06,4.49,2021,15,7585,True,,,,,,,
0.37,0.24,0.07,0.86,1.7,281.66,,0.25,9.31,2021,15,1837,True,,,,,,,
0.44,0.25,0.06,0.83,1.72,266.52,,0.04,3.02,2021,15,24,True,,,,,,,
0.35,0.22,0.07,0.9,1.93,273.05,,0.15,15.48,2021,15,6768,True,,,,,,,
1.39,0.65,0.8,0.72,1.44,203.4,,0.35,28.84,2021,15,7083,True,,,,,,,
0.0,0.0,,,,,,0.04,3.2,2021,15,7610,True,,,,,,,
,0.25,,1.01,1.41,239.1,,0.05,2.2,2021,15,1559,True,,,,,,,
0.44,0.25,0.12,0.61,2.04,286.62,0.08,0.33,20.03,2021,15,3294,True,,,,,,,
0.58,0.3,,1.04,1.11,238.4,,0.14,15.63,2021,15,7523,True,,,,,,,
0.52,0.23,0.23,0.92,1.68,252.14,,0.18,12.83,2021,15,2152,True,,,,,,,
0.55,0.27,0.12,0.7,2.15,279.36,0.07,0.39,22.24,2021,15,4984,True,,,,,,,
0.2,0.11,0.09,0.74,1.05,158.1,,0.31,39.76,2021,15,954,True,,,,,,,
0.32,0.19,0.12,0.44,2.26,292.67,,0.16,11.78,2021,15,96,True,,,,,,,
0.34,0.2,0.07,1.0,1.37,239.03,,0.13,3.1,2021,15,3163,True,,,,,,,
,,0.04,0.09,0.21,23.69,,0.03,1.66,2021,15,4335,True,,,,,,,
0.52,0.2,,1.3,1.4,214.84,,0.02,2.5,2021,15,4464,True,,,,,,,
0.01,0.01,,,,,,0.04,4.23,2021,15,2307,True,,,,,,,
0.56,0.28,,1.0,1.66,214.0,,0.25,38.87,2021,15,7591,True,,,,,,,
0.49,0.25,0.12,0.86,2.07,285.86,,0.07,9.51,2021,15,1166,True,,,,,,,
0.41,0.24,0.06,0.64,1.49,297.79,,0.08,8.33,2021,15,2028,True,,,,,,,
,0.3,,1.04,1.15,219.0,,0.04,13.27,2021,15,2229,True,,,,,,,
0.29,0.17,0.12,0.71,1.83,244.68,0.05,0.09,12.14,2021,15,1234,True,,,,,,,
0.28,0.17,0.06,0.71,2.08,345.29,,0.03,1.93,2021,15,421,True,,,,,,,
0.34,0.17,0.06,0.53,1.38,219.73,0.05,0.45,51.0,2021,15,6904,True,,,,,,,
0.06,,,,,,,0.12,29.05,2021,15,5549,True,2.78,2.78,0.1,15.85,,,
0.09,0.01,,,,,,0.12,27.84,2021,15,5131,True,1.36,1.36,0.03,8.86,,,
0.1,0.05,,,,,,0.38,62.68,2021,15,6820,True,2.42,2.42,0.11,19.99,,,
,,,,,,,,1.03,2021,15,7318,True,,0.4,0.06,3.15,,,
,,,,,,,0.06,5.49,2021,15,6753,True,0.41,0.41,,2.84,,,
,,,,,,,,0.16,2021,15,2471,True,,0.17,,1.64,,,
0.13,0.06,,,,,,0.31,53.89,2021,15,4663,True,4.04,4.04,0.18,34.21,,0.04,
0.02,,,,,,,0.05,7.71,2021,15,7045,True,0.47,0.47,,2.5,,,
,,,,,,,0.55,71.23,2021,15,7611,True,2.22,2.22,0.03,12.22,,,
0.2,0.07,,,,,0.07,0.95,94.27,2021,15,6813,True,2.76,2.76,0.12,24.48,,,
,,,,,,,,4.39,2021,15,7551,True,,,,,,,
,,,,,,,,,2021,15,6202,True,,0.28,0.05,1.53,,,
0.15,0.02,,,,,,0.17,13.17,2021,15,1034,True,3.04,3.04,0.11,24.39,,0.12,
0.08,0.08,,,,,,0.18,19.47,2021,15,5347,True,3.3,3.3,0.17,25.05,,,
,,,,,,,0.14,5.04,2021,15,1379,True,,2.06,0.09,20.4,,,
0.13,0.06,,,,,,0.35,64.61,2021,15,2320,True,1.63,1.63,0.05,8.93,,,
0.15,0.09,,,,,,0.79,58.76,2021,15,4137,True,2.0,2.0,0.06,14.73,,,
,0.0,,,,,,0.11,10.12,2021,15,4651,True,0.56,0.56,0.01,2.0,,,
0.02,,,,,,,0.02,3.65,2021,15,4994,True,0.08,0.08,,0.51,,,
,,,,,,,,,2021,15,6323,True,,0.08,,0.81,,,0.08
,,,,,,,,,2021,15,6379,True,0.24,0.24,,1.89,,,
,0.0,,,,,,0.01,2.78,2021,15,6553,True,0.7,0.7,0.01,2.1,,,
,,,,,,,0.02,2.43,2021,15,6885,True,,,,,,,
0.0,0.0,,,,,,0.01,1.24,2021,15,7098,True,,,,,,,
,,,,,,,0.01,1.6,2021,15,7794,True,0.82,0.82,0.04,6.81,,,
,,,,,,,0.32,60.32,2021,15,2168,True,2.79,2.79,0.08,21.63,,,
0.23,0.11,,,,,,0.28,42.16,2021,15,2391,True,2.53,2.53,0.13,22.35,,,
0.07,0.04,,,,,,0.14,21.2,2021,15,2431,True,1.99,1.99,0.04,16.39,,,
0.12,0.07,,,,,,0.44,58.25,2021,15,6828,True,1.34,1.34,0.05,13.27,,,
0.01,0.01,,,,,,0.02,3.72,2021,15,6984,True,0.23,0.23,,1.18,,,
,,,,,,,,1.41,2021,15,7087,True,,,,,,,
,,,,,,,0.08,0.39,2021,15,7204,True,,0.28,,2.69,,,
0.05,0.05,,,,,,0.24,19.7,2021,15,1476,True,0.81,0.81,0.04,5.15,,,
,0.05,,,,,,0.21,34.81,2021,15,2378,True,1.7,1.7,0.06,12.58,,,
0.19,0.09,,,,,0.05,0.6,67.32,2021,15,3164,True,2.83,2.83,0.06,24.22,,,
,,,,,,,,3.01,2021,15,3803,True,,0.43,,1.93,,,
0.15,0.08,,,,,,0.49,81.63,2021,15,4018,True,3.84,3.84,0.13,30.48,,,
0.17,0.07,,,,,0.08,0.75,75.53,2021,15,4035,True,4.18,4.18,0.15,36.57,,0.06,
0.08,,,,,,,0.3,38.02,2021,15,5967,True,2.29,2.29,0.07,14.83,,,
0.16,0.09,,,,,,0.42,62.6,2021,15,5980,True,3.33,3.33,0.09,27.11,,,
0.14,0.07,,,,,,0.24,52.43,2021,15,6130,True,2.85,2.85,0.08,22.36,,,
,,,,,,,0.24,48.0,2021,15,6659,True,1.38,1.38,0.07,14.97,,,
0.09,0.05,,,,,,0.34,51.43,2021,15,7588,True,1.63,1.63,0.05,13.56,,,
0.09,0.09,,,,,,0.34,51.92,2021,15,7594,True,1.61,1.61,0.01,13.42,,,
0.1,,,,,,,0.2,28.49,2021,15,7599,True,1.05,1.05,,8.58,,,
0.22,0.11,,,,,,0.37,50.19,2021,15,1535,True,3.38,3.38,0.27,37.98,,,
,,,,,,,,1.7,2021,15,2073,True,,0.43,,2.38,,,
,0.01,,,,,,0.02,2.0,2021,15,2399,True,,3.74,0.11,38.94,3.74,,
,,,,,,,,1.73,2021,15,3391,True,,,,,,,
,,,,,,,0.15,20.15,2021,15,4147,True,1.96,1.96,,10.05,,,
0.18,0.06,,,,,0.05,0.45,60.7,2021,15,4866,True,3.39,3.39,0.14,31.5,,,
,,,,,,,0.04,9.29,2021,15,5046,True,0.98,0.98,0.03,7.63,,,
,0.02,,,,,,0.41,71.09,2021,15,5284,True,1.42,1.42,0.02,11.95,,,
,,,,,,,0.0,0.38,2021,15,7529,True,,,,,,,
,0.01,,,,,,0.22,24.6,2021,15,956,True,1.47,1.47,0.06,11.26,,,
,,,,,,,0.07,13.78,2021,15,2359,True,2.77,2.77,0.05,17.53,,,
0.04,,,,,,,0.04,11.48,2021,15,3209,True,0.7,0.7,0.02,5.39,,,
0.17,0.08,,,,,,0.5,71.78,2021,15,3969,True,3.88,3.88,0.1,25.28,,,
,,,,,,,0.38,50.44,2021,15,4111,True,1.08,1.08,0.1,7.43,,,
,,,,,,,0.1,27.9,2021,15,4455,True,1.85,1.85,,12.65,,,
,,,,,,,0.09,13.6,2021,15,4718,True,0.8,0.8,0.03,14.8,,,
0.1,0.05,,,,,,0.17,23.99,2021,15,5052,True,0.86,0.86,0.05,5.85,,,
,,,,,,,0.05,7.24,2021,15,6002,True,0.34,0.34,,1.45,,,
0.11,0.06,,,,,,0.45,65.93,2021,15,6955,True,3.06,3.06,0.13,21.89,,,
,0.01,,,,,,0.01,4.55,2021,15,6996,True,2.95,2.95,0.05,21.66,,,
0.12,0.05,,,,,,0.31,45.16,2021,15,7607,True,2.77,2.77,0.11,22.76,,,
,,,,,,,0.1,18.93,2021,15,1387,True,0.99,0.99,0.05,7.8,,,
,,,,,,,0.05,9.4,2021,15,2382,True,1.98,1.98,0.09,15.86,,,
0.12,0.06,,,,,0.05,0.6,57.86,2021,15,4199,True,3.84,3.84,0.16,34.22,,,
0.12,0.06,,,,,,0.11,37.24,2021,15,5000,True,4.27,4.27,0.21,36.55,,,
,,,,,,,0.05,10.58,2021,15,5220,True,0.98,0.98,0.01,7.14,,,
,,,,,,,0.22,29.75,2021,15,5536,True,1.79,1.79,0.07,15.42,,,
,,,,,,,0.01,1.73,2021,15,6156,True,,,,,,,
0.04,0.01,,,,,,0.1,23.7,2021,15,6918,True,1.07,1.07,0.04,6.58,,,
,,,,,,,,2.0,2021,15,6963,True,,,,,,,
0.29,0.14,,,,,,0.79,93.32,2021,15,7528,True,3.48,3.48,0.12,24.89,,,
,,,,,,,0.09,0.47,2021,15,3332,True,,0.37,,2.32,,,
,,,,,,,0.09,9.67,2021,15,3594,True,0.7,0.7,0.01,4.9,,,
0.28,0.14,,,,,0.16,0.8,98.56,2021,15,4029,True,3.47,3.47,0.12,29.53,,,
0.01,,,,,,,0.01,1.26,2021,15,4150,True,,,,,,,
0.04,,,,,,,0.04,9.83,2021,15,1833,True,0.75,0.75,0.02,5.68,,,
,,,,,,,,1.41,2021,15,7609,True,1.37,1.37,0.05,13.08,,,
,,,,,,,0.12,11.57,2021,15,3868,True,2.13,2.13,0.12,19.53,,,
0.13,0.08,,,,,0.06,0.66,83.32,2021,15,4988,True,3.2,3.2,0.05,11.96,,,
0.12,0.06,,,,,0.05,0.56,65.8,2021,15,5892,True,2.89,2.89,0.07,24.77,,,
,,,,,,,0.08,10.04,2021,15,7608,True,0.28,0.28,,2.16,,,
,,,,,,,,2.88,2021,15,3832,True,,0.7,0.07,5.85,,,
,,,,,,,0.03,4.25,2021,15,7720,True,0.09,0.09,,0.86,,0.04,
0.12,0.06,,,,,0.05,0.57,59.06,2021,15,5850,True,3.15,3.15,0.11,26.49,,,
,0.02,,,,,,0.23,27.55,2021,15,6694,True,0.8,0.8,0.02,3.76,,,
0.12,0.06,,,,,,0.47,57.83,2021,15,5916,True,2.27,2.27,0.05,17.45,,,
0.14,0.07,,,,,0.06,0.5,73.52,2021,15,6945,True,2.93,2.93,0.06,25.74,,,
0.13,,,,,,,0.38,64.11,2021,15,4985,True,1.54,1.54,0.02,13.09,,,
0.06,,,,,,,0.08,19.24,2021,15,5122,True,1.25,1.25,0.05,9.57,,,
,,,,,,,0.06,9.62,2021,15,6931,True,2.23,2.23,0.11,20.21,,,
,,,,,,,0.26,16.18,2021,15,7537,True,,,,,,,
0.03,0.03,,,,,,0.08,9.3,2021,15,7567,True,1.7,1.7,0.1,13.4,,,
,,,,,,,0.3,23.59,2021,15,3306,True,0.22,0.22,,1.23,,,
,,,,,,,,12.83,2021,15,3312,True,,,,,,,
0.11,0.05,,,,,,0.41,62.78,2021,15,6151,True,2.44,2.44,0.05,20.7,,,
0.1,0.05,,,,,,0.16,44.75,2021,15,4962,True,1.29,1.29,0.01,8.54,,,
,0.02,,,,,,,,2021,15,5199,True,,2.72,0.13,28.81,2.72,,
0.04,0.04,,,,,,,,2021,15,5917,True,,2.88,0.25,41.75,2.88,,
0.06,0.06,,,,,,,,2021,15,4068,True,,4.53,0.45,62.88,4.53,0.06,
0.03,,,,,,,,,2021,15,6421,True,,1.3,0.11,19.82,1.3,,
0.11,0.06,,,,,,0.06,5.37,2021,15,3321,True,,5.32,0.63,83.05,5.32,0.06,
,,,,,,,,,2021,15,4491,True,,0.23,0.02,2.66,0.23,,
0.13,0.06,,,,,,,,2021,15,1479,True,,6.98,0.47,79.52,6.98,,
,0.02,,,,,,,,2021,15,3286,True,,2.44,0.16,28.52,2.44,,
,,,,,,,,,2021,15,627,True,,0.05,,0.57,0.05,,
,,,,,,,,,2021,15,7670,True,,1.54,0.1,19.28,1.54,,
0.06,0.06,,,,,,,1.18,2021,15,5947,True,,4.67,0.3,62.58,4.67,,
0.14,0.04,,,,,,,,2021,15,4319,True,,2.73,0.25,35.61,2.73,,
0.1,0.02,,,,,,,,2021,15,4454,True,,2.63,0.09,31.63,2.63,,
,,,,,,,,,2021,15,6427,True,,1.23,0.07,12.47,1.23,,
0.06,0.06,,,,,,,,2021,15,1110,True,,3.7,0.26,46.66,3.7,,
,,,,,,,,1.08,2021,15,6699,True,,0.22,0.03,2.73,0.22,,
0.07,0.07,,,,,,,2.85,2021,15,6819,True,,4.98,0.39,67.36,4.98,0.07,
0.05,0.05,,,,,,,,2021,15,2325,True,,2.72,0.3,41.01,2.72,,
,,,,,,,,0.22,2021,15,3269,True,,1.13,0.13,13.72,1.13,,
,,,,,,,,,2021,15,3634,True,,2.19,0.11,22.81,2.19,,
,,,,,,,,,2021,15,3652,True,,0.41,0.03,4.41,0.41,,
0.12,,,,,,,,,2021,15,4037,True,,,,,,0.06,
,,,,,,,,,2021,15,4177,True,,2.31,0.1,23.78,2.31,,
0.07,0.02,,,,,,,0.28,2021,15,4622,True,,2.72,0.17,34.43,2.72,,
0.12,0.06,,,,,,,2.3,2021,15,4983,True,,4.6,0.35,60.1,4.6,,
0.07,0.07,,,,,,,,2021,15,5038,True,,4.59,0.37,62.23,4.59,,
,,,,,,,,,2021,15,5113,True,,1.25,0.12,14.72,1.25,,
,,,,,,,,,2021,15,5154,True,,1.56,0.06,17.23,1.56,,
0.07,0.04,,,,,,,,2021,15,5185,True,,2.66,0.3,34.83,2.66,,
0.06,0.06,,,,,,,,2021,15,6149,True,,2.76,0.2,39.9,2.76,,
0.05,0.04,,,,,,,,2021,15,6783,True,,4.16,0.35,61.07,4.16,,
0.02,0.02,,,,,,,,2021,15,6849,True,,1.09,0.07,12.74,1.09,,
,,,,,,,,,2021,15,6857,True,,0.68,0.03,6.64,0.68,,
,,,,,,,,,2021,15,7039,True,,0.67,0.07,5.75,0.67,,
,,,,,,,,,2021,15,7496,True,,4.07,0.26,40.59,4.07,,
0.01,,,,,,,,,2021,15,7540,True,,0.35,0.04,4.54,0.35,,
,,,,,,,,,2021,15,1077,True,,0.58,0.06,8.46,0.58,,
,,,,,,,,,2021,15,2334,True,,0.81,0.03,7.41,0.81,,
0.07,0.07,,,,,,,2.26,2021,15,3200,True,,4.52,0.24,49.8,4.52,,
,0.02,,,,,,,,2021,15,3582,True,,4.01,0.12,37.99,4.01,,
,,,,,,,,,2021,15,4878,True,,1.11,,12.18,1.11,,
0.08,0.07,,,,,,,0.96,2021,15,4950,True,,5.12,0.41,62.98,5.12,,
0.08,0.04,,,,,,,,2021,15,5045,True,,3.68,0.31,49.01,3.68,0.04,
0.27,0.14,,,,,,,4.17,2021,15,5096,True,,3.77,0.21,39.1,3.77,,
0.07,0.07,,,,,,,0.5,2021,15,5110,True,,4.06,0.31,45.84,4.06,,
,,,,,,,,,2021,15,5121,True,,1.48,0.11,16.96,1.48,,
0.07,0.05,,,,,,0.31,41.2,2021,15,5872,True,,3.17,0.22,36.3,3.17,0.04,
,,,,,,,,,2021,15,5915,True,,0.29,0.01,3.63,0.29,,
0.13,0.07,,,,,,,3.77,2021,15,5937,True,,6.26,0.45,74.52,6.26,,
0.02,,,,,,,,,2021,15,6148,True,,0.95,0.08,13.88,0.95,,
0.06,0.15,,,,,,,3.94,2021,15,6847,True,,2.03,0.17,25.93,2.03,,
0.05,0.06,,,,,,,,2021,15,6943,True,,3.35,0.35,49.17,3.35,,
0.09,0.06,,,,,,,,2021,15,947,True,,4.1,0.35,54.1,4.1,,
0.08,0.05,,,,,,,,2021,15,1144,True,,5.9,0.37,71.48,5.9,,
,,,,,,,,,2021,15,2025,True,,4.91,0.24,49.38,4.91,,
0.14,0.06,,,,,,,,2021,15,2133,True,,7.76,0.88,93.32,7.76,0.14,
0.04,,,,,,,,,2021,15,2381,True,,1.07,0.03,12.58,1.07,,
,0.03,,,,,,,,2021,15,3155,True,,3.55,0.17,43.1,3.55,,
0.1,0.06,,,,,,,0.87,2021,15,3423,True,,3.35,0.25,45.48,3.35,,
0.06,0.06,,,,,,,,2021,15,4131,True,,3.78,0.29,51.88,3.78,0.06,
,,,,,,,,,2021,15,4197,True,,1.1,0.05,11.82,1.1,,
,,,,,,,,,2021,15,5241,True,,0.29,0.02,3.22,0.29,,
,,,,,,,,,2021,15,6165,True,,1.26,0.06,13.12,1.26,,
0.11,0.05,,,,,,,,2021,15,6786,True,,5.67,0.47,74.65,5.67,0.11,
0.13,0.07,,,,,,,2.63,2021,15,6801,True,,4.84,0.54,63.74,4.84,0.13,
0.11,0.05,,,,,,0.06,6.51,2021,15,6803,True,,5.25,0.38,66.34,5.25,0.05,
0.05,0.05,,,,,,0.05,6.26,2021,15,6814,True,,3.49,0.24,39.81,3.49,,
,,,,,,,,,2021,15,7210,True,,0.38,0.02,3.56,0.38,,
0.02,0.02,,,,,,,,2021,15,7565,True,,1.04,0.09,14.73,1.04,,
0.15,0.04,,,,,,,,2021,15,7571,True,,3.48,0.29,46.79,3.48,,
0.06,0.01,,,,,,0.07,8.04,2021,15,7601,True,,4.15,0.26,44.32,4.15,,
0.11,0.06,,,,,,,,2021,15,2216,True,,5.47,0.69,76.79,5.47,0.11,
,,,,,,,,,2021,15,2821,True,,0.8,0.05,9.75,0.8,,
,,,,,,,,,2021,15,3433,True,,0.26,0.03,2.98,0.26,,
,,,,,,,,,2021,15,4252,True,,0.99,0.06,11.49,0.99,,
0.06,0.03,,,,,,,,2021,15,5026,True,,3.41,0.27,40.66,3.41,,
0.06,0.06,,,,,,,,2021,15,5848,True,,4.98,0.39,66.69,4.98,,
,,,,,,,,,2021,15,6588,True,,0.26,0.01,2.5,0.26,,
0.07,0.05,,,,,,,,2021,15,7564,True,,5.04,0.44,69.65,5.04,,
0.05,0.05,,,,,,,,2021,15,1067,True,,3.7,0.33,49.12,3.7,0.05,
,,,,,,,,2.87,2021,15,1567,True,,1.03,0.05,9.13,1.03,,
0.15,0.07,,,,,,,,2021,15,2197,True,,5.22,0.32,68.8,5.22,,
0.11,0.06,,,,,,,1.33,2021,15,2309,True,,5.75,0.42,74.33,5.75,0.06,
0.07,0.06,,,,,,,,2021,15,2319,True,,4.85,0.45,62.24,4.85,,
,,,,,,,,,2021,15,3297,True,,2.47,0.12,28.58,2.47,,
0.16,0.03,,,,,,,0.8,2021,15,4171,True,,3.21,0.24,44.48,3.21,,
0.06,,,,,,,,,2021,15,4351,True,,3.36,0.32,44.15,3.36,,
0.07,0.02,,,,,,,,2021,15,5024,True,,2.79,0.21,36.52,2.79,,
0.06,0.03,,,,,,,1.34,2021,15,5086,True,,3.03,0.34,49.1,3.03,,
,,,,,,,,,2021,15,5773,True,,0.9,0.09,9.12,0.9,,
0.01,,,,,,,,,2021,15,5965,True,,0.21,0.02,3.12,0.21,,
0.04,,,,,,,,,2021,15,6271,True,,1.98,0.1,23.87,1.98,,
0.02,,,,,,,,,2021,15,6290,True,,1.74,0.11,24.54,1.74,,
0.06,0.06,,,,,,0.06,1.97,2021,15,6886,True,,4.25,0.51,61.95,4.25,,
0.03,,,,,,,,,2021,15,6960,True,,1.2,0.15,17.1,1.2,,
,,,,,,,,,2021,15,7049,True,,2.93,0.22,28.28,2.93,,
0.07,0.05,,,,,,,,2021,15,7547,True,,4.02,0.2,51.76,4.02,,
,,,,,,,,,2021,15,7556,True,,0.46,0.04,5.58,0.46,,
,0.02,,,,,,,,2021,15,7569,True,,2.21,0.15,27.89,2.21,,
,,,,,,,,,2021,15,7713,True,,0.25,0.03,3.36,0.25,,
0.1,,,,,,,,,2021,15,830,True,,5.59,0.41,66.01,5.59,,
0.07,0.07,,,,,,,0.52,2021,15,2410,True,,3.45,0.23,37.66,3.45,,
0.12,0.06,,,,,,,,2021,15,2449,True,,7.1,0.56,85.18,7.1,0.06,
0.1,0.05,,,,,,,1.66,2021,15,3225,True,,4.18,0.22,44.84,4.18,,
,,,,,,,,,2021,15,5938,True,,1.51,0.06,14.01,1.51,,
,,,,,,,,,2021,15,6069,True,,0.21,,1.37,0.21,,
,0.04,,,,,,,,2021,15,6989,True,,3.27,0.29,38.57,3.27,,
,,,,,,,,,2021,15,7793,True,,0.18,0.02,2.24,0.18,,
,,,,,,,,,2021,15,4080,True,,2.42,0.17,25.21,2.42,,
,,,,,,,,0.2,2021,15,6063,True,,0.45,0.03,6.2,0.45,,
0.14,0.07,,,,,,,0.85,2021,15,6794,True,,6.63,0.76,96.88,6.63,0.14,
0.08,0.02,,,,,,,,2021,15,6870,True,,2.65,0.24,30.19,2.65,,
0.06,0.06,,,,,,,2.12,2021,15,7090,True,,4.47,0.3,50.35,4.47,,
0.11,0.09,,,,,,,,2021,15,5955,True,,7.2,0.38,71.13,7.2,,
,0.07,,,,,,,,2021,15,7066,True,,5.04,0.35,61.9,5.04,,
,,,,,,,,,2021,15,7244,True,,1.92,0.13,17.15,1.92,,
,,,,,,,,,2021,15,147,True,,2.13,0.19,31.97,2.13,,
,,,,,,,,,2021,15,6387,True,,0.07,,0.75,0.07,,
0.07,0.06,,,,,,,,2021,15,6824,True,,4.0,0.33,52.85,4.0,,
,,,,,,,,,2021,15,7533,True,,1.51,0.13,24.32,1.51,,
,,,,,,,,,2021,15,7559,True,,1.46,0.14,18.06,1.46,,
0.11,,,,,,,,0.56,2021,15,2673,True,,1.63,0.12,25.74,1.63,,
0.04,,,,,,,,,2021,15,3328,True,,1.86,0.12,24.02,1.86,,
0.05,,,,,,,,1.17,2021,15,3342,True,,2.1,0.12,24.5,2.1,,
0.12,0.06,,,,,,,,2021,15,5927,True,,5.56,0.43,72.51,5.56,0.06,
,,,,,,,,,2021,15,6927,True,,2.79,0.14,34.53,2.79,,
,,,,,,,,5.19,2021,15,7135,True,,1.92,0.24,22.5,1.92,,
0.06,0.06,,,,,,,,2021,15,7525,True,,4.77,0.44,65.47,4.77,,
0.05,0.05,,,,,,,,2021,15,2078,True,,4.47,0.4,65.16,4.47,,
0.03,,,,,,,,,2021,15,7587,True,,0.63,0.06,8.6,0.63,,
,,,,,,,,,2021,15,2822,True,,2.04,0.09,21.99,2.04,,
0.17,0.06,,,,,,,3.85,2021,15,4039,True,,8.6,0.63,105.69,8.6,,
,,,,,,,,,2021,15,7751,True,,1.06,0.1,11.81,1.06,,
,,,,,,,,,2021,15,5902,True,,1.4,0.05,15.53,1.4,,
0.03,0.02,,,,,,,0.48,2021,15,5432,True,,1.36,0.11,16.7,1.36,,
0.04,0.04,,,,,,,1.3,2021,15,6798,True,,2.46,0.14,32.9,2.46,,
,,,,,,,,,2021,15,2750,True,,3.1,0.24,27.5,3.1,,
0.11,0.06,,,,,,,,2021,15,5846,True,,5.51,0.5,76.2,5.51,0.05,
0.01,,,,,,,,,2021,15,6744,True,,0.33,0.01,3.91,0.33,,
0.07,0.07,,,,,,,1.1,2021,15,6853,True,,4.76,0.37,58.51,4.76,,
,,,,,,,,4.03,2021,15,7612,True,,2.33,0.18,32.22,2.33,,
,,,,,,,,,2021,15,7757,True,,1.12,0.08,15.83,1.12,,
,,,,,,,,,2021,15,6074,True,,1.55,0.1,18.14,,,1.55
0.06,,,,,,,,,2021,15,1466,True,,6.15,0.59,78.82,,0.12,6.15
,,,,,,,,,2021,15,7828,True,,0.58,,5.42,,,0.58
,,,,,,,,,2021,15,2422,True,,0.69,,3.74,,,0.69
,,,,,,,,,2021,15,3496,True,,1.06,,10.72,,,1.06
0.05,0.05,,,,,,,,2021,15,367,True,,3.37,0.26,37.46,,,3.37
0.04,,,,,,,,,2021,15,1706,True,,2.35,0.13,22.57,,,2.35
0.05,,,,,,,,,2021,15,3214,True,,2.75,0.36,24.3,,0.05,2.75
0.04,,,,,,,,,2021,15,4144,True,,2.09,0.18,20.76,,,2.09
0.02,,,,,,,,,2021,15,5878,True,,0.83,0.04,9.9,0.83,,
,,,,,,,,,2021,15,4054,True,,1.67,0.15,21.52,,,1.67
,,,,,,,,,2021,15,7602,True,,1.19,0.08,12.62,,,1.19
,,,,,,,,,2021,15,111,True,,1.28,0.09,12.04,,,1.28
,,,,,,,,,2021,15,2476,True,,2.85,0.27,31.65,,,2.85
,,,,,,,,,2021,15,2545,True,,2.83,0.22,25.32,,,2.83
0.02,,,,,,,,,2021,15,4055,True,,1.18,0.09,13.59,,,1.18
,,,,,,,,,2021,15,4221,True,,0.08,,0.73,,,0.08
,,,,,,,,,2021,15,5008,True,,2.45,0.12,23.0,,,2.45
0.07,,,,,,,,,2021,15,5012,True,,4.93,0.52,62.68,,0.14,4.93
0.08,,,,,,,,,2021,15,515,True,,5.86,0.52,71.22,,0.08,5.86
,,,,,,,,,2021,15,6843,True,,2.18,0.18,24.36,,,2.18
,,,,,,,,,2021,15,7535,True,,0.07,0.0,0.8,,,0.07
,,,,,,,,,2021,15,1425,True,,2.27,0.19,22.56,,,2.27
,,,,,,,,,2021,15,1619,True,,0.22,0.01,1.93,,,0.22
,,,,,,,,,2021,15,2460,True,,2.96,0.27,32.93,,,2.96
,,,,,,,,,2021,15,4362,True,,0.37,,3.85,,,0.37
0.24,0.34,,0.91,1.45,175.32,,0.71,52.37,2021,15,4381,True,,,,,,,
0.05,0.05,,,,,,,,2021,15,5857,True,,3.6,0.28,41.64,,0.05,3.6
,,,,,,,,,2021,15,6001,True,,0.91,0.07,8.28,,,0.91
,,,,,,,,1.55,2021,15,7050,True,,1.87,0.1,23.0,,,1.87
,,,,,,,,,2021,15,7216,True,,0.19,,2.02,,,
0.05,,,,,,,,,2021,15,7553,True,,3.84,0.32,42.63,,,3.84
,,,,,,,,,2021,15,943,True,,1.96,0.16,23.08,,,1.96
0.06,0.06,,,,,,,,2021,15,1339,True,,4.67,0.41,48.26,,,4.67
,,,,,,,,,2021,15,2474,True,,0.61,0.03,4.67,,,0.61
,,,,,,,,,2021,15,3048,True,,0.65,0.06,6.51,,,0.65
,,,,,,,,,2021,15,3258,True,,2.6,0.23,21.13,,,2.6
,,,,,,,,,2021,15,4421,True,,0.37,0.01,2.68,,,0.37
,,,,,,,,,2021,15,4468,True,,0.21,0.03,1.88,,,0.21
,,,,,,,,,2021,15,4995,True,,1.14,0.05,8.54,,,1.14
,,,,,,,,,2021,15,6089,True,,0.41,,3.79,,,0.41
,,,,,,,,,2021,15,6137,True,,1.22,0.09,14.08,,,1.22
,,,,,,,,,2021,15,7891,True,,2.52,0.13,20.45,,,2.52
0.07,0.07,,,,,,,,2021,15,4066,True,,3.39,0.19,35.41,,,3.39
,,,,,,,,,2021,15,4189,True,,0.96,0.07,9.55,,,0.96
0.06,,,,,,,,,2021,15,4217,True,,6.17,0.57,83.37,,0.06,6.17
0.08,,,,,,,,,2021,15,4993,True,,5.53,0.45,63.66,,,5.53
,,,,,,,,,2021,15,5032,True,,0.06,,0.76,,,0.06
,,,,,,,,,2021,15,5285,True,,0.82,0.07,9.68,,,0.82
,,,,,,,,,2021,15,5973,True,,0.56,0.03,6.2,,,0.56
,,,,,,,,,2021,15,6869,True,,2.81,0.22,28.67,,,2.81
,,,,,,,,,2021,15,6964,True,,0.87,0.09,5.74,,,0.87
,,,,,,,,,2021,15,2214,True,,2.29,0.2,23.94,,,2.29
0.04,,,,,,,,,2021,15,4435,True,,1.98,0.11,20.68,,,1.98
,,,,,,,,,2021,15,5001,True,,4.42,0.45,48.61,,0.06,4.42
0.08,,,,,,,,,2021,15,5906,True,,4.28,0.37,47.2,,,4.28
,,,,,,,0.05,2.4,2021,15,7694,True,,0.97,0.1,12.56,,,0.97
,,,,,,,,,2021,15,8041,True,,2.55,0.11,17.06,,,2.55
,,,,,,,,,2021,15,2390,True,,1.47,0.15,13.96,,,1.47
,,,,,,,,,2021,15,2446,True,,0.95,0.06,8.11,,,0.95
,,,,,,,,,2021,15,4323,True,,0.46,0.07,4.56,,,0.46
,,,,,,,,,2021,15,4443,True,,1.82,0.12,18.09,,,1.82
0.05,,,,,,,,,2021,15,4973,True,,2.08,0.17,21.01,,,2.08
,,,,,,,,,2021,15,6181,True,,0.31,,3.18,,,0.31
,,,,,,,,,2021,15,7002,True,,1.67,0.18,18.03,,,1.67
,,,,,,,,,2021,15,7075,True,,0.33,,3.42,,,0.33
,,,,,,,,,2021,15,7568,True,,2.32,0.19,24.83,,,2.32
,,,,,,,,,2021,15,7600,True,,3.72,0.34,42.75,,,3.72
,,,,,,,,,2021,15,5985,True,,2.4,0.33,31.96,,,2.4
0.06,,,,,,,,,2021,15,6826,True,,3.3,0.16,34.52,,,3.3
,,,,,,,,,2021,15,6850,True,,1.96,0.16,20.27,,,1.96
,,,,,,,,,2021,15,963,True,,0.3,,2.19,,,0.3
,,,,,,,,,2021,15,4033,True,,3.04,0.31,35.46,,,3.04
,,,,,,,,,2021,15,5133,True,,3.53,0.29,39.42,,,3.53
0.05,0.05,,,,,,,,2021,15,616,True,,1.58,0.18,15.43,,,1.58
,,,,,,,,,2021,15,7854,True,,0.21,,1.86,,,0.21
0.03,,,,,,,,,2021,15,5009,True,,1.13,0.07,11.6,,,1.13
,,,,,,,,,2021,15,3695,True,,0.15,,1.3,,,0.15
,,,,,,,,,2021,15,6075,True,,0.29,0.02,2.99,,,0.29
,,,,,,,,,2021,15,7308,True,,0.07,,0.69,,,0.07
0.06,,,,,,,,,2021,15,3271,True,,,,,,,
0.07,0.07,,,,,,,,2021,15,5022,True,,4.17,0.35,48.83,,,4.17
,,,,,,,,,2021,15,6040,True,,0.55,0.05,6.68,,,0.55
,,,,,,,,,2021,15,7946,True,,1.4,0.12,10.35,,,1.4
,,,,,,,,,2021,15,4531,True,,2.71,0.25,29.76,,,2.71
,,,,,,,,,2021,15,5010,True,,2.26,0.09,22.24,,,2.26
,,,,,,,,,2021,15,7716,True,,1.24,0.11,16.2,,,1.24
0.06,,,,,,,,,2021,15,4089,True,,2.62,0.2,27.16,,,2.62
,,,,,,,,,2021,15,6081,True,,1.96,0.04,17.2,,,1.96
,,,,,,,,,2021,15,5863,True,,0.14,0.02,1.66,0.14,,
,,,,,,,,,2021,15,6865,True,,0.33,0.05,3.72,,,0.33
0.37,0.24,0.07,0.89,1.93,275.6,,0.22,8.23,2021,16,1837,True,,,,,,,
0.31,0.19,0.06,0.61,1.86,244.35,,0.27,17.33,2021,16,1049,True,,,,,,,
0.7,0.35,0.07,0.81,1.63,244.64,,0.16,12.26,2021,16,3161,True,,,,,,,
0.28,0.17,0.06,0.68,1.66,224.82,,0.05,5.6,2021,16,4892,True,,,,,,,
0.68,0.34,0.07,0.92,2.08,270.47,0.16,0.4,31.8,2021,16,5849,True,,,,,,,
0.31,0.19,0.12,0.43,2.26,292.94,,0.38,12.13,2021,16,96,True,,,,,,,
0.58,0.29,,0.77,1.7,270.82,,0.04,4.32,2021,16,7527,True,,,,,,,
0.31,0.19,0.06,0.76,2.66,307.27,,0.04,3.65,2021,16,421,True,,,,,,,
0.38,0.17,0.06,0.77,1.94,291.2,,0.05,3.95,2021,16,24,True,,,,,,,
0.35,0.17,0.12,0.77,2.51,330.06,0.05,0.15,19.36,2021,16,4046,True,,,,,,,
0.52,0.29,0.11,0.9,2.0,274.8,0.06,0.41,33.03,2021,16,4984,True,,,,,,,
0.54,0.28,0.07,0.7,2.45,279.62,,0.15,12.13,2021,16,6770,True,,,,,,,
0.91,0.31,0.31,0.76,1.01,211.7,,0.01,5.46,2021,16,6822,True,,,,,,,
0.34,0.17,0.06,0.53,1.38,219.4,0.06,0.48,53.58,2021,16,6904,True,,,,,,,
,0.25,,1.07,1.38,219.24,,0.09,4.56,2021,16,7585,True,,,,,,,
0.46,0.23,0.11,0.8,1.89,261.88,,0.06,9.0,2021,16,1166,True,,,,,,,
0.91,0.25,,0.91,0.77,152.5,,0.01,3.81,2021,16,5257,True,,,,,,,
0.47,0.19,0.12,0.75,2.38,290.74,,0.21,27.12,2021,16,6797,True,,,,,,,
0.79,0.36,,0.62,1.6,249.5,,0.29,18.09,2021,16,7538,True,,,,,,,
,0.3,,1.2,1.15,215.62,,0.01,4.8,2021,16,1029,True,,,,,,,
0.3,0.18,0.12,0.72,2.08,278.68,0.06,0.12,16.01,2021,16,1234,True,,,,,,,
0.4,0.23,0.06,0.61,1.38,275.93,,0.07,8.07,2021,16,2028,True,,,,,,,
0.46,0.26,0.13,0.65,2.36,288.17,0.09,0.34,21.01,2021,16,3294,True,,,,,,,
0.37,0.35,0.09,0.99,1.4,218.58,,0.08,10.56,2021,16,5854,True,,,,,,,
0.18,0.35,0.08,0.78,0.99,158.85,,0.31,40.32,2021,16,954,True,,,,,,,
,0.22,,0.89,1.33,236.71,,0.1,22.2,2021,16,260,True,,,,,,,
0.15,,,0.33,1.57,211.81,,0.2,20.05,2021,16,2711,True,,,,,,,
0.24,0.1,0.02,0.24,0.14,41.62,,0.12,5.34,2021,16,4943,True,,,,,,,
0.54,0.27,,0.86,1.05,236.6,,0.16,17.63,2021,16,7523,True,,,,,,,
0.37,0.23,0.07,0.89,1.73,246.16,,0.17,16.54,2021,16,6768,True,,,,,,,
,0.25,,0.88,0.81,170.42,,0.18,41.33,2021,16,7589,True,,,,,,,
,,,,,,,0.22,29.22,2021,16,5536,True,2.17,2.17,0.08,18.6,,,
,0.01,,,,,,0.01,4.06,2021,16,6996,True,1.63,1.63,0.03,11.94,,,
,0.09,,,,,,0.55,82.98,2021,16,5284,True,1.41,1.41,0.02,11.95,,,
,,,,,,,,,2021,16,6379,True,0.23,0.23,,1.86,,,
0.02,0.01,,,,,,0.05,8.29,2021,16,7593,True,0.25,0.25,0.01,1.92,,,
,,,,,,,0.12,4.45,2021,16,1379,True,,1.82,0.08,18.02,,,
,,,,,,,0.46,61.51,2021,16,4111,True,1.22,1.22,0.11,8.39,,,
,,,,,,,0.09,0.47,2021,16,3332,True,,0.22,,1.41,,,
0.13,0.06,,,,,,0.12,41.6,2021,16,5000,True,3.99,3.99,0.19,34.14,,,
0.21,0.01,,,,,0.07,0.99,104.48,2021,16,6813,True,2.54,2.54,0.11,22.57,,,
0.11,0.06,,,,,,0.44,62.93,2021,16,6828,True,1.38,1.38,0.05,13.66,,,
,,,,,,,,4.32,2021,16,6951,True,0.06,0.06,,0.32,,,
,,,,,,,,4.83,2021,16,5107,True,0.73,0.73,,3.68,,,
0.08,0.08,,,,,,0.17,17.95,2021,16,5347,True,3.05,3.05,0.16,23.09,,,
,,,,,,,0.06,7.07,2021,16,6694,True,0.24,0.24,,1.08,,,
,,,,,,,,1.42,2021,16,7609,True,1.38,1.38,0.05,13.21,,,
0.11,0.06,,,,,0.05,0.53,51.87,2021,16,4199,True,3.95,3.95,0.16,35.22,,,
,,,,,,,,1.31,2021,16,7087,True,,,,,,,
,,,,,,,,4.05,2021,16,7551,True,,,,,,,
0.1,0.05,,,,,0.05,0.62,73.4,2021,16,4988,True,0.85,0.85,0.03,7.4,,,
,,,,,,,,2.07,2021,16,6963,True,,,,,,,
,0.03,,,,,,0.27,50.63,2021,16,1387,True,2.26,2.26,0.1,17.69,,,
0.08,0.08,,,,,,0.26,37.1,2021,16,1476,True,1.06,1.06,0.05,6.76,,,
0.19,0.09,,,,,,0.29,65.16,2021,16,1535,True,2.48,2.48,0.2,27.86,,,
,,,,,,,,0.17,2021,16,2471,True,,0.18,,1.75,,,
0.12,0.06,,,,,,0.47,78.71,2021,16,4018,True,1.74,1.74,0.06,13.78,,,
,,,,,,,0.03,4.07,2021,16,4718,True,1.28,1.28,0.02,7.52,,,
,,,,,,,0.03,4.12,2021,16,5209,True,0.32,0.32,,2.6,,,
,,,,,,,,3.22,2021,16,5220,True,,,,,,,
0.06,0.03,,,,,,0.06,12.81,2021,16,6039,True,1.07,1.07,0.03,6.49,,,
0.0,0.0,,,,,,0.01,1.31,2021,16,7098,True,,,,,,,
0.07,0.08,,,,,,0.21,42.6,2021,16,7594,True,0.92,0.92,,7.66,,,
0.13,,,,,,,0.39,57.86,2021,16,7607,True,2.86,2.86,0.11,23.45,,,
0.11,,,,,,,0.09,6.31,2021,16,1034,True,3.38,3.38,0.12,27.17,,0.13,
0.13,0.06,,,,,,0.32,59.26,2021,16,2320,True,1.5,1.5,0.05,8.19,,,
,,,,,,,0.09,10.81,2021,16,3312,True,0.41,0.41,0.01,3.24,,,
0.18,0.05,,,,,0.05,0.54,69.08,2021,16,4866,True,2.98,2.98,0.13,27.63,,,
0.26,0.16,,,,,,0.43,59.35,2021,16,5052,True,2.95,2.95,0.11,20.09,,,
,,,,,,,0.01,0.68,2021,16,5163,True,0.13,0.13,,0.94,,,
0.12,0.06,,,,,0.05,0.55,57.22,2021,16,5850,True,3.51,3.51,0.12,29.52,,,
0.13,0.07,,,,,,0.21,44.62,2021,16,6130,True,1.92,1.92,0.05,15.01,,,
,,,,,,,0.01,1.37,2021,16,6156,True,,,,,,,
,,,,,,,0.06,5.87,2021,16,6753,True,0.43,0.43,,3.04,,,
,,,,,,,0.07,9.06,2021,16,7608,True,0.06,0.06,,0.48,,,
,,,,,,,0.11,15.37,2021,16,2359,True,3.35,3.35,0.19,31.31,,,
,,,,,,,0.17,29.91,2021,16,2378,True,0.78,0.78,0.04,5.83,,,
0.07,0.04,,,,,,0.18,27.67,2021,16,2431,True,2.6,2.6,0.06,21.39,,,
0.04,,,,,,,0.03,10.91,2021,16,3209,True,0.66,0.66,0.02,5.13,,,
,,,,,,,0.09,8.65,2021,16,3868,True,2.19,2.19,0.12,20.08,,,
0.02,,,,,,,0.02,2.89,2021,16,4994,True,0.06,0.06,,0.41,,,
0.15,0.1,,,,,,0.61,81.99,2021,16,5890,True,1.01,1.01,0.02,7.77,,,
0.11,0.05,,,,,,0.38,59.59,2021,16,6151,True,3.03,3.03,0.07,25.73,,,
,,,,,,,,,2021,16,6202,True,,0.29,0.05,1.58,,,
0.01,0.01,,,,,,0.04,4.79,2021,16,7567,True,0.17,0.17,0.01,1.38,,,
,,,,,,,0.02,2.8,2021,16,7771,True,0.14,0.14,,1.2,,,
,,,,,,,,2.86,2021,16,3803,True,,0.41,,1.84,,,
,,,,,,,,2.72,2021,16,3832,True,,0.67,0.07,5.53,,,
,,,,,,,0.11,14.0,2021,16,4147,True,1.64,1.64,,8.38,,,
0.01,,,,,,,0.01,1.19,2021,16,4150,True,,,,,,,
0.14,0.06,,,,,,0.45,61.27,2021,16,4962,True,1.52,1.52,0.04,10.0,,,
0.02,,,,,,,0.02,5.19,2021,16,5122,True,0.51,0.51,0.02,3.94,,,
0.21,0.04,,,,,,0.32,73.77,2021,16,5131,True,2.88,2.88,0.04,18.78,,,
0.17,,,,,,,0.5,78.36,2021,16,5987,True,3.89,3.89,0.15,25.03,,,
,,,,,,,0.06,9.45,2021,16,6002,True,0.44,0.44,,1.89,,,
,,,,,,,0.17,32.38,2021,16,6659,True,0.22,0.22,,1.46,,,
,,,,,,,0.04,6.82,2021,16,6931,True,1.18,1.18,0.05,10.7,,,
0.12,0.06,,,,,0.05,0.49,53.16,2021,16,6945,True,3.01,3.01,0.08,26.44,,,
0.13,0.07,,,,,,0.46,70.9,2021,16,6955,True,3.59,3.59,0.15,25.77,,,
,,,,,,,0.07,8.48,2021,16,6973,True,0.45,0.45,,1.57,,,
,,,,,,,0.36,22.56,2021,16,7537,True,,,,,,,
0.11,0.06,,,,,,0.37,56.24,2021,16,7588,True,1.5,1.5,0.05,12.43,,,
0.04,,,,,,,0.04,8.87,2021,16,1833,True,0.68,0.68,0.02,5.12,,,
,,,,,,,0.31,59.04,2021,16,2168,True,2.1,2.1,0.11,16.3,,,
0.19,0.1,,,,,0.05,0.65,74.57,2021,16,3164,True,2.64,2.64,0.06,22.5,,,
,,,,,,,,6.04,2021,16,3594,True,,,,,,,
,,,,,,,0.03,2.45,2021,16,4651,True,0.16,0.16,,0.91,,,
,0.0,,,,,,0.09,16.08,2021,16,5046,True,1.12,1.12,0.02,8.89,,,
0.1,0.05,,,,,,0.34,41.49,2021,16,5916,True,2.68,2.68,0.07,20.56,,,
0.09,,,,,,,0.35,43.84,2021,16,5967,True,2.4,2.4,0.08,15.55,,,
0.07,0.04,,,,,,0.2,22.29,2021,16,6845,True,1.27,1.27,0.06,10.97,,,
,,,,,,,0.13,15.51,2021,16,6885,True,1.74,1.74,0.11,15.34,,,
0.1,0.03,,,,,,0.2,36.83,2021,16,7045,True,1.07,1.07,0.02,5.72,,,
,,,,,,,0.07,0.33,2021,16,7204,True,,0.24,,2.29,,,
,,,,,,,,1.12,2021,16,7318,True,,0.44,0.06,3.42,,,
0.27,0.13,,,,,,0.67,79.72,2021,16,7528,True,2.76,2.76,0.1,19.73,,,
,,,,,,,0.01,1.72,2021,16,7794,True,0.71,0.71,0.03,5.89,,,
,,,,,,,,2.22,2021,16,2073,True,,0.55,,3.11,,,
,,,,,,,0.31,24.6,2021,16,3306,True,0.23,0.23,,1.28,,,
0.2,0.1,,,,,,0.24,43.92,2021,16,4149,True,3.04,3.04,0.08,25.46,,,
0.13,,,,,,,0.45,72.93,2021,16,4985,True,0.86,0.86,,7.28,,,
0.06,,,,,,,0.13,31.06,2021,16,5549,True,2.59,2.59,0.09,14.83,,,
,,,,,,,,,2021,16,5565,True,,0.28,,2.26,,,
0.12,0.06,,,,,0.05,0.49,58.01,2021,16,5892,True,2.57,2.57,0.07,22.03,,,
,0.02,,,,,,0.12,8.5,2021,16,6012,True,2.86,2.86,0.08,12.55,,,
0.09,0.04,,,,,,0.34,54.64,2021,16,6820,True,2.43,2.43,0.11,20.11,,,
,,,,,,,0.12,16.92,2021,16,7574,True,,,,,,0.06,
,,,,,,,0.1,13.4,2021,16,7720,True,0.09,0.09,,0.81,,0.04,
,0.04,,,,,,0.04,8.04,2021,16,2399,True,,2.94,0.06,21.21,2.94,,
0.01,0.01,,,,,,0.02,3.22,2021,16,6984,True,0.13,0.13,0.0,0.64,,,
0.07,0.03,,,,,,0.09,22.93,2021,16,5170,True,0.7,0.7,,5.18,,,
0.12,0.06,,,,,,0.32,40.28,2021,16,5980,True,2.41,2.41,0.06,19.59,,,
,,,,,,,0.11,19.59,2021,16,2382,True,0.72,0.72,0.03,5.74,,,
0.14,0.07,,,,,0.08,0.82,82.41,2021,16,4035,True,4.34,4.34,0.16,37.92,,0.05,
,0.02,,,,,,0.24,27.24,2021,16,956,True,2.1,2.1,0.08,16.15,,,
,,,,,,,,,2021,16,1071,True,,0.64,0.04,7.07,0.64,,
0.1,0.05,,,,,,,,2021,16,5859,True,,4.47,0.53,69.29,4.47,0.05,
,,,,,,,,,2021,16,7049,True,,0.96,0.07,9.28,0.96,,
0.12,0.06,,,,,,0.06,6.15,2021,16,6803,True,,4.96,0.36,62.71,4.96,0.06,
,,,,,,,,,2021,16,1077,True,,0.52,0.05,7.47,0.52,,
,,,,,,,,,2021,16,3582,True,,1.02,0.03,9.68,1.02,,
0.09,0.08,,,,,,0.45,38.57,2021,16,5872,True,,3.52,0.2,34.98,3.52,0.04,
,,,,,,,,,2021,16,7793,True,,0.18,0.02,2.2,0.18,,
,,,,,,,,,2021,16,4420,True,,1.0,,6.73,1.0,,
,,,,,,,,,2021,16,5154,True,,1.38,0.05,15.21,1.38,,
,,,,,,,,,2021,16,7496,True,,1.09,0.12,13.08,1.09,,
0.08,0.05,,,,,,,,2021,16,947,True,,3.57,0.28,50.28,3.57,,
0.03,0.03,,,,,,,,2021,16,1110,True,,2.0,0.14,25.12,2.0,,
0.11,0.06,,,,,,,,2021,16,1825,True,,5.63,0.32,64.41,5.63,,
0.03,,,,,,,,,2021,16,3328,True,,1.61,0.1,20.82,1.61,,
0.08,0.08,,,,,,,0.88,2021,16,4950,True,,4.69,0.48,57.77,4.69,,
0.07,,,,,,,,,2021,16,5086,True,,,,,,,
0.11,,,,,,,,,2021,16,5185,True,,3.89,0.43,51.04,3.89,,
0.05,,,,,,,,,2021,16,5007,True,,1.49,0.14,20.29,1.49,,
,,,,,,,,,2021,16,5915,True,,0.27,0.01,3.37,0.27,,
,,,,,,,,,2021,16,6165,True,,1.17,0.06,12.21,1.17,,
0.06,0.06,,,,,,,2.74,2021,16,6819,True,,4.78,0.38,64.77,4.78,0.06,
0.06,,,,,,,,,2021,16,6824,True,,3.13,0.25,41.38,3.13,,
0.09,,,,,,,,,2021,16,830,True,,4.81,0.38,58.53,4.81,,
,,,,,,,,,2021,16,5323,True,,1.09,0.05,13.12,1.09,,
,,,,,,,,,2021,16,7533,True,,0.88,0.07,14.11,0.88,,
0.01,,,,,,,,,2021,16,7540,True,,0.36,0.04,4.67,0.36,,
0.13,0.07,,,,,,,,2021,16,2133,True,,7.29,0.93,87.75,7.29,0.13,
,,,,,,,,,2021,16,6427,True,,1.14,0.06,11.49,1.14,,
0.12,0.05,,,,,,,,2021,16,2449,True,,6.5,0.51,78.0,6.5,0.06,
0.18,,,,,,,,0.83,2021,16,2673,True,,2.44,0.16,29.3,2.44,,
,,,,,,,,,2021,16,2822,True,,2.88,0.12,31.1,2.88,,
0.11,0.06,,,,,,,1.0,2021,16,3423,True,,3.86,0.29,44.48,3.86,,
,,,,,,,,,2021,16,4080,True,,3.63,0.26,37.79,3.63,,
0.15,,,,,,,,0.8,2021,16,4171,True,,3.22,0.35,34.6,3.22,,
0.06,,,,,,,,,2021,16,4351,True,,3.08,0.29,40.49,3.08,,
0.09,0.04,,,,,,,,2021,16,5045,True,,3.48,0.29,46.27,3.48,0.04,
,,,,,,,,,2021,16,5121,True,,4.65,0.29,48.33,4.65,,
,,,,,,,,,2021,16,5902,True,,0.63,0.02,7.05,0.63,,
0.12,0.06,,,,,,,,2021,16,5927,True,,5.3,0.41,72.38,5.3,0.06,
0.04,0.05,,,,,,,,2021,16,6149,True,,2.14,0.16,30.99,2.14,,
,,,,,,,,,2021,16,6453,True,,0.74,0.07,4.59,0.74,,
0.1,0.05,,,,,,,,2021,16,6786,True,,5.64,0.47,74.17,5.64,0.1,
0.03,0.03,,,,,,,1.13,2021,16,6798,True,,2.13,0.13,28.54,2.13,,
0.07,0.07,,,,,,,1.08,2021,16,6853,True,,4.62,0.36,56.95,4.62,,
0.06,0.06,,,,,,0.05,1.58,2021,16,6886,True,,3.43,0.41,49.99,3.43,,
0.08,,,,,,,,,2021,16,6960,True,,3.43,0.25,40.55,3.43,,
0.07,0.07,,,,,,,2.12,2021,16,7090,True,,4.47,0.3,50.32,4.47,,
0.03,0.03,,,,,,,,2021,16,7565,True,,1.69,0.16,23.88,1.69,,
0.06,,,,,,,,5.75,2021,16,7606,True,,2.79,0.26,36.17,2.79,,
,,,,,,,,,2021,16,1244,True,,1.71,0.06,17.1,1.71,,
,,,,,,,,,2021,16,147,True,,2.49,0.22,37.27,2.49,,
,,,,,,,,2.64,2021,16,1567,True,,0.94,0.05,8.39,0.94,,
0.1,0.05,,,,,,,1.32,2021,16,2309,True,,5.72,0.43,73.84,5.72,0.05,
0.11,,,,,,,,,2021,16,2381,True,,2.98,0.11,35.31,2.98,,
,,,,,,,,,2021,16,2750,True,,1.21,0.11,15.24,1.21,,
,,,,,,,,,2021,16,3433,True,,0.29,0.03,3.32,0.29,,
0.07,,,,,,,,,2021,16,5024,True,,2.21,0.17,28.95,2.21,,
0.02,0.02,,,,,,,0.3,2021,16,5432,True,,0.87,0.08,10.58,0.87,,
,,,,,,,,,2021,16,6588,True,,0.56,0.02,5.29,0.56,,
0.06,0.05,,,,,,,,2021,16,7525,True,,4.58,0.43,62.83,4.58,,
,,,,,,,,,2021,16,7670,True,,3.26,0.22,41.02,3.26,,
0.05,0.04,,,,,,,,2021,16,1067,True,,3.32,0.3,44.01,3.32,0.05,
0.12,0.06,,,,,,,,2021,16,1479,True,,6.99,0.48,79.49,6.99,,
0.12,0.06,,,,,,,,2021,16,1689,True,,5.39,0.55,67.61,5.39,0.06,
,,,,,,,,,2021,16,3155,True,,3.88,0.18,47.18,3.88,,
,,,,,,,,,2021,16,4038,True,,1.08,0.06,15.57,1.08,,
,,,,,,,,,2021,16,4197,True,,1.13,0.05,12.05,1.13,,
0.12,0.06,,,,,,,2.4,2021,16,4983,True,,4.79,0.36,62.64,4.79,,
,,,,,,,,,2021,16,5199,True,,2.91,0.14,30.8,2.91,,
0.06,,,,,,,,0.57,2021,16,538,True,,3.49,0.31,46.15,3.49,,
,,,,,,,,,2021,16,5773,True,,0.64,0.06,6.39,0.64,,
0.06,0.06,,,,,,,,2021,16,5848,True,,5.33,0.42,65.12,5.33,,
0.01,,,,,,,,,2021,16,6744,True,,0.35,0.01,4.08,0.35,,
0.04,0.04,,,,,,,,2021,16,6783,True,,3.38,0.29,49.7,3.38,,
,,,,,,,,,2021,16,7066,True,,3.04,0.22,37.32,3.04,,
,,,,,,,,,2021,16,7530,True,,0.31,0.02,4.06,0.31,,
0.09,,,,,,,,,2021,16,7547,True,,5.05,0.35,54.96,5.05,,
,,,,,,,,,2021,16,7556,True,,0.39,0.04,4.75,0.39,,
,,,,,,,,,2021,16,7569,True,,3.92,0.28,49.34,3.92,,
0.05,0.05,,,,,,,,2021,16,2078,True,,4.41,0.4,64.36,4.41,,
,,,,,,,,,2021,16,2334,True,,2.28,0.08,20.9,2.28,,
,,,,,,,,,2021,16,2821,True,,0.78,0.06,10.02,0.78,,
,,,,,,,,0.13,2021,16,3269,True,,0.68,0.08,8.27,0.68,,
,,,,,,,,,2021,16,3286,True,,2.61,0.17,30.49,2.61,,
,,,,,,,,,2021,16,3634,True,,2.05,0.1,18.48,2.05,,
0.06,0.06,,,,,,,,2021,16,4131,True,,3.49,0.26,47.8,3.49,0.06,
0.12,,,,,,,0.04,4.1,2021,16,4454,True,,3.37,0.3,40.49,3.37,,
0.06,,,,,,,,0.3,2021,16,4622,True,,2.99,0.18,37.8,2.99,,
,,,,,,,,,2021,16,5113,True,,1.31,0.12,15.43,1.31,,
0.06,0.06,,,,,,,1.22,2021,16,5947,True,,4.82,0.31,64.65,4.82,,
0.09,0.09,,,,,,,,2021,16,5955,True,,5.82,0.27,67.66,5.82,,
0.01,,,,,,,,,2021,16,5965,True,,0.23,0.02,3.3,0.23,,
,,,,,,,,,2021,16,6069,True,,0.23,,1.47,0.23,,
0.04,,,,,,,,,2021,16,6271,True,,2.58,0.13,31.15,2.58,,
,,,,,,,,,2021,16,6387,True,,0.06,,0.68,0.06,,
,,,,,,,,,2021,16,6557,True,,0.91,0.04,8.75,0.91,,
0.12,0.06,,,,,,,0.75,2021,16,6794,True,,5.98,0.69,87.4,5.98,0.12,
0.04,0.03,,,,,,,,2021,16,6849,True,,2.0,0.13,23.33,2.0,,
,,,,,,,,,2021,16,6927,True,,2.91,0.14,36.0,2.91,,
0.02,,,,,,,,,2021,16,7587,True,,0.38,0.04,5.21,0.38,,
,,,,,,,,1.37,2021,16,7612,True,,0.8,0.06,11.01,0.8,,
,,,,,,,,,2021,16,7757,True,,1.42,0.1,20.14,1.42,,
,,,,,,,,,2021,16,1346,True,,1.31,0.07,19.24,1.31,,
0.15,,,,,,,,,2021,16,1817,True,,3.25,0.21,35.92,3.25,,
0.11,0.06,,,,,,,,2021,16,2374,True,,5.9,0.48,68.58,5.9,,
0.11,0.06,,,,,,0.07,6.35,2021,16,3321,True,,6.28,0.74,90.45,6.28,0.06,
,,,,,,,,,2021,16,4146,True,,0.8,0.04,9.56,0.8,,
,,,,,,,,,2021,16,4491,True,,0.25,0.02,2.84,0.25,,
0.1,0.05,,,,,,,1.29,2021,16,5096,True,,1.17,0.08,8.96,1.17,,
0.09,0.09,,,,,,,0.78,2021,16,5110,True,,6.28,0.38,70.72,6.28,,
,,,,,,,,0.2,2021,16,6063,True,,0.43,0.03,6.0,0.43,,
0.04,,,,,,,,,2021,16,6290,True,,2.17,0.15,30.8,2.17,,
,,,,,,,,,2021,16,7039,True,,0.53,0.05,4.56,0.53,,
,,,,,,,,4.64,2021,16,7135,True,,1.71,0.21,20.12,1.71,,
,,,,,,,,,2021,16,7210,True,,0.35,,3.27,0.35,,
0.15,,,,,,,,,2021,16,7571,True,,3.79,0.31,50.94,3.79,,
0.0,,,,,,,,,2021,16,7603,True,,0.11,0.01,1.22,0.11,,
,,,,,,,,,2021,16,7751,True,,0.35,0.03,3.93,0.35,,
,,,,,,,,,2021,16,7996,True,,0.47,0.05,5.16,0.47,,
0.1,0.05,,,,,,,1.79,2021,16,3225,True,,4.5,0.31,48.3,4.5,,
0.17,0.09,,,,,,,3.84,2021,16,4039,True,,8.57,0.84,105.33,8.57,,
0.06,0.06,,,,,,,,2021,16,5038,True,,4.53,0.36,61.39,4.53,,
,,,,,,,,,2021,16,5241,True,,0.74,0.04,8.22,0.74,,
0.1,0.05,,,,,,,,2021,16,5846,True,,4.08,0.46,66.72,4.08,0.05,
0.03,0.03,,,,,,,,2021,16,5917,True,,2.29,0.2,33.23,2.29,,
0.13,0.07,,,,,,,3.69,2021,16,5937,True,,6.13,0.44,72.95,6.13,,
,,,,,,,,,2021,16,627,True,,0.06,,0.62,0.06,,
,,,,,,,,1.12,2021,16,6699,True,,0.22,0.03,2.82,0.22,,
0.13,0.06,,,,,,,2.66,2021,16,6801,True,,4.9,0.55,64.56,4.9,0.13,
0.07,0.07,,,,,,,,2021,16,7564,True,,5.43,0.51,74.98,5.43,,
,,,,,,,,,2021,16,7789,True,,0.29,0.05,4.18,0.29,,
0.07,0.07,,,,,,,,2021,16,2319,True,,3.96,0.38,50.87,3.96,,
,,,,,,,,,2021,16,4177,True,,1.68,0.08,17.3,1.68,,
,,,,,,,,,2021,16,5938,True,,1.99,0.08,18.41,1.99,,
,,,,,,,,,2021,16,7752,True,,0.27,0.03,3.04,0.27,,
,,,,,,,,,2021,16,4252,True,,1.55,0.12,18.42,1.55,,
,,,,,,,,,2021,16,1555,True,,0.72,0.05,10.12,0.72,,
0.06,,,,,,,,,2021,16,5026,True,,3.5,0.21,40.87,3.5,,
,,,,,,,,,2021,16,6989,True,,3.35,0.29,39.49,3.35,,
0.02,,,,,,,,,2021,16,6148,True,,0.87,0.08,12.71,0.87,,
0.07,0.08,,,,,,,,2021,16,7526,True,,4.96,0.37,64.12,4.96,,
,,,,,,,,,2021,16,5285,True,,0.73,0.06,8.55,,,0.73
,,,,,,,,,2021,16,2446,True,,0.93,0.06,7.97,,,0.93
0.03,,,,,,,,,2021,16,4435,True,,1.63,0.09,17.01,,,1.63
0.07,,,,,,,,,2021,16,4217,True,,6.22,0.57,83.93,,0.07,6.22
,,,,,,,,,2021,16,7075,True,,0.29,,3.02,,,0.29
,,,,,,,,,2021,16,2545,True,,2.37,0.18,21.23,,,2.37
,,,,,,,,,2021,16,4033,True,,2.0,0.21,23.33,,,2.0
,,,,,,,,,2021,16,6850,True,,1.17,0.09,12.11,,,1.17
0.06,,,,,,,,,2021,16,1706,True,,3.11,0.18,29.82,,,3.11
0.06,0.06,,,,,,,,2021,16,3202,True,,2.89,0.26,29.45,,,2.89
,,,,,,,,,2021,16,4323,True,,0.43,0.06,4.26,,,0.43
,,,,,,,,,2021,16,7502,True,,0.56,0.09,6.86,,,0.56
,,,,,,,,2.05,2021,16,7050,True,,2.49,0.15,30.45,,,2.49
,,,,,,,,,2021,16,1619,True,,0.2,0.01,1.8,,,0.2
,,,,,,,,,2021,16,111,True,,1.32,0.09,12.4,,,1.32
0.07,0.07,,,,,,,,2021,16,1339,True,,4.94,0.44,51.09,,,4.94
,,,,,,,,,2021,16,4054,True,,1.54,0.14,19.84,,,1.54
,,,,,,,,,2021,16,7602,True,,1.09,0.07,11.63,,,1.09
,,,,,,,,,2021,16,2214,True,,2.14,0.18,22.4,,,2.14
,,,,,,,,,2021,16,2460,True,,3.14,0.26,34.97,,,3.14
0.02,,,,,,,,,2021,16,4055,True,,1.1,0.09,12.71,,,1.1
0.05,,,,,,,,,2021,16,4973,True,,2.86,0.23,28.85,,,2.86
,,,,,,,,,2021,16,5863,True,,0.15,0.02,1.73,0.15,,
,,,,,,,,,2021,16,6001,True,,0.52,,4.74,,,0.52
,,,,,,,,,2021,16,6181,True,,0.68,0.03,6.98,,,0.68
0.06,,,,,,,,,2021,16,6826,True,,2.97,0.15,31.14,,,2.97
,,,,,,,,,2021,16,7568,True,,2.31,0.22,24.72,,,2.31
,,,,,,,,,2021,16,7842,True,,0.9,0.06,8.26,,,0.9
,,,,,,,,,2021,16,2476,True,,2.48,0.24,27.48,,,2.48
0.05,0.05,,,,,,,,2021,16,367,True,,3.66,0.29,40.65,,,3.66
0.05,,,,,,,,,2021,16,4089,True,,3.41,0.27,35.34,,,3.41
0.05,0.05,,,,,,,,2021,16,616,True,,1.43,0.16,13.92,,,1.43
,,,,,,,,,2021,16,6843,True,,2.0,0.16,22.34,,,2.0
,,,,,,,,,2021,16,7427,True,,0.21,,2.07,,,0.21
,,,,,,,,,2021,16,7597,True,,0.28,0.03,3.54,,,0.28
,,,,,,,,,2021,16,7828,True,,0.85,0.03,8.06,,,0.85
,,,,,,,,,2021,16,2390,True,,2.94,0.23,27.92,,,2.94
,,,,,,,,,2021,16,3048,True,,0.59,0.05,5.98,,,0.59
,,,,,,,,,2021,16,4421,True,,0.34,0.01,2.46,,,0.34
,,,,,,,,,2021,16,5133,True,,3.2,0.26,35.71,,,3.2
,,,,,,,,,2021,16,7216,True,,0.21,,2.25,,,
,,,,,,,,,2021,16,7891,True,,2.37,0.18,16.82,,,2.37
,,,,,,,,,2021,16,943,True,,1.86,0.16,21.95,,,1.86
,,,,,,,,,2021,16,2463,True,,0.18,0.01,1.49,,,0.18
0.06,,,,,,,,,2021,16,3214,True,,3.44,0.46,30.37,,0.06,3.44
,,,,,,,,,2021,16,3496,True,,1.15,,11.63,,,1.15
0.07,0.07,,,,,,,,2021,16,4066,True,,3.23,0.18,33.67,,,3.23
,,,,,,,,,2021,16,4443,True,,1.84,0.12,18.37,,,1.84
,,,,,,,,,2021,16,5001,True,,4.64,0.47,50.97,,0.06,4.64
0.02,,,,,,,,,2021,16,5009,True,,0.64,0.04,6.58,,,0.64
0.07,0.08,,,,,,,,2021,16,5022,True,,4.72,0.4,55.25,,,4.72
0.08,,,,,,,,,2021,16,515,True,,5.7,0.5,69.15,,0.08,5.7
0.02,,,,,,,,,2021,16,5878,True,,0.86,0.04,10.23,0.86,,
,,,,,,,,,2021,16,5985,True,,3.3,0.22,44.61,,,3.3
,,,,,,,,,2021,16,6865,True,,0.37,0.05,4.23,,,0.37
,,,,,,,,,2021,16,7308,True,,0.07,,0.67,,,0.07
0.06,,,,,,,,,2021,16,7553,True,,5.34,0.45,59.27,,,5.34
,,,,,,,,,2021,16,7716,True,,1.07,0.03,9.97,,,1.07
,,,,,,,,,2021,16,963,True,,0.29,,2.07,,,0.29
,0.0,,,,,,0.01,3.1,2021,16,2422,True,,1.56,0.02,8.45,,,1.56
,,,,,,,,,2021,16,2474,True,,0.64,0.03,4.94,,,0.64
0.03,,,,,,,,,2021,16,4144,True,,1.87,0.16,18.55,,,1.87
,,,,,,,,,2021,16,4531,True,,2.51,0.24,27.66,,,2.51
,,,,,,,,,2021,16,5032,True,,0.77,0.05,9.11,,,0.77
0.05,0.05,,,,,,,,2021,16,5857,True,,3.54,0.28,40.94,,0.05,3.54
0.08,,,,,,,,,2021,16,5906,True,,3.64,0.32,40.16,,,3.64
,,,,,,,,,2021,16,6018,True,,1.49,0.11,13.51,,,1.49
,,,,,,,,,2021,16,6040,True,,0.57,0.06,6.96,,,0.57
,,,,,,,,,2021,16,6075,True,,0.19,0.01,2.02,,,0.19
,,,,,,,,,2021,16,6081,True,,0.42,0.02,2.44,,,0.42
,,,,,,,,,2021,16,6089,True,,0.4,,3.67,,,0.4
,,,,,,,0.06,2.68,2021,16,7694,True,,1.08,0.11,14.0,,,1.08
,,,,,,,,,2021,16,7946,True,,1.46,0.12,10.8,,,1.46
0.06,,,,,,,,,2021,16,3271,True,,4.46,0.39,48.33,,,4.46
,,,,,,,,,2021,16,3695,True,,0.14,,1.17,,,0.14
,,,,,,,,,2021,16,4189,True,,0.88,0.06,8.76,,,0.88
,,,,,,,,,2021,16,4221,True,,0.08,,0.77,,,0.08
,,,,,,,,,2021,16,4468,True,,0.28,0.04,2.56,,,0.28
,,,,,,,,,2021,16,4995,True,,1.27,0.06,9.52,,,1.27
0.06,,,,,,,,,2021,16,5012,True,,4.52,0.48,57.43,,0.12,4.52
,,,,,,,,,2021,16,6964,True,,0.91,0.09,6.02,,,0.91
,,,,,,,,,2021,16,8041,True,,2.26,0.15,15.04,,,2.26
,,,,,,,,,2021,16,7535,True,,0.06,0.0,0.7,,,0.06
,,,,,,,,,2021,16,4085,True,,0.65,0.08,6.67,,,0.65
0.07,,,,,,,,,2021,16,4993,True,,4.43,0.35,51.03,,,4.43
,,,,,,,,,2021,16,5008,True,,1.63,0.08,15.31,,,1.63
,,,,,,,,,2021,16,3258,True,,3.1,0.12,20.04,,,3.1
0.3,0.18,0.06,0.58,1.87,245.93,,0.27,21.6,2021,17,1049,True,,,,,,,
0.33,0.2,0.13,0.78,2.2,280.36,0.08,0.12,17.35,2021,17,1234,True,,,,,,,
,0.18,,0.85,0.88,166.09,,0.02,3.58,2021,17,1559,True,,,,,,,
0.81,0.2,,0.91,1.19,175.87,,0.04,2.9,2021,17,5257,True,,,,,,,
0.41,0.19,0.06,0.72,1.8,280.7,,0.07,7.44,2021,17,2028,True,,,,,,,
0.13,0.23,,0.89,1.32,193.29,,0.12,17.14,2021,17,2711,True,,,,,,,
0.46,0.26,0.13,0.65,2.4,299.87,0.08,0.21,18.72,2021,17,3294,True,,,,,,,
0.35,0.17,0.12,0.77,2.49,326.15,0.05,0.14,18.04,2021,17,4046,True,,,,,,,
0.48,0.24,0.12,0.76,2.17,294.02,,0.26,20.74,2021,17,6797,True,,,,,,,
0.79,0.36,,0.62,1.4,219.19,,0.26,15.89,2021,17,7538,True,,,,,,,
0.13,0.33,,1.22,1.33,219.39,,0.6,60.93,2021,17,7610,True,,,,,,,
0.01,0.01,,,,,,0.03,3.78,2021,17,2307,True,,,,,,,
0.29,0.18,0.06,0.72,2.64,340.84,,0.04,3.73,2021,17,421,True,,,,,,,
0.74,0.2,,1.01,1.48,264.54,,0.08,13.09,2021,17,829,True,,,,,,,
0.33,0.19,0.13,0.47,2.5,311.98,,0.2,12.48,2021,17,96,True,,,,,,,
,0.28,,0.93,1.32,221.1,,0.06,-0.3,2021,17,2394,True,,,,,,,
0.4,0.23,0.06,0.85,1.18,226.43,,0.04,2.87,2021,17,24,True,,,,,,,
1.03,0.36,0.1,1.15,1.15,184.09,,0.28,15.58,2021,17,4943,True,,,,,,,
0.61,0.26,0.06,0.95,2.11,302.46,0.12,0.3,24.23,2021,17,5849,True,,,,,,,
0.31,0.23,0.08,0.69,1.13,185.08,,0.16,6.72,2021,17,5854,True,,,,,,,
0.56,0.13,0.07,0.67,2.38,266.38,,0.16,12.56,2021,17,6770,True,,,,,,,
0.34,0.17,0.06,0.53,1.41,223.5,0.05,0.48,53.85,2021,17,6904,True,,,,,,,
0.03,0.02,0.01,0.07,0.1,15.9,,0.3,11.06,2021,17,954,True,,,,,,,
0.54,0.3,0.12,0.78,2.37,285.0,0.08,0.26,38.64,2021,17,4984,True,,,,,,,
1.35,0.68,0.78,0.67,1.57,236.3,,0.24,37.0,2021,17,7083,True,,,,,,,
0.63,0.36,,0.88,0.84,192.56,,0.16,24.59,2021,17,7523,True,,,,,,,
0.57,0.27,,0.72,1.92,235.41,,0.07,10.17,2021,17,7527,True,,,,,,,
,,,0.87,1.53,225.34,,,3.88,2021,17,7585,True,,,,,,,
0.72,0.36,0.07,1.34,1.95,292.43,,0.18,14.12,2021,17,3161,True,,,,,,,
0.36,0.23,0.07,0.95,1.88,268.3,,0.16,15.7,2021,17,6768,True,,,,,,,
0.28,0.17,0.06,0.68,1.7,231.11,,0.05,5.76,2021,17,4892,True,,,,,,,
,,,,,,,,13.93,2021,17,2359,True,2.8,2.8,,17.72,,,
,,,,,,,0.27,47.65,2021,17,2382,True,1.01,1.01,0.05,8.06,,,
0.19,0.1,,,,,0.05,0.66,74.94,2021,17,3164,True,2.61,2.61,0.06,22.24,,,
,,,,,,,,5.56,2021,17,3594,True,,,,,,,
,0.05,,,,,,0.26,45.48,2021,17,4718,True,2.39,2.39,0.08,14.28,,,
0.21,0.09,,,,,,0.62,89.28,2021,17,4962,True,1.6,1.6,0.06,13.23,,,
,0.03,,,,,,0.2,35.9,2021,17,5284,True,1.09,1.09,0.02,9.24,,,
,,,,,,,0.23,30.55,2021,17,5536,True,2.41,2.41,0.09,14.56,,,
0.09,,,,,,,0.34,43.34,2021,17,5967,True,2.38,2.38,0.07,15.37,,,
,0.01,,,,,,0.35,30.72,2021,17,6753,True,1.6,1.6,0.04,11.24,,,
0.12,0.06,,,,,0.04,0.33,44.17,2021,17,6790,True,4.08,4.08,0.17,34.99,,,
0.05,,,,,,,0.11,17.42,2021,17,7045,True,0.58,0.58,,3.08,,,
,,,,,,,,4.66,2021,17,7551,True,,,,,,,
,,,,,,,0.34,43.79,2021,17,1387,True,1.68,1.68,0.07,13.13,,,
,,,,,,,0.22,41.54,2021,17,2168,True,2.06,2.06,0.1,15.93,,,
,,,,,,,,,2021,17,2399,True,,1.46,0.07,15.1,1.46,,
,,,,,,,,0.16,2021,17,2471,True,,0.17,,1.63,,,
,,,,,,,,2.84,2021,17,3803,True,,0.41,,1.83,,,
,,,,,,,,2.27,2021,17,3832,True,,0.56,0.06,4.61,,,
0.12,0.06,,,,,,0.74,81.53,2021,17,4018,True,2.1,2.1,0.07,16.7,,,
,,,,,,,0.03,2.37,2021,17,4651,True,0.16,0.16,,0.9,,,
0.17,0.05,,,,,0.05,0.28,55.5,2021,17,4866,True,2.18,2.18,0.09,12.71,,,
0.12,0.05,,,,,,0.17,42.44,2021,17,5122,True,1.5,1.5,0.06,11.43,,,
0.11,,,,,,,0.12,35.23,2021,17,5131,True,2.2,2.2,0.04,14.47,,,
,,,,,,,,2.52,2021,17,5271,True,,,,,,,
0.08,0.08,,,,,,0.19,20.67,2021,17,5347,True,3.51,3.51,0.18,26.59,,,
,,,,,,,0.05,6.87,2021,17,6002,True,0.32,0.32,,1.37,,,
,,,,,,,,4.07,2021,17,6951,True,0.06,0.06,,0.3,,,
0.02,0.02,,,,,,0.04,4.63,2021,17,7567,True,0.85,0.85,0.05,6.7,,,
0.09,0.05,,,,,,0.29,43.77,2021,17,7588,True,1.39,1.39,0.05,11.53,,,
0.01,0.0,,,,,,0.03,5.47,2021,17,7593,True,0.19,0.19,0.0,1.52,,,
0.2,0.1,,,,,,0.25,47.35,2021,17,1535,True,2.47,2.47,0.15,27.78,,,
,,,,,,,0.01,0.63,2021,17,2073,True,,0.59,0.04,3.3,,,
0.03,,,,,,,0.03,7.5,2021,17,2161,True,1.48,1.48,0.04,11.95,,,
0.09,0.02,,,,,,0.07,30.19,2021,17,3209,True,1.91,1.91,0.06,14.94,,,
,0.05,,,,,,0.48,52.53,2021,17,3306,True,0.88,0.88,0.01,4.92,,,
,,,,,,,0.41,48.92,2021,17,4111,True,0.82,0.82,0.07,5.65,,,
,,,,,,,0.11,14.5,2021,17,4147,True,1.7,1.7,,8.68,,,
,,,,,,,0.01,0.8,2021,17,5163,True,0.15,0.15,,1.1,,,
0.13,0.07,,,,,0.06,0.47,67.5,2021,17,5892,True,4.08,4.08,0.11,25.92,,,
,,,,,,,0.09,6.57,2021,17,6012,True,1.22,1.22,,5.35,,,
0.16,0.09,,,,,,0.3,65.09,2021,17,6130,True,3.23,3.23,0.1,25.27,,,
,,,,,,,,,2021,17,6202,True,,0.35,0.06,1.92,,,
,,,,,,,,,2021,17,6379,True,0.24,0.24,,1.95,,,
,,,,,,,0.48,73.78,2021,17,7561,True,1.23,1.23,0.05,10.2,,,
0.07,0.07,,,,,,0.24,37.16,2021,17,7594,True,0.8,0.8,,6.68,,,
,,,,,,,0.35,47.4,2021,17,7611,True,2.61,2.61,,14.36,,,
0.11,,,,,,,0.1,7.64,2021,17,1034,True,4.09,4.09,0.15,32.89,,0.13,
0.08,0.08,,,,,,0.26,36.26,2021,17,1476,True,1.04,1.04,0.05,6.61,,,
0.04,,,,,,,0.05,10.38,2021,17,1833,True,0.79,0.79,0.02,6.0,,,
0.07,0.04,,,,,,0.13,20.11,2021,17,2431,True,1.89,1.89,0.04,15.54,,,
,0.05,,,,,,0.14,25.17,2021,17,3312,True,1.86,1.86,0.04,15.0,,,
,,,,,,,,2.14,2021,17,3391,True,,,,,,,
,,,,,,,0.08,7.97,2021,17,3868,True,2.02,2.02,0.11,18.51,,,
0.11,0.05,,,,,0.06,0.56,53.04,2021,17,4199,True,3.68,3.68,0.15,32.78,,,
0.14,0.06,,,,,,0.47,56.45,2021,17,4663,True,4.74,4.74,0.15,40.21,,0.05,
0.14,0.07,,,,,0.06,0.62,63.66,2021,17,5850,True,3.08,3.08,0.1,25.84,,,
0.1,0.05,,,,,,0.51,63.2,2021,17,5890,True,0.81,0.81,,6.27,,,
0.12,0.06,,,,,,0.1,23.1,2021,17,6039,True,1.92,1.92,0.06,11.7,,,
0.2,0.07,,,,,0.08,1.0,100.08,2021,17,6813,True,2.93,2.93,0.12,25.98,,,
0.11,0.06,,,,,,0.38,54.18,2021,17,6828,True,1.42,1.42,0.05,14.05,,,
0.04,0.04,,,,,,0.09,15.77,2021,17,6984,True,0.28,0.28,0.04,1.48,,,
0.0,0.0,,,,,,0.01,1.28,2021,17,7098,True,,,,,,,
,,,,,,,,5.17,2021,17,7466,True,0.15,0.15,,0.69,,,
,0.04,,,,,,0.31,57.66,2021,17,7537,True,1.2,1.2,0.03,9.0,,,
,,,,,,,0.01,1.78,2021,17,7794,True,0.75,0.75,0.03,6.21,,,
,,,,,,,0.15,5.29,2021,17,1379,True,,2.16,0.09,21.4,,,
0.26,0.13,,,,,0.11,0.74,84.92,2021,17,4029,True,2.47,2.47,0.09,21.0,,,
0.14,0.07,,,,,,0.12,38.8,2021,17,5000,True,3.82,3.82,0.19,32.71,,,
,,,,,,,0.03,7.74,2021,17,5046,True,0.41,0.41,0.01,3.19,,,
0.31,0.15,,,,,,0.58,70.1,2021,17,5052,True,3.0,3.0,0.1,13.01,,,
0.08,0.04,,,,,,0.12,26.53,2021,17,5170,True,0.67,0.67,,4.92,,,
,,,,,,,0.02,3.82,2021,17,5209,True,0.3,0.3,,2.41,,,
0.06,0.03,,,,,,0.13,15.89,2021,17,5980,True,2.29,2.29,0.06,18.6,,,
0.04,0.02,,,,,,0.14,14.99,2021,17,6845,True,0.94,0.94,0.04,8.15,,,
,,,,,,,0.01,4.82,2021,17,6996,True,1.86,1.86,,13.65,,,
0.14,0.05,,,,,,0.35,44.83,2021,17,7607,True,3.97,3.97,0.09,32.54,,,
,,,,,,,0.08,10.61,2021,17,7608,True,0.07,0.07,,0.56,,,
,,,,,,,0.07,8.33,2021,17,7720,True,0.07,0.07,,0.68,,0.04,
0.13,0.06,,,,,,0.3,54.98,2021,17,2320,True,1.39,1.39,0.05,7.6,,,
0.16,0.1,,,,,0.1,0.6,85.21,2021,17,4035,True,4.18,4.18,0.15,36.51,,0.05,
0.11,0.06,,,,,,0.14,25.45,2021,17,4149,True,1.43,1.43,0.04,12.0,,,
,,,,,,,,,2021,17,4353,True,,0.52,,2.6,,,
0.13,,,,,,,0.5,74.33,2021,17,4985,True,1.26,1.26,0.01,10.7,,,
0.1,,,,,,,0.22,53.23,2021,17,5549,True,2.83,2.83,0.11,16.15,,,
0.06,,,,,,,0.15,21.68,2021,17,5987,True,1.05,1.05,0.04,6.74,,,
,,,,,,,0.1,19.18,2021,17,6659,True,0.11,0.11,,0.69,,,
,,,,,,,0.2,22.0,2021,17,6885,True,0.55,0.55,0.04,6.0,,,
,,,,,,,0.05,7.16,2021,17,6931,True,1.24,1.24,0.06,11.23,,,
,,,,,,,,2.13,2021,17,6963,True,,,,,,,
,,,,,,,,1.24,2021,17,7087,True,,,,,,,
,,,,,,,0.08,0.4,2021,17,7204,True,,0.29,,2.74,,,
,0.0,,,,,,0.08,11.38,2021,17,7771,True,0.91,0.91,0.01,7.73,,,
0.02,,,,,,,0.02,3.49,2021,17,4994,True,0.07,0.07,,0.49,,,
0.29,0.14,,,,,,0.6,89.38,2021,17,7528,True,3.33,3.33,0.11,23.84,,,
,,,,,,,0.1,0.48,2021,17,3332,True,,0.23,,1.45,,,
,,,,,,,0.1,12.33,2021,17,6694,True,0.24,0.24,,1.11,,,
0.11,0.06,,,,,0.06,0.69,83.05,2021,17,4988,True,0.87,0.87,0.03,7.6,,,
,,,,,,,0.01,1.66,2021,17,6156,True,,,,,,,
,,,,,,,,1.46,2021,17,7609,True,1.42,1.42,0.05,13.58,,,
0.03,0.03,,,,,,,,2021,17,1110,True,,2.24,0.16,28.17,2.24,,
0.05,0.05,,,,,,,,2021,17,2078,True,,4.04,0.37,58.88,4.04,,
0.07,0.07,,,,,,,,2021,17,2319,True,,3.85,0.37,49.44,3.85,,
0.1,,,,,,,,0.54,2021,17,2673,True,,1.58,0.1,18.89,1.58,,
,,,,,,,,,2021,17,2750,True,,1.3,0.12,16.48,1.3,,
0.1,0.05,,,,,,,0.88,2021,17,3423,True,,3.39,0.25,45.98,3.39,,
,,,,,,,,,2021,17,3433,True,,0.26,0.03,3.01,0.26,,
0.07,0.07,,,,,,,,2021,17,4131,True,,4.16,0.35,57.06,4.16,0.07,
,,,,,,,,,2021,17,4252,True,,0.93,0.06,10.74,0.93,,
0.12,0.06,,,,,,0.34,22.4,2021,17,5872,True,,5.4,0.45,65.62,5.4,0.06,
,,,,,,,,,2021,17,6395,True,,1.92,0.06,23.34,1.92,,
,,,,,,,,,2021,17,6453,True,,0.65,0.06,4.04,0.65,,
,,,,,,,,,2021,17,6588,True,,1.98,0.08,18.89,1.98,,
,,,,,,,,1.36,2021,17,6699,True,,0.27,0.04,3.41,0.27,,
0.05,,,,,,,,3.22,2021,17,6847,True,,1.65,0.14,21.14,1.65,,
0.03,0.03,,,,,,,,2021,17,6849,True,,1.68,0.12,19.54,1.68,,
0.08,,,,,,,,,2021,17,6870,True,,2.36,0.22,26.97,2.36,,
,,,,,,,,,2021,17,7210,True,,4.29,0.2,40.04,4.29,,
0.02,0.02,,,,,,,,2021,17,7565,True,,1.06,0.1,14.89,1.06,,
,,,,,,,,,2021,17,7569,True,,2.17,0.15,27.41,2.17,,
0.0,,,,,,,,,2021,17,7603,True,,0.1,0.01,1.11,0.1,,
0.09,,,,,,,,,2021,17,830,True,,4.53,0.36,55.12,4.53,,
,,,,,,,,,2021,17,1346,True,,1.53,0.09,22.52,1.53,,
,,,,,,,,,2021,17,1555,True,,1.54,0.1,21.62,1.54,,
0.12,,,,,,,,,2021,17,1817,True,,2.51,0.16,27.82,2.51,,
0.05,,,,,,,,1.21,2021,17,3342,True,,2.22,0.15,25.55,2.22,,
,,,,,,,,,2021,17,4080,True,,3.46,0.24,36.03,3.46,,
,,,,,,,,,2021,17,4146,True,,1.62,0.09,19.23,1.62,,
,,,,,,,,,2021,17,4177,True,,0.87,,8.91,0.87,,
0.1,,,,,,,,,2021,17,4454,True,,3.29,0.12,39.56,3.29,,
,,,,,,,,,2021,17,4878,True,,1.8,,19.8,1.8,,
0.07,,,,,,,,1.73,2021,17,5086,True,,3.91,0.45,63.38,3.91,,
0.09,0.05,,,,,,,,2021,17,5846,True,,4.78,0.57,78.3,4.78,0.05,
0.03,0.03,,,,,,,,2021,17,5917,True,,2.17,0.19,31.44,2.17,,
,,,,,,,,,2021,17,5938,True,,2.43,0.2,22.59,2.43,,
,,,,,,,,,2021,17,6165,True,,2.04,0.11,21.26,2.04,,
,,,,,,,,8.04,2021,17,6234,True,,4.06,0.24,47.49,4.06,,
0.03,,,,,,,,,2021,17,6421,True,,1.48,0.13,22.65,1.48,,
0.01,,,,,,,,,2021,17,6744,True,,0.34,0.01,3.98,0.34,,
,,,,,,,,,2021,17,6927,True,,2.84,0.14,35.12,2.84,,
0.06,0.06,,,,,,,2.23,2021,17,7090,True,,4.72,0.32,53.16,4.72,,
,,,,,,,,4.87,2021,17,7135,True,,1.8,0.22,21.11,1.8,,
,,,,,,,,1.44,2021,17,7612,True,,0.83,0.06,11.55,0.83,,
0.06,0.05,,,,,,,,2021,17,1144,True,,4.56,0.28,55.39,4.56,,
0.12,0.06,,,,,,,,2021,17,1479,True,,7.09,0.47,80.64,7.09,,
0.14,0.07,,,,,,,,2021,17,2133,True,,8.4,1.07,100.97,8.4,0.14,
0.11,0.06,,,,,,,1.4,2021,17,2309,True,,6.03,0.44,78.0,6.03,0.06,
0.07,,,,,,,,1.14,2021,17,2331,True,,1.98,0.25,29.51,1.98,,
0.04,,,,,,,,,2021,17,2381,True,,0.92,0.03,10.86,0.92,,
0.11,0.05,,,,,,0.06,5.54,2021,17,3321,True,,5.48,0.64,85.54,5.48,0.05,
0.08,0.08,,,,,,,0.82,2021,17,4950,True,,4.42,0.45,54.4,4.42,,
,,,,,,,,,2021,17,5154,True,,1.64,0.06,18.07,1.64,,
,,,,,,,,,2021,17,5199,True,,2.71,0.13,28.7,2.71,,
,,,,,,,,,2021,17,5902,True,,0.66,0.02,7.4,0.66,,
,,,,,,,,,2021,17,6247,True,,0.72,,9.39,0.72,,
0.02,,,,,,,,,2021,17,6290,True,,0.89,0.06,12.51,0.89,,
0.13,0.06,,,,,,,2.75,2021,17,6801,True,,5.05,0.57,66.62,5.05,0.13,
0.1,,,,,,,,7.7,2021,17,7547,True,,4.98,0.4,70.31,4.98,,
,,,,,,,,,2021,17,7729,True,,0.93,0.06,11.55,0.93,,
,,,,,,,,,2021,17,7793,True,,0.63,0.07,7.67,0.63,,
,,,,,,,,2.15,2021,17,1567,True,,0.77,0.04,6.83,0.77,,
,,,,,,,,,2021,17,2821,True,,0.16,0.01,2.02,0.16,,
,,,,,,,,,2021,17,3155,True,,3.05,0.15,37.0,3.05,,
0.1,0.05,,,,,,,1.85,2021,17,3225,True,,4.66,0.25,50.03,4.66,,
,,,,,,,,,2021,17,3286,True,,2.43,0.16,28.41,2.43,,
,,,,,,,,,2021,17,3652,True,,0.46,0.04,4.91,0.46,,
0.06,0.06,,,,,,,,2021,17,4068,True,,4.93,0.49,68.46,4.93,0.06,
0.14,,,,,,,,,2021,17,4319,True,,2.9,0.27,37.8,2.9,,
0.12,0.06,,,,,,,2.17,2021,17,4983,True,,4.34,0.33,56.79,4.34,,
,,,,,,,,,2021,17,5113,True,,1.29,0.12,15.25,1.29,,
0.09,,,,,,,,,2021,17,5185,True,,3.71,0.41,48.58,3.71,,
,,,,,,,,,2021,17,5323,True,,1.2,0.07,14.57,1.2,,
0.11,0.06,,,,,,,,2021,17,5859,True,,5.37,0.63,83.33,5.37,0.06,
0.12,0.06,,,,,,,,2021,17,6786,True,,6.23,0.51,81.94,6.23,0.12,
0.06,0.06,,,,,,,0.98,2021,17,6853,True,,4.2,0.33,51.73,4.2,,
,,,,,,,,,2021,17,7049,True,,1.14,0.08,11.02,1.14,,
,,,,,,,,,2021,17,7496,True,,2.81,0.28,33.89,2.81,,
0.06,0.06,,,,,,,,2021,17,7525,True,,5.06,0.47,69.45,5.06,,
0.08,0.09,,,,,,,,2021,17,7526,True,,5.32,0.44,75.34,5.32,,
0.06,0.06,,,,,,,,2021,17,7564,True,,5.05,0.54,69.81,5.05,,
0.13,,,,,,,,,2021,17,7571,True,,3.08,0.25,41.37,3.08,,
0.02,,,,,,,,,2021,17,7587,True,,0.41,0.04,5.63,0.41,,
0.02,,,,,,,,,2021,17,7595,True,,0.83,0.07,11.91,0.83,,
,,,,,,,,,2021,17,7757,True,,1.44,0.1,20.39,1.44,,
0.05,0.05,,,,,,,,2021,17,1067,True,,3.09,0.28,40.96,3.09,0.05,
0.16,0.08,,,,,,,,2021,17,2197,True,,4.92,0.3,64.92,4.92,,
0.12,0.06,,,,,,,,2021,17,2449,True,,7.98,0.63,95.69,7.98,0.06,
,,,,,,,,,2021,17,3582,True,,1.61,0.05,15.18,1.61,,
0.19,0.1,,,,,,,4.13,2021,17,4039,True,,9.21,0.97,113.21,9.21,,
,,,,,,,,2.54,2021,17,4050,True,,0.89,0.13,21.37,0.89,,
,,,,,,,,,2021,17,4197,True,,2.3,0.1,24.75,2.3,,
0.07,0.08,,,,,,,0.48,2021,17,5110,True,,3.86,0.24,43.57,3.86,,
0.02,0.02,,,,,,,0.33,2021,17,5432,True,,0.94,0.08,11.44,0.94,,
,,,,,,,,,2021,17,5773,True,,1.71,0.18,17.34,1.71,,
,0.01,,,,,,0.0,2.68,2021,17,5828,True,,3.41,0.11,35.03,3.41,,
0.12,0.06,,,,,,,,2021,17,5927,True,,5.73,0.44,66.82,5.73,0.06,
,,,,,,,,0.18,2021,17,6063,True,,0.4,0.03,5.53,0.4,,
,,,,,,,,,2021,17,6154,True,,1.18,0.08,12.33,1.18,,
0.05,,,,,,,,,2021,17,6271,True,,2.32,0.11,27.99,2.32,,
,,,,,,,,,2021,17,6427,True,,1.31,0.07,13.24,1.31,,
0.15,0.07,,,,,,0.01,0.81,2021,17,6794,True,,6.38,0.61,85.38,6.38,0.15,
0.04,0.04,,,,,,,1.32,2021,17,6798,True,,2.5,0.15,33.46,2.5,,
0.05,0.05,,,,,,0.04,4.75,2021,17,6814,True,,2.65,0.18,30.27,2.65,,
0.04,0.04,,,,,,,,2021,17,6943,True,,2.96,0.23,40.22,2.96,,
0.06,,,,,,,,,2021,17,6960,True,,2.72,0.22,40.56,2.72,,
,,,,,,,,,2021,17,7066,True,,4.2,0.25,45.44,4.2,,
,,,,,,,,,2021,17,7559,True,,0.95,0.1,11.95,0.95,,
,,,,,,,,,2021,17,1077,True,,0.61,0.06,8.88,0.61,,
,,,,,,,,,2021,17,1244,True,,1.62,0.05,16.19,1.62,,
,,,,,,,,,2021,17,147,True,,1.9,0.17,28.55,1.9,,
0.07,0.04,,,,,,,,2021,17,1992,True,,3.49,0.26,48.84,3.49,0.04,
,,,,,,,,,2021,17,2025,True,,2.29,0.11,22.98,2.29,,
0.08,0.04,,,,,,,,2021,17,2216,True,,3.85,0.46,53.97,3.85,0.08,
0.11,0.06,,,,,,,,2021,17,2374,True,,6.19,0.5,71.96,6.19,,
,,,,,,,,,2021,17,2822,True,,3.12,0.14,33.62,3.12,,
,,,,,,,,,2021,17,4491,True,,0.23,0.02,2.65,0.23,,
0.06,,,,,,,,0.26,2021,17,4622,True,,2.63,0.16,33.21,2.63,,
0.06,0.06,,,,,,,,2021,17,5038,True,,4.43,0.35,59.99,4.43,,
0.12,0.06,,,,,,,,2021,17,5045,True,,4.53,0.38,60.18,4.53,0.06,
,,,,,,,,,2021,17,5121,True,,4.87,0.24,50.72,4.87,,
,,,,,,,,,2021,17,5241,True,,0.97,0.07,10.87,0.97,,
0.06,0.06,,,,,,,,2021,17,5848,True,,5.21,0.41,61.58,5.21,,
,,,,,,,,,2021,17,5915,True,,0.26,0.01,3.18,0.26,,
0.08,0.07,,,,,,,1.74,2021,17,5947,True,,6.87,0.17,65.16,6.87,,
0.09,0.09,,,,,,,,2021,17,5955,True,,5.36,0.25,62.37,5.36,,
0.08,,,,,,,,,2021,17,6059,True,,1.68,0.15,21.62,1.68,,
,,,,,,,,,2021,17,6069,True,,0.24,,1.53,0.24,,
,,,,,,,,,2021,17,627,True,,0.05,,0.6,0.05,,
,,,,,,,,,2021,17,6557,True,,0.74,0.04,7.08,0.74,,
0.1,0.05,,,,,,0.06,6.73,2021,17,6803,True,,5.42,0.38,68.54,5.42,0.05,
0.06,0.06,,,,,,,3.16,2021,17,6819,True,,5.51,0.44,74.58,5.51,0.06,
,,,,,,,,,2021,17,6989,True,,4.17,0.36,49.18,4.17,,
,,,,,,,,,2021,17,7530,True,,0.27,0.02,3.54,0.27,,
,,,,,,,,,2021,17,7534,True,,0.5,0.02,6.36,0.5,,
0.01,,,,,,,,,2021,17,7540,True,,0.37,0.04,4.8,0.37,,
,,,,,,,,,2021,17,7670,True,,1.09,0.07,13.78,1.09,,
,,,,,,,,,2021,17,7751,True,,0.38,0.03,4.25,0.38,,
0.02,,,,,,,,,2021,17,3328,True,,0.97,0.06,12.58,0.97,,
0.06,0.06,,,,,,0.06,1.88,2021,17,6886,True,,4.07,0.49,59.33,4.07,,
,,,,,,,,,2021,17,7039,True,,0.64,0.06,5.5,0.64,,
0.07,,,,,,,,,2021,17,5024,True,,2.67,0.2,34.97,2.67,,
0.13,0.06,,,,,,,3.79,2021,17,5937,True,,6.29,0.45,74.91,6.29,,
0.05,,,,,,,,,2021,17,6824,True,,2.75,0.23,36.25,2.75,,
0.11,0.05,,,,,,,,2021,17,1825,True,,4.6,0.26,52.72,4.6,,
0.1,0.05,,,,,,,1.56,2021,17,5096,True,,1.41,0.1,10.82,1.41,,
,,,,,,,,,2021,17,7533,True,,0.9,0.08,14.51,0.9,,
0.06,,,,,,,,,2021,17,1466,True,,7.02,0.57,88.1,,0.12,7.02
,,,,,,,,,2021,17,2422,True,,0.69,,3.73,,,0.69
0.06,,,,,,,,,2021,17,3271,True,,4.56,0.33,49.34,,,4.56
,,,,,,,,,2021,17,3496,True,,2.98,0.16,30.29,,,2.98
0.02,,,,,,,,,2021,17,4435,True,,1.16,0.07,12.15,,,1.16
0.06,,,,,,,,,2021,17,515,True,,4.82,0.65,60.95,,0.06,4.82
,,,,,,,,,2021,17,6865,True,,0.39,0.06,4.44,,,0.39
,,,,,,,,,2021,17,7002,True,,0.84,0.09,9.12,,,0.84
0.06,,,,,,,,,2021,17,7553,True,,4.15,0.36,58.09,,,4.15
,,,,,,,,,2021,17,7554,True,,1.6,0.09,19.16,,,1.6
,,,,,,,,,2021,17,7602,True,,1.26,0.08,13.4,,,1.26
,,,,,,,,,2021,17,963,True,,0.24,,1.73,,,0.24
,,,,,,,,,2021,17,111,True,,1.36,0.09,12.75,,,1.36
0.07,0.07,,,,,,,,2021,17,1339,True,,4.44,0.39,45.93,,,4.44
,,,,,,,,,2021,17,2446,True,,0.97,0.06,8.33,,,0.97
0.01,,,,,,,,,2021,17,4055,True,,0.64,0.05,7.32,,,0.64
0.03,,,,,,,,,2021,17,4144,True,,2.07,0.19,20.53,,,2.07
,,,,,,,,,2021,17,4189,True,,0.82,0.06,8.12,,,0.82
0.23,0.24,,0.89,1.22,204.56,,0.5,60.82,2021,17,4381,True,,,,,,,
0.06,0.06,,,,,,,,2021,17,5857,True,,3.89,0.31,44.96,,0.06,3.89
,,,,,,,,,2021,17,6040,True,,0.56,0.06,6.79,,,0.56
0.06,,,,,,,,,2021,17,6826,True,,3.82,0.19,40.03,,,3.82
,,,,,,,,,2021,17,6964,True,,0.9,0.09,5.95,,,0.9
,,,,,,,,,2021,17,3048,True,,0.48,0.04,4.87,,,0.48
,,,,,,,,,2021,17,4054,True,,1.78,0.16,22.84,,,1.78
,,,,,,,,,2021,17,4085,True,,0.61,0.08,6.34,,,0.61
0.05,,,,,,,,,2021,17,4089,True,,3.58,0.28,37.08,,,3.58
0.06,,,,,,,,,2021,17,4217,True,,6.6,0.6,89.02,,0.06,6.6
0.07,,,,,,,,,2021,17,4993,True,,4.21,0.33,48.45,,,4.21
,,,,,,,,,2021,17,5001,True,,4.91,0.5,53.98,,0.06,4.91
,,,,,,,,,2021,17,5008,True,,1.55,0.08,14.54,,,1.55
0.08,,,,,,,,,2021,17,5012,True,,5.79,0.61,73.58,,0.16,5.79
0.07,0.07,,,,,,,,2021,17,5022,True,,4.44,0.37,51.89,,,4.44
,,,,,,,,,2021,17,6081,True,,0.43,,2.47,,,0.43
,,,,,,,,,2021,17,6089,True,,0.37,,3.38,,,0.37
,,,,,,,,,2021,17,6834,True,,1.91,0.07,17.41,,,1.91
,,,,,,,,1.9,2021,17,7050,True,,2.31,0.14,28.44,,,2.31
,,,,,,,,,2021,17,7308,True,,0.06,,0.62,,,0.06
,,,,,,,,,2021,17,7597,True,,1.26,0.16,15.46,,,1.26
,,,,,,,,,2021,17,7828,True,,0.58,,5.4,,,0.58
,,,,,,,,,2021,17,7946,True,,1.42,0.12,10.53,,,1.42
,,,,,,,,,2021,17,2460,True,,3.26,0.27,36.23,,,3.26
,,,,,,,,,2021,17,2474,True,,1.08,0.05,8.27,,,1.08
0.06,,,,,,,,,2021,17,3214,True,,4.17,0.56,36.76,,0.06,4.17
,,,,,,,,,2021,17,4323,True,,0.41,0.06,4.01,,,0.41
,,,,,,,,,2021,17,4531,True,,2.62,0.18,24.82,,,2.62
,,,,,,,,,2021,17,5285,True,,0.86,0.07,10.15,,,0.86
,,,,,,,,,2021,17,5985,True,,2.5,0.34,33.81,,,2.5
,,,,,,,,,2021,17,6001,True,,0.53,,4.91,,,0.53
0.05,0.05,,,,,,,,2021,17,616,True,,1.67,0.24,16.3,,,1.67
,,,,,,,,,2021,17,6869,True,,2.89,0.23,29.52,,,2.89
,,,,,,,,,2021,17,7075,True,,0.35,,3.59,,,0.35
,,,,,,,,,2021,17,7716,True,,1.49,0.18,25.94,,,1.49
0.06,,,,,,,,,2021,17,1706,True,,3.58,0.21,34.34,,,3.58
,,,,,,,,,2021,17,2463,True,,0.22,0.02,1.74,,,0.22
0.07,0.07,,,,,,,,2021,17,4066,True,,3.46,0.19,36.1,,,3.46
,,,,,,,,,2021,17,4443,True,,1.57,0.1,15.62,,,1.57
,,,,,,,,,2021,17,4995,True,,2.26,0.1,16.92,,,2.26
,,,,,,,,,2021,17,5010,True,,1.8,0.07,17.67,,,1.8
,,,,,,,,,2021,17,5863,True,,0.14,0.02,1.69,0.14,,
,,,,,,,,,2021,17,5973,True,,0.58,0.03,6.41,,,0.58
,,,,,,,,,2021,17,6843,True,,2.26,0.18,25.24,,,2.26
,,,,,,,,,2021,17,7568,True,,1.97,0.18,21.02,,,1.97
,,,,,,,,,2021,17,943,True,,1.85,0.15,21.83,,,1.85
,,,,,,,,,2021,17,2214,True,,3.08,0.27,32.29,,,3.08
,,,,,,,,,2021,17,2545,True,,2.93,0.23,26.23,,,2.93
,,,,,,,,,2021,17,4221,True,,0.08,,0.76,,,0.08
,,,,,,,,,2021,17,4362,True,,0.3,,3.18,,,0.3
0.02,,,,,,,,,2021,17,5009,True,,0.53,0.03,5.48,,,0.53
,,,,,,,,,2021,17,5032,True,,0.54,0.03,6.39,,,0.54
,,,,,,,,,2021,17,5133,True,,2.66,0.22,29.74,,,2.66
0.07,,,,,,,,,2021,17,5906,True,,4.08,0.36,45.0,,,4.08
,,,,,,,,,2021,17,7216,True,,0.19,,2.04,,,
,,,,,,,,,2021,17,7502,True,,0.58,0.1,7.06,,,0.58
,,,,,,,,,2021,17,7842,True,,1.54,0.1,14.1,,,1.54
,,,,,,,,,2021,17,6850,True,,1.21,0.1,12.45,,,1.21
,,,,,,,,,2021,17,4033,True,,2.06,0.21,23.98,,,2.06
,,,,,,,,,2021,17,6018,True,,0.43,0.03,3.92,,,0.43
,,,,,,,,,2021,17,5171,True,,0.66,,4.81,,,0.66
,,,,,,,,,2021,17,7600,True,,3.57,0.32,40.94,,,3.57
0.05,0.05,,,,,,,,2021,17,3202,True,,2.71,0.25,27.64,,,2.71
0.15,0.12,,0.86,1.68,197.04,,0.1,12.0,2021,18,6011,True,,,,,,,
0.35,0.18,0.12,0.78,2.45,308.93,0.05,0.14,23.37,2021,18,4046,True,,,,,,,
0.43,0.25,0.12,0.61,2.16,265.4,0.06,0.25,14.93,2021,18,3294,True,,,,,,,
0.34,0.25,0.08,0.74,1.18,192.62,,0.22,9.23,2021,18,5854,True,,,,,,,
0.7,0.35,0.07,1.29,1.93,274.06,,0.18,13.74,2021,18,3161,True,,,,,,,
,0.15,,0.94,1.28,202.7,,0.03,4.97,2021,18,3357,True,,,,,,,
0.29,0.18,0.06,0.72,2.5,289.54,,0.04,3.7,2021,18,421,True,,,,,,,
0.63,0.32,0.06,0.88,1.97,287.69,0.14,0.34,27.19,2021,18,5849,True,,,,,,,
0.35,0.2,0.07,0.83,1.68,238.29,,0.16,15.7,2021,18,6768,True,,,,,,,
0.79,0.36,,0.95,1.17,189.96,,0.22,13.77,2021,18,7538,True,,,,,,,
0.0,0.01,,0.01,0.01,1.27,,0.08,6.26,2021,18,7610,True,,,,,,,
0.74,0.22,,1.05,1.44,245.85,,0.11,12.17,2021,18,829,True,,,,,,,
0.17,0.11,0.07,0.24,1.37,157.31,,0.16,6.44,2021,18,96,True,,,,,,,
0.01,0.01,,,,,,0.04,4.29,2021,18,2307,True,,,,,,,
0.53,0.26,,0.81,0.99,239.46,,0.15,16.07,2021,18,7523,True,,,,,,,
,,,1.07,0.95,220.33,,,4.58,2021,18,7585,True,,,,,,,
0.47,0.23,0.12,0.81,1.99,275.2,,0.07,9.51,2021,18,1166,True,,,,,,,
1.27,0.3,0.72,0.72,1.35,216.83,,0.27,37.06,2021,18,7083,True,,,,,,,
0.4,0.23,0.06,0.61,1.51,302.41,,0.08,8.44,2021,18,2028,True,,,,,,,
1.12,0.56,0.11,1.24,0.65,185.08,,0.42,15.66,2021,18,4943,True,,,,,,,
0.54,0.29,0.12,0.76,2.2,280.41,0.08,0.45,37.07,2021,18,4984,True,,,,,,,
,0.14,,0.35,0.53,94.56,,0.11,13.2,2021,18,6804,True,,,,,,,
0.71,0.24,0.24,0.84,0.84,185.2,,0.05,5.19,2021,18,6822,True,,,,,,,
0.01,0.01,0.0,0.02,0.02,3.67,,0.15,6.69,2021,18,954,True,,,,,,,
0.29,0.18,0.06,0.58,1.7,250.8,,0.3,19.14,2021,18,1049,True,,,,,,,
,0.15,,1.23,1.51,248.66,,0.02,7.55,2021,18,1737,True,,,,,,,
0.43,0.25,0.08,0.91,1.83,262.82,,0.2,7.59,2021,18,1837,True,,,,,,,
0.39,0.22,0.06,0.73,1.22,244.73,,0.04,3.24,2021,18,24,True,,,,,,,
0.14,0.22,,1.01,1.44,219.61,,0.1,18.07,2021,18,2711,True,,,,,,,
0.49,0.19,0.12,0.78,2.08,290.78,,0.21,20.07,2021,18,6797,True,,,,,,,
0.31,0.18,0.12,0.73,2.03,261.3,0.07,0.13,17.4,2021,18,1234,True,,,,,,,
0.32,0.24,0.06,0.87,1.66,240.3,,0.1,3.29,2021,18,3163,True,,,,,,,
0.56,0.28,,0.73,1.71,271.79,,0.04,4.56,2021,18,7527,True,,,,,,,
0.18,0.09,,,,,0.05,0.55,62.7,2021,18,3164,True,2.43,2.43,0.05,20.76,,,
0.02,,,,,,,0.02,3.0,2021,18,2161,True,0.74,0.74,0.02,6.03,,,
,0.01,,,,,,0.2,26.73,2021,18,6753,True,0.98,0.98,0.01,6.89,,,
,,,,,,,0.01,1.6,2021,18,2471,True,,0.26,0.01,2.47,,,
,,,,,,,0.02,3.79,2021,18,5209,True,0.3,0.3,,2.39,,,
,,,,,,,,23.04,2021,18,7107,True,1.92,1.92,,8.64,,,
,0.02,,,,,,0.29,41.75,2021,18,4651,True,1.33,1.33,0.02,7.69,,,
0.13,0.06,,,,,,0.29,54.44,2021,18,2320,True,1.38,1.38,0.05,7.52,,,
0.11,,,,,,,0.44,62.36,2021,18,5549,True,2.71,2.71,0.12,21.24,,,
0.13,0.14,,,,,,0.31,40.89,2021,18,7567,True,3.83,3.83,0.2,30.35,,,
0.1,0.05,,,,,,0.29,43.34,2021,18,7588,True,1.88,1.88,0.06,15.54,,,
,,,,,,,0.28,52.88,2021,18,2168,True,2.24,2.24,0.11,17.33,,,
0.07,0.04,,,,,,0.15,22.74,2021,18,2431,True,2.13,2.13,0.05,17.58,,,
0.28,0.14,,,,,0.16,0.93,106.06,2021,18,4029,True,3.13,3.13,0.11,26.65,,,
,,,,,,,0.05,14.8,2021,18,4455,True,1.19,1.19,,8.13,,,
,,,,,,,,2.5,2021,18,5271,True,,,,,,,
0.15,0.07,,,,,,0.27,58.01,2021,18,6130,True,2.6,2.6,0.07,20.35,,,
0.01,0.01,,,,,,0.02,3.53,2021,18,6984,True,0.14,0.14,,0.7,,,
,,,,,,,0.04,9.97,2021,18,7087,True,0.4,0.4,0.01,4.1,,,
0.07,0.07,,,,,,0.25,37.77,2021,18,7594,True,0.82,0.82,,6.79,,,
0.11,,,,,,,0.09,6.66,2021,18,1034,True,3.57,3.57,0.13,28.66,,0.13,
0.08,0.08,,,,,,0.28,39.44,2021,18,1476,True,1.13,1.13,0.05,7.19,,,
0.16,0.09,,,,,,0.23,50.98,2021,18,1535,True,2.33,2.33,0.19,26.19,,,
0.04,,,,,,,0.04,9.65,2021,18,1833,True,0.74,0.74,0.02,5.57,,,
,,,,,,,0.1,0.52,2021,18,3332,True,,0.24,,1.57,,,
,,,,,,,,2.88,2021,18,3832,True,,0.7,0.07,5.85,,,
0.1,0.05,,,,,0.06,0.69,81.61,2021,18,4988,True,0.94,0.94,0.03,8.22,,,
0.12,0.06,,,,,,0.52,65.35,2021,18,5890,True,0.7,0.7,,5.46,,,
0.11,0.06,,,,,0.05,0.31,46.31,2021,18,6790,True,3.83,3.83,0.16,30.85,,,
0.24,0.07,,,,,0.09,1.17,117.03,2021,18,6813,True,2.85,2.85,0.12,25.28,,,
,,,,,,,0.41,48.01,2021,18,6885,True,2.3,2.3,0.09,17.0,,,
0.11,0.06,,,,,0.05,0.48,53.4,2021,18,6945,True,2.37,2.37,0.05,18.78,,,
,,,,,,,0.01,3.75,2021,18,6996,True,1.45,1.45,,10.61,,,
,,,,,,,0.08,0.39,2021,18,7204,True,,0.28,,2.66,,,
0.12,,,,,,,0.34,50.72,2021,18,7607,True,2.18,2.18,0.09,17.85,,,
,,,,,,,0.11,4.11,2021,18,1379,True,,1.68,0.07,16.63,,,
,,,,,,,,14.16,2021,18,2359,True,2.84,2.84,,18.01,,,
,,,,,,,0.27,47.65,2021,18,2382,True,1.07,1.07,0.05,8.59,,,
,,,,,,,,2.04,2021,18,3391,True,,,,,,,
,0.05,,,,,,0.42,53.11,2021,18,4147,True,2.53,2.53,0.06,13.01,,,
,,,,,,,0.35,49.5,2021,18,4718,True,2.61,2.61,,15.57,,,
0.02,,,,,,,0.02,3.11,2021,18,4994,True,0.07,0.07,,0.44,,,
,,,,,,,0.04,9.14,2021,18,5046,True,0.48,0.48,0.02,3.77,,,
,,,,,,,,1.21,2021,18,5220,True,,,,,,,
0.08,0.08,,,,,,0.19,20.11,2021,18,5347,True,3.41,3.41,0.18,25.87,,,
,,,,,,,0.23,30.22,2021,18,5536,True,2.55,2.55,0.09,21.91,,,
,,,,,,,0.08,5.62,2021,18,6012,True,1.04,1.04,,4.58,,,
0.06,0.03,,,,,,0.04,10.06,2021,18,6039,True,0.84,0.84,0.02,5.1,,,
,,,,,,,0.01,1.48,2021,18,6156,True,,,,,,,
,,,,,,,0.11,21.95,2021,18,6951,True,0.91,0.91,0.02,4.29,,,
,,,,,,,0.3,72.79,2021,18,7561,True,1.77,1.77,0.07,14.74,,,
,,,,,,,0.07,9.86,2021,18,7608,True,0.06,0.06,,0.52,,,
,,,,,,,0.36,49.67,2021,18,7611,True,2.27,2.27,,12.51,,,
,,,,,,,0.07,11.8,2021,18,7771,True,0.92,0.92,,7.92,,,
,,,,,,,0.14,22.87,2021,18,2378,True,0.6,0.6,0.02,4.45,,,
,,,,,,,,13.65,2021,18,3312,True,0.45,0.45,,3.62,,,
,,,,,,,,6.31,2021,18,3594,True,,,,,,,
,,,,,,,0.09,9.05,2021,18,3868,True,2.29,2.29,0.13,21.0,,,
0.19,0.06,,,,,0.06,0.31,67.63,2021,18,4866,True,1.89,1.89,0.11,16.8,,,
0.15,,,,,,,0.46,75.44,2021,18,4985,True,1.52,1.52,,12.88,,,
0.07,0.03,,,,,,0.08,21.77,2021,18,5170,True,0.67,0.67,,4.92,,,
0.13,0.07,,,,,0.06,0.61,64.12,2021,18,5850,True,4.11,4.11,0.14,34.48,,,
0.12,0.06,,,,,0.05,0.55,64.11,2021,18,5892,True,2.8,2.8,0.07,23.97,,,
0.13,0.06,,,,,,0.43,61.39,2021,18,6828,True,1.8,1.8,0.07,17.93,,,
0.0,0.0,,,,,,0.01,1.39,2021,18,7098,True,,,,,,,
0.29,0.15,,,,,,0.67,79.51,2021,18,7528,True,3.34,3.34,0.11,23.91,,,
,,,,,,,0.03,4.25,2021,18,7720,True,0.09,0.09,,0.86,,0.04,
,,,,,,,0.28,52.07,2021,18,1387,True,1.46,1.46,0.06,11.45,,,
,,,,,,,,0.73,2021,18,2073,True,,0.68,,3.83,,,
,,,,,,,,,2021,18,2399,True,,0.63,0.02,6.47,0.63,,
0.12,0.02,,,,,,0.09,41.15,2021,18,3209,True,2.5,2.5,0.06,16.05,,,
,,,,,,,,2.9,2021,18,3803,True,,0.41,,1.87,,,
0.13,0.07,,,,,0.08,0.68,68.49,2021,18,4035,True,3.98,3.98,0.14,34.81,,0.05,
0.13,0.07,,,,,,0.25,37.01,2021,18,4149,True,1.72,1.72,0.05,14.45,,,
,,,,,,,0.25,29.52,2021,18,5284,True,0.78,0.78,,6.58,,,
0.09,0.05,,,,,,0.21,26.59,2021,18,5980,True,2.29,2.29,0.06,18.6,,,
0.06,,,,,,,0.19,27.52,2021,18,5987,True,1.33,1.33,0.05,8.56,,,
,,,,,,,,,2021,18,6379,True,0.26,0.26,,2.06,,,
,,,,,,,0.1,17.1,2021,18,6659,True,0.13,0.13,,0.83,,,
,0.01,,,,,,0.11,23.73,2021,18,6938,True,0.69,0.69,0.02,5.54,,,
,0.03,,,,,,0.3,32.47,2021,18,6963,True,1.72,1.72,0.03,14.0,,,
,0.02,,,,,,0.25,37.09,2021,18,7537,True,1.2,1.2,0.01,4.6,,,
,,,,,,,,4.53,2021,18,7551,True,,,,,,,
,0.03,,,,,,0.19,32.0,2021,18,7794,True,2.27,2.27,0.09,18.76,,,
0.12,0.06,,,,,,0.17,18.71,2021,18,2391,True,1.88,1.88,0.1,16.67,,,
,,,,,,,0.53,69.4,2021,18,4111,True,1.33,1.33,0.03,9.18,,,
0.14,0.08,,,,,,0.79,54.74,2021,18,4137,True,2.26,2.26,0.07,16.69,,,
0.15,0.07,,,,,,0.53,58.14,2021,18,4663,True,5.73,5.73,0.22,48.55,,0.06,
0.21,0.11,,,,,,0.33,92.73,2021,18,4962,True,2.06,2.06,,13.57,,,
0.07,,,,,,,0.09,24.75,2021,18,5131,True,0.86,0.86,,5.65,,,
,,,,,,,0.05,7.77,2021,18,6002,True,0.36,0.36,,1.55,,,
,,,,,,,,,2021,18,6202,True,,0.3,0.05,1.67,,,
,,,,,,,0.15,19.4,2021,18,6694,True,1.76,1.76,,8.03,,,
0.04,0.02,,,,,,0.13,14.66,2021,18,6845,True,0.93,0.93,0.04,7.97,,,
,,,,,,,0.04,6.12,2021,18,6931,True,1.06,1.06,0.05,9.6,,,
0.07,,,,,,,0.18,27.77,2021,18,7045,True,0.56,0.56,,2.98,,,
,,,,,,,,5.79,2021,18,7466,True,0.17,0.17,,0.77,,,
,,,,,,,,1.58,2021,18,7609,True,0.42,0.42,0.02,4.03,,,
0.12,0.06,,,,,,,,2021,18,6786,True,,5.63,0.47,74.16,5.63,0.12,
0.04,0.04,,,,,,,1.2,2021,18,6798,True,,2.27,0.13,26.4,2.27,,
,,,,,,,,,2021,18,4491,True,,0.23,0.02,2.67,0.23,,
0.1,0.05,,,,,,,,2021,18,5045,True,,3.71,0.31,49.42,3.71,0.05,
0.11,0.05,,,,,,0.06,5.58,2021,18,3321,True,,5.52,0.65,86.24,5.52,0.05,
,,,,,,,,,2021,18,4234,True,,0.32,0.02,3.78,0.32,,
0.06,,,,,,,,,2021,18,4351,True,,2.83,0.27,37.2,2.83,,
0.05,0.05,,,,,,,,2021,18,6783,True,,3.44,0.29,50.53,3.44,,
,,,,,,,,,2021,18,7210,True,,0.32,,3.0,0.32,,
0.06,0.06,,,,,,,,2021,18,7525,True,,4.59,0.43,63.02,4.59,,
,,,,,,,,,2021,18,1244,True,,1.63,0.05,16.32,1.63,,
0.11,0.06,,,,,,,1.3,2021,18,2309,True,,5.63,0.42,72.83,5.63,0.06,
0.01,,,,,,,,,2021,18,6744,True,,0.31,0.01,3.61,0.31,,
,,,,,,,,,2021,18,5113,True,,2.76,0.27,32.49,2.76,,
0.03,0.03,,,,,,,,2021,18,5917,True,,2.33,0.2,30.87,2.33,,
,,,,,,,,,2021,18,6927,True,,2.57,0.13,31.86,2.57,,
,,,,,,,,,2021,18,3286,True,,2.45,0.16,28.64,2.45,,
,,,,,,,,,2021,18,5199,True,,3.06,0.15,32.47,3.06,,
,,,,,,,,,2021,18,1077,True,,0.48,0.05,6.9,0.48,,
,,,,,,,,,2021,18,2025,True,,2.29,0.11,22.98,2.29,,
0.08,0.04,,,,,,,,2021,18,2133,True,,4.36,0.55,52.42,4.36,0.08,
0.12,0.06,,,,,,,,2021,18,2216,True,,5.41,0.64,75.99,5.41,0.12,
0.07,0.07,,,,,,,,2021,18,2319,True,,3.85,0.37,49.44,3.85,,
,,,,,,,,,2021,18,3634,True,,2.33,0.12,24.26,2.33,,
0.18,0.09,,,,,,,3.84,2021,18,4039,True,,8.57,0.97,105.28,8.57,,
0.13,0.07,,,,,,0.01,2.44,2021,18,4983,True,,4.88,0.29,63.9,4.88,,
0.06,,,,,,,,,2021,18,5026,True,,3.0,0.28,40.38,3.0,,
,,,,,,,,,2021,18,5241,True,,0.62,0.04,6.9,0.62,,
,,,,,,,,,2021,18,5323,True,,2.97,0.17,35.95,2.97,,
,,,,,,,,,2021,18,5773,True,,0.69,0.07,6.93,0.69,,
0.1,0.06,,,,,,,,2021,18,5846,True,,4.75,0.57,78.03,4.75,0.05,
0.15,0.07,,,,,,0.07,8.77,2021,18,5872,True,,5.47,0.49,70.05,5.47,0.07,
0.13,0.06,,,,,,,3.37,2021,18,5937,True,,5.6,0.4,66.64,5.6,,
0.06,0.06,,,,,,,1.29,2021,18,5947,True,,5.09,0.32,68.2,5.09,,
0.01,,,,,,,,,2021,18,5965,True,,0.24,0.02,3.51,0.24,,
,,,,,,,0.03,5.73,2021,18,6234,True,,2.9,0.22,44.85,2.9,,
,,,,,,,,,2021,18,627,True,,0.05,,0.58,0.05,,
0.04,,,,,,,,,2021,18,6271,True,,2.35,0.12,28.44,2.35,,
0.03,,,,,,,,,2021,18,6421,True,,1.27,0.11,19.52,1.27,,
,,,,,,,,,2021,18,6557,True,,1.76,0.05,16.64,1.76,,
,,,,,,,,,2021,18,6588,True,,0.28,0.01,2.66,0.28,,
,,,,,,,,1.18,2021,18,6699,True,,0.24,0.03,2.97,0.24,,
,,,,,,,,,2021,18,6857,True,,1.82,0.08,18.2,1.82,,
,,,,,,,,,2021,18,7496,True,,1.2,0.13,14.45,1.2,,
0.13,,,,,,,,,2021,18,7540,True,,2.97,0.27,38.79,2.97,,
0.02,,,,,,,,,2021,18,7595,True,,0.9,0.07,12.96,0.9,,
0.09,,,,,,,,,2021,18,830,True,,4.79,0.37,58.26,4.79,,
0.05,0.05,,,,,,,,2021,18,1067,True,,3.46,0.31,45.89,3.46,0.05,
0.08,,,,,,,,,2021,18,1817,True,,1.8,0.11,19.96,1.8,,
0.07,0.04,,,,,,,,2021,18,1992,True,,3.24,0.24,45.39,3.24,0.04,
0.06,0.06,,,,,,,,2021,18,2078,True,,4.88,0.44,71.18,4.88,,
0.1,0.1,,,,,,,0.68,2021,18,2410,True,,4.57,0.3,49.87,4.57,,
0.07,0.04,,,,,,0.01,0.66,2021,18,3423,True,,2.51,0.18,34.01,2.51,,
,,,,,,,,,2021,18,4146,True,,2.5,0.12,29.91,2.5,,
,,,,,,,,,2021,18,4252,True,,0.93,0.06,10.74,0.93,,
0.07,,,,,,,,0.26,2021,18,4622,True,,2.57,0.16,32.51,2.57,,
0.05,,,,,,,,1.06,2021,18,5086,True,,2.38,0.27,38.64,2.38,,
0.05,0.05,,,,,,,0.86,2021,18,5432,True,,2.47,0.2,29.92,2.47,,
0.1,0.05,,,,,,,,2021,18,5859,True,,5.24,0.61,81.23,5.24,0.05,
,,,,,,,,,2021,18,5915,True,,0.58,0.02,7.0,0.58,,
,,,,,,,,,2021,18,5938,True,,0.9,0.08,8.37,0.9,,
,,,,,,,,,2021,18,6069,True,,2.09,0.12,26.58,2.09,,
,,,,,,,,,2021,18,6247,True,,0.57,,7.39,0.57,,
0.12,0.06,,,,,,0.06,5.68,2021,18,6803,True,,4.58,0.33,57.89,4.58,0.06,
0.04,0.04,,,,,,0.03,4.6,2021,18,6814,True,,2.56,0.17,29.28,2.56,,
0.06,0.06,,,,,,,2.98,2021,18,6819,True,,5.2,0.41,70.41,5.2,0.06,
0.06,0.06,,,,,,0.05,1.68,2021,18,6886,True,,3.62,0.43,52.79,3.62,,
0.1,,,,,,,,,2021,18,7547,True,,6.52,0.32,74.1,6.52,,
,,,,,,,,,2021,18,7559,True,,1.1,0.12,13.54,1.1,,
0.15,,,,,,,,,2021,18,7571,True,,3.69,0.3,49.69,3.69,,
,,,,,,,,,2021,18,7670,True,,2.22,0.16,27.79,2.22,,
0.07,0.07,,,,,,,,2021,18,1144,True,,5.67,0.35,60.94,5.67,,
0.11,0.06,,,,,,,,2021,18,2374,True,,5.73,0.46,66.58,5.73,,
,,,,,,,,,2021,18,3297,True,,2.8,0.14,32.42,2.8,,
,,,,,,,,6.1,2021,18,4050,True,,3.1,0.23,39.6,3.1,,
,,,,,,,,,2021,18,4197,True,,1.83,0.08,19.55,1.83,,
0.05,,,,,,,,,2021,18,491,True,,1.41,0.04,18.48,1.41,,
0.08,0.08,,,,,,,0.93,2021,18,4950,True,,4.97,0.41,61.15,4.97,,
0.1,0.05,,,,,,,1.39,2021,18,5096,True,,1.26,0.09,9.62,1.26,,
0.07,,,,,,,,,2021,18,5185,True,,2.59,0.29,33.95,2.59,,
0.06,0.05,,,,,,,,2021,18,5848,True,,5.11,0.3,56.4,5.11,,
0.11,0.06,,,,,,,,2021,18,5927,True,,5.81,0.45,67.84,5.81,0.06,
,,,,,,,,,2021,18,6154,True,,0.79,0.05,10.58,0.79,,
0.11,0.05,,,,,,,0.71,2021,18,6794,True,,5.66,0.66,82.84,5.66,0.11,
0.05,,,,,,,,,2021,18,6824,True,,2.97,0.24,39.21,2.97,,
0.06,0.06,,,,,,,0.98,2021,18,6853,True,,4.16,0.33,51.3,4.16,,
0.05,0.05,,,,,,,,2021,18,6943,True,,4.06,0.32,55.27,4.06,,
,,,,,,,,,2021,18,7039,True,,0.57,0.06,4.9,0.57,,
,,,,,,,,,2021,18,7533,True,,0.97,0.08,15.69,0.97,,
,,,,,,,,,2021,18,7751,True,,0.39,0.04,4.39,0.39,,
,,,,,,,,,2021,18,7793,True,,0.65,0.06,8.09,0.65,,
,,,,,,,,,2021,18,147,True,,1.95,0.18,29.18,1.95,,
0.12,0.06,,,,,,,,2021,18,1479,True,,6.86,0.46,78.03,6.86,,
0.11,0.05,,,,,,,,2021,18,1825,True,,4.98,0.28,57.03,4.98,,
0.05,0.04,,,,,,,,2021,18,2325,True,,2.5,0.28,37.52,2.5,,
0.12,0.06,,,,,,,,2021,18,2449,True,,7.11,0.63,85.26,7.11,0.06,
0.1,,,,,,,,0.5,2021,18,2673,True,,1.47,0.09,17.56,1.47,,
,,,,,,,,,2021,18,2821,True,,0.16,0.01,1.96,0.16,,
,,,,,,,,0.22,2021,18,3269,True,,1.15,0.13,13.99,1.15,,
,,,,,,,,,2021,18,3433,True,,0.49,0.05,5.6,0.49,,
,,,,,,,,,2021,18,3582,True,,1.13,0.03,10.69,1.13,,
0.14,,,,,,,,,2021,18,4319,True,,2.82,0.26,36.78,2.82,,
0.1,,,,,,,0.04,6.5,2021,18,4454,True,,2.87,0.25,34.48,2.87,,
,,,,,,,,,2021,18,5154,True,,1.27,0.05,14.05,1.27,,
,,,,,,,,,2021,18,5902,True,,0.57,0.02,6.33,0.57,,
0.09,0.09,,,,,,,,2021,18,5955,True,,5.86,0.38,68.15,5.86,,
0.05,0.05,,,,,,,,2021,18,6149,True,,2.68,0.2,29.55,2.68,,
,,,,,,,,,2021,18,6598,True,,1.18,0.07,13.07,1.18,,
,,,,,,,,,2021,18,6989,True,,3.36,0.3,39.56,3.36,,
0.06,0.06,,,,,,,2.08,2021,18,7090,True,,4.39,0.3,49.41,4.39,,
0.07,0.08,,,,,,,,2021,18,7526,True,,5.23,0.38,66.67,5.23,,
0.04,0.03,,,,,,,,2021,18,7564,True,,2.78,0.24,38.47,2.78,,
,,,,,,,,,2021,18,7757,True,,1.43,0.1,20.23,1.43,,
0.14,0.07,,,,,,,,2021,18,2197,True,,4.98,0.31,65.67,4.98,,
,,,,,,,,,2021,18,2822,True,,2.86,0.12,30.86,2.86,,
0.04,0.02,,,,,,,0.67,2021,18,3225,True,,1.69,0.09,18.14,1.69,,
0.02,,,,,,,,,2021,18,3328,True,,1.05,0.06,13.61,1.05,,
,,,,,,,,,2021,18,3652,True,,2.39,0.19,25.02,2.39,,
0.06,0.06,,,,,,,,2021,18,4068,True,,4.77,0.48,66.25,4.77,0.06,
,,,,,,,,,2021,18,4080,True,,4.38,0.31,50.16,4.38,,
,,,,,,,,,2021,18,4177,True,,0.87,,8.91,0.87,,
,,,,,,,,0.21,2021,18,6063,True,,0.45,0.03,6.28,0.45,,
,,,,,,,,,2021,18,6165,True,,4.35,0.23,45.23,4.35,,
0.03,,,,,,,,,2021,18,6290,True,,1.4,0.1,19.95,1.4,,
0.05,,,,,,,,3.5,2021,18,6847,True,,1.8,0.15,22.99,1.8,,
0.08,,,,,,,,,2021,18,6870,True,,2.52,0.23,28.68,2.52,,
,,,,,,,,,2021,18,7049,True,,0.89,0.06,8.56,0.89,,
0.04,,,,,,,,,2021,18,7587,True,,1.07,0.1,14.5,1.07,,
,,,,,,,,1.23,2021,18,7612,True,,0.71,0.05,9.88,0.71,,
,,,,,,,,,2021,18,7713,True,,0.95,0.1,12.98,0.95,,
0.03,0.03,,,,,,,,2021,18,1110,True,,2.18,0.15,27.4,2.18,,
,,,,,,,,,2021,18,1346,True,,1.43,0.08,20.93,1.43,,
0.08,,,,,,,,1.39,2021,18,2331,True,,2.4,0.37,35.83,2.4,,
,,,,,,,,,2021,18,2750,True,,0.81,0.08,10.2,0.81,,
,,,,,,,,,2021,18,3155,True,,3.9,0.16,47.25,3.9,,
0.05,0.05,,,,,,,,2021,18,4131,True,,3.44,0.18,36.81,3.44,0.05,
0.15,,,,,,,,0.84,2021,18,4171,True,,3.36,0.42,46.6,3.36,,
,,,,,,,,,2021,18,4878,True,,2.46,0.16,27.07,2.46,,
0.07,0.07,,,,,,,0.54,2021,18,5110,True,,4.42,0.27,49.81,4.42,,
0.04,,,,,,,,,2021,18,5880,True,,2.76,0.18,34.3,2.76,,
,,,,,,,,,2021,18,6427,True,,1.27,0.07,12.88,1.27,,
0.03,0.03,,,,,,,,2021,18,6849,True,,1.27,0.09,14.94,1.27,,
0.07,,,,,,,,,2021,18,6960,True,,2.74,0.22,40.88,2.74,,
,,,,,,,,,2021,18,7066,True,,4.75,0.35,58.22,4.75,,
,,,,,,,,4.16,2021,18,7135,True,,1.54,0.19,18.06,1.54,,
,,,,,,,,,2021,18,7569,True,,2.48,0.17,31.15,2.48,,
0.07,0.04,,,,,,,,2021,18,947,True,,3.44,0.27,48.48,3.44,,
,,,,,,,,,2021,18,6964,True,,0.84,0.08,5.56,,,0.84
,,,,,,,,,2021,18,2146,True,,1.14,0.13,16.55,,,1.14
0.05,0.05,,,,,,,,2021,18,5857,True,,3.25,0.26,37.62,,0.05,3.25
,,,,,,,,,2021,18,6040,True,,2.1,0.21,25.78,,,2.1
,,,,,,,,,2021,18,2422,True,,0.69,,3.76,,,0.69
,,,,,,,,,2021,18,4221,True,,0.08,,0.71,,,0.08
0.01,,,,,,,,,2021,18,4571,True,,0.89,0.05,5.0,,,0.89
,,,,,,,,,2021,18,5863,True,,0.13,0.01,1.53,0.13,,
0.06,,,,,,,,,2021,18,1466,True,,6.15,0.58,76.21,,0.12,6.15
,,,,,,,,,2021,18,4189,True,,0.81,0.06,8.05,,,0.81
,,,,,,,,,2021,18,7828,True,,0.58,,5.44,,,0.58
,,,,,,,,,2021,18,5001,True,,4.71,0.48,51.74,,0.07,4.71
,,,,,,,,,2021,18,6843,True,,2.4,0.2,26.77,,,2.4
0.05,,,,,,,,,2021,18,1706,True,,2.7,0.15,25.95,,,2.7
0.06,,,,,,,,,2021,18,3214,True,,3.63,0.48,32.04,,0.06,3.63
0.01,,,,,,,,,2021,18,4055,True,,0.64,0.05,7.38,,,0.64
0.07,0.07,,,,,,,,2021,18,4066,True,,3.28,0.18,34.19,,,3.28
,,,,,,,,,2021,18,4995,True,,1.17,0.05,8.77,,,1.17
0.06,,,,,,,,,2021,18,5012,True,,4.8,0.51,61.06,,0.12,4.8
0.06,,,,,,,,,2021,18,515,True,,4.73,0.57,57.4,,0.06,4.73
,,,,,,,,,2021,18,5985,True,,1.06,0.14,14.17,,,1.06
,,,,,,,,,2021,18,6081,True,,0.43,,2.45,,,0.43
0.05,0.05,,,,,,,,2021,18,616,True,,1.55,0.24,15.14,,,1.55
0.07,,,,,,,,,2021,18,6826,True,,3.59,0.18,37.62,,,3.59
,,,,,,,,,2021,18,6850,True,,1.31,0.1,13.46,,,1.31
,,,,,,,,,2021,18,7502,True,,0.54,0.09,6.58,,,0.54
,,,,,,,,,2021,18,7554,True,,0.85,0.06,10.24,,,0.85
,,,,,,,,,2021,18,1718,True,,0.57,,6.63,,,0.57
,,,,,,,,,2021,18,2463,True,,0.2,0.02,1.62,,,0.2
,,,,,,,,,2021,18,3496,True,,0.95,0.04,9.66,,,0.95
0.03,,,,,,,,,2021,18,4144,True,,1.83,0.16,18.1,,,1.83
0.23,0.14,,0.56,1.35,193.31,,0.55,52.97,2021,18,4381,True,,,,,,,
,,,,,,,,,2021,18,4443,True,,1.85,0.12,18.46,,,1.85
,,,,,,,,,2021,18,5133,True,,3.38,0.28,37.75,,,3.38
0.08,,,,,,,,,2021,18,5906,True,,4.23,0.37,46.67,,,4.23
,,,,,,,,,2021,18,6865,True,,0.34,0.05,3.79,,,0.34
,,,,,,,,,2021,18,7075,True,,0.27,,2.79,,,0.27
,,,,,,,,,2021,18,7568,True,,2.32,0.22,24.84,,,2.32
,,,,,,,,,2021,18,111,True,,1.27,0.08,11.89,,,1.27
,,,,,,,,,2021,18,2390,True,,2.27,0.24,21.54,,,2.27
,,,,,,,,,2021,18,3048,True,,0.36,0.03,3.61,,,0.36
,,,,,,,,,2021,18,3695,True,,0.15,,1.28,,,0.15
0.02,,,,,,,,,2021,18,4435,True,,1.23,0.07,12.83,,,1.23
0.05,,,,,,,,,2021,18,4973,True,,2.23,0.18,22.53,,,2.23
0.01,,,,,,,,,2021,18,5878,True,,0.39,0.02,4.6,0.39,,
,,,,,,,,,2021,18,6001,True,,1.35,0.1,12.41,,,1.35
,,,,,,,,,2021,18,6834,True,,0.32,,3.12,,,0.32
,,,,,,,,,2021,18,6894,True,,0.63,0.05,6.17,,,0.63
,,,,,,,,,2021,18,7002,True,,0.8,0.09,8.69,,,0.8
,,,,,,,,,2021,18,7216,True,,0.2,,2.08,,,
0.05,,,,,,,,,2021,18,7553,True,,4.12,0.34,45.72,,,4.12
,,,,,,,,,2021,18,7842,True,,1.45,0.1,13.25,,,1.45
,,,,,,,,,2021,18,2214,True,,2.21,0.19,23.12,,,2.21
,,,,,,,,,2021,18,2545,True,,3.09,0.24,27.71,,,3.09
0.06,,,,,,,,,2021,18,3271,True,,4.52,0.39,48.94,,,4.52
,,,,,,,,,2021,18,4421,True,,1.11,0.07,8.0,,,1.11
,,,,,,,,,2021,18,4468,True,,0.28,0.04,2.55,,,0.28
,,,,,,,,,2021,18,5171,True,,0.59,,4.28,,,0.59
,,,,,,,,,2021,18,5285,True,,0.67,0.06,7.89,,,0.67
,,,,,,,,,2021,18,7597,True,,0.21,0.02,2.69,,,0.21
,,,,,,,,,2021,18,963,True,,0.3,,2.19,,,0.3
0.07,0.07,,,,,,,,2021,18,1339,True,,5.2,0.46,53.81,,,5.2
,,,,,,,,,2021,18,2460,True,,0.55,0.04,6.11,,,0.55
0.04,0.04,,,,,,,,2021,18,3202,True,,2.5,0.23,25.52,,,2.5
,,,,,,,,,2021,18,4033,True,,2.92,0.3,34.16,,,2.92
,,,,,,,,,2021,18,4054,True,,1.73,0.15,22.22,,,1.73
,,,,,,,,,2021,18,4323,True,,0.45,0.06,4.4,,,0.45
,,,,,,,,,2021,18,5973,True,,0.63,0.04,6.97,,,0.63
,,,,,,,,,2021,18,7891,True,,2.69,0.14,21.85,,,2.69
0.05,0.05,,,,,,,,2021,18,2505,True,,5.42,0.37,61.92,,0.05,5.42
,,,,,,,,,2021,18,3258,True,,1.21,0.11,9.8,,,1.21
0.05,0.05,,,,,,,,2021,18,367,True,,3.44,0.27,38.26,,,3.44
,,,,,,,,,2021,18,4085,True,,0.61,0.08,6.34,,,0.61
0.06,,,,,,,,,2021,18,4089,True,,3.36,0.27,34.76,,,3.36
0.07,,,,,,,,,2021,18,4217,True,,5.76,0.53,77.83,,0.07,5.76
,,,,,,,,,2021,18,4362,True,,0.3,,3.18,,,0.3
0.07,,,,,,,,,2021,18,4993,True,,3.84,0.31,44.19,,,3.84
,,,,,,,,,2021,18,5008,True,,1.55,0.08,14.54,,,1.55
,,,,,,,,,2021,18,6018,True,,0.38,0.03,3.48,,,0.38
,,,,,,,,,2021,18,6869,True,,2.65,0.21,27.05,,,2.65
,,,,,,,,1.78,2021,18,7050,True,,2.16,0.13,26.51,,,2.16
,,,,,,,,,2021,18,7288,True,,0.34,,2.88,,,0.34
,,,,,,,,,2021,18,7600,True,,3.44,0.32,39.42,,,3.44
,,,,,,,,,2021,18,7602,True,,1.23,0.08,13.03,,,1.23
,,,,,,,0.07,3.45,2021,18,7694,True,,1.39,0.15,18.1,,,1.39
,0.01,,,,,,,,2021,18,7716,True,,3.75,0.15,41.33,,,3.75
,,,,,,,,,2021,18,943,True,,1.89,0.16,22.29,,,1.89
