Team,Team's traded with 1,Assets received,Assets sent,Number of assets received,Number of assets traded away,Total number of assets in trade,Date,Season,Trade impact score,Wins added,Wins added per season,Pick value received,Assets retained now,Assets traded away,Assets dropped to FA,Return from trades,Additional assets traded away in those deals,Return from trades of trades...of trades. Keep going until present day,Avg PPG of received players on team,Avg PPG of received players on team adjusted by position,Avg PPG of sent players over same time,Avg PPG of sent players over same time adjusted by position,Avg PPG of received players in 5 games before trade,Avg PPG of received players in 5 games before trade adjusted by position,Difference of averages,Difference of averages adjusted by position,Trade addition value,Points added,Points lost,Net points,Avg points added,Avg points lost,Avg net points,Avg points added adjusted by position,Avg points lost adjusted by position,Avg net points adjusted by position,O-Score,Asset difference in average age,Number of teams involved,Tanking,KTC value difference at deal time,KTC value difference at end of season,KTC value difference 1 year later,KTC value difference 2 years later,Link to next transaction per asset,Link to previous transaction per asset,Change in pick value at draft time,Team's traded with 2,Team's traded with 3,Team's traded with 4
AceMatthew,LWebs53,2020 4.07(K. Golladay); 2020 5.02(A. Robinson); 2020 8.07(H. Henry),2020 4.05(M. Evans); 2020 5.04(D. Moore); 2020 8.05(K. Allen),3,3,6,2020-09-09 17:45:18,2020,-10.2,-15.0,-2.45,,2020 4.07(K. Golladay); 2020 5.02(A. Robinson); 2020 8.07(H. Henry),,,,,,11.772,13.3258,,,,,11.772,13.3258,13.3258,312.1,534.0,-221.9,17.34,29.67,-12.33,20.38,30.97,-10.59,23.3,0.0,2,0.0,-1165.0,-733.8,-2021.3,-3975.8,PH#415; PH#418; PH#447,PH#415; PH#418; PH#447,,,,
AceMatthew,plehv79,Alexander Mattison,Kerryon Johnson,1,1,2,2020-09-12 15:24:36,2020,1.3,2.31,0.38,,,Alexander Mattison,,Ryan Fitzpatrick; David Johnson; 2021 1.06(T. Etienne); 2021 2.06(R. Bateman); 2021 4.06(D. Eskridge); 2022 1.07(C. Olave); 2022 3.07(Z. White); 2023 1.08(J. Addison); 2024 1.08(B. Thomas); 2024 3.08(J. Burton); 2025 1.03(O. Hampton); 2025 3.03(D. Sampson),Dalvin Cook,Ryan Fitzpatrick; David Johnson; 2021 1.06(T. Etienne); 2021 2.06(R. Bateman); 2021 4.06(D. Eskridge); 2022 1.07(C. Olave); 2022 3.07(Z. White); 2023 1.08(J. Addison); 2024 1.08(B. Thomas); 2024 3.08(J. Burton); 2025 1.03(O. Hampton); 2025 3.03(D. Sampson); Keenan Allen; Tyreek Hill; Joe Mixon; James Conner; Justin Jefferson; DJ Moore; James Robinson; 2022 2.07(T. Allgeier); 2023 2.08(S. LaPorta); MarShawn Lloyd; Bijan Robinson; 2025 3.08(J. Milroe); 2025 2.04(K. Johnson); Chase Claypool; Isaiah Likely; 2023 3.02(J. Hyatt); 2026 2.05(N. Singleton); 2025 3.02(B. Tuten); 2027 4(Oliverwkw); 2029 2(stevenb123); Rashaad Penny; 2024 4.03(R. Wilson); 2025 3.05(K. Williams); 2026 3.06(D. Stribling); Joshua Palmer; Wan'Dale Robinson; 2023 4.05(E. Gray); 2024 1.05(D. Maye); 2024 4.05(M. Corley); 2027 4(shmuel256); 2026 2.08(E. Johnson); 2026 4.08(M. Trigg); Mike Williams; 2025 4.03(J. Noel); Davante Adams; Deebo Samuel; DeVonta Smith; 2028 3(stevenb123); 2027 4(LWebs53); 2025 3.04(J. Bech); 2026 4.02(Z. Branch); Derek Carr; Devin Singletary; 2027 3(stevenb123); Joe Flacco; CeeDee Lamb; Tyler Allgeier,4.29,4.4066,6.1444,6.3114,4.9,5.0332,-1.8544,-1.9048,2.6719,4.0,3.0,1.0,4.0,3.0,1.0,4.11,3.08,1.03,76.0,-0.97,2,0.0017,749.0,2056.0,1883.0,2546.0,T#5,PH#486,,,,
AceMatthew,plehv79,William Fuller,Brandon Aiyuk,1,1,2,2020-10-07 13:20:37,2020,-2.4,-5.0,-0.85,,,,William Fuller,,,,15.5667,16.1939,11.6379,12.1069,14.26,14.8346,3.9287,4.087,9.8495,133.1,56.3,76.8,16.64,7.04,9.6,17.31,7.33,9.99,44.9,3.92,2,-0.0066,-448.0,-988.0,-3797.0,-3945.0,#49,PH#470,,,,
AceMatthew,shmuel256,Robbie Chosen; DeVante Parker; 2021 4.08(K. Trask),Allen Robinson; 2021 3.03(A. St. Brown),3,2,5,2020-10-29 13:09:26,2020,-5.2,-7.0,-1.23,,2021 4.08(K. Trask),Robbie Chosen,DeVante Parker,Robert Woods; Bryan Edwards,Kenny Golladay; A.J. Green; 2022 2.02(J. Cook); 2022 4.02(W. Robinson); 2023 3.08(T. Spears),Robert Woods; Bryan Edwards,6.1057,6.3518,11.1917,11.6426,14.17,14.741,-5.0859,-5.2909,-11.5545,194.1,256.0,-61.9,12.13,16.0,-3.87,12.67,16.74,-4.07,10.0,1.3,2,-0.0083,1080.2,428.6,-2319.4,-1410.6,T#8; #55; PH#64,T#364; T#363; PH#64,,,,
AceMatthew,LWebs53,Ryan Fitzpatrick; David Johnson; 2021 1.06(T. Etienne); 2021 2.06(R. Bateman); 2021 4.06(D. Eskridge); 2022 1.07(C. Olave); 2022 3.07(Z. White); 2023 1.08(J. Addison); 2024 1.08(B. Thomas); 2024 3.08(J. Burton); 2025 1.03(O. Hampton); 2025 3.03(D. Sampson),Dalvin Cook; Alexander Mattison,12,2,14,2020-11-29 18:57:04,2020,5.7,7.47,1.37,,2021 1.06(T. Etienne); 2021 2.06(R. Bateman); 2021 4.06(D. Eskridge); 2022 1.07(C. Olave); 2022 3.07(Z. White); 2023 1.08(J. Addison),2024 1.08(B. Thomas); 2024 3.08(J. Burton); 2025 1.03(O. Hampton); 2025 3.03(D. Sampson),Ryan Fitzpatrick; David Johnson,Keenan Allen; Tyreek Hill; Joe Mixon; James Conner; Justin Jefferson; DJ Moore; James Robinson; 2022 2.07(T. Allgeier); 2023 2.08(S. LaPorta); MarShawn Lloyd; Bijan Robinson; 2025 3.08(J. Milroe); 2025 2.04(K. Johnson),Trevor Lawrence; DeVonta Smith; Chris Olave; 2025 1.03(O. Hampton); 2027 2(AceMatthew); 2028 2(AceMatthew); Joe Mixon; 2024 1.08(B. Thomas); James Conner; 2025 1.04(T. McMillan); 2025 3.04(J. Bech); 2026 2.07(C. Bell); 2027 1(AceMatthew); 2026 3.02(C. Okonkwo); 2028 1(AceMatthew),Keenan Allen; Tyreek Hill; Joe Mixon; James Conner; Justin Jefferson; MarShawn Lloyd; Bijan Robinson; 2025 3.08(J. Milroe); 2025 2.04(K. Johnson); 2026 2.05(N. Singleton); 2025 3.02(B. Tuten); 2027 4(Oliverwkw); 2029 2(stevenb123); 2027 4(shmuel256); 2026 2.08(E. Johnson); DJ Moore; James Robinson; 2022 2.07(T. Allgeier); 2023 2.08(S. LaPorta); Chase Claypool; Isaiah Likely; 2023 3.02(J. Hyatt); Rashaad Penny; 2024 4.03(R. Wilson); 2025 3.05(K. Williams); 2026 3.06(D. Stribling); Joshua Palmer; Wan'Dale Robinson; 2023 4.05(E. Gray); 2024 1.05(D. Maye); 2024 4.05(M. Corley); 2026 4.08(M. Trigg); Mike Williams; 2025 4.03(J. Noel); Davante Adams; Deebo Samuel; DeVonta Smith; 2028 3(stevenb123); 2027 4(LWebs53); 2025 3.04(J. Bech); 2026 4.02(Z. Branch); Derek Carr; Devin Singletary; 2027 3(stevenb123); Joe Flacco; CeeDee Lamb; Tyler Allgeier,9.4665,9.703,9.5607,9.8205,14.882,13.1795,-0.0942,-0.1175,28.6112,1060.8,615.4,445.4,20.02,11.61,8.4,20.32,11.78,8.54,95.2,-2.09,2,0.197,-8120.0,-7316.6,5075.9,6594.2,#23; #40; PH#38; PH#46; PH#62; PH#71; PH#87; PH#104; T#188; T#163; T#188; T#339,#487; PH#434; PH#38; PH#46; PH#62; PH#71; PH#87; PH#104; PH#136; PH#152; PH#163; PH#179,,,,
AceMatthew,plehv79,David Montgomery,Damien Harris; Jakobi Meyers; Dyami Brown,1,3,4,2021-08-29 11:54:01,2021,-2.4,-4.0,-0.77,,David Montgomery,,,,,,13.3855,13.419,8.7313,9.0376,21.02,21.0727,4.6542,4.3815,9.7015,529.04,461.1,67.94,13.57,11.82,1.74,13.46,12.35,1.11,48.9,0.51,2,-0.0006,-1193.6,-911.3,-808.9,-448.8,,PH#454,,,,
AceMatthew,shmuel256,Myles Gaskin,2023 4.03(J. Reed); 2024 4.04(M. Lloyd),1,2,3,2021-10-20 02:12:37,2021,-0.7,-2.0,-0.41,,,,Myles Gaskin,,,,10.24,10.2657,,,10.72,10.7469,10.24,10.2657,19.1982,26.3,0.0,26.3,6.57,0.0,6.57,6.59,0.0,6.59,50.3,5.05,2,-0.0134,53.8,-234.8,-2370.9,-2681.3,#46,#1220,,,,
AceMatthew,Oliverwkw,Robert Woods; Bryan Edwards,Robbie Chosen; Kenny Golladay; A.J. Green; 2022 2.02(J. Cook); 2022 4.02(W. Robinson); 2023 3.08(T. Spears),2,6,10,2021-12-04 18:56:45,2021,-2.9,-4.0,-0.89,,,,Robert Woods; Bryan Edwards,,,,6.2292,6.5697,5.4295,5.7264,12.45,13.1307,0.7996,0.8434,-1.6971,7.7,9.1,-1.4,7.7,9.1,-1.4,7.99,9.21,-1.22,12.7,0.89,3,-0.0077,-3008.0,-3099.7,-5661.9,-5961.3,#68; #45,PH#425; T#372,,shmuel256,,
AceMatthew,LWebs53,DJ Moore; James Robinson; 2022 2.07(T. Allgeier); 2023 2.08(S. LaPorta),Joe Mixon; 2024 3.08(J. Burton),4,2,6,2021-12-04 19:15:29,2021,0.3,0.16,0.04,7097.0,DJ Moore,2022 2.07(T. Allgeier); 2023 2.08(S. LaPorta),James Robinson,Chase Claypool; Isaiah Likely; 2023 3.02(J. Hyatt),,Chase Claypool; Rashaad Penny; 2024 4.03(R. Wilson); 2025 3.05(K. Williams); 2026 3.06(D. Stribling); 2024 4.05(M. Corley); 2026 4.08(M. Trigg); Mike Williams; 2025 4.03(J. Noel); Davante Adams; Deebo Samuel; DeVonta Smith; 2028 3(stevenb123); 2027 4(LWebs53); Devin Singletary; 2027 3(stevenb123); Joe Flacco; Tyler Allgeier; Isaiah Likely; 2023 3.02(J. Hyatt); Joshua Palmer; Wan'Dale Robinson; 2023 4.05(E. Gray); 2024 1.05(D. Maye); 2025 3.08(J. Milroe); 2025 3.04(J. Bech); 2026 4.02(Z. Branch); 2024 209.??; MarShawn Lloyd; Bijan Robinson; 2025 2.04(K. Johnson); CeeDee Lamb; 2026 2.05(N. Singleton); 2025 3.02(B. Tuten); 2027 4(Oliverwkw); 2029 2(stevenb123); 2027 4(shmuel256); 2026 2.08(E. Johnson),10.2242,10.5931,16.2972,16.3381,12.09,12.403,-6.0731,-5.745,-3.9132,575.7,520.1,55.6,13.39,12.1,1.29,13.83,12.2,1.64,65.5,0.05,2,0.0199,2189.0,2255.6,1926.0,3512.9,; #69; T#484; T#310,PH#420; T#372; PH#79; PH#112,58.0,,,
AceMatthew,stevenb123,Chase Claypool,2022 2.07(T. Allgeier),1,1,2,2022-08-26 22:11:11,2022,-0.6,-0.73,-0.17,,,Chase Claypool,,Rashaad Penny; 2024 4.03(R. Wilson); 2025 3.05(K. Williams); 2026 3.06(D. Stribling),Kareem Hunt; Gabe Davis,Rashaad Penny; 2024 4.03(R. Wilson); 2025 3.05(K. Williams); 2026 3.06(D. Stribling); 2024 4.05(M. Corley); 2026 4.08(M. Trigg); Mike Williams; 2025 4.03(J. Noel); Davante Adams; Deebo Samuel; DeVonta Smith; 2028 3(stevenb123); 2027 4(LWebs53); Devin Singletary; 2027 3(stevenb123); Joe Flacco; Tyler Allgeier,7.1529,7.4221,,,7.64,7.9275,7.1529,7.4221,7.4221,0.0,0.0,0.0,0.0,0.0,0.0,0.0,0.0,0.0,28.1,2.16,2,-0.0031,-101.0,-801.0,-1854.0,-3534.0,T#17,T#479,,,,
AceMatthew,shmuel256,Khalil Herbert; 2024 4.04(M. Lloyd); $15 FAAB,2023 3.03(R. Rice); 2025 3.04(J. Bech),2,2,4,2022-09-22 02:10:29,2022,0.2,-0.83,-0.2,1467.0,,2024 4.04(M. Lloyd),Khalil Herbert,2023 1.07(D. Kincaid),Derek Carr; 2024 3.04(T. Franklin); 2025 4.04(D. Neal),2023 1.07(D. Kincaid),9.6143,9.7315,,,5.64,5.7088,9.6143,9.7315,15.3245,13.4,0.0,13.4,6.7,0.0,6.7,6.78,0.0,6.78,66.5,2.18,2,-0.0117,-539.7,36.2,-219.8,-974.1,#99; T#387; ,#1233; T#371; ,733.5,,,
AceMatthew,stevenb123,Joe Burrow,Courtland Sutton; 2023 2.03(D. Achane),1,2,3,2022-09-28 12:54:56,2022,-2.1,-4.0,-1.0,,Joe Burrow,,,,,,19.4661,15.9318,12.0851,12.5399,18.22,14.9119,7.381,3.3919,9.4385,926.44,681.6,244.84,19.71,14.5,5.21,16.25,14.64,1.62,55.9,1.78,2,-0.0121,-775.4,1722.6,1819.2,967.8,,PH#485,,,,
AceMatthew,shmuel256,2023 1.07(D. Kincaid),Derek Carr; 2024 3.04(T. Franklin); 2024 4.04(M. Lloyd); 2025 4.04(D. Neal),1,4,5,2022-10-19 23:01:38,2022,-0.8,-1.0,-0.26,5020.0,2023 1.07(D. Kincaid),,,,,,9.4357,12.2988,14.0551,11.5033,,,-4.6194,0.7955,4.7955,196.7,297.04,-100.34,9.37,14.14,-4.78,12.0,12.56,-0.56,33.0,-1.61,2,0.0201,-1633.1,-924.4,-652.4,-633.7,PH#103,T#373,-2.0,,,
AceMatthew,plehv79,Isaiah Likely; 2023 3.02(J. Hyatt),2023 2.08(S. LaPorta),2,1,3,2022-11-11 02:10:45,2022,0.8,0.32,0.09,3514.0,,2023 3.02(J. Hyatt),Isaiah Likely,Joshua Palmer; Wan'Dale Robinson; 2023 4.05(E. Gray); 2024 1.05(D. Maye); 2024 4.05(M. Corley),Dalton Schultz; 2024 2.04(L. McConkey),Joshua Palmer; Wan'Dale Robinson; 2023 4.05(E. Gray); 2024 1.05(D. Maye); 2024 4.05(M. Corley); 2025 3.08(J. Milroe); 2025 3.04(J. Bech); 2026 4.02(Z. Branch); Derek Carr; 2024 209.??; MarShawn Lloyd; Bijan Robinson; 2025 2.04(K. Johnson); CeeDee Lamb; 2026 2.05(N. Singleton); 2025 3.02(B. Tuten); 2027 4(Oliverwkw); 2029 2(stevenb123); 2027 4(shmuel256); 2026 2.08(E. Johnson),2.2846,3.0142,,,7.88,10.3966,2.2846,3.0142,2.2625,7.0,0.0,7.0,7.0,0.0,7.0,9.24,0.0,9.24,74.2,0.69,2,-0.005,1498.2,1146.8,581.4,1164.0,#78; T#488,#1090; PH#114,-484.0,,,
AceMatthew,stevenb123,Joshua Palmer; Wan'Dale Robinson; 2023 4.05(E. Gray); 2024 1.05(D. Maye); 2024 4.05(M. Corley),Dalton Schultz; 2024 2.04(L. McConkey); 2023 3.02(J. Hyatt),5,3,8,2022-11-30 02:10:51,2022,2.4,3.03,0.87,8642.5,2023 4.05(E. Gray); 2024 1.05(D. Maye),Joshua Palmer; Wan'Dale Robinson; 2024 4.05(M. Corley),,2025 3.08(J. Milroe); 2025 3.04(J. Bech); 2026 4.02(Z. Branch); Derek Carr,Ty Chandler; 2026 4.07(D. Mooney),2025 3.08(J. Milroe); 2024 209.??; 2025 3.04(J. Bech); 2026 4.02(Z. Branch); MarShawn Lloyd; Bijan Robinson; 2025 2.04(K. Johnson); CeeDee Lamb; 2026 2.05(N. Singleton); 2025 3.02(B. Tuten); 2027 4(Oliverwkw); 2029 2(stevenb123); 2027 4(shmuel256); 2026 2.08(E. Johnson); Derek Carr,6.2881,5.7419,9.6258,12.6999,13.1,13.593,-3.3377,-6.958,-4.6244,404.26,329.3,74.96,18.38,14.97,3.41,15.14,17.04,-1.9,54.0,-1.26,2,0.027,1472.6,1593.9,1706.0,2450.1,T#25; T#19; PH#125; PH#133; T#505,#1421; PH#90; T#480; T#480; T#486,1152.5,,,
AceMatthew,plehv79,Diontae Johnson; 2023 1.06(Q. Johnston); 2023 2.02(Z. Flowers),2023 1.03(J. Gibbs),3,1,10,2023-06-11 21:23:09,2023,-2.4,-3.97,-1.25,9029.0,2023 1.06(Q. Johnston); 2023 2.02(Z. Flowers),,Diontae Johnson,,,,9.2062,9.2969,,,11.78,11.8959,9.2062,9.2969,12.8858,130.0,211.5,-81.5,10.0,16.27,-6.27,10.34,16.22,-5.87,43.9,1.72,3,-0.0025,3032.2,2611.7,2620.0,1895.6,#132; PH#102; PH#106,T#302; T#311; PH#106,246.0,stevenb123,,
AceMatthew,BROsenzweig,Rashaad Penny; 2024 4.03(R. Wilson); 2025 3.05(K. Williams); 2026 3.06(D. Stribling),Kareem Hunt; Chase Claypool; Gabe Davis,4,3,7,2023-08-04 19:22:06,2023,0.1,-0.13,-0.04,6273.5,,2024 4.03(R. Wilson); 2025 3.05(K. Williams); 2026 3.06(D. Stribling),Rashaad Penny,2024 4.05(M. Corley); 2026 4.08(M. Trigg); Mike Williams; 2025 4.03(J. Noel); Davante Adams; Deebo Samuel; DeVonta Smith; 2028 3(stevenb123); 2027 4(LWebs53),Jayden Higgins; Zay Flowers; 2026 3.05(T. Hurst); 2026 3.07(M. Washington),2024 4.05(M. Corley); 2026 4.08(M. Trigg); Mike Williams; 2025 4.03(J. Noel); Devin Singletary; 2027 3(stevenb123); Tyler Allgeier; Davante Adams; Deebo Samuel; DeVonta Smith; 2028 3(stevenb123); 2027 4(LWebs53); Joe Flacco,1.2,1.237,7.1111,7.2045,10.24,10.5558,-5.9111,-5.9675,-4.5675,0.0,0.0,0.0,0.0,0.0,0.0,0.0,0.0,0.0,48.4,-3.99,2,0.0253,488.0,1632.8,2306.0,3710.8,#71; T#522; T#402; T#211,#200; PH#155; PH#181; PH#214,2101.0,,,
AceMatthew,stevenb123,2026 3.05(T. Hurst),Curtis Samuel,1,1,2,2023-08-11 02:12:00,2023,0.1,0.0,0.0,2309.5,,2026 3.05(T. Hurst),,CeeDee Lamb,Drake London; 2024 1.04(J. Daniels); 2025 2.04(K. Johnson); 2026 2.07(C. Bell); 2026 4.02(Z. Branch),CeeDee Lamb,,,6.7325,6.7988,,,,,-6.1988,0.0,0.0,0.0,0.0,0.0,0.0,0.0,0.0,0.0,42.8,-8.06,2,0.0141,486.5,566.0,52.0,1684.0,T#507,PH#213,738.0,,,
AceMatthew,shmuel256,2025 3.04(J. Bech); 2026 4.02(Z. Branch),Wan'Dale Robinson,2,1,3,2023-08-12 02:12:11,2023,-1.7,-2.57,-0.81,3668.5,,2025 3.04(J. Bech); 2026 4.02(Z. Branch),,MarShawn Lloyd; Bijan Robinson; 2025 3.08(J. Milroe); 2025 2.04(K. Johnson); CeeDee Lamb,James Conner; 2025 1.04(T. McMillan); 2026 2.07(C. Bell); 2027 1(AceMatthew); 2025 3.03(D. Sampson); 2026 3.02(C. Okonkwo); 2028 1(AceMatthew); Drake London; 2026 3.05(T. Hurst); 2024 1.04(J. Daniels); 2025 2.04(K. Johnson),MarShawn Lloyd; Bijan Robinson; 2025 3.08(J. Milroe); 2025 2.04(K. Johnson); 2026 2.05(N. Singleton); 2025 3.02(B. Tuten); 2027 4(Oliverwkw); 2029 2(stevenb123); 2027 4(shmuel256); 2026 2.08(E. Johnson); CeeDee Lamb,,,11.0235,11.132,,,,,-10.332,0.0,0.0,0.0,0.0,0.0,0.0,0.0,0.0,0.0,28.5,-3.16,2,0.0136,847.5,1501.1,1800.4,2040.8,T#339; T#507,T#384; T#397,1846.0,,,
AceMatthew,shmuel256,Mike Williams; 2025 4.03(J. Noel),2025 3.05(K. Williams),2,1,3,2023-09-27 02:13:13,2023,-0.2,0.0,0.0,1708.0,,Mike Williams; 2025 4.03(J. Noel),,Devin Singletary; 2027 3(stevenb123),2025 4.04(D. Neal); 2025 4.06(J. Royals),Devin Singletary; 2027 3(stevenb123); Tyler Allgeier,3.375,3.4082,,,14.76,14.9053,3.375,3.4082,8.0082,0.0,0.0,0.0,0.0,0.0,0.0,0.0,0.0,0.0,42.1,4.45,2,-0.0086,1140.8,796.8,216.7,-653.5,T#35; T#534,T#494; T#397,726.5,,,
AceMatthew,stevenb123,Derek Carr,2026 4.07(D. Mooney); 2024 4.05(M. Corley),1,2,3,2023-11-03 21:44:31,2023,-0.1,0.0,0.0,,,,Derek Carr,,,,14.4144,12.0261,,,13.992,11.6736,14.4144,12.0261,13.9902,23.56,14.6,8.96,11.78,7.3,4.48,9.81,7.7,2.11,54.2,12.44,2,-0.0214,-105.0,-571.6,-907.9,-3656.9,#129,T#493,,,,
AceMatthew,stevenb123,CeeDee Lamb,Drake London; 2026 3.05(T. Hurst); 2024 1.04(J. Daniels); 2025 2.04(K. Johnson); 2026 2.07(C. Bell); 2026 4.02(Z. Branch),1,6,7,2023-11-05 12:55:39,2023,0.6,1.0,0.37,,CeeDee Lamb,,,,,,19.2725,19.4622,15.155,15.3041,18.72,18.9042,4.1175,4.158,5.7744,752.3,603.58,148.72,19.29,15.48,3.81,20.28,14.29,6.0,56.4,4.38,2,-0.0813,-5115.1,-3893.3,-4643.8,-6088.4,,PH#469,,,,
AceMatthew,LWebs53,Keenan Allen; Tyreek Hill; Joe Mixon; James Conner; Justin Jefferson,Trevor Lawrence; DeVonta Smith; Chris Olave; 2024 1.08(B. Thomas); 2025 1.03(O. Hampton); 2027 2(AceMatthew); 2028 2(AceMatthew),5,7,12,2024-05-13 15:13:25,2024,-1.1,-0.71,-0.33,,Justin Jefferson,James Conner,Keenan Allen; Tyreek Hill; Joe Mixon,MarShawn Lloyd; Bijan Robinson; 2025 3.08(J. Milroe); 2025 2.04(K. Johnson),2025 1.04(T. McMillan); 2025 3.04(J. Bech); 2026 2.07(C. Bell); 2027 1(AceMatthew); 2025 3.03(D. Sampson); 2026 3.02(C. Okonkwo); 2028 1(AceMatthew),MarShawn Lloyd; Bijan Robinson; 2025 3.08(J. Milroe); 2025 2.04(K. Johnson); 2026 2.05(N. Singleton); 2025 3.02(B. Tuten); 2027 4(Oliverwkw); 2029 2(stevenb123); 2027 4(shmuel256); 2026 2.08(E. Johnson),14.8502,15.0871,15.4845,15.0003,19.868,20.2476,-0.6343,0.0868,-8.3793,1159.88,1127.68,32.2,33.14,32.22,0.92,34.25,32.23,2.02,26.1,6.97,2,-0.0983,906.7,1847.6,820.0,-3788.8,#174; #172; #171; T#36; ,PH#445; T#302; T#163; T#506; T#385,,,,
AceMatthew,Oliverwkw,2026 2.05(N. Singleton); 2026 4.07(D. Mooney); 2024 1.07(B. Bowers); 2025 4.06(J. Royals),Jordan Addison,4,1,5,2024-06-29 17:58:12,2024,3.2,3.21,1.47,12475.0,2026 4.07(D. Mooney); 2024 1.07(B. Bowers),2026 2.05(N. Singleton); 2025 4.06(J. Royals),,2026 2.07(C. Bell); 2027 3(stevenb123),2025 4.04(D. Neal); 2025 4.03(J. Noel),2026 2.07(C. Bell); MarShawn Lloyd; Bijan Robinson; 2025 3.08(J. Milroe); 2025 2.04(K. Johnson); 2026 2.05(N. Singleton); 2025 3.02(B. Tuten); 2027 4(Oliverwkw); 2029 2(stevenb123); 2027 4(shmuel256); 2026 2.08(E. Johnson); 2027 3(stevenb123); Tyler Allgeier,15.569,20.809,11.4424,12.0708,,,4.1265,8.7382,10.9382,393.3,272.4,120.9,15.13,10.48,4.65,19.51,11.14,8.37,90.9,-1.85,2,0.0274,3622.8,3677.4,4232.4,4744.9,T#133; PH#223; PH#135; T#534,T#257; T#257; T#257; T#240,1234.5,,,
AceMatthew,BROsenzweig,2025 3.08(J. Milroe); $14 FAAB,Joshua Palmer; Ty Chandler,1,2,3,2024-06-29 18:11:21,2024,-0.6,-1.0,-0.46,2853.5,,2025 3.08(J. Milroe),,2024 209.??,2026 2.07(C. Bell),2024 209.??,,,4.1609,4.3012,,,,,-3.7012,0.0,0.0,0.0,0.0,0.0,0.0,0.0,0.0,0.0,36.1,-4.62,2,0.0101,40.5,1158.1,1383.2,1967.8,T#132; ,T#73; ,273.0,,,
AceMatthew,BROsenzweig,$2 FAAB,,0,0,0,2024-06-29 18:45:46,2024,-0.3,0.0,0.0,,,,,,,,,,,,,,,,0.0,0.0,0.0,0.0,0.0,0.0,0.0,0.0,0.0,0.0,36.6,0.0,2,0.0,200.0,200.0,200.0,200.0,,,,,,
AceMatthew,stevenb123,2026 3.02(C. Okonkwo),Rashod Bateman; $5 FAAB,1,1,2,2024-06-30 02:05:19,2024,-0.6,-0.81,-0.37,2578.0,,2026 3.02(C. Okonkwo),,MarShawn Lloyd; Bijan Robinson; 2025 3.08(J. Milroe); 2025 2.04(K. Johnson),James Conner; 2025 1.04(T. McMillan); 2025 3.04(J. Bech); 2026 2.07(C. Bell); 2027 1(AceMatthew); 2025 3.03(D. Sampson); 2028 1(AceMatthew),MarShawn Lloyd; Bijan Robinson; 2025 3.08(J. Milroe); 2025 2.04(K. Johnson); 2026 2.05(N. Singleton); 2025 3.02(B. Tuten); 2027 4(Oliverwkw); 2029 2(stevenb123); 2027 4(shmuel256); 2026 2.08(E. Johnson),,,8.3676,8.8272,,,,,-8.2272,0.0,0.0,0.0,0.0,0.0,0.0,0.0,0.0,0.0,26.8,-4.76,2,0.009,175.0,-13.5,-84.5,547.0,T#339,T#506,469.5,,,
AceMatthew,stevenb123,2026 2.07(C. Bell),Quentin Johnston,1,1,2,2024-07-10 17:32:18,2024,-0.8,-1.0,-0.46,3367.0,,2026 2.07(C. Bell),,2024 209.??,2025 3.08(J. Milroe),2024 209.??,,,11.0303,11.6361,,,,,-9.8361,0.0,0.0,0.0,0.0,0.0,0.0,0.0,0.0,0.0,22.5,-2.99,2,0.0136,804.0,1042.0,1571.0,16.0,T#132,T#507,333.0,,,
AceMatthew,JacobRosenzweig,2024 2.09,2025 3.08(J. Milroe); 2026 2.07(C. Bell),1,2,3,2024-07-13 18:27:06,2024,-0.1,0.0,0.0,3511.0,2024 209.??,,,,,,,,,,,,,,-2.4,0.0,0.0,0.0,0.0,0.0,0.0,0.0,0.0,0.0,28.4,1.49,2,-0.0203,-1559.9,-2193.7,-2390.6,-2020.9,PH#537,PH#537,-81.0,,,
AceMatthew,JacobRosenzweig,2026 2.07(C. Bell),2026 2.05(N. Singleton),1,1,2,2024-07-13 18:27:46,2024,0.1,0.21,0.1,3391.5,,2026 2.07(C. Bell),,MarShawn Lloyd; Bijan Robinson; 2025 3.08(J. Milroe); 2025 2.04(K. Johnson),James Conner; 2025 1.04(T. McMillan); 2025 3.04(J. Bech); 2027 1(AceMatthew); 2025 3.03(D. Sampson); 2026 3.02(C. Okonkwo); 2028 1(AceMatthew),MarShawn Lloyd; Bijan Robinson; 2025 3.08(J. Milroe); 2025 2.04(K. Johnson); 2026 2.05(N. Singleton); 2025 3.02(B. Tuten); 2027 4(Oliverwkw); 2029 2(stevenb123); 2027 4(shmuel256); 2026 2.08(E. Johnson),,,,,,,,,0.0,0.0,0.0,0.0,0.0,0.0,0.0,0.0,0.0,0.0,41.3,0.0,2,0.0,0.0,0.0,0.0,0.0,T#339,T#132,308.5,,,
AceMatthew,stevenb123,2024 4.05(M. Corley); 2026 4.08(M. Trigg),2024 4.03(R. Wilson),2,1,3,2024-07-13 18:40:10,2024,0.0,0.0,0.0,3972.5,2024 4.05(M. Corley); 2026 4.08(M. Trigg),,,,,,0.4727,0.4987,,,,,0.4727,0.4987,0.6987,0.0,0.0,0.0,0.0,0.0,0.0,0.0,0.0,0.0,48.4,-1.0,2,0.0065,920.7,1137.6,1260.4,1266.9,PH#157; PH#224,T#505; T#521,554.5,,,
AceMatthew,Oliverwkw,Hunter Henry,,1,0,1,2024-09-20 14:54:56,2024,-0.3,0.0,0.0,,,,Hunter Henry,,,,,,,,12.84,17.1616,,,0.0,0.0,0.0,0.0,0.0,0.0,0.0,0.0,0.0,0.0,44.1,0.0,2,-0.0056,2059.0,2042.0,2002.0,2367.0,#103,T#266,,,,
AceMatthew,shmuel256,2025 4.04(D. Neal); $8 FAAB,Mike Gesicki,1,1,4,2024-09-24 14:52:17,2024,-0.0,0.0,0.0,2303.0,,2025 4.04(D. Neal),,2027 3(stevenb123),2025 4.06(J. Royals); 2025 4.03(J. Noel),2027 3(stevenb123); Tyler Allgeier,,,7.9296,10.5985,,,,,-10.3985,0.0,0.0,0.0,0.0,0.0,0.0,0.0,0.0,0.0,37.2,-7.91,3,0.0095,1024.0,1130.0,1587.0,1326.0,T#534; ,T#423; ,208.0,stevenb123,,
AceMatthew,stevenb123,2027 3(stevenb123); $35 FAAB,2025 4.04(D. Neal); 2025 4.06(J. Royals); 2025 4.03(J. Noel); $3 FAAB,1,3,4,2024-09-28 22:48:11,2024,-0.0,0.0,0.0,2503.0,,2027 3(stevenb123),,Tyler Allgeier,2028 3(AceMatthew),Tyler Allgeier,,,,,,,,,0.0,0.0,0.0,0.0,0.0,0.0,0.0,0.0,0.0,0.0,42.9,-2.0,2,-0.0049,554.1,480.3,414.4,615.1,T#348; ,; ,,,,
AceMatthew,shmuel256,Devin Singletary; $2 FAAB,Mike Williams,1,1,2,2024-10-29 13:12:13,2024,-0.2,0.0,0.0,,,,Devin Singletary,,,,4.9,4.7507,4.3125,4.5493,9.1,8.8227,0.5875,0.2013,0.2013,0.0,0.0,0.0,0.0,0.0,0.0,0.0,0.0,0.0,45.7,-2.92,2,0.0032,1088.0,558.0,1318.0,,#127; ,T#411; ,,,,
AceMatthew,plehv79,MarShawn Lloyd; Bijan Robinson; 2025 3.08(J. Milroe); 2025 2.04(K. Johnson),James Conner; 2025 1.04(T. McMillan); 2025 3.04(J. Bech); 2026 2.07(C. Bell); 2027 1(AceMatthew); 2025 3.03(D. Sampson); 2026 3.02(C. Okonkwo); 2028 1(AceMatthew),4,8,12,2025-06-18 21:14:48,2025,2.5,3.0,2.55,7709.0,Bijan Robinson; 2025 3.08(J. Milroe),2025 2.04(K. Johnson),MarShawn Lloyd,2026 2.05(N. Singleton); 2025 3.02(B. Tuten); 2027 4(Oliverwkw); 2029 2(stevenb123),,2026 2.05(N. Singleton); 2025 3.02(B. Tuten); 2027 4(Oliverwkw); 2029 2(stevenb123); 2027 4(shmuel256); 2026 2.08(E. Johnson),7.5544,7.302,10.7667,10.3787,12.8,12.3388,-3.2123,-3.0768,-16.4766,438.2,265.5,172.7,23.06,13.97,9.09,22.23,15.21,7.02,61.9,0.89,2,-0.0884,-507.0,543.6,982.9,,#159; ; PH#184; T#550,PH#156; PH#97; T#338; T#338,-25.0,,,
AceMatthew,BROsenzweig,2026 3.05(T. Hurst); 2025 3.06(T. Ferguson),Brian Robinson,2,1,3,2025-07-17 12:27:17,2025,0.8,0.87,0.74,5980.5,,2026 3.05(T. Hurst); 2025 3.06(T. Ferguson),,Davante Adams; Deebo Samuel; DeVonta Smith; 2028 3(stevenb123); 2027 4(LWebs53); 2027 4(shmuel256),Jayden Higgins; Zay Flowers; 2026 3.07(M. Washington); 2026 3.06(D. Stribling); 2025 3.02(B. Tuten),Davante Adams; Deebo Samuel; DeVonta Smith; 2028 3(stevenb123); 2027 4(LWebs53); Joe Flacco; 2027 4(shmuel256); 2026 2.08(E. Johnson),,,3.9545,3.8121,,,,,-3.2121,0.0,0.0,0.0,0.0,0.0,0.0,0.0,0.0,0.0,52.5,-4.95,2,0.0126,1567.9,2559.6,2459.6,,T#211; T#342,T#70; T#92,80.0,,,
AceMatthew,stevenb123,2026 2.05(N. Singleton); 2025 3.02(B. Tuten); 2027 4(Oliverwkw); 2029 2(stevenb123),2025 2.04(K. Johnson),4,1,5,2025-07-20 17:56:00,2025,0.8,0.0,0.0,13291.5,2026 2.05(N. Singleton); 2029 2(stevenb123),2025 3.02(B. Tuten); 2027 4(Oliverwkw),,2027 4(shmuel256); 2026 2.08(E. Johnson),2025 3.06(T. Ferguson); 2027 4(AceMatthew); 2027 4(shmuel256),2027 4(shmuel256); 2026 2.08(E. Johnson),0.5,0.482,,,,,0.5,0.482,4.282,0.0,0.0,0.0,0.0,0.0,0.0,0.0,0.0,0.0,61.5,-1.75,2,0.0382,3242.6,3122.7,2711.2,,PH#205; T#342; T#221; ,T#547; T#528; T#526; ,-272.0,,,
AceMatthew,plehv79,2027 4(shmuel256),2025 3.06(T. Ferguson); 2025 3.02(B. Tuten),1,2,3,2025-07-20 18:14:05,2025,-0.0,0.0,0.0,2159.5,,2027 4(shmuel256),,2026 2.08(E. Johnson),2027 4(AceMatthew); 2027 4(Oliverwkw),2026 2.08(E. Johnson),,,,,,,,,0.2,0.0,0.0,0.0,0.0,0.0,0.0,0.0,0.0,0.0,33.2,-2.0,2,-0.0004,-2922.3,-2669.1,-2395.1,,T#221,T#341,,,,
AceMatthew,plehv79,Ray Davis; 2025 2.09,,2,0,2,2025-07-20 18:16:38,2025,-0.0,0.0,0.0,3733.0,2025 209.??,Ray Davis,,2028 3(shmuel256),,2028 3(shmuel256); Brian Robinson; 2028 4(plehv79),,,,,5.08,4.897,,,0.0,0.0,0.0,0.0,0.0,0.0,0.0,0.0,0.0,0.0,51.8,0.0,2,0.0029,5330.2,4732.6,4754.8,,T#42; PH#538,#1125; T#337,-59.0,,,
AceMatthew,plehv79,Tyler Allgeier,2027 3(stevenb123); 2028 3(AceMatthew),1,2,3,2025-08-11 10:52:58,2025,-0.3,0.0,0.0,,Tyler Allgeier,,,,,,7.2579,6.9964,,,6.3,6.073,7.2579,6.9964,10.7964,0.0,0.0,0.0,0.0,0.0,0.0,0.0,0.0,0.0,36.2,5.88,2,-0.0195,-2218.8,-1857.3,-2317.4,,,T#495,,,,
AceMatthew,shmuel256,2028 3(shmuel256),Ray Davis,1,1,2,2025-08-17 13:17:32,2025,0.1,0.0,0.0,2771.5,,2028 3(shmuel256),,Brian Robinson; 2028 4(plehv79),Emanuel Wilson,Brian Robinson; 2028 4(plehv79),,,3.2238,3.1077,,,,,-2.5077,0.0,0.0,0.0,0.0,0.0,0.0,0.0,0.0,0.0,43.4,-6.81,2,0.0107,98.5,854.5,988.5,,T#457,T#444,,,,
AceMatthew,LWebs53,Davante Adams; Deebo Samuel; DeVonta Smith; 2028 3(stevenb123); 2027 4(LWebs53),Jayden Higgins; Zay Flowers; 2026 3.05(T. Hurst); 2026 3.07(M. Washington); 2026 3.06(D. Stribling),5,5,11,2025-08-30 20:07:08,2025,4.2,6.0,5.1,4873.0,Davante Adams; Deebo Samuel; DeVonta Smith; 2028 3(stevenb123),2027 4(LWebs53),,Joe Flacco,,Joe Flacco,14.0193,15.2126,11.3947,12.3647,15.84,17.1883,2.6245,2.8479,6.4582,480.9,361.2,119.7,24.05,18.06,5.99,26.09,19.53,6.56,77.0,3.49,3,-0.0243,208.6,30.0,322.1,,; ; ; ; T#216,T#345; T#435; T#188; T#210; T#210,,Oliverwkw,,
AceMatthew,JacobRosenzweig,Michael Mayer,$3 FAAB,1,0,1,2025-09-14 12:31:52,2025,-0.1,0.0,0.0,,,,Michael Mayer,,,,2.9,3.5722,,,3.68,4.533,2.9,3.5722,8.5722,0.0,0.0,0.0,0.0,0.0,0.0,0.0,0.0,0.0,56.3,0.0,2,0.001,1695.0,1749.0,2218.0,,#144,#442,,,,
AceMatthew,BROsenzweig,$8 FAAB,Kimani Vidal,0,1,1,2025-10-08 11:29:11,2025,-0.5,0.0,0.0,,,,,,,,,,8.8643,8.5449,,,,,-8.5449,0.0,0.0,0.0,0.0,0.0,0.0,0.0,0.0,0.0,16.6,0.0,2,-0.0016,-120.0,-1924.0,,,,,,,,
AceMatthew,shmuel256,Michael Carter,$5 FAAB,1,0,1,2025-10-08 11:44:59,2025,-0.1,0.0,0.0,,,,Michael Carter,,,,8.4,8.0973,,,10.84,10.4494,8.4,8.0973,8.0973,0.0,0.0,0.0,0.0,0.0,0.0,0.0,0.0,0.0,52.2,0.0,2,-0.001,1324.0,1140.0,,,#152,#1314,,,,
AceMatthew,LWebs53,Joe Flacco,2027 4(LWebs53); $5 FAAB,1,1,2,2025-11-02 17:09:23,2025,-1.0,0.0,0.0,,,,Joe Flacco,,,,6.4933,5.296,,,14.8,12.071,6.4933,5.296,5.096,0.0,0.0,0.0,0.0,0.0,0.0,0.0,0.0,0.0,29.5,20.62,2,-0.0238,-811.5,-1482.5,,,#160,#836,,,,
AceMatthew,shmuel256,Brian Robinson; 2028 4(plehv79),Emanuel Wilson; 2028 3(shmuel256),2,2,4,2026-03-24 14:54:57,2026,-0.1,0.0,0.0,2149.0,Brian Robinson; 2028 4(plehv79),,,,,,7.6,7.3262,3.6333,3.5024,1.68,1.6195,3.9667,3.8237,3.4237,0.0,0.0,0.0,0.0,0.0,0.0,0.0,0.0,0.0,40.9,0.07,2,-0.0024,-574.6,,,,; ,T#446; T#454,,,,
AceMatthew,LWebs53,2026 2.08(E. Johnson),2027 4(AceMatthew); 2027 4(Oliverwkw); 2027 4(shmuel256),1,3,4,2026-05-10 14:21:58,2026,0.0,0.0,0.0,3279.0,2026 2.08(E. Johnson),,,,,,5.3333,5.1412,,,,,5.3333,5.1412,4.5412,0.0,0.0,0.0,0.0,0.0,0.0,0.0,0.0,0.0,38.0,1.0,2,-0.0147,-1725.9,,,,PH#208,T#219,108.0,,,
AceMatthew,BROsenzweig,$15 FAAB,Aaron Rodgers,0,1,1,2026-07-12 19:14:14,2026,-0.6,0.0,0.0,,,,,,,,,,15.04,12.2668,,,,,-12.2668,0.0,0.0,0.0,0.0,0.0,0.0,0.0,0.0,0.0,19.6,0.0,2,0.0212,-450.0,,,,,,,,,
BROsenzweig,shmuel256,Miles Sanders; Christian Kirk; Devonta Freeman,Stefon Diggs; Robbie Chosen; Todd Gurley,3,3,6,2020-09-29 22:18:11,2020,-5.8,-8.0,-1.35,,,,Miles Sanders; Christian Kirk; Devonta Freeman,,,,10.6026,10.9401,12.6195,13.0821,12.3133,12.6774,-2.0169,-2.142,1.8617,324.0,584.3,-260.3,10.8,19.48,-8.68,10.99,20.21,-9.22,30.1,-1.52,2,0.0076,1032.8,-1992.2,-359.2,467.8,#249; #195; #196,PH#409; PH#488; #1184,,,,
BROsenzweig,LWebs53,Tua Tagovailoa; Saquon Barkley,Aaron Jones; Aaron Rodgers,2,2,4,2020-12-16 11:40:32,2020,1.2,1.76,0.33,,Saquon Barkley,Tua Tagovailoa,,Jordan Love; AJ Dillon; 2026 1.02(F. Mendoza),Derrick Henry; Jamaal Williams,Jordan Love; AJ Dillon; 2026 1.02(F. Mendoza); Joe Flacco; A.J. Brown; Rhamondre Stevenson; Chuba Hubbard,15.4879,14.2405,14.7949,13.4201,19.688,18.2704,0.6931,0.8204,2.5443,1533.88,1458.58,75.3,19.17,18.23,0.94,18.37,16.38,1.98,78.2,-8.22,2,0.0275,1761.0,1788.2,782.6,3986.6,T#62; ,PH#530; PH#386,,,,
BROsenzweig,shmuel256,Melvin Gordon; 2022 4.08(M. Valdes-Scantling),2023 3.06(R. Johnson); 2024 3.03(A. Mitchell),2,2,4,2021-11-13 10:49:09,2021,1.1,0.41,0.09,1492.0,,2022 4.08(M. Valdes-Scantling),Melvin Gordon,Zach Ertz,2022 3.06(D. Bell),Zach Ertz,9.0375,9.0601,,,12.9,12.9323,9.0375,9.0601,15.3916,60.5,0.0,60.5,10.08,0.0,10.08,10.11,0.0,10.11,67.7,5.2,2,-0.0202,-932.6,-1307.0,-2393.4,-2996.4,#218; T#167,PH#8; T#370,215.0,,,
BROsenzweig,stevenb123,Julio Jones; 2022 3.06(D. Bell); 2022 4.06(T. McBride),2022 3.03(J. Tolbert); 2022 4.03(I. Pacheco),3,2,5,2022-08-23 02:10:27,2022,-1.3,-2.41,-0.58,4252.0,,2022 3.06(D. Bell); 2022 4.06(T. McBride),Julio Jones,Zach Ertz; 2023 4.08(L. Musgrave),2022 4.08(M. Valdes-Scantling),Zach Ertz; 2023 4.08(L. Musgrave); Mike Gesicki; Allen Lazard; 2026 4.01(E. Raridon); Adonai Mitchell,8.5,8.8199,,,7.6,7.886,8.5,8.8199,14.8174,6.5,8.2,-1.7,3.25,4.1,-0.85,3.37,4.15,-0.78,37.5,3.86,2,-0.0127,97.5,-307.2,-469.6,-469.6,#215; T#167; T#379,T#478; T#482; T#481,107.0,,,
BROsenzweig,LWebs53,Zach Ertz,2022 4.08(M. Valdes-Scantling); 2022 3.06(D. Bell),1,2,3,2022-08-26 12:49:51,2022,1.2,1.0,0.24,,,,Zach Ertz,,,,11.56,15.2518,,,11.68,15.4102,11.56,15.2518,48.4469,136.3,108.7,27.6,9.74,7.76,1.97,12.82,8.01,4.82,68.0,9.81,2,-0.0212,-1313.8,-2008.8,-2700.8,-2838.8,#234,#538,,,,
BROsenzweig,shmuel256,2023 4.08(L. Musgrave),2022 4.06(T. McBride),1,1,2,2022-08-26 22:13:10,2022,-1.9,-3.0,-0.72,1819.0,,2023 4.08(L. Musgrave),,Mike Gesicki; Allen Lazard,2023 3.05(M. Mims),Mike Gesicki; Allen Lazard; 2026 4.01(E. Raridon); Adonai Mitchell,,,,,,,,,0.2,0.0,0.0,0.0,0.0,0.0,0.0,0.0,0.0,0.0,30.8,-0.99,2,0.0027,91.0,297.5,-29.5,22.5,T#174,T#375,-29.5,,,
BROsenzweig,LWebs53,Gerald Everett,Mike Gesicki; $1 FAAB,1,1,2,2022-09-29 02:10:09,2022,-0.5,-1.0,-0.25,,,,Gerald Everett,,,,7.8615,10.3722,5.21,6.8739,8.32,10.9771,2.6515,3.4983,6.0765,62.2,31.8,30.4,6.91,3.53,3.38,9.09,4.63,4.46,49.7,1.27,2,-0.0019,290.0,163.0,166.0,-1190.0,#282,#620,,,,
BROsenzweig,plehv79,DK Metcalf,2023 1.06(Q. Johnston),1,1,2,2022-11-25 02:10:06,2022,1.2,0.0,0.0,,,DK Metcalf,,2026 2.06(J. Coleman); 2028 3(plehv79); 2027 3(shmuel256),,2026 2.06(J. Coleman); 2028 3(plehv79); 2027 3(shmuel256); Jonathon Brooks; 2027 4(stevenb123); Chris Olave; 2027 2(AceMatthew); Javonte Williams; Jacory Croskey-Merritt,13.624,14.1367,,,10.58,10.9782,13.624,14.1367,45.039,629.6,309.0,320.6,13.4,6.57,6.82,13.97,6.92,7.05,80.1,3.72,2,-0.0333,277.0,379.0,-134.0,179.0,T#105,PH#443,,,,
BROsenzweig,LWebs53,Josh Doctson,$1 FAAB,1,0,1,2022-12-01 02:14:01,2022,-0.3,0.0,0.0,,,,Josh Doctson,,,,,,,,6.36,6.5994,,,0.0,0.0,0.0,0.0,0.0,0.0,0.0,0.0,0.0,0.0,34.5,0.0,2,-0.0079,-18.0,-92.0,-100.0,-100.0,#233,#668,,,,
BROsenzweig,plehv79,2023 2.07(K. Miller); 2023 3.05(M. Mims),Amari Cooper,2,1,3,2023-06-05 02:10:44,2023,-1.3,-2.0,-0.63,6277.0,2023 2.07(K. Miller),2023 3.05(M. Mims),,Mike Gesicki; Allen Lazard,2023 4.08(L. Musgrave),Mike Gesicki; Allen Lazard; 2026 4.01(E. Raridon); Adonai Mitchell,4.54,4.68,11.5219,11.6353,,,-6.9819,-6.9553,-6.9553,8.0,16.6,-8.6,4.0,8.3,-4.3,3.88,8.76,-4.88,31.8,-7.21,2,0.0134,1294.4,1298.0,1610.0,3223.0,PH#111; T#174,T#306; T#309,-460.0,,,
BROsenzweig,LWebs53,Mike Gesicki; Allen Lazard,2023 4.08(L. Musgrave); 2023 3.05(M. Mims),2,2,4,2023-06-11 20:21:10,2023,0.2,0.0,0.0,,,,Mike Gesicki; Allen Lazard,,,,5.9042,6.6926,,,8.23,9.274,5.9042,6.6926,6.6926,10.8,4.3,6.5,10.8,4.3,6.5,11.39,5.75,5.65,60.8,5.81,2,-0.016,-517.6,-2376.2,-1917.0,-1236.8,#244; #250,#681; #610,,,,
BROsenzweig,LWebs53,Jordan Love; AJ Dillon; 2026 1.02(F. Mendoza),Derrick Henry; Jamaal Williams; Tua Tagovailoa,3,3,6,2023-07-17 10:04:04,2023,-5.5,-9.35,-2.94,4582.0,Jordan Love,AJ Dillon; 2026 1.02(F. Mendoza),,Joe Flacco; A.J. Brown; Rhamondre Stevenson,2026 3.01(E. Sarratt),Joe Flacco; A.J. Brown; Rhamondre Stevenson; Chuba Hubbard,12.2587,10.998,11.7171,11.1566,8.716,8.6318,0.5416,-0.1586,4.7119,505.4,559.46,-54.06,16.3,18.05,-1.74,13.6,16.76,-3.16,40.0,-4.8,2,0.0476,-607.6,346.3,2819.1,2429.2,; T#71; T#206,PH#11; T#375; PH#194,557.5,,,
BROsenzweig,AceMatthew,Kareem Hunt; Chase Claypool; Gabe Davis,Rashaad Penny; 2024 4.03(R. Wilson); 2025 3.05(K. Williams); 2026 3.06(D. Stribling),3,4,7,2023-08-04 19:22:06,2023,0.1,-1.0,-0.31,,,Gabe Davis,Kareem Hunt; Chase Claypool,Romeo Doubs,2027 3(shmuel256),Romeo Doubs,6.1482,6.2672,1.6,1.6493,6.4267,6.5162,4.5482,4.6179,5.0838,103.0,0.0,103.0,11.44,0.0,11.44,11.62,0.0,11.62,56.3,3.99,2,-0.0286,-488.0,-1632.8,-2306.0,-3710.8,#284; #237; T#80,PH#461; T#484; #45,,,,
BROsenzweig,shmuel256,Mike Evans; 2024 4.07(T. Tracy),2025 2.05(T. Warren); 2026 2.06(J. Coleman); $17 FAAB,2,2,4,2023-11-03 22:17:57,2023,3.7,1.0,0.37,1868.0,,Mike Evans; 2024 4.07(T. Tracy),,Amari Cooper; 2025 4.04(D. Neal); 2025 2.06(C. Skattebo); 2024 4.06(K. Vidal),,Amari Cooper; 2025 4.04(D. Neal); 2025 2.06(C. Skattebo); Tucker Kraft; Travis Kelce; 2024 4.06(K. Vidal),19.825,20.0201,,,13.2,13.3299,19.825,20.0201,76.6804,79.3,0.0,79.3,19.82,0.0,19.82,20.02,0.0,20.02,76.4,6.01,2,-0.0359,-1596.7,-1141.1,-1837.8,-3217.2,T#65; T#422,T#385; T#408,271.0,,,
BROsenzweig,plehv79,Amari Cooper; 2025 4.04(D. Neal); 2025 2.06(C. Skattebo),Mike Evans,3,1,4,2023-11-30 02:13:44,2023,-0.2,0.0,0.0,5598.0,,2025 4.04(D. Neal); 2025 2.06(C. Skattebo),Amari Cooper,Tucker Kraft; Travis Kelce,2026 4.08(M. Trigg),Tucker Kraft; Travis Kelce,11.9,12.0171,16.8957,17.0619,13.32,13.4511,-4.9957,-5.0448,-13.0834,180.7,225.8,-45.1,12.05,15.05,-3.01,12.47,15.63,-3.16,36.5,-6.96,2,0.0238,2531.3,2578.0,2850.6,2991.8,#341; T#512; T#187,T#318; T#317; PH#174,1009.0,,,
BROsenzweig,plehv79,Michael Wilson; 2025 3.08(J. Milroe),Logan Thomas,2,1,3,2023-12-02 18:52:52,2023,2.2,0.41,0.17,2896.0,,Michael Wilson; 2025 3.08(J. Milroe),,DeAndre Hopkins; Michael Pittman; Alec Pierce; 2025 3.08(J. Milroe); 2025 4.05(E. Arroyo); 2025 2.02(C. Loveland),2025 1.05(T. Henderson); 2025 2.02(C. Loveland); DeAndre Hopkins; 2025 4.05(E. Arroyo),DeAndre Hopkins; Michael Pittman; Alec Pierce; 2025 3.08(J. Milroe); 2025 4.05(E. Arroyo); 2026 3.01(E. Sarratt); Joshua Palmer; Ty Chandler; Curtis Samuel; A.J. Brown; Rhamondre Stevenson; Chuba Hubbard; 2025 2.02(C. Loveland),5.1667,5.2175,5.8,7.5599,6.76,6.8265,-0.6333,-2.3424,-1.7424,115.1,0.0,115.1,19.18,0.0,19.18,20.82,0.0,20.82,81.5,-10.41,2,0.0206,3169.4,3319.7,4334.8,4762.0,T#73; T#254,#1110; T#320,230.5,,,
BROsenzweig,shmuel256,2025 3.07(M. Taylor); 2026 4.08(M. Trigg),Zack Moss,2,1,3,2023-12-06 19:32:21,2023,0.1,0.0,0.0,4514.0,,2025 3.07(M. Taylor); 2026 4.08(M. Trigg),,Curtis Samuel; Tucker Kraft,2025 4.05(E. Arroyo); 2026 4.06(S. Bell); 2025 4.04(D. Neal),Curtis Samuel; Tucker Kraft,,,9.6182,9.9148,,,,,-9.1148,0.0,0.0,0.0,0.0,0.0,0.0,0.0,0.0,0.0,45.2,-6.21,2,0.0181,1388.6,1543.1,2624.6,4509.1,T#189; T#512,PH#183; T#410,1000.5,,,
BROsenzweig,Oliverwkw,2025 2.02(C. Loveland),DeAndre Hopkins; 2025 3.08(J. Milroe); 2025 4.05(E. Arroyo); $15 FAAB,1,3,4,2023-12-06 21:30:06,2023,-0.4,-0.57,-0.24,3766.0,,2025 2.02(C. Loveland),,DeAndre Hopkins; Michael Pittman; Alec Pierce; 2025 3.08(J. Milroe); 2025 4.05(E. Arroyo),Michael Wilson; 2025 1.05(T. Henderson),DeAndre Hopkins; Michael Pittman; Alec Pierce; 2025 3.08(J. Milroe); 2025 4.05(E. Arroyo); 2026 3.01(E. Sarratt); Joshua Palmer; Ty Chandler; Curtis Samuel; A.J. Brown; Rhamondre Stevenson; Chuba Hubbard,,,7.1268,7.197,,,,,-6.197,0.0,0.0,0.0,0.0,0.0,0.0,0.0,0.0,0.0,22.5,-3.74,2,0.009,-1637.2,-1681.7,-1361.1,-1127.8,T#259,PH#170,406.5,,,
BROsenzweig,stevenb123,Tucker Kraft,2025 4.04(D. Neal); 2026 4.08(M. Trigg),1,2,3,2023-12-13 02:13:29,2023,1.2,0.0,0.0,,Tucker Kraft,,,,,,10.9333,14.2508,,,6.68,8.7069,10.9333,14.2508,27.8166,155.6,6.4,149.2,11.11,0.46,10.66,13.86,0.44,13.42,85.8,3.33,2,-0.0125,-989.8,-661.1,-74.5,1041.1,,#1491,,,,
BROsenzweig,shmuel256,Aaron Jones; 2026 3.05(T. Hurst),2024 2.03(J. McCarthy),2,1,6,2024-03-04 02:11:57,2024,1.5,0.0,0.0,2536.0,Aaron Jones,2026 3.05(T. Hurst),,Brian Robinson,2025 3.06(T. Ferguson),Brian Robinson; Wan'Dale Robinson; 2026 3.03(G. Bernard); 2028 2(shmuel256); J.K. Dobbins,12.2419,11.8688,,,19.26,18.673,12.2419,11.8688,27.4212,227.9,14.32,213.58,13.41,0.84,12.56,12.99,0.69,12.3,79.3,2.86,3,0.0004,-58.4,44.7,113.5,-419.7,; T#37,T#400; T#507,511.5,stevenb123,,
BROsenzweig,Oliverwkw,Joe Flacco,AJ Dillon,1,1,2,2024-05-13 02:13:31,2024,-0.8,0.0,0.0,,,,Joe Flacco,,,,0.0,0.0,,,19.052,15.8051,0.0,0.0,0.0,0.0,0.0,0.0,0.0,0.0,0.0,0.0,0.0,0.0,35.6,13.29,2,-0.0162,-847.0,-336.0,290.0,1157.0,#295,#989,,,,
BROsenzweig,LWebs53,Travis Kelce,2025 2.06(C. Skattebo),1,1,2,2024-05-13 15:13:21,2024,1.2,0.0,0.0,,Travis Kelce,,,,,,12.3571,16.5162,,,18.12,24.2187,12.3571,16.5162,44.101,291.6,17.3,274.3,12.15,0.72,11.43,15.81,0.69,15.12,75.0,13.9,2,-0.027,351.5,-1364.5,-1479.5,-1769.5,,PH#402,,,,
BROsenzweig,Oliverwkw,DeAndre Hopkins; Michael Pittman; Alec Pierce; 2025 3.08(J. Milroe); 2025 4.05(E. Arroyo),Michael Wilson; 2025 1.05(T. Henderson); 2025 2.02(C. Loveland),5,3,8,2024-05-13 16:02:51,2024,0.5,1.18,0.54,4961.5,Michael Pittman,DeAndre Hopkins; 2025 3.08(J. Milroe); 2025 4.05(E. Arroyo),Alec Pierce,2026 3.01(E. Sarratt); Joshua Palmer; Ty Chandler; Curtis Samuel,Michael Mayer; 2026 4.06(S. Bell); 2025 3.07(M. Taylor),2026 3.01(E. Sarratt); A.J. Brown; Rhamondre Stevenson; Chuba Hubbard; Joshua Palmer; Ty Chandler; Curtis Samuel,11.0394,11.6457,10.7056,11.2935,11.0933,11.7026,0.3338,0.3522,-5.0966,287.1,298.1,-11.0,12.48,12.96,-0.48,13.38,13.89,-0.51,32.9,2.92,2,-0.0435,189.8,-2474.9,-2225.0,-1687.9,T#81; ; #285; T#25; T#189,T#254; PH#497; PH#93; T#254; T#254,599.5,,,
BROsenzweig,AceMatthew,Joshua Palmer; Ty Chandler,2025 3.08(J. Milroe); $14 FAAB,2,1,3,2024-06-29 18:11:21,2024,-0.4,0.0,0.0,,,,Joshua Palmer; Ty Chandler,,,,4.5693,4.7357,,,12.56,12.7383,4.5693,4.7357,4.1357,0.0,0.0,0.0,0.0,0.0,0.0,0.0,0.0,0.0,30.1,4.62,2,-0.0096,-40.5,-1158.1,-1383.2,-1967.8,#333; #328,T#488; #89,,,,
BROsenzweig,LWebs53,Curtis Samuel; $15 FAAB,2025 4.05(E. Arroyo); 2026 4.06(S. Bell); 2025 3.07(M. Taylor),1,3,4,2024-06-29 18:11:24,2024,-0.5,0.0,0.0,,,,Curtis Samuel,,,,3.6333,3.8329,,,9.18,9.6842,3.6333,3.8329,2.8329,0.0,0.0,0.0,0.0,0.0,0.0,0.0,0.0,0.0,25.2,7.39,2,-0.0261,-1303.0,-2871.9,-3125.3,-3857.0,#309; ,#763; ,,,,
BROsenzweig,AceMatthew,,$2 FAAB,0,0,0,2024-06-29 18:45:46,2024,-0.3,0.0,0.0,,,,,,,,,,,,,,,,0.0,0.0,0.0,0.0,0.0,0.0,0.0,0.0,0.0,0.0,33.8,0.0,2,0.0,-200.0,-200.0,-200.0,-200.0,,,,,,
BROsenzweig,stevenb123,$2 FAAB,Michael Thomas,0,1,1,2024-07-03 02:14:03,2024,-0.3,0.0,0.0,,,,,,,,,,,,,,,,0.0,0.0,0.0,0.0,0.0,0.0,0.0,0.0,0.0,0.0,36.6,0.0,2,0.0082,-126.0,200.0,200.0,200.0,,,,,,
BROsenzweig,shmuel256,2024 4.06(K. Vidal),2024 4.07(T. Tracy),1,1,2,2024-07-13 18:51:55,2024,-0.5,0.0,0.0,2178.0,2024 4.06(K. Vidal),,,,,,3.5222,3.4149,,,,,3.5222,3.4149,3.4149,2.0,6.7,-4.7,2.0,6.7,-4.7,1.93,6.46,-4.53,34.9,0.0,2,0.0,0.0,0.0,0.0,0.0,PH#158,T#421,-39.0,,,
BROsenzweig,stevenb123,Trey Lance,$4 FAAB,1,0,1,2024-07-14 23:30:51,2024,-0.3,0.0,0.0,,,,Trey Lance,,,,,,,,9.1,7.5492,,,0.0,0.0,0.0,0.0,0.0,0.0,0.0,0.0,0.0,0.0,38.6,0.0,2,0.0007,1080.0,557.0,306.0,691.0,#289,#1511,,,,
BROsenzweig,Oliverwkw,Romeo Doubs,Gabe Davis; 2027 3(shmuel256),1,2,3,2024-08-03 19:10:05,2024,0.2,0.0,0.0,,Romeo Doubs,,,,,,9.875,10.4173,5.1882,5.4732,12.42,13.1021,4.6868,4.9442,5.5635,41.2,22.8,18.4,10.3,5.7,4.6,10.87,6.01,4.85,60.9,2.18,2,-0.0094,-948.6,-689.3,-932.9,-927.6,,T#408,,,,
BROsenzweig,stevenb123,2026 3.01(E. Sarratt),DeAndre Hopkins; Michael Mayer; $3 FAAB,1,2,3,2024-08-04 15:26:59,2024,0.3,0.35,0.16,2571.5,,2026 3.01(E. Sarratt),,A.J. Brown; Rhamondre Stevenson,2026 1.02(F. Mendoza),A.J. Brown; Rhamondre Stevenson; Chuba Hubbard,,,5.6718,6.6931,,,,,-6.0931,0.0,0.0,0.0,0.0,0.0,0.0,0.0,0.0,0.0,41.4,-7.7,2,0.0165,-1446.1,-684.1,51.4,685.5,T#206,T#519,476.0,,,
BROsenzweig,LWebs53,,Kenny Pickett,0,1,1,2024-08-05 15:40:21,2024,-0.3,0.0,0.0,,,,,,,,,,2.2107,1.8339,,,,,-1.8339,0.0,0.0,0.0,0.0,0.0,0.0,0.0,0.0,0.0,28.4,0.0,2,0.0017,-1114.0,-933.0,-1298.0,-1030.0,,,,,,
BROsenzweig,stevenb123,2026 4.02(Z. Branch),$25 FAAB,1,0,1,2024-08-29 22:52:19,2024,-0.1,0.0,0.0,1853.5,,2026 4.02(Z. Branch),,Adonai Mitchell,2026 4.01(E. Raridon); 2028 4(LWebs53),Adonai Mitchell,,,,,,,,,0.2,0.0,0.0,0.0,0.0,0.0,0.0,0.0,0.0,0.0,40.6,0.0,2,0.0068,-646.5,-399.0,-251.5,-138.5,T#274,T#507,534.5,,,
BROsenzweig,stevenb123,Luke McCaffrey,$17 FAAB,1,0,1,2024-09-03 20:26:12,2024,-0.2,0.0,0.0,,,Luke McCaffrey,,Sam Darnold; 2028 4(LWebs53),,Sam Darnold; 2028 4(LWebs53); Tre Tucker; Troy Franklin; 2026 2.06(J. Coleman); 2028 4(BROsenzweig); 2027 1(Oliverwkw); Adonai Mitchell; Elic Ayomanor; Tee Higgins; 2028 4(stevenb123); Javonte Williams,3.725,3.9296,,,,,3.725,3.9296,3.9296,0.0,0.0,0.0,0.0,0.0,0.0,0.0,0.0,0.0,41.1,0.0,2,0.0016,724.0,410.0,12.0,-198.0,T#86,#1524,,,,
BROsenzweig,JacobRosenzweig,K.J. Osborn,Kenny Pickett,1,1,2,2024-09-20 14:34:39,2024,-0.3,0.0,0.0,,,,K.J. Osborn,,,,,,,,6.3,6.646,,,0.0,0.0,0.0,0.0,0.0,0.0,0.0,0.0,0.0,0.0,35.1,0.99,2,-0.0012,317.0,-150.0,-457.0,0.0,#303,T#508,,,,
BROsenzweig,LWebs53,Sam Darnold; 2028 4(LWebs53),Luke McCaffrey,2,1,3,2024-10-03 15:53:15,2024,1.7,1.0,0.52,1805.5,,Sam Darnold; 2028 4(LWebs53),,Tre Tucker; Troy Franklin; 2026 2.06(J. Coleman); 2028 4(BROsenzweig); 2027 1(Oliverwkw); Adonai Mitchell,Tony Pollard; 2028 3(JacobRosenzweig); 2026 1.06(J. Price); 2029 3(LWebs53); 2026 4.01(E. Raridon); 2026 4.02(Z. Branch),Tre Tucker; Troy Franklin; 2026 2.06(J. Coleman); 2028 4(BROsenzweig); 2027 1(Oliverwkw); Elic Ayomanor; Tee Higgins; 2028 4(stevenb123); Javonte Williams; Adonai Mitchell,15.8443,13.1441,3.3905,3.5767,18.348,15.2211,12.4538,9.5674,12.5921,47.36,3.3,44.06,11.84,0.82,11.02,9.75,0.87,8.88,88.2,-0.79,2,0.0052,2707.3,3136.4,2948.5,,T#110; T#274,#776; ,,,,
BROsenzweig,stevenb123,Michael Mayer,$6 FAAB,1,0,1,2024-10-07 22:43:25,2024,-0.3,0.0,0.0,,,,Michael Mayer,,,,,,,,4.48,5.9878,,,0.0,0.0,0.0,0.0,0.0,0.0,0.0,0.0,0.0,0.0,41.2,0.0,2,0.0023,1182.0,1306.0,1381.0,,#307,T#525,,,,
BROsenzweig,shmuel256,2026 4.01(E. Raridon); $28 FAAB,Allen Lazard,1,1,2,2024-10-07 23:31:49,2024,0.1,0.0,0.0,1997.0,,2026 4.01(E. Raridon),,Adonai Mitchell,2026 4.02(Z. Branch); 2028 4(LWebs53),Adonai Mitchell,,,5.0625,5.3405,,,,,-5.1405,0.0,0.0,0.0,0.0,0.0,0.0,0.0,0.0,0.0,47.3,-8.73,2,0.0127,2013.2,3059.6,3382.2,,T#274; ,T#423; ,391.0,,,
BROsenzweig,shmuel256,Zack Moss; $30 FAAB,Gardner Minshew; $30 FAAB,1,1,2,2024-12-09 19:44:57,2024,-0.2,0.0,0.0,,,,Zack Moss,,,,0.0,0.0,,,8.08,7.8338,0.0,0.0,0.0,0.0,0.0,0.0,0.0,0.0,0.0,0.0,0.0,0.0,34.9,-1.58,2,0.002,50.4,98.4,-481.2,,#335; ,T#412; ,,,,
BROsenzweig,shmuel256,Tyler Lockett,$4 FAAB,1,0,1,2024-12-09 22:19:48,2024,-0.2,0.0,0.0,,,,Tyler Lockett,,,,4.0333,4.2548,,,5.56,5.8654,4.0333,4.2548,4.2548,0.0,0.0,0.0,0.0,0.0,0.0,0.0,0.0,0.0,45.1,0.0,2,-0.0092,1242.0,1106.0,485.0,,#338,T#392,,,,
BROsenzweig,Oliverwkw,Adonai Mitchell,2026 4.01(E. Raridon); 2026 4.02(Z. Branch); 2028 4(LWebs53),1,3,4,2025-03-15 21:58:25,2025,-0.2,0.0,0.0,,Adonai Mitchell,,,,,,6.4235,6.9703,,,1.16,1.2587,6.4235,6.9703,6.3703,0.0,0.0,0.0,0.0,0.0,0.0,0.0,0.0,0.0,36.7,2.57,2,-0.018,-1557.6,-1660.2,-1819.7,,,PH#147,,,,
BROsenzweig,JacobRosenzweig,2025 3.06(T. Ferguson),Cade Otton,1,1,2,2025-07-12 09:58:33,2025,-0.1,0.0,0.0,3007.0,,2025 3.06(T. Ferguson),,Brian Robinson,2026 3.05(T. Hurst),Brian Robinson; Wan'Dale Robinson; 2026 3.03(G. Bernard); 2028 2(shmuel256); J.K. Dobbins,,,8.0111,9.8679,,,,,-9.8679,0.0,0.0,0.0,0.0,0.0,0.0,0.0,0.0,0.0,34.1,-4.38,2,0.0049,431.0,749.0,685.0,,T#37,T#125,6.0,,,
BROsenzweig,AceMatthew,Brian Robinson,2026 3.05(T. Hurst); 2025 3.06(T. Ferguson),1,2,3,2025-07-17 12:27:17,2025,-0.5,0.0,0.0,,,Brian Robinson,,Wan'Dale Robinson; 2026 3.03(G. Bernard),,Wan'Dale Robinson; 2026 3.03(G. Bernard); 2028 2(shmuel256); J.K. Dobbins,,,,,8.52,8.213,,,-0.6,0.0,0.0,0.0,0.0,0.0,0.0,0.0,0.0,0.0,21.7,4.95,2,-0.013,-1567.9,-2559.6,-2459.6,,T#98,PH#82,,,,
BROsenzweig,JacobRosenzweig,$2 FAAB,Jalen Tolbert,0,1,1,2025-07-20 15:26:47,2025,-0.4,0.0,0.0,,,,,,,,,,3.8583,4.1868,,,,,-4.1868,0.0,0.0,0.0,0.0,0.0,0.0,0.0,0.0,0.0,22.3,0.0,2,0.0018,-1273.0,-1129.0,-1626.0,,,,,,,
BROsenzweig,LWebs53,A.J. Brown; Rhamondre Stevenson,2026 3.01(E. Sarratt); 2026 1.02(F. Mendoza),2,2,4,2025-08-02 13:44:23,2025,1.8,1.0,0.85,,A.J. Brown,Rhamondre Stevenson,,Chuba Hubbard,2028 4(BROsenzweig),Chuba Hubbard,11.7344,12.1668,,,8.95,9.2684,11.7344,12.1668,19.9503,225.9,0.0,225.9,14.12,0.0,14.12,15.32,0.0,15.32,82.1,6.84,2,-0.0465,462.1,-1027.3,-47.3,,; T#103,T#344; T#405,,,,
BROsenzweig,plehv79,James Conner; Tony Pollard; J.K. Dobbins,2028 2(BROsenzweig); $15 FAAB,3,1,4,2025-08-02 18:57:24,2025,0.9,0.0,0.0,,,Tony Pollard; J.K. Dobbins,James Conner,Tre Tucker; Troy Franklin; 2026 2.06(J. Coleman); 2028 4(BROsenzweig); 2027 1(Oliverwkw); Cooper Kupp; 2030 1(LWebs53); 2029 3(LWebs53),Sam Darnold; 2028 3(JacobRosenzweig); 2026 1.06(J. Price); 2029 3(LWebs53); 2030 1(BROsenzweig),Tre Tucker; Troy Franklin; 2026 2.06(J. Coleman); 2028 4(BROsenzweig); 2027 1(Oliverwkw); Elic Ayomanor; Tee Higgins; 2028 4(stevenb123); Javonte Williams; Cooper Kupp; 2030 1(LWebs53); 2029 3(LWebs53),10.8615,10.4701,,,12.9733,12.5059,10.8615,10.4701,15.339,70.6,0.0,70.6,14.12,0.0,14.12,13.61,0.0,13.61,82.6,9.46,2,-0.0279,1282.9,392.2,830.0,,#374; T#110; T#97,T#339; T#499; T#400,,,,
BROsenzweig,LWebs53,Cooper Kupp; 2030 1(LWebs53); 2029 3(LWebs53),J.K. Dobbins; 2030 1(BROsenzweig),3,2,5,2025-08-04 13:58:38,2025,0.2,0.0,0.0,8274.5,2030 1(LWebs53),2029 3(LWebs53),Cooper Kupp,Tre Tucker; Troy Franklin; 2026 2.06(J. Coleman); 2028 4(BROsenzweig); 2027 1(Oliverwkw),Sam Darnold; Tony Pollard; 2028 3(JacobRosenzweig); 2026 1.06(J. Price),Tre Tucker; Troy Franklin; 2026 2.06(J. Coleman); 2028 4(BROsenzweig); 2027 1(Oliverwkw); Elic Ayomanor; Tee Higgins; 2028 4(stevenb123); Javonte Williams,8.1857,8.8825,11.8333,11.407,4.86,5.2737,-3.6476,-2.5245,-1.9245,0.0,0.0,0.0,0.0,0.0,0.0,0.0,0.0,0.0,42.8,0.55,2,0.0048,1074.9,666.5,506.7,,#356; ; T#223,T#277; ; ,,,,
BROsenzweig,shmuel256,Wan'Dale Robinson; 2026 3.03(G. Bernard); $15 FAAB,Brian Robinson,2,1,3,2025-08-22 12:32:55,2025,1.1,0.0,0.0,3036.0,,Wan'Dale Robinson; 2026 3.03(G. Bernard),,2028 2(shmuel256); J.K. Dobbins,Elic Ayomanor,2028 2(shmuel256); J.K. Dobbins,13.3077,14.4405,4.1308,3.9819,12.24,13.2819,9.1769,10.4585,21.4425,31.8,13.9,17.9,10.6,4.63,5.97,11.5,4.47,7.04,87.9,-3.62,2,0.0095,1896.8,3577.8,3454.5,,T#104; T#214; ,T#443; T#444; ,11.5,,,
BROsenzweig,LWebs53,Tank Bigsby,$11 FAAB,1,0,1,2025-09-18 09:45:38,2025,-0.2,0.0,0.0,,,,Tank Bigsby,,,,1.8714,1.804,,,5.8,5.591,1.8714,1.804,1.804,0.0,0.0,0.0,0.0,0.0,0.0,0.0,0.0,0.0,46.9,0.0,2,0.0027,1180.0,1305.0,1350.0,,#357,T#331,,,,
BROsenzweig,plehv79,Jaylen Warren,Dontayvion Wicks; 2027 3(BROsenzweig),1,2,3,2025-09-24 09:51:11,2025,0.4,0.0,0.0,,Jaylen Warren,,,,,,13.16,12.6858,7.0154,7.6126,10.6,10.2181,6.1446,5.0733,9.9047,93.4,39.2,54.2,13.34,5.6,7.74,12.86,6.08,6.79,63.1,4.73,2,-0.0137,-1079.7,-1121.6,-1964.0,,,#1083,,,,
BROsenzweig,AceMatthew,Kimani Vidal,$8 FAAB,1,0,1,2025-10-08 11:29:11,2025,0.2,0.0,0.0,,,,Kimani Vidal,,,,11.2,10.7965,,,2.18,2.1015,11.2,10.7965,12.8658,2.0,0.0,2.0,2.0,0.0,2.0,1.93,0.0,1.93,75.8,0.0,2,0.0017,120.0,1924.0,,,#377,#148,,,,
BROsenzweig,LWebs53,J.K. Dobbins,2026 3.03(G. Bernard),1,1,2,2025-10-30 10:17:02,2025,0.5,0.0,0.0,,J.K. Dobbins,,,,,,5.76,5.5525,,,10.8,10.4109,5.76,5.5525,6.6182,9.4,0.0,9.4,9.4,0.0,9.4,9.06,0.0,9.06,68.0,5.71,2,-0.0104,264.0,-587.0,,,,T#209,,,,
BROsenzweig,Oliverwkw,Chuba Hubbard,Rhamondre Stevenson; 2028 4(BROsenzweig),1,2,3,2025-11-15 18:20:52,2025,0.4,0.0,0.0,,Chuba Hubbard,,,,,,10.8444,10.4537,13.9385,13.4363,6.2,5.9766,-3.094,-2.9825,1.1547,15.0,6.8,8.2,15.0,6.8,8.2,14.46,6.55,7.9,61.8,2.96,2,-0.0076,-1046.0,-768.6,,,,#949,,,,
BROsenzweig,shmuel256,2028 2(shmuel256),Elic Ayomanor; Wan'Dale Robinson,1,2,3,2025-12-02 18:29:48,2025,-0.1,0.0,0.0,3610.5,2028 2(shmuel256),,,,,,,,9.9021,10.745,,,,,-8.945,0.0,0.0,0.0,0.0,0.0,0.0,0.0,0.0,0.0,24.1,-4.45,2,0.0126,-1691.1,-1696.9,,,,,,,,
BROsenzweig,stevenb123,2026 2.06(J. Coleman); 2028 3(plehv79); 2027 3(shmuel256),DK Metcalf,3,1,4,2026-01-13 21:34:25,2026,0.4,0.0,0.0,9525.5,2027 3(shmuel256),2026 2.06(J. Coleman); 2028 3(plehv79),,Jonathon Brooks; 2027 4(stevenb123); Chris Olave; 2027 2(AceMatthew),Xavier Worthy; 2027 1(BROsenzweig),Jonathon Brooks; 2027 4(stevenb123); Javonte Williams; Jacory Croskey-Merritt; Chris Olave; 2027 2(AceMatthew),,,10.825,11.7465,,,,,-10.5465,0.0,0.0,0.0,0.0,0.0,0.0,0.0,0.0,0.0,45.5,-7.71,2,0.0295,2701.8,,,,T#218; T#222; ,T#554; T#540; T#538,-267.0,,,
BROsenzweig,JacobRosenzweig,2028 3(JacobRosenzweig); 2028 4(shmuel256),Kenny Gainwell,2,1,3,2026-03-28 18:51:45,2026,0.3,0.0,0.0,4961.5,2028 4(shmuel256),2028 3(JacobRosenzweig),,Tre Tucker; Troy Franklin; 2026 2.06(J. Coleman); 2028 4(BROsenzweig); 2027 1(Oliverwkw),Sam Darnold; Tony Pollard; 2026 1.06(J. Price); 2029 3(LWebs53),Tre Tucker; Troy Franklin; 2026 2.06(J. Coleman); 2028 4(BROsenzweig); 2027 1(Oliverwkw); Elic Ayomanor; Tee Higgins; 2028 4(stevenb123); Javonte Williams,,,3.4333,3.3096,,,,,-2.5096,0.0,0.0,0.0,0.0,0.0,0.0,0.0,0.0,0.0,46.2,-7.47,2,0.0217,1199.7,,,,T#152; ,; T#150,,,,
BROsenzweig,LWebs53,Jonathon Brooks; 2027 4(stevenb123),2026 2.06(J. Coleman),2,1,4,2026-05-02 18:19:42,2026,-0.1,0.0,0.0,2559.0,,Jonathon Brooks; 2027 4(stevenb123),,Javonte Williams; Jacory Croskey-Merritt,Jonah Coleman; 2028 4(BROsenzweig),Javonte Williams; Jacory Croskey-Merritt,,,,,2.5,2.4099,,,0.2,0.0,0.0,0.0,0.0,0.0,0.0,0.0,0.0,0.0,47.0,0.07,3,0.0062,1272.4,,,,T#117; T#362,T#542; T#270,,Oliverwkw,,
BROsenzweig,Oliverwkw,Xavier Worthy; 2028 3(shmuel256),Isaiah Likely,2,1,3,2026-06-16 14:35:21,2026,0.1,0.0,0.0,2904.5,2028 3(shmuel256),Xavier Worthy,,Chris Olave; 2027 2(AceMatthew),2027 1(BROsenzweig); 2028 3(plehv79),Chris Olave; 2027 2(AceMatthew),,,,,6.32,6.858,,,0.6,0.0,0.0,0.0,0.0,0.0,0.0,0.0,0.0,0.0,51.5,-4.7,2,0.0147,1704.7,,,,T#109; ,PH#138; T#291,,,,
BROsenzweig,LWebs53,Chris Olave; 2027 2(AceMatthew),Xavier Worthy; 2027 1(BROsenzweig); 2028 3(plehv79),2,3,5,2026-07-07 16:59:33,2026,2.8,0.0,0.0,4378.0,Chris Olave; 2027 2(AceMatthew),,,,,,23.5,25.5004,7.4333,8.0661,20.78,22.5489,16.0667,17.4343,65.9372,70.5,22.3,48.2,23.5,7.43,16.07,25.5,8.07,17.43,80.7,2.14,2,-0.0328,-1263.1,,,,; ,T#188; T#188,,,,
BROsenzweig,JacobRosenzweig,Tre Tucker; Troy Franklin; 2026 2.06(J. Coleman); 2028 4(BROsenzweig); 2027 1(Oliverwkw),Sam Darnold; Tony Pollard; 2028 3(JacobRosenzweig); 2026 1.06(J. Price); 2029 3(LWebs53),5,5,17,2026-07-10 17:26:39,2026,0.7,0.0,0.0,11848.5,2026 2.06(J. Coleman); 2027 1(Oliverwkw),Tre Tucker; Troy Franklin; 2028 4(BROsenzweig),,Elic Ayomanor; Tee Higgins; 2028 4(stevenb123); Javonte Williams,2028 4(stevenb123); 2028 1(BROsenzweig); Jonathon Brooks; Jonah Coleman,Elic Ayomanor; Tee Higgins; 2028 4(stevenb123); Javonte Williams,,,,,7.03,7.6284,,,4.0,0.0,0.0,0.0,0.0,0.0,0.0,0.0,0.0,0.0,54.4,-1.51,5,0.0319,756.3,,,,T#115; T#113; PH#206; T#154; ,T#290; PH#148; T#290; T#458; ,76.0,LWebs53,Oliverwkw,shmuel256
BROsenzweig,plehv79,$20 FAAB,2026 5.02,0,1,1,2026-07-12 19:07:17,2026,-0.3,0.0,0.0,,,,,,,,,,,,,,,,0.0,0.0,0.0,0.0,0.0,0.0,0.0,0.0,0.0,0.0,33.9,0.0,2,-0.0053,-191.0,,,,,,,,,
BROsenzweig,AceMatthew,Aaron Rodgers,$15 FAAB,1,0,1,2026-07-12 19:14:14,2026,-0.1,0.0,0.0,,,,Aaron Rodgers,,,,7.76,6.3291,,,11.484,9.3665,7.76,6.3291,6.3291,0.0,0.0,0.0,0.0,0.0,0.0,0.0,0.0,0.0,48.2,0.0,2,-0.0209,450.0,,,,#382,#123,,,,
BROsenzweig,JacobRosenzweig,Tee Higgins; 2028 4(stevenb123),Troy Franklin; 2028 1(BROsenzweig),2,2,4,2026-08-05 09:20:14,2026,2.1,0.0,0.0,2155.0,Tee Higgins,2028 4(stevenb123),,Elic Ayomanor,Tre Tucker,Elic Ayomanor,14.8,16.0598,2.4333,2.6405,15.64,16.9713,12.3667,13.4194,53.8776,44.4,7.3,37.1,14.8,2.43,12.37,16.06,2.64,13.42,83.3,2.03,2,-0.0319,-116.8,,,,; T#460,T#425; T#150,,,,
BROsenzweig,stevenb123,Noah Gray,$5 FAAB,1,0,1,2026-08-06 23:38:52,2026,-0.3,0.0,0.0,,,,Noah Gray,,,,,,,,3.02,3.72,,,0.0,0.0,0.0,0.0,0.0,0.0,0.0,0.0,0.0,0.0,39.8,0.0,2,-0.0018,1016.0,,,,#376,#1599,,,,
BROsenzweig,shmuel256,Elic Ayomanor,Tre Tucker; 2028 4(stevenb123),1,2,3,2026-08-07 11:56:15,2026,-0.4,0.0,0.0,,Elic Ayomanor,,,,,,6.3667,6.9086,11.9667,12.9853,8.32,9.0282,-5.6,-6.0767,-6.2767,0.0,0.0,0.0,0.0,0.0,0.0,0.0,0.0,0.0,21.8,0.5,2,-0.006,-1295.1,,,,,T#455,,,,
BROsenzweig,plehv79,Jacory Croskey-Merritt,2027 4(stevenb123),1,1,2,2026-09-01 15:03:21,2026,-0.3,0.0,0.0,,Jacory Croskey-Merritt,,,,,,7.5667,7.294,,,10.14,9.7747,7.5667,7.294,7.094,0.0,0.0,0.0,0.0,0.0,0.0,0.0,0.0,0.0,45.9,4.39,2,-0.0067,653.5,,,,,#1152,,,,
BROsenzweig,JacobRosenzweig,Javonte Williams,Jonathon Brooks; Jonah Coleman; 2028 4(BROsenzweig),1,3,4,2026-09-09 17:24:41,2026,1.3,0.0,0.0,,Javonte Williams,,,,,,16.5,15.9055,6.025,5.8079,12.9,12.4352,10.475,10.0976,40.1904,49.5,22.0,27.5,16.5,7.33,9.17,15.91,7.07,8.84,73.7,4.3,2,-0.0172,-1483.1,,,,,T#315,,,,
JacobRosenzweig,stevenb123,D'Andre Swift; 2021 4.01(R. Moore),2021 1.02(K. Pitts),2,1,3,2021-08-29 00:15:58,2021,-0.6,-2.95,-0.57,1533.0,2021 4.01(R. Moore),D'Andre Swift,,George Pickens,2025 3.01(T. Harris); 2024 2.07(R. Pearsall),George Pickens,10.7257,10.9526,,,17.62,17.6642,10.7257,10.9526,37.242,523.8,304.8,219.0,13.43,7.82,5.62,13.64,9.88,3.76,53.7,0.32,2,0.0021,485.8,1974.2,1261.2,-1678.8,T#130; PH#57,PH#428; PH#57,68.0,,,
JacobRosenzweig,stevenb123,Deebo Samuel; Amari Rodgers; Kyle Trask; 2022 2.05(C. Watson); 2022 4.04(T. Davis-Price),Leonard Fournette; Julio Jones; 2022 2.01(G. Pickens); 2024 1.02(C. Williams),5,4,9,2022-07-04 02:10:26,2022,-1.0,-2.02,-0.48,4957.0,2022 2.05(C. Watson); 2022 4.04(T. Davis-Price),Deebo Samuel,Amari Rodgers; Kyle Trask,Tee Higgins; 2027 2(stevenb123),2026 4.04(K. Allen); 2026 3.08(M. Fields),Tee Higgins; 2027 2(stevenb123); Troy Franklin; 2028 1(BROsenzweig),9.2569,9.5977,9.4113,9.6096,9.876,10.2477,-0.1544,-0.0119,-5.0422,562.1,495.3,66.8,16.06,14.15,1.91,16.49,14.44,2.05,33.8,-2.18,2,-0.0158,142.9,-711.1,-1027.9,-1497.7,T#137; #406; #402; PH#77; PH#92,PH#453; T#469; #1446; T#477; T#472,263.0,,,
JacobRosenzweig,stevenb123,2025 3.08(J. Milroe); 2024 2.07(R. Pearsall),Tony Pollard,2,1,3,2022-09-22 02:10:27,2022,-1.6,-2.87,-0.71,6109.5,,2025 3.08(J. Milroe); 2024 2.07(R. Pearsall),,Javonte Williams; 2023 1.02(A. Richardson); George Pickens,2023 1.01(B. Robinson); 2025 3.01(T. Harris); D'Andre Swift,Javonte Williams; 2023 1.02(A. Richardson); Jonathon Brooks; Jonah Coleman; 2028 4(BROsenzweig); George Pickens,,,12.7754,12.9311,,,,,-10.5311,0.0,0.0,0.0,0.0,0.0,0.0,0.0,0.0,0.0,29.1,-5.84,2,0.0275,1471.3,557.3,72.5,2393.4,T#315; T#418,PH#184; T#481,1001.0,,,
JacobRosenzweig,shmuel256,2023 4.04(Z. Evans); 2024 2.06(T. Benson),Tyler Lockett; 2024 3.02(M. Penix),2,2,4,2022-12-04 02:10:25,2022,-1.3,-3.0,-0.86,5923.5,2023 4.04(Z. Evans); 2024 2.06(T. Benson),,,,,,4.5167,4.379,8.1446,8.4512,,,-3.628,-4.0722,-2.6722,2.9,0.0,2.9,2.9,0.0,2.9,2.81,0.0,2.81,46.4,-4.46,2,0.02,237.6,333.6,684.5,1035.1,PH#124; PH#142,PH#124; PH#142,-21.5,,,
JacobRosenzweig,plehv79,Javonte Williams; 2023 1.02(A. Richardson),2025 3.08(J. Milroe); 2023 1.01(B. Robinson); 2025 3.01(T. Harris),2,3,5,2023-01-14 02:11:01,2023,-2.1,-4.0,-1.26,6135.0,2023 1.02(A. Richardson),Javonte Williams,,Jonathon Brooks; Jonah Coleman; 2028 4(BROsenzweig),,Jonathon Brooks; Jonah Coleman; 2028 4(BROsenzweig),10.4402,9.8573,,,10.08,10.3908,10.4402,9.8573,25.1026,500.52,643.9,-143.38,13.53,17.4,-3.88,12.85,17.17,-4.32,32.4,2.01,2,-0.0153,555.1,-236.6,-303.2,-1475.5,T#117; PH#98,T#388; PH#98,177.0,,,
JacobRosenzweig,LWebs53,Jayden Reed; 2025 3.01(T. Harris); 2025 2.03(R. Harvey),Marquise Brown,3,1,4,2023-08-24 12:48:49,2023,1.4,-0.28,-0.09,5684.0,,Jayden Reed; 2025 3.01(T. Harris); 2025 2.03(R. Harvey),,2026 2.07(C. Bell); George Pickens; Sam LaPorta,D'Andre Swift; 2024 2.07(R. Pearsall); Jakobi Meyers; 2026 2.05(N. Singleton); 2026 3.03(G. Bernard),2026 2.07(C. Bell); George Pickens; Sam LaPorta,12.2242,12.3445,9.535,9.6288,,,2.6892,2.7157,13.3357,189.9,18.1,171.8,11.87,1.13,10.74,12.52,1.19,11.33,91.0,-5.13,2,0.0238,1982.3,4202.1,4263.0,5279.7,PH#123; T#418; T#547,T#397; T#173; PH#171,1615.0,,,
JacobRosenzweig,plehv79,2025 1.06(C. Ward); 2024 1.06(R. Odunze),Mark Andrews,2,1,3,2023-08-24 12:48:56,2023,-0.3,-2.0,-0.63,10562.5,2025 1.06(C. Ward); 2024 1.06(R. Odunze),,,,,,10.6178,9.8492,9.93,12.943,,,0.6878,-3.0939,6.9061,230.0,222.1,7.9,10.0,9.66,0.34,10.77,12.31,-1.54,54.2,-7.48,2,0.0673,2878.9,4401.5,4726.9,6317.5,PH#166; PH#134,PH#166; T#308,1187.5,,,
JacobRosenzweig,Oliverwkw,Terrace Marshall; 2025 3.06(T. Ferguson); 2024 4.08(J. Baker); 2026 3.03(G. Bernard),Adam Thielen; Elijah Mitchell,4,2,6,2023-10-11 02:12:59,2023,-0.4,-1.38,-0.48,7107.5,,2025 3.06(T. Ferguson); 2024 4.08(J. Baker); 2026 3.03(G. Bernard),Terrace Marshall,Cade Otton; 2025 4.08(P. Bryant); Sam LaPorta,Jakobi Meyers; 2026 2.05(N. Singleton); 2025 2.03(R. Harvey),Cade Otton; 2025 4.08(P. Bryant); Christian Kirk; Sam LaPorta,1.0,1.0098,6.6366,6.7175,6.44,6.5034,-5.6366,-5.7077,-4.3077,0.0,0.0,0.0,0.0,0.0,0.0,0.0,0.0,0.0,40.7,-8.37,2,0.0327,1747.5,2701.9,3500.2,4040.0,#421; T#92; T#332; T#547,#977; T#240; T#242; PH#211,1205.5,,,
JacobRosenzweig,stevenb123,K.J. Osborn,$2 FAAB,1,0,1,2023-11-07 11:26:06,2023,-0.2,0.0,0.0,,,K.J. Osborn,,Kenny Pickett,,Kenny Pickett,4.5778,4.6228,,,10.0,10.0984,4.5778,4.6228,4.6228,0.0,0.0,0.0,0.0,0.0,0.0,0.0,0.0,0.0,41.6,0.0,2,-0.0033,1716.0,1370.0,709.0,-200.0,T#85,T#506,,,,
JacobRosenzweig,shmuel256,2025 3.02(B. Tuten); 2026 3.08(M. Fields),Devin Singletary,2,1,3,2023-11-23 02:13:03,2023,0.0,-0.27,-0.11,5352.0,,2025 3.02(B. Tuten); 2026 3.08(M. Fields),,2025 2.04(K. Johnson); Tee Higgins; 2027 2(stevenb123),Deebo Samuel; 2026 4.04(K. Allen),2025 2.04(K. Johnson); Jaxon Smith-Njigba; Tee Higgins; 2027 2(stevenb123); Troy Franklin; 2028 1(BROsenzweig),,,7.7488,7.9878,,,,,-6.7878,0.0,0.0,0.0,0.0,0.0,0.0,0.0,0.0,0.0,44.7,-6.49,2,0.0177,1803.2,1939.3,2961.6,3315.9,T#528; T#425,T#408; PH#216,822.0,,,
JacobRosenzweig,Oliverwkw,Parker Washington,2025 4.01(J. Blue),1,1,2,2023-12-08 02:13:26,2023,-0.2,0.0,0.0,,,,Parker Washington,,,,4.75,4.7967,,,5.7,5.7561,4.75,4.7967,4.5967,0.0,0.0,0.0,0.0,0.0,0.0,0.0,0.0,0.0,44.6,1.45,2,-0.0027,-288.5,-119.5,-388.0,329.5,#425,#986,,,,
JacobRosenzweig,LWebs53,Khalil Shakir,Tutu Atwell; $16 FAAB,1,1,2,2023-12-09 23:44:17,2023,0.0,-1.0,-0.41,,Khalil Shakir,,,,,,10.1026,10.2021,5.5889,5.6439,11.1,11.2092,4.5137,4.5582,9.0052,185.0,55.6,129.4,11.56,3.47,8.09,12.33,3.67,8.66,70.9,-0.33,2,0.0004,-576.0,-630.0,957.0,788.6,,#734,,,,
JacobRosenzweig,shmuel256,George Pickens,D'Andre Swift; 2025 3.01(T. Harris); 2024 2.07(R. Pearsall),1,3,4,2024-06-15 02:13:03,2024,-0.1,0.0,0.0,,George Pickens,,,,,,15.0125,15.837,13.7368,13.3182,14.22,15.001,1.2757,2.5188,8.5136,472.4,452.6,19.8,15.24,14.6,0.64,16.38,14.42,1.97,58.4,0.61,2,-0.0057,-1817.3,-942.0,-2230.5,-850.8,,T#390,,,,
JacobRosenzweig,Oliverwkw,Austin Ekeler; 2025 2.08(J. Dart); 2024 2.05(K. Coleman),2024 2.02(X. Worthy); 2024 4.02(T. Johnson),3,2,5,2024-07-13 18:02:35,2024,0.4,-1.0,-0.46,7301.0,2025 2.08(J. Dart); 2024 2.05(K. Coleman),Austin Ekeler,,,,,11.3144,10.4111,,,11.06,10.7229,11.3144,10.4111,22.6222,254.34,185.3,69.04,13.39,9.75,3.63,11.85,11.27,0.58,72.6,2.1,2,0.0049,842.7,991.6,1053.4,338.3,T#145; PH#176; PH#141,T#480; T#257; T#257,301.5,,,
JacobRosenzweig,AceMatthew,2025 3.08(J. Milroe); 2026 2.07(C. Bell),2024 2.09,2,1,3,2024-07-13 18:27:06,2024,0.6,0.61,0.28,6190.5,,2025 3.08(J. Milroe); 2026 2.07(C. Bell),,Jaxon Smith-Njigba; 2026 2.05(N. Singleton),Josh Downs; 2025 2.01(E. Egbuka); 2025 2.04(K. Johnson),Jaxon Smith-Njigba; 2026 2.05(N. Singleton); Sam LaPorta,,,,,,,,,2.4,0.0,0.0,0.0,0.0,0.0,0.0,0.0,0.0,0.0,57.9,-1.49,2,0.0181,1559.9,2193.7,2390.6,2020.9,T#338; T#30,T#25; T#28,636.0,,,
JacobRosenzweig,AceMatthew,2026 2.05(N. Singleton),2026 2.07(C. Bell),1,1,2,2024-07-13 18:27:46,2024,-0.0,0.0,0.0,3391.5,,2026 2.05(N. Singleton),,Sam LaPorta,Jakobi Meyers; 2025 2.03(R. Harvey); 2026 3.03(G. Bernard),Sam LaPorta,,,,,,,,,0.0,0.0,0.0,0.0,0.0,0.0,0.0,0.0,0.0,0.0,39.9,0.0,2,0.0,0.0,0.0,0.0,0.0,T#547,T#24,308.5,,,
JacobRosenzweig,plehv79,2025 4.08(P. Bryant),2024 4.08(J. Baker),1,1,2,2024-07-13 18:54:58,2024,-0.6,-0.76,-0.35,2009.0,,2025 4.08(P. Bryant),,Christian Kirk,David Njoku,Christian Kirk,,,,,,,,,0.2,0.0,0.0,0.0,0.0,0.0,0.0,0.0,0.0,0.0,35.4,-0.99,2,0.0022,-169.0,132.0,260.5,301.5,T#196,T#314,425.5,,,
JacobRosenzweig,LWebs53,Christian Kirk,David Njoku; 2025 4.08(P. Bryant),1,2,3,2024-08-15 15:05:34,2024,-2.5,-3.0,-1.38,,,,Christian Kirk,,,,6.405,6.7568,10.6727,14.2649,9.46,9.9795,-4.2677,-7.5081,-11.683,43.9,42.5,1.4,7.32,7.08,0.23,7.72,9.47,-1.75,9.1,3.21,2,-0.0034,-853.2,-2342.6,-2237.1,-1999.7,#447,T#423,,,,
JacobRosenzweig,stevenb123,2025 2.04(K. Johnson),2025 3.02(B. Tuten); $15 FAAB,1,1,2,2024-08-25 00:16:25,2024,0.5,0.87,0.4,3738.5,,2025 2.04(K. Johnson),,Jaxon Smith-Njigba,Josh Downs; 2025 3.08(J. Milroe); 2025 2.01(E. Egbuka),Jaxon Smith-Njigba,,,,,,,,,1.2,0.0,0.0,0.0,0.0,0.0,0.0,0.0,0.0,0.0,49.4,0.0,2,0.0067,-7.5,228.0,196.5,181.5,T#338,T#507,434.0,,,
JacobRosenzweig,shmuel256,Tee Higgins; 2027 2(stevenb123),Deebo Samuel; 2026 4.04(K. Allen); 2026 3.08(M. Fields),2,3,5,2024-09-10 14:01:45,2024,1.7,1.0,0.47,3067.5,2027 2(stevenb123),Tee Higgins,,Troy Franklin; 2028 1(BROsenzweig),2028 4(stevenb123),Troy Franklin; 2028 1(BROsenzweig),16.228,17.1192,10.6367,11.2208,13.16,13.8827,5.5913,5.8984,19.4817,385.8,210.0,175.8,17.54,9.55,7.99,18.74,10.24,8.5,88.4,-0.56,2,0.0064,-456.2,2089.8,2046.0,2450.0,T#113; ,T#493; ,,,,
JacobRosenzweig,BROsenzweig,Kenny Pickett,K.J. Osborn,1,1,2,2024-09-20 14:34:39,2024,1.2,0.0,0.0,,,,Kenny Pickett,,,,,,,,7.16,5.9398,,,0.0,16.02,0.0,16.02,16.02,0.0,16.02,13.29,0.0,13.29,68.0,-0.99,2,0.001,-317.0,150.0,457.0,0.0,#300,#777,,,,
JacobRosenzweig,plehv79,Jaxon Smith-Njigba,Josh Downs; 2025 3.08(J. Milroe); 2025 2.01(E. Egbuka); 2025 2.04(K. Johnson),1,4,5,2025-05-01 12:08:09,2025,3.7,3.0,2.55,,Jaxon Smith-Njigba,,,,,,23.5558,25.5609,8.8947,9.6519,14.68,15.9296,14.6611,15.909,62.0451,447.56,263.1,184.46,23.56,13.85,9.71,25.56,15.03,10.53,86.7,1.04,2,-0.006,-2953.0,552.2,360.5,,,PH#101,,,,
JacobRosenzweig,BROsenzweig,Cade Otton,2025 3.06(T. Ferguson),1,1,2,2025-07-12 09:58:33,2025,0.5,0.0,0.0,,Cade Otton,,,,,,6.7667,8.3351,,,5.92,7.2921,6.7667,8.3351,9.2381,8.0,0.0,8.0,8.0,0.0,8.0,9.85,0.0,9.85,69.7,4.38,2,-0.0048,-431.0,-749.0,-685.0,,,#254,,,,
JacobRosenzweig,stevenb123,Sam LaPorta; $25 FAAB,Jakobi Meyers; 2026 2.05(N. Singleton); 2025 2.03(R. Harvey); 2026 3.03(G. Bernard),1,4,5,2025-07-13 14:25:30,2025,-2.0,-3.0,-2.55,,Sam LaPorta,,,,,,11.775,14.5042,10.67,11.5783,16.24,20.0041,1.105,2.926,6.9632,141.3,144.7,-3.4,11.78,12.06,-0.28,14.5,12.64,1.86,40.6,1.44,2,-0.0166,-2186.2,-2969.6,-2673.4,,; ,PH#112; ,,,,
JacobRosenzweig,stevenb123,,$5 FAAB,0,0,0,2025-07-20 14:15:44,2025,-0.3,0.0,0.0,,,,,,,,,,,,,,,,0.0,0.0,0.0,0.0,0.0,0.0,0.0,0.0,0.0,0.0,32.5,0.0,2,0.0,-500.0,-500.0,-500.0,,,,,,,
JacobRosenzweig,BROsenzweig,Jalen Tolbert,$2 FAAB,1,0,1,2025-07-20 15:26:47,2025,-0.2,0.0,0.0,,,,Jalen Tolbert,,,,4.3556,4.7263,,,8.78,9.5274,4.3556,4.7263,4.7263,0.0,0.0,0.0,0.0,0.0,0.0,0.0,0.0,0.0,50.0,0.0,2,-0.0031,1273.0,1129.0,1626.0,,#444,#306,,,,
JacobRosenzweig,plehv79,2027 3(stevenb123),$75 FAAB,1,0,1,2025-08-25 15:24:23,2025,-0.1,0.0,0.0,3022.5,2027 3(stevenb123),,,,,,,,,,,,,,0.6,0.0,0.0,0.0,0.0,0.0,0.0,0.0,0.0,0.0,30.4,0.0,2,0.0071,-4477.5,-4398.0,-4168.5,,,T#348,,,,
JacobRosenzweig,plehv79,$1 FAAB,Austin Ekeler,0,1,1,2025-09-12 06:47:33,2025,-0.3,0.0,0.0,,,,,,,,,,,,,,,,0.0,0.0,0.0,0.0,0.0,0.0,0.0,0.0,0.0,0.0,35.8,0.0,2,0.0081,-2341.0,100.0,100.0,,,,,,,
JacobRosenzweig,plehv79,2026 2.07(C. Bell),Jayden Reed,1,1,2,2025-09-12 20:42:32,2025,0.1,0.0,0.0,3427.0,2026 2.07(C. Bell),,,,,,4.7333,5.1362,8.1571,8.8515,,,-3.4238,-3.7153,-1.9153,0.0,0.0,0.0,0.0,0.0,0.0,0.0,0.0,0.0,39.2,-4.35,2,0.0153,288.0,448.0,-3.0,,PH#207,T#339,-40.0,,,
JacobRosenzweig,AceMatthew,$3 FAAB,Michael Mayer,0,1,1,2025-09-14 12:31:52,2025,-0.5,0.0,0.0,,,,,,,,,,6.3429,7.813,,,,,-7.813,0.0,0.0,0.0,0.0,0.0,0.0,0.0,0.0,0.0,16.5,0.0,2,0.0005,-1695.0,-1749.0,-2218.0,,,,,,,
JacobRosenzweig,plehv79,Quentin Johnston,2027 2(JacobRosenzweig),1,1,2,2025-10-20 18:23:52,2025,0.5,0.0,0.0,,Quentin Johnston,,,,,,7.9,8.5725,,,14.5,15.7343,7.9,8.5725,15.4649,30.6,0.0,30.6,6.12,0.0,6.12,6.64,0.0,6.64,69.7,3.99,2,-0.0148,512.5,-788.0,,,,#1155,,,,
JacobRosenzweig,stevenb123,Darren Waller,$1 FAAB,1,0,1,2025-11-02 11:09:54,2025,-0.0,0.0,0.0,,,,Darren Waller,,,,8.6,10.5933,,,11.04,13.5989,8.6,10.5933,10.5933,0.0,0.0,0.0,0.0,0.0,0.0,0.0,0.0,0.0,55.2,0.0,2,-0.0104,1219.0,1276.0,,,#446,#1577,,,,
JacobRosenzweig,LWebs53,Dallas Goedert; 2028 4(stevenb123); 2028 4(shmuel256),2026 3.04(C. Brazzell),3,1,4,2025-11-02 11:15:37,2025,2.3,1.0,1.42,4038.0,Dallas Goedert,2028 4(stevenb123); 2028 4(shmuel256),,Troy Franklin; 2028 1(BROsenzweig); Kenny Gainwell,Tee Higgins; 2028 3(JacobRosenzweig),Troy Franklin; 2028 1(BROsenzweig); Kenny Gainwell,10.93,13.4634,,,15.84,19.5114,10.93,13.4634,36.039,75.9,0.0,75.9,10.84,0.0,10.84,13.36,0.0,13.36,90.2,1.89,2,-0.0014,1526.2,1447.0,,,; T#113; T#106,T#344; T#212; T#212,,,,
JacobRosenzweig,BROsenzweig,Kenny Gainwell,2028 3(JacobRosenzweig); 2028 4(shmuel256),1,2,3,2026-03-28 18:51:45,2026,-0.5,0.0,0.0,,Kenny Gainwell,,,,,,3.4333,3.3096,,,16.04,15.4621,3.4333,3.3096,2.5096,0.0,0.0,0.0,0.0,0.0,0.0,0.0,0.0,0.0,30.8,7.47,2,-0.0167,-1199.7,,,,,#351,,,,
JacobRosenzweig,BROsenzweig,2028 3(JacobRosenzweig); 2026 1.06(J. Price),Breece Hall,2,1,17,2026-07-10 17:26:39,2026,-0.6,0.0,0.0,7495.0,2028 3(JacobRosenzweig); 2026 1.06(J. Price),,,,,,4.6667,4.4985,14.1667,13.6562,,,-9.5,-9.1577,-8.5577,9.0,28.3,-19.3,4.5,14.15,-9.65,4.34,13.64,-9.3,25.6,-4.26,5,0.0104,934.0,,,,; PH#198,T#106; PH#198,110.0,LWebs53,Oliverwkw,shmuel256
JacobRosenzweig,BROsenzweig,Troy Franklin; 2028 1(BROsenzweig),Tee Higgins; 2028 4(stevenb123),2,2,4,2026-08-05 09:20:14,2026,-0.1,0.0,0.0,4846.0,Troy Franklin; 2028 1(BROsenzweig),,,,,,2.4333,2.6405,14.8,16.0598,8.24,8.9414,-12.3667,-13.4194,-8.6194,0.0,0.0,0.0,0.0,0.0,0.0,0.0,0.0,0.0,32.4,-2.03,2,0.031,116.8,,,,; ,T#293; ,,,,
JacobRosenzweig,BROsenzweig,Jonathon Brooks; Jonah Coleman; 2028 4(BROsenzweig),Javonte Williams,3,1,4,2026-09-09 17:24:41,2026,-0.2,0.0,0.0,2266.5,Jonathon Brooks; Jonah Coleman; 2028 4(BROsenzweig),,,,,,6.025,5.8079,16.5,15.9055,2.5,2.4099,-10.475,-10.0976,-9.8976,0.0,0.0,0.0,0.0,0.0,0.0,0.0,0.0,0.0,35.4,-4.3,2,0.0082,1483.1,,,,; ; ,T#289; PH#206; T#110,,,,
LWebs53,AceMatthew,2020 4.05(M. Evans); 2020 5.04(D. Moore); 2020 8.05(K. Allen),2020 4.07(K. Golladay); 2020 5.02(A. Robinson); 2020 8.07(H. Henry),3,3,6,2020-09-09 17:45:18,2020,3.7,4.46,0.73,,2020 4.05(M. Evans); 2020 5.04(D. Moore); 2020 8.05(K. Allen),,,,,,15.9185,16.56,,,,,15.9185,16.56,16.56,1440.06,903.2,536.86,26.67,16.73,9.94,27.72,19.3,8.42,92.5,0.0,2,0.0,1165.0,733.8,2021.3,3975.8,PH#413; PH#420; PH#445,PH#413; PH#420; PH#445,,,,
LWebs53,AceMatthew,Dalvin Cook; Alexander Mattison,Ryan Fitzpatrick; David Johnson; 2021 1.06(T. Etienne); 2021 2.06(R. Bateman); 2021 4.06(D. Eskridge); 2022 1.07(C. Olave); 2022 3.07(Z. White); 2023 1.08(J. Addison); 2024 1.08(B. Thomas); 2024 3.08(J. Burton); 2025 1.03(O. Hampton); 2025 3.03(D. Sampson),2,12,14,2020-11-29 18:57:04,2020,-6.0,-8.9,-1.63,,,Dalvin Cook,Alexander Mattison,Justin Jefferson,Davante Adams; Mike Evans; Aaron Rodgers,Justin Jefferson; Trevor Lawrence; DeVonta Smith; Chris Olave; 2024 1.08(B. Thomas); 2025 1.03(O. Hampton); 2027 2(AceMatthew); 2028 2(AceMatthew); Jayden Higgins; Quinshon Judkins; 2026 3.05(T. Hurst); 2026 3.07(M. Washington); 2026 3.06(D. Stribling); Xavier Worthy; 2027 1(BROsenzweig); 2028 3(plehv79),9.55,9.8095,7.5706,7.1561,15.86,16.291,1.9794,2.6534,-23.2444,440.9,364.2,76.7,15.75,13.01,2.74,15.84,13.49,2.35,18.6,2.09,2,-0.2477,8120.0,7316.6,-5075.9,-6594.2,T#169; #516,PH#388; T#297,,,,
LWebs53,BROsenzweig,Aaron Jones; Aaron Rodgers,Tua Tagovailoa; Saquon Barkley,2,2,4,2020-12-16 11:40:32,2020,-1.2,-2.34,-0.44,,,Aaron Jones; Aaron Rodgers,,Rachaad White; 2025 3.01(T. Harris); Justin Jefferson,Davante Adams; Mike Evans; Dalvin Cook,Rachaad White; 2025 3.01(T. Harris); Isiah Pacheco; Marquise Brown; 2026 4.06(S. Bell); 2027 4(plehv79); 2026 501.??; Justin Jefferson; Trevor Lawrence; DeVonta Smith; Chris Olave; 2024 1.08(B. Thomas); 2025 1.03(O. Hampton); 2027 2(AceMatthew); 2028 2(AceMatthew); Jayden Higgins; Quinshon Judkins; 2026 3.05(T. Hurst); 2026 3.07(M. Washington); 2026 3.06(D. Stribling); Xavier Worthy; 2027 1(BROsenzweig); 2028 3(plehv79),17.4849,15.7403,15.1742,13.8692,19.808,17.5231,2.3108,1.8711,6.9475,882.5,647.08,235.42,26.74,19.61,7.13,24.9,17.99,6.92,42.8,8.22,2,-0.0349,-1761.0,-1788.2,-782.6,-3986.6,T#173; T#169,PH#410; PH#503,,,,
LWebs53,stevenb123,Kenyan Drake; Cole Kmet; 2021 2.01(J. Fields),T.J. Hockenson,3,1,4,2020-12-16 11:43:22,2020,-1.8,-2.83,-0.53,,2021 2.01(J. Fields),,Kenyan Drake; Cole Kmet,,,,6.5322,6.6723,10.15,13.8901,10.35,11.5699,-3.6178,-7.2177,-9.4777,6.0,1.8,4.2,6.0,1.8,4.2,6.16,2.46,3.7,42.4,-0.14,2,0.0211,-174.6,-164.0,925.1,1560.8,#393; #521; PH#41,PH#412; #1382; PH#41,,,,
LWebs53,shmuel256,2021 2.08(M. Carter),2021 3.06(R. Stevenson); 2023 4.08(L. Musgrave); 2022 4.07(A. Okwuegbunam),1,3,4,2021-08-29 11:53:51,2021,0.2,0.06,0.01,4764.0,2021 2.08(M. Carter),,,,,,8.78,8.802,,,,,8.78,8.802,8.402,0.0,0.0,0.0,0.0,0.0,0.0,0.0,0.0,0.0,50.2,1.0,2,-0.0314,426.5,307.3,-21.4,-52.9,PH#48,PH#48,-35.0,,,
LWebs53,shmuel256,Ryan Tannehill; Irv Smith; James Robinson; 2022 4.07(A. Okwuegbunam),Bryan Edwards; Justin Fields; Michael Carter; 2024 2.08(X. Legette),4,4,8,2021-10-24 02:12:40,2021,-1.3,-0.51,-0.11,1459.0,,James Robinson; 2022 4.07(A. Okwuegbunam),Ryan Tannehill; Irv Smith,Joe Mixon; 2024 3.08(J. Burton); AJ Dillon,DJ Moore; 2022 2.07(T. Allgeier); 2023 2.08(S. LaPorta); Gus Edwards; Tyler Johnson; 2023 4.08(L. Musgrave); 2024 4.08(J. Baker); 2022 4.05(A. Pierce),Joe Mixon; 2024 3.08(J. Burton); Trevor Lawrence; DeVonta Smith; Chris Olave; 2024 1.08(B. Thomas); 2025 1.03(O. Hampton); 2027 2(AceMatthew); 2028 2(AceMatthew); 2022 3.08(M. Willis); 2024 4.01(J. Sanders); 2024 3.01(B. Nix); Jayden Higgins; Quinshon Judkins; 2026 3.05(T. Hurst); 2026 3.07(M. Washington); 2026 3.06(D. Stribling); Xavier Worthy; 2027 1(BROsenzweig); 2028 3(plehv79); Isiah Pacheco; 2022 2.08(A. Lazard); 2026 4.06(S. Bell); 2027 4(plehv79); 2026 501.??; AJ Dillon; Derrick Henry; Jamaal Williams; Tua Tagovailoa; 2024 1.04(J. Daniels); 2025 4.04(D. Neal); 2025 3.05(K. Williams); 2024 4.06(K. Vidal); 2026 4.08(M. Trigg); 2026 2.06(J. Coleman); Christian Kirk; Najee Harris; 2024 4.04(M. Lloyd); 2026 4.02(Z. Branch); 2026 1.03(C. Tate); 2026 2.03(D. Boston); 2027 2(Oliverwkw); 2026 2.08(E. Johnson); 2026 209.??; David Njoku; 2025 4.08(P. Bryant); Tank Bigsby; 2026 4.01(E. Raridon); 2027 4(AceMatthew); 2027 4(Oliverwkw); 2027 4(shmuel256); 2028 1(Oliverwkw); 2029 3(LWebs53); Jake Ferguson; 2027 1(stevenb123); 2025 2.05(T. Warren); 2026 2.02(T. Simpson); 2028 2(stevenb123); Mac Jones; 2027 3(LWebs53); Jack Bech; Luther Burden; Dallas Goedert; A.J. Brown; 2027 3(plehv79); 2026 3.04(C. Brazzell); 2026 3.01(E. Sarratt); 2026 1.02(F. Mendoza); Davante Adams,8.7767,8.0222,10.9855,10.2703,15.5067,15.4036,-2.2089,-2.2481,-4.8056,31.42,52.54,-21.12,10.47,17.51,-7.04,9.75,16.62,-6.87,10.6,3.4,2,-0.0347,-1353.1,-3657.7,-1584.0,-4867.0,#569; #617; T#9; T#375,#1193; PH#9; PH#521; T#369,248.0,,,
LWebs53,Oliverwkw,2022 4.05(A. Pierce),D'Ernest Johnson,1,1,2,2021-11-13 13:43:42,2021,-0.1,0.0,0.0,1492.0,,2022 4.05(A. Pierce),,AJ Dillon,Gus Edwards; Tyler Johnson; 2022 4.07(A. Okwuegbunam); 2023 4.08(L. Musgrave); 2024 4.08(J. Baker),AJ Dillon; Derrick Henry; Jamaal Williams; Tua Tagovailoa; 2024 1.04(J. Daniels); 2025 4.04(D. Neal); 2025 3.05(K. Williams); 2024 4.06(K. Vidal); 2026 4.08(M. Trigg); 2026 2.06(J. Coleman); Christian Kirk; Najee Harris; 2024 4.04(M. Lloyd); 2024 4.01(J. Sanders); 2026 4.02(Z. Branch); 2026 1.03(C. Tate); 2026 2.03(D. Boston); 2027 2(Oliverwkw); 2026 2.08(E. Johnson); 2026 209.??; David Njoku; 2025 4.08(P. Bryant); Tank Bigsby; 2026 4.01(E. Raridon); 2027 4(AceMatthew); 2027 4(Oliverwkw); 2027 4(shmuel256); 2028 1(Oliverwkw); 2029 3(LWebs53); Jake Ferguson; 2027 1(stevenb123); 2025 2.05(T. Warren); 2026 2.02(T. Simpson); 2028 2(stevenb123); Mac Jones; 2027 3(LWebs53); Jack Bech; Luther Burden; Dallas Goedert; A.J. Brown; 2027 3(plehv79); 2026 3.04(C. Brazzell); 2026 3.01(E. Sarratt); 2026 1.02(F. Mendoza); Davante Adams; Jayden Higgins; Quinshon Judkins; 2026 3.05(T. Hurst); 2026 3.07(M. Washington); 2026 3.06(D. Stribling),,,2.6333,2.6399,,,,,-2.4399,0.0,0.0,0.0,0.0,0.0,0.0,0.0,0.0,0.0,42.6,-4.51,2,0.0094,-465.0,-135.0,528.0,1348.0,T#375,PH#93,215.0,,,
LWebs53,shmuel256,AJ Dillon,Gus Edwards; Tyler Johnson; 2022 4.07(A. Okwuegbunam); 2023 4.08(L. Musgrave); 2024 4.08(J. Baker); 2022 4.05(A. Pierce),1,6,7,2021-11-16 00:29:03,2021,0.6,-0.89,-0.19,,,AJ Dillon,,Derrick Henry; Jamaal Williams; Tua Tagovailoa,Jordan Love; 2026 1.02(F. Mendoza),Derrick Henry; Jamaal Williams; Tua Tagovailoa; 2024 1.04(J. Daniels); 2025 4.04(D. Neal); 2025 3.05(K. Williams); 2024 4.06(K. Vidal); 2026 4.08(M. Trigg); 2026 2.06(J. Coleman); Christian Kirk; Najee Harris; 2024 4.04(M. Lloyd); 2024 4.01(J. Sanders); 2026 4.02(Z. Branch); 2026 1.03(C. Tate); 2026 2.03(D. Boston); 2027 2(Oliverwkw); 2026 2.08(E. Johnson); 2026 209.??; David Njoku; 2025 4.08(P. Bryant); Tank Bigsby; 2026 4.01(E. Raridon); 2027 4(AceMatthew); 2027 4(Oliverwkw); 2027 4(shmuel256); 2028 1(Oliverwkw); 2029 3(LWebs53); Jake Ferguson; 2027 1(stevenb123); 2025 2.05(T. Warren); 2026 2.02(T. Simpson); 2028 2(stevenb123); Mac Jones; 2027 3(LWebs53); Jack Bech; Luther Burden; Dallas Goedert; A.J. Brown; 2027 3(plehv79); 2026 3.04(C. Brazzell); 2026 3.01(E. Sarratt); 2026 1.02(F. Mendoza); Davante Adams; Jayden Higgins; Quinshon Judkins; 2026 3.05(T. Hurst); 2026 3.07(M. Washington); 2026 3.06(D. Stribling),11.25,11.2782,5.46,5.5877,10.46,10.4862,5.79,5.6905,5.9251,37.8,7.3,30.5,18.9,3.65,15.25,19.05,3.73,15.32,63.4,1.59,2,-0.0671,245.1,771.8,-1329.4,-2858.0,T#62,T#472,,,,
LWebs53,AceMatthew,Joe Mixon; 2024 3.08(J. Burton),DJ Moore; James Robinson; 2022 2.07(T. Allgeier); 2023 2.08(S. LaPorta),2,4,6,2021-12-04 19:15:29,2021,-3.4,-5.52,-1.23,2732.0,,Joe Mixon; 2024 3.08(J. Burton),,Trevor Lawrence; DeVonta Smith; Chris Olave; 2024 1.08(B. Thomas); 2025 1.03(O. Hampton); 2027 2(AceMatthew); 2028 2(AceMatthew); 2022 3.08(M. Willis); 2024 4.01(J. Sanders); 2024 3.01(B. Nix),Keenan Allen; Tyreek Hill; James Conner; Justin Jefferson; Raheem Mostert,Trevor Lawrence; DeVonta Smith; Chris Olave; 2024 1.08(B. Thomas); 2025 1.03(O. Hampton); 2027 2(AceMatthew); 2028 2(AceMatthew); Jayden Higgins; Quinshon Judkins; 2026 3.05(T. Hurst); 2026 3.07(M. Washington); 2026 3.06(D. Stribling); Xavier Worthy; 2027 1(BROsenzweig); 2028 3(plehv79); 2022 3.08(M. Willis); 2024 4.01(J. Sanders); 2024 3.01(B. Nix); Isiah Pacheco; 2022 2.08(A. Lazard); 2026 4.06(S. Bell); 2027 4(plehv79); 2026 501.??,15.3571,15.3956,10.5959,10.9878,24.32,24.3809,4.7612,4.4079,10.214,397.8,450.2,-52.4,14.73,16.67,-1.94,14.98,17.58,-2.61,24.5,-0.05,2,-0.0411,-2189.0,-2255.6,-1926.0,-3512.9,T#23; T#474,PH#404; T#5,325.5,,,
LWebs53,stevenb123,2022 3.08(M. Willis); 2024 4.01(J. Sanders); 2024 3.01(B. Nix),Raheem Mostert; 2024 3.08(J. Burton),3,2,5,2022-03-16 02:10:46,2022,0.3,0.36,0.09,6321.0,2022 3.08(M. Willis),2024 4.01(J. Sanders); 2024 3.01(B. Nix),,Isiah Pacheco; 2022 2.08(A. Lazard),Rachaad White; 2023 4.07(O. Beckham); 2022 3.06(D. Bell),Isiah Pacheco; 2026 4.06(S. Bell); 2027 4(plehv79); 2026 501.??; 2022 2.08(A. Lazard),1.1462,0.9381,10.5187,10.647,,,-9.3725,-9.7088,-9.5088,0.0,0.0,0.0,0.0,0.0,0.0,0.0,0.0,0.0,39.5,-4.53,2,0.0298,1359.4,1315.2,1561.8,964.3,PH#88; T#501; T#380,T#473; PH#153; PH#145,1589.0,,,
LWebs53,Oliverwkw,Hunter Renfrow; Jaylen Waddle; 2023 4.07(O. Beckham); 2023 3.06(R. Johnson),James Conner; Chase Edmonds,4,2,8,2022-07-02 21:00:16,2022,4.2,5.54,1.33,4596.0,,Hunter Renfrow; Jaylen Waddle; 2023 4.07(O. Beckham); 2023 3.06(R. Johnson),,Kirk Cousins; Tyreek Hill; 2024 1.04(J. Daniels); 2025 4.04(D. Neal); 2025 3.05(K. Williams); 2024 4.06(K. Vidal); 2026 4.08(M. Trigg); 2022 2.08(A. Lazard),Russell Gage; Diontae Johnson; 2023 3.06(R. Johnson); Derrick Henry; 2024 3.01(B. Nix); 2022 3.06(D. Bell); Hunter Renfrow,Kirk Cousins; Tyreek Hill; Jonathan Taylor; Trevor Lawrence; DeVonta Smith; Chris Olave; 2024 1.08(B. Thomas); 2025 1.03(O. Hampton); 2027 2(AceMatthew); 2028 2(AceMatthew); Jake Ferguson; 2027 1(stevenb123); 2025 2.05(T. Warren); 2026 2.02(T. Simpson); 2028 2(stevenb123); Jayden Higgins; Quinshon Judkins; 2026 3.05(T. Hurst); 2026 3.07(M. Washington); 2026 3.06(D. Stribling); Xavier Worthy; 2027 1(BROsenzweig); 2028 3(plehv79); Mac Jones; 2027 3(LWebs53); Jack Bech; Luther Burden; Dallas Goedert; A.J. Brown; 2027 3(plehv79); 2026 4.02(Z. Branch); 2026 1.03(C. Tate); 2026 2.03(D. Boston); 2027 2(Oliverwkw); 2026 2.08(E. Johnson); 2026 209.??; 2026 3.04(C. Brazzell); 2026 3.01(E. Sarratt); 2026 1.02(F. Mendoza); Davante Adams; 2027 4(AceMatthew); 2027 4(Oliverwkw); 2027 4(shmuel256); 2028 1(Oliverwkw); 2029 3(LWebs53); 2024 1.04(J. Daniels); 2025 4.04(D. Neal); 2025 3.05(K. Williams); 2024 4.06(K. Vidal); 2026 4.08(M. Trigg); Christian Kirk; Najee Harris; 2024 4.04(M. Lloyd); 2024 4.01(J. Sanders); David Njoku; 2025 4.08(P. Bryant); Tank Bigsby; 2026 4.01(E. Raridon); 2022 2.08(A. Lazard),14.9167,15.4781,9.8758,9.9962,16.08,16.6852,5.0408,5.4818,18.8577,364.0,283.2,80.8,14.0,10.89,3.11,14.31,11.12,3.2,90.9,-3.74,3,0.0319,4050.3,5641.4,6317.6,5369.0,T#166; T#186; T#380; T#302,T#475; PH#39; PH#127; T#475,-63.5,stevenb123,,
LWebs53,plehv79,Kirk Cousins; Tyreek Hill,Russell Gage; Diontae Johnson; Hunter Renfrow; 2023 3.06(R. Johnson),2,4,6,2022-07-15 13:48:45,2022,6.7,8.61,2.06,,,Kirk Cousins; Tyreek Hill,,Jonathan Taylor; Trevor Lawrence; DeVonta Smith; Chris Olave; 2024 1.08(B. Thomas); 2025 1.03(O. Hampton); 2027 2(AceMatthew); 2028 2(AceMatthew),Kyren Williams; 2026 2.02(T. Simpson); Keenan Allen; Joe Mixon; James Conner; Justin Jefferson,Jonathan Taylor; Jake Ferguson; 2027 1(stevenb123); 2025 2.05(T. Warren); 2026 2.02(T. Simpson); 2028 2(stevenb123); Mac Jones; 2027 3(LWebs53); Jack Bech; Luther Burden; Dallas Goedert; A.J. Brown; 2027 3(plehv79); 2026 4.02(Z. Branch); 2026 1.03(C. Tate); 2026 2.03(D. Boston); 2027 2(Oliverwkw); 2026 2.08(E. Johnson); 2026 209.??; 2026 3.04(C. Brazzell); 2026 3.01(E. Sarratt); 2026 1.02(F. Mendoza); Davante Adams; 2027 4(AceMatthew); 2027 4(Oliverwkw); 2027 4(shmuel256); 2028 1(Oliverwkw); 2029 3(LWebs53); Jayden Higgins; Quinshon Judkins; 2026 3.05(T. Hurst); 2026 3.07(M. Washington); 2026 3.06(D. Stribling); Trevor Lawrence; DeVonta Smith; Chris Olave; 2024 1.08(B. Thomas); 2025 1.03(O. Hampton); 2027 2(AceMatthew); 2028 2(AceMatthew); Xavier Worthy; 2027 1(BROsenzweig); 2028 3(plehv79),20.0895,18.9066,8.4799,8.7991,15.862,14.751,11.6096,10.1075,29.1403,877.78,398.2,479.58,28.32,12.85,15.47,27.54,13.23,14.31,95.8,6.15,2,-0.0366,-1125.9,1210.5,1546.2,3099.6,T#179; T#23,PH#21; PH#395,,,,
LWebs53,BROsenzweig,2022 4.08(M. Valdes-Scantling); 2022 3.06(D. Bell),Zach Ertz,2,1,3,2022-08-26 12:49:51,2022,1.0,0.0,0.0,4298.0,2022 4.08(M. Valdes-Scantling),2022 3.06(D. Bell),,2022 2.08(A. Lazard),2023 4.07(O. Beckham); 2024 3.01(B. Nix),2022 2.08(A. Lazard),8.1,8.4048,11.4,15.0407,,,-3.3,-6.6359,-6.6359,9.1,0.0,9.1,9.1,0.0,9.1,9.6,0.0,9.6,70.2,-9.81,2,0.0269,1313.8,2008.8,2700.8,2838.8,PH#96; T#380,T#53; T#54,61.0,,,
LWebs53,shmuel256,2022 2.08(A. Lazard),2023 4.07(O. Beckham); 2024 3.01(B. Nix); 2022 3.06(D. Bell); $10 FAAB,1,3,4,2022-08-26 22:18:14,2022,-1.7,-4.0,-0.96,3357.0,2022 2.08(A. Lazard),,,,,,11.4786,11.9106,,,,,11.4786,11.9106,11.1106,44.9,14.9,30.0,8.98,2.98,6.0,9.32,3.09,6.23,47.4,0.99,2,-0.0311,-1487.4,-1944.5,-1562.3,-1943.5,PH#80,T#377,-11.0,,,
LWebs53,shmuel256,Justin Jefferson,Davante Adams; Mike Evans; Dalvin Cook; Aaron Rodgers,1,4,5,2022-09-27 02:10:12,2022,-1.4,-2.82,-0.7,,,Justin Jefferson,,Trevor Lawrence; DeVonta Smith; Chris Olave; 2024 1.08(B. Thomas); 2025 1.03(O. Hampton); 2027 2(AceMatthew); 2028 2(AceMatthew),Keenan Allen; Tyreek Hill; Joe Mixon; James Conner,Trevor Lawrence; DeVonta Smith; Chris Olave; 2024 1.08(B. Thomas); 2025 1.03(O. Hampton); 2027 2(AceMatthew); 2028 2(AceMatthew); Jayden Higgins; Quinshon Judkins; 2026 3.05(T. Hurst); 2026 3.07(M. Washington); 2026 3.06(D. Stribling); Xavier Worthy; 2027 1(BROsenzweig); 2028 3(plehv79),21.4755,22.2837,13.9111,13.6528,17.7,18.3661,7.5643,8.6309,29.5121,472.46,560.12,-87.66,21.48,25.46,-3.98,22.07,25.95,-3.87,50.0,-7.92,2,0.044,-1031.6,427.0,1378.4,2578.2,T#23,T#363,,,,
LWebs53,BROsenzweig,Mike Gesicki; $1 FAAB,Gerald Everett,1,1,2,2022-09-29 02:10:09,2022,0.9,0.0,0.0,,,,Mike Gesicki,,,,8.3,10.9507,8.4,11.0827,6.02,7.9426,-0.1,-0.1319,-0.1723,12.8,0.0,12.8,12.8,0.0,12.8,16.89,0.0,16.89,73.3,-1.27,2,0.0024,-290.0,-163.0,-166.0,1190.0,#657; ,PH#4; ,,,,
LWebs53,Oliverwkw,Davis Mills,Josh Reynolds,1,1,2,2022-11-15 02:10:55,2022,1.4,0.0,0.0,,,,Davis Mills,,,,9.76,7.988,,,11.896,9.7361,9.76,7.988,31.952,9.76,0.0,9.76,9.76,0.0,9.76,7.99,0.0,7.99,76.8,-3.68,2,0.0068,1071.0,332.0,-1012.0,-570.0,#662,T#386,,,,
LWebs53,BROsenzweig,$1 FAAB,Josh Doctson,0,1,1,2022-12-01 02:14:01,2022,-0.3,0.0,0.0,,,,,,,,,,,,,,,,0.0,0.0,0.0,0.0,0.0,0.0,0.0,0.0,0.0,0.0,35.8,0.0,2,0.0055,18.0,92.0,100.0,100.0,,,,,,
LWebs53,plehv79,Rachaad White; 2025 3.01(T. Harris),Aaron Jones,2,1,3,2023-01-29 16:06:54,2023,-1.0,-1.72,-0.54,2593.0,,Rachaad White; 2025 3.01(T. Harris),,Isiah Pacheco; Marquise Brown,2024 4.01(J. Sanders); Jayden Reed; 2025 2.03(R. Harvey),Isiah Pacheco; 2026 4.06(S. Bell); 2027 4(plehv79); 2026 501.??; Marquise Brown,11.55,11.9062,14.55,14.9987,8.72,8.9889,-3.0,-3.0925,-2.4925,0.0,0.0,0.0,0.0,0.0,0.0,0.0,0.0,0.0,35.7,-6.43,2,0.0231,1732.8,4002.9,3232.0,2010.7,T#180; T#123,PH#78; T#315,533.5,,,
LWebs53,BROsenzweig,2023 4.08(L. Musgrave); 2023 3.05(M. Mims),Mike Gesicki; Allen Lazard,2,2,4,2023-06-11 20:21:10,2023,0.4,0.0,0.0,4592.0,2023 4.08(L. Musgrave); 2023 3.05(M. Mims),,,,,,5.6033,6.4443,6.215,7.2239,,,-0.6117,-0.7796,-0.7796,8.0,6.6,1.4,8.0,6.6,1.4,10.43,8.6,1.82,63.2,-5.81,2,0.0205,517.6,2376.2,1917.0,1236.8,PH#128; PH#117,T#56; T#60,-475.0,,,
LWebs53,shmuel256,Jayden Reed,2025 4.03(J. Noel); 2026 4.02(Z. Branch),1,2,3,2023-06-11 22:46:00,2023,-0.4,0.0,0.0,,,Jayden Reed,,Marquise Brown,2025 3.01(T. Harris); 2025 2.03(R. Harvey),Marquise Brown,,,,,,,,,-0.4,0.0,0.0,0.0,0.0,0.0,0.0,0.0,0.0,0.0,31.3,3.84,2,-0.0232,212.6,1365.9,1187.9,-179.0,T#123,,,,,
LWebs53,shmuel256,Antonio Gibson,2026 3.02(C. Okonkwo),1,1,2,2023-06-24 02:10:52,2023,-0.2,0.0,0.0,,,,Antonio Gibson,,,,7.5375,7.7699,,,7.68,7.9168,7.5375,7.7699,8.1142,8.5,6.6,1.9,8.5,6.6,1.9,8.76,8.6,0.16,52.0,6.19,2,-0.0143,725.0,-428.0,-683.5,-1766.0,#780,T#472,,,,
LWebs53,BROsenzweig,Derrick Henry; Jamaal Williams; Tua Tagovailoa,Jordan Love; AJ Dillon; 2026 1.02(F. Mendoza),3,3,6,2023-07-17 10:04:04,2023,-0.3,0.28,0.09,,,Derrick Henry; Tua Tagovailoa,Jamaal Williams,2024 1.04(J. Daniels); 2025 4.04(D. Neal); 2025 3.05(K. Williams); 2024 4.06(K. Vidal); 2026 4.08(M. Trigg); 2026 2.06(J. Coleman),Jaylen Waddle,2024 1.04(J. Daniels); 2025 4.04(D. Neal); 2025 3.05(K. Williams); 2024 4.06(K. Vidal); 2026 4.08(M. Trigg); Christian Kirk; Najee Harris; 2024 4.04(M. Lloyd); 2024 4.01(J. Sanders); David Njoku; 2025 4.08(P. Bryant); Tank Bigsby; 2026 4.01(E. Raridon); Jake Ferguson; 2027 1(stevenb123); 2025 2.05(T. Warren); 2026 2.02(T. Simpson); 2028 2(stevenb123); Mac Jones; 2027 3(LWebs53); Jack Bech; Luther Burden; Dallas Goedert; A.J. Brown; 2027 3(plehv79); 2026 4.02(Z. Branch); 2026 1.03(C. Tate); 2026 2.03(D. Boston); 2027 2(Oliverwkw); 2026 2.08(E. Johnson); 2026 209.??; 2026 3.04(C. Brazzell); 2026 3.01(E. Sarratt); 2026 1.02(F. Mendoza); Davante Adams; 2027 4(AceMatthew); 2027 4(Oliverwkw); 2027 4(shmuel256); 2028 1(Oliverwkw); 2029 3(LWebs53); Jayden Higgins; Quinshon Judkins; 2026 3.05(T. Hurst); 2026 3.07(M. Washington); 2026 3.06(D. Stribling); 2026 2.06(J. Coleman),10.9679,10.3714,11.2657,9.9919,13.608,13.1391,-0.2978,0.3795,-4.162,679.84,637.12,42.72,18.37,17.22,1.15,16.02,14.63,1.39,36.7,4.8,2,-0.0532,607.6,-346.3,-2819.1,-2429.2,T#186; #712; T#218,PH#394; #191; T#157,,,,
LWebs53,JacobRosenzweig,Marquise Brown,Jayden Reed; 2025 3.01(T. Harris); 2025 2.03(R. Harvey),1,3,4,2023-08-24 12:48:49,2023,-2.3,-3.0,-0.94,,,,Marquise Brown,,,,9.948,10.0459,11.9108,12.028,7.18,7.2507,-1.9628,-1.9821,-5.0551,43.2,36.6,6.6,8.64,7.32,1.32,8.85,7.47,1.37,25.2,5.13,2,-0.0452,-1982.3,-4202.1,-4263.0,-5279.7,#840,PH#2,,,,
LWebs53,shmuel256,Jonathan Taylor,Kirk Cousins; Kyren Williams; 2026 2.02(T. Simpson),1,3,4,2023-10-05 16:20:11,2023,-4.3,-6.28,-2.14,,,Jonathan Taylor,,Jake Ferguson; 2027 1(stevenb123); 2025 2.05(T. Warren); 2026 2.02(T. Simpson); 2028 2(stevenb123),Isaac Guerendo; 2025 4.08(P. Bryant); 2027 3(LWebs53),Jake Ferguson; 2027 1(stevenb123); 2025 2.05(T. Warren); 2026 2.02(T. Simpson); 2028 2(stevenb123); Mac Jones; 2027 3(LWebs53); Jack Bech; Luther Burden; Dallas Goedert; A.J. Brown; 2027 3(plehv79); 2026 4.02(Z. Branch); 2026 1.03(C. Tate); 2026 2.03(D. Boston); 2027 2(Oliverwkw); 2026 2.08(E. Johnson); 2026 209.??; 2026 3.04(C. Brazzell); 2026 3.01(E. Sarratt); 2026 1.02(F. Mendoza); Davante Adams; 2027 4(AceMatthew); 2027 4(Oliverwkw); 2027 4(shmuel256); 2028 1(Oliverwkw); 2029 3(LWebs53); Jayden Higgins; Quinshon Judkins; 2026 3.05(T. Hurst); 2026 3.07(M. Washington); 2026 3.06(D. Stribling),14.9667,15.4282,16.7304,15.9463,15.02,15.4832,-1.7637,-0.5181,-3.3435,163.7,188.32,-24.62,16.37,18.83,-2.46,16.56,17.99,-1.44,16.3,-1.07,2,-0.0117,-2715.2,-2940.7,-2919.8,-1615.4,T#199,T#388,,,,
LWebs53,stevenb123,Isiah Pacheco,Rachaad White; 2024 4.01(J. Sanders),1,2,3,2023-10-10 02:13:06,2023,-2.9,-4.0,-1.39,,,Isiah Pacheco,,2026 4.06(S. Bell); 2027 4(plehv79),,2026 4.06(S. Bell); 2027 4(plehv79); 2026 501.??,9.8862,10.1911,12.3833,12.7652,14.28,14.7204,-2.4971,-2.5741,-5.3791,187.5,189.3,-1.8,12.5,12.62,-0.12,12.63,12.73,-0.1,16.4,1.69,2,-0.0104,-677.8,-1862.2,216.8,-1311.2,T#220,PH#91,,,,
LWebs53,Oliverwkw,Clyde Edwards-Helaire,$1 FAAB,1,0,1,2023-10-12 02:13:09,2023,-0.3,0.0,0.0,,,,Clyde Edwards-Helaire,,,,,,,,4.6,4.7419,,,0.0,0.0,0.0,0.0,0.0,0.0,0.0,0.0,0.0,0.0,34.5,0.0,2,0.0033,1203.0,1451.0,1178.0,-100.0,#710,T#307,,,,
LWebs53,shmuel256,Cam Akers; Rhamondre Stevenson; 2026 4.08(M. Trigg),D'Onta Foreman; Alexander Mattison,3,2,5,2023-10-13 17:06:00,2023,1.1,1.36,0.47,1561.0,,Rhamondre Stevenson; 2026 4.08(M. Trigg),Cam Akers,2026 3.01(E. Sarratt); 2026 1.02(F. Mendoza); Hunter Henry; 2026 3.02(C. Okonkwo),A.J. Brown; Aidan O'Connell,2026 3.01(E. Sarratt); 2026 1.02(F. Mendoza); 2026 4.02(Z. Branch); 2026 1.03(C. Tate); 2026 2.03(D. Boston); 2027 2(Oliverwkw); 2026 2.08(E. Johnson); 2026 209.??; 2027 4(AceMatthew); 2027 4(Oliverwkw); 2027 4(shmuel256); 2028 1(Oliverwkw); 2029 3(LWebs53); Mac Jones; 2027 3(LWebs53); Hunter Henry; 2026 3.02(C. Okonkwo); 2026 4.03(C. Beck); James Conner; Cooper Kupp; Trevor Lawrence; DeVonta Smith; Chris Olave; 2024 1.08(B. Thomas); 2025 1.03(O. Hampton); 2027 2(AceMatthew); 2028 2(AceMatthew); Jayden Higgins; Quinshon Judkins; 2026 3.05(T. Hurst); 2026 3.07(M. Washington); 2026 3.06(D. Stribling); Xavier Worthy; 2027 1(BROsenzweig); 2028 3(plehv79),9.5466,9.841,7.4059,7.6343,9.54,9.8342,2.1407,2.2067,3.9242,144.4,99.7,44.7,9.63,6.65,2.98,9.37,6.46,2.91,78.6,-3.38,2,0.018,1845.6,2181.9,2373.9,3597.8,#735; T#95; T#410,T#400; PH#54; T#403,827.0,,,
LWebs53,shmuel256,Hunter Henry; 2026 3.02(C. Okonkwo),Aidan O'Connell; 2026 4.08(M. Trigg),2,2,4,2023-11-03 22:18:01,2023,0.5,0.87,0.32,2533.0,,2026 3.02(C. Okonkwo),Hunter Henry,James Conner,Gardner Minshew,James Conner; Trevor Lawrence; DeVonta Smith; Chris Olave; 2024 1.08(B. Thomas); 2025 1.03(O. Hampton); 2027 2(AceMatthew); 2028 2(AceMatthew); Jayden Higgins; Quinshon Judkins; 2026 3.05(T. Hurst); 2026 3.07(M. Washington); 2026 3.06(D. Stribling); Xavier Worthy; 2027 1(BROsenzweig); 2028 3(plehv79),9.0,11.7309,7.42,6.1906,4.26,5.5526,1.58,5.5403,5.9403,0.0,0.0,0.0,0.0,0.0,0.0,0.0,0.0,0.0,59.3,1.87,2,-0.0044,57.0,461.2,1125.8,1785.4,#729; T#506,T#408; T#398,514.5,,,
LWebs53,Oliverwkw,James Conner,Gardner Minshew; 2026 3.02(C. Okonkwo); $4 FAAB,1,2,5,2023-11-05 10:57:22,2023,1.5,1.6,0.59,,,James Conner,,Trevor Lawrence; DeVonta Smith; Chris Olave; 2024 1.08(B. Thomas); 2025 1.03(O. Hampton); 2027 2(AceMatthew); 2028 2(AceMatthew),Keenan Allen; Tyreek Hill; Joe Mixon; Justin Jefferson,Trevor Lawrence; DeVonta Smith; Chris Olave; 2024 1.08(B. Thomas); 2025 1.03(O. Hampton); 2027 2(AceMatthew); 2028 2(AceMatthew); Jayden Higgins; Quinshon Judkins; 2026 3.05(T. Hurst); 2026 3.07(M. Washington); 2026 3.06(D. Stribling); Xavier Worthy; 2027 1(BROsenzweig); 2028 3(plehv79),15.9571,16.4492,12.8275,10.7021,11.88,12.2464,3.1296,5.7471,8.4312,34.6,14.86,19.74,17.3,7.43,9.87,17.83,6.57,11.26,68.6,5.18,3,-0.019,-1217.6,-1326.0,-531.1,-1862.9,T#23,T#480,,stevenb123,,
LWebs53,JacobRosenzweig,Tutu Atwell; $16 FAAB,Khalil Shakir,1,1,2,2023-12-09 23:44:17,2023,-2.1,-3.0,-1.24,,,,Tutu Atwell,,,,,,,,5.48,5.5339,,,0.0,0.0,0.0,0.0,0.0,0.0,0.0,0.0,0.0,0.0,24.0,0.33,2,-0.0006,576.0,630.0,-957.0,-788.6,#745; ,#420; ,,,,
LWebs53,stevenb123,2024 1.04(J. Daniels); 2025 4.04(D. Neal); 2025 3.05(K. Williams); 2024 4.06(K. Vidal); 2026 4.08(M. Trigg); $10 FAAB,Derrick Henry; Jaylen Waddle,5,2,7,2024-05-13 15:06:28,2024,-1.4,-4.1,-1.88,15950.5,2024 1.04(J. Daniels),2025 4.04(D. Neal); 2025 3.05(K. Williams); 2024 4.06(K. Vidal); 2026 4.08(M. Trigg),,Christian Kirk; Najee Harris; 2024 4.04(M. Lloyd); 2024 4.01(J. Sanders),Geno Smith; 2026 4.01(E. Raridon); 2025 3.07(M. Taylor); 2027 4(LWebs53); 2028 3(LWebs53); 2025 4.05(E. Arroyo); 2026 4.06(S. Bell),Christian Kirk; David Njoku; 2025 4.08(P. Bryant); Jake Ferguson; 2027 1(stevenb123); 2025 2.05(T. Warren); 2026 2.02(T. Simpson); 2028 2(stevenb123); Mac Jones; 2027 3(LWebs53); Jack Bech; Luther Burden; Dallas Goedert; A.J. Brown; 2027 3(plehv79); 2026 4.02(Z. Branch); 2026 1.03(C. Tate); 2026 2.03(D. Boston); 2027 2(Oliverwkw); 2026 2.08(E. Johnson); 2026 209.??; 2026 3.04(C. Brazzell); 2026 3.01(E. Sarratt); 2026 1.02(F. Mendoza); Davante Adams; 2027 4(AceMatthew); 2027 4(Oliverwkw); 2027 4(shmuel256); 2028 1(Oliverwkw); 2029 3(LWebs53); Jayden Higgins; Quinshon Judkins; 2026 3.05(T. Hurst); 2026 3.07(M. Washington); 2026 3.06(D. Stribling); Najee Harris; 2024 4.04(M. Lloyd); Tank Bigsby; 2026 4.01(E. Raridon); 2024 4.01(J. Sanders),19.6512,16.3022,14.8672,14.8814,,,4.784,1.4208,2.4208,463.4,467.72,-4.32,20.15,20.34,-0.19,16.63,20.28,-3.66,41.9,-7.01,2,0.0356,2582.7,2898.9,3382.0,3073.2,PH#132; T#423; T#537; T#421; T#521; ,T#507; T#512; T#504; T#513; T#512; ,817.5,,,
LWebs53,BROsenzweig,2025 2.06(C. Skattebo),Travis Kelce,1,1,2,2024-05-13 15:13:21,2024,-2.2,-3.9,-1.79,3769.5,2025 2.06(C. Skattebo),,,,,,,,12.1077,16.1828,,,,,-14.3828,0.0,0.0,0.0,0.0,0.0,0.0,0.0,0.0,0.0,25.3,-13.9,2,0.0279,-351.5,1364.5,1479.5,1769.5,PH#174,T#65,403.0,,,
LWebs53,AceMatthew,Trevor Lawrence; DeVonta Smith; Chris Olave; 2024 1.08(B. Thomas); 2025 1.03(O. Hampton); 2027 2(AceMatthew); 2028 2(AceMatthew),Keenan Allen; Tyreek Hill; Joe Mixon; James Conner; Justin Jefferson,7,5,12,2024-05-13 15:13:25,2024,2.7,1.37,0.63,17739.5,Trevor Lawrence; 2024 1.08(B. Thomas); 2025 1.03(O. Hampton); 2028 2(AceMatthew),DeVonta Smith; Chris Olave; 2027 2(AceMatthew),,Jayden Higgins; Quinshon Judkins; 2026 3.05(T. Hurst); 2026 3.07(M. Washington); 2026 3.06(D. Stribling); Xavier Worthy; 2027 1(BROsenzweig); 2028 3(plehv79),Davante Adams; 2028 3(stevenb123); 2027 4(LWebs53); 2027 2(AceMatthew); Chris Olave,Jayden Higgins; Quinshon Judkins; 2026 3.05(T. Hurst); 2026 3.07(M. Washington); 2026 3.06(D. Stribling); Xavier Worthy; 2027 1(BROsenzweig); 2028 3(plehv79),14.7903,14.5611,14.2439,14.4777,14.7267,14.3231,0.5464,0.0834,8.8672,1483.62,1304.98,178.64,41.21,36.25,4.96,40.98,37.69,3.29,85.7,-6.97,2,0.0972,-906.7,-1847.6,-820.0,3788.8,; T#43; T#109; PH#136; PH#163; T#109; ,PH#35; PH#43; PH#71; T#5; T#5; ; ,12.0,,,
LWebs53,BROsenzweig,2025 4.05(E. Arroyo); 2026 4.06(S. Bell); 2025 3.07(M. Taylor),Curtis Samuel; $15 FAAB,3,1,4,2024-06-29 18:11:24,2024,0.7,0.5,0.23,6708.0,,2025 4.05(E. Arroyo); 2026 4.06(S. Bell); 2025 3.07(M. Taylor),,2024 4.01(J. Sanders); Christian Kirk,2026 4.06(S. Bell); 2026 4.08(M. Trigg); 2025 4.05(E. Arroyo); Geno Smith; 2025 4.04(D. Neal); 2026 4.01(E. Raridon),2024 4.01(J. Sanders); Christian Kirk; David Njoku; 2025 4.08(P. Bryant); Jake Ferguson; 2027 1(stevenb123); 2025 2.05(T. Warren); 2026 2.02(T. Simpson); 2028 2(stevenb123); Mac Jones; 2027 3(LWebs53); Jack Bech; Luther Burden; Dallas Goedert; A.J. Brown; 2027 3(plehv79); 2026 4.02(Z. Branch); 2026 1.03(C. Tate); 2026 2.03(D. Boston); 2027 2(Oliverwkw); 2026 2.08(E. Johnson); 2026 209.??; 2026 3.04(C. Brazzell); 2026 3.01(E. Sarratt); 2026 1.02(F. Mendoza); Davante Adams; 2027 4(AceMatthew); 2027 4(Oliverwkw); 2027 4(shmuel256); 2028 1(Oliverwkw); 2029 3(LWebs53); Jayden Higgins; Quinshon Judkins; 2026 3.05(T. Hurst); 2026 3.07(M. Washington); 2026 3.06(D. Stribling),,,4.6708,4.9274,,,,,-3.9274,0.0,0.0,0.0,0.0,0.0,0.0,0.0,0.0,0.0,53.6,-7.39,2,0.0247,1303.0,2871.9,3125.3,3857.0,T#521; T#521; T#423,T#73; PH#222; T#67,1241.0,,,
LWebs53,stevenb123,2024 4.01(J. Sanders),2025 4.05(E. Arroyo); 2026 4.06(S. Bell); 2026 4.08(M. Trigg),1,3,4,2024-07-13 18:33:50,2024,-0.1,0.0,0.0,2334.0,2024 4.01(J. Sanders),,,,,,4.275,5.7138,,,,,4.275,5.7138,5.1138,0.0,0.0,0.0,0.0,0.0,0.0,0.0,0.0,0.0,36.3,1.66,2,-0.0177,-1397.7,-2026.0,-2286.9,-2334.2,PH#153,T#501,-72.0,,,
LWebs53,shmuel256,2024 4.04(M. Lloyd),2024 4.06(K. Vidal),1,1,2,2024-07-13 18:41:58,2024,0.6,1.16,0.53,2334.0,,2024 4.04(M. Lloyd),,Tank Bigsby; 2026 4.01(E. Raridon),,Tank Bigsby; 2026 4.01(E. Raridon); Christian Kirk; David Njoku; 2025 4.08(P. Bryant); Jake Ferguson; 2027 1(stevenb123); 2025 2.05(T. Warren); 2026 2.02(T. Simpson); 2028 2(stevenb123); Mac Jones; 2027 3(LWebs53); Jack Bech; Luther Burden; Dallas Goedert; A.J. Brown; 2027 3(plehv79); 2026 4.02(Z. Branch); 2026 1.03(C. Tate); 2026 2.03(D. Boston); 2027 2(Oliverwkw); 2026 2.08(E. Johnson); 2026 209.??; 2026 3.04(C. Brazzell); 2026 3.01(E. Sarratt); 2026 1.02(F. Mendoza); Davante Adams; 2027 4(AceMatthew); 2027 4(Oliverwkw); 2027 4(shmuel256); 2028 1(Oliverwkw); 2029 3(LWebs53); Jayden Higgins; Quinshon Judkins; 2026 3.05(T. Hurst); 2026 3.07(M. Washington); 2026 3.06(D. Stribling),,,,,,,,,0.0,0.0,0.0,0.0,0.0,0.0,0.0,0.0,0.0,0.0,46.4,0.0,2,0.0,156.0,123.0,123.0,123.0,T#331,T#417,-72.0,,,
LWebs53,plehv79,Tank Bigsby; 2026 4.01(E. Raridon); $10 FAAB,2024 4.04(M. Lloyd),2,1,3,2024-07-13 18:43:37,2024,1.8,1.16,0.53,1794.5,,Tank Bigsby; 2026 4.01(E. Raridon),,Christian Kirk,Geno Smith; 2025 4.04(D. Neal); 2025 3.07(M. Taylor),Christian Kirk; David Njoku; 2025 4.08(P. Bryant); Jake Ferguson; 2027 1(stevenb123); 2025 2.05(T. Warren); 2026 2.02(T. Simpson); 2028 2(stevenb123); Mac Jones; 2027 3(LWebs53); Jack Bech; Luther Burden; Dallas Goedert; A.J. Brown; 2027 3(plehv79); 2026 4.02(Z. Branch); 2026 1.03(C. Tate); 2026 2.03(D. Boston); 2027 2(Oliverwkw); 2026 2.08(E. Johnson); 2026 209.??; 2026 3.04(C. Brazzell); 2026 3.01(E. Sarratt); 2026 1.02(F. Mendoza); Davante Adams; 2027 4(AceMatthew); 2027 4(Oliverwkw); 2027 4(shmuel256); 2028 1(Oliverwkw); 2029 3(LWebs53); Jayden Higgins; Quinshon Judkins; 2026 3.05(T. Hurst); 2026 3.07(M. Washington); 2026 3.06(D. Stribling),6.8235,6.6156,,,1.46,1.4155,6.8235,6.6156,9.212,35.8,0.0,35.8,11.93,0.0,11.93,11.57,0.0,11.57,85.8,-0.99,2,0.0071,946.7,2381.6,2225.4,1915.3,T#99; T#423; ,PH#116; PH#217; ,593.5,,,
LWebs53,shmuel256,Christian Kirk; $15 FAAB,Geno Smith; 2025 4.04(D. Neal); 2026 4.01(E. Raridon); 2025 3.07(M. Taylor),1,4,5,2024-07-18 12:41:34,2024,-0.4,0.13,0.06,,,Christian Kirk,,David Njoku; 2025 4.08(P. Bryant),,David Njoku; 2025 4.08(P. Bryant); Jake Ferguson; 2027 1(stevenb123); 2025 2.05(T. Warren); 2026 2.02(T. Simpson); 2028 2(stevenb123); Mac Jones; 2027 3(LWebs53); Jack Bech; Luther Burden; Dallas Goedert; A.J. Brown; 2027 3(plehv79); 2026 4.02(Z. Branch); 2026 1.03(C. Tate); 2026 2.03(D. Boston); 2027 2(Oliverwkw); 2026 2.08(E. Johnson); 2026 209.??; 2026 3.04(C. Brazzell); 2026 3.01(E. Sarratt); 2026 1.02(F. Mendoza); Davante Adams; 2027 4(AceMatthew); 2027 4(Oliverwkw); 2027 4(shmuel256); 2028 1(Oliverwkw); 2029 3(LWebs53); Jayden Higgins; Quinshon Judkins; 2026 3.05(T. Hurst); 2026 3.07(M. Washington); 2026 3.06(D. Stribling),,,,,9.46,9.9795,,,-1.0,0.0,0.0,0.0,0.0,0.0,0.0,0.0,0.0,0.0,21.5,3.81,2,-0.0142,-1087.5,-2821.7,-3118.0,-3002.6,T#135; ,T#417; ,,,,
LWebs53,BROsenzweig,Kenny Pickett,,1,0,1,2024-08-05 15:40:21,2024,-0.3,0.0,0.0,,,,Kenny Pickett,,,,,,,,7.16,5.9398,,,0.0,0.0,0.0,0.0,0.0,0.0,0.0,0.0,0.0,0.0,39.8,0.0,2,-0.0019,1114.0,933.0,1298.0,1030.0,#290,PH#75,,,,
LWebs53,shmuel256,Andrei Iosivas; Adam Thielen; Alexander Mattison; Dameon Pierce,2027 4(LWebs53),4,1,5,2024-08-06 12:40:23,2024,1.5,1.0,0.46,,,Adam Thielen,Andrei Iosivas; Alexander Mattison; Dameon Pierce,2028 4(stevenb123); 2028 4(shmuel256),,2028 4(stevenb123); 2028 4(shmuel256); 2026 3.04(C. Brazzell),8.3431,8.5532,,,5.69,5.8599,8.3431,8.5532,11.157,95.9,0.0,95.9,13.7,0.0,13.7,14.04,0.0,14.04,79.6,8.41,2,-0.0207,1893.8,2154.5,1412.1,6.0,#824; T#212; #822; #782,#1281; T#417; T#405; PH#76,,,,
LWebs53,JacobRosenzweig,David Njoku; 2025 4.08(P. Bryant),Christian Kirk,2,1,3,2024-08-15 15:05:34,2024,2.2,1.67,0.77,2012.0,David Njoku,2025 4.08(P. Bryant),,Jake Ferguson; 2027 1(stevenb123); 2025 2.05(T. Warren); 2026 2.02(T. Simpson); 2028 2(stevenb123),Isaac Guerendo; Jonathan Taylor; 2027 3(LWebs53),Jake Ferguson; 2027 1(stevenb123); 2025 2.05(T. Warren); 2026 2.02(T. Simpson); 2028 2(stevenb123); Mac Jones; 2027 3(LWebs53); Jack Bech; Luther Burden; Dallas Goedert; A.J. Brown; 2027 3(plehv79); 2026 4.02(Z. Branch); 2026 1.03(C. Tate); 2026 2.03(D. Boston); 2027 2(Oliverwkw); 2026 2.08(E. Johnson); 2026 209.??; 2026 3.04(C. Brazzell); 2026 3.01(E. Sarratt); 2026 1.02(F. Mendoza); Davante Adams; 2027 4(AceMatthew); 2027 4(Oliverwkw); 2027 4(shmuel256); 2028 1(Oliverwkw); 2029 3(LWebs53); Jayden Higgins; Quinshon Judkins; 2026 3.05(T. Hurst); 2026 3.07(M. Washington); 2026 3.06(D. Stribling),9.9,13.2321,7.9619,8.3992,20.72,27.6937,1.9381,4.8329,9.6725,147.7,18.2,129.5,12.31,1.52,10.79,16.24,1.61,14.63,87.9,-3.21,2,0.0053,853.2,2342.6,2237.1,1999.7,; T#533,#411; T#134,422.5,,,
LWebs53,shmuel256,2027 4(LWebs53),Jauan Jennings,1,1,2,2024-09-16 18:41:07,2024,-1.0,-1.51,-0.71,1623.5,,2027 4(LWebs53),,Najee Harris,2025 3.05(K. Williams); 2028 3(LWebs53),Najee Harris,,,11.93,12.5852,,,,,-12.3852,0.0,0.0,0.0,0.0,0.0,0.0,0.0,0.0,0.0,22.3,-8.15,2,0.0101,56.5,-1206.0,-764.0,354.0,T#537,T#424,,,,
LWebs53,Oliverwkw,2026 4.03(C. Beck),Hunter Henry; $19 FAAB,1,1,2,2024-09-19 08:05:36,2024,-1.8,-3.0,-1.46,1990.5,,2026 4.03(C. Beck),,Cooper Kupp,2027 4(plehv79),Cooper Kupp,,,8.9947,12.0221,,,,,-11.8221,0.0,0.0,0.0,0.0,0.0,0.0,0.0,0.0,0.0,14.0,-9.74,2,0.0122,-1148.5,-1081.0,-795.0,-1074.0,T#548,PH#219,397.5,,,
LWebs53,stevenb123,Jake Ferguson; 2027 1(stevenb123); 2025 2.05(T. Warren); 2026 2.02(T. Simpson); 2028 2(stevenb123),Isaac Guerendo; Jonathan Taylor; 2025 4.08(P. Bryant); 2027 3(LWebs53); $4 FAAB,5,4,9,2024-09-28 16:54:40,2024,-1.4,-3.1,-1.55,14855.0,2025 2.05(T. Warren); 2028 2(stevenb123),Jake Ferguson; 2027 1(stevenb123); 2026 2.02(T. Simpson),,Mac Jones; 2027 3(LWebs53); Jack Bech; Luther Burden; Dallas Goedert; A.J. Brown; 2027 3(plehv79); 2026 4.02(Z. Branch); 2026 1.03(C. Tate); 2026 2.03(D. Boston); 2027 2(Oliverwkw); 2026 2.08(E. Johnson); 2026 209.??,2027 4(AceMatthew); 2028 1(stevenb123); 2027 2(BROsenzweig); Tre Tucker; Kyle Monangai; 2026 2.06(J. Coleman); 2026 1.02(F. Mendoza); 2027 4(LWebs53),Mac Jones; 2027 3(LWebs53); Jack Bech; Luther Burden; Dallas Goedert; A.J. Brown; 2027 3(plehv79); 2026 3.04(C. Brazzell); 2026 3.01(E. Sarratt); 2026 1.02(F. Mendoza); Davante Adams; 2026 4.02(Z. Branch); 2026 1.03(C. Tate); 2026 2.03(D. Boston); 2027 2(Oliverwkw); 2026 2.08(E. Johnson); 2026 209.??; Jayden Higgins; Quinshon Judkins; 2026 3.05(T. Hurst); 2026 3.07(M. Washington); 2026 3.06(D. Stribling); 2027 4(AceMatthew); 2027 4(Oliverwkw); 2027 4(shmuel256); 2028 1(Oliverwkw); 2029 3(LWebs53),10.6537,13.6347,12.3439,11.9677,16.22,21.6792,-1.6902,1.667,15.1503,413.0,637.0,-224.0,14.24,21.97,-7.72,17.79,21.51,-3.72,43.7,-1.72,2,0.0647,289.0,1058.4,676.6,1179.0,T#225; T#344; PH#173; T#290; ,#1464; ; T#531; T#520; T#520,231.5,,,
LWebs53,plehv79,2027 4(plehv79); $2 FAAB,Kareem Hunt,1,1,2,2024-10-01 15:01:20,2024,-1.2,-2.0,-1.03,1775.0,,2027 4(plehv79),,Cooper Kupp,2026 4.03(C. Beck),Cooper Kupp,,,9.9156,9.6134,,,,,-9.4134,0.0,0.0,0.0,0.0,0.0,0.0,0.0,0.0,0.0,31.1,-10.08,2,0.012,573.0,418.0,746.0,2700.5,T#548; ,; ,,,,
LWebs53,BROsenzweig,Luke McCaffrey,Sam Darnold; 2028 4(LWebs53),1,2,3,2024-10-03 15:53:15,2024,-3.0,-4.0,-2.06,,,,Luke McCaffrey,,,,1.6583,1.7494,17.17,14.2439,4.9667,5.2394,-15.5117,-12.4945,-12.6945,0.0,0.0,0.0,0.0,0.0,0.0,0.0,0.0,0.0,7.2,0.79,2,-0.0035,-2707.3,-3136.4,-2948.5,,#825,T#530,,,,
LWebs53,stevenb123,Najee Harris; $5 FAAB,2025 3.05(K. Williams); 2027 4(LWebs53); 2028 3(LWebs53),1,3,4,2024-10-09 17:12:26,2024,2.4,2.0,1.06,,,,Najee Harris,,,,10.6929,10.367,,,10.18,9.8698,10.6929,10.367,19.3851,120.7,0.0,120.7,15.09,0.0,15.09,14.63,0.0,14.63,72.0,7.15,2,-0.0265,-1750.1,-1637.3,-3630.8,,#862; ,PH#33; ,,,,
LWebs53,stevenb123,Cooper Kupp; $5 FAAB,2027 4(plehv79); 2026 4.03(C. Beck),1,2,3,2025-07-14 09:53:06,2025,-0.7,0.0,0.0,,,Cooper Kupp,,,,,,,,,4.86,5.2737,,,-0.4,0.0,0.0,0.0,0.0,0.0,0.0,0.0,0.0,0.0,22.2,11.71,2,-0.0188,-450.4,-1841.5,-1906.5,,T#207; ,T#545; ,,,,
LWebs53,plehv79,Jack Bech; Luther Burden; Dallas Goedert; A.J. Brown; 2027 3(plehv79); $25 FAAB,2027 1(stevenb123); 2028 1(stevenb123); 2027 2(BROsenzweig),5,3,15,2025-07-30 13:44:54,2025,1.3,0.26,0.22,2894.0,Jack Bech; Luther Burden,Dallas Goedert; A.J. Brown; 2027 3(plehv79),,2026 3.04(C. Brazzell); 2026 3.01(E. Sarratt); 2026 1.02(F. Mendoza); Davante Adams,2028 4(stevenb123); 2028 4(shmuel256); Rhamondre Stevenson,2026 3.04(C. Brazzell); 2026 3.01(E. Sarratt); 2026 1.02(F. Mendoza); 2026 4.02(Z. Branch); 2026 1.03(C. Tate); 2026 2.03(D. Boston); 2027 2(Oliverwkw); 2026 2.08(E. Johnson); 2026 209.??; 2027 4(AceMatthew); 2027 4(Oliverwkw); 2027 4(shmuel256); 2028 1(Oliverwkw); 2029 3(LWebs53); Mac Jones; 2027 3(LWebs53); Davante Adams; Jayden Higgins; Quinshon Judkins; 2026 3.05(T. Hurst); 2026 3.07(M. Washington); 2026 3.06(D. Stribling),8.9209,10.3849,,,10.82,12.552,8.9209,10.3849,2.3828,79.3,0.0,79.3,15.86,0.0,15.86,18.49,0.0,18.49,73.2,4.98,3,-0.0783,365.5,-573.1,-33.6,,PH#180; PH#175; T#150; T#95; T#345; ,; ; PH#475; PH#422; ; ,,stevenb123,,
LWebs53,plehv79,Davante Adams,2027 3(plehv79),1,1,2,2025-07-30 14:06:15,2025,-0.6,0.26,0.22,,,Davante Adams,,Jayden Higgins; Quinshon Judkins; 2026 3.05(T. Hurst); 2026 3.07(M. Washington); 2026 3.06(D. Stribling),DeVonta Smith; 2028 3(stevenb123); 2027 4(LWebs53),Jayden Higgins; Quinshon Judkins; 2026 3.05(T. Hurst); 2026 3.07(M. Washington); 2026 3.06(D. Stribling),,,,,23.8,25.8259,,,-0.6,0.0,0.0,0.0,0.0,0.0,0.0,0.0,0.0,0.0,31.3,12.69,2,-0.0167,739.0,686.0,164.0,,T#43,T#438,,,,
LWebs53,BROsenzweig,2026 3.01(E. Sarratt); 2026 1.02(F. Mendoza),A.J. Brown; Rhamondre Stevenson,2,2,4,2025-08-02 13:44:23,2025,-0.8,-2.0,-1.7,8157.5,2026 3.01(E. Sarratt),2026 1.02(F. Mendoza),,2026 4.02(Z. Branch); 2026 1.03(C. Tate); 2026 2.03(D. Boston); 2027 2(Oliverwkw); 2026 2.08(E. Johnson); 2026 209.??,Tre Tucker; Kyle Monangai; 2026 2.06(J. Coleman); 2026 2.02(T. Simpson); 2027 4(LWebs53),2026 4.02(Z. Branch); 2026 1.03(C. Tate); 2026 2.03(D. Boston); 2027 2(Oliverwkw); 2026 2.08(E. Johnson); 2026 209.??; 2027 4(AceMatthew); 2027 4(Oliverwkw); 2027 4(shmuel256); 2028 1(Oliverwkw); 2029 3(LWebs53); Mac Jones; 2027 3(LWebs53),0.0,0.0,12.9011,13.2608,,,-12.9011,-13.2608,-7.6608,0.0,0.0,0.0,0.0,0.0,0.0,0.0,0.0,0.0,24.1,-6.84,2,0.0455,-462.1,1027.3,47.3,,PH#209; T#290,T#81; T#62,29.5,,,
LWebs53,Oliverwkw,,Cooper Kupp,0,1,1,2025-08-02 13:54:47,2025,-0.5,0.0,0.0,,,,,,,,,,8.05,8.7352,,,,,-8.7352,0.0,0.0,0.0,0.0,0.0,0.0,0.0,0.0,0.0,17.1,0.0,2,0.0087,-2718.0,-1594.0,-1697.0,,,,,,,
LWebs53,Oliverwkw,Cooper Kupp,,1,0,1,2025-08-02 13:56:44,2025,-0.1,0.25,0.21,,,Cooper Kupp,,J.K. Dobbins; 2030 1(BROsenzweig),2030 1(LWebs53); 2029 3(LWebs53),J.K. Dobbins; 2030 1(BROsenzweig); 2026 3.03(G. Bernard),,,,,4.86,5.2737,,,0.0,0.0,0.0,0.0,0.0,0.0,0.0,0.0,0.0,0.0,46.3,0.0,2,-0.0083,2718.0,1594.0,1697.0,,T#97,T#276,,,,
LWebs53,BROsenzweig,J.K. Dobbins; 2030 1(BROsenzweig),Cooper Kupp; 2030 1(LWebs53); 2029 3(LWebs53),2,3,5,2025-08-04 13:58:38,2025,1.6,1.0,0.85,5366.0,2030 1(BROsenzweig),J.K. Dobbins,,2026 3.03(G. Bernard),,2026 3.03(G. Bernard),12.45,12.0014,8.1857,8.8825,11.24,10.835,4.2643,3.1189,16.8756,99.6,57.3,42.3,12.45,7.16,5.29,12.0,7.77,4.23,73.7,-0.55,2,-0.004,-1074.9,-666.5,-506.7,,T#102; ,T#346; ,,,,
LWebs53,stevenb123,Jalen Royals; Tyler Shough; 2028 3(stevenb123); 2027 2(BROsenzweig); 2026 3.02(C. Okonkwo); 2027 4(LWebs53); 2026 3.08(M. Fields),Cam Skattebo,7,1,8,2025-08-11 20:58:53,2025,0.5,-0.27,-0.23,14838.0,2027 2(BROsenzweig); 2026 3.02(C. Okonkwo); 2026 3.08(M. Fields),Jalen Royals; 2028 3(stevenb123); 2027 4(LWebs53),Tyler Shough,Kyle Williams; Jayden Higgins; Quinshon Judkins; 2026 3.05(T. Hurst); 2026 3.07(M. Washington); 2026 3.06(D. Stribling),Davante Adams; DeVonta Smith; 2027 4(LWebs53); 2028 3(stevenb123),Kyle Williams; Jayden Higgins; Quinshon Judkins; 2026 3.05(T. Hurst); 2026 3.07(M. Washington); 2026 3.06(D. Stribling),2.6889,3.0938,14.6636,14.1353,,,-11.9747,-11.0415,-7.2415,0.0,0.0,0.0,0.0,0.0,0.0,0.0,0.0,0.0,50.5,-2.22,2,0.0385,4536.8,3919.3,4912.5,,PH#190; PH#186; T#43; ; PH#210; T#43; PH#216,; ; ; T#551; T#551; T#537; T#552,142.0,,,
LWebs53,AceMatthew,Jayden Higgins; Quinshon Judkins; 2026 3.05(T. Hurst); 2026 3.07(M. Washington); 2026 3.06(D. Stribling),Davante Adams; DeVonta Smith; 2028 3(stevenb123); 2027 4(LWebs53),5,4,11,2025-08-30 20:07:08,2025,-1.0,-1.0,-0.85,9163.5,Jayden Higgins; Quinshon Judkins; 2026 3.05(T. Hurst); 2026 3.07(M. Washington); 2026 3.06(D. Stribling),,,,,,6.3684,6.4996,14.4217,15.6493,,,-8.0532,-9.1497,-12.8376,186.4,286.9,-100.5,11.65,17.93,-6.28,11.23,19.46,-8.23,17.4,-3.11,3,0.021,246.9,1630.7,-110.9,,; ; PH#213; PH#215; PH#214,PH#538; PH#168; T#37; PH#215; T#17,-21.0,Oliverwkw,,
LWebs53,stevenb123,2028 4(stevenb123); 2028 4(shmuel256),Adam Thielen; $15 FAAB,2,1,3,2025-08-30 20:14:11,2025,0.5,0.0,0.0,3869.0,,2028 4(stevenb123); 2028 4(shmuel256),,2026 3.04(C. Brazzell),Dallas Goedert; 2028 4(shmuel256); 2028 4(stevenb123),2026 3.04(C. Brazzell),,,2.94,3.1903,,,,,-2.7903,0.0,0.0,0.0,0.0,0.0,0.0,0.0,0.0,0.0,50.6,-16.03,2,0.0239,341.2,1608.6,2084.0,,T#150; T#150,; ,,,,
LWebs53,BROsenzweig,$11 FAAB,Tank Bigsby,0,1,1,2025-09-18 09:45:38,2025,-0.4,0.0,0.0,,,,,,,,,,3.6722,3.5399,,,,,-3.5399,0.0,0.0,0.0,0.0,0.0,0.0,0.0,0.0,0.0,23.9,0.0,2,-0.0006,-1180.0,-1305.0,-1350.0,,,,,,,
LWebs53,BROsenzweig,2026 3.03(G. Bernard),J.K. Dobbins,1,1,2,2025-10-30 10:17:02,2025,0.1,0.0,0.0,3251.0,2026 3.03(G. Bernard),,,,,,3.3,3.5809,5.76,5.5525,,,-2.46,-1.9716,-1.3716,0.0,0.0,0.0,0.0,0.0,0.0,0.0,0.0,0.0,42.8,-5.71,2,0.009,-264.0,587.0,,,PH#211,T#98,-90.0,,,
LWebs53,JacobRosenzweig,2026 3.04(C. Brazzell),Dallas Goedert; 2028 4(stevenb123); 2028 4(shmuel256),1,3,4,2025-11-02 11:15:37,2025,-0.9,-1.0,-1.42,3288.0,2026 3.04(C. Brazzell),,,,,,0.0,0.0,11.7,14.4118,,,-11.7,-14.4118,-14.2118,0.0,0.0,0.0,0.0,0.0,0.0,0.0,0.0,0.0,14.1,-1.89,2,0.0014,-1526.2,-1447.0,,,PH#212,PH#212,-127.0,,,
LWebs53,AceMatthew,2027 4(LWebs53); $5 FAAB,Joe Flacco,1,1,2,2025-11-02 17:09:23,2025,0.6,0.0,0.0,2276.5,,2027 4(LWebs53),,2026 4.02(Z. Branch); 2026 1.03(C. Tate); 2026 2.03(D. Boston); 2027 2(Oliverwkw); 2026 2.08(E. Johnson); 2026 209.??,Tre Tucker; Kyle Monangai; 2026 2.06(J. Coleman); 2026 1.02(F. Mendoza); 2026 2.02(T. Simpson),2026 4.02(Z. Branch); 2026 1.03(C. Tate); 2026 2.03(D. Boston); 2027 2(Oliverwkw); 2026 2.08(E. Johnson); 2026 209.??; 2027 4(AceMatthew); 2027 4(Oliverwkw); 2027 4(shmuel256); 2028 1(Oliverwkw); 2029 3(LWebs53); Mac Jones; 2027 3(LWebs53),,,4.2,3.4256,,,,,-3.2256,0.0,0.0,0.0,0.0,0.0,0.0,0.0,0.0,0.0,48.9,-20.62,2,0.0215,811.5,1482.5,,,T#290; ,T#43; ,,,,
LWebs53,shmuel256,Justin Fields,Darnell Mooney; 2028 4(plehv79); $30 FAAB,1,2,3,2025-11-19 14:20:26,2025,-0.6,0.0,0.0,,,,Justin Fields,,,,0.0,0.0,6.1286,6.6503,11.22,9.1512,-6.1286,-6.6503,-6.8503,0.0,0.0,0.0,0.0,0.0,0.0,0.0,0.0,0.0,15.4,3.07,2,-0.0038,-2500.4,-2807.0,,,#858,T#372,,,,
LWebs53,BROsenzweig,2026 2.06(J. Coleman),Tua Tagovailoa,1,1,4,2026-05-02 18:19:42,2026,0.2,0.0,0.0,3281.0,,2026 2.06(J. Coleman),,2026 4.02(Z. Branch); 2026 1.03(C. Tate); 2026 2.03(D. Boston); 2027 2(Oliverwkw); 2026 2.08(E. Johnson); 2026 209.??,Tre Tucker; Kyle Monangai; 2026 1.02(F. Mendoza); 2026 2.02(T. Simpson); 2027 4(LWebs53),2026 4.02(Z. Branch); 2026 1.03(C. Tate); 2026 2.03(D. Boston); 2027 2(Oliverwkw); 2026 2.08(E. Johnson); 2026 209.??; 2027 4(AceMatthew); 2027 4(Oliverwkw); 2027 4(shmuel256); 2028 1(Oliverwkw); 2029 3(LWebs53); Mac Jones; 2027 3(LWebs53),,,,,,,,,0.0,0.0,0.0,0.0,0.0,0.0,0.0,0.0,0.0,0.0,45.0,-6.51,3,0.0069,524.0,,,,T#290,T#105,106.0,Oliverwkw,,
LWebs53,Oliverwkw,2026 4.02(Z. Branch); 2026 1.03(C. Tate); 2026 2.03(D. Boston); 2027 2(Oliverwkw); 2026 2.08(E. Johnson); 2026 2.09,Tre Tucker; Kyle Monangai; 2026 2.06(J. Coleman); 2026 1.02(F. Mendoza); 2026 2.02(T. Simpson); 2027 4(LWebs53),6,6,12,2026-05-03 12:54:08,2026,0.7,0.0,0.0,22705.5,2026 4.02(Z. Branch); 2026 1.03(C. Tate); 2026 2.03(D. Boston); 2027 2(Oliverwkw),2026 2.08(E. Johnson); 2026 209.??,,2027 4(AceMatthew); 2027 4(Oliverwkw); 2027 4(shmuel256); 2028 1(Oliverwkw); 2029 3(LWebs53),Nico Collins,2027 4(AceMatthew); 2027 4(Oliverwkw); 2027 4(shmuel256); Mac Jones; 2027 3(LWebs53); 2028 1(Oliverwkw); 2029 3(LWebs53),8.1,8.7895,11.2,11.5214,,,-3.1,-2.7319,-1.1319,33.4,54.7,-21.3,11.13,18.23,-7.1,12.08,18.84,-6.76,45.0,-0.95,2,0.015,489.3,,,,PH#218; PH#195; PH#203; ; T#49; T#459,T#274; PH#195; PH#203; ; T#282; PH#546,510.0,,,
LWebs53,stevenb123,2026 4.06(S. Bell); 2027 4(plehv79),Isiah Pacheco,2,1,3,2026-05-06 07:41:13,2026,0.3,0.0,0.0,4663.0,2027 4(plehv79),2026 4.06(S. Bell),,2026 501.??,2030 4(LWebs53),2026 501.??,,,,,,,,,0.2,0.0,0.0,0.0,0.0,0.0,0.0,0.0,0.0,0.0,52.4,-6.0,2,0.0093,1530.2,,,,T#562; ,T#560; T#548,189.0,,,
LWebs53,AceMatthew,2027 4(AceMatthew); 2027 4(Oliverwkw); 2027 4(shmuel256),2026 2.08(E. Johnson),3,1,4,2026-05-10 14:21:58,2026,0.3,0.0,0.0,7660.5,2027 4(Oliverwkw); 2027 4(shmuel256),2027 4(AceMatthew),,Mac Jones; 2027 3(LWebs53),Jake Ferguson,Mac Jones; 2027 3(LWebs53),,,,,,,,,0.6,0.0,0.0,0.0,0.0,0.0,0.0,0.0,0.0,0.0,53.7,-1.0,2,0.0092,1725.9,,,,T#566; ; ,; T#38; T#39,,,,
LWebs53,BROsenzweig,Xavier Worthy; 2027 1(BROsenzweig); 2028 3(plehv79),Chris Olave; 2027 2(AceMatthew),3,2,5,2026-07-07 16:59:33,2026,-3.1,-1.0,-5.67,9234.5,Xavier Worthy; 2027 1(BROsenzweig); 2028 3(plehv79),,,,,,7.4333,8.0661,23.5,25.5004,6.32,6.858,-16.0667,-17.4343,-65.9372,22.3,70.5,-48.2,7.43,23.5,-16.07,8.07,25.5,-17.43,18.6,-2.14,2,0.0274,1263.1,,,,; ; ,T#292; ; T#105,,,,
LWebs53,BROsenzweig,2028 1(Oliverwkw); 2029 3(LWebs53),Nico Collins; 2026 2.09,2,2,17,2026-07-10 17:26:39,2026,0.1,0.0,0.0,7694.5,2028 1(Oliverwkw); 2029 3(LWebs53),,,,,,,,21.2,23.0046,,,,,-17.4046,0.0,0.0,0.0,0.0,0.0,0.0,0.0,0.0,0.0,26.2,-5.22,5,0.0422,-1034.1,,,,; ,; T#97,,JacobRosenzweig,Oliverwkw,shmuel256
LWebs53,stevenb123,2026 5.01,2026 4.06(S. Bell); 2030 4(LWebs53),1,2,3,2026-07-12 18:58:16,2026,-0.2,0.0,0.0,2191.0,2026 501.??,,,,,,,,,,,,,,-0.2,0.0,0.0,0.0,0.0,0.0,0.0,0.0,0.0,0.0,31.3,2.0,2,-0.0068,-1303.5,,,,PH#547,PH#547,110.0,,,
LWebs53,stevenb123,Mac Jones; 2027 3(LWebs53),Jake Ferguson; 2027 4(AceMatthew); $5 FAAB,2,2,4,2026-08-27 21:21:18,2026,-0.3,0.0,0.0,3356.5,Mac Jones; 2027 3(LWebs53),,,,,,-0.0667,-0.0544,10.7333,13.2211,4.704,3.8366,-10.8,-13.2755,-12.8755,0.0,0.0,0.0,0.0,0.0,0.0,0.0,0.0,0.0,25.2,0.19,2,0.0018,-6.1,,,,; ,#1596; T#533,,,,
LWebs53,shmuel256,Kyle Williams,Jalen Royals,1,1,2,2026-09-04 13:28:27,2026,-0.3,0.0,0.0,,,,Kyle Williams,,,,,,,,1.78,1.9315,,,0.0,0.0,0.0,0.0,0.0,0.0,0.0,0.0,0.0,0.0,37.2,0.27,2,-0.0003,446.0,,,,#863,PH#181,,,,
Oliverwkw,shmuel256,Malcolm Brown; Denzel Mims,Justin Jefferson; DeVante Parker,2,2,4,2020-09-15 14:23:42,2020,-9.2,-14.0,-2.31,,,,Malcolm Brown; Denzel Mims,,,,6.992,7.2298,14.9046,15.5052,8.84,9.0802,-7.9126,-8.2754,-9.012,19.1,21.5,-2.4,19.1,21.5,-2.4,19.62,22.37,-2.75,4.9,0.68,2,-0.0023,-3502.4,-5779.2,-7060.8,-9871.4,#883; #885,#1183; #1179,,,,
Oliverwkw,stevenb123,Mike Davis,Corey Davis,1,1,2,2020-10-01 13:26:32,2020,1.2,2.0,0.34,,,,Mike Davis,,,,10.8321,11.1265,12.0952,12.5826,7.76,7.9709,-1.2631,-1.4561,2.2282,145.0,109.8,35.2,13.18,9.98,3.2,13.51,10.4,3.12,60.9,1.89,2,-0.0032,-956.0,-2593.0,-1528.0,-1339.0,#919,#1352,,,,
Oliverwkw,shmuel256,Jarvis Landry; Taysom Hill,Myles Gaskin; Matt Ryan,2,2,4,2020-11-20 11:09:46,2020,2.3,3.0,0.54,,,,Jarvis Landry; Taysom Hill,,,,13.6255,16.7885,12.5215,11.3512,7.918,9.3306,1.104,5.4373,7.3993,73.94,39.34,34.6,14.79,7.87,6.92,17.01,7.04,9.97,81.2,-0.52,2,0.0017,-3072.0,-814.8,-1305.6,914.2,#938; #889,PH#457; #1203,,,,
Oliverwkw,stevenb123,Zack Moss; 2022 3.08(M. Willis),Henry Ruggs,2,1,3,2021-10-08 02:12:44,2021,-0.2,0.0,0.0,2672.0,,2022 3.08(M. Willis),Zack Moss,2023 3.07(W. Levis),,2023 3.07(W. Levis); Ryan Tannehill; Cordarrelle Patterson; 2022 4.05(A. Pierce),6.1333,6.1487,12.9,13.6053,11.48,11.5088,-6.7667,-7.4566,-6.8566,0.0,0.0,0.0,0.0,0.0,0.0,0.0,0.0,0.0,42.5,-0.25,2,0.0054,950.2,3278.0,3589.2,3781.0,#922; T#473,#1390; PH#88,-20.0,,,
Oliverwkw,LWebs53,D'Ernest Johnson,2022 4.05(A. Pierce),1,1,2,2021-11-13 13:43:42,2021,1.1,-1.0,-0.22,,,,D'Ernest Johnson,,,,4.8556,4.8677,,,7.64,7.6591,4.8556,4.8677,10.6593,21.7,0.0,21.7,21.7,0.0,21.7,21.75,0.0,21.75,72.9,4.51,2,-0.0068,465.0,135.0,-528.0,-1348.0,#936,#550,,,,
Oliverwkw,AceMatthew,Allen Robinson; A.J. Green; 2022 2.02(J. Cook),Calvin Ridley,3,1,10,2021-12-04 18:56:45,2021,0.6,-1.0,-0.22,4248.0,,2022 2.02(J. Cook),Allen Robinson; A.J. Green,Ryan Tannehill; Cordarrelle Patterson; 2022 4.05(A. Pierce),2023 3.07(W. Levis),Ryan Tannehill; Cordarrelle Patterson; 2022 4.05(A. Pierce),8.4617,8.9243,,,8.77,9.2495,8.4617,8.9243,12.5984,10.4,0.0,10.4,10.4,0.0,10.4,10.97,0.0,10.97,79.8,0.67,3,0.0006,2087.5,1848.0,2008.7,877.8,#950; #924; T#476,T#365; #43; PH#74,-14.0,shmuel256,,
Oliverwkw,stevenb123,2023 3.07(W. Levis),2022 3.08(M. Willis),1,1,2,2021-12-06 23:16:56,2021,0.8,0.0,0.0,2679.0,,2023 3.07(W. Levis),,Ryan Tannehill; Cordarrelle Patterson; 2022 4.05(A. Pierce),2022 2.02(J. Cook),Ryan Tannehill; Cordarrelle Patterson; 2022 4.05(A. Pierce),,,,,,,,,0.0,28.82,0.0,28.82,9.61,0.0,9.61,7.97,0.0,7.97,65.2,-0.99,2,0.0013,64.0,255.0,539.0,113.5,T#476,PH#119,64.0,,,
Oliverwkw,stevenb123,Ryan Tannehill; Cordarrelle Patterson; 2022 4.05(A. Pierce),2023 3.07(W. Levis); 2022 2.02(J. Cook),3,2,5,2022-06-23 02:10:40,2022,-2.1,-4.0,-0.96,1618.0,2022 4.05(A. Pierce),,Ryan Tannehill; Cordarrelle Patterson,,,,10.4274,9.7837,,,10.716,9.4659,10.4274,9.7837,9.1837,6.7,0.0,6.7,6.7,0.0,6.7,6.95,0.0,6.95,42.5,7.69,2,-0.0314,-621.5,-2354.8,-2791.8,-4263.5,#937; #957; PH#93,#1430; T#472; T#475,89.0,,,
Oliverwkw,LWebs53,James Conner; Dawson Knox,Jaylen Waddle; 2022 2.05(C. Watson),2,2,8,2022-07-02 21:00:16,2022,-4.8,-5.03,-1.2,,,James Conner,Dawson Knox,Austin Ekeler; 2023 3.07(W. Levis); 2022 1.04(T. Burks),2022 1.05(J. Williams); 2023 4.05(E. Gray); 2024 1.05(D. Maye); 2024 4.05(M. Corley),Austin Ekeler; 2023 3.07(W. Levis); 2022 1.04(T. Burks); 2024 2.02(X. Worthy); 2024 4.02(T. Johnson),9.0286,11.912,14.8556,15.4146,14.45,16.0453,-5.827,-3.5027,-3.9737,5.5,19.5,-14.0,5.5,19.5,-14.0,7.26,20.23,-12.98,8.5,3.68,3,-0.0109,-2090.6,-3600.0,-4985.4,-4372.6,T#236; #956,PH#431; #1409,,stevenb123,,
Oliverwkw,stevenb123,Austin Ekeler; 2023 3.07(W. Levis); 2022 1.04(T. Burks),James Conner; 2022 1.05(J. Williams); 2023 4.05(E. Gray); 2024 1.05(D. Maye); 2024 4.05(M. Corley),3,5,8,2022-07-25 09:50:48,2022,0.9,1.03,0.25,7832.0,2023 3.07(W. Levis); 2022 1.04(T. Burks),Austin Ekeler,,2024 2.02(X. Worthy); 2024 4.02(T. Johnson),2025 2.08(J. Dart); 2024 2.05(K. Coleman),2024 2.02(X. Worthy); 2024 4.02(T. Johnson),11.7451,11.4016,15.4881,15.6769,20.22,20.4665,-3.743,-4.2753,-20.1234,584.82,392.68,192.14,18.28,12.27,6.0,18.44,12.41,6.03,42.9,1.36,2,-0.0424,16.1,-268.5,-783.8,-2912.3,T#131; PH#119; PH#68,PH#396; T#476; T#475,-84.0,,,
Oliverwkw,shmuel256,Davis Mills; 2024 4.06(K. Vidal),2025 4.02(T. Shough); $10 FAAB,2,1,3,2022-09-28 09:39:50,2022,-0.1,0.0,0.0,1501.0,,Davis Mills; 2024 4.06(K. Vidal),,Josh Reynolds; Gardner Minshew,K.J. Osborn,Josh Reynolds; Gardner Minshew,12.0533,9.8649,,,13.128,10.7444,12.0533,9.8649,9.8649,0.0,0.0,0.0,0.0,0.0,0.0,0.0,0.0,0.0,47.0,2.94,2,0.0001,1818.6,561.9,-115.6,-246.7,T#171; T#506,#1243; PH#158,699.5,,,
Oliverwkw,plehv79,Christian Kirk; Clyde Edwards-Helaire; 2023 4.07(O. Beckham),2023 1.05(J. Smith-Njigba); 2023 3.05(M. Mims),3,2,5,2022-10-08 02:10:46,2022,1.7,1.78,0.45,1807.0,2023 4.07(O. Beckham),Christian Kirk; Clyde Edwards-Helaire,,2024 3.01(B. Nix); 2025 2.08(J. Dart); 2026 2.05(N. Singleton); 2024 3.02(M. Penix); 2024 3.04(T. Franklin); 2026 4.07(D. Mooney); 2024 3.03(A. Mitchell); 2025 2.05(T. Warren); 2024 1.07(B. Bowers); 2024 3.07(B. Sinnott); 2024 3.08(J. Burton); 2024 2.05(K. Coleman); 2024 3.05(B. Corum); 2024 3.06(J. Wright); 2025 1.07(M. Golden),Adam Thielen; Christian McCaffrey; Cooper Kupp; Justin Herbert; 2024 4.04(M. Lloyd),2024 3.01(B. Nix); 2025 2.08(J. Dart); 2026 2.05(N. Singleton); 2024 3.02(M. Penix); 2024 3.04(T. Franklin); 2026 4.07(D. Mooney); 2024 3.03(A. Mitchell); 2025 2.05(T. Warren); 2024 1.07(B. Bowers); 2024 3.07(B. Sinnott); 2024 3.08(J. Burton); 2024 2.05(K. Coleman); 2024 3.05(B. Corum); 2024 3.06(J. Wright); 2025 1.07(M. Golden); 2024 2.02(X. Worthy); 2024 4.02(T. Johnson); Jordan Addison; Rachaad White; Calvin Ridley; Zonovan Knight,7.4776,7.67,,,16.16,16.5633,7.4776,7.67,10.2942,286.36,115.1,171.26,12.45,5.0,7.45,12.75,5.05,7.7,67.3,2.39,2,-0.0351,917.7,-768.9,-1280.7,-2336.8,T#257; T#181; PH#127,#1069; T#367; T#306,-146.0,,,
Oliverwkw,LWebs53,Josh Reynolds,Davis Mills,1,1,2,2022-11-15 02:10:55,2022,-0.6,0.0,0.0,,,,Josh Reynolds,,,,0.0,0.0,9.76,7.988,11.42,11.8498,-9.76,-7.988,-7.988,0.0,0.0,0.0,0.0,0.0,0.0,0.0,0.0,0.0,27.1,3.68,2,-0.0055,-1071.0,-332.0,1012.0,570.0,#942,#627,,,,
Oliverwkw,plehv79,2025 3.06(T. Ferguson); 2025 4.06(J. Royals),Kadarius Toney,2,1,3,2022-11-30 09:09:28,2022,-0.0,-0.16,-0.05,3983.5,,2025 3.06(T. Ferguson); 2025 4.06(J. Royals),,Adam Thielen; Elijah Mitchell; Jordan Addison,Terrace Marshall; 2024 4.08(J. Baker); 2026 3.03(G. Bernard); 2026 2.05(N. Singleton); 2026 4.07(D. Mooney); 2024 1.07(B. Bowers),Adam Thielen; Elijah Mitchell; 2024 3.01(B. Nix); 2025 2.08(J. Dart); 2026 2.05(N. Singleton); 2024 3.02(M. Penix); 2024 3.04(T. Franklin); 2026 4.07(D. Mooney); 2024 3.03(A. Mitchell); 2025 2.05(T. Warren); 2024 1.07(B. Bowers); 2024 3.07(B. Sinnott); 2024 3.08(J. Burton); 2024 2.05(K. Coleman); 2024 3.05(B. Corum); 2024 3.06(J. Wright); 2025 1.07(M. Golden); 2024 2.02(X. Worthy); 2024 4.02(T. Johnson); Jordan Addison; Rachaad White; Calvin Ridley; Zonovan Knight,,,4.3391,4.5024,,,,,-3.7024,0.0,0.0,0.0,0.0,0.0,0.0,0.0,0.0,0.0,47.9,-4.59,2,0.0203,-32.9,286.1,2336.7,3906.1,T#125; T#24,PH#182; PH#190,1577.5,,,
Oliverwkw,shmuel256,2024 4.04(M. Lloyd); 2023 3.08(T. Spears),2024 3.05(B. Corum),2,1,3,2022-12-04 02:10:24,2022,0.2,-1.0,-0.29,4923.0,2023 3.08(T. Spears),2024 4.04(M. Lloyd),,K.J. Osborn,,K.J. Osborn; Gardner Minshew,8.645,8.9116,,,,,8.645,8.9116,9.1116,27.3,2.4,24.9,6.83,0.6,6.23,6.62,0.58,6.04,72.0,0.5,2,0.0069,1223.3,1234.5,807.3,877.8,T#502; PH#120,T#387; T#376,-266.5,,,
Oliverwkw,stevenb123,2023 4.02(C. Brown); 2024 4.08(J. Baker),K.J. Osborn,2,1,3,2023-01-21 02:11:13,2023,1.3,-0.97,-0.31,3965.5,2023 4.02(C. Brown),2024 4.08(J. Baker),,Adam Thielen; Elijah Mitchell,Terrace Marshall; 2025 3.06(T. Ferguson); 2026 3.03(G. Bernard),Adam Thielen; Elijah Mitchell; 2024 3.01(B. Nix); 2025 2.08(J. Dart); 2026 2.05(N. Singleton); 2024 3.02(M. Penix); 2024 3.04(T. Franklin); 2026 4.07(D. Mooney); 2024 3.03(A. Mitchell); 2025 2.05(T. Warren); 2024 1.07(B. Bowers); 2024 3.07(B. Sinnott); 2024 3.08(J. Burton); 2024 2.05(K. Coleman); 2024 3.05(B. Corum); 2024 3.06(J. Wright); 2025 1.07(M. Golden); 2024 2.02(X. Worthy); 2024 4.02(T. Johnson); Jordan Addison; Rachaad White; Calvin Ridley; Zonovan Knight,13.0587,13.4614,6.2591,6.3207,,,6.7996,7.1407,7.3407,453.5,0.0,453.5,17.44,0.0,17.44,16.85,0.0,16.85,86.5,-4.73,2,0.0106,1060.3,1682.3,1651.3,2509.3,PH#122; T#125,T#482; T#479,153.0,,,
Oliverwkw,shmuel256,Trey Lance; 2025 1.08(Q. Judkins); 2023 2.03(D. Achane); 2023 3.03(R. Rice); 2025 4.02(T. Shough),Kyler Murray; 2023 2.05(H. Hooker),5,2,10,2023-05-28 02:11:32,2023,4.1,3.04,0.96,13515.0,2025 1.08(Q. Judkins); 2023 2.03(D. Achane); 2023 3.03(R. Rice),Trey Lance; 2025 4.02(T. Shough),,Cole Kmet; 2026 4.05(J. Lane); 2026 4.08(M. Trigg); Jalin Hyatt,2027 4(Oliverwkw),Cole Kmet; 2026 4.05(J. Lane); 2026 4.08(M. Trigg); Rachaad White; Hunter Henry; Calvin Ridley; Darren Waller; Romeo Doubs; Zonovan Knight; Gabe Davis; 2027 3(shmuel256); Jameson Williams; 2027 4(stevenb123); Tua Tagovailoa; Jalin Hyatt,16.4019,16.7511,16.2631,13.5685,9.1,7.5922,0.1388,3.1826,8.3826,1071.8,406.22,665.58,24.93,9.45,15.48,24.99,7.82,17.18,90.3,-2.57,3,0.0446,2023.2,1409.0,783.0,2524.6,T#244; PH#168; PH#107; PH#115; T#526,PH#40; PH#168; T#487; T#384; T#386,2023.0,stevenb123,,
Oliverwkw,stevenb123,Cole Kmet; 2026 4.05(J. Lane); 2026 4.08(M. Trigg),Trey Lance,3,1,4,2023-08-24 13:07:21,2023,1.7,1.0,0.31,2919.0,,2026 4.05(J. Lane); 2026 4.08(M. Trigg),Cole Kmet,Rachaad White; Hunter Henry,2025 2.05(T. Warren); 2025 4.07(H. Fannin),Rachaad White; Calvin Ridley; Zonovan Knight; Hunter Henry; Darren Waller; Romeo Doubs; Gabe Davis; 2027 3(shmuel256); Jameson Williams; 2027 4(stevenb123); Tua Tagovailoa,9.0969,11.8571,3.185,2.6573,10.76,14.0249,5.9119,9.1998,15.3074,71.3,0.0,71.3,7.92,0.0,7.92,10.49,0.0,10.49,90.0,-2.48,2,0.0128,1679.1,3537.4,3083.4,3151.2,#1011; T#531; T#403,#1454; PH#221; T#498,1857.0,,,
Oliverwkw,shmuel256,Hunter Henry; $13 FAAB,2026 4.08(M. Trigg),1,1,2,2023-10-04 09:35:42,2023,0.3,0.0,0.0,,,Hunter Henry,,Darren Waller; Romeo Doubs,2024 4.07(T. Tracy); 2025 3.02(B. Tuten); 2028 2(stevenb123),Darren Waller; Romeo Doubs; Gabe Davis; 2027 3(shmuel256); Jameson Williams; 2027 4(stevenb123); Tua Tagovailoa,3.05,3.9755,,,11.36,14.8069,3.05,3.9755,3.7755,173.7,0.0,173.7,9.65,0.0,9.65,12.35,0.0,12.35,73.2,9.73,2,-0.012,1404.0,737.0,425.5,986.5,T#252; ,#1264; ,,,,
Oliverwkw,JacobRosenzweig,Adam Thielen; Elijah Mitchell,Terrace Marshall; 2025 3.06(T. Ferguson); 2024 4.08(J. Baker); 2026 3.03(G. Bernard),2,4,6,2023-10-11 02:12:59,2023,0.7,0.02,0.01,,,Adam Thielen; Elijah Mitchell,,2024 3.01(B. Nix); 2025 2.08(J. Dart); 2026 2.05(N. Singleton); 2024 3.02(M. Penix); 2024 3.04(T. Franklin); 2026 4.07(D. Mooney); 2024 3.03(A. Mitchell); 2025 2.05(T. Warren); 2024 1.07(B. Bowers); 2024 3.07(B. Sinnott); 2024 3.08(J. Burton); 2024 2.05(K. Coleman); 2024 3.05(B. Corum); 2024 3.06(J. Wright); 2025 1.07(M. Golden),Christian McCaffrey; Cooper Kupp; Christian Kirk; Justin Herbert; 2024 4.04(M. Lloyd),2024 3.01(B. Nix); 2025 2.08(J. Dart); 2026 2.05(N. Singleton); 2024 3.02(M. Penix); 2024 3.04(T. Franklin); 2026 4.07(D. Mooney); 2024 3.03(A. Mitchell); 2025 2.05(T. Warren); 2024 1.07(B. Bowers); 2024 3.07(B. Sinnott); 2024 3.08(J. Burton); 2024 2.05(K. Coleman); 2024 3.05(B. Corum); 2024 3.06(J. Wright); 2025 1.07(M. Golden); 2024 2.02(X. Worthy); 2024 4.02(T. Johnson); Jordan Addison; Rachaad White; Calvin Ridley; Zonovan Knight,7.3341,7.4383,1.1,1.1108,13.97,14.195,6.2341,6.3275,14.3735,82.9,4.0,78.9,11.84,0.57,11.27,11.96,0.58,11.38,65.3,8.37,2,-0.0346,-1747.5,-2701.9,-3500.2,-4040.0,T#257; T#264,PH#414; PH#58,,,,
Oliverwkw,LWebs53,$1 FAAB,Clyde Edwards-Helaire,0,1,1,2023-10-12 02:13:09,2023,-0.4,0.0,0.0,,,,,,,,,,3.85,3.9687,,,,,-3.9687,0.0,0.0,0.0,0.0,0.0,0.0,0.0,0.0,0.0,30.1,0.0,2,0.0007,-1203.0,-1451.0,-1178.0,100.0,,,,,,
Oliverwkw,plehv79,Joshua Kelley,$25 FAAB,1,0,1,2023-10-12 02:13:10,2023,-0.1,0.0,0.0,,,,Joshua Kelley,,,,3.34,3.443,,,6.4,6.5974,3.34,3.443,8.443,0.0,0.0,0.0,0.0,0.0,0.0,0.0,0.0,0.0,38.0,0.0,2,-0.0022,-1114.0,-1278.0,-2500.0,-2500.0,#987,#1109,,,,
Oliverwkw,stevenb123,K.J. Osborn,2024 4.04(M. Lloyd),1,1,2,2023-10-23 00:39:48,2023,-0.2,0.0,0.0,,,K.J. Osborn,,Gardner Minshew,2024 4.06(K. Vidal),Gardner Minshew,13.8,13.9358,,,8.86,8.9472,13.8,13.9358,13.7358,0.0,0.0,0.0,0.0,0.0,0.0,0.0,0.0,0.0,39.6,5.23,2,-0.0073,-9.0,-667.0,-1280.0,-2262.0,T#253,T#491,,,,
Oliverwkw,stevenb123,2024 4.04(M. Lloyd); 2024 4.07(T. Tracy); 2028 2(stevenb123),Treylon Burks; 2028 3(Oliverwkw),3,2,5,2023-10-31 20:53:26,2023,0.3,0.08,0.03,7338.5,,2024 4.04(M. Lloyd); 2024 4.07(T. Tracy); 2028 2(stevenb123),,2024 3.01(B. Nix); 2025 2.08(J. Dart); 2026 2.05(N. Singleton); 2024 3.02(M. Penix); 2024 3.04(T. Franklin); 2026 4.07(D. Mooney); 2024 3.03(A. Mitchell); 2025 2.05(T. Warren); 2024 1.07(B. Bowers); 2024 3.07(B. Sinnott); 2024 3.08(J. Burton); 2024 2.05(K. Coleman); 2024 3.05(B. Corum); 2024 3.06(J. Wright); 2025 1.07(M. Golden); Darren Waller; Romeo Doubs,Adam Thielen; Christian McCaffrey; Cooper Kupp; Christian Kirk; Justin Herbert; Hunter Henry; 2025 3.02(B. Tuten); 2028 2(stevenb123); 2024 4.07(T. Tracy),2024 3.01(B. Nix); 2025 2.08(J. Dart); 2026 2.05(N. Singleton); 2024 3.02(M. Penix); 2024 3.04(T. Franklin); 2026 4.07(D. Mooney); 2024 3.03(A. Mitchell); 2025 2.05(T. Warren); 2024 1.07(B. Bowers); 2024 3.07(B. Sinnott); 2024 3.08(J. Burton); 2024 2.05(K. Coleman); 2024 3.05(B. Corum); 2024 3.06(J. Wright); 2025 1.07(M. Golden); 2024 2.02(X. Worthy); 2024 4.02(T. Johnson); Jordan Addison; Rachaad White; Calvin Ridley; Zonovan Knight; Darren Waller; Romeo Doubs; Gabe Davis; 2027 3(shmuel256); Jameson Williams; 2027 4(stevenb123); Tua Tagovailoa,,,3.445,3.4789,,,,,-1.8789,0.0,0.0,0.0,0.0,0.0,0.0,0.0,0.0,0.0,50.2,-0.55,2,0.0158,829.4,1201.8,2216.9,2325.4,T#417; T#408; T#408,T#502; T#499; ,461.0,,,
Oliverwkw,shmuel256,D'Onta Foreman,$3 FAAB,1,0,1,2023-10-31 20:54:09,2023,-0.3,0.0,0.0,,,,D'Onta Foreman,,,,,,,,11.1,11.4423,,,0.0,0.0,0.0,0.0,0.0,0.0,0.0,0.0,0.0,0.0,33.5,0.0,2,-0.0037,1548.0,1142.0,630.0,-300.0,#982,T#405,,,,
Oliverwkw,shmuel256,Darren Waller; Romeo Doubs,Hunter Henry; 2024 4.07(T. Tracy); 2025 3.02(B. Tuten); 2028 2(stevenb123),2,4,6,2023-11-03 02:13:30,2023,-0.5,-0.63,-0.23,,,Romeo Doubs,Darren Waller,Gabe Davis; 2027 3(shmuel256),,Gabe Davis; 2027 3(shmuel256); Jameson Williams; 2027 4(stevenb123); Tua Tagovailoa,8.8167,10.0435,11.55,15.0546,11.62,13.355,-2.7333,-5.0111,-8.1834,6.7,0.0,6.7,6.7,0.0,6.7,6.77,0.0,6.77,32.1,5.5,2,-0.0356,-1325.0,-1988.3,-2950.9,-2922.6,#990; T#80,PH#424; PH#84,,,,
Oliverwkw,LWebs53,Gardner Minshew,K.J. Osborn; 2024 4.06(K. Vidal); $15 FAAB,1,2,5,2023-11-05 10:57:22,2023,-0.0,-1.0,-0.37,,,,Gardner Minshew,,,,10.93,9.119,5.0444,5.0941,13.972,11.657,5.8856,4.0249,5.6649,35.48,5.4,30.08,11.83,1.8,10.03,9.83,1.84,7.98,55.8,3.68,3,-0.0067,-1397.4,-1319.0,-1820.2,-2265.0,#1000,#716,,stevenb123,,
Oliverwkw,BROsenzweig,DeAndre Hopkins; 2025 3.08(J. Milroe); 2025 4.05(E. Arroyo); $15 FAAB,2025 2.02(C. Loveland),3,1,4,2023-12-06 21:30:06,2023,2.0,0.0,0.0,4702.5,,DeAndre Hopkins; 2025 3.08(J. Milroe); 2025 4.05(E. Arroyo),,Michael Wilson; 2025 1.05(T. Henderson); 2025 2.02(C. Loveland),Michael Pittman; Alec Pierce; 2025 3.08(J. Milroe); 2025 4.05(E. Arroyo); DeAndre Hopkins,Michael Wilson; 2025 1.05(T. Henderson); 2025 2.02(C. Loveland),11.925,12.0424,,,11.78,11.8959,11.925,12.0424,47.1696,47.7,0.0,47.7,11.93,0.0,11.93,12.04,0.0,12.04,88.4,3.74,2,-0.0086,1637.2,1681.7,1361.1,1127.8,T#73; T#73; T#73; ,PH#407; T#66; PH#189; ,858.5,,,
Oliverwkw,JacobRosenzweig,2025 4.01(J. Blue),Parker Washington,1,1,2,2023-12-08 02:13:26,2023,-0.2,0.23,0.1,1808.5,,2025 4.01(J. Blue),,Wan'Dale Robinson; 2024 2.03(J. McCarthy); 2024 2.08(X. Legette),George Kittle; 2024 2.05(K. Coleman),Wan'Dale Robinson; 2024 2.03(J. McCarthy); 2024 2.08(X. Legette); Calvin Ridley; Zonovan Knight,,,9.5289,9.6227,,,,,-9.4227,0.0,0.0,0.0,0.0,0.0,0.0,0.0,0.0,0.0,27.5,-1.45,2,0.0029,288.5,119.5,388.0,-329.5,T#416,PH#185,626.0,,,
Oliverwkw,shmuel256,Wan'Dale Robinson; 2024 2.03(J. McCarthy); 2024 2.08(X. Legette); $10 FAAB,George Kittle; 2025 4.01(J. Blue); 2024 2.05(K. Coleman),3,3,6,2024-04-30 02:22:35,2024,-2.5,-3.0,-1.38,8520.0,2024 2.03(J. McCarthy); 2024 2.08(X. Legette),Wan'Dale Robinson,,Calvin Ridley,Rachaad White,Calvin Ridley; Zonovan Knight,9.8786,9.5693,14.9033,19.9194,12.4,13.081,-5.0247,-10.35,-19.454,106.52,174.6,-68.08,10.65,17.46,-6.81,10.47,22.11,-11.64,21.9,-2.08,2,0.0051,1528.9,855.4,612.3,1837.4,T#278; PH#139; PH#144; ,T#399; T#415; T#415; ,-552.0,,,
Oliverwkw,shmuel256,2024 3.01(B. Nix); 2025 2.08(J. Dart); 2026 2.05(N. Singleton); 2024 3.02(M. Penix); 2024 3.04(T. Franklin); 2026 4.07(D. Mooney); 2024 3.03(A. Mitchell); 2025 2.05(T. Warren); 2024 1.07(B. Bowers); 2024 3.07(B. Sinnott); 2024 3.08(J. Burton); 2024 2.05(K. Coleman); 2024 3.05(B. Corum); 2024 3.06(J. Wright); 2025 1.07(M. Golden),Adam Thielen; Christian McCaffrey; Cooper Kupp; Christian Kirk; Justin Herbert; 2024 4.04(M. Lloyd),15,6,21,2024-05-07 09:54:47,2024,1.7,-2.17,-1.0,52883.5,2024 3.01(B. Nix); 2024 3.02(M. Penix); 2024 3.04(T. Franklin); 2024 3.03(A. Mitchell); 2024 3.07(B. Sinnott); 2024 3.08(J. Burton); 2024 3.05(B. Corum); 2024 3.06(J. Wright); 2025 1.07(M. Golden),2025 2.08(J. Dart); 2026 2.05(N. Singleton); 2026 4.07(D. Mooney); 2025 2.05(T. Warren); 2024 1.07(B. Bowers); 2024 2.05(K. Coleman),,2024 2.02(X. Worthy); 2024 4.02(T. Johnson); Jordan Addison; Rachaad White,Austin Ekeler; 2024 2.05(K. Coleman); 2026 4.07(D. Mooney); 2024 1.07(B. Bowers); 2025 4.06(J. Royals); 2026 2.05(N. Singleton); 2026 4.05(J. Lane); 2025 4.07(H. Fannin); 2025 2.08(J. Dart),2024 2.02(X. Worthy); 2024 4.02(T. Johnson); Jordan Addison; Rachaad White; Calvin Ridley; Zonovan Knight,5.3493,5.0686,12.6244,12.2263,,,-7.2752,-7.1577,3.4423,712.54,948.44,-235.9,22.99,30.59,-7.61,19.94,28.39,-8.45,55.9,-6.76,2,0.1045,-1993.1,779.3,1179.7,1019.2,PH#145; T#131; T#24; PH#146; PH#148; T#24; PH#147; T#531; T#24; PH#151; PH#152; T#131; PH#149; PH#150; PH#167,T#380; T#393; T#401; T#392; T#387; T#414; T#388; T#409; T#401; T#388; T#377; T#416; T#391; PH#150; PH#167,443.0,,,
Oliverwkw,BROsenzweig,AJ Dillon,Joe Flacco,1,1,2,2024-05-13 02:13:31,2024,0.2,0.0,0.0,,,,AJ Dillon,,,,,,,,8.1,7.8531,,,0.0,0.0,0.0,0.0,0.0,0.0,0.0,0.0,0.0,0.0,37.1,-13.29,2,0.0132,847.0,336.0,-290.0,-1157.0,#991,T#177,,,,
Oliverwkw,BROsenzweig,Michael Wilson; 2025 1.05(T. Henderson); 2025 2.02(C. Loveland),DeAndre Hopkins; Michael Pittman; Alec Pierce; 2025 3.08(J. Milroe); 2025 4.05(E. Arroyo),3,5,8,2024-05-13 16:02:51,2024,-0.9,-3.0,-1.38,9104.0,2025 1.05(T. Henderson); 2025 2.02(C. Loveland),,Michael Wilson,,,,9.5271,10.2529,9.2625,9.7711,7.48,7.8908,0.2646,0.4818,6.542,171.2,129.7,41.5,14.27,10.81,3.46,14.04,11.73,2.31,59.7,-2.92,2,0.0466,-189.8,2474.9,2225.0,1687.9,#1010; PH#165; PH#170,T#327; PH#165; T#68,885.0,,,
Oliverwkw,AceMatthew,Jordan Addison,2026 2.05(N. Singleton); 2026 4.07(D. Mooney); 2024 1.07(B. Bowers); 2025 4.06(J. Royals),1,4,5,2024-06-29 17:58:12,2024,-1.7,-3.0,-1.38,,Jordan Addison,,,,,,12.2967,12.972,,,11.3,11.9206,12.2967,12.972,29.8953,274.2,320.8,-46.6,13.71,16.04,-2.33,14.58,19.47,-4.89,28.0,1.85,2,-0.0211,-3622.8,-3677.4,-4232.4,-4744.9,,PH#104,,,,
Oliverwkw,JacobRosenzweig,2024 2.02(X. Worthy); 2024 4.02(T. Johnson),Austin Ekeler; 2025 2.08(J. Dart); 2024 2.05(K. Coleman),2,3,5,2024-07-13 18:02:35,2024,-1.8,-3.0,-1.38,6818.0,2024 2.02(X. Worthy); 2024 4.02(T. Johnson),,,,,,8.362,9.7818,9.9824,9.6781,,,-1.6203,0.1036,-1.6964,191.3,242.8,-51.5,10.07,12.78,-2.71,10.76,12.12,-1.36,24.2,-2.1,2,-0.0045,-842.7,-991.6,-1053.4,-338.3,PH#138; PH#154,PH#138; PH#154,-18.0,,,
Oliverwkw,stevenb123,2025 4.07(H. Fannin),$28 FAAB,1,0,1,2024-07-14 22:53:37,2024,-0.1,0.0,0.0,2012.5,,2025 4.07(H. Fannin),,Rachaad White,2026 4.05(J. Lane); 2025 2.05(T. Warren),Rachaad White; Calvin Ridley; Zonovan Knight,,,,,,,,,0.2,0.0,0.0,0.0,0.0,0.0,0.0,0.0,0.0,0.0,39.6,0.0,2,0.003,-787.5,-529.0,-381.0,-359.5,T#531,T#510,422.0,,,
Oliverwkw,BROsenzweig,Gabe Davis; 2027 3(shmuel256),Romeo Doubs,2,1,3,2024-08-03 19:10:05,2024,-1.2,-2.0,-0.92,2568.0,,2027 3(shmuel256),Gabe Davis,Jameson Williams; 2027 4(stevenb123),Terry McLaurin,Jameson Williams; 2027 4(stevenb123); Tua Tagovailoa,7.1,7.4899,11.0333,11.6393,5.42,5.7177,-3.9333,-4.1494,-4.8196,3.8,2.8,1.0,3.8,2.8,1.0,4.01,2.95,1.05,43.5,-2.18,2,0.0061,948.6,689.3,932.9,927.6,#1001; T#538,T#63; ,,,,
Oliverwkw,plehv79,$10 FAAB,Elijah Mitchell,0,1,1,2024-08-09 19:33:27,2024,-0.3,0.0,0.0,,,,,,,,,,0.0,0.0,,,,,0.0,0.0,0.0,0.0,0.0,0.0,0.0,0.0,0.0,0.0,36.7,0.0,2,0.0035,-706.0,-196.0,-558.0,229.0,,,,,,
Oliverwkw,stevenb123,Jalin Hyatt,2025 4.02(T. Shough); 2027 4(Oliverwkw); $10 FAAB,1,2,3,2024-08-18 17:03:43,2024,-0.4,0.0,0.0,,,,Jalin Hyatt,,,,0.0,0.0,,,5.24,5.5278,0.0,0.0,-0.4,0.0,0.0,0.0,0.0,0.0,0.0,0.0,0.0,0.0,22.1,2.94,2,-0.008,-1439.5,-2254.4,-2450.5,-2995.8,#995,PH#114,,,,
Oliverwkw,LWebs53,Hunter Henry; $19 FAAB,2026 4.03(C. Beck),1,1,2,2024-09-19 08:05:36,2024,0.3,0.0,0.0,,,Hunter Henry,,,,,2.9,3.8761,,,12.96,17.322,2.9,3.8761,3.6761,173.7,0.0,173.7,9.65,0.0,9.65,12.35,0.0,12.35,73.5,9.74,2,-0.0112,1148.5,1081.0,795.0,1074.0,T#32; ,#787; ,,,,
Oliverwkw,AceMatthew,,Hunter Henry,0,1,1,2024-09-20 14:54:56,2024,-0.6,0.0,0.0,,,,,,,,,,9.1595,12.2423,,,,,-12.2423,0.0,0.0,0.0,0.0,0.0,0.0,0.0,0.0,0.0,12.9,0.0,2,0.0072,-2059.0,-2042.0,-2002.0,-2367.0,,,,,,
Oliverwkw,stevenb123,Rachaad White,2026 4.05(J. Lane); 2025 2.05(T. Warren); 2025 4.07(H. Fannin),1,3,4,2024-09-22 22:34:55,2024,0.2,-2.0,-0.97,,,Rachaad White,,Calvin Ridley,Wan'Dale Robinson,Calvin Ridley; Zonovan Knight,14.2667,13.8319,,,12.16,11.7894,14.2667,13.8319,34.0264,104.0,0.0,104.0,13.0,0.0,13.0,12.6,0.0,12.6,65.6,4.97,2,-0.0225,-1822.8,-2788.0,-3458.0,-3267.2,T#278,T#501,,,,
Oliverwkw,stevenb123,Jordan Travis,$8 FAAB,1,0,1,2024-10-01 15:01:35,2024,-0.3,0.0,0.0,,,,Jordan Travis,,,,0.0,0.0,,,,,0.0,0.0,0.0,0.0,0.0,0.0,0.0,0.0,0.0,0.0,0.0,0.0,31.3,0.0,2,-0.0013,265.0,356.0,-800.0,-800.0,#1008,#1526,,,,
Oliverwkw,stevenb123,Jameson Williams; 2027 4(stevenb123),Terry McLaurin; 2027 3(shmuel256); $6 FAAB,2,2,4,2024-10-16 23:08:05,2024,-1.7,-3.0,-1.65,1764.0,Jameson Williams,2027 4(stevenb123),,Tua Tagovailoa,Jonathon Brooks,Tua Tagovailoa,12.7964,13.4992,14.0741,14.847,14.74,15.5495,-1.2776,-1.3478,-4.3564,249.6,194.9,54.7,11.89,9.28,2.6,12.71,9.89,2.82,40.6,-2.77,2,0.0039,-151.3,-732.5,114.5,,; T#107,PH#69; ,,,,
Oliverwkw,shmuel256,2026 4.06(S. Bell); 2025 3.07(M. Taylor); 2026 3.08(M. Fields),Blake Corum,3,1,4,2024-12-07 10:37:58,2024,0.5,0.0,0.0,7601.0,2025 3.07(M. Taylor),2026 4.06(S. Bell); 2026 3.08(M. Fields),,Ollie Gordon; 2026 4.03(C. Beck); Jonathon Brooks,2026 4.05(J. Lane); Jermaine Burton,Ollie Gordon; 2026 4.03(C. Beck); Mason Taylor; Chimere Dike; 2026 1.08(K. Sadiq); 2028 3(shmuel256); Isaiah Likely; Jonathon Brooks; Tua Tagovailoa,6.7833,8.3556,3.37,3.2673,,,3.4133,5.0883,6.4883,0.0,0.0,0.0,0.0,0.0,0.0,0.0,0.0,0.0,62.2,-3.43,2,0.0173,2422.4,2450.1,2973.2,,T#560; PH#183; T#542,T#427; T#423; T#425,847.5,,,
Oliverwkw,stevenb123,Jonathon Brooks,Jermaine Burton; 2026 3.08(M. Fields),1,2,3,2024-12-09 23:17:50,2024,-0.2,0.0,0.0,,,Jonathon Brooks,,Tua Tagovailoa,2027 4(stevenb123),Tua Tagovailoa,0.0,0.0,0.0,0.0,2.5,2.4238,0.0,0.0,4.4,0.0,0.0,0.0,0.0,0.0,0.0,0.0,0.0,0.0,36.0,-0.47,2,-0.004,-903.5,-928.3,-1564.4,,T#107,PH#137,,,,
Oliverwkw,shmuel256,Deebo Samuel,2025 2.09,1,1,2,2025-03-02 10:41:35,2025,-0.6,0.0,0.0,,,Deebo Samuel,,Zay Flowers,Quinshon Judkins,Zay Flowers,,,,,9.52,10.3304,,,0.0,0.0,0.0,0.0,0.0,0.0,0.0,0.0,0.0,0.0,26.3,7.63,2,-0.0084,-958.0,-959.0,-1052.0,,T#43,T#425,,,,
Oliverwkw,BROsenzweig,2026 4.01(E. Raridon); 2026 4.02(Z. Branch); 2028 4(LWebs53),Adonai Mitchell,3,1,4,2025-03-15 21:58:25,2025,0.1,0.0,0.0,6574.0,,2026 4.01(E. Raridon); 2026 4.02(Z. Branch); 2028 4(LWebs53),,Mark Andrews; Tre Tucker; Kyle Monangai; 2026 2.06(J. Coleman); 2026 1.02(F. Mendoza); 2026 2.02(T. Simpson); 2027 4(LWebs53); Mason Taylor; Chimere Dike; 2026 1.08(K. Sadiq); 2028 3(shmuel256),Dont'e Thornton; 2026 1.03(C. Tate); 2026 2.03(D. Boston); 2027 2(Oliverwkw); 2026 2.08(E. Johnson); 2026 209.??; Mark Andrews; 2028 4(BROsenzweig); 2026 2.02(T. Simpson); 2026 4.03(C. Beck),Mark Andrews; Mason Taylor; Chimere Dike; 2026 1.08(K. Sadiq); 2028 3(shmuel256); Isaiah Likely; Tre Tucker; Kyle Monangai; 2026 2.06(J. Coleman); 2026 1.02(F. Mendoza); 2026 2.02(T. Simpson); 2027 4(LWebs53); Sam Darnold; Tony Pollard; Nico Collins; Wan'Dale Robinson; Breece Hall; Braelon Allen; 2029 3(Oliverwkw),,,6.0667,6.5831,,,,,-5.9831,0.0,0.0,0.0,0.0,0.0,0.0,0.0,0.0,0.0,43.6,-2.57,2,0.0131,1557.6,1660.2,1819.7,,T#356; T#219; T#458,T#88; T#83; T#86,292.0,,,
Oliverwkw,stevenb123,Rico Dowdle; 2026 4.05(J. Lane),Ben Sinnott; 2029 3(Oliverwkw),2,2,4,2025-03-16 16:47:54,2025,-0.3,0.0,0.0,2242.0,,2026 4.05(J. Lane),Rico Dowdle,Ollie Gordon; 2026 4.03(C. Beck),2026 4.06(S. Bell),Ollie Gordon; 2026 4.03(C. Beck); Mason Taylor; Chimere Dike; 2026 1.08(K. Sadiq); 2028 3(shmuel256); Isaiah Likely,,,,,12.86,12.3966,,,-0.4,0.0,0.0,0.0,0.0,0.0,0.0,0.0,0.0,0.0,37.7,3.5,2,-0.0099,-512.2,911.9,677.2,,#1013; T#560,#1488; T#531,146.0,,,
Oliverwkw,LWebs53,Cooper Kupp,,1,0,1,2025-08-02 13:54:47,2025,-0.3,0.0,0.0,,,Cooper Kupp,,,,,,,,,4.86,5.2737,,,0.0,0.0,0.0,0.0,0.0,0.0,0.0,0.0,0.0,0.0,42.3,0.0,2,-0.0096,2718.0,1594.0,1697.0,,T#208,T#548,,,,
Oliverwkw,LWebs53,,Cooper Kupp,0,1,1,2025-08-02 13:56:44,2025,-0.5,0.0,0.0,,,,,,,,,,8.05,8.7352,,,,,-8.7352,0.0,0.0,0.0,0.0,0.0,0.0,0.0,0.0,0.0,17.1,0.0,2,0.01,-2718.0,-1594.0,-1697.0,,,,,,,
Oliverwkw,shmuel256,Calvin Ridley,Wan'Dale Robinson; Rachaad White; $25 FAAB,1,2,3,2025-08-07 00:11:57,2025,-1.2,-1.0,-0.85,,,Calvin Ridley,,Zonovan Knight,,Zonovan Knight,7.5,8.1384,12.1,12.4344,12.62,13.6942,-4.6,-4.2959,-4.2959,0.0,0.0,0.0,0.0,0.0,0.0,0.0,0.0,0.0,13.8,5.05,2,-0.003,-1797.9,-4272.2,-4317.2,,T#283,T#511,,,,
Oliverwkw,plehv79,Devin Neal,$10 FAAB,1,0,1,2025-08-27 09:00:17,2025,0.9,0.0,0.0,,,,Devin Neal,,,,5.4545,5.258,,,,,5.4545,5.258,7.8729,35.5,0.0,35.5,11.83,0.0,11.83,11.41,0.0,11.41,78.5,0.0,2,0.0013,1150.0,1795.0,819.0,,PH#188,T#552,,,,
Oliverwkw,AceMatthew,Zay Flowers,Quinshon Judkins; Deebo Samuel,1,2,11,2025-08-30 20:07:08,2025,-1.2,-2.0,-1.7,,Zay Flowers,,,,,,14.1611,15.3665,11.982,12.268,8.98,9.7444,2.1791,3.0986,11.7747,254.9,258.8,-3.9,14.16,14.38,-0.22,15.37,14.96,0.4,48.1,-0.77,3,0.0037,-1745.2,-2869.2,-1322.8,,,PH#106,,LWebs53,,
Oliverwkw,plehv79,Mark Andrews,Dont'e Thornton; 2026 4.01(E. Raridon),1,2,3,2025-09-28 19:07:47,2025,0.3,0.0,0.0,,,Mark Andrews,,Mason Taylor; Chimere Dike; 2026 1.08(K. Sadiq); 2028 3(shmuel256),2028 4(BROsenzweig); 2026 2.02(T. Simpson); 2028 4(LWebs53); 2026 4.03(C. Beck),Mason Taylor; Chimere Dike; 2026 1.08(K. Sadiq); 2028 3(shmuel256); Isaiah Likely,7.2167,8.8894,1.3,1.4107,8.92,10.9875,5.9167,7.4787,16.1956,43.5,5.9,37.6,7.25,0.98,6.27,8.93,1.07,7.86,69.1,8.11,2,-0.0106,-1605.6,-1009.4,-804.4,,T#291,T#324,,,,
Oliverwkw,shmuel256,2026 2.08(E. Johnson),Mason Taylor,1,1,2,2025-10-12 18:45:38,2025,-0.8,-1.0,-1.13,3513.0,,2026 2.08(E. Johnson),,Tre Tucker; Kyle Monangai; 2026 2.06(J. Coleman); 2026 1.02(F. Mendoza); 2026 2.02(T. Simpson); 2027 4(LWebs53),2026 4.02(Z. Branch); 2026 1.03(C. Tate); 2026 2.03(D. Boston); 2027 2(Oliverwkw); 2026 209.??,Tre Tucker; Kyle Monangai; 2026 2.06(J. Coleman); 2026 1.02(F. Mendoza); 2026 2.02(T. Simpson); 2027 4(LWebs53); Sam Darnold; Tony Pollard; Nico Collins; Wan'Dale Robinson; Breece Hall; Mason Taylor; Chimere Dike; 2026 1.08(K. Sadiq); 2028 3(shmuel256); Braelon Allen; 2029 3(Oliverwkw); Isaiah Likely,,,6.25,7.6986,,,,,-5.8986,0.0,0.0,0.0,0.0,0.0,0.0,0.0,0.0,0.0,28.5,-0.32,2,0.0103,525.0,664.0,,,T#219,PH#208,-126.0,,,
Oliverwkw,shmuel256,Zonovan Knight,Calvin Ridley,1,1,2,2025-10-13 13:27:53,2025,1.0,0.0,0.0,,,,Zonovan Knight,,,,6.8,6.555,,,4.72,4.5499,6.8,6.555,16.3875,22.5,0.0,22.5,7.5,0.0,7.5,7.23,0.0,7.23,69.3,-6.3,2,0.0065,-2611.0,-1628.0,,,#1024,#1316,,,,
Oliverwkw,BROsenzweig,Rhamondre Stevenson; 2028 4(BROsenzweig),Chuba Hubbard,2,1,3,2025-11-15 18:20:52,2025,-0.7,0.0,0.0,2055.0,Rhamondre Stevenson,2028 4(BROsenzweig),,Mason Taylor; Chimere Dike; 2026 1.08(K. Sadiq); 2028 3(shmuel256),Mark Andrews; 2026 2.02(T. Simpson); 2028 4(LWebs53); 2026 4.03(C. Beck),Mason Taylor; Chimere Dike; 2026 1.08(K. Sadiq); 2028 3(shmuel256); Isaiah Likely,11.7,11.2784,11.74,11.317,8.86,8.5408,-0.04,-0.0386,5.1517,14.5,23.7,-9.2,14.5,23.7,-9.2,13.98,22.85,-8.87,38.3,-2.96,2,0.0039,1046.0,768.6,,,; T#458,T#206; ,,,,
Oliverwkw,shmuel256,Tyrone Tracy,Tre Tucker; Xavier Legette,1,2,3,2025-11-18 13:12:40,2025,0.3,0.0,0.0,,,Tyrone Tracy,,Braelon Allen; 2029 3(Oliverwkw),Tony Pollard,Braelon Allen; 2029 3(Oliverwkw),12.3,11.8568,4.4714,4.852,10.12,9.7554,7.8286,7.0048,16.8115,32.5,25.1,7.4,10.83,8.37,2.47,10.44,9.08,1.36,64.4,1.24,2,0.0002,-1536.2,-1157.2,,,T#294,PH#159,,,,
Oliverwkw,shmuel256,Tre Tucker,$2 FAAB,1,0,1,2025-12-04 20:02:04,2025,-0.2,0.0,0.0,,,,Tre Tucker,,,,4.4,4.7745,,,7.56,8.2035,4.4,4.7745,4.7745,0.0,0.0,0.0,0.0,0.0,0.0,0.0,0.0,0.0,51.9,0.0,2,-0.0015,2498.0,2315.0,,,#1031,T#453,,,,
Oliverwkw,plehv79,Harold Fannin; Tetairoa McMillan,Colston Loveland,2,1,3,2026-01-12 22:35:12,2026,0.9,0.0,0.0,,Harold Fannin; Tetairoa McMillan,,,,,,11.3167,13.2235,4.5,5.543,12.81,15.062,6.8167,7.6805,21.3347,33.4,8.4,25.0,11.13,2.8,8.33,12.28,3.45,8.83,89.3,0.37,2,0.002,4329.6,,,,; ,PH#191; PH#164,,,,
Oliverwkw,stevenb123,Ollie Gordon; 2026 4.03(C. Beck),2026 4.05(J. Lane); 2026 4.06(S. Bell),2,2,4,2026-01-25 15:40:04,2026,0.1,0.0,0.0,2370.0,Ollie Gordon,2026 4.03(C. Beck),,Mason Taylor; Chimere Dike; 2026 1.08(K. Sadiq); 2028 3(shmuel256),Mark Andrews; 2028 4(BROsenzweig); 2026 2.02(T. Simpson); 2028 4(LWebs53),Mason Taylor; Chimere Dike; 2026 1.08(K. Sadiq); 2028 3(shmuel256); Isaiah Likely,5.0667,4.8841,,,1.94,1.8701,5.0667,4.8841,9.8841,0.0,0.0,0.0,0.0,0.0,0.0,0.0,0.0,0.0,52.9,0.32,2,-0.0007,378.2,,,,; T#458,#1567; T#548,105.0,,,
Oliverwkw,BROsenzweig,Tua Tagovailoa,Jonathon Brooks; 2027 4(stevenb123),1,2,4,2026-05-02 18:19:42,2026,-0.6,0.0,0.0,,Tua Tagovailoa,,,,,,0.0,0.0,4.65,4.4825,9.128,7.4449,-4.65,-4.4825,-4.6825,0.0,0.0,0.0,0.0,0.0,0.0,0.0,0.0,0.0,19.4,6.45,3,-0.012,-1796.4,,,,,T#177,,LWebs53,,
Oliverwkw,LWebs53,Tre Tucker; Kyle Monangai; 2026 2.06(J. Coleman); 2026 1.02(F. Mendoza); 2026 2.02(T. Simpson); 2027 4(LWebs53),2026 4.02(Z. Branch); 2026 1.03(C. Tate); 2026 2.03(D. Boston); 2027 2(Oliverwkw); 2026 2.08(E. Johnson); 2026 2.09,6,6,12,2026-05-03 12:54:08,2026,0.7,0.0,0.0,15348.5,2026 1.02(F. Mendoza); 2027 4(LWebs53),Tre Tucker; Kyle Monangai; 2026 2.06(J. Coleman); 2026 2.02(T. Simpson),,Sam Darnold; Tony Pollard; Nico Collins; Wan'Dale Robinson; Breece Hall; Mason Taylor; Chimere Dike; 2026 1.08(K. Sadiq); 2028 3(shmuel256),Troy Franklin; Kyle Monangai; Tyjae Spears; 2026 2.06(J. Coleman); 2027 1(Oliverwkw); 2028 1(Oliverwkw); Tre Tucker; Mark Andrews; 2028 4(BROsenzweig); 2028 4(LWebs53); 2026 4.03(C. Beck),Sam Darnold; Tony Pollard; Nico Collins; Wan'Dale Robinson; Breece Hall; Braelon Allen; 2029 3(Oliverwkw); Mason Taylor; Chimere Dike; 2026 1.08(K. Sadiq); 2028 3(shmuel256); Isaiah Likely,0.0,0.0,,,7.21,7.3028,0.0,0.0,-1.6,0.0,0.0,0.0,0.0,0.0,0.0,0.0,0.0,0.0,41.7,0.95,2,-0.0157,-489.3,,,,T#110; T#293; T#110; PH#194; T#458; ,#852; #829; T#218; T#206; T#199; T#216,166.0,,,
Oliverwkw,shmuel256,Mason Taylor; Chimere Dike; 2026 1.08(K. Sadiq); 2028 3(shmuel256); $10 FAAB,Mark Andrews; 2028 4(BROsenzweig); 2026 2.02(T. Simpson); 2028 4(LWebs53); 2026 4.03(C. Beck),4,5,9,2026-05-03 15:18:51,2026,0.4,0.0,0.0,7383.5,2026 1.08(K. Sadiq),Mason Taylor; 2028 3(shmuel256),Chimere Dike,Isaiah Likely,Xavier Worthy,Isaiah Likely,12.8667,15.8489,8.4,10.347,7.5,8.5447,4.4667,5.502,5.702,0.0,0.0,0.0,0.0,0.0,0.0,0.0,0.0,0.0,54.4,-0.74,2,0.0029,763.0,,,,T#295; #1045; PH#200; T#108; ,T#450; #1312; PH#200; T#457; ,164.0,,,
Oliverwkw,BROsenzweig,Isaiah Likely,Xavier Worthy; 2028 3(shmuel256),1,2,3,2026-06-16 14:35:21,2026,-0.3,0.0,0.0,,Isaiah Likely,,,,,,12.8,15.7668,7.4333,8.0661,7.18,8.8442,5.3667,7.7007,20.7908,11.6,17.5,-5.9,5.8,8.75,-2.95,7.14,9.49,-2.35,39.0,4.7,2,-0.0124,-1704.7,,,,,#256,,,,
Oliverwkw,BROsenzweig,Sam Darnold; Tony Pollard; Nico Collins; Wan'Dale Robinson; Breece Hall; $5 FAAB,Tre Tucker; Troy Franklin; Kyle Monangai; Tyjae Spears; 2026 2.06(J. Coleman); 2027 1(Oliverwkw); 2028 1(Oliverwkw),5,7,17,2026-07-10 17:26:39,2026,0.2,0.0,0.0,,Sam Darnold; Nico Collins; Wan'Dale Robinson; Breece Hall,Tony Pollard,,Braelon Allen; 2029 3(Oliverwkw),Tyrone Tracy,Braelon Allen; 2029 3(Oliverwkw),14.8142,14.6968,7.2833,7.4571,13.5472,13.4153,7.5308,7.2397,4.8816,71.56,54.7,16.86,23.85,18.23,5.62,22.48,18.96,3.52,62.3,4.32,5,-0.0858,-247.8,,,,; T#294; ; ; ; ,T#201; T#346; #693; T#455; PH#65; ,,JacobRosenzweig,LWebs53,shmuel256
Oliverwkw,stevenb123,Braelon Allen; 2029 3(Oliverwkw),Tyrone Tracy; Tony Pollard,2,2,4,2026-07-14 10:04:13,2026,0.2,0.0,0.0,2882.5,Braelon Allen; 2029 3(Oliverwkw),,,,,,5.7333,5.5268,4.2,4.0487,3.92,3.7788,1.5333,1.4781,2.0781,0.0,0.0,0.0,0.0,0.0,0.0,0.0,0.0,0.0,46.6,-7.25,2,0.0206,80.3,,,,; ,#1523; T#544,,,,
Oliverwkw,plehv79,$5 FAAB,Mason Taylor,0,1,1,2026-09-01 14:57:47,2026,-0.3,0.0,0.0,,,,,,,,,,1.8,2.2172,,,,,-2.2172,0.0,0.0,0.0,0.0,0.0,0.0,0.0,0.0,0.0,25.5,0.0,2,-0.0023,-1749.0,,,,,,,,,
Oliverwkw,shmuel256,Alvin Kamara,$2 FAAB,1,0,1,2026-09-01 16:40:53,2026,-0.1,0.0,0.0,,Alvin Kamara,,,,,,6.15,5.9284,,,6.22,5.9959,6.15,5.9284,5.9284,0.0,0.0,0.0,0.0,0.0,0.0,0.0,0.0,0.0,53.1,0.0,2,-0.008,1709.0,,,,,T#565,,,,
plehv79,AceMatthew,Kerryon Johnson,Alexander Mattison,1,1,2,2020-09-12 15:24:36,2020,-0.2,0.0,0.0,,,,Kerryon Johnson,,,,6.6,6.7794,2.65,2.722,9.74,10.0047,3.95,4.0574,4.0574,0.0,0.0,0.0,0.0,0.0,0.0,0.0,0.0,0.0,32.9,0.97,2,-0.0017,-749.0,-2056.0,-1883.0,-2546.0,#1057,PH#484,,,,
plehv79,AceMatthew,Brandon Aiyuk,William Fuller,1,1,2,2020-10-07 13:20:37,2020,0.3,-1.0,-0.17,,Brandon Aiyuk,,,,,,13.0524,13.5783,15.5667,16.1939,12.9333,13.4545,-2.5143,-2.6156,-5.6879,494.0,0.0,494.0,13.35,0.0,13.35,13.76,0.0,13.76,70.5,-3.92,2,0.0066,448.0,988.0,3797.0,3945.0,,PH#468,,,,
plehv79,shmuel256,Clyde Edwards-Helaire,Ronald Jones; Chase Claypool; 2021 1.05(J. Williams),1,3,4,2020-12-01 11:47:53,2020,-0.9,-0.82,-0.15,,,Clyde Edwards-Helaire,,2023 1.05(J. Smith-Njigba); 2023 3.05(M. Mims),Christian Kirk; 2023 4.07(O. Beckham),2023 1.05(J. Smith-Njigba); 2023 3.05(M. Mims); Javonte Williams; 2024 2.01(J. Brooks); 2023 2.04(Z. Charbonnet); 2024 1.06(R. Odunze); 2025 3.08(J. Milroe); 2023 1.01(B. Robinson); 2025 3.01(T. Harris); Tank Dell; Mark Andrews; Lamar Jackson; Cam Akers; Tyler Allgeier; Aaron Jones; Dont'e Thornton; 2026 4.01(E. Raridon); Tre' Harris; Justin Herbert; 2026 1.05(M. Lemon); 2026 3.08(M. Fields); 2027 1(shmuel256); 2027 2(shmuel256); J.K. Dobbins; 2027 3(stevenb123); 2028 3(AceMatthew); 2028 4(stevenb123); Jermaine Burton; Devin Neal; Pat Bryant; 2028 2(BROsenzweig),12.7353,13.0814,8.1908,8.4808,11.48,11.792,4.5445,4.6006,5.9115,132.7,168.0,-35.3,12.06,15.27,-3.21,12.12,15.62,-3.5,23.3,-0.69,2,-0.0275,-1691.2,-1980.8,-3858.5,-5034.4,T#238,PH#392,,,,
plehv79,stevenb123,T.J. Hockenson,Amari Rodgers; Nico Collins; Elijah Moore,1,3,4,2021-08-29 11:29:34,2021,2.4,3.24,0.63,,,T.J. Hockenson,,2023 2.07(K. Miller); 2023 4.07(O. Beckham); 2024 3.03(A. Mitchell),,2023 2.07(K. Miller); 2023 4.07(O. Beckham); 2024 3.03(A. Mitchell); Amari Cooper; 2023 1.05(J. Smith-Njigba); 2023 3.05(M. Mims); Javonte Williams; 2024 2.01(J. Brooks); 2023 2.04(Z. Charbonnet); 2024 1.06(R. Odunze); Mike Evans; 2025 3.08(J. Milroe); 2023 1.01(B. Robinson); 2025 3.01(T. Harris); Tank Dell; Mark Andrews; 2024 2.04(L. McConkey); 2026 2.06(J. Coleman); Lamar Jackson; Cam Akers; Tyler Allgeier; Aaron Jones; Dont'e Thornton; 2026 4.01(E. Raridon); Davante Adams; 2025 209.??; Tre' Harris; Justin Herbert; 2026 1.05(M. Lemon); 2026 3.08(M. Fields); 2027 1(shmuel256); 2027 2(shmuel256); J.K. Dobbins; 2027 3(stevenb123); 2028 3(AceMatthew); 2027 3(plehv79); 2028 4(stevenb123); Jermaine Burton; Devin Neal; Pat Bryant; 2028 2(BROsenzweig),12.1083,14.5509,6.3274,6.6733,9.06,10.8877,5.781,7.8776,25.7567,145.3,119.9,25.4,12.11,9.99,2.12,14.55,10.54,4.01,76.8,2.23,2,-0.0079,-1763.9,-2143.4,-2416.4,-340.9,T#306,T#467,,,,
plehv79,AceMatthew,Damien Harris; Jakobi Meyers; Dyami Brown,David Montgomery,3,1,4,2021-08-29 11:54:01,2021,-2.1,-4.0,-0.77,,,,Damien Harris; Jakobi Meyers; Dyami Brown,,,,8.4374,8.6861,13.38,13.4135,9.876,10.188,-4.9426,-4.7274,-7.3252,166.2,85.2,81.0,16.62,8.52,8.1,16.97,8.56,8.41,41.8,-0.51,2,0.0002,1193.6,911.3,808.9,448.8,#1091; #1076; #1073,PH#3; PH#14; PH#59,,,,
plehv79,LWebs53,Russell Gage; Diontae Johnson; Hunter Renfrow; 2023 3.06(R. Johnson),Kirk Cousins; Tyreek Hill,4,2,6,2022-07-15 13:48:45,2022,-5.4,-6.87,-1.64,2857.0,,Diontae Johnson; Hunter Renfrow; 2023 3.06(R. Johnson),Russell Gage,Lamar Jackson; Cam Akers; Tyler Allgeier; Jerry Jeudy; 2022 2.01(G. Pickens),2025 3.08(J. Milroe); 2023 1.06(Q. Johnston); 2023 3.06(R. Johnson); 2023 2.02(Z. Flowers); 2024 1.07(B. Bowers); 2022 1.06(G. Wilson); 2022 3.06(D. Bell); 2023 4.02(C. Brown); Diontae Johnson,Lamar Jackson; Cam Akers; Tyler Allgeier; Tre' Harris; Justin Herbert; 2026 1.05(M. Lemon); 2026 3.08(M. Fields); 2027 1(shmuel256); 2027 2(shmuel256); J.K. Dobbins; 2027 3(stevenb123); 2028 3(AceMatthew); 2028 4(stevenb123); Jermaine Burton; Devin Neal; Pat Bryant; 2028 2(BROsenzweig); Jerry Jeudy; 2022 2.01(G. Pickens); 2025 3.05(K. Williams); 2025 2.07(L. Burden); 2027 4(shmuel256); 2025 3.06(T. Ferguson); 2025 3.02(B. Tuten),8.2454,8.5415,17.1875,16.1206,14.0667,14.5961,-8.942,-7.5791,-14.7811,159.9,345.08,-185.18,10.66,23.01,-12.35,11.06,21.81,-10.75,3.6,-6.15,2,0.0156,1125.9,-1210.5,-1546.2,-3099.6,#1097; T#16; T#304; T#495,#566; PH#466; T#477; T#165,-114.0,,,
plehv79,stevenb123,Chris Godwin; Kenny Gainwell; 2024 4.05(M. Corley); 2022 3.04(R. Doubs),Mike Williams; Michael Gallup; 2022 4.06(T. McBride); 2024 2.07(R. Pearsall),4,4,8,2022-07-28 12:47:26,2022,-0.8,-1.88,-0.45,4153.0,,Chris Godwin; 2024 4.05(M. Corley); 2022 3.04(R. Doubs),Kenny Gainwell,Tre' Harris; Justin Herbert; 2026 1.05(M. Lemon); 2026 3.08(M. Fields); 2027 1(shmuel256); 2027 2(shmuel256); 2022 3.06(D. Bell); 2022 4.06(T. McBride); 2022 4.07(A. Okwuegbunam),Lamar Jackson; 2022 3.04(R. Doubs); 2024 4.05(M. Corley),Tre' Harris; Justin Herbert; 2026 1.05(M. Lemon); 2026 3.08(M. Fields); 2027 1(shmuel256); 2027 2(shmuel256); 2028 4(stevenb123); Jermaine Burton; Devin Neal; Pat Bryant; 2022 3.06(D. Bell); 2022 4.06(T. McBride); 2022 4.07(A. Okwuegbunam),9.9871,10.2972,8.059,8.3623,12.17,12.5359,1.9281,1.9349,2.9325,474.9,405.6,69.3,14.84,12.68,2.17,15.33,14.58,0.75,50.2,-1.11,2,-0.0025,-156.7,249.7,63.3,147.5,T#347; #1106; T#381; T#381,PH#405; T#472; T#480; T#475,900.5,,,
plehv79,stevenb123,Jerry Jeudy; 2022 2.01(G. Pickens),Hunter Renfrow; 2022 1.06(G. Wilson); 2022 3.06(D. Bell); 2023 4.02(C. Brown),2,4,6,2022-08-13 02:10:37,2022,-1.7,-2.99,-0.72,4067.0,2022 2.01(G. Pickens),Jerry Jeudy,,2025 3.05(K. Williams),Roschon Johnson,2025 3.05(K. Williams); 2025 2.07(L. Burden); 2027 4(shmuel256); 2025 3.06(T. Ferguson); 2025 3.02(B. Tuten),10.8994,11.3096,5.2292,5.426,7.08,7.3465,5.6702,5.8836,10.6084,237.9,267.8,-29.9,12.52,14.09,-1.57,13.01,14.28,-1.26,33.5,-0.25,2,-0.0017,-907.7,-451.0,115.1,-958.2,T#340; PH#73,PH#460; T#478,167.0,,,
plehv79,shmuel256,2022 3.06(D. Bell); 2022 4.06(T. McBride); 2022 4.07(A. Okwuegbunam),2024 4.05(M. Corley); 2022 3.04(R. Doubs),3,2,5,2022-08-26 22:28:53,2022,1.9,0.54,0.13,5992.0,2022 3.06(D. Bell); 2022 4.06(T. McBride); 2022 4.07(A. Okwuegbunam),,,,,,2.9956,3.668,,,,,2.9956,3.668,3.468,20.8,5.0,15.8,20.8,5.0,15.8,27.44,5.19,22.25,76.4,1.0,2,-0.002,522.6,313.3,358.9,82.3,PH#86; PH#94; PH#95,T#380; T#379; T#375,74.0,,,
plehv79,shmuel256,2023 2.07(K. Miller); 2023 4.07(O. Beckham); 2024 3.03(A. Mitchell),T.J. Hockenson,3,1,4,2022-09-03 02:10:15,2022,0.3,0.2,0.05,7629.5,,2023 2.07(K. Miller); 2023 4.07(O. Beckham); 2024 3.03(A. Mitchell),,Amari Cooper; 2023 1.05(J. Smith-Njigba); 2023 3.05(M. Mims); Javonte Williams; 2024 2.01(J. Brooks); 2023 2.04(Z. Charbonnet); 2024 1.06(R. Odunze),2023 3.05(M. Mims); Christian Kirk; Clyde Edwards-Helaire; Jonathan Taylor; 2024 3.07(B. Sinnott),Amari Cooper; Mike Evans; 2024 2.04(L. McConkey); 2026 2.06(J. Coleman); Davante Adams; 2025 209.??; 2027 3(plehv79); 2023 1.05(J. Smith-Njigba); 2023 3.05(M. Mims); Javonte Williams; 2024 2.01(J. Brooks); 2023 2.04(Z. Charbonnet); 2024 1.06(R. Odunze); 2025 3.08(J. Milroe); 2023 1.01(B. Robinson); 2025 3.01(T. Harris); Tank Dell; Mark Andrews; Lamar Jackson; Cam Akers; Tyler Allgeier; Aaron Jones; Dont'e Thornton; 2026 4.01(E. Raridon); Tre' Harris; Justin Herbert; 2026 1.05(M. Lemon); 2026 3.08(M. Fields); 2027 1(shmuel256); 2027 2(shmuel256); J.K. Dobbins; 2027 3(stevenb123); 2028 3(AceMatthew); 2028 4(stevenb123); Jermaine Burton; Devin Neal; Pat Bryant; 2028 2(BROsenzweig),,,11.4237,15.0721,,,,,-12.4721,0.0,0.0,0.0,0.0,0.0,0.0,0.0,0.0,0.0,41.9,-4.5,2,0.0278,1377.4,1545.0,651.8,1936.0,T#60; T#238; T#388,T#373; T#380; T#374,450.0,,,
plehv79,Oliverwkw,2023 1.05(J. Smith-Njigba); 2023 3.05(M. Mims),Christian Kirk; Clyde Edwards-Helaire; 2023 4.07(O. Beckham),2,3,5,2022-10-08 02:10:46,2022,3.0,3.02,0.77,7840.0,2023 1.05(J. Smith-Njigba),2023 3.05(M. Mims),,Javonte Williams; 2024 2.01(J. Brooks); 2023 2.04(Z. Charbonnet); 2024 1.06(R. Odunze),Jonathan Taylor; 2024 3.03(A. Mitchell); 2024 3.07(B. Sinnott),Javonte Williams; 2024 2.01(J. Brooks); 2023 2.04(Z. Charbonnet); 2024 1.06(R. Odunze); 2025 3.08(J. Milroe); 2023 1.01(B. Robinson); 2025 3.01(T. Harris); Tank Dell; Mark Andrews; Lamar Jackson; Cam Akers; Tyler Allgeier; Aaron Jones; Dont'e Thornton; 2026 4.01(E. Raridon); Tre' Harris; Justin Herbert; 2026 1.05(M. Lemon); 2026 3.08(M. Fields); 2027 1(shmuel256); 2027 2(shmuel256); J.K. Dobbins; 2027 3(stevenb123); 2028 3(AceMatthew); 2028 4(stevenb123); Jermaine Burton; Devin Neal; Pat Bryant; 2028 2(BROsenzweig),12.2531,12.3737,8.3571,8.6205,,,3.896,3.7532,9.1532,158.9,74.6,84.3,13.24,6.22,7.03,13.97,6.52,7.45,86.1,-2.39,2,0.037,-917.7,768.9,1280.7,2336.8,PH#101; T#388,PH#101; PH#117,-366.0,,,
plehv79,shmuel256,Javonte Williams; 2024 2.01(J. Brooks); 2023 2.04(Z. Charbonnet); 2024 1.06(R. Odunze),Jonathan Taylor; 2024 3.03(A. Mitchell); 2024 3.07(B. Sinnott); 2023 3.05(M. Mims),4,4,8,2022-10-23 11:55:53,2022,1.5,0.64,0.17,13154.0,2023 2.04(Z. Charbonnet),Javonte Williams; 2024 2.01(J. Brooks); 2024 1.06(R. Odunze),,2025 3.08(J. Milroe); 2023 1.01(B. Robinson); 2025 3.01(T. Harris); Tank Dell; Mark Andrews,2023 1.02(A. Richardson); 2025 1.06(C. Ward),2025 3.08(J. Milroe); 2023 1.01(B. Robinson); 2025 3.01(T. Harris); Lamar Jackson; Cam Akers; Tyler Allgeier; Aaron Jones; Tre' Harris; Justin Herbert; 2026 1.05(M. Lemon); 2026 3.08(M. Fields); 2027 1(shmuel256); 2027 2(shmuel256); J.K. Dobbins; 2027 3(stevenb123); 2028 3(AceMatthew); 2028 4(stevenb123); Jermaine Burton; Devin Neal; Pat Bryant; 2028 2(BROsenzweig); Tank Dell; Mark Andrews; Dont'e Thornton; 2026 4.01(E. Raridon),4.45,4.5872,15.9267,16.1208,10.08,10.2029,-11.4767,-11.5336,-4.7336,105.3,72.2,33.1,21.06,14.44,6.62,20.54,14.26,6.28,67.0,-0.32,2,0.0395,-235.4,889.8,1745.8,1438.3,T#122; T#518; PH#108; T#124,PH#37; T#373; PH#108; PH#134,1020.5,,,
plehv79,shmuel256,2023 3.05(M. Mims),Tyler Boyd,1,1,2,2022-10-29 02:10:18,2022,0.7,1.16,0.31,3031.0,,2023 3.05(M. Mims),,Amari Cooper,2023 2.07(K. Miller),Amari Cooper; Mike Evans; 2024 2.04(L. McConkey); 2026 2.06(J. Coleman); Davante Adams; 2025 209.??; 2027 3(plehv79),,,6.9047,7.1645,,,,,-6.5645,0.0,0.0,0.0,0.0,0.0,0.0,0.0,0.0,0.0,46.2,-6.79,2,0.0124,-7.0,647.0,829.0,1425.0,T#60,T#388,-575.0,,,
plehv79,AceMatthew,2023 2.08(S. LaPorta),Isaiah Likely; 2023 3.02(J. Hyatt),1,2,3,2022-11-11 02:10:45,2022,-0.2,-0.06,-0.02,3976.0,,2023 2.08(S. LaPorta),,2025 3.08(J. Milroe); 2023 3.06(R. Johnson); 2023 3.02(J. Hyatt),,2025 3.08(J. Milroe); 2023 3.06(R. Johnson); 2023 3.02(J. Hyatt); Logan Thomas; 2023 3.04(T. Bigsby); 2025 4.07(H. Fannin); Noah Brown; Clyde Edwards-Helaire,,,7.5241,9.927,,,,,-8.727,0.0,0.0,0.0,0.0,0.0,0.0,0.0,0.0,0.0,24.4,-0.69,2,0.0063,-1498.2,-1146.8,-581.4,-1164.0,T#496,T#9,-615.0,,,
plehv79,BROsenzweig,2023 1.06(Q. Johnston),DK Metcalf,1,1,2,2022-11-25 02:10:06,2022,0.3,0.39,0.11,5095.0,,2023 1.06(Q. Johnston),,Lamar Jackson; Cam Akers; Tyler Allgeier,Diontae Johnson; 2025 3.08(J. Milroe); 2023 3.06(R. Johnson); 2023 2.02(Z. Flowers); 2024 1.07(B. Bowers),Lamar Jackson; Cam Akers; Tyler Allgeier; Tre' Harris; Justin Herbert; 2026 1.05(M. Lemon); 2026 3.08(M. Fields); 2027 1(shmuel256); 2027 2(shmuel256); J.K. Dobbins; 2027 3(stevenb123); 2028 3(AceMatthew); 2028 4(stevenb123); Jermaine Burton; Devin Neal; Pat Bryant; 2028 2(BROsenzweig),,,13.269,13.7683,,,,,-8.7683,0.0,0.0,0.0,0.0,0.0,0.0,0.0,0.0,0.0,34.6,-3.72,2,0.0325,-277.0,-379.0,134.0,-179.0,T#16,PH#102,-77.0,,,
plehv79,Oliverwkw,Kadarius Toney,2025 3.06(T. Ferguson); 2025 4.06(J. Royals),1,2,3,2022-11-30 09:09:28,2022,-0.4,0.0,0.0,,,,Kadarius Toney,,,,4.8,4.9806,,,5.3,5.4995,4.8,4.9806,4.1806,0.0,0.0,0.0,0.0,0.0,0.0,0.0,0.0,0.0,27.1,4.59,2,-0.0155,32.9,-286.1,-2336.7,-3906.1,#1114,PH#47,,,,
plehv79,shmuel256,Russell Wilson; Skyy Moore,George Pickens,2,1,3,2022-12-01 02:10:58,2022,-2.7,-4.0,-1.15,,,,Russell Wilson; Skyy Moore,,,,9.8978,8.5223,11.35,11.7772,7.55,6.5628,-1.4522,-3.2548,-3.4003,15.84,12.6,3.24,15.84,12.6,3.24,13.22,12.72,0.49,28.5,6.37,2,-0.014,-189.6,-220.8,567.2,-2675.4,#1134; #1116,PH#408; PH#72,,,,
plehv79,stevenb123,2025 4.08(P. Bryant),Cam Akers,1,1,2,2022-12-01 02:10:59,2022,-0.2,0.0,0.0,1467.5,,2025 4.08(P. Bryant),,2024 4.08(J. Baker),,2024 4.08(J. Baker),,,7.5612,7.6533,,,,,-7.4533,0.0,0.0,0.0,0.0,0.0,0.0,0.0,0.0,0.0,33.5,-4.19,2,0.0064,-822.5,-2105.5,782.0,576.5,T#134,PH#192,967.0,,,
plehv79,JacobRosenzweig,2025 3.08(J. Milroe); 2023 1.01(B. Robinson); 2025 3.01(T. Harris),Javonte Williams; 2023 1.02(A. Richardson),3,2,5,2023-01-14 02:11:01,2023,2.9,2.97,0.94,11266.0,2023 1.01(B. Robinson),2025 3.08(J. Milroe); 2025 3.01(T. Harris),,Lamar Jackson; Cam Akers; Tyler Allgeier; Aaron Jones,Diontae Johnson; 2023 1.06(Q. Johnston); 2023 3.06(R. Johnson); 2023 2.02(Z. Flowers); 2024 1.07(B. Bowers); Rachaad White,Lamar Jackson; Cam Akers; Tyler Allgeier; Tre' Harris; Justin Herbert; 2026 1.05(M. Lemon); 2026 3.08(M. Fields); 2027 1(shmuel256); 2027 2(shmuel256); J.K. Dobbins; 2027 3(stevenb123); 2028 3(AceMatthew); 2028 4(stevenb123); Jermaine Burton; Devin Neal; Pat Bryant; 2028 2(BROsenzweig); Aaron Jones,16.5188,17.0282,10.1,10.4115,,,6.4188,6.6167,7.8167,528.6,409.62,118.98,16.52,12.8,3.72,16.44,11.84,4.6,81.1,-2.01,2,0.0196,-555.1,236.6,303.2,1475.5,T#495; PH#97; T#173,T#120; PH#97; PH#177,1299.0,,,
plehv79,LWebs53,Aaron Jones,Rachaad White; 2025 3.01(T. Harris),1,2,3,2023-01-29 16:06:54,2023,-2.4,-3.0,-0.94,,,Aaron Jones,,J.K. Dobbins,Cam Akers,J.K. Dobbins; 2028 2(BROsenzweig),,,,,11.42,11.7722,,,-0.6,0.0,0.0,0.0,0.0,0.0,0.0,0.0,0.0,0.0,18.0,6.43,2,-0.0182,-1732.8,-4002.9,-3232.0,-2010.7,T#322,T#157,,,,
plehv79,stevenb123,2025 4.04(D. Neal),Trey McBride,1,1,2,2023-03-14 02:11:17,2023,-3.0,-4.13,-1.3,1742.5,,2025 4.04(D. Neal),,Mike Evans,Amari Cooper; 2025 2.06(C. Skattebo),Mike Evans; 2024 2.04(L. McConkey); 2026 2.06(J. Coleman); Davante Adams; 2025 209.??; 2027 3(plehv79),,,15.1943,19.8047,,,,,-19.6047,0.0,0.0,0.0,0.0,0.0,0.0,0.0,0.0,0.0,4.9,-3.78,2,0.0069,-1273.5,-3078.5,-3185.5,-4089.0,T#65,T#490,692.0,,,
plehv79,BROsenzweig,Amari Cooper,2023 2.07(K. Miller); 2023 3.05(M. Mims),1,2,3,2023-06-05 02:10:44,2023,2.7,2.91,0.92,,,Amari Cooper,,Mike Evans,2025 4.04(D. Neal); 2025 2.06(C. Skattebo),Mike Evans; 2024 2.04(L. McConkey); 2026 2.06(J. Coleman); Davante Adams; 2025 209.??; 2027 3(plehv79),12.2273,12.3476,,,12.36,12.4816,12.2273,12.3476,28.624,83.6,26.8,56.8,13.93,4.47,9.47,14.07,4.52,9.55,71.9,7.21,2,-0.0161,-1294.4,-1298.0,-1610.0,-3223.0,T#65,PH#426,,,,
plehv79,AceMatthew,Lamar Jackson; Cam Akers; Tyler Allgeier,Diontae Johnson; 2025 3.08(J. Milroe); 2023 1.06(Q. Johnston); 2023 3.06(R. Johnson); 2023 2.02(Z. Flowers); 2024 1.07(B. Bowers),3,6,10,2023-06-11 21:23:09,2023,1.9,2.99,0.94,,,Lamar Jackson; Cam Akers; Tyler Allgeier,,Tre' Harris; Justin Herbert; 2026 1.05(M. Lemon); 2026 3.08(M. Fields); 2027 1(shmuel256); 2027 2(shmuel256); J.K. Dobbins; 2027 3(stevenb123); 2028 3(AceMatthew),Chris Godwin; Aaron Jones,Tre' Harris; Justin Herbert; 2026 1.05(M. Lemon); 2026 3.08(M. Fields); 2027 1(shmuel256); 2027 2(shmuel256); 2028 4(stevenb123); Jermaine Burton; Devin Neal; Pat Bryant; J.K. Dobbins; 2028 2(BROsenzweig); 2027 3(stevenb123); 2028 3(AceMatthew),14.955,13.1788,9.9154,10.013,15.92,15.3864,5.0396,3.1658,1.3834,728.62,582.0,146.62,22.77,18.19,4.58,18.94,20.17,-1.23,50.5,2.38,3,-0.0561,-405.6,-1807.5,-1883.5,-289.7,T#347; T#322; T#41,PH#389; T#489; PH#79,,stevenb123,,
plehv79,stevenb123,2025 3.08(J. Milroe); 2023 3.06(R. Johnson); 2023 3.02(J. Hyatt),2023 2.08(S. LaPorta),3,1,4,2023-06-11 21:54:32,2023,-0.5,-1.65,-0.52,8181.5,2023 3.06(R. Johnson),2025 3.08(J. Milroe); 2023 3.02(J. Hyatt),,Logan Thomas; 2023 3.04(T. Bigsby); 2025 4.07(H. Fannin),Michael Wilson,Logan Thomas; 2023 3.04(T. Bigsby); 2025 4.07(H. Fannin); Noah Brown; Clyde Edwards-Helaire,6.2815,6.4752,,,,,6.2815,6.4752,7.0752,0.0,0.0,0.0,0.0,0.0,0.0,0.0,0.0,0.0,48.9,-0.67,2,0.0146,2022.6,2187.3,2200.8,2485.4,T#66; PH#118; T#396,T#495; T#495; T#488,431.0,,,
plehv79,shmuel256,2023 3.04(T. Bigsby); 2025 4.07(H. Fannin),2023 3.02(J. Hyatt),2,1,3,2023-06-11 21:56:10,2023,0.2,0.2,0.06,4665.5,2023 3.04(T. Bigsby),2025 4.07(H. Fannin),,Noah Brown; Clyde Edwards-Helaire,,Noah Brown; Clyde Edwards-Helaire,1.325,1.3659,,,,,1.325,1.3659,1.5659,0.0,0.0,0.0,0.0,0.0,0.0,0.0,0.0,0.0,52.2,-1.0,2,0.0084,978.9,1143.3,1189.8,1463.7,PH#116; T#510,PH#116; PH#191,799.0,,,
plehv79,shmuel256,J.K. Dobbins,Aaron Jones; Cam Akers,1,2,3,2023-08-16 02:11:55,2023,-0.7,-1.0,-0.31,,,J.K. Dobbins,,2028 2(BROsenzweig),James Conner; Tony Pollard,2028 2(BROsenzweig),14.8462,15.304,9.9507,10.2575,13.5,13.9163,4.8955,5.0464,10.8007,128.2,142.3,-14.1,14.24,15.81,-1.57,13.89,15.51,-1.62,36.7,-1.76,2,0.0057,-2002.6,-1046.8,-1106.2,-659.8,T#96,T#475,,,,
plehv79,stevenb123,Tony Pollard,2024 4.07(T. Tracy); 2026 1.01(J. Love),1,2,3,2023-08-24 12:20:27,2023,2.9,3.0,0.94,,,Tony Pollard,,2028 2(BROsenzweig),James Conner; J.K. Dobbins,2028 2(BROsenzweig),12.8548,13.2513,,,9.54,9.8342,12.8548,13.2513,42.3236,364.9,146.5,218.4,12.58,5.05,7.53,12.63,4.9,7.73,71.3,6.34,2,-0.0464,-401.5,-1779.7,-2932.4,-3528.8,T#96,T#485,,,,
plehv79,JacobRosenzweig,Mark Andrews,2025 1.06(C. Ward); 2024 1.06(R. Odunze),1,2,3,2023-08-24 12:48:56,2023,1.7,2.0,0.63,,,Mark Andrews,,Dont'e Thornton; 2026 4.01(E. Raridon),,Dont'e Thornton; 2026 4.01(E. Raridon),11.5933,15.1111,,,9.72,12.6693,11.5933,15.1111,27.8552,218.8,114.1,104.7,10.94,5.71,5.24,14.33,6.12,8.22,67.6,7.48,2,-0.0741,-2878.9,-4401.5,-4726.9,-6317.5,T#281,PH#403,,,,
plehv79,Oliverwkw,$25 FAAB,Joshua Kelley,0,1,1,2023-10-12 02:13:10,2023,-0.3,0.0,0.0,,,,,,,,,,2.4071,2.4814,,,,,-2.4814,0.0,0.0,0.0,0.0,0.0,0.0,0.0,0.0,0.0,42.0,0.0,2,0.0022,1114.0,1278.0,2500.0,2500.0,,,,,,
plehv79,BROsenzweig,Mike Evans,Amari Cooper; 2025 4.04(D. Neal); 2025 2.06(C. Skattebo),1,3,4,2023-11-30 02:13:44,2023,-0.3,1.18,0.48,,,Mike Evans,,2024 2.04(L. McConkey); 2026 2.06(J. Coleman),2026 3.01(E. Sarratt),2024 2.04(L. McConkey); 2026 2.06(J. Coleman); Davante Adams; 2025 209.??; 2027 3(plehv79),16.86,17.0259,20.28,20.4796,18.44,18.6215,-3.42,-3.4537,-15.8148,84.3,91.5,-7.2,16.86,18.3,-1.44,17.03,18.48,-1.45,14.2,6.96,2,-0.0252,-2531.3,-2578.0,-2850.6,-2991.8,T#330,T#409,,,,
plehv79,BROsenzweig,Logan Thomas,Michael Wilson; 2025 3.08(J. Milroe),1,2,3,2023-12-02 18:52:52,2023,-0.9,-1.0,-0.4,,,,Logan Thomas,,,,2.0,2.6069,,,8.96,11.6787,2.0,2.6069,9.8276,2.0,0.0,2.0,2.0,0.0,2.0,2.61,0.0,2.61,42.9,10.41,2,-0.0215,-3169.4,-3319.7,-4334.8,-4762.0,#1117,#244,,,,
plehv79,stevenb123,Noah Brown; Clyde Edwards-Helaire,2025 4.07(H. Fannin),2,1,3,2023-12-10 12:44:17,2023,-0.3,0.0,0.0,,,,Noah Brown; Clyde Edwards-Helaire,,,,9.9667,10.1932,,,7.17,7.2527,9.9667,10.1932,9.9932,0.0,0.0,0.0,0.0,0.0,0.0,0.0,0.0,0.0,38.1,6.03,2,-0.0109,1020.3,1197.1,-225.9,-1530.5,#1122; #1121,#1482; #1500,,,,
plehv79,stevenb123,Tank Dell,2024 2.01(J. Brooks),1,1,2,2024-07-13 17:43:30,2024,2.2,2.0,0.92,,Tank Dell,,,,,,10.0,10.5492,,,20.14,21.2461,10.0,10.5492,27.4931,118.2,7.8,110.4,9.09,0.6,8.49,9.59,0.58,9.01,72.9,2.85,2,-0.0039,604.0,-891.0,-2135.0,-2027.0,,#1467,,,,
plehv79,shmuel256,2024 2.04(L. McConkey); 2026 2.06(J. Coleman),Mike Evans; 2026 3.01(E. Sarratt),2,2,6,2024-07-13 18:12:33,2024,1.4,1.0,0.46,7875.5,2024 2.04(L. McConkey),2026 2.06(J. Coleman),,Davante Adams; 2025 209.??,,Davante Adams; 2025 209.??; 2027 3(plehv79),12.9294,13.6395,14.8115,15.625,,,-1.8821,-1.9855,-0.7855,354.5,226.9,127.6,12.66,8.1,4.56,13.59,8.67,4.92,70.3,-4.52,3,0.019,1113.3,1185.3,1282.5,1627.3,PH#140; T#438,T#488; T#409,362.5,stevenb123,,
plehv79,LWebs53,2024 4.04(M. Lloyd),Tank Bigsby; 2026 4.01(E. Raridon); $10 FAAB,1,2,3,2024-07-13 18:43:37,2024,-0.6,-0.6,-0.28,2334.0,2024 4.04(M. Lloyd),,,,,,2.8,2.7147,7.875,7.635,,,-5.075,-4.9203,-5.1203,0.0,0.0,0.0,0.0,0.0,0.0,0.0,0.0,0.0,18.6,0.99,2,-0.0089,-946.7,-2381.6,-2225.4,-1915.3,PH#156,T#191,-72.0,,,
plehv79,JacobRosenzweig,2024 4.08(J. Baker),2025 4.08(P. Bryant),1,1,2,2024-07-13 18:54:58,2024,-0.2,0.0,0.0,2178.0,2024 4.08(J. Baker),,,,,,0.0,0.0,,,,,0.0,0.0,-0.2,0.0,0.0,0.0,0.0,0.0,0.0,0.0,0.0,0.0,35.3,0.99,2,-0.0025,169.0,-132.0,-260.5,-301.5,PH#160,T#125,-39.0,,,
plehv79,Oliverwkw,Elijah Mitchell,$10 FAAB,1,0,1,2024-08-09 19:33:27,2024,-0.3,0.0,0.0,,,,Elijah Mitchell,,,,0.0,0.0,,,7.5,7.2714,0.0,0.0,0.0,0.0,0.0,0.0,0.0,0.0,0.0,0.0,0.0,0.0,33.7,0.0,2,-0.0011,706.0,196.0,558.0,-229.0,#1137,T#246,,,,
plehv79,stevenb123,Aidan O'Connell,$7 FAAB,1,0,1,2024-08-18 19:31:25,2024,-0.3,0.0,0.0,,,,Aidan O'Connell,,,,,,,,14.232,11.8066,,,0.0,0.0,0.0,0.0,0.0,0.0,0.0,0.0,0.0,0.0,31.5,0.0,2,-0.0007,1374.0,1010.0,295.0,-700.0,#1127,T#509,,,,
plehv79,LWebs53,Kareem Hunt,2027 4(plehv79); $2 FAAB,1,1,2,2024-10-01 15:01:20,2024,2.2,2.0,1.03,,,,Kareem Hunt,,,,11.5,11.1495,,,10.24,9.9279,11.5,11.1495,25.5296,90.0,0.0,90.0,12.86,0.0,12.86,12.46,0.0,12.46,73.0,10.08,2,-0.0144,-573.0,-418.0,-746.0,-2700.5,#1164,#786,,,,
plehv79,stevenb123,DeAndre Hopkins,2028 3(plehv79),1,1,2,2024-12-08 19:11:57,2024,0.5,0.0,0.0,,,,DeAndre Hopkins,,,,8.05,8.4921,,,14.32,15.1064,8.05,8.4921,18.5072,20.9,0.0,20.9,10.45,0.0,10.45,11.02,0.0,11.02,68.8,14.24,2,-0.0222,-207.5,-339.5,-1871.0,,#1160,T#525,,,,
plehv79,shmuel256,Davante Adams; 2025 2.09,2026 2.06(J. Coleman),2,1,3,2025-04-14 20:47:20,2025,-0.3,0.0,0.0,3915.0,,Davante Adams; 2025 209.??,,2027 3(plehv79),Ray Davis,2027 3(plehv79),,,,,23.8,25.8259,,,-1.8,0.0,0.0,0.0,0.0,0.0,0.0,0.0,0.0,0.0,41.6,6.35,2,-0.0199,2196.1,1838.6,2038.3,,T#205; T#40,T#385; T#435,-241.0,,,
plehv79,JacobRosenzweig,Josh Downs; 2025 3.08(J. Milroe); 2025 2.01(E. Egbuka); 2025 2.04(K. Johnson),Jaxon Smith-Njigba,4,1,5,2025-05-01 12:08:09,2025,-1.6,0.26,0.22,12429.0,Josh Downs; 2025 2.01(E. Egbuka),2025 3.08(J. Milroe); 2025 2.04(K. Johnson),,James Conner; 2025 1.04(T. McMillan); 2025 3.04(J. Bech); 2026 2.07(C. Bell); 2027 1(AceMatthew); 2025 3.03(D. Sampson); 2026 3.02(C. Okonkwo); 2028 1(AceMatthew),MarShawn Lloyd; Bijan Robinson; 2025 2.04(K. Johnson); 2025 3.08(J. Milroe),James Conner; 2025 1.04(T. McMillan); 2025 3.04(J. Bech); 2026 2.07(C. Bell); 2027 1(AceMatthew); 2025 3.03(D. Sampson); 2026 3.02(C. Okonkwo); 2028 1(AceMatthew); 2028 2(BROsenzweig); Jayden Reed; 2025 2.07(L. Burden); 2027 4(shmuel256); Harold Fannin; Jaylin Noel; 2027 1(stevenb123); 2028 1(stevenb123); 2026 1.01(J. Love); 2025 3.06(T. Ferguson); 2025 3.02(B. Tuten); Colston Loveland,8.8556,9.6094,22.2113,24.102,10.32,11.1985,-13.3557,-14.4926,-55.0719,159.4,400.66,-241.26,8.86,22.26,-13.4,9.61,24.15,-14.54,13.2,-1.04,2,0.004,2953.0,-552.2,-360.5,,; T#36; PH#169; T#36,PH#121; T#132; PH#169; T#136,-74.0,,,
plehv79,AceMatthew,James Conner; 2025 1.04(T. McMillan); 2025 3.04(J. Bech); 2026 2.07(C. Bell); 2027 1(AceMatthew); 2025 3.03(D. Sampson); 2026 3.02(C. Okonkwo); 2028 1(AceMatthew),MarShawn Lloyd; Bijan Robinson; 2025 3.08(J. Milroe); 2025 2.04(K. Johnson),8,4,12,2025-06-18 21:14:48,2025,1.7,1.0,0.85,30448.0,2025 1.04(T. McMillan); 2025 3.04(J. Bech); 2027 1(AceMatthew); 2028 1(AceMatthew),James Conner; 2026 2.07(C. Bell); 2025 3.03(D. Sampson); 2026 3.02(C. Okonkwo),,2028 2(BROsenzweig); Jayden Reed; 2025 2.07(L. Burden); 2027 4(shmuel256); Harold Fannin; Jaylin Noel; 2027 1(stevenb123); 2028 1(stevenb123); 2026 1.01(J. Love),Tony Pollard; J.K. Dobbins; 2025 3.05(K. Williams); Jack Bech; Emeka Egbuka; Luther Burden; Dallas Goedert; A.J. Brown; Zach Charbonnet; 2027 3(plehv79); 2029 4(plehv79),2028 2(BROsenzweig); Jayden Reed; 2025 2.07(L. Burden); 2027 4(shmuel256); 2025 3.06(T. Ferguson); 2025 3.02(B. Tuten); Harold Fannin; Jaylin Noel; 2027 1(stevenb123); 2028 1(stevenb123); 2026 1.01(J. Love); Colston Loveland,12.5563,13.6251,21.7529,20.9692,18.5,17.8334,-9.1967,-7.3441,5.0559,200.9,353.1,-152.2,12.56,22.07,-9.51,13.63,21.27,-7.65,48.0,-0.89,2,0.0769,507.0,-543.6,-982.9,,T#96; PH#164; PH#180; T#146; ; T#441; T#551; ,T#188; PH#164; T#19; T#30; ; T#5; T#27; ,-316.5,,,
plehv79,shmuel256,2025 3.05(K. Williams),Roschon Johnson; Jerry Jeudy,1,2,3,2025-06-25 14:08:53,2025,0.3,0.56,0.48,3041.0,,2025 3.05(K. Williams),,2025 2.07(L. Burden); 2027 4(shmuel256),2025 3.03(D. Sampson),2025 2.07(L. Burden); 2027 4(shmuel256); 2025 3.06(T. Ferguson); 2025 3.02(B. Tuten),,,3.4189,3.6952,,,,,-3.6952,0.0,0.0,0.0,0.0,0.0,0.0,0.0,0.0,0.0,37.6,-3.46,2,0.0057,-2098.2,-421.0,-487.8,,T#441,T#437,-28.0,,,
plehv79,shmuel256,2025 2.07(L. Burden); 2027 4(shmuel256); $18 FAAB,2025 3.05(K. Williams); 2025 3.03(D. Sampson),2,2,4,2025-07-20 18:08:43,2025,0.9,1.24,1.05,5892.5,2025 2.07(L. Burden),2027 4(shmuel256),,2025 3.06(T. Ferguson); 2025 3.02(B. Tuten),,2025 3.06(T. Ferguson); 2025 3.02(B. Tuten),,,,,,,,,0.2,0.0,0.0,0.0,0.0,0.0,0.0,0.0,0.0,0.0,52.8,-1.0,2,0.0031,594.9,639.9,804.3,,PH#175; T#39; ,PH#175; T#439; ,-59.0,,,
plehv79,AceMatthew,2025 3.06(T. Ferguson); 2025 3.02(B. Tuten),2027 4(shmuel256),2,1,3,2025-07-20 18:14:05,2025,1.4,1.0,0.85,6275.0,2025 3.06(T. Ferguson); 2025 3.02(B. Tuten),,,,,,5.6382,5.9975,,,,,5.6382,5.9975,5.7975,94.2,0.0,94.2,6.73,0.0,6.73,6.49,0.0,6.49,80.7,2.0,2,-0.0018,2922.3,2669.1,2395.1,,PH#182; PH#178,T#37; T#38,-22.0,,,
plehv79,AceMatthew,,Ray Davis; 2025 2.09,0,2,2,2025-07-20 18:16:38,2025,-0.3,0.0,0.0,,,,,,,,,,3.2238,3.1077,,,,,-3.1077,0.0,0.0,0.0,0.0,0.0,0.0,0.0,0.0,0.0,20.3,0.0,2,0.0012,-5330.2,-4732.6,-4754.8,,,,,,,
plehv79,LWebs53,Harold Fannin; Jaylin Noel; 2027 1(stevenb123); 2028 1(stevenb123); 2026 1.01(J. Love),Jack Bech; Emeka Egbuka; Luther Burden; Dallas Goedert; A.J. Brown; Zach Charbonnet; 2027 3(plehv79); 2026 3.02(C. Okonkwo); 2029 4(plehv79); $25 FAAB,5,9,15,2025-07-30 13:44:54,2025,-0.2,-1.0,-0.85,16071.5,Jaylin Noel; 2027 1(stevenb123); 2028 1(stevenb123); 2026 1.01(J. Love),Harold Fannin,,Colston Loveland,Tetairoa McMillan,Colston Loveland,10.0558,10.9106,10.1559,11.1144,,,-0.1001,-0.2038,18.1533,226.5,405.1,-178.6,12.58,22.51,-9.92,14.78,25.25,-10.47,44.0,-2.49,3,0.0892,-501.9,-212.2,-522.3,,PH#191; PH#187; ; ; PH#193,; ; T#199; ; T#499,-87.0,stevenb123,,
plehv79,LWebs53,2027 3(plehv79),Davante Adams,1,1,2,2025-07-30 14:06:15,2025,0.0,0.0,0.0,2894.0,2027 3(plehv79),,,,,,,,16.21,17.5898,,,,,-16.9898,0.0,0.0,0.0,0.0,0.0,0.0,0.0,0.0,0.0,28.7,-12.69,2,0.0161,-739.0,-686.0,-164.0,,,T#204,,,,
plehv79,BROsenzweig,2028 2(BROsenzweig); $15 FAAB,James Conner; Tony Pollard; J.K. Dobbins,1,3,4,2025-08-02 18:57:24,2025,-0.4,-1.0,-0.85,3845.0,2028 2(BROsenzweig),,,,,,,,10.3862,10.012,,,,,-8.212,0.0,0.0,0.0,0.0,0.0,0.0,0.0,0.0,0.0,21.9,-9.46,2,0.0308,-1282.9,-392.2,-830.0,,; ,; ,,,,
plehv79,shmuel256,Tre' Harris; Justin Herbert; 2026 1.05(M. Lemon); 2026 3.08(M. Fields); 2027 1(shmuel256); 2027 2(shmuel256); $35 FAAB,Chris Godwin; Lamar Jackson,6,2,8,2025-08-06 21:55:47,2025,2.7,2.0,1.7,17510.5,Justin Herbert; 2026 1.05(M. Lemon); 2027 1(shmuel256); 2027 2(shmuel256),Tre' Harris; 2026 3.08(M. Fields),,2028 4(stevenb123); Jermaine Burton; Devin Neal; Pat Bryant,Pat Bryant,2028 4(stevenb123); Jermaine Burton; Devin Neal; Pat Bryant,7.9773,7.1775,12.8706,11.6833,18.824,15.3531,-4.8933,-4.5057,7.4311,320.56,296.04,24.52,16.87,15.58,1.29,13.87,13.79,0.08,84.1,-6.91,2,0.086,1574.8,4881.7,5097.3,,PH#177; ; PH#197; T#552; ; ; ,; T#417; T#401; T#437; ; ; ,-58.0,,,
plehv79,AceMatthew,2027 3(stevenb123); 2028 3(AceMatthew),Tyler Allgeier,2,1,3,2025-08-11 10:52:58,2025,0.2,0.0,0.0,5856.0,2028 3(AceMatthew),2027 3(stevenb123),,,,,,,7.04,6.7863,,,,,-5.5863,0.0,0.0,0.0,0.0,0.0,0.0,0.0,0.0,0.0,46.1,-5.88,2,0.0162,2218.8,1857.3,2317.4,,T#144; ,T#34; ,,,,
plehv79,stevenb123,Jermaine Burton; Devin Neal; Pat Bryant; $21 FAAB,2026 3.08(M. Fields),3,1,4,2025-08-11 11:19:59,2025,0.4,0.0,0.0,,,Devin Neal; Pat Bryant,Jermaine Burton,2028 4(stevenb123),Tre' Harris,2028 4(stevenb123),4.8357,5.2473,,,0.36,0.3906,4.8357,5.2473,5.3528,7.2,0.0,7.2,7.2,0.0,7.2,7.81,0.0,7.81,75.2,1.99,2,-0.0047,2030.2,2316.6,1533.1,,#1161; T#279; PH#192; ,T#542; ; ; ,,,,
plehv79,JacobRosenzweig,$75 FAAB,2027 3(stevenb123),0,1,1,2025-08-25 15:24:23,2025,-0.3,0.0,0.0,,,,,,,,,,,,,,,,-0.6,0.0,0.0,0.0,0.0,0.0,0.0,0.0,0.0,0.0,45.7,0.0,2,-0.0067,4477.5,4398.0,4168.5,,,,,,,
plehv79,Oliverwkw,$10 FAAB,Devin Neal,0,1,1,2025-08-27 09:00:17,2025,-0.4,0.0,0.0,,,,,,,,,,6.6667,6.4265,,,,,-6.4265,0.0,0.0,0.0,0.0,0.0,0.0,0.0,0.0,0.0,23.4,0.0,2,-0.0012,-1150.0,-1795.0,-819.0,,,,,,,
plehv79,shmuel256,$10 FAAB,Jonnu Smith,0,1,1,2025-09-08 18:51:10,2025,-0.4,0.0,0.0,,,,,,,,,,4.4316,5.4587,,,,,-5.4587,0.0,0.0,0.0,0.0,0.0,0.0,0.0,0.0,0.0,32.8,0.0,2,0.007,-1034.0,-556.0,1000.0,,,,,,,
plehv79,JacobRosenzweig,Austin Ekeler,$1 FAAB,1,0,1,2025-09-12 06:47:33,2025,-0.3,0.0,0.0,,,,Austin Ekeler,,,,,,,,8.08,7.7889,,,0.0,0.0,0.0,0.0,0.0,0.0,0.0,0.0,0.0,0.0,34.5,0.0,2,-0.0073,2341.0,-100.0,-100.0,,#1165,T#261,,,,
plehv79,JacobRosenzweig,Jayden Reed,2026 2.07(C. Bell),1,1,2,2025-09-12 20:42:32,2025,0.3,0.0,0.0,,Jayden Reed,,,,,,6.9,7.4873,,,7.98,8.6593,6.9,7.4873,13.4519,21.6,3.5,18.1,5.4,0.88,4.52,5.86,0.95,4.91,71.1,4.35,2,-0.0143,-288.0,-448.0,3.0,,,PH#123,,,,
plehv79,BROsenzweig,Dontayvion Wicks; 2027 3(BROsenzweig),Jaylen Warren,2,1,3,2025-09-24 09:51:11,2025,-1.4,0.0,0.0,3030.5,2027 3(BROsenzweig),,Dontayvion Wicks,,,,5.3,5.7512,12.6714,12.2149,6.66,7.2269,-7.3714,-6.4637,-6.955,0.0,15.2,-15.2,0.0,15.2,-15.2,0.0,14.65,-14.65,28.0,-4.73,2,0.0083,1079.7,1121.6,1964.0,,#1175; ,#263; ,,,,
plehv79,Oliverwkw,Dont'e Thornton; 2026 4.01(E. Raridon),Mark Andrews,2,1,3,2025-09-28 19:07:47,2025,0.1,0.0,0.0,2406.0,2026 4.01(E. Raridon),,Dont'e Thornton,,,,3.255,3.9427,7.2,8.8688,4.8,5.2086,-3.945,-4.9261,-4.7261,0.0,0.0,0.0,0.0,0.0,0.0,0.0,0.0,0.0,40.9,-8.11,2,0.0096,1605.6,1009.4,804.4,,#1172; PH#217,#1017; T#274,69.0,,,
plehv79,JacobRosenzweig,2027 2(JacobRosenzweig),Quentin Johnston,1,1,2,2025-10-20 18:23:52,2025,-0.0,0.0,0.0,4142.5,2027 2(JacobRosenzweig),,,,,,,,8.3545,9.0657,,,,,-7.2657,0.0,0.0,0.0,0.0,0.0,0.0,0.0,0.0,0.0,37.1,-3.99,2,0.0139,-512.5,788.0,,,,,,,,
plehv79,Oliverwkw,Colston Loveland,Harold Fannin; Tetairoa McMillan,1,2,3,2026-01-12 22:35:12,2026,-2.3,0.0,0.0,,Colston Loveland,,,,,,2.8,3.449,11.1708,13.0438,17.26,21.2605,-8.3708,-9.5949,-38.3796,8.4,49.7,-41.3,2.8,16.57,-13.77,3.45,19.16,-15.71,2.3,-0.37,2,-0.0005,-4329.6,,,,,PH#170,,,,
plehv79,BROsenzweig,2026 5.02,$20 FAAB,1,0,1,2026-07-12 19:07:17,2026,-0.1,0.0,0.0,2191.0,2026 502.??,,,,,,,,,,,,,,0.0,0.0,0.0,0.0,0.0,0.0,0.0,0.0,0.0,0.0,40.4,0.0,2,0.0011,191.0,,,,PH#548,PH#548,110.0,,,
plehv79,shmuel256,2028 4(stevenb123),Pat Bryant; Tre' Harris,1,2,3,2026-09-01 14:14:37,2026,-0.2,0.0,0.0,2257.0,2028 4(stevenb123),,,,,,,,8.1833,8.8799,,,,,-8.6799,0.0,0.0,0.0,0.0,0.0,0.0,0.0,0.0,0.0,21.7,-4.12,2,0.0064,-1937.0,,,,,T#460,,,,
plehv79,Oliverwkw,Mason Taylor,$5 FAAB,1,0,1,2026-09-01 14:57:47,2026,-0.3,0.0,0.0,,Mason Taylor,,,,,,0.9,1.1086,,,5.54,6.8241,0.9,1.1086,1.1086,0.0,0.0,0.0,0.0,0.0,0.0,0.0,0.0,0.0,45.7,0.0,2,0.0007,1749.0,,,,,T#458,,,,
plehv79,BROsenzweig,2027 4(stevenb123),Jacory Croskey-Merritt,1,1,2,2026-09-01 15:03:21,2026,-0.1,0.0,0.0,2526.5,2027 4(stevenb123),,,,,,,,7.5667,7.294,,,,,-7.094,0.0,0.0,0.0,0.0,0.0,0.0,0.0,0.0,0.0,29.5,-4.39,2,0.0055,-653.5,,,,,T#107,,,,
shmuel256,Oliverwkw,Justin Jefferson; DeVante Parker,Malcolm Brown; Denzel Mims,2,2,4,2020-09-15 14:23:42,2020,4.9,5.36,0.88,,,Justin Jefferson; DeVante Parker,,Davante Adams; Mike Evans; Dalvin Cook; Aaron Rodgers; Allen Robinson; 2021 3.03(A. St. Brown),Robbie Chosen; 2021 4.08(K. Trask),Davante Adams; Mike Evans; Dalvin Cook; Aaron Rodgers; 2026 2.06(J. Coleman); 2025 2.05(T. Warren); 2024 2.03(J. McCarthy); 2024 2.08(X. Legette); Isaac Guerendo; 2026 3.03(G. Bernard); 2028 3(shmuel256); Adam Thielen; Christian McCaffrey; Cooper Kupp; Christian Kirk; Justin Herbert; 2024 4.04(M. Lloyd); George Kittle; 2025 4.01(J. Blue); 2024 2.05(K. Coleman); Brian Robinson; Ray Davis; 2027 4(LWebs53); 2025 3.01(T. Harris); 2025 3.05(K. Williams); 2026 3.08(M. Fields); Geno Smith; 2025 4.04(D. Neal); 2026 4.01(E. Raridon); 2025 3.07(M. Taylor); Chris Godwin; Lamar Jackson; 2024 4.06(K. Vidal); 2024 2.07(R. Pearsall); Emanuel Wilson; Jauan Jennings; Roschon Johnson; Jerry Jeudy; Mike Gesicki; 2026 4.06(S. Bell); Allen Lazard; Blake Corum; 2024 4.07(T. Tracy); Allen Robinson; 2021 3.03(A. St. Brown); Robbie Chosen; Kenny Golladay; Calvin Ridley; 2022 4.02(W. Robinson); 2023 3.08(T. Spears); J.K. Dobbins; Mac Jones; 2022 2.08(A. Lazard); 2024 3.08(J. Burton); Tee Higgins; 2022 2.02(J. Cook); 2024 3.05(B. Corum); Aaron Jones; Cam Akers; 2023 4.07(O. Beckham); 2024 3.01(B. Nix); 2022 3.06(D. Bell); Deebo Samuel; 2026 4.04(K. Allen); D'Onta Foreman; Alexander Mattison; T.J. Hockenson; 2024 4.05(M. Corley); 2022 3.04(R. Doubs); 2025 209.??; Quentin Johnston; 2027 4(shmuel256); Nico Collins; 2025 3.03(D. Sampson),16.1155,16.7648,4.5905,4.7436,10.35,10.7671,11.525,12.0213,30.59,529.8,110.7,419.1,17.66,3.69,13.97,18.51,3.81,14.7,98.0,-0.68,2,0.0024,3502.4,5779.2,7060.8,9871.4,T#169; T#4,PH#465; PH#481,,,,
shmuel256,BROsenzweig,Stefon Diggs; Robbie Chosen; Todd Gurley,Miles Sanders; Christian Kirk; Devonta Freeman,3,3,6,2020-09-29 22:18:11,2020,3.4,5.0,0.84,,Stefon Diggs,Robbie Chosen,Todd Gurley,Allen Robinson; 2021 3.03(A. St. Brown),DeVante Parker; 2021 4.08(K. Trask),Allen Robinson; 2021 3.03(A. St. Brown); Robbie Chosen; Kenny Golladay; Calvin Ridley; 2022 4.02(W. Robinson); 2023 3.08(T. Spears); J.K. Dobbins; Mac Jones; 2022 2.08(A. Lazard); 2024 3.08(J. Burton); Tee Higgins; 2022 2.02(J. Cook); 2024 3.05(B. Corum); Aaron Jones; Cam Akers; 2023 4.07(O. Beckham); 2024 3.01(B. Nix); 2022 3.06(D. Bell); Adam Thielen; Christian McCaffrey; Cooper Kupp; Christian Kirk; Justin Herbert; 2024 4.04(M. Lloyd); Deebo Samuel; 2026 4.04(K. Allen); 2026 3.08(M. Fields); 2024 2.03(J. McCarthy); 2024 2.08(X. Legette); D'Onta Foreman; Alexander Mattison; T.J. Hockenson; 2024 4.05(M. Corley); 2022 3.04(R. Doubs); 2027 4(LWebs53); 2025 3.01(T. Harris); 2025 3.05(K. Williams); Geno Smith; 2025 4.04(D. Neal); 2026 4.01(E. Raridon); 2025 3.07(M. Taylor); Chris Godwin; Lamar Jackson; 2024 4.06(K. Vidal); 2025 209.??; Quentin Johnston; 2027 4(shmuel256); Blake Corum; George Kittle; 2025 4.01(J. Blue); 2024 2.05(K. Coleman); Nico Collins; Jauan Jennings; Roschon Johnson; Jerry Jeudy; Mike Gesicki; 2026 4.06(S. Bell); Allen Lazard; 2024 4.07(T. Tracy); 2026 2.06(J. Coleman); 2025 3.03(D. Sampson); 2024 2.07(R. Pearsall); Isaac Guerendo; 2026 3.03(G. Bernard); 2028 3(shmuel256); Brian Robinson; Ray Davis; Emanuel Wilson,14.5076,15.0425,10.0095,10.3324,13.98,14.4903,4.4981,4.7101,12.6036,1333.5,991.68,341.82,18.02,13.4,4.62,18.78,13.8,4.97,75.6,1.52,2,-0.0079,-1032.8,1992.2,359.2,-467.8,; T#4; #1213,PH#458; PH#506; PH#439,,,,
shmuel256,AceMatthew,Allen Robinson; 2021 3.03(A. St. Brown),Robbie Chosen; DeVante Parker; 2021 4.08(K. Trask),2,3,5,2020-10-29 13:09:26,2020,3.4,3.13,0.55,,2021 3.03(A. St. Brown),Allen Robinson,,Robbie Chosen; Kenny Golladay; Calvin Ridley; 2022 4.02(W. Robinson); 2023 3.08(T. Spears),Robert Woods; Bryan Edwards,Robbie Chosen; Kenny Golladay; Calvin Ridley; 2022 4.02(W. Robinson); 2023 3.08(T. Spears); J.K. Dobbins; Mac Jones; 2022 2.08(A. Lazard); 2024 3.08(J. Burton); Tee Higgins; 2022 2.02(J. Cook); 2024 3.05(B. Corum); Aaron Jones; Cam Akers; 2023 4.07(O. Beckham); 2024 3.01(B. Nix); 2022 3.06(D. Bell); Adam Thielen; Christian McCaffrey; Cooper Kupp; Christian Kirk; Justin Herbert; 2024 4.04(M. Lloyd); Deebo Samuel; 2026 4.04(K. Allen); 2026 3.08(M. Fields); 2024 2.03(J. McCarthy); 2024 2.08(X. Legette); D'Onta Foreman; Alexander Mattison; T.J. Hockenson; 2024 4.05(M. Corley); 2022 3.04(R. Doubs); 2027 4(LWebs53); 2025 3.01(T. Harris); 2025 3.05(K. Williams); Geno Smith; 2025 4.04(D. Neal); 2026 4.01(E. Raridon); 2025 3.07(M. Taylor); Chris Godwin; Lamar Jackson; 2024 4.06(K. Vidal); 2025 209.??; Quentin Johnston; 2027 4(shmuel256); Blake Corum; George Kittle; 2025 4.01(J. Blue); 2024 2.05(K. Coleman); Nico Collins; Jauan Jennings; Roschon Johnson; Jerry Jeudy; Mike Gesicki; 2026 4.06(S. Bell); Allen Lazard; 2024 4.07(T. Tracy); 2026 2.06(J. Coleman); 2025 3.03(D. Sampson); 2024 2.07(R. Pearsall); Isaac Guerendo; 2026 3.03(G. Bernard); 2028 3(shmuel256); Brian Robinson; Ray Davis; Emanuel Wilson,15.2517,15.9938,7.8213,8.1364,18.34,19.079,7.4304,7.8574,22.8497,1468.48,354.3,1114.18,18.59,4.48,14.1,19.5,4.65,14.85,90.3,-1.3,2,0.0097,-1080.2,-428.6,2319.4,1410.6,T#232; PH#51,PH#418; PH#51,,,,
shmuel256,Oliverwkw,Myles Gaskin; Matt Ryan,Jarvis Landry; Taysom Hill,2,2,4,2020-11-20 11:09:46,2020,-1.8,-1.0,-0.18,,,,Myles Gaskin; Matt Ryan,,,,19.0917,18.0111,15.1486,17.7506,16.81,15.1378,3.9431,0.2605,0.3546,21.58,52.52,-30.94,7.19,17.51,-10.31,5.93,20.86,-14.93,23.9,0.52,2,-0.0018,3072.0,814.8,1305.6,-914.2,#1219; #1218,#871; PH#529,,,,
shmuel256,plehv79,Ronald Jones; Chase Claypool; 2021 1.05(J. Williams),Clyde Edwards-Helaire,3,1,4,2020-12-01 11:47:53,2020,-0.1,-0.32,-0.06,,2021 1.05(J. Williams),Chase Claypool,Ronald Jones,2022 2.02(J. Cook),Cole Kmet; 2022 4.02(W. Robinson); 2024 4.08(J. Baker),2022 2.02(J. Cook),9.0861,9.2782,11.6,11.9153,12.04,12.4518,-2.5139,-2.6371,1.4839,160.6,114.9,45.7,14.6,10.45,4.15,14.87,10.54,4.33,70.8,0.69,2,0.0325,1691.2,1980.8,3858.5,5034.4,#1234; T#378; PH#37,PH#491; #1056; PH#37,,,,
shmuel256,stevenb123,Darius Slayton,Damien Harris,1,1,2,2020-12-13 16:00:13,2020,-0.4,0.0,0.0,,,,Darius Slayton,,,,8.0,8.3224,12.55,12.8911,5.82,6.0545,-4.55,-4.5687,-4.5687,0.0,0.0,0.0,0.0,0.0,0.0,0.0,0.0,0.0,28.5,0.08,2,-0.0001,-197.0,-399.0,-2024.0,-64.0,#1231,PH#492,,,,
shmuel256,LWebs53,2021 3.06(R. Stevenson); 2023 4.08(L. Musgrave); 2022 4.07(A. Okwuegbunam),2021 2.08(M. Carter),3,1,4,2021-08-29 11:53:51,2021,2.6,2.28,0.44,5868.0,2021 3.06(R. Stevenson),2023 4.08(L. Musgrave); 2022 4.07(A. Okwuegbunam),,2022 4.06(T. McBride); Bryan Edwards; Justin Fields; Michael Carter; 2024 2.08(X. Legette),Ryan Tannehill; Irv Smith; James Robinson,2022 4.06(T. McBride); 2024 4.05(M. Corley); 2022 3.04(R. Doubs); Nico Collins; Bryan Edwards; Justin Fields; Michael Carter; 2024 2.08(X. Legette); Robbie Chosen; Kenny Golladay; Calvin Ridley; 2022 4.02(W. Robinson); 2023 3.08(T. Spears); Darnell Mooney; 2028 4(plehv79); 2026 4.07(D. Mooney); 2024 4.06(K. Vidal); J.K. Dobbins; Mac Jones; 2022 2.08(A. Lazard); 2024 3.08(J. Burton); Tee Higgins; 2022 2.02(J. Cook); 2024 3.05(B. Corum); Emanuel Wilson; 2028 3(shmuel256); Adam Thielen; Christian McCaffrey; Cooper Kupp; Christian Kirk; Justin Herbert; 2024 4.04(M. Lloyd); 2024 2.03(J. McCarthy); Aaron Jones; Cam Akers; 2023 4.07(O. Beckham); 2024 3.01(B. Nix); 2022 3.06(D. Bell); Deebo Samuel; 2026 4.04(K. Allen); 2026 3.08(M. Fields); Mark Andrews; 2028 4(BROsenzweig); 2026 2.02(T. Simpson); 2028 4(LWebs53); 2026 4.03(C. Beck); 2027 4(LWebs53); 2025 3.01(T. Harris); 2025 3.05(K. Williams); Geno Smith; 2025 4.04(D. Neal); 2026 4.01(E. Raridon); 2025 3.07(M. Taylor); Chris Godwin; Lamar Jackson; George Kittle; 2025 4.01(J. Blue); 2024 2.05(K. Coleman); D'Onta Foreman; Alexander Mattison; T.J. Hockenson; 2025 209.??; Quentin Johnston; 2027 4(shmuel256); Blake Corum; Kyle Monangai; Tyjae Spears; 2026 209.??; Jauan Jennings; Roschon Johnson; Jerry Jeudy; Mike Gesicki; 2026 4.06(S. Bell); Allen Lazard; 2024 2.07(R. Pearsall); 2026 2.06(J. Coleman); 2025 3.03(D. Sampson); Isaac Guerendo; 2026 3.03(G. Bernard); Brian Robinson,12.1469,12.1773,,,,,12.1469,12.1773,12.5773,237.0,100.3,136.7,14.81,6.27,8.54,15.0,6.34,8.67,79.8,-1.0,2,0.0065,-426.5,-307.3,21.4,52.9,PH#54; T#375; T#160,PH#54; PH#128; PH#95,662.0,,,
shmuel256,stevenb123,2022 4.08(M. Valdes-Scantling),Denzel Mims,1,1,2,2021-08-29 11:53:56,2021,0.2,0.48,0.09,1457.0,,2022 4.08(M. Valdes-Scantling),,2023 3.06(R. Johnson); 2024 3.03(A. Mitchell),Melvin Gordon,2023 3.06(R. Johnson); 2024 3.03(A. Mitchell); J.K. Dobbins; Mac Jones; 2022 2.08(A. Lazard); 2024 3.08(J. Burton); T.J. Hockenson; Aaron Jones; Cam Akers; 2023 4.07(O. Beckham); 2024 3.01(B. Nix); 2022 3.06(D. Bell); Adam Thielen; Christian McCaffrey; Cooper Kupp; Christian Kirk; Justin Herbert; 2024 4.04(M. Lloyd); 2024 2.03(J. McCarthy); 2024 2.08(X. Legette); D'Onta Foreman; Alexander Mattison; 2024 4.05(M. Corley); 2022 3.04(R. Doubs); 2027 4(LWebs53); 2025 3.01(T. Harris); 2025 3.05(K. Williams); 2026 3.08(M. Fields); Geno Smith; 2025 4.04(D. Neal); 2026 4.01(E. Raridon); 2025 3.07(M. Taylor); Chris Godwin; Lamar Jackson; 2024 4.06(K. Vidal); George Kittle; 2025 4.01(J. Blue); 2024 2.05(K. Coleman); Nico Collins; Jauan Jennings; Roschon Johnson; Jerry Jeudy; Mike Gesicki; 2026 4.06(S. Bell); Allen Lazard; Blake Corum; 2024 4.07(T. Tracy); 2024 2.07(R. Pearsall),,,2.6789,2.8254,,,,,-2.6254,0.0,0.0,0.0,0.0,0.0,0.0,0.0,0.0,0.0,45.7,-2.9,2,0.0039,-336.0,560.0,981.5,1380.0,T#53,PH#96,333.5,,,
shmuel256,AceMatthew,2023 4.03(J. Reed); 2024 4.04(M. Lloyd),Myles Gaskin,2,1,3,2021-10-20 02:12:37,2021,0.2,0.32,0.07,3034.0,2023 4.03(J. Reed),2024 4.04(M. Lloyd),,2023 3.03(R. Rice); 2025 3.04(J. Bech),Khalil Herbert,2023 3.03(R. Rice); 2025 3.04(J. Bech); Alvin Kamara; Mike Williams; Kyler Murray; Wan'Dale Robinson; 2026 4.04(K. Allen); 2029 4(plehv79); 2025 3.05(K. Williams); George Kittle; 2025 4.01(J. Blue); 2024 2.05(K. Coleman); Dalton Schultz; 2024 2.07(R. Pearsall); Adam Thielen; Christian McCaffrey; Cooper Kupp; Christian Kirk; Justin Herbert; 2024 4.04(M. Lloyd); 2027 4(LWebs53); 2025 3.01(T. Harris); 2026 3.08(M. Fields); Geno Smith; 2025 4.04(D. Neal); 2026 4.01(E. Raridon); 2025 3.07(M. Taylor); Chris Godwin; Lamar Jackson; 2024 4.06(K. Vidal); Jauan Jennings; Mike Gesicki; 2026 4.06(S. Bell); Allen Lazard; Blake Corum; 2024 4.07(T. Tracy),,,6.9294,6.9468,,,,,-6.5468,0.0,0.0,0.0,0.0,0.0,0.0,0.0,0.0,0.0,46.2,-5.05,2,0.0098,-53.8,234.8,2370.9,2681.3,PH#123; T#11,PH#123; PH#156,956.0,,,
shmuel256,LWebs53,Bryan Edwards; Justin Fields; Michael Carter; 2024 2.08(X. Legette),Ryan Tannehill; Irv Smith; James Robinson; 2022 4.07(A. Okwuegbunam),4,4,8,2021-10-24 02:12:40,2021,2.4,2.78,0.58,3837.0,,Bryan Edwards; Justin Fields; 2024 2.08(X. Legette),Michael Carter,Robbie Chosen; Kenny Golladay; Calvin Ridley; 2022 4.02(W. Robinson); 2023 3.08(T. Spears); Darnell Mooney; 2028 4(plehv79); 2026 4.07(D. Mooney); 2024 4.06(K. Vidal),Robert Woods; Allen Robinson,Robbie Chosen; Kenny Golladay; Calvin Ridley; 2022 4.02(W. Robinson); 2023 3.08(T. Spears); J.K. Dobbins; Mac Jones; 2022 2.08(A. Lazard); 2024 3.08(J. Burton); Tee Higgins; 2022 2.02(J. Cook); 2024 3.05(B. Corum); Aaron Jones; Cam Akers; 2023 4.07(O. Beckham); 2024 3.01(B. Nix); 2022 3.06(D. Bell); Adam Thielen; Christian McCaffrey; Cooper Kupp; Christian Kirk; Justin Herbert; 2024 4.04(M. Lloyd); Deebo Samuel; 2026 4.04(K. Allen); 2026 3.08(M. Fields); 2024 2.03(J. McCarthy); 2024 2.08(X. Legette); D'Onta Foreman; Alexander Mattison; T.J. Hockenson; 2024 4.05(M. Corley); 2022 3.04(R. Doubs); 2027 4(LWebs53); 2025 3.01(T. Harris); 2025 3.05(K. Williams); Geno Smith; 2025 4.04(D. Neal); 2026 4.01(E. Raridon); 2025 3.07(M. Taylor); Chris Godwin; Lamar Jackson; 2024 4.06(K. Vidal); 2025 209.??; Quentin Johnston; 2027 4(shmuel256); Blake Corum; George Kittle; 2025 4.01(J. Blue); 2024 2.05(K. Coleman); Nico Collins; Jauan Jennings; Roschon Johnson; Jerry Jeudy; Mike Gesicki; 2026 4.06(S. Bell); Allen Lazard; 2024 4.07(T. Tracy); 2026 2.06(J. Coleman); 2025 3.03(D. Sampson); 2024 2.07(R. Pearsall); Isaac Guerendo; 2026 3.03(G. Bernard); 2028 3(shmuel256); Brian Robinson; Ray Davis; Emanuel Wilson; Darnell Mooney; 2028 4(plehv79); 2026 4.07(D. Mooney),10.6157,9.9435,8.3106,7.9929,7.392,7.1624,2.3051,1.9505,4.6287,575.42,384.64,190.78,17.98,12.02,5.96,15.24,11.13,4.11,83.6,-3.4,2,0.0221,1353.1,3657.7,1584.0,4867.0,T#8; T#217; #1259; T#511,#535; PH#41; PH#48; PH#144,147.0,,,
shmuel256,stevenb123,Laviska Shenault; AJ Dillon; Antonio Gibson; 2022 1.08(S. Moore); 2023 1.07(D. Kincaid); 2023 2.07(K. Miller); 2024 1.01(M. Harrison); 2024 2.01(J. Brooks),Cordarrelle Patterson; Alvin Kamara; Kenny Gainwell; 2022 4.04(T. Davis-Price),8,4,12,2021-10-29 02:12:57,2021,3.9,3.34,0.7,22950.0,2022 1.08(S. Moore),AJ Dillon; Antonio Gibson; 2023 1.07(D. Kincaid); 2023 2.07(K. Miller); 2024 1.01(M. Harrison); 2024 2.01(J. Brooks),Laviska Shenault,Gus Edwards; Tyler Johnson; 2022 4.07(A. Okwuegbunam); 2023 4.08(L. Musgrave); 2024 4.08(J. Baker); 2022 4.05(A. Pierce); 2026 3.02(C. Okonkwo); Derek Carr; 2024 3.04(T. Franklin); 2024 4.04(M. Lloyd); 2025 4.04(D. Neal); T.J. Hockenson; 2026 1.05(M. Lemon); 2026 2.05(N. Singleton); 2024 1.07(B. Bowers); Jonathan Taylor; 2024 3.03(A. Mitchell); 2024 3.07(B. Sinnott); 2023 3.05(M. Mims),2023 4.07(O. Beckham); 2024 3.03(A. Mitchell); Jalin Hyatt; 2026 4.08(M. Trigg); Javonte Williams; 2023 2.04(Z. Charbonnet); 2024 1.06(R. Odunze),Gus Edwards; Tyler Johnson; 2022 4.07(A. Okwuegbunam); 2023 4.08(L. Musgrave); 2024 4.08(J. Baker); 2022 4.05(A. Pierce); 2024 4.05(M. Corley); 2022 3.04(R. Doubs); 2022 4.06(T. McBride); 2022 2.02(J. Cook); J.K. Dobbins; Mac Jones; 2022 2.08(A. Lazard); 2024 3.08(J. Burton); Nico Collins; Aaron Jones; Cam Akers; 2023 4.07(O. Beckham); 2024 3.01(B. Nix); 2022 3.06(D. Bell); Adam Thielen; Christian McCaffrey; Cooper Kupp; Christian Kirk; Justin Herbert; 2024 4.04(M. Lloyd); 2024 2.03(J. McCarthy); 2024 2.08(X. Legette); D'Onta Foreman; Alexander Mattison; T.J. Hockenson; 2027 4(LWebs53); 2025 3.01(T. Harris); 2025 3.05(K. Williams); 2026 3.08(M. Fields); Geno Smith; 2025 4.04(D. Neal); 2026 4.01(E. Raridon); 2025 3.07(M. Taylor); Chris Godwin; Lamar Jackson; 2024 4.06(K. Vidal); George Kittle; 2025 4.01(J. Blue); 2024 2.05(K. Coleman); Jauan Jennings; Roschon Johnson; Jerry Jeudy; Mike Gesicki; 2026 4.06(S. Bell); Allen Lazard; Blake Corum; 2024 4.07(T. Tracy); 2024 2.07(R. Pearsall); 2026 3.02(C. Okonkwo); Aidan O'Connell; 2026 4.08(M. Trigg); Zack Moss; Gardner Minshew; Derek Carr; 2024 3.04(T. Franklin); Tee Higgins; Deebo Samuel; 2026 4.04(K. Allen); 2025 209.??; Quentin Johnston; 2027 4(shmuel256); 2026 2.06(J. Coleman); 2025 3.03(D. Sampson); Isaac Guerendo; 2026 3.03(G. Bernard); 2028 3(shmuel256); Brian Robinson; Ray Davis; Emanuel Wilson; 2026 1.05(M. Lemon); 2026 2.05(N. Singleton); 2024 1.07(B. Bowers); Jonathan Taylor; 2024 3.03(A. Mitchell); 2024 3.07(B. Sinnott); 2023 3.05(M. Mims); Kirk Cousins; Kyren Williams; 2026 2.02(T. Simpson); Tyler Boyd,10.3744,10.5084,10.9979,11.0255,10.1267,10.311,-0.6236,-0.5171,17.703,172.2,167.0,5.2,14.35,13.92,0.43,14.43,14.0,0.43,89.3,-3.95,2,0.1203,2412.8,4463.3,5147.2,6540.9,#1245; T#162; T#176; PH#72; T#13; T#306; T#498; T#308,PH#501; PH#1; PH#437; PH#72; PH#103; PH#111; PH#129; PH#137,1039.5,,,
shmuel256,BROsenzweig,2023 3.06(R. Johnson); 2024 3.03(A. Mitchell),Melvin Gordon; 2022 4.08(M. Valdes-Scantling),2,2,4,2021-11-13 10:49:09,2021,0.3,0.29,0.06,5521.0,,2023 3.06(R. Johnson); 2024 3.03(A. Mitchell),,J.K. Dobbins; Mac Jones; 2022 2.08(A. Lazard); 2024 3.08(J. Burton); T.J. Hockenson,Kenny Golladay; Hunter Renfrow; 2022 4.05(A. Pierce); 2022 1.04(T. Burks); 2022 3.04(R. Doubs); 2023 2.07(K. Miller); 2023 4.07(O. Beckham),J.K. Dobbins; Mac Jones; 2022 2.08(A. Lazard); 2024 3.08(J. Burton); Aaron Jones; Cam Akers; 2023 4.07(O. Beckham); 2024 3.01(B. Nix); 2022 3.06(D. Bell); Adam Thielen; Christian McCaffrey; Cooper Kupp; Christian Kirk; Justin Herbert; 2024 4.04(M. Lloyd); 2024 2.03(J. McCarthy); 2024 2.08(X. Legette); D'Onta Foreman; Alexander Mattison; T.J. Hockenson; 2024 4.05(M. Corley); 2022 3.04(R. Doubs); 2027 4(LWebs53); 2025 3.01(T. Harris); 2025 3.05(K. Williams); 2026 3.08(M. Fields); Geno Smith; 2025 4.04(D. Neal); 2026 4.01(E. Raridon); 2025 3.07(M. Taylor); Chris Godwin; Lamar Jackson; 2024 4.06(K. Vidal); George Kittle; 2025 4.01(J. Blue); 2024 2.05(K. Coleman); Nico Collins; Jauan Jennings; Roschon Johnson; Jerry Jeudy; Mike Gesicki; 2026 4.06(S. Bell); Allen Lazard; Blake Corum; 2024 4.07(T. Tracy); 2024 2.07(R. Pearsall),,,8.58,8.6015,,,,,-7.6015,0.0,0.0,0.0,0.0,0.0,0.0,0.0,0.0,0.0,47.0,-5.2,2,0.0154,932.6,1307.0,2393.4,2996.4,T#475; T#306,PH#118; PH#147,279.5,,,
shmuel256,LWebs53,Gus Edwards; Tyler Johnson; 2022 4.07(A. Okwuegbunam); 2023 4.08(L. Musgrave); 2024 4.08(J. Baker); 2022 4.05(A. Pierce),AJ Dillon,6,1,7,2021-11-16 00:29:03,2021,-0.3,-0.39,-0.08,5986.0,,2022 4.07(A. Okwuegbunam); 2023 4.08(L. Musgrave); 2024 4.08(J. Baker); 2022 4.05(A. Pierce),Gus Edwards; Tyler Johnson,2024 4.05(M. Corley); 2022 3.04(R. Doubs); 2022 4.06(T. McBride); 2022 2.02(J. Cook); J.K. Dobbins; Mac Jones; 2022 2.08(A. Lazard); 2024 3.08(J. Burton),2022 3.06(D. Bell); 2022 4.06(T. McBride); Cole Kmet; Chase Claypool; 2022 4.02(W. Robinson); Kenny Golladay; Hunter Renfrow; 2023 3.06(R. Johnson); 2022 1.04(T. Burks); 2022 3.04(R. Doubs),2024 4.05(M. Corley); 2022 3.04(R. Doubs); Nico Collins; 2022 4.06(T. McBride); 2022 2.02(J. Cook); J.K. Dobbins; Mac Jones; 2022 2.08(A. Lazard); 2024 3.08(J. Burton); Aaron Jones; Cam Akers; 2023 4.07(O. Beckham); 2024 3.01(B. Nix); 2022 3.06(D. Bell); Adam Thielen; Christian McCaffrey; Cooper Kupp; Christian Kirk; Justin Herbert; 2024 4.04(M. Lloyd); 2024 2.03(J. McCarthy); 2024 2.08(X. Legette); D'Onta Foreman; Alexander Mattison; T.J. Hockenson; 2027 4(LWebs53); 2025 3.01(T. Harris); 2025 3.05(K. Williams); 2026 3.08(M. Fields); Geno Smith; 2025 4.04(D. Neal); 2026 4.01(E. Raridon); 2025 3.07(M. Taylor); Chris Godwin; Lamar Jackson; 2024 4.06(K. Vidal); George Kittle; 2025 4.01(J. Blue); 2024 2.05(K. Coleman); Jauan Jennings; Roschon Johnson; Jerry Jeudy; Mike Gesicki; 2026 4.06(S. Bell); Allen Lazard; Blake Corum; 2024 4.07(T. Tracy); 2024 2.07(R. Pearsall),0.925,0.9756,13.3889,13.4224,6.5,6.6571,-12.4639,-12.4469,-11.6469,0.0,0.0,0.0,0.0,0.0,0.0,0.0,0.0,0.0,36.1,-1.59,2,0.0084,-245.1,-771.8,1329.4,2858.0,#1249; #1242; T#305; T#56; T#479; T#475,PH#6; #556; T#160; T#369; PH#160; T#161,1418.0,,,
shmuel256,AceMatthew,Robbie Chosen; Kenny Golladay; Calvin Ridley; 2022 4.02(W. Robinson); 2023 3.08(T. Spears),Robert Woods; Allen Robinson; Bryan Edwards,5,3,10,2021-12-04 18:56:45,2021,0.1,0.23,0.05,4331.5,,Kenny Golladay; Calvin Ridley; 2022 4.02(W. Robinson); 2023 3.08(T. Spears),Robbie Chosen,J.K. Dobbins; Mac Jones; 2022 2.08(A. Lazard); 2024 3.08(J. Burton); Tee Higgins; 2022 2.02(J. Cook); 2024 3.05(B. Corum),Hunter Renfrow; 2023 3.06(R. Johnson); 2022 4.05(A. Pierce); 2022 1.04(T. Burks); 2022 3.04(R. Doubs); Derek Carr; Cole Kmet; Chase Claypool; 2024 4.08(J. Baker); 2024 4.04(M. Lloyd),J.K. Dobbins; Mac Jones; 2022 2.08(A. Lazard); 2024 3.08(J. Burton); Aaron Jones; Cam Akers; 2023 4.07(O. Beckham); 2024 3.01(B. Nix); 2022 3.06(D. Bell); Adam Thielen; Christian McCaffrey; Cooper Kupp; Christian Kirk; Justin Herbert; 2024 4.04(M. Lloyd); 2024 2.03(J. McCarthy); 2024 2.08(X. Legette); D'Onta Foreman; Alexander Mattison; T.J. Hockenson; 2024 4.05(M. Corley); 2022 3.04(R. Doubs); 2027 4(LWebs53); 2025 3.01(T. Harris); 2025 3.05(K. Williams); 2026 3.08(M. Fields); Geno Smith; 2025 4.04(D. Neal); 2026 4.01(E. Raridon); 2025 3.07(M. Taylor); Chris Godwin; Lamar Jackson; 2024 4.06(K. Vidal); George Kittle; 2025 4.01(J. Blue); 2024 2.05(K. Coleman); Nico Collins; Jauan Jennings; Roschon Johnson; Jerry Jeudy; Mike Gesicki; 2026 4.06(S. Bell); Allen Lazard; Blake Corum; 2024 4.07(T. Tracy); 2024 2.07(R. Pearsall); Tee Higgins; Deebo Samuel; 2026 4.04(K. Allen); 2025 209.??; Quentin Johnston; 2027 4(shmuel256); 2026 2.06(J. Coleman); 2025 3.03(D. Sampson); Isaac Guerendo; 2026 3.03(G. Bernard); 2028 3(shmuel256); Brian Robinson; Ray Davis; Emanuel Wilson; 2022 2.02(J. Cook); 2024 3.05(B. Corum),5.28,5.5687,6.184,6.5221,8.6067,9.0772,-0.904,-0.9534,-0.1534,1.9,3.8,-1.9,1.9,3.8,-1.9,2.0,4.01,-2.0,52.5,-1.97,3,0.0051,1532.7,1812.6,3628.2,5083.5,#1246; T#377; T#394; T#479; T#241,T#365; PH#415; PH#449; PH#90; PH#120,285.5,Oliverwkw,,
shmuel256,stevenb123,J.K. Dobbins; Mac Jones; 2022 2.08(A. Lazard); 2024 3.08(J. Burton),Kenny Golladay; Hunter Renfrow; 2023 3.06(R. Johnson); 2022 4.05(A. Pierce); 2022 1.04(T. Burks); 2022 3.04(R. Doubs),4,6,10,2022-06-08 02:10:00,2022,-0.2,-0.52,-0.12,5675.0,,J.K. Dobbins; 2022 2.08(A. Lazard); 2024 3.08(J. Burton),Mac Jones,Aaron Jones; Cam Akers; 2023 4.07(O. Beckham); 2024 3.01(B. Nix); 2022 3.06(D. Bell); Adam Thielen; Christian McCaffrey; Cooper Kupp; Christian Kirk; Justin Herbert; 2024 4.04(M. Lloyd),2024 3.01(B. Nix); 2025 2.08(J. Dart); 2026 2.05(N. Singleton); 2024 3.02(M. Penix); 2024 3.04(T. Franklin); 2026 4.07(D. Mooney); 2024 3.03(A. Mitchell); 2025 2.05(T. Warren); 2024 1.07(B. Bowers); 2024 3.07(B. Sinnott); 2024 2.05(K. Coleman); 2024 3.05(B. Corum); 2024 3.06(J. Wright); 2025 1.07(M. Golden),Aaron Jones; Cam Akers; 2024 2.03(J. McCarthy); 2024 2.08(X. Legette); D'Onta Foreman; Alexander Mattison; George Kittle; 2025 4.01(J. Blue); 2024 2.05(K. Coleman); 2027 4(LWebs53); 2024 2.07(R. Pearsall); Adam Thielen; Christian McCaffrey; Cooper Kupp; Christian Kirk; Justin Herbert; 2024 4.04(M. Lloyd); Jauan Jennings; 2025 3.01(T. Harris); 2025 3.05(K. Williams); 2026 3.08(M. Fields); Geno Smith; 2025 4.04(D. Neal); 2026 4.01(E. Raridon); 2025 3.07(M. Taylor); Chris Godwin; Lamar Jackson; 2024 4.06(K. Vidal); Roschon Johnson; Jerry Jeudy; Mike Gesicki; 2026 4.06(S. Bell); Allen Lazard; Blake Corum; 2024 4.07(T. Tracy); 2023 4.07(O. Beckham); 2024 3.01(B. Nix); 2022 3.06(D. Bell); T.J. Hockenson; 2024 4.05(M. Corley); 2022 3.04(R. Doubs); Nico Collins,10.3929,9.4892,4.5298,4.7002,14.726,13.5597,5.8632,4.789,7.1268,55.34,68.4,-13.06,9.22,11.4,-2.18,8.6,11.75,-3.15,35.1,-1.33,2,0.0081,314.4,-762.3,-418.1,-2140.0,T#322; #1275; T#168; T#257,PH#421; PH#49; PH#80; T#474,728.5,,,
shmuel256,stevenb123,2022 2.02(J. Cook),Cole Kmet; Chase Claypool; 2022 4.02(W. Robinson); 2024 4.08(J. Baker),1,4,5,2022-07-05 02:10:31,2022,0.4,0.0,0.0,4009.0,2022 2.02(J. Cook),,,,,,14.0409,14.2121,6.3602,7.7047,,,7.6807,6.5074,6.3074,647.3,539.3,108.0,16.18,13.48,2.7,15.81,15.37,0.44,62.2,-0.41,2,-0.0005,-2268.5,-1423.5,-445.0,-627.5,PH#74,T#476,225.0,,,
shmuel256,BROsenzweig,2022 4.06(T. McBride),2023 4.08(L. Musgrave),1,1,2,2022-08-26 22:13:10,2022,-0.1,0.16,0.04,1728.0,,2022 4.06(T. McBride),,2024 4.05(M. Corley); 2022 3.04(R. Doubs),2022 3.06(D. Bell); 2022 4.07(A. Okwuegbunam),2024 4.05(M. Corley); 2022 3.04(R. Doubs); Nico Collins,,,,,,,,,-0.2,0.0,0.0,0.0,0.0,0.0,0.0,0.0,0.0,0.0,38.5,0.99,2,-0.0021,-91.0,-297.5,29.5,-22.5,T#305,T#54,-21.0,,,
shmuel256,LWebs53,2023 4.07(O. Beckham); 2024 3.01(B. Nix); 2022 3.06(D. Bell); $10 FAAB,2022 2.08(A. Lazard),3,1,4,2022-08-26 22:18:14,2022,0.5,0.48,0.11,6751.0,,2023 4.07(O. Beckham); 2024 3.01(B. Nix); 2022 3.06(D. Bell),,T.J. Hockenson; Adam Thielen; Christian McCaffrey; Cooper Kupp; Christian Kirk; Justin Herbert; 2024 4.04(M. Lloyd); 2024 4.05(M. Corley); 2022 3.04(R. Doubs),2023 2.07(K. Miller); 2024 3.03(A. Mitchell); 2025 2.08(J. Dart); 2026 2.05(N. Singleton); 2024 3.02(M. Penix); 2024 3.04(T. Franklin); 2026 4.07(D. Mooney); 2025 2.05(T. Warren); 2024 1.07(B. Bowers); 2024 3.07(B. Sinnott); 2024 3.08(J. Burton); 2024 2.05(K. Coleman); 2024 3.05(B. Corum); 2024 3.06(J. Wright); 2025 1.07(M. Golden); 2022 4.06(T. McBride); 2022 4.07(A. Okwuegbunam),T.J. Hockenson; Adam Thielen; Christian McCaffrey; Cooper Kupp; Christian Kirk; Justin Herbert; 2024 4.04(M. Lloyd); 2027 4(LWebs53); 2025 3.01(T. Harris); 2025 3.05(K. Williams); 2026 3.08(M. Fields); Geno Smith; 2025 4.04(D. Neal); 2026 4.01(E. Raridon); 2025 3.07(M. Taylor); Chris Godwin; Lamar Jackson; 2024 4.06(K. Vidal); Jauan Jennings; Roschon Johnson; Jerry Jeudy; Mike Gesicki; 2026 4.06(S. Bell); Allen Lazard; Blake Corum; 2024 4.07(T. Tracy); 2024 4.05(M. Corley); 2022 3.04(R. Doubs); Nico Collins,,,,,,,,,0.8,0.0,0.0,0.0,0.0,0.0,0.0,0.0,0.0,0.0,56.1,-0.99,2,0.0077,1487.4,1944.5,1562.3,1943.5,T#306; T#257; T#305; ,T#165; T#164; T#167; ,748.0,,,
shmuel256,plehv79,2024 4.05(M. Corley); 2022 3.04(R. Doubs),2022 3.06(D. Bell); 2022 4.06(T. McBride); 2022 4.07(A. Okwuegbunam),2,3,5,2022-08-26 22:28:53,2022,-4.6,-5.69,-1.36,4246.5,2022 3.04(R. Doubs),2024 4.05(M. Corley),,Nico Collins,,Nico Collins,9.7474,10.1142,,,,,9.7474,10.1142,10.3142,5.0,20.8,-15.8,5.0,20.8,-15.8,5.19,27.44,-22.25,33.0,-1.0,2,0.0029,-522.6,-313.3,-358.9,-82.3,T#486; PH#84,T#303; T#303,807.0,,,
shmuel256,plehv79,T.J. Hockenson,2023 2.07(K. Miller); 2023 4.07(O. Beckham); 2024 3.03(A. Mitchell),1,3,4,2022-09-03 02:10:15,2022,2.7,3.0,0.72,,T.J. Hockenson,,,,,,11.2207,14.8042,,,11.48,15.1463,11.2207,14.8042,30.7256,398.6,147.5,251.1,12.46,4.61,7.85,16.3,4.67,11.63,75.7,4.5,2,-0.0221,-1377.4,-1545.0,-651.8,-1936.0,,T#469,,,,
shmuel256,stevenb123,Nico Collins,2024 4.05(M. Corley),1,1,2,2022-09-22 02:10:28,2022,-0.2,0.0,0.0,,,,Nico Collins,,,,9.2667,9.6154,,,8.38,8.6954,9.2667,9.6154,9.4154,0.0,0.0,0.0,0.0,0.0,0.0,0.0,0.0,0.0,58.3,3.45,2,-0.0048,919.0,1039.0,2249.0,4835.5,#1253,T#469,,,,
shmuel256,AceMatthew,2023 3.03(R. Rice); 2025 3.04(J. Bech),Khalil Herbert; 2024 4.04(M. Lloyd); $15 FAAB,2,2,4,2022-09-22 02:10:29,2022,0.6,0.85,0.21,5719.0,,2023 3.03(R. Rice); 2025 3.04(J. Bech),,Alvin Kamara; Mike Williams; Kyler Murray; Wan'Dale Robinson,Trey Lance; 2025 4.02(T. Shough); 2023 1.04(B. Young); 2026 4.02(Z. Branch),Alvin Kamara; Mike Williams; Kyler Murray; 2026 4.04(K. Allen); 2029 4(plehv79); 2025 3.05(K. Williams); Dalton Schultz; Wan'Dale Robinson; George Kittle; 2025 4.01(J. Blue); 2024 2.05(K. Coleman); 2024 2.07(R. Pearsall); Adam Thielen; Christian McCaffrey; Cooper Kupp; Christian Kirk; Justin Herbert; 2024 4.04(M. Lloyd); 2027 4(LWebs53); 2025 3.01(T. Harris); 2026 3.08(M. Fields); Geno Smith; 2025 4.04(D. Neal); 2026 4.01(E. Raridon); 2025 3.07(M. Taylor); Chris Godwin; Lamar Jackson; 2024 4.06(K. Vidal); Jauan Jennings; Mike Gesicki; 2026 4.06(S. Bell); Allen Lazard; Blake Corum; 2024 4.07(T. Tracy),,,6.4359,6.5144,,,,,-5.5144,0.0,0.0,0.0,0.0,0.0,0.0,0.0,0.0,0.0,44.9,-2.18,2,0.0103,539.7,-36.2,219.8,974.1,T#243; T#19,PH#115; PH#180,437.5,,,
shmuel256,LWebs53,Davante Adams; Mike Evans; Dalvin Cook; Aaron Rodgers,Justin Jefferson,4,1,5,2022-09-27 02:10:12,2022,-0.3,-0.28,-0.07,,,Davante Adams; Mike Evans; Aaron Rodgers,Dalvin Cook,2026 2.06(J. Coleman); 2025 2.05(T. Warren); 2024 2.03(J. McCarthy); 2024 2.08(X. Legette),2025 209.??; 2024 4.07(T. Tracy); Aaron Jones; 2024 4.06(K. Vidal),2026 2.06(J. Coleman); Isaac Guerendo; 2026 3.03(G. Bernard); 2028 3(shmuel256); Brian Robinson; Ray Davis; Emanuel Wilson; 2025 2.05(T. Warren); Adam Thielen; Christian McCaffrey; Cooper Kupp; Christian Kirk; Justin Herbert; 2024 4.04(M. Lloyd); 2027 4(LWebs53); 2025 3.01(T. Harris); 2025 3.05(K. Williams); 2026 3.08(M. Fields); Geno Smith; 2025 4.04(D. Neal); 2026 4.01(E. Raridon); 2025 3.07(M. Taylor); Chris Godwin; Lamar Jackson; 2024 4.06(K. Vidal); Jauan Jennings; Roschon Johnson; Jerry Jeudy; Mike Gesicki; 2026 4.06(S. Bell); Allen Lazard; Blake Corum; 2024 4.07(T. Tracy); 2024 2.03(J. McCarthy); 2024 2.08(X. Legette); George Kittle; 2025 4.01(J. Blue); 2024 2.05(K. Coleman); 2024 2.07(R. Pearsall),14.8563,14.5986,19.8874,20.6359,14.829,14.6855,-5.0312,-6.0373,-14.8997,1233.68,806.96,426.72,24.67,16.14,8.53,25.23,16.86,8.36,33.9,7.92,2,-0.0332,1031.6,-427.0,-1378.4,-2578.2,T#337; T#64; #1266; T#415,PH#399; PH#413; T#156; T#157,,,,
shmuel256,Oliverwkw,2025 4.02(T. Shough); $10 FAAB,Davis Mills; 2024 4.06(K. Vidal),1,2,3,2022-09-28 09:39:50,2022,-0.0,0.35,0.09,1501.0,,2025 4.02(T. Shough),,Alvin Kamara; Mike Williams; Kyler Murray,Trey Lance; 2023 3.03(R. Rice); 2023 1.04(B. Young),Alvin Kamara; Mike Williams; Kyler Murray; 2026 4.04(K. Allen); 2029 4(plehv79); 2025 3.05(K. Williams); Dalton Schultz,,,8.6029,7.0409,,,,,-7.0409,0.0,0.0,0.0,0.0,0.0,0.0,0.0,0.0,0.0,35.2,-2.94,2,0.0022,-1818.6,-561.9,115.6,246.7,T#243; ,PH#186; ,933.5,,,
shmuel256,AceMatthew,Derek Carr; 2024 3.04(T. Franklin); 2024 4.04(M. Lloyd); 2025 4.04(D. Neal),2023 1.07(D. Kincaid),4,1,5,2022-10-19 23:01:38,2022,0.8,-1.37,-0.36,5775.5,,Derek Carr; 2024 3.04(T. Franklin); 2024 4.04(M. Lloyd); 2025 4.04(D. Neal),,Tee Higgins; Adam Thielen; Christian McCaffrey; Cooper Kupp; Christian Kirk; Justin Herbert; 2024 4.04(M. Lloyd); 2024 3.05(B. Corum); 2025 2.08(J. Dart),Calvin Ridley; 2024 3.01(B. Nix); 2025 2.08(J. Dart); 2026 2.05(N. Singleton); 2024 3.02(M. Penix); 2026 4.07(D. Mooney); 2024 3.03(A. Mitchell); 2025 2.05(T. Warren); 2024 1.07(B. Bowers); 2024 3.07(B. Sinnott); 2024 3.08(J. Burton); 2024 2.05(K. Coleman); 2024 3.05(B. Corum); 2024 3.06(J. Wright); 2025 1.07(M. Golden); 2023 3.08(T. Spears),Tee Higgins; Deebo Samuel; 2026 4.04(K. Allen); 2026 3.08(M. Fields); 2025 209.??; Quentin Johnston; 2027 4(shmuel256); Blake Corum; 2026 2.06(J. Coleman); 2025 3.05(K. Williams); 2025 3.03(D. Sampson); Isaac Guerendo; 2026 3.03(G. Bernard); 2028 3(shmuel256); Brian Robinson; Ray Davis; Emanuel Wilson; Adam Thielen; Christian McCaffrey; Cooper Kupp; Christian Kirk; Justin Herbert; 2024 4.04(M. Lloyd); 2027 4(LWebs53); 2025 3.01(T. Harris); Geno Smith; 2025 4.04(D. Neal); 2026 4.01(E. Raridon); 2025 3.07(M. Taylor); Chris Godwin; Lamar Jackson; 2024 4.06(K. Vidal); Jauan Jennings; Mike Gesicki; 2026 4.06(S. Bell); Allen Lazard; 2024 4.07(T. Tracy); 2024 3.05(B. Corum); 2025 2.08(J. Dart),13.502,11.0505,,,16.012,13.1048,13.502,11.0505,23.3249,71.78,0.0,71.78,11.96,0.0,11.96,9.79,0.0,9.79,81.2,1.61,2,-0.0224,1633.1,924.4,652.4,633.7,T#394; T#257; T#241; T#490,#14; PH#148; T#11; PH#188,1917.0,,,
shmuel256,plehv79,Jonathan Taylor; 2024 3.03(A. Mitchell); 2024 3.07(B. Sinnott); 2023 3.05(M. Mims),Javonte Williams; 2024 2.01(J. Brooks); 2023 2.04(Z. Charbonnet); 2024 1.06(R. Odunze),4,4,8,2022-10-23 11:55:53,2022,3.5,3.24,0.85,8607.0,,Jonathan Taylor; 2024 3.03(A. Mitchell); 2024 3.07(B. Sinnott); 2023 3.05(M. Mims),,Kirk Cousins; Kyren Williams; 2026 2.02(T. Simpson); Adam Thielen; Christian McCaffrey; Cooper Kupp; Christian Kirk; Justin Herbert; 2024 4.04(M. Lloyd); Tyler Boyd,2024 3.01(B. Nix); 2025 2.08(J. Dart); 2026 2.05(N. Singleton); 2024 3.02(M. Penix); 2024 3.04(T. Franklin); 2026 4.07(D. Mooney); 2025 2.05(T. Warren); 2024 1.07(B. Bowers); 2024 3.07(B. Sinnott); 2024 3.08(J. Burton); 2024 2.05(K. Coleman); 2024 3.05(B. Corum); 2024 3.06(J. Wright); 2025 1.07(M. Golden); 2024 3.03(A. Mitchell),Kirk Cousins; Kyren Williams; 2026 2.02(T. Simpson); Isaac Guerendo; 2026 3.03(G. Bernard); 2028 3(shmuel256); 2024 2.07(R. Pearsall); Brian Robinson; Ray Davis; Emanuel Wilson; Adam Thielen; Christian McCaffrey; Cooper Kupp; Christian Kirk; Justin Herbert; 2024 4.04(M. Lloyd); 2027 4(LWebs53); 2025 3.01(T. Harris); 2025 3.05(K. Williams); 2026 3.08(M. Fields); Geno Smith; 2025 4.04(D. Neal); 2026 4.01(E. Raridon); 2025 3.07(M. Taylor); Chris Godwin; Lamar Jackson; 2024 4.06(K. Vidal); Jauan Jennings; Roschon Johnson; Jerry Jeudy; Mike Gesicki; 2026 4.06(S. Bell); Allen Lazard; Blake Corum; 2024 4.07(T. Tracy); Tyler Boyd,13.7429,13.9104,7.475,7.5661,12.54,12.6929,6.2679,6.3443,9.6952,71.9,0.0,71.9,11.98,0.0,11.98,12.13,0.0,12.13,74.0,0.32,2,-0.0392,235.4,-889.8,-1745.8,-1438.3,T#179; T#257; T#257; T#309,PH#411; T#306; PH#151; T#307,-36.0,,,
shmuel256,plehv79,Tyler Boyd,2023 3.05(M. Mims),1,1,2,2022-10-29 02:10:18,2022,-1.0,-1.0,-0.27,,,,Tyler Boyd,,,,7.3,7.5747,,,15.284,15.8592,7.3,7.5747,6.9747,0.0,0.0,0.0,0.0,0.0,0.0,0.0,0.0,0.0,31.2,6.79,2,-0.0104,7.0,-647.0,-829.0,-1425.0,#1263,PH#459,,,,
shmuel256,plehv79,George Pickens,Russell Wilson; Skyy Moore,1,2,3,2022-12-01 02:10:58,2022,0.3,1.64,0.47,,,George Pickens,,D'Andre Swift; 2025 3.01(T. Harris); 2024 2.07(R. Pearsall),,D'Andre Swift; 2025 3.01(T. Harris); 2024 2.07(R. Pearsall); Mike Evans,11.7333,12.1749,10.4335,8.9514,12.32,12.7837,1.2999,3.2235,4.1864,19.4,44.72,-25.32,6.47,14.91,-8.44,6.58,12.62,-6.05,56.4,-6.37,2,0.0123,189.6,220.8,-567.2,2675.4,T#130,PH#73,,,,
shmuel256,Oliverwkw,2024 3.05(B. Corum),2024 4.04(M. Lloyd); 2023 3.08(T. Spears),1,2,3,2022-12-04 02:10:24,2022,-1.0,-1.54,-0.44,2962.5,,2024 3.05(B. Corum),,Adam Thielen; Christian McCaffrey; Cooper Kupp; Christian Kirk; Justin Herbert; 2024 4.04(M. Lloyd),2024 3.01(B. Nix); 2025 2.08(J. Dart); 2026 2.05(N. Singleton); 2024 3.02(M. Penix); 2024 3.04(T. Franklin); 2026 4.07(D. Mooney); 2024 3.03(A. Mitchell); 2025 2.05(T. Warren); 2024 1.07(B. Bowers); 2024 3.07(B. Sinnott); 2024 3.08(J. Burton); 2024 2.05(K. Coleman); 2024 3.06(J. Wright); 2025 1.07(M. Golden),Adam Thielen; Christian McCaffrey; Cooper Kupp; Christian Kirk; Justin Herbert; 2024 4.04(M. Lloyd); 2027 4(LWebs53); 2025 3.01(T. Harris); 2025 3.05(K. Williams); 2026 3.08(M. Fields); Geno Smith; 2025 4.04(D. Neal); 2026 4.01(E. Raridon); 2025 3.07(M. Taylor); Chris Godwin; Lamar Jackson; 2024 4.06(K. Vidal); Jauan Jennings; Roschon Johnson; Jerry Jeudy; Mike Gesicki; 2026 4.06(S. Bell); Allen Lazard; Blake Corum; 2024 4.07(T. Tracy),,,,,,,,,-0.2,0.0,0.0,0.0,0.0,0.0,0.0,0.0,0.0,0.0,25.4,-0.5,2,-0.0034,-1223.3,-1234.5,-807.3,-877.8,T#257,PH#149,95.0,,,
shmuel256,JacobRosenzweig,Tyler Lockett; 2024 3.02(M. Penix),2023 4.04(Z. Evans); 2024 2.06(T. Benson),2,2,4,2022-12-04 02:10:25,2022,2.2,1.33,0.38,2962.5,,Tyler Lockett; 2024 3.02(M. Penix),,Adam Thielen; Christian McCaffrey; Cooper Kupp; Christian Kirk; Justin Herbert; 2024 4.04(M. Lloyd),2024 3.01(B. Nix); 2025 2.08(J. Dart); 2026 2.05(N. Singleton); 2024 3.04(T. Franklin); 2026 4.07(D. Mooney); 2024 3.03(A. Mitchell); 2025 2.05(T. Warren); 2024 1.07(B. Bowers); 2024 3.07(B. Sinnott); 2024 3.08(J. Burton); 2024 2.05(K. Coleman); 2024 3.05(B. Corum); 2024 3.06(J. Wright); 2025 1.07(M. Golden),Adam Thielen; Christian McCaffrey; Cooper Kupp; Christian Kirk; Justin Herbert; 2024 4.04(M. Lloyd); 2027 4(LWebs53); 2025 3.01(T. Harris); 2025 3.05(K. Williams); 2026 3.08(M. Fields); Geno Smith; 2025 4.04(D. Neal); 2026 4.01(E. Raridon); 2025 3.07(M. Taylor); Chris Godwin; Lamar Jackson; 2024 4.06(K. Vidal); Jauan Jennings; Roschon Johnson; Jerry Jeudy; Mike Gesicki; 2026 4.06(S. Bell); Allen Lazard; Blake Corum; 2024 4.07(T. Tracy),10.6515,11.0524,,,14.7,15.2532,10.6515,11.0524,10.9735,30.8,0.0,30.8,15.4,0.0,15.4,15.98,0.0,15.98,76.3,4.46,2,-0.0174,-237.6,-333.6,-684.5,-1035.1,T#90; T#257,PH#430; PH#146,95.0,,,
shmuel256,stevenb123,2025 2.08(J. Dart),2025 4.04(D. Neal),1,1,2,2023-01-14 02:11:02,2023,0.2,0.38,0.12,3281.5,,2025 2.08(J. Dart),,Adam Thielen; Christian McCaffrey; Cooper Kupp; Christian Kirk; Justin Herbert; 2024 4.04(M. Lloyd),2024 3.01(B. Nix); 2026 2.05(N. Singleton); 2024 3.02(M. Penix); 2024 3.04(T. Franklin); 2026 4.07(D. Mooney); 2024 3.03(A. Mitchell); 2025 2.05(T. Warren); 2024 1.07(B. Bowers); 2024 3.07(B. Sinnott); 2024 3.08(J. Burton); 2024 2.05(K. Coleman); 2024 3.05(B. Corum); 2024 3.06(J. Wright); 2025 1.07(M. Golden),Adam Thielen; Christian McCaffrey; Cooper Kupp; Christian Kirk; Justin Herbert; 2024 4.04(M. Lloyd); 2027 4(LWebs53); 2025 3.01(T. Harris); 2025 3.05(K. Williams); 2026 3.08(M. Fields); Geno Smith; 2025 4.04(D. Neal); 2026 4.01(E. Raridon); 2025 3.07(M. Taylor); Chris Godwin; Lamar Jackson; 2024 4.06(K. Vidal); Jauan Jennings; Roschon Johnson; Jerry Jeudy; Mike Gesicki; 2026 4.06(S. Bell); Allen Lazard; Blake Corum; 2024 4.07(T. Tracy),,,,,,,,,1.6,0.0,0.0,0.0,0.0,0.0,0.0,0.0,0.0,0.0,53.7,0.0,2,0.0089,1820.0,1851.5,1756.5,1906.5,T#257,PH#176,891.0,,,
shmuel256,stevenb123,Tee Higgins,Derek Carr; Calvin Ridley,1,2,3,2023-03-25 02:10:34,2023,-1.2,-0.4,-0.13,,,Tee Higgins,,Deebo Samuel; 2026 4.04(K. Allen); 2026 3.08(M. Fields),2027 2(stevenb123),Deebo Samuel; 2026 4.04(K. Allen); 2026 3.08(M. Fields); 2025 209.??; Quentin Johnston; 2027 4(shmuel256); Blake Corum; 2026 2.06(J. Coleman); 2025 3.05(K. Williams); 2025 3.03(D. Sampson); Isaac Guerendo; 2026 3.03(G. Bernard); 2028 3(shmuel256); Brian Robinson; Ray Davis; Emanuel Wilson,11.4667,11.5795,13.7589,12.6343,12.86,12.9866,-2.2922,-1.0548,-1.7189,25.8,67.22,-41.42,6.45,16.8,-10.36,6.51,15.55,-9.04,32.1,-5.95,2,0.0116,-1097.2,333.0,118.6,1590.6,T#137,PH#508,,,,
shmuel256,Oliverwkw,Alvin Kamara; Mike Williams; Kyler Murray,Trey Lance; 2023 3.03(R. Rice); 2025 4.02(T. Shough); 2023 1.04(B. Young),3,4,10,2023-05-28 02:11:32,2023,1.7,1.0,0.31,,Kyler Murray,Alvin Kamara; Mike Williams,,2026 4.04(K. Allen); 2029 4(plehv79); 2025 3.05(K. Williams),2025 4.03(J. Noel),2026 4.04(K. Allen); 2029 4(plehv79); 2025 3.05(K. Williams); Dalton Schultz,16.37,15.721,3.285,2.7407,14.0867,13.3272,13.085,12.9803,27.0129,888.76,506.1,382.66,25.39,14.46,10.93,23.43,13.09,10.34,76.6,5.86,3,-0.02,-1280.1,-172.1,277.4,-978.1,T#452; T#20; ,T#472; T#481; PH#416,,stevenb123,,
shmuel256,plehv79,2023 3.02(J. Hyatt),2023 3.04(T. Bigsby); 2025 4.07(H. Fannin),1,2,3,2023-06-11 21:56:10,2023,0.0,0.27,0.08,3034.0,2023 3.02(J. Hyatt),,,,,,,,,,,,,,-0.2,0.0,0.0,0.0,0.0,0.0,0.0,0.0,0.0,0.0,33.3,1.0,2,-0.005,-978.9,-1143.3,-1189.8,-1463.7,PH#114,T#320,-4.0,,,
shmuel256,LWebs53,2025 4.03(J. Noel); 2026 4.02(Z. Branch),Jayden Reed,2,1,3,2023-06-11 22:46:00,2023,-0.8,-1.04,-0.33,3263.0,,2025 4.03(J. Noel); 2026 4.02(Z. Branch),,2025 3.05(K. Williams); Wan'Dale Robinson,Mike Williams; 2025 3.04(J. Bech),2025 3.05(K. Williams); Dalton Schultz; Wan'Dale Robinson; George Kittle; 2025 4.01(J. Blue); 2024 2.05(K. Coleman); 2024 2.07(R. Pearsall); Adam Thielen; Christian McCaffrey; Cooper Kupp; Christian Kirk; Justin Herbert; 2024 4.04(M. Lloyd); 2027 4(LWebs53); 2025 3.01(T. Harris); 2026 3.08(M. Fields); Geno Smith; 2025 4.04(D. Neal); 2026 4.01(E. Raridon); 2025 3.07(M. Taylor); Chris Godwin; Lamar Jackson; 2024 4.06(K. Vidal); Jauan Jennings; Mike Gesicki; 2026 4.06(S. Bell); Allen Lazard; Blake Corum; 2024 4.07(T. Tracy),,,11.3136,11.425,,,,,-11.025,0.0,0.0,0.0,0.0,0.0,0.0,0.0,0.0,0.0,23.0,-3.84,2,0.0099,-212.6,-1365.9,-1187.9,179.0,T#20; T#19,PH#187; PH#218,1559.5,,,
shmuel256,LWebs53,2026 3.02(C. Okonkwo),Antonio Gibson,1,1,2,2023-06-24 02:10:52,2023,-0.0,0.0,0.0,2450.0,,2026 3.02(C. Okonkwo),,Aidan O'Connell; 2026 4.08(M. Trigg),Hunter Henry,Aidan O'Connell; 2026 4.08(M. Trigg); Zack Moss; Gardner Minshew,,,6.5789,6.7818,,,,,-6.1818,0.0,0.0,0.0,0.0,0.0,0.0,0.0,0.0,0.0,41.9,-6.19,2,0.0091,-725.0,428.0,683.5,1766.0,T#183,PH#210,597.5,,,
shmuel256,AceMatthew,Wan'Dale Robinson,2025 3.04(J. Bech); 2026 4.02(Z. Branch),1,2,3,2023-08-12 02:12:11,2023,1.1,0.51,0.16,,,Wan'Dale Robinson,,George Kittle; 2025 4.01(J. Blue); 2024 2.05(K. Coleman),2024 2.03(J. McCarthy); 2024 2.08(X. Legette),George Kittle; 2025 4.01(J. Blue); 2024 2.05(K. Coleman); 2024 2.07(R. Pearsall); Adam Thielen; Christian McCaffrey; Cooper Kupp; Christian Kirk; Justin Herbert; 2024 4.04(M. Lloyd); 2027 4(LWebs53); 2025 3.01(T. Harris); 2025 3.05(K. Williams); 2026 3.08(M. Fields); Geno Smith; 2025 4.04(D. Neal); 2026 4.01(E. Raridon); 2025 3.07(M. Taylor); Chris Godwin; Lamar Jackson; 2024 4.06(K. Vidal); Jauan Jennings; Roschon Johnson; Jerry Jeudy; Mike Gesicki; 2026 4.06(S. Bell); Allen Lazard; Blake Corum; 2024 4.07(T. Tracy),8.55,8.6341,,,10.02,10.1186,8.55,8.6341,7.8341,43.9,10.0,33.9,14.63,3.33,11.3,15.88,3.62,12.26,66.9,3.16,2,-0.0116,-847.5,-1501.1,-1800.4,-2040.8,T#256,T#488,,,,
shmuel256,plehv79,Aaron Jones; Cam Akers,J.K. Dobbins,2,1,3,2023-08-16 02:11:55,2023,-1.2,-2.58,-0.81,,,Aaron Jones; Cam Akers,,2024 2.03(J. McCarthy); 2024 2.08(X. Legette); D'Onta Foreman; Alexander Mattison,Aaron Rodgers; 2024 4.06(K. Vidal); Rhamondre Stevenson; 2026 4.08(M. Trigg),2024 2.03(J. McCarthy); 2024 2.08(X. Legette); George Kittle; 2025 4.01(J. Blue); 2024 2.05(K. Coleman); 2024 2.07(R. Pearsall); Adam Thielen; Christian McCaffrey; Cooper Kupp; Christian Kirk; Justin Herbert; 2024 4.04(M. Lloyd); 2027 4(LWebs53); 2025 3.01(T. Harris); 2025 3.05(K. Williams); 2026 3.08(M. Fields); Geno Smith; 2025 4.04(D. Neal); 2026 4.01(E. Raridon); 2025 3.07(M. Taylor); Chris Godwin; Lamar Jackson; 2024 4.06(K. Vidal); Jauan Jennings; Roschon Johnson; Jerry Jeudy; Mike Gesicki; 2026 4.06(S. Bell); Allen Lazard; Blake Corum; 2024 4.07(T. Tracy); D'Onta Foreman; Alexander Mattison,9.04,9.3188,11.7,12.0608,14.42,14.8647,-2.66,-2.742,-4.1936,67.8,11.7,56.1,11.3,1.95,9.35,11.65,2.01,9.64,48.0,1.76,2,-0.004,2002.6,1046.8,1106.2,659.8,T#70; T#182,T#316; T#495,,,,
shmuel256,stevenb123,2026 1.05(M. Lemon); 2026 2.05(N. Singleton); 2024 1.07(B. Bowers),Jalin Hyatt; 2024 1.01(M. Harrison); 2026 4.08(M. Trigg),3,3,6,2023-08-24 11:41:45,2023,0.4,-0.59,-0.19,13947.0,,2026 1.05(M. Lemon); 2026 2.05(N. Singleton); 2024 1.07(B. Bowers),,Chris Godwin; Lamar Jackson; Adam Thielen; Christian McCaffrey; Cooper Kupp; Christian Kirk; Justin Herbert; 2024 4.04(M. Lloyd),Tre' Harris; Justin Herbert; 2026 3.08(M. Fields); 2027 1(shmuel256); 2027 2(shmuel256); 2024 3.01(B. Nix); 2025 2.08(J. Dart); 2024 3.02(M. Penix); 2024 3.04(T. Franklin); 2026 4.07(D. Mooney); 2024 3.03(A. Mitchell); 2025 2.05(T. Warren); 2024 1.07(B. Bowers); 2024 3.07(B. Sinnott); 2024 3.08(J. Burton); 2024 2.05(K. Coleman); 2024 3.05(B. Corum); 2024 3.06(J. Wright); 2025 1.07(M. Golden); 2026 2.05(N. Singleton),Chris Godwin; Lamar Jackson; Adam Thielen; Christian McCaffrey; Cooper Kupp; Christian Kirk; Justin Herbert; 2024 4.04(M. Lloyd); 2027 4(LWebs53); 2025 3.01(T. Harris); 2025 3.05(K. Williams); 2026 3.08(M. Fields); Geno Smith; 2025 4.04(D. Neal); 2026 4.01(E. Raridon); 2025 3.07(M. Taylor); 2024 4.06(K. Vidal); Jauan Jennings; Roschon Johnson; Jerry Jeudy; Mike Gesicki; 2026 4.06(S. Bell); Allen Lazard; Blake Corum; 2024 4.07(T. Tracy),,,2.8276,2.8554,,,,,3.7446,0.0,0.0,0.0,0.0,0.0,0.0,0.0,0.0,0.0,59.0,-0.98,2,0.0394,1823.4,1676.2,2120.6,2730.1,T#347; T#257; T#257,PH#197; PH#205; T#495,826.0,,,
shmuel256,AceMatthew,2025 3.05(K. Williams),Mike Williams; 2025 4.03(J. Noel),1,2,3,2023-09-27 02:13:13,2023,-0.0,0.0,0.0,2683.0,,2025 3.05(K. Williams),,Dalton Schultz,,Dalton Schultz,,,4.1,4.1403,,,,,-3.7403,0.0,0.0,0.0,0.0,0.0,0.0,0.0,0.0,0.0,39.6,-4.45,2,0.0072,-1140.8,-796.8,-216.7,653.5,T#504,T#17,443.5,,,
shmuel256,Oliverwkw,2026 4.08(M. Trigg),Hunter Henry; $13 FAAB,1,1,2,2023-10-04 09:35:42,2023,-0.1,0.0,0.0,1508.0,,2026 4.08(M. Trigg),,D'Onta Foreman; Alexander Mattison,Cam Akers; Rhamondre Stevenson,D'Onta Foreman; Alexander Mattison; 2027 4(LWebs53); Jauan Jennings,,,8.9143,11.6191,,,,,-11.4191,0.0,0.0,0.0,0.0,0.0,0.0,0.0,0.0,0.0,25.7,-9.73,2,0.0107,-1404.0,-737.0,-425.5,-986.5,T#182,T#244,880.0,,,
shmuel256,LWebs53,Kirk Cousins; Kyren Williams; 2026 2.02(T. Simpson),Jonathan Taylor,3,1,4,2023-10-05 16:20:11,2023,-0.2,0.0,0.0,3259.0,Kyren Williams,Kirk Cousins; 2026 2.02(T. Simpson),,Isaac Guerendo; 2026 3.03(G. Bernard); 2028 3(shmuel256); 2024 2.07(R. Pearsall),2026 2.06(J. Coleman); 2025 4.01(J. Blue); 2028 2(stevenb123),Isaac Guerendo; 2026 3.03(G. Bernard); 2028 3(shmuel256); Brian Robinson; Ray Davis; Emanuel Wilson; 2024 2.07(R. Pearsall),14.5258,13.83,18.6795,19.2556,18.628,17.1373,-4.1537,-5.4256,-10.818,742.96,661.7,81.26,17.28,15.39,1.89,16.6,14.98,1.63,50.3,1.07,2,0.0055,2715.2,2940.7,2919.8,1615.4,T#444; ; T#520,T#302; #697; PH#202,441.0,,,
shmuel256,LWebs53,D'Onta Foreman; Alexander Mattison,Cam Akers; Rhamondre Stevenson; 2026 4.08(M. Trigg),2,3,5,2023-10-13 17:06:00,2023,-1.4,-1.0,-0.35,,,D'Onta Foreman; Alexander Mattison,,2027 4(LWebs53),Andrei Iosivas; Adam Thielen; Dameon Pierce,2027 4(LWebs53); Jauan Jennings,10.8383,11.1726,10.9167,11.2533,9.63,9.927,-0.0783,-0.0807,-0.3278,18.0,31.2,-13.2,6.0,10.4,-4.4,6.19,10.72,-4.54,15.4,3.38,2,-0.0087,-1845.6,-2181.9,-2373.9,-3597.8,T#251; T#195,#711; #530,,,,
shmuel256,Oliverwkw,$3 FAAB,D'Onta Foreman,0,1,1,2023-10-31 20:54:09,2023,-0.4,0.0,0.0,,,,,,,,,,4.8733,5.0236,,,,,-5.0236,0.0,0.0,0.0,0.0,0.0,0.0,0.0,0.0,0.0,30.2,0.0,2,0.0036,-1548.0,-1142.0,-630.0,300.0,,,,,,
shmuel256,stevenb123,Dalton Schultz,2025 3.05(K. Williams),1,1,2,2023-11-01 22:04:33,2023,0.0,0.0,0.0,,,,Dalton Schultz,,,,8.1231,10.5878,,,10.64,13.8685,8.1231,10.5878,11.5886,7.0,0.0,7.0,3.5,0.0,3.5,4.61,0.0,4.61,61.6,7.14,2,-0.0104,-628.0,-17.5,-733.0,-1087.0,#1313,T#488,,,,
shmuel256,Oliverwkw,Hunter Henry; 2024 4.07(T. Tracy); 2025 3.02(B. Tuten); 2028 2(stevenb123),Darren Waller; Romeo Doubs,4,2,6,2023-11-03 02:13:30,2023,-0.8,-0.86,-0.32,8032.0,,Hunter Henry; 2024 4.07(T. Tracy); 2025 3.02(B. Tuten); 2028 2(stevenb123),,Aidan O'Connell; 2026 4.08(M. Trigg); 2025 2.05(T. Warren); 2026 2.06(J. Coleman); Devin Singletary; 2024 2.07(R. Pearsall),2026 3.02(C. Okonkwo); Mike Evans; 2026 3.08(M. Fields); 2025 4.01(J. Blue); 2026 2.02(T. Simpson),Aidan O'Connell; 2026 4.08(M. Trigg); Zack Moss; Gardner Minshew; 2025 2.05(T. Warren); 2026 2.06(J. Coleman); Adam Thielen; Christian McCaffrey; Cooper Kupp; Christian Kirk; Justin Herbert; 2024 4.04(M. Lloyd); Mike Evans; 2027 4(LWebs53); 2025 3.01(T. Harris); 2025 3.05(K. Williams); 2026 3.08(M. Fields); Geno Smith; 2025 4.04(D. Neal); 2026 4.01(E. Raridon); 2025 3.07(M. Taylor); Chris Godwin; Lamar Jackson; 2024 4.06(K. Vidal); Jauan Jennings; Roschon Johnson; Jerry Jeudy; Mike Gesicki; 2026 4.06(S. Bell); Allen Lazard; Blake Corum; 2024 4.07(T. Tracy); Devin Singletary; Mike Williams; 2024 2.07(R. Pearsall),,,,,4.26,5.5526,,,2.6,6.7,16.1,-9.4,6.7,16.1,-9.4,6.46,17.47,-11.01,42.3,-5.5,2,0.0288,1325.0,1988.3,2950.9,2922.6,T#183; T#64; T#127; T#520,T#403; T#250; PH#178; T#250,566.5,,,
shmuel256,BROsenzweig,2025 2.05(T. Warren); 2026 2.06(J. Coleman); $17 FAAB,Mike Evans; 2024 4.07(T. Tracy),2,2,4,2023-11-03 22:17:57,2023,0.3,0.22,0.08,7146.5,,2025 2.05(T. Warren); 2026 2.06(J. Coleman),,Adam Thielen; Christian McCaffrey; Cooper Kupp; Christian Kirk; Justin Herbert; 2024 4.04(M. Lloyd); Mike Evans,2024 3.01(B. Nix); 2025 2.08(J. Dart); 2026 2.05(N. Singleton); 2024 3.02(M. Penix); 2024 3.04(T. Franklin); 2026 4.07(D. Mooney); 2024 3.03(A. Mitchell); 2024 1.07(B. Bowers); 2024 3.07(B. Sinnott); 2024 3.08(J. Burton); 2024 2.05(K. Coleman); 2024 3.05(B. Corum); 2024 3.06(J. Wright); 2025 1.07(M. Golden); 2025 3.01(T. Harris); 2024 2.07(R. Pearsall),Adam Thielen; Christian McCaffrey; Cooper Kupp; Christian Kirk; Justin Herbert; 2024 4.04(M. Lloyd); 2027 4(LWebs53); 2025 3.01(T. Harris); 2025 3.05(K. Williams); 2026 3.08(M. Fields); Geno Smith; 2025 4.04(D. Neal); 2026 4.01(E. Raridon); 2025 3.07(M. Taylor); Chris Godwin; Lamar Jackson; 2024 4.06(K. Vidal); Jauan Jennings; Roschon Johnson; Jerry Jeudy; Mike Gesicki; 2026 4.06(S. Bell); Allen Lazard; Blake Corum; 2024 4.07(T. Tracy); Mike Evans,,,15.6135,15.7672,,,,,-12.3672,0.0,0.0,0.0,0.0,0.0,0.0,0.0,0.0,0.0,44.5,-6.01,2,0.0308,1596.7,1141.1,1837.8,3217.2,T#257; T#330; ,PH#173; PH#206; ,726.0,,,
shmuel256,LWebs53,Aidan O'Connell; 2026 4.08(M. Trigg),Hunter Henry; 2026 3.02(C. Okonkwo),2,2,4,2023-11-03 22:18:01,2023,-0.0,0.0,0.0,1640.0,,Aidan O'Connell; 2026 4.08(M. Trigg),,Zack Moss,2025 3.07(M. Taylor),Zack Moss; Gardner Minshew,9.71,8.1011,3.8,4.953,6.91,5.7651,5.91,3.1481,2.7481,0.0,0.0,0.0,0.0,0.0,0.0,0.0,0.0,0.0,36.8,-1.87,2,0.0015,-57.0,-461.2,-1125.8,-1785.4,T#413; T#67,#724; T#182,748.0,,,
shmuel256,JacobRosenzweig,Devin Singletary,2025 3.02(B. Tuten); 2026 3.08(M. Fields),1,2,3,2023-11-23 02:13:03,2023,1.8,2.0,0.79,,,Devin Singletary,,Mike Williams,,Mike Williams,10.525,10.8496,,,12.2,12.5762,10.525,10.8496,13.2661,18.2,0.0,18.2,9.1,0.0,9.1,9.38,0.0,9.38,68.2,6.49,2,-0.0175,-1803.2,-1939.3,-2961.6,-3315.9,T#35,#888,,,,
shmuel256,BROsenzweig,Zack Moss,2025 3.07(M. Taylor); 2026 4.08(M. Trigg),1,2,3,2023-12-06 19:32:21,2023,0.6,0.0,0.0,,,Zack Moss,,Gardner Minshew,,Gardner Minshew,10.28,10.597,,,6.78,6.9891,10.28,10.597,11.5424,9.6,0.0,9.6,9.6,0.0,9.6,9.9,0.0,9.9,63.4,6.21,2,-0.0158,-1388.6,-1543.1,-2624.6,-4509.1,T#89,#238,,,,
shmuel256,stevenb123,$5 FAAB,Aidan O'Connell,0,1,1,2023-12-06 20:44:42,2023,-0.5,0.0,0.0,,,,,,,,,,11.2947,9.4232,,,,,-9.4232,0.0,0.0,0.0,0.0,0.0,0.0,0.0,0.0,0.0,21.6,0.0,2,0.0012,-1715.0,-1606.0,-1100.0,-451.0,,,,,,
shmuel256,stevenb123,Calvin Ridley; 2026 4.07(D. Mooney); 2024 4.06(K. Vidal),2024 2.08(X. Legette),3,1,4,2023-12-12 02:13:32,2023,0.2,0.73,0.31,3601.0,,Calvin Ridley; 2026 4.07(D. Mooney); 2024 4.06(K. Vidal),,Wan'Dale Robinson; Rachaad White; Adam Thielen; Christian McCaffrey; Cooper Kupp; Christian Kirk; Justin Herbert; 2024 4.04(M. Lloyd); 2024 2.03(J. McCarthy); 2024 2.08(X. Legette),2024 3.01(B. Nix); 2025 2.08(J. Dart); 2026 2.05(N. Singleton); 2024 3.02(M. Penix); 2024 3.04(T. Franklin); 2024 3.03(A. Mitchell); 2025 2.05(T. Warren); 2024 1.07(B. Bowers); 2024 3.07(B. Sinnott); 2024 3.08(J. Burton); 2024 2.05(K. Coleman); 2024 3.05(B. Corum); 2024 3.06(J. Wright); 2025 1.07(M. Golden); Aaron Jones; Aaron Rodgers,Wan'Dale Robinson; Rachaad White; Brian Robinson; Emanuel Wilson; 2028 3(shmuel256); Mark Andrews; 2028 4(BROsenzweig); 2026 2.02(T. Simpson); 2028 4(LWebs53); 2026 4.03(C. Beck); Kyle Monangai; Tyjae Spears; 2026 209.??; Adam Thielen; Christian McCaffrey; Cooper Kupp; Christian Kirk; Justin Herbert; 2024 4.04(M. Lloyd); 2027 4(LWebs53); 2025 3.01(T. Harris); 2025 3.05(K. Williams); 2026 3.08(M. Fields); Geno Smith; 2025 4.04(D. Neal); 2026 4.01(E. Raridon); 2025 3.07(M. Taylor); Chris Godwin; Lamar Jackson; 2024 4.06(K. Vidal); Jauan Jennings; Roschon Johnson; Jerry Jeudy; Mike Gesicki; 2026 4.06(S. Bell); Allen Lazard; Blake Corum; 2024 4.07(T. Tracy); 2024 2.03(J. McCarthy); 2024 2.08(X. Legette); George Kittle; 2025 4.01(J. Blue); 2024 2.05(K. Coleman); 2024 2.07(R. Pearsall),12.1842,12.3041,,,14.72,14.8649,12.1842,12.3041,12.1993,1.9,6.2,-4.3,1.9,6.2,-4.3,2.0,6.54,-4.54,54.9,1.9,2,-0.0074,1700.0,1331.0,1399.0,812.2,T#278; T#257; T#513,T#493; T#505; T#506,926.0,,,
shmuel256,BROsenzweig,2024 2.03(J. McCarthy); 2024 2.08(X. Legette),Aaron Jones; Aaron Rodgers; 2024 4.06(K. Vidal),2,3,6,2024-03-04 02:11:57,2024,0.6,0.45,0.21,8430.0,,2024 2.03(J. McCarthy); 2024 2.08(X. Legette),,George Kittle; 2025 4.01(J. Blue); 2024 2.05(K. Coleman),Wan'Dale Robinson; 2024 2.08(X. Legette); 2024 2.03(J. McCarthy),George Kittle; 2025 4.01(J. Blue); 2024 2.05(K. Coleman); 2024 2.07(R. Pearsall); Adam Thielen; Christian McCaffrey; Cooper Kupp; Christian Kirk; Justin Herbert; 2024 4.04(M. Lloyd); 2027 4(LWebs53); 2025 3.01(T. Harris); 2025 3.05(K. Williams); 2026 3.08(M. Fields); Geno Smith; 2025 4.04(D. Neal); 2026 4.01(E. Raridon); 2025 3.07(M. Taylor); Chris Godwin; Lamar Jackson; 2024 4.06(K. Vidal); Jauan Jennings; Roschon Johnson; Jerry Jeudy; Mike Gesicki; 2026 4.06(S. Bell); Allen Lazard; Blake Corum; 2024 4.07(T. Tracy),,,13.1634,11.7703,,,,,-11.7703,0.0,0.0,0.0,0.0,0.0,0.0,0.0,0.0,0.0,45.9,-8.83,3,0.0244,1456.6,1834.8,1935.1,2633.4,T#256; T#256,PH#139; T#511,-462.0,stevenb123,,
shmuel256,Oliverwkw,George Kittle; 2025 4.01(J. Blue); 2024 2.05(K. Coleman),Wan'Dale Robinson; 2024 2.03(J. McCarthy); 2024 2.08(X. Legette); $10 FAAB,3,3,6,2024-04-30 02:22:35,2024,2.3,2.44,1.12,5745.0,George Kittle,2025 4.01(J. Blue); 2024 2.05(K. Coleman),,2024 2.07(R. Pearsall); Adam Thielen; Christian McCaffrey; Cooper Kupp; Christian Kirk; Justin Herbert; 2024 4.04(M. Lloyd),2026 2.02(T. Simpson); 2028 2(stevenb123); 2024 3.01(B. Nix); 2025 2.08(J. Dart); 2026 2.05(N. Singleton); 2024 3.02(M. Penix); 2024 3.04(T. Franklin); 2026 4.07(D. Mooney); 2024 3.03(A. Mitchell); 2025 2.05(T. Warren); 2024 1.07(B. Bowers); 2024 3.07(B. Sinnott); 2024 3.08(J. Burton); 2024 3.05(B. Corum); 2024 3.06(J. Wright); 2025 1.07(M. Golden),2024 2.07(R. Pearsall); Adam Thielen; Christian McCaffrey; Cooper Kupp; Christian Kirk; Justin Herbert; 2024 4.04(M. Lloyd); 2027 4(LWebs53); 2025 3.01(T. Harris); 2025 3.05(K. Williams); 2026 3.08(M. Fields); Geno Smith; 2025 4.04(D. Neal); 2026 4.01(E. Raridon); 2025 3.07(M. Taylor); Chris Godwin; Lamar Jackson; 2024 4.06(K. Vidal); Jauan Jennings; Roschon Johnson; Jerry Jeudy; Mike Gesicki; 2026 4.06(S. Bell); Allen Lazard; Blake Corum; 2024 4.07(T. Tracy),16.0333,21.4297,11.9167,12.5711,10.14,13.5528,4.1167,8.8586,28.7887,411.7,361.88,49.82,16.47,14.48,1.99,21.26,14.57,6.68,72.5,2.08,2,-0.0055,-1528.9,-855.4,-612.3,-1837.4,; T#520; T#257,PH#401; T#255; PH#141,119.5,,,
shmuel256,Oliverwkw,Adam Thielen; Christian McCaffrey; Cooper Kupp; Christian Kirk; Justin Herbert; 2024 4.04(M. Lloyd),2024 3.01(B. Nix); 2025 2.08(J. Dart); 2026 2.05(N. Singleton); 2024 3.02(M. Penix); 2024 3.04(T. Franklin); 2026 4.07(D. Mooney); 2024 3.03(A. Mitchell); 2025 2.05(T. Warren); 2024 1.07(B. Bowers); 2024 3.07(B. Sinnott); 2024 3.08(J. Burton); 2024 2.05(K. Coleman); 2024 3.05(B. Corum); 2024 3.06(J. Wright); 2025 1.07(M. Golden),6,15,21,2024-05-07 09:54:47,2024,0.2,-0.38,-0.17,2405.0,Christian McCaffrey,Adam Thielen; Cooper Kupp; Christian Kirk; Justin Herbert; 2024 4.04(M. Lloyd),,2027 4(LWebs53); 2025 3.01(T. Harris); 2025 3.05(K. Williams); 2026 3.08(M. Fields); Geno Smith; 2025 4.04(D. Neal); 2026 4.01(E. Raridon); 2025 3.07(M. Taylor); Chris Godwin; Lamar Jackson; 2024 4.06(K. Vidal),Andrei Iosivas; Alexander Mattison; Dameon Pierce; 2027 4(shmuel256); Tre' Harris; 2026 1.05(M. Lemon); 2026 3.08(M. Fields); 2027 1(shmuel256); 2027 2(shmuel256),2027 4(LWebs53); Jauan Jennings; 2025 3.01(T. Harris); 2025 3.05(K. Williams); 2026 3.08(M. Fields); Roschon Johnson; Jerry Jeudy; Chris Godwin; Lamar Jackson; Geno Smith; 2025 4.04(D. Neal); 2026 4.01(E. Raridon); 2025 3.07(M. Taylor); Mike Gesicki; 2026 4.06(S. Bell); Allen Lazard; Blake Corum; 2024 4.06(K. Vidal); 2024 4.07(T. Tracy),17.4841,16.6253,,,15.2328,14.947,17.4841,16.6253,40.8721,795.36,836.02,-40.66,25.66,26.97,-1.31,24.76,27.36,-2.6,50.2,6.76,2,-0.1626,1993.1,-779.3,-1179.7,-1019.2,T#195; ; T#437; T#193; T#347; T#191,T#246; PH#385; PH#432; T#307; #872; T#250,-143.0,,,
shmuel256,JacobRosenzweig,D'Andre Swift; 2025 3.01(T. Harris); 2024 2.07(R. Pearsall),George Pickens,3,1,4,2024-06-15 02:13:03,2024,-0.1,-0.36,-0.17,6379.5,D'Andre Swift,2025 3.01(T. Harris); 2024 2.07(R. Pearsall),,Mike Evans,2026 2.06(J. Coleman); 2024 2.07(R. Pearsall); 2025 3.01(T. Harris),Mike Evans,11.3374,11.3586,14.3714,15.1607,9.36,9.0747,-3.034,-3.8021,-6.5025,199.2,180.0,19.2,14.23,12.86,1.37,13.82,13.88,-0.05,37.3,-0.61,2,0.0095,1817.3,942.0,2230.5,850.8,; T#519; T#519,T#468; T#123; T#120,177.0,,,
shmuel256,plehv79,Mike Evans,2025 3.01(T. Harris); 2026 2.06(J. Coleman); 2024 2.07(R. Pearsall),1,3,6,2024-07-13 18:12:33,2024,2.9,3.0,1.38,,Mike Evans,,,,,,14.7652,15.5761,,,15.86,16.731,14.7652,15.5761,46.1952,320.4,149.9,170.5,14.56,6.81,7.75,15.5,7.25,8.25,72.0,10.03,3,-0.0345,-2669.5,-3002.2,-3299.0,-3420.3,,T#326,,stevenb123,,
shmuel256,stevenb123,2024 2.07(R. Pearsall),2025 4.01(J. Blue); 2026 2.02(T. Simpson); 2028 2(stevenb123),1,3,4,2024-07-13 18:23:13,2024,0.7,0.0,0.0,3511.0,2024 2.07(R. Pearsall),,,,,,8.5895,9.0612,,,,,8.5895,9.0612,5.2612,8.6,0.0,8.6,8.6,0.0,8.6,9.33,0.0,9.33,60.5,2.33,2,-0.0367,-2638.6,-3210.5,-3716.7,-3251.3,PH#143,T#519,-81.0,,,
shmuel256,LWebs53,2024 4.06(K. Vidal),2024 4.04(M. Lloyd),1,1,2,2024-07-13 18:41:58,2024,-0.1,0.0,0.0,2178.0,,2024 4.06(K. Vidal),,2024 4.07(T. Tracy),,2024 4.07(T. Tracy),,,,,,,,,0.0,0.0,0.0,0.0,0.0,0.0,0.0,0.0,0.0,0.0,38.2,0.0,2,0.0,-156.0,-123.0,-123.0,-123.0,T#78,T#186,-39.0,,,
shmuel256,BROsenzweig,2024 4.07(T. Tracy),2024 4.06(K. Vidal),1,1,2,2024-07-13 18:51:55,2024,0.5,0.0,0.0,2178.0,2024 4.07(T. Tracy),,,,,,9.684,9.3889,,,,,9.684,9.3889,9.3889,6.7,2.0,4.7,6.7,2.0,4.7,6.46,1.93,4.53,70.1,0.0,2,0.0,0.0,0.0,0.0,0.0,PH#159,T#64,-39.0,,,
shmuel256,LWebs53,Geno Smith; 2025 4.04(D. Neal); 2026 4.01(E. Raridon); 2025 3.07(M. Taylor),Christian Kirk; $15 FAAB,4,1,5,2024-07-18 12:41:34,2024,2.8,3.0,1.38,6557.0,Geno Smith,2025 4.04(D. Neal); 2026 4.01(E. Raridon); 2025 3.07(M. Taylor),,Mike Gesicki; 2026 4.06(S. Bell); Allen Lazard; Blake Corum,Keaton Mitchell; 2026 4.06(S. Bell); 2026 3.08(M. Fields),Mike Gesicki; 2026 4.06(S. Bell); Blake Corum; Allen Lazard,13.25,10.9919,7.9619,8.3992,18.16,15.0651,5.2881,2.5927,4.8952,117.92,66.0,51.92,14.74,8.25,6.49,12.23,8.7,3.52,82.4,-3.81,2,0.014,1087.5,2821.7,3118.0,3002.6,; T#33; T#88; T#271,#628; T#186; T#192; T#189,1392.0,,,
shmuel256,LWebs53,2027 4(LWebs53),Andrei Iosivas; Adam Thielen; Alexander Mattison; Dameon Pierce,1,4,5,2024-08-06 12:40:23,2024,-1.2,-2.0,-0.92,1772.5,,2027 4(LWebs53),,Jauan Jennings,,Jauan Jennings,,,6.583,6.6739,,,,,-6.4739,0.0,0.0,0.0,0.0,0.0,0.0,0.0,0.0,0.0,23.6,-8.41,2,0.0172,-1893.8,-2154.5,-1412.1,-6.0,T#197,,,,,
shmuel256,JacobRosenzweig,Deebo Samuel; 2026 4.04(K. Allen); 2026 3.08(M. Fields),Tee Higgins; 2027 2(stevenb123),3,2,5,2024-09-10 14:01:45,2024,-1.9,-2.0,-0.94,4599.5,,Deebo Samuel; 2026 4.04(K. Allen); 2026 3.08(M. Fields),,2025 209.??; Quentin Johnston; 2027 4(shmuel256); Blake Corum,2026 4.06(S. Bell); 2025 3.07(M. Taylor),2025 209.??; 2026 2.06(J. Coleman); Isaac Guerendo; 2026 3.03(G. Bernard); 2028 3(shmuel256); Brian Robinson; Ray Davis; Emanuel Wilson; Quentin Johnston; 2027 4(shmuel256); 2025 3.05(K. Williams); 2025 3.03(D. Sampson); Blake Corum,9.5643,10.0896,18.5083,19.5248,10.6,11.1821,-8.944,-9.4353,-19.5336,70.6,85.8,-15.2,11.77,14.3,-2.53,12.41,15.09,-2.67,7.2,0.56,2,-0.0037,456.2,-2089.8,-2046.0,-2450.0,T#273; T#546; T#271,T#478; PH#220; T#127,836.0,,,
shmuel256,LWebs53,Jauan Jennings,2027 4(LWebs53),1,1,2,2024-09-16 18:41:07,2024,0.4,0.0,0.0,,,,Jauan Jennings,,,,13.3077,14.0385,,,9.788,10.3256,13.3077,14.0385,15.8633,13.6,0.0,13.6,6.8,0.0,6.8,7.3,0.0,7.3,71.7,8.15,2,-0.0101,-56.5,1206.0,764.0,-354.0,#1333,#768,,,,
shmuel256,AceMatthew,Mike Gesicki; 2026 4.06(S. Bell),Keaton Mitchell; 2025 4.04(D. Neal),2,2,4,2024-09-24 14:52:17,2024,-0.2,0.0,0.0,2008.5,,2026 4.06(S. Bell),Mike Gesicki,Blake Corum,2025 3.07(M. Taylor); 2026 3.08(M. Fields),Blake Corum,1.7333,2.3167,,,7.72,10.3183,1.7333,2.3167,2.3167,0.0,0.0,0.0,0.0,0.0,0.0,0.0,0.0,0.0,38.1,2.64,3,-0.0058,-545.3,-462.6,-507.7,-639.6,#1291; T#271,#100; T#521,379.5,stevenb123,,
shmuel256,BROsenzweig,Allen Lazard,2026 4.01(E. Raridon); $28 FAAB,1,1,2,2024-10-07 23:31:49,2024,2.2,0.0,0.0,,,,Allen Lazard,,,,16.6,17.5117,,,13.6,14.3469,16.6,17.5117,32.6344,23.4,0.0,23.4,23.4,0.0,23.4,24.69,0.0,24.69,74.3,8.73,2,-0.0108,-2013.2,-3059.6,-3382.2,,#1292,#294,,,,
shmuel256,AceMatthew,Mike Williams,Devin Singletary; $2 FAAB,1,1,2,2024-10-29 13:12:13,2024,-0.4,0.0,0.0,,,,Mike Williams,,,,3.9333,4.1494,5.9333,5.7525,3.54,3.7344,-2.0,-1.6032,-1.6032,0.0,0.0,0.0,0.0,0.0,0.0,0.0,0.0,0.0,25.7,2.92,2,-0.0033,-1088.0,-558.0,-1318.0,,#1294,T#402,,,,
shmuel256,stevenb123,Tommy DeVito,$2 FAAB,1,0,1,2024-11-26 10:58:35,2024,-0.3,0.0,0.0,,,,Tommy DeVito,,,,0.0,0.0,,,8.424,6.9884,0.0,0.0,0.0,0.0,0.0,0.0,0.0,0.0,0.0,0.0,0.0,0.0,33.8,0.0,2,-0.0001,1167.0,616.0,-200.0,,#1295,#1541,,,,
shmuel256,Oliverwkw,Blake Corum,2026 4.06(S. Bell); 2025 3.07(M. Taylor); 2026 3.08(M. Fields),1,3,4,2024-12-07 10:37:58,2024,-0.2,0.0,0.0,,Blake Corum,,,,,,6.1217,5.9352,,,2.18,2.1136,6.1217,5.9352,9.5352,0.0,0.0,0.0,0.0,0.0,0.0,0.0,0.0,0.0,36.3,3.43,2,-0.0249,-2422.4,-2450.1,-2973.2,,,PH#149,,,,
shmuel256,BROsenzweig,Gardner Minshew; $30 FAAB,Zack Moss; $30 FAAB,1,1,2,2024-12-09 19:44:57,2024,-0.3,0.0,0.0,,,,Gardner Minshew,,,,,,,,8.992,7.4596,,,0.0,0.0,0.0,0.0,0.0,0.0,0.0,0.0,0.0,0.0,37.5,1.58,2,-0.0019,-50.4,-98.4,481.2,,#1298; ,#317; ,,,,
shmuel256,stevenb123,Gus Edwards,$5 FAAB,1,0,1,2024-12-09 22:05:28,2024,-0.0,0.0,0.0,,,,Gus Edwards,,,,11.2,10.8587,,,5.84,5.662,11.2,10.8587,10.8587,0.0,0.0,0.0,0.0,0.0,0.0,0.0,0.0,0.0,47.3,0.0,2,-0.0038,1146.0,1082.0,-500.0,,#1304,#1540,,,,
shmuel256,BROsenzweig,$4 FAAB,Tyler Lockett,0,1,1,2024-12-09 22:19:48,2024,-0.4,0.0,0.0,,,,,,,,,,4.2857,4.5211,,,,,-4.5211,0.0,0.0,0.0,0.0,0.0,0.0,0.0,0.0,0.0,26.5,0.0,2,0.0072,-1242.0,-1106.0,-485.0,,,,,,,
shmuel256,Oliverwkw,2025 2.09,Deebo Samuel,1,1,2,2025-03-02 10:41:35,2025,-0.6,-1.0,-0.85,3960.0,,2025 209.??,,2026 2.06(J. Coleman),Davante Adams,2026 2.06(J. Coleman); Isaac Guerendo; 2026 3.03(G. Bernard); 2028 3(shmuel256); Brian Robinson; Ray Davis; Emanuel Wilson,,,11.8474,12.8558,,,,,-12.8558,0.0,0.0,0.0,0.0,0.0,0.0,0.0,0.0,0.0,26.5,-7.63,2,0.0105,958.0,959.0,1052.0,,T#337,PH#538,-286.0,,,
shmuel256,stevenb123,$9 FAAB,Jaleel McLaughlin,0,1,1,2025-03-12 18:51:58,2025,-0.4,0.0,0.0,,,,,,,,,,3.7417,3.6069,,,,,-3.6069,0.0,0.0,0.0,0.0,0.0,0.0,0.0,0.0,0.0,26.8,0.0,2,-0.0029,-1120.0,-556.0,-631.0,,,,,,,
shmuel256,stevenb123,2025 3.01(T. Harris); 2025 3.05(K. Williams); 2026 3.08(M. Fields),Cooper Kupp; 2027 4(shmuel256),3,2,5,2025-03-17 21:51:28,2025,0.4,0.0,0.0,9569.5,2025 3.01(T. Harris),2025 3.05(K. Williams); 2026 3.08(M. Fields),,Roschon Johnson; Jerry Jeudy; Chris Godwin; Lamar Jackson,Tre' Harris; Justin Herbert; 2026 1.05(M. Lemon); 2027 1(shmuel256); 2027 2(shmuel256),Roschon Johnson; Jerry Jeudy; Chris Godwin; Lamar Jackson,,,8.05,8.7352,,,,,-8.3352,0.0,0.0,0.0,0.0,0.0,0.0,0.0,0.0,0.0,46.2,-4.44,2,0.0213,2128.0,2856.7,2460.7,,PH#177; T#340; T#347,T#519; T#537; T#542,-269.0,,,
shmuel256,plehv79,2026 2.06(J. Coleman),Davante Adams; 2025 2.09,1,2,3,2025-04-14 20:47:20,2025,-1.3,-2.0,-1.7,3870.5,,2026 2.06(J. Coleman),,Isaac Guerendo; 2026 3.03(G. Bernard); 2028 3(shmuel256),Kirk Cousins,Isaac Guerendo; 2026 3.03(G. Bernard); 2028 3(shmuel256); Brian Robinson; Ray Davis; Emanuel Wilson,,,16.21,17.5898,,,,,-15.7898,0.0,0.0,0.0,0.0,0.0,0.0,0.0,0.0,0.0,10.5,-6.35,2,0.0197,-2196.1,-1838.6,-2038.3,,T#554,T#330,-170.5,,,
shmuel256,stevenb123,Quentin Johnston; 2027 4(shmuel256),2026 4.04(K. Allen); $20 FAAB,2,1,3,2025-05-06 14:21:33,2025,-0.2,0.0,0.0,2156.5,,2027 4(shmuel256),Quentin Johnston,2025 3.05(K. Williams); 2025 3.03(D. Sampson),2025 2.07(L. Burden),2025 3.05(K. Williams); 2025 3.03(D. Sampson),,,,,12.34,13.3904,,,0.0,0.0,0.0,0.0,0.0,0.0,0.0,0.0,0.0,0.0,43.8,0.99,2,0.0052,248.9,1281.5,1485.1,,#1305; T#341,T#517; T#545,,,,
shmuel256,plehv79,Roschon Johnson; Jerry Jeudy,2025 3.05(K. Williams),2,1,3,2025-06-25 14:08:53,2025,-0.3,0.0,0.0,,,,Roschon Johnson; Jerry Jeudy,,,,3.6406,3.9505,,,9.28,9.8773,3.6406,3.9505,3.9505,0.0,0.0,0.0,0.0,0.0,0.0,0.0,0.0,0.0,42.6,3.46,2,-0.003,2098.2,421.0,487.8,,#1310; #1327,PH#118; T#482,,,,
shmuel256,plehv79,2025 3.05(K. Williams); 2025 3.03(D. Sampson),2025 2.07(L. Burden); 2027 4(shmuel256); $18 FAAB,2,2,4,2025-07-20 18:08:43,2025,0.2,0.0,0.0,6275.0,2025 3.05(K. Williams); 2025 3.03(D. Sampson),,,,,,4.2285,4.2606,,,,,4.2285,4.2606,4.0606,0.0,0.0,0.0,0.0,0.0,0.0,0.0,0.0,0.0,43.6,1.0,2,-0.0039,-594.9,-639.9,-804.3,,PH#181; PH#179,T#340; T#339,-22.0,,,
shmuel256,plehv79,Chris Godwin; Lamar Jackson,Tre' Harris; Justin Herbert; 2026 1.05(M. Lemon); 2026 3.08(M. Fields); 2027 1(shmuel256); 2027 2(shmuel256); $35 FAAB,2,6,8,2025-08-06 21:55:47,2025,-0.9,-1.0,-0.85,,Chris Godwin; Lamar Jackson,,,,,,13.0728,11.934,10.503,9.2287,20.284,18.9641,2.5698,2.7053,-1.5467,261.14,218.42,42.72,17.41,14.56,2.85,14.39,12.29,2.1,31.6,6.91,2,-0.118,-1574.8,-4881.7,-5097.3,,; ,T#481; T#495,,,,
shmuel256,Oliverwkw,Wan'Dale Robinson; Rachaad White; $25 FAAB,Calvin Ridley,2,1,3,2025-08-07 00:11:57,2025,1.0,0.0,0.0,,Rachaad White,Wan'Dale Robinson,,Brian Robinson,2026 3.03(G. Bernard),Brian Robinson; Emanuel Wilson; 2028 3(shmuel256); Mark Andrews; 2028 4(BROsenzweig); 2026 2.02(T. Simpson); 2028 4(LWebs53); 2026 4.03(C. Beck); Kyle Monangai; Tyjae Spears; 2026 209.??,8.7895,8.4728,5.8667,6.3661,11.91,12.2223,2.9228,2.1067,3.0603,101.1,20.9,80.2,14.44,2.99,11.46,14.68,3.24,11.44,83.1,-5.05,2,0.008,1797.9,4272.2,4317.2,,T#98; ; ,T#416; T#531; ,,,,
shmuel256,stevenb123,Isaac Guerendo; 2026 3.03(G. Bernard); 2028 3(shmuel256),Kirk Cousins; 2026 2.06(J. Coleman),3,2,5,2025-08-17 12:23:07,2025,0.4,0.0,0.0,5766.5,,2026 3.03(G. Bernard); 2028 3(shmuel256),Isaac Guerendo,Brian Robinson; Ray Davis,Wan'Dale Robinson,Brian Robinson; Emanuel Wilson; 2028 3(shmuel256); Mark Andrews; 2028 4(BROsenzweig); 2026 2.02(T. Simpson); 2028 4(LWebs53); 2026 4.03(C. Beck); Kyle Monangai; Tyjae Spears; 2026 209.??; Ray Davis,,,,,12.26,11.8183,,,-0.6,0.0,0.0,0.0,0.0,0.0,0.0,0.0,0.0,0.0,45.3,-7.29,2,0.0227,793.5,387.7,419.6,,#1306; T#98; T#42,T#533; T#547; ,52.5,,,
shmuel256,AceMatthew,Ray Davis,2028 3(shmuel256),1,1,2,2025-08-17 13:17:32,2025,-0.4,0.0,0.0,,,,Ray Davis,,,,2.4188,2.3316,,,5.08,4.897,2.4188,2.3316,6.7316,0.0,0.0,0.0,0.0,0.0,0.0,0.0,0.0,0.0,35.8,6.81,2,-0.0127,-98.5,-854.5,-988.5,,#1331,T#343,,,,
shmuel256,BROsenzweig,Brian Robinson,Wan'Dale Robinson; 2026 3.03(G. Bernard); $15 FAAB,1,2,3,2025-08-22 12:32:55,2025,-1.3,-1.0,-0.85,,,Brian Robinson,,Emanuel Wilson; 2028 3(shmuel256),2028 4(plehv79),Emanuel Wilson; 2028 3(shmuel256); Mark Andrews; 2028 4(BROsenzweig); 2026 2.02(T. Simpson); 2028 4(LWebs53); 2026 4.03(C. Beck); Kyle Monangai; Tyjae Spears; 2026 209.??,3.85,3.7113,13.5563,14.7102,8.52,8.213,-9.7063,-10.9989,-11.5989,0.0,0.0,0.0,0.0,0.0,0.0,0.0,0.0,0.0,9.3,3.62,2,-0.0137,-1896.8,-3577.8,-3454.5,,T#48,T#93,,,,
shmuel256,stevenb123,$7 FAAB,LeQuint Allen,0,1,1,2025-09-03 18:05:22,2025,-0.3,0.0,0.0,,,,,,,,,,1.5737,1.517,,,,,-1.517,0.0,0.0,0.0,0.0,0.0,0.0,0.0,0.0,0.0,27.8,0.0,2,-0.0077,-570.0,-1026.0,-1333.0,,,,,,,
shmuel256,plehv79,Jonnu Smith,$10 FAAB,1,0,1,2025-09-08 18:51:10,2025,-0.2,0.0,0.0,,,,Jonnu Smith,,,,4.5333,5.5841,,,14.94,18.4028,4.5333,5.5841,5.5841,0.0,0.0,0.0,0.0,0.0,0.0,0.0,0.0,0.0,39.1,0.0,2,-0.0048,1034.0,556.0,-1000.0,,#1316,#1137,,,,
shmuel256,AceMatthew,$5 FAAB,Michael Carter,0,1,1,2025-10-08 11:44:59,2025,-0.4,0.0,0.0,,,,,,,,,,7.3273,7.0633,,,,,-7.0633,0.0,0.0,0.0,0.0,0.0,0.0,0.0,0.0,0.0,21.7,0.0,2,-0.0007,-1324.0,-1140.0,,,,,,,,
shmuel256,Oliverwkw,Mason Taylor,2026 2.08(E. Johnson),1,1,2,2025-10-12 18:45:38,2025,1.0,0.0,0.0,,,Mason Taylor,,Mark Andrews; 2028 4(BROsenzweig); 2026 2.02(T. Simpson); 2028 4(LWebs53); 2026 4.03(C. Beck),Chimere Dike; 2026 1.08(K. Sadiq); 2028 3(shmuel256),Mark Andrews; 2028 4(BROsenzweig); 2026 2.02(T. Simpson); 2028 4(LWebs53); 2026 4.03(C. Beck); Kyle Monangai; Tyjae Spears; 2026 209.??,6.8857,8.4817,,,7.9,9.7311,6.8857,8.4817,11.0878,24.5,0.0,24.5,12.25,0.0,12.25,15.09,0.0,15.09,74.8,0.32,2,-0.0104,-525.0,-664.0,,,T#291,PH#183,,,,
shmuel256,Oliverwkw,Calvin Ridley,Zonovan Knight,1,1,2,2025-10-13 13:27:53,2025,-0.7,0.0,0.0,,,,Calvin Ridley,,,,2.3,2.4958,8.725,8.4106,7.66,8.312,-6.425,-5.9149,-5.9149,0.0,0.0,0.0,0.0,0.0,0.0,0.0,0.0,0.0,32.5,6.3,2,-0.0087,2611.0,1628.0,,,#1320,T#443,,,,
shmuel256,stevenb123,2026 4.04(K. Allen); 2029 4(plehv79),Alvin Kamara,2,1,3,2025-11-02 11:37:36,2025,0.3,0.0,0.0,4443.0,2026 4.04(K. Allen); 2029 4(plehv79),,,,,,1.3333,1.2853,7.575,7.3021,,,-6.2417,-6.0168,-5.6168,0.0,0.0,0.0,0.0,0.0,0.0,0.0,0.0,0.0,44.2,-10.61,2,0.0262,704.4,1336.6,,,PH#220; ,T#546; T#551,51.0,,,
shmuel256,Oliverwkw,Tre Tucker; Xavier Legette,Tyrone Tracy,2,1,3,2025-11-18 13:12:40,2025,-0.4,0.0,0.0,,,Tre Tucker,Xavier Legette,,,,4.5,4.8831,13.7,13.2064,9.67,10.4931,-9.2,-8.3233,-8.3233,0.0,0.0,0.0,0.0,0.0,0.0,0.0,0.0,0.0,30.9,-1.24,2,0.0044,1536.2,1157.2,,,T#286; #1326,#1021; PH#144,,,,
shmuel256,LWebs53,Darnell Mooney; 2028 4(plehv79); $30 FAAB,Justin Fields,2,1,3,2025-11-19 14:20:26,2025,0.2,0.0,0.0,2064.5,,2028 4(plehv79),Darnell Mooney,Emanuel Wilson; 2028 3(shmuel256),Brian Robinson,Emanuel Wilson; 2028 3(shmuel256); Mark Andrews; 2028 4(BROsenzweig); 2026 2.02(T. Simpson); 2028 4(LWebs53); 2026 4.03(C. Beck); Kyle Monangai; Tyjae Spears; 2026 209.??,10.45,11.3395,,,4.5,4.8831,10.45,11.3395,11.5395,0.0,0.0,0.0,0.0,0.0,0.0,0.0,0.0,0.0,62.5,-3.07,2,0.0094,2500.4,2807.0,,,#1323; T#48; ,#773; ; ,,,,
shmuel256,BROsenzweig,Elic Ayomanor; Wan'Dale Robinson,2028 2(shmuel256),2,1,3,2025-12-02 18:29:48,2025,1.4,0.0,0.0,,,Elic Ayomanor; Wan'Dale Robinson,,Tre Tucker; 2028 4(stevenb123); Kyle Monangai; Tyjae Spears; 2026 209.??,2028 4(BROsenzweig),Tre Tucker; 2028 4(stevenb123); Pat Bryant; Tre' Harris; Kyle Monangai; Tyjae Spears; 2026 209.??,11.5167,12.497,,,9.97,10.8187,11.5167,12.497,23.9751,43.9,0.0,43.9,14.63,0.0,14.63,15.88,0.0,15.88,89.1,4.45,2,-0.0124,1691.1,1696.9,,,T#115; T#293,PH#540; T#446,,,,
shmuel256,Oliverwkw,$2 FAAB,Tre Tucker,0,1,1,2025-12-04 20:02:04,2025,-0.5,0.0,0.0,,,,,,,,,,8.6571,9.3941,,,,,-9.3941,0.0,0.0,0.0,0.0,0.0,0.0,0.0,0.0,0.0,15.2,0.0,2,-0.0023,-2498.0,-2315.0,,,,,,,,
shmuel256,AceMatthew,Emanuel Wilson; 2028 3(shmuel256),Brian Robinson; 2028 4(plehv79),2,2,4,2026-03-24 14:54:57,2026,-0.1,0.0,0.0,2803.0,,2028 3(shmuel256),Emanuel Wilson,Mark Andrews; 2028 4(BROsenzweig); 2026 2.02(T. Simpson); 2028 4(LWebs53); 2026 4.03(C. Beck),Mason Taylor; Chimere Dike; 2026 1.08(K. Sadiq),Mark Andrews; 2028 4(BROsenzweig); 2026 2.02(T. Simpson); 2028 4(LWebs53); 2026 4.03(C. Beck); Kyle Monangai; Tyjae Spears; 2026 209.??,,,,,3.6,3.4703,,,0.4,0.0,0.0,0.0,0.0,0.0,0.0,0.0,0.0,0.0,44.7,-0.07,2,0.0024,574.6,,,,#1329; T#291,#155; T#42,,,,
shmuel256,Oliverwkw,Mark Andrews; 2028 4(BROsenzweig); 2026 2.02(T. Simpson); 2028 4(LWebs53); 2026 4.03(C. Beck),Mason Taylor; Chimere Dike; 2026 1.08(K. Sadiq); 2028 3(shmuel256); $10 FAAB,5,4,9,2026-05-03 15:18:51,2026,0.8,0.0,0.0,10345.0,Mark Andrews; 2026 2.02(T. Simpson); 2028 4(LWebs53); 2026 4.03(C. Beck),2028 4(BROsenzweig),,Kyle Monangai; Tyjae Spears; 2026 209.??,Wan'Dale Robinson,Kyle Monangai; Tyjae Spears; 2026 209.??,2.8,3.449,0.5667,0.7469,4.06,5.001,2.2333,2.7021,7.3058,19.8,15.1,4.7,9.9,7.55,2.35,12.19,9.3,2.89,65.7,0.74,2,-0.0005,-763.0,,,,; T#110; PH#202; ; PH#219,T#356; T#284; T#290; T#274; T#288,365.0,,,
shmuel256,BROsenzweig,Kyle Monangai; Tyjae Spears; 2026 2.09,Wan'Dale Robinson; 2028 4(BROsenzweig); $5 FAAB,3,2,17,2026-07-10 17:26:39,2026,-0.2,0.0,0.0,3311.0,Kyle Monangai; Tyjae Spears; 2026 209.??,,,,,,7.3667,7.1012,9.8,10.6342,8.76,8.4444,-2.4333,-3.533,-3.733,0.0,0.0,0.0,0.0,0.0,0.0,0.0,0.0,0.0,40.0,0.99,5,-0.0006,1396.1,,,,; ; PH#546,T#290; PH#120; T#219,76.0,JacobRosenzweig,LWebs53,Oliverwkw
shmuel256,BROsenzweig,Tre Tucker; 2028 4(stevenb123),Elic Ayomanor,2,1,3,2026-08-07 11:56:15,2026,-0.1,0.0,0.0,2123.5,,2028 4(stevenb123),Tre Tucker,Pat Bryant; Tre' Harris,,Pat Bryant; Tre' Harris,,,,,5.82,6.3154,,,0.2,0.0,0.0,0.0,0.0,0.0,0.0,0.0,0.0,0.0,47.1,-0.5,2,0.0061,1295.1,,,,#1334; T#360,T#293; T#113,,,,
shmuel256,stevenb123,Alvin Kamara,$1 FAAB,1,0,1,2026-08-19 10:55:33,2026,-0.3,0.0,0.0,,,Alvin Kamara,,,,,,,,,6.22,5.9959,,,0.0,0.0,0.0,0.0,0.0,0.0,0.0,0.0,0.0,0.0,43.4,0.0,2,-0.0064,2002.0,,,,T#296,T#558,,,,
shmuel256,plehv79,Pat Bryant; Tre' Harris,2028 4(stevenb123),2,1,3,2026-09-01 14:14:37,2026,-0.2,0.0,0.0,,Pat Bryant; Tre' Harris,,,,,,8.1833,8.8799,,,5.96,6.4673,8.1833,8.8799,8.6799,0.0,0.0,0.0,0.0,0.0,0.0,0.0,0.0,0.0,54.0,4.12,2,-0.0039,1937.0,,,,; ,PH#192; PH#177,,,,
shmuel256,Oliverwkw,$2 FAAB,Alvin Kamara,0,1,1,2026-09-01 16:40:53,2026,-0.4,0.0,0.0,,,,,,,,,,6.15,5.9284,,,,,-5.9284,0.0,0.0,0.0,0.0,0.0,0.0,0.0,0.0,0.0,20.4,0.0,2,0.0068,-1709.0,,,,,,,,,
shmuel256,LWebs53,Jalen Royals,Kyle Williams,1,1,2,2026-09-04 13:28:27,2026,-0.3,0.0,0.0,,,,Jalen Royals,,,,,,,,1.2,1.3021,,,0.0,0.0,0.0,0.0,0.0,0.0,0.0,0.0,0.0,0.0,33.0,-0.27,2,0.0004,-446.0,,,,#1335,PH#190,,,,
stevenb123,Oliverwkw,Corey Davis,Mike Davis,1,1,2,2020-10-01 13:26:32,2020,-2.5,-3.0,-0.5,,,,Corey Davis,,,,0.0,0.0,22.1,22.7006,12.08,12.5668,-22.1,-22.7006,-22.7006,0.0,0.0,0.0,0.0,0.0,0.0,0.0,0.0,0.0,22.5,-1.89,2,0.0032,956.0,2593.0,1528.0,1339.0,#1359,#873,,,,
stevenb123,shmuel256,Damien Harris,Darius Slayton,1,1,2,2020-12-13 16:00:13,2020,-0.4,0.0,0.0,,,,Damien Harris,,,,0.0,0.0,6.7333,7.0047,8.74,8.9775,-6.7333,-7.0047,-7.0047,0.0,0.0,0.0,0.0,0.0,0.0,0.0,0.0,0.0,27.4,-0.08,2,0.0001,197.0,399.0,2024.0,64.0,#1385,#1191,,,,
stevenb123,LWebs53,T.J. Hockenson,Kenyan Drake; Cole Kmet; 2021 2.01(J. Fields),1,3,4,2020-12-16 11:43:22,2020,-1.7,-1.11,-0.21,,,T.J. Hockenson,,Amari Rodgers; Nico Collins; Elijah Moore,,Amari Rodgers; Nico Collins; Elijah Moore; Leonard Fournette; Julio Jones; 2022 2.01(G. Pickens); 2024 1.02(C. Williams); 2024 4.05(M. Corley); 2022 3.03(J. Tolbert); 2022 4.03(I. Pacheco); Hunter Renfrow; 2022 1.06(G. Wilson); 2022 3.06(D. Bell); 2023 4.02(C. Brown); Dalton Schultz; 2024 2.04(L. McConkey); 2023 3.02(J. Hyatt); K.J. Osborn; 2025 3.05(K. Williams); 2025 3.01(T. Harris); 2024 2.07(R. Pearsall); 2026 3.01(E. Sarratt); 2023 2.08(S. LaPorta); 2024 4.04(M. Lloyd); Derrick Henry; Jaylen Waddle; Cooper Kupp; 2027 4(shmuel256); 2025 4.01(J. Blue); 2026 2.02(T. Simpson); 2028 2(stevenb123); DeAndre Hopkins; Michael Mayer; Treylon Burks; 2028 3(Oliverwkw); 2027 4(plehv79); 2026 4.03(C. Beck); 2026 4.04(K. Allen); Isaac Guerendo; Jonathan Taylor; 2025 4.08(P. Bryant); 2027 3(LWebs53); 2028 3(plehv79); Isiah Pacheco; 2026 4.05(J. Lane); 2026 4.06(S. Bell); Alvin Kamara; Kirk Cousins; 2026 2.06(J. Coleman); Jake Ferguson; 2027 4(AceMatthew); DK Metcalf,4.05,5.5423,7.0667,8.129,11.94,16.3396,-3.0167,-2.5867,-12.1468,8.1,19.0,-10.9,4.05,9.5,-5.45,5.54,9.76,-4.22,10.8,0.14,2,-0.0075,174.6,164.0,-925.1,-1560.8,T#300,PH#482,,,,
stevenb123,JacobRosenzweig,2021 1.02(K. Pitts),D'Andre Swift; 2021 4.01(R. Moore),1,2,3,2021-08-29 00:15:58,2021,1.3,2.5,0.48,6291.0,2021 1.02(K. Pitts),,,,,,9.2558,11.123,13.7549,13.7893,,,-4.499,-2.6663,-2.6663,345.3,490.8,-145.5,9.09,12.92,-3.83,11.35,13.12,-1.76,51.3,-0.32,2,-0.0016,-485.8,-1974.2,-1261.2,1678.8,PH#34,PH#34,61.0,,,
stevenb123,plehv79,Amari Rodgers; Nico Collins; Elijah Moore,T.J. Hockenson,3,1,4,2021-08-29 11:29:34,2021,-2.4,-2.23,-0.43,,,Amari Rodgers; Nico Collins,Elijah Moore,Leonard Fournette; Julio Jones; 2022 2.01(G. Pickens); 2024 1.02(C. Williams); 2024 4.05(M. Corley),Deebo Samuel; Kyle Trask; 2022 2.05(C. Watson); 2022 4.04(T. Davis-Price),Leonard Fournette; Julio Jones; 2022 2.01(G. Pickens); 2024 1.02(C. Williams); 2022 3.03(J. Tolbert); 2022 4.03(I. Pacheco); Hunter Renfrow; 2022 1.06(G. Wilson); 2022 3.06(D. Bell); 2023 4.02(C. Brown); K.J. Osborn; 2024 4.04(M. Lloyd); Treylon Burks; 2028 3(Oliverwkw); 2024 4.05(M. Corley); Dalton Schultz; 2024 2.04(L. McConkey); 2023 3.02(J. Hyatt); 2025 3.05(K. Williams); 2025 3.01(T. Harris); 2024 2.07(R. Pearsall); 2026 3.01(E. Sarratt); 2023 2.08(S. LaPorta); Derrick Henry; Jaylen Waddle; Cooper Kupp; 2027 4(shmuel256); 2025 4.01(J. Blue); 2026 2.02(T. Simpson); 2028 2(stevenb123); DeAndre Hopkins; Michael Mayer; 2027 4(plehv79); 2026 4.03(C. Beck); 2026 4.04(K. Allen); Isaac Guerendo; Jonathan Taylor; 2025 4.08(P. Bryant); 2027 3(LWebs53); 2028 3(plehv79); Isiah Pacheco; 2026 4.05(J. Lane); 2026 4.06(S. Bell); Alvin Kamara; Kirk Cousins; 2026 2.06(J. Coleman); Jake Ferguson; 2027 4(AceMatthew); DK Metcalf,4.9256,5.1949,13.3911,16.0925,,,-8.4656,-10.8976,-11.2153,12.7,26.4,-13.7,6.35,13.2,-6.85,6.62,16.57,-9.95,18.0,-2.23,2,0.0086,1763.9,2143.4,2416.4,340.9,T#119; T#383; #1525,PH#53; PH#61; PH#45,,,,
stevenb123,shmuel256,Denzel Mims,2022 4.08(M. Valdes-Scantling),1,1,2,2021-08-29 11:53:56,2021,-0.4,0.0,0.0,,,,Denzel Mims,,,,,,,,5.2,5.4843,,,-0.2,0.0,0.0,0.0,0.0,0.0,0.0,0.0,0.0,0.0,26.7,2.9,2,-0.0061,336.0,-560.0,-981.5,-1380.0,#1391,PH#25,,,,
stevenb123,Oliverwkw,Henry Ruggs,Zack Moss; 2022 3.08(M. Willis),1,2,3,2021-10-08 02:12:44,2021,0.5,0.0,0.0,,,,Henry Ruggs,,,,11.3,11.9178,8.35,8.3709,11.08,11.6858,2.95,3.5469,5.3115,7.1,0.0,7.1,7.1,0.0,7.1,7.49,0.0,7.49,57.8,0.25,2,-0.0057,-950.2,-3278.0,-3589.2,-3781.0,#1412,PH#496,,,,
stevenb123,shmuel256,Cordarrelle Patterson; Alvin Kamara; Kenny Gainwell; 2022 4.04(T. Davis-Price),Laviska Shenault; AJ Dillon; Antonio Gibson; 2022 1.08(S. Moore); 2023 1.07(D. Kincaid); 2023 2.07(K. Miller); 2024 1.01(M. Harrison); 2024 2.01(J. Brooks),4,8,12,2021-10-29 02:12:57,2021,0.4,1.73,0.36,1627.0,,Cordarrelle Patterson; Alvin Kamara; Kenny Gainwell; 2022 4.04(T. Davis-Price),,2023 3.07(W. Levis); 2022 2.02(J. Cook); 2023 2.05(H. Hooker); 2023 1.04(B. Young); Mike Williams; Michael Gallup; 2022 4.06(T. McBride); 2024 2.07(R. Pearsall); Leonard Fournette; Julio Jones; 2022 2.01(G. Pickens); 2024 1.02(C. Williams),Ryan Tannehill; 2022 4.05(A. Pierce); Mike Williams; 2025 1.08(Q. Judkins); 2023 2.03(D. Achane); Chris Godwin; 2024 4.05(M. Corley); 2022 3.04(R. Doubs); Deebo Samuel; Amari Rodgers; Kyle Trask; 2022 2.05(C. Watson),2023 3.07(W. Levis); 2022 2.02(J. Cook); James Conner; 2022 1.05(J. Williams); 2023 4.05(E. Gray); 2024 1.05(D. Maye); 2024 4.05(M. Corley); Cole Kmet; Chase Claypool; 2022 4.02(W. Robinson); 2024 4.08(J. Baker); K.J. Osborn; 2026 3.02(C. Okonkwo); 2024 4.06(K. Vidal); Dalton Schultz; 2024 2.04(L. McConkey); 2023 3.02(J. Hyatt); Mike Williams; Michael Gallup; 2022 4.06(T. McBride); 2024 2.07(R. Pearsall); Trey Lance; 2022 2.07(T. Allgeier); Rashod Bateman; 2024 2.08(X. Legette); 2025 3.05(K. Williams); 2025 3.01(T. Harris); 2026 3.01(E. Sarratt); 2023 2.08(S. LaPorta); 2023 2.05(H. Hooker); 2023 1.04(B. Young); 2022 3.03(J. Tolbert); 2022 4.03(I. Pacheco); Tony Pollard; Aaron Rodgers; Derrick Henry; Jaylen Waddle; Cooper Kupp; 2027 4(shmuel256); DeAndre Hopkins; Michael Mayer; 2024 4.07(T. Tracy); 2026 1.01(J. Love); 2027 4(plehv79); 2026 4.03(C. Beck); 2026 4.04(K. Allen); 2028 3(plehv79); Treylon Burks; 2028 3(Oliverwkw); Emeka Egbuka; Zach Charbonnet; 2027 2(BROsenzweig); 2029 4(plehv79); Isiah Pacheco; 2026 4.05(J. Lane); 2026 4.06(S. Bell); Alvin Kamara; DK Metcalf; Cam Skattebo; Leonard Fournette; Julio Jones; 2022 2.01(G. Pickens); 2024 1.02(C. Williams); Hunter Renfrow; 2022 1.06(G. Wilson); 2022 3.06(D. Bell); 2023 4.02(C. Brown),10.7936,10.8207,10.188,10.3219,17.0,17.0426,0.6056,0.4988,-17.2583,378.4,376.4,2.0,16.45,16.37,0.09,16.57,16.55,0.01,35.4,3.95,2,-0.1547,-2412.8,-4463.3,-5147.2,-6540.9,T#234; T#395; T#303; T#119,#1230; PH#393; PH#56; PH#92,247.0,,,
stevenb123,Oliverwkw,2022 3.08(M. Willis),2023 3.07(W. Levis),1,1,2,2021-12-06 23:16:56,2021,0.6,1.18,0.26,2615.0,,2022 3.08(M. Willis),,Raheem Mostert; 2024 3.08(J. Burton),2024 4.01(J. Sanders); 2024 3.01(B. Nix),Raheem Mostert; 2024 3.08(J. Burton); Kenny Golladay; Hunter Renfrow; 2023 3.06(R. Johnson); 2022 4.05(A. Pierce); 2022 1.04(T. Burks); 2022 3.04(R. Doubs); Chase Edmonds; 2022 2.05(C. Watson); 2023 3.07(W. Levis); 2022 2.02(J. Cook); James Conner; 2022 1.05(J. Williams); 2023 4.05(E. Gray); 2024 1.05(D. Maye); 2024 4.05(M. Corley); Mike Williams; Michael Gallup; 2022 4.06(T. McBride); 2024 2.07(R. Pearsall); Leonard Fournette; Julio Jones; 2022 2.01(G. Pickens); 2024 1.02(C. Williams); Cole Kmet; Chase Claypool; 2022 4.02(W. Robinson); 2024 4.08(J. Baker); K.J. Osborn; 2026 3.02(C. Okonkwo); 2024 4.06(K. Vidal); Dalton Schultz; 2024 2.04(L. McConkey); 2023 3.02(J. Hyatt); 2023 2.05(H. Hooker); 2023 1.04(B. Young); 2022 3.03(J. Tolbert); 2022 4.03(I. Pacheco); Tony Pollard; 2022 1.06(G. Wilson); 2022 3.06(D. Bell); 2023 4.02(C. Brown); Trey Lance; 2022 2.07(T. Allgeier); Rashod Bateman; 2024 2.08(X. Legette); 2025 3.05(K. Williams); 2025 3.01(T. Harris); 2026 3.01(E. Sarratt); 2023 2.08(S. LaPorta); 2024 4.07(T. Tracy); 2026 1.01(J. Love); Aaron Rodgers; Derrick Henry; Jaylen Waddle; Cooper Kupp; 2027 4(shmuel256); DeAndre Hopkins; Michael Mayer; Treylon Burks; 2028 3(Oliverwkw); Emeka Egbuka; Zach Charbonnet; 2027 2(BROsenzweig); 2029 4(plehv79); 2027 4(plehv79); 2026 4.03(C. Beck); 2026 4.04(K. Allen); 2028 3(plehv79); Cam Skattebo; Alvin Kamara; Isiah Pacheco; 2026 4.05(J. Lane); 2026 4.06(S. Bell); DK Metcalf,,,,,,,,,0.0,0.0,0.0,0.0,0.0,0.0,0.0,0.0,0.0,0.0,44.7,0.99,2,-0.0016,-64.0,-255.0,-539.0,-113.5,T#164,T#230,37.0,,,
stevenb123,LWebs53,Raheem Mostert; 2024 3.08(J. Burton),2022 3.08(M. Willis); 2024 4.01(J. Sanders); 2024 3.01(B. Nix),2,3,5,2022-03-16 02:10:46,2022,-2.3,-3.29,-0.79,2436.0,,2024 3.08(J. Burton),Raheem Mostert,Kenny Golladay; Hunter Renfrow; 2023 3.06(R. Johnson); 2022 4.05(A. Pierce); 2022 1.04(T. Burks); 2022 3.04(R. Doubs),J.K. Dobbins; Mac Jones; 2022 2.08(A. Lazard),Kenny Golladay; Hunter Renfrow; 2023 3.06(R. Johnson); 2022 4.05(A. Pierce); 2022 1.04(T. Burks); 2022 3.04(R. Doubs); Chase Edmonds; 2022 2.05(C. Watson); 2023 3.07(W. Levis); 2022 2.02(J. Cook); James Conner; 2022 1.05(J. Williams); 2023 4.05(E. Gray); 2024 1.05(D. Maye); 2024 4.05(M. Corley); Mike Williams; Michael Gallup; 2022 4.06(T. McBride); 2024 2.07(R. Pearsall); Leonard Fournette; Julio Jones; 2022 2.01(G. Pickens); 2024 1.02(C. Williams); Cole Kmet; Chase Claypool; 2022 4.02(W. Robinson); 2024 4.08(J. Baker); K.J. Osborn; 2026 3.02(C. Okonkwo); 2024 4.06(K. Vidal); Dalton Schultz; 2024 2.04(L. McConkey); 2023 3.02(J. Hyatt); 2023 2.05(H. Hooker); 2023 1.04(B. Young); 2022 3.03(J. Tolbert); 2022 4.03(I. Pacheco); Tony Pollard; 2022 1.06(G. Wilson); 2022 3.06(D. Bell); 2023 4.02(C. Brown); Trey Lance; 2022 2.07(T. Allgeier); Rashod Bateman; 2024 2.08(X. Legette); 2025 3.05(K. Williams); 2025 3.01(T. Harris); 2026 3.01(E. Sarratt); 2023 2.08(S. LaPorta); 2024 4.07(T. Tracy); 2026 1.01(J. Love); Aaron Rodgers; Derrick Henry; Jaylen Waddle; Cooper Kupp; 2027 4(shmuel256); DeAndre Hopkins; Michael Mayer; Treylon Burks; 2028 3(Oliverwkw); Emeka Egbuka; Zach Charbonnet; 2027 2(BROsenzweig); 2029 4(plehv79); 2027 4(plehv79); 2026 4.03(C. Beck); 2026 4.04(K. Allen); 2028 3(plehv79); Cam Skattebo; Alvin Kamara; Isiah Pacheco; 2026 4.05(J. Lane); 2026 4.06(S. Bell); DK Metcalf,,,,,6.68,6.7614,,,-0.2,0.0,0.0,0.0,0.0,0.0,0.0,0.0,0.0,0.0,22.9,4.53,2,-0.022,-1359.4,-1315.2,-1561.8,-964.3,#1451; T#377,PH#479; T#163,621.5,,,
stevenb123,shmuel256,Kenny Golladay; Hunter Renfrow; 2023 3.06(R. Johnson); 2022 4.05(A. Pierce); 2022 1.04(T. Burks); 2022 3.04(R. Doubs),J.K. Dobbins; Mac Jones; 2022 2.08(A. Lazard); 2024 3.08(J. Burton),6,4,10,2022-06-08 02:10:00,2022,1.0,0.89,0.21,12520.5,,Hunter Renfrow; 2023 3.06(R. Johnson); 2022 4.05(A. Pierce); 2022 1.04(T. Burks); 2022 3.04(R. Doubs),Kenny Golladay,Chase Edmonds; 2022 2.05(C. Watson); 2023 3.07(W. Levis); 2022 2.02(J. Cook); James Conner; 2022 1.05(J. Williams); 2023 4.05(E. Gray); 2024 1.05(D. Maye); 2024 4.05(M. Corley); Mike Williams; Michael Gallup; 2022 4.06(T. McBride); 2024 2.07(R. Pearsall),Dawson Knox; 2023 4.07(O. Beckham); 2023 3.06(R. Johnson); Hunter Renfrow; Ryan Tannehill; Cordarrelle Patterson; Austin Ekeler; 2023 3.07(W. Levis); Chris Godwin; Kenny Gainwell; 2024 4.05(M. Corley),Chase Edmonds; 2022 2.05(C. Watson); Leonard Fournette; Julio Jones; 2022 2.01(G. Pickens); 2024 1.02(C. Williams); 2022 3.03(J. Tolbert); 2022 4.03(I. Pacheco); Hunter Renfrow; 2022 1.06(G. Wilson); 2022 3.06(D. Bell); 2023 4.02(C. Brown); K.J. Osborn; 2024 4.04(M. Lloyd); Treylon Burks; 2028 3(Oliverwkw); 2023 3.07(W. Levis); 2022 2.02(J. Cook); James Conner; 2022 1.05(J. Williams); 2023 4.05(E. Gray); 2024 1.05(D. Maye); 2024 4.05(M. Corley); Cole Kmet; Chase Claypool; 2022 4.02(W. Robinson); 2024 4.08(J. Baker); 2026 3.02(C. Okonkwo); 2024 4.06(K. Vidal); Dalton Schultz; 2024 2.04(L. McConkey); 2023 3.02(J. Hyatt); Mike Williams; Michael Gallup; 2022 4.06(T. McBride); 2024 2.07(R. Pearsall); Trey Lance; 2022 2.07(T. Allgeier); Rashod Bateman; 2024 2.08(X. Legette); 2025 3.05(K. Williams); 2025 3.01(T. Harris); 2026 3.01(E. Sarratt); 2023 2.08(S. LaPorta); 2023 2.05(H. Hooker); 2023 1.04(B. Young); Tony Pollard; Aaron Rodgers; Derrick Henry; Jaylen Waddle; Cooper Kupp; 2027 4(shmuel256); DeAndre Hopkins; Michael Mayer; 2024 4.07(T. Tracy); 2026 1.01(J. Love); 2027 4(plehv79); 2026 4.03(C. Beck); 2026 4.04(K. Allen); 2028 3(plehv79); Emeka Egbuka; Zach Charbonnet; 2027 2(BROsenzweig); 2029 4(plehv79); Isiah Pacheco; 2026 4.05(J. Lane); 2026 4.06(S. Bell); Alvin Kamara; DK Metcalf; Cam Skattebo,4.2,4.3581,8.52,6.9731,8.97,9.3076,-4.32,-2.615,-2.615,0.0,0.0,0.0,0.0,0.0,0.0,0.0,0.0,0.0,52.9,1.33,2,-0.0079,-314.4,762.3,418.1,2140.0,#1452; T#165; T#165; T#234; T#236; T#303,T#376; #1232; T#374; T#375; PH#68; PH#84,-212.5,,,
stevenb123,Oliverwkw,2023 3.07(W. Levis); 2022 2.02(J. Cook),Ryan Tannehill; Cordarrelle Patterson; 2022 4.05(A. Pierce),2,3,5,2022-06-23 02:10:40,2022,1.6,2.02,0.48,6857.0,,2023 3.07(W. Levis); 2022 2.02(J. Cook),,James Conner; 2022 1.05(J. Williams); 2023 4.05(E. Gray); 2024 1.05(D. Maye); 2024 4.05(M. Corley); Cole Kmet; Chase Claypool; 2022 4.02(W. Robinson); 2024 4.08(J. Baker),Austin Ekeler; 2022 1.04(T. Burks),James Conner; 2022 1.05(J. Williams); 2023 4.05(E. Gray); 2024 1.05(D. Maye); 2024 4.05(M. Corley); K.J. Osborn; 2026 3.02(C. Okonkwo); 2024 4.06(K. Vidal); Dalton Schultz; 2024 2.04(L. McConkey); 2023 3.02(J. Hyatt); Mike Williams; Michael Gallup; 2022 4.06(T. McBride); 2024 2.07(R. Pearsall); Rashod Bateman; 2024 2.08(X. Legette); 2025 3.05(K. Williams); 2025 3.01(T. Harris); 2026 3.01(E. Sarratt); 2023 2.08(S. LaPorta); 2023 2.05(H. Hooker); 2023 1.04(B. Young); 2022 3.03(J. Tolbert); 2022 4.03(I. Pacheco); Tony Pollard; Aaron Rodgers; Derrick Henry; Jaylen Waddle; Cooper Kupp; 2027 4(shmuel256); DeAndre Hopkins; Michael Mayer; 2024 4.07(T. Tracy); 2026 1.01(J. Love); 2027 4(plehv79); 2026 4.03(C. Beck); 2026 4.04(K. Allen); 2028 3(plehv79); Treylon Burks; 2028 3(Oliverwkw); Emeka Egbuka; Zach Charbonnet; 2027 2(BROsenzweig); 2029 4(plehv79); Isiah Pacheco; 2026 4.05(J. Lane); 2026 4.06(S. Bell); Alvin Kamara; DK Metcalf; Cam Skattebo; Cole Kmet; Chase Claypool; 2022 4.02(W. Robinson); 2024 4.08(J. Baker); Trey Lance; 2022 2.07(T. Allgeier),,,8.5501,7.5643,,,,,-6.9643,0.0,0.0,0.0,0.0,0.0,0.0,0.0,0.0,0.0,53.9,-7.69,2,0.0382,621.5,2354.8,2791.8,4263.5,T#236; T#378,T#233; T#232,120.0,,,
stevenb123,LWebs53,Chase Edmonds; 2022 2.05(C. Watson),Dawson Knox; Hunter Renfrow; 2023 4.07(O. Beckham); 2023 3.06(R. Johnson),2,4,8,2022-07-02 21:00:16,2022,0.3,0.67,0.16,3222.0,,2022 2.05(C. Watson),Chase Edmonds,Leonard Fournette; Julio Jones; 2022 2.01(G. Pickens); 2024 1.02(C. Williams),Deebo Samuel; Amari Rodgers; Kyle Trask; 2022 4.04(T. Davis-Price),Leonard Fournette; Julio Jones; 2022 2.01(G. Pickens); 2024 1.02(C. Williams); 2022 3.03(J. Tolbert); 2022 4.03(I. Pacheco); Hunter Renfrow; 2022 1.06(G. Wilson); 2022 3.06(D. Bell); 2023 4.02(C. Brown); K.J. Osborn; 2024 4.04(M. Lloyd); Treylon Burks; 2028 3(Oliverwkw),6.2,6.2756,6.6095,7.8705,9.66,9.7778,-0.4095,-1.5949,-2.3949,0.0,0.0,0.0,0.0,0.0,0.0,0.0,0.0,0.0,37.5,0.56,3,-0.0069,-2090.9,-1898.2,-1032.8,-752.4,#1454; T#119,PH#527; PH#77,124.0,Oliverwkw,,
stevenb123,JacobRosenzweig,Leonard Fournette; Julio Jones; 2022 2.01(G. Pickens); 2024 1.02(C. Williams),Deebo Samuel; Amari Rodgers; Kyle Trask; 2022 2.05(C. Watson); 2022 4.04(T. Davis-Price),4,5,9,2022-07-04 02:10:26,2022,0.8,-0.57,-0.14,8554.5,2024 1.02(C. Williams),Julio Jones; 2022 2.01(G. Pickens),Leonard Fournette,2022 3.03(J. Tolbert); 2022 4.03(I. Pacheco); Hunter Renfrow; 2022 1.06(G. Wilson); 2022 3.06(D. Bell); 2023 4.02(C. Brown),2022 3.06(D. Bell); 2022 4.06(T. McBride); Jerry Jeudy,2022 3.03(J. Tolbert); 2022 4.03(I. Pacheco); Hunter Renfrow; 2022 1.06(G. Wilson); 2022 3.06(D. Bell); 2023 4.02(C. Brown); K.J. Osborn; 2024 4.04(M. Lloyd); Treylon Burks; 2028 3(Oliverwkw),16.0076,14.6474,4.9735,5.1532,17.29,17.5975,11.0341,9.4942,28.2329,599.06,484.3,114.76,17.12,13.84,3.28,14.81,14.73,0.09,79.7,2.18,2,0.0129,-142.9,711.1,1027.9,1497.7,#1467; T#54; T#304; PH#130,PH#467; PH#398; PH#73; PH#130,1613.0,,,
stevenb123,shmuel256,Cole Kmet; Chase Claypool; 2022 4.02(W. Robinson); 2024 4.08(J. Baker),2022 2.02(J. Cook),4,1,5,2022-07-05 02:10:31,2022,-2.8,-4.36,-1.04,3132.5,2022 4.02(W. Robinson),Chase Claypool; 2024 4.08(J. Baker),Cole Kmet,2022 2.07(T. Allgeier); K.J. Osborn,2023 4.02(C. Brown),2022 2.07(T. Allgeier); K.J. Osborn; 2024 4.04(M. Lloyd); Treylon Burks; 2028 3(Oliverwkw),5.625,6.21,,,7.92,9.3732,5.625,6.21,6.41,6.5,8.6,-2.1,6.5,8.6,-2.1,8.58,8.7,-0.13,37.0,0.41,2,0.0065,2268.5,1423.5,445.0,627.5,#1453; T#10; PH#90; T#242,#1228; T#367; T#376; T#375,942.0,,,
stevenb123,Oliverwkw,James Conner; 2022 1.05(J. Williams); 2023 4.05(E. Gray); 2024 1.05(D. Maye); 2024 4.05(M. Corley),Austin Ekeler; 2023 3.07(W. Levis); 2022 1.04(T. Burks),5,3,8,2022-07-25 09:50:48,2022,1.2,1.49,0.36,11913.5,2022 1.05(J. Williams),James Conner; 2023 4.05(E. Gray); 2024 1.05(D. Maye); 2024 4.05(M. Corley),,K.J. Osborn; 2026 3.02(C. Okonkwo); 2024 4.06(K. Vidal); Dalton Schultz; 2024 2.04(L. McConkey); 2023 3.02(J. Hyatt); Mike Williams; Michael Gallup; 2022 4.06(T. McBride); 2024 2.07(R. Pearsall),Joshua Palmer; Wan'Dale Robinson; 2024 1.05(D. Maye); 2024 4.05(M. Corley); 2023 4.05(E. Gray); Chris Godwin; Kenny Gainwell; 2022 3.04(R. Doubs),K.J. Osborn; 2026 3.02(C. Okonkwo); 2024 4.06(K. Vidal); Rashod Bateman; 2024 2.08(X. Legette); Aaron Rodgers; Dalton Schultz; 2024 2.04(L. McConkey); 2023 3.02(J. Hyatt); 2025 3.05(K. Williams); 2025 3.01(T. Harris); 2024 2.07(R. Pearsall); 2026 3.01(E. Sarratt); 2023 2.08(S. LaPorta); Derrick Henry; Jaylen Waddle; Cooper Kupp; 2027 4(shmuel256); 2025 4.01(J. Blue); 2026 2.02(T. Simpson); 2028 2(stevenb123); DeAndre Hopkins; Michael Mayer; 2027 4(plehv79); 2026 4.03(C. Beck); 2026 4.04(K. Allen); Isaac Guerendo; Jonathan Taylor; 2025 4.08(P. Bryant); 2027 3(LWebs53); 2028 3(plehv79); Isiah Pacheco; 2026 4.05(J. Lane); 2026 4.06(S. Bell); Alvin Kamara; Kirk Cousins; 2026 2.06(J. Coleman); Jake Ferguson; 2027 4(AceMatthew); DK Metcalf; Mike Williams; Michael Gallup; 2022 4.06(T. McBride); 2023 2.05(H. Hooker); 2023 1.04(B. Young); 2022 3.03(J. Tolbert); 2022 4.03(I. Pacheco),10.976,11.207,17.0351,17.2428,19.66,19.8997,-6.0591,-6.0358,-11.0004,230.2,231.1,-0.9,14.39,14.44,-0.06,14.71,14.59,0.12,62.8,-1.36,2,0.0379,-16.1,268.5,783.8,2912.3,T#184; PH#69; T#15; T#15; T#303,T#235; PH#69; PH#125; PH#133; PH#157,2608.0,,,
stevenb123,plehv79,Mike Williams; Michael Gallup; 2022 4.06(T. McBride); 2024 2.07(R. Pearsall),Chris Godwin; Kenny Gainwell; 2024 4.05(M. Corley); 2022 3.04(R. Doubs),4,4,8,2022-07-28 12:47:26,2022,-1.2,-1.81,-0.43,4773.0,,Mike Williams; 2022 4.06(T. McBride); 2024 2.07(R. Pearsall),Michael Gallup,2023 2.05(H. Hooker); 2023 1.04(B. Young); 2022 3.03(J. Tolbert); 2022 4.03(I. Pacheco); Tony Pollard,Alvin Kamara; 2025 1.08(Q. Judkins); 2023 2.03(D. Achane); Julio Jones; 2022 3.06(D. Bell); 2025 3.08(J. Milroe),2023 2.05(H. Hooker); 2023 1.04(B. Young); 2022 3.03(J. Tolbert); 2022 4.03(I. Pacheco); Tony Pollard; 2024 4.07(T. Tracy); 2026 1.01(J. Love); Treylon Burks; 2028 3(Oliverwkw); Emeka Egbuka; Zach Charbonnet; 2027 2(BROsenzweig); 2026 3.02(C. Okonkwo); 2029 4(plehv79); Cam Skattebo; Alvin Kamara,10.7857,11.1917,10.2842,10.5934,12.99,13.4789,0.5016,0.5982,2.4797,72.8,85.5,-12.7,12.13,14.25,-2.12,12.59,14.74,-2.15,31.6,1.11,2,0.0017,156.7,-249.7,-63.3,-147.5,T#395; #1470; T#54; T#120,PH#12; PH#5; PH#94; PH#143,918.0,,,
stevenb123,plehv79,Hunter Renfrow; 2022 1.06(G. Wilson); 2022 3.06(D. Bell); 2023 4.02(C. Brown),Jerry Jeudy; 2022 2.01(G. Pickens),4,2,6,2022-08-13 02:10:37,2022,-0.3,-0.81,-0.19,8814.5,2022 1.06(G. Wilson),2022 3.06(D. Bell); 2023 4.02(C. Brown),Hunter Renfrow,2022 3.03(J. Tolbert); 2022 4.03(I. Pacheco); K.J. Osborn,Julio Jones; 2022 4.06(T. McBride); 2024 4.08(J. Baker),2022 3.03(J. Tolbert); 2022 4.03(I. Pacheco); K.J. Osborn; 2024 4.04(M. Lloyd); Treylon Burks; 2028 3(Oliverwkw),9.9408,10.3149,10.5559,10.9532,13.5,14.0081,-0.6151,-0.6382,-0.4382,654.1,733.9,-79.8,14.22,15.95,-1.73,14.87,16.71,-1.84,37.7,0.25,2,0.0026,907.7,451.0,-115.1,958.2,#1455; PH#70; T#54; T#242,T#302; PH#70; PH#86; PH#122,225.0,,,
stevenb123,BROsenzweig,2022 3.03(J. Tolbert); 2022 4.03(I. Pacheco),Julio Jones; 2022 3.06(D. Bell); 2022 4.06(T. McBride),2,3,5,2022-08-23 02:10:27,2022,1.3,0.94,0.23,4687.0,2022 3.03(J. Tolbert); 2022 4.03(I. Pacheco),,,,,,4.7714,4.8347,8.2545,8.5652,,,-3.4831,-3.7305,-3.7305,76.6,33.5,43.1,12.77,5.58,7.18,13.1,6.63,6.46,63.7,-3.86,2,0.0167,-97.5,307.2,469.6,469.6,PH#83; PH#91,PH#83; PH#91,40.0,,,
stevenb123,AceMatthew,2022 2.07(T. Allgeier),Chase Claypool,1,1,2,2022-08-26 22:11:11,2022,2.1,0.86,0.21,3357.0,2022 2.07(T. Allgeier),,,,,,9.7267,9.8452,7.0027,7.2662,,,2.724,2.579,2.579,16.5,0.0,16.5,16.5,0.0,16.5,16.7,0.0,16.7,86.2,-2.16,2,0.0035,101.0,801.0,1854.0,3534.0,PH#79,T#9,-11.0,,,
stevenb123,JacobRosenzweig,Tony Pollard,2025 3.08(J. Milroe); 2024 2.07(R. Pearsall),1,2,3,2022-09-22 02:10:27,2022,2.0,-0.49,-0.12,,,Tony Pollard,,2024 4.07(T. Tracy); 2026 1.01(J. Love),,2024 4.07(T. Tracy); 2026 1.01(J. Love); Treylon Burks; 2028 3(Oliverwkw); Emeka Egbuka; Zach Charbonnet; 2027 2(BROsenzweig); 2026 3.02(C. Okonkwo); 2029 4(plehv79); Cam Skattebo; Alvin Kamara,17.1462,17.3552,,,8.88,8.9882,17.1462,17.3552,40.5875,175.9,0.0,175.9,21.99,0.0,21.99,22.26,0.0,22.26,75.8,5.84,2,-0.0269,-1471.3,-557.3,-72.5,-2393.4,T#323,PH#18,,,,
stevenb123,shmuel256,2024 4.05(M. Corley),Nico Collins,1,1,2,2022-09-22 02:10:28,2022,-1.9,-2.49,-0.61,1467.0,,2024 4.05(M. Corley),,Dalton Schultz; 2024 2.04(L. McConkey); 2023 3.02(J. Hyatt),Joshua Palmer; Wan'Dale Robinson; 2023 4.05(E. Gray); 2024 1.05(D. Maye),Dalton Schultz; 2024 2.04(L. McConkey); 2023 3.02(J. Hyatt); 2025 3.05(K. Williams); 2025 3.01(T. Harris); 2024 2.07(R. Pearsall); 2026 3.01(E. Sarratt); 2023 2.08(S. LaPorta); Derrick Henry; Jaylen Waddle; Cooper Kupp; 2027 4(shmuel256); 2025 4.01(J. Blue); 2026 2.02(T. Simpson); 2028 2(stevenb123); DeAndre Hopkins; Michael Mayer; 2027 4(plehv79); 2026 4.03(C. Beck); 2026 4.04(K. Allen); Isaac Guerendo; Jonathan Taylor; 2025 4.08(P. Bryant); 2027 3(LWebs53); 2028 3(plehv79); Isiah Pacheco; 2026 4.05(J. Lane); 2026 4.06(S. Bell); Alvin Kamara; Kirk Cousins; 2026 2.06(J. Coleman); Jake Ferguson; 2027 4(AceMatthew); DK Metcalf,,,15.6661,16.2557,,,,,-16.0557,0.0,0.0,0.0,0.0,0.0,0.0,0.0,0.0,0.0,5.9,-3.45,2,0.006,-919.0,-1039.0,-2249.0,-4835.5,T#15,T#381,733.5,,,
stevenb123,AceMatthew,Courtland Sutton; 2023 2.03(D. Achane),Joe Burrow,2,1,3,2022-09-28 12:54:56,2022,1.1,2.0,0.5,4675.0,Courtland Sutton,2023 2.03(D. Achane),,2023 2.05(H. Hooker); 2023 1.04(B. Young),Alvin Kamara; Mike Williams; 2025 1.08(Q. Judkins),2023 2.05(H. Hooker); 2023 1.04(B. Young),12.1541,12.6115,19.4096,15.8856,12.108,12.5637,-7.2555,-3.2741,-5.8485,398.1,442.18,-44.08,11.71,13.01,-1.3,12.27,10.69,1.58,52.2,-1.78,2,0.0114,775.4,-1722.6,-1819.2,-967.8,; T#243,PH#429; PH#107,-418.0,,,
stevenb123,AceMatthew,Dalton Schultz; 2024 2.04(L. McConkey); 2023 3.02(J. Hyatt),Joshua Palmer; Wan'Dale Robinson; 2023 4.05(E. Gray); 2024 1.05(D. Maye); 2024 4.05(M. Corley),3,5,8,2022-11-30 02:10:51,2022,0.2,-0.87,-0.25,7287.5,,Dalton Schultz; 2024 2.04(L. McConkey); 2023 3.02(J. Hyatt),,2025 3.05(K. Williams); 2025 3.01(T. Harris); 2024 2.07(R. Pearsall); 2026 3.01(E. Sarratt); 2023 2.08(S. LaPorta),2025 3.08(J. Milroe); 2023 3.06(R. Johnson),2025 3.05(K. Williams); Derrick Henry; Jaylen Waddle; 2025 3.01(T. Harris); 2024 2.07(R. Pearsall); 2026 3.01(E. Sarratt); Cooper Kupp; 2027 4(shmuel256); 2025 4.01(J. Blue); 2026 2.02(T. Simpson); 2028 2(stevenb123); DeAndre Hopkins; Michael Mayer; 2027 4(plehv79); 2026 4.03(C. Beck); 2026 4.04(K. Allen); Isaac Guerendo; Jonathan Taylor; 2025 4.08(P. Bryant); 2027 3(LWebs53); 2028 3(plehv79); Isiah Pacheco; 2026 4.05(J. Lane); 2026 4.06(S. Bell); Alvin Kamara; Kirk Cousins; 2026 2.06(J. Coleman); Jake Ferguson; 2027 4(AceMatthew); DK Metcalf; 2023 2.08(S. LaPorta),9.8667,13.0177,7.6083,7.8947,13.0,17.1517,2.2583,5.123,7.049,55.4,35.8,19.6,11.08,7.16,3.92,14.62,7.43,7.19,58.3,1.26,2,-0.03,-1472.6,-1593.9,-1706.0,-2450.1,T#407; T#330; T#320,#39; PH#140; T#14,-273.5,,,
stevenb123,plehv79,Cam Akers,2025 4.08(P. Bryant),1,1,2,2022-12-01 02:10:59,2022,2.1,1.21,0.35,,,Cam Akers,,2025 3.08(J. Milroe); 2023 1.03(J. Gibbs); 2023 3.06(R. Johnson); 2024 1.07(B. Bowers),Lamar Jackson; Tyler Allgeier,2025 3.08(J. Milroe); 2023 1.03(J. Gibbs); 2023 3.06(R. Johnson); 2024 1.07(B. Bowers); 2023 2.08(S. LaPorta); Jalin Hyatt; 2024 1.01(M. Harrison); 2026 4.08(M. Trigg); 2025 4.02(T. Shough); 2027 4(Oliverwkw); Trey Lance; 2025 2.04(K. Johnson),18.06,18.2801,,,3.12,3.158,18.06,18.2801,26.1233,14.3,0.0,14.3,14.3,0.0,14.3,14.47,0.0,14.47,80.1,4.19,2,-0.0073,822.5,2105.5,-782.0,-576.5,T#319,PH#427,,,,
stevenb123,shmuel256,2025 4.04(D. Neal),2025 2.08(J. Dart),1,1,2,2023-01-14 02:11:02,2023,2.8,5.0,1.57,1461.5,,2025 4.04(D. Neal),,Trey McBride,,Trey McBride,,,,,,,,,-1.6,0.0,0.0,0.0,0.0,0.0,0.0,0.0,0.0,0.0,40.9,0.0,2,-0.0089,-1820.0,-1851.5,-1756.5,-1906.5,T#317,T#387,973.0,,,
stevenb123,Oliverwkw,K.J. Osborn,2023 4.02(C. Brown); 2024 4.08(J. Baker),1,2,3,2023-01-21 02:11:13,2023,-1.2,-2.0,-0.63,,,K.J. Osborn,,2024 4.04(M. Lloyd),,2024 4.04(M. Lloyd); Treylon Burks; 2028 3(Oliverwkw),8.4,8.4827,,,16.2,16.3594,8.4,8.4827,8.2827,3.7,0.0,3.7,3.7,0.0,3.7,3.74,0.0,3.74,44.0,4.73,2,-0.01,-1060.3,-1682.3,-1651.3,-2509.3,T#249,#950,,,,
stevenb123,plehv79,Trey McBride,2025 4.04(D. Neal),1,1,2,2023-03-14 02:11:17,2023,5.9,6.0,1.89,,Trey McBride,,,,,,15.198,19.8095,,,9.58,12.4868,15.198,19.8095,60.5271,653.2,55.9,597.3,16.75,1.43,15.32,21.36,1.38,19.98,98.6,3.78,2,-0.0058,1273.5,3078.5,3185.5,4089.0,,PH#94,,,,
stevenb123,shmuel256,Derek Carr; Calvin Ridley,Tee Higgins,2,1,3,2023-03-25 02:10:34,2023,-1.8,-3.81,-1.2,,,Derek Carr; Calvin Ridley,,2026 4.07(D. Mooney); 2024 4.05(M. Corley); 2024 2.08(X. Legette),2026 4.07(D. Mooney); 2024 4.06(K. Vidal),2026 4.07(D. Mooney); 2024 4.05(M. Corley); 2024 2.08(X. Legette); 2024 4.03(R. Wilson); Aaron Rodgers; 2024 4.06(K. Vidal); Derrick Henry; Jaylen Waddle,12.5087,11.5413,9.7333,9.8291,13.508,12.5179,2.7753,1.7121,4.7059,171.06,62.0,109.06,15.55,5.64,9.91,14.97,5.69,9.28,46.0,5.95,2,-0.0155,1097.2,-333.0,-118.6,-1590.6,T#21; T#414,T#387; T#376,,,,
stevenb123,Oliverwkw,2023 2.05(H. Hooker); 2023 1.04(B. Young),Alvin Kamara; Mike Williams; 2025 1.08(Q. Judkins); 2023 2.03(D. Achane),2,4,10,2023-05-28 02:11:32,2023,-4.9,-9.0,-2.83,9324.0,2023 2.05(H. Hooker); 2023 1.04(B. Young),,,,,,5.8312,4.865,10.7315,10.9973,,,-4.9003,-6.1323,-11.1323,13.64,9.9,3.74,13.64,9.9,3.74,11.12,9.54,1.58,25.6,-2.75,3,-0.0172,-1056.8,-1116.2,-1134.3,-1624.2,PH#109; PH#100,PH#109; PH#100,349.0,shmuel256,,
stevenb123,AceMatthew,2025 3.08(J. Milroe); 2023 1.03(J. Gibbs); 2023 3.06(R. Johnson); 2024 1.07(B. Bowers),Lamar Jackson; Cam Akers; Tyler Allgeier,4,3,10,2023-06-11 21:23:09,2023,0.7,-1.39,-0.44,16218.5,2023 1.03(J. Gibbs),2025 3.08(J. Milroe); 2023 3.06(R. Johnson); 2024 1.07(B. Bowers),,2023 2.08(S. LaPorta); Jalin Hyatt; 2024 1.01(M. Harrison); 2026 4.08(M. Trigg),2023 3.06(R. Johnson); 2023 3.02(J. Hyatt); 2025 3.08(J. Milroe); 2026 1.05(M. Lemon); 2026 2.05(N. Singleton),2023 2.08(S. LaPorta); Jalin Hyatt; 2024 1.01(M. Harrison); 2026 4.08(M. Trigg); 2025 4.02(T. Shough); 2027 4(Oliverwkw); Trey Lance; 2025 2.04(K. Johnson),20.2633,20.8881,11.2059,10.169,,,9.0573,10.7191,16.3191,760.8,671.66,89.14,21.74,19.19,2.55,21.0,16.27,4.73,75.0,-3.49,3,0.0463,-263.2,1358.5,1408.1,178.4,T#320; PH#99; T#320; T#401,T#315; PH#99; T#302; PH#135,1609.5,plehv79,,
stevenb123,plehv79,2023 2.08(S. LaPorta),2025 3.08(J. Milroe); 2023 3.06(R. Johnson); 2023 3.02(J. Hyatt),1,3,4,2023-06-11 21:54:32,2023,2.0,2.0,0.63,3519.0,2023 2.08(S. LaPorta),,,,,,12.4742,16.2592,,,,,12.4742,16.2592,15.6592,144.6,78.1,66.5,12.05,6.51,5.54,15.79,6.6,9.19,70.3,0.67,2,-0.0096,-2022.6,-2187.3,-2200.8,-2485.4,PH#112,T#310,-158.0,,,
stevenb123,AceMatthew,Curtis Samuel,2026 3.05(T. Hurst),1,1,2,2023-08-11 02:12:00,2023,0.1,-1.0,-0.31,,,,Curtis Samuel,,,,9.23,9.3208,,,8.1,8.1797,9.23,9.3208,19.7363,46.9,0.0,46.9,9.38,0.0,9.38,9.47,0.0,9.47,65.5,8.06,2,-0.0133,-486.5,-566.0,-52.0,-1684.0,#1491,#18,,,,
stevenb123,shmuel256,Jalin Hyatt; 2024 1.01(M. Harrison); 2026 4.08(M. Trigg),2026 1.05(M. Lemon); 2026 2.05(N. Singleton); 2024 1.07(B. Bowers),3,3,6,2023-08-24 11:41:45,2023,-1.1,-1.87,-0.59,7258.0,2024 1.01(M. Harrison),Jalin Hyatt; 2026 4.08(M. Trigg),,2025 4.02(T. Shough); 2027 4(Oliverwkw); Trey Lance,Cole Kmet; 2026 4.05(J. Lane),2025 4.02(T. Shough); 2027 4(Oliverwkw); 2025 2.04(K. Johnson); Trey Lance,6.9401,7.2398,,,,,6.9401,7.2398,0.6398,163.9,187.5,-23.6,11.71,13.39,-1.69,12.42,17.58,-5.16,21.0,0.98,2,-0.0403,-1823.4,-1676.2,-2120.6,-2730.1,PH#114; PH#129; T#244,; T#373; PH#224,1063.5,,,
stevenb123,plehv79,2024 4.07(T. Tracy); 2026 1.01(J. Love),Tony Pollard,2,1,3,2023-08-24 12:20:27,2023,-1.3,-2.49,-0.78,6451.5,,2024 4.07(T. Tracy); 2026 1.01(J. Love),,Treylon Burks; 2028 3(Oliverwkw); Emeka Egbuka; Zach Charbonnet; 2027 2(BROsenzweig); 2026 3.02(C. Okonkwo); 2029 4(plehv79),2024 4.04(M. Lloyd); 2028 2(stevenb123); Harold Fannin; Jaylin Noel,Treylon Burks; 2028 3(Oliverwkw); Emeka Egbuka; Zach Charbonnet; 2027 2(BROsenzweig); 2026 3.02(C. Okonkwo); 2029 4(plehv79); Cam Skattebo; Alvin Kamara,,,12.0944,12.4674,,,,,-7.2674,0.0,0.0,0.0,0.0,0.0,0.0,0.0,0.0,0.0,33.5,-6.34,2,0.0404,401.5,1779.7,2932.4,3528.8,T#250; T#344,PH#159; PH#193,888.5,,,
stevenb123,Oliverwkw,Trey Lance,Cole Kmet; 2026 4.05(J. Lane); 2026 4.08(M. Trigg),1,3,4,2023-08-24 13:07:21,2023,-0.1,1.0,0.31,,,,Trey Lance,,,,0.0,0.0,11.71,15.2631,9.1,7.5922,-11.71,-15.2631,-15.6631,0.0,0.0,0.0,0.0,0.0,0.0,0.0,0.0,0.0,18.6,2.48,2,-0.0117,-1679.1,-3537.4,-3083.4,-3151.2,#1483,T#395,,,,
stevenb123,LWebs53,Rachaad White; 2024 4.01(J. Sanders),Isiah Pacheco,2,1,3,2023-10-10 02:13:06,2023,1.5,2.12,0.74,1958.0,,Rachaad White; 2024 4.01(J. Sanders),,2026 4.05(J. Lane); 2025 2.05(T. Warren); 2025 4.07(H. Fannin); 2025 4.05(E. Arroyo); 2026 4.06(S. Bell); 2026 4.08(M. Trigg),,2026 4.05(J. Lane); 2025 2.05(T. Warren); 2025 4.07(H. Fannin); Ben Sinnott; 2029 3(Oliverwkw); Isaac Guerendo; Jonathan Taylor; 2025 4.08(P. Bryant); 2027 3(LWebs53); Tyrone Tracy; Tony Pollard; Kirk Cousins; 2026 2.06(J. Coleman); Jake Ferguson; 2027 4(AceMatthew); DK Metcalf; 2025 4.05(E. Arroyo); 2026 4.06(S. Bell); 2026 4.08(M. Trigg); Keaton Mitchell; 2024 4.03(R. Wilson),15.72,16.2048,15.9133,16.4041,11.58,11.9371,-0.1933,-0.1993,-0.5413,210.7,158.6,52.1,16.21,12.2,4.01,16.69,12.5,4.19,69.1,-1.69,2,0.0047,677.8,1862.2,-216.8,1311.2,T#268; T#190,T#316; T#164,304.0,,,
stevenb123,Oliverwkw,2024 4.04(M. Lloyd),K.J. Osborn,1,1,2,2023-10-23 00:39:48,2023,-0.0,0.0,0.0,2051.0,,2024 4.04(M. Lloyd),,Treylon Burks; 2028 3(Oliverwkw),2024 4.07(T. Tracy); 2028 2(stevenb123),Treylon Burks; 2028 3(Oliverwkw),,,5.1733,5.2242,,,,,-5.0242,0.0,0.0,0.0,0.0,0.0,0.0,0.0,0.0,0.0,44.1,-5.23,2,0.0081,9.0,667.0,1280.0,2262.0,T#250,T#241,211.0,,,
stevenb123,Oliverwkw,Treylon Burks; 2028 3(Oliverwkw),2024 4.04(M. Lloyd); 2024 4.07(T. Tracy); 2028 2(stevenb123),2,3,5,2023-10-31 20:53:26,2023,-0.1,0.0,0.0,2527.0,2028 3(Oliverwkw),,Treylon Burks,,,,3.85,3.8879,,,4.54,4.5847,3.85,3.8879,2.2879,0.0,0.0,0.0,0.0,0.0,0.0,0.0,0.0,0.0,34.1,0.55,2,-0.015,-829.4,-1201.8,-2216.9,-2325.4,#1523; ,PH#68; ,,,,
stevenb123,shmuel256,2025 3.05(K. Williams),Dalton Schultz,1,1,2,2023-11-01 22:04:33,2023,0.2,0.36,0.13,2802.0,,2025 3.05(K. Williams),,Derrick Henry; Jaylen Waddle,2024 1.04(J. Daniels); 2025 4.04(D. Neal); 2024 4.06(K. Vidal); 2026 4.08(M. Trigg),Derrick Henry; Jaylen Waddle,,,9.1647,11.9455,,,,,-11.3455,0.0,0.0,0.0,0.0,0.0,0.0,0.0,0.0,0.0,38.4,-7.14,2,0.0126,628.0,17.5,733.0,1087.0,T#186,T#402,324.5,,,
stevenb123,AceMatthew,2026 4.07(D. Mooney); 2024 4.05(M. Corley),Derek Carr,2,1,3,2023-11-03 21:44:31,2023,0.2,0.04,0.01,3508.0,,2026 4.07(D. Mooney); 2024 4.05(M. Corley),,2024 2.08(X. Legette); 2024 4.03(R. Wilson),Calvin Ridley; 2024 4.06(K. Vidal); 2026 4.08(M. Trigg),2024 2.08(X. Legette); Aaron Rodgers; 2024 4.06(K. Vidal); Derrick Henry; Jaylen Waddle; 2024 4.03(R. Wilson),,,14.9378,12.4627,,,,,-12.0627,0.0,0.0,0.0,0.0,0.0,0.0,0.0,0.0,0.0,44.2,-12.44,2,0.022,105.0,571.6,907.9,3656.9,T#414; T#31,PH#223; T#15,1019.0,,,
stevenb123,LWebs53,K.J. Osborn; 2026 3.02(C. Okonkwo); 2024 4.06(K. Vidal); $4 FAAB; $15 FAAB,James Conner,3,1,5,2023-11-05 10:57:22,2023,-0.2,-1.9,-0.7,4375.0,,K.J. Osborn; 2026 3.02(C. Okonkwo); 2024 4.06(K. Vidal),,Rashod Bateman; 2024 2.08(X. Legette),Calvin Ridley; 2026 4.07(D. Mooney),Rashod Bateman; 2024 2.08(X. Legette); Aaron Rodgers; 2024 4.06(K. Vidal); Derrick Henry; Jaylen Waddle,3.7,3.7364,,,9.78,9.8762,3.7,3.7364,15.7456,3.7,0.0,3.7,3.7,0.0,3.7,3.74,0.0,3.74,75.3,-6.25,3,0.0148,2002.9,2107.3,1623.2,3221.9,T#126; T#27; T#414; ; ,T#502; T#183; T#237; ; ,811.5,Oliverwkw,,
stevenb123,AceMatthew,Drake London; 2026 3.05(T. Hurst); 2024 1.04(J. Daniels); 2025 2.04(K. Johnson); 2026 2.07(C. Bell); 2026 4.02(Z. Branch),CeeDee Lamb,6,1,7,2023-11-05 12:55:39,2023,0.6,-0.32,-0.12,17769.0,Drake London,2026 3.05(T. Hurst); 2024 1.04(J. Daniels); 2025 2.04(K. Johnson); 2026 2.07(C. Bell); 2026 4.02(Z. Branch),,Aaron Rodgers; 2024 4.06(K. Vidal); Derrick Henry; Jaylen Waddle; 2025 3.02(B. Tuten); Quentin Johnston,2024 2.08(X. Legette); 2025 4.04(D. Neal); 2025 3.05(K. Williams); 2024 4.06(K. Vidal); 2026 4.08(M. Trigg),Aaron Rodgers; 2024 4.06(K. Vidal); Derrick Henry; Jaylen Waddle; 2025 3.02(B. Tuten); 2025 2.04(K. Johnson); Quentin Johnston; 2026 4.04(K. Allen); Alvin Kamara,14.5838,14.7273,19.5171,19.7091,13.976,14.1135,-4.9333,-4.9818,-8.1212,530.7,588.7,-58.0,14.74,16.35,-1.61,15.64,17.14,-1.49,50.1,-4.38,2,0.0753,5115.1,3893.3,4643.8,6088.4,; T#70; T#186; T#136; T#28; T#83,PH#66; T#18; PH#132; PH#172; PH#207; T#19,2219.0,,,
stevenb123,JacobRosenzweig,$2 FAAB,K.J. Osborn,0,1,1,2023-11-07 11:26:06,2023,-0.4,0.0,0.0,,,,,,,,,,4.3077,4.3501,,,,,-4.3501,0.0,0.0,0.0,0.0,0.0,0.0,0.0,0.0,0.0,30.5,0.0,2,0.004,-1716.0,-1370.0,-709.0,200.0,,,,,,
stevenb123,shmuel256,Aidan O'Connell,$5 FAAB,1,0,1,2023-12-06 20:44:42,2023,-0.0,0.0,0.0,,,Aidan O'Connell,,,,,13.325,11.1172,,,8.768,7.3152,13.325,11.1172,11.1172,0.0,0.0,0.0,0.0,0.0,0.0,0.0,0.0,0.0,52.4,0.0,2,-0.0027,1715.0,1606.0,1100.0,451.0,T#334,T#410,,,,
stevenb123,plehv79,2025 4.07(H. Fannin),Noah Brown; Clyde Edwards-Helaire,1,2,3,2023-12-10 12:44:17,2023,-0.1,0.0,0.0,1818.5,,2025 4.07(H. Fannin),,,,,,,5.7998,5.9066,,,,,-5.7066,0.0,0.0,0.0,0.0,0.0,0.0,0.0,0.0,0.0,40.6,-6.03,2,0.0123,-1020.3,-1197.1,225.9,1530.5,T#262,T#321,616.0,,,
stevenb123,shmuel256,2024 2.08(X. Legette),Calvin Ridley; 2026 4.07(D. Mooney); 2024 4.06(K. Vidal),1,3,4,2023-12-12 02:13:32,2023,-0.1,0.17,0.07,3667.0,,2024 2.08(X. Legette),,Aaron Rodgers; 2024 4.06(K. Vidal),2026 3.05(T. Hurst),Aaron Rodgers; 2024 4.06(K. Vidal); Derrick Henry; Jaylen Waddle,,,10.5733,10.6774,,,,,-9.2774,0.0,0.0,0.0,0.0,0.0,0.0,0.0,0.0,0.0,27.1,-1.9,2,0.0108,-1700.0,-1331.0,-1399.0,-812.2,T#415,T#372,-237.0,,,
stevenb123,BROsenzweig,2025 4.04(D. Neal); 2026 4.08(M. Trigg),Tucker Kraft,2,1,3,2023-12-13 02:13:29,2023,-0.2,-0.05,-0.02,3421.0,,2025 4.04(D. Neal); 2026 4.08(M. Trigg),,Derrick Henry; Jaylen Waddle,2024 1.04(J. Daniels); 2025 3.05(K. Williams); 2024 4.06(K. Vidal); 2026 4.08(M. Trigg); 2025 4.04(D. Neal),Derrick Henry; Jaylen Waddle,,,10.3914,13.5445,,,,,-13.1445,0.0,0.0,0.0,0.0,0.0,0.0,0.0,0.0,0.0,22.6,-3.33,2,0.0094,989.8,661.1,74.5,-1041.1,T#186; T#186,T#65; T#67,1401.5,,,
stevenb123,BROsenzweig,Aaron Rodgers; 2024 4.06(K. Vidal),2026 3.05(T. Hurst); 2024 2.08(X. Legette),2,2,6,2024-03-04 02:11:57,2024,1.0,0.29,0.13,2156.0,,2024 4.06(K. Vidal),Aaron Rodgers,Derrick Henry; Jaylen Waddle,2024 1.04(J. Daniels); 2025 4.04(D. Neal); 2025 3.05(K. Williams); 2026 4.08(M. Trigg),Derrick Henry; Jaylen Waddle,13.9709,11.59,,,10.188,8.4517,13.9709,11.59,23.2824,63.94,17.9,46.04,12.79,3.58,9.21,10.61,3.78,6.83,68.5,10.38,3,-0.0253,-1316.0,-2010.7,-2104.9,-1988.5,#1544; T#186,T#385; T#414,-17.0,shmuel256,,
stevenb123,LWebs53,Derrick Henry; Jaylen Waddle,2024 1.04(J. Daniels); 2025 4.04(D. Neal); 2025 3.05(K. Williams); 2024 4.06(K. Vidal); 2026 4.08(M. Trigg); $10 FAAB,2,5,7,2024-05-13 15:06:28,2024,1.9,2.0,0.92,,Derrick Henry; Jaylen Waddle,,,,,,14.7175,14.7388,,,13.448,13.589,14.7175,14.7388,40.9864,789.52,652.72,136.8,21.93,18.13,3.8,21.73,15.81,5.93,69.2,7.01,2,-0.031,-2582.7,-2898.9,-3382.0,-3073.2,; ,T#177; T#235,,,,
stevenb123,AceMatthew,Rashod Bateman; $5 FAAB,2026 3.02(C. Okonkwo),1,1,2,2024-06-30 02:05:19,2024,-0.2,0.0,0.0,,,,Rashod Bateman,,,,9.75,10.2855,,,5.36,5.6544,9.75,10.2855,9.6855,0.0,0.0,0.0,0.0,0.0,0.0,0.0,0.0,0.0,43.8,4.76,2,-0.0084,-175.0,13.5,84.5,-547.0,#1565; ,PH#46; ,,,,
stevenb123,BROsenzweig,Michael Thomas,$2 FAAB,1,0,1,2024-07-03 02:14:03,2024,-0.3,0.0,0.0,,,,Michael Thomas,,,,,,,,7.08,7.4688,,,0.0,0.0,0.0,0.0,0.0,0.0,0.0,0.0,0.0,0.0,33.8,0.0,2,-0.0079,126.0,-200.0,-200.0,-200.0,#1516,PH#391,,,,
stevenb123,AceMatthew,Quentin Johnston,2026 2.07(C. Bell),1,1,2,2024-07-10 17:32:18,2024,-0.2,0.0,0.0,,,Quentin Johnston,,2026 4.04(K. Allen),2027 4(shmuel256),2026 4.04(K. Allen); Alvin Kamara,10.2214,10.7828,,,7.52,7.933,10.2214,10.7828,8.9828,0.0,0.0,0.0,0.0,0.0,0.0,0.0,0.0,0.0,45.8,2.99,2,-0.0132,-804.0,-1042.0,-1571.0,-16.0,T#439,PH#102,,,,
stevenb123,plehv79,2024 2.01(J. Brooks),Tank Dell,1,1,2,2024-07-13 17:43:30,2024,-0.6,-0.96,-0.44,4484.0,2024 2.01(J. Brooks),,,,,,2.5,2.4238,9.3417,9.8547,,,-6.8417,-7.4309,-7.4309,0.0,0.0,0.0,0.0,0.0,0.0,0.0,0.0,0.0,33.0,-2.85,2,0.003,-604.0,891.0,2135.0,2027.0,PH#137,T#308,54.0,,,
stevenb123,plehv79,2025 3.01(T. Harris); 2024 2.07(R. Pearsall); 2026 3.01(E. Sarratt),2024 2.04(L. McConkey),3,1,6,2024-07-13 18:12:33,2024,0.2,-0.4,-0.18,8846.0,,2025 3.01(T. Harris); 2024 2.07(R. Pearsall); 2026 3.01(E. Sarratt),,Cooper Kupp; 2027 4(shmuel256); 2025 4.01(J. Blue); 2026 2.02(T. Simpson); 2028 2(stevenb123); DeAndre Hopkins; Michael Mayer,2025 3.05(K. Williams); 2026 3.08(M. Fields),Cooper Kupp; 2027 4(shmuel256); 2027 4(plehv79); 2026 4.03(C. Beck); 2026 4.04(K. Allen); Isiah Pacheco; 2026 4.05(J. Lane); 2026 4.06(S. Bell); Alvin Kamara; 2025 4.01(J. Blue); 2026 2.02(T. Simpson); 2028 2(stevenb123); Isaac Guerendo; Jonathan Taylor; 2025 4.08(P. Bryant); 2027 3(LWebs53); Kirk Cousins; 2026 2.06(J. Coleman); Jake Ferguson; 2027 4(AceMatthew); DK Metcalf; DeAndre Hopkins; Michael Mayer; 2028 3(plehv79),,,,,,,,,1.2,0.0,0.0,0.0,0.0,0.0,0.0,0.0,0.0,0.0,53.1,-1.0,3,0.0135,1619.4,1725.3,1842.1,1781.2,T#437; T#420; T#81,T#418; T#418; PH#209,758.0,shmuel256,,
stevenb123,shmuel256,2025 4.01(J. Blue); 2026 2.02(T. Simpson); 2028 2(stevenb123),2024 2.07(R. Pearsall),3,1,4,2024-07-13 18:23:13,2024,1.2,1.02,0.47,8792.0,2025 4.01(J. Blue),2026 2.02(T. Simpson); 2028 2(stevenb123),,Isaac Guerendo; Jonathan Taylor; 2025 4.08(P. Bryant); 2027 3(LWebs53),Jake Ferguson; 2027 1(stevenb123); 2025 2.05(T. Warren); 2028 2(stevenb123); 2026 2.02(T. Simpson),Isaac Guerendo; Jonathan Taylor; 2025 4.08(P. Bryant); 2027 3(LWebs53); Kirk Cousins; 2026 2.06(J. Coleman); Jake Ferguson; 2027 4(AceMatthew); DK Metcalf,1.75,1.6869,,,,,1.75,1.6869,5.4869,0.0,0.0,0.0,0.0,0.0,0.0,0.0,0.0,0.0,64.5,-2.33,2,0.032,2638.6,3210.5,3716.7,3251.3,PH#185; T#199; T#199,T#416; T#404; T#408,734.0,,,
stevenb123,LWebs53,2025 4.05(E. Arroyo); 2026 4.06(S. Bell); 2026 4.08(M. Trigg),2024 4.01(J. Sanders),3,1,4,2024-07-13 18:33:50,2024,0.3,0.0,0.0,5598.0,2025 4.05(E. Arroyo),2026 4.06(S. Bell); 2026 4.08(M. Trigg),,Keaton Mitchell; 2024 4.03(R. Wilson),2024 4.05(M. Corley),Keaton Mitchell; 2024 4.03(R. Wilson),2.8385,3.4964,,,,,2.8385,3.4964,4.0964,0.0,0.0,0.0,0.0,0.0,0.0,0.0,0.0,0.0,57.5,-1.66,2,0.0122,1397.7,2026.0,2286.9,2334.2,PH#189; T#427; T#31,T#189; T#189; T#186,1612.5,,,
stevenb123,AceMatthew,2024 4.03(R. Wilson),2024 4.05(M. Corley); 2026 4.08(M. Trigg),1,2,3,2024-07-13 18:40:10,2024,-0.2,0.0,0.0,2334.0,2024 4.03(R. Wilson),,,,,,0.0,0.0,,,,,0.0,0.0,-0.2,0.0,0.0,0.0,0.0,0.0,0.0,0.0,0.0,0.0,31.5,1.0,2,-0.0053,-920.7,-1137.6,-1260.4,-1266.9,PH#155,T#17,-72.0,,,
stevenb123,Oliverwkw,$28 FAAB,2025 4.07(H. Fannin),0,1,1,2024-07-14 22:53:37,2024,-0.3,0.0,0.0,,,,,,,,,,,,,,,,-0.2,0.0,0.0,0.0,0.0,0.0,0.0,0.0,0.0,0.0,36.7,0.0,2,-0.0042,787.5,529.0,381.0,359.5,,,,,,
stevenb123,BROsenzweig,$4 FAAB,Trey Lance,0,1,1,2024-07-14 23:30:51,2024,-0.3,0.0,0.0,,,,,,,,,,3.285,2.7252,,,,,-2.7252,0.0,0.0,0.0,0.0,0.0,0.0,0.0,0.0,0.0,28.8,0.0,2,0.0005,-1080.0,-557.0,-306.0,-691.0,,,,,,
stevenb123,BROsenzweig,DeAndre Hopkins; Michael Mayer; $3 FAAB,2026 3.01(E. Sarratt),2,1,3,2024-08-04 15:26:59,2024,0.8,0.0,0.0,,,DeAndre Hopkins; Michael Mayer,,2028 3(plehv79),,2028 3(plehv79); DK Metcalf,5.7583,6.3609,,,10.58,12.3017,5.7583,6.3609,6.2808,14.5,0.0,14.5,14.5,0.0,14.5,15.3,0.0,15.3,70.8,7.7,2,-0.0153,1446.1,684.1,-51.4,-685.5,T#336; T#87; ,T#259; PH#110; ,,,,
stevenb123,Oliverwkw,2025 4.02(T. Shough); 2027 4(Oliverwkw); $10 FAAB,Jalin Hyatt,2,1,3,2024-08-18 17:03:43,2024,1.8,0.13,0.06,3852.5,2025 4.02(T. Shough),2027 4(Oliverwkw),,2025 2.04(K. Johnson),2026 2.05(N. Singleton); 2025 3.02(B. Tuten); 2029 2(stevenb123),2025 2.04(K. Johnson),,,1.4188,1.4967,,,,,-1.0967,38.04,0.0,38.04,19.02,0.0,19.02,15.51,0.0,15.51,79.3,-2.94,2,0.0092,1439.5,2254.4,2450.5,2995.8,PH#186; T#38; ,T#243; ; ,402.0,,,
stevenb123,plehv79,$7 FAAB,Aidan O'Connell,0,1,1,2024-08-18 19:31:25,2024,-0.5,0.0,0.0,,,,,,,,,,9.826,8.1514,,,,,-8.1514,0.0,0.0,0.0,0.0,0.0,0.0,0.0,0.0,0.0,28.4,0.0,2,0.0024,-1374.0,-1010.0,-295.0,700.0,,,,,,
stevenb123,JacobRosenzweig,2025 3.02(B. Tuten); $15 FAAB,2025 2.04(K. Johnson),1,1,2,2024-08-25 00:16:25,2024,-0.1,0.0,0.0,2846.0,,2025 3.02(B. Tuten),,2025 2.04(K. Johnson),2026 2.05(N. Singleton); 2027 4(Oliverwkw); 2029 2(stevenb123),2025 2.04(K. Johnson),,,,,,,,,-1.2,0.0,0.0,0.0,0.0,0.0,0.0,0.0,0.0,0.0,36.5,0.0,2,-0.0067,7.5,-228.0,-196.5,-181.5,T#38; ,T#127; ,280.5,,,
stevenb123,BROsenzweig,$25 FAAB,2026 4.02(Z. Branch),0,1,1,2024-08-29 22:52:19,2024,-0.3,0.0,0.0,,,,,,,,,,,,,,,,-0.2,0.0,0.0,0.0,0.0,0.0,0.0,0.0,0.0,0.0,35.7,0.0,2,-0.0051,646.5,399.0,251.5,138.5,,,,,,
stevenb123,BROsenzweig,$17 FAAB,Luke McCaffrey,0,1,1,2024-09-03 20:26:12,2024,-0.4,0.0,0.0,,,,,,,,,,3.444,3.6331,,,,,-3.6331,0.0,0.0,0.0,0.0,0.0,0.0,0.0,0.0,0.0,31.2,0.0,2,-0.0003,-724.0,-410.0,-12.0,198.0,,,,,,
stevenb123,Oliverwkw,2026 4.05(J. Lane); 2025 2.05(T. Warren); 2025 4.07(H. Fannin),Rachaad White,3,1,4,2024-09-22 22:34:55,2024,0.8,0.9,0.44,7617.5,2025 4.07(H. Fannin),2026 4.05(J. Lane); 2025 2.05(T. Warren),,Ben Sinnott; 2029 3(Oliverwkw); Isaac Guerendo; Jonathan Taylor; 2025 4.08(P. Bryant); 2027 3(LWebs53),Rico Dowdle; Jake Ferguson; 2027 1(stevenb123); 2026 2.02(T. Simpson); 2028 2(stevenb123),Ben Sinnott; 2029 3(Oliverwkw); Tyrone Tracy; Tony Pollard; Isaac Guerendo; Jonathan Taylor; 2025 4.08(P. Bryant); 2027 3(LWebs53); Kirk Cousins; 2026 2.06(J. Coleman); Jake Ferguson; 2027 4(AceMatthew); DK Metcalf,,,10.5394,10.2182,,,,,-8.0182,0.0,0.0,0.0,0.0,0.0,0.0,0.0,0.0,0.0,50.0,-4.97,2,0.0254,1822.8,2788.0,3458.0,3267.2,T#275; T#199; PH#191,T#244; T#257; T#262,802.5,,,
stevenb123,AceMatthew,Keaton Mitchell,2026 4.06(S. Bell); $8 FAAB,1,1,4,2024-09-24 14:52:17,2024,-0.4,0.0,0.0,,,,Keaton Mitchell,,,,1.62,1.5706,,,9.52,9.2299,1.62,1.5706,1.3706,0.0,0.0,0.0,0.0,0.0,0.0,0.0,0.0,0.0,34.6,2.63,3,-0.004,-311.5,-499.0,-862.5,-348.0,#1581,#1272,,shmuel256,,
stevenb123,LWebs53,Isaac Guerendo; Jonathan Taylor; 2025 4.08(P. Bryant); 2027 3(LWebs53); $4 FAAB,Jake Ferguson; 2027 1(stevenb123); 2025 2.05(T. Warren); 2026 2.02(T. Simpson); 2028 2(stevenb123),4,5,9,2024-09-28 16:54:40,2024,1.9,2.06,1.03,4602.5,Jonathan Taylor; 2025 4.08(P. Bryant),Isaac Guerendo; 2027 3(LWebs53),,Kirk Cousins; 2026 2.06(J. Coleman); Jake Ferguson; 2027 4(AceMatthew),2026 3.03(G. Bernard); 2028 3(shmuel256); Mac Jones,Kirk Cousins; 2026 2.06(J. Coleman); DK Metcalf; Jake Ferguson; 2027 4(AceMatthew),13.8244,13.4031,9.3806,12.5379,9.8967,9.5951,4.4438,0.8652,-7.5903,605.7,318.3,287.4,20.89,10.98,9.91,20.17,13.7,6.46,54.1,1.72,2,-0.065,-289.0,-1058.4,-676.6,-1179.0,T#444; ; PH#192; T#225; ,#785; T#404; T#196; ; ,227.0,,,
stevenb123,AceMatthew,2025 4.04(D. Neal); 2025 4.06(J. Royals); 2025 4.03(J. Noel); $3 FAAB,2027 3(stevenb123); $35 FAAB,3,1,4,2024-09-28 22:48:11,2024,0.3,0.39,0.2,6660.0,2025 4.04(D. Neal); 2025 4.06(J. Royals); 2025 4.03(J. Noel),,,,,,,,,,,,,,0.0,0.0,0.0,0.0,0.0,0.0,0.0,0.0,0.0,0.0,40.4,2.0,2,0.0044,-554.1,-480.3,-414.4,-615.1,PH#188; PH#190; PH#187; ,T#33; T#24; T#20; ,720.0,,,
stevenb123,Oliverwkw,$8 FAAB,Jordan Travis,0,1,1,2024-10-01 15:01:35,2024,-0.3,0.0,0.0,,,,,,,,,,,,,,,,0.0,0.0,0.0,0.0,0.0,0.0,0.0,0.0,0.0,0.0,38.9,0.0,2,0.0006,-265.0,-356.0,800.0,800.0,,,,,,
stevenb123,BROsenzweig,$6 FAAB,Michael Mayer,0,1,1,2024-10-07 22:43:25,2024,-0.4,0.0,0.0,,,,,,,,,,5.4167,7.2398,,,,,-7.2398,0.0,0.0,0.0,0.0,0.0,0.0,0.0,0.0,0.0,20.6,0.0,2,-0.0006,-1182.0,-1306.0,-1381.0,,,,,,,
stevenb123,LWebs53,2025 3.05(K. Williams); 2027 4(LWebs53); 2028 3(LWebs53),Najee Harris; $5 FAAB,3,1,4,2024-10-09 17:12:26,2024,-0.3,-0.9,-0.48,6993.5,2028 3(LWebs53),2025 3.05(K. Williams); 2027 4(LWebs53),,Cooper Kupp; 2027 4(shmuel256); Cam Skattebo,2025 3.01(T. Harris); 2026 3.08(M. Fields); Jalen Royals; Tyler Shough; 2028 3(stevenb123); 2027 2(BROsenzweig); 2026 3.02(C. Okonkwo),Cooper Kupp; 2027 4(shmuel256); 2027 4(plehv79); 2026 4.03(C. Beck); 2026 4.04(K. Allen); Isiah Pacheco; 2026 4.05(J. Lane); 2026 4.06(S. Bell); Alvin Kamara; Cam Skattebo,,,9.9944,9.6899,,,,,-8.2899,0.0,0.0,0.0,0.0,0.0,0.0,0.0,0.0,0.0,39.0,-7.15,2,0.0239,1750.1,1637.3,3630.8,,T#437; T#210; ,T#186; T#197; ,210.0,,,
stevenb123,Oliverwkw,Terry McLaurin; 2027 3(shmuel256); $6 FAAB,Jameson Williams; 2027 4(stevenb123),2,2,4,2024-10-16 23:08:05,2024,0.2,0.0,0.0,2464.5,Terry McLaurin,2027 3(shmuel256),,DK Metcalf,2026 2.06(J. Coleman); 2028 3(plehv79),DK Metcalf,13.4273,14.1647,12.7129,13.4111,16.62,17.5328,0.7144,0.7536,2.3735,224.5,166.4,58.1,14.03,10.4,3.63,14.92,11.07,3.86,61.4,2.77,2,-0.0034,151.3,732.5,-114.5,,; T#105; ,PH#433; T#263; ,,,,
stevenb123,shmuel256,$2 FAAB,Tommy DeVito,0,1,1,2024-11-26 10:58:35,2024,-0.3,0.0,0.0,,,,,,,,,,2.06,1.7089,,,,,-1.7089,0.0,0.0,0.0,0.0,0.0,0.0,0.0,0.0,0.0,34.7,0.0,2,0.003,-1167.0,-616.0,200.0,,,,,,,
stevenb123,plehv79,2028 3(plehv79),DeAndre Hopkins,1,1,2,2024-12-08 19:11:57,2024,0.4,0.0,0.0,2503.5,,2028 3(plehv79),,DK Metcalf,2026 2.06(J. Coleman); 2027 3(shmuel256),DK Metcalf,,,4.3435,4.582,,,,,-3.982,0.0,0.0,0.0,0.0,0.0,0.0,0.0,0.0,0.0,48.3,-14.24,2,0.0175,207.5,339.5,1871.0,,T#105,,,,,
stevenb123,shmuel256,$5 FAAB,Gus Edwards,0,1,1,2024-12-09 22:05:28,2024,-0.5,0.0,0.0,,,,,,,,,,8.2,7.9501,,,,,-7.9501,0.0,0.0,0.0,0.0,0.0,0.0,0.0,0.0,0.0,27.7,0.0,2,0.0063,-1146.0,-1082.0,500.0,,,,,,,
stevenb123,Oliverwkw,Jermaine Burton; 2026 3.08(M. Fields),Jonathon Brooks,2,1,3,2024-12-09 23:17:50,2024,-0.1,0.04,0.03,2745.5,,Jermaine Burton; 2026 3.08(M. Fields),,2026 3.08(M. Fields); Cooper Kupp; 2027 4(shmuel256),Devin Neal; Pat Bryant; 2025 3.01(T. Harris); 2025 3.05(K. Williams),2026 3.08(M. Fields); Cam Skattebo; Cooper Kupp; 2027 4(shmuel256); 2027 4(plehv79); 2026 4.03(C. Beck); 2026 4.04(K. Allen); Isiah Pacheco; 2026 4.05(J. Lane); 2026 4.06(S. Bell); Alvin Kamara,0.0,0.0,,,2.94,3.1015,0.0,0.0,0.6,0.0,0.0,0.0,0.0,0.0,0.0,0.0,0.0,0.0,48.7,0.47,2,0.0044,903.5,928.3,1564.4,,T#349; T#437,PH#152; T#271,302.0,,,
stevenb123,shmuel256,Jaleel McLaughlin,$9 FAAB,1,0,1,2025-03-12 18:51:58,2025,-0.3,0.0,0.0,,,,Jaleel McLaughlin,,,,,,,,6.6,6.3622,,,0.0,0.0,0.0,0.0,0.0,0.0,0.0,0.0,0.0,0.0,38.2,0.0,2,-0.0008,1120.0,556.0,631.0,,#1560,#1280,,,,
stevenb123,Oliverwkw,Ben Sinnott; 2029 3(Oliverwkw),Rico Dowdle; 2026 4.05(J. Lane),2,2,4,2025-03-16 16:47:54,2025,-0.2,0.0,0.0,2800.0,,2029 3(Oliverwkw),Ben Sinnott,Tyrone Tracy; Tony Pollard,Braelon Allen,Tyrone Tracy; Tony Pollard,1.74,2.1433,12.1,11.664,1.7,2.094,-10.36,-9.5207,-9.1207,0.0,0.0,0.0,0.0,0.0,0.0,0.0,0.0,0.0,26.0,-3.5,2,0.0107,512.2,-911.9,-677.2,,#1600; T#294,PH#151; ,,,,
stevenb123,shmuel256,Cooper Kupp; 2027 4(shmuel256),2025 3.01(T. Harris); 2025 3.05(K. Williams); 2026 3.08(M. Fields),2,3,5,2025-03-17 21:51:28,2025,-0.3,0.0,0.0,2102.5,,Cooper Kupp; 2027 4(shmuel256),,2027 4(plehv79); 2026 4.03(C. Beck); 2026 4.04(K. Allen),Quentin Johnston,2027 4(plehv79); 2026 4.03(C. Beck); Isiah Pacheco; 2026 4.05(J. Lane); 2026 4.06(S. Bell); 2026 4.04(K. Allen); Alvin Kamara,,,,,4.86,5.2737,,,-0.4,0.0,0.0,0.0,0.0,0.0,0.0,0.0,0.0,0.0,25.0,4.44,2,-0.0164,-2128.0,-2856.7,-2460.7,,T#203; T#439,T#417; ,,,,
stevenb123,shmuel256,2026 4.04(K. Allen); $20 FAAB,Quentin Johnston; 2027 4(shmuel256),1,2,3,2025-05-06 14:21:33,2025,-1.6,-2.0,-1.7,2252.0,,2026 4.04(K. Allen),,Alvin Kamara,2029 4(plehv79),Alvin Kamara,,,11.1353,12.0832,,,,,-12.0832,0.0,0.0,0.0,0.0,0.0,0.0,0.0,0.0,0.0,12.9,-0.99,2,-0.0014,-248.9,-1281.5,-1485.1,,T#452; ,T#425; ,136.0,,,
stevenb123,JacobRosenzweig,Jakobi Meyers; 2026 2.05(N. Singleton); 2025 2.03(R. Harvey); 2026 3.03(G. Bernard),Sam LaPorta; $25 FAAB,4,1,5,2025-07-13 14:25:30,2025,1.6,0.0,0.0,11592.5,Jakobi Meyers; 2025 2.03(R. Harvey),2026 2.05(N. Singleton); 2026 3.03(G. Bernard),,2025 2.04(K. Johnson); Kirk Cousins; 2026 2.06(J. Coleman),2025 3.02(B. Tuten); 2027 4(Oliverwkw); 2029 2(stevenb123); Isaac Guerendo; 2028 3(shmuel256),2025 2.04(K. Johnson); Kirk Cousins; 2026 2.06(J. Coleman); DK Metcalf,11.7472,12.0031,11.775,14.5042,15.02,16.2985,-0.0278,-2.5011,-1.9352,151.6,33.1,118.5,15.16,3.31,11.85,15.48,4.08,11.4,75.8,-1.44,2,0.0174,2186.2,2969.6,2673.4,,; T#38; PH#171; T#444,#408; T#133; T#123; T#125,-174.0,,,
stevenb123,LWebs53,2027 4(plehv79); 2026 4.03(C. Beck),Cooper Kupp; $5 FAAB,2,1,3,2025-07-14 09:53:06,2025,0.3,0.0,0.0,4386.0,,2027 4(plehv79); 2026 4.03(C. Beck),,Isiah Pacheco; 2026 4.05(J. Lane); 2026 4.06(S. Bell),2026 4.06(S. Bell); Ollie Gordon,Isiah Pacheco; 2026 4.05(J. Lane); 2026 4.06(S. Bell),,,8.05,8.7352,,,,,-8.3352,0.0,0.0,0.0,0.0,0.0,0.0,0.0,0.0,0.0,43.9,-11.71,2,0.0201,450.4,1841.5,1906.5,,T#220; T#288,T#200; T#198,156.0,,,
stevenb123,JacobRosenzweig,$5 FAAB,,0,0,0,2025-07-20 14:15:44,2025,-0.3,0.0,0.0,,,,,,,,,,,,,,,,0.0,0.0,0.0,0.0,0.0,0.0,0.0,0.0,0.0,0.0,37.7,0.0,2,0.0,500.0,500.0,500.0,,,,,,,
stevenb123,AceMatthew,2025 2.04(K. Johnson),2026 2.05(N. Singleton); 2025 3.02(B. Tuten); 2027 4(Oliverwkw); 2029 2(stevenb123),1,4,5,2025-07-20 17:56:00,2025,-0.1,0.0,0.0,4681.0,2025 2.04(K. Johnson),,,,,,0.7412,0.7145,,,,,0.7412,0.7145,-3.0855,0.0,0.0,0.0,0.0,0.0,0.0,0.0,0.0,0.0,26.4,1.75,2,-0.0377,-3242.6,-3122.7,-2711.2,,PH#172,T#36,-10.0,,,
stevenb123,LWebs53,Emeka Egbuka; Zach Charbonnet; 2027 2(BROsenzweig); 2026 3.02(C. Okonkwo); 2029 4(plehv79),Harold Fannin; Jaylin Noel; 2026 1.01(J. Love),5,3,15,2025-07-30 13:44:54,2025,0.8,0.65,0.55,9086.5,Emeka Egbuka; Zach Charbonnet,2027 2(BROsenzweig); 2026 3.02(C. Okonkwo); 2029 4(plehv79),,Cam Skattebo; Alvin Kamara,Jalen Royals; Tyler Shough; 2028 3(stevenb123); 2026 3.02(C. Okonkwo); 2027 4(LWebs53); 2026 3.08(M. Fields); 2027 2(BROsenzweig); 2026 4.04(K. Allen),Cam Skattebo; Alvin Kamara,11.3891,11.7015,7.863,9.4001,14.98,14.4403,3.5262,2.3014,1.3837,134.3,130.8,3.5,12.21,11.89,0.32,13.25,14.33,-1.08,57.9,-0.4,3,-0.0061,1803.5,1757.2,2125.6,,PH#169; ; T#210; T#210; T#452,; PH#108; ; T#339; ,33.5,plehv79,,
stevenb123,plehv79,2026 3.08(M. Fields),Jermaine Burton; Devin Neal; Pat Bryant; $21 FAAB,1,3,4,2025-08-11 11:19:59,2025,-0.0,0.15,0.13,2967.0,,2026 3.08(M. Fields),,Cam Skattebo,Jalen Royals; Tyler Shough; 2028 3(stevenb123); 2027 2(BROsenzweig); 2026 3.02(C. Okonkwo); 2027 4(LWebs53),Cam Skattebo,,,6.2917,6.4234,,,,,-5.8234,0.0,0.0,0.0,0.0,0.0,0.0,0.0,0.0,0.0,28.1,-1.99,2,0.0037,-2030.2,-2316.6,-1533.1,,T#210,T#347,80.5,,,
stevenb123,LWebs53,Cam Skattebo,Jalen Royals; Tyler Shough; 2028 3(stevenb123); 2027 2(BROsenzweig); 2026 3.02(C. Okonkwo); 2027 4(LWebs53); 2026 3.08(M. Fields),1,7,8,2025-08-11 20:58:53,2025,0.5,1.0,0.85,,Cam Skattebo,,,,,,14.6636,14.1353,9.3221,7.9563,,,5.3415,6.179,9.85,89.4,86.88,2.52,12.77,12.41,0.36,12.31,11.28,1.03,56.5,2.22,2,-0.0455,-4536.8,-3919.3,-4912.5,,PH#174,,,,,
stevenb123,shmuel256,Kirk Cousins; 2026 2.06(J. Coleman),Isaac Guerendo; 2026 3.03(G. Bernard); 2028 3(shmuel256),2,3,5,2025-08-17 12:23:07,2025,-0.3,0.0,0.0,3956.0,,2026 2.06(J. Coleman),Kirk Cousins,DK Metcalf,2028 3(plehv79); 2027 3(shmuel256),DK Metcalf,,,,,5.7,4.649,,,0.6,0.0,0.0,0.0,0.0,0.0,0.0,0.0,0.0,0.0,35.9,7.29,2,-0.0173,-793.5,-387.7,-419.6,,#1558; T#105,T#404; T#438,-256.0,,,
stevenb123,LWebs53,Adam Thielen; $15 FAAB,2028 4(stevenb123); 2028 4(shmuel256),1,2,3,2025-08-30 20:14:11,2025,-0.9,0.0,0.0,,,,Adam Thielen,,,,2.2,2.3873,,,16.4,17.796,2.2,2.3873,1.9873,0.0,0.0,0.0,0.0,0.0,0.0,0.0,0.0,0.0,25.3,16.03,2,-0.028,-341.2,-1608.6,-2084.0,,#1575; ,T#424; ,,,,
stevenb123,shmuel256,LeQuint Allen,$7 FAAB,1,0,1,2025-09-03 18:05:22,2025,-0.2,0.0,0.0,,,,LeQuint Allen,,,,1.55,1.4942,,,,,1.55,1.4942,1.4942,0.0,0.0,0.0,0.0,0.0,0.0,0.0,0.0,0.0,46.6,0.0,2,0.0032,570.0,1026.0,1333.0,,#1599,#1307,,,,
stevenb123,JacobRosenzweig,$1 FAAB,Darren Waller,0,1,1,2025-11-02 11:09:54,2025,-0.5,0.0,0.0,,,,,,,,,,9.525,11.7327,,,,,-11.7327,0.0,0.0,0.0,0.0,0.0,0.0,0.0,0.0,0.0,17.4,0.0,2,0.0103,-1219.0,-1276.0,,,,,,,,
stevenb123,shmuel256,Alvin Kamara,2026 4.04(K. Allen); 2029 4(plehv79),1,2,3,2025-11-02 11:37:36,2025,-0.2,0.0,0.0,,,Alvin Kamara,,,,,6.2333,6.0087,,,9.14,8.8107,6.2333,6.0087,8.5018,3.5,0.0,3.5,3.5,0.0,3.5,3.37,0.0,3.37,55.5,10.61,2,-0.0196,-704.4,-1336.6,,,T#461,T#494,,,,
stevenb123,BROsenzweig,DK Metcalf,2026 2.06(J. Coleman); 2028 3(plehv79); 2027 3(shmuel256),1,3,4,2026-01-13 21:34:25,2026,-0.4,0.0,0.0,,DK Metcalf,,,,,,8.9333,9.6938,,,11.38,12.3487,8.9333,9.6938,8.4938,0.0,0.0,0.0,0.0,0.0,0.0,0.0,0.0,0.0,31.7,7.71,2,-0.0263,-2701.8,,,,,T#311,,,,
stevenb123,Oliverwkw,2026 4.05(J. Lane); 2026 4.06(S. Bell),Ollie Gordon; 2026 4.03(C. Beck),2,2,4,2026-01-25 15:40:04,2026,-0.1,0.0,0.0,4516.0,2026 4.05(J. Lane),2026 4.06(S. Bell),,Isiah Pacheco,2027 4(plehv79),Isiah Pacheco,2.1,2.2788,7.6,7.3262,,,-5.5,-5.0474,-5.0474,0.0,0.0,0.0,0.0,0.0,0.0,0.0,0.0,0.0,32.4,-0.32,2,0.0007,-378.2,,,,PH#221; T#220,T#275; T#271,86.0,,,
stevenb123,LWebs53,Isiah Pacheco,2026 4.06(S. Bell); 2027 4(plehv79),1,2,3,2026-05-06 07:41:13,2026,-0.5,0.0,0.0,,,,Isiah Pacheco,,,,0.0,0.0,,,5.42,5.2247,0.0,0.0,-0.2,0.0,0.0,0.0,0.0,0.0,0.0,0.0,0.0,0.0,25.1,6.0,2,-0.0122,-1530.2,,,,#1607,T#501,,,,
stevenb123,LWebs53,2026 4.06(S. Bell); 2030 4(LWebs53),2026 5.01,2,1,3,2026-07-12 18:58:16,2026,0.1,0.0,0.0,4363.5,2026 4.06(S. Bell); 2030 4(LWebs53),,,,,,0.0,0.0,,,,,0.0,0.0,0.2,0.0,0.0,0.0,0.0,0.0,0.0,0.0,0.0,0.0,49.4,-2.0,2,0.0088,1303.5,,,,PH#222; ,T#220; ,110.0,,,
stevenb123,Oliverwkw,Tyrone Tracy; Tony Pollard,Braelon Allen; 2029 3(Oliverwkw),2,2,4,2026-07-14 10:04:13,2026,-0.6,0.0,0.0,,Tony Pollard,,Tyrone Tracy,,,,3.95,3.8077,5.7333,5.5268,14.99,14.4499,-1.7833,-1.7191,-2.3191,0.0,0.0,0.0,0.0,0.0,0.0,0.0,0.0,0.0,28.5,7.25,2,-0.0198,-80.3,,,,#1606; ,T#453; T#293,,,,
stevenb123,BROsenzweig,$5 FAAB,Noah Gray,0,1,1,2026-08-06 23:38:52,2026,-0.4,0.0,0.0,,,,,,,,,,2.8,3.449,,,,,-3.449,0.0,0.0,0.0,0.0,0.0,0.0,0.0,0.0,0.0,25.3,0.0,2,0.0029,-1016.0,,,,,,,,,
stevenb123,shmuel256,$1 FAAB,Alvin Kamara,0,1,1,2026-08-19 10:55:33,2026,-0.4,0.0,0.0,,,,,,,,,,6.15,5.9284,,,,,-5.9284,0.0,0.0,0.0,0.0,0.0,0.0,0.0,0.0,0.0,19.4,0.0,2,0.0073,-2002.0,,,,,,,,,
stevenb123,LWebs53,Jake Ferguson; 2027 4(AceMatthew); $5 FAAB,Mac Jones; 2027 3(LWebs53),2,2,4,2026-08-27 21:21:18,2026,0.2,0.0,0.0,2463.0,Jake Ferguson; 2027 4(AceMatthew),,,,,,10.7333,13.2211,-0.2,-0.1631,5.68,6.9965,10.9333,13.3842,12.9842,0.0,0.0,0.0,0.0,0.0,0.0,0.0,0.0,0.0,53.4,-0.19,2,-0.0018,6.1,,,,; ; ,T#533; T#221; ,,,,
